"Time","Percentual_Bolha_Flotavel Monitor: Percentual_Bolha_Flotavel Monitor"
0.001,100.0
0.0017142857142857142,0.009102561536870087
0.0034285714285714284,0.04013190961089769
0.005,0.06105510861212485
0.006714285714285714,0.04155915781175653
0.008285714285714287,0.01667598841743673
0.010000000000000002,0.010044887979665056
0.011571428571428575,0.0059516706606367155
0.013285714285714291,0.003599134327738614
0.014857142857142864,0.0028808940410255364
0.01657142857142858,0.002486342197157359
0.01814285714285715,0.0020862867019850774
0.01985714285714287,0.0019258372828479574
0.02142857142857144,0.0016011437087361388
0.023142857142857156,0.0015386815626810572
0.02471428571428573,0.001291864500143333
0.026428571428571444,0.00108162343836077
0.02814285714285716,0.0010492913352754107
0.029714285714285735,9.579073399893626E-4
0.03142857142857145,9.294480986945409E-4
0.03300000000000002,9.115234470625387E-4
0.03471428571428574,8.874903484864409E-4
0.03628571428571431,8.690220946135001E-4
0.03800000000000003,8.452422694725237E-4
0.0395714285714286,8.289635244866371E-4
0.041285714285714314,8.153349592486188E-4
0.042857142857142885,7.73678839920988E-4
0.0445714285714286,7.624086490058298E-4
0.04614285714285718,7.54489962200574E-4
0.04785714285714289,6.37591178089318E-4
0.04942857142857147,5.31318229753126E-4
0.051142857142857184,5.275558323738858E-4
0.052714285714285755,5.133091956005827E-4
0.05442857142857147,4.453178498272828E-4
0.05614285714285719,4.436162736284559E-4
0.05771428571428576,4.421569468650471E-4
0.059428571428571476,4.096540224477126E-4
0.06100000000000005,3.5031499523276285E-4
0.06271428571428576,3.4940523357540414E-4
0.06428571428571433,3.461642771055677E-4
0.06600000000000004,3.457044118523624E-4
0.06757142857142862,3.4514697225395584E-4
0.06928571428571434,3.4471208313967803E-4
0.07085714285714291,3.0182592808028003E-4
0.07257142857142862,2.5771476322229686E-4
0.07414285714285719,2.571078202027173E-4
0.07585714285714291,2.5650226323829827E-4
0.07742857142857149,2.558864138606694E-4
0.0791428571428572,2.550980538962925E-4
0.08085714285714292,2.546119555010105E-4
0.08242857142857149,2.541130130708056E-4
0.0841428571428572,2.5690579340377154E-4
0.08571428571428577,2.565256571466522E-4
0.0874285714285715,2.562861982551624E-4
0.08900000000000007,2.561581935689883E-4
0.09071428571428578,2.5596488100216756E-4
0.09228571428571436,2.5559433393091265E-4
0.09400000000000007,2.5549350465189707E-4
0.09557142857142864,2.547156706594779E-4
0.09728571428571436,2.545763886550386E-4
0.09885714285714294,2.5448401800721944E-4
0.10057142857142864,2.5433401527488264E-4
0.10214285714285722,2.54288751283482E-4
0.10385714285714294,2.5405938226648333E-4
0.10542857142857151,2.5406587075747485E-4
0.10714285714285722,2.5357316358407564E-4
0.10885714285714294,2.536350398992338E-4
0.11042857142857151,2.5372713478670115E-4
0.11214285714285722,2.5385838841973895E-4
0.1137142857142858,2.540300657067432E-4
0.11542857142857152,2.542793797450261E-4
0.11700000000000009,2.544492643826743E-4
0.1187142857142858,2.546827791392615E-4
0.12028571428571438,2.549028539802432E-4
0.1220000000000001,2.551103898364271E-4
0.12357142857142867,2.5496108081403597E-4
0.12528571428571436,2.5517283898375705E-4
0.12685714285714295,2.5534583402522717E-4
0.12857142857142867,2.556095387096659E-4
0.13014285714285723,1.6074427019062963E-4
0.13185714285714295,1.6107206371423872E-4
0.1334285714285715,1.6143819431274932E-4
0.13514285714285723,1.6178675619060932E-4
0.13685714285714295,1.621688361270324E-4
0.1384285714285715,1.625818642520672E-4
0.14014285714285724,1.6310189881299029E-4
0.14171428571428582,1.6354835927971537E-4
0.14342857142857152,1.640473686708124E-4
0.1450000000000001,1.564085431334403E-4
0.14671428571428582,1.568046152668489E-4
0.14828571428571438,1.5714046811876362E-4
0.1500000000000001,1.5743598396049833E-4
0.1515714285714287,1.5782402845961844E-4
0.1532857142857144,1.581687174378102E-4
0.15485714285714297,1.5846012280354438E-4
0.1565714285714287,6.64964220815386E-5
0.15814285714285725,6.681433344516872E-5
0.15985714285714298,2.717344996337664E-5
0.1615714285714287,2.7487387651490894E-5
0.16314285714285726,2.774484257074182E-5
0.16485714285714298,2.802499821697388E-5
0.16642857142857154,2.831992959652458E-5
0.16814285714285726,2.8597711802160034E-5
0.16971428571428585,2.886515363788601E-5
0.17142857142857154,2.916952474323729E-5
0.17300000000000013,2.9384514740920957E-5
0.17471428571428585,2.970456441771164E-5
0.1762857142857144,2.9986436099507272E-5
0.17800000000000013,3.0230632732023565E-5
0.17957142857142872,3.0547832784512876E-5
0.1812857142857144,2.516724754261074E-5
0.182857142857143,2.5349185473948744E-5
0.18457142857142872,2.559519594407013E-5
0.18614285714285728,2.578660291627684E-5
0.187857142857143,2.5984806379706966E-5
0.18957142857142872,2.622119164152364E-5
0.19114285714285728,2.5859160275565634E-5
0.192857142857143,2.605007031359899E-5
0.19442857142857156,2.625454570107921E-5
0.19614285714285729,2.3265002195648853E-5
0.19771428571428587,2.3420329945948384E-5
0.19942857142857157,2.359920403644158E-5
0.20100000000000015,2.3727485856065285E-5
0.20271428571428587,2.391547754535799E-5
0.20428571428571443,2.4082078801027384E-5
0.20600000000000016,2.4226547907993347E-5
0.20757142857142874,2.440777385505539E-5
0.20928571428571444,2.4578958455137008E-5
0.21085714285714302,2.471880001234489E-5
0.21257142857142874,2.4899626010643466E-5
0.2141428571428573,2.504721200197028E-5
0.21585714285714303,2.5209084916362166E-5
0.21757142857142875,2.5389193318666068E-5
0.2191428571428573,2.5539157384414197E-5
0.22085714285714303,2.5502848979368178E-5
0.2224285714285716,2.5671410226963658E-5
0.2241428571428573,2.5825432149354517E-5
0.2257142857142859,2.5979792219832388E-5
0.2274285714285716,1.4302531138870896E-5
0.22900000000000018,1.436355004849215E-5
0.2307142857142859,1.4455798842675833E-5
0.23228571428571446,1.4535335204628498E-5
0.23400000000000018,1.4603548724764768E-5
0.23557142857142876,1.4694482577354456E-5
0.23728571428571446,1.4779504954248611E-5
0.23885714285714305,1.4847404215088137E-5
0.24057142857142877,1.4940530438187693E-5
0.24228571428571447,1.5057635802626407E-5
0.24385714285714305,1.5088106591413893E-5
0.24557142857142877,1.5175510454537888E-5
0.24714285714285733,1.5242110887676151E-5
0.24885714285714305,1.5317028137963584E-5
0.2504285714285716,7.74168712052513E-6
0.25214285714285734,7.773211142309372E-6
0.2537142857142859,7.805097657148716E-6
0.2554285714285716,7.859077973696558E-6
0.2570000000000002,7.866878289703793E-6
0.2587142857142859,7.905756066398245E-6
0.26028571428571445,7.938346706415196E-6
0.2620000000000002,7.968302635542874E-6
0.26357142857142873,8.005614200329567E-6
0.26528571428571446,8.08515552360559E-6
0.266857142857143,8.066483976160604E-6
0.26857142857142874,8.10122648832183E-6
0.27028571428571446,8.133480980408059E-6
0.271857142857143,8.159133465014227E-6
0.27357142857142874,8.19194160955875E-6
0.27514285714285736,8.220052062605003E-6
0.276857142857143,7.193906352199969E-6
0.27842857142857164,7.217868919368854E-6
0.28014285714285736,7.239202118090295E-6
0.2817142857142859,2.9088141944925514E-6
0.28342857142857164,2.9138711197651504E-6
0.2850000000000002,2.9174512421935046E-6
0.2867142857142859,2.922678345342449E-6
0.2882857142857145,2.9272284151611336E-6
0.2900000000000002,2.931672347349671E-6
0.29157142857142876,2.936973415775754E-6
0.2932857142857145,2.9422428874407928E-6
0.2950000000000002,2.9467060149856407E-6
0.29657142857142876,2.951988541930206E-6
0.2982857142857145,2.9698942965102325E-6
0.29985714285714304,2.961593758419173E-6
0.30157142857142877,2.9670347745809086E-6
0.3031428571428574,2.9715483533565634E-6
0.30485714285714305,2.9765948157685337E-6
0.30642857142857166,2.9817612114382396E-6
0.3081428571428574,2.986773322384272E-6
0.30971428571428594,2.9915716958005615E-6
0.31142857142857167,2.9971913786519864E-6
0.3130000000000002,3.001115091518844E-6
0.31471428571428595,3.0069936610485337E-6
0.3162857142857145,3.0287610237980684E-6
0.3180000000000002,3.016861931504702E-6
0.3195714285714288,3.022408724669119E-6
0.3212857142857145,3.0278607399844114E-6
0.32300000000000023,3.032446358427856E-6
0.3245714285714288,3.038364863814869E-6
0.3262857142857145,3.0499476190923997E-6
0.32785714285714307,3.0482345484537033E-6
0.3295714285714288,3.0542141994938565E-6
0.3311428571428574,3.0593877958831053E-6
0.3328571428571431,2.4939018618974672E-6
0.3344285714285717,2.537019668120322E-6
0.3361428571428574,2.4963979646311117E-6
0.33771428571428597,2.497569361019343E-6
0.3394285714285717,2.4988759479908384E-6
0.34100000000000025,2.4998995743601905E-6
0.34271428571428597,2.50131347614567E-6
0.34428571428571453,2.5026281851352047E-6
0.34600000000000025,2.5038950474183273E-6
0.3475714285714288,2.505280478197343E-6
0.34928571428571453,2.511611269443907E-6
0.35100000000000026,2.508059875098475E-6
0.3525714285714288,2.509658175002547E-6
0.35428571428571454,2.5112597820360633E-6
0.3558571428571431,2.5124627183417326E-6
0.3575714285714288,2.5142152900252333E-6
0.35914285714285743,2.51546972669591E-6
0.3608571428571431,2.5168180823198184E-6
0.3624285714285717,2.518602655287833E-6
0.36414285714285743,2.5200847778544364E-6
0.365714285714286,2.521511262056418E-6
0.3674285714285717,2.5233351740318243E-6
0.36900000000000027,2.52461414395971E-6
0.370714285714286,2.5263873852006676E-6
0.37228571428571455,2.2821797823815516E-6
0.3740000000000003,2.282481795207758E-6
0.375714285714286,2.282855458158416E-6
0.37728571428571456,2.283094146239408E-6
0.3790000000000003,2.2832833813351967E-6
0.38057142857142884,2.283521005768343E-6
0.38228571428571456,2.2839251499556526E-6
0.3838571428571431,2.2842725933633436E-6
0.38557142857142884,2.284730488712478E-6
0.38714285714285745,2.2850092666680893E-6
0.3888571428571431,2.2853266786058504E-6
0.39042857142857174,2.2857946335896142E-6
0.39214285714285746,2.286090904419949E-6
0.393714285714286,2.286334292728643E-6
0.39542857142857174,2.2868150094115115E-6
0.3970000000000003,2.2872452158678667E-6
0.398714285714286,2.2877399631007545E-6
0.4002857142857146,2.2329586072924342E-6
0.4020000000000003,2.2329980719479344E-6
0.403714285714286,2.2329750925852645E-6
0.4052857142857146,2.2329371559535664E-6
0.4070000000000003,2.2329360204470615E-6
0.40857142857142886,2.2329605161109134E-6
0.4102857142857146,2.2329335127432742E-6
0.41185714285714314,2.078704377729278E-6
0.41357142857142887,2.077620668396465E-6
0.4151428571428575,2.0768058467795126E-6
0.41685714285714315,2.0760042242725788E-6
0.41842857142857176,2.0749712215128545E-6
0.4201428571428575,2.0741561860906042E-6
0.42171428571428604,2.073266219042533E-6
0.42342857142857177,2.0724005960871553E-6
0.4250000000000003,2.0718018652717804E-6
0.42671428571428605,2.0708602481266913E-6
0.4282857142857146,2.070004858693923E-6
0.4300000000000003,2.0691560513836144E-6
0.43171428571428605,2.068177983153645E-6
0.4332857142857146,2.067429170154053E-6
0.43500000000000033,2.066753440853847E-6
0.4365714285714289,2.0658482856591986E-6
0.4382857142857146,2.0650591460737293E-6
0.43985714285714317,2.064429630625737E-6
0.4415714285714289,2.0635845075146435E-6
0.4431428571428575,2.062791634682679E-6
0.4448571428571432,2.0620333293111423E-6
0.4464285714285718,2.0611897792948443E-6
0.4481428571428575,2.060450806890879E-6
0.44971428571428607,2.0596475607878396E-6
0.4514285714285718,2.0588266901762253E-6
0.45300000000000035,2.058325927329842E-6
0.45471428571428607,2.057482088272486E-6
0.4564285714285718,2.056718476051922E-6
0.45800000000000035,2.056170591969836E-6
0.4597142857142861,2.0553672896580807E-6
0.46128571428571463,2.0546906784313908E-6
0.46300000000000036,2.0541551506356964E-6
0.4645714285714289,2.053401676401117E-6
0.46628571428571464,2.052731954745066E-6
0.4678571428571432,2.052110308041775E-6
0.4695714285714289,2.0512917425971325E-6
0.47114285714285753,2.0507398403409217E-6
0.4728571428571432,2.0501418371865456E-6
0.4744285714285718,2.049425053052537E-6
0.47614285714285753,2.0487518135324472E-6
0.4777142857142861,2.048083536379817E-6
0.4794285714285718,2.0473998072931614E-6
0.48100000000000037,2.0469145296182527E-6
0.4827142857142861,2.046110563709455E-6
0.4844285714285718,2.0453691372601087E-6
0.4860000000000004,2.044871158361674E-6
0.4877142857142861,2.044116680458957E-6
0.48928571428571466,2.043548119302722E-6
0.4910000000000004,2.042883280795946E-6
0.49257142857142894,2.0421335999820287E-6
0.49428571428571466,2.0414538485796163E-6
0.4958571428571432,2.0409114007905427E-6
0.49757142857142894,2.0401210749552488E-6
0.4991428571428575,2.0396145379202725E-6
0.5008571428571432,2.038992307689642E-6
0.5024285714285718,2.0383212399501657E-6
0.5041428571428574,2.0377777653330003E-6
0.505714285714286,2.037161379171106E-6
0.5074285714285718,2.0365170445239143E-6
0.5091428571428575,2.0359695870365753E-6
0.510714285714286,2.0353492770527673E-6
0.5124285714285718,2.0347678011714E-6
0.5140000000000003,2.034285454392074E-6
0.515714285714286,2.033551287123452E-6
0.5172857142857147,2.033003039606402E-6
0.5190000000000003,2.032553177465369E-6
0.5205714285714289,2.031865995321275E-6
0.5222857142857147,2.03131112295269E-6
0.5238571428571432,2.030820826981066E-6
0.5255714285714289,2.0301323947400474E-6
0.5271428571428575,2.029702807746281E-6
0.5288571428571432,2.029134851996989E-6
0.5304285714285718,2.0285356379274703E-6
0.5321428571428575,2.0279934241016712E-6
0.533714285714286,2.02738980849541E-6
0.5354285714285718,2.026770638271872E-6
0.5371428571428575,2.02628432913426E-6
0.538714285714286,2.0256924972158165E-6
0.5404285714285718,2.025095408963431E-6
0.5420000000000004,2.024727546752721E-6
0.543714285714286,2.024068464929955E-6
0.5452857142857147,2.023549028907348E-6
0.5470000000000004,2.023103492754556E-6
0.5485714285714289,2.0225220737980817E-6
0.5502857142857147,2.02200954036531E-6
0.5518571428571433,2.0216073752822543E-6
0.5535714285714289,2.021026580442732E-6
0.5551428571428575,2.0205598424713107E-6
0.5568571428571433,2.0201213007542105E-6
0.5584285714285718,2.019647646515615E-6
0.5601428571428575,2.01920867781832E-6
0.561714285714286,2.018708061958263E-6
0.5634285714285718,2.01821820171903E-6
0.5651428571428575,2.0177515556186857E-6
0.5667142857142861,2.0172571187149384E-6
0.5684285714285718,2.0167483253811097E-6
0.5700000000000004,2.016385936027817E-6
0.5717142857142861,2.0158445098902043E-6
0.5732857142857147,2.0154020417840775E-6
0.5750000000000004,2.0149963210789594E-6
0.576571428571429,2.014446687836708E-6
0.5782857142857147,2.014010423556521E-6
0.5798571428571433,2.013636517404076E-6
0.581571428571429,2.01309351688354E-6
0.5831428571428575,2.012687965174575E-6
0.5848571428571433,2.0122555516901667E-6
0.5864285714285719,2.0117581554347514E-6
0.5881428571428575,2.011295347938941E-6
0.5898571428571433,2.010849325861887E-6
0.5914285714285719,2.0103538922665497E-6
0.5931428571428575,2.009912053906034E-6
0.5947142857142861,2.0094890231120545E-6
0.5964285714285719,2.009019002769795E-6
0.5980000000000004,2.008641951097318E-6
0.5997142857142861,2.00811173780323E-6
0.6012857142857148,2.0077261591079666E-6
0.6030000000000004,2.007352256430022E-6
0.604571428571429,2.0068857791037975E-6
0.6062857142857148,2.0064561613842394E-6
0.6078571428571433,2.0061554489560276E-6
0.609571428571429,2.005702288161675E-6
0.6111428571428575,2.005290276194359E-6
0.6128571428571433,2.0048272773048967E-6
0.6144285714285719,2.0044518627790913E-6
0.6161428571428575,2.0040714899136714E-6
0.6178571428571433,2.003646213432861E-6
0.6194285714285719,2.003228191340102E-6
0.6211428571428576,2.002845016218858E-6
0.6227142857142861,2.0024707807049514E-6
0.6244285714285719,2.002035131255229E-6
0.6260000000000004,2.0017199354537507E-6
0.6277142857142861,2.00129764151329E-6
0.6292857142857148,2.0009286539388533E-6
0.6310000000000004,2.0005891978634286E-6
0.632571428571429,2.000144575431983E-6
0.6342857142857148,1.999739572507578E-6
0.6358571428571433,1.9993596735958627E-6
0.637571428571429,1.99893045927227E-6
0.6391428571428576,1.9986044660389293E-6
0.6408571428571433,1.998247290251567E-6
0.6424285714285719,1.9978439845061886E-6
0.6441428571428576,1.997470722058027E-6
0.6458571428571434,1.9971278722162994E-6
0.6474285714285719,1.9967375005188864E-6
0.6491428571428576,1.9963732569274787E-6
0.6507142857142861,1.9959938427326445E-6
0.6524285714285719,1.9955981958217934E-6
0.6540000000000005,1.9953304061466715E-6
0.6557142857142861,1.9949074806590422E-6
0.6572857142857148,1.9945445935782203E-6
0.6590000000000005,1.9941727518767704E-6
0.660571428571429,1.9937887205435013E-6
0.6622857142857148,1.993427574211092E-6
0.6638571428571434,1.993137032177454E-6
0.665571428571429,1.99271531327693E-6
0.6671428571428576,1.992398326739718E-6
0.6688571428571434,1.99203834066079E-6
0.670571428571429,1.991634480306236E-6
0.6721428571428576,1.9913052705968395E-6
0.6738571428571434,1.9909395348128763E-6
0.6754285714285719,1.990562408477691E-6
0.6771428571428576,1.990175154559487E-6
0.6787142857142862,1.989842169003339E-6
0.6804285714285719,1.9894715563249696E-6
0.6820000000000005,1.989136939367244E-6
0.6837142857142862,1.988710957667252E-6
0.6852857142857148,1.9883918334004126E-6
0.6870000000000005,1.988017526956985E-6
0.6885714285714291,1.9875997459930297E-6
0.6902857142857148,1.9871990043045947E-6
0.6918571428571434,1.9868231578975333E-6
0.6935714285714291,1.9863769597699247E-6
0.6951428571428576,1.9860961669565194E-6
0.6968571428571434,1.985705163248005E-6
0.6985714285714291,1.9853007920715203E-6
0.7001428571428576,1.9849769563332396E-6
0.7018571428571434,1.9846161559097615E-6
0.703428571428572,1.9842480237416856E-6
0.7051428571428576,1.9839226351903743E-6
0.7067142857142862,1.983580826291949E-6
0.708428571428572,1.983195799434574E-6
0.7100000000000005,1.9828811546425835E-6
0.7117142857142862,1.9824073101387752E-6
0.7132857142857149,1.9820602582986787E-6
0.7150000000000005,1.981759236492719E-6
0.7165714285714291,1.9813413926256954E-6
0.7182857142857149,1.9810040417901664E-6
0.7198571428571434,1.980707554212833E-6
0.7215714285714291,1.9803001521826678E-6
0.7231428571428576,1.980011311884837E-6
0.7248571428571434,1.979673287081884E-6
0.7265714285714291,1.9792698949402838E-6
0.7281428571428576,1.978960667683254E-6
0.7298571428571434,1.9785823185577386E-6
0.731428571428572,1.9782230982896634E-6
0.7331428571428577,1.9779212688425325E-6
0.7347142857142862,1.977615998942218E-6
0.736428571428572,1.9772652428642997E-6
0.7380000000000005,1.977025757004853E-6
0.7397142857142862,1.9766474806100447E-6
0.7412857142857149,1.9763492707279675E-6
0.7430000000000005,1.9760917795323263E-6
0.7445714285714291,1.975733837632667E-6
0.7462857142857149,1.975424866659631E-6
0.7478571428571434,1.975128016028688E-6
0.7495714285714291,1.9747593735798314E-6
0.7512857142857149,1.9744410420315445E-6
0.7528571428571434,1.9741685478882894E-6
0.7545714285714291,1.973801646828898E-6
0.7561428571428577,1.9735161112517906E-6
0.7578571428571435,1.9731804988998715E-6
0.759428571428572,1.972839761359407E-6
0.771428571428572,1.970456048633885E-6
0.7871428571428577,1.9673991582957506E-6
0.8042857142857149,1.9640244829594027E-6
0.8200000000000006,1.961612486527511E-6
0.8371428571428577,1.9580581721120047E-6
0.8528571428571435,1.955078603896304E-6
0.8700000000000007,1.952370262615353E-6
0.8857142857142863,1.948812779970914E-6
0.9028571428571436,1.9455483998999994E-6
0.9185714285714293,1.9425396976181697E-6
0.9357142857142864,1.938819192253327E-6
0.9528571428571436,1.935536909227729E-6
0.9685714285714293,1.932708709981147E-6
0.9857142857142864,1.9290187689149595E-6
1.001428571428572,1.9259885974683337E-6
1.0185714285714293,1.92267627415379E-6
1.034285714285715,1.919098928052912E-6
1.051428571428572,1.9159889317395167E-6
1.0671428571428578,1.912553242938466E-6
1.084285714285715,1.908838967370311E-6
1.1000000000000008,1.9061559124941057E-6
1.1171428571428579,1.9019779411883465E-6
1.1328571428571437,1.898287720798623E-6
1.1500000000000008,1.8950237522024752E-6
1.1657142857142866,1.8908083796117403E-6
1.1828571428571437,1.887075851598402E-6
1.2000000000000008,1.8840322145546916E-6
1.2157142857142866,1.8797749788123377E-6
1.2328571428571438,1.8757842069612265E-6
1.2485714285714296,1.8724314309870963E-6
1.2657142857142867,1.8680529992158814E-6
1.2814285714285722,1.864626629059993E-6
1.2985714285714296,1.8608469375220168E-6
1.3142857142857152,1.8566065021177535E-6
1.3314285714285723,1.8529364187643243E-6
1.347142857142858,1.8491944125126367E-6
1.3642857142857152,1.8451911697711055E-6
1.380000000000001,1.8425026456950717E-6
1.3971428571428581,1.8381618204513617E-6
1.412857142857144,1.8343127790096261E-6
1.430000000000001,1.831119118852804E-6
1.4457142857142868,1.8264900205813583E-6
1.462857142857144,1.822185153142393E-6
1.480000000000001,1.8191413439619086E-6
1.4957142857142869,1.8147855111532823E-6
1.512857142857144,1.8107144299377767E-6
1.5285714285714298,1.806914423472972E-6
1.545714285714287,1.8020317050433984E-6
1.5614285714285725,1.798636569676791E-6
1.5785714285714298,1.7949292049671585E-6
1.5942857142857154,1.7906701013757986E-6
1.6114285714285725,1.787175194355615E-6
1.6271428571428583,1.7835539131388405E-6
1.6442857142857155,1.7793720713387857E-6
1.6600000000000013,1.7766332626265482E-6
1.6771428571428584,1.77214619755957E-6
1.6928571428571442,1.7681309513923173E-6
1.7100000000000013,1.7649587589159263E-6
1.725714285714287,1.7604191491007656E-6
1.7428571428571442,1.756281467539793E-6
1.7600000000000013,1.753095517632348E-6
1.7757142857142871,1.748591160457813E-6
1.7928571428571443,1.744243629699324E-6
1.80857142857143,1.740812034710784E-6
1.8257142857142872,1.7360670179899703E-6
1.8414285714285727,1.7325192092135968E-6
1.85857142857143,1.7289998370827482E-6
1.8742857142857157,1.725069193311636E-6
1.8914285714285728,1.7215399477400253E-6
1.9071428571428586,1.7182539738089069E-6
1.9242857142857157,1.7144148148407825E-6
1.9400000000000015,1.7118106365528693E-6
1.9571428571428586,1.7073408634328201E-6
1.9728571428571444,1.703555445923943E-6
1.9900000000000015,1.7005945896004928E-6
2.0071428571428584,1.6962614388432717E-6
2.0228571428571436,1.6924367550124386E-6
2.0400000000000005,1.6893150567221698E-6
2.055714285714286,1.6850691371656948E-6
2.0728571428571425,1.6810711954265706E-6
2.088571428571428,1.67812960652035E-6
2.105714285714285,1.6741602025224707E-6
2.12142857142857,1.6711175996343938E-6
2.138571428571427,1.667928318191905E-6
2.154285714285712,1.6640983450186882E-6
2.171428571428569,1.6605599924111874E-6
2.1871428571428546,1.657578091546595E-6
2.204285714285711,1.653888790062009E-6
2.2199999999999966,1.650614661112209E-6
2.2371428571428535,1.6463473619563142E-6
2.2528571428571387,1.64316098872424E-6
2.2699999999999956,1.6402499409784608E-6
2.2871428571428525,1.636498711840372E-6
2.3028571428571376,1.6334845040119137E-6
2.3199999999999945,1.6310087607192137E-6
2.33571428571428,1.6276506369850887E-6
2.3528571428571365,1.624381528082111E-6
2.368571428571422,1.6218492383114707E-6
2.385714285714279,1.6183627411237514E-6
2.401428571428564,1.6153123721386781E-6
2.418571428571421,1.612417849805938E-6
2.434285714285706,1.6089035109137959E-6
2.451428571428563,1.6059573936568343E-6
2.4671428571428486,1.6031966893375216E-6
2.484285714285705,1.600031965072664E-6
2.4999999999999907,1.5978140546603385E-6
2.5171428571428476,1.5945879877099344E-6
2.5328571428571327,1.5917863210839801E-6
2.5499999999999896,1.5893591164059769E-6
2.5671428571428465,1.5861127167342695E-6
2.5828571428571316,1.5832552922722283E-6
2.5999999999999885,1.5810190072529755E-6
2.615714285714274,1.5781377887736717E-6
2.6328571428571306,1.5755373499121567E-6
2.648571428571416,1.572812841733679E-6
2.665714285714273,1.5697163165082897E-6
2.681428571428558,1.5673446557565668E-6
2.698571428571415,1.5651046621568458E-6
2.7142857142857,1.562252023519381E-6
2.731428571428557,1.559666907173625E-6
2.7471428571428427,1.557269962054937E-6
2.764285714285699,1.5544853136339037E-6
2.7799999999999847,1.5525739676149108E-6
2.7971428571428416,1.549930799621067E-6
2.814285714285698,1.5471562462991541E-6
2.8299999999999836,1.5452636884051488E-6
2.8471428571428405,1.5425870798135293E-6
2.8628571428571257,1.5400893277952058E-6
2.8799999999999826,1.5380799768865605E-6
2.895714285714268,1.5358625898764467E-6
2.9128571428571246,1.533350202680808E-6
2.92857142857141,1.5308088778039829E-6
2.945714285714267,1.5278452946984487E-6
2.961428571428552,1.5256646555618245E-6
2.978571428571409,1.523929127287952E-6
2.9942857142856942,1.5217140090595999E-6
3.011428571428551,1.5190336716044074E-6
3.0271428571428367,1.5164056008202218E-6
3.044285714285693,1.5141427756598178E-6
3.0599999999999787,1.5129166765206238E-6
3.0771428571428356,1.511058111535044E-6
3.094285714285692,1.509264592087864E-6
3.1099999999999777,1.508016830709501E-6
3.1271428571428346,1.5059871076808034E-6
3.1428571428571197,1.5046005285076306E-6
3.1599999999999766,1.5033124505117446E-6
3.175714285714262,1.5018176875160075E-6
3.1928571428571186,1.500081888663392E-6
3.208571428571404,1.4988401806292644E-6
3.225714285714261,1.4967507566308709E-6
3.2414285714285462,1.495210878644118E-6
3.258571428571403,1.493702937501009E-6
3.2742857142856883,1.4917467370109476E-6
3.291428571428545,1.4899054617645753E-6
3.3071428571428307,1.487900213931802E-6
3.324285714285687,1.4859657438747584E-6
3.341428571428544,1.484276339836873E-6
3.3571428571428297,1.4831383056504313E-6
3.374285714285686,1.4816206011657478E-6
3.3899999999999717,1.48043644354887E-6
3.4071428571428286,1.4787575142756935E-6
3.4228571428571137,1.477285081584639E-6
3.4399999999999706,1.4762458638939986E-6
3.455714285714256,1.4746707286890297E-6
3.4728571428571127,1.4732550296059201E-6
3.4885714285713982,1.4722066414143547E-6
3.505714285714255,1.4708787988193508E-6
3.5214285714285403,1.4696777347512788E-6
3.538571428571397,1.4684742001409067E-6
3.5542857142856823,1.4670824169851364E-6
3.571428571428539,1.4656904478985217E-6
3.5871428571428248,1.4643653072929048E-6
3.6042857142856812,1.4628469670726754E-6
3.621428571428538,1.461757623588622E-6
3.6371428571428237,1.4603643050013462E-6
3.65428571428568,1.4587362307618202E-6
3.6699999999999657,1.4580029473768247E-6
3.6871428571428226,1.4564483676610306E-6
3.7028571428571078,1.4559514020457415E-6
3.7199999999999647,1.4567734009585716E-6
3.7357142857142502,1.4530406717588496E-6
3.7528571428571067,1.45162486260444E-6
3.7685714285713923,1.4512554388470917E-6
3.785714285714249,1.4489500175420717E-6
3.8014285714285343,1.4486283119047317E-6
3.818571428571391,1.4482595255791958E-6
3.8342857142856763,1.4451376968402744E-6
3.8514285714285332,1.4440868429488973E-6
3.867142857142819,1.4430653694781076E-6
3.8842857142856753,1.442525270206856E-6
3.901428571428532,1.4409459265981342E-6
3.9171428571428177,1.4407957181594423E-6
3.934285714285674,1.4384088985090267E-6
3.9499999999999598,1.4387921588666217E-6
3.9671428571428167,1.4376402166074209E-6
3.982857142857102,1.435248394695359E-6
3.9999999999999587,1.4344853347986722E-6
4.015714285714244,1.4330041177040177E-6
4.032857142857101,1.43203938276324E-6
4.048571428571386,1.4321316292191527E-6
4.065714285714243,1.4320534662330164E-6
4.081428571428529,1.4297519347380649E-6
4.098571428571385,1.4297245917700199E-6
4.114285714285671,1.4274210178964323E-6
4.131428571428528,1.4270644228207086E-6
4.148571428571384,1.4253291108339256E-6
4.16428571428567,1.42456416112805E-6
4.181428571428527,1.4231972118813949E-6
4.197142857142812,1.4223248873734861E-6
4.214285714285669,1.4219130748701289E-6
4.229999999999954,1.4203789741440116E-6
4.247142857142811,1.4190927880065022E-6
4.262857142857096,1.4195398254041066E-6
4.279999999999953,1.4178809547648112E-6
4.295714285714238,1.4159195123315741E-6
4.312857142857095,1.4150156687183683E-6
4.32857142857138,1.414391178016799E-6
4.345714285714237,1.4133207978532955E-6
4.361428571428523,1.4127980355086865E-6
4.378571428571379,1.4117030736666897E-6
4.394285714285665,1.4102934852383532E-6
4.411428571428522,1.410062135371659E-6
4.428571428571378,1.409301147147043E-6
4.444285714285664,1.4083514594215974E-6
4.461428571428521,1.4079174839815722E-6
4.477142857142806,1.4079972509004639E-6
4.494285714285663,1.4059277313281516E-6
4.509999999999948,1.405276007562128E-6
4.527142857142805,1.4042140675840306E-6
4.54285714285709,1.4048033199143403E-6
4.559999999999947,1.4024465271244273E-6
4.575714285714232,1.401441479400331E-6
4.592857142857089,1.4005302780828238E-6
4.608571428571374,1.4008145348621095E-6
4.625714285714231,1.3992341163674655E-6
4.641428571428517,1.3986298598678058E-6
4.658571428571373,1.3982263755131945E-6
4.674285714285659,1.3969971367436525E-6
4.691428571428516,1.3967051681278198E-6
4.708571428571372,1.3958126651323742E-6
4.724285714285658,1.3954870869574602E-6
4.741428571428515,1.3943997057547468E-6
4.7571428571428,1.393781250019901E-6
4.774285714285657,1.3932034310036246E-6
4.789999999999942,1.3924528910102613E-6
4.807142857142799,1.3912843136987375E-6
4.822857142857084,1.3907317362160832E-6
4.839999999999941,1.3899505220463119E-6
4.855714285714226,1.3891832400386986E-6
4.872857142857083,1.3882959804589887E-6
4.888571428571368,1.387728997878049E-6
4.905714285714225,1.3872811353980819E-6
4.921428571428511,1.3864392964003986E-6
4.938571428571367,1.3861717139565737E-6
4.955714285714224,1.3854538753317982E-6
4.97142857142851,1.3848079350667864E-6
4.988571428571366,1.3836927244078985E-6
5.004285714285652,1.3831608260543087E-6
5.021428571428509,1.3822912896165453E-6
5.037142857142794,1.3819433421284872E-6
5.054285714285651,1.3814017408963546E-6
5.069999999999936,1.3803146607370453E-6
5.087142857142793,1.3792471300665602E-6
5.102857142857078,1.3785153825309223E-6
5.119999999999935,1.3780674450046618E-6
5.13571428571422,1.3773256133669247E-6
5.152857142857077,1.3767451129811145E-6
5.168571428571362,1.376236474117936E-6
5.185714285714219,1.3756949943321194E-6
5.201428571428505,1.3750661941701646E-6
5.218571428571361,1.3739400326589256E-6
5.235714285714218,1.373300330250618E-6
5.251428571428504,1.3729386707158552E-6
5.26857142857136,1.3725512582874597E-6
5.284285714285646,1.3715745970200315E-6
5.301428571428503,1.3711896573688735E-6
5.317142857142788,1.3707493968421126E-6
5.334285714285645,1.3703932780942098E-6
5.34999999999993,1.3699575074441076E-6
5.367142857142787,1.3693159700248645E-6
5.382857142857072,1.3688250701811761E-6
5.399999999999929,1.3683493685984479E-6
5.415714285714214,1.3678441434610193E-6
5.432857142857071,1.3675794536225774E-6
5.4485714285713565,1.3670977224047346E-6
5.465714285714213,1.3667966197189206E-6
5.48285714285707,1.3657409776848524E-6
5.498571428571355,1.3648817866997573E-6
5.515714285714212,1.3645549019444428E-6
5.531428571428498,1.3639966965595492E-6
5.548571428571354,1.3634709663037048E-6
5.56428571428564,1.3629078529929712E-6
5.581428571428497,1.3616852478232764E-6
5.597142857142782,1.3602958991790507E-6
5.614285714285639,1.359986221322501E-6
5.629999999999924,1.35959023036476E-6
5.647142857142781,1.3590852850322308E-6
5.662857142857066,1.3586099104192607E-6
5.679999999999923,1.3585646254664652E-6
5.6957142857142085,1.358120896940988E-6
5.712857142857065,1.3569033396556599E-6
5.7285714285713505,1.356099723445429E-6
5.745714285714207,1.3554831438256214E-6
5.762857142857064,1.3548119696364396E-6
5.778571428571349,1.354325453026133E-6
5.795714285714206,1.3539382913581005E-6
5.811428571428492,1.3531821724656364E-6
5.828571428571348,1.3529055623830296E-6
5.844285714285634,1.3521776846159362E-6
5.861428571428491,1.3515985512848007E-6
5.877142857142776,1.3514006447360116E-6
5.894285714285633,1.3508584786387346E-6
5.909999999999918,1.3502308096799905E-6
5.927142857142775,1.3495584250271176E-6
5.9428571428570605,1.3492021808998721E-6
5.959999999999917,1.34886918397741E-6
5.9757142857142025,1.3485561582722858E-6
5.992857142857059,1.3481362422032352E-6
6.0085714285713445,1.3479403232327504E-6
6.025714285714201,1.3474579744102452E-6
6.042857142857058,1.347124245233165E-6
6.0585714285713435,1.3466986423206847E-6
6.0757142857142,1.3463008878628488E-6
6.091428571428486,1.345773920655214E-6
6.108571428571342,1.3456189953462061E-6
6.124285714285628,1.3455182183243076E-6
6.141428571428485,1.3448897883019203E-6
6.15714285714277,1.3447845808429236E-6
6.174285714285627,1.3444092891843668E-6
6.1899999999999125,1.3439834640250014E-6
6.207142857142769,1.3433208683605182E-6
6.2228571428570545,1.3428598318526487E-6
6.239999999999911,1.3427398425770712E-6
6.2557142857141965,1.3424161029172001E-6
6.272857142857053,1.341958266732464E-6
6.28999999999991,1.3417770212149085E-6
6.3057142857141955,1.3412715941683487E-6
6.322857142857052,1.340482216609716E-6
6.3385714285713375,1.3401472730400263E-6
6.355714285714194,1.3397538795621116E-6
6.37142857142848,1.3391173816779282E-6
6.388571428571336,1.338501996666494E-6
6.404285714285622,1.3381100193686437E-6
6.421428571428479,1.3372642603110845E-6
6.4371428571427645,1.3371741458686647E-6
6.454285714285621,1.3366719999245263E-6
6.4699999999999065,1.3362570493370683E-6
6.487142857142763,1.3359527638373332E-6
6.5028571428570485,1.3348742531794865E-6
6.519999999999905,1.3347495552322283E-6
6.5357142857141906,1.334788640014139E-6
6.5528571428570475,1.3343278060693467E-6
6.569999999999904,1.3340508011596162E-6
6.5857142857141895,1.3332375765480368E-6
6.602857142857046,1.3327559542145493E-6
6.6185714285713315,1.3326670647346579E-6
6.635714285714188,1.3315796748561617E-6
6.651428571428474,1.3311994843395748E-6
6.6685714285713305,1.330947171093427E-6
6.6842857142856165,1.3302646207396493E-6
6.701428571428473,1.3300430705840317E-6
6.7171428571427585,1.3293031162348657E-6
6.734285714285615,1.3283610434082304E-6
6.7499999999999005,1.3282078917140301E-6
6.767142857142757,1.3276865122395576E-6
6.7828571428570426,1.327182837204219E-6
6.7999999999998995,1.327135953617485E-6
6.815714285714185,1.3266142437206963E-6
6.8328571428570415,1.3262976475653515E-6
6.849999999999898,1.3262530819545564E-6
6.8657142857141835,1.3255565197573444E-6
6.88285714285704,1.3250717005849775E-6
6.8985714285713255,1.32465285395927E-6
6.9157142857141825,1.3244558213565095E-6
6.9314285714284685,1.3239483991250666E-6
6.9485714285713245,1.3236077893360513E-6
6.9642857142856105,1.3235062241328766E-6
6.981428571428467,1.3231795313947488E-6
6.9971428571427525,1.3227160490955944E-6
7.014285714285609,1.3220359906455519E-6
7.0299999999998946,1.3217568152825991E-6
7.0471428571427515,1.3211758878687247E-6
7.062857142857037,1.3209904897810246E-6
7.0799999999998935,1.320817411999364E-6
7.09714285714275,1.3203039106740767E-6
7.1128571428570355,1.3201116714928999E-6
7.129999999999892,1.3195611966055268E-6
7.1457142857141775,1.319435622905612E-6
7.1628571428570345,1.318867253842135E-6
7.17857142857132,1.318615260095954E-6
7.1957142857141765,1.317937834268316E-6
7.2114285714284625,1.3178784942478031E-6
7.2285714285713185,1.3177861451819062E-6
7.2442857142856045,1.3171478240932267E-6
7.261428571428461,1.3167137889254206E-6
7.277142857142747,1.316623450870552E-6
7.2942857142856035,1.3161186697886385E-6
7.309999999999889,1.3159627449748046E-6
7.3271428571427455,1.315199136410564E-6
7.342857142857031,1.315020666014577E-6
7.3599999999998875,1.3150915192256902E-6
7.377142857142744,1.3147129593924193E-6
7.3928571428570296,1.314243137791785E-6
7.4099999999998865,1.3142576917289763E-6
7.425714285714172,1.3135964409664038E-6
7.4428571428570285,1.3135910375665162E-6
7.458571428571314,1.3129906296787683E-6
7.4757142857141705,1.3129042364376372E-6
7.4914285714284565,1.3126875548001E-6
7.5085714285713125,1.3126720458836295E-6
7.524285714285599,1.312089848278306E-6
7.5414285714284555,1.3118555460713568E-6
7.557142857142741,1.3119158015450934E-6
7.5742857142855975,1.3108731182342382E-6
7.589999999999883,1.3104933300582754E-6
7.6071428571427395,1.3103009815124833E-6
7.622857142857025,1.3095012292980188E-6
7.6399999999998816,1.3091049155409496E-6
7.6571428571427385,1.3088112284940956E-6
7.672857142857024,1.3082986494933005E-6
7.6899999999998805,1.3077492926944333E-6
7.705714285714166,1.3071343372088744E-6
7.7228571428570225,1.307003903353153E-6
7.738571428571308,1.3065896055403736E-6
7.7557142857141645,1.3063806551970738E-6
7.771428571428451,1.3062686139727892E-6
7.788571428571307,1.3061760141858997E-6
7.804285714285593,1.305838346361336E-6
7.8214285714284495,1.305509875521346E-6
7.837142857142735,1.3048668247756231E-6
7.8542857142855915,1.3046695468585622E-6
7.869999999999877,1.3046725307288668E-6
7.8871428571427336,1.3042492819579126E-6
7.9042857142855905,1.3037852943270004E-6
7.919999999999876,1.3035264211437715E-6
7.9371428571427325,1.3031686545713945E-6
7.952857142857018,1.302656958052017E-6
7.9699999999998745,1.302486496478108E-6
7.98571428571416,1.3021892902809063E-6
8.002857142857017,1.301230532918164E-6
8.018571428571303,1.3010948174387591E-6
8.035714285714159,1.3006398443500302E-6
8.051428571428444,1.3000779816524673E-6
8.068571428571301,1.299746333519065E-6
8.084285714285587,1.2994772869777354E-6
8.101428571428443,1.298481034152592E-6
8.117142857142728,1.2984326095629787E-6
8.134285714285586,1.2982653406594386E-6
8.14999999999987,1.29805836241737E-6
8.167142857142727,1.2977499683775326E-6
8.184285714285584,1.2974690080294402E-6
8.19999999999987,1.29743315338697E-6
8.217142857142726,1.2967990838136077E-6
8.232857142857013,1.29677303564394E-6
8.249999999999869,1.2968469355182551E-6
8.265714285714154,1.296551334242073E-6
8.282857142857011,1.2962743079778939E-6
8.298571428571297,1.29635170877381E-6
8.315714285714153,1.295294985492261E-6
8.331428571428438,1.295027709754774E-6
8.348571428571296,1.2944993430390913E-6
8.36428571428558,1.2944259977240306E-6
8.381428571428437,1.2941598341958821E-6
8.397142857142722,1.2940381755538203E-6
8.41428571428558,1.2940488740199197E-6
8.431428571428436,1.2935011447546239E-6
8.44714285714272,1.2932682846641805E-6
8.464285714285579,1.293019232660003E-6
8.479999999999864,1.2927178734616576E-6
8.49714285714272,1.2920147869790436E-6
8.512857142857007,1.2913394934163853E-6
8.529999999999863,1.2914133319262077E-6
8.545714285714148,1.2912372117945675E-6
8.562857142857005,1.2906572219991638E-6
8.57857142857129,1.2901848387120373E-6
8.595714285714147,1.2900418603559666E-6
8.611428571428432,1.2896291436721942E-6
8.62857142857129,1.2894479880196136E-6
8.644285714285575,1.2893700732163175E-6
8.66142857142843,1.2891262020038587E-6
8.677142857142716,1.2883990545416991E-6
8.694285714285574,1.28780328942016E-6
8.71142857142843,1.2872513849986971E-6
8.727142857142715,1.2866610592651694E-6
8.744285714285573,1.2863308288702631E-6
8.759999999999858,1.2860755764712355E-6
8.777142857142714,1.2859779306281825E-6
8.792857142857,1.2859163077253959E-6
8.809999999999857,1.2857975746309175E-6
8.825714285714142,1.2852477536368655E-6
8.842857142857,1.2852567749069494E-6
8.858571428571285,1.2851892845756843E-6
8.87571428571414,1.2851439877462023E-6
8.891428571428426,1.2847186848407217E-6
8.908571428571284,1.2843421845635042E-6
8.924285714285569,1.2843124380214244E-6
8.941428571428425,1.2840823808867261E-6
8.95714285714271,1.2840897136008866E-6
8.974285714285568,1.284129969717623E-6
8.991428571428424,1.2839511982035193E-6
9.007142857142709,1.283476816976209E-6
9.024285714285567,1.2831965638298498E-6
9.039999999999852,1.282929953830602E-6
9.057142857142708,1.282526833859852E-6
9.072857142856995,1.2818914072419772E-6
9.08999999999985,1.281903636003695E-6
9.105714285714136,1.2811680576056965E-6
9.122857142856994,1.2806964718013447E-6
9.138571428571279,1.2806282079330498E-6
9.155714285714135,1.2801295931059188E-6
9.17142857142842,1.2802468385450974E-6
9.188571428571278,1.280129562839337E-6
9.204285714285563,1.2799765681715646E-6
9.221428571428419,1.2796621238980776E-6
9.238571428571277,1.2795734509700133E-6
9.254285714285562,1.2793324344642095E-6
9.271428571428418,1.2793767369756056E-6
9.287142857142703,1.2789103424515945E-6
9.30428571428556,1.2781736100587903E-6
9.319999999999846,1.2778643876415827E-6
9.337142857142702,1.2775154152716589E-6
9.352857142856989,1.2770831062350634E-6
9.369999999999845,1.2767497783435141E-6
9.38571428571413,1.2766263746522896E-6
9.402857142856988,1.276081303872038E-6
9.418571428571273,1.2758908619466552E-6
9.435714285714129,1.2757006312085486E-6
9.451428571428414,1.2756594095535222E-6
9.468571428571272,1.2752258843978873E-6
9.484285714285557,1.2747650696420924E-6
9.501428571428413,1.2748148393278538E-6
9.51857142857127,1.2742085498686016E-6
9.534285714285556,1.2741315092259467E-6
9.551428571428412,1.2735838492407648E-6
9.567142857142697,1.2729389698839656E-6
9.584285714285555,1.2730080021864552E-6
9.59999999999984,1.2725547412358768E-6
9.617142857142696,1.2720626181420017E-6
9.632857142856983,1.2720544724758897E-6
9.649999999999839,1.2718630468811604E-6
9.665714285714124,1.2719684568842863E-6
9.682857142856982,1.2716972338003985E-6
9.698571428571267,1.2714085430988993E-6
9.715714285714123,1.2714747789899651E-6
9.731428571428408,1.2715071560440192E-6
9.748571428571266,1.2710797804013112E-6
9.76428571428555,1.2700694400690387E-6
9.781428571428407,1.269859594960048E-6
9.798571428571265,1.2698523094534688E-6
9.81428571428555,1.2693305941287635E-6
9.831428571428406,1.269047098328327E-6
9.84714285714269,1.268984783592912E-6
9.864285714285549,1.26882429234338E-6
9.879999999999834,1.2688595353615748E-6
9.89714285714269,1.2687988376322738E-6
9.912857142856977,1.2684621112420806E-6
9.929999999999833,1.268365082882951E-6
9.945714285714118,1.2675437772468273E-6
9.962857142856976,1.2669926105090312E-6
9.97857142857126,1.2667991332469478E-6
9.995714285714117,1.266471592937621E-6
10.011428571428402,1.2664710199232313E-6
10.02857142857126,1.2664489879428468E-6
10.045714285714116,1.2659702803189062E-6
10.0614285714284,1.2654577760678428E-6
10.078571428571259,1.2652241857702928E-6
10.094285714285544,1.2650358070198872E-6
10.1114285714284,1.2641483455957988E-6
10.127142857142685,1.263954776199979E-6
10.144285714285543,1.2639745924838757E-6
10.159999999999828,1.2640021199693278E-6
10.177142857142684,1.264044863181407E-6
10.19285714285697,1.2640724096203018E-6
10.209999999999827,1.2635160787681324E-6
10.225714285714112,1.2631334932048501E-6
10.24285714285697,1.2627802320624827E-6
10.258571428571255,1.2624968489390792E-6
10.27571428571411,1.2621892688839458E-6
10.291428571428396,1.2619749940836433E-6
10.308571428571254,1.2620456168877463E-6
10.32571428571411,1.2619946011797598E-6
10.341428571428395,1.2612667701502004E-6
10.358571428571253,1.2612646112391237E-6
10.374285714285538,1.261230281393845E-6
10.391428571428394,1.2606906361954702E-6
10.407142857142679,1.2605037654469389E-6
10.424285714285537,1.2602833577994948E-6
10.439999999999822,1.2598098503417258E-6
10.457142857142678,1.25958547161398E-6
10.472857142856965,1.2595710659129215E-6
10.48999999999982,1.2593042972376336E-6
10.505714285714106,1.2590830468955693E-6
10.522857142856964,1.2589732620872022E-6
10.538571428571249,1.258733652618895E-6
10.555714285714105,1.2581083000999813E-6
10.572857142856963,1.2578362138076654E-6
10.588571428571248,1.2578718535850337E-6
10.605714285714104,1.2573974165729822E-6
10.621428571428389,1.2573107041703376E-6
10.638571428571247,1.2573369370183292E-6
10.654285714285532,1.2570197130560167E-6
10.671428571428388,1.2567607789353967E-6
10.687142857142673,1.2568119597511292E-6
10.70428571428553,1.2559773174738591E-6
10.719999999999816,1.2560052834273253E-6
10.737142857142672,1.2560628927361197E-6
10.752857142856959,1.255968146125501E-6
10.769999999999815,1.2558579297542666E-6
10.7857142857141,1.2553469169570513E-6
10.802857142856958,1.2551052764038468E-6
10.818571428571243,1.2546595151701838E-6
10.835714285714099,1.2543873114900001E-6
10.852857142856957,1.2541747086170075E-6
10.868571428571242,1.2534188960583107E-6
10.885714285714098,1.2530491578221253E-6
10.901428571428383,1.2528059270468364E-6
10.91857142857124,1.2528439600129932E-6
10.934285714285526,1.2524581664861306E-6
10.951428571428382,1.252192883566293E-6
10.967142857142667,1.2522849206667934E-6
10.984285714285525,1.2521928795393503E-6
10.99999999999981,1.2522259085293463E-6
11.017142857142666,1.2522244355303526E-6
11.032857142856953,1.2516820185490993E-6
11.049999999999809,1.2517765095963263E-6
11.065714285714094,1.2517858432401101E-6
11.082857142856952,1.2515285877228196E-6
11.098571428571237,1.25160344916256E-6
11.115714285714093,1.2511649130996194E-6
11.13285714285695,1.2509509936341153E-6
11.148571428571236,1.2506919510664382E-6
11.165714285714092,1.2496211790892982E-6
11.181428571428377,1.249455773578205E-6
11.198571428571235,1.249438150211833E-6
11.21428571428552,1.2494708647848832E-6
11.231428571428376,1.2495240693800262E-6
11.247142857142661,1.2495239212215363E-6
11.264285714285519,1.2491140629771582E-6
11.279999999999804,1.2486402113627565E-6
11.29714285714266,1.248586157162921E-6
11.312857142856947,1.248572576624651E-6
11.329999999999803,1.248139365842389E-6
11.345714285714088,1.2479744344631773E-6
11.362857142856946,1.2478334283969667E-6
11.379999999999802,1.2476211105455528E-6
11.395714285714087,1.2473592665491964E-6
11.412857142856945,1.247410253541634E-6
11.42857142857123,1.2472847452132648E-6
11.445714285714086,1.2463729566458959E-6
11.461428571428371,1.2464500801722859E-6
11.478571428571229,1.2461874509890618E-6
11.494285714285514,1.2459267716589211E-6
11.51142857142837,1.2456752501167461E-6
11.527142857142655,1.2457734795643313E-6
11.544285714285513,1.2453549063038018E-6
11.559999999999798,1.2454476545908724E-6
11.577142857142654,1.2455187105209832E-6
11.592857142856941,1.2455157834893322E-6
11.609999999999797,1.2453203381811003E-6
11.625714285714082,1.2447527482583394E-6
11.64285714285694,1.244842604818145E-6
11.659999999999796,1.2447927082491161E-6
11.675714285714081,1.2440779941222782E-6
11.692857142856939,1.244045909200848E-6
11.708571428571224,1.2436249255429743E-6
11.72571428571408,1.2436939904992385E-6
11.741428571428365,1.243336840326012E-6
11.758571428571223,1.2433658465014111E-6
11.774285714285508,1.242912524260244E-6
11.791428571428364,1.2426743861611821E-6
11.807142857142649,1.2424931377073165E-6
11.824285714285507,1.24257175918076E-6
11.839999999999792,1.2424366215187771E-6
11.857142857142648,1.2424788873689387E-6
11.872857142856935,1.2423877698938406E-6
11.889999999999791,1.242034523023101E-6
11.905714285714076,1.2415754001216342E-6
11.922857142856934,1.2406667083960715E-6
11.93999999999979,1.2405960936391854E-6
11.955714285714075,1.240041235051917E-6
11.972857142856933,1.2400424805130889E-6
11.988571428571218,1.2400568110333552E-6
12.005714285714074,1.239532817750803E-6
12.021428571428359,1.2390050987743655E-6
12.038571428571217,1.238671447426794E-6
12.054285714285502,1.2379541525564237E-6
12.071428571428358,1.2380186112189865E-6
12.087142857142643,1.2379770076662123E-6
12.104285714285501,1.2376904848027514E-6
12.119999999999786,1.2371807908096277E-6
12.137142857142642,1.2369829703195822E-6
12.152857142856929,1.236585800846117E-6
12.169999999999785,1.2365849786491306E-6
12.187142857142641,1.236358235802449E-6
12.202857142856928,1.2357332767757866E-6
12.219999999999784,1.2354620307281118E-6
12.235714285714069,1.2353671153613126E-6
12.252857142856927,1.2353492356041363E-6
12.268571428571212,1.2354585420043476E-6
12.285714285714068,1.2351058057287308E-6
12.301428571428353,1.2344280053249672E-6
12.318571428571211,1.2345289990892561E-6
12.334285714285496,1.2341107877355963E-6
12.351428571428352,1.2338842171246045E-6
12.367142857142637,1.2337336246279993E-6
12.384285714285495,1.2335699097446088E-6
12.39999999999978,1.2332329962900666E-6
12.417142857142636,1.2329749751321929E-6
12.432857142856923,1.2317372469475423E-6
12.449999999999779,1.2317811554689864E-6
12.467142857142635,1.23133230058997E-6
12.482857142856922,1.2308834734575263E-6
12.499999999999778,1.230847144654064E-6
12.515714285714063,1.2303695630191983E-6
12.53285714285692,1.2304349659692903E-6
12.548571428571206,1.2301988556416254E-6
12.565714285714062,1.2299024970068547E-6
12.581428571428347,1.2296630886672102E-6
12.598571428571205,1.2293680992175378E-6
12.61428571428549,1.2293341573553563E-6
12.631428571428346,1.2293786936877272E-6
12.647142857142631,1.229434508048154E-6
12.664285714285489,1.2293323113338212E-6
12.679999999999774,1.229142604657995E-6
12.69714285714263,1.2289851554375362E-6
12.714285714285488,1.22875848631898E-6
12.729999999999773,1.2287945649298698E-6
12.747142857142629,1.228555224883887E-6
12.762857142856916,1.2285956212789359E-6
12.779999999999772,1.2282412061182275E-6
12.795714285714057,1.2283949509744486E-6
12.812857142856915,1.2279718775064523E-6
12.8285714285712,1.2275233534335085E-6
12.845714285714056,1.2272285862309196E-6
12.861428571428341,1.2269663259317602E-6
12.878571428571199,1.22647874228847E-6
12.894285714285484,1.22602380886751E-6
12.91142857142834,1.2258184042097627E-6
12.927142857142625,1.2256350576310478E-6
12.944285714285483,1.2254295487934829E-6
12.959999999999768,1.225360202231293E-6
12.977142857142624,1.2253986778822944E-6
12.994285714285482,1.2253436314193003E-6
13.009999999999767,1.2254078983361726E-6
13.027142857142623,1.2255223263429504E-6
13.04285714285691,1.2253538477062365E-6
13.059999999999766,1.2254428906114169E-6
13.075714285714051,1.2253137216047818E-6
13.092857142856909,1.2248626783527816E-6
13.108571428571194,1.2247607883737886E-6
13.12571428571405,1.2246718722918585E-6
13.141428571428335,1.2239992403501042E-6
13.158571428571193,1.2240716974785016E-6
13.174285714285478,1.223915492950778E-6
13.191428571428334,1.223944884625199E-6
13.20714285714262,1.2237209044971383E-6
13.224285714285477,1.2231861045422607E-6
13.239999999999762,1.223199834989785E-6
13.257142857142618,1.2232874509014093E-6
13.274285714285476,1.2228674859664662E-6
13.289999999999761,1.222681545665497E-6
13.307142857142617,1.2227243218790436E-6
13.322857142856904,1.2220807161377983E-6
13.33999999999976,1.2221461509553424E-6
13.355714285714045,1.2216960139894928E-6
13.372857142856903,1.2216478354567886E-6
13.388571428571188,1.221739441540424E-6
13.405714285714044,1.221797656010165E-6
13.42142857142833,1.2216594295595536E-6
13.438571428571187,1.2215009126878683E-6
13.454285714285472,1.2212889360846183E-6
13.471428571428328,1.2213684296669504E-6
13.487142857142613,1.2210117707453286E-6
13.504285714285471,1.220392337611039E-6
13.521428571428327,1.220063574551714E-6
13.537142857142612,1.2195214309787588E-6
13.55428571428547,1.2197042749944207E-6
13.569999999999755,1.2196037736315547E-6
13.587142857142611,1.2193773878148581E-6
13.602857142856898,1.2190463163849762E-6
13.619999999999754,1.2186573682182709E-6
13.63571428571404,1.2183907433441567E-6
13.652857142856897,1.2173929438827634E-6
13.668571428571182,1.21700665216049E-6
13.685714285714038,1.217097911901528E-6
13.701428571428323,1.2169214829231212E-6
13.718571428571181,1.2163106175026458E-6
13.734285714285466,1.2163937927209108E-6
13.751428571428322,1.2159167328832629E-6
13.767142857142607,1.2155349284719338E-6
13.784285714285465,1.2155723911261666E-6
13.801428571428321,1.2156453897250003E-6
13.817142857142606,1.215570492230696E-6
13.834285714285464,1.2148874642001823E-6
13.84999999999975,1.2144987201771698E-6
13.867142857142605,1.2146877740717218E-6
13.882857142856892,1.214216987181765E-6
13.899999999999748,1.2142869354476685E-6
13.915714285714033,1.2138516613075342E-6
13.932857142856891,1.2136055361736867E-6
13.948571428571176,1.213008106489361E-6
13.965714285714032,1.2125042422025431E-6
13.981428571428317,1.2125874353023767E-6
13.998571428571175,1.2124438092090355E-6
14.01428571428546,1.2118721311655808E-6
14.031428571428316,1.2115287153758997E-6
14.047142857142601,1.2112840515368743E-6
14.06428571428546,1.2112288913543258E-6
14.081428571428315,1.21100767610417E-6
14.0971428571426,1.2105429262154468E-6
14.114285714285458,1.209858408443226E-6
14.129999999999743,1.2097593969509295E-6
14.1471428571426,1.2097945255232247E-6
14.162857142856886,1.2093576654711018E-6
14.179999999999742,1.2091427895534315E-6
14.195714285714027,1.208602103147025E-6
14.212857142856885,1.2079065373272984E-6
14.22857142857117,1.2077069088977727E-6
14.245714285714026,1.2075370171948515E-6
14.261428571428311,1.2076374015980333E-6
14.27857142857117,1.207640625161E-6
14.294285714285454,1.2074961387389995E-6
14.31142857142831,1.2072471359667048E-6
14.328571428571168,1.2072807782878063E-6
14.344285714285453,1.2070760257523804E-6
14.36142857142831,1.206655315211776E-6
14.377142857142594,1.2066224045808918E-6
14.394285714285452,1.2064072237131287E-6
14.409999999999737,1.206293375508874E-6
14.427142857142593,1.2058928983300259E-6
14.44285714285688,1.205931820769344E-6
14.459999999999736,1.2057937723430875E-6
14.475714285714021,1.2055778150534904E-6
14.492857142856879,1.2053590994061435E-6
14.508571428571164,1.2053704523987415E-6
14.52571428571402,1.2048823167719489E-6
14.541428571428305,1.204876011121791E-6
14.558571428571163,1.2049116990471464E-6
14.574285714285448,1.2049926296283008E-6
14.591428571428304,1.2047464478772158E-6
14.608571428571162,1.2048239919802765E-6
14.624285714285447,1.2045421462254233E-6
14.641428571428303,1.2044394978486653E-6
14.657142857142588,1.2040094362628042E-6
14.674285714285446,1.203426674084076E-6
14.689999999999731,1.2033134424250177E-6
14.707142857142587,1.2030635383839863E-6
14.722857142856874,1.2030612368413512E-6
14.73999999999973,1.2030545862255663E-6
14.755714285714015,1.2028010286660371E-6
14.772857142856873,1.202725140720595E-6
14.788571428571158,1.2027894491478016E-6
14.805714285714014,1.202861692318993E-6
14.8214285714283,1.2029350774462735E-6
14.838571428571157,1.2025699986914874E-6
14.854285714285442,1.202322987202697E-6
14.871428571428298,1.2024204523716783E-6
14.888571428571156,1.2019484828937883E-6
14.904285714285441,1.201814550255949E-6
14.921428571428297,1.2014132746373048E-6
14.937142857142582,1.2012763190175482E-6
14.95428571428544,1.2010781441461764E-6
14.969999999999725,1.2011590773720134E-6
14.987142857142581,1.2010127177351345E-6
15.002857142856868,1.2005019014467178E-6
15.019999999999724,1.2003901453670328E-6
15.03571428571401,1.199777540715975E-6
15.052857142856867,1.1998898320673433E-6
15.068571428571152,1.199765042639263E-6
15.085714285714008,1.1992355411760397E-6
15.101428571428293,1.1990170641794684E-6
15.118571428571151,1.1988799887450522E-6
15.135714285714007,1.1984256846884229E-6
15.151428571428292,1.1984916906701002E-6
15.16857142857115,1.1984685453428294E-6
15.184285714285435,1.1982894277400983E-6
15.201428571428291,1.198076145184155E-6
15.217142857142576,1.1979610508370688E-6
15.234285714285434,1.198082582648676E-6
15.24999999999972,1.198175738787186E-6
15.267142857142575,1.1976314425595357E-6
15.282857142856862,1.1969700178901034E-6
15.299999999999718,1.196854355761492E-6
15.315714285714003,1.1960285184337996E-6
15.332857142856861,1.195532213971484E-6
15.348571428571146,1.1951085387446079E-6
15.365714285714002,1.194855160879758E-6
15.381428571428287,1.1947142881016653E-6
15.398571428571145,1.1943908622380328E-6
15.415714285714001,1.1941930460665424E-6
15.431428571428286,1.1939662327841374E-6
15.448571428571144,1.1940615036239532E-6
15.46428571428543,1.1933561068810598E-6
15.481428571428285,1.1932251590985404E-6
15.49714285714257,1.1929832100707977E-6
15.514285714285428,1.1926663642171295E-6
15.529999999999713,1.1927644194793646E-6
15.54714285714257,1.192573041438048E-6
15.562857142856856,1.1917139486488244E-6
15.579999999999712,1.1916434258792164E-6
15.595714285713997,1.1916766271340224E-6
15.612857142856855,1.1918165202885407E-6
15.62857142857114,1.1918691536638892E-6
15.645714285713996,1.1914723638152783E-6
15.662857142856854,1.191552706907538E-6
15.67857142857114,1.19160857453378E-6
15.695714285713995,1.1905241616260316E-6
15.71142857142828,1.1905261607504959E-6
15.728571428571138,1.190666136826045E-6
15.744285714285423,1.1895572867337474E-6
15.76142857142828,1.1889513734500223E-6
15.777142857142564,1.1887996245450808E-6
15.794285714285422,1.1887996232731454E-6
15.809999999999707,1.188667112501963E-6
15.827142857142563,1.187923785150155E-6
15.84285714285685,1.1873889769118603E-6
15.859999999999706,1.1869161301235502E-6
15.875714285713991,1.1863498418059909E-6
15.89285714285685,1.186136765756156E-6
15.908571428571134,1.1859584909562313E-6
15.92571428571399,1.1859326229488977E-6
15.942857142856848,1.185381511965321E-6
15.958571428571133,1.1854772315153734E-6
15.97571428571399,1.1852180998137367E-6
15.991428571428274,1.1845741264682612E-6
16.00857142857113,1.1843282691611954E-6
16.02428571428542,1.184363402593223E-6
16.04142857142828,1.184418665227161E-6
16.05714285714257,1.1842422563378319E-6
16.074285714285427,1.1843100012535606E-6
16.089999999999716,1.1844193245043207E-6
16.107142857142577,1.1839646179559191E-6
16.122857142856862,1.1832371056327414E-6
16.139999999999723,1.1833691043359093E-6
16.155714285714012,1.1833727538517652E-6
16.17285714285687,1.1831191672889968E-6
16.18857142857116,1.1831946877427294E-6
16.20571428571402,1.1827687028655238E-6
16.222857142856878,1.1827997858526753E-6
16.238571428571166,1.182781166033149E-6
16.255714285714028,1.1823477061439636E-6
16.271428571428316,1.1823809100927568E-6
16.288571428571174,1.1824993809240833E-6
16.304285714285463,1.1820579846866743E-6
16.321428571428324,1.1820787262458742E-6
16.337142857142613,1.1822021400803324E-6
16.35428571428547,1.1820207978465434E-6
16.36999999999976,1.1818713620486846E-6
16.38714285714262,1.1813135853067075E-6
16.402857142856906,1.181274696367054E-6
16.419999999999767,1.1808173097173687E-6
16.435714285714056,1.1803101588766555E-6
16.452857142856914,1.1797504952150413E-6
16.469999999999775,1.1798159322757127E-6
16.485714285714064,1.179370106724168E-6
16.50285714285692,1.1794288839026374E-6
16.51857142857121,1.1795440485323416E-6
16.53571428571407,1.179140548180267E-6
16.55142857142836,1.1792004264981224E-6
16.568571428571218,1.1792650442571223E-6
16.584285714285507,1.1792738214084741E-6
16.601428571428368,1.1793038918477492E-6
16.617142857142657,1.1786161229077138E-6
16.634285714285515,1.1781140020529556E-6
16.649999999999803,1.1782159611892877E-6
16.667142857142665,1.1782680365923385E-6
16.68285714285695,1.1778559802691978E-6
16.69999999999981,1.1772807521369855E-6
16.7157142857141,1.1768386864450714E-6
16.732857142856957,1.1769459087256385E-6
16.74999999999982,1.1767268710752846E-6
16.765714285714107,1.1761932521716078E-6
16.782857142856965,1.1760052085006345E-6
16.798571428571254,1.1755535197069156E-6
16.815714285714115,1.1756459523883092E-6
16.831428571428404,1.1754671335493137E-6
16.848571428571262,1.1755898019312437E-6
16.86428571428555,1.1751770198157088E-6
16.881428571428412,1.1745688180390337E-6
16.8971428571427,1.17467852753801E-6
16.91428571428556,1.1745640041206025E-6
16.929999999999847,1.174706095933743E-6
16.94714285714271,1.1744266881311486E-6
16.962857142856993,1.1743688162115104E-6
16.979999999999855,1.1742127932043497E-6
16.995714285714143,1.1738032896478403E-6
17.012857142857,1.1727664916813555E-6
17.029999999999863,1.1721243682665732E-6
17.04571428571415,1.1720228155603E-6
17.06285714285701,1.1719414305950227E-6
17.078571428571298,1.17181428611818E-6
17.09571428571416,1.1711954640734538E-6
17.111428571428448,1.1710683403267222E-6
17.128571428571306,1.1705291570459215E-6
17.144285714285594,1.1699366091433238E-6
17.161428571428456,1.1695399989123835E-6
17.177142857142744,1.1696514565836164E-6
17.194285714285602,1.1693830465055638E-6
17.20999999999989,1.1689518707511398E-6
17.227142857142752,1.1689843826094957E-6
17.242857142857037,1.1686984452309066E-6
17.2599999999999,1.168556352047248E-6
17.27714285714276,1.1683129470293384E-6
17.292857142857045,1.1674074620662911E-6
17.309999999999906,1.1667243153192306E-6
17.325714285714195,1.1667345403930205E-6
17.342857142857053,1.1665215653509433E-6
17.35857142857134,1.1660438684603694E-6
17.375714285714203,1.165959988810413E-6
17.39142857142849,1.1657143563691258E-6
17.40857142857135,1.1658016963002225E-6
17.424285714285638,1.1656334437831084E-6
17.4414285714285,1.1657837901916458E-6
17.457142857142788,1.1655887100753805E-6
17.474285714285646,1.1654040212807605E-6
17.489999999999934,1.1652879842950588E-6
17.507142857142796,1.1653801085553814E-6
17.52285714285708,1.1645411906759896E-6
17.539999999999942,1.1643787113829641E-6
17.557142857142804,1.1644753183182375E-6
17.57285714285709,1.164497160298419E-6
17.58999999999995,1.1646072683039156E-6
17.60571428571424,1.1639581437870898E-6
17.622857142857097,1.163873568785251E-6
17.638571428571385,1.1637374251568213E-6
17.655714285714247,1.1634700806758212E-6
17.671428571428535,1.163233205890917E-6
17.688571428571393,1.1628435835028705E-6
17.70428571428568,1.1626305792019654E-6
17.721428571428543,1.1623103935634929E-6
17.737142857142832,1.162089712824513E-6
17.75428571428569,1.1616501419690139E-6
17.76999999999998,1.1616582223008524E-6
17.78714285714284,1.1612393445120272E-6
17.804285714285697,1.160608390255473E-6
17.819999999999986,1.1605707525779182E-6
17.837142857142847,1.160217324657049E-6
17.852857142857133,1.159678759969555E-6
17.869999999999994,1.1592495392997748E-6
17.885714285714283,1.1590583620969016E-6
17.90285714285714,1.1588235125119674E-6
17.91857142857143,1.1590024890597754E-6
17.93571428571429,1.1587144115251953E-6
17.95142857142858,1.1587660280118212E-6
17.968571428571437,1.1583865421862616E-6
17.984285714285726,1.1577079499924718E-6
18.001428571428587,1.157562347087555E-6
18.017142857142876,1.1575523970855486E-6
18.034285714285733,1.157765127359222E-6
18.050000000000022,1.1573400365723311E-6
18.067142857142883,1.1568731563119312E-6
18.08428571428574,1.1567199356588185E-6
18.10000000000003,1.1563342200214635E-6
18.11714285714289,1.1561258349509124E-6
18.132857142857176,1.1559552314808053E-6
18.150000000000038,1.1561598167162637E-6
18.165714285714326,1.1561723971311228E-6
18.182857142857184,1.1559744270739304E-6
18.198571428571473,1.1556856168493213E-6
18.215714285714334,1.1557751243213077E-6
18.231428571428623,1.1553371035698575E-6
18.24857142857148,1.1552280830623963E-6
18.26428571428577,1.1553359157403334E-6
18.28142857142863,1.1551521208626316E-6
18.29714285714292,1.1551309510841154E-6
18.314285714285777,1.1550348076056397E-6
18.330000000000066,1.1546624426482733E-6
18.347142857142927,1.1542676156214855E-6
18.364285714285785,1.1540218017163037E-6
18.380000000000074,1.153837473811403E-6
18.397142857142935,1.1532177243570038E-6
18.41285714285722,1.1525886023133365E-6
18.43000000000008,1.1526786262095125E-6
18.44571428571437,1.1525428817176173E-6
18.462857142857228,1.1517967326613514E-6
18.478571428571517,1.1518966629688345E-6
18.495714285714378,1.1519575474963344E-6
18.511428571428667,1.1517953383734786E-6
18.528571428571524,1.1519192060285534E-6
18.544285714285813,1.1517931413255253E-6
18.561428571428674,1.151526132684478E-6
18.577142857142963,1.1516123910751323E-6
18.59428571428582,1.1515170272202086E-6
18.611428571428682,1.1513298951140115E-6
18.62714285714297,1.151030455977405E-6
18.64428571428583,1.1504321700818577E-6
18.660000000000117,1.1502024794912222E-6
18.67714285714298,1.1493510195138962E-6
18.692857142857264,1.1489177557838145E-6
18.710000000000125,1.148929422254098E-6
18.725714285714414,1.1484924789957945E-6
18.74285714285727,1.148669248481086E-6
18.75857142857156,1.1487890641710958E-6
18.77571428571442,1.1487437120830468E-6
18.79142857142871,1.1487129023034852E-6
18.808571428571568,1.1483177146634404E-6
18.824285714285857,1.1479914147067861E-6
18.841428571428718,1.146928389622557E-6
18.857142857143007,1.147087378437697E-6
18.874285714285865,1.1469373227831726E-6
18.891428571428726,1.1467865405620403E-6
18.907142857143015,1.146142254559713E-6
18.924285714285872,1.146186589559877E-6
18.94000000000016,1.1459323424432806E-6
18.957142857143022,1.1459900256235777E-6
18.972857142857308,1.1455689305027185E-6
18.99000000000017,1.1449699680776722E-6
19.005714285714458,1.1443030274076199E-6
19.022857142857315,1.1443547462704188E-6
19.038571428571604,1.144169273656607E-6
19.055714285714465,1.1437727315130017E-6
19.071428571428754,1.1436302728598035E-6
19.088571428571612,1.1437183364112461E-6
19.1042857142859,1.143230348355481E-6
19.121428571428762,1.143062545225426E-6
19.13714285714305,1.1426773983884544E-6
19.15428571428591,1.1426961175533656E-6
19.17142857142877,1.1419609560714822E-6
19.18714285714306,1.142067793465696E-6
19.204285714285916,1.142062150633868E-6
19.220000000000205,1.142125608020568E-6
19.237142857143066,1.1415986431202525E-6
19.25285714285735,1.1413696569769282E-6
19.270000000000213,1.1411786193607982E-6
19.2857142857145,1.1412131176876464E-6
19.30285714285736,1.1405690179040265E-6
19.318571428571648,1.1402940228338536E-6
19.33571428571451,1.1404323708882945E-6
19.351428571428798,1.1404718278667213E-6
19.368571428571656,1.139979103586065E-6
19.384285714285944,1.1392776996062453E-6
19.401428571428806,1.1394282457591818E-6
19.418571428571664,1.1388594559599992E-6
19.434285714285952,1.1375749023814707E-6
19.451428571428814,1.137315822139271E-6
19.467142857143102,1.1374399390008121E-6
19.48428571428596,1.1374724349843659E-6
19.50000000000025,1.137523370214258E-6
19.51714285714311,1.137406927517346E-6
19.532857142857395,1.1374816495836874E-6
19.550000000000257,1.137575666390796E-6
19.565714285714545,1.1375691437475285E-6
19.582857142857403,1.1376828140944876E-6
19.59857142857169,1.1374704725250818E-6
19.615714285714553,1.1370798164778879E-6
19.63142857142884,1.137037657860776E-6
19.6485714285717,1.136767369840438E-6
19.664285714285988,1.1368588598112249E-6
19.68142857142885,1.1364430708915058E-6
19.698571428571707,1.1365195610264416E-6
19.714285714285996,1.1360270729543223E-6
19.731428571428857,1.135839155604892E-6
19.747142857143146,1.135998133499718E-6
19.764285714286004,1.1360675990461344E-6
19.780000000000292,1.1360233276352165E-6
19.797142857143154,1.1354460047442501E-6
19.81285714285744,1.1350062158935917E-6
19.8300000000003,1.1350443261575536E-6
19.84571428571459,1.1346197754571009E-6
19.862857142857447,1.1344687498073115E-6
19.878571428571735,1.1343300389844367E-6
19.895714285714597,1.1339191105710223E-6
19.911428571428885,1.1340264961139952E-6
19.928571428571743,1.1340130889015125E-6
19.944285714286032,1.1338773257259658E-6
19.961428571428893,1.1333739598631627E-6
19.97857142857175,1.1329641407037158E-6
19.99428571428604,1.1325541236792557E-6
20.0114285714289,1.1323047870276582E-6
20.02714285714319,1.132062350389353E-6
20.044285714286048,1.1318761169669066E-6
20.060000000000336,1.1312274726452686E-6
20.077142857143198,1.131211798479332E-6
20.092857142857483,1.130720190655436E-6
20.110000000000344,1.1305029335868168E-6
20.125714285714633,1.1305298481243744E-6
20.14285714285749,1.1300799494951488E-6
20.15857142857178,1.1302195365855235E-6
20.17571428571464,1.1301234673751315E-6
20.19142857142893,1.1299690716578464E-6
20.208571428571787,1.1297188452019289E-6
20.22571428571465,1.1297633058597352E-6
20.241428571428937,1.129637759176955E-6
20.258571428571795,1.1294226335408295E-6
20.274285714286084,1.1290219492131791E-6
20.291428571428945,1.1289800521951227E-6
20.307142857143234,1.1284210391004014E-6
20.32428571428609,1.1282880830844989E-6
20.34000000000038,1.1280881115635156E-6
20.35714285714324,1.1282269048793689E-6
20.372857142857526,1.128226587888987E-6
20.390000000000388,1.1282685942632774E-6
20.405714285714676,1.12749299956824E-6
20.422857142857534,1.1267798649277903E-6
20.438571428571823,1.126775860418599E-6
20.455714285714684,1.1266063049051785E-6
20.471428571428973,1.1264711490893774E-6
20.48857142857183,1.1262873042165993E-6
20.505714285714692,1.1258232191576643E-6
20.52142857142898,1.1258229034820598E-6
20.53857142857184,1.1257173399465671E-6
20.554285714286127,1.1257688986130523E-6
20.57142857142899,1.1258025788632963E-6
20.587142857143277,1.1254535840687901E-6
20.604285714286135,1.124533620235962E-6
20.620000000000424,1.1243599528098465E-6
20.637142857143285,1.1240887809338548E-6
20.65285714285757,1.1239846453949656E-6
20.67000000000043,1.1240065781931084E-6
20.68571428571472,1.123477254120111E-6
20.702857142857578,1.1235732620078945E-6
20.718571428571867,1.1233586351826657E-6
20.735714285714728,1.1231807663320744E-6
20.752857142857586,1.122703738534429E-6
20.768571428571875,1.1227353362545238E-6
20.785714285714736,1.1225288653770807E-6
20.801428571429025,1.1217197758394419E-6
20.818571428571882,1.1214887241193458E-6
20.83428571428617,1.1212970796208595E-6
20.851428571429032,1.1214204480126575E-6
20.86714285714332,1.1214373031796164E-6
20.88428571428618,1.1211841320174946E-6
20.900000000000468,1.1209448657294512E-6
20.91714285714333,1.1208296211622514E-6
20.932857142857614,1.120811335197132E-6
20.950000000000475,1.1206702411584846E-6
20.965714285714764,1.1198394143493154E-6
20.982857142857622,1.1196972938575009E-6
20.99857142857191,1.1197265005133374E-6
21.015714285714772,1.1194979923900806E-6
21.03285714285763,1.1195391367927677E-6
21.04857142857192,1.1186747482545654E-6
21.06571428571478,1.118540468896798E-6
21.08142857142907,1.1185613434211823E-6
21.098571428571926,1.1181137379864835E-6
21.114285714286215,1.1179498109965978E-6
21.131428571429076,1.117391553192326E-6
21.147142857143365,1.1169287823899232E-6
21.164285714286223,1.1170024909487768E-6
21.18000000000051,1.1170797856785176E-6
21.197142857143373,1.1166704535940563E-6
21.212857142857658,1.1165340300895875E-6
21.23000000000052,1.1165532289814964E-6
21.245714285714808,1.1159098948987546E-6
21.262857142857666,1.1153369475139063E-6
21.278571428571954,1.1153333124071582E-6
21.295714285714816,1.1153519019696806E-6
21.312857142857673,1.1148111800338515E-6
21.328571428571962,1.1144513611239744E-6
21.345714285714823,1.1138582258648852E-6
21.361428571429112,1.1139479919931929E-6
21.37857142857197,1.1134305876496811E-6
21.39428571428626,1.1132662869488064E-6
21.41142857142912,1.1130634354751982E-6
21.42714285714341,1.1128314149414748E-6
21.444285714286266,1.1126275048320193E-6
21.460000000000555,1.1125835528629356E-6
21.477142857143416,1.11241630790654E-6
21.4928571428577,1.111825068850105E-6
21.510000000000563,1.111902412113697E-6
21.52571428571485,1.111908948973202E-6
21.54285714285771,1.1116816479480513E-6
21.56000000000057,1.11170008510502E-6
21.57571428571486,1.1115807539731691E-6
21.592857142857717,1.111300206301321E-6
21.608571428572006,1.1113335863216037E-6
21.625714285714867,1.1111961598162621E-6
21.641428571429156,1.1111562809303633E-6
21.658571428572014,1.1109696161578297E-6
21.674285714286302,1.110900071068989E-6
21.691428571429164,1.110457504224801E-6
21.707142857143452,1.1105238969705482E-6
21.72428571428631,1.1103932921690712E-6
21.7400000000006,1.1100815814513548E-6
21.75714285714346,1.1098814573141032E-6
21.772857142857745,1.1098869035637919E-6
21.790000000000607,1.1098520427627894E-6
21.805714285714895,1.1096295358030796E-6
21.822857142857753,1.1096225003443945E-6
21.840000000000614,1.109713147978366E-6
21.855714285714903,1.10960934499923E-6
21.87285714285776,1.109600684575683E-6
21.88857142857205,1.1096544367325702E-6
21.90571428571491,1.109810331271151E-6
21.9214285714292,1.1098855976073378E-6
21.938571428572057,1.1095145817859525E-6
21.954285714286346,1.1094522665992506E-6
21.971428571429207,1.1089197641692952E-6
21.987142857143496,1.1087353638951054E-6
22.004285714286354,1.1080026505364182E-6
22.020000000000643,1.1080741593135866E-6
22.037142857143504,1.1079362400111967E-6
22.05285714285779,1.1075536593281875E-6
22.07000000000065,1.1073703423996208E-6
22.08571428571494,1.1072556474200946E-6
22.102857142857797,1.1067213220142757E-6
22.12000000000066,1.1067471758266659E-6
22.135714285714947,1.1058560150643168E-6
22.152857142857805,1.1058554358681803E-6
22.168571428572093,1.1058993684682994E-6
22.185714285714955,1.1057863151833033E-6
22.201428571429243,1.1058856156716528E-6
22.2185714285721,1.105728250633755E-6
22.23428571428639,1.1054248458065173E-6
22.25142857142925,1.1052843385585608E-6
22.26714285714354,1.105204198832792E-6
22.284285714286398,1.1050656653930551E-6
22.300000000000686,1.1051060257116067E-6
22.317142857143548,1.1046948160782648E-6
22.332857142857833,1.1047847009319704E-6
22.350000000000694,1.1044289779628636E-6
22.367142857143556,1.104010619927588E-6
22.38285714285784,1.1038227037106645E-6
22.400000000000702,1.103838628402791E-6
22.41571428571499,1.1031455148917978E-6
22.43285714285785,1.1031904945942096E-6
22.448571428572137,1.10313849525459E-6
22.465714285715,1.1029760434571368E-6
22.481428571429287,1.1030238065244021E-6
22.498571428572145,1.1031939240466479E-6
22.514285714286434,1.1029721169614143E-6
22.531428571429295,1.1023161770521623E-6
22.547142857143584,1.1016813547656376E-6
22.56428571428644,1.1014901559795971E-6
22.58000000000073,1.1013221905004738E-6
22.59714285714359,1.1009238499884353E-6
22.612857142857877,1.1010301222184794E-6
22.630000000000738,1.100603265843158E-6
22.6471428571436,1.1006195063308156E-6
22.662857142857884,1.1004922770446508E-6
22.680000000000746,1.100564108526964E-6
22.695714285715034,1.1000650511717285E-6
22.712857142857892,1.0999078366607677E-6
22.72857142857218,1.099903779504807E-6
22.745714285715042,1.0997582881527735E-6
22.76142857142933,1.099556493827657E-6
22.77857142857219,1.099132362749854E-6
22.794285714286477,1.0987675139608525E-6
22.81142857142934,1.0979415602182741E-6
22.827142857143627,1.0980889447579245E-6
22.844285714286485,1.0978666540335034E-6
22.860000000000774,1.0972460471417704E-6
22.877142857143635,1.0970640609270366E-6
22.894285714286493,1.0968942215502698E-6
22.91000000000078,1.0969470149041066E-6
22.927142857143643,1.0965026068319584E-6
22.942857142857928,1.0963307262209522E-6
22.96000000000079,1.0962065700388848E-6
22.97571428571508,1.096358112003713E-6
22.992857142857936,1.0955596607679545E-6
23.008571428572225,1.095157457400286E-6
23.025714285715086,1.094625241815271E-6
23.041428571429375,1.0943353330559156E-6
23.058571428572233,1.0942538949296037E-6
23.07428571428652,1.0942268254328991E-6
23.091428571429383,1.094036310615456E-6
23.10714285714367,1.093838629056146E-6
23.12428571428653,1.0937809954852965E-6
23.140000000000818,1.093473291326383E-6
23.15714285714368,1.0932736360802308E-6
23.174285714286537,1.0927650454085923E-6
23.190000000000826,1.0923732329840916E-6
23.207142857143687,1.091812702925966E-6
23.222857142857972,1.091458996838429E-6
23.240000000000833,1.091208988007364E-6
23.255714285715122,1.0912657521465235E-6
23.27285714285798,1.091049517691534E-6
23.28857142857227,1.0907930794760058E-6
23.30571428571513,1.090309115100297E-6
23.32142857142942,1.0899182585799066E-6
23.338571428572276,1.0899515859743282E-6
23.354285714286565,1.0899573937522106E-6
23.371428571429426,1.0898960611958894E-6
23.387142857143715,1.089665935745142E-6
23.404285714286573,1.0896138035078118E-6
23.42000000000086,1.0891467103791545E-6
23.437142857143723,1.0891310839608383E-6
23.45428571428658,1.0889692723517836E-6
23.47000000000087,1.088997514290814E-6
23.48714285714373,1.0884723903811414E-6
23.502857142858016,1.0881535166583457E-6
23.520000000000877,1.0882116341071559E-6
23.535714285715166,1.0879425290476445E-6
23.552857142858024,1.0875879088389628E-6
23.568571428572312,1.0876045594117083E-6
23.585714285715174,1.0875840707842322E-6
23.601428571429462,1.087616299390599E-6
23.61857142857232,1.0876495712670444E-6
23.63428571428661,1.0873919401784742E-6
23.65142857142947,1.08739589513229E-6
23.66714285714376,1.0874201877672793E-6
23.684285714286617,1.0874434831906282E-6
23.701428571429478,1.0874594552807164E-6
23.717142857143767,1.0874044852896027E-6
23.734285714286624,1.0868981880908057E-6
23.750000000000913,1.0869143426381433E-6
23.767142857143774,1.0866156722456836E-6
23.78285714285806,1.0861147074561232E-6
23.80000000000092,1.0861657402185926E-6
23.81571428571521,1.0861561930676984E-6
23.832857142858067,1.0858897283666387E-6
23.848571428572356,1.085988888948017E-6
23.865714285715217,1.085633076753732E-6
23.881428571429506,1.085599951989196E-6
23.898571428572364,1.0854543973972507E-6
23.914285714286653,1.0852731154558496E-6
23.931428571429514,1.0850100847131545E-6
23.947142857143803,1.0850148757766604E-6
23.96428571428666,1.0844866000835111E-6
23.98142857142952,1.0845210312871909E-6
23.99714285714381,1.0846297966197952E-6
24.014285714286668,1.0846999219415567E-6
24.030000000000957,1.0843583728141358E-6
24.047142857143818,1.0840550826614296E-6
24.062857142858103,1.084070273092471E-6
24.080000000000965,1.0841052759251384E-6
24.095714285715253,1.0836096762569498E-6
24.11285714285811,1.083552527342821E-6
24.1285714285724,1.0830884612689277E-6
24.14571428571526,1.082415033244479E-6
24.16142857142955,1.0823760476310332E-6
24.178571428572408,1.0822932255421065E-6
24.194285714286696,1.0822957883488744E-6
24.211428571429558,1.0823409709019886E-6
24.227142857143846,1.0823539481884098E-6
24.244285714286704,1.0818526128735445E-6
24.261428571429565,1.0816602145608295E-6
24.277142857143854,1.0817341303143965E-6
24.294285714286712,1.081515973125659E-6
24.310000000001,1.0815060483329528E-6
24.327142857143862,1.0815010021062918E-6
24.342857142858147,1.0815381187551662E-6
24.36000000000101,1.0815687819553379E-6
24.375714285715297,1.081314334962335E-6
24.392857142858155,1.0811240513880641E-6
24.408571428572444,1.0811334742998168E-6
24.425714285715305,1.080458014171899E-6
24.441428571429594,1.0803653684757996E-6
24.45857142857245,1.080185773179181E-6
24.47428571428674,1.0800094587439412E-6
24.4914285714296,1.07953281323209E-6
24.50857142857246,1.0793862644264514E-6
24.524285714286748,1.0794342486712763E-6
24.54142857142961,1.0792701886817235E-6
24.557142857143898,1.0793046322684068E-6
24.574285714286756,1.079164128338596E-6
24.590000000001044,1.0791466488083712E-6
24.607142857143906,1.0791634025138237E-6
24.62285714285819,1.0789115938331526E-6
24.640000000001052,1.0788750038650678E-6
24.65571428571534,1.0787281468639808E-6
24.6728571428582,1.0787167640201047E-6
24.688571428572487,1.0787472273574888E-6
24.70571428571535,1.0787269135727055E-6
24.721428571429637,1.0788414940685837E-6
24.738571428572495,1.0789237293438276E-6
24.754285714286784,1.0786844548791652E-6
24.771428571429645,1.0778079540669447E-6
24.788571428572503,1.077893123673603E-6
24.80428571428679,1.0772883787825462E-6
24.821428571429653,1.0764864143248617E-6
24.83714285714394,1.0763346464779302E-6
24.8542857142868,1.0759996780641814E-6
24.870000000001088,1.0757177887464002E-6
24.88714285714395,1.0754428696413997E-6
24.902857142858235,1.074551867773746E-6
24.920000000001096,1.0746028241625015E-6
24.935714285715385,1.074444740499465E-6
24.952857142858242,1.07447546850299E-6
24.96857142857253,1.0741047576755666E-6
24.985714285715392,1.0738979272886578E-6
25.00142857142968,1.073837769801332E-6
25.01857142857254,1.0733275487893565E-6
25.0357142857154,1.0728775716923806E-6
25.05142857142969,1.0729064235186157E-6
25.068571428572547,1.0726731537727243E-6
25.084285714286835,1.0717781570780172E-6
25.101428571429697,1.0718187765323727E-6
25.117142857143985,1.0718937477132775E-6
25.134285714286843,1.0717601441970011E-6
25.150000000001132,1.0717527748106633E-6
25.167142857143993,1.071771147353985E-6
25.18285714285828,1.0713205109696807E-6
25.20000000000114,1.0709583594330433E-6
25.21571428571543,1.0709142756730289E-6
25.232857142858286,1.0710447740721702E-6
25.248571428572575,1.0710285000640357E-6
25.265714285715436,1.0709203753058787E-6
25.281428571429725,1.0708583770995938E-6
25.298571428572583,1.0708867184265195E-6
25.315714285715444,1.0707832303861298E-6
25.331428571429733,1.0705440007211995E-6
25.34857142857259,1.0705324966305289E-6
25.36428571428688,1.0700161096298086E-6
25.38142857142974,1.070035109536462E-6
25.39714285714403,1.0690805533373744E-6
25.414285714286887,1.0689217476700696E-6
25.430000000001176,1.0688218958640479E-6
25.447142857144037,1.0686010638990393E-6
25.462857142858322,1.068642206869559E-6
25.480000000001183,1.0684097535598768E-6
25.495714285715472,1.06836890012241E-6
25.51285714285833,1.0683081508396827E-6
25.52857142857262,1.068227942505882E-6
25.54571428571548,1.0680078644788194E-6
25.56142857142977,1.0677793091518364E-6
25.578571428572626,1.0677498908075573E-6
25.595714285715488,1.0674378328601213E-6
25.611428571429776,1.067188703181603E-6
25.628571428572634,1.0671811496995152E-6
25.644285714286923,1.0662640753952322E-6
25.661428571429784,1.0663388968107877E-6
25.677142857144073,1.0662615474995445E-6
25.69428571428693,1.0661833806856619E-6
25.71000000000122,1.0657078368264967E-6
25.72714285714408,1.0654220684486276E-6
25.742857142858366,1.0651610385562754E-6
25.760000000001227,1.0651312061034052E-6
25.775714285715516,1.064901595236389E-6
25.792857142858374,1.0647799002221273E-6
25.808571428572662,1.0648103339988715E-6
25.825714285715524,1.0644594569931792E-6
25.84285714285838,1.0641571982703904E-6
25.85857142857267,1.0639797976039982E-6
25.87571428571553,1.0634268446886071E-6
25.89142857142982,1.0629998542279092E-6
25.908571428572678,1.062962088138584E-6
25.924285714286967,1.0628122161672425E-6
25.941428571429828,1.0627686087103748E-6
25.957142857144117,1.062736277928673E-6
25.974285714286975,1.0620403197842773E-6
25.990000000001263,1.061971279202866E-6
26.007142857144125,1.0615876492658069E-6
26.02285714285841,1.0615071071524343E-6
26.04000000000127,1.0615140582061853E-6
26.05571428571556,1.0611525766523604E-6
26.072857142858417,1.060873584876462E-6
26.088571428572706,1.0606221338481394E-6
26.105714285715568,1.0606474703324959E-6
26.122857142858425,1.0606077379663662E-6
26.138571428572714,1.0606468620174821E-6
26.155714285715575,1.0606500634299627E-6
26.171428571429864,1.0605898832686432E-6
26.188571428572722,1.0605540770483874E-6
26.20428571428701,1.0603937747546345E-6
26.221428571429872,1.0601800531741758E-6
26.23714285714416,1.0602017075203033E-6
26.25428571428702,1.0599448420375048E-6
26.270000000001307,1.0599756599491143E-6
26.28714285714417,1.059815680089523E-6
26.302857142858453,1.0598454800532767E-6
26.320000000001315,1.059609838604999E-6
26.335714285715603,1.0595581320574273E-6
26.35285714285846,1.0595472967492724E-6
26.36857142857275,1.0596256387156874E-6
26.38571428571561,1.059244749809145E-6
26.40285714285847,1.0587161129205477E-6
26.418571428572758,1.058501725935716E-6
26.43571428571562,1.0585618922464148E-6
26.451428571429908,1.0584997656196199E-6
26.468571428572766,1.0585867743048014E-6
26.484285714287054,1.0582685999614855E-6
26.501428571429916,1.0582372342680087E-6
26.517142857144204,1.0583939637430886E-6
26.534285714287062,1.0583807693742504E-6
26.55000000000135,1.0581775983727334E-6
26.567142857144212,1.0582835689843035E-6
26.582857142858497,1.0583431740380532E-6
26.60000000000136,1.058173851347099E-6
26.615714285715647,1.0579205898797857E-6
26.632857142858505,1.0577161178275495E-6
26.650000000001366,1.0576724644009298E-6
26.665714285715655,1.0576452368552634E-6
26.682857142858513,1.057581373080644E-6
26.6985714285728,1.057636072877982E-6
26.715714285715663,1.057407451685221E-6
26.73142857142995,1.057456672951253E-6
26.74857142857281,1.0570595446119178E-6
26.764285714287098,1.0568014716250836E-6
26.78142857142996,1.0567997615336027E-6
26.797142857144248,1.056852729284185E-6
26.814285714287106,1.0569533393392736E-6
26.830000000001395,1.0564762592035006E-6
26.847142857144256,1.0563213163771755E-6
26.86285714285854,1.0563382605235227E-6
26.880000000001402,1.0564529391462492E-6
26.89571428571569,1.0563646908834242E-6
26.91285714285855,1.055993465551048E-6
26.93000000000141,1.0560650586887005E-6
26.9457142857157,1.055846063434203E-6
26.962857142858557,1.0551828393828068E-6
26.978571428572845,1.0547500980885224E-6
26.995714285715707,1.0543611531900662E-6
27.011428571429995,1.0543163648824526E-6
27.028571428572853,1.0541315587832974E-6
27.044285714287142,1.0536570945101148E-6
27.061428571430003,1.0535329930289076E-6
27.077142857144292,1.0533545749979843E-6
27.09428571428715,1.0531600641380125E-6
27.11000000000144,1.0531659793180635E-6
27.1271428571443,1.0529339191331888E-6
27.142857142858585,1.0522188870181846E-6
27.160000000001446,1.0517232483209989E-6
27.175714285715735,1.0518113560642476E-6
27.192857142858593,1.0515379647982998E-6
27.210000000001454,1.0511938265282252E-6
27.225714285715743,1.0512469064162384E-6
27.2428571428586,1.050708991391275E-6
27.25857142857289,1.050655921413671E-6
27.27571428571575,1.0501732678256642E-6
27.29142857143004,1.0499731894761153E-6
27.308571428572897,1.0500053408798335E-6
27.324285714287186,1.0495764886877386E-6
27.341428571430047,1.0496141892992184E-6
27.357142857144336,1.049385536928717E-6
27.374285714287193,1.049102559174379E-6
27.390000000001482,1.048929044695484E-6
27.407142857144343,1.0488030137381427E-6
27.42285714285863,1.0483512119840858E-6
27.44000000000149,1.0483593993804887E-6
27.45714285714435,1.0479821909563336E-6
27.472857142858636,1.0472830514134848E-6
27.490000000001498,1.047350244077795E-6
27.505714285715786,1.0472088092567725E-6
27.522857142858644,1.0471348574169185E-6
27.538571428572933,1.0471593073927497E-6
27.555714285715794,1.0471763331166006E-6
27.571428571430083,1.0471155241199656E-6
27.58857142857294,1.0471358494534708E-6
27.60428571428723,1.0471632975308007E-6
27.62142857143009,1.0471388903514987E-6
27.63714285714438,1.0471206084788312E-6
27.654285714287237,1.0470889858549077E-6
27.670000000001526,1.0468039156342487E-6
27.687142857144387,1.0468235542559217E-6
27.702857142858672,1.0463927994721896E-6
27.720000000001534,1.0462144093141883E-6
27.737142857144395,1.04537549372203E-6
27.75285714285868,1.045342386089488E-6
27.77000000000154,1.045334570458257E-6
27.78571428571583,1.0449235751237183E-6
27.802857142858688,1.0449198892476277E-6
27.818571428572977,1.0449229455639823E-6
27.835714285715838,1.0443355433087066E-6
27.851428571430127,1.0442562803742614E-6
27.868571428572984,1.0442900845701943E-6
27.884285714287273,1.0440028994080945E-6
27.901428571430134,1.0437091937042152E-6
27.917142857144423,1.0432978851526945E-6
27.93428571428728,1.0430446568640187E-6
27.95000000000157,1.0430674757102529E-6
27.96714285714443,1.042939488022843E-6
27.98428571428729,1.042265994295315E-6
28.000000000001577,1.0419795898264711E-6
28.01714285714444,1.0419553352960319E-6
28.032857142858724,1.0419851255456308E-6
28.050000000001585,1.042036184870387E-6
28.065714285715874,1.0420723738178124E-6
28.08285714285873,1.0421174616095963E-6
28.09857142857302,1.0421284166679142E-6
28.11571428571588,1.0420337790976258E-6
28.13142857143017,1.0419733278121314E-6
28.148571428573028,1.0419671099356192E-6
28.164285714287317,1.0419013768250794E-6
28.181428571430178,1.041820976910216E-6
28.197142857144467,1.0416352118497511E-6
28.214285714287325,1.0416715796597635E-6
28.230000000001613,1.0411664014574646E-6
28.247142857144475,1.040418450281943E-6
28.264285714287332,1.0402207920992333E-6
28.28000000000162,1.040193068263778E-6
28.297142857144483,1.0399574284229908E-6
28.312857142858768,1.0395463746362296E-6
28.33000000000163,1.0395709452835254E-6
28.345714285715918,1.0395554308499347E-6
28.362857142858775,1.039110663579204E-6
28.378571428573064,1.038949201385959E-6
28.395714285715925,1.0386599184710263E-6
28.411428571430214,1.0385014173365747E-6
28.428571428573072,1.0380930235082463E-6
28.44428571428736,1.0376382336532247E-6
28.461428571430222,1.0375162922699831E-6
28.47714285714451,1.0375248910558652E-6
28.49428571428737,1.0375000455278096E-6
28.510000000001657,1.0374904899653718E-6
28.52714285714452,1.0370332928291468E-6
28.544285714287376,1.0367597975268061E-6
28.560000000001665,1.0368407810869015E-6
28.577142857144526,1.0364778217096462E-6
28.59285714285881,1.0360341426862545E-6
28.610000000001673,1.0360165747214024E-6
28.62571428571596,1.0359766855651822E-6
28.64285714285882,1.0355366816783436E-6
28.658571428573108,1.035551937742102E-6
28.67571428571597,1.0353903762509012E-6
28.691428571430258,1.0353725630721903E-6
28.708571428573116,1.0354892488163801E-6
28.724285714287404,1.0355516759289643E-6
28.741428571430266,1.0355716673190622E-6
28.757142857144554,1.0352931066421442E-6
28.774285714287412,1.0352251573843087E-6
28.791428571430274,1.035195881353924E-6
28.807142857144562,1.0351255673843888E-6
28.82428571428742,1.0349407755925479E-6
28.84000000000171,1.0349434890165408E-6
28.85714285714457,1.0348552767303148E-6
28.872857142858855,1.0343365584666326E-6
28.890000000001717,1.0343584521037322E-6
28.905714285716005,1.0340383499184944E-6
28.922857142858863,1.0340693977513767E-6
28.93857142857315,1.0340381599464486E-6
28.955714285716013,1.034028945539194E-6
28.9714285714303,1.034012927781971E-6
28.98857142857316,1.0336374734832203E-6
29.004285714287448,1.0337198342021454E-6
29.02142857143031,1.03347478706008E-6
29.037142857144598,1.0335707785921582E-6
29.054285714287456,1.0330336619088883E-6
29.071428571430317,1.033036323020126E-6
29.087142857144606,1.0329915965609149E-6
29.104285714287464,1.0328459180157101E-6
29.120000000001752,1.0328203019206271E-6
29.137142857144614,1.0325730285250745E-6
29.1528571428589,1.0323092446401427E-6
29.17000000000176,1.0322829804222234E-6
29.18571428571605,1.0318316831926937E-6
29.202857142858907,1.0317779676985153E-6
29.218571428573195,1.0318808564936597E-6
29.235714285716057,1.0317351428385455E-6
29.251428571430345,1.031625742796465E-6
29.268571428573203,1.0313587791388525E-6
29.284285714287492,1.0314042224414541E-6
29.301428571430353,1.0309043727470068E-6
29.317142857144642,1.030911729002077E-6
29.3342857142875,1.0307267240840406E-6
29.35142857143036,1.0305177331118375E-6
29.36714285714465,1.0306524770276667E-6
29.384285714287508,1.030150849835064E-6
29.400000000001796,1.0301771070180712E-6
29.417142857144658,1.0297876058825665E-6
29.432857142858943,1.0295578489601348E-6
29.450000000001804,1.0294942279801768E-6
29.465714285716093,1.0295916362744664E-6
29.48285714285895,1.0296690148791542E-6
29.49857142857324,1.029410906309245E-6
29.5157142857161,1.0292320162329797E-6
29.53142857143039,1.0291924472146147E-6
29.548571428573247,1.029266808945974E-6
29.564285714287536,1.029042093785713E-6
29.581428571430397,1.0288494789364514E-6
29.598571428573255,1.0283316667195035E-6
29.614285714287544,1.0279180721228222E-6
29.631428571430405,1.027743288627489E-6
29.647142857144694,1.0274000626154164E-6
29.66428571428755,1.0273959550843358E-6
29.68000000000184,1.0273852318058443E-6
29.6971428571447,1.0271645579477114E-6
29.712857142858986,1.0271103926122897E-6
29.730000000001848,1.0269898857440968E-6
29.745714285716137,1.0270423842943313E-6
29.762857142858994,1.0268227205534135E-6
29.778571428573283,1.0260853249865352E-6
29.795714285716144,1.0260287981188413E-6
29.811428571430433,1.0260016393981433E-6
29.82857142857329,1.025793990395248E-6
29.84428571428758,1.025493877691513E-6
29.86142857143044,1.025265635072017E-6
29.8785714285733,1.0250614012009935E-6
29.894285714287587,1.0250744946672237E-6
29.91142857143045,1.0249636160218127E-6
29.927142857144737,1.025049171150817E-6
29.944285714287595,1.0243785002998446E-6
29.960000000001884,1.0241854111896888E-6
29.977142857144745,1.023729217384217E-6
29.99285714285903,1.0233907247006094E-6
30.01000000000189,1.0234084597886841E-6
30.02571428571618,1.0234462743499516E-6
30.042857142859038,1.0234285578862702E-6
30.058571428573327,1.0232887663409538E-6
30.075714285716188,1.0232243686687508E-6
30.091428571430477,1.0230268366849614E-6
30.108571428573335,1.0228754803955118E-6
30.125714285716196,1.0223498284938347E-6
30.141428571430485,1.0216930310980495E-6
30.158571428573342,1.0213950168959853E-6
30.17428571428763,1.0206360746296415E-6
30.191428571430492,1.0205179644288549E-6
30.20714285714478,1.020205289315363E-6
30.22428571428764,1.020146451918868E-6
30.240000000001928,1.0201811762756884E-6
30.25714285714479,1.0201784679724814E-6
30.272857142859074,1.0202173780947634E-6
30.290000000001935,1.0202367039442542E-6
30.305714285716224,1.0199297575092246E-6
30.322857142859082,1.0197718522343591E-6
30.33857142857337,1.0197478095516421E-6
30.355714285716232,1.019724099946895E-6
30.37142857143052,1.0197141180845402E-6
30.38857142857338,1.0195009113236002E-6
30.40571428571624,1.0193373254250408E-6
30.42142857143053,1.0190701935776264E-6
30.438571428573386,1.0190142518752716E-6
30.454285714287675,1.0187130786634135E-6
30.471428571430536,1.018697454841221E-6
30.487142857144825,1.018600141442985E-6
30.504285714287683,1.0185888801614614E-6
30.52000000000197,1.0184308206294048E-6
30.537142857144833,1.0184918541257301E-6
30.552857142859118,1.018461726272717E-6
30.57000000000198,1.0183338536890676E-6
30.585714285716268,1.0180781586049533E-6
30.602857142859126,1.0180359936551758E-6
30.618571428573414,1.0180174563406883E-6
30.635714285716276,1.0173947487351606E-6
30.651428571430564,1.0174513667261448E-6
30.668571428573422,1.0174739176811826E-6
30.685714285716283,1.0175827439231924E-6
30.701428571430572,1.0175062065303445E-6
30.71857142857343,1.0172328983325872E-6
30.73428571428772,1.01712120536462E-6
30.75142857143058,1.0172140981509342E-6
30.76714285714487,1.01718596685941E-6
30.784285714287726,1.017182071618176E-6
30.800000000002015,1.0172388024771871E-6
30.817142857144876,1.0165315595385331E-6
30.83285714285916,1.0160711621820508E-6
30.850000000002023,1.0160839223758715E-6
30.86571428571631,1.0158117491578554E-6
30.88285714285917,1.015466457471195E-6
30.898571428573458,1.0155702087971815E-6
30.91571428571632,1.0155133817975976E-6
30.932857142859177,1.0155145287209663E-6
30.948571428573466,1.0154862471630943E-6
30.965714285716327,1.0152160878131237E-6
30.981428571430616,1.0152505278687486E-6
30.998571428573474,1.0150973509949297E-6
31.014285714287762,1.0148972919268311E-6
31.031428571430624,1.014640563454519E-6
31.047142857144912,1.0147110246719324E-6
31.06428571428777,1.0145551040757398E-6
31.08000000000206,1.0146434019754037E-6
31.09714285714492,1.014431239814237E-6
31.112857142859205,1.0138684771295184E-6
31.130000000002067,1.0134208374344421E-6
31.145714285716355,1.0134081204462292E-6
31.162857142859213,1.013219898523627E-6
31.178571428573502,1.0129534673004315E-6
31.195714285716363,1.0125815710337981E-6
31.21285714285922,1.0125370202492287E-6
31.22857142857351,1.0126243801000392E-6
31.24571428571637,1.012476809673701E-6
31.26142857143066,1.0122584564744108E-6
31.278571428573517,1.0123637377718108E-6
31.294285714287806,1.0123843720570842E-6
31.311428571430667,1.012052032553627E-6
31.327142857144956,1.0120789323951276E-6
31.344285714287814,1.0118544551710975E-6
31.360000000002103,1.0116435996791627E-6
31.377142857144964,1.0111755482999915E-6
31.39285714285925,1.0112187609921047E-6
31.41000000000211,1.0110378224407978E-6
31.4257142857164,1.010552735878863E-6
31.442857142859257,1.0106064944879246E-6
31.458571428573546,1.0105458901961806E-6
31.475714285716407,1.0105951549482637E-6
31.492857142859265,1.0100680825935172E-6
31.508571428573553,1.0098269289913376E-6
31.525714285716415,1.009552031359622E-6
31.541428571430703,1.0095778402872934E-6
31.55857142857356,1.0089280722556714E-6
31.57428571428785,1.0087327267879063E-6
31.59142857143071,1.0087401242701172E-6
31.607142857145,1.0088022566697567E-6
31.624285714287858,1.008648233915024E-6
31.640000000002146,1.0086447670721236E-6
31.657142857145008,1.008440862276211E-6
31.672857142859293,1.0080084741570017E-6
31.690000000002154,1.007944664418279E-6
31.705714285716443,1.0080628110369919E-6
31.7228571428593,1.0078208922455029E-6
31.740000000002162,1.007892760255945E-6
31.75571428571645,1.0078724725055402E-6
31.77285714285931,1.0076477203851522E-6
31.788571428573597,1.0075970917210989E-6
31.80571428571646,1.0074067333697308E-6
31.821428571430747,1.0074139900223558E-6
31.838571428573605,1.0074734985426196E-6
31.854285714287894,1.0074887267343842E-6
31.871428571430755,1.0071149631336021E-6
31.887142857145044,1.0068082590859783E-6
31.9042857142879,1.0067534113270643E-6
31.92000000000219,1.006787347023243E-6
31.93714285714505,1.0068297577269672E-6
31.952857142859337,1.0067839764393398E-6
31.970000000002198,1.0068280464154505E-6
31.985714285716487,1.0068520537933159E-6
32.00285714285935,1.0061263269240475E-6
32.0200000000022,1.006110514302324E-6
32.03571428571648,1.0056195924769652E-6
32.05285714285934,1.0056164888387848E-6
32.06857142857362,1.0054673579571928E-6
32.08571428571647,1.0051810812178323E-6
32.10142857143075,1.0049391927553376E-6
32.11857142857361,1.0047484537989511E-6
32.13428571428789,1.0037587693112108E-6
32.15142857143074,1.0038059293633033E-6
32.16714285714502,1.0033833239581029E-6
32.18428571428788,1.0033570980907107E-6
32.20000000000216,1.0031419753057462E-6
32.217142857145014,1.0031818274661513E-6
32.2328571428593,1.0031784552467048E-6
32.25000000000215,1.0029822975564342E-6
32.267142857145004,1.0029647632422444E-6
32.26857142857358,1.0029717536355253E-6
32.27000000000215,1.002977150223271E-6
32.27142857143072,1.0030045622298284E-6
32.272857142859294,1.0029966947166687E-6
32.27428571428786,1.0030080941936736E-6
32.27571428571643,1.0030188652692871E-6
32.277142857145,1.00302557256631E-6
32.27857142857358,1.0030303126267654E-6
32.28000000000215,1.0030330651814336E-6
32.281428571430716,1.0028026573774779E-6
32.28285714285929,1.0028171321398763E-6
32.28428571428786,1.002827379418471E-6
32.28571428571643,1.0028009107002193E-6
32.287142857145,1.0028014270624769E-6
32.288571428573576,1.0028004612183929E-6
32.290000000002145,1.0028003648687185E-6
32.291428571430714,1.0027945062363427E-6
32.29285714285929,1.002811057542067E-6
32.29428571428786,1.0025869664743856E-6
32.29571428571643,1.0025686660173064E-6
32.297142857145,1.0025776781186366E-6
32.298571428573574,1.0025841402910926E-6
32.30000000000214,1.0025892696256658E-6
32.30142857143071,1.0025530690424095E-6
32.30285714285929,1.0025154508738537E-6
32.30428571428786,1.0025271188872018E-6
32.30571428571643,1.0025367552219067E-6
32.307142857144996,1.0025146986168866E-6
32.30857142857357,1.0025193842347697E-6
32.31000000000214,1.0025221059308479E-6
32.31142857143071,1.0022729462955718E-6
32.312857142859286,1.0022852252445092E-6
32.314285714287855,1.002284043928189E-6
32.315714285716425,1.0022569068476213E-6
32.317142857144994,1.0022574053129921E-6
32.31857142857357,1.0022528522139605E-6
32.32000000000214,1.0022526599165488E-6
32.32142857143071,1.0022686787754167E-6
32.322857142859284,1.002225346843636E-6
32.32428571428785,1.0022079489647277E-6
32.32571428571642,1.0022197324029005E-6
32.32714285714499,1.002228702551574E-6
32.32857142857357,1.0022355964440133E-6
32.33000000000214,1.0022409009874668E-6
32.331428571430706,1.002263403434607E-6
32.33285714285928,1.0022811156353231E-6
32.33428571428785,1.0022680430622264E-6
32.33571428571642,1.0022785421755815E-6
32.33714285714499,1.002285634402089E-6
32.338571428573566,1.002290380395799E-6
32.340000000002135,1.0022932735974057E-6
32.341428571430704,1.0022900510172934E-6
32.34285714285928,1.0022691140735463E-6
32.34428571428785,1.0022769111171624E-6
32.34571428571642,1.0022821988996084E-6
32.34714285714499,1.0022832796704998E-6
32.348571428573564,1.00228258891224E-6
32.35000000000213,1.002275525118749E-6
32.3514285714307,1.0022861062967996E-6
32.35285714285928,1.0020670333845958E-6
32.35428571428785,1.002082710693278E-6
32.35571428571642,1.0020945276465147E-6
32.357142857144986,1.0021035369448377E-6
32.35857142857356,1.0021100946541732E-6
32.36000000000213,1.0021154870422956E-6
32.3614285714307,1.0018510611612822E-6
32.362857142859276,1.0018711064361772E-6
32.364285714287846,1.0018856234251976E-6
32.365714285716415,1.0018910078234833E-6
32.367142857144984,1.0018980582935798E-6
32.36857142857356,1.0018988011059567E-6
32.37000000000213,1.001901778589786E-6
32.3714285714307,1.001894184538694E-6
32.372857142859274,1.00188268781144E-6
32.37428571428784,1.0018943998134657E-6
32.37571428571641,1.0018995637501484E-6
32.37714285714498,1.0019004856610144E-6
32.37857142857356,1.0018994054223871E-6
32.38000000000213,1.0018985605643234E-6
32.381428571430696,1.0018565847151884E-6
32.38285714285927,1.0018723772976041E-6
32.38428571428784,1.0018882938278297E-6
32.38571428571641,1.0019006502672126E-6
32.38714285714498,1.001909931964533E-6
32.388571428573556,1.001917182191043E-6
32.390000000002125,1.0019227816308827E-6
32.391428571430694,1.0019440133564367E-6
32.39285714285927,1.0019324861256033E-6
32.39428571428784,1.0019476371538097E-6
32.39571428571641,1.001958322437945E-6
32.39714285714498,1.001965620140608E-6
32.398571428573554,1.001970018067698E-6
32.40000000000212,1.0019731162837772E-6
32.40142857143069,1.0019082547606826E-6
32.40285714285927,1.001919341080384E-6
32.40428571428784,1.0018926464047607E-6
32.40571428571641,1.0016411695630014E-6
32.407142857144976,1.0016416413622436E-6
32.40857142857355,1.0016395993523261E-6
32.41000000000212,1.0016382923731331E-6
32.41142857143069,1.001631169478412E-6
32.412857142859266,1.0016463084248066E-6
32.414285714287836,1.0014212696639921E-6
32.415714285716405,1.0014324068820407E-6
32.417142857144974,1.0014413372886686E-6
32.41857142857355,1.0014189448716714E-6
32.42000000000212,1.0014245781741297E-6
32.42142857143069,1.0013887191585403E-6
32.422857142859264,1.0013790955627659E-6
32.424285714287834,1.0013937509144454E-6
32.4257142857164,1.0014042124464337E-6
32.42714285714497,1.0014112656896593E-6
32.42857142857355,1.001415801072239E-6
32.43000000000212,1.0014187598929563E-6
32.431428571430686,1.001402723986082E-6
32.43285714285926,1.0014149487555124E-6
32.43428571428783,1.00135427931046E-6
32.4357142857164,1.0013589816514603E-6
32.43714285714497,1.00135912062628E-6
32.438571428573546,1.0013572626159628E-6
32.440000000002115,1.0013559128636649E-6
32.441428571430684,1.001044440390251E-6
32.44285714285926,1.0010620741030728E-6
32.44428571428783,1.001014408181859E-6
32.4457142857164,1.001022810957812E-6
32.44714285714497,1.0010321585904747E-6
32.448571428573544,1.0010394260719217E-6
32.45000000000211,1.0010450638733813E-6
32.45857142857354,1.0010250987166877E-6
32.46000000000211,1.0010279347109316E-6
32.46142857143068,1.0010097628154313E-6
32.46285714285926,1.00099460729158E-6
32.464285714287826,1.001005375399149E-6
32.465714285716395,1.0010094844767827E-6
32.467142857144964,1.0010087208478714E-6
32.46857142857354,1.0010066476605338E-6
32.47000000000211,1.0010053518400012E-6
32.47142857143068,1.00093248240445E-6
32.472857142859255,1.0009510284806061E-6
32.474285714287824,1.000962990761605E-6
32.47571428571639,1.000941867492736E-6
32.47714285714496,1.0009512797083038E-6
32.47857142857354,1.0009585924710792E-6
32.48000000000211,1.0009335628659627E-6
32.481428571430676,1.0009309653629536E-6
32.48285714285925,1.0009241779233027E-6
32.48428571428782,1.000939762146875E-6
32.48571428571639,1.000920891652456E-6
32.48714285714496,1.000928011809351E-6
32.488571428573536,1.0009326671610149E-6
32.490000000002105,1.0009354235041647E-6
32.491428571430674,1.000932580648895E-6
32.49285714285925,1.0009181174751025E-6
32.49428571428782,1.0009243568728015E-6
32.49571428571639,1.0009284035831725E-6
32.49714285714496,1.0009247246284556E-6
32.498571428573534,1.0009227883459345E-6
32.5000000000021,1.0009219065851035E-6
32.50142857143067,1.0009163372815092E-6
32.50285714285925,1.0008826330564308E-6
32.50428571428782,1.0008982284347682E-6
32.50571428571639,1.0009102966425584E-6
32.507142857144956,1.000919746077283E-6
32.50857142857353,1.0009270293438707E-6
32.5100000000021,1.0009326882371423E-6
32.51142857143067,1.0006666126905457E-6
32.51285714285925,1.0006894664039404E-6
32.514285714287816,1.0007017717390883E-6
32.515714285716385,1.0007120280659695E-6
32.517142857144954,1.000718705554579E-6
32.51857142857353,1.000723342109936E-6
32.5200000000021,1.0007260063556296E-6
32.52142857143067,1.0007309658695517E-6
32.522857142859245,1.0007487845006491E-6
32.524285714287814,1.0007589886649316E-6
32.52571428571638,1.0007627358739648E-6
32.52714285714495,1.0007625324572115E-6
32.52857142857353,1.00076109500973E-6
32.5300000000021,1.0007606446573814E-6
32.531428571430666,1.000746801192027E-6
32.53285714285924,1.0005048348476699E-6
32.53428571428781,1.0004905257227783E-6
32.53571428571638,1.0005020434195503E-6
32.53714285714495,1.0005111630699356E-6
32.538571428573526,1.000518159375964E-6
32.540000000002095,1.0005235372673267E-6
32.541428571430664,1.000495921454093E-6
32.54285714285924,1.0004877335422504E-6
32.54428571428781,1.000502550481809E-6
32.54571428571638,1.0005132799493045E-6
32.54714285714495,1.0005193197268704E-6
32.548571428573524,1.0005240747903638E-6
32.55000000000209,1.0005267501989933E-6
32.55142857143066,1.0003001876191416E-6
32.55285714285924,1.0002879415241367E-6
32.55428571428781,1.0002975330926775E-6
32.55571428571638,1.0003008483776097E-6
32.557142857144946,1.0003012360052199E-6
32.55857142857352,1.0003000129273302E-6
32.56000000000209,1.000300320382739E-6
32.56142857143066,1.0003097754551785E-6
32.56285714285924,1.0002950588258512E-6
32.564285714287806,1.0003104811177007E-6
32.565714285716375,1.0003186450179355E-6
32.567142857144944,1.0003276402381445E-6
32.56857142857352,1.0003345207125572E-6
32.57000000000209,1.0003397788617049E-6
32.57142857143066,1.0003591356585383E-6
32.572857142859235,1.0003777601336245E-6
32.574285714287804,1.0003560060111786E-6
32.57571428571637,1.0003354180856671E-6
32.57714285714494,1.000342355589927E-6
32.57857142857352,1.0003471449923678E-6
32.58000000000209,1.0003499975271323E-6
32.581428571430656,1.0003769561290629E-6
32.58285714285923,1.000120578661355E-6
32.5842857142878,1.0001313364150988E-6
32.58571428571637,1.0001365268538667E-6
32.58714285714494,1.0001375639748699E-6
32.588571428573516,1.0001371602456405E-6
32.590000000002085,1.0001373547153953E-6
32.591428571430654,1.000152798333079E-6
32.59285714285923,1.0001683374064822E-6
32.5942857142878,1.0001789807556027E-6
32.59571428571637,1.0001608198921049E-6
32.59714285714494,1.0001699669454288E-6
32.598571428573514,1.0001760260438331E-6
32.60000000000208,1.0001813748382678E-6
32.60142857143065,1.0001513778567769E-6
32.60285714285923,1.0001734797503005E-6
32.6042857142878,1.0001891081665083E-6
32.60571428571637,1.0001704033456636E-6
32.607142857144936,1.000177670078981E-6
32.60857142857351,1.0001824375678857E-6
32.61000000000208,1.0001855012836364E-6
32.61142857143065,9.999149708016189E-7
32.61285714285923,9.999033675549315E-7
32.614285714287796,9.99911732165E-7
32.615714285716365,9.998881180324482E-7
32.617142857144934,9.998897137105914E-7
32.61857142857351,9.998893818058446E-7
32.62000000000208,9.998892030926877E-7
32.62142857143065,9.999087099213483E-7
32.622857142859225,9.999177467325104E-7
32.624285714287794,9.999045951812214E-7
32.62571428571636,9.99909235664499E-7
32.62714285714493,9.998889376429238E-7
32.62857142857351,9.998955983385621E-7
32.63000000000208,9.999010431577603E-7
32.63142857143065,9.998818476549139E-7
32.63285714285922,9.998480809141117E-7
32.63428571428779,9.998587019601338E-7
32.63571428571636,9.998386814671088E-7
32.63714285714493,9.998458984921094E-7
32.638571428573506,9.998508972290858E-7
32.640000000002075,9.998504550946548E-7
32.641428571430644,9.998312663065883E-7
32.64285714285922,9.9984558634115E-7
32.64428571428779,9.998581769324512E-7
32.64571428571636,9.99864471634833E-7
32.64714285714493,9.998658865924573E-7
32.648571428573504,9.998359720861515E-7
32.65000000000207,9.998350589378953E-7
32.65142857143064,9.995457948829652E-7
32.65285714285922,9.993249283084588E-7
32.65428571428779,9.993113022999492E-7
32.65571428571636,9.993231503793156E-7
32.657142857144926,9.993325788205605E-7
32.6585714285735,9.993398603031383E-7
32.66000000000207,9.993455106103216E-7
32.66142857143064,9.993452837820934E-7
32.66285714285922,9.993584083183599E-7
32.664285714287786,9.993738268878485E-7
32.665714285716355,9.9938434905394E-7
32.667142857144924,9.993906230147137E-7
32.6685714285735,9.993953083558083E-7
32.67000000000207,9.993983686234367E-7
32.67142857143064,9.993913661823104E-7
32.672857142859215,9.994065969150587E-7
32.674285714287784,9.994160801304911E-7
32.67571428571635,9.994217274079491E-7
32.67714285714492,9.994189188578048E-7
32.6785714285735,9.99417537139822E-7
32.68000000000207,9.99416163871527E-7
32.68142857143064,9.994133018639367E-7
32.68285714285921,9.994328201794174E-7
32.68428571428778,9.994463844262742E-7
32.68571428571635,9.99458980720625E-7
32.68714285714492,9.994687792132465E-7
32.688571428573496,9.994763631240296E-7
32.690000000002065,9.994821374518193E-7
32.691428571430635,9.995031747765956E-7
32.69285714285921,9.994932414733917E-7
32.69428571428778,9.995090699070123E-7
32.69571428571635,9.995200543928073E-7
32.69714285714492,9.995275207878599E-7
32.698571428573494,9.995325044404862E-7
32.70000000000206,9.995327381883002E-7
32.70142857143063,9.994916562951092E-7
32.70285714285921,9.994959022390728E-7
32.70428571428778,9.992651332475356E-7
32.70571428571635,9.99239834943189E-7
32.707142857144916,9.992401924574545E-7
32.70857142857349,9.992383767794276E-7
32.71000000000206,9.99237169800723E-7
32.71142857143063,9.99196682213312E-7
32.71285714285921,9.992167281477645E-7
32.714285714287776,9.992144859212064E-7
32.715714285716345,9.992260584943708E-7
32.717142857144914,9.99206046891578E-7
32.71857142857349,9.992135497458483E-7
32.72000000000206,9.99219275267761E-7
32.72142857143063,9.991781769785834E-7
32.722857142859205,9.99201558164304E-7
32.724285714287774,9.991559091819238E-7
32.72571428571634,9.991342351212285E-7
32.72714285714491,9.991415714230815E-7
32.72857142857349,9.991463631107307E-7
32.73000000000206,9.99149336648935E-7
32.73142857143063,9.98883526878903E-7
32.7328571428592,9.98898687420474E-7
32.73428571428777,9.98880859812923E-7
32.73571428571634,9.988848455009879E-7
32.73714285714491,9.988850729531009E-7
32.738571428573486,9.988834918083598E-7
32.740000000002055,9.988825757264014E-7
32.741428571430625,9.986329867636083E-7
32.7428571428592,9.984149099072077E-7
32.74428571428777,9.984308190607392E-7
32.74571428571634,9.984424183236815E-7
32.74714285714491,9.9845163295328E-7
32.748571428573484,9.98458768292837E-7
32.75000000000205,9.984643091081495E-7
32.75142857143062,9.982038664654491E-7
32.7528571428592,9.981918400419085E-7
32.75428571428777,9.982069133704833E-7
32.75571428571634,9.982172845646587E-7
32.757142857144906,9.982242269566907E-7
32.75857142857348,9.98228851699795E-7
32.76000000000205,9.982316144408122E-7
32.76142857143062,9.979558447997202E-7
32.7628571428592,9.977352810707204E-7
32.764285714287766,9.977453572584133E-7
32.765714285716335,9.977196951378893E-7
32.767142857144904,9.97718947715826E-7
32.76857142857348,9.977172568697935E-7
32.77000000000205,9.97685712837031E-7
32.77142857143062,9.976711932392612E-7
32.772857142859195,9.976853489759173E-7
32.774285714287764,9.976711310041481E-7
32.77571428571633,9.976826584618479E-7
32.7771428571449,9.976638553640241E-7
32.77857142857348,9.976706811634511E-7
32.78000000000205,9.976759656969435E-7
32.78142857143062,9.97408636569774E-7
32.78285714285919,9.97187572753436E-7
32.78428571428776,9.972008974485752E-7
32.78571428571633,9.972106289856996E-7
32.7871428571449,9.9718742049172E-7
32.788571428573476,9.971912730178402E-7
32.790000000002046,9.971936901788787E-7
32.791428571430615,9.97211704805437E-7
32.79285714285919,9.972282819527147E-7
32.79428571428776,9.972384043867812E-7
32.79571428571633,9.97242532105016E-7
32.7971428571449,9.9724250915345E-7
32.798571428573474,9.97237421103633E-7
32.80000000000204,9.97236511562779E-7
32.80142857143061,9.97190810591016E-7
32.80285714285919,9.971753752155693E-7
32.80428571428776,9.97190009504555E-7
32.80571428571633,9.972013070005158E-7
32.807142857144896,9.972099446374472E-7
32.80857142857347,9.972163516221346E-7
32.81000000000204,9.972215411143063E-7
32.81142857143061,9.972006642397404E-7
32.81285714285919,9.972164920305345E-7
32.814285714287756,9.972303358513638E-7
32.815714285716325,9.972109474757413E-7
32.817142857144894,9.972175923645905E-7
32.81857142857347,9.972217496093567E-7
32.82000000000204,9.972244987534162E-7
32.82142857143061,9.972167460054123E-7
32.822857142859185,9.97229680591921E-7
32.824285714287754,9.972405596907698E-7
32.82571428571632,9.972152931708004E-7
32.82714285714489,9.972158015945087E-7
32.82857142857347,9.96970402438973E-7
32.83000000000204,9.969694178347487E-7
32.83142857143061,9.969851698930394E-7
32.83285714285918,9.969463931717336E-7
32.83428571428775,9.969607871185017E-7
32.83571428571632,9.969718247979673E-7
32.83714285714489,9.969761775812594E-7
32.83857142857347,9.96982496619033E-7
32.840000000002036,9.969877338777716E-7
32.841428571430605,9.970105928096928E-7
32.84285714285918,9.970023727277617E-7
32.84428571428775,9.970129881823726E-7
32.84571428571632,9.970226413876173E-7
32.84714285714489,9.970293847900361E-7
32.848571428573464,9.970338947217045E-7
32.850000000002034,9.970367692283607E-7
32.8514285714306,9.967788696082127E-7
32.85285714285918,9.967958273888154E-7
32.85428571428775,9.96806717749087E-7
32.85571428571632,9.968114103803487E-7
32.857142857144886,9.968116258100852E-7
32.85857142857346,9.968099930113512E-7
32.86000000000203,9.968086098761676E-7
32.8614285714306,9.967967954389287E-7
32.86285714285918,9.965691921180802E-7
32.864285714287746,9.965838726860008E-7
32.865714285716315,9.96595225836641E-7
32.867142857144884,9.965846122400227E-7
32.86857142857346,9.9659143820771E-7
32.87000000000203,9.96596723951159E-7
32.8714285714306,9.9661973482426E-7
32.872857142859175,9.965770759813938E-7
32.874285714287744,9.965914132963243E-7
32.87571428571631,9.966012251592863E-7
32.87714285714488,9.96607700152843E-7
32.87857142857346,9.966120209262776E-7
32.88000000000203,9.966147774581182E-7
32.8814285714306,9.965563904710834E-7
32.88285714285917,9.965700146919761E-7
32.88428571428774,9.96309525314489E-7
32.88571428571631,9.962842028253357E-7
32.88714285714488,9.962840440388678E-7
32.88857142857346,9.96046472072268E-7
32.890000000002026,9.96044791898619E-7
32.891428571430595,9.960583064392262E-7
32.89285714285917,9.96045152182817E-7
32.89428571428774,9.960555544199615E-7
32.89571428571631,9.96066828259748E-7
32.89714285714488,9.960754800455637E-7
32.898571428573455,9.960822309459086E-7
32.900000000002024,9.960874781846887E-7
32.90142857143059,9.96078885139732E-7
32.90285714285917,9.960811566155714E-7
32.90428571428774,9.960909501663415E-7
32.90571428571631,9.960955860185822E-7
32.907142857144876,9.961019447578092E-7
32.90857142857345,9.961061321026643E-7
32.91000000000202,9.961087781164943E-7
32.91142857143059,9.958715888489234E-7
32.91285714285917,9.9585101807585E-7
32.914285714287736,9.958573471472222E-7
32.915714285716305,9.958600688543948E-7
32.917142857144874,9.958594930554658E-7
32.91857142857345,9.95857259591771E-7
32.92000000000202,9.958555450837066E-7
32.92142857143059,9.955668739380984E-7
32.922857142859165,9.95553784464969E-7
32.924285714287734,9.955483022060672E-7
32.9257142857163,9.955592091605024E-7
32.92714285714487,9.95567669178336E-7
32.92857142857345,9.955706457408472E-7
32.93000000000202,9.955758132735316E-7
32.93142857143059,9.955097122723578E-7
32.93285714285916,9.955251693883637E-7
32.93428571428773,9.9550874793192E-7
32.9357142857163,9.955180182443586E-7
32.93714285714487,9.954654220659904E-7
32.93857142857345,9.954652354916567E-7
32.940000000002016,9.954674148322408E-7
32.941428571430585,9.954566736003783E-7
32.94285714285916,9.954682519079526E-7
32.94428571428773,9.954776713475995E-7
32.9457142857163,9.95450817192277E-7
32.94714285714487,9.954500111274468E-7
32.948571428573445,9.954474621206292E-7
32.950000000002014,9.954458562574291E-7
32.95142857143058,9.953997428979106E-7
32.95285714285916,9.953713639923167E-7
32.95428571428773,9.95384470582711E-7
32.9557142857163,9.95350431756603E-7
32.957142857144866,9.953587608154258E-7
32.95857142857344,9.953653018585503E-7
32.96000000000201,9.953704065395505E-7
32.96142857143058,9.953898273208934E-7
32.96285714285916,9.95405940921167E-7
32.964285714287726,9.95415255532365E-7
32.965714285716295,9.954246691769526E-7
32.967142857144864,9.954308664256995E-7
32.96857142857344,9.954349422627333E-7
32.97000000000201,9.954374590593519E-7
32.97142857143058,9.954333936858188E-7
32.972857142859155,9.954488940814907E-7
32.974285714287724,9.954487120076349E-7
32.97571428571629,9.954522725650135E-7
32.97714285714486,9.95451739215566E-7
32.97857142857344,9.954477127139523E-7
32.98000000000201,9.95446377224998E-7
32.98142857143058,9.954323925406705E-7
32.98285714285915,9.954462172579714E-7
32.98428571428772,9.9545998546497E-7
32.98571428571629,9.95470158114598E-7
32.98714285714486,9.95478657893986E-7
32.98857142857344,9.954851316247819E-7
32.990000000002006,9.954902763049021E-7
32.991428571430575,9.954331184380555E-7
32.99285714285915,9.954528180612106E-7
32.99428571428772,9.954466973927447E-7
32.99571428571629,9.954218664936732E-7
32.99714285714486,9.954282003511162E-7
32.998571428573435,9.95432390424664E-7
33.000000000002004,9.954349450918597E-7
33.00142857143057,9.954073696436351E-7
33.00285714285915,9.954229945527724E-7
33.00428571428772,9.954026287607487E-7
33.00571428571629,9.954064408948226E-7
33.007142857144856,9.954057262576255E-7
33.00857142857343,9.95403807250196E-7
33.010000000002,9.95402649257609E-7
33.01142857143057,9.953337759602586E-7
33.01285714285915,9.953183762094609E-7
33.014285714287716,9.95299750408105E-7
33.015714285716285,9.953109012808728E-7
33.017142857144854,9.953190096246744E-7
33.01857142857343,9.9532564816087E-7
33.020000000002,9.95330780524598E-7
33.02142857143057,9.953564976639524E-7
33.022857142859145,9.951276392945593E-7
33.024285714287714,9.951071354335108E-7
33.02571428571628,9.951166588435532E-7
33.02714285714485,9.951224261572053E-7
33.02857142857343,9.951265452173286E-7
33.030000000002,9.951291488028096E-7
33.03142857143057,9.951501178599333E-7
33.03285714285914,9.951601162364126E-7
33.03428571428771,9.951623083127054E-7
33.03571428571628,9.95166373395205E-7
33.03714285714485,9.951662790723137E-7
33.03857142857343,9.951645498768666E-7
33.040000000001996,9.95163333477621E-7
33.041428571430565,9.95152551389666E-7
33.04285714285914,9.951143619068704E-7
33.04428571428771,9.951247835848305E-7
33.04571428571628,9.951018844256877E-7
33.04714285714485,9.95110332959051E-7
33.048571428573425,9.951169583391064E-7
33.050000000001994,9.951221336759634E-7
33.05142857143056,9.951253403230457E-7
33.05285714285914,9.951101498000814E-7
33.05428571428771,9.948887165422264E-7
33.05571428571628,9.948978623599798E-7
33.05714285714485,9.949042518691325E-7
33.05857142857342,9.949084653840696E-7
33.06000000000199,9.949110811891684E-7
33.06142857143056,9.9489953438338E-7
33.06285714285914,9.948855071517369E-7
33.064285714287706,9.94892468798717E-7
33.065714285716275,9.94896634007548E-7
33.067142857144844,9.94896404579073E-7
33.06857142857342,9.948940724449022E-7
33.07000000000199,9.948927602191336E-7
33.07142857143056,9.946576120342684E-7
33.072857142859135,9.946222454740234E-7
33.074285714287704,9.946118735713885E-7
33.07571428571627,9.946229736487755E-7
33.07714285714484,9.94631504584315E-7
33.07857142857342,9.946381386868032E-7
33.08000000000199,9.946432887214807E-7
33.08142857143056,9.9464284288113E-7
33.08285714285913,9.946339238043286E-7
33.0842857142877,9.946480721749217E-7
33.08571428571627,9.946539983761252E-7
33.08714285714484,9.946604433278637E-7
33.08857142857342,9.946646530484911E-7
33.090000000001986,9.946673176524363E-7
33.091428571430555,9.946820748965774E-7
33.09285714285913,9.94686232089561E-7
33.0942857142877,9.946674787060966E-7
33.09571428571627,9.946712039034943E-7
33.09714285714484,9.946639653755029E-7
33.098571428573415,9.946618864992209E-7
33.100000000001984,9.94660428408436E-7
33.10142857143055,9.944366807292893E-7
33.10285714285913,9.944246512699972E-7
33.1042857142877,9.944394377849314E-7
33.10571428571627,9.944501243878152E-7
33.10714285714484,9.944586616861655E-7
33.10857142857341,9.9446537957895E-7
33.11000000000198,9.944705345164153E-7
33.11142857143055,9.944919468889227E-7
33.11285714285913,9.945046818046134E-7
33.114285714287696,9.945185518537686E-7
33.115714285716265,9.945282625356503E-7
33.117142857144835,9.945347437975714E-7
33.11857142857341,9.945390293322878E-7
33.12000000000198,9.945417080741582E-7
33.12142857143055,9.942903681561932E-7
33.122857142859125,9.943068679370242E-7
33.124285714287694,9.943166613372918E-7
33.12571428571626,9.943204859630327E-7
33.12714285714483,9.943200711689835E-7
33.12857142857341,9.943179205649885E-7
33.13000000000198,9.943164358129572E-7
33.13142857143055,9.94273981625846E-7
33.13285714285912,9.94287292418228E-7
33.13428571428769,9.942717205671704E-7
33.13571428571626,9.942829084481522E-7
33.13714285714483,9.942916125398389E-7
33.13857142857341,9.942983420898205E-7
33.140000000001976,9.943035817575883E-7
33.141428571430545,9.942638641842967E-7
33.14285714285912,9.942768826510367E-7
33.14428571428769,9.942629215351044E-7
33.14571428571626,9.942727072953618E-7
33.14714285714483,9.94279188046376E-7
33.148571428573405,9.942834090279095E-7
33.150000000001974,9.942860778987097E-7
33.15142857143054,9.943017900047418E-7
33.15285714285912,9.942896869465305E-7
33.15428571428769,9.942779904843524E-7
33.15571428571626,9.94252122241426E-7
33.15714285714483,9.942487682378719E-7
33.1585714285734,9.942466547786708E-7
33.16000000000197,9.942445476323642E-7
33.16142857143054,9.939951096514254E-7
33.16285714285912,9.939599816651196E-7
33.164285714287686,9.93974672534543E-7
33.165714285716255,9.939858361639883E-7
33.167142857144825,9.93994259923463E-7
33.1685714285734,9.940009393095633E-7
33.17000000000197,9.940061686971726E-7
33.17142857143054,9.939176438585874E-7
33.172857142859115,9.939023673983256E-7
33.174285714287684,9.939093629684608E-7
33.17571428571625,9.938858372020274E-7
33.17714285714482,9.93892221206334E-7
33.1785714285734,9.938963335793338E-7
33.18000000000197,9.938988831498416E-7
33.18142857143054,9.938484347927403E-7
33.18285714285911,9.93832106101515E-7
33.18428571428768,9.938377560011622E-7
33.18571428571625,9.938410826945512E-7
33.18714285714482,9.938406635028597E-7
33.1885714285734,9.938385737788442E-7
33.190000000001966,9.938371866828821E-7
33.191428571430535,9.938394141350636E-7
33.19285714285911,9.938569994155956E-7
33.19428571428768,9.938713995763287E-7
33.19571428571625,9.938303190159184E-7
33.19714285714482,9.938095191935443E-7
33.198571428573395,9.938159847556918E-7
33.200000000001964,9.93820930319825E-7
33.20142857143053,9.93786251852736E-7
33.20285714285911,9.935583489078747E-7
33.20428571428768,9.935703428979272E-7
33.20571428571625,9.935798690372318E-7
33.20714285714482,9.935826691544057E-7
33.20857142857339,9.935863408872421E-7
33.21000000000196,9.935887574649109E-7
33.21142857143053,9.933439042775957E-7
33.21285714285911,9.933601147141534E-7
33.214285714287676,9.933333877553145E-7
33.215714285716246,9.933368316339815E-7
33.217142857144815,9.933360478230482E-7
33.21857142857339,9.933338002197547E-7
33.22000000000196,9.93332496974236E-7
33.22142857143053,9.9328978347787E-7
33.222857142859105,9.933026458835386E-7
33.224285714287674,9.933126500964887E-7
33.22571428571624,9.93319902408946E-7
33.22714285714481,9.933246444019437E-7
33.22857142857339,9.93331172523617E-7
33.23000000000196,9.9333627034717E-7
33.23142857143053,9.932887488042694E-7
33.2328571428591,9.933042946230406E-7
33.23428571428767,9.933177362770372E-7
33.23571428571624,9.932961529892257E-7
33.23714285714481,9.933025192730345E-7
33.23857142857339,9.933066912180251E-7
33.240000000001956,9.933093061511689E-7
33.241428571430525,9.932806542673069E-7
33.2428571428591,9.932938189706291E-7
33.24428571428767,9.933005054779454E-7
33.24571428571624,9.933044800378882E-7
33.24714285714481,9.933041926206518E-7
33.248571428573385,9.93272735641988E-7
33.250000000001954,9.932714500353108E-7
33.25142857143052,9.93231807440321E-7
33.2528571428591,9.932494553484624E-7
33.25428571428767,9.932641229320644E-7
33.25571428571624,9.93275184222858E-7
33.25714285714481,9.932837743818809E-7
33.25857142857338,9.932612621335707E-7
33.26000000000195,9.932664181023572E-7
33.26142857143052,9.930255893081436E-7
33.2628571428591,9.92768661046273E-7
33.26428571428767,9.927808142731574E-7
33.265714285716236,9.927895304821866E-7
33.267142857144805,9.92795708618286E-7
33.26857142857338,9.927997577751975E-7
33.27000000000195,9.928023234632772E-7
33.27142857143052,9.92745705557368E-7
33.272857142859095,9.927618493041327E-7
33.274285714287664,9.927717606088616E-7
33.275714285716234,9.925384543008654E-7
33.2771428571448,9.925379490391238E-7
33.27857142857338,9.925357279660546E-7
33.28000000000195,9.925341790233623E-7
33.28142857143052,9.925106514726812E-7
33.28285714285909,9.924969309110243E-7
33.28428571428766,9.925110718063034E-7
33.28571428571623,9.925217540427273E-7
33.2871428571448,9.92529953281682E-7
33.28857142857338,9.925363424744466E-7
33.290000000001946,9.925413113840592E-7
33.291428571430515,9.925336763246758E-7
33.29285714285909,9.925007524492974E-7
33.29428571428766,9.924819242215187E-7
33.29571428571623,9.924910699345475E-7
33.2971428571448,9.924971792193325E-7
33.298571428573375,9.924983000074768E-7
33.300000000001944,9.925008546812721E-7
33.30142857143051,9.924523746889182E-7
33.30285714285909,9.924674601823272E-7
33.30428571428766,9.92477339125793E-7
33.30571428571623,9.924809103429736E-7
33.3071428571448,9.92479949536689E-7
33.30857142857337,9.924776761099116E-7
33.31000000000194,9.924759595503187E-7
33.31142857143051,9.92458860934216E-7
33.31285714285909,9.924698335246482E-7
33.31428571428766,9.9248430617915E-7
33.315714285716226,9.924946734821268E-7
33.317142857144795,9.922662533744261E-7
33.31857142857337,9.9227272930109E-7
33.32000000000194,9.92277816663891E-7
33.32142857143051,9.92299681587049E-7
33.322857142859085,9.922596300418194E-7
33.324285714287655,9.922727773493404E-7
33.325714285716224,9.92249754375162E-7
33.32714285714479,9.922558593003158E-7
33.32857142857337,9.922597713356869E-7
33.33000000000194,9.922618312810355E-7
33.33142857143051,9.922359923757626E-7
33.33285714285908,9.922505914533308E-7
33.33428571428765,9.92260570271825E-7
33.33571428571622,9.922641908260804E-7
33.33714285714479,9.922633813440822E-7
33.33857142857337,9.922609648332255E-7
33.340000000001936,9.922591210571532E-7
33.341428571430505,9.922428649629865E-7
33.34285714285908,9.922538170401202E-7
33.34428571428765,9.922404166436117E-7
33.34571428571622,9.922514414089701E-7
33.34714285714479,9.922596316214058E-7
33.348571428573365,9.922662540546419E-7
33.350000000001934,9.922714113599316E-7
33.3514285714305,9.922337003296892E-7
33.35285714285908,9.922536236941655E-7
33.35428571428765,9.922605470804276E-7
33.35571428571622,9.922654676867563E-7
33.35714285714479,9.922717275315837E-7
33.35857142857336,9.922757538015598E-7
33.36000000000193,9.92278327395047E-7
33.3614285714305,9.922653842457215E-7
33.36285714285908,9.922816800279451E-7
33.36428571428765,9.922610673836707E-7
33.365714285716216,9.922644743215607E-7
33.367142857144785,9.92248110164163E-7
33.36857142857336,9.92245088158667E-7
33.37000000000193,9.922432845521904E-7
33.3714285714305,9.9223815052667E-7
33.372857142859075,9.922523338289638E-7
33.374285714287645,9.922669589227503E-7
33.375714285716214,9.92278183854109E-7
33.37714285714478,9.92286847452357E-7
33.37857142857336,9.922901037152895E-7
33.38000000000193,9.922953615985747E-7
33.3814285714305,9.922806362531312E-7
33.38285714285907,9.92300952172111E-7
33.38428571428764,9.923113727784182E-7
33.38571428571621,9.923205327504563E-7
33.38714285714478,9.92326580487329E-7
33.38857142857336,9.923305875215765E-7
33.390000000001926,9.923331882425353E-7
33.391428571430495,9.923549672886687E-7
33.39285714285907,9.923604694065287E-7
33.39428571428764,9.923362033600008E-7
33.39571428571621,9.923325318100362E-7
33.39714285714478,9.923292275106216E-7
33.398571428573355,9.9232689796324E-7
33.400000000001924,9.923253840737981E-7
33.40142857143049,9.922742240078023E-7
33.40285714285907,9.92235234451676E-7
33.40428571428764,9.922463181210936E-7
33.40571428571621,9.922404893807585E-7
33.40714285714478,9.92249205586189E-7
33.40857142857335,9.922559584738327E-7
33.41000000000192,9.92261179053431E-7
33.41142857143049,9.921955996019906E-7
33.41285714285907,9.921578909373577E-7
33.41428571428764,9.921716106851873E-7
33.415714285716206,9.921814486415915E-7
33.417142857144775,9.921879921431482E-7
33.41857142857335,9.921922174101431E-7
33.42000000000192,9.921948511321544E-7
33.42142857143049,9.92217039610853E-7
33.422857142859066,9.921994554107657E-7
33.424285714287635,9.92205670947814E-7
33.425714285716204,9.921919749000306E-7
33.42714285714477,9.921915588125728E-7
33.42857142857335,9.921895212793235E-7
33.43000000000192,9.921882943255032E-7
33.43142857143049,9.918876964748029E-7
33.43285714285906,9.918768025780967E-7
33.43428571428763,9.91861047588298E-7
33.4357142857162,9.918719778804989E-7
33.43714285714477,9.918805092111061E-7
33.43857142857335,9.918871393369044E-7
33.440000000001916,9.91892325871427E-7
33.441428571430485,9.91860816679658E-7
33.44285714285906,9.91873725987367E-7
33.44428571428763,9.918836502887156E-7
33.4457142857162,9.918635224864968E-7
33.44714285714477,9.91870057885458E-7
33.448571428573345,9.918459616278616E-7
33.450000000001914,9.918485666573572E-7
33.45142857143048,9.916045071264473E-7
33.45285714285906,9.916170408607324E-7
33.45428571428763,9.913890196505874E-7
33.4557142857162,9.913926779544452E-7
33.45714285714477,9.913923497912635E-7
33.45857142857334,9.913900575622408E-7
33.46000000000191,9.913889464685071E-7
33.46142857143048,9.913501785428254E-7
33.46285714285906,9.913679199896696E-7
33.46428571428763,9.91374359457286E-7
33.465714285716196,9.91381618291471E-7
33.467142857144765,9.913897145039114E-7
33.46857142857334,9.913961767949487E-7
33.47000000000191,9.914010633701702E-7
33.47142857143048,9.91113030277621E-7
33.472857142859056,9.91091144837828E-7
33.474285714287625,9.91101151848185E-7
33.475714285716194,9.911030211281586E-7
33.47714285714476,9.911092411973007E-7
33.47857142857334,9.911133067988945E-7
33.48000000000191,9.91115921831752E-7
33.48142857143048,9.91104939215636E-7
33.482857142859054,9.911214442388798E-7
33.48428571428762,9.91131379967494E-7
33.48571428571619,9.911352329999203E-7
33.48714285714476,9.91135133383139E-7
33.48857142857334,9.911334282000116E-7
33.490000000001906,9.91132269918537E-7
33.491428571430475,9.91113193612874E-7
33.49285714285905,9.908907843808327E-7
33.49428571428762,9.909042813910477E-7
33.49571428571619,9.909149656738178E-7
33.49714285714476,9.909232057279193E-7
33.498571428573335,9.909295813545593E-7
33.500000000001904,9.909345364013749E-7
33.50142857143047,9.909617154314496E-7
33.50285714285905,9.909813154381583E-7
33.50428571428762,9.909942229874106E-7
33.50571428571619,9.910037406962765E-7
33.50714285714476,9.910100592735746E-7
33.50857142857333,9.910142077199506E-7
33.5100000000019,9.910169218274085E-7
33.51142857143047,9.91008314917568E-7
33.51285714285905,9.909899942069325E-7
33.51428571428762,9.9100000475023E-7
33.515714285716186,9.910036303949926E-7
33.517142857144755,9.91003798808058E-7
33.51857142857333,9.910021122134493E-7
33.5200000000019,9.910007749807837E-7
33.52142857143047,9.910159844647453E-7
33.522857142859046,9.91001319753149E-7
33.524285714287615,9.91011595969314E-7
33.525714285716184,9.910226388896487E-7
33.52714285714475,9.9103113813878E-7
33.52857142857333,9.91037760552177E-7
33.5300000000019,9.910428902018226E-7
33.53142857143047,9.909828105644547E-7
33.532857142859044,9.9073453401119E-7
33.53428571428761,9.906901883407907E-7
33.53571428571618,9.906996294259611E-7
33.53714285714475,9.90702239235387E-7
33.53857142857333,9.907063334250254E-7
33.540000000001896,9.907090498555304E-7
33.541428571430465,9.9059830908963E-7
33.54285714285904,9.903487713679224E-7
33.54428571428761,9.903551175758706E-7
33.54571428571618,9.903590748322078E-7
33.54714285714475,9.903587857733692E-7
33.548571428573325,9.903565084711096E-7
33.550000000001894,9.903547764020003E-7
33.55142857143046,9.903221001409537E-7
33.55285714285904,9.903048983567136E-7
33.55428571428761,9.90319178300187E-7
33.55571428571618,9.903300674057629E-7
33.55714285714475,9.903383276152452E-7
33.55857142857332,9.903448498695372E-7
33.56000000000189,9.903499016339886E-7
33.56142857143046,9.903764436631002E-7
33.56285714285904,9.903921680147289E-7
33.56428571428761,9.904020089470764E-7
33.565714285716176,9.904108407623824E-7
33.567142857144745,9.9041708164154E-7
33.56857142857332,9.904207067001195E-7
33.57000000000189,9.904196603258456E-7
33.57142857143046,9.903779945718748E-7
33.572857142859036,9.903897865389877E-7
33.574285714287605,9.903994912233459E-7
33.575714285716174,9.904032429320083E-7
33.57714285714474,9.904027935810216E-7
33.57857142857332,9.904004491864225E-7
33.58000000000189,9.903949617200586E-7
33.58142857143046,9.903837555681752E-7
33.582857142859034,9.903412246980336E-7
33.5842857142876,9.903558863444472E-7
33.58571428571617,9.903670310923175E-7
33.58714285714474,9.903756120221384E-7
33.58857142857332,9.903823320302337E-7
33.590000000001886,9.903875373170955E-7
33.591428571430455,9.903798717034018E-7
33.59285714285903,9.903955412165725E-7
33.5942857142876,9.90402641784875E-7
33.59571428571617,9.903825275056299E-7
33.59714285714474,9.903869243443596E-7
33.598571428573315,9.90391088243541E-7
33.600000000001884,9.903937323792268E-7
33.60142857143045,9.903771531300766E-7
33.60285714285903,9.903602833858586E-7
33.6042857142876,9.903414796228264E-7
33.60571428571617,9.903409419242235E-7
33.60714285714474,9.903404166623213E-7
33.60857142857331,9.90338151027069E-7
33.61000000000188,9.90336586353662E-7
33.61142857143045,9.903199535848196E-7
33.61285714285903,9.90334467413773E-7
33.6142857142876,9.903452454431841E-7
33.615714285716166,9.903564185503907E-7
33.617142857144735,9.903650737787696E-7
33.61857142857331,9.903718049151167E-7
33.62000000000188,9.90377019561855E-7
33.62142857143045,9.904003525966933E-7
33.622857142859026,9.90362595226552E-7
33.624285714287595,9.903468391644606E-7
33.625714285716164,9.903561649186315E-7
33.62714285714473,9.903588664276377E-7
33.62857142857331,9.90363114634203E-7
33.63000000000188,9.903657780313223E-7
33.63142857143045,9.903849750358376E-7
33.632857142859024,9.903726577907712E-7
33.63428571428759,9.903756699540314E-7
33.63571428571616,9.901397353860855E-7
33.63714285714473,9.901392573591454E-7
33.63857142857331,9.901371939710453E-7
33.640000000001876,9.90135932663018E-7
33.641428571430446,9.901495963046347E-7
33.64285714285902,9.901550286678516E-7
33.64428571428759,9.90169894186227E-7
33.64571428571616,9.90180251916464E-7
33.64714285714473,9.90188429277888E-7
33.648571428573305,9.901950674869316E-7
33.650000000001874,9.902000594279752E-7
33.65142857143044,9.902275810825125E-7
33.65285714285902,9.90246540727625E-7
33.65428571428759,9.902606507390429E-7
33.65571428571616,9.902706288503337E-7
33.65714285714473,9.902772112342759E-7
33.6585714285733,9.902814861588388E-7
33.66000000000187,9.902842325712293E-7
33.66142857143044,9.900132881124665E-7
33.66285714285902,9.899102273633434E-7
33.66428571428759,9.89888967970674E-7
33.665714285716156,9.898927649919775E-7
33.667142857144725,9.898920749423444E-7
33.6685714285733,9.89890168541171E-7
33.67000000000187,9.89889008935769E-7
33.67142857143044,9.898692201389185E-7
33.672857142859016,9.898868737652373E-7
33.674285714287585,9.899014500539698E-7
33.675714285716154,9.899125660252E-7
33.67714285714472,9.899210622155735E-7
33.6785714285733,9.899272597127818E-7
33.68000000000187,9.899323951819202E-7
33.68142857143044,9.898849513524815E-7
33.682857142859014,9.899051477482126E-7
33.68428571428758,9.898965390690045E-7
33.68571428571615,9.899063317860763E-7
33.68714285714472,9.898837644842039E-7
33.6885714285733,9.89887989794194E-7
33.69000000000187,9.898905914373213E-7
33.691428571430436,9.898126312432412E-7
33.69285714285901,9.898002553114644E-7
33.69428571428758,9.897800810275255E-7
33.69571428571615,9.89783615678225E-7
33.69714285714472,9.897837840549494E-7
33.698571428573295,9.897822974839051E-7
33.700000000001864,9.897813053086017E-7
33.701428571430434,9.897408431244421E-7
33.70285714285901,9.897509908292873E-7
33.70428571428758,9.89761877269159E-7
33.70571428571615,9.897724163533113E-7
33.70714285714472,9.897810525439852E-7
33.70857142857329,9.89787613822288E-7
33.71000000000186,9.897927060091717E-7
33.71142857143043,9.897447533747495E-7
33.71285714285901,9.897572583229453E-7
33.71428571428758,9.897713496986222E-7
33.715714285716146,9.89781205162014E-7
33.717142857144715,9.897841782842192E-7
33.71857142857329,9.897885677888564E-7
33.72000000000186,9.897914066156021E-7
33.72142857143043,9.897853661787196E-7
33.722857142859006,9.898023725923244E-7
33.724285714287575,9.898133146938617E-7
33.725714285716144,9.897865307407518E-7
33.72714285714471,9.897865766481486E-7
33.72857142857329,9.89782192878724E-7
33.73000000000186,9.897811781396748E-7
33.73142857143043,9.897967578593215E-7
33.732857142859004,9.89792663320224E-7
33.73428571428757,9.89807999307015E-7
33.73571428571614,9.898192153368936E-7
33.73714285714471,9.89828050621784E-7
33.73857142857329,9.89831327851286E-7
33.74000000000186,9.898366346913112E-7
33.741428571430426,9.898397686504932E-7
33.742857142859,9.898261321425209E-7
33.74428571428757,9.898097462692131E-7
33.74571428571614,9.898199386182582E-7
33.74714285714471,9.898231753479539E-7
33.748571428573285,9.898277054685937E-7
33.750000000001855,9.898270257980714E-7
33.751428571430424,9.897789996341223E-7
33.752857142859,9.897954084998025E-7
33.75428571428757,9.89784065979868E-7
33.75571428571614,9.897890124678137E-7
33.75714285714471,9.897894436872075E-7
33.75857142857328,9.897879164337137E-7
33.76000000000185,9.897866381816412E-7
33.76142857143042,9.897969297089683E-7
33.762857142859,9.897490185855653E-7
33.76428571428757,9.897649135496491E-7
33.765714285716136,9.897475485823203E-7
33.767142857144705,9.897567022620871E-7
33.76857142857328,9.897633722041611E-7
33.77000000000185,9.897688101491845E-7
33.77142857143042,9.89735465425366E-7
33.772857142858996,9.897569772706738E-7
33.774285714287565,9.897721438551305E-7
33.775714285716134,9.897825534013612E-7
33.7771428571447,9.89789470187505E-7
33.77857142857328,9.897940556912062E-7
33.78000000000185,9.897970515017224E-7
33.78142857143042,9.897436529003075E-7
33.782857142858994,9.897034049259477E-7
33.78428571428756,9.897149766628E-7
33.78571428571613,9.89719148402445E-7
33.7871428571447,9.896905480349944E-7
33.78857142857328,9.896889561434387E-7
33.79000000000185,9.89687710925978E-7
33.791428571430416,9.896846782386345E-7
33.79285714285899,9.89700604817534E-7
33.79428571428756,9.897162485660997E-7
33.79571428571613,9.897283692400973E-7
33.7971428571447,9.897375645073223E-7
33.798571428573275,9.897447302062547E-7
33.800000000001845,9.897501515795399E-7
33.801428571430414,9.897148365524593E-7
33.80285714285899,9.894991097053009E-7
33.80428571428756,9.895130846984691E-7
33.80571428571613,9.89519798158512E-7
33.8071428571447,9.895267220242063E-7
33.80857142857327,9.895313175951192E-7
33.81000000000184,9.895342546727317E-7
33.81142857143041,9.895023577036444E-7
33.81285714285899,9.892347249488151E-7
33.81428571428756,9.89216045748341E-7
33.815714285716126,9.892169973608374E-7
33.817142857144695,9.892167819118754E-7
33.81857142857327,9.892149826848904E-7
33.82000000000184,9.892138601574737E-7
33.82142857143041,9.892008575696197E-7
33.822857142858986,9.892192064262674E-7
33.824285714287555,9.89234855625829E-7
33.825714285716124,9.892465414978292E-7
33.82714285714469,9.892526569135562E-7
33.82857142857327,9.892596125807699E-7
33.83000000000184,9.892649740021557E-7
33.83142857143041,9.892886712496652E-7
33.832857142858984,9.893051930756586E-7
33.83428571428755,9.893202360860722E-7
33.83571428571612,9.893306583554758E-7
33.83714285714469,9.893346921457795E-7
33.83857142857327,9.893393332063712E-7
33.84000000000184,9.893422850149933E-7
33.841428571430406,9.891049828183647E-7
33.84285714285898,9.891136432113657E-7
33.84428571428755,9.891219699733539E-7
33.84571428571612,9.891260239840973E-7
33.84714285714469,9.891262729007797E-7
33.848571428573266,9.891246886296425E-7
33.850000000001835,9.891235713171239E-7
33.851428571430404,9.89106498578466E-7
33.85285714285898,9.8909236536191E-7
33.85428571428755,9.891046357115682E-7
33.85571428571612,9.891160742540977E-7
33.85714285714469,9.891247187570457E-7
33.85857142857326,9.89131786904533E-7
33.86000000000183,9.891372182470798E-7
33.8614285714304,9.891045000554686E-7
33.86285714285898,9.891012712860096E-7
33.86428571428755,9.89075148954103E-7
33.865714285716116,9.890856168904323E-7
33.867142857144685,9.890653136249842E-7
33.86857142857326,9.890699259688097E-7
33.87000000000183,9.890728456855754E-7
33.8714285714304,9.890355444390042E-7
33.872857142858976,9.890542458167595E-7
33.874285714287545,9.890621853809282E-7
33.875714285716114,9.8906660382042E-7
33.87714285714468,9.89067022142368E-7
33.87857142857326,9.890654572259475E-7
33.88000000000183,9.890644174248927E-7
33.8814285714304,9.890556829706588E-7
33.882857142858974,9.890738019055747E-7
33.88428571428754,9.890884300772208E-7
33.88571428571611,9.890996955713416E-7
33.88714285714468,9.891087388187098E-7
33.88857142857326,9.891158072520908E-7
33.89000000000183,9.89121346504978E-7
33.891428571430396,9.891218515084867E-7
33.89285714285897,9.891408900424563E-7
33.89428571428754,9.891521075652046E-7
33.89571428571611,9.891627310473957E-7
33.89714285714468,9.891699036531524E-7
33.898571428573256,9.8917465714136E-7
33.900000000001825,9.891544272287975E-7
33.901428571430394,9.891711994622428E-7
33.90285714285897,9.891900881370845E-7
33.90428571428754,9.891974029461202E-7
33.90571428571611,9.891989886965685E-7
33.90714285714468,9.891998218263775E-7
33.908571428573254,9.89198686695127E-7
33.91000000000182,9.891979390204277E-7
33.91142857143039,9.891536077706079E-7
33.91285714285897,9.891676012424108E-7
33.91428571428754,9.891622209509899E-7
33.915714285716106,9.891740612178571E-7
33.917142857144675,9.891793790603041E-7
33.91857142857325,9.891866121668216E-7
33.92000000000182,9.891921263001116E-7
33.92142857143039,9.891908401951054E-7
33.922857142858966,9.89210556909589E-7
33.924285714287535,9.89226300176069E-7
33.925714285716104,9.892356491374201E-7
33.92714285714467,9.892430852036385E-7
33.92857142857325,9.892475427977918E-7
33.93000000000182,9.892507826285154E-7
33.93142857143039,9.892162762244495E-7
33.932857142858964,9.892359737332056E-7
33.93428571428753,9.892474153580725E-7
33.9357142857161,9.89252588100435E-7
33.93714285714467,9.892530655886888E-7
33.93857142857325,9.892478273660651E-7
33.94000000000182,9.89246961159352E-7
33.941428571430386,9.892682743539822E-7
33.94285714285896,9.892104296343114E-7
33.94428571428753,9.892274977936962E-7
33.9457142857161,9.892393730762258E-7
33.94714285714467,9.892157705193587E-7
33.948571428573246,9.89223194271439E-7
33.950000000001815,9.892288780782378E-7
33.951428571430384,9.88922048770594E-7
33.95285714285896,9.889338871415673E-7
33.95428571428753,9.88949506075698E-7
33.9557142857161,9.88960037508579E-7
33.95714285714467,9.88967515177291E-7
33.958571428573244,9.889724874862723E-7
33.96000000000181,9.889756612102826E-7
33.96142857143038,9.889973638979386E-7
33.96285714285896,9.89013123544454E-7
33.96428571428753,9.889963322078464E-7
33.965714285716096,9.890020552007107E-7
33.967142857144665,9.890029489598426E-7
33.96857142857324,9.890019349932944E-7
33.97000000000181,9.890011512602697E-7
33.97142857143038,9.890230818452389E-7
33.972857142858956,9.890367793614909E-7
33.974285714287525,9.890536332300745E-7
33.975714285716094,9.89063343321963E-7
33.97714285714466,9.890731167341725E-7
33.97857142857324,9.890770513639246E-7
33.98000000000181,9.890828062023999E-7
33.98142857143038,9.891124781771694E-7
33.982857142858954,9.891137191295707E-7
33.98428571428752,9.891304972363707E-7
33.98571428571609,9.89141570056318E-7
33.98714285714466,9.891493484806982E-7
33.98857142857324,9.891544902906755E-7
33.99000000000181,9.891578576774749E-7
33.991428571430376,9.891847219876808E-7
33.99285714285895,9.89176245009735E-7
33.99428571428752,9.891893445325708E-7
33.99571428571609,9.891950031568332E-7
33.99714285714466,9.891962522550867E-7
33.998571428573236,9.891954018748395E-7
34.000000000001805,9.891911664984708E-7
34.001428571430374,9.89162771687219E-7
34.00285714285895,9.89184312565329E-7
34.00428571428752,9.891703104236497E-7
34.00571428571609,9.891826809142677E-7
34.00714285714466,9.89192794673853E-7
34.008571428573234,9.892005429365424E-7
34.0100000000018,9.892064941224526E-7
34.01142857143037,9.89237295262806E-7
34.01285714285895,9.892619709661979E-7
34.01428571428752,9.892794632414715E-7
34.015714285716086,9.892560682189615E-7
34.017142857144655,9.892599442871312E-7
34.01857142857323,9.89265328312095E-7
34.0200000000018,9.892687885565537E-7
34.02142857143037,9.890291551244928E-7
34.022857142858946,9.89043041497155E-7
34.024285714287515,9.890566041645418E-7
34.025714285716084,9.890331503160987E-7
34.02714285714465,9.890344859188787E-7
34.02857142857323,9.890335788350934E-7
34.0300000000018,9.890312049032748E-7
34.03142857143037,9.890226098801027E-7
34.032857142858944,9.88804436405326E-7
34.03428571428751,9.88822203425176E-7
34.03571428571608,9.888353255315347E-7
34.03714285714465,9.888452932606634E-7
34.03857142857323,9.888530274326127E-7
34.0400000000018,9.888589055395292E-7
34.041428571430366,9.886391351826145E-7
34.04285714285894,9.886617296140103E-7
34.04428571428751,9.886787709279771E-7
34.04571428571608,9.88660478351623E-7
34.04714285714465,9.886682798612612E-7
34.048571428573226,9.886734824172979E-7
34.050000000001795,9.8867689761496E-7
34.051428571430364,9.884428293561847E-7
34.05285714285894,9.884307310249114E-7
34.05428571428751,9.884353700375478E-7
34.05571428571608,9.884078393675527E-7
34.05714285714465,9.884085991236921E-7
34.058571428573224,9.884076858600762E-7
34.06000000000179,9.884070200526107E-7
34.06142857143036,9.881519548564205E-7
34.06285714285894,9.881724928797717E-7
34.06428571428751,9.88145572416215E-7
34.065714285716076,9.881506043487636E-7
34.067142857144646,9.881597728920742E-7
34.06857142857322,9.881672064041871E-7
34.07000000000179,9.881729475370305E-7
34.07142857143036,9.881490768496215E-7
34.072857142858936,9.88168617026935E-7
34.074285714287505,9.881853231511754E-7
34.075714285716074,9.881963865343799E-7
34.07714285714464,9.88204108985565E-7
34.07857142857322,9.882092519990738E-7
34.08000000000179,9.882125661542517E-7
34.08142857143036,9.882112292286151E-7
34.082857142858934,9.882045534261654E-7
34.0842857142875,9.882168324503583E-7
34.08571428571607,9.88222858620435E-7
34.08714285714464,9.882242313773551E-7
34.08857142857322,9.882233746257337E-7
34.09000000000179,9.882226327511931E-7
34.091428571430356,9.88242304012785E-7
34.09285714285893,9.880216272808352E-7
34.0942857142875,9.880382910804916E-7
34.09571428571607,9.880221167960285E-7
34.09714285714464,9.880319842981305E-7
34.098571428573216,9.880395832763884E-7
34.100000000001785,9.880453991516504E-7
34.101428571430354,9.880396175547915E-7
34.10285714285893,9.880565771817365E-7
34.1042857142875,9.880435699468739E-7
34.10571428571607,9.880552218479696E-7
34.10714285714464,9.880627502934907E-7
34.108571428573214,9.88067993697693E-7
34.11000000000178,9.880714016935504E-7
34.11142857143035,9.878257437905926E-7
34.11285714285893,9.878466920657665E-7
34.1142857142875,9.878597333223638E-7
34.11571428571607,9.878358616827878E-7
34.117142857144636,9.87836981402069E-7
34.11857142857321,9.878358834274271E-7
34.12000000000178,9.878348966853225E-7
34.12142857143035,9.878319586693093E-7
34.122857142858926,9.875883305073716E-7
34.124285714287495,9.876012767530994E-7
34.125714285716064,9.876136949986302E-7
34.127142857144634,9.87623104417096E-7
34.12857142857321,9.876307048143217E-7
34.13000000000178,9.876365334604835E-7
34.13142857143035,9.874265485519775E-7
34.132857142858924,9.872139861524564E-7
34.13428571428749,9.872294247441011E-7
34.13571428571606,9.872404949821537E-7
34.13714285714463,9.872478675150711E-7
34.13857142857321,9.872527506340175E-7
34.14000000000178,9.872559177677667E-7
34.141428571430346,9.871900872202938E-7
34.14285714285892,9.8720905436513E-7
34.14428571428749,9.869568597945147E-7
34.14571428571606,9.86962089995953E-7
34.14714285714463,9.869624338752517E-7
34.148571428573206,9.869609737502904E-7
34.150000000001775,9.869598047472551E-7
34.151428571430344,9.869715247441497E-7
34.15285714285892,9.869563210163576E-7
34.15428571428749,9.869654780673543E-7
34.15571428571606,9.86977447879603E-7
34.15714285714463,9.869832445876018E-7
34.158571428573204,9.869906159920397E-7
34.16000000000177,9.869961894962352E-7
34.16142857143034,9.867738462165578E-7
34.16285714285892,9.867921457375838E-7
34.16428571428749,9.867419217566341E-7
34.16571428571606,9.867522295583235E-7
34.167142857144626,9.86755380116742E-7
34.1685714285732,9.867564460906507E-7
34.17000000000177,9.867300460552477E-7
34.17142857143034,9.867552255899482E-7
34.172857142858916,9.867443227113409E-7
34.174285714287485,9.867525267857586E-7
34.175714285716055,9.867577442095183E-7
34.177142857144624,9.867583323358266E-7
34.1785714285732,9.867568390985767E-7
34.18000000000177,9.867557544142714E-7
34.18142857143034,9.867406772027882E-7
34.182857142858914,9.866703568114201E-7
34.18428571428748,9.866832730510723E-7
34.18571428571605,9.866957360945678E-7
34.18714285714462,9.86705254706084E-7
34.1885714285732,9.86712551289724E-7
34.19000000000177,9.867181466242728E-7
34.191428571430336,9.867423268065592E-7
34.19285714285891,9.86764850747614E-7
34.19428571428748,9.867810257866004E-7
34.19571428571605,9.867921733555225E-7
34.19714285714462,9.86799612871025E-7
34.198571428573196,9.868044590584675E-7
34.200000000001765,9.86807612245538E-7
34.201428571430334,9.865975070171359E-7
34.20285714285891,9.865827130255214E-7
34.20428571428748,9.865869187002629E-7
34.20571428571605,9.86592049457298E-7
34.20714285714462,9.865925800384307E-7
34.208571428573194,9.865911545507678E-7
34.21000000000176,9.865901854448692E-7
34.21142857143033,9.860777112430444E-7
34.21285714285891,9.860516497447681E-7
34.21428571428748,9.860672220212322E-7
34.21571428571605,9.860793740331132E-7
34.217142857144616,9.860885377609113E-7
34.21857142857319,9.86095644418578E-7
34.22000000000176,9.861011104990133E-7
34.22142857143033,9.860353417168994E-7
34.222857142858906,9.860520738337596E-7
34.224285714287475,9.860382850800599E-7
34.225714285716045,9.860489396614204E-7
34.227142857144614,9.860560948258342E-7
34.22857142857319,9.860607551182107E-7
34.23000000000176,9.860637933684295E-7
34.23142857143033,9.860891125305226E-7
34.232857142858904,9.861055432728662E-7
34.23428571428747,9.860875127857643E-7
34.23571428571604,9.86092536755609E-7
34.23714285714461,9.860930510925886E-7
34.23857142857319,9.86091690249664E-7
34.24000000000176,9.860907288972603E-7
34.241428571430326,9.860823892368505E-7
34.2428571428589,9.86060865184129E-7
34.24428571428747,9.860768556854737E-7
34.24571428571604,9.86073859412866E-7
34.24714285714461,9.860796122499983E-7
34.248571428573186,9.860868252977394E-7
34.250000000001755,9.860923495691507E-7
34.251428571430324,9.860765917124969E-7
34.2528571428589,9.860671602605264E-7
34.25428571428747,9.860500415932425E-7
34.25571428571604,9.86060857158523E-7
34.25714285714461,9.86068167487496E-7
34.258571428573184,9.860730027989482E-7
34.26000000000175,9.860761141619518E-7
34.26142857143032,9.860965796267901E-7
34.2628571428589,9.861156031513143E-7
34.26428571428747,9.861280396710745E-7
34.26571428571604,9.861298179355748E-7
34.267142857144606,9.861306557844555E-7
34.26857142857318,9.861294927214025E-7
34.27000000000175,9.861285762852634E-7
34.27142857143032,9.858476084832883E-7
34.272857142858896,9.858635334574185E-7
34.274285714287466,9.858797424361874E-7
34.275714285716035,9.858769846123103E-7
34.277142857144604,9.85885272290156E-7
34.27857142857318,9.858920688906327E-7
34.28000000000175,9.858975981042333E-7
34.28142857143032,9.85923186555731E-7
34.282857142858894,9.858926331868087E-7
34.28428571428746,9.8590501153792E-7
34.28571428571603,9.859160242360728E-7
34.2871428571446,9.859234773945732E-7
34.28857142857318,9.859283788138635E-7
34.29000000000175,9.859311265310486E-7
34.291428571430316,9.859566765753606E-7
34.29285714285889,9.859698979747616E-7
34.29428571428746,9.859823377711042E-7
34.29571428571603,9.859587685896718E-7
34.2971428571446,9.859598854860811E-7
34.298571428573176,9.859586906843025E-7
34.300000000001745,9.859575276264691E-7
34.301428571430314,9.857412800500793E-7
34.30285714285889,9.857323731971562E-7
34.30428571428746,9.857455719147606E-7
34.30571428571603,9.857578671744705E-7
34.3071428571446,9.85767276045381E-7
34.308571428573174,9.857745808470586E-7
34.31000000000174,9.857801800775904E-7
34.31142857143031,9.85772480442217E-7
34.31285714285889,9.857953329258648E-7
34.31428571428746,9.85777113711493E-7
34.31571428571603,9.85788219458905E-7
34.317142857144596,9.857952814444554E-7
34.31857142857317,9.858002414918096E-7
34.32000000000174,9.858030423773313E-7
34.32142857143031,9.855255997376405E-7
34.32285714285889,9.85514447053255E-7
34.324285714287456,9.855198599906695E-7
34.325714285716025,9.855254666687981E-7
34.327142857144594,9.855227171423408E-7
34.32857142857317,9.854921533660992E-7
34.33000000000174,9.854912440671925E-7
34.33142857143031,9.854663007629966E-7
34.332857142858884,9.854551178499381E-7
34.334285714287454,9.85472043794152E-7
34.33571428571602,9.854511565220209E-7
34.33714285714459,9.854607325350648E-7
34.33857142857317,9.854680706866226E-7
34.34000000000174,9.854737018844203E-7
34.341428571430306,9.852388239070527E-7
34.34285714285888,9.85254406118311E-7
34.34428571428745,9.85259576076699E-7
34.34571428571602,9.852705147437334E-7
34.34714285714459,9.850429990969744E-7
34.348571428573166,9.850477596115464E-7
34.350000000001735,9.850509431380754E-7
34.351428571430304,9.849821413234086E-7
34.35285714285888,9.85001535951283E-7
34.35428571428745,9.850101913042897E-7
34.35571428571602,9.850156447563452E-7
34.35714285714459,9.850164235990813E-7
34.358571428573164,9.85015093514192E-7
34.36000000000173,9.850140585231871E-7
34.3614285714303,9.849734912003457E-7
34.36285714285888,9.849636121628275E-7
34.36428571428745,9.849214638305149E-7
34.36571428571602,9.84929836737615E-7
34.367142857144586,9.849392889224914E-7
34.36857142857316,9.849465516125207E-7
34.37000000000173,9.84952133615605E-7
34.3714285714303,9.849446769568835E-7
34.37285714285888,9.849585032204842E-7
34.374285714287446,9.849706779170766E-7
34.375714285716015,9.847387664224152E-7
34.377142857144584,9.847459470287703E-7
34.37857142857316,9.847505815117829E-7
34.38000000000173,9.847536950860828E-7
34.3814285714303,9.844898135798905E-7
34.382857142858875,9.842711538369388E-7
34.384285714287444,9.842828097261322E-7
34.38571428571601,9.84287649830509E-7
34.38714285714458,9.842879742092756E-7
34.38857142857316,9.842826727177932E-7
34.39000000000173,9.842813819221255E-7
34.391428571430296,9.843004011656592E-7
34.39285714285887,9.843157055339204E-7
34.39428571428744,9.842982179168215E-7
34.39571428571601,9.843102825763605E-7
34.39714285714458,9.843194663954673E-7
34.398571428573156,9.84326633943098E-7
34.400000000001725,9.843284595842374E-7
34.401428571430294,9.843553472770191E-7
34.40285714285887,9.843705053264652E-7
34.40428571428744,9.843248415503303E-7
34.40571428571601,9.843349225913282E-7
34.40714285714458,9.843420528397636E-7
34.408571428573154,9.843467130119362E-7
34.41000000000172,9.843498034625731E-7
34.41142857143029,9.843733031785542E-7
34.41285714285887,9.843855782424916E-7
34.41428571428744,9.843678477431587E-7
34.41571428571601,9.843727906610616E-7
34.417142857144576,9.843730290868585E-7
34.41857142857315,9.84370975628369E-7
34.42000000000172,9.843697686408328E-7
34.42142857143029,9.843876751177004E-7
34.42285714285887,9.84406594109154E-7
34.424285714287436,9.844231947389167E-7
34.425714285716005,9.844355593199828E-7
34.427142857144574,9.844450527057703E-7
34.42857142857315,9.844523512325865E-7
34.43000000000172,9.844579615588841E-7
34.43142857143029,9.844569397998568E-7
34.432857142858865,9.844765201329632E-7
34.434285714287434,9.844919688106628E-7
34.435714285716,9.84502999416933E-7
34.43714285714457,9.845099818519493E-7
34.43857142857315,9.84514782144836E-7
34.44000000000172,9.845179825212923E-7
34.441428571430286,9.845173715751511E-7
34.44285714285886,9.845287468635706E-7
34.44428571428743,9.845409334267934E-7
34.445714285716,9.845398675961665E-7
34.44714285714457,9.84540211968487E-7
34.448571428573146,9.8453885568512E-7
34.450000000001715,9.845381699161133E-7
34.451428571430284,9.845316337419491E-7
34.45285714285886,9.845495161302357E-7
34.45428571428743,9.845059814632208E-7
34.455714285716,9.845184420310857E-7
34.45714285714457,9.84527952338513E-7
34.458571428573144,9.845058897020922E-7
34.46000000000171,9.84482063444733E-7
34.46142857143028,9.84184590288797E-7
34.46285714285886,9.841785907830998E-7
34.46428571428743,9.841947237279044E-7
34.465714285716,9.842057762883809E-7
34.467142857144566,9.842131822765995E-7
34.46857142857314,9.842180542747994E-7
34.47000000000171,9.842212610687742E-7
34.47142857143028,9.842448120337278E-7
34.47285714285886,9.842644859922492E-7
34.474285714287426,9.842770198687068E-7
34.475714285715995,9.842789324211116E-7
34.477142857144564,9.842772198754281E-7
34.47857142857314,9.842760425215626E-7
34.48000000000171,9.842716099685897E-7
34.48142857143028,9.842942094363784E-7
34.482857142858855,9.842671434718185E-7
34.484285714287424,9.842833420699782E-7
34.48571428571599,9.842958968239102E-7
34.48714285714456,9.84305516546391E-7
34.48857142857314,9.843128132328257E-7
34.49000000000171,9.843184924978002E-7
34.491428571430276,9.843505409689394E-7
34.49285714285885,9.843680778293E-7
34.49428571428742,9.843842798676085E-7
34.49571428571599,9.841609886819706E-7
34.49714285714456,9.84168498759815E-7
34.498571428573136,9.841734137661538E-7
34.500000000001705,9.84176629648923E-7
34.501428571430274,9.83964797988136E-7
34.50285714285885,9.839837623576194E-7
34.50428571428742,9.839924718396654E-7
34.50571428571599,9.83998193815212E-7
34.50714285714456,9.839992713369017E-7
34.508571428573134,9.839982568694855E-7
34.5100000000017,9.839977113368177E-7
34.51142857143027,9.839844474139999E-7
34.51285714285885,9.84002157771197E-7
34.51428571428742,9.839891219006646E-7
34.51571428571599,9.84001582410283E-7
34.517142857144556,9.840106883856361E-7
34.51857142857313,9.840175496414452E-7
34.5200000000017,9.840230779528881E-7
34.52142857143027,9.840558772245492E-7
34.52285714285885,9.840465018361651E-7
34.524285714287416,9.840583199586915E-7
34.525714285715985,9.84066968822259E-7
34.527142857144554,9.840734348352664E-7
34.52857142857313,9.840760766378648E-7
34.5300000000017,9.840790317211472E-7
34.53142857143027,9.83593123045735E-7
34.532857142858845,9.836128191787934E-7
34.534285714287414,9.8362430701302E-7
34.53571428571598,9.836301034111994E-7
34.53714285714455,9.83630999517234E-7
34.53857142857313,9.836299768617018E-7
34.5400000000017,9.836290694907437E-7
34.54142857143027,9.833304092064239E-7
34.54285714285884,9.833474605925808E-7
34.54428571428741,9.833597858506164E-7
34.54571428571598,9.833717662951523E-7
34.54714285714455,9.833812844582718E-7
34.548571428573126,9.833884856595416E-7
34.550000000001695,9.833940800948858E-7
34.551428571430264,9.834198499157348E-7
34.55285714285884,9.834060577905107E-7
34.55428571428741,9.834217647016888E-7
34.55571428571598,9.834326992787017E-7
34.55714285714455,9.834402082124415E-7
34.558571428573124,9.834450565518476E-7
34.56000000000169,9.834365450602923E-7
34.56142857143026,9.82929132859262E-7
34.56285714285884,9.829478340536255E-7
34.56428571428741,9.829553070178185E-7
34.56571428571598,9.829605313782991E-7
34.567142857144546,9.829612239213955E-7
34.56857142857312,9.829597228017846E-7
34.57000000000169,9.82958654404198E-7
34.57142857143026,9.829665698784474E-7
34.57285714285884,9.829822318179359E-7
34.574285714287406,9.829687594881646E-7
34.575714285715975,9.829812427941356E-7
34.577142857144544,9.829902285975206E-7
34.57857142857312,9.829975353281427E-7
34.58000000000169,9.83003067857106E-7
34.58142857143026,9.830324926734747E-7
34.582857142858835,9.83002625552126E-7
34.584285714287404,9.829888875649335E-7
34.58571428571597,9.82999823463068E-7
34.58714285714454,9.830072396050672E-7
34.58857142857312,9.830120224787516E-7
34.59000000000169,9.830152443217785E-7
34.59142857143026,9.830399226074094E-7
34.59285714285883,9.8305942139817E-7
34.5942857142874,9.830691620501906E-7
34.59571428571597,9.830444919683409E-7
34.59714285714454,9.830452414640735E-7
34.598571428573116,9.83014403048803E-7
34.600000000001685,9.830133213345182E-7
34.601428571430255,9.83028570607196E-7
34.60285714285883,9.830446905257613E-7
34.6042857142874,9.830545943232693E-7
34.60571428571597,9.830673944461537E-7
34.60714285714454,9.8307709731667E-7
34.608571428573114,9.830845405117714E-7
34.61000000000168,9.830902533318337E-7
34.61142857143025,9.831161659051147E-7
34.61285714285883,9.830982259638288E-7
34.6142857142874,9.83114788267879E-7
34.61571428571597,9.831261539131086E-7
34.617142857144536,9.831338658455734E-7
34.61857142857311,9.831388414891051E-7
34.62000000000168,9.831422176081414E-7
34.62142857143025,9.831064316646683E-7
34.62285714285883,9.83104349546649E-7
34.624285714287396,9.828364824739729E-7
34.625714285715965,9.828383734906717E-7
34.627142857144534,9.828384161619465E-7
34.62857142857311,9.828372130953976E-7
34.63000000000168,9.828364166852182E-7
34.63142857143025,9.828074007503618E-7
34.632857142858825,9.82799052455763E-7
34.634285714287394,9.828159710541874E-7
34.63571428571596,9.82828511991985E-7
34.63714285714453,9.826006137435676E-7
34.63857142857311,9.826078379590112E-7
34.64000000000168,9.826133901411517E-7
34.64142857143025,9.826153581913864E-7
34.64285714285882,9.826382479818972E-7
34.64428571428739,9.826505617487336E-7
34.64571428571596,9.82657961634729E-7
34.64714285714453,9.826654245230836E-7
34.648571428573106,9.826702235560759E-7
34.650000000001675,9.826734054444618E-7
34.651428571430245,9.826985796041996E-7
34.65285714285882,9.827154672036536E-7
34.65428571428739,9.826691889718146E-7
34.65571428571596,9.82674919458018E-7
34.65714285714453,9.82675841453544E-7
34.658571428573104,9.82674673683649E-7
34.66000000000167,9.82673815614048E-7
34.66142857143024,9.82633913573434E-7
34.66285714285882,9.82616846920501E-7
34.66428571428739,9.82629861773646E-7
34.66571428571596,9.82642617346184E-7
34.667142857144526,9.826523785697776E-7
34.6685714285731,9.826597608583706E-7
34.67000000000167,9.826655261560997E-7
34.67142857143024,9.826077168921632E-7
34.67285714285882,9.825949454751405E-7
34.674285714287386,9.826077125588863E-7
34.675714285715955,9.82611737425154E-7
34.677142857144524,9.825599459609572E-7
34.6785714285731,9.825640973176683E-7
34.68000000000167,9.82566843246998E-7
34.68142857143024,9.824930491074313E-7
34.682857142858815,9.825130447260794E-7
34.684285714287384,9.825255261377843E-7
34.68571428571595,9.825308292160032E-7
34.68714285714452,9.825319027906282E-7
34.6885714285731,9.825306161101818E-7
34.69000000000167,9.825298888205781E-7
34.69142857143024,9.822976595915036E-7
34.69285714285881,9.822800934192447E-7
34.69428571428738,9.82296490217522E-7
34.69571428571595,9.823087116009009E-7
34.69714285714452,9.823183315168055E-7
34.698571428573096,9.82325706723898E-7
34.700000000001666,9.823312923814377E-7
34.701428571430235,9.821227101288599E-7
34.70285714285881,9.820879615436278E-7
34.70428571428738,9.820985678583295E-7
34.70571428571595,9.820768728004392E-7
34.70714285714452,9.82078423365241E-7
34.708571428573094,9.820832433282778E-7
34.71000000000166,9.820865164611475E-7
34.71142857143023,9.818468108429882E-7
34.71285714285881,9.816268846539947E-7
34.71428571428738,9.81638735720709E-7
34.71571428571595,9.816139657051429E-7
34.717142857144516,9.816145719311298E-7
34.71857142857309,9.816131895664297E-7
34.72000000000166,9.81612121460585E-7
34.72142857143023,9.813913431488045E-7
34.72285714285881,9.81347563648031E-7
34.724285714287376,9.81333992986867E-7
34.725714285715945,9.813459229865881E-7
34.727142857144514,9.813478234743943E-7
34.72857142857309,9.813547898642146E-7
34.73000000000166,9.81360252969884E-7
34.73142857143023,9.813533303678365E-7
34.732857142858805,9.81375215436023E-7
34.734285714287374,9.81389974138253E-7
34.73571428571594,9.814006238657914E-7
34.73714285714451,9.814077717439907E-7
34.73857142857309,9.814123638858064E-7
34.74000000000166,9.814153347329098E-7
34.74142857143023,9.813820611642692E-7
34.7428571428588,9.813944619814907E-7
34.74428571428737,9.81170009318317E-7
34.74571428571594,9.811746639539058E-7
34.74714285714451,9.811751941155006E-7
34.74857142857309,9.811736663667676E-7
34.750000000001656,9.811721378398642E-7
34.751428571430225,9.81163711098471E-7
34.7528571428588,9.811831060883258E-7
34.75428571428737,9.811953765571793E-7
34.75571428571594,9.812070433926572E-7
34.75714285714451,9.812162961176985E-7
34.758571428573084,9.81222960395219E-7
34.760000000001654,9.812250022038091E-7
34.76142857143022,9.81218605343326E-7
34.7628571428588,9.812384809317941E-7
34.76428571428737,9.812541661797552E-7
34.76571428571594,9.812576760017773E-7
34.767142857144506,9.812648890454923E-7
34.76857142857308,9.812696494767448E-7
34.77000000000165,9.812727795276527E-7
34.77142857143022,9.812734239479648E-7
34.7728571428588,9.812553865821615E-7
34.774285714287366,9.81267135930588E-7
34.775714285715935,9.812426975838336E-7
34.777142857144504,9.81243371158429E-7
34.77857142857308,9.8124202968507E-7
34.78000000000165,9.812409638146126E-7
34.78142857143022,9.81230621354671E-7
34.782857142858795,9.81248773395576E-7
34.784285714287364,9.810279222896684E-7
34.78571428571593,9.810396312391264E-7
34.7871428571445,9.810485701479657E-7
34.78857142857308,9.810520325670484E-7
34.79000000000165,9.810576094704748E-7
34.79142857143022,9.810293555892843E-7
34.79285714285879,9.810522048349082E-7
34.79428571428736,9.81014588378678E-7
34.79571428571593,9.810254105651201E-7
34.7971428571445,9.810017451492033E-7
34.79857142857308,9.810065070895744E-7
34.800000000001646,9.810095461381059E-7
34.801428571430215,9.80775003269494E-7
34.80285714285879,9.805327543914516E-7
34.80428571428736,9.803097391714143E-7
34.80571428571593,9.80079385086608E-7
34.8071428571445,9.800796585900398E-7
34.808571428573075,9.80077946807258E-7
34.810000000001644,9.800768589568803E-7
34.81142857143021,9.800670378372026E-7
34.81285714285879,9.800536876463386E-7
34.81428571428736,9.800691085711595E-7
34.81571428571593,9.800784805413307E-7
34.817142857144496,9.80087248129888E-7
34.81857142857307,9.800940944740787E-7
34.82000000000164,9.800992853212798E-7
34.82142857143021,9.798715901676801E-7
34.82285714285879,9.798527431088676E-7
34.824285714287356,9.798671842189306E-7
34.825714285715925,9.79876758845678E-7
34.827142857144494,9.79638867802135E-7
34.82857142857307,9.796430742591674E-7
34.83000000000164,9.796459175743224E-7
34.83142857143021,9.796323694011054E-7
34.832857142858785,9.796188644545705E-7
34.834285714287354,9.796294159511737E-7
34.83571428571592,9.796306443125955E-7
34.83714285714449,9.796306860389735E-7
34.83857142857307,9.796289146256338E-7
34.84000000000164,9.796275843798496E-7
34.84142857143021,9.796439155850527E-7
34.84285714285878,9.796242199411758E-7
34.84428571428735,9.796392778265891E-7
34.84571428571592,9.796206436466223E-7
34.84714285714449,9.796294686881766E-7
34.84857142857307,9.796325390138506E-7
34.850000000001636,9.796377281610766E-7
34.851428571430205,9.796619053409893E-7
34.85285714285878,9.79429660529016E-7
34.85428571428735,9.794142157571512E-7
34.85571428571592,9.794239941177144E-7
34.85714285714449,9.794306061456583E-7
34.858571428573065,9.79434968206541E-7
34.860000000001634,9.794342968466518E-7
34.8614285714302,9.794140606764192E-7
34.86285714285878,9.793724849976051E-7
34.86428571428735,9.793787299704326E-7
34.86571428571592,9.79383046811894E-7
34.867142857144486,9.793812079056216E-7
34.86857142857306,9.793794777733731E-7
34.87000000000163,9.793782266476347E-7
34.8714285714302,9.793187581514708E-7
34.87285714285878,9.79336747754639E-7
34.874285714287346,9.793222392792807E-7
34.875714285715915,9.79333650089907E-7
34.877142857144484,9.793419543945895E-7
34.87857142857306,9.793483218105236E-7
34.88000000000163,9.79353574457983E-7
34.8814285714302,9.793515309033202E-7
34.882857142858775,9.793074604812651E-7
34.884285714287344,9.793218146030038E-7
34.88571428571591,9.793281991545767E-7
34.88714285714448,9.793348786330629E-7
34.88857142857306,9.793392012191726E-7
34.89000000000163,9.793421280365563E-7
34.8914285714302,9.793564974285715E-7
34.89285714285877,9.793342086674712E-7
34.89428571428734,9.793453587914094E-7
34.89571428571591,9.793498190570573E-7
34.89714285714448,9.79350177879532E-7
34.89857142857306,9.793486492126729E-7
34.900000000001626,9.793475561216202E-7
34.901428571430195,9.793067978145872E-7
34.90285714285877,9.793030581480804E-7
34.90428571428734,9.793143790177397E-7
34.90571428571591,9.793259802691596E-7
34.90714285714448,9.793345559255196E-7
34.908571428573055,9.793413826099714E-7
34.910000000001624,9.7934297966751E-7
34.91142857143019,9.79369966647331E-7
34.91285714285877,9.793881884139321E-7
34.91428571428734,9.794032290752896E-7
34.91571428571591,9.794134895015341E-7
34.917142857144476,9.79420345984263E-7
34.91857142857305,9.794248649625586E-7
34.92000000000162,9.794279030516273E-7
34.92142857143019,9.79455802376072E-7
34.92285714285877,9.79204565439305E-7
34.924285714287336,9.792150011594205E-7
34.925714285715905,9.792199124714203E-7
34.927142857144474,9.792203428629053E-7
34.92857142857305,9.792187913630415E-7
34.93000000000162,9.792177087017053E-7
34.93142857143019,9.789805384496313E-7
34.932857142858765,9.789983685091103E-7
34.934285714287334,9.79013618059114E-7
34.9357142857159,9.79023403334009E-7
34.93714285714447,9.79031870530393E-7
34.93857142857305,9.790387036060944E-7
34.94000000000162,9.7904393340223E-7
34.94142857143019,9.788029158356682E-7
34.94285714285876,9.788182632508987E-7
34.94428571428733,9.788279268899635E-7
34.9457142857159,9.788379838248113E-7
34.94714285714447,9.788447756032411E-7
34.94857142857305,9.788491614029024E-7
34.950000000001616,9.788521247425273E-7
34.951428571430185,9.787874875287439E-7
34.95285714285876,9.787408524730618E-7
34.95428571428733,9.787519059086338E-7
34.9557142857159,9.78756453449258E-7
34.95714285714447,9.787566205697519E-7
34.958571428573045,9.787253211011585E-7
34.960000000001614,9.787238360782236E-7
34.96142857143018,9.784768660513666E-7
34.96285714285876,9.780154835432062E-7
34.96428571428733,9.779997255304393E-7
34.9657142857159,9.78010681581575E-7
34.96714285714447,9.779879311333765E-7
34.96857142857304,9.77994450893778E-7
34.97000000000161,9.779995681276467E-7
34.97142857143018,9.780190151313708E-7
34.97285714285876,9.780166151528414E-7
34.974285714287326,9.780258390851198E-7
34.975714285715895,9.780352077630612E-7
34.977142857144464,9.780378780287735E-7
34.97857142857304,9.78041994361832E-7
34.98000000000161,9.780446391754409E-7
34.98142857143018,9.78066013157279E-7
34.982857142858755,9.780491042397343E-7
34.984285714287324,9.78059495495876E-7
34.98571428571589,9.780633581242852E-7
34.98714285714446,9.780606700186701E-7
34.98857142857304,9.780584282144986E-7
34.99000000000161,9.780568464017845E-7
34.99142857143018,9.780305250915461E-7
34.99285714285875,9.780111505200363E-7
34.99428571428732,9.779962616460433E-7
34.99571428571589,9.780073884645335E-7
34.99714285714446,9.780160104946641E-7
34.99857142857304,9.780226256228278E-7
35.000000000001606,9.780278236751674E-7
35.001428571430175,9.780082517490583E-7
35.00285714285875,9.780070768694321E-7
35.00428571428732,9.780209384107019E-7
35.00571428571589,9.78030533138265E-7
35.00714285714446,9.780368756355915E-7
35.008571428573035,9.780409705639113E-7
35.010000000001604,9.78043732204869E-7
35.01142857143017,9.780358659738289E-7
35.01285714285875,9.780526315609465E-7
35.01428571428732,9.780299061297069E-7
35.01571428571589,9.780336400820083E-7
35.01714285714446,9.780331241750945E-7
35.01857142857303,9.780311260758948E-7
35.0200000000016,9.780297327102732E-7
35.02142857143017,9.780467945288062E-7
35.02285714285875,9.780607346165435E-7
35.024285714287316,9.780757692429709E-7
35.025714285715885,9.780568219652444E-7
35.027142857144455,9.780654675231657E-7
35.02857142857303,9.78072207154346E-7
35.0300000000016,9.780773601124748E-7
35.03142857143017,9.780993473420695E-7
35.032857142858745,9.78116481629725E-7
35.034285714287314,9.781270552856515E-7
35.03571428571588,9.781079778117765E-7
35.03714285714445,9.78114664957392E-7
35.03857142857303,9.781187503246267E-7
35.0400000000016,9.781216191443102E-7
35.04142857143017,9.781180271646135E-7
35.04285714285874,9.781346483714774E-7
35.04428571428731,9.781451639855947E-7
35.04571428571588,9.78149190733482E-7
35.04714285714445,9.78149286587896E-7
35.04857142857303,9.781475029987382E-7
35.050000000001596,9.781462398417425E-7
35.051428571430165,9.778301990585943E-7
35.05285714285874,9.778193387553938E-7
35.05428571428731,9.778273213147387E-7
35.05571428571588,9.778352632290594E-7
35.05714285714445,9.778282373844727E-7
35.058571428573025,9.778348990564203E-7
35.060000000001594,9.77840108194923E-7
35.06142857143016,9.778648613414111E-7
35.06285714285874,9.77855429928879E-7
35.06428571428731,9.778404769517631E-7
35.06571428571588,9.778205798763833E-7
35.06714285714445,9.77827178052443E-7
35.06857142857302,9.778315028649404E-7
35.07000000000159,9.77834295009898E-7
35.07142857143016,9.778611218619122E-7
35.07285714285874,9.77619273204099E-7
35.074285714287306,9.776300344617122E-7
35.075714285715875,9.776344316161587E-7
35.077142857144445,9.776344961844062E-7
35.07857142857302,9.776327162578301E-7
35.08000000000159,9.776314785432158E-7
35.08142857143016,9.776209800261573E-7
35.082857142858735,9.77610572638413E-7
35.084285714287304,9.776151858398538E-7
35.08571428571587,9.775964754207812E-7
35.08714285714444,9.776052359651093E-7
35.08857142857302,9.776120028668153E-7
35.09000000000159,9.776172259987576E-7
35.09142857143016,9.776095357458571E-7
35.09285714285873,9.776299582487837E-7
35.0942857142873,9.77644370678469E-7
35.09571428571587,9.776544933556856E-7
35.09714285714444,9.77661272200593E-7
35.09857142857302,9.77665652403699E-7
35.100000000001586,9.776685768267532E-7
35.101428571430155,9.776624583705606E-7
35.10285714285873,9.776121203575859E-7
35.1042857142873,9.773829883194833E-7
35.10571428571587,9.77383730741511E-7
35.10714285714444,9.773837197725282E-7
35.108571428573015,9.773818924999291E-7
35.110000000001584,9.77380656743472E-7
35.11142857143015,9.77388978418663E-7
35.11285714285873,9.773782238900582E-7
35.1142857142873,9.773933966981857E-7
35.11571428571587,9.773891106134639E-7
35.11714285714444,9.773974588057785E-7
35.11857142857301,9.77404255011655E-7
35.12000000000158,9.774094968050562E-7
35.12142857143015,9.771424687880376E-7
35.12285714285873,9.77146947791103E-7
35.124285714287296,9.771569199965061E-7
35.125714285715866,9.771668759893355E-7
35.127142857144435,9.771735137559118E-7
35.12857142857301,9.771482538392465E-7
35.13000000000158,9.77151114550909E-7
35.13142857143015,9.769360118923534E-7
35.132857142858725,9.769525547462976E-7
35.134285714287294,9.76929484124892E-7
35.13571428571586,9.769301165389547E-7
35.13714285714443,9.768715800939139E-7
35.13857142857301,9.76869156496804E-7
35.14000000000158,9.768676830721735E-7
35.14142857143015,9.76881358592986E-7
35.14285714285872,9.768607225532277E-7
35.14428571428729,9.768464655649208E-7
35.14571428571586,9.768573643205618E-7
35.14714285714443,9.768659311547232E-7
35.14857142857301,9.768726518682443E-7
35.150000000001576,9.76877857434535E-7
35.151428571430145,9.768827015444683E-7
35.15285714285872,9.768903348040232E-7
35.15428571428729,9.769048856523028E-7
35.15571428571586,9.769124837282315E-7
35.15714285714443,9.769191134588705E-7
35.158571428573005,9.769234203231335E-7
35.160000000001574,9.769262068434988E-7
35.16142857143014,9.768270091335777E-7
35.16285714285872,9.767503340822047E-7
35.16428571428729,9.767318563018828E-7
35.16571428571586,9.767069517588964E-7
35.16714285714443,9.767069824581945E-7
35.168571428573,9.76705130263624E-7
35.17000000000157,9.76703749751373E-7
35.17142857143014,9.766864521244254E-7
35.17285714285872,9.766543561146634E-7
35.17428571428729,9.76669625911885E-7
35.175714285715856,9.766810531116833E-7
35.177142857144425,9.766897773576042E-7
35.178571428573,9.766965131366142E-7
35.18000000000157,9.76701716521067E-7
35.18142857143014,9.766940208932329E-7
35.182857142858715,9.76714068904772E-7
35.184285714287284,9.7672498409788E-7
35.185714285715854,9.7673501358236E-7
35.18714285714442,9.767417055376847E-7
35.188571428573,9.767460387922024E-7
35.19000000000157,9.767489201777275E-7
35.19142857143014,9.767642127337568E-7
35.19285714285871,9.76509590767239E-7
35.19428571428728,9.765205779893187E-7
35.19571428571585,9.765248364440917E-7
35.19714285714442,9.765248075995955E-7
35.198571428573,9.76522880206586E-7
35.200000000001566,9.765214446483293E-7
35.201428571430135,9.765022087948359E-7
35.20285714285871,9.765200687291175E-7
35.20428571428728,9.765080492178594E-7
35.20571428571585,9.76284988862618E-7
35.20714285714442,9.762936926411932E-7
35.208571428572995,9.76296794405885E-7
35.210000000001564,9.76302001667342E-7
35.21142857143013,9.762913836848556E-7
35.21285714285871,9.76274781434271E-7
35.21428571428728,9.762892132223635E-7
35.21571428571585,9.762986634126077E-7
35.21714285714442,9.763052500377839E-7
35.21857142857299,9.76309510916988E-7
35.22000000000156,9.763123441465396E-7
35.22142857143013,9.763081292002278E-7
35.22285714285871,9.762929969773167E-7
35.22428571428728,9.762743082543727E-7
35.225714285715846,9.762785393473143E-7
35.227142857144415,9.7627853953479E-7
35.22857142857299,9.76273008027221E-7
35.23000000000156,9.76271657359903E-7
35.23142857143013,9.762620468128328E-7
35.232857142858705,9.762511078402476E-7
35.234285714287275,9.762660901789055E-7
35.235714285715844,9.762775902582427E-7
35.23714285714441,9.762864221044014E-7
35.23857142857299,9.762932445763845E-7
35.24000000000156,9.762985139383586E-7
35.24142857143013,9.763082983973623E-7
35.2428571428587,9.762877811659553E-7
35.24428571428727,9.76302304033393E-7
35.24571428571584,9.763124696099015E-7
35.24714285714441,9.763192600829252E-7
35.24857142857299,9.763236615200296E-7
35.250000000001556,9.762982489052337E-7
35.251428571430125,9.762622248875157E-7
35.2528571428587,9.760365963922866E-7
35.25428571428727,9.76046753593733E-7
35.25571428571584,9.760506312130337E-7
35.25714285714441,9.760507439204601E-7
35.258571428572985,9.760490070432585E-7
35.260000000001554,9.760477757212837E-7
35.26142857143012,9.76005700032825E-7
35.2628571428587,9.7602036611686E-7
35.26428571428727,9.760263481864029E-7
35.26571428571584,9.760378740331874E-7
35.26714285714441,9.760466640850348E-7
35.26857142857298,9.760534460843202E-7
35.27000000000155,9.760586782675323E-7
35.27142857143012,9.760264274891646E-7
35.2728571428587,9.758056194274825E-7
35.27428571428727,9.758196410125221E-7
35.275714285715836,9.758295627407902E-7
35.277142857144405,9.758360405919953E-7
35.27857142857298,9.758403254549023E-7
35.28000000000155,9.758431564721731E-7
35.28142857143012,9.757948316168454E-7
35.282857142858695,9.758103584791821E-7
35.284285714287265,9.758209515576415E-7
35.285714285715834,9.758178962043803E-7
35.2871428571444,9.758180207182968E-7
35.28857142857298,9.758157136082336E-7
35.29000000000155,9.758144243539734E-7
35.29142857143012,9.75777953964512E-7
35.29285714285869,9.757668720945004E-7
35.29428571428726,9.757785141293233E-7
35.29571428571583,9.75789600470699E-7
35.2971428571444,9.757984101745468E-7
35.29857142857298,9.758052134082642E-7
35.300000000001546,9.758104473808808E-7
35.301428571430115,9.758080113643559E-7
35.30285714285869,9.758221428040296E-7
35.30428571428726,9.758333142002868E-7
35.30571428571583,9.758435145980198E-7
35.3071428571444,9.758503241984014E-7
35.308571428572975,9.758547500691918E-7
35.310000000001544,9.758576854454436E-7
35.31142857143011,9.758675635405316E-7
35.31285714285869,9.756430984742799E-7
35.31428571428726,9.75654045047743E-7
35.31571428571583,9.756586262801262E-7
35.3171428571444,9.756587903103766E-7
35.31857142857297,9.75657008252808E-7
35.32000000000154,9.75655667058067E-7
35.32142857143011,9.756677815809356E-7
35.32285714285869,9.756518465520269E-7
35.32428571428726,9.756633123367807E-7
35.325714285715826,9.756740920078896E-7
35.327142857144395,9.756828039433787E-7
35.32857142857297,9.756896719005645E-7
35.33000000000154,9.756949788630188E-7
35.33142857143011,9.756910436716137E-7
35.332857142858686,9.7570869682011E-7
35.334285714287255,9.756646290708841E-7
35.335714285715824,9.75670638110944E-7
35.33714285714439,9.756774949922376E-7
35.33857142857297,9.75681469420279E-7
35.34000000000154,9.756844044295071E-7
