"SMD_Ar_Perto_Injetor Monitor: Physical Time (s)","SMD_Ar_Perto_Injetor Monitor: SMD_Ar_Perto_Injetor Monitor (um)"
0.001,640.3155791881118
0.002,820.6405517045042
0.003,915.3027422316495
0.004,937.2379467696177
0.005,949.894657993604
0.006,966.0783706254979
0.007,979.3104389194478
0.008,990.0435513947915
0.009000000000000001,998.7425427895679
0.010000000000000002,1005.8082302158837
0.011000000000000003,1011.5049922735185
0.012000000000000004,1016.0967753554162
0.013000000000000005,1019.8335688801012
0.014000000000000005,1022.90350721543
0.015000000000000006,1025.4547633395405
0.016000000000000007,1027.6016347504112
0.017000000000000008,1029.4426947674212
0.01800000000000001,1031.0611862814067
0.01900000000000001,1032.4374815065646
0.02000000000000001,1033.4995380961066
0.02100000000000001,1034.3495967978906
0.022000000000000013,1035.0511739815847
0.023000000000000013,1035.6345868494004
0.024000000000000014,1036.1165104000565
0.025000000000000015,1036.514868041832
0.026000000000000016,1036.8366652021498
0.027000000000000017,1037.0906317282547
0.028000000000000018,1037.286764657065
0.02900000000000002,1037.4345345680981
0.03000000000000002,1037.5408180681784
0.03100000000000002,1037.605448553628
0.03200000000000002,1037.6296958208538
0.03300000000000002,1037.6202568788726
0.03400000000000002,1037.5783658821665
0.035000000000000024,1037.50438173962
0.036000000000000025,1037.4037879999896
0.037000000000000026,1037.2842763107299
0.03800000000000003,1037.1515156694982
0.03900000000000003,1037.0094020606762
0.04000000000000003,1036.8604585333326
0.04100000000000003,1036.70550302124
0.04200000000000003,1036.5441488050224
0.04300000000000003,1036.37717288936
0.04400000000000003,1036.2067184580312
0.04500000000000003,1036.0348238557497
0.046000000000000034,1035.862973159405
0.047000000000000035,1035.6940280625502
0.048000000000000036,1035.5328700307648
0.04900000000000004,1035.3830329083808
0.05000000000000004,1035.2434504193236
0.05100000000000004,1035.1129773400826
0.05200000000000004,1034.9909670283755
0.05300000000000004,1034.8756371288764
0.05400000000000004,1034.7630574609432
0.05500000000000004,1034.6524415515976
0.05600000000000004,1034.545875082387
0.057000000000000044,1034.4465246037769
0.058000000000000045,1034.362332586426
0.059000000000000045,1034.2990190693872
0.060000000000000046,1034.2566923857519
0.06100000000000005,1034.233063973514
0.06200000000000005,1034.2266666003545
0.06300000000000004,1034.2347204634436
0.06400000000000004,1034.2544004723013
0.06500000000000004,1034.2848595905905
0.06600000000000004,1034.3260884184765
0.06700000000000005,1034.3783124636777
0.06800000000000005,1034.4421864166438
0.06900000000000005,1034.5184237364488
0.07000000000000005,1034.6068074531026
0.07100000000000005,1034.7073094169127
0.07200000000000005,1034.8196698703136
0.07300000000000005,1034.9435826755932
0.07400000000000005,1035.0790597597377
0.07500000000000005,1035.2256567458296
0.07600000000000005,1035.38233055958
0.07700000000000005,1035.547846319847
0.07800000000000006,1035.7208767503566
0.07900000000000006,1035.89958977751
0.08000000000000006,1036.0827621347285
0.08100000000000006,1036.2693082758778
0.08200000000000006,1036.4584447495542
0.08300000000000006,1036.6497358599258
0.08400000000000006,1036.8429487057206
0.08500000000000006,1037.037406388078
0.08600000000000006,1037.2329873315966
0.08700000000000006,1037.430651244708
0.08800000000000006,1037.6303366714242
0.08900000000000007,1037.8325174545469
0.09000000000000007,1038.037305580196
0.09100000000000007,1038.2445831917912
0.09200000000000007,1038.454801508476
0.09300000000000007,1038.6686336940306
0.09400000000000007,1038.886602362567
0.09500000000000007,1039.1090620865268
0.09600000000000007,1039.3364630828103
0.09700000000000007,1039.5691508555503
0.09800000000000007,1039.8072375100624
0.09900000000000007,1040.0497694373726
0.10000000000000007,1040.29647156863
0.10100000000000008,1040.5484655561909
0.10200000000000008,1040.8060997738892
0.10300000000000008,1041.0689379322123
0.10400000000000008,1041.3359076283361
0.10500000000000008,1041.606375276921
0.10600000000000008,1041.8801284487126
0.10700000000000008,1042.1579776696249
0.10800000000000008,1042.4399910087584
0.10900000000000008,1042.7261408922282
0.11000000000000008,1043.0159997051298
0.11100000000000008,1043.308907531889
0.11200000000000009,1043.6053008676038
0.11300000000000009,1043.9048785416667
0.11400000000000009,1044.2077557392543
0.11500000000000009,1044.5138564522954
0.11600000000000009,1044.8224890112251
0.11700000000000009,1045.134583172233
0.11800000000000009,1045.4481078559409
0.11900000000000009,1045.7649132832405
0.12000000000000009,1046.0836107057296
0.1210000000000001,1046.4049106403863
0.1220000000000001,1046.729820641849
0.1230000000000001,1047.0569109570479
0.1240000000000001,1047.3840954638774
0.12500000000000008,1047.7123048141746
0.12600000000000008,1048.042117988532
0.12700000000000009,1048.3755552515984
0.12800000000000009,1048.7118885689138
0.1290000000000001,1049.05219009137
0.1300000000000001,1049.39612113117
0.1310000000000001,1049.7449357859205
0.1320000000000001,1050.1004862573166
0.1330000000000001,1050.4628138741223
0.1340000000000001,1050.8308560301223
0.1350000000000001,1051.2031330157956
0.1360000000000001,1051.580973319837
0.1370000000000001,1051.9647661824106
0.1380000000000001,1052.35402363927
0.1390000000000001,1052.7483609569304
0.1400000000000001,1053.1492789546105
0.1410000000000001,1053.5582669212176
0.1420000000000001,1053.9747546965027
0.1430000000000001,1054.4006364205675
0.1440000000000001,1054.83352108698
0.1450000000000001,1055.2726825590407
0.1460000000000001,1055.722063942641
0.1470000000000001,1056.1825713550106
0.1480000000000001,1056.6546502338454
0.1490000000000001,1057.138201602403
0.1500000000000001,1057.6314415928268
0.1510000000000001,1058.1363101224224
0.1520000000000001,1058.6534414903017
0.1530000000000001,1059.1827042329014
0.1540000000000001,1059.724358070605
0.1550000000000001,1060.27846468271
0.1560000000000001,1060.8439263599141
0.1570000000000001,1061.4192584935795
0.1580000000000001,1062.0083044042456
0.1590000000000001,1062.6121416314497
0.16000000000000011,1063.2267477049338
0.16100000000000012,1063.8531557686413
0.16200000000000012,1064.491238534804
0.16300000000000012,1065.1401895222214
0.16400000000000012,1065.8005414176725
0.16500000000000012,1066.4740130714763
0.16600000000000012,1067.1578211557135
0.16700000000000012,1067.8491069443003
0.16800000000000012,1068.5473241925308
0.16900000000000012,1069.255032126774
0.17000000000000012,1069.9690855560882
0.17100000000000012,1070.6897405769307
0.17200000000000013,1071.4154409271393
0.17300000000000013,1072.1498189126585
0.17400000000000013,1072.8920771453459
0.17500000000000013,1073.6378251350443
0.17600000000000013,1074.3890837091749
0.17700000000000013,1075.1469447024335
0.17800000000000013,1075.911769013727
0.17900000000000013,1076.683349047895
0.18000000000000013,1077.4587289068593
0.18100000000000013,1078.2394291160192
0.18200000000000013,1079.0246617767275
0.18300000000000013,1079.8138373652912
0.18400000000000014,1080.6048567516557
0.18500000000000014,1081.3957803026274
0.18600000000000014,1082.1883240305685
0.18700000000000014,1082.9805517480697
0.18800000000000014,1083.772135685775
0.18900000000000014,1084.5656341723636
0.19000000000000014,1085.3545104937748
0.19100000000000014,1086.1456963349183
0.19200000000000014,1086.934965140148
0.19300000000000014,1087.7275157996487
0.19400000000000014,1088.5228917649392
0.19500000000000015,1089.3214146960383
0.19600000000000015,1090.1255640542302
0.19700000000000015,1090.9342688998497
0.19800000000000015,1091.7447962927652
0.19900000000000015,1092.558467832443
0.20000000000000015,1093.3756707911014
0.20100000000000015,1094.198029471935
0.20200000000000015,1095.0254914306404
0.20300000000000015,1095.8587338011905
0.20400000000000015,1096.6954407273458
0.20500000000000015,1097.5416991898
0.20600000000000016,1098.3902813693392
0.20700000000000016,1099.2480726045414
0.20800000000000016,1100.1084609810123
0.20900000000000016,1100.97690794525
0.21000000000000016,1101.8516897248599
0.21100000000000016,1102.737322338304
0.21200000000000016,1103.6260709930928
0.21300000000000016,1104.519644172097
0.21400000000000016,1105.4227471710904
0.21500000000000016,1106.3306304879934
0.21600000000000016,1107.246824777135
0.21700000000000016,1108.1712757037176
0.21800000000000017,1109.104592217663
0.21900000000000017,1110.047017380455
0.22000000000000017,1110.9999388274343
0.22100000000000017,1111.965277369747
0.22200000000000017,1112.9414466112444
0.22300000000000017,1113.9318240758128
0.22400000000000017,1114.9375198554287
0.22500000000000017,1115.9559570414913
0.22600000000000017,1116.9879600337892
0.22700000000000017,1118.0332641421894
0.22800000000000017,1119.0937032428908
0.22900000000000018,1120.1667404719078
0.23000000000000018,1121.2565803808782
0.23100000000000018,1122.3559208068566
0.23200000000000018,1123.468912303139
0.23300000000000018,1124.5949726526032
0.23400000000000018,1125.7362205835148
0.23500000000000018,1126.889017738691
0.23600000000000018,1128.053833984625
0.23700000000000018,1129.2330555986714
0.23800000000000018,1130.4283799353934
0.23900000000000018,1131.6336193440668
0.24000000000000019,1132.8558530640983
0.2410000000000002,1134.0892190670388
0.2420000000000002,1135.3265023183098
0.2430000000000002,1136.5699732880405
0.2440000000000002,1137.8286375431937
0.2450000000000002,1139.1003652995157
0.2460000000000002,1140.3764656963474
0.2470000000000002,1141.6643201856934
0.2480000000000002,1142.9621431302292
0.2490000000000002,1144.2702043450506
0.25000000000000017,1145.5880926041016
0.25100000000000017,1146.914721355342
0.25200000000000017,1148.2542112071912
0.25300000000000017,1149.6027843671407
0.25400000000000017,1150.9599745385685
0.25500000000000017,1152.3272217085828
0.25600000000000017,1153.696907196589
0.2570000000000002,1155.0797734539376
0.2580000000000002,1156.4798875754138
0.2590000000000002,1157.8991408782554
0.2600000000000002,1159.330608939889
0.2610000000000002,1160.776139792018
0.2620000000000002,1162.2373229774776
0.2630000000000002,1163.7111538576812
0.2640000000000002,1165.2013786362133
0.2650000000000002,1166.7000501377718
0.2660000000000002,1168.2125743114468
0.2670000000000002,1169.728723015466
0.2680000000000002,1171.2503499162096
0.2690000000000002,1172.7773286649724
0.2700000000000002,1174.3136088706065
0.2710000000000002,1175.8562656803176
0.2720000000000002,1177.4026849909062
0.2730000000000002,1178.9426926863975
0.2740000000000002,1180.495658003934
0.2750000000000002,1182.050874937514
0.2760000000000002,1183.6036964027514
0.2770000000000002,1185.1544457150057
0.2780000000000002,1186.7002637739158
0.2790000000000002,1188.2416034799455
0.2800000000000002,1189.7809043611733
0.2810000000000002,1191.3176680925687
0.2820000000000002,1192.848194849402
0.2830000000000002,1194.3746203057199
0.2840000000000002,1195.8976619407938
0.2850000000000002,1197.4155532029406
0.2860000000000002,1198.9287039638111
0.2870000000000002,1200.4350229390552
0.2880000000000002,1201.9395521912795
0.2890000000000002,1203.4414192873
0.2900000000000002,1204.9375636170116
0.2910000000000002,1206.430161899076
0.2920000000000002,1207.9158881163269
0.2930000000000002,1209.3992621336618
0.2940000000000002,1210.8741357035192
0.2950000000000002,1212.347213921743
0.2960000000000002,1213.810919309943
0.2970000000000002,1215.2700672125864
0.2980000000000002,1216.720836869618
0.2990000000000002,1218.166095192163
0.3000000000000002,1219.6072951844599
0.3010000000000002,1221.0348096055923
0.3020000000000002,1222.4595114033257
0.3030000000000002,1223.8767622578034
0.3040000000000002,1225.2838290654227
0.3050000000000002,1226.6843845083963
0.3060000000000002,1228.078370639212
0.3070000000000002,1229.4617524624446
0.3080000000000002,1230.8438755762138
0.3090000000000002,1232.232318578265
0.3100000000000002,1233.608904655438
0.3110000000000002,1234.9786472175645
0.3120000000000002,1236.34692433028
0.3130000000000002,1237.7074401005084
0.3140000000000002,1239.055389193644
0.3150000000000002,1240.3950392054448
0.3160000000000002,1241.7301594108674
0.3170000000000002,1243.0546589639457
0.3180000000000002,1244.3766787690602
0.31900000000000023,1245.6938467287112
0.32000000000000023,1246.9926885857697
0.32100000000000023,1248.2863636923626
0.32200000000000023,1249.5864133405291
0.32300000000000023,1250.8854821177738
0.32400000000000023,1252.1817918138563
0.32500000000000023,1253.4757551556113
0.32600000000000023,1254.7578303188193
0.32700000000000023,1256.03765736298
0.32800000000000024,1257.300177701443
0.32900000000000024,1258.5440468496436
0.33000000000000024,1259.791343769035
0.33100000000000024,1261.046789644618
0.33200000000000024,1262.285472500747
0.33300000000000024,1263.5236959109754
0.33400000000000024,1264.7544805932416
0.33500000000000024,1266.004147038732
0.33600000000000024,1267.2350910910466
0.33700000000000024,1268.4702816947354
0.33800000000000024,1269.7076305223518
0.33900000000000025,1270.9520195635591
0.34000000000000025,1272.2021568957034
0.34100000000000025,1273.4609596671296
0.34200000000000025,1274.726639248934
0.34300000000000025,1275.977643328988
0.34400000000000025,1277.225655839179
0.34500000000000025,1278.495710010592
0.34600000000000025,1279.7639817689837
0.34700000000000025,1281.0161382482856
0.34800000000000025,1282.289895465704
0.34900000000000025,1283.5656932286665
0.35000000000000026,1284.83790344491
0.35100000000000026,1286.1191452736275
0.35200000000000026,1287.400374779593
0.35300000000000026,1288.6814892483983
0.35400000000000026,1289.9442996941907
0.35500000000000026,1291.2026993993272
0.35600000000000026,1292.461158393426
0.35700000000000026,1293.713421145602
0.35800000000000026,1294.9780862429766
0.35900000000000026,1296.2376975090765
0.36000000000000026,1297.5002682412469
0.36100000000000027,1298.7726662067148
0.36200000000000027,1300.0367136557957
0.36300000000000027,1301.306069994235
0.36400000000000027,1302.5831555968305
0.36500000000000027,1303.8666088462874
0.36600000000000027,1305.1452191571773
0.36700000000000027,1306.4259669124233
0.36800000000000027,1307.698302786155
0.36900000000000027,1308.9806793430132
0.3700000000000003,1310.245786397365
0.3710000000000003,1311.5132905496653
0.3720000000000003,1312.7837161501589
0.3730000000000003,1314.0369132410895
0.3740000000000003,1315.2904041508707
0.3750000000000003,1316.5516927859978
0.3760000000000003,1317.7906782333341
0.3770000000000003,1319.0414059098969
0.3780000000000003,1320.2921687867217
0.3790000000000003,1321.5117015784656
0.3800000000000003,1322.761578599985
0.3810000000000003,1323.9903748903912
0.3820000000000003,1325.20528790692
0.3830000000000003,1326.4320838817216
0.3840000000000003,1327.6312479515
0.3850000000000003,1328.8556836057867
0.3860000000000003,1330.046725477617
0.3870000000000003,1331.2393165383546
0.3880000000000003,1332.4366103942186
0.3890000000000003,1333.6151619670711
0.3900000000000003,1334.7736012898424
0.3910000000000003,1335.943662133379
0.3920000000000003,1337.092207852572
0.3930000000000003,1338.2685117553451
0.3940000000000003,1339.4116112663294
0.3950000000000003,1340.5683229772103
0.3960000000000003,1341.6966092403297
0.3970000000000003,1342.8441659609384
0.3980000000000003,1343.9867866428312
0.3990000000000003,1345.1081626590346
0.4000000000000003,1346.2446213435728
0.4010000000000003,1347.3554127479395
0.4020000000000003,1348.4781688043
0.4030000000000003,1349.6223468336293
0.4040000000000003,1350.7205148946912
0.4050000000000003,1351.8538494695672
0.4060000000000003,1352.9510348079727
0.4070000000000003,1354.0767304946114
0.4080000000000003,1355.1383381601527
0.4090000000000003,1356.1868722854383
0.4100000000000003,1357.2436955665728
0.4110000000000003,1358.2907108156098
0.4120000000000003,1359.3725718423916
0.4130000000000003,1360.428996531863
0.4140000000000003,1361.4622299448586
0.4150000000000003,1362.503847288543
0.4160000000000003,1363.5258559405368
0.4170000000000003,1364.5490709816186
0.4180000000000003,1365.5565145745975
0.4190000000000003,1366.5468983950968
0.4200000000000003,1367.5396319792235
0.4210000000000003,1368.536046823296
0.4220000000000003,1369.515346626647
0.4230000000000003,1370.502646659465
0.4240000000000003,1371.5004063365798
0.4250000000000003,1372.4806365508098
0.4260000000000003,1373.4549268482547
0.4270000000000003,1374.4046635790498
0.4280000000000003,1375.3679980484762
0.4290000000000003,1376.3304825736275
0.4300000000000003,1377.2765506798225
0.4310000000000003,1378.2310705282869
0.43200000000000033,1379.1604832668415
0.43300000000000033,1380.1048223544005
0.43400000000000033,1381.0532477104257
0.43500000000000033,1381.9837809929365
0.43600000000000033,1382.9346443573666
0.43700000000000033,1383.8539271349073
0.43800000000000033,1384.7661545284657
0.43900000000000033,1385.7073000015994
0.44000000000000034,1386.623073248347
0.44100000000000034,1387.547081487766
0.44200000000000034,1388.464542209405
0.44300000000000034,1389.3753981353796
0.44400000000000034,1390.272277252989
0.44500000000000034,1391.199975004266
0.44600000000000034,1392.10094324803
0.44700000000000034,1393.0378402945157
0.44800000000000034,1393.9424971414342
0.44900000000000034,1394.8209359875436
0.45000000000000034,1395.766668516275
0.45100000000000035,1396.6548452252234
0.45200000000000035,1397.5447211215496
0.45300000000000035,1398.452482849025
0.45400000000000035,1399.3274352620228
0.45500000000000035,1400.2220322043308
0.45600000000000035,1401.1120509441996
0.45700000000000035,1401.99030518249
0.45800000000000035,1402.8824007794826
0.45900000000000035,1403.757220475127
0.46000000000000035,1404.6316981572415
0.46100000000000035,1405.530938147213
0.46200000000000035,1406.4255298632709
0.46300000000000036,1407.3336582390118
0.46400000000000036,1408.2326296009667
0.46500000000000036,1409.1203246702116
0.46600000000000036,1410.0382962262454
0.46700000000000036,1410.9401307797716
0.46800000000000036,1411.8795278508353
0.46900000000000036,1412.8136959890703
0.47000000000000036,1413.6895216490582
0.47100000000000036,1414.643625355722
0.47200000000000036,1415.5558570986464
0.47300000000000036,1416.4828482729906
0.47400000000000037,1417.4308849609488
0.47500000000000037,1418.3831944695273
0.47600000000000037,1419.3247068356138
0.47700000000000037,1420.2897379833498
0.47800000000000037,1421.238079627927
0.47900000000000037,1422.1861423075331
0.48000000000000037,1423.179816927087
0.48100000000000037,1424.1719191942855
0.4820000000000004,1425.1382827946134
0.4830000000000004,1426.1440720921112
0.4840000000000004,1427.1229970591164
0.4850000000000004,1428.141333334859
0.4860000000000004,1429.1337464581297
0.4870000000000004,1430.168461552087
0.4880000000000004,1431.1747734380754
0.4890000000000004,1432.2143295980677
0.4900000000000004,1433.233255802533
0.4910000000000004,1434.2787114837415
0.4920000000000004,1435.2692202741714
0.4930000000000004,1436.2942744257957
0.4940000000000004,1437.3036326669742
0.4950000000000004,1438.3448500020331
0.4960000000000004,1439.3560778316798
0.4970000000000004,1440.3990180647836
0.4980000000000004,1441.4657058731118
0.4990000000000004,1442.4721039155395
0.5000000000000003,1443.4692153387662
0.5010000000000003,1444.4449440887763
0.5020000000000003,1445.4725847562097
0.5030000000000003,1446.4951817469016
0.5040000000000003,1447.5041770458356
0.5050000000000003,1448.529895379032
0.5060000000000003,1449.5663739624022
0.5070000000000003,1450.6469598578674
0.5080000000000003,1451.68972953142
0.5090000000000003,1452.7351831726019
0.5100000000000003,1453.8200671453458
0.5110000000000003,1454.8623354226158
0.5120000000000003,1455.9188572940789
0.5130000000000003,1456.9796332071164
0.5140000000000003,1458.058309368544
0.5150000000000003,1459.0898971203624
0.5160000000000003,1460.1669112589734
0.5170000000000003,1461.201352687185
0.5180000000000003,1462.2945267316222
0.5190000000000003,1463.3181399074003
0.5200000000000004,1464.376012166074
0.5210000000000004,1465.447028626187
0.5220000000000004,1466.509429762473
0.5230000000000004,1467.5396355555647
0.5240000000000004,1468.623670666175
0.5250000000000004,1469.6573091391922
0.5260000000000004,1470.7260832979387
0.5270000000000004,1471.7716645126181
0.5280000000000004,1472.8022328478626
0.5290000000000004,1473.7684506739083
0.5300000000000004,1474.8200297910553
0.5310000000000004,1475.899650995591
0.5320000000000004,1476.9545347119956
0.5330000000000004,1477.9420443102713
0.5340000000000004,1479.00979404971
0.5350000000000004,1480.107697770745
0.5360000000000004,1481.1041455351035
0.5370000000000004,1482.1727624987607
0.5380000000000004,1483.2388905033154
0.5390000000000004,1484.2446167000307
0.5400000000000004,1485.343436718972
0.5410000000000004,1486.3251666625802
0.5420000000000004,1487.3070966630535
0.5430000000000004,1488.3472147981083
0.5440000000000004,1489.376212553654
0.5450000000000004,1490.365244954667
0.5460000000000004,1491.4087157178972
0.5470000000000004,1492.463092591969
0.5480000000000004,1493.4772827771642
0.5490000000000004,1494.5095601913401
0.5500000000000004,1495.5412260235885
0.5510000000000004,1496.5504632580733
0.5520000000000004,1497.5771676091028
0.5530000000000004,1498.5473865425402
0.5540000000000004,1499.5193923428294
0.5550000000000004,1500.5338243419862
0.5560000000000004,1501.5681663751639
0.5570000000000004,1502.6142495528072
0.5580000000000004,1503.6638986549221
0.5590000000000004,1504.710436228592
0.5600000000000004,1505.7302157781362
0.5610000000000004,1506.7857427654155
0.5620000000000004,1507.8358342081328
0.5630000000000004,1508.8806599469608
0.5640000000000004,1509.9248694787505
0.5650000000000004,1510.9757922990887
0.5660000000000004,1512.028087535588
0.5670000000000004,1513.0856370629278
0.5680000000000004,1514.1432923436319
0.5690000000000004,1515.2053449732239
0.5700000000000004,1516.1818525286726
0.5710000000000004,1517.230567237734
0.5720000000000004,1518.2459539325157
0.5730000000000004,1519.2599086004407
0.5740000000000004,1520.2830493259496
0.5750000000000004,1521.251714351419
0.5760000000000004,1522.2859179662005
0.5770000000000004,1523.2045780744563
0.5780000000000004,1524.166179657863
0.5790000000000004,1525.135016563868
0.5800000000000004,1526.099002649113
0.5810000000000004,1527.078144951812
0.5820000000000004,1528.0680762550232
0.5830000000000004,1529.0625353613075
0.5840000000000004,1529.9984013539024
0.5850000000000004,1530.9432007553464
0.5860000000000004,1531.90125508716
0.5870000000000004,1532.7746118480106
0.5880000000000004,1533.710880523074
0.5890000000000004,1534.600148371711
0.5900000000000004,1535.5265083089084
0.5910000000000004,1536.4577143969602
0.5920000000000004,1537.3892699734463
0.5930000000000004,1538.2449517984385
0.5940000000000004,1539.1457508476076
0.5950000000000004,1540.0172795597316
0.5960000000000004,1540.8947799536882
0.5970000000000004,1541.8203613638211
0.5980000000000004,1542.7260811038477
0.5990000000000004,1543.631393582643
0.6000000000000004,1544.4638304252394
0.6010000000000004,1545.2823073153593
0.6020000000000004,1546.1822650446302
0.6030000000000004,1547.0168553739254
0.6040000000000004,1547.8234467541208
0.6050000000000004,1548.6957806983744
0.6060000000000004,1549.585448532421
0.6070000000000004,1550.3860082038645
0.6080000000000004,1551.11258775026
0.6090000000000004,1551.7978103344567
0.6100000000000004,1552.6153026731265
0.6110000000000004,1553.437330581358
0.6120000000000004,1554.272980038383
0.6130000000000004,1555.0911065843623
0.6140000000000004,1555.8995951909403
0.6150000000000004,1556.6776114666902
0.6160000000000004,1557.387402876345
0.6170000000000004,1558.175460352044
0.6180000000000004,1558.9610325869535
0.6190000000000004,1559.7100932614087
0.6200000000000004,1560.4418678549196
0.6210000000000004,1561.1964358214325
0.6220000000000004,1561.8259617212875
0.6230000000000004,1562.5830651051426
0.6240000000000004,1563.3307216335936
0.6250000000000004,1563.9248368313813
0.6260000000000004,1564.6091365995267
0.6270000000000004,1565.3106175322866
0.6280000000000004,1565.8265178027777
0.6290000000000004,1566.4448964393878
0.6300000000000004,1567.1376983486248
0.6310000000000004,1567.726182748082
0.6320000000000005,1568.3942529967526
0.6330000000000005,1569.041635280592
0.6340000000000005,1569.4836724629722
0.6350000000000005,1570.1692779384293
0.6360000000000005,1570.6317600482612
0.6370000000000005,1571.0660115645194
0.6380000000000005,1571.628557870251
0.6390000000000005,1571.9954743834433
0.6400000000000005,1572.5481796673405
0.6410000000000005,1573.143593616997
0.6420000000000005,1573.7318003083074
0.6430000000000005,1574.3205287906496
0.6440000000000005,1574.9125639619092
0.6450000000000005,1575.4996692268853
0.6460000000000005,1576.089386893587
0.6470000000000005,1576.6807824561454
0.6480000000000005,1577.273318313616
0.6490000000000005,1577.8610651426188
0.6500000000000005,1578.452469774217
0.6510000000000005,1579.0394436301938
0.6520000000000005,1579.6230839941472
0.6530000000000005,1580.209247243535
0.6540000000000005,1580.7946328681294
0.6550000000000005,1581.3743234243193
0.6560000000000005,1581.9509752123527
0.6570000000000005,1582.5250836905677
0.6580000000000005,1583.1050891184586
0.6590000000000005,1583.6744323714095
0.6600000000000005,1584.2420615996784
0.6610000000000005,1584.798706541923
0.6620000000000005,1585.360543445966
0.6630000000000005,1585.9012350469905
0.6640000000000005,1586.44935891473
0.6650000000000005,1586.956106796095
0.6660000000000005,1587.4884946662617
0.6670000000000005,1587.9959980755873
0.6680000000000005,1588.5108227725993
0.6690000000000005,1589.010349001143
0.6700000000000005,1589.480581819293
0.6710000000000005,1589.988465416727
0.6720000000000005,1590.4589159802629
0.6730000000000005,1590.945465228792
0.6740000000000005,1591.4005716989889
0.6750000000000005,1591.859016226695
0.6760000000000005,1592.3021806284462
0.6770000000000005,1592.7527586888937
0.6780000000000005,1593.2219220910538
0.6790000000000005,1593.6638767096135
0.6800000000000005,1594.0924953443869
0.6810000000000005,1594.508398188969
0.6820000000000005,1594.9313472261629
0.6830000000000005,1595.347562577987
0.6840000000000005,1595.7516457580305
0.6850000000000005,1596.1479378975657
0.6860000000000005,1596.5343817185367
0.6870000000000005,1596.9165806926578
0.6880000000000005,1597.301324313325
0.6890000000000005,1597.6815655793594
0.6900000000000005,1598.0501060014456
0.6910000000000005,1598.4084916590389
0.6920000000000005,1598.761658022155
0.6930000000000005,1599.1114753659895
0.6940000000000005,1599.4531999095193
0.6950000000000005,1599.8030778275781
0.6960000000000005,1600.1506190026012
0.6970000000000005,1600.501015403598
0.6980000000000005,1600.8550670662369
0.6990000000000005,1601.2080669400068
0.7000000000000005,1601.5616742338966
0.7010000000000005,1601.9168857329887
0.7020000000000005,1602.2840742662618
0.7030000000000005,1602.6578106312659
0.7040000000000005,1603.0332745633073
0.7050000000000005,1603.4148163369669
0.7060000000000005,1603.799392355136
0.7070000000000005,1604.1857364718908
0.7080000000000005,1604.5703002831126
0.7090000000000005,1604.9575009991697
0.7100000000000005,1605.3423261409662
0.7110000000000005,1605.723675137841
0.7120000000000005,1606.1151793818226
0.7130000000000005,1606.5045136871086
0.7140000000000005,1606.8933718223352
0.7150000000000005,1607.2820365238524
0.7160000000000005,1607.6660949919556
0.7170000000000005,1608.0532047148092
0.7180000000000005,1608.437553764513
0.7190000000000005,1608.82215848717
0.7200000000000005,1609.2053439162912
0.7210000000000005,1609.5855926834754
0.7220000000000005,1609.9670381923263
0.7230000000000005,1610.3493913028788
0.7240000000000005,1610.7279843263013
0.7250000000000005,1611.1093415101195
0.7260000000000005,1611.476184810857
0.7270000000000005,1611.8577439785536
0.7280000000000005,1612.2337126347059
0.7290000000000005,1612.6113055323701
0.7300000000000005,1612.9856366231386
0.7310000000000005,1613.3625881822
0.7320000000000005,1613.7332893044925
0.7330000000000005,1614.1042432989514
0.7340000000000005,1614.475632812087
0.7350000000000005,1614.844829269102
0.7360000000000005,1615.2164702632692
0.7370000000000005,1615.5850464935495
0.7380000000000005,1615.9550535422472
0.7390000000000005,1616.3228654008967
0.7400000000000005,1616.6873747636143
0.7410000000000005,1617.0510825876745
0.7420000000000005,1617.415470801231
0.7430000000000005,1617.77774898446
0.7440000000000005,1618.139874303407
0.7450000000000006,1618.4980637824826
0.7460000000000006,1618.8611261798735
0.7470000000000006,1619.226801116891
0.7480000000000006,1619.5854972269294
0.7490000000000006,1619.9462319238762
0.7500000000000006,1620.3088278076161
0.7510000000000006,1620.6707144517845
0.7520000000000006,1621.0326953577357
0.7530000000000006,1621.3944649592713
0.7540000000000006,1621.7543403189302
0.7550000000000006,1622.1152376086911
0.7560000000000006,1622.4754903522353
0.7570000000000006,1622.8318765828337
0.7580000000000006,1623.1885947693356
0.7590000000000006,1623.544528985026
0.7600000000000006,1623.9042503719252
0.7700000000000006,1627.2595509485388
0.7800000000000006,1630.6259364459997
0.7900000000000006,1633.9531644443882
0.8000000000000006,1637.2019793762593
0.8100000000000006,1640.4265890387476
0.8200000000000006,1643.6069285216972
0.8300000000000006,1646.7157545297923
0.8400000000000006,1649.7500871414882
0.8500000000000006,1652.7135042711404
0.8600000000000007,1655.6113682676164
0.8700000000000007,1658.3182116818732
0.8800000000000007,1661.0613605645513
0.8900000000000007,1663.538444958805
0.9000000000000007,1666.0890685298996
0.9100000000000007,1668.4292637291358
0.9200000000000007,1670.84021137495
0.9300000000000007,1673.1023027446959
0.9400000000000007,1675.290873277695
0.9500000000000007,1677.3795003253572
0.9600000000000007,1679.2297872132463
0.9700000000000008,1680.818516452542
0.9800000000000008,1682.060254043202
0.9900000000000008,1683.248763951158
1.0000000000000007,1684.1490728879476
1.0100000000000007,1684.764890034864
1.0200000000000007,1685.1796038297248
1.0300000000000007,1685.3288407323535
1.0400000000000007,1685.3005513391422
1.0500000000000007,1685.105973518508
1.0600000000000007,1684.7910586368146
1.0700000000000007,1684.3278323205989
1.0800000000000007,1683.4717566995312
1.0900000000000007,1681.8383786247398
1.1000000000000008,1679.2696229225542
1.1100000000000008,1675.2595935794484
1.1200000000000008,1670.0803385286047
1.1300000000000008,1663.9540729275552
1.1400000000000008,1657.1493819706961
1.1500000000000008,1650.3222107608474
1.1600000000000008,1643.347564532468
1.1700000000000008,1636.3975491970452
1.1800000000000008,1631.4248181024295
1.1900000000000008,1623.497829512373
1.2000000000000008,1617.2055709733163
1.2100000000000009,1611.3786451097756
1.2200000000000009,1605.9879592740263
1.2300000000000009,1601.071919661404
1.2400000000000009,1596.7113365000964
1.2500000000000009,1593.00943208907
1.260000000000001,1589.914233418791
1.270000000000001,1587.4938935726946
1.280000000000001,1585.6915513209688
1.290000000000001,1584.4205489066724
1.300000000000001,1585.084396895045
1.310000000000001,1584.519814225055
1.320000000000001,1584.844255627989
1.330000000000001,1585.8261927292972
1.340000000000001,1587.0773594898367
1.350000000000001,1588.7851371656573
1.360000000000001,1590.8778692731157
1.370000000000001,1593.3318135446552
1.380000000000001,1596.0121718673263
1.390000000000001,1598.9699401169823
1.400000000000001,1602.1925877721055
1.410000000000001,1605.556614614653
1.420000000000001,1609.0542110145052
1.430000000000001,1612.8127212082125
1.440000000000001,1616.6430737204746
1.450000000000001,1620.478638411659
1.460000000000001,1624.8282903662678
1.470000000000001,1629.195104431719
1.480000000000001,1632.9446268635784
1.490000000000001,1636.950323953654
1.500000000000001,1642.3965112678447
1.5100000000000011,1645.8384399256718
1.5200000000000011,1648.6331239276699
1.5300000000000011,1653.5481168896376
1.5400000000000011,1657.2776698112978
1.5500000000000012,1659.806291792585
1.5600000000000012,1664.0430022318742
1.5700000000000012,1667.6899481176426
1.5800000000000012,1662.462848626303
1.5900000000000012,1662.5985531941708
1.6000000000000012,1664.398473425719
1.6100000000000012,1665.2633012287604
1.6200000000000012,1660.5483670992473
1.6300000000000012,1655.8267747473938
1.6400000000000012,1655.9592197664329
1.6500000000000012,1655.7882904856117
1.6600000000000013,1656.9462832313084
1.6700000000000013,1650.6338774387232
1.6800000000000013,1646.4180554540321
1.6900000000000013,1644.9814389977523
1.7000000000000013,1629.7499742323803
1.7100000000000013,1625.6213460036497
1.7200000000000013,1619.5250951843702
1.7300000000000013,1616.3842465663588
1.7400000000000013,1621.9277857015436
1.7500000000000013,1620.0019446589147
1.7600000000000013,1621.2745739829818
1.7700000000000014,1624.0765431694656
1.7800000000000014,1629.0210469368265
1.7900000000000014,1635.5773024796222
1.8000000000000014,1641.8665137042585
1.8100000000000014,1647.7637334964295
1.8200000000000014,1653.348248940782
1.8300000000000014,1658.6343823405066
1.8400000000000014,1663.3225720662551
1.8500000000000014,1667.997113924195
1.8600000000000014,1672.2339416940065
1.8700000000000014,1674.624477655075
1.8800000000000014,1677.9929168135832
1.8900000000000015,1676.569158136865
1.9000000000000015,1678.8365484886597
1.9100000000000015,1675.5994992814176
1.9200000000000015,1672.071971746677
1.9300000000000015,1670.5636372512695
1.9400000000000015,1670.3864866952392
1.9500000000000015,1672.9516973368638
1.9600000000000015,1663.6279628487694
1.9700000000000015,1661.7322304033873
1.9800000000000015,1658.043727312143
1.9900000000000015,1642.249294709525
2.0000000000000013,1636.4161065004075
2.010000000000001,1633.1016666410621
2.020000000000001,1632.1679191603876
2.0300000000000007,1628.6175158658764
2.0400000000000005,1625.621490336305
2.0500000000000003,1622.4545895792069
2.06,1619.514764695793
2.07,1615.1496845344939
2.0799999999999996,1611.5947980428118
2.0899999999999994,1608.4033210804755
2.099999999999999,1604.7310008844088
2.109999999999999,1599.2840750483376
2.1199999999999988,1594.0850145549746
2.1299999999999986,1589.149725857743
2.1399999999999983,1582.9928135149808
2.149999999999998,1576.6757239637964
2.159999999999998,1555.017639511884
2.1699999999999977,1541.0748505205747
2.1799999999999975,1486.1519014999508
2.1899999999999973,1476.5391581903841
2.199999999999997,1468.5818074402919
2.209999999999997,1461.745987090337
2.2199999999999966,1460.094998076947
2.2299999999999964,1457.3255339972175
2.239999999999996,1456.5727411789421
2.249999999999996,1458.6957081633996
2.259999999999996,1456.980641760773
2.2699999999999956,1450.2255454576316
2.2799999999999954,1449.9727196684
2.289999999999995,1450.1987077556116
2.299999999999995,1448.7618370935902
2.3099999999999947,1446.689643483848
2.3199999999999945,1446.3944110929617
2.3299999999999943,1445.5474792137218
2.339999999999994,1443.5315531782967
2.349999999999994,1441.1844929821057
2.3599999999999937,1439.054243926391
2.3699999999999934,1436.0538666668022
2.3799999999999932,1430.210294514193
2.389999999999993,1426.002887482165
2.399999999999993,1421.6360549132798
2.4099999999999926,1415.9995419019342
2.4199999999999924,1410.9173689695047
2.429999999999992,1405.8216693760323
2.439999999999992,1400.0544798713652
2.4499999999999917,1394.7187777823463
2.4599999999999915,1390.1543438080034
2.4699999999999913,1385.7490014146572
2.479999999999991,1382.0023027926509
2.489999999999991,1378.673448169284
2.4999999999999907,1375.6282238935573
2.5099999999999905,1372.6062434895746
2.5199999999999902,1369.6006163306843
2.52999999999999,1366.2293494183427
2.53999999999999,1362.2273980193704
2.5499999999999896,1358.5423866854285
2.5599999999999894,1352.4188368676214
2.569999999999989,1344.8411222903844
2.579999999999989,1336.4503998938894
2.5899999999999888,1328.1642085731723
2.5999999999999885,1320.5081735022954
2.6099999999999883,1313.8608836869512
2.619999999999988,1306.749537814791
2.629999999999988,1300.8716841440041
2.6399999999999877,1294.8783787488417
2.6499999999999875,1287.0329200217766
2.6599999999999873,1281.6361136839719
2.669999999999987,1260.7435609551092
2.679999999999987,1257.8798295582471
2.6899999999999866,1247.8460054435795
2.6999999999999864,1232.86276636128
2.709999999999986,1217.969560223162
2.719999999999986,1211.474006080177
2.7299999999999858,1196.6191172699728
2.7399999999999856,1188.8337352433716
2.7499999999999853,1179.7494527339024
2.759999999999985,1151.7538293461157
2.769999999999985,1121.2267706974358
2.7799999999999847,1103.6411185650886
2.7899999999999845,1093.2633790946272
2.7999999999999843,1087.2411775153057
2.809999999999984,1083.8536724901319
2.819999999999984,1081.990342455983
2.8299999999999836,1081.0481466170727
2.8399999999999834,1080.569960557397
2.849999999999983,1080.2886719966511
2.859999999999983,1080.5168107332493
2.869999999999983,1080.4161077248048
2.8799999999999826,1086.5138404380286
2.8899999999999824,1096.197964683824
2.899999999999982,1090.4664917238424
2.909999999999982,1100.3053290106186
2.9199999999999817,1098.9810805337086
2.9299999999999815,1093.1765746917215
2.9399999999999813,1090.0893718233165
2.949999999999981,1088.5795118746528
2.959999999999981,1088.087208768614
2.9699999999999807,1087.9233749699463
2.9799999999999804,1088.1722705775742
2.9899999999999802,1088.581385610781
2.99999999999998,1089.0515111518164
3.00999999999998,1089.1790594659217
3.0199999999999796,1088.3750901021456
3.0299999999999794,1088.188537472967
3.039999999999979,1088.2951157634143
3.049999999999979,1088.062962051774
3.0599999999999787,1087.3572253730215
3.0699999999999785,1087.8291725292208
3.0799999999999783,1088.9307328293062
3.089999999999978,1088.4855948424376
3.099999999999978,1088.300319856082
3.1099999999999777,1089.196881810834
3.1199999999999775,1087.9559690230583
3.1299999999999772,1088.162545234536
3.139999999999977,1089.5587355910375
3.149999999999977,1089.0640621697714
3.1599999999999766,1089.7156333363873
3.1699999999999764,1091.1274507015855
3.179999999999976,1092.8170561874542
3.189999999999976,1094.48476789816
3.1999999999999758,1096.1786893547408
3.2099999999999755,1096.8683316953843
3.2199999999999753,1097.8803962970528
3.229999999999975,1099.0128344029
3.239999999999975,1100.1808090495376
3.2499999999999747,1100.8657615889806
3.2599999999999745,1101.5589427728876
3.2699999999999743,1102.2537614436128
3.279999999999974,1102.919665224811
3.289999999999974,1103.7662540039612
3.2999999999999736,1104.544823518128
3.3099999999999734,1104.606482970925
3.319999999999973,1104.9439284066013
3.329999999999973,1105.1772036883162
3.3399999999999728,1104.721734398289
3.3499999999999726,1104.9987883149524
3.3599999999999723,1105.6249156591477
3.369999999999972,1106.5583555765684
3.379999999999972,1107.554637942281
3.3899999999999717,1108.526530893552
3.3999999999999715,1109.195494511928
3.4099999999999713,1109.844819124665
3.419999999999971,1110.6162135960178
3.429999999999971,1111.2816554497042
3.4399999999999706,1112.1074476253984
3.4499999999999704,1113.0018511006172
3.45999999999997,1113.892281889962
3.46999999999997,1114.6809142475909
3.47999999999997,1114.919076968736
3.4899999999999696,1115.3511542654708
3.4999999999999694,1115.7945007399276
3.509999999999969,1116.155387082539
3.519999999999969,1116.7357713110257
3.5299999999999687,1117.3630301966143
3.5399999999999685,1118.0530184818233
3.5499999999999683,1118.6843256760355
3.559999999999968,1119.369699515847
3.569999999999968,1120.0363973645742
3.5799999999999677,1120.6330365905103
3.5899999999999674,1120.9197684524402
3.5999999999999672,1121.060878771131
3.609999999999967,1121.4776938990199
3.619999999999967,1121.672476629328
3.6299999999999666,1122.2656160965566
3.6399999999999664,1122.8190482528119
3.649999999999966,1115.5774372520902
3.659999999999966,1103.867408553743
3.6699999999999657,1107.3612912681754
3.6799999999999655,1109.4384013180047
3.6899999999999653,1111.670360164329
3.699999999999965,1113.704950047896
3.709999999999965,1096.4147418947105
3.7199999999999647,1098.2817573201764
3.7299999999999645,1102.1690337892287
3.7399999999999642,1091.3518267097822
3.749999999999964,1096.3182323700094
3.759999999999964,1100.9947283288097
3.7699999999999636,1104.876623995856
3.7799999999999634,1108.6369532229749
3.789999999999963,1111.8469336941519
3.799999999999963,1114.9624845498201
3.8099999999999627,1117.2493465674588
3.8199999999999625,1107.2278552194807
3.8299999999999623,1111.0969817081914
3.839999999999962,1114.9332630380256
3.849999999999962,1118.1759024473656
3.8599999999999617,1121.0255992480238
3.8699999999999615,1123.6219588260972
3.8799999999999613,1125.9872877302957
3.889999999999961,1128.2473942357403
3.899999999999961,1130.2118656865696
3.9099999999999606,1132.164764421842
3.9199999999999604,1133.8667383151292
3.92999999999996,1118.252654934702
3.93999999999996,1119.770763047666
3.9499999999999598,1123.1421380563816
3.9599999999999596,1125.7605038476213
3.9699999999999593,1113.1203240368206
3.979999999999959,1115.4356994680395
3.989999999999959,1118.1032940911275
3.9999999999999587,1111.9723851494616
4.009999999999959,1116.7514161389186
4.019999999999959,1120.4504937864315
4.0299999999999585,1123.9028465934937
4.039999999999958,1127.0195358449694
4.049999999999958,1117.0780739364252
4.059999999999958,1117.687685043564
4.069999999999958,1120.234446390519
4.079999999999957,1115.036092050134
4.089999999999957,1119.9225238831084
4.099999999999957,1124.132619979569
4.109999999999957,1127.9127093548632
4.119999999999957,1131.481244805177
4.129999999999956,1134.5923979780928
4.139999999999956,1137.484657851227
4.149999999999956,1140.1157946266183
4.159999999999956,1142.5158002392977
4.1699999999999555,1138.2725311221793
4.179999999999955,1134.9757698434246
4.189999999999955,1138.3621088635184
4.199999999999955,1131.7258798141768
4.209999999999955,1126.1801596218668
4.2199999999999545,1122.9621346583126
4.229999999999954,1117.1741449116494
4.239999999999954,1118.8761588740567
4.249999999999954,1114.0042638857371
4.259999999999954,1115.649076845718
4.269999999999953,1111.0530179262846
4.279999999999953,1112.8599591871573
4.289999999999953,1108.8791075905738
4.299999999999953,1110.8651173284268
4.3099999999999525,1107.119271789669
4.319999999999952,1109.2311254183069
4.329999999999952,1105.8918859219864
4.339999999999952,1108.045866883756
4.349999999999952,1105.0101813924834
4.3599999999999515,1107.166651131397
4.369999999999951,1104.3116394869226
4.379999999999951,1106.4009329381086
4.389999999999951,1103.3827311651198
4.399999999999951,1105.6790521135492
4.40999999999995,1106.032391735596
4.41999999999995,1106.9266839641227
4.42999999999995,1107.7409676519367
4.43999999999995,1108.5159216984919
4.4499999999999496,1109.2429534230434
4.459999999999949,1110.1219672425602
4.469999999999949,1114.5781537261394
4.479999999999949,1118.273522736049
4.489999999999949,1121.838122662661
4.4999999999999485,1117.6942225554044
4.509999999999948,1120.5906397350525
4.519999999999948,1123.5713630145528
4.529999999999948,1119.9822439422946
4.539999999999948,1119.7013640941752
4.549999999999947,1115.5264322014295
4.559999999999947,1117.980235169837
4.569999999999947,1115.6223224899327
4.579999999999947,1117.385903910936
4.589999999999947,1117.143513428835
4.599999999999946,1117.9270556663748
4.609999999999946,1119.8642480192448
4.619999999999946,1119.4529836333427
4.629999999999946,1121.3662846710806
4.6399999999999455,1119.8464705570716
4.649999999999945,1119.9111173679853
4.659999999999945,1118.9193912948308
4.669999999999945,1122.0726441558402
4.679999999999945,1121.0953231066067
4.689999999999944,1121.3212319206816
4.699999999999944,1120.471877789986
4.709999999999944,1123.0072611473136
4.719999999999944,1123.916833038015
4.729999999999944,1125.3585025653788
4.739999999999943,1127.8972771549716
4.749999999999943,1128.048312225021
4.759999999999943,1130.081996768717
4.769999999999943,1127.2924052327305
4.7799999999999425,1128.863536736856
4.789999999999942,1127.5917281137972
4.799999999999942,1130.6212231690215
4.809999999999942,1134.2297474487928
4.819999999999942,1137.5492127594766
4.8299999999999415,1140.8329870366276
4.839999999999941,1143.8676684907807
4.849999999999941,1146.8216307360167
4.859999999999941,1149.6686237711153
4.869999999999941,1152.416722287312
4.87999999999994,1155.1118956378516
4.88999999999994,1157.6547335578853
4.89999999999994,1160.1383153502131
4.90999999999994,1162.4478371361795
4.9199999999999395,1161.5495546780887
4.929999999999939,1163.1547615728477
4.939999999999939,1162.856898761361
4.949999999999939,1163.8764728636818
4.959999999999939,1162.4535231273258
4.9699999999999385,1163.650415192492
4.979999999999938,1162.1392988511423
4.989999999999938,1161.5395314253187
4.999999999999938,1160.3321852668544
5.009999999999938,1161.4807608112994
5.019999999999937,1160.2594469294424
5.029999999999937,1158.875409144259
5.039999999999937,1155.6116312258391
5.049999999999937,1153.2723760228716
5.0599999999999365,1152.331152037121
5.069999999999936,1149.1535521317596
5.079999999999936,1146.6588355501692
5.089999999999936,1146.7728103837321
5.099999999999936,1143.909981724039
5.1099999999999355,1144.7142610180817
5.119999999999935,1143.1878175635452
5.129999999999935,1143.5896359759226
5.139999999999935,1146.2833038188257
5.149999999999935,1145.5367713702808
5.159999999999934,1145.4590921368588
5.169999999999934,1146.9062624373648
5.179999999999934,1146.5059282260215
5.189999999999934,1148.5788801197061
5.199999999999934,1148.33808760137
5.209999999999933,1149.3284228346974
5.219999999999933,1149.3757205231855
5.229999999999933,1152.3850811542268
5.239999999999933,1152.2085936423312
5.2499999999999325,1154.626072756597
5.259999999999932,1157.8968799885033
5.269999999999932,1160.948100919513
5.279999999999932,1164.1839986369127
5.289999999999932,1167.2266949668267
5.299999999999931,1170.415625437128
5.309999999999931,1173.3823094647728
5.319999999999931,1176.4562340931502
5.329999999999931,1179.4611430057557
5.339999999999931,1182.4407816839077
5.34999999999993,1185.2798186548607
5.35999999999993,1188.1176817764785
5.36999999999993,1190.9439312919942
5.37999999999993,1193.6463990043833
5.3899999999999295,1196.2480216221495
5.399999999999929,1198.8000085592225
5.409999999999929,1201.276943450136
5.419999999999929,1203.6397828253318
5.429999999999929,1205.9688734237698
5.4399999999999284,1208.1492923981575
5.449999999999928,1210.2969453881847
5.459999999999928,1212.352506185162
5.469999999999928,1214.4108005850935
5.479999999999928,1216.341688560053
5.489999999999927,1218.255695903124
5.499999999999927,1220.1117933092523
5.509999999999927,1221.1823201354375
5.519999999999927,1221.2457634043362
5.5299999999999265,1217.6148678065003
5.539999999999926,1217.9377369976403
5.549999999999926,1214.1265098931644
5.559999999999926,1212.7314403562611
5.569999999999926,1209.456705216571
5.5799999999999255,1210.4336024745746
5.589999999999925,1212.3943742690512
5.599999999999925,1207.0135708268594
5.609999999999925,1207.1953710700018
5.619999999999925,1207.4921999642315
5.629999999999924,1208.8296128779648
5.639999999999924,1206.2272000350329
5.649999999999924,1207.8774674710862
5.659999999999924,1207.3401829681623
5.6699999999999235,1208.8559874446844
5.679999999999923,1208.7994732544005
5.689999999999923,1209.9301994308787
5.699999999999923,1209.2631380654464
5.709999999999923,1210.550222086243
5.7199999999999225,1208.1760540595187
5.729999999999922,1208.9909351652686
5.739999999999922,1208.3361635921267
5.749999999999922,1209.7172949685673
5.759999999999922,1211.3506535372765
5.769999999999921,1207.255151875385
5.779999999999921,1208.4969986146841
5.789999999999921,1210.7077770791477
5.799999999999921,1212.80754493782
5.809999999999921,1214.9189524171445
5.81999999999992,1216.9545128988605
5.82999999999992,1219.0316574124545
5.83999999999992,1220.9546799002442
5.84999999999992,1222.924618301273
5.8599999999999195,1224.7628287276611
5.869999999999919,1226.6763899465602
5.879999999999919,1228.4606038496252
5.889999999999919,1230.3909490355404
5.899999999999919,1232.1738354672611
5.909999999999918,1233.9950121791876
5.919999999999918,1235.7523601570347
5.929999999999918,1237.5439677896507
5.939999999999918,1239.2780608896685
5.949999999999918,1241.0300872973453
5.959999999999917,1242.6950810182204
5.969999999999917,1244.3897435315123
5.979999999999917,1245.9468818294008
5.989999999999917,1247.6010913747245
5.9999999999999165,1249.1643241017878
6.009999999999916,1250.7428005432248
6.019999999999916,1252.2697348760112
6.029999999999916,1251.308815053097
6.039999999999916,1252.653649944286
6.0499999999999154,1251.3376215380792
6.059999999999915,1252.3972332580151
6.069999999999915,1248.9531752845512
6.079999999999915,1246.1591240976707
6.089999999999915,1242.529100536671
6.099999999999914,1243.6665609234128
6.109999999999914,1243.3058493828387
6.119999999999914,1238.7803171211408
6.129999999999914,1238.9847015291489
6.1399999999999135,1240.8098222351418
6.149999999999913,1236.9360344351596
6.159999999999913,1237.0814265714876
6.169999999999913,1234.7586286865878
6.179999999999913,1232.8454277728313
6.1899999999999125,1233.4975424926458
6.199999999999912,1235.7449279396612
6.209999999999912,1237.9612211552483
6.219999999999912,1240.1944018160414
6.229999999999912,1242.418885589503
6.239999999999911,1244.5530368677335
6.249999999999911,1246.772713669613
6.259999999999911,1249.0401137949414
6.269999999999911,1251.140918795277
6.2799999999999105,1253.402739351153
6.28999999999991,1255.7682739908869
6.29999999999991,1258.3300802666363
6.30999999999991,1260.8132807729394
6.31999999999991,1263.2618529742429
6.3299999999999095,1265.595930635802
6.339999999999909,1267.9046812856543
6.349999999999909,1270.1222141275098
6.359999999999909,1272.3010007806583
6.369999999999909,1274.4058225970725
6.379999999999908,1276.4800019414636
6.389999999999908,1278.475941128403
6.399999999999908,1280.4820117866898
6.409999999999908,1282.1935911126354
6.419999999999908,1284.120821953065
6.429999999999907,1286.0198895071524
6.439999999999907,1287.8927279997915
6.449999999999907,1289.7602891281972
6.459999999999907,1291.6348941085464
6.4699999999999065,1293.4692190569542
6.479999999999906,1295.1200977315852
6.489999999999906,1296.3158991782407
6.499999999999906,1297.9653280928428
6.509999999999906,1299.2281396528917
6.519999999999905,1300.383209748457
6.529999999999905,1301.5600220194015
6.539999999999905,1302.610872821084
6.549999999999905,1303.614273339625
6.559999999999905,1304.4387116602259
6.569999999999904,1298.3626252568422
6.579999999999904,1298.366452413929
6.589999999999904,1297.0977992684986
6.599999999999904,1296.7846766304126
6.6099999999999035,1290.0574091719855
6.619999999999903,1288.8933618956519
6.629999999999903,1282.4910870952526
6.639999999999903,1281.4274773893308
6.649999999999903,1277.331207049564
6.659999999999902,1276.5696574292172
6.669999999999902,1272.3560125229583
6.679999999999902,1271.7036954149644
6.689999999999902,1268.0375993922057
6.699999999999902,1268.1230411810243
6.709999999999901,1266.9717886204214
6.719999999999901,1267.8685957439868
6.729999999999901,1265.686095034208
6.739999999999901,1266.350311661639
6.7499999999999005,1264.8258702494632
6.7599999999999,1266.6590931597018
6.7699999999999,1268.7472149358966
6.7799999999999,1270.9280978538372
6.7899999999999,1273.245760509078
6.7999999999998995,1275.930341043839
6.809999999999899,1278.599324057728
6.819999999999899,1281.2544677900871
6.829999999999899,1283.89213069408
6.839999999999899,1286.5036914927084
6.849999999999898,1289.1025987254418
6.859999999999898,1291.6859515144502
6.869999999999898,1294.2475466103035
6.879999999999898,1296.7934716367997
6.8899999999998975,1299.3151029986486
6.899999999999897,1301.8145651625762
6.909999999999897,1304.3028511996135
6.919999999999897,1306.760922789951
6.929999999999897,1309.155930194622
6.9399999999998965,1311.530267747321
6.949999999999896,1313.8547180976168
6.959999999999896,1316.1567041455266
6.969999999999896,1318.3970969253457
6.979999999999896,1320.6189427521126
6.989999999999895,1322.7785811461429
6.999999999999895,1324.8859375105637
7.009999999999895,1326.9675625118846
7.019999999999895,1329.0034581761297
7.0299999999998946,1331.0320511234356
7.039999999999894,1333.0070316044355
7.049999999999894,1334.9604661189626
7.059999999999894,1336.8595252061639
7.069999999999894,1338.745537229496
7.0799999999998935,1340.6309667238202
7.089999999999893,1342.5022126238816
7.099999999999893,1344.3618176537848
7.109999999999893,1346.2075119576543
7.119999999999893,1348.0435526599551
7.129999999999892,1349.8209288374208
7.139999999999892,1351.5962109956363
7.149999999999892,1353.316297355375
7.159999999999892,1355.0298632332742
7.169999999999892,1356.6947014494358
7.179999999999891,1358.3431039556006
7.189999999999891,1359.985506454287
7.199999999999891,1361.6205433035418
7.209999999999891,1363.2468511785896
7.2199999999998905,1364.5119079742399
7.22999999999989,1365.4605208100816
7.23999999999989,1366.3284825620826
7.24999999999989,1367.1117115677441
7.25999999999989,1367.8315249684413
7.269999999999889,1368.5175110914734
7.279999999999889,1368.941989096139
7.289999999999889,1363.3242598234146
7.299999999999889,1361.6521377232255
7.309999999999889,1356.6236137963328
7.319999999999888,1355.125403014422
7.329999999999888,1349.6897891201493
7.339999999999888,1348.2778237402922
7.349999999999888,1343.1534674267577
7.3599999999998875,1340.9751767104176
7.369999999999887,1336.7527530670973
7.379999999999887,1334.874885918288
7.389999999999887,1331.1142309596687
7.399999999999887,1330.359125945515
7.4099999999998865,1326.4464001650656
7.419999999999886,1325.6844001701281
7.429999999999886,1322.0074109633129
7.439999999999886,1321.406475830509
7.449999999999886,1317.9946812240073
7.459999999999885,1317.5364037319653
7.469999999999885,1314.3216738510575
7.479999999999885,1314.0060965387827
7.489999999999885,1311.1649872077915
7.4999999999998845,1311.1328536150363
7.509999999999884,1310.8556359874478
7.519999999999884,1312.3776539963046
7.529999999999884,1313.9637100155092
7.539999999999884,1315.6473121526806
7.5499999999998835,1317.4652365856305
7.559999999999883,1319.5676609868858
7.569999999999883,1321.6634284335694
7.579999999999883,1323.7480057039886
7.589999999999883,1325.8225497521128
7.599999999999882,1327.872041565719
7.609999999999882,1329.9064801732973
7.619999999999882,1331.929814081416
7.629999999999882,1333.9243918895497
7.6399999999998816,1335.9108527768383
7.649999999999881,1337.896908740775
7.659999999999881,1339.8900528795468
7.669999999999881,1341.8728426731348
7.679999999999881,1343.8473871288768
7.6899999999998805,1345.8090118564019
7.69999999999988,1347.7636710139705
7.70999999999988,1349.7071703035328
7.71999999999988,1351.6325121549473
7.72999999999988,1353.545756861368
7.739999999999879,1355.4503457907228
7.749999999999879,1357.3434378593793
7.759999999999879,1359.225472628946
7.769999999999879,1361.0852561336058
7.779999999999879,1362.9030204571413
7.789999999999878,1364.7280605744388
7.799999999999878,1366.5078791213848
7.809999999999878,1368.275819587069
7.819999999999878,1370.0088134277926
7.8299999999998775,1371.7239017683667
7.839999999999877,1373.4292133057645
7.849999999999877,1375.1055038034312
7.859999999999877,1376.7588689018974
7.869999999999877,1378.4104198823948
7.879999999999876,1380.0229834962174
7.889999999999876,1381.6266790918091
7.899999999999876,1383.213416084724
7.909999999999876,1384.8025790887027
7.919999999999876,1386.3863016344224
7.929999999999875,1387.9563555282093
7.939999999999875,1389.4935086950793
7.949999999999875,1391.0297980665298
7.959999999999875,1392.56015789538
7.9699999999998745,1394.0623268692389
7.979999999999874,1395.5592997110898
7.989999999999874,1397.0401153422526
7.999999999999874,1398.5221208089995
8.009999999999874,1400.0038305072073
8.019999999999873,1401.4886695382152
8.029999999999873,1402.9282049619082
8.039999999999873,1404.3710506623204
8.049999999999873,1405.80273817332
8.059999999999873,1407.2256027453134
8.069999999999872,1408.620363350861
8.079999999999872,1409.997289949856
8.089999999999872,1411.3678755527785
8.099999999999872,1412.7450698362986
8.109999999999872,1412.079362437847
8.119999999999871,1413.0108203894229
8.129999999999871,1413.9077681074061
8.139999999999871,1414.7229887849742
8.14999999999987,1415.5220826661684
8.15999999999987,1416.315160786668
8.16999999999987,1417.1172746080965
8.17999999999987,1417.9046878174634
8.18999999999987,1418.5658443198677
8.19999999999987,1418.7735655217587
8.20999999999987,1418.4679481177373
8.21999999999987,1414.9958441291026
8.229999999999869,1415.4324558761825
8.239999999999869,1414.4213738947437
8.249999999999869,1414.9806873594737
8.259999999999868,1412.57307768577
8.269999999999868,1411.3871820339568
8.279999999999868,1410.244207003709
8.289999999999868,1407.5532388363365
8.299999999999867,1407.6255416105773
8.309999999999867,1404.7771508399687
8.319999999999867,1405.246359325373
8.329999999999867,1402.672596003893
8.339999999999867,1403.267784625715
8.349999999999866,1401.5128760069592
8.359999999999866,1398.9964246336597
8.369999999999866,1398.4073043656515
8.379999999999866,1398.9276104857538
8.389999999999866,1399.846847177483
8.399999999999865,1400.7559719018948
8.409999999999865,1401.7155412702562
8.419999999999865,1402.7066544412605
8.429999999999865,1403.7249209653476
8.439999999999864,1404.7240509313413
8.449999999999864,1405.8683697304193
8.459999999999864,1407.1914474182902
8.469999999999864,1407.444996085305
8.479999999999864,1408.4899837524872
8.489999999999863,1409.8878940434563
8.499999999999863,1411.2597798158981
8.509999999999863,1411.0739991101852
8.519999999999863,1412.4158197272768
8.529999999999863,1413.7785401641827
8.539999999999862,1415.1201058955394
8.549999999999862,1416.459583305117
8.559999999999862,1417.7932849944184
8.569999999999862,1419.097465357531
8.579999999999862,1420.4070160137594
8.589999999999861,1421.7120368434066
8.599999999999861,1422.9877813020844
8.60999999999986,1424.2715852518038
8.61999999999986,1425.5396189403903
8.62999999999986,1426.7893649289235
8.63999999999986,1428.026284896604
8.64999999999986,1429.2659628464585
8.65999999999986,1430.5044177960817
8.66999999999986,1430.1956376516735
8.67999999999986,1431.400193160209
8.68999999999986,1432.6006966712162
8.699999999999859,1433.7994650862775
8.709999999999859,1434.9972524807376
8.719999999999859,1436.1915916605285
8.729999999999858,1437.3711165883199
8.739999999999858,1438.5579041392457
8.749999999999858,1438.2315138913405
8.759999999999858,1439.07751062026
8.769999999999857,1439.8865918659912
8.779999999999857,1440.6865566278816
8.789999999999857,1441.435007956842
8.799999999999857,1442.114007338453
8.809999999999857,1440.0278997401426
8.819999999999856,1440.2997556683626
8.829999999999856,1437.4770501417213
8.839999999999856,1437.934952147356
8.849999999999856,1437.4543362368013
8.859999999999856,1434.7105203784606
8.869999999999855,1435.0866026380475
8.879999999999855,1432.5773912158584
8.889999999999855,1431.2636751327664
8.899999999999855,1428.8430553961146
8.909999999999854,1428.2525234502814
8.919999999999854,1427.1696918402859
8.929999999999854,1426.22901495481
8.939999999999854,1426.5762028665106
8.949999999999854,1426.0470167703513
8.959999999999853,1427.0128058941928
8.969999999999853,1428.0026813330717
8.979999999999853,1428.961790600172
8.989999999999853,1429.91675173869
8.999999999999853,1430.859544705978
9.009999999999852,1432.0592613845795
9.019999999999852,1433.3094680705813
9.029999999999852,1434.5431945761636
9.039999999999852,1435.7784851375836
9.049999999999851,1436.9906604342323
9.059999999999851,1438.1835362604254
9.069999999999851,1439.3642300139024
9.07999999999985,1440.5415704638942
9.08999999999985,1441.7000922662628
9.09999999999985,1442.8622433432272
9.10999999999985,1444.0127357192878
9.11999999999985,1445.1658248175918
9.12999999999985,1446.3035281227349
9.13999999999985,1447.4153914639376
9.14999999999985,1448.5216908329267
9.15999999999985,1449.6128481484643
9.169999999999849,1450.7059845666984
9.179999999999849,1451.7942428738174
9.189999999999849,1452.8922116869358
9.199999999999848,1453.9914385261138
9.209999999999848,1455.0687096112486
9.219999999999848,1456.115483519217
9.229999999999848,1457.1679142379742
9.239999999999847,1458.2311080305888
9.249999999999847,1459.2877225367054
9.259999999999847,1460.3290232921443
9.269999999999847,1461.366586500729
9.279999999999847,1462.3915862109761
9.289999999999846,1463.4232170286894
9.299999999999846,1463.4474563253184
9.309999999999846,1464.4592962903498
9.319999999999846,1465.0603290318977
9.329999999999846,1464.5757744611408
9.339999999999845,1465.5810211162855
9.349999999999845,1466.195653230899
9.359999999999845,1465.7364449703398
9.369999999999845,1465.4952053375662
9.379999999999844,1466.079208804611
9.389999999999844,1466.683741899282
9.399999999999844,1466.1855053567103
9.409999999999844,1467.21724304419
9.419999999999844,1467.5925540333947
9.429999999999843,1468.6211069305639
9.439999999999843,1469.6450425550838
9.449999999999843,1468.315384584388
9.459999999999843,1468.725435498553
9.469999999999843,1469.5021057689003
9.479999999999842,1467.7502053367475
9.489999999999842,1468.2902242425384
9.499999999999842,1466.3953604246628
9.509999999999842,1467.023284437966
9.519999999999841,1467.734562148283
9.529999999999841,1466.525445662908
9.539999999999841,1466.6773766640385
9.54999999999984,1466.10464320893
9.55999999999984,1466.9153437284722
9.56999999999984,1465.2527691671366
9.57999999999984,1466.1494072272928
9.58999999999984,1464.7698981366934
9.59999999999984,1465.3740791926289
9.60999999999984,1465.1337412276155
9.61999999999984,1465.1703779417
9.62999999999984,1466.1750201180835
9.639999999999839,1465.9489790696257
9.649999999999839,1466.9545690937782
9.659999999999838,1467.9685572529445
9.669999999999838,1467.8633390385012
9.679999999999838,1468.8600341044814
9.689999999999838,1469.8541637462718
9.699999999999838,1470.8405644076718
9.709999999999837,1470.9655913829083
9.719999999999837,1471.9538129331615
9.729999999999837,1472.951266337153
9.739999999999837,1473.915674985811
9.749999999999837,1474.8725645219554
9.759999999999836,1475.8348757662106
9.769999999999836,1476.7998503050164
9.779999999999836,1477.7608788673126
9.789999999999836,1478.692326330486
9.799999999999836,1479.6432078276346
9.809999999999835,1480.5597653392533
9.819999999999835,1481.501937885872
9.829999999999835,1482.447048694596
9.839999999999835,1483.3731918614872
9.849999999999834,1484.3103199719521
9.859999999999834,1485.225178991733
9.869999999999834,1486.1394777026253
9.879999999999834,1487.020095335929
9.889999999999834,1487.90814951838
9.899999999999833,1488.5942756923125
9.909999999999833,1488.6047124143688
9.919999999999833,1489.4778206475337
9.929999999999833,1490.3393607349624
9.939999999999833,1489.0256848295694
9.949999999999832,1489.6674577257281
9.959999999999832,1489.103810297754
9.969999999999832,1489.9982056371093
9.979999999999832,1489.777783360354
9.989999999999831,1489.5497212471694
9.999999999999831,1487.8487446629483
10.009999999999831,1488.2331037711494
10.01999999999983,1488.2303498316937
10.02999999999983,1486.6340366031206
10.03999999999983,1487.2232112737815
10.04999999999983,1486.1307957977908
10.05999999999983,1484.3981044450181
10.06999999999983,1482.2541216220002
10.07999999999983,1480.2855851003123
10.08999999999983,1478.0535974611666
10.09999999999983,1475.8504714876904
10.109999999999829,1474.738390050961
10.119999999999829,1474.4502677722548
10.129999999999828,1473.250852419894
10.139999999999828,1472.7152315959568
10.149999999999828,1473.3655869402132
10.159999999999828,1472.2287952976114
10.169999999999828,1473.0897218022983
10.179999999999827,1472.2275166834936
10.189999999999827,1472.8979315401791
10.199999999999827,1473.8479177760346
10.209999999999827,1474.7577703350364
10.219999999999827,1475.5909930972553
10.229999999999826,1476.4730361252468
10.239999999999826,1477.385019641409
10.249999999999826,1478.2944922154454
10.259999999999826,1479.2032240606848
10.269999999999825,1480.1094111011587
10.279999999999825,1481.0199572723093
10.289999999999825,1481.9244895769127
10.299999999999825,1482.8341400378572
10.309999999999825,1483.7390834580706
10.319999999999824,1484.6453699881984
10.329999999999824,1485.5560657383803
10.339999999999824,1486.4642179450486
10.349999999999824,1487.3600660037666
10.359999999999824,1488.2414133601953
10.369999999999823,1489.127343626732
10.379999999999823,1490.007590489583
10.389999999999823,1490.8724351879844
10.399999999999823,1491.7320981055166
10.409999999999823,1492.5893336049123
10.419999999999822,1493.452642423594
10.429999999999822,1494.3050366338225
10.439999999999822,1495.1486460721512
10.449999999999822,1495.9861439505778
10.459999999999821,1496.8211569727314
10.469999999999821,1497.6517906708107
10.479999999999821,1498.4751866485767
10.48999999999982,1499.2791084233827
10.49999999999982,1500.076701562191
10.50999999999982,1500.866288165287
10.51999999999982,1501.6669596981794
10.52999999999982,1502.471695308926
10.53999999999982,1503.2397566007885
10.54999999999982,1503.9484874520483
10.55999999999982,1504.639814608126
10.569999999999819,1504.8251675603472
10.579999999999819,1505.5958768262135
10.589999999999819,1504.498999121422
10.599999999999818,1504.1176662954365
10.609999999999818,1504.2204365942555
10.619999999999818,1503.0376905402043
10.629999999999818,1501.600188749909
10.639999999999818,1499.891059859753
10.649999999999817,1498.1600125839539
10.659999999999817,1496.3735379185075
10.669999999999817,1494.5851898437372
10.679999999999817,1492.8274598537691
10.689999999999817,1491.0828072880938
10.699999999999816,1489.3622945750685
10.709999999999816,1487.6740498823117
10.719999999999816,1486.0502673453
10.729999999999816,1484.503324177534
10.739999999999815,1482.983931736788
10.749999999999815,1482.3223535555744
10.759999999999815,1482.3747663102188
10.769999999999815,1481.491535044674
10.779999999999815,1482.345843657536
10.789999999999814,1483.1495912459088
10.799999999999814,1483.916289448262
10.809999999999814,1484.6705700752507
10.819999999999814,1485.4256117772452
10.829999999999814,1486.23452733565
10.839999999999813,1487.0669864900356
10.849999999999813,1487.9079355693275
10.859999999999813,1488.740821884435
10.869999999999813,1489.556061062458
10.879999999999812,1490.3675653384967
10.889999999999812,1491.1914432088786
10.899999999999812,1492.006033277358
10.909999999999812,1492.8125468898065
10.919999999999812,1493.6031102452403
10.929999999999811,1494.4047900686346
10.939999999999811,1495.2082639498713
10.949999999999811,1496.0159841765312
10.95999999999981,1496.8215055107128
10.96999999999981,1497.6204451111037
10.97999999999981,1498.4169998606167
10.98999999999981,1499.2131368626447
10.99999999999981,1499.9981127172844
11.00999999999981,1500.7681826825267
11.01999999999981,1501.5447042924466
11.02999999999981,1502.3159658489533
11.039999999999809,1503.0807448509172
11.049999999999809,1503.841506156315
11.059999999999809,1504.6048210690349
11.069999999999808,1505.3699155925315
11.079999999999808,1506.1398180269923
11.089999999999808,1506.908137563422
11.099999999999808,1507.6593588394155
11.109999999999808,1508.4021092242633
11.119999999999807,1509.130259979386
11.129999999999807,1509.8454911529834
11.139999999999807,1510.5551295013304
11.149999999999807,1511.2675281520842
11.159999999999807,1511.9852420168208
11.169999999999806,1512.7053497304341
11.179999999999806,1513.37122788851
11.189999999999806,1514.020436644907
11.199999999999806,1513.3462735320509
11.209999999999805,1513.2570817897015
11.219999999999805,1513.0207880472783
11.229999999999805,1513.0087398764729
11.239999999999805,1512.3773565153463
11.249999999999805,1511.5522286805601
11.259999999999804,1510.651620382228
11.269999999999804,1509.3572362759191
11.279999999999804,1508.6305640621194
11.289999999999804,1508.0684140651817
11.299999999999804,1507.568514955885
11.309999999999803,1507.1243458773504
11.319999999999803,1506.7400179965966
11.329999999999803,1506.631653581739
11.339999999999803,1506.040294206697
11.349999999999802,1505.323639743956
11.359999999999802,1504.2764102919618
11.369999999999802,1503.2337907623735
11.379999999999802,1502.2670227340766
11.389999999999802,1501.3925725019049
11.399999999999801,1500.5335408132337
11.409999999999801,1499.6444406214973
11.419999999999801,1498.7539146157405
11.4299999999998,1497.8647318664562
11.4399999999998,1497.8733241738137
11.4499999999998,1498.2118076698298
11.4599999999998,1497.6571559890901
11.4699999999998,1498.4194796491079
11.4799999999998,1499.1227663262805
11.4899999999998,1499.7888364100531
11.4999999999998,1500.458415144155
11.509999999999799,1501.1715803424127
11.519999999999799,1501.881733110189
11.529999999999799,1502.6011220376313
11.539999999999798,1503.3302761494433
11.549999999999798,1504.0648267243575
11.559999999999798,1504.8032260766245
11.569999999999798,1505.5457587751914
11.579999999999798,1506.2802192462084
11.589999999999797,1507.0060291640982
11.599999999999797,1507.7288354970153
11.609999999999797,1508.4563520855838
11.619999999999797,1509.1838760503326
11.629999999999797,1509.9073725663309
11.639999999999796,1510.628939204014
11.649999999999796,1511.3477726931958
11.659999999999796,1512.0668003305593
11.669999999999796,1512.788736566363
11.679999999999795,1513.5057088262142
11.689999999999795,1514.2153299371105
11.699999999999795,1514.9157896902502
11.709999999999795,1515.6101657360423
11.719999999999795,1516.296798085453
11.729999999999794,1516.9846217818972
11.739999999999794,1517.6670328163225
11.749999999999794,1518.3282773594783
11.759999999999794,1518.9968660589598
11.769999999999794,1519.6639602991074
11.779999999999793,1520.3346731562694
11.789999999999793,1521.00095966958
11.799999999999793,1521.6671311363318
11.809999999999793,1522.3248698576488
11.819999999999792,1522.9661980164767
11.829999999999792,1523.5999680702123
11.839999999999792,1524.2358463881492
11.849999999999792,1524.874498325221
11.859999999999792,1525.515334125078
11.869999999999791,1526.1575217943987
11.879999999999791,1526.7563956988167
11.889999999999791,1527.3329570253113
11.89999999999979,1527.9059743068362
11.90999999999979,1528.4814988269222
11.91999999999979,1529.0504179649347
11.92999999999979,1529.609278408265
11.93999999999979,1529.3718454182385
11.94999999999979,1529.547963885158
11.95999999999979,1529.700259157803
11.96999999999979,1529.8842686006417
11.979999999999789,1530.033231716032
11.989999999999789,1529.689379487061
11.999999999999789,1529.2057976847602
12.009999999999788,1528.6599905749324
12.019999999999788,1527.7805248632437
12.029999999999788,1527.3534249810202
12.039999999999788,1527.065254527511
12.049999999999788,1526.853121484917
12.059999999999787,1526.7106889521237
12.069999999999787,1526.565484334047
12.079999999999787,1526.5775372656922
12.089999999999787,1526.192241083419
12.099999999999786,1525.5219780226876
12.109999999999786,1524.7158515777637
12.119999999999786,1523.8780764053306
12.129999999999786,1523.0295385067502
12.139999999999786,1522.2106670832045
12.149999999999785,1521.483624846981
12.159999999999785,1520.8660603232613
12.169999999999785,1520.295933168303
12.179999999999785,1519.773786846872
12.189999999999785,1519.1567114273591
12.199999999999784,1519.798177609676
12.209999999999784,1519.6397077461875
12.219999999999784,1520.286389686146
12.229999999999784,1520.898247706908
12.239999999999783,1521.4961316647195
12.249999999999783,1522.117874528087
12.259999999999783,1522.76057521467
12.269999999999783,1523.404648032921
12.279999999999783,1524.0512959576342
12.289999999999782,1524.6938394245074
12.299999999999782,1525.337936420413
12.309999999999782,1525.9744356563106
12.319999999999782,1526.6085850913153
12.329999999999782,1527.241780774927
12.339999999999781,1527.873696714255
12.349999999999781,1528.49719120361
12.359999999999781,1529.1210041723891
12.36999999999978,1529.7471965252864
12.37999999999978,1530.3715447233749
12.38999999999978,1530.994787938973
12.39999999999978,1531.6138722429198
12.40999999999978,1532.2404878133802
12.41999999999978,1532.8652795005876
12.42999999999978,1533.4969582124452
12.43999999999978,1534.1236889418308
12.449999999999779,1534.749239746539
12.459999999999779,1535.3697388828086
12.469999999999779,1535.9793550907184
12.479999999999778,1536.5845803279915
12.489999999999778,1537.1989624566563
12.499999999999778,1537.815335625492
12.509999999999778,1538.4313456533655
12.519999999999778,1539.044923383889
12.529999999999777,1539.6422871427035
12.539999999999777,1540.2004210321822
12.549999999999777,1540.7473514810213
12.559999999999777,1541.285892861886
12.569999999999776,1541.8211082812566
12.579999999999776,1542.3497711505902
12.589999999999776,1542.8783721095497
12.599999999999776,1543.398143476073
12.609999999999776,1543.9179640863924
12.619999999999775,1543.8824022357057
12.629999999999775,1544.42878768883
12.639999999999775,1544.775192143739
12.649999999999775,1545.2485882415212
12.659999999999775,1545.0811078725783
12.669999999999774,1545.6298840571646
12.679999999999774,1545.8791443128744
12.689999999999774,1545.8697846187276
12.699999999999774,1545.7545562487508
12.709999999999773,1545.2997346990462
12.719999999999773,1544.9962329431653
12.729999999999773,1544.4092743622048
12.739999999999773,1543.395286788879
12.749999999999773,1542.7866490497813
12.759999999999772,1542.1761790394844
12.769999999999772,1541.626031867156
12.779999999999772,1541.0966527107453
12.789999999999772,1540.5825262447156
12.799999999999772,1540.0597015069457
12.809999999999771,1539.5564105635935
12.819999999999771,1538.9815975181123
12.829999999999771,1538.4838363702797
12.83999999999977,1537.983831645923
12.84999999999977,1538.5358263800915
12.85999999999977,1538.6257149225119
12.86999999999977,1538.3612593381265
12.87999999999977,1538.9264972890337
12.88999999999977,1539.4539456502241
12.89999999999977,1539.9683557135322
12.90999999999977,1540.4847302569688
12.919999999999769,1540.9998328284194
12.929999999999769,1541.5115493742824
12.939999999999769,1542.0213544370974
12.949999999999768,1542.5343672679212
12.959999999999768,1543.04801499218
12.969999999999768,1543.578893730102
12.979999999999768,1544.1126759162323
12.989999999999768,1544.641607270384
12.999999999999767,1545.171629050269
13.009999999999767,1545.7143169206122
13.019999999999767,1546.2699099904535
13.029999999999767,1546.825583411565
13.039999999999766,1547.366794292045
13.049999999999766,1547.9026051356966
13.059999999999766,1548.4336873553475
13.069999999999766,1548.9372786996971
13.079999999999766,1549.4347986787263
13.089999999999765,1549.920557714262
13.099999999999765,1550.4040558174024
13.109999999999765,1550.884330265533
13.119999999999765,1551.0325141579945
13.129999999999765,1551.5456738752544
13.139999999999764,1552.042066061261
13.149999999999764,1552.2868302940788
13.159999999999764,1552.810859279742
13.169999999999764,1552.8456748179353
13.179999999999763,1552.6002324993508
13.189999999999763,1552.2237661710026
13.199999999999763,1551.7500977881436
13.209999999999763,1551.1966522152159
13.219999999999763,1550.6722290340354
13.229999999999762,1550.1610864824988
13.239999999999762,1549.8262156477197
13.249999999999762,1549.2276952774348
13.259999999999762,1548.2234147725212
13.269999999999762,1547.403527094204
13.279999999999761,1546.8842699073548
13.289999999999761,1546.5364870862961
13.299999999999761,1546.6496918193657
13.30999999999976,1546.8374813405658
13.31999999999976,1547.0514769384206
13.32999999999976,1547.2474218441926
13.33999999999976,1547.5030196989944
13.34999999999976,1547.8120258411489
13.35999999999976,1548.0740262328027
13.36999999999976,1548.401839055265
13.37999999999976,1548.7694633219387
13.389999999999759,1549.1608201192414
13.399999999999759,1549.5587711798746
13.409999999999759,1549.9764006390124
13.419999999999758,1550.1308245577
13.429999999999758,1550.6516828964216
13.439999999999758,1551.0932606831327
13.449999999999758,1551.6095249004509
13.459999999999757,1552.0965253385818
13.469999999999757,1552.5777422356987
13.479999999999757,1553.0589560412084
13.489999999999757,1553.541955380748
13.499999999999757,1554.0262447340117
13.509999999999756,1554.5124029120107
13.519999999999756,1554.9956142396995
13.529999999999756,1555.4840514341474
13.539999999999756,1555.9949528968857
13.549999999999756,1556.5292650280526
13.559999999999755,1557.0652317843844
13.569999999999755,1557.605376581049
13.579999999999755,1558.1386256089638
13.589999999999755,1558.6413574533526
13.599999999999755,1559.1478664787453
13.609999999999754,1559.6774147323918
13.619999999999754,1560.2134337580592
13.629999999999754,1560.7151357390492
13.639999999999754,1561.197887813248
13.649999999999753,1561.6793684831605
13.659999999999753,1562.167747708443
13.669999999999753,1562.6630538892684
13.679999999999753,1563.1369487009054
13.689999999999753,1563.6090583131263
13.699999999999752,1564.0846353950285
13.709999999999752,1564.5584130037914
13.719999999999752,1565.035865077595
13.729999999999752,1565.5113840815418
13.739999999999752,1565.9870284046588
13.749999999999751,1566.458524138535
13.759999999999751,1566.9316282023917
13.76999999999975,1567.397719449694
13.77999999999975,1567.8655135298072
13.78999999999975,1568.332510089485
13.79999999999975,1568.5911782990595
13.80999999999975,1568.7298203917046
13.81999999999975,1569.2269713298967
13.82999999999975,1569.3951471419125
13.83999999999975,1569.3378722088478
13.84999999999975,1569.316494287759
13.859999999999749,1568.9482473703847
13.869999999999749,1568.7083541513537
13.879999999999749,1568.5513465454096
13.889999999999748,1568.5345870877952
13.899999999999748,1568.2444869598173
13.909999999999748,1567.5547276204072
13.919999999999748,1566.979090902543
13.929999999999747,1566.5049726286677
13.939999999999747,1566.4532610977676
13.949999999999747,1566.1731442838905
13.959999999999747,1565.645558731593
13.969999999999747,1565.2598097867124
13.979999999999746,1565.2232579693252
13.989999999999746,1565.1523241015245
13.999999999999746,1565.290570648622
14.009999999999746,1565.24127461778
14.019999999999746,1564.8767697259646
14.029999999999745,1564.57848960947
14.039999999999745,1564.616900209241
14.049999999999745,1564.700829134726
14.059999999999745,1565.0573021472787
14.069999999999744,1565.4417077465882
14.079999999999744,1565.8425578220172
14.089999999999744,1566.234775725246
14.099999999999744,1566.653560527531
14.109999999999744,1566.9270092357863
14.119999999999743,1567.0004973534221
14.129999999999743,1566.8711592728137
14.139999999999743,1566.686862902211
14.149999999999743,1566.4890938809942
14.159999999999743,1566.9824012709007
14.169999999999742,1567.4252596398262
14.179999999999742,1567.9466701423257
14.189999999999742,1568.4293198729395
14.199999999999742,1568.899918980329
14.209999999999742,1569.3691447284216
14.219999999999741,1569.8347262045136
14.229999999999741,1570.302212883916
14.23999999999974,1570.7676371870539
14.24999999999974,1571.2331017939628
14.25999999999974,1571.6965015854964
14.26999999999974,1572.1523425355253
14.27999999999974,1572.6111317570071
14.28999999999974,1573.072898564612
14.29999999999974,1573.5363678364051
14.30999999999974,1573.9967329841108
14.31999999999974,1574.4530882968015
14.329999999999739,1574.9081274447121
14.339999999999739,1575.3654785896238
14.349999999999739,1575.8230978624854
14.359999999999738,1576.2804835938712
14.369999999999738,1576.7405781835548
14.379999999999738,1577.19494707383
14.389999999999738,1577.6475801586976
14.399999999999737,1578.1059402621938
14.409999999999737,1578.5625555879615
14.419999999999737,1579.0181812313037
14.429999999999737,1579.4723702904623
14.439999999999737,1579.8179740775147
14.449999999999736,1580.2903005322137
14.459999999999736,1580.756982719107
14.469999999999736,1581.2204793102055
14.479999999999736,1581.6737663328072
14.489999999999736,1581.9347673472976
14.499999999999735,1582.0760604066556
14.509999999999735,1582.5659565101569
14.519999999999735,1582.9738839403494
14.529999999999735,1583.3727660456157
14.539999999999734,1583.4317695321104
14.549999999999734,1583.1347643522988
14.559999999999734,1582.861507397298
14.569999999999734,1582.8609835776238
14.579999999999734,1582.9612395913496
14.589999999999733,1583.2245695963786
14.599999999999733,1583.2052217829844
14.609999999999733,1582.9085272367156
14.619999999999733,1582.647956263205
14.629999999999733,1582.7028890356937
14.639999999999732,1582.794169966151
14.649999999999732,1583.08929125554
14.659999999999732,1583.0694817802816
14.669999999999732,1582.6010374451264
14.679999999999731,1582.6661367807815
14.689999999999731,1582.8560578168067
14.699999999999731,1583.213188991519
14.70999999999973,1583.243338921772
14.71999999999973,1582.9018126479018
14.72999999999973,1582.5849358217374
14.73999999999973,1582.5753105502527
14.74999999999973,1582.715234226156
14.75999999999973,1583.076542280649
14.76999999999973,1583.464111793795
14.77999999999973,1583.8812201045837
14.78999999999973,1584.3011803355732
14.799999999999729,1584.6058437050247
14.809999999999729,1584.8925992076663
14.819999999999729,1585.032539687073
14.829999999999728,1585.529684847632
14.839999999999728,1585.6681432260814
14.849999999999728,1586.1523149022025
14.859999999999728,1586.462455082134
14.869999999999727,1586.9305563021828
14.879999999999727,1587.1920467108382
14.889999999999727,1587.669049824092
14.899999999999727,1587.9565289769318
14.909999999999727,1588.4381261443718
14.919999999999726,1588.8982132516066
14.929999999999726,1589.3000439402063
14.939999999999726,1589.7741857233298
14.949999999999726,1590.2250075011532
14.959999999999726,1590.665943096761
14.969999999999725,1591.1088735781032
14.979999999999725,1591.5551759303025
14.989999999999725,1592.0022350309232
14.999999999999725,1592.44292205923
15.009999999999724,1592.8829106280002
15.019999999999724,1593.318561465671
15.029999999999724,1593.7547055826685
15.039999999999724,1594.1894137714694
15.049999999999724,1594.6236885131227
15.059999999999723,1595.0629147464667
15.069999999999723,1595.4633150736238
15.079999999999723,1595.9182842387129
15.089999999999723,1596.3617572621863
15.099999999999723,1596.7565167209796
15.109999999999722,1597.2111697119144
15.119999999999722,1597.6123942591364
15.129999999999722,1598.0644714122116
15.139999999999722,1598.4906637555268
15.149999999999721,1598.7649144273112
15.159999999999721,1599.2287345445873
15.169999999999721,1599.5684734306842
15.17999999999972,1599.5125390455744
15.18999999999972,1599.4650168877583
15.19999999999972,1599.6535191541295
15.20999999999972,1599.969586459359
15.21999999999972,1600.282270092071
15.22999999999972,1600.673625238238
15.23999999999972,1600.7892513870759
15.24999999999972,1600.6194398663274
15.25999999999972,1600.5373672273722
15.269999999999719,1600.6812203954428
15.279999999999719,1600.9226750566484
15.289999999999718,1601.3144115827001
15.299999999999718,1601.445112487251
15.309999999999718,1601.2695698267553
15.319999999999718,1601.1246345246475
15.329999999999718,1601.227032552178
15.339999999999717,1601.4542214171156
15.349999999999717,1601.8462566265666
15.359999999999717,1602.0222357158575
15.369999999999717,1601.8220319961554
15.379999999999717,1601.768728979253
15.389999999999716,1601.8431941784686
15.399999999999716,1602.007246718368
15.409999999999716,1602.2184207477424
15.419999999999716,1602.546160630633
15.429999999999715,1602.8939826519597
15.439999999999715,1603.3075342114482
15.449999999999715,1603.7286912217735
15.459999999999715,1604.1439033935044
15.469999999999715,1604.345843742612
15.479999999999714,1604.2193343910258
15.489999999999714,1604.2692998886296
15.499999999999714,1604.2158291964665
15.509999999999714,1604.3114863960213
15.519999999999714,1604.536580016135
15.529999999999713,1604.7771274432696
15.539999999999713,1605.252819598256
15.549999999999713,1605.5485240752232
15.559999999999713,1606.0143188093714
15.569999999999713,1606.3595551788267
15.579999999999712,1606.8132554945767
15.589999999999712,1607.2525558029415
15.599999999999712,1607.6640831397924
15.609999999999712,1608.1052716252177
15.619999999999711,1608.5185813836274
15.629999999999711,1608.960311885592
15.639999999999711,1609.3913664590882
15.64999999999971,1609.8038780715476
15.65999999999971,1610.247916164792
15.66999999999971,1610.6917273063673
15.67999999999971,1611.10026218004
15.68999999999971,1611.5472156880862
15.69999999999971,1611.9146869398644
15.70999999999971,1612.3649906935846
15.71999999999971,1612.7096728312256
15.729999999999709,1613.1589318771573
15.739999999999709,1613.5704471744773
15.749999999999709,1614.0071069649896
15.759999999999708,1614.4217312259743
15.769999999999708,1614.8624570621569
15.779999999999708,1615.198843144036
15.789999999999708,1615.6470021533385
15.799999999999708,1616.0851281938233
15.809999999999707,1616.5238436068753
15.819999999999707,1616.959855652944
15.829999999999707,1617.3958992440996
15.839999999999707,1617.8184132368326
15.849999999999707,1618.254919465032
15.859999999999706,1618.7002977670693
15.869999999999706,1618.9221894837747
15.879999999999706,1619.154074219879
15.889999999999706,1619.3508576316838
15.899999999999705,1619.5623261617611
15.909999999999705,1619.764750652945
15.919999999999705,1620.1567166313766
15.929999999999705,1620.3881877518204
15.939999999999705,1620.1853261342258
15.949999999999704,1620.1919281409735
15.959999999999704,1620.5788973653487
15.969999999999704,1620.5139555021358
15.979999999999704,1620.624055395911
15.989999999999704,1620.8133784279485
15.999999999999703,1620.6940116365352
16.009999999999703,1620.6935679422188
16.019999999999705,1620.9796322329307
16.029999999999706,1621.3782882657113
16.039999999999708,1621.6543400703508
16.04999999999971,1621.6019306528592
16.05999999999971,1621.5666204968886
16.069999999999713,1621.7245251237423
16.079999999999714,1621.9686021521436
16.089999999999716,1622.240838491978
16.099999999999717,1622.5827089966142
16.10999999999972,1622.9889173531315
16.11999999999972,1623.4255883118724
16.129999999999722,1623.8709452195728
16.139999999999723,1624.3025400841866
16.149999999999725,1624.7266196890148
16.159999999999727,1625.0088444236756
16.169999999999728,1625.027639034482
16.17999999999973,1625.244718443123
16.18999999999973,1625.4986282138454
16.199999999999733,1625.9593046770246
16.209999999999734,1626.4025623722043
16.219999999999736,1626.8220501715346
16.229999999999738,1627.2656885247054
16.23999999999974,1627.709027489487
16.24999999999974,1628.1449189772304
16.259999999999742,1628.5882435111093
16.269999999999744,1629.0101680201196
16.279999999999745,1629.4427327221
16.289999999999747,1629.876051442989
16.29999999999975,1630.3079429561212
16.30999999999975,1630.714670447943
16.31999999999975,1631.1574860222463
16.329999999999753,1631.5830147388467
16.339999999999755,1632.0214119092323
16.349999999999756,1632.4395859486683
16.359999999999758,1632.8755805904455
16.36999999999976,1633.3152068332038
16.37999999999976,1633.7460378510302
16.389999999999763,1634.1470999121775
16.399999999999764,1634.5582774107163
16.409999999999766,1634.9372965623174
16.419999999999767,1635.3534481506294
16.42999999999977,1635.6352949916075
16.43999999999977,1635.6421356177473
16.449999999999772,1635.7417393873666
16.459999999999773,1636.0654642346065
16.469999999999775,1636.4244931448677
16.479999999999777,1636.857818197005
16.489999999999778,1636.7711242290452
16.49999999999978,1636.908312951173
16.50999999999978,1637.226294886673
16.519999999999783,1637.574709114956
16.529999999999784,1637.5018173064757
16.539999999999786,1637.8200526417882
16.549999999999788,1638.1781859951561
16.55999999999979,1638.6065787881387
16.56999999999979,1638.95802658088
16.579999999999792,1639.0708513655056
16.589999999999794,1639.3283663285383
16.599999999999795,1639.5687761408938
16.609999999999797,1639.8939152968824
16.6199999999998,1640.343407276015
16.6299999999998,1640.7820043036877
16.6399999999998,1641.2322691547583
16.649999999999803,1641.6695679713634
16.659999999999805,1642.1130276063043
16.669999999999806,1642.568403270357
16.679999999999808,1643.0142029925496
16.68999999999981,1643.4032029812965
16.69999999999981,1643.5794291421382
16.709999999999813,1643.9051121177877
16.719999999999814,1644.3537148888176
16.729999999999816,1644.791113706132
16.739999999999817,1645.22365296484
16.74999999999982,1645.6556306838845
16.75999999999982,1646.0924710369748
16.769999999999822,1646.522582912125
16.779999999999824,1646.9574890802792
16.789999999999825,1647.3757468271565
16.799999999999827,1647.8036452912231
16.809999999999828,1648.237398659612
16.81999999999983,1648.6701283415769
16.82999999999983,1649.0935207819591
16.839999999999833,1649.512289571082
16.849999999999834,1649.9320269577906
16.859999999999836,1650.3255138178067
16.869999999999838,1650.6977633845988
16.87999999999984,1651.085343535444
16.88999999999984,1651.4484837383322
16.899999999999842,1651.8580882806637
16.909999999999844,1652.2756056185312
16.919999999999845,1652.6963612690424
16.929999999999847,1653.0945084475968
16.93999999999985,1653.2099377065308
16.94999999999985,1653.5620460327868
16.95999999999985,1653.955585231235
16.969999999999853,1654.3670913259546
16.979999999999855,1654.7891496264685
16.989999999999856,1654.9292121995666
16.999999999999858,1655.2932789885035
17.00999999999986,1655.6802936448346
17.01999999999986,1655.6948756527838
17.029999999999863,1655.8384551860452
17.039999999999864,1656.204339164611
17.049999999999866,1656.6253333345817
17.059999999999867,1657.05265222787
17.06999999999987,1657.223737528748
17.07999999999987,1657.51258882956
17.089999999999872,1657.847959500952
17.099999999999874,1658.2262865762914
17.109999999999875,1658.572097994798
17.119999999999877,1658.9776016519818
17.129999999999878,1659.393164327885
17.13999999999988,1659.82222164649
17.14999999999988,1660.2403913138419
17.159999999999883,1660.6696546839105
17.169999999999884,1661.0882147921582
17.179999999999886,1661.2688041407816
17.189999999999888,1661.6343089661414
17.19999999999989,1662.0559147112735
17.20999999999989,1662.162574218594
17.219999999999892,1662.4740523677929
17.229999999999894,1662.8032211433315
17.239999999999895,1663.22272687747
17.249999999999897,1663.2904515410382
17.2599999999999,1663.618229465379
17.2699999999999,1663.967428688608
17.2799999999999,1663.9878401088204
17.289999999999903,1664.3229971367014
17.299999999999905,1664.251435166138
17.309999999999906,1664.2836114907375
17.319999999999908,1664.5445864283724
17.32999999999991,1664.6706587042952
17.33999999999991,1665.0454627357449
17.349999999999913,1665.1918931526689
17.359999999999914,1665.467082536981
17.369999999999916,1665.854313577865
17.379999999999917,1666.2661869071287
17.38999999999992,1666.5270041521997
17.39999999999992,1666.8266579410129
17.409999999999922,1667.22256421
17.419999999999924,1667.6303787050892
17.429999999999925,1668.0369349674772
17.439999999999927,1668.4508043670273
17.44999999999993,1668.7082888437265
17.45999999999993,1669.0975503062266
17.46999999999993,1669.524402309216
17.479999999999933,1669.9455765884184
17.489999999999934,1670.3738537563972
17.499999999999936,1670.7883573430447
17.509999999999938,1671.2080064999495
17.51999999999994,1671.5883588440531
17.52999999999994,1671.9640097563547
17.539999999999942,1672.3002936059167
17.549999999999944,1672.6567147067856
17.559999999999945,1672.9719343831505
17.569999999999947,1673.2801356094724
17.57999999999995,1673.656701768036
17.58999999999995,1674.0117918269138
17.59999999999995,1674.419400697386
17.609999999999953,1674.814499110941
17.619999999999955,1675.224764058633
17.629999999999956,1675.6112537583026
17.639999999999958,1676.0225883086946
17.64999999999996,1676.353381081086
17.65999999999996,1676.697001382078
17.669999999999963,1677.121170915817
17.679999999999964,1676.4527115173748
17.689999999999966,1676.8853104467998
17.699999999999967,1675.9129652480472
17.70999999999997,1676.359558002855
17.71999999999997,1676.7901627241101
17.729999999999972,1675.914108902477
17.739999999999974,1676.365131340825
17.749999999999975,1676.7891575433603
17.759999999999977,1676.2192943442053
17.76999999999998,1676.668785729475
17.77999999999998,1677.0931647408456
17.78999999999998,1676.4035046367305
17.799999999999983,1676.8558491842296
17.809999999999985,1676.718853951835
17.819999999999986,1676.515786997476
17.829999999999988,1676.9688048522382
17.83999999999999,1675.9272900678247
17.84999999999999,1675.8412491665351
17.859999999999992,1676.3026820189677
17.869999999999994,1673.9701378933462
17.879999999999995,1673.8812854515224
17.889999999999997,1674.3414239974597
17.9,1671.0512943997335
17.91,1671.2255996072302
17.92,1671.684071199941
17.930000000000003,1666.8026397728484
17.940000000000005,1666.9158473533616
17.950000000000006,1667.3515201434338
17.960000000000008,1661.6701915446322
17.97000000000001,1661.9082475397483
17.98000000000001,1661.6814390867382
17.990000000000013,1655.81295933195
18.000000000000014,1656.1258379732826
18.010000000000016,1655.983785930366
18.020000000000017,1651.8405475910627
18.03000000000002,1652.2230558803296
18.04000000000002,1652.2641811233532
18.050000000000022,1649.2145041016718
18.060000000000024,1649.6487170491728
18.070000000000025,1649.2543448504266
18.080000000000027,1647.0169148874866
18.09000000000003,1647.4609073680201
18.10000000000003,1647.1868287783861
18.11000000000003,1646.3092967493362
18.120000000000033,1646.7838333737334
18.130000000000035,1646.5400579011728
18.140000000000036,1646.572185356598
18.150000000000038,1647.0549569958898
18.16000000000004,1646.4545127839892
18.17000000000004,1646.7499903600028
18.180000000000042,1647.2464139604722
18.190000000000044,1646.8799625564675
18.200000000000045,1647.3098209036075
18.210000000000047,1647.8059842562654
18.22000000000005,1647.6911900467999
18.23000000000005,1648.184479452422
18.24000000000005,1648.6763182377972
18.250000000000053,1649.1341506692295
18.260000000000055,1649.624445027698
18.270000000000056,1650.1136680638656
18.280000000000058,1650.600074234781
18.29000000000006,1651.0919424377912
18.30000000000006,1651.5819353467596
18.310000000000063,1652.0698713459
18.320000000000064,1652.5591153826094
18.330000000000066,1653.046403989045
18.340000000000067,1653.5255385035512
18.35000000000007,1654.0073657717496
18.36000000000007,1654.491856526815
18.370000000000072,1654.9691635717743
18.380000000000074,1655.4520388589349
18.390000000000075,1655.9375846710068
18.400000000000077,1656.4094593194006
18.41000000000008,1656.8882823946074
18.42000000000008,1657.3724230676228
18.43000000000008,1657.8435783925859
18.440000000000083,1658.3232670613
18.450000000000085,1658.8054544363167
18.460000000000086,1659.2737663475689
18.470000000000088,1659.7510804191747
18.48000000000009,1660.231001580006
18.49000000000009,1660.697824827273
18.500000000000092,1661.1749246626182
18.510000000000094,1661.6543077783492
18.520000000000095,1662.1188472905048
18.530000000000097,1662.5922683192232
18.5400000000001,1663.0679404748762
18.5500000000001,1663.5290688749035
18.5600000000001,1663.9976106224156
18.570000000000103,1664.467621936373
18.580000000000105,1664.9246937840678
18.590000000000106,1665.389064763101
18.600000000000108,1665.8455190671216
18.61000000000011,1666.2953590179363
18.62000000000011,1666.7570804397303
18.630000000000113,1667.2034239205757
18.640000000000114,1667.6543288921134
18.650000000000116,1668.1166917711116
18.660000000000117,1668.5652576082512
18.67000000000012,1669.0252415620735
18.68000000000012,1669.494078327832
18.690000000000122,1669.9466938228272
18.700000000000124,1670.4231977737006
18.710000000000125,1670.9025114334563
18.720000000000127,1671.3623249813734
18.73000000000013,1671.8386971954817
18.74000000000013,1672.3151009346145
18.75000000000013,1672.7759910283332
18.760000000000133,1673.2479612784018
18.770000000000135,1673.7170923500921
18.780000000000136,1674.1699282080244
18.790000000000138,1674.6384837634698
18.80000000000014,1675.1014863690757
18.81000000000014,1675.5580941802843
18.820000000000142,1676.0169812542163
18.830000000000144,1676.4687410469219
18.840000000000146,1675.8405612968418
18.850000000000147,1676.2871516826
18.86000000000015,1676.7246844346569
18.87000000000015,1675.3927141788206
18.88000000000015,1675.830912505995
18.890000000000153,1676.2615842703399
18.900000000000155,1673.289815893448
18.910000000000156,1673.6466931906325
18.920000000000158,1674.0496373175006
18.93000000000016,1668.5469760749222
18.94000000000016,1668.7475560417356
18.950000000000163,1668.7470647688904
18.960000000000164,1662.4882734326673
18.970000000000166,1662.551959969502
18.980000000000167,1661.8201887709204
18.99000000000017,1655.1069861348676
19.00000000000017,1655.0272908237423
19.010000000000172,1654.0397905822167
19.020000000000174,1647.251256591248
19.030000000000175,1647.1445215959038
19.040000000000177,1646.0861595655101
19.05000000000018,1639.4292345287602
19.06000000000018,1639.324445146951
19.07000000000018,1638.3940421387595
19.080000000000183,1632.0326662932275
19.090000000000185,1631.9573036903553
19.100000000000186,1631.2605420756793
19.110000000000188,1625.1823089901577
19.12000000000019,1625.1411638629215
19.13000000000019,1624.691401193424
19.140000000000192,1619.0969711413416
19.150000000000194,1619.2196393814218
19.160000000000196,1619.2601908088773
19.170000000000197,1614.310797833427
19.1800000000002,1614.46996065285
19.1900000000002,1614.8677117357215
19.200000000000202,1611.0503267773236
19.210000000000203,1611.2917667551153
19.220000000000205,1611.6982941366216
19.230000000000206,1607.9747442072917
19.240000000000208,1608.241747342528
19.25000000000021,1608.660134147639
19.26000000000021,1604.8789491763596
19.270000000000213,1605.2200231156437
19.280000000000214,1605.6361131350363
19.290000000000216,1601.9345337072298
19.300000000000217,1602.2986993380748
19.31000000000022,1602.7277318646554
19.32000000000022,1598.955179581996
19.330000000000222,1599.3195782334546
19.340000000000224,1599.751643034996
19.350000000000225,1596.1517088490345
19.360000000000227,1596.5159962178639
19.37000000000023,1596.947981177343
19.38000000000023,1594.4276496125854
19.39000000000023,1594.7972844750018
19.400000000000233,1595.229868545146
19.410000000000235,1592.7909801317378
19.420000000000236,1593.1537302992706
19.430000000000238,1593.5855411139257
19.44000000000024,1591.1231604886868
19.45000000000024,1591.4822825674655
19.460000000000242,1591.9126049659044
19.470000000000244,1589.4405938977386
19.480000000000246,1589.7966372522985
19.490000000000247,1590.225093238159
19.50000000000025,1587.8246822345145
19.51000000000025,1588.183077651256
19.520000000000252,1588.6157083628812
19.530000000000253,1586.2227310822225
19.540000000000255,1586.5811035469426
19.550000000000257,1587.0145984974356
19.560000000000258,1584.5913259329939
19.57000000000026,1584.9527361495534
19.58000000000026,1585.3873030631798
19.590000000000263,1582.9328907758945
19.600000000000264,1583.2933516304988
19.610000000000266,1583.7221282090384
19.620000000000267,1581.3242259181525
19.63000000000027,1581.686763257006
19.64000000000027,1582.118180297631
19.650000000000272,1579.7713997804917
19.660000000000274,1580.1348470424377
19.670000000000275,1580.566088267004
19.680000000000277,1578.291008520737
19.69000000000028,1578.6551682524541
19.70000000000028,1579.0860572305553
19.71000000000028,1576.8980702912213
19.720000000000283,1577.263651568559
19.730000000000285,1577.6942442746317
19.740000000000286,1575.5759602084313
19.750000000000288,1575.942138130023
19.76000000000029,1576.3758544318746
19.77000000000029,1574.1890011346045
19.780000000000292,1574.553546666563
19.790000000000294,1574.9879883663439
19.800000000000296,1572.8068028766686
19.810000000000297,1573.171972776701
19.8200000000003,1573.607003665075
19.8300000000003,1571.4674067081678
19.840000000000302,1571.8350216398694
19.850000000000303,1572.2704710477722
19.860000000000305,1570.2520805648637
19.870000000000307,1570.625431308991
19.880000000000308,1571.0632729619097
19.89000000000031,1569.1934967143602
19.90000000000031,1569.5746066638185
19.910000000000313,1570.0131000634863
19.920000000000314,1568.7687806593324
19.930000000000316,1569.1845020446692
19.940000000000317,1569.6201477422587
19.95000000000032,1569.311260808096
19.96000000000032,1569.7484493084946
19.970000000000322,1570.1886419055263
19.980000000000324,1570.620688106177
19.990000000000325,1571.0605518538166
20.000000000000327,1571.5030910112418
20.01000000000033,1571.941214230079
20.02000000000033,1572.3866516288508
20.03000000000033,1572.8333635966771
20.040000000000333,1573.269034682804
20.050000000000335,1573.7106730682926
20.060000000000336,1574.1578244827265
20.070000000000338,1574.6003011397465
20.08000000000034,1575.0437734751165
20.09000000000034,1575.490778695554
20.100000000000342,1575.9330393808052
20.110000000000344,1576.3771138384245
20.120000000000346,1576.8243374505828
20.130000000000347,1577.2712124243405
20.14000000000035,1577.7179031953758
20.15000000000035,1578.1660235115446
20.160000000000352,1578.6152587066554
20.170000000000353,1579.0634483836984
20.180000000000355,1579.511926780591
20.190000000000357,1579.9597103461872
20.200000000000358,1580.4053628936365
20.21000000000036,1580.8508462319455
20.22000000000036,1581.2953066289538
20.230000000000363,1581.7380976578515
20.240000000000364,1582.1815539718443
20.250000000000366,1582.6243624774802
20.260000000000367,1583.0654477935404
20.27000000000037,1583.5070082769987
20.28000000000037,1583.94739927082
20.290000000000372,1584.387503587674
20.300000000000374,1584.8278240809852
20.310000000000375,1585.2659554985548
20.320000000000377,1585.7047451661624
20.33000000000038,1586.1437167271924
20.34000000000038,1586.5797371020526
20.35000000000038,1587.0161636582652
20.360000000000383,1587.4524249051956
20.370000000000385,1587.8853645042138
20.380000000000386,1588.3195675570837
20.390000000000388,1588.7536203456018
20.40000000000039,1589.1837827102695
20.41000000000039,1589.615477859279
20.420000000000393,1590.0465047713121
20.430000000000394,1590.473757502494
20.440000000000396,1590.90170343347
20.450000000000397,1591.3285536561168
20.4600000000004,1591.7501966587895
20.4700000000004,1592.1730039034323
20.480000000000402,1592.5954010262888
20.490000000000403,1593.0141252795665
20.500000000000405,1593.4328407900796
20.510000000000407,1593.8470274621038
20.520000000000408,1594.2609919467068
20.53000000000041,1594.6778171434344
20.54000000000041,1595.089620782486
20.550000000000413,1595.5069068422774
20.560000000000414,1595.924125479716
20.570000000000416,1596.3304916040713
20.580000000000418,1596.7469365039246
20.59000000000042,1597.1638609894144
20.60000000000042,1597.5714703301699
20.610000000000422,1597.987004222625
20.620000000000424,1598.4031233165574
20.630000000000425,1598.8097047634606
20.640000000000427,1599.2250925904943
20.65000000000043,1599.6421141289477
20.66000000000043,1600.0505255803994
20.67000000000043,1600.472869812869
20.680000000000433,1600.8934059324527
20.690000000000435,1601.3033764160743
20.700000000000436,1601.724800988011
20.710000000000438,1602.1404713222041
20.72000000000044,1602.5469900349851
20.73000000000044,1602.9626652906254
20.740000000000443,1603.3640359300216
20.750000000000444,1603.7537519908126
20.760000000000446,1604.1526323928963
20.770000000000447,1604.5369293487622
20.78000000000045,1604.3705743584114
20.79000000000045,1604.749896401173
20.800000000000452,1605.1131602253406
20.810000000000453,1602.8183682320253
20.820000000000455,1603.1215163552588
20.830000000000457,1603.4650121499924
20.840000000000458,1599.095203574796
20.85000000000046,1599.245971258688
20.86000000000046,1599.3443426098743
20.870000000000463,1593.600749536503
20.880000000000464,1593.5544663657422
20.890000000000466,1592.7191801258066
20.900000000000468,1585.9006964682953
20.91000000000047,1585.3688754465106
20.92000000000047,1583.4706918501556
20.930000000000472,1576.2129629274448
20.940000000000474,1575.5261283790287
20.950000000000475,1572.933629125118
20.960000000000477,1565.528783532792
20.97000000000048,1564.174823497188
20.98000000000048,1561.3572346116123
20.99000000000048,1554.3739320831016
21.000000000000483,1553.0426646456183
21.010000000000485,1549.720355907779
21.020000000000486,1542.907159822792
21.030000000000488,1539.9142638993997
21.04000000000049,1536.788221115806
21.05000000000049,1530.649849652294
21.060000000000493,1528.7209051464308
21.070000000000494,1525.9401565515188
21.080000000000496,1520.6639061892604
21.090000000000497,1519.0914996196768
21.1000000000005,1517.0324639720648
21.1100000000005,1512.5297935063159
21.120000000000502,1511.4384734771706
21.130000000000503,1509.4120976846468
21.140000000000505,1506.429026669451
21.150000000000507,1505.6394445771678
21.160000000000508,1502.8890334692487
21.17000000000051,1501.9239314184142
21.18000000000051,1502.1799142029438
21.190000000000513,1499.6231480333606
21.200000000000514,1499.2233323860091
21.210000000000516,1499.5382877618383
21.220000000000518,1497.8075863966474
21.23000000000052,1497.855817803545
21.24000000000052,1498.1881867282868
21.250000000000522,1496.6862616048124
21.260000000000524,1496.7706151605842
21.270000000000525,1497.109874664265
21.280000000000527,1495.8180006702928
21.29000000000053,1496.0451393517103
21.30000000000053,1496.3929570175599
21.31000000000053,1494.979496634446
21.320000000000533,1495.2268947243708
21.330000000000535,1495.5802252449864
21.340000000000536,1494.3785814736675
21.350000000000538,1494.6933578319413
21.36000000000054,1495.0490594626415
21.37000000000054,1494.3842446997853
21.380000000000543,1494.7292830348417
21.390000000000544,1495.0858850368415
21.400000000000546,1494.8367921026038
21.410000000000547,1495.1921551125563
21.42000000000055,1495.5475901894276
21.43000000000055,1495.8982809025529
21.440000000000552,1496.2507549081568
21.450000000000554,1496.6042361296752
21.460000000000555,1496.9577314784274
21.470000000000557,1497.3122978949418
21.480000000000558,1497.6672137346463
21.49000000000056,1498.0223648184387
21.50000000000056,1498.3760325449998
21.510000000000563,1498.7301661964887
21.520000000000564,1499.084327650699
21.530000000000566,1499.4370650776498
21.540000000000568,1499.7911159617072
21.55000000000057,1500.145227834643
21.56000000000057,1500.498038169697
21.570000000000572,1500.8522817218184
21.580000000000574,1501.2070037361145
21.590000000000575,1501.5598687387808
21.600000000000577,1501.9131356536273
21.61000000000058,1502.2666354844669
21.62000000000058,1502.6180274579012
21.63000000000058,1502.9696209296235
21.640000000000583,1503.321313232052
21.650000000000585,1503.670032843614
21.660000000000586,1504.0194454129019
21.670000000000588,1504.3687813105662
21.68000000000059,1504.7154428834085
21.69000000000059,1505.0628164030472
21.700000000000593,1505.40958868065
21.710000000000594,1505.7539251658463
21.720000000000596,1506.098968883848
21.730000000000597,1506.4444103950254
21.7400000000006,1506.7869615327356
21.7500000000006,1507.1295156291621
21.760000000000602,1507.4722996796565
21.770000000000604,1507.812141968825
21.780000000000605,1508.1518346546948
21.790000000000607,1508.4919204249798
21.80000000000061,1508.8292125551975
21.81000000000061,1509.1664266703278
21.82000000000061,1509.5041666238278
21.830000000000613,1509.8391341722272
21.840000000000614,1510.1740526227295
21.850000000000616,1510.5100746417784
21.860000000000618,1510.8429300882747
21.87000000000062,1511.1757292924501
21.88000000000062,1511.5097416609424
21.890000000000622,1511.8406919640322
21.900000000000624,1512.1714091571907
21.910000000000625,1512.5034258356902
21.920000000000627,1512.8321492255905
21.93000000000063,1513.1606497615956
21.94000000000063,1513.4897442858107
21.95000000000063,1513.8169260452378
21.960000000000633,1514.1440132745063
21.970000000000635,1514.4718731103965
21.980000000000636,1514.7981795517342
21.990000000000638,1515.1236071069445
22.00000000000064,1515.4499764329921
22.01000000000064,1515.7750993855498
22.020000000000643,1516.0993615365655
22.030000000000644,1516.4247704734319
22.040000000000646,1516.7508037788307
22.050000000000647,1517.075283252042
22.06000000000065,1517.3982046977821
22.07000000000065,1517.722194052471
22.080000000000652,1518.0457096845578
22.090000000000654,1518.36676743846
22.100000000000655,1518.6899119339146
22.110000000000657,1519.011908597354
22.12000000000066,1519.3312362972533
22.13000000000066,1519.6544925412452
22.14000000000066,1519.9752446957204
22.150000000000663,1520.2933061087306
22.160000000000664,1520.6182858499842
22.170000000000666,1520.9391828569073
22.180000000000668,1521.2544896284248
22.19000000000067,1521.5740922697898
22.20000000000067,1521.8878684541837
22.210000000000672,1521.6910306493758
22.220000000000674,1522.0034869453848
22.230000000000675,1522.3082786949067
22.240000000000677,1521.1139495563234
22.25000000000068,1521.4064494711126
22.26000000000068,1521.7010476670646
22.27000000000068,1519.1385172468829
22.280000000000683,1519.3850759953286
22.290000000000685,1519.6610512479194
22.300000000000686,1515.8191641903798
22.310000000000688,1516.0404993506572
22.32000000000069,1516.0360632844638
22.33000000000069,1511.4242248031558
22.340000000000693,1511.549748457652
22.350000000000694,1511.0334739050006
22.360000000000696,1505.8024149293879
22.370000000000697,1505.7076625916632
22.3800000000007,1504.433006618818
22.3900000000007,1498.7347445859473
22.400000000000702,1498.4893711229029
22.410000000000704,1496.8450620856752
22.420000000000705,1491.1893434443448
22.430000000000707,1490.7477410953777
22.44000000000071,1489.3993563175143
22.45000000000071,1483.8940678532106
22.46000000000071,1483.4269979114933
22.470000000000713,1482.3231891645812
22.480000000000715,1477.1065004304867
22.490000000000716,1476.703186751144
22.500000000000718,1476.1788707224391
22.51000000000072,1471.2865590676304
22.52000000000072,1471.0835272773152
22.530000000000722,1470.837983757975
22.540000000000724,1466.323397364579
22.550000000000725,1466.2025265473399
22.560000000000727,1466.3394396279632
22.57000000000073,1462.453990936346
22.58000000000073,1462.417899763101
22.59000000000073,1462.6380551934487
22.600000000000733,1458.9642300247774
22.610000000000735,1459.066994786053
22.620000000000736,1459.3211466681103
22.630000000000738,1456.278006747536
22.64000000000074,1456.4155144815786
22.65000000000074,1456.6690934759154
22.660000000000743,1454.025961138986
22.670000000000744,1454.1864163835778
22.680000000000746,1454.4418210328547
22.690000000000747,1452.1379811213053
22.70000000000075,1452.3218592385547
22.71000000000075,1452.588990024161
22.720000000000752,1450.2037925065001
22.730000000000754,1450.3814095389823
22.740000000000755,1450.6468012371697
22.750000000000757,1448.8625226832291
22.76000000000076,1449.062257093638
22.77000000000076,1449.337457166427
22.78000000000076,1447.6651660834043
22.790000000000763,1447.866555732976
22.800000000000765,1448.1433012862399
22.810000000000766,1446.4322346761037
22.820000000000768,1446.625372016739
22.83000000000077,1446.902163733392
22.84000000000077,1445.1596500825028
22.850000000000772,1445.3506025059428
22.860000000000774,1445.628878919645
22.870000000000775,1443.898208567743
22.880000000000777,1444.090018811336
22.89000000000078,1444.3700990037958
22.90000000000078,1442.6321523677557
22.91000000000078,1442.822018978119
22.920000000000783,1443.1040521557727
22.930000000000785,1441.4523469278226
22.940000000000786,1441.657021042809
22.950000000000788,1441.947813726944
22.96000000000079,1440.2954905505874
22.97000000000079,1440.5441006627173
22.980000000000793,1440.8358326129592
22.990000000000794,1439.0761950024805
23.000000000000796,1439.3260669726653
23.010000000000797,1439.6207948516992
23.0200000000008,1437.8323669805923
23.0300000000008,1438.0804976339766
23.040000000000802,1438.3733674098717
23.050000000000804,1436.6654747180964
23.060000000000805,1436.9144641012404
23.070000000000807,1437.2091494197236
23.08000000000081,1435.508264811343
23.09000000000081,1435.758336002203
23.10000000000081,1436.053962542139
23.110000000000813,1434.4036474525485
23.120000000000815,1434.6578915802506
23.130000000000816,1434.9552667788255
23.140000000000818,1433.3311172380888
23.15000000000082,1433.5909231282133
23.16000000000082,1433.8912523907395
23.170000000000822,1432.3146626664766
23.180000000000824,1432.5776663283277
23.190000000000826,1432.879416849875
23.200000000000827,1431.3714552305198
23.21000000000083,1431.6371930821813
23.22000000000083,1431.93959938839
23.23000000000083,1430.5714102816862
23.240000000000833,1430.8401026533684
23.250000000000835,1431.1440161750502
23.260000000000836,1430.2190710407742
23.270000000000838,1430.5056452972258
23.28000000000084,1430.8060079448462
23.29000000000084,1430.409638464048
23.300000000000843,1430.7018606648207
23.310000000000844,1431.0024990124489
23.320000000000846,1430.9823509464034
23.330000000000847,1431.281465609998
23.34000000000085,1431.5821428689062
23.35000000000085,1431.8782040652825
23.360000000000852,1432.1790478439123
23.370000000000854,1432.481551681486
23.380000000000855,1432.7830973555251
23.390000000000857,1433.0877996483057
23.40000000000086,1433.3933794809343
23.41000000000086,1433.6954462734466
23.42000000000086,1434.000816495746
23.430000000000863,1434.3074865073747
23.440000000000865,1434.6115591366693
23.450000000000866,1434.9196928748252
23.460000000000868,1435.228214161505
23.47000000000087,1435.5340407806611
23.48000000000087,1435.8430720746305
23.490000000000872,1436.1525133166135
23.500000000000874,1436.459791178406
23.510000000000876,1436.7707758372321
23.520000000000877,1437.0809682456095
23.53000000000088,1437.3894130732663
23.54000000000088,1437.700390941123
23.550000000000882,1438.009255214415
23.560000000000883,1438.3168828451917
23.570000000000885,1438.6270204804134
23.580000000000886,1438.9348206806033
23.590000000000888,1439.241190267292
23.60000000000089,1439.5489018106293
23.61000000000089,1439.8552609686844
23.620000000000893,1440.1613980430398
23.630000000000894,1440.466614313751
23.640000000000896,1440.7706382935078
23.650000000000897,1441.0738952765205
23.6600000000009,1441.3773220380929
23.6700000000009,1441.679817479535
23.680000000000902,1441.9819924673818
23.690000000000904,1442.2838774246134
23.700000000000905,1442.5847426936107
23.710000000000907,1442.8851658653014
23.72000000000091,1443.1856205232148
23.73000000000091,1443.4849373998713
23.74000000000091,1443.7837358932468
23.750000000000913,1444.0825108071424
23.760000000000915,1444.380180005963
23.770000000000916,1444.6773149926628
23.780000000000918,1444.9747950895412
23.79000000000092,1445.2714077967087
23.80000000000092,1445.5666901130132
23.810000000000922,1445.8622466870765
23.820000000000924,1446.157324238907
23.830000000000926,1446.4511851039947
23.840000000000927,1446.7460755517775
23.85000000000093,1447.040131339264
23.86000000000093,1447.3319915507325
23.870000000000932,1447.6264155409708
23.880000000000933,1447.9195231640892
23.890000000000935,1448.2109569648608
23.900000000000936,1448.5031092666982
23.910000000000938,1448.7938613255328
23.92000000000094,1449.082519518713
23.93000000000094,1449.3741581691884
23.940000000000943,1449.6637745138607
23.950000000000944,1449.9502738452395
23.960000000000946,1450.2388291177183
23.970000000000947,1450.5257626912203
23.98000000000095,1450.8094810114435
23.99000000000095,1451.0969128186682
24.000000000000952,1451.3826449915264
24.010000000000954,1451.6646697790998
24.020000000000955,1451.9518913075958
24.030000000000957,1452.2366788855222
24.04000000000096,1452.5172260425309
24.05000000000096,1452.8031584433136
24.06000000000096,1453.0858732642355
24.070000000000963,1453.3658836880616
24.080000000000965,1453.6520421459036
24.090000000000966,1453.9312480107017
24.100000000000968,1454.2051509384412
24.11000000000097,1454.4841696127544
24.12000000000097,1454.7579910812126
24.130000000000972,1454.4774827170575
24.140000000000974,1454.7446918257588
24.150000000000976,1455.0113183829217
24.160000000000977,1453.87973907075
24.17000000000098,1454.1354668212427
24.18000000000098,1454.3966984620595
24.190000000000982,1452.1867845188553
24.200000000000983,1452.4084238974795
24.210000000000985,1452.6528585432081
24.220000000000987,1449.8951806825328
24.230000000000988,1450.1006357875
24.24000000000099,1450.3263128775905
24.25000000000099,1446.7778093700986
24.260000000000993,1446.906819384135
24.270000000000994,1446.91015168814
24.280000000000996,1443.0406643323931
24.290000000000997,1443.1263714697236
24.300000000001,1442.8501949838023
24.310000000001,1438.808160609104
24.320000000001002,1438.751219135019
24.330000000001004,1438.4219625695268
24.340000000001005,1434.2791463684698
24.350000000001007,1434.2033217894045
24.36000000000101,1434.0200538334684
24.37000000000101,1430.1266069303986
24.38000000000101,1430.0921918741758
24.390000000001013,1430.226189684823
24.400000000001015,1426.6299936329954
24.410000000001016,1426.7097365645582
24.420000000001018,1426.9310165824652
24.43000000000102,1423.5570032269197
24.44000000000102,1423.6564189170103
24.450000000001022,1423.8783957386186
24.460000000001024,1420.6533261651807
24.470000000001026,1420.7726826813735
24.480000000001027,1420.9356932131896
24.49000000000103,1417.8160915141223
24.50000000000103,1417.9484552094314
24.510000000001032,1418.0648910240802
24.520000000001033,1415.0368963805824
24.530000000001035,1415.180590730811
24.540000000001037,1415.2995044532815
24.550000000001038,1412.4052347208851
24.56000000000104,1412.5529141998124
24.57000000000104,1412.670231487005
24.580000000001043,1409.8704019488343
24.590000000001044,1410.0180728934322
24.600000000001046,1410.2025796137152
24.610000000001047,1407.588561005344
24.62000000000105,1407.7397636535666
24.63000000000105,1407.9619688862633
24.640000000001052,1405.7436138940525
24.650000000001054,1405.9070453430313
24.660000000001055,1406.1316074561823
24.670000000001057,1404.1878532387327
24.68000000000106,1404.387206122503
24.69000000000106,1404.6244527924368
24.70000000000106,1402.9026421219855
24.710000000001063,1403.1240176738713
24.720000000001065,1403.3665697421852
24.730000000001066,1401.7434287459535
24.740000000001068,1401.9706338139817
24.75000000000107,1402.2184331591877
24.76000000000107,1400.8403038317754
24.770000000001072,1401.0655412889066
24.780000000001074,1401.31413700099
24.790000000001076,1399.9263439667948
24.800000000001077,1400.1520464879088
24.81000000000108,1400.401582285003
24.82000000000108,1398.9728769439546
24.830000000001082,1399.197870132101
24.840000000001083,1399.448768090183
24.850000000001085,1397.9543092038296
24.860000000001087,1398.1794218347131
24.870000000001088,1398.4337223090522
24.88000000000109,1397.0057025971412
24.89000000000109,1397.2321312810636
24.900000000001093,1397.4874342700532
24.910000000001094,1396.1226561602232
24.920000000001096,1396.3499878103626
24.930000000001098,1396.607064072001
24.9400000000011,1395.2674091454694
24.9500000000011,1395.4958512252902
24.960000000001102,1395.7535360832014
24.970000000001104,1394.4791488890255
24.980000000001105,1394.710000556802
24.990000000001107,1394.9683188130452
25.00000000000111,1393.7959801154414
25.01000000000111,1394.030303035501
25.02000000000111,1394.2894194604755
25.030000000001113,1393.2205166642436
25.040000000001115,1393.4582720800838
25.050000000001116,1393.7180013380075
25.060000000001118,1392.7650208241578
25.07000000000112,1393.0066851686584
25.08000000000112,1393.2666211833869
25.090000000001123,1392.3030421475198
25.100000000001124,1392.546329582949
25.110000000001126,1392.8057466456896
25.120000000001127,1392.2581745423147
25.13000000000113,1392.511035097372
25.14000000000113,1392.7701523820726
25.150000000001132,1392.5148961654304
25.160000000001133,1392.7703508621794
25.170000000001135,1393.0293301751162
25.180000000001137,1392.934245526244
25.190000000001138,1393.189222158728
25.20000000000114,1393.4475001848452
25.21000000000114,1393.4409878336126
25.220000000001143,1393.697412704583
25.230000000001144,1393.9561282023883
25.240000000001146,1393.93429849129
25.250000000001148,1394.1902625151802
25.26000000000115,1394.4466879334418
25.27000000000115,1394.3008719616548
25.280000000001152,1394.5573240558126
25.290000000001154,1394.8142798199844
25.300000000001155,1394.6609392670068
25.310000000001157,1394.9177787296055
25.32000000000116,1395.1752017419205
25.33000000000116,1395.1608705964866
25.34000000000116,1395.4163438423034
25.350000000001163,1395.6710358479513
25.360000000001165,1395.8012010448504
25.370000000001166,1396.0554844456617
25.380000000001168,1396.3089893313202
25.39000000000117,1396.5560779645502
25.40000000000117,1396.8082353820548
25.410000000001173,1397.060742107593
25.420000000001174,1397.308635705028
25.430000000001176,1397.560414913019
25.440000000001177,1397.8116774151983
25.45000000000118,1398.0566058157829
25.46000000000118,1398.3075688521103
25.470000000001182,1398.5577244273038
25.480000000001183,1398.804320387735
25.490000000001185,1399.0546839623892
25.500000000001187,1399.3036842854606
25.510000000001188,1399.5491940387928
25.52000000000119,1399.7997858870758
25.53000000000119,1400.0484095555191
25.540000000001193,1400.2935094284155
25.550000000001194,1400.5401531695125
25.560000000001196,1400.7857989979375
25.570000000001198,1401.0283011265165
25.5800000000012,1401.2749436317906
25.5900000000012,1401.5198353629414
25.600000000001202,1401.7606079805776
25.610000000001204,1402.0058505151537
25.620000000001205,1402.2487877315505
25.630000000001207,1402.4869602051133
25.64000000000121,1402.7297937287876
25.65000000000121,1402.970775709406
25.66000000000121,1403.2067652713333
25.670000000001213,1403.4467215305858
25.680000000001215,1403.6851107534217
25.690000000001216,1403.9206417217201
25.700000000001218,1404.1614293040236
25.71000000000122,1404.400348602997
25.72000000000122,1404.6318616018932
25.730000000001223,1404.8687718393485
25.740000000001224,1405.104869488541
25.750000000001226,1405.3341161446044
25.760000000001227,1405.5687239084057
25.77000000000123,1405.803082596356
25.78000000000123,1406.0329178245079
25.790000000001232,1406.2652387869337
25.800000000001234,1406.497232255226
25.810000000001235,1406.591844565662
25.820000000001237,1406.821716222804
25.830000000001238,1407.0513076011455
25.84000000000124,1406.8572770547535
25.85000000000124,1407.0839629877698
25.860000000001243,1407.3127556661261
25.870000000001244,1406.7856364045124
25.880000000001246,1407.0080285172344
25.890000000001248,1407.2341002278613
25.90000000000125,1406.1164819082696
25.91000000000125,1406.3259448550123
25.920000000001252,1406.5531443716038
25.930000000001254,1405.0726927787778
25.940000000001255,1405.2754473231046
25.950000000001257,1405.5030531683924
25.96000000000126,1403.8740159476727
25.97000000000126,1404.0760867248691
25.98000000000126,1404.3036086849443
25.990000000001263,1402.6344058679092
26.000000000001265,1402.8362920568354
26.010000000001266,1403.0622426580933
26.020000000001268,1401.4141951330114
26.03000000000127,1401.6139127423367
26.04000000000127,1401.8394153292643
26.050000000001273,1400.1712315188315
26.060000000001274,1400.3651566718706
26.070000000001276,1400.5881979585408
26.080000000001277,1398.8178266442235
26.09000000000128,1398.9939774702168
26.10000000000128,1399.2166408746743
26.110000000001282,1397.5256450875797
26.120000000001284,1397.7049376876796
26.130000000001285,1397.9318166988776
26.140000000001287,1396.3414340048726
26.150000000001288,1396.5393473525955
26.16000000000129,1396.765555955874
26.17000000000129,1395.1896744870226
26.180000000001293,1395.3921163634327
26.190000000001294,1395.618518415674
26.200000000001296,1394.132480629612
26.210000000001298,1394.3383020896777
26.2200000000013,1394.565798007543
26.2300000000013,1393.1349754577595
26.240000000001302,1393.3406293352987
26.250000000001304,1393.567091083801
26.260000000001305,1392.1919211289858
26.270000000001307,1392.3929038873148
26.28000000000131,1392.6182856691028
26.29000000000131,1391.230701907834
26.30000000000131,1391.4266435077348
26.310000000001313,1391.6471929648867
26.320000000001315,1390.17587104588
26.330000000001316,1390.3563377169758
26.340000000001318,1390.580036100677
26.35000000000132,1389.2180972558115
26.36000000000132,1389.41481033955
26.370000000001323,1389.6379166935749
26.380000000001324,1388.2582373737787
26.390000000001326,1388.458146958829
26.400000000001327,1388.6833473267511
26.41000000000133,1387.3282207002055
26.42000000000133,1387.5324811818161
26.430000000001332,1387.7575655908333
26.440000000001334,1386.5794020465737
26.450000000001335,1386.7882221157693
26.460000000001337,1387.0124951153307
26.47000000000134,1385.9881810051654
26.48000000000134,1386.2044095162516
26.49000000000134,1386.426385577122
26.500000000001343,1385.5131189655413
26.510000000001344,1385.7187308209693
26.520000000001346,1385.9384367523028
26.530000000001348,1384.9883304493735
26.54000000000135,1385.1888781571233
26.55000000000135,1385.4070316206228
26.560000000001352,1384.2811957302274
26.570000000001354,1384.4790405091048
26.580000000001355,1384.6969993338994
26.590000000001357,1383.4960527313308
26.60000000000136,1383.6963464156388
26.61000000000136,1383.9146222321724
26.62000000000136,1382.8367958529366
26.630000000001363,1383.0481355181275
26.640000000001365,1383.2651389699154
26.650000000001366,1382.2592428562393
26.660000000001368,1382.469325533507
26.67000000000137,1382.6831815169073
26.68000000000137,1381.7835993676902
26.690000000001373,1381.990535018951
26.700000000001374,1382.1991783167355
26.710000000001376,1381.3867142365743
26.720000000001377,1381.5834779211805
26.73000000000138,1381.7905917272603
26.74000000000138,1380.8179568194662
26.750000000001382,1381.0061240115656
26.760000000001384,1381.2144832478152
26.770000000001385,1380.1432620246812
26.780000000001387,1380.3335818305397
26.79000000000139,1380.5459267405458
26.80000000000139,1379.455352193751
26.81000000000139,1379.6597945146784
26.820000000001393,1379.8741440308868
26.830000000001395,1379.1764991822438
26.840000000001396,1379.3875085612758
26.850000000001398,1379.602412978083
26.8600000000014,1379.0316287261733
26.8700000000014,1379.244285847813
26.880000000001402,1379.4591445048393
26.890000000001404,1378.932054565505
26.900000000001405,1379.1438678894067
26.910000000001407,1379.3573635224645
26.92000000000141,1378.9693471607836
26.93000000000141,1379.1799248949767
26.94000000000141,1379.3931495321806
26.950000000001413,1379.1691302851343
26.960000000001415,1379.3791526084008
26.970000000001416,1379.5921563285008
26.980000000001418,1379.5001878999317
26.99000000000142,1379.708829829387
27.00000000000142,1379.9213331173034
27.010000000001423,1379.7886766199392
27.020000000001424,1379.9975188048993
27.030000000001426,1380.2101887512347
27.040000000001427,1379.5745489254573
27.05000000000143,1379.7821698160842
27.06000000000143,1379.9970263520904
27.070000000001432,1379.0405603758945
27.080000000001434,1379.248233257455
27.090000000001435,1379.4624663677932
27.100000000001437,1378.7733386312902
27.11000000000144,1378.9845241835553
27.12000000000144,1379.1973008586363
27.13000000000144,1378.6030916837524
27.140000000001443,1378.8136723560424
27.150000000001445,1379.026573477001
27.160000000001446,1378.3621858961444
27.170000000001448,1378.5701134488854
27.18000000000145,1378.7812057871636
27.19000000000145,1378.3191277473168
27.200000000001452,1378.527064323222
27.210000000001454,1378.7382546580989
27.220000000001455,1378.4692451560118
27.230000000001457,1378.6740138780194
27.24000000000146,1378.8830992234662
27.25000000000146,1378.573690343086
27.26000000000146,1378.776852913624
27.270000000001463,1378.9854785397365
27.280000000001465,1378.3144301687817
27.290000000001466,1378.5090028410673
27.300000000001468,1378.7182165102404
27.31000000000147,1377.6883349495702
27.32000000000147,1377.8817361761062
27.330000000001473,1378.0916017959435
27.340000000001474,1377.0616913866525
27.350000000001476,1377.265094313094
27.360000000001477,1377.4753707528253
27.37000000000148,1376.7627289877546
27.38000000000148,1376.9692067733233
27.390000000001482,1377.177524091268
27.400000000001484,1376.5833908809302
27.410000000001485,1376.7886580701736
27.420000000001487,1376.996279759544
27.43000000000149,1376.4923126434558
27.44000000000149,1376.6958562795814
27.45000000000149,1376.9011820402275
27.460000000001493,1376.2251119404145
27.470000000001495,1376.424440224867
27.480000000001496,1376.6289486872597
27.490000000001498,1375.7645408727128
27.5000000000015,1375.9525003746478
27.5100000000015,1376.1571124403279
27.520000000001502,1375.0719641548133
27.530000000001504,1375.2582638570295
27.540000000001505,1375.4634151865096
27.550000000001507,1374.388180373304
27.56000000000151,1374.5783716593526
27.57000000000151,1374.7834125532363
27.58000000000151,1373.7806194496343
27.590000000001513,1373.9785109461868
27.600000000001515,1374.1832850116707
27.610000000001516,1373.5224366218972
27.620000000001518,1373.7229886787634
27.63000000000152,1373.9258061521957
27.64000000000152,1373.3580890055432
27.650000000001523,1373.5571687598651
27.660000000001524,1373.7594011485862
27.670000000001526,1373.2372901734989
27.680000000001527,1373.43503665845
27.69000000000153,1373.635545205715
27.70000000000153,1372.8805747166114
27.710000000001532,1373.068602853109
27.720000000001534,1373.2696214294672
27.730000000001535,1372.2332290569648
27.740000000001537,1372.4169840661361
27.75000000000154,1372.6180676165843
27.76000000000154,1371.658877704352
27.77000000000154,1371.8521064949139
27.780000000001543,1372.0531127536678
27.790000000001545,1371.1340326458753
27.800000000001546,1371.3289957144702
27.810000000001548,1371.5305268208683
27.82000000000155,1370.7215927595128
27.83000000000155,1370.917413724886
27.840000000001552,1371.1177241363189
27.850000000001554,1370.526502132218
27.860000000001556,1370.7231547822269
27.870000000001557,1370.9219145818984
27.88000000000156,1370.1555071756345
27.89000000000156,1370.3498929455416
27.90000000000156,1370.5478202026861
27.910000000001563,1369.784820690573
27.920000000001565,1369.9767223441254
27.930000000001566,1370.175117606674
27.940000000001568,1369.298379461689
27.95000000000157,1369.4910630601955
27.96000000000157,1369.6900864722206
27.970000000001573,1368.8748827631728
27.980000000001574,1369.0680893678093
27.990000000001576,1369.2670744356728
28.000000000001577,1368.5135125951044
28.01000000000158,1368.7070162488887
28.02000000000158,1368.9046682233961
28.030000000001582,1368.10090119749
28.040000000001584,1368.2935102555741
28.050000000001585,1368.4914281696995
28.060000000001587,1367.7524321726946
28.07000000000159,1367.9454149086994
28.08000000000159,1368.141864949388
28.09000000000159,1367.470306955506
28.100000000001593,1367.6609608308322
28.110000000001595,1367.8569145716299
28.120000000001596,1367.0958616769574
28.130000000001598,1367.2861706733997
28.1400000000016,1367.4824535259409
28.1500000000016,1366.753752156409
28.160000000001602,1366.9446048145278
28.170000000001604,1367.1398997824729
28.180000000001606,1366.3080446482911
28.190000000001607,1366.497760423979
28.20000000000161,1366.6931378936297
28.21000000000161,1365.926520413832
28.220000000001612,1366.116528933562
28.230000000001613,1366.3105272945443
28.240000000001615,1365.5809285198145
28.250000000001616,1365.769950690218
28.260000000001618,1365.9640013346639
28.27000000000162,1365.2356702069383
28.28000000000162,1365.4242445459963
28.290000000001623,1365.616932046986
28.300000000001624,1364.8675752358506
28.310000000001626,1365.0548973678942
28.320000000001627,1365.2476923438562
28.33000000000163,1364.4785943810473
28.34000000000163,1364.6656219133595
28.350000000001632,1364.8572726955026
28.360000000001634,1364.033074116966
28.370000000001635,1364.219349194449
28.380000000001637,1364.4113024956414
28.39000000000164,1363.6561024770635
28.40000000000164,1363.8426920798684
28.41000000000164,1364.033489966773
28.420000000001643,1363.2634353290728
28.430000000001645,1363.4493640793135
28.440000000001646,1363.6405340889517
28.450000000001648,1362.9357119724136
28.46000000000165,1363.1217018632578
28.47000000000165,1363.3116886005373
28.480000000001652,1362.5446765383301
28.490000000001654,1362.72960859432
28.500000000001656,1362.920206960667
28.510000000001657,1362.164857673543
28.52000000000166,1362.3501607926703
28.53000000000166,1362.5397988345394
28.540000000001662,1361.7141735074165
28.550000000001663,1361.8980344090828
28.560000000001665,1362.0878896582255
28.570000000001667,1361.2507116623403
28.580000000001668,1361.4346936980153
28.59000000000167,1361.624536091399
28.60000000000167,1360.8253632022877
28.610000000001673,1361.0094108380981
28.620000000001674,1361.1991777567155
28.630000000001676,1360.3885663305239
28.640000000001677,1360.572341868281
28.65000000000168,1360.7618229609977
28.66000000000168,1360.032496077886
28.670000000001682,1360.2165293356204
28.680000000001684,1360.4046254277528
28.690000000001685,1359.6452959836306
28.700000000001687,1359.8263581596357
28.71000000000169,1360.013403046663
28.72000000000169,1359.2775969747363
28.73000000000169,1359.457822591851
28.740000000001693,1359.6440617227152
28.750000000001695,1358.9334366733349
28.760000000001696,1359.1140021186507
28.770000000001698,1359.299292382609
28.7800000000017,1358.425121555579
28.7900000000017,1358.6032689385236
28.800000000001702,1358.7884804512323
28.810000000001704,1357.9619948527525
28.820000000001706,1358.139767639267
28.830000000001707,1358.3235324367113
28.84000000000171,1357.6384212445632
28.85000000000171,1357.818015052826
28.860000000001712,1358.0017296973995
28.870000000001713,1357.4659570465135
28.880000000001715,1357.646197531197
28.890000000001717,1357.8281124162847
28.900000000001718,1357.184278788583
28.91000000000172,1357.3618588048155
28.92000000000172,1357.54264825134
28.930000000001723,1356.9863588795204
28.940000000001724,1357.162496661037
28.950000000001726,1357.3417288608284
28.960000000001727,1356.938467086629
28.97000000000173,1357.1136002904595
28.98000000000173,1357.2896180988614
28.990000000001732,1356.8657645009202
29.000000000001734,1357.038639684363
29.010000000001735,1357.2131713491856
29.020000000001737,1356.7688848814053
29.03000000000174,1356.940009927881
29.04000000000174,1357.1130057249857
29.05000000000174,1356.4993944543526
29.060000000001743,1356.6680357908679
29.070000000001745,1356.8396051219668
29.080000000001746,1356.1747802067753
29.090000000001748,1356.342338169203
29.10000000000175,1356.5126381391035
29.11000000000175,1355.8490604350798
29.120000000001752,1356.0156658613719
29.130000000001754,1356.184719166173
29.140000000001756,1355.5928027597524
29.150000000001757,1355.758662952096
29.16000000000176,1355.9263484028297
29.17000000000176,1355.5198630184877
29.180000000001762,1355.6853251701693
29.190000000001763,1355.8516560543076
29.200000000001765,1355.397974955741
29.210000000001767,1355.5613318368767
29.220000000001768,1355.7263453863263
29.23000000000177,1355.2335587987604
29.24000000000177,1355.395024610865
29.250000000001773,1355.559138492244
29.260000000001774,1355.0045848925986
29.270000000001776,1355.164959743394
29.280000000001777,1355.3283184563963
29.29000000000178,1354.7884030757411
29.30000000000178,1354.9480137159885
29.310000000001782,1355.1103557539193
29.320000000001784,1354.661895072946
29.330000000001785,1354.8210035184272
29.340000000001787,1354.9818520069387
29.35000000000179,1354.6764441428413
29.36000000000179,1354.8358111631148
29.37000000000179,1354.9952362012225
29.380000000001793,1354.6008364115596
29.390000000001795,1354.7585306542194
29.400000000001796,1354.9179360988455
29.410000000001798,1354.4773572316121
29.4200000000018,1354.6341983401926
29.4300000000018,1354.7925243319633
29.440000000001803,1354.1689913569212
29.450000000001804,1354.3238125764253
29.460000000001806,1354.481867062489
29.470000000001807,1353.7937329976996
29.48000000000181,1353.9466352524364
29.49000000000181,1354.104159506804
29.500000000001812,1353.4405961963641
29.510000000001813,1353.59379392371
29.520000000001815,1353.7512514221328
29.530000000001817,1353.026488526863
29.540000000001818,1353.1792741895142
29.55000000000182,1353.3367401671
29.56000000000182,1352.6496192654142
29.570000000001823,1352.8021459592749
29.580000000001824,1352.958838653391
29.590000000001826,1352.207351616765
29.600000000001828,1352.3586908515042
29.61000000000183,1352.5157389370115
29.62000000000183,1351.801137493406
29.630000000001832,1351.9515047708567
29.640000000001834,1352.1074729748987
29.650000000001835,1351.3548110287443
29.660000000001837,1351.5041960849805
29.67000000000184,1351.6608432298437
29.68000000000184,1350.598563770705
29.69000000000184,1350.7383049626283
29.700000000001843,1350.895056832478
29.710000000001845,1349.8562970320527
29.720000000001846,1349.9987829437098
29.730000000001848,1350.1557518575833
29.74000000000185,1349.1469153995463
29.75000000000185,1349.2953347894236
29.760000000001853,1349.4519944963754
29.770000000001854,1348.531005828753
29.780000000001856,1348.6815526952853
29.790000000001857,1348.838745130131
29.80000000000186,1347.9716136575084
29.81000000000186,1348.1221251232696
29.820000000001862,1348.2790935589676
29.830000000001863,1347.4979533148487
29.840000000001865,1347.6493614779404
29.850000000001867,1347.8064264715142
29.860000000001868,1346.9578169847643
29.87000000000187,1347.1000829604343
29.88000000000187,1347.255659523887
29.890000000001873,1346.399515340511
29.900000000001874,1346.5477687523626
29.910000000001876,1346.7028348646836
29.920000000001878,1345.8490768895
29.93000000000188,1345.9978207423796
29.94000000000188,1346.1531182874212
29.950000000001882,1345.3167567317705
29.960000000001884,1345.4665529907309
29.970000000001885,1345.622427436733
29.980000000001887,1344.7630564599128
29.99000000000189,1344.9117862165247
30.00000000000189,1345.0669923628475
30.01000000000189,1344.28335427273
30.020000000001893,1344.4334267621957
30.030000000001895,1344.588662886015
30.040000000001896,1343.8796586449403
30.050000000001898,1344.0299943255181
30.0600000000019,1344.1846342366784
30.0700000000019,1343.433783512375
30.080000000001903,1343.5821961864888
30.090000000001904,1343.7364229306083
30.100000000001906,1342.9189989453098
30.110000000001907,1343.0662994658157
30.12000000000191,1343.219817168625
30.13000000000191,1342.4114344289424
30.140000000001912,1342.5590329013335
30.150000000001913,1342.7126903886215
30.160000000001915,1341.9500509641593
30.170000000001917,1342.0985572972995
30.180000000001918,1342.2521197075191
30.19000000000192,1341.5740765788958
30.20000000000192,1341.7235473582532
30.210000000001923,1341.876636803731
30.220000000001924,1341.1134540321696
30.230000000001926,1341.2616064462188
30.240000000001928,1341.4145827217035
30.25000000000193,1340.6687265213939
30.26000000000193,1340.8175153019133
30.270000000001932,1340.9700683029948
30.280000000001934,1340.288127731303
30.290000000001935,1340.4355459051594
30.300000000001937,1340.587850487418
30.31000000000194,1339.8815071240256
30.32000000000194,1340.0284535735952
30.33000000000194,1340.1805904119892
30.340000000001943,1339.361707287233
30.350000000001945,1339.506016644403
30.360000000001946,1339.656830555626
30.370000000001948,1338.7714187932165
30.38000000000195,1338.915918689387
30.39000000000195,1339.066712672871
30.400000000001953,1338.2889295726654
30.410000000001954,1338.4361869265
30.420000000001956,1338.5879674858504
30.430000000001957,1337.9702334826322
30.44000000000196,1338.11908989811
30.45000000000196,1338.270357701932
30.460000000001962,1337.6174780310675
30.470000000001964,1337.764425707243
30.480000000001965,1337.9151691796274
30.490000000001967,1337.275301315827
30.500000000001968,1337.4232410243692
30.51000000000197,1337.5741981588983
30.52000000000197,1337.0778552379052
30.530000000001973,1337.2238394951862
30.540000000001974,1337.3730298916714
30.550000000001976,1336.7300876430072
30.560000000001978,1336.874871722252
30.57000000000198,1337.0241471532738
30.58000000000198,1336.3668630632571
30.590000000001982,1336.5122422670054
30.600000000001984,1336.6612583949568
30.610000000001985,1335.8603474543827
30.620000000001987,1336.004363602242
30.63000000000199,1336.1533267492762
30.64000000000199,1335.4006422540344
30.65000000000199,1335.5463344547318
30.660000000001993,1335.6955792735087
30.670000000001995,1335.2543491372576
30.680000000001996,1335.4027869031354
30.690000000001998,1335.5517282836204
30.700000000002,1335.1463408807563
30.710000000002,1335.2915467981952
30.720000000002003,1335.4384268246736
30.730000000002004,1334.7053157409212
30.740000000002006,1334.8470130605767
30.750000000002007,1334.9943291182672
30.76000000000201,1334.244519965709
30.77000000000201,1334.383854043236
30.780000000002012,1334.5298104105818
30.790000000002014,1333.5954503919431
30.800000000002015,1333.73402240527
30.810000000002017,1333.8801065844368
30.82000000000202,1333.06354908199
30.83000000000202,1333.2043967527113
30.84000000000202,1333.350804068197
30.850000000002023,1332.6681308256018
30.860000000002024,1332.8110039130563
30.870000000002026,1332.9574806357793
30.880000000002028,1332.373231082814
30.89000000000203,1332.5165102096591
30.90000000000203,1332.6623107940202
30.910000000002032,1332.2547585762304
30.920000000002034,1332.398961968271
30.930000000002035,1332.5436916426997
30.940000000002037,1332.182261238015
30.95000000000204,1332.3251520823799
30.96000000000204,1332.4683725001403
30.97000000000204,1332.013845365553
30.980000000002043,1332.1527202515203
30.990000000002045,1332.2954038419753
31.000000000002046,1331.9994478244666
31.010000000002048,1332.1379150223604
31.02000000000205,1332.2792091730205
31.03000000000205,1331.7297618833861
31.040000000002053,1331.8594311948727
31.050000000002054,1332.000497269219
31.060000000002056,1331.1405893355457
31.070000000002057,1331.2635182094014
31.08000000000206,1331.405582480365
31.09000000000206,1330.6281819176968
31.100000000002062,1330.7641615413615
31.110000000002064,1330.9057893230581
31.120000000002065,1330.2355309115403
31.130000000002067,1330.3735711539264
31.14000000000207,1330.5150119756872
31.15000000000207,1330.1428926989738
31.16000000000207,1330.2827134911797
31.170000000002073,1330.4230724627216
31.180000000002075,1330.1162604955798
31.190000000002076,1330.2559996608113
31.200000000002078,1330.3942701935996
31.21000000000208,1329.9499907114703
31.22000000000208,1330.0855845900817
31.230000000002082,1330.2222558941162
31.240000000002084,1329.69789040867
31.250000000002085,1329.8302118338142
31.260000000002087,1329.966436224075
31.27000000000209,1329.3278156838312
31.28000000000209,1329.453282249452
31.29000000000209,1329.589147558352
31.300000000002093,1328.7915823926685
31.310000000002095,1328.9219120471632
31.320000000002096,1329.057773307511
31.330000000002098,1328.2697217123025
31.3400000000021,1328.4003300381457
31.3500000000021,1328.5354936643269
31.360000000002103,1327.8424605430998
31.370000000002104,1327.9733061704271
31.380000000002106,1328.106856081961
31.390000000002107,1327.4074008322675
31.40000000000211,1327.5367666301395
31.41000000000211,1327.666724969856
31.420000000002112,1326.9865381147456
31.430000000002114,1327.1144581104625
31.440000000002115,1327.2419774314817
31.450000000002117,1326.6565046466194
31.46000000000212,1326.7821181803088
31.47000000000212,1326.9079919978876
31.48000000000212,1326.348714551794
31.490000000002123,1326.4709692105682
31.500000000002125,1326.5952058169669
31.510000000002126,1325.921633817653
31.520000000002128,1326.0410884096816
31.53000000000213,1326.1644604616076
31.54000000000213,1325.3134865494649
31.550000000002132,1325.4320784687682
31.560000000002134,1325.5569340117165
31.570000000002135,1324.6591104786123
31.580000000002137,1324.7788055949002
31.59000000000214,1324.9047616212242
31.60000000000214,1324.0954575363933
31.61000000000214,1324.217073214672
31.620000000002143,1324.3432913633155
31.630000000002145,1323.6762470794574
31.640000000002146,1323.8000365744804
31.650000000002148,1323.9262239185214
31.66000000000215,1323.5338636274164
31.67000000000215,1323.6594709097521
31.680000000002153,1323.7855473707034
31.690000000002154,1323.4532824092332
31.700000000002156,1323.5788167978753
31.710000000002157,1323.7043981370728
31.72000000000216,1323.378879739772
31.73000000000216,1323.5033646320471
31.740000000002162,1323.628034111581
31.750000000002164,1323.2191481892069
31.760000000002165,1323.3418027742193
31.770000000002167,1323.46626930148
31.78000000000217,1322.9565200567083
31.79000000000217,1323.0764937665515
31.80000000000217,1323.2003966502964
31.810000000002173,1322.5389184838257
31.820000000002175,1322.6485687334311
31.830000000002176,1322.7728061585158
31.840000000002178,1322.0438200024669
31.85000000000218,1322.1631448788517
31.86000000000218,1322.288231031945
31.870000000002182,1321.5321618361615
31.880000000002184,1321.6534332938413
31.890000000002185,1321.7791848526642
31.900000000002187,1321.0648738470622
31.91000000000219,1321.1876115085245
31.92000000000219,1321.314010882993
31.93000000000219,1320.654884861134
31.940000000002193,1320.7786076836203
31.950000000002195,1320.90509112134
31.960000000002196,1320.3443783030723
31.970000000002198,1320.4699997591224
31.9800000000022,1320.5971755255848
31.9900000000022,1320.243207095491
32.0000000000022,1320.3700517289221
32.0100000000022,1320.4969698246298
32.0200000000022,1320.0693020369667
32.0300000000022,1320.1943720521685
32.040000000002195,1320.3208572719734
32.05000000000219,1319.8897819872143
32.06000000000219,1320.011517906933
32.07000000000219,1320.1369046610596
32.08000000000219,1319.30854986682
32.090000000002185,1319.4162549173593
32.10000000000218,1319.5417338507652
32.11000000000218,1318.7198946265025
32.12000000000218,1318.839518239432
32.13000000000218,1318.965445632424
32.140000000002175,1318.0720152819067
32.15000000000217,1318.1911427345763
32.16000000000217,1318.3166729018433
32.17000000000217,1317.418816666799
32.18000000000217,1317.5391130315218
32.190000000002165,1317.6647331896045
32.20000000000216,1316.8556957732053
32.21000000000216,1316.977280128622
32.22000000000216,1317.102997861162
32.23000000000216,1316.3792846781312
32.240000000002155,1316.5027705473863
32.25000000000215,1316.6288819214847
32.26000000000215,1316.1397945101376
32.27000000000215,1316.2653266496097
32.28000000000215,1316.391508609438
32.290000000002145,1315.721631716241
32.30000000000214,1315.8455504316585
32.31000000000214,1315.9722373628756
32.32000000000214,1315.3586866126093
32.33000000000214,1315.4817297298382
32.340000000002135,1315.6077252094994
32.35000000000213,1314.943249224037
32.36000000000213,1315.0652376795233
32.37000000000213,1315.1915466701341
32.38000000000213,1314.4356263141915
32.390000000002125,1314.5548587177016
32.40000000000212,1314.6796530272916
32.41000000000212,1313.843155582804
32.42000000000212,1313.962213660595
32.43000000000212,1314.086941515101
32.440000000002115,1313.2616866732324
32.45000000000211,1313.3809483116347
32.46000000000211,1313.5052942026882
32.47000000000211,1312.7506604956216
32.48000000000211,1312.8711946693106
32.490000000002105,1312.9956624542945
32.5000000000021,1312.3305705954149
32.5100000000021,1312.4533254920693
32.5200000000021,1312.5781038006241
32.5300000000021,1312.111281606213
32.540000000002095,1312.2355777646922
32.55000000000209,1312.3600160295516
32.56000000000209,1311.886142797164
32.57000000000209,1312.008588263491
32.58000000000209,1312.1315581333656
32.590000000002085,1311.5254580213225
32.60000000000208,1311.6454383304451
32.61000000000208,1311.7678804312284
32.62000000000208,1311.2282876299648
32.63000000000208,1311.3465901056934
32.640000000002075,1311.4688557111197
32.65000000000207,1310.7651585599854
32.66000000000207,1310.881149305843
32.67000000000207,1311.0026491079166
32.68000000000207,1310.1990468028403
32.690000000002065,1310.3147394313432
32.70000000000206,1310.4360436198772
32.71000000000206,1309.654720680484
32.72000000000206,1309.771101777131
32.73000000000206,1309.8921554169572
32.740000000002055,1309.1874325031024
32.75000000000205,1309.3046880320073
32.76000000000205,1309.425448500033
32.77000000000205,1308.7895141281615
32.78000000000205,1308.9072346483833
32.790000000002046,1309.027656982719
32.80000000000204,1308.4810854337206
32.81000000000204,1308.5989415621223
32.82000000000204,1308.7188345248796
32.83000000000204,1308.1186788225239
32.840000000002036,1308.2335862431783
32.850000000002034,1308.3527768487672
32.86000000000203,1307.5945121595817
32.87000000000203,1307.7083697573453
32.88000000000203,1307.8271712389535
32.890000000002026,1307.0579844892711
32.900000000002024,1307.1713189420923
32.91000000000202,1307.2897237393904
32.92000000000202,1306.5266446933829
32.93000000000202,1306.6398067577582
32.940000000002016,1306.7576443214061
32.950000000002014,1306.022446927067
32.96000000000201,1306.135650930693
32.97000000000201,1306.2529540532466
32.98000000000201,1305.5694755907575
32.990000000002006,1305.683446066735
33.000000000002004,1305.800659454762
33.010000000002,1305.1702827374581
33.020000000002,1305.284244722957
33.030000000002,1305.40110427609
33.040000000001996,1304.8321736275077
33.050000000001994,1304.945932788712
33.06000000000199,1305.0623240988607
33.07000000000199,1304.534564150278
33.08000000000199,1304.6479104905357
33.090000000001986,1304.7639636332092
33.100000000001984,1304.2057600867408
33.11000000000198,1304.3185433177682
33.12000000000198,1304.434150819179
33.13000000000198,1303.866585684061
33.140000000001976,1303.9790305635745
33.150000000001974,1304.0942025308716
33.16000000000197,1303.527206565203
33.17000000000197,1303.63939608139
33.18000000000197,1303.7540915820791
33.190000000001966,1303.2071152725562
33.200000000001964,1303.3190963517234
33.21000000000196,1303.4332631059274
33.22000000000196,1302.9209461526932
33.23000000000196,1303.0326031742395
33.240000000001956,1303.146311397761
33.250000000001954,1302.6512212813748
33.26000000000195,1302.7624009955177
33.27000000000195,1302.875285719473
33.28000000000195,1302.1952283371484
33.290000000001946,1302.3034357673919
33.300000000001944,1302.4158300946472
33.31000000000194,1301.6037042034532
33.32000000000194,1301.7106456052275
33.33000000000194,1301.8224549111396
33.340000000001936,1301.0405578550246
33.350000000001934,1301.147393635382
33.36000000000193,1301.2589167616136
33.37000000000193,1300.46242590288
33.38000000000193,1300.5696233330657
33.390000000001926,1300.681138009294
33.400000000001924,1299.9096021511261
33.41000000000192,1300.0172311145845
33.42000000000192,1300.1284879480227
33.43000000000192,1299.42394465854
33.440000000001916,1299.532437576707
33.450000000001914,1299.6437597045579
33.46000000000191,1299.040728460815
33.47000000000191,1299.1497875038997
33.48000000000191,1299.2609260447762
33.490000000001906,1298.7638575316332
33.500000000001904,1298.8726184835318
33.5100000000019,1298.983235234529
33.5200000000019,1298.3502677807974
33.5300000000019,1298.4557053377475
33.540000000001896,1298.565384446903
33.550000000001894,1297.7814700225356
33.56000000000189,1297.8853432297417
33.57000000000189,1297.9942131995497
33.58000000000189,1297.1900844678246
33.590000000001886,1297.2934324548596
33.600000000001884,1297.4018776387193
33.61000000000188,1296.5731155057508
33.62000000000188,1296.6766664807933
33.63000000000188,1296.7840507781061
33.640000000001876,1296.0055827428694
33.650000000001874,1296.1092957516341
33.66000000000187,1296.2156881147657
33.67000000000187,1295.4529631121302
33.68000000000187,1295.5559555608722
33.69000000000187,1295.6615588365894
33.700000000001864,1294.8846897058452
33.71000000000186,1294.9873714541548
33.72000000000186,1295.093014500396
33.73000000000186,1294.34715018438
33.74000000000186,1294.4489155525114
33.750000000001855,1294.553935882563
33.76000000000185,1293.6808688606777
33.77000000000185,1293.7797511766873
33.78000000000185,1293.8831347474895
33.79000000000185,1292.9071336097704
33.800000000001845,1293.00512741192
33.81000000000184,1293.1069751602015
33.82000000000184,1292.1025101515627
33.83000000000184,1292.1984396110172
33.84000000000184,1292.2989126886807
33.850000000001835,1290.8909427226065
33.86000000000183,1290.9704934725708
33.87000000000183,1291.066010376381
33.88000000000183,1289.5728643021832
33.89000000000183,1289.6503102646086
33.900000000001825,1289.743860439671
33.91000000000182,1288.177496219569
33.92000000000182,1288.2522851749993
33.93000000000182,1288.3458063451505
33.94000000000182,1286.7800076094074
33.950000000001815,1286.8544621663018
33.96000000000181,1286.94802851487
33.97000000000181,1285.432195010549
33.98000000000181,1285.5078270631434
33.99000000000181,1285.6017330907903
34.000000000001805,1284.1825993778518
34.0100000000018,1284.2596425651154
34.0200000000018,1284.3538134573607
34.0300000000018,1282.9943860236376
34.0400000000018,1283.073566658979
34.050000000001795,1283.1692280425734
34.06000000000179,1281.9024250756117
34.07000000000179,1281.9834197189532
34.08000000000179,1282.0815904647804
34.09000000000179,1280.868077983
34.100000000001785,1280.9489302605887
34.11000000000178,1281.047443738622
34.12000000000178,1280.1662931942708
34.13000000000178,1280.2639941334355
34.14000000000178,1280.3681972243903
34.150000000001775,1279.557878731519
34.16000000000177,1279.6571597920322
34.17000000000177,1279.7625276683061
34.18000000000177,1279.0507118296393
34.19000000000177,1279.153339138161
34.200000000001765,1279.2606633479406
34.21000000000176,1278.7031177182093
34.22000000000176,1278.808184553022
34.23000000000176,1278.9164678116315
34.24000000000176,1278.4551560341902
34.250000000001755,1278.5617352363872
34.26000000000175,1278.6698594852862
34.27000000000175,1278.1304852497242
34.28000000000175,1278.2355899771107
34.29000000000175,1278.3438174031041
34.300000000001745,1277.8154070584505
34.31000000000174,1277.920648970002
34.32000000000174,1278.0280731179087
34.33000000000174,1277.4323976389612
34.34000000000174,1277.535948281012
34.350000000001735,1277.643619054603
34.36000000000173,1276.9970701227057
34.37000000000173,1277.1003601473426
34.38000000000173,1277.20756571673
34.39000000000173,1276.6240431088393
34.400000000001725,1276.7286273916975
34.41000000000172,1276.8364111418202
34.42000000000172,1276.3204000384405
34.43000000000172,1276.4259267274754
34.44000000000172,1276.5331806264717
34.450000000001715,1275.9667680220139
34.46000000000171,1276.0713778278694
34.47000000000171,1276.1788089156653
34.48000000000171,1275.640893234032
34.49000000000171,1275.7464774222437
34.500000000001705,1275.8543769760806
34.5100000000017,1275.3533595281247
34.5200000000017,1275.4579058963982
34.5300000000017,1275.565141551416
34.5400000000017,1275.064089606825
34.550000000001695,1275.168765250823
34.56000000000169,1275.2755379857874
34.57000000000169,1274.6884606673955
34.58000000000169,1274.792373806204
34.59000000000169,1274.8994339457251
34.600000000001685,1274.368510764853
34.61000000000168,1274.4731990159553
34.62000000000168,1274.5797081897924
34.63000000000168,1274.0241020574738
34.64000000000168,1274.1274674507981
34.650000000001675,1274.2337513135296
34.66000000000167,1273.6884289649663
34.67000000000167,1273.792723272155
34.68000000000167,1273.8992800028554
34.69000000000167,1273.3696032689727
34.700000000001666,1273.473346558519
34.71000000000166,1273.5798648389543
34.72000000000166,1273.068682784939
34.73000000000166,1273.1728354008035
34.74000000000166,1273.278619277729
34.750000000001656,1272.7439838421787
34.760000000001654,1272.8474199455623
34.77000000000165,1272.9533758491993
34.78000000000165,1272.4790065669602
34.79000000000165,1272.5829123928436
34.800000000001646,1272.688282887779
34.810000000001644,1272.1465434881575
34.82000000000164,1272.2486415805552
34.83000000000164,1272.3536892495092
34.84000000000164,1271.802923028019
34.850000000001636,1271.9060576798256
34.860000000001634,1272.0113779554522
34.87000000000163,1271.5003803832246
34.88000000000163,1271.6032064588635
34.89000000000163,1271.708459379038
34.900000000001626,1271.23377073604
34.910000000001624,1271.3370385300052
34.92000000000162,1271.4418414499419
34.93000000000162,1270.9363077122123
34.94000000000162,1271.0376323106743
34.950000000001616,1271.1419650604043
34.960000000001614,1270.5541277004397
34.97000000000161,1270.6559309066824
34.98000000000161,1270.7604696782155
34.99000000000161,1270.262257005874
35.000000000001606,1270.3647049520935
35.010000000001604,1270.4686246412007
35.0200000000016,1269.8751557314727
35.0300000000016,1269.9757625078403
35.0400000000016,1270.0792369125554
35.050000000001596,1269.4776203230058
35.060000000001594,1269.5788015985668
35.07000000000159,1269.6823895694797
35.08000000000159,1269.2246432486477
35.09000000000159,1269.3264361801264
35.100000000001586,1269.4293719242924
35.110000000001584,1268.8919427276885
35.12000000000158,1268.9910758029746
35.13000000000158,1269.0933186383647
35.14000000000158,1268.4700864645886
35.150000000001576,1268.5693128039554
35.160000000001574,1268.6714935218895
35.17000000000157,1268.148780044614
35.18000000000157,1268.248725636147
35.19000000000157,1268.350866992747
35.200000000001566,1267.8364993772893
35.210000000001564,1267.9360027615596
35.22000000000156,1268.037875058841
35.23000000000156,1267.5361571015997
35.24000000000156,1267.6357325641056
35.250000000001556,1267.7373125643883
35.260000000001554,1267.32585451371
35.27000000000155,1267.425841841042
35.28000000000155,1267.5267802110209
35.29000000000155,1267.0229911498614
35.300000000001546,1267.120893822685
35.310000000001544,1267.2214272636488
35.32000000000154,1266.6647206082826
35.33000000000154,1266.7629529083865
35.34000000000154,1266.8635300363344
