ISO-10303-21;
HEADER;
FILE_DESCRIPTION(('Open CASCADE Model'),'2;1');
FILE_NAME('Open CASCADE Shape Model','2026-08-03T15:47:28',('Author'),(
    'Open CASCADE'),'Open CASCADE STEP processor 7.9','Open CASCADE 7.9'
  ,'Unknown');
FILE_SCHEMA(('AUTOMOTIVE_DESIGN { 1 0 10303 214 1 1 1 1 }'));
ENDSEC;
DATA;
#1 = APPLICATION_PROTOCOL_DEFINITION('international standard',
  'automotive_design',2000,#2);
#2 = APPLICATION_CONTEXT(
  'core data for automotive mechanical design processes');
#3 = SHAPE_DEFINITION_REPRESENTATION(#4,#10);
#4 = PRODUCT_DEFINITION_SHAPE('','',#5);
#5 = PRODUCT_DEFINITION('design','',#6,#9);
#6 = PRODUCT_DEFINITION_FORMATION('','',#7);
#7 = PRODUCT('Open CASCADE STEP translator 7.9 1',
  'Open CASCADE STEP translator 7.9 1','',(#8));
#8 = PRODUCT_CONTEXT('',#2,'mechanical');
#9 = PRODUCT_DEFINITION_CONTEXT('part definition',#2,'design');
#10 = ADVANCED_BREP_SHAPE_REPRESENTATION('',(#11,#15),#11459);
#11 = AXIS2_PLACEMENT_3D('',#12,#13,#14);
#12 = CARTESIAN_POINT('',(0.,0.,0.));
#13 = DIRECTION('',(0.,0.,1.));
#14 = DIRECTION('',(1.,0.,-0.));
#15 = BREP_WITH_VOIDS('',#16,(#9629,#9995,#10361,#10727,#11093));
#16 = CLOSED_SHELL('',(#17,#102,#498,#583,#663,#716,#748,#780,#787,#863,
    #939,#1013,#1179,#1255,#1326,#1378,#1382,#1615,#1670,#1674,#1729,
    #1764,#1819,#2040,#2095,#2286,#2341,#2376,#3308,#3363,#3367,#3390,
    #3413,#4670,#4696,#5271,#5326,#5330,#5365,#5420,#5641,#5696,#5887,
    #5942,#5972,#5999,#6026,#6053,#6080,#6107,#6134,#6139,#6165,#6752,
    #6807,#6811,#6846,#6901,#7122,#7177,#7368,#7423,#7453,#7480,#7507,
    #7534,#7561,#7588,#7615,#7620,#7646,#8221,#8276,#8280,#8315,#8370,
    #8591,#8646,#8837,#8892,#8922,#8949,#8976,#9003,#9030,#9057,#9084,
    #9089,#9093,#9097,#9124,#9151,#9178,#9205,#9232,#9259,#9286,#9341,
    #9345,#9372,#9399,#9454,#9458,#9489,#9516,#9527,#9566,#9621,#9625));
#17 = ADVANCED_FACE('',(#18),#31,.T.);
#18 = FACE_BOUND('',#19,.T.);
#19 = EDGE_LOOP('',(#20,#54,#74,#101));
#20 = ORIENTED_EDGE('',*,*,#21,.T.);
#21 = EDGE_CURVE('',#22,#22,#24,.T.);
#22 = VERTEX_POINT('',#23);
#23 = CARTESIAN_POINT('',(350.,-6.282E+03,-6.431E+03));
#24 = SURFACE_CURVE('',#25,(#30,#42),.PCURVE_S1.);
#25 = CIRCLE('',#26,150.);
#26 = AXIS2_PLACEMENT_3D('',#27,#28,#29);
#27 = CARTESIAN_POINT('',(200.,-6.282E+03,-6.431E+03));
#28 = DIRECTION('',(0.,0.,1.));
#29 = DIRECTION('',(1.,0.,0.));
#30 = PCURVE('',#31,#36);
#31 = CONICAL_SURFACE('',#32,150.,1.250427160443);
#32 = AXIS2_PLACEMENT_3D('',#33,#34,#35);
#33 = CARTESIAN_POINT('',(200.,-6.282E+03,-6.431E+03));
#34 = DIRECTION('',(0.,0.,1.));
#35 = DIRECTION('',(1.,0.,0.));
#36 = DEFINITIONAL_REPRESENTATION('',(#37),#41);
#37 = LINE('',#38,#39);
#38 = CARTESIAN_POINT('',(0.,0.));
#39 = VECTOR('',#40,1.);
#40 = DIRECTION('',(1.,0.));
#41 = ( GEOMETRIC_REPRESENTATION_CONTEXT(2) 
PARAMETRIC_REPRESENTATION_CONTEXT() REPRESENTATION_CONTEXT('2D SPACE',''
  ) );
#42 = PCURVE('',#43,#48);
#43 = PLANE('',#44);
#44 = AXIS2_PLACEMENT_3D('',#45,#46,#47);
#45 = CARTESIAN_POINT('',(200.,-6.282E+03,-6.431E+03));
#46 = DIRECTION('',(0.,0.,1.));
#47 = DIRECTION('',(1.,0.,0.));
#48 = DEFINITIONAL_REPRESENTATION('',(#49),#53);
#49 = CIRCLE('',#50,150.);
#50 = AXIS2_PLACEMENT_2D('',#51,#52);
#51 = CARTESIAN_POINT('',(0.,0.));
#52 = DIRECTION('',(1.,0.));
#53 = ( GEOMETRIC_REPRESENTATION_CONTEXT(2) 
PARAMETRIC_REPRESENTATION_CONTEXT() REPRESENTATION_CONTEXT('2D SPACE',''
  ) );
#54 = ORIENTED_EDGE('',*,*,#55,.T.);
#55 = EDGE_CURVE('',#22,#56,#58,.T.);
#56 = VERTEX_POINT('',#57);
#57 = CARTESIAN_POINT('',(2.74E+03,-6.282E+03,-5.638E+03));
#58 = SEAM_CURVE('',#59,(#62,#68),.PCURVE_S1.);
#59 = B_SPLINE_CURVE_WITH_KNOTS('',1,(#60,#61),.UNSPECIFIED.,.F.,.F.,(2,
    2),(0.,1.),.PIECEWISE_BEZIER_KNOTS.);
#60 = CARTESIAN_POINT('',(350.,-6.282E+03,-6.431E+03));
#61 = CARTESIAN_POINT('',(2.74E+03,-6.282E+03,-5.638E+03));
#62 = PCURVE('',#31,#63);
#63 = DEFINITIONAL_REPRESENTATION('',(#64),#67);
#64 = B_SPLINE_CURVE_WITH_KNOTS('',1,(#65,#66),.UNSPECIFIED.,.F.,.F.,(2,
    2),(0.,1.),.PIECEWISE_BEZIER_KNOTS.);
#65 = CARTESIAN_POINT('',(6.28318530718,0.));
#66 = CARTESIAN_POINT('',(6.28318530718,793.));
#67 = ( GEOMETRIC_REPRESENTATION_CONTEXT(2) 
PARAMETRIC_REPRESENTATION_CONTEXT() REPRESENTATION_CONTEXT('2D SPACE',''
  ) );
#68 = PCURVE('',#31,#69);
#69 = DEFINITIONAL_REPRESENTATION('',(#70),#73);
#70 = B_SPLINE_CURVE_WITH_KNOTS('',1,(#71,#72),.UNSPECIFIED.,.F.,.F.,(2,
    2),(0.,1.),.PIECEWISE_BEZIER_KNOTS.);
#71 = CARTESIAN_POINT('',(4.138911435803E-13,0.));
#72 = CARTESIAN_POINT('',(4.138911435803E-13,793.));
#73 = ( GEOMETRIC_REPRESENTATION_CONTEXT(2) 
PARAMETRIC_REPRESENTATION_CONTEXT() REPRESENTATION_CONTEXT('2D SPACE',''
  ) );
#74 = ORIENTED_EDGE('',*,*,#75,.F.);
#75 = EDGE_CURVE('',#56,#56,#76,.T.);
#76 = SURFACE_CURVE('',#77,(#82,#89),.PCURVE_S1.);
#77 = CIRCLE('',#78,2.54E+03);
#78 = AXIS2_PLACEMENT_3D('',#79,#80,#81);
#79 = CARTESIAN_POINT('',(200.,-6.282E+03,-5.638E+03));
#80 = DIRECTION('',(0.,0.,1.));
#81 = DIRECTION('',(1.,0.,0.));
#82 = PCURVE('',#31,#83);
#83 = DEFINITIONAL_REPRESENTATION('',(#84),#88);
#84 = LINE('',#85,#86);
#85 = CARTESIAN_POINT('',(0.,793.));
#86 = VECTOR('',#87,1.);
#87 = DIRECTION('',(1.,0.));
#88 = ( GEOMETRIC_REPRESENTATION_CONTEXT(2) 
PARAMETRIC_REPRESENTATION_CONTEXT() REPRESENTATION_CONTEXT('2D SPACE',''
  ) );
#89 = PCURVE('',#90,#95);
#90 = CYLINDRICAL_SURFACE('',#91,2.54E+03);
#91 = AXIS2_PLACEMENT_3D('',#92,#93,#94);
#92 = CARTESIAN_POINT('',(200.,-6.282E+03,-5.638E+03));
#93 = DIRECTION('',(-0.,-0.,-1.));
#94 = DIRECTION('',(1.,0.,0.));
#95 = DEFINITIONAL_REPRESENTATION('',(#96),#100);
#96 = LINE('',#97,#98);
#97 = CARTESIAN_POINT('',(6.28318530718,0.));
#98 = VECTOR('',#99,1.);
#99 = DIRECTION('',(-1.,0.));
#100 = ( GEOMETRIC_REPRESENTATION_CONTEXT(2) 
PARAMETRIC_REPRESENTATION_CONTEXT() REPRESENTATION_CONTEXT('2D SPACE',''
  ) );
#101 = ORIENTED_EDGE('',*,*,#55,.F.);
#102 = ADVANCED_FACE('',(#103,#157,#277,#395),#90,.T.);
#103 = FACE_BOUND('',#104,.T.);
#104 = EDGE_LOOP('',(#105,#106,#129,#156));
#105 = ORIENTED_EDGE('',*,*,#75,.T.);
#106 = ORIENTED_EDGE('',*,*,#107,.T.);
#107 = EDGE_CURVE('',#56,#108,#110,.T.);
#108 = VERTEX_POINT('',#109);
#109 = CARTESIAN_POINT('',(2.74E+03,-6.282E+03,1.22E+03));
#110 = SEAM_CURVE('',#111,(#115,#122),.PCURVE_S1.);
#111 = LINE('',#112,#113);
#112 = CARTESIAN_POINT('',(2.74E+03,-6.282E+03,-5.638E+03));
#113 = VECTOR('',#114,1.);
#114 = DIRECTION('',(0.,0.,1.));
#115 = PCURVE('',#90,#116);
#116 = DEFINITIONAL_REPRESENTATION('',(#117),#121);
#117 = LINE('',#118,#119);
#118 = CARTESIAN_POINT('',(6.28318530718,0.));
#119 = VECTOR('',#120,1.);
#120 = DIRECTION('',(-0.,-1.));
#121 = ( GEOMETRIC_REPRESENTATION_CONTEXT(2) 
PARAMETRIC_REPRESENTATION_CONTEXT() REPRESENTATION_CONTEXT('2D SPACE',''
  ) );
#122 = PCURVE('',#90,#123);
#123 = DEFINITIONAL_REPRESENTATION('',(#124),#128);
#124 = LINE('',#125,#126);
#125 = CARTESIAN_POINT('',(-4.138911435803E-13,0.));
#126 = VECTOR('',#127,1.);
#127 = DIRECTION('',(-0.,-1.));
#128 = ( GEOMETRIC_REPRESENTATION_CONTEXT(2) 
PARAMETRIC_REPRESENTATION_CONTEXT() REPRESENTATION_CONTEXT('2D SPACE',''
  ) );
#129 = ORIENTED_EDGE('',*,*,#130,.F.);
#130 = EDGE_CURVE('',#108,#108,#131,.T.);
#131 = SURFACE_CURVE('',#132,(#137,#144),.PCURVE_S1.);
#132 = CIRCLE('',#133,2.54E+03);
#133 = AXIS2_PLACEMENT_3D('',#134,#135,#136);
#134 = CARTESIAN_POINT('',(200.,-6.282E+03,1.22E+03));
#135 = DIRECTION('',(0.,0.,1.));
#136 = DIRECTION('',(1.,0.,0.));
#137 = PCURVE('',#90,#138);
#138 = DEFINITIONAL_REPRESENTATION('',(#139),#143);
#139 = LINE('',#140,#141);
#140 = CARTESIAN_POINT('',(6.28318530718,-6.858E+03));
#141 = VECTOR('',#142,1.);
#142 = DIRECTION('',(-1.,0.));
#143 = ( GEOMETRIC_REPRESENTATION_CONTEXT(2) 
PARAMETRIC_REPRESENTATION_CONTEXT() REPRESENTATION_CONTEXT('2D SPACE',''
  ) );
#144 = PCURVE('',#145,#150);
#145 = PLANE('',#146);
#146 = AXIS2_PLACEMENT_3D('',#147,#148,#149);
#147 = CARTESIAN_POINT('',(200.,-6.282E+03,1.22E+03));
#148 = DIRECTION('',(0.,0.,1.));
#149 = DIRECTION('',(1.,0.,0.));
#150 = DEFINITIONAL_REPRESENTATION('',(#151),#155);
#151 = CIRCLE('',#152,2.54E+03);
#152 = AXIS2_PLACEMENT_2D('',#153,#154);
#153 = CARTESIAN_POINT('',(0.,0.));
#154 = DIRECTION('',(1.,0.));
#155 = ( GEOMETRIC_REPRESENTATION_CONTEXT(2) 
PARAMETRIC_REPRESENTATION_CONTEXT() REPRESENTATION_CONTEXT('2D SPACE',''
  ) );
#156 = ORIENTED_EDGE('',*,*,#107,.F.);
#157 = FACE_BOUND('',#158,.T.);
#158 = EDGE_LOOP('',(#159,#194,#220,#253));
#159 = ORIENTED_EDGE('',*,*,#160,.F.);
#160 = EDGE_CURVE('',#161,#163,#165,.T.);
#161 = VERTEX_POINT('',#162);
#162 = CARTESIAN_POINT('',(-505.691150575,-3.842E+03,1.084E+03));
#163 = VERTEX_POINT('',#164);
#164 = CARTESIAN_POINT('',(905.69115057509,-3.842E+03,1.084E+03));
#165 = SURFACE_CURVE('',#166,(#171,#178),.PCURVE_S1.);
#166 = CIRCLE('',#167,2.54E+03);
#167 = AXIS2_PLACEMENT_3D('',#168,#169,#170);
#168 = CARTESIAN_POINT('',(200.,-6.282E+03,1.084E+03));
#169 = DIRECTION('',(0.,0.,-1.));
#170 = DIRECTION('',(1.,0.,0.));
#171 = PCURVE('',#90,#172);
#172 = DEFINITIONAL_REPRESENTATION('',(#173),#177);
#173 = LINE('',#174,#175);
#174 = CARTESIAN_POINT('',(0.,-6.722E+03));
#175 = VECTOR('',#176,1.);
#176 = DIRECTION('',(1.,0.));
#177 = ( GEOMETRIC_REPRESENTATION_CONTEXT(2) 
PARAMETRIC_REPRESENTATION_CONTEXT() REPRESENTATION_CONTEXT('2D SPACE',''
  ) );
#178 = PCURVE('',#179,#184);
#179 = PLANE('',#180);
#180 = AXIS2_PLACEMENT_3D('',#181,#182,#183);
#181 = CARTESIAN_POINT('',(200.,-2.496E+03,1.084E+03));
#182 = DIRECTION('',(0.,0.,1.));
#183 = DIRECTION('',(1.,0.,0.));
#184 = DEFINITIONAL_REPRESENTATION('',(#185),#193);
#185 = ( BOUNDED_CURVE() B_SPLINE_CURVE(2,(#186,#187,#188,#189,#190,#191
,#192),.UNSPECIFIED.,.T.,.F.) B_SPLINE_CURVE_WITH_KNOTS((1,2,2,2,2,1),(
    -2.094395102393,0.,2.094395102393,4.188790204786,6.28318530718,
8.377580409573),.UNSPECIFIED.) CURVE() GEOMETRIC_REPRESENTATION_ITEM() 
RATIONAL_B_SPLINE_CURVE((1.,0.5,1.,0.5,1.,0.5,1.)) REPRESENTATION_ITEM(
  '') );
#186 = CARTESIAN_POINT('',(2.54E+03,-3.786E+03));
#187 = CARTESIAN_POINT('',(2.54E+03,-8.185409051225E+03));
#188 = CARTESIAN_POINT('',(-1.27E+03,-5.985704525612E+03));
#189 = CARTESIAN_POINT('',(-5.08E+03,-3.786E+03));
#190 = CARTESIAN_POINT('',(-1.27E+03,-1.586295474388E+03));
#191 = CARTESIAN_POINT('',(2.54E+03,613.40905122495));
#192 = CARTESIAN_POINT('',(2.54E+03,-3.786E+03));
#193 = ( GEOMETRIC_REPRESENTATION_CONTEXT(2) 
PARAMETRIC_REPRESENTATION_CONTEXT() REPRESENTATION_CONTEXT('2D SPACE',''
  ) );
#194 = ORIENTED_EDGE('',*,*,#195,.T.);
#195 = EDGE_CURVE('',#161,#196,#198,.T.);
#196 = VERTEX_POINT('',#197);
#197 = CARTESIAN_POINT('',(-505.691150575,-3.842E+03,-211.));
#198 = SURFACE_CURVE('',#199,(#203,#209),.PCURVE_S1.);
#199 = LINE('',#200,#201);
#200 = CARTESIAN_POINT('',(-505.691150575,-3.842E+03,-5.638E+03));
#201 = VECTOR('',#202,1.);
#202 = DIRECTION('',(-0.,-0.,-1.));
#203 = PCURVE('',#90,#204);
#204 = DEFINITIONAL_REPRESENTATION('',(#205),#208);
#205 = B_SPLINE_CURVE_WITH_KNOTS('',1,(#206,#207),.UNSPECIFIED.,.F.,.F.,
  (2,2),(-6.8515E+03,-5.2975E+03),.PIECEWISE_BEZIER_KNOTS.);
#206 = CARTESIAN_POINT('',(4.430853335871,-6.8515E+03));
#207 = CARTESIAN_POINT('',(4.430853335871,-5.2975E+03));
#208 = ( GEOMETRIC_REPRESENTATION_CONTEXT(2) 
PARAMETRIC_REPRESENTATION_CONTEXT() REPRESENTATION_CONTEXT('2D SPACE',''
  ) );
#209 = PCURVE('',#210,#215);
#210 = PLANE('',#211);
#211 = AXIS2_PLACEMENT_3D('',#212,#213,#214);
#212 = CARTESIAN_POINT('',(-562.,-3.842E+03,-211.));
#213 = DIRECTION('',(0.,1.,0.));
#214 = DIRECTION('',(1.,0.,0.));
#215 = DEFINITIONAL_REPRESENTATION('',(#216),#219);
#216 = B_SPLINE_CURVE_WITH_KNOTS('',1,(#217,#218),.UNSPECIFIED.,.F.,.F.,
  (2,2),(-6.8515E+03,-5.2975E+03),.PIECEWISE_BEZIER_KNOTS.);
#217 = CARTESIAN_POINT('',(56.308849424906,-1.4245E+03));
#218 = CARTESIAN_POINT('',(56.308849424906,129.5));
#219 = ( GEOMETRIC_REPRESENTATION_CONTEXT(2) 
PARAMETRIC_REPRESENTATION_CONTEXT() REPRESENTATION_CONTEXT('2D SPACE',''
  ) );
#220 = ORIENTED_EDGE('',*,*,#221,.T.);
#221 = EDGE_CURVE('',#196,#222,#224,.T.);
#222 = VERTEX_POINT('',#223);
#223 = CARTESIAN_POINT('',(905.69115057509,-3.842E+03,-211.));
#224 = SURFACE_CURVE('',#225,(#230,#237),.PCURVE_S1.);
#225 = CIRCLE('',#226,2.54E+03);
#226 = AXIS2_PLACEMENT_3D('',#227,#228,#229);
#227 = CARTESIAN_POINT('',(200.,-6.282E+03,-211.));
#228 = DIRECTION('',(0.,0.,-1.));
#229 = DIRECTION('',(1.,0.,0.));
#230 = PCURVE('',#90,#231);
#231 = DEFINITIONAL_REPRESENTATION('',(#232),#236);
#232 = LINE('',#233,#234);
#233 = CARTESIAN_POINT('',(0.,-5.427E+03));
#234 = VECTOR('',#235,1.);
#235 = DIRECTION('',(1.,0.));
#236 = ( GEOMETRIC_REPRESENTATION_CONTEXT(2) 
PARAMETRIC_REPRESENTATION_CONTEXT() REPRESENTATION_CONTEXT('2D SPACE',''
  ) );
#237 = PCURVE('',#238,#243);
#238 = PLANE('',#239);
#239 = AXIS2_PLACEMENT_3D('',#240,#241,#242);
#240 = CARTESIAN_POINT('',(200.,-2.496E+03,-211.));
#241 = DIRECTION('',(0.,0.,1.));
#242 = DIRECTION('',(1.,0.,0.));
#243 = DEFINITIONAL_REPRESENTATION('',(#244),#252);
#244 = ( BOUNDED_CURVE() B_SPLINE_CURVE(2,(#245,#246,#247,#248,#249,#250
,#251),.UNSPECIFIED.,.T.,.F.) B_SPLINE_CURVE_WITH_KNOTS((1,2,2,2,2,1),(
    -2.094395102393,0.,2.094395102393,4.188790204786,6.28318530718,
8.377580409573),.UNSPECIFIED.) CURVE() GEOMETRIC_REPRESENTATION_ITEM() 
RATIONAL_B_SPLINE_CURVE((1.,0.5,1.,0.5,1.,0.5,1.)) REPRESENTATION_ITEM(
  '') );
#245 = CARTESIAN_POINT('',(2.54E+03,-3.786E+03));
#246 = CARTESIAN_POINT('',(2.54E+03,-8.185409051225E+03));
#247 = CARTESIAN_POINT('',(-1.27E+03,-5.985704525612E+03));
#248 = CARTESIAN_POINT('',(-5.08E+03,-3.786E+03));
#249 = CARTESIAN_POINT('',(-1.27E+03,-1.586295474388E+03));
#250 = CARTESIAN_POINT('',(2.54E+03,613.40905122495));
#251 = CARTESIAN_POINT('',(2.54E+03,-3.786E+03));
#252 = ( GEOMETRIC_REPRESENTATION_CONTEXT(2) 
PARAMETRIC_REPRESENTATION_CONTEXT() REPRESENTATION_CONTEXT('2D SPACE',''
  ) );
#253 = ORIENTED_EDGE('',*,*,#254,.F.);
#254 = EDGE_CURVE('',#163,#222,#255,.T.);
#255 = SURFACE_CURVE('',#256,(#260,#266),.PCURVE_S1.);
#256 = LINE('',#257,#258);
#257 = CARTESIAN_POINT('',(905.69115057509,-3.842E+03,-5.638E+03));
#258 = VECTOR('',#259,1.);
#259 = DIRECTION('',(-0.,-0.,-1.));
#260 = PCURVE('',#90,#261);
#261 = DEFINITIONAL_REPRESENTATION('',(#262),#265);
#262 = B_SPLINE_CURVE_WITH_KNOTS('',1,(#263,#264),.UNSPECIFIED.,.F.,.F.,
  (2,2),(-6.8515E+03,-5.2975E+03),.PIECEWISE_BEZIER_KNOTS.);
#263 = CARTESIAN_POINT('',(4.993924624898,-6.8515E+03));
#264 = CARTESIAN_POINT('',(4.993924624898,-5.2975E+03));
#265 = ( GEOMETRIC_REPRESENTATION_CONTEXT(2) 
PARAMETRIC_REPRESENTATION_CONTEXT() REPRESENTATION_CONTEXT('2D SPACE',''
  ) );
#266 = PCURVE('',#267,#272);
#267 = PLANE('',#268);
#268 = AXIS2_PLACEMENT_3D('',#269,#270,#271);
#269 = CARTESIAN_POINT('',(-562.,-3.842E+03,-211.));
#270 = DIRECTION('',(0.,1.,0.));
#271 = DIRECTION('',(1.,0.,0.));
#272 = DEFINITIONAL_REPRESENTATION('',(#273),#276);
#273 = B_SPLINE_CURVE_WITH_KNOTS('',1,(#274,#275),.UNSPECIFIED.,.F.,.F.,
  (2,2),(-6.8515E+03,-5.2975E+03),.PIECEWISE_BEZIER_KNOTS.);
#274 = CARTESIAN_POINT('',(1.467691150575E+03,-1.4245E+03));
#275 = CARTESIAN_POINT('',(1.467691150575E+03,129.5));
#276 = ( GEOMETRIC_REPRESENTATION_CONTEXT(2) 
PARAMETRIC_REPRESENTATION_CONTEXT() REPRESENTATION_CONTEXT('2D SPACE',''
  ) );
#277 = FACE_BOUND('',#278,.T.);
#278 = EDGE_LOOP('',(#279,#308,#341,#368));
#279 = ORIENTED_EDGE('',*,*,#280,.F.);
#280 = EDGE_CURVE('',#281,#283,#285,.T.);
#281 = VERTEX_POINT('',#282);
#282 = CARTESIAN_POINT('',(2.013665580185E+03,-8.0602624E+03,322.4276));
#283 = VERTEX_POINT('',#284);
#284 = CARTESIAN_POINT('',(2.013665580185E+03,-8.0602624E+03,
    -4.3422824E+03));
#285 = SURFACE_CURVE('',#286,(#290,#296),.PCURVE_S1.);
#286 = LINE('',#287,#288);
#287 = CARTESIAN_POINT('',(2.013665580185E+03,-8.0602624E+03,-5.638E+03)
  );
#288 = VECTOR('',#289,1.);
#289 = DIRECTION('',(-0.,-0.,-1.));
#290 = PCURVE('',#90,#291);
#291 = DEFINITIONAL_REPRESENTATION('',(#292),#295);
#292 = B_SPLINE_CURVE_WITH_KNOTS('',1,(#293,#294),.UNSPECIFIED.,.F.,.F.,
  (2,2),(-5.9604276E+03,-1.2957176E+03),.PIECEWISE_BEZIER_KNOTS.);
#293 = CARTESIAN_POINT('',(0.775542165725,-5.9604276E+03));
#294 = CARTESIAN_POINT('',(0.775542165725,-1.2957176E+03));
#295 = ( GEOMETRIC_REPRESENTATION_CONTEXT(2) 
PARAMETRIC_REPRESENTATION_CONTEXT() REPRESENTATION_CONTEXT('2D SPACE',''
  ) );
#296 = PCURVE('',#297,#302);
#297 = PLANE('',#298);
#298 = AXIS2_PLACEMENT_3D('',#299,#300,#301);
#299 = CARTESIAN_POINT('',(2.01394822085E+03,-8.0602624E+03,
    -4.3423078E+03));
#300 = DIRECTION('',(2.22044604925E-16,-1.,0.));
#301 = DIRECTION('',(0.,0.,1.));
#302 = DEFINITIONAL_REPRESENTATION('',(#303),#307);
#303 = LINE('',#304,#305);
#304 = CARTESIAN_POINT('',(-1.2956922E+03,0.282640665));
#305 = VECTOR('',#306,1.);
#306 = DIRECTION('',(-1.,0.));
#307 = ( GEOMETRIC_REPRESENTATION_CONTEXT(2) 
PARAMETRIC_REPRESENTATION_CONTEXT() REPRESENTATION_CONTEXT('2D SPACE',''
  ) );
#308 = ORIENTED_EDGE('',*,*,#309,.F.);
#309 = EDGE_CURVE('',#310,#281,#312,.T.);
#310 = VERTEX_POINT('',#311);
#311 = CARTESIAN_POINT('',(2.01392282085E+03,-8.06E+03,322.4276));
#312 = SURFACE_CURVE('',#313,(#318,#325),.PCURVE_S1.);
#313 = CIRCLE('',#314,2.54E+03);
#314 = AXIS2_PLACEMENT_3D('',#315,#316,#317);
#315 = CARTESIAN_POINT('',(200.,-6.282E+03,322.4276));
#316 = DIRECTION('',(0.,0.,-1.));
#317 = DIRECTION('',(1.,0.,0.));
#318 = PCURVE('',#90,#319);
#319 = DEFINITIONAL_REPRESENTATION('',(#320),#324);
#320 = LINE('',#321,#322);
#321 = CARTESIAN_POINT('',(-4.138911435803E-13,-5.9604276E+03));
#322 = VECTOR('',#323,1.);
#323 = DIRECTION('',(1.,-0.));
#324 = ( GEOMETRIC_REPRESENTATION_CONTEXT(2) 
PARAMETRIC_REPRESENTATION_CONTEXT() REPRESENTATION_CONTEXT('2D SPACE',''
  ) );
#325 = PCURVE('',#326,#331);
#326 = PLANE('',#327);
#327 = AXIS2_PLACEMENT_3D('',#328,#329,#330);
#328 = CARTESIAN_POINT('',(2.01394822085E+03,-8.0602878E+03,322.4276));
#329 = DIRECTION('',(0.,0.,1.));
#330 = DIRECTION('',(-2.22044604925E-16,1.,0.));
#331 = DEFINITIONAL_REPRESENTATION('',(#332),#340);
#332 = ( BOUNDED_CURVE() B_SPLINE_CURVE(2,(#333,#334,#335,#336,#337,#338
,#339),.UNSPECIFIED.,.T.,.F.) B_SPLINE_CURVE_WITH_KNOTS((1,2,2,2,2,1),(
    -2.094395102393,0.,2.094395102393,4.188790204786,6.28318530718,
8.377580409573),.UNSPECIFIED.) CURVE() GEOMETRIC_REPRESENTATION_ITEM() 
RATIONAL_B_SPLINE_CURVE((1.,0.5,1.,0.5,1.,0.5,1.)) REPRESENTATION_ITEM(
  '') );
#333 = CARTESIAN_POINT('',(1.7782878E+03,-726.05177915));
#334 = CARTESIAN_POINT('',(-2.621121251225E+03,-726.0517791499));
#335 = CARTESIAN_POINT('',(-421.4167256124,3.08394822085E+03));
#336 = CARTESIAN_POINT('',(1.7782878E+03,6.89394822085E+03));
#337 = CARTESIAN_POINT('',(3.977992325612E+03,3.08394822085E+03));
#338 = CARTESIAN_POINT('',(6.177696851225E+03,-726.0517791499));
#339 = CARTESIAN_POINT('',(1.7782878E+03,-726.05177915));
#340 = ( GEOMETRIC_REPRESENTATION_CONTEXT(2) 
PARAMETRIC_REPRESENTATION_CONTEXT() REPRESENTATION_CONTEXT('2D SPACE',''
  ) );
#341 = ORIENTED_EDGE('',*,*,#342,.T.);
#342 = EDGE_CURVE('',#310,#343,#345,.T.);
#343 = VERTEX_POINT('',#344);
#344 = CARTESIAN_POINT('',(2.01392282085E+03,-8.06E+03,-4.3422824E+03));
#345 = SURFACE_CURVE('',#346,(#350,#356),.PCURVE_S1.);
#346 = LINE('',#347,#348);
#347 = CARTESIAN_POINT('',(2.01392282085E+03,-8.06E+03,-5.638E+03));
#348 = VECTOR('',#349,1.);
#349 = DIRECTION('',(-0.,-0.,-1.));
#350 = PCURVE('',#90,#351);
#351 = DEFINITIONAL_REPRESENTATION('',(#352),#355);
#352 = B_SPLINE_CURVE_WITH_KNOTS('',1,(#353,#354),.UNSPECIFIED.,.F.,.F.,
  (2,2),(-5.9604276E+03,-1.2957176E+03),.PIECEWISE_BEZIER_KNOTS.);
#353 = CARTESIAN_POINT('',(0.775397496611,-5.9604276E+03));
#354 = CARTESIAN_POINT('',(0.775397496611,-1.2957176E+03));
#355 = ( GEOMETRIC_REPRESENTATION_CONTEXT(2) 
PARAMETRIC_REPRESENTATION_CONTEXT() REPRESENTATION_CONTEXT('2D SPACE',''
  ) );
#356 = PCURVE('',#357,#362);
#357 = PLANE('',#358);
#358 = AXIS2_PLACEMENT_3D('',#359,#360,#361);
#359 = CARTESIAN_POINT('',(2.01392282085E+03,-8.0602878E+03,322.453));
#360 = DIRECTION('',(1.,2.22044604925E-16,0.));
#361 = DIRECTION('',(0.,0.,-1.));
#362 = DEFINITIONAL_REPRESENTATION('',(#363),#367);
#363 = LINE('',#364,#365);
#364 = CARTESIAN_POINT('',(5.960453E+03,0.287799999998));
#365 = VECTOR('',#366,1.);
#366 = DIRECTION('',(1.,0.));
#367 = ( GEOMETRIC_REPRESENTATION_CONTEXT(2) 
PARAMETRIC_REPRESENTATION_CONTEXT() REPRESENTATION_CONTEXT('2D SPACE',''
  ) );
#368 = ORIENTED_EDGE('',*,*,#369,.T.);
#369 = EDGE_CURVE('',#343,#283,#370,.T.);
#370 = SURFACE_CURVE('',#371,(#376,#383),.PCURVE_S1.);
#371 = CIRCLE('',#372,2.54E+03);
#372 = AXIS2_PLACEMENT_3D('',#373,#374,#375);
#373 = CARTESIAN_POINT('',(200.,-6.282E+03,-4.3422824E+03));
#374 = DIRECTION('',(0.,0.,-1.));
#375 = DIRECTION('',(1.,0.,0.));
#376 = PCURVE('',#90,#377);
#377 = DEFINITIONAL_REPRESENTATION('',(#378),#382);
#378 = LINE('',#379,#380);
#379 = CARTESIAN_POINT('',(-4.138911435803E-13,-1.2957176E+03));
#380 = VECTOR('',#381,1.);
#381 = DIRECTION('',(1.,-0.));
#382 = ( GEOMETRIC_REPRESENTATION_CONTEXT(2) 
PARAMETRIC_REPRESENTATION_CONTEXT() REPRESENTATION_CONTEXT('2D SPACE',''
  ) );
#383 = PCURVE('',#384,#389);
#384 = PLANE('',#385);
#385 = AXIS2_PLACEMENT_3D('',#386,#387,#388);
#386 = CARTESIAN_POINT('',(2.01394822085E+03,-8.043981E+03,
    -4.3422824E+03));
#387 = DIRECTION('',(0.,0.,-1.));
#388 = DIRECTION('',(2.22044604925E-16,-1.,0.));
#389 = DEFINITIONAL_REPRESENTATION('',(#390),#394);
#390 = CIRCLE('',#391,2.54E+03);
#391 = AXIS2_PLACEMENT_2D('',#392,#393);
#392 = CARTESIAN_POINT('',(-1.761981E+03,1.81394822085E+03));
#393 = DIRECTION('',(2.22044604925E-16,-1.));
#394 = ( GEOMETRIC_REPRESENTATION_CONTEXT(2) 
PARAMETRIC_REPRESENTATION_CONTEXT() REPRESENTATION_CONTEXT('2D SPACE',''
  ) );
#395 = FACE_BOUND('',#396,.T.);
#396 = EDGE_LOOP('',(#397,#426,#454,#476));
#397 = ORIENTED_EDGE('',*,*,#398,.F.);
#398 = EDGE_CURVE('',#399,#401,#403,.T.);
#399 = VERTEX_POINT('',#400);
#400 = CARTESIAN_POINT('',(-1.61392282085E+03,-8.06E+03,322.4276));
#401 = VERTEX_POINT('',#402);
#402 = CARTESIAN_POINT('',(-1.61392282085E+03,-8.06E+03,-4.3422824E+03)
  );
#403 = SURFACE_CURVE('',#404,(#408,#414),.PCURVE_S1.);
#404 = LINE('',#405,#406);
#405 = CARTESIAN_POINT('',(-1.61392282085E+03,-8.06E+03,-5.638E+03));
#406 = VECTOR('',#407,1.);
#407 = DIRECTION('',(-0.,-0.,-1.));
#408 = PCURVE('',#90,#409);
#409 = DEFINITIONAL_REPRESENTATION('',(#410),#413);
#410 = B_SPLINE_CURVE_WITH_KNOTS('',1,(#411,#412),.UNSPECIFIED.,.F.,.F.,
  (2,2),(-5.9604276E+03,-1.2957176E+03),.PIECEWISE_BEZIER_KNOTS.);
#411 = CARTESIAN_POINT('',(2.366195156979,-5.9604276E+03));
#412 = CARTESIAN_POINT('',(2.366195156979,-1.2957176E+03));
#413 = ( GEOMETRIC_REPRESENTATION_CONTEXT(2) 
PARAMETRIC_REPRESENTATION_CONTEXT() REPRESENTATION_CONTEXT('2D SPACE',''
  ) );
#414 = PCURVE('',#415,#420);
#415 = PLANE('',#416);
#416 = AXIS2_PLACEMENT_3D('',#417,#418,#419);
#417 = CARTESIAN_POINT('',(-1.61392282085E+03,-8.0602878E+03,
    -4.3423078E+03));
#418 = DIRECTION('',(-1.,-2.22044604925E-16,0.));
#419 = DIRECTION('',(0.,0.,1.));
#420 = DEFINITIONAL_REPRESENTATION('',(#421),#425);
#421 = LINE('',#422,#423);
#422 = CARTESIAN_POINT('',(-1.2956922E+03,0.287799999998));
#423 = VECTOR('',#424,1.);
#424 = DIRECTION('',(-1.,0.));
#425 = ( GEOMETRIC_REPRESENTATION_CONTEXT(2) 
PARAMETRIC_REPRESENTATION_CONTEXT() REPRESENTATION_CONTEXT('2D SPACE',''
  ) );
#426 = ORIENTED_EDGE('',*,*,#427,.F.);
#427 = EDGE_CURVE('',#428,#399,#430,.T.);
#428 = VERTEX_POINT('',#429);
#429 = CARTESIAN_POINT('',(-1.613665580185E+03,-8.0602624E+03,322.4276)
  );
#430 = SURFACE_CURVE('',#431,(#436,#443),.PCURVE_S1.);
#431 = CIRCLE('',#432,2.54E+03);
#432 = AXIS2_PLACEMENT_3D('',#433,#434,#435);
#433 = CARTESIAN_POINT('',(200.,-6.282E+03,322.4276));
#434 = DIRECTION('',(0.,0.,-1.));
#435 = DIRECTION('',(1.,0.,0.));
#436 = PCURVE('',#90,#437);
#437 = DEFINITIONAL_REPRESENTATION('',(#438),#442);
#438 = LINE('',#439,#440);
#439 = CARTESIAN_POINT('',(-4.138911435803E-13,-5.9604276E+03));
#440 = VECTOR('',#441,1.);
#441 = DIRECTION('',(1.,-0.));
#442 = ( GEOMETRIC_REPRESENTATION_CONTEXT(2) 
PARAMETRIC_REPRESENTATION_CONTEXT() REPRESENTATION_CONTEXT('2D SPACE',''
  ) );
#443 = PCURVE('',#326,#444);
#444 = DEFINITIONAL_REPRESENTATION('',(#445),#453);
#445 = ( BOUNDED_CURVE() B_SPLINE_CURVE(2,(#446,#447,#448,#449,#450,#451
,#452),.UNSPECIFIED.,.T.,.F.) B_SPLINE_CURVE_WITH_KNOTS((1,2,2,2,2,1),(
    -2.094395102393,0.,2.094395102393,4.188790204786,6.28318530718,
8.377580409573),.UNSPECIFIED.) CURVE() GEOMETRIC_REPRESENTATION_ITEM() 
RATIONAL_B_SPLINE_CURVE((1.,0.5,1.,0.5,1.,0.5,1.)) REPRESENTATION_ITEM(
  '') );
#446 = CARTESIAN_POINT('',(1.7782878E+03,-726.05177915));
#447 = CARTESIAN_POINT('',(-2.621121251225E+03,-726.0517791499));
#448 = CARTESIAN_POINT('',(-421.4167256124,3.08394822085E+03));
#449 = CARTESIAN_POINT('',(1.7782878E+03,6.89394822085E+03));
#450 = CARTESIAN_POINT('',(3.977992325612E+03,3.08394822085E+03));
#451 = CARTESIAN_POINT('',(6.177696851225E+03,-726.0517791499));
#452 = CARTESIAN_POINT('',(1.7782878E+03,-726.05177915));
#453 = ( GEOMETRIC_REPRESENTATION_CONTEXT(2) 
PARAMETRIC_REPRESENTATION_CONTEXT() REPRESENTATION_CONTEXT('2D SPACE',''
  ) );
#454 = ORIENTED_EDGE('',*,*,#455,.T.);
#455 = EDGE_CURVE('',#428,#456,#458,.T.);
#456 = VERTEX_POINT('',#457);
#457 = CARTESIAN_POINT('',(-1.613665580185E+03,-8.0602624E+03,
    -4.3422824E+03));
#458 = SURFACE_CURVE('',#459,(#463,#469),.PCURVE_S1.);
#459 = LINE('',#460,#461);
#460 = CARTESIAN_POINT('',(-1.613665580185E+03,-8.0602624E+03,-5.638E+03
    ));
#461 = VECTOR('',#462,1.);
#462 = DIRECTION('',(-0.,-0.,-1.));
#463 = PCURVE('',#90,#464);
#464 = DEFINITIONAL_REPRESENTATION('',(#465),#468);
#465 = B_SPLINE_CURVE_WITH_KNOTS('',1,(#466,#467),.UNSPECIFIED.,.F.,.F.,
  (2,2),(-5.9604276E+03,-1.2957176E+03),.PIECEWISE_BEZIER_KNOTS.);
#466 = CARTESIAN_POINT('',(2.366050487866,-5.9604276E+03));
#467 = CARTESIAN_POINT('',(2.366050487866,-1.2957176E+03));
#468 = ( GEOMETRIC_REPRESENTATION_CONTEXT(2) 
PARAMETRIC_REPRESENTATION_CONTEXT() REPRESENTATION_CONTEXT('2D SPACE',''
  ) );
#469 = PCURVE('',#297,#470);
#470 = DEFINITIONAL_REPRESENTATION('',(#471),#475);
#471 = LINE('',#472,#473);
#472 = CARTESIAN_POINT('',(-1.2956922E+03,3.627613801035E+03));
#473 = VECTOR('',#474,1.);
#474 = DIRECTION('',(-1.,0.));
#475 = ( GEOMETRIC_REPRESENTATION_CONTEXT(2) 
PARAMETRIC_REPRESENTATION_CONTEXT() REPRESENTATION_CONTEXT('2D SPACE',''
  ) );
#476 = ORIENTED_EDGE('',*,*,#477,.T.);
#477 = EDGE_CURVE('',#456,#401,#478,.T.);
#478 = SURFACE_CURVE('',#479,(#484,#491),.PCURVE_S1.);
#479 = CIRCLE('',#480,2.54E+03);
#480 = AXIS2_PLACEMENT_3D('',#481,#482,#483);
#481 = CARTESIAN_POINT('',(200.,-6.282E+03,-4.3422824E+03));
#482 = DIRECTION('',(0.,0.,-1.));
#483 = DIRECTION('',(1.,0.,0.));
#484 = PCURVE('',#90,#485);
#485 = DEFINITIONAL_REPRESENTATION('',(#486),#490);
#486 = LINE('',#487,#488);
#487 = CARTESIAN_POINT('',(-4.138911435803E-13,-1.2957176E+03));
#488 = VECTOR('',#489,1.);
#489 = DIRECTION('',(1.,-0.));
#490 = ( GEOMETRIC_REPRESENTATION_CONTEXT(2) 
PARAMETRIC_REPRESENTATION_CONTEXT() REPRESENTATION_CONTEXT('2D SPACE',''
  ) );
#491 = PCURVE('',#384,#492);
#492 = DEFINITIONAL_REPRESENTATION('',(#493),#497);
#493 = CIRCLE('',#494,2.54E+03);
#494 = AXIS2_PLACEMENT_2D('',#495,#496);
#495 = CARTESIAN_POINT('',(-1.761981E+03,1.81394822085E+03));
#496 = DIRECTION('',(2.22044604925E-16,-1.));
#497 = ( GEOMETRIC_REPRESENTATION_CONTEXT(2) 
PARAMETRIC_REPRESENTATION_CONTEXT() REPRESENTATION_CONTEXT('2D SPACE',''
  ) );
#498 = ADVANCED_FACE('',(#499),#415,.F.);
#499 = FACE_BOUND('',#500,.F.);
#500 = EDGE_LOOP('',(#501,#527,#528,#554));
#501 = ORIENTED_EDGE('',*,*,#502,.F.);
#502 = EDGE_CURVE('',#401,#503,#505,.T.);
#503 = VERTEX_POINT('',#504);
#504 = CARTESIAN_POINT('',(-1.61392282085E+03,-8.0440064E+03,
    -4.3422824E+03));
#505 = SURFACE_CURVE('',#506,(#511,#519),.PCURVE_S1.);
#506 = B_SPLINE_CURVE_WITH_KNOTS('',3,(#507,#508,#509,#510),
  .UNSPECIFIED.,.F.,.F.,(4,4),(-6.4,0.),.PIECEWISE_BEZIER_KNOTS.);
#507 = CARTESIAN_POINT('',(-1.61392282085E+03,-8.0602624E+03,
    -4.3422824E+03));
#508 = CARTESIAN_POINT('',(-1.61392282085E+03,-8.054843733333E+03,
    -4.3422824E+03));
#509 = CARTESIAN_POINT('',(-1.61392282085E+03,-8.049425066667E+03,
    -4.3422824E+03));
#510 = CARTESIAN_POINT('',(-1.61392282085E+03,-8.0440064E+03,
    -4.3422824E+03));
#511 = PCURVE('',#415,#512);
#512 = DEFINITIONAL_REPRESENTATION('',(#513),#518);
#513 = B_SPLINE_CURVE_WITH_KNOTS('',3,(#514,#515,#516,#517),
  .UNSPECIFIED.,.F.,.F.,(4,4),(-6.4,0.),.PIECEWISE_BEZIER_KNOTS.);
#514 = CARTESIAN_POINT('',(2.540000000045E-02,2.539999999954E-02));
#515 = CARTESIAN_POINT('',(2.540000000045E-02,5.444066667));
#516 = CARTESIAN_POINT('',(2.540000000045E-02,10.862733332999));
#517 = CARTESIAN_POINT('',(2.540000000045E-02,16.281399999999));
#518 = ( GEOMETRIC_REPRESENTATION_CONTEXT(2) 
PARAMETRIC_REPRESENTATION_CONTEXT() REPRESENTATION_CONTEXT('2D SPACE',''
  ) );
#519 = PCURVE('',#384,#520);
#520 = DEFINITIONAL_REPRESENTATION('',(#521),#526);
#521 = B_SPLINE_CURVE_WITH_KNOTS('',3,(#522,#523,#524,#525),
  .UNSPECIFIED.,.F.,.F.,(4,4),(-6.4,0.),.PIECEWISE_BEZIER_KNOTS.);
#522 = CARTESIAN_POINT('',(16.281399999999,3.6278710417E+03));
#523 = CARTESIAN_POINT('',(10.862733332999,3.6278710417E+03));
#524 = CARTESIAN_POINT('',(5.444066667,3.6278710417E+03));
#525 = CARTESIAN_POINT('',(2.539999999954E-02,3.6278710417E+03));
#526 = ( GEOMETRIC_REPRESENTATION_CONTEXT(2) 
PARAMETRIC_REPRESENTATION_CONTEXT() REPRESENTATION_CONTEXT('2D SPACE',''
  ) );
#527 = ORIENTED_EDGE('',*,*,#398,.F.);
#528 = ORIENTED_EDGE('',*,*,#529,.T.);
#529 = EDGE_CURVE('',#399,#530,#532,.T.);
#530 = VERTEX_POINT('',#531);
#531 = CARTESIAN_POINT('',(-1.61392282085E+03,-8.0440064E+03,322.4276));
#532 = SURFACE_CURVE('',#533,(#538,#546),.PCURVE_S1.);
#533 = B_SPLINE_CURVE_WITH_KNOTS('',3,(#534,#535,#536,#537),
  .UNSPECIFIED.,.F.,.F.,(4,4),(-6.4,0.),.PIECEWISE_BEZIER_KNOTS.);
#534 = CARTESIAN_POINT('',(-1.61392282085E+03,-8.0602624E+03,322.4276));
#535 = CARTESIAN_POINT('',(-1.61392282085E+03,-8.054843733333E+03,
    322.4276));
#536 = CARTESIAN_POINT('',(-1.61392282085E+03,-8.049425066667E+03,
    322.4276));
#537 = CARTESIAN_POINT('',(-1.61392282085E+03,-8.0440064E+03,322.4276));
#538 = PCURVE('',#415,#539);
#539 = DEFINITIONAL_REPRESENTATION('',(#540),#545);
#540 = B_SPLINE_CURVE_WITH_KNOTS('',3,(#541,#542,#543,#544),
  .UNSPECIFIED.,.F.,.F.,(4,4),(-6.4,0.),.PIECEWISE_BEZIER_KNOTS.);
#541 = CARTESIAN_POINT('',(4.6647354E+03,2.539999999954E-02));
#542 = CARTESIAN_POINT('',(4.6647354E+03,5.444066667));
#543 = CARTESIAN_POINT('',(4.6647354E+03,10.862733332999));
#544 = CARTESIAN_POINT('',(4.6647354E+03,16.281399999999));
#545 = ( GEOMETRIC_REPRESENTATION_CONTEXT(2) 
PARAMETRIC_REPRESENTATION_CONTEXT() REPRESENTATION_CONTEXT('2D SPACE',''
  ) );
#546 = PCURVE('',#326,#547);
#547 = DEFINITIONAL_REPRESENTATION('',(#548),#553);
#548 = B_SPLINE_CURVE_WITH_KNOTS('',3,(#549,#550,#551,#552),
  .UNSPECIFIED.,.F.,.F.,(4,4),(-6.4,0.),.PIECEWISE_BEZIER_KNOTS.);
#549 = CARTESIAN_POINT('',(2.539999999954E-02,3.6278710417E+03));
#550 = CARTESIAN_POINT('',(5.444066667,3.6278710417E+03));
#551 = CARTESIAN_POINT('',(10.862733332999,3.6278710417E+03));
#552 = CARTESIAN_POINT('',(16.281399999999,3.6278710417E+03));
#553 = ( GEOMETRIC_REPRESENTATION_CONTEXT(2) 
PARAMETRIC_REPRESENTATION_CONTEXT() REPRESENTATION_CONTEXT('2D SPACE',''
  ) );
#554 = ORIENTED_EDGE('',*,*,#555,.T.);
#555 = EDGE_CURVE('',#530,#503,#556,.T.);
#556 = SURFACE_CURVE('',#557,(#562,#570),.PCURVE_S1.);
#557 = B_SPLINE_CURVE_WITH_KNOTS('',3,(#558,#559,#560,#561),
  .UNSPECIFIED.,.F.,.F.,(4,4),(0.,1.8365E+03),.PIECEWISE_BEZIER_KNOTS.);
#558 = CARTESIAN_POINT('',(-1.61392282085E+03,-8.0440064E+03,322.4276));
#559 = CARTESIAN_POINT('',(-1.61392282085E+03,-8.0440064E+03,
    -1.232475733333E+03));
#560 = CARTESIAN_POINT('',(-1.61392282085E+03,-8.0440064E+03,
    -2.787379066667E+03));
#561 = CARTESIAN_POINT('',(-1.61392282085E+03,-8.0440064E+03,
    -4.3422824E+03));
#562 = PCURVE('',#415,#563);
#563 = DEFINITIONAL_REPRESENTATION('',(#564),#569);
#564 = B_SPLINE_CURVE_WITH_KNOTS('',3,(#565,#566,#567,#568),
  .UNSPECIFIED.,.F.,.F.,(4,4),(0.,1.8365E+03),.PIECEWISE_BEZIER_KNOTS.);
#565 = CARTESIAN_POINT('',(4.6647354E+03,16.281399999999));
#566 = CARTESIAN_POINT('',(3.109832066667E+03,16.281399999999));
#567 = CARTESIAN_POINT('',(1.554928733333E+03,16.281399999999));
#568 = CARTESIAN_POINT('',(2.540000000045E-02,16.281399999999));
#569 = ( GEOMETRIC_REPRESENTATION_CONTEXT(2) 
PARAMETRIC_REPRESENTATION_CONTEXT() REPRESENTATION_CONTEXT('2D SPACE',''
  ) );
#570 = PCURVE('',#571,#576);
#571 = PLANE('',#572);
#572 = AXIS2_PLACEMENT_3D('',#573,#574,#575);
#573 = CARTESIAN_POINT('',(2.01394822085E+03,-8.0440064E+03,322.453));
#574 = DIRECTION('',(-2.22044604925E-16,1.,0.));
#575 = DIRECTION('',(0.,0.,-1.));
#576 = DEFINITIONAL_REPRESENTATION('',(#577),#582);
#577 = B_SPLINE_CURVE_WITH_KNOTS('',3,(#578,#579,#580,#581),
  .UNSPECIFIED.,.F.,.F.,(4,4),(0.,1.8365E+03),.PIECEWISE_BEZIER_KNOTS.);
#578 = CARTESIAN_POINT('',(2.539999999999E-02,3.6278710417E+03));
#579 = CARTESIAN_POINT('',(1.554928733333E+03,3.6278710417E+03));
#580 = CARTESIAN_POINT('',(3.109832066667E+03,3.6278710417E+03));
#581 = CARTESIAN_POINT('',(4.6647354E+03,3.6278710417E+03));
#582 = ( GEOMETRIC_REPRESENTATION_CONTEXT(2) 
PARAMETRIC_REPRESENTATION_CONTEXT() REPRESENTATION_CONTEXT('2D SPACE',''
  ) );
#583 = ADVANCED_FACE('',(#584),#571,.F.);
#584 = FACE_BOUND('',#585,.F.);
#585 = EDGE_LOOP('',(#586,#587,#613,#639));
#586 = ORIENTED_EDGE('',*,*,#555,.F.);
#587 = ORIENTED_EDGE('',*,*,#588,.T.);
#588 = EDGE_CURVE('',#530,#589,#591,.T.);
#589 = VERTEX_POINT('',#590);
#590 = CARTESIAN_POINT('',(2.01392282085E+03,-8.0440064E+03,322.4276));
#591 = SURFACE_CURVE('',#592,(#597,#605),.PCURVE_S1.);
#592 = B_SPLINE_CURVE_WITH_KNOTS('',3,(#593,#594,#595,#596),
  .UNSPECIFIED.,.F.,.F.,(4,4),(-1.428285685709E+03,0.),
  .PIECEWISE_BEZIER_KNOTS.);
#593 = CARTESIAN_POINT('',(-1.61392282085E+03,-8.0440064E+03,322.4276));
#594 = CARTESIAN_POINT('',(-404.640940283,-8.0440064E+03,322.4276));
#595 = CARTESIAN_POINT('',(804.640940283,-8.0440064E+03,322.4276));
#596 = CARTESIAN_POINT('',(2.01392282085E+03,-8.0440064E+03,322.4276));
#597 = PCURVE('',#571,#598);
#598 = DEFINITIONAL_REPRESENTATION('',(#599),#604);
#599 = B_SPLINE_CURVE_WITH_KNOTS('',3,(#600,#601,#602,#603),
  .UNSPECIFIED.,.F.,.F.,(4,4),(-1.428285685709E+03,0.),
  .PIECEWISE_BEZIER_KNOTS.);
#600 = CARTESIAN_POINT('',(2.539999999999E-02,3.6278710417E+03));
#601 = CARTESIAN_POINT('',(2.539999999999E-02,2.418589161133E+03));
#602 = CARTESIAN_POINT('',(2.539999999999E-02,1.209307280567E+03));
#603 = CARTESIAN_POINT('',(2.539999999999E-02,2.540000000022E-02));
#604 = ( GEOMETRIC_REPRESENTATION_CONTEXT(2) 
PARAMETRIC_REPRESENTATION_CONTEXT() REPRESENTATION_CONTEXT('2D SPACE',''
  ) );
#605 = PCURVE('',#326,#606);
#606 = DEFINITIONAL_REPRESENTATION('',(#607),#612);
#607 = B_SPLINE_CURVE_WITH_KNOTS('',3,(#608,#609,#610,#611),
  .UNSPECIFIED.,.F.,.F.,(4,4),(-1.428285685709E+03,0.),
  .PIECEWISE_BEZIER_KNOTS.);
#608 = CARTESIAN_POINT('',(16.281399999999,3.6278710417E+03));
#609 = CARTESIAN_POINT('',(16.281399999999,2.418589161133E+03));
#610 = CARTESIAN_POINT('',(16.281399999999,1.209307280567E+03));
#611 = CARTESIAN_POINT('',(16.281399999999,2.540000000022E-02));
#612 = ( GEOMETRIC_REPRESENTATION_CONTEXT(2) 
PARAMETRIC_REPRESENTATION_CONTEXT() REPRESENTATION_CONTEXT('2D SPACE',''
  ) );
#613 = ORIENTED_EDGE('',*,*,#614,.T.);
#614 = EDGE_CURVE('',#589,#615,#617,.T.);
#615 = VERTEX_POINT('',#616);
#616 = CARTESIAN_POINT('',(2.01392282085E+03,-8.0440064E+03,
    -4.3422824E+03));
#617 = SURFACE_CURVE('',#618,(#623,#631),.PCURVE_S1.);
#618 = B_SPLINE_CURVE_WITH_KNOTS('',3,(#619,#620,#621,#622),
  .UNSPECIFIED.,.F.,.F.,(4,4),(0.,1.8365E+03),.PIECEWISE_BEZIER_KNOTS.);
#619 = CARTESIAN_POINT('',(2.01392282085E+03,-8.0440064E+03,322.4276));
#620 = CARTESIAN_POINT('',(2.01392282085E+03,-8.0440064E+03,
    -1.232475733333E+03));
#621 = CARTESIAN_POINT('',(2.01392282085E+03,-8.0440064E+03,
    -2.787379066667E+03));
#622 = CARTESIAN_POINT('',(2.01392282085E+03,-8.0440064E+03,
    -4.3422824E+03));
#623 = PCURVE('',#571,#624);
#624 = DEFINITIONAL_REPRESENTATION('',(#625),#630);
#625 = B_SPLINE_CURVE_WITH_KNOTS('',3,(#626,#627,#628,#629),
  .UNSPECIFIED.,.F.,.F.,(4,4),(0.,1.8365E+03),.PIECEWISE_BEZIER_KNOTS.);
#626 = CARTESIAN_POINT('',(2.539999999999E-02,2.540000000022E-02));
#627 = CARTESIAN_POINT('',(1.554928733333E+03,2.540000000022E-02));
#628 = CARTESIAN_POINT('',(3.109832066667E+03,2.540000000022E-02));
#629 = CARTESIAN_POINT('',(4.6647354E+03,2.540000000022E-02));
#630 = ( GEOMETRIC_REPRESENTATION_CONTEXT(2) 
PARAMETRIC_REPRESENTATION_CONTEXT() REPRESENTATION_CONTEXT('2D SPACE',''
  ) );
#631 = PCURVE('',#357,#632);
#632 = DEFINITIONAL_REPRESENTATION('',(#633),#638);
#633 = B_SPLINE_CURVE_WITH_KNOTS('',3,(#634,#635,#636,#637),
  .UNSPECIFIED.,.F.,.F.,(4,4),(0.,1.8365E+03),.PIECEWISE_BEZIER_KNOTS.);
#634 = CARTESIAN_POINT('',(2.539999999999E-02,16.281399999999));
#635 = CARTESIAN_POINT('',(1.554928733333E+03,16.281399999999));
#636 = CARTESIAN_POINT('',(3.109832066667E+03,16.281399999999));
#637 = CARTESIAN_POINT('',(4.6647354E+03,16.281399999999));
#638 = ( GEOMETRIC_REPRESENTATION_CONTEXT(2) 
PARAMETRIC_REPRESENTATION_CONTEXT() REPRESENTATION_CONTEXT('2D SPACE',''
  ) );
#639 = ORIENTED_EDGE('',*,*,#640,.F.);
#640 = EDGE_CURVE('',#503,#615,#641,.T.);
#641 = SURFACE_CURVE('',#642,(#647,#655),.PCURVE_S1.);
#642 = B_SPLINE_CURVE_WITH_KNOTS('',3,(#643,#644,#645,#646),
  .UNSPECIFIED.,.F.,.F.,(4,4),(-1.428285685709E+03,0.),
  .PIECEWISE_BEZIER_KNOTS.);
#643 = CARTESIAN_POINT('',(-1.61392282085E+03,-8.0440064E+03,
    -4.3422824E+03));
#644 = CARTESIAN_POINT('',(-404.640940283,-8.0440064E+03,-4.3422824E+03)
  );
#645 = CARTESIAN_POINT('',(804.640940283,-8.0440064E+03,-4.3422824E+03)
  );
#646 = CARTESIAN_POINT('',(2.01392282085E+03,-8.0440064E+03,
    -4.3422824E+03));
#647 = PCURVE('',#571,#648);
#648 = DEFINITIONAL_REPRESENTATION('',(#649),#654);
#649 = B_SPLINE_CURVE_WITH_KNOTS('',3,(#650,#651,#652,#653),
  .UNSPECIFIED.,.F.,.F.,(4,4),(-1.428285685709E+03,0.),
  .PIECEWISE_BEZIER_KNOTS.);
#650 = CARTESIAN_POINT('',(4.6647354E+03,3.6278710417E+03));
#651 = CARTESIAN_POINT('',(4.6647354E+03,2.418589161133E+03));
#652 = CARTESIAN_POINT('',(4.6647354E+03,1.209307280567E+03));
#653 = CARTESIAN_POINT('',(4.6647354E+03,2.540000000022E-02));
#654 = ( GEOMETRIC_REPRESENTATION_CONTEXT(2) 
PARAMETRIC_REPRESENTATION_CONTEXT() REPRESENTATION_CONTEXT('2D SPACE',''
  ) );
#655 = PCURVE('',#384,#656);
#656 = DEFINITIONAL_REPRESENTATION('',(#657),#662);
#657 = B_SPLINE_CURVE_WITH_KNOTS('',3,(#658,#659,#660,#661),
  .UNSPECIFIED.,.F.,.F.,(4,4),(-1.428285685709E+03,0.),
  .PIECEWISE_BEZIER_KNOTS.);
#658 = CARTESIAN_POINT('',(2.539999999954E-02,3.6278710417E+03));
#659 = CARTESIAN_POINT('',(2.539999999954E-02,2.418589161133E+03));
#660 = CARTESIAN_POINT('',(2.539999999954E-02,1.209307280567E+03));
#661 = CARTESIAN_POINT('',(2.539999999954E-02,2.540000000022E-02));
#662 = ( GEOMETRIC_REPRESENTATION_CONTEXT(2) 
PARAMETRIC_REPRESENTATION_CONTEXT() REPRESENTATION_CONTEXT('2D SPACE',''
  ) );
#663 = ADVANCED_FACE('',(#664),#357,.F.);
#664 = FACE_BOUND('',#665,.F.);
#665 = EDGE_LOOP('',(#666,#690,#691,#715));
#666 = ORIENTED_EDGE('',*,*,#667,.T.);
#667 = EDGE_CURVE('',#589,#310,#668,.T.);
#668 = SURFACE_CURVE('',#669,(#674,#682),.PCURVE_S1.);
#669 = B_SPLINE_CURVE_WITH_KNOTS('',3,(#670,#671,#672,#673),
  .UNSPECIFIED.,.F.,.F.,(4,4),(0.,6.4),.PIECEWISE_BEZIER_KNOTS.);
#670 = CARTESIAN_POINT('',(2.01392282085E+03,-8.0440064E+03,322.4276));
#671 = CARTESIAN_POINT('',(2.01392282085E+03,-8.049425066667E+03,
    322.4276));
#672 = CARTESIAN_POINT('',(2.01392282085E+03,-8.054843733333E+03,
    322.4276));
#673 = CARTESIAN_POINT('',(2.01392282085E+03,-8.0602624E+03,322.4276));
#674 = PCURVE('',#357,#675);
#675 = DEFINITIONAL_REPRESENTATION('',(#676),#681);
#676 = B_SPLINE_CURVE_WITH_KNOTS('',3,(#677,#678,#679,#680),
  .UNSPECIFIED.,.F.,.F.,(4,4),(0.,6.4),.PIECEWISE_BEZIER_KNOTS.);
#677 = CARTESIAN_POINT('',(2.539999999999E-02,16.281399999999));
#678 = CARTESIAN_POINT('',(2.539999999999E-02,10.862733332999));
#679 = CARTESIAN_POINT('',(2.539999999999E-02,5.444066667));
#680 = CARTESIAN_POINT('',(2.539999999999E-02,2.539999999954E-02));
#681 = ( GEOMETRIC_REPRESENTATION_CONTEXT(2) 
PARAMETRIC_REPRESENTATION_CONTEXT() REPRESENTATION_CONTEXT('2D SPACE',''
  ) );
#682 = PCURVE('',#326,#683);
#683 = DEFINITIONAL_REPRESENTATION('',(#684),#689);
#684 = B_SPLINE_CURVE_WITH_KNOTS('',3,(#685,#686,#687,#688),
  .UNSPECIFIED.,.F.,.F.,(4,4),(0.,6.4),.PIECEWISE_BEZIER_KNOTS.);
#685 = CARTESIAN_POINT('',(16.281399999999,2.540000000022E-02));
#686 = CARTESIAN_POINT('',(10.862733332999,2.540000000022E-02));
#687 = CARTESIAN_POINT('',(5.444066667,2.540000000022E-02));
#688 = CARTESIAN_POINT('',(2.539999999954E-02,2.540000000022E-02));
#689 = ( GEOMETRIC_REPRESENTATION_CONTEXT(2) 
PARAMETRIC_REPRESENTATION_CONTEXT() REPRESENTATION_CONTEXT('2D SPACE',''
  ) );
#690 = ORIENTED_EDGE('',*,*,#342,.T.);
#691 = ORIENTED_EDGE('',*,*,#692,.F.);
#692 = EDGE_CURVE('',#615,#343,#693,.T.);
#693 = SURFACE_CURVE('',#694,(#699,#707),.PCURVE_S1.);
#694 = B_SPLINE_CURVE_WITH_KNOTS('',3,(#695,#696,#697,#698),
  .UNSPECIFIED.,.F.,.F.,(4,4),(0.,6.4),.PIECEWISE_BEZIER_KNOTS.);
#695 = CARTESIAN_POINT('',(2.01392282085E+03,-8.0440064E+03,
    -4.3422824E+03));
#696 = CARTESIAN_POINT('',(2.01392282085E+03,-8.049425066667E+03,
    -4.3422824E+03));
#697 = CARTESIAN_POINT('',(2.01392282085E+03,-8.054843733333E+03,
    -4.3422824E+03));
#698 = CARTESIAN_POINT('',(2.01392282085E+03,-8.0602624E+03,
    -4.3422824E+03));
#699 = PCURVE('',#357,#700);
#700 = DEFINITIONAL_REPRESENTATION('',(#701),#706);
#701 = B_SPLINE_CURVE_WITH_KNOTS('',3,(#702,#703,#704,#705),
  .UNSPECIFIED.,.F.,.F.,(4,4),(0.,6.4),.PIECEWISE_BEZIER_KNOTS.);
#702 = CARTESIAN_POINT('',(4.6647354E+03,16.281399999999));
#703 = CARTESIAN_POINT('',(4.6647354E+03,10.862733332999));
#704 = CARTESIAN_POINT('',(4.6647354E+03,5.444066667));
#705 = CARTESIAN_POINT('',(4.6647354E+03,2.539999999954E-02));
#706 = ( GEOMETRIC_REPRESENTATION_CONTEXT(2) 
PARAMETRIC_REPRESENTATION_CONTEXT() REPRESENTATION_CONTEXT('2D SPACE',''
  ) );
#707 = PCURVE('',#384,#708);
#708 = DEFINITIONAL_REPRESENTATION('',(#709),#714);
#709 = B_SPLINE_CURVE_WITH_KNOTS('',3,(#710,#711,#712,#713),
  .UNSPECIFIED.,.F.,.F.,(4,4),(0.,6.4),.PIECEWISE_BEZIER_KNOTS.);
#710 = CARTESIAN_POINT('',(2.539999999954E-02,2.540000000022E-02));
#711 = CARTESIAN_POINT('',(5.444066667,2.540000000022E-02));
#712 = CARTESIAN_POINT('',(10.862733332999,2.540000000022E-02));
#713 = CARTESIAN_POINT('',(16.281399999999,2.540000000022E-02));
#714 = ( GEOMETRIC_REPRESENTATION_CONTEXT(2) 
PARAMETRIC_REPRESENTATION_CONTEXT() REPRESENTATION_CONTEXT('2D SPACE',''
  ) );
#715 = ORIENTED_EDGE('',*,*,#614,.F.);
#716 = ADVANCED_FACE('',(#717),#384,.F.);
#717 = FACE_BOUND('',#718,.F.);
#718 = EDGE_LOOP('',(#719,#720,#744,#745,#746,#747));
#719 = ORIENTED_EDGE('',*,*,#369,.T.);
#720 = ORIENTED_EDGE('',*,*,#721,.T.);
#721 = EDGE_CURVE('',#283,#456,#722,.T.);
#722 = SURFACE_CURVE('',#723,(#728,#736),.PCURVE_S1.);
#723 = B_SPLINE_CURVE_WITH_KNOTS('',3,(#724,#725,#726,#727),
  .UNSPECIFIED.,.F.,.F.,(4,4),(0.,1.428285685709E+03),
  .PIECEWISE_BEZIER_KNOTS.);
#724 = CARTESIAN_POINT('',(2.01392282085E+03,-8.0602624E+03,
    -4.3422824E+03));
#725 = CARTESIAN_POINT('',(804.640940283,-8.0602624E+03,-4.3422824E+03)
  );
#726 = CARTESIAN_POINT('',(-404.640940283,-8.0602624E+03,-4.3422824E+03)
  );
#727 = CARTESIAN_POINT('',(-1.61392282085E+03,-8.0602624E+03,
    -4.3422824E+03));
#728 = PCURVE('',#384,#729);
#729 = DEFINITIONAL_REPRESENTATION('',(#730),#735);
#730 = B_SPLINE_CURVE_WITH_KNOTS('',3,(#731,#732,#733,#734),
  .UNSPECIFIED.,.F.,.F.,(4,4),(0.,1.428285685709E+03),
  .PIECEWISE_BEZIER_KNOTS.);
#731 = CARTESIAN_POINT('',(16.281399999999,2.540000000022E-02));
#732 = CARTESIAN_POINT('',(16.281399999999,1.209307280567E+03));
#733 = CARTESIAN_POINT('',(16.281399999999,2.418589161133E+03));
#734 = CARTESIAN_POINT('',(16.281399999999,3.6278710417E+03));
#735 = ( GEOMETRIC_REPRESENTATION_CONTEXT(2) 
PARAMETRIC_REPRESENTATION_CONTEXT() REPRESENTATION_CONTEXT('2D SPACE',''
  ) );
#736 = PCURVE('',#297,#737);
#737 = DEFINITIONAL_REPRESENTATION('',(#738),#743);
#738 = B_SPLINE_CURVE_WITH_KNOTS('',3,(#739,#740,#741,#742),
  .UNSPECIFIED.,.F.,.F.,(4,4),(0.,1.428285685709E+03),
  .PIECEWISE_BEZIER_KNOTS.);
#739 = CARTESIAN_POINT('',(2.540000000045E-02,2.540000000022E-02));
#740 = CARTESIAN_POINT('',(2.540000000045E-02,1.209307280567E+03));
#741 = CARTESIAN_POINT('',(2.540000000045E-02,2.418589161133E+03));
#742 = CARTESIAN_POINT('',(2.540000000045E-02,3.6278710417E+03));
#743 = ( GEOMETRIC_REPRESENTATION_CONTEXT(2) 
PARAMETRIC_REPRESENTATION_CONTEXT() REPRESENTATION_CONTEXT('2D SPACE',''
  ) );
#744 = ORIENTED_EDGE('',*,*,#477,.T.);
#745 = ORIENTED_EDGE('',*,*,#502,.T.);
#746 = ORIENTED_EDGE('',*,*,#640,.T.);
#747 = ORIENTED_EDGE('',*,*,#692,.T.);
#748 = ADVANCED_FACE('',(#749),#326,.F.);
#749 = FACE_BOUND('',#750,.F.);
#750 = EDGE_LOOP('',(#751,#775,#776,#777,#778,#779));
#751 = ORIENTED_EDGE('',*,*,#752,.F.);
#752 = EDGE_CURVE('',#281,#428,#753,.T.);
#753 = SURFACE_CURVE('',#754,(#759,#767),.PCURVE_S1.);
#754 = B_SPLINE_CURVE_WITH_KNOTS('',3,(#755,#756,#757,#758),
  .UNSPECIFIED.,.F.,.F.,(4,4),(-1.428285685709E+03,0.),
  .PIECEWISE_BEZIER_KNOTS.);
#755 = CARTESIAN_POINT('',(2.01392282085E+03,-8.0602624E+03,322.4276));
#756 = CARTESIAN_POINT('',(804.640940283,-8.0602624E+03,322.4276));
#757 = CARTESIAN_POINT('',(-404.640940283,-8.0602624E+03,322.4276));
#758 = CARTESIAN_POINT('',(-1.61392282085E+03,-8.0602624E+03,322.4276));
#759 = PCURVE('',#326,#760);
#760 = DEFINITIONAL_REPRESENTATION('',(#761),#766);
#761 = B_SPLINE_CURVE_WITH_KNOTS('',3,(#762,#763,#764,#765),
  .UNSPECIFIED.,.F.,.F.,(4,4),(-1.428285685709E+03,0.),
  .PIECEWISE_BEZIER_KNOTS.);
#762 = CARTESIAN_POINT('',(2.539999999954E-02,2.540000000022E-02));
#763 = CARTESIAN_POINT('',(2.539999999954E-02,1.209307280567E+03));
#764 = CARTESIAN_POINT('',(2.539999999954E-02,2.418589161133E+03));
#765 = CARTESIAN_POINT('',(2.539999999954E-02,3.6278710417E+03));
#766 = ( GEOMETRIC_REPRESENTATION_CONTEXT(2) 
PARAMETRIC_REPRESENTATION_CONTEXT() REPRESENTATION_CONTEXT('2D SPACE',''
  ) );
#767 = PCURVE('',#297,#768);
#768 = DEFINITIONAL_REPRESENTATION('',(#769),#774);
#769 = B_SPLINE_CURVE_WITH_KNOTS('',3,(#770,#771,#772,#773),
  .UNSPECIFIED.,.F.,.F.,(4,4),(-1.428285685709E+03,0.),
  .PIECEWISE_BEZIER_KNOTS.);
#770 = CARTESIAN_POINT('',(4.6647354E+03,2.540000000022E-02));
#771 = CARTESIAN_POINT('',(4.6647354E+03,1.209307280567E+03));
#772 = CARTESIAN_POINT('',(4.6647354E+03,2.418589161133E+03));
#773 = CARTESIAN_POINT('',(4.6647354E+03,3.6278710417E+03));
#774 = ( GEOMETRIC_REPRESENTATION_CONTEXT(2) 
PARAMETRIC_REPRESENTATION_CONTEXT() REPRESENTATION_CONTEXT('2D SPACE',''
  ) );
#775 = ORIENTED_EDGE('',*,*,#309,.F.);
#776 = ORIENTED_EDGE('',*,*,#667,.F.);
#777 = ORIENTED_EDGE('',*,*,#588,.F.);
#778 = ORIENTED_EDGE('',*,*,#529,.F.);
#779 = ORIENTED_EDGE('',*,*,#427,.F.);
#780 = ADVANCED_FACE('',(#781),#297,.F.);
#781 = FACE_BOUND('',#782,.F.);
#782 = EDGE_LOOP('',(#783,#784,#785,#786));
#783 = ORIENTED_EDGE('',*,*,#280,.F.);
#784 = ORIENTED_EDGE('',*,*,#752,.T.);
#785 = ORIENTED_EDGE('',*,*,#455,.T.);
#786 = ORIENTED_EDGE('',*,*,#721,.F.);
#787 = ADVANCED_FACE('',(#788),#210,.F.);
#788 = FACE_BOUND('',#789,.F.);
#789 = EDGE_LOOP('',(#790,#813,#841,#862));
#790 = ORIENTED_EDGE('',*,*,#791,.F.);
#791 = EDGE_CURVE('',#792,#196,#794,.T.);
#792 = VERTEX_POINT('',#793);
#793 = CARTESIAN_POINT('',(-562.,-3.842E+03,-211.));
#794 = SURFACE_CURVE('',#795,(#799,#806),.PCURVE_S1.);
#795 = LINE('',#796,#797);
#796 = CARTESIAN_POINT('',(-562.,-3.842E+03,-211.));
#797 = VECTOR('',#798,1.);
#798 = DIRECTION('',(1.,0.,0.));
#799 = PCURVE('',#210,#800);
#800 = DEFINITIONAL_REPRESENTATION('',(#801),#805);
#801 = LINE('',#802,#803);
#802 = CARTESIAN_POINT('',(0.,0.));
#803 = VECTOR('',#804,1.);
#804 = DIRECTION('',(1.,0.));
#805 = ( GEOMETRIC_REPRESENTATION_CONTEXT(2) 
PARAMETRIC_REPRESENTATION_CONTEXT() REPRESENTATION_CONTEXT('2D SPACE',''
  ) );
#806 = PCURVE('',#238,#807);
#807 = DEFINITIONAL_REPRESENTATION('',(#808),#812);
#808 = LINE('',#809,#810);
#809 = CARTESIAN_POINT('',(-762.,-1.346E+03));
#810 = VECTOR('',#811,1.);
#811 = DIRECTION('',(1.,0.));
#812 = ( GEOMETRIC_REPRESENTATION_CONTEXT(2) 
PARAMETRIC_REPRESENTATION_CONTEXT() REPRESENTATION_CONTEXT('2D SPACE',''
  ) );
#813 = ORIENTED_EDGE('',*,*,#814,.T.);
#814 = EDGE_CURVE('',#792,#815,#817,.T.);
#815 = VERTEX_POINT('',#816);
#816 = CARTESIAN_POINT('',(-562.,-3.842E+03,1.084E+03));
#817 = SURFACE_CURVE('',#818,(#822,#829),.PCURVE_S1.);
#818 = LINE('',#819,#820);
#819 = CARTESIAN_POINT('',(-562.,-3.842E+03,-211.));
#820 = VECTOR('',#821,1.);
#821 = DIRECTION('',(0.,0.,1.));
#822 = PCURVE('',#210,#823);
#823 = DEFINITIONAL_REPRESENTATION('',(#824),#828);
#824 = LINE('',#825,#826);
#825 = CARTESIAN_POINT('',(0.,0.));
#826 = VECTOR('',#827,1.);
#827 = DIRECTION('',(0.,-1.));
#828 = ( GEOMETRIC_REPRESENTATION_CONTEXT(2) 
PARAMETRIC_REPRESENTATION_CONTEXT() REPRESENTATION_CONTEXT('2D SPACE',''
  ) );
#829 = PCURVE('',#830,#835);
#830 = PLANE('',#831);
#831 = AXIS2_PLACEMENT_3D('',#832,#833,#834);
#832 = CARTESIAN_POINT('',(-562.,-1.15E+03,-211.));
#833 = DIRECTION('',(1.,0.,0.));
#834 = DIRECTION('',(0.,-1.,0.));
#835 = DEFINITIONAL_REPRESENTATION('',(#836),#840);
#836 = LINE('',#837,#838);
#837 = CARTESIAN_POINT('',(2.692E+03,0.));
#838 = VECTOR('',#839,1.);
#839 = DIRECTION('',(0.,-1.));
#840 = ( GEOMETRIC_REPRESENTATION_CONTEXT(2) 
PARAMETRIC_REPRESENTATION_CONTEXT() REPRESENTATION_CONTEXT('2D SPACE',''
  ) );
#841 = ORIENTED_EDGE('',*,*,#842,.T.);
#842 = EDGE_CURVE('',#815,#161,#843,.T.);
#843 = SURFACE_CURVE('',#844,(#848,#855),.PCURVE_S1.);
#844 = LINE('',#845,#846);
#845 = CARTESIAN_POINT('',(-562.,-3.842E+03,1.084E+03));
#846 = VECTOR('',#847,1.);
#847 = DIRECTION('',(1.,0.,0.));
#848 = PCURVE('',#210,#849);
#849 = DEFINITIONAL_REPRESENTATION('',(#850),#854);
#850 = LINE('',#851,#852);
#851 = CARTESIAN_POINT('',(0.,-1.295E+03));
#852 = VECTOR('',#853,1.);
#853 = DIRECTION('',(1.,0.));
#854 = ( GEOMETRIC_REPRESENTATION_CONTEXT(2) 
PARAMETRIC_REPRESENTATION_CONTEXT() REPRESENTATION_CONTEXT('2D SPACE',''
  ) );
#855 = PCURVE('',#179,#856);
#856 = DEFINITIONAL_REPRESENTATION('',(#857),#861);
#857 = LINE('',#858,#859);
#858 = CARTESIAN_POINT('',(-762.,-1.346E+03));
#859 = VECTOR('',#860,1.);
#860 = DIRECTION('',(1.,0.));
#861 = ( GEOMETRIC_REPRESENTATION_CONTEXT(2) 
PARAMETRIC_REPRESENTATION_CONTEXT() REPRESENTATION_CONTEXT('2D SPACE',''
  ) );
#862 = ORIENTED_EDGE('',*,*,#195,.T.);
#863 = ADVANCED_FACE('',(#864),#830,.F.);
#864 = FACE_BOUND('',#865,.F.);
#865 = EDGE_LOOP('',(#866,#896,#917,#918));
#866 = ORIENTED_EDGE('',*,*,#867,.T.);
#867 = EDGE_CURVE('',#868,#870,#872,.T.);
#868 = VERTEX_POINT('',#869);
#869 = CARTESIAN_POINT('',(-562.,-1.15E+03,-211.));
#870 = VERTEX_POINT('',#871);
#871 = CARTESIAN_POINT('',(-562.,-1.15E+03,1.084E+03));
#872 = SURFACE_CURVE('',#873,(#877,#884),.PCURVE_S1.);
#873 = LINE('',#874,#875);
#874 = CARTESIAN_POINT('',(-562.,-1.15E+03,-211.));
#875 = VECTOR('',#876,1.);
#876 = DIRECTION('',(0.,0.,1.));
#877 = PCURVE('',#830,#878);
#878 = DEFINITIONAL_REPRESENTATION('',(#879),#883);
#879 = LINE('',#880,#881);
#880 = CARTESIAN_POINT('',(0.,0.));
#881 = VECTOR('',#882,1.);
#882 = DIRECTION('',(0.,-1.));
#883 = ( GEOMETRIC_REPRESENTATION_CONTEXT(2) 
PARAMETRIC_REPRESENTATION_CONTEXT() REPRESENTATION_CONTEXT('2D SPACE',''
  ) );
#884 = PCURVE('',#885,#890);
#885 = PLANE('',#886);
#886 = AXIS2_PLACEMENT_3D('',#887,#888,#889);
#887 = CARTESIAN_POINT('',(962.,-1.15E+03,-211.));
#888 = DIRECTION('',(0.,-1.,0.));
#889 = DIRECTION('',(-1.,0.,0.));
#890 = DEFINITIONAL_REPRESENTATION('',(#891),#895);
#891 = LINE('',#892,#893);
#892 = CARTESIAN_POINT('',(1.524E+03,0.));
#893 = VECTOR('',#894,1.);
#894 = DIRECTION('',(0.,-1.));
#895 = ( GEOMETRIC_REPRESENTATION_CONTEXT(2) 
PARAMETRIC_REPRESENTATION_CONTEXT() REPRESENTATION_CONTEXT('2D SPACE',''
  ) );
#896 = ORIENTED_EDGE('',*,*,#897,.T.);
#897 = EDGE_CURVE('',#870,#815,#898,.T.);
#898 = SURFACE_CURVE('',#899,(#903,#910),.PCURVE_S1.);
#899 = LINE('',#900,#901);
#900 = CARTESIAN_POINT('',(-562.,-1.15E+03,1.084E+03));
#901 = VECTOR('',#902,1.);
#902 = DIRECTION('',(0.,-1.,0.));
#903 = PCURVE('',#830,#904);
#904 = DEFINITIONAL_REPRESENTATION('',(#905),#909);
#905 = LINE('',#906,#907);
#906 = CARTESIAN_POINT('',(0.,-1.295E+03));
#907 = VECTOR('',#908,1.);
#908 = DIRECTION('',(1.,0.));
#909 = ( GEOMETRIC_REPRESENTATION_CONTEXT(2) 
PARAMETRIC_REPRESENTATION_CONTEXT() REPRESENTATION_CONTEXT('2D SPACE',''
  ) );
#910 = PCURVE('',#179,#911);
#911 = DEFINITIONAL_REPRESENTATION('',(#912),#916);
#912 = LINE('',#913,#914);
#913 = CARTESIAN_POINT('',(-762.,1.346E+03));
#914 = VECTOR('',#915,1.);
#915 = DIRECTION('',(0.,-1.));
#916 = ( GEOMETRIC_REPRESENTATION_CONTEXT(2) 
PARAMETRIC_REPRESENTATION_CONTEXT() REPRESENTATION_CONTEXT('2D SPACE',''
  ) );
#917 = ORIENTED_EDGE('',*,*,#814,.F.);
#918 = ORIENTED_EDGE('',*,*,#919,.F.);
#919 = EDGE_CURVE('',#868,#792,#920,.T.);
#920 = SURFACE_CURVE('',#921,(#925,#932),.PCURVE_S1.);
#921 = LINE('',#922,#923);
#922 = CARTESIAN_POINT('',(-562.,-1.15E+03,-211.));
#923 = VECTOR('',#924,1.);
#924 = DIRECTION('',(0.,-1.,0.));
#925 = PCURVE('',#830,#926);
#926 = DEFINITIONAL_REPRESENTATION('',(#927),#931);
#927 = LINE('',#928,#929);
#928 = CARTESIAN_POINT('',(0.,0.));
#929 = VECTOR('',#930,1.);
#930 = DIRECTION('',(1.,0.));
#931 = ( GEOMETRIC_REPRESENTATION_CONTEXT(2) 
PARAMETRIC_REPRESENTATION_CONTEXT() REPRESENTATION_CONTEXT('2D SPACE',''
  ) );
#932 = PCURVE('',#238,#933);
#933 = DEFINITIONAL_REPRESENTATION('',(#934),#938);
#934 = LINE('',#935,#936);
#935 = CARTESIAN_POINT('',(-762.,1.346E+03));
#936 = VECTOR('',#937,1.);
#937 = DIRECTION('',(0.,-1.));
#938 = ( GEOMETRIC_REPRESENTATION_CONTEXT(2) 
PARAMETRIC_REPRESENTATION_CONTEXT() REPRESENTATION_CONTEXT('2D SPACE',''
  ) );
#939 = ADVANCED_FACE('',(#940),#885,.F.);
#940 = FACE_BOUND('',#941,.F.);
#941 = EDGE_LOOP('',(#942,#965,#991,#1012));
#942 = ORIENTED_EDGE('',*,*,#943,.F.);
#943 = EDGE_CURVE('',#944,#868,#946,.T.);
#944 = VERTEX_POINT('',#945);
#945 = CARTESIAN_POINT('',(-526.7434210228,-1.15E+03,-211.));
#946 = SURFACE_CURVE('',#947,(#951,#958),.PCURVE_S1.);
#947 = LINE('',#948,#949);
#948 = CARTESIAN_POINT('',(962.,-1.15E+03,-211.));
#949 = VECTOR('',#950,1.);
#950 = DIRECTION('',(-1.,0.,0.));
#951 = PCURVE('',#885,#952);
#952 = DEFINITIONAL_REPRESENTATION('',(#953),#957);
#953 = LINE('',#954,#955);
#954 = CARTESIAN_POINT('',(0.,-0.));
#955 = VECTOR('',#956,1.);
#956 = DIRECTION('',(1.,0.));
#957 = ( GEOMETRIC_REPRESENTATION_CONTEXT(2) 
PARAMETRIC_REPRESENTATION_CONTEXT() REPRESENTATION_CONTEXT('2D SPACE',''
  ) );
#958 = PCURVE('',#238,#959);
#959 = DEFINITIONAL_REPRESENTATION('',(#960),#964);
#960 = LINE('',#961,#962);
#961 = CARTESIAN_POINT('',(762.,1.346E+03));
#962 = VECTOR('',#963,1.);
#963 = DIRECTION('',(-1.,0.));
#964 = ( GEOMETRIC_REPRESENTATION_CONTEXT(2) 
PARAMETRIC_REPRESENTATION_CONTEXT() REPRESENTATION_CONTEXT('2D SPACE',''
  ) );
#965 = ORIENTED_EDGE('',*,*,#966,.F.);
#966 = EDGE_CURVE('',#967,#944,#969,.T.);
#967 = VERTEX_POINT('',#968);
#968 = CARTESIAN_POINT('',(-526.7434210228,-1.15E+03,1.084E+03));
#969 = SURFACE_CURVE('',#970,(#974,#980),.PCURVE_S1.);
#970 = LINE('',#971,#972);
#971 = CARTESIAN_POINT('',(-526.7434210228,-1.15E+03,-4.368E+03));
#972 = VECTOR('',#973,1.);
#973 = DIRECTION('',(-0.,-0.,-1.));
#974 = PCURVE('',#885,#975);
#975 = DEFINITIONAL_REPRESENTATION('',(#976),#979);
#976 = B_SPLINE_CURVE_WITH_KNOTS('',1,(#977,#978),.UNSPECIFIED.,.F.,.F.,
  (2,2),(-5.5815E+03,-4.0275E+03),.PIECEWISE_BEZIER_KNOTS.);
#977 = CARTESIAN_POINT('',(1.488743421023E+03,-1.4245E+03));
#978 = CARTESIAN_POINT('',(1.488743421023E+03,129.5));
#979 = ( GEOMETRIC_REPRESENTATION_CONTEXT(2) 
PARAMETRIC_REPRESENTATION_CONTEXT() REPRESENTATION_CONTEXT('2D SPACE',''
  ) );
#980 = PCURVE('',#981,#986);
#981 = CYLINDRICAL_SURFACE('',#982,1.016E+03);
#982 = AXIS2_PLACEMENT_3D('',#983,#984,#985);
#983 = CARTESIAN_POINT('',(200.,-440.,-4.368E+03));
#984 = DIRECTION('',(-0.,-0.,-1.));
#985 = DIRECTION('',(1.,0.,0.));
#986 = DEFINITIONAL_REPRESENTATION('',(#987),#990);
#987 = B_SPLINE_CURVE_WITH_KNOTS('',1,(#988,#989),.UNSPECIFIED.,.F.,.F.,
  (2,2),(-5.5815E+03,-4.0275E+03),.PIECEWISE_BEZIER_KNOTS.);
#988 = CARTESIAN_POINT('',(2.367847693449,-5.5815E+03));
#989 = CARTESIAN_POINT('',(2.367847693449,-4.0275E+03));
#990 = ( GEOMETRIC_REPRESENTATION_CONTEXT(2) 
PARAMETRIC_REPRESENTATION_CONTEXT() REPRESENTATION_CONTEXT('2D SPACE',''
  ) );
#991 = ORIENTED_EDGE('',*,*,#992,.T.);
#992 = EDGE_CURVE('',#967,#870,#993,.T.);
#993 = SURFACE_CURVE('',#994,(#998,#1005),.PCURVE_S1.);
#994 = LINE('',#995,#996);
#995 = CARTESIAN_POINT('',(962.,-1.15E+03,1.084E+03));
#996 = VECTOR('',#997,1.);
#997 = DIRECTION('',(-1.,0.,0.));
#998 = PCURVE('',#885,#999);
#999 = DEFINITIONAL_REPRESENTATION('',(#1000),#1004);
#1000 = LINE('',#1001,#1002);
#1001 = CARTESIAN_POINT('',(0.,-1.295E+03));
#1002 = VECTOR('',#1003,1.);
#1003 = DIRECTION('',(1.,0.));
#1004 = ( GEOMETRIC_REPRESENTATION_CONTEXT(2) 
PARAMETRIC_REPRESENTATION_CONTEXT() REPRESENTATION_CONTEXT('2D SPACE',''
  ) );
#1005 = PCURVE('',#179,#1006);
#1006 = DEFINITIONAL_REPRESENTATION('',(#1007),#1011);
#1007 = LINE('',#1008,#1009);
#1008 = CARTESIAN_POINT('',(762.,1.346E+03));
#1009 = VECTOR('',#1010,1.);
#1010 = DIRECTION('',(-1.,0.));
#1011 = ( GEOMETRIC_REPRESENTATION_CONTEXT(2) 
PARAMETRIC_REPRESENTATION_CONTEXT() REPRESENTATION_CONTEXT('2D SPACE',''
  ) );
#1012 = ORIENTED_EDGE('',*,*,#867,.F.);
#1013 = ADVANCED_FACE('',(#1014,#1096),#981,.T.);
#1014 = FACE_BOUND('',#1015,.T.);
#1015 = EDGE_LOOP('',(#1016,#1041,#1068,#1069));
#1016 = ORIENTED_EDGE('',*,*,#1017,.F.);
#1017 = EDGE_CURVE('',#1018,#1020,#1022,.T.);
#1018 = VERTEX_POINT('',#1019);
#1019 = CARTESIAN_POINT('',(1.216E+03,-440.,-4.368E+03));
#1020 = VERTEX_POINT('',#1021);
#1021 = CARTESIAN_POINT('',(1.216E+03,-440.,1.22E+03));
#1022 = SEAM_CURVE('',#1023,(#1027,#1034),.PCURVE_S1.);
#1023 = LINE('',#1024,#1025);
#1024 = CARTESIAN_POINT('',(1.216E+03,-440.,-4.368E+03));
#1025 = VECTOR('',#1026,1.);
#1026 = DIRECTION('',(0.,0.,1.));
#1027 = PCURVE('',#981,#1028);
#1028 = DEFINITIONAL_REPRESENTATION('',(#1029),#1033);
#1029 = LINE('',#1030,#1031);
#1030 = CARTESIAN_POINT('',(6.28318530718,0.));
#1031 = VECTOR('',#1032,1.);
#1032 = DIRECTION('',(-0.,-1.));
#1033 = ( GEOMETRIC_REPRESENTATION_CONTEXT(2) 
PARAMETRIC_REPRESENTATION_CONTEXT() REPRESENTATION_CONTEXT('2D SPACE',''
  ) );
#1034 = PCURVE('',#981,#1035);
#1035 = DEFINITIONAL_REPRESENTATION('',(#1036),#1040);
#1036 = LINE('',#1037,#1038);
#1037 = CARTESIAN_POINT('',(-4.138911435803E-13,0.));
#1038 = VECTOR('',#1039,1.);
#1039 = DIRECTION('',(-0.,-1.));
#1040 = ( GEOMETRIC_REPRESENTATION_CONTEXT(2) 
PARAMETRIC_REPRESENTATION_CONTEXT() REPRESENTATION_CONTEXT('2D SPACE',''
  ) );
#1041 = ORIENTED_EDGE('',*,*,#1042,.T.);
#1042 = EDGE_CURVE('',#1018,#1018,#1043,.T.);
#1043 = SURFACE_CURVE('',#1044,(#1049,#1056),.PCURVE_S1.);
#1044 = CIRCLE('',#1045,1.016E+03);
#1045 = AXIS2_PLACEMENT_3D('',#1046,#1047,#1048);
#1046 = CARTESIAN_POINT('',(200.,-440.,-4.368E+03));
#1047 = DIRECTION('',(0.,0.,1.));
#1048 = DIRECTION('',(1.,0.,0.));
#1049 = PCURVE('',#981,#1050);
#1050 = DEFINITIONAL_REPRESENTATION('',(#1051),#1055);
#1051 = LINE('',#1052,#1053);
#1052 = CARTESIAN_POINT('',(6.28318530718,0.));
#1053 = VECTOR('',#1054,1.);
#1054 = DIRECTION('',(-1.,0.));
#1055 = ( GEOMETRIC_REPRESENTATION_CONTEXT(2) 
PARAMETRIC_REPRESENTATION_CONTEXT() REPRESENTATION_CONTEXT('2D SPACE',''
  ) );
#1056 = PCURVE('',#1057,#1062);
#1057 = CONICAL_SURFACE('',#1058,258.,0.461545667798);
#1058 = AXIS2_PLACEMENT_3D('',#1059,#1060,#1061);
#1059 = CARTESIAN_POINT('',(200.,-440.,-5.892E+03));
#1060 = DIRECTION('',(0.,0.,1.));
#1061 = DIRECTION('',(1.,0.,0.));
#1062 = DEFINITIONAL_REPRESENTATION('',(#1063),#1067);
#1063 = LINE('',#1064,#1065);
#1064 = CARTESIAN_POINT('',(0.,1.524E+03));
#1065 = VECTOR('',#1066,1.);
#1066 = DIRECTION('',(1.,0.));
#1067 = ( GEOMETRIC_REPRESENTATION_CONTEXT(2) 
PARAMETRIC_REPRESENTATION_CONTEXT() REPRESENTATION_CONTEXT('2D SPACE',''
  ) );
#1068 = ORIENTED_EDGE('',*,*,#1017,.T.);
#1069 = ORIENTED_EDGE('',*,*,#1070,.F.);
#1070 = EDGE_CURVE('',#1020,#1020,#1071,.T.);
#1071 = SURFACE_CURVE('',#1072,(#1077,#1084),.PCURVE_S1.);
#1072 = CIRCLE('',#1073,1.016E+03);
#1073 = AXIS2_PLACEMENT_3D('',#1074,#1075,#1076);
#1074 = CARTESIAN_POINT('',(200.,-440.,1.22E+03));
#1075 = DIRECTION('',(0.,0.,1.));
#1076 = DIRECTION('',(1.,0.,0.));
#1077 = PCURVE('',#981,#1078);
#1078 = DEFINITIONAL_REPRESENTATION('',(#1079),#1083);
#1079 = LINE('',#1080,#1081);
#1080 = CARTESIAN_POINT('',(6.28318530718,-5.588E+03));
#1081 = VECTOR('',#1082,1.);
#1082 = DIRECTION('',(-1.,0.));
#1083 = ( GEOMETRIC_REPRESENTATION_CONTEXT(2) 
PARAMETRIC_REPRESENTATION_CONTEXT() REPRESENTATION_CONTEXT('2D SPACE',''
  ) );
#1084 = PCURVE('',#1085,#1090);
#1085 = PLANE('',#1086);
#1086 = AXIS2_PLACEMENT_3D('',#1087,#1088,#1089);
#1087 = CARTESIAN_POINT('',(200.,-440.,1.22E+03));
#1088 = DIRECTION('',(0.,0.,1.));
#1089 = DIRECTION('',(1.,0.,0.));
#1090 = DEFINITIONAL_REPRESENTATION('',(#1091),#1095);
#1091 = CIRCLE('',#1092,1.016E+03);
#1092 = AXIS2_PLACEMENT_2D('',#1093,#1094);
#1093 = CARTESIAN_POINT('',(0.,0.));
#1094 = DIRECTION('',(1.,0.));
#1095 = ( GEOMETRIC_REPRESENTATION_CONTEXT(2) 
PARAMETRIC_REPRESENTATION_CONTEXT() REPRESENTATION_CONTEXT('2D SPACE',''
  ) );
#1096 = FACE_BOUND('',#1097,.T.);
#1097 = EDGE_LOOP('',(#1098,#1126,#1152,#1178));
#1098 = ORIENTED_EDGE('',*,*,#1099,.F.);
#1099 = EDGE_CURVE('',#1100,#967,#1102,.T.);
#1100 = VERTEX_POINT('',#1101);
#1101 = CARTESIAN_POINT('',(926.74342102285,-1.15E+03,1.084E+03));
#1102 = SURFACE_CURVE('',#1103,(#1108,#1115),.PCURVE_S1.);
#1103 = CIRCLE('',#1104,1.016E+03);
#1104 = AXIS2_PLACEMENT_3D('',#1105,#1106,#1107);
#1105 = CARTESIAN_POINT('',(200.,-440.,1.084E+03));
#1106 = DIRECTION('',(0.,0.,-1.));
#1107 = DIRECTION('',(1.,0.,0.));
#1108 = PCURVE('',#981,#1109);
#1109 = DEFINITIONAL_REPRESENTATION('',(#1110),#1114);
#1110 = LINE('',#1111,#1112);
#1111 = CARTESIAN_POINT('',(0.,-5.452E+03));
#1112 = VECTOR('',#1113,1.);
#1113 = DIRECTION('',(1.,0.));
#1114 = ( GEOMETRIC_REPRESENTATION_CONTEXT(2) 
PARAMETRIC_REPRESENTATION_CONTEXT() REPRESENTATION_CONTEXT('2D SPACE',''
  ) );
#1115 = PCURVE('',#179,#1116);
#1116 = DEFINITIONAL_REPRESENTATION('',(#1117),#1125);
#1117 = ( BOUNDED_CURVE() B_SPLINE_CURVE(2,(#1118,#1119,#1120,#1121,
#1122,#1123,#1124),.UNSPECIFIED.,.T.,.F.) B_SPLINE_CURVE_WITH_KNOTS((1,2
    ,2,2,2,1),(-2.094395102393,0.,2.094395102393,4.188790204786,
6.28318530718,8.377580409573),.UNSPECIFIED.) CURVE() 
GEOMETRIC_REPRESENTATION_ITEM() RATIONAL_B_SPLINE_CURVE((1.,0.5,1.,0.5,
1.,0.5,1.)) REPRESENTATION_ITEM('') );
#1118 = CARTESIAN_POINT('',(1.016E+03,2.056E+03));
#1119 = CARTESIAN_POINT('',(1.016E+03,296.23637951002));
#1120 = CARTESIAN_POINT('',(-508.,1.176118189755E+03));
#1121 = CARTESIAN_POINT('',(-2.032E+03,2.056E+03));
#1122 = CARTESIAN_POINT('',(-508.,2.935881810245E+03));
#1123 = CARTESIAN_POINT('',(1.016E+03,3.81576362049E+03));
#1124 = CARTESIAN_POINT('',(1.016E+03,2.056E+03));
#1125 = ( GEOMETRIC_REPRESENTATION_CONTEXT(2) 
PARAMETRIC_REPRESENTATION_CONTEXT() REPRESENTATION_CONTEXT('2D SPACE',''
  ) );
#1126 = ORIENTED_EDGE('',*,*,#1127,.T.);
#1127 = EDGE_CURVE('',#1100,#1128,#1130,.T.);
#1128 = VERTEX_POINT('',#1129);
#1129 = CARTESIAN_POINT('',(926.74342102285,-1.15E+03,-211.));
#1130 = SURFACE_CURVE('',#1131,(#1135,#1141),.PCURVE_S1.);
#1131 = LINE('',#1132,#1133);
#1132 = CARTESIAN_POINT('',(926.74342102285,-1.15E+03,-4.368E+03));
#1133 = VECTOR('',#1134,1.);
#1134 = DIRECTION('',(-0.,-0.,-1.));
#1135 = PCURVE('',#981,#1136);
#1136 = DEFINITIONAL_REPRESENTATION('',(#1137),#1140);
#1137 = B_SPLINE_CURVE_WITH_KNOTS('',1,(#1138,#1139),.UNSPECIFIED.,.F.,
  .F.,(2,2),(-5.5815E+03,-4.0275E+03),.PIECEWISE_BEZIER_KNOTS.);
#1138 = CARTESIAN_POINT('',(0.773744960141,-5.5815E+03));
#1139 = CARTESIAN_POINT('',(0.773744960141,-4.0275E+03));
#1140 = ( GEOMETRIC_REPRESENTATION_CONTEXT(2) 
PARAMETRIC_REPRESENTATION_CONTEXT() REPRESENTATION_CONTEXT('2D SPACE',''
  ) );
#1141 = PCURVE('',#1142,#1147);
#1142 = PLANE('',#1143);
#1143 = AXIS2_PLACEMENT_3D('',#1144,#1145,#1146);
#1144 = CARTESIAN_POINT('',(962.,-1.15E+03,-211.));
#1145 = DIRECTION('',(0.,-1.,0.));
#1146 = DIRECTION('',(-1.,0.,0.));
#1147 = DEFINITIONAL_REPRESENTATION('',(#1148),#1151);
#1148 = B_SPLINE_CURVE_WITH_KNOTS('',1,(#1149,#1150),.UNSPECIFIED.,.F.,
  .F.,(2,2),(-5.5815E+03,-4.0275E+03),.PIECEWISE_BEZIER_KNOTS.);
#1149 = CARTESIAN_POINT('',(35.256578977147,-1.4245E+03));
#1150 = CARTESIAN_POINT('',(35.256578977147,129.5));
#1151 = ( GEOMETRIC_REPRESENTATION_CONTEXT(2) 
PARAMETRIC_REPRESENTATION_CONTEXT() REPRESENTATION_CONTEXT('2D SPACE',''
  ) );
#1152 = ORIENTED_EDGE('',*,*,#1153,.T.);
#1153 = EDGE_CURVE('',#1128,#944,#1154,.T.);
#1154 = SURFACE_CURVE('',#1155,(#1160,#1167),.PCURVE_S1.);
#1155 = CIRCLE('',#1156,1.016E+03);
#1156 = AXIS2_PLACEMENT_3D('',#1157,#1158,#1159);
#1157 = CARTESIAN_POINT('',(200.,-440.,-211.));
#1158 = DIRECTION('',(0.,0.,-1.));
#1159 = DIRECTION('',(1.,0.,0.));
#1160 = PCURVE('',#981,#1161);
#1161 = DEFINITIONAL_REPRESENTATION('',(#1162),#1166);
#1162 = LINE('',#1163,#1164);
#1163 = CARTESIAN_POINT('',(0.,-4.157E+03));
#1164 = VECTOR('',#1165,1.);
#1165 = DIRECTION('',(1.,0.));
#1166 = ( GEOMETRIC_REPRESENTATION_CONTEXT(2) 
PARAMETRIC_REPRESENTATION_CONTEXT() REPRESENTATION_CONTEXT('2D SPACE',''
  ) );
#1167 = PCURVE('',#238,#1168);
#1168 = DEFINITIONAL_REPRESENTATION('',(#1169),#1177);
#1169 = ( BOUNDED_CURVE() B_SPLINE_CURVE(2,(#1170,#1171,#1172,#1173,
#1174,#1175,#1176),.UNSPECIFIED.,.T.,.F.) B_SPLINE_CURVE_WITH_KNOTS((1,2
    ,2,2,2,1),(-2.094395102393,0.,2.094395102393,4.188790204786,
6.28318530718,8.377580409573),.UNSPECIFIED.) CURVE() 
GEOMETRIC_REPRESENTATION_ITEM() RATIONAL_B_SPLINE_CURVE((1.,0.5,1.,0.5,
1.,0.5,1.)) REPRESENTATION_ITEM('') );
#1170 = CARTESIAN_POINT('',(1.016E+03,2.056E+03));
#1171 = CARTESIAN_POINT('',(1.016E+03,296.23637951002));
#1172 = CARTESIAN_POINT('',(-508.,1.176118189755E+03));
#1173 = CARTESIAN_POINT('',(-2.032E+03,2.056E+03));
#1174 = CARTESIAN_POINT('',(-508.,2.935881810245E+03));
#1175 = CARTESIAN_POINT('',(1.016E+03,3.81576362049E+03));
#1176 = CARTESIAN_POINT('',(1.016E+03,2.056E+03));
#1177 = ( GEOMETRIC_REPRESENTATION_CONTEXT(2) 
PARAMETRIC_REPRESENTATION_CONTEXT() REPRESENTATION_CONTEXT('2D SPACE',''
  ) );
#1178 = ORIENTED_EDGE('',*,*,#966,.F.);
#1179 = ADVANCED_FACE('',(#1180),#1142,.F.);
#1180 = FACE_BOUND('',#1181,.F.);
#1181 = EDGE_LOOP('',(#1182,#1205,#1233,#1254));
#1182 = ORIENTED_EDGE('',*,*,#1183,.F.);
#1183 = EDGE_CURVE('',#1184,#1128,#1186,.T.);
#1184 = VERTEX_POINT('',#1185);
#1185 = CARTESIAN_POINT('',(962.,-1.15E+03,-211.));
#1186 = SURFACE_CURVE('',#1187,(#1191,#1198),.PCURVE_S1.);
#1187 = LINE('',#1188,#1189);
#1188 = CARTESIAN_POINT('',(962.,-1.15E+03,-211.));
#1189 = VECTOR('',#1190,1.);
#1190 = DIRECTION('',(-1.,0.,0.));
#1191 = PCURVE('',#1142,#1192);
#1192 = DEFINITIONAL_REPRESENTATION('',(#1193),#1197);
#1193 = LINE('',#1194,#1195);
#1194 = CARTESIAN_POINT('',(0.,-0.));
#1195 = VECTOR('',#1196,1.);
#1196 = DIRECTION('',(1.,0.));
#1197 = ( GEOMETRIC_REPRESENTATION_CONTEXT(2) 
PARAMETRIC_REPRESENTATION_CONTEXT() REPRESENTATION_CONTEXT('2D SPACE',''
  ) );
#1198 = PCURVE('',#238,#1199);
#1199 = DEFINITIONAL_REPRESENTATION('',(#1200),#1204);
#1200 = LINE('',#1201,#1202);
#1201 = CARTESIAN_POINT('',(762.,1.346E+03));
#1202 = VECTOR('',#1203,1.);
#1203 = DIRECTION('',(-1.,0.));
#1204 = ( GEOMETRIC_REPRESENTATION_CONTEXT(2) 
PARAMETRIC_REPRESENTATION_CONTEXT() REPRESENTATION_CONTEXT('2D SPACE',''
  ) );
#1205 = ORIENTED_EDGE('',*,*,#1206,.T.);
#1206 = EDGE_CURVE('',#1184,#1207,#1209,.T.);
#1207 = VERTEX_POINT('',#1208);
#1208 = CARTESIAN_POINT('',(962.,-1.15E+03,1.084E+03));
#1209 = SURFACE_CURVE('',#1210,(#1214,#1221),.PCURVE_S1.);
#1210 = LINE('',#1211,#1212);
#1211 = CARTESIAN_POINT('',(962.,-1.15E+03,-211.));
#1212 = VECTOR('',#1213,1.);
#1213 = DIRECTION('',(0.,0.,1.));
#1214 = PCURVE('',#1142,#1215);
#1215 = DEFINITIONAL_REPRESENTATION('',(#1216),#1220);
#1216 = LINE('',#1217,#1218);
#1217 = CARTESIAN_POINT('',(0.,-0.));
#1218 = VECTOR('',#1219,1.);
#1219 = DIRECTION('',(0.,-1.));
#1220 = ( GEOMETRIC_REPRESENTATION_CONTEXT(2) 
PARAMETRIC_REPRESENTATION_CONTEXT() REPRESENTATION_CONTEXT('2D SPACE',''
  ) );
#1221 = PCURVE('',#1222,#1227);
#1222 = PLANE('',#1223);
#1223 = AXIS2_PLACEMENT_3D('',#1224,#1225,#1226);
#1224 = CARTESIAN_POINT('',(962.,-3.842E+03,-211.));
#1225 = DIRECTION('',(-1.,0.,0.));
#1226 = DIRECTION('',(0.,1.,0.));
#1227 = DEFINITIONAL_REPRESENTATION('',(#1228),#1232);
#1228 = LINE('',#1229,#1230);
#1229 = CARTESIAN_POINT('',(2.692E+03,0.));
#1230 = VECTOR('',#1231,1.);
#1231 = DIRECTION('',(0.,-1.));
#1232 = ( GEOMETRIC_REPRESENTATION_CONTEXT(2) 
PARAMETRIC_REPRESENTATION_CONTEXT() REPRESENTATION_CONTEXT('2D SPACE',''
  ) );
#1233 = ORIENTED_EDGE('',*,*,#1234,.T.);
#1234 = EDGE_CURVE('',#1207,#1100,#1235,.T.);
#1235 = SURFACE_CURVE('',#1236,(#1240,#1247),.PCURVE_S1.);
#1236 = LINE('',#1237,#1238);
#1237 = CARTESIAN_POINT('',(962.,-1.15E+03,1.084E+03));
#1238 = VECTOR('',#1239,1.);
#1239 = DIRECTION('',(-1.,0.,0.));
#1240 = PCURVE('',#1142,#1241);
#1241 = DEFINITIONAL_REPRESENTATION('',(#1242),#1246);
#1242 = LINE('',#1243,#1244);
#1243 = CARTESIAN_POINT('',(0.,-1.295E+03));
#1244 = VECTOR('',#1245,1.);
#1245 = DIRECTION('',(1.,0.));
#1246 = ( GEOMETRIC_REPRESENTATION_CONTEXT(2) 
PARAMETRIC_REPRESENTATION_CONTEXT() REPRESENTATION_CONTEXT('2D SPACE',''
  ) );
#1247 = PCURVE('',#179,#1248);
#1248 = DEFINITIONAL_REPRESENTATION('',(#1249),#1253);
#1249 = LINE('',#1250,#1251);
#1250 = CARTESIAN_POINT('',(762.,1.346E+03));
#1251 = VECTOR('',#1252,1.);
#1252 = DIRECTION('',(-1.,0.));
#1253 = ( GEOMETRIC_REPRESENTATION_CONTEXT(2) 
PARAMETRIC_REPRESENTATION_CONTEXT() REPRESENTATION_CONTEXT('2D SPACE',''
  ) );
#1254 = ORIENTED_EDGE('',*,*,#1127,.T.);
#1255 = ADVANCED_FACE('',(#1256),#1222,.F.);
#1256 = FACE_BOUND('',#1257,.F.);
#1257 = EDGE_LOOP('',(#1258,#1283,#1304,#1305));
#1258 = ORIENTED_EDGE('',*,*,#1259,.T.);
#1259 = EDGE_CURVE('',#1260,#1262,#1264,.T.);
#1260 = VERTEX_POINT('',#1261);
#1261 = CARTESIAN_POINT('',(962.,-3.842E+03,-211.));
#1262 = VERTEX_POINT('',#1263);
#1263 = CARTESIAN_POINT('',(962.,-3.842E+03,1.084E+03));
#1264 = SURFACE_CURVE('',#1265,(#1269,#1276),.PCURVE_S1.);
#1265 = LINE('',#1266,#1267);
#1266 = CARTESIAN_POINT('',(962.,-3.842E+03,-211.));
#1267 = VECTOR('',#1268,1.);
#1268 = DIRECTION('',(0.,0.,1.));
#1269 = PCURVE('',#1222,#1270);
#1270 = DEFINITIONAL_REPRESENTATION('',(#1271),#1275);
#1271 = LINE('',#1272,#1273);
#1272 = CARTESIAN_POINT('',(0.,0.));
#1273 = VECTOR('',#1274,1.);
#1274 = DIRECTION('',(0.,-1.));
#1275 = ( GEOMETRIC_REPRESENTATION_CONTEXT(2) 
PARAMETRIC_REPRESENTATION_CONTEXT() REPRESENTATION_CONTEXT('2D SPACE',''
  ) );
#1276 = PCURVE('',#267,#1277);
#1277 = DEFINITIONAL_REPRESENTATION('',(#1278),#1282);
#1278 = LINE('',#1279,#1280);
#1279 = CARTESIAN_POINT('',(1.524E+03,0.));
#1280 = VECTOR('',#1281,1.);
#1281 = DIRECTION('',(0.,-1.));
#1282 = ( GEOMETRIC_REPRESENTATION_CONTEXT(2) 
PARAMETRIC_REPRESENTATION_CONTEXT() REPRESENTATION_CONTEXT('2D SPACE',''
  ) );
#1283 = ORIENTED_EDGE('',*,*,#1284,.T.);
#1284 = EDGE_CURVE('',#1262,#1207,#1285,.T.);
#1285 = SURFACE_CURVE('',#1286,(#1290,#1297),.PCURVE_S1.);
#1286 = LINE('',#1287,#1288);
#1287 = CARTESIAN_POINT('',(962.,-3.842E+03,1.084E+03));
#1288 = VECTOR('',#1289,1.);
#1289 = DIRECTION('',(0.,1.,0.));
#1290 = PCURVE('',#1222,#1291);
#1291 = DEFINITIONAL_REPRESENTATION('',(#1292),#1296);
#1292 = LINE('',#1293,#1294);
#1293 = CARTESIAN_POINT('',(0.,-1.295E+03));
#1294 = VECTOR('',#1295,1.);
#1295 = DIRECTION('',(1.,0.));
#1296 = ( GEOMETRIC_REPRESENTATION_CONTEXT(2) 
PARAMETRIC_REPRESENTATION_CONTEXT() REPRESENTATION_CONTEXT('2D SPACE',''
  ) );
#1297 = PCURVE('',#179,#1298);
#1298 = DEFINITIONAL_REPRESENTATION('',(#1299),#1303);
#1299 = LINE('',#1300,#1301);
#1300 = CARTESIAN_POINT('',(762.,-1.346E+03));
#1301 = VECTOR('',#1302,1.);
#1302 = DIRECTION('',(0.,1.));
#1303 = ( GEOMETRIC_REPRESENTATION_CONTEXT(2) 
PARAMETRIC_REPRESENTATION_CONTEXT() REPRESENTATION_CONTEXT('2D SPACE',''
  ) );
#1304 = ORIENTED_EDGE('',*,*,#1206,.F.);
#1305 = ORIENTED_EDGE('',*,*,#1306,.F.);
#1306 = EDGE_CURVE('',#1260,#1184,#1307,.T.);
#1307 = SURFACE_CURVE('',#1308,(#1312,#1319),.PCURVE_S1.);
#1308 = LINE('',#1309,#1310);
#1309 = CARTESIAN_POINT('',(962.,-3.842E+03,-211.));
#1310 = VECTOR('',#1311,1.);
#1311 = DIRECTION('',(0.,1.,0.));
#1312 = PCURVE('',#1222,#1313);
#1313 = DEFINITIONAL_REPRESENTATION('',(#1314),#1318);
#1314 = LINE('',#1315,#1316);
#1315 = CARTESIAN_POINT('',(0.,0.));
#1316 = VECTOR('',#1317,1.);
#1317 = DIRECTION('',(1.,0.));
#1318 = ( GEOMETRIC_REPRESENTATION_CONTEXT(2) 
PARAMETRIC_REPRESENTATION_CONTEXT() REPRESENTATION_CONTEXT('2D SPACE',''
  ) );
#1319 = PCURVE('',#238,#1320);
#1320 = DEFINITIONAL_REPRESENTATION('',(#1321),#1325);
#1321 = LINE('',#1322,#1323);
#1322 = CARTESIAN_POINT('',(762.,-1.346E+03));
#1323 = VECTOR('',#1324,1.);
#1324 = DIRECTION('',(0.,1.));
#1325 = ( GEOMETRIC_REPRESENTATION_CONTEXT(2) 
PARAMETRIC_REPRESENTATION_CONTEXT() REPRESENTATION_CONTEXT('2D SPACE',''
  ) );
#1326 = ADVANCED_FACE('',(#1327),#1057,.T.);
#1327 = FACE_BOUND('',#1328,.T.);
#1328 = EDGE_LOOP('',(#1329,#1358,#1376,#1377));
#1329 = ORIENTED_EDGE('',*,*,#1330,.T.);
#1330 = EDGE_CURVE('',#1331,#1331,#1333,.T.);
#1331 = VERTEX_POINT('',#1332);
#1332 = CARTESIAN_POINT('',(458.,-440.,-5.892E+03));
#1333 = SURFACE_CURVE('',#1334,(#1339,#1346),.PCURVE_S1.);
#1334 = CIRCLE('',#1335,258.);
#1335 = AXIS2_PLACEMENT_3D('',#1336,#1337,#1338);
#1336 = CARTESIAN_POINT('',(200.,-440.,-5.892E+03));
#1337 = DIRECTION('',(0.,0.,1.));
#1338 = DIRECTION('',(1.,0.,0.));
#1339 = PCURVE('',#1057,#1340);
#1340 = DEFINITIONAL_REPRESENTATION('',(#1341),#1345);
#1341 = LINE('',#1342,#1343);
#1342 = CARTESIAN_POINT('',(0.,0.));
#1343 = VECTOR('',#1344,1.);
#1344 = DIRECTION('',(1.,0.));
#1345 = ( GEOMETRIC_REPRESENTATION_CONTEXT(2) 
PARAMETRIC_REPRESENTATION_CONTEXT() REPRESENTATION_CONTEXT('2D SPACE',''
  ) );
#1346 = PCURVE('',#1347,#1352);
#1347 = PLANE('',#1348);
#1348 = AXIS2_PLACEMENT_3D('',#1349,#1350,#1351);
#1349 = CARTESIAN_POINT('',(200.,-440.,-5.892E+03));
#1350 = DIRECTION('',(0.,0.,1.));
#1351 = DIRECTION('',(1.,0.,0.));
#1352 = DEFINITIONAL_REPRESENTATION('',(#1353),#1357);
#1353 = CIRCLE('',#1354,258.);
#1354 = AXIS2_PLACEMENT_2D('',#1355,#1356);
#1355 = CARTESIAN_POINT('',(0.,0.));
#1356 = DIRECTION('',(1.,0.));
#1357 = ( GEOMETRIC_REPRESENTATION_CONTEXT(2) 
PARAMETRIC_REPRESENTATION_CONTEXT() REPRESENTATION_CONTEXT('2D SPACE',''
  ) );
#1358 = ORIENTED_EDGE('',*,*,#1359,.T.);
#1359 = EDGE_CURVE('',#1331,#1018,#1360,.T.);
#1360 = SEAM_CURVE('',#1361,(#1364,#1370),.PCURVE_S1.);
#1361 = B_SPLINE_CURVE_WITH_KNOTS('',1,(#1362,#1363),.UNSPECIFIED.,.F.,
  .F.,(2,2),(0.,1.),.PIECEWISE_BEZIER_KNOTS.);
#1362 = CARTESIAN_POINT('',(458.,-440.,-5.892E+03));
#1363 = CARTESIAN_POINT('',(1.216E+03,-440.,-4.368E+03));
#1364 = PCURVE('',#1057,#1365);
#1365 = DEFINITIONAL_REPRESENTATION('',(#1366),#1369);
#1366 = B_SPLINE_CURVE_WITH_KNOTS('',1,(#1367,#1368),.UNSPECIFIED.,.F.,
  .F.,(2,2),(0.,1.),.PIECEWISE_BEZIER_KNOTS.);
#1367 = CARTESIAN_POINT('',(6.28318530718,0.));
#1368 = CARTESIAN_POINT('',(6.28318530718,1.524E+03));
#1369 = ( GEOMETRIC_REPRESENTATION_CONTEXT(2) 
PARAMETRIC_REPRESENTATION_CONTEXT() REPRESENTATION_CONTEXT('2D SPACE',''
  ) );
#1370 = PCURVE('',#1057,#1371);
#1371 = DEFINITIONAL_REPRESENTATION('',(#1372),#1375);
#1372 = B_SPLINE_CURVE_WITH_KNOTS('',1,(#1373,#1374),.UNSPECIFIED.,.F.,
  .F.,(2,2),(0.,1.),.PIECEWISE_BEZIER_KNOTS.);
#1373 = CARTESIAN_POINT('',(4.138911435803E-13,0.));
#1374 = CARTESIAN_POINT('',(4.138911435803E-13,1.524E+03));
#1375 = ( GEOMETRIC_REPRESENTATION_CONTEXT(2) 
PARAMETRIC_REPRESENTATION_CONTEXT() REPRESENTATION_CONTEXT('2D SPACE',''
  ) );
#1376 = ORIENTED_EDGE('',*,*,#1042,.F.);
#1377 = ORIENTED_EDGE('',*,*,#1359,.F.);
#1378 = ADVANCED_FACE('',(#1379),#1347,.F.);
#1379 = FACE_BOUND('',#1380,.F.);
#1380 = EDGE_LOOP('',(#1381));
#1381 = ORIENTED_EDGE('',*,*,#1330,.T.);
#1382 = ADVANCED_FACE('',(#1383,#1386,#1421,#1452,#1483,#1518,#1549,
    #1580),#1085,.T.);
#1383 = FACE_BOUND('',#1384,.T.);
#1384 = EDGE_LOOP('',(#1385));
#1385 = ORIENTED_EDGE('',*,*,#1070,.T.);
#1386 = FACE_BOUND('',#1387,.T.);
#1387 = EDGE_LOOP('',(#1388));
#1388 = ORIENTED_EDGE('',*,*,#1389,.T.);
#1389 = EDGE_CURVE('',#1390,#1390,#1392,.T.);
#1390 = VERTEX_POINT('',#1391);
#1391 = CARTESIAN_POINT('',(242.4,-745.,1.22E+03));
#1392 = SURFACE_CURVE('',#1393,(#1398,#1409),.PCURVE_S1.);
#1393 = CIRCLE('',#1394,42.4);
#1394 = AXIS2_PLACEMENT_3D('',#1395,#1396,#1397);
#1395 = CARTESIAN_POINT('',(200.,-745.,1.22E+03));
#1396 = DIRECTION('',(0.,0.,-1.));
#1397 = DIRECTION('',(1.,0.,0.));
#1398 = PCURVE('',#1085,#1399);
#1399 = DEFINITIONAL_REPRESENTATION('',(#1400),#1408);
#1400 = ( BOUNDED_CURVE() B_SPLINE_CURVE(2,(#1401,#1402,#1403,#1404,
#1405,#1406,#1407),.UNSPECIFIED.,.T.,.F.) B_SPLINE_CURVE_WITH_KNOTS((1,2
    ,2,2,2,1),(-2.094395102393,0.,2.094395102393,4.188790204786,
6.28318530718,8.377580409573),.UNSPECIFIED.) CURVE() 
GEOMETRIC_REPRESENTATION_ITEM() RATIONAL_B_SPLINE_CURVE((1.,0.5,1.,0.5,
1.,0.5,1.)) REPRESENTATION_ITEM('') );
#1401 = CARTESIAN_POINT('',(42.4,-305.));
#1402 = CARTESIAN_POINT('',(42.4,-378.4389542409));
#1403 = CARTESIAN_POINT('',(-21.2,-341.7194771204));
#1404 = CARTESIAN_POINT('',(-84.8,-305.));
#1405 = CARTESIAN_POINT('',(-21.2,-268.2805228795));
#1406 = CARTESIAN_POINT('',(42.4,-231.561045759));
#1407 = CARTESIAN_POINT('',(42.4,-305.));
#1408 = ( GEOMETRIC_REPRESENTATION_CONTEXT(2) 
PARAMETRIC_REPRESENTATION_CONTEXT() REPRESENTATION_CONTEXT('2D SPACE',''
  ) );
#1409 = PCURVE('',#1410,#1415);
#1410 = CYLINDRICAL_SURFACE('',#1411,42.4);
#1411 = AXIS2_PLACEMENT_3D('',#1412,#1413,#1414);
#1412 = CARTESIAN_POINT('',(200.,-745.,-5.2465E+03));
#1413 = DIRECTION('',(0.,0.,1.));
#1414 = DIRECTION('',(1.,0.,-0.));
#1415 = DEFINITIONAL_REPRESENTATION('',(#1416),#1420);
#1416 = LINE('',#1417,#1418);
#1417 = CARTESIAN_POINT('',(6.28318530718,6.4665E+03));
#1418 = VECTOR('',#1419,1.);
#1419 = DIRECTION('',(-1.,0.));
#1420 = ( GEOMETRIC_REPRESENTATION_CONTEXT(2) 
PARAMETRIC_REPRESENTATION_CONTEXT() REPRESENTATION_CONTEXT('2D SPACE',''
  ) );
#1421 = FACE_BOUND('',#1422,.T.);
#1422 = EDGE_LOOP('',(#1423));
#1423 = ORIENTED_EDGE('',*,*,#1424,.F.);
#1424 = EDGE_CURVE('',#1425,#1425,#1427,.T.);
#1425 = VERTEX_POINT('',#1426);
#1426 = CARTESIAN_POINT('',(-288.5,-440.,1.22E+03));
#1427 = SURFACE_CURVE('',#1428,(#1433,#1440),.PCURVE_S1.);
#1428 = CIRCLE('',#1429,36.5);
#1429 = AXIS2_PLACEMENT_3D('',#1430,#1431,#1432);
#1430 = CARTESIAN_POINT('',(-325.,-440.,1.22E+03));
#1431 = DIRECTION('',(0.,0.,1.));
#1432 = DIRECTION('',(1.,0.,-0.));
#1433 = PCURVE('',#1085,#1434);
#1434 = DEFINITIONAL_REPRESENTATION('',(#1435),#1439);
#1435 = CIRCLE('',#1436,36.5);
#1436 = AXIS2_PLACEMENT_2D('',#1437,#1438);
#1437 = CARTESIAN_POINT('',(-525.,0.));
#1438 = DIRECTION('',(1.,0.));
#1439 = ( GEOMETRIC_REPRESENTATION_CONTEXT(2) 
PARAMETRIC_REPRESENTATION_CONTEXT() REPRESENTATION_CONTEXT('2D SPACE',''
  ) );
#1440 = PCURVE('',#1441,#1446);
#1441 = CYLINDRICAL_SURFACE('',#1442,36.5);
#1442 = AXIS2_PLACEMENT_3D('',#1443,#1444,#1445);
#1443 = CARTESIAN_POINT('',(-325.,-440.,-5.2465E+03));
#1444 = DIRECTION('',(0.,0.,1.));
#1445 = DIRECTION('',(1.,0.,-0.));
#1446 = DEFINITIONAL_REPRESENTATION('',(#1447),#1451);
#1447 = LINE('',#1448,#1449);
#1448 = CARTESIAN_POINT('',(0.,6.4665E+03));
#1449 = VECTOR('',#1450,1.);
#1450 = DIRECTION('',(1.,0.));
#1451 = ( GEOMETRIC_REPRESENTATION_CONTEXT(2) 
PARAMETRIC_REPRESENTATION_CONTEXT() REPRESENTATION_CONTEXT('2D SPACE',''
  ) );
#1452 = FACE_BOUND('',#1453,.T.);
#1453 = EDGE_LOOP('',(#1454));
#1454 = ORIENTED_EDGE('',*,*,#1455,.F.);
#1455 = EDGE_CURVE('',#1456,#1456,#1458,.T.);
#1456 = VERTEX_POINT('',#1457);
#1457 = CARTESIAN_POINT('',(61.5,-440.,1.22E+03));
#1458 = SURFACE_CURVE('',#1459,(#1464,#1471),.PCURVE_S1.);
#1459 = CIRCLE('',#1460,36.5);
#1460 = AXIS2_PLACEMENT_3D('',#1461,#1462,#1463);
#1461 = CARTESIAN_POINT('',(25.,-440.,1.22E+03));
#1462 = DIRECTION('',(0.,0.,1.));
#1463 = DIRECTION('',(1.,0.,-0.));
#1464 = PCURVE('',#1085,#1465);
#1465 = DEFINITIONAL_REPRESENTATION('',(#1466),#1470);
#1466 = CIRCLE('',#1467,36.5);
#1467 = AXIS2_PLACEMENT_2D('',#1468,#1469);
#1468 = CARTESIAN_POINT('',(-175.,0.));
#1469 = DIRECTION('',(1.,0.));
#1470 = ( GEOMETRIC_REPRESENTATION_CONTEXT(2) 
PARAMETRIC_REPRESENTATION_CONTEXT() REPRESENTATION_CONTEXT('2D SPACE',''
  ) );
#1471 = PCURVE('',#1472,#1477);
#1472 = CYLINDRICAL_SURFACE('',#1473,36.5);
#1473 = AXIS2_PLACEMENT_3D('',#1474,#1475,#1476);
#1474 = CARTESIAN_POINT('',(25.,-440.,-5.2465E+03));
#1475 = DIRECTION('',(0.,0.,1.));
#1476 = DIRECTION('',(1.,0.,-0.));
#1477 = DEFINITIONAL_REPRESENTATION('',(#1478),#1482);
#1478 = LINE('',#1479,#1480);
#1479 = CARTESIAN_POINT('',(0.,6.4665E+03));
#1480 = VECTOR('',#1481,1.);
#1481 = DIRECTION('',(1.,0.));
#1482 = ( GEOMETRIC_REPRESENTATION_CONTEXT(2) 
PARAMETRIC_REPRESENTATION_CONTEXT() REPRESENTATION_CONTEXT('2D SPACE',''
  ) );
#1483 = FACE_BOUND('',#1484,.T.);
#1484 = EDGE_LOOP('',(#1485));
#1485 = ORIENTED_EDGE('',*,*,#1486,.T.);
#1486 = EDGE_CURVE('',#1487,#1487,#1489,.T.);
#1487 = VERTEX_POINT('',#1488);
#1488 = CARTESIAN_POINT('',(-21.6,-288.,1.22E+03));
#1489 = SURFACE_CURVE('',#1490,(#1495,#1506),.PCURVE_S1.);
#1490 = CIRCLE('',#1491,42.4);
#1491 = AXIS2_PLACEMENT_3D('',#1492,#1493,#1494);
#1492 = CARTESIAN_POINT('',(-64.,-288.,1.22E+03));
#1493 = DIRECTION('',(0.,0.,-1.));
#1494 = DIRECTION('',(1.,0.,0.));
#1495 = PCURVE('',#1085,#1496);
#1496 = DEFINITIONAL_REPRESENTATION('',(#1497),#1505);
#1497 = ( BOUNDED_CURVE() B_SPLINE_CURVE(2,(#1498,#1499,#1500,#1501,
#1502,#1503,#1504),.UNSPECIFIED.,.T.,.F.) B_SPLINE_CURVE_WITH_KNOTS((1,2
    ,2,2,2,1),(-2.094395102393,0.,2.094395102393,4.188790204786,
6.28318530718,8.377580409573),.UNSPECIFIED.) CURVE() 
GEOMETRIC_REPRESENTATION_ITEM() RATIONAL_B_SPLINE_CURVE((1.,0.5,1.,0.5,
1.,0.5,1.)) REPRESENTATION_ITEM('') );
#1498 = CARTESIAN_POINT('',(-221.6,152.));
#1499 = CARTESIAN_POINT('',(-221.6,78.56104575908));
#1500 = CARTESIAN_POINT('',(-285.2,115.28052287954));
#1501 = CARTESIAN_POINT('',(-348.8,152.));
#1502 = CARTESIAN_POINT('',(-285.2,188.71947712046));
#1503 = CARTESIAN_POINT('',(-221.6,225.43895424092));
#1504 = CARTESIAN_POINT('',(-221.6,152.));
#1505 = ( GEOMETRIC_REPRESENTATION_CONTEXT(2) 
PARAMETRIC_REPRESENTATION_CONTEXT() REPRESENTATION_CONTEXT('2D SPACE',''
  ) );
#1506 = PCURVE('',#1507,#1512);
#1507 = CYLINDRICAL_SURFACE('',#1508,42.4);
#1508 = AXIS2_PLACEMENT_3D('',#1509,#1510,#1511);
#1509 = CARTESIAN_POINT('',(-64.,-288.,-5.2465E+03));
#1510 = DIRECTION('',(0.,0.,1.));
#1511 = DIRECTION('',(1.,0.,-0.));
#1512 = DEFINITIONAL_REPRESENTATION('',(#1513),#1517);
#1513 = LINE('',#1514,#1515);
#1514 = CARTESIAN_POINT('',(6.28318530718,6.4665E+03));
#1515 = VECTOR('',#1516,1.);
#1516 = DIRECTION('',(-1.,0.));
#1517 = ( GEOMETRIC_REPRESENTATION_CONTEXT(2) 
PARAMETRIC_REPRESENTATION_CONTEXT() REPRESENTATION_CONTEXT('2D SPACE',''
  ) );
#1518 = FACE_BOUND('',#1519,.T.);
#1519 = EDGE_LOOP('',(#1520));
#1520 = ORIENTED_EDGE('',*,*,#1521,.F.);
#1521 = EDGE_CURVE('',#1522,#1522,#1524,.T.);
#1522 = VERTEX_POINT('',#1523);
#1523 = CARTESIAN_POINT('',(411.5,-440.,1.22E+03));
#1524 = SURFACE_CURVE('',#1525,(#1530,#1537),.PCURVE_S1.);
#1525 = CIRCLE('',#1526,36.5);
#1526 = AXIS2_PLACEMENT_3D('',#1527,#1528,#1529);
#1527 = CARTESIAN_POINT('',(375.,-440.,1.22E+03));
#1528 = DIRECTION('',(0.,0.,1.));
#1529 = DIRECTION('',(1.,0.,-0.));
#1530 = PCURVE('',#1085,#1531);
#1531 = DEFINITIONAL_REPRESENTATION('',(#1532),#1536);
#1532 = CIRCLE('',#1533,36.5);
#1533 = AXIS2_PLACEMENT_2D('',#1534,#1535);
#1534 = CARTESIAN_POINT('',(175.,0.));
#1535 = DIRECTION('',(1.,0.));
#1536 = ( GEOMETRIC_REPRESENTATION_CONTEXT(2) 
PARAMETRIC_REPRESENTATION_CONTEXT() REPRESENTATION_CONTEXT('2D SPACE',''
  ) );
#1537 = PCURVE('',#1538,#1543);
#1538 = CYLINDRICAL_SURFACE('',#1539,36.5);
#1539 = AXIS2_PLACEMENT_3D('',#1540,#1541,#1542);
#1540 = CARTESIAN_POINT('',(375.,-440.,-5.2465E+03));
#1541 = DIRECTION('',(0.,0.,1.));
#1542 = DIRECTION('',(1.,0.,-0.));
#1543 = DEFINITIONAL_REPRESENTATION('',(#1544),#1548);
#1544 = LINE('',#1545,#1546);
#1545 = CARTESIAN_POINT('',(0.,6.4665E+03));
#1546 = VECTOR('',#1547,1.);
#1547 = DIRECTION('',(1.,0.));
#1548 = ( GEOMETRIC_REPRESENTATION_CONTEXT(2) 
PARAMETRIC_REPRESENTATION_CONTEXT() REPRESENTATION_CONTEXT('2D SPACE',''
  ) );
#1549 = FACE_BOUND('',#1550,.T.);
#1550 = EDGE_LOOP('',(#1551));
#1551 = ORIENTED_EDGE('',*,*,#1552,.F.);
#1552 = EDGE_CURVE('',#1553,#1553,#1555,.T.);
#1553 = VERTEX_POINT('',#1554);
#1554 = CARTESIAN_POINT('',(761.5,-440.,1.22E+03));
#1555 = SURFACE_CURVE('',#1556,(#1561,#1568),.PCURVE_S1.);
#1556 = CIRCLE('',#1557,36.5);
#1557 = AXIS2_PLACEMENT_3D('',#1558,#1559,#1560);
#1558 = CARTESIAN_POINT('',(725.,-440.,1.22E+03));
#1559 = DIRECTION('',(0.,0.,1.));
#1560 = DIRECTION('',(1.,0.,-0.));
#1561 = PCURVE('',#1085,#1562);
#1562 = DEFINITIONAL_REPRESENTATION('',(#1563),#1567);
#1563 = CIRCLE('',#1564,36.5);
#1564 = AXIS2_PLACEMENT_2D('',#1565,#1566);
#1565 = CARTESIAN_POINT('',(525.,0.));
#1566 = DIRECTION('',(1.,0.));
#1567 = ( GEOMETRIC_REPRESENTATION_CONTEXT(2) 
PARAMETRIC_REPRESENTATION_CONTEXT() REPRESENTATION_CONTEXT('2D SPACE',''
  ) );
#1568 = PCURVE('',#1569,#1574);
#1569 = CYLINDRICAL_SURFACE('',#1570,36.5);
#1570 = AXIS2_PLACEMENT_3D('',#1571,#1572,#1573);
#1571 = CARTESIAN_POINT('',(725.,-440.,-5.2465E+03));
#1572 = DIRECTION('',(0.,0.,1.));
#1573 = DIRECTION('',(1.,0.,-0.));
#1574 = DEFINITIONAL_REPRESENTATION('',(#1575),#1579);
#1575 = LINE('',#1576,#1577);
#1576 = CARTESIAN_POINT('',(0.,6.4665E+03));
#1577 = VECTOR('',#1578,1.);
#1578 = DIRECTION('',(1.,0.));
#1579 = ( GEOMETRIC_REPRESENTATION_CONTEXT(2) 
PARAMETRIC_REPRESENTATION_CONTEXT() REPRESENTATION_CONTEXT('2D SPACE',''
  ) );
#1580 = FACE_BOUND('',#1581,.T.);
#1581 = EDGE_LOOP('',(#1582));
#1582 = ORIENTED_EDGE('',*,*,#1583,.T.);
#1583 = EDGE_CURVE('',#1584,#1584,#1586,.T.);
#1584 = VERTEX_POINT('',#1585);
#1585 = CARTESIAN_POINT('',(506.4,-288.,1.22E+03));
#1586 = SURFACE_CURVE('',#1587,(#1592,#1603),.PCURVE_S1.);
#1587 = CIRCLE('',#1588,42.4);
#1588 = AXIS2_PLACEMENT_3D('',#1589,#1590,#1591);
#1589 = CARTESIAN_POINT('',(464.,-288.,1.22E+03));
#1590 = DIRECTION('',(0.,0.,-1.));
#1591 = DIRECTION('',(1.,0.,0.));
#1592 = PCURVE('',#1085,#1593);
#1593 = DEFINITIONAL_REPRESENTATION('',(#1594),#1602);
#1594 = ( BOUNDED_CURVE() B_SPLINE_CURVE(2,(#1595,#1596,#1597,#1598,
#1599,#1600,#1601),.UNSPECIFIED.,.T.,.F.) B_SPLINE_CURVE_WITH_KNOTS((1,2
    ,2,2,2,1),(-2.094395102393,0.,2.094395102393,4.188790204786,
6.28318530718,8.377580409573),.UNSPECIFIED.) CURVE() 
GEOMETRIC_REPRESENTATION_ITEM() RATIONAL_B_SPLINE_CURVE((1.,0.5,1.,0.5,
1.,0.5,1.)) REPRESENTATION_ITEM('') );
#1595 = CARTESIAN_POINT('',(306.4,152.));
#1596 = CARTESIAN_POINT('',(306.4,78.56104575908));
#1597 = CARTESIAN_POINT('',(242.8,115.28052287954));
#1598 = CARTESIAN_POINT('',(179.2,152.));
#1599 = CARTESIAN_POINT('',(242.8,188.71947712046));
#1600 = CARTESIAN_POINT('',(306.4,225.43895424092));
#1601 = CARTESIAN_POINT('',(306.4,152.));
#1602 = ( GEOMETRIC_REPRESENTATION_CONTEXT(2) 
PARAMETRIC_REPRESENTATION_CONTEXT() REPRESENTATION_CONTEXT('2D SPACE',''
  ) );
#1603 = PCURVE('',#1604,#1609);
#1604 = CYLINDRICAL_SURFACE('',#1605,42.4);
#1605 = AXIS2_PLACEMENT_3D('',#1606,#1607,#1608);
#1606 = CARTESIAN_POINT('',(464.,-288.,-5.2465E+03));
#1607 = DIRECTION('',(0.,0.,1.));
#1608 = DIRECTION('',(1.,0.,-0.));
#1609 = DEFINITIONAL_REPRESENTATION('',(#1610),#1614);
#1610 = LINE('',#1611,#1612);
#1611 = CARTESIAN_POINT('',(6.28318530718,6.4665E+03));
#1612 = VECTOR('',#1613,1.);
#1613 = DIRECTION('',(-1.,0.));
#1614 = ( GEOMETRIC_REPRESENTATION_CONTEXT(2) 
PARAMETRIC_REPRESENTATION_CONTEXT() REPRESENTATION_CONTEXT('2D SPACE',''
  ) );
#1615 = ADVANCED_FACE('',(#1616),#1604,.T.);
#1616 = FACE_BOUND('',#1617,.T.);
#1617 = EDGE_LOOP('',(#1618,#1641,#1668,#1669));
#1618 = ORIENTED_EDGE('',*,*,#1619,.T.);
#1619 = EDGE_CURVE('',#1584,#1620,#1622,.T.);
#1620 = VERTEX_POINT('',#1621);
#1621 = CARTESIAN_POINT('',(506.4,-288.,1.8655E+03));
#1622 = SEAM_CURVE('',#1623,(#1627,#1634),.PCURVE_S1.);
#1623 = LINE('',#1624,#1625);
#1624 = CARTESIAN_POINT('',(506.4,-288.,-5.2465E+03));
#1625 = VECTOR('',#1626,1.);
#1626 = DIRECTION('',(0.,0.,1.));
#1627 = PCURVE('',#1604,#1628);
#1628 = DEFINITIONAL_REPRESENTATION('',(#1629),#1633);
#1629 = LINE('',#1630,#1631);
#1630 = CARTESIAN_POINT('',(6.28318530718,-0.));
#1631 = VECTOR('',#1632,1.);
#1632 = DIRECTION('',(0.,1.));
#1633 = ( GEOMETRIC_REPRESENTATION_CONTEXT(2) 
PARAMETRIC_REPRESENTATION_CONTEXT() REPRESENTATION_CONTEXT('2D SPACE',''
  ) );
#1634 = PCURVE('',#1604,#1635);
#1635 = DEFINITIONAL_REPRESENTATION('',(#1636),#1640);
#1636 = LINE('',#1637,#1638);
#1637 = CARTESIAN_POINT('',(0.,-0.));
#1638 = VECTOR('',#1639,1.);
#1639 = DIRECTION('',(0.,1.));
#1640 = ( GEOMETRIC_REPRESENTATION_CONTEXT(2) 
PARAMETRIC_REPRESENTATION_CONTEXT() REPRESENTATION_CONTEXT('2D SPACE',''
  ) );
#1641 = ORIENTED_EDGE('',*,*,#1642,.F.);
#1642 = EDGE_CURVE('',#1620,#1620,#1643,.T.);
#1643 = SURFACE_CURVE('',#1644,(#1649,#1656),.PCURVE_S1.);
#1644 = CIRCLE('',#1645,42.4);
#1645 = AXIS2_PLACEMENT_3D('',#1646,#1647,#1648);
#1646 = CARTESIAN_POINT('',(464.,-288.,1.8655E+03));
#1647 = DIRECTION('',(0.,0.,1.));
#1648 = DIRECTION('',(1.,0.,-0.));
#1649 = PCURVE('',#1604,#1650);
#1650 = DEFINITIONAL_REPRESENTATION('',(#1651),#1655);
#1651 = LINE('',#1652,#1653);
#1652 = CARTESIAN_POINT('',(0.,7.112E+03));
#1653 = VECTOR('',#1654,1.);
#1654 = DIRECTION('',(1.,0.));
#1655 = ( GEOMETRIC_REPRESENTATION_CONTEXT(2) 
PARAMETRIC_REPRESENTATION_CONTEXT() REPRESENTATION_CONTEXT('2D SPACE',''
  ) );
#1656 = PCURVE('',#1657,#1662);
#1657 = PLANE('',#1658);
#1658 = AXIS2_PLACEMENT_3D('',#1659,#1660,#1661);
#1659 = CARTESIAN_POINT('',(464.,-288.,1.8655E+03));
#1660 = DIRECTION('',(0.,0.,1.));
#1661 = DIRECTION('',(1.,0.,-0.));
#1662 = DEFINITIONAL_REPRESENTATION('',(#1663),#1667);
#1663 = CIRCLE('',#1664,42.4);
#1664 = AXIS2_PLACEMENT_2D('',#1665,#1666);
#1665 = CARTESIAN_POINT('',(0.,0.));
#1666 = DIRECTION('',(1.,0.));
#1667 = ( GEOMETRIC_REPRESENTATION_CONTEXT(2) 
PARAMETRIC_REPRESENTATION_CONTEXT() REPRESENTATION_CONTEXT('2D SPACE',''
  ) );
#1668 = ORIENTED_EDGE('',*,*,#1619,.F.);
#1669 = ORIENTED_EDGE('',*,*,#1583,.F.);
#1670 = ADVANCED_FACE('',(#1671),#1657,.T.);
#1671 = FACE_BOUND('',#1672,.T.);
#1672 = EDGE_LOOP('',(#1673));
#1673 = ORIENTED_EDGE('',*,*,#1642,.T.);
#1674 = ADVANCED_FACE('',(#1675),#1569,.F.);
#1675 = FACE_BOUND('',#1676,.F.);
#1676 = EDGE_LOOP('',(#1677,#1678,#1701,#1728));
#1677 = ORIENTED_EDGE('',*,*,#1552,.F.);
#1678 = ORIENTED_EDGE('',*,*,#1679,.F.);
#1679 = EDGE_CURVE('',#1680,#1553,#1682,.T.);
#1680 = VERTEX_POINT('',#1681);
#1681 = CARTESIAN_POINT('',(761.5,-440.,-5.2465E+03));
#1682 = SEAM_CURVE('',#1683,(#1687,#1694),.PCURVE_S1.);
#1683 = LINE('',#1684,#1685);
#1684 = CARTESIAN_POINT('',(761.5,-440.,-5.2465E+03));
#1685 = VECTOR('',#1686,1.);
#1686 = DIRECTION('',(0.,0.,1.));
#1687 = PCURVE('',#1569,#1688);
#1688 = DEFINITIONAL_REPRESENTATION('',(#1689),#1693);
#1689 = LINE('',#1690,#1691);
#1690 = CARTESIAN_POINT('',(6.28318530718,-0.));
#1691 = VECTOR('',#1692,1.);
#1692 = DIRECTION('',(0.,1.));
#1693 = ( GEOMETRIC_REPRESENTATION_CONTEXT(2) 
PARAMETRIC_REPRESENTATION_CONTEXT() REPRESENTATION_CONTEXT('2D SPACE',''
  ) );
#1694 = PCURVE('',#1569,#1695);
#1695 = DEFINITIONAL_REPRESENTATION('',(#1696),#1700);
#1696 = LINE('',#1697,#1698);
#1697 = CARTESIAN_POINT('',(0.,-0.));
#1698 = VECTOR('',#1699,1.);
#1699 = DIRECTION('',(0.,1.));
#1700 = ( GEOMETRIC_REPRESENTATION_CONTEXT(2) 
PARAMETRIC_REPRESENTATION_CONTEXT() REPRESENTATION_CONTEXT('2D SPACE',''
  ) );
#1701 = ORIENTED_EDGE('',*,*,#1702,.T.);
#1702 = EDGE_CURVE('',#1680,#1680,#1703,.T.);
#1703 = SURFACE_CURVE('',#1704,(#1709,#1716),.PCURVE_S1.);
#1704 = CIRCLE('',#1705,36.5);
#1705 = AXIS2_PLACEMENT_3D('',#1706,#1707,#1708);
#1706 = CARTESIAN_POINT('',(725.,-440.,-5.2465E+03));
#1707 = DIRECTION('',(0.,0.,1.));
#1708 = DIRECTION('',(1.,0.,-0.));
#1709 = PCURVE('',#1569,#1710);
#1710 = DEFINITIONAL_REPRESENTATION('',(#1711),#1715);
#1711 = LINE('',#1712,#1713);
#1712 = CARTESIAN_POINT('',(0.,0.));
#1713 = VECTOR('',#1714,1.);
#1714 = DIRECTION('',(1.,0.));
#1715 = ( GEOMETRIC_REPRESENTATION_CONTEXT(2) 
PARAMETRIC_REPRESENTATION_CONTEXT() REPRESENTATION_CONTEXT('2D SPACE',''
  ) );
#1716 = PCURVE('',#1717,#1722);
#1717 = PLANE('',#1718);
#1718 = AXIS2_PLACEMENT_3D('',#1719,#1720,#1721);
#1719 = CARTESIAN_POINT('',(725.,-440.,-5.2465E+03));
#1720 = DIRECTION('',(0.,0.,1.));
#1721 = DIRECTION('',(1.,0.,-0.));
#1722 = DEFINITIONAL_REPRESENTATION('',(#1723),#1727);
#1723 = CIRCLE('',#1724,36.5);
#1724 = AXIS2_PLACEMENT_2D('',#1725,#1726);
#1725 = CARTESIAN_POINT('',(0.,0.));
#1726 = DIRECTION('',(1.,0.));
#1727 = ( GEOMETRIC_REPRESENTATION_CONTEXT(2) 
PARAMETRIC_REPRESENTATION_CONTEXT() REPRESENTATION_CONTEXT('2D SPACE',''
  ) );
#1728 = ORIENTED_EDGE('',*,*,#1679,.T.);
#1729 = ADVANCED_FACE('',(#1730,#1733),#1717,.T.);
#1730 = FACE_BOUND('',#1731,.T.);
#1731 = EDGE_LOOP('',(#1732));
#1732 = ORIENTED_EDGE('',*,*,#1702,.T.);
#1733 = FACE_BOUND('',#1734,.T.);
#1734 = EDGE_LOOP('',(#1735));
#1735 = ORIENTED_EDGE('',*,*,#1736,.F.);
#1736 = EDGE_CURVE('',#1737,#1737,#1739,.T.);
#1737 = VERTEX_POINT('',#1738);
#1738 = CARTESIAN_POINT('',(756.35,-440.,-5.2465E+03));
#1739 = SURFACE_CURVE('',#1740,(#1745,#1752),.PCURVE_S1.);
#1740 = CIRCLE('',#1741,31.35);
#1741 = AXIS2_PLACEMENT_3D('',#1742,#1743,#1744);
#1742 = CARTESIAN_POINT('',(725.,-440.,-5.2465E+03));
#1743 = DIRECTION('',(0.,0.,1.));
#1744 = DIRECTION('',(1.,0.,-0.));
#1745 = PCURVE('',#1717,#1746);
#1746 = DEFINITIONAL_REPRESENTATION('',(#1747),#1751);
#1747 = CIRCLE('',#1748,31.35);
#1748 = AXIS2_PLACEMENT_2D('',#1749,#1750);
#1749 = CARTESIAN_POINT('',(0.,0.));
#1750 = DIRECTION('',(1.,0.));
#1751 = ( GEOMETRIC_REPRESENTATION_CONTEXT(2) 
PARAMETRIC_REPRESENTATION_CONTEXT() REPRESENTATION_CONTEXT('2D SPACE',''
  ) );
#1752 = PCURVE('',#1753,#1758);
#1753 = CYLINDRICAL_SURFACE('',#1754,31.35);
#1754 = AXIS2_PLACEMENT_3D('',#1755,#1756,#1757);
#1755 = CARTESIAN_POINT('',(725.,-440.,-5.2465E+03));
#1756 = DIRECTION('',(0.,0.,1.));
#1757 = DIRECTION('',(1.,0.,-0.));
#1758 = DEFINITIONAL_REPRESENTATION('',(#1759),#1763);
#1759 = LINE('',#1760,#1761);
#1760 = CARTESIAN_POINT('',(0.,0.));
#1761 = VECTOR('',#1762,1.);
#1762 = DIRECTION('',(1.,0.));
#1763 = ( GEOMETRIC_REPRESENTATION_CONTEXT(2) 
PARAMETRIC_REPRESENTATION_CONTEXT() REPRESENTATION_CONTEXT('2D SPACE',''
  ) );
#1764 = ADVANCED_FACE('',(#1765),#1753,.T.);
#1765 = FACE_BOUND('',#1766,.T.);
#1766 = EDGE_LOOP('',(#1767,#1796,#1817,#1818));
#1767 = ORIENTED_EDGE('',*,*,#1768,.F.);
#1768 = EDGE_CURVE('',#1769,#1769,#1771,.T.);
#1769 = VERTEX_POINT('',#1770);
#1770 = CARTESIAN_POINT('',(756.35,-440.,1.8408E+03));
#1771 = SURFACE_CURVE('',#1772,(#1777,#1784),.PCURVE_S1.);
#1772 = CIRCLE('',#1773,31.35);
#1773 = AXIS2_PLACEMENT_3D('',#1774,#1775,#1776);
#1774 = CARTESIAN_POINT('',(725.,-440.,1.8408E+03));
#1775 = DIRECTION('',(0.,0.,1.));
#1776 = DIRECTION('',(1.,0.,-0.));
#1777 = PCURVE('',#1753,#1778);
#1778 = DEFINITIONAL_REPRESENTATION('',(#1779),#1783);
#1779 = LINE('',#1780,#1781);
#1780 = CARTESIAN_POINT('',(0.,7.0873E+03));
#1781 = VECTOR('',#1782,1.);
#1782 = DIRECTION('',(1.,0.));
#1783 = ( GEOMETRIC_REPRESENTATION_CONTEXT(2) 
PARAMETRIC_REPRESENTATION_CONTEXT() REPRESENTATION_CONTEXT('2D SPACE',''
  ) );
#1784 = PCURVE('',#1785,#1790);
#1785 = PLANE('',#1786);
#1786 = AXIS2_PLACEMENT_3D('',#1787,#1788,#1789);
#1787 = CARTESIAN_POINT('',(725.,-440.,1.8408E+03));
#1788 = DIRECTION('',(0.,0.,1.));
#1789 = DIRECTION('',(1.,0.,-0.));
#1790 = DEFINITIONAL_REPRESENTATION('',(#1791),#1795);
#1791 = CIRCLE('',#1792,31.35);
#1792 = AXIS2_PLACEMENT_2D('',#1793,#1794);
#1793 = CARTESIAN_POINT('',(0.,0.));
#1794 = DIRECTION('',(1.,0.));
#1795 = ( GEOMETRIC_REPRESENTATION_CONTEXT(2) 
PARAMETRIC_REPRESENTATION_CONTEXT() REPRESENTATION_CONTEXT('2D SPACE',''
  ) );
#1796 = ORIENTED_EDGE('',*,*,#1797,.F.);
#1797 = EDGE_CURVE('',#1737,#1769,#1798,.T.);
#1798 = SEAM_CURVE('',#1799,(#1803,#1810),.PCURVE_S1.);
#1799 = LINE('',#1800,#1801);
#1800 = CARTESIAN_POINT('',(756.35,-440.,-5.2465E+03));
#1801 = VECTOR('',#1802,1.);
#1802 = DIRECTION('',(0.,0.,1.));
#1803 = PCURVE('',#1753,#1804);
#1804 = DEFINITIONAL_REPRESENTATION('',(#1805),#1809);
#1805 = LINE('',#1806,#1807);
#1806 = CARTESIAN_POINT('',(6.28318530718,-0.));
#1807 = VECTOR('',#1808,1.);
#1808 = DIRECTION('',(0.,1.));
#1809 = ( GEOMETRIC_REPRESENTATION_CONTEXT(2) 
PARAMETRIC_REPRESENTATION_CONTEXT() REPRESENTATION_CONTEXT('2D SPACE',''
  ) );
#1810 = PCURVE('',#1753,#1811);
#1811 = DEFINITIONAL_REPRESENTATION('',(#1812),#1816);
#1812 = LINE('',#1813,#1814);
#1813 = CARTESIAN_POINT('',(0.,-0.));
#1814 = VECTOR('',#1815,1.);
#1815 = DIRECTION('',(0.,1.));
#1816 = ( GEOMETRIC_REPRESENTATION_CONTEXT(2) 
PARAMETRIC_REPRESENTATION_CONTEXT() REPRESENTATION_CONTEXT('2D SPACE',''
  ) );
#1817 = ORIENTED_EDGE('',*,*,#1736,.T.);
#1818 = ORIENTED_EDGE('',*,*,#1797,.T.);
#1819 = ADVANCED_FACE('',(#1820,#1823,#1854,#1885,#1916,#1947,#1978,
    #2009),#1785,.T.);
#1820 = FACE_BOUND('',#1821,.T.);
#1821 = EDGE_LOOP('',(#1822));
#1822 = ORIENTED_EDGE('',*,*,#1768,.T.);
#1823 = FACE_BOUND('',#1824,.T.);
#1824 = EDGE_LOOP('',(#1825));
#1825 = ORIENTED_EDGE('',*,*,#1826,.F.);
#1826 = EDGE_CURVE('',#1827,#1827,#1829,.T.);
#1827 = VERTEX_POINT('',#1828);
#1828 = CARTESIAN_POINT('',(722.75,-451.691342951,1.8408E+03));
#1829 = SURFACE_CURVE('',#1830,(#1835,#1842),.PCURVE_S1.);
#1830 = CIRCLE('',#1831,4.5);
#1831 = AXIS2_PLACEMENT_3D('',#1832,#1833,#1834);
#1832 = CARTESIAN_POINT('',(718.25,-451.691342951,1.8408E+03));
#1833 = DIRECTION('',(0.,0.,1.));
#1834 = DIRECTION('',(1.,0.,-0.));
#1835 = PCURVE('',#1785,#1836);
#1836 = DEFINITIONAL_REPRESENTATION('',(#1837),#1841);
#1837 = CIRCLE('',#1838,4.5);
#1838 = AXIS2_PLACEMENT_2D('',#1839,#1840);
#1839 = CARTESIAN_POINT('',(-6.75,-11.69134295109));
#1840 = DIRECTION('',(1.,0.));
#1841 = ( GEOMETRIC_REPRESENTATION_CONTEXT(2) 
PARAMETRIC_REPRESENTATION_CONTEXT() REPRESENTATION_CONTEXT('2D SPACE',''
  ) );
#1842 = PCURVE('',#1843,#1848);
#1843 = CYLINDRICAL_SURFACE('',#1844,4.5);
#1844 = AXIS2_PLACEMENT_3D('',#1845,#1846,#1847);
#1845 = CARTESIAN_POINT('',(718.25,-451.691342951,1.8408E+03));
#1846 = DIRECTION('',(0.,0.,1.));
#1847 = DIRECTION('',(1.,0.,-0.));
#1848 = DEFINITIONAL_REPRESENTATION('',(#1849),#1853);
#1849 = LINE('',#1850,#1851);
#1850 = CARTESIAN_POINT('',(0.,0.));
#1851 = VECTOR('',#1852,1.);
#1852 = DIRECTION('',(1.,0.));
#1853 = ( GEOMETRIC_REPRESENTATION_CONTEXT(2) 
PARAMETRIC_REPRESENTATION_CONTEXT() REPRESENTATION_CONTEXT('2D SPACE',''
  ) );
#1854 = FACE_BOUND('',#1855,.T.);
#1855 = EDGE_LOOP('',(#1856));
#1856 = ORIENTED_EDGE('',*,*,#1857,.F.);
#1857 = EDGE_CURVE('',#1858,#1858,#1860,.T.);
#1858 = VERTEX_POINT('',#1859);
#1859 = CARTESIAN_POINT('',(716.,-440.,1.8408E+03));
#1860 = SURFACE_CURVE('',#1861,(#1866,#1873),.PCURVE_S1.);
#1861 = CIRCLE('',#1862,4.5);
#1862 = AXIS2_PLACEMENT_3D('',#1863,#1864,#1865);
#1863 = CARTESIAN_POINT('',(711.5,-440.,1.8408E+03));
#1864 = DIRECTION('',(0.,0.,1.));
#1865 = DIRECTION('',(1.,0.,-0.));
#1866 = PCURVE('',#1785,#1867);
#1867 = DEFINITIONAL_REPRESENTATION('',(#1868),#1872);
#1868 = CIRCLE('',#1869,4.5);
#1869 = AXIS2_PLACEMENT_2D('',#1870,#1871);
#1870 = CARTESIAN_POINT('',(-13.5,0.));
#1871 = DIRECTION('',(1.,0.));
#1872 = ( GEOMETRIC_REPRESENTATION_CONTEXT(2) 
PARAMETRIC_REPRESENTATION_CONTEXT() REPRESENTATION_CONTEXT('2D SPACE',''
  ) );
#1873 = PCURVE('',#1874,#1879);
#1874 = CYLINDRICAL_SURFACE('',#1875,4.5);
#1875 = AXIS2_PLACEMENT_3D('',#1876,#1877,#1878);
#1876 = CARTESIAN_POINT('',(711.5,-440.,1.8408E+03));
#1877 = DIRECTION('',(0.,0.,1.));
#1878 = DIRECTION('',(1.,0.,-0.));
#1879 = DEFINITIONAL_REPRESENTATION('',(#1880),#1884);
#1880 = LINE('',#1881,#1882);
#1881 = CARTESIAN_POINT('',(0.,0.));
#1882 = VECTOR('',#1883,1.);
#1883 = DIRECTION('',(1.,0.));
#1884 = ( GEOMETRIC_REPRESENTATION_CONTEXT(2) 
PARAMETRIC_REPRESENTATION_CONTEXT() REPRESENTATION_CONTEXT('2D SPACE',''
  ) );
#1885 = FACE_BOUND('',#1886,.T.);
#1886 = EDGE_LOOP('',(#1887));
#1887 = ORIENTED_EDGE('',*,*,#1888,.F.);
#1888 = EDGE_CURVE('',#1889,#1889,#1891,.T.);
#1889 = VERTEX_POINT('',#1890);
#1890 = CARTESIAN_POINT('',(736.25,-451.691342951,1.8408E+03));
#1891 = SURFACE_CURVE('',#1892,(#1897,#1904),.PCURVE_S1.);
#1892 = CIRCLE('',#1893,4.5);
#1893 = AXIS2_PLACEMENT_3D('',#1894,#1895,#1896);
#1894 = CARTESIAN_POINT('',(731.75,-451.691342951,1.8408E+03));
#1895 = DIRECTION('',(0.,0.,1.));
#1896 = DIRECTION('',(1.,0.,-0.));
#1897 = PCURVE('',#1785,#1898);
#1898 = DEFINITIONAL_REPRESENTATION('',(#1899),#1903);
#1899 = CIRCLE('',#1900,4.5);
#1900 = AXIS2_PLACEMENT_2D('',#1901,#1902);
#1901 = CARTESIAN_POINT('',(6.75,-11.69134295109));
#1902 = DIRECTION('',(1.,0.));
#1903 = ( GEOMETRIC_REPRESENTATION_CONTEXT(2) 
PARAMETRIC_REPRESENTATION_CONTEXT() REPRESENTATION_CONTEXT('2D SPACE',''
  ) );
#1904 = PCURVE('',#1905,#1910);
#1905 = CYLINDRICAL_SURFACE('',#1906,4.5);
#1906 = AXIS2_PLACEMENT_3D('',#1907,#1908,#1909);
#1907 = CARTESIAN_POINT('',(731.75,-451.691342951,1.8408E+03));
#1908 = DIRECTION('',(0.,0.,1.));
#1909 = DIRECTION('',(1.,0.,-0.));
#1910 = DEFINITIONAL_REPRESENTATION('',(#1911),#1915);
#1911 = LINE('',#1912,#1913);
#1912 = CARTESIAN_POINT('',(0.,0.));
#1913 = VECTOR('',#1914,1.);
#1914 = DIRECTION('',(1.,0.));
#1915 = ( GEOMETRIC_REPRESENTATION_CONTEXT(2) 
PARAMETRIC_REPRESENTATION_CONTEXT() REPRESENTATION_CONTEXT('2D SPACE',''
  ) );
#1916 = FACE_BOUND('',#1917,.T.);
#1917 = EDGE_LOOP('',(#1918));
#1918 = ORIENTED_EDGE('',*,*,#1919,.F.);
#1919 = EDGE_CURVE('',#1920,#1920,#1922,.T.);
#1920 = VERTEX_POINT('',#1921);
#1921 = CARTESIAN_POINT('',(729.5,-440.,1.8408E+03));
#1922 = SURFACE_CURVE('',#1923,(#1928,#1935),.PCURVE_S1.);
#1923 = CIRCLE('',#1924,4.5);
#1924 = AXIS2_PLACEMENT_3D('',#1925,#1926,#1927);
#1925 = CARTESIAN_POINT('',(725.,-440.,1.8408E+03));
#1926 = DIRECTION('',(0.,0.,1.));
#1927 = DIRECTION('',(1.,0.,-0.));
#1928 = PCURVE('',#1785,#1929);
#1929 = DEFINITIONAL_REPRESENTATION('',(#1930),#1934);
#1930 = CIRCLE('',#1931,4.5);
#1931 = AXIS2_PLACEMENT_2D('',#1932,#1933);
#1932 = CARTESIAN_POINT('',(0.,0.));
#1933 = DIRECTION('',(1.,0.));
#1934 = ( GEOMETRIC_REPRESENTATION_CONTEXT(2) 
PARAMETRIC_REPRESENTATION_CONTEXT() REPRESENTATION_CONTEXT('2D SPACE',''
  ) );
#1935 = PCURVE('',#1936,#1941);
#1936 = CYLINDRICAL_SURFACE('',#1937,4.5);
#1937 = AXIS2_PLACEMENT_3D('',#1938,#1939,#1940);
#1938 = CARTESIAN_POINT('',(725.,-440.,1.8408E+03));
#1939 = DIRECTION('',(0.,0.,1.));
#1940 = DIRECTION('',(1.,0.,-0.));
#1941 = DEFINITIONAL_REPRESENTATION('',(#1942),#1946);
#1942 = LINE('',#1943,#1944);
#1943 = CARTESIAN_POINT('',(0.,0.));
#1944 = VECTOR('',#1945,1.);
#1945 = DIRECTION('',(1.,0.));
#1946 = ( GEOMETRIC_REPRESENTATION_CONTEXT(2) 
PARAMETRIC_REPRESENTATION_CONTEXT() REPRESENTATION_CONTEXT('2D SPACE',''
  ) );
#1947 = FACE_BOUND('',#1948,.T.);
#1948 = EDGE_LOOP('',(#1949));
#1949 = ORIENTED_EDGE('',*,*,#1950,.F.);
#1950 = EDGE_CURVE('',#1951,#1951,#1953,.T.);
#1951 = VERTEX_POINT('',#1952);
#1952 = CARTESIAN_POINT('',(743.,-440.,1.8408E+03));
#1953 = SURFACE_CURVE('',#1954,(#1959,#1966),.PCURVE_S1.);
#1954 = CIRCLE('',#1955,4.5);
#1955 = AXIS2_PLACEMENT_3D('',#1956,#1957,#1958);
#1956 = CARTESIAN_POINT('',(738.5,-440.,1.8408E+03));
#1957 = DIRECTION('',(0.,0.,1.));
#1958 = DIRECTION('',(1.,0.,-0.));
#1959 = PCURVE('',#1785,#1960);
#1960 = DEFINITIONAL_REPRESENTATION('',(#1961),#1965);
#1961 = CIRCLE('',#1962,4.5);
#1962 = AXIS2_PLACEMENT_2D('',#1963,#1964);
#1963 = CARTESIAN_POINT('',(13.5,0.));
#1964 = DIRECTION('',(1.,0.));
#1965 = ( GEOMETRIC_REPRESENTATION_CONTEXT(2) 
PARAMETRIC_REPRESENTATION_CONTEXT() REPRESENTATION_CONTEXT('2D SPACE',''
  ) );
#1966 = PCURVE('',#1967,#1972);
#1967 = CYLINDRICAL_SURFACE('',#1968,4.5);
#1968 = AXIS2_PLACEMENT_3D('',#1969,#1970,#1971);
#1969 = CARTESIAN_POINT('',(738.5,-440.,1.8408E+03));
#1970 = DIRECTION('',(0.,0.,1.));
#1971 = DIRECTION('',(1.,0.,-0.));
#1972 = DEFINITIONAL_REPRESENTATION('',(#1973),#1977);
#1973 = LINE('',#1974,#1975);
#1974 = CARTESIAN_POINT('',(0.,0.));
#1975 = VECTOR('',#1976,1.);
#1976 = DIRECTION('',(1.,0.));
#1977 = ( GEOMETRIC_REPRESENTATION_CONTEXT(2) 
PARAMETRIC_REPRESENTATION_CONTEXT() REPRESENTATION_CONTEXT('2D SPACE',''
  ) );
#1978 = FACE_BOUND('',#1979,.T.);
#1979 = EDGE_LOOP('',(#1980));
#1980 = ORIENTED_EDGE('',*,*,#1981,.F.);
#1981 = EDGE_CURVE('',#1982,#1982,#1984,.T.);
#1982 = VERTEX_POINT('',#1983);
#1983 = CARTESIAN_POINT('',(722.75,-428.3086570489,1.8408E+03));
#1984 = SURFACE_CURVE('',#1985,(#1990,#1997),.PCURVE_S1.);
#1985 = CIRCLE('',#1986,4.5);
#1986 = AXIS2_PLACEMENT_3D('',#1987,#1988,#1989);
#1987 = CARTESIAN_POINT('',(718.25,-428.3086570489,1.8408E+03));
#1988 = DIRECTION('',(0.,0.,1.));
#1989 = DIRECTION('',(1.,0.,-0.));
#1990 = PCURVE('',#1785,#1991);
#1991 = DEFINITIONAL_REPRESENTATION('',(#1992),#1996);
#1992 = CIRCLE('',#1993,4.5);
#1993 = AXIS2_PLACEMENT_2D('',#1994,#1995);
#1994 = CARTESIAN_POINT('',(-6.75,11.69134295109));
#1995 = DIRECTION('',(1.,0.));
#1996 = ( GEOMETRIC_REPRESENTATION_CONTEXT(2) 
PARAMETRIC_REPRESENTATION_CONTEXT() REPRESENTATION_CONTEXT('2D SPACE',''
  ) );
#1997 = PCURVE('',#1998,#2003);
#1998 = CYLINDRICAL_SURFACE('',#1999,4.5);
#1999 = AXIS2_PLACEMENT_3D('',#2000,#2001,#2002);
#2000 = CARTESIAN_POINT('',(718.25,-428.3086570489,1.8408E+03));
#2001 = DIRECTION('',(0.,0.,1.));
#2002 = DIRECTION('',(1.,0.,-0.));
#2003 = DEFINITIONAL_REPRESENTATION('',(#2004),#2008);
#2004 = LINE('',#2005,#2006);
#2005 = CARTESIAN_POINT('',(0.,0.));
#2006 = VECTOR('',#2007,1.);
#2007 = DIRECTION('',(1.,0.));
#2008 = ( GEOMETRIC_REPRESENTATION_CONTEXT(2) 
PARAMETRIC_REPRESENTATION_CONTEXT() REPRESENTATION_CONTEXT('2D SPACE',''
  ) );
#2009 = FACE_BOUND('',#2010,.T.);
#2010 = EDGE_LOOP('',(#2011));
#2011 = ORIENTED_EDGE('',*,*,#2012,.F.);
#2012 = EDGE_CURVE('',#2013,#2013,#2015,.T.);
#2013 = VERTEX_POINT('',#2014);
#2014 = CARTESIAN_POINT('',(736.25,-428.3086570489,1.8408E+03));
#2015 = SURFACE_CURVE('',#2016,(#2021,#2028),.PCURVE_S1.);
#2016 = CIRCLE('',#2017,4.5);
#2017 = AXIS2_PLACEMENT_3D('',#2018,#2019,#2020);
#2018 = CARTESIAN_POINT('',(731.75,-428.3086570489,1.8408E+03));
#2019 = DIRECTION('',(0.,0.,1.));
#2020 = DIRECTION('',(1.,0.,-0.));
#2021 = PCURVE('',#1785,#2022);
#2022 = DEFINITIONAL_REPRESENTATION('',(#2023),#2027);
#2023 = CIRCLE('',#2024,4.5);
#2024 = AXIS2_PLACEMENT_2D('',#2025,#2026);
#2025 = CARTESIAN_POINT('',(6.75,11.69134295109));
#2026 = DIRECTION('',(1.,0.));
#2027 = ( GEOMETRIC_REPRESENTATION_CONTEXT(2) 
PARAMETRIC_REPRESENTATION_CONTEXT() REPRESENTATION_CONTEXT('2D SPACE',''
  ) );
#2028 = PCURVE('',#2029,#2034);
#2029 = CYLINDRICAL_SURFACE('',#2030,4.5);
#2030 = AXIS2_PLACEMENT_3D('',#2031,#2032,#2033);
#2031 = CARTESIAN_POINT('',(731.75,-428.3086570489,1.8408E+03));
#2032 = DIRECTION('',(0.,0.,1.));
#2033 = DIRECTION('',(1.,0.,-0.));
#2034 = DEFINITIONAL_REPRESENTATION('',(#2035),#2039);
#2035 = LINE('',#2036,#2037);
#2036 = CARTESIAN_POINT('',(0.,0.));
#2037 = VECTOR('',#2038,1.);
#2038 = DIRECTION('',(1.,0.));
#2039 = ( GEOMETRIC_REPRESENTATION_CONTEXT(2) 
PARAMETRIC_REPRESENTATION_CONTEXT() REPRESENTATION_CONTEXT('2D SPACE',''
  ) );
#2040 = ADVANCED_FACE('',(#2041),#2029,.T.);
#2041 = FACE_BOUND('',#2042,.T.);
#2042 = EDGE_LOOP('',(#2043,#2072,#2093,#2094));
#2043 = ORIENTED_EDGE('',*,*,#2044,.F.);
#2044 = EDGE_CURVE('',#2045,#2045,#2047,.T.);
#2045 = VERTEX_POINT('',#2046);
#2046 = CARTESIAN_POINT('',(736.25,-428.3086570489,1.8655E+03));
#2047 = SURFACE_CURVE('',#2048,(#2053,#2060),.PCURVE_S1.);
#2048 = CIRCLE('',#2049,4.5);
#2049 = AXIS2_PLACEMENT_3D('',#2050,#2051,#2052);
#2050 = CARTESIAN_POINT('',(731.75,-428.3086570489,1.8655E+03));
#2051 = DIRECTION('',(0.,0.,1.));
#2052 = DIRECTION('',(1.,0.,-0.));
#2053 = PCURVE('',#2029,#2054);
#2054 = DEFINITIONAL_REPRESENTATION('',(#2055),#2059);
#2055 = LINE('',#2056,#2057);
#2056 = CARTESIAN_POINT('',(0.,24.7));
#2057 = VECTOR('',#2058,1.);
#2058 = DIRECTION('',(1.,0.));
#2059 = ( GEOMETRIC_REPRESENTATION_CONTEXT(2) 
PARAMETRIC_REPRESENTATION_CONTEXT() REPRESENTATION_CONTEXT('2D SPACE',''
  ) );
#2060 = PCURVE('',#2061,#2066);
#2061 = PLANE('',#2062);
#2062 = AXIS2_PLACEMENT_3D('',#2063,#2064,#2065);
#2063 = CARTESIAN_POINT('',(725.,-440.,1.8655E+03));
#2064 = DIRECTION('',(0.,0.,1.));
#2065 = DIRECTION('',(1.,0.,-0.));
#2066 = DEFINITIONAL_REPRESENTATION('',(#2067),#2071);
#2067 = CIRCLE('',#2068,4.5);
#2068 = AXIS2_PLACEMENT_2D('',#2069,#2070);
#2069 = CARTESIAN_POINT('',(6.75,11.69134295109));
#2070 = DIRECTION('',(1.,0.));
#2071 = ( GEOMETRIC_REPRESENTATION_CONTEXT(2) 
PARAMETRIC_REPRESENTATION_CONTEXT() REPRESENTATION_CONTEXT('2D SPACE',''
  ) );
#2072 = ORIENTED_EDGE('',*,*,#2073,.F.);
#2073 = EDGE_CURVE('',#2013,#2045,#2074,.T.);
#2074 = SEAM_CURVE('',#2075,(#2079,#2086),.PCURVE_S1.);
#2075 = LINE('',#2076,#2077);
#2076 = CARTESIAN_POINT('',(736.25,-428.3086570489,1.8408E+03));
#2077 = VECTOR('',#2078,1.);
#2078 = DIRECTION('',(0.,0.,1.));
#2079 = PCURVE('',#2029,#2080);
#2080 = DEFINITIONAL_REPRESENTATION('',(#2081),#2085);
#2081 = LINE('',#2082,#2083);
#2082 = CARTESIAN_POINT('',(6.28318530718,-0.));
#2083 = VECTOR('',#2084,1.);
#2084 = DIRECTION('',(0.,1.));
#2085 = ( GEOMETRIC_REPRESENTATION_CONTEXT(2) 
PARAMETRIC_REPRESENTATION_CONTEXT() REPRESENTATION_CONTEXT('2D SPACE',''
  ) );
#2086 = PCURVE('',#2029,#2087);
#2087 = DEFINITIONAL_REPRESENTATION('',(#2088),#2092);
#2088 = LINE('',#2089,#2090);
#2089 = CARTESIAN_POINT('',(0.,-0.));
#2090 = VECTOR('',#2091,1.);
#2091 = DIRECTION('',(0.,1.));
#2092 = ( GEOMETRIC_REPRESENTATION_CONTEXT(2) 
PARAMETRIC_REPRESENTATION_CONTEXT() REPRESENTATION_CONTEXT('2D SPACE',''
  ) );
#2093 = ORIENTED_EDGE('',*,*,#2012,.T.);
#2094 = ORIENTED_EDGE('',*,*,#2073,.T.);
#2095 = ADVANCED_FACE('',(#2096,#2127,#2153,#2179,#2205,#2231,#2257,
    #2283),#2061,.F.);
#2096 = FACE_BOUND('',#2097,.F.);
#2097 = EDGE_LOOP('',(#2098));
#2098 = ORIENTED_EDGE('',*,*,#2099,.T.);
#2099 = EDGE_CURVE('',#2100,#2100,#2102,.T.);
#2100 = VERTEX_POINT('',#2101);
#2101 = CARTESIAN_POINT('',(776.15,-440.,1.8655E+03));
#2102 = SURFACE_CURVE('',#2103,(#2108,#2115),.PCURVE_S1.);
#2103 = CIRCLE('',#2104,51.15);
#2104 = AXIS2_PLACEMENT_3D('',#2105,#2106,#2107);
#2105 = CARTESIAN_POINT('',(725.,-440.,1.8655E+03));
#2106 = DIRECTION('',(0.,0.,1.));
#2107 = DIRECTION('',(1.,0.,-0.));
#2108 = PCURVE('',#2061,#2109);
#2109 = DEFINITIONAL_REPRESENTATION('',(#2110),#2114);
#2110 = CIRCLE('',#2111,51.15);
#2111 = AXIS2_PLACEMENT_2D('',#2112,#2113);
#2112 = CARTESIAN_POINT('',(0.,0.));
#2113 = DIRECTION('',(1.,0.));
#2114 = ( GEOMETRIC_REPRESENTATION_CONTEXT(2) 
PARAMETRIC_REPRESENTATION_CONTEXT() REPRESENTATION_CONTEXT('2D SPACE',''
  ) );
#2115 = PCURVE('',#2116,#2121);
#2116 = CONICAL_SURFACE('',#2117,51.15,0.777430204536);
#2117 = AXIS2_PLACEMENT_3D('',#2118,#2119,#2120);
#2118 = CARTESIAN_POINT('',(725.,-440.,1.8655E+03));
#2119 = DIRECTION('',(-0.,-0.,-1.));
#2120 = DIRECTION('',(1.,0.,-0.));
#2121 = DEFINITIONAL_REPRESENTATION('',(#2122),#2126);
#2122 = LINE('',#2123,#2124);
#2123 = CARTESIAN_POINT('',(-0.,-0.));
#2124 = VECTOR('',#2125,1.);
#2125 = DIRECTION('',(-1.,-0.));
#2126 = ( GEOMETRIC_REPRESENTATION_CONTEXT(2) 
PARAMETRIC_REPRESENTATION_CONTEXT() REPRESENTATION_CONTEXT('2D SPACE',''
  ) );
#2127 = FACE_BOUND('',#2128,.F.);
#2128 = EDGE_LOOP('',(#2129));
#2129 = ORIENTED_EDGE('',*,*,#2130,.F.);
#2130 = EDGE_CURVE('',#2131,#2131,#2133,.T.);
#2131 = VERTEX_POINT('',#2132);
#2132 = CARTESIAN_POINT('',(722.75,-451.691342951,1.8655E+03));
#2133 = SURFACE_CURVE('',#2134,(#2139,#2146),.PCURVE_S1.);
#2134 = CIRCLE('',#2135,4.5);
#2135 = AXIS2_PLACEMENT_3D('',#2136,#2137,#2138);
#2136 = CARTESIAN_POINT('',(718.25,-451.691342951,1.8655E+03));
#2137 = DIRECTION('',(0.,0.,1.));
#2138 = DIRECTION('',(1.,0.,-0.));
#2139 = PCURVE('',#2061,#2140);
#2140 = DEFINITIONAL_REPRESENTATION('',(#2141),#2145);
#2141 = CIRCLE('',#2142,4.5);
#2142 = AXIS2_PLACEMENT_2D('',#2143,#2144);
#2143 = CARTESIAN_POINT('',(-6.75,-11.69134295109));
#2144 = DIRECTION('',(1.,0.));
#2145 = ( GEOMETRIC_REPRESENTATION_CONTEXT(2) 
PARAMETRIC_REPRESENTATION_CONTEXT() REPRESENTATION_CONTEXT('2D SPACE',''
  ) );
#2146 = PCURVE('',#1843,#2147);
#2147 = DEFINITIONAL_REPRESENTATION('',(#2148),#2152);
#2148 = LINE('',#2149,#2150);
#2149 = CARTESIAN_POINT('',(0.,24.7));
#2150 = VECTOR('',#2151,1.);
#2151 = DIRECTION('',(1.,0.));
#2152 = ( GEOMETRIC_REPRESENTATION_CONTEXT(2) 
PARAMETRIC_REPRESENTATION_CONTEXT() REPRESENTATION_CONTEXT('2D SPACE',''
  ) );
#2153 = FACE_BOUND('',#2154,.F.);
#2154 = EDGE_LOOP('',(#2155));
#2155 = ORIENTED_EDGE('',*,*,#2156,.F.);
#2156 = EDGE_CURVE('',#2157,#2157,#2159,.T.);
#2157 = VERTEX_POINT('',#2158);
#2158 = CARTESIAN_POINT('',(716.,-440.,1.8655E+03));
#2159 = SURFACE_CURVE('',#2160,(#2165,#2172),.PCURVE_S1.);
#2160 = CIRCLE('',#2161,4.5);
#2161 = AXIS2_PLACEMENT_3D('',#2162,#2163,#2164);
#2162 = CARTESIAN_POINT('',(711.5,-440.,1.8655E+03));
#2163 = DIRECTION('',(0.,0.,1.));
#2164 = DIRECTION('',(1.,0.,-0.));
#2165 = PCURVE('',#2061,#2166);
#2166 = DEFINITIONAL_REPRESENTATION('',(#2167),#2171);
#2167 = CIRCLE('',#2168,4.5);
#2168 = AXIS2_PLACEMENT_2D('',#2169,#2170);
#2169 = CARTESIAN_POINT('',(-13.5,0.));
#2170 = DIRECTION('',(1.,0.));
#2171 = ( GEOMETRIC_REPRESENTATION_CONTEXT(2) 
PARAMETRIC_REPRESENTATION_CONTEXT() REPRESENTATION_CONTEXT('2D SPACE',''
  ) );
#2172 = PCURVE('',#1874,#2173);
#2173 = DEFINITIONAL_REPRESENTATION('',(#2174),#2178);
#2174 = LINE('',#2175,#2176);
#2175 = CARTESIAN_POINT('',(0.,24.7));
#2176 = VECTOR('',#2177,1.);
#2177 = DIRECTION('',(1.,0.));
#2178 = ( GEOMETRIC_REPRESENTATION_CONTEXT(2) 
PARAMETRIC_REPRESENTATION_CONTEXT() REPRESENTATION_CONTEXT('2D SPACE',''
  ) );
#2179 = FACE_BOUND('',#2180,.F.);
#2180 = EDGE_LOOP('',(#2181));
#2181 = ORIENTED_EDGE('',*,*,#2182,.F.);
#2182 = EDGE_CURVE('',#2183,#2183,#2185,.T.);
#2183 = VERTEX_POINT('',#2184);
#2184 = CARTESIAN_POINT('',(736.25,-451.691342951,1.8655E+03));
#2185 = SURFACE_CURVE('',#2186,(#2191,#2198),.PCURVE_S1.);
#2186 = CIRCLE('',#2187,4.5);
#2187 = AXIS2_PLACEMENT_3D('',#2188,#2189,#2190);
#2188 = CARTESIAN_POINT('',(731.75,-451.691342951,1.8655E+03));
#2189 = DIRECTION('',(0.,0.,1.));
#2190 = DIRECTION('',(1.,0.,-0.));
#2191 = PCURVE('',#2061,#2192);
#2192 = DEFINITIONAL_REPRESENTATION('',(#2193),#2197);
#2193 = CIRCLE('',#2194,4.5);
#2194 = AXIS2_PLACEMENT_2D('',#2195,#2196);
#2195 = CARTESIAN_POINT('',(6.75,-11.69134295109));
#2196 = DIRECTION('',(1.,0.));
#2197 = ( GEOMETRIC_REPRESENTATION_CONTEXT(2) 
PARAMETRIC_REPRESENTATION_CONTEXT() REPRESENTATION_CONTEXT('2D SPACE',''
  ) );
#2198 = PCURVE('',#1905,#2199);
#2199 = DEFINITIONAL_REPRESENTATION('',(#2200),#2204);
#2200 = LINE('',#2201,#2202);
#2201 = CARTESIAN_POINT('',(0.,24.7));
#2202 = VECTOR('',#2203,1.);
#2203 = DIRECTION('',(1.,0.));
#2204 = ( GEOMETRIC_REPRESENTATION_CONTEXT(2) 
PARAMETRIC_REPRESENTATION_CONTEXT() REPRESENTATION_CONTEXT('2D SPACE',''
  ) );
#2205 = FACE_BOUND('',#2206,.F.);
#2206 = EDGE_LOOP('',(#2207));
#2207 = ORIENTED_EDGE('',*,*,#2208,.F.);
#2208 = EDGE_CURVE('',#2209,#2209,#2211,.T.);
#2209 = VERTEX_POINT('',#2210);
#2210 = CARTESIAN_POINT('',(729.5,-440.,1.8655E+03));
#2211 = SURFACE_CURVE('',#2212,(#2217,#2224),.PCURVE_S1.);
#2212 = CIRCLE('',#2213,4.5);
#2213 = AXIS2_PLACEMENT_3D('',#2214,#2215,#2216);
#2214 = CARTESIAN_POINT('',(725.,-440.,1.8655E+03));
#2215 = DIRECTION('',(0.,0.,1.));
#2216 = DIRECTION('',(1.,0.,-0.));
#2217 = PCURVE('',#2061,#2218);
#2218 = DEFINITIONAL_REPRESENTATION('',(#2219),#2223);
#2219 = CIRCLE('',#2220,4.5);
#2220 = AXIS2_PLACEMENT_2D('',#2221,#2222);
#2221 = CARTESIAN_POINT('',(0.,0.));
#2222 = DIRECTION('',(1.,0.));
#2223 = ( GEOMETRIC_REPRESENTATION_CONTEXT(2) 
PARAMETRIC_REPRESENTATION_CONTEXT() REPRESENTATION_CONTEXT('2D SPACE',''
  ) );
#2224 = PCURVE('',#1936,#2225);
#2225 = DEFINITIONAL_REPRESENTATION('',(#2226),#2230);
#2226 = LINE('',#2227,#2228);
#2227 = CARTESIAN_POINT('',(0.,24.7));
#2228 = VECTOR('',#2229,1.);
#2229 = DIRECTION('',(1.,0.));
#2230 = ( GEOMETRIC_REPRESENTATION_CONTEXT(2) 
PARAMETRIC_REPRESENTATION_CONTEXT() REPRESENTATION_CONTEXT('2D SPACE',''
  ) );
#2231 = FACE_BOUND('',#2232,.F.);
#2232 = EDGE_LOOP('',(#2233));
#2233 = ORIENTED_EDGE('',*,*,#2234,.F.);
#2234 = EDGE_CURVE('',#2235,#2235,#2237,.T.);
#2235 = VERTEX_POINT('',#2236);
#2236 = CARTESIAN_POINT('',(743.,-440.,1.8655E+03));
#2237 = SURFACE_CURVE('',#2238,(#2243,#2250),.PCURVE_S1.);
#2238 = CIRCLE('',#2239,4.5);
#2239 = AXIS2_PLACEMENT_3D('',#2240,#2241,#2242);
#2240 = CARTESIAN_POINT('',(738.5,-440.,1.8655E+03));
#2241 = DIRECTION('',(0.,0.,1.));
#2242 = DIRECTION('',(1.,0.,-0.));
#2243 = PCURVE('',#2061,#2244);
#2244 = DEFINITIONAL_REPRESENTATION('',(#2245),#2249);
#2245 = CIRCLE('',#2246,4.5);
#2246 = AXIS2_PLACEMENT_2D('',#2247,#2248);
#2247 = CARTESIAN_POINT('',(13.5,0.));
#2248 = DIRECTION('',(1.,0.));
#2249 = ( GEOMETRIC_REPRESENTATION_CONTEXT(2) 
PARAMETRIC_REPRESENTATION_CONTEXT() REPRESENTATION_CONTEXT('2D SPACE',''
  ) );
#2250 = PCURVE('',#1967,#2251);
#2251 = DEFINITIONAL_REPRESENTATION('',(#2252),#2256);
#2252 = LINE('',#2253,#2254);
#2253 = CARTESIAN_POINT('',(0.,24.7));
#2254 = VECTOR('',#2255,1.);
#2255 = DIRECTION('',(1.,0.));
#2256 = ( GEOMETRIC_REPRESENTATION_CONTEXT(2) 
PARAMETRIC_REPRESENTATION_CONTEXT() REPRESENTATION_CONTEXT('2D SPACE',''
  ) );
#2257 = FACE_BOUND('',#2258,.F.);
#2258 = EDGE_LOOP('',(#2259));
#2259 = ORIENTED_EDGE('',*,*,#2260,.F.);
#2260 = EDGE_CURVE('',#2261,#2261,#2263,.T.);
#2261 = VERTEX_POINT('',#2262);
#2262 = CARTESIAN_POINT('',(722.75,-428.3086570489,1.8655E+03));
#2263 = SURFACE_CURVE('',#2264,(#2269,#2276),.PCURVE_S1.);
#2264 = CIRCLE('',#2265,4.5);
#2265 = AXIS2_PLACEMENT_3D('',#2266,#2267,#2268);
#2266 = CARTESIAN_POINT('',(718.25,-428.3086570489,1.8655E+03));
#2267 = DIRECTION('',(0.,0.,1.));
#2268 = DIRECTION('',(1.,0.,-0.));
#2269 = PCURVE('',#2061,#2270);
#2270 = DEFINITIONAL_REPRESENTATION('',(#2271),#2275);
#2271 = CIRCLE('',#2272,4.5);
#2272 = AXIS2_PLACEMENT_2D('',#2273,#2274);
#2273 = CARTESIAN_POINT('',(-6.75,11.69134295109));
#2274 = DIRECTION('',(1.,0.));
#2275 = ( GEOMETRIC_REPRESENTATION_CONTEXT(2) 
PARAMETRIC_REPRESENTATION_CONTEXT() REPRESENTATION_CONTEXT('2D SPACE',''
  ) );
#2276 = PCURVE('',#1998,#2277);
#2277 = DEFINITIONAL_REPRESENTATION('',(#2278),#2282);
#2278 = LINE('',#2279,#2280);
#2279 = CARTESIAN_POINT('',(0.,24.7));
#2280 = VECTOR('',#2281,1.);
#2281 = DIRECTION('',(1.,0.));
#2282 = ( GEOMETRIC_REPRESENTATION_CONTEXT(2) 
PARAMETRIC_REPRESENTATION_CONTEXT() REPRESENTATION_CONTEXT('2D SPACE',''
  ) );
#2283 = FACE_BOUND('',#2284,.F.);
#2284 = EDGE_LOOP('',(#2285));
#2285 = ORIENTED_EDGE('',*,*,#2044,.F.);
#2286 = ADVANCED_FACE('',(#2287),#2116,.T.);
#2287 = FACE_BOUND('',#2288,.T.);
#2288 = EDGE_LOOP('',(#2289,#2318,#2339,#2340));
#2289 = ORIENTED_EDGE('',*,*,#2290,.F.);
#2290 = EDGE_CURVE('',#2291,#2291,#2293,.T.);
#2291 = VERTEX_POINT('',#2292);
#2292 = CARTESIAN_POINT('',(751.25,-440.,1.8908E+03));
#2293 = SURFACE_CURVE('',#2294,(#2299,#2306),.PCURVE_S1.);
#2294 = CIRCLE('',#2295,26.25);
#2295 = AXIS2_PLACEMENT_3D('',#2296,#2297,#2298);
#2296 = CARTESIAN_POINT('',(725.,-440.,1.8908E+03));
#2297 = DIRECTION('',(0.,0.,1.));
#2298 = DIRECTION('',(1.,0.,-0.));
#2299 = PCURVE('',#2116,#2300);
#2300 = DEFINITIONAL_REPRESENTATION('',(#2301),#2305);
#2301 = LINE('',#2302,#2303);
#2302 = CARTESIAN_POINT('',(-0.,-25.3));
#2303 = VECTOR('',#2304,1.);
#2304 = DIRECTION('',(-1.,-0.));
#2305 = ( GEOMETRIC_REPRESENTATION_CONTEXT(2) 
PARAMETRIC_REPRESENTATION_CONTEXT() REPRESENTATION_CONTEXT('2D SPACE',''
  ) );
#2306 = PCURVE('',#2307,#2312);
#2307 = PLANE('',#2308);
#2308 = AXIS2_PLACEMENT_3D('',#2309,#2310,#2311);
#2309 = CARTESIAN_POINT('',(725.,-440.,1.8908E+03));
#2310 = DIRECTION('',(0.,0.,1.));
#2311 = DIRECTION('',(1.,0.,-0.));
#2312 = DEFINITIONAL_REPRESENTATION('',(#2313),#2317);
#2313 = CIRCLE('',#2314,26.25);
#2314 = AXIS2_PLACEMENT_2D('',#2315,#2316);
#2315 = CARTESIAN_POINT('',(0.,0.));
#2316 = DIRECTION('',(1.,0.));
#2317 = ( GEOMETRIC_REPRESENTATION_CONTEXT(2) 
PARAMETRIC_REPRESENTATION_CONTEXT() REPRESENTATION_CONTEXT('2D SPACE',''
  ) );
#2318 = ORIENTED_EDGE('',*,*,#2319,.F.);
#2319 = EDGE_CURVE('',#2100,#2291,#2320,.T.);
#2320 = SEAM_CURVE('',#2321,(#2325,#2332),.PCURVE_S1.);
#2321 = LINE('',#2322,#2323);
#2322 = CARTESIAN_POINT('',(776.15,-440.,1.8655E+03));
#2323 = VECTOR('',#2324,1.);
#2324 = DIRECTION('',(-0.701450196652,1.718057476182E-16,0.712718472903)
  );
#2325 = PCURVE('',#2116,#2326);
#2326 = DEFINITIONAL_REPRESENTATION('',(#2327),#2331);
#2327 = LINE('',#2328,#2329);
#2328 = CARTESIAN_POINT('',(-6.28318530718,0.));
#2329 = VECTOR('',#2330,1.);
#2330 = DIRECTION('',(-0.,-1.));
#2331 = ( GEOMETRIC_REPRESENTATION_CONTEXT(2) 
PARAMETRIC_REPRESENTATION_CONTEXT() REPRESENTATION_CONTEXT('2D SPACE',''
  ) );
#2332 = PCURVE('',#2116,#2333);
#2333 = DEFINITIONAL_REPRESENTATION('',(#2334),#2338);
#2334 = LINE('',#2335,#2336);
#2335 = CARTESIAN_POINT('',(0.,-0.));
#2336 = VECTOR('',#2337,1.);
#2337 = DIRECTION('',(-0.,-1.));
#2338 = ( GEOMETRIC_REPRESENTATION_CONTEXT(2) 
PARAMETRIC_REPRESENTATION_CONTEXT() REPRESENTATION_CONTEXT('2D SPACE',''
  ) );
#2339 = ORIENTED_EDGE('',*,*,#2099,.T.);
#2340 = ORIENTED_EDGE('',*,*,#2319,.T.);
#2341 = ADVANCED_FACE('',(#2342,#2373),#2307,.F.);
#2342 = FACE_BOUND('',#2343,.F.);
#2343 = EDGE_LOOP('',(#2344));
#2344 = ORIENTED_EDGE('',*,*,#2345,.T.);
#2345 = EDGE_CURVE('',#2346,#2346,#2348,.T.);
#2346 = VERTEX_POINT('',#2347);
#2347 = CARTESIAN_POINT('',(776.15,-440.,1.8908E+03));
#2348 = SURFACE_CURVE('',#2349,(#2354,#2361),.PCURVE_S1.);
#2349 = CIRCLE('',#2350,51.15);
#2350 = AXIS2_PLACEMENT_3D('',#2351,#2352,#2353);
#2351 = CARTESIAN_POINT('',(725.,-440.,1.8908E+03));
#2352 = DIRECTION('',(0.,0.,1.));
#2353 = DIRECTION('',(1.,0.,-0.));
#2354 = PCURVE('',#2307,#2355);
#2355 = DEFINITIONAL_REPRESENTATION('',(#2356),#2360);
#2356 = CIRCLE('',#2357,51.15);
#2357 = AXIS2_PLACEMENT_2D('',#2358,#2359);
#2358 = CARTESIAN_POINT('',(0.,0.));
#2359 = DIRECTION('',(1.,0.));
#2360 = ( GEOMETRIC_REPRESENTATION_CONTEXT(2) 
PARAMETRIC_REPRESENTATION_CONTEXT() REPRESENTATION_CONTEXT('2D SPACE',''
  ) );
#2361 = PCURVE('',#2362,#2367);
#2362 = CYLINDRICAL_SURFACE('',#2363,51.15);
#2363 = AXIS2_PLACEMENT_3D('',#2364,#2365,#2366);
#2364 = CARTESIAN_POINT('',(725.,-440.,1.8908E+03));
#2365 = DIRECTION('',(0.,0.,1.));
#2366 = DIRECTION('',(1.,0.,-0.));
#2367 = DEFINITIONAL_REPRESENTATION('',(#2368),#2372);
#2368 = LINE('',#2369,#2370);
#2369 = CARTESIAN_POINT('',(0.,0.));
#2370 = VECTOR('',#2371,1.);
#2371 = DIRECTION('',(1.,0.));
#2372 = ( GEOMETRIC_REPRESENTATION_CONTEXT(2) 
PARAMETRIC_REPRESENTATION_CONTEXT() REPRESENTATION_CONTEXT('2D SPACE',''
  ) );
#2373 = FACE_BOUND('',#2374,.F.);
#2374 = EDGE_LOOP('',(#2375));
#2375 = ORIENTED_EDGE('',*,*,#2290,.F.);
#2376 = ADVANCED_FACE('',(#2377,#2795),#2362,.T.);
#2377 = FACE_BOUND('',#2378,.T.);
#2378 = EDGE_LOOP('',(#2379,#2380,#2403,#2488,#2517,#2687,#2716,#2794));
#2379 = ORIENTED_EDGE('',*,*,#2345,.T.);
#2380 = ORIENTED_EDGE('',*,*,#2381,.T.);
#2381 = EDGE_CURVE('',#2346,#2382,#2384,.T.);
#2382 = VERTEX_POINT('',#2383);
#2383 = CARTESIAN_POINT('',(776.15,-440.,2.42315E+03));
#2384 = SEAM_CURVE('',#2385,(#2389,#2396),.PCURVE_S1.);
#2385 = LINE('',#2386,#2387);
#2386 = CARTESIAN_POINT('',(776.15,-440.,1.8908E+03));
#2387 = VECTOR('',#2388,1.);
#2388 = DIRECTION('',(0.,0.,1.));
#2389 = PCURVE('',#2362,#2390);
#2390 = DEFINITIONAL_REPRESENTATION('',(#2391),#2395);
#2391 = LINE('',#2392,#2393);
#2392 = CARTESIAN_POINT('',(0.,-0.));
#2393 = VECTOR('',#2394,1.);
#2394 = DIRECTION('',(0.,1.));
#2395 = ( GEOMETRIC_REPRESENTATION_CONTEXT(2) 
PARAMETRIC_REPRESENTATION_CONTEXT() REPRESENTATION_CONTEXT('2D SPACE',''
  ) );
#2396 = PCURVE('',#2362,#2397);
#2397 = DEFINITIONAL_REPRESENTATION('',(#2398),#2402);
#2398 = LINE('',#2399,#2400);
#2399 = CARTESIAN_POINT('',(6.28318530718,-0.));
#2400 = VECTOR('',#2401,1.);
#2401 = DIRECTION('',(0.,1.));
#2402 = ( GEOMETRIC_REPRESENTATION_CONTEXT(2) 
PARAMETRIC_REPRESENTATION_CONTEXT() REPRESENTATION_CONTEXT('2D SPACE',''
  ) );
#2403 = ORIENTED_EDGE('',*,*,#2404,.F.);
#2404 = EDGE_CURVE('',#2405,#2382,#2407,.T.);
#2405 = VERTEX_POINT('',#2406);
#2406 = CARTESIAN_POINT('',(759.35840508522,-477.8922485476,2.4305E+03)
  );
#2407 = SURFACE_CURVE('',#2408,(#2431,#2457),.PCURVE_S1.);
#2408 = B_SPLINE_CURVE_WITH_KNOTS('',6,(#2409,#2410,#2411,#2412,#2413,
    #2414,#2415,#2416,#2417,#2418,#2419,#2420,#2421,#2422,#2423,#2424,
    #2425,#2426,#2427,#2428,#2429,#2430),.UNSPECIFIED.,.F.,.F.,(7,5,5,5,
    7),(0.,0.264593057923,0.551987577712,0.70800759148,1.),
  .UNSPECIFIED.);
#2409 = CARTESIAN_POINT('',(759.35840344369,-477.8922500361,
    2.4305000006E+03));
#2410 = CARTESIAN_POINT('',(760.56220592388,-476.800714663,
    2.430059992818E+03));
#2411 = CARTESIAN_POINT('',(761.73758140842,-475.6513309466,
    2.429614347808E+03));
#2412 = CARTESIAN_POINT('',(762.88238140583,-474.442612551,
    2.429165606131E+03));
#2413 = CARTESIAN_POINT('',(763.99391164483,-473.1729476523,
    2.42871657557E+03));
#2414 = CARTESIAN_POINT('',(765.06884808235,-471.8406926388,
    2.428270398494E+03));
#2415 = CARTESIAN_POINT('',(767.22658956565,-468.9275010813,
    2.427352941721E+03));
#2416 = CARTESIAN_POINT('',(768.30266725591,-467.3342482235,
    2.426882566162E+03));
#2417 = CARTESIAN_POINT('',(769.32547870433,-465.6631999582,
    2.426424319129E+03));
#2418 = CARTESIAN_POINT('',(770.28834015394,-463.913321201,
    2.42598354368E+03));
#2419 = CARTESIAN_POINT('',(771.1836989999,-462.0840021873,
    2.425566117435E+03));
#2420 = CARTESIAN_POINT('',(772.44779411664,-459.1389902077,
    2.42496789644E+03));
#2421 = CARTESIAN_POINT('',(772.87012782355,-458.079428606,
    2.424766176092E+03));
#2422 = CARTESIAN_POINT('',(773.2683348508,-456.9972775223,
    2.424574387442E+03));
#2423 = CARTESIAN_POINT('',(773.64079915946,-455.8933461225,
    2.424393671917E+03));
#2424 = CARTESIAN_POINT('',(773.98595811493,-454.7685139716,
    2.424225137055E+03));
#2425 = CARTESIAN_POINT('',(774.89432587205,-451.4812635445,
    2.42377920908E+03));
#2426 = CARTESIAN_POINT('',(775.38643677922,-449.2652052329,
    2.423534447643E+03));
#2427 = CARTESIAN_POINT('',(775.76517307317,-446.9917053053,
    2.423344217216E+03));
#2428 = CARTESIAN_POINT('',(776.02139019627,-444.6778686532,
    2.423214907605E+03));
#2429 = CARTESIAN_POINT('',(776.15,-442.341362251,2.42315E+03));
#2430 = CARTESIAN_POINT('',(776.15,-440.,2.42315E+03));
#2431 = PCURVE('',#2362,#2432);
#2432 = DEFINITIONAL_REPRESENTATION('',(#2433),#2456);
#2433 = B_SPLINE_CURVE_WITH_KNOTS('',6,(#2434,#2435,#2436,#2437,#2438,
    #2439,#2440,#2441,#2442,#2443,#2444,#2445,#2446,#2447,#2448,#2449,
    #2450,#2451,#2452,#2453,#2454,#2455),.UNSPECIFIED.,.F.,.F.,(7,5,5,5,
    7),(0.,0.264593057923,0.551987577712,0.70800759148,1.),
  .UNSPECIFIED.);
#2434 = CARTESIAN_POINT('',(5.44891516162,539.7000006));
#2435 = CARTESIAN_POINT('',(5.480684256331,539.2599928176));
#2436 = CARTESIAN_POINT('',(5.512801310494,538.81434780773));
#2437 = CARTESIAN_POINT('',(5.545312512462,538.36560613141));
#2438 = CARTESIAN_POINT('',(5.578263913452,537.91657557048));
#2439 = CARTESIAN_POINT('',(5.611702289844,537.47039849416));
#2440 = CARTESIAN_POINT('',(5.682577425962,536.55294172117));
#2441 = CARTESIAN_POINT('',(5.720129416508,536.08256616235));
#2442 = CARTESIAN_POINT('',(5.758374207355,535.62431912855));
#2443 = CARTESIAN_POINT('',(5.797356737956,535.18354367973));
#2444 = CARTESIAN_POINT('',(5.837125371082,534.76611743506));
#2445 = CARTESIAN_POINT('',(5.899781188985,534.16789644046));
#2446 = CARTESIAN_POINT('',(5.922073263959,533.9661760917));
#2447 = CARTESIAN_POINT('',(5.944604409358,533.77438744154));
#2448 = CARTESIAN_POINT('',(5.967369055014,533.5936719174));
#2449 = CARTESIAN_POINT('',(5.990362842742,533.42513705474));
#2450 = CARTESIAN_POINT('',(6.057038244436,532.97920907996));
#2451 = CARTESIAN_POINT('',(6.101360435054,532.73444764308));
#2452 = CARTESIAN_POINT('',(6.146322422289,532.54421721618));
#2453 = CARTESIAN_POINT('',(6.191731378134,532.41490760482));
#2454 = CARTESIAN_POINT('',(6.237410874119,532.35));
#2455 = CARTESIAN_POINT('',(6.28318530718,532.35));
#2456 = ( GEOMETRIC_REPRESENTATION_CONTEXT(2) 
PARAMETRIC_REPRESENTATION_CONTEXT() REPRESENTATION_CONTEXT('2D SPACE',''
  ) );
#2457 = PCURVE('',#2458,#2463);
#2458 = CYLINDRICAL_SURFACE('',#2459,101.35);
#2459 = AXIS2_PLACEMENT_3D('',#2460,#2461,#2462);
#2460 = CARTESIAN_POINT('',(-500.,-440.,2.5245E+03));
#2461 = DIRECTION('',(1.,0.,0.));
#2462 = DIRECTION('',(-0.,0.,1.));
#2463 = DEFINITIONAL_REPRESENTATION('',(#2464),#2487);
#2464 = B_SPLINE_CURVE_WITH_KNOTS('',6,(#2465,#2466,#2467,#2468,#2469,
    #2470,#2471,#2472,#2473,#2474,#2475,#2476,#2477,#2478,#2479,#2480,
    #2481,#2482,#2483,#2484,#2485,#2486),.UNSPECIFIED.,.F.,.F.,(7,5,5,5,
    7),(0.,0.264593057923,0.551987577712,0.70800759148,1.),
  .UNSPECIFIED.);
#2465 = CARTESIAN_POINT('',(2.758408941564,1.259358403444E+03));
#2466 = CARTESIAN_POINT('',(2.770021020076,1.260562205924E+03));
#2467 = CARTESIAN_POINT('',(2.782183275025,1.261737581408E+03));
#2468 = CARTESIAN_POINT('',(2.794902771756,1.262882381406E+03));
#2469 = CARTESIAN_POINT('',(2.8081880232,1.263993911645E+03));
#2470 = CARTESIAN_POINT('',(2.822048449712,1.265068848082E+03));
#2471 = CARTESIAN_POINT('',(2.852184067982,1.267226589566E+03));
#2472 = CARTESIAN_POINT('',(2.868572493963,1.268302667256E+03));
#2473 = CARTESIAN_POINT('',(2.885664069304,1.269325478704E+03));
#2474 = CARTESIAN_POINT('',(2.903462739086,1.270288340154E+03));
#2475 = CARTESIAN_POINT('',(2.921970903551,1.271183699E+03));
#2476 = CARTESIAN_POINT('',(2.951622173625,1.272447794117E+03));
#2477 = CARTESIAN_POINT('',(2.962263627599,1.272870127824E+03));
#2478 = CARTESIAN_POINT('',(2.973106041636,1.273268334851E+03));
#2479 = CARTESIAN_POINT('',(2.98414180695,1.273640799159E+03));
#2480 = CARTESIAN_POINT('',(2.995363100745,1.273985958115E+03));
#2481 = CARTESIAN_POINT('',(3.028094807272,1.274894325872E+03));
#2482 = CARTESIAN_POINT('',(3.050086394431,1.275386436779E+03));
#2483 = CARTESIAN_POINT('',(3.072584732847,1.275765173073E+03));
#2484 = CARTESIAN_POINT('',(3.095437062356,1.276021390196E+03));
#2485 = CARTESIAN_POINT('',(3.118490904689,1.27615E+03));
#2486 = CARTESIAN_POINT('',(3.14159265359,1.27615E+03));
#2487 = ( GEOMETRIC_REPRESENTATION_CONTEXT(2) 
PARAMETRIC_REPRESENTATION_CONTEXT() REPRESENTATION_CONTEXT('2D SPACE',''
  ) );
#2488 = ORIENTED_EDGE('',*,*,#2489,.F.);
#2489 = EDGE_CURVE('',#2490,#2405,#2492,.T.);
#2490 = VERTEX_POINT('',#2491);
#2491 = CARTESIAN_POINT('',(690.64159491477,-477.8922485476,2.4305E+03)
  );
#2492 = SURFACE_CURVE('',#2493,(#2498,#2505),.PCURVE_S1.);
#2493 = CIRCLE('',#2494,51.15);
#2494 = AXIS2_PLACEMENT_3D('',#2495,#2496,#2497);
#2495 = CARTESIAN_POINT('',(725.,-440.,2.4305E+03));
#2496 = DIRECTION('',(0.,0.,1.));
#2497 = DIRECTION('',(1.,0.,-0.));
#2498 = PCURVE('',#2362,#2499);
#2499 = DEFINITIONAL_REPRESENTATION('',(#2500),#2504);
#2500 = LINE('',#2501,#2502);
#2501 = CARTESIAN_POINT('',(0.,539.7));
#2502 = VECTOR('',#2503,1.);
#2503 = DIRECTION('',(1.,0.));
#2504 = ( GEOMETRIC_REPRESENTATION_CONTEXT(2) 
PARAMETRIC_REPRESENTATION_CONTEXT() REPRESENTATION_CONTEXT('2D SPACE',''
  ) );
#2505 = PCURVE('',#2506,#2511);
#2506 = PLANE('',#2507);
#2507 = AXIS2_PLACEMENT_3D('',#2508,#2509,#2510);
#2508 = CARTESIAN_POINT('',(725.,-440.,2.4305E+03));
#2509 = DIRECTION('',(0.,0.,1.));
#2510 = DIRECTION('',(1.,0.,-0.));
#2511 = DEFINITIONAL_REPRESENTATION('',(#2512),#2516);
#2512 = CIRCLE('',#2513,51.15);
#2513 = AXIS2_PLACEMENT_2D('',#2514,#2515);
#2514 = CARTESIAN_POINT('',(0.,0.));
#2515 = DIRECTION('',(1.,0.));
#2516 = ( GEOMETRIC_REPRESENTATION_CONTEXT(2) 
PARAMETRIC_REPRESENTATION_CONTEXT() REPRESENTATION_CONTEXT('2D SPACE',''
  ) );
#2517 = ORIENTED_EDGE('',*,*,#2518,.F.);
#2518 = EDGE_CURVE('',#2519,#2490,#2521,.T.);
#2519 = VERTEX_POINT('',#2520);
#2520 = CARTESIAN_POINT('',(690.64159491477,-402.1077514523,2.4305E+03)
  );
#2521 = SURFACE_CURVE('',#2522,(#2575,#2631),.PCURVE_S1.);
#2522 = B_SPLINE_CURVE_WITH_KNOTS('',6,(#2523,#2524,#2525,#2526,#2527,
    #2528,#2529,#2530,#2531,#2532,#2533,#2534,#2535,#2536,#2537,#2538,
    #2539,#2540,#2541,#2542,#2543,#2544,#2545,#2546,#2547,#2548,#2549,
    #2550,#2551,#2552,#2553,#2554,#2555,#2556,#2557,#2558,#2559,#2560,
    #2561,#2562,#2563,#2564,#2565,#2566,#2567,#2568,#2569,#2570,#2571,
    #2572,#2573,#2574),.UNSPECIFIED.,.F.,.F.,(7,5,5,5,5,5,5,5,5,5,7),(0.
    ,0.132272809563,0.275944306037,0.359551643444,0.405667964113,
    0.499999266358,0.594774496583,0.640677735793,0.724170108623,
    0.868300850449,1.),.UNSPECIFIED.);
#2523 = CARTESIAN_POINT('',(690.6415965563,-402.1077499638,
    2.4305000006E+03));
#2524 = CARTESIAN_POINT('',(689.4377940761,-403.1992853369,
    2.430059992818E+03));
#2525 = CARTESIAN_POINT('',(688.26241859157,-404.3486690534,
    2.429614347808E+03));
#2526 = CARTESIAN_POINT('',(687.11761859416,-405.5573874489,
    2.429165606131E+03));
#2527 = CARTESIAN_POINT('',(686.00608835516,-406.8270523476,
    2.42871657557E+03));
#2528 = CARTESIAN_POINT('',(684.93115191765,-408.1593073611,
    2.428270398494E+03));
#2529 = CARTESIAN_POINT('',(682.77341043424,-411.0724989187,
    2.427352941721E+03));
#2530 = CARTESIAN_POINT('',(681.69733274412,-412.6657517764,
    2.426882566162E+03));
#2531 = CARTESIAN_POINT('',(680.67452129574,-414.3368000415,
    2.426424319129E+03));
#2532 = CARTESIAN_POINT('',(679.71165984605,-416.0866787988,
    2.42598354368E+03));
#2533 = CARTESIAN_POINT('',(678.81630100001,-417.9159978128,
    2.425566117435E+03));
#2534 = CARTESIAN_POINT('',(677.52020643488,-420.9355601625,
    2.424952753006E+03));
#2535 = CARTESIAN_POINT('',(677.06919205036,-422.0732145874,
    2.424737183281E+03));
#2536 = CARTESIAN_POINT('',(676.64603648183,-423.2367900095,
    2.424533120019E+03));
#2537 = CARTESIAN_POINT('',(676.25274132248,-424.4252434292,
    2.42434197536E+03));
#2538 = CARTESIAN_POINT('',(675.89122961196,-425.6374384775,
    2.424165111544E+03));
#2539 = CARTESIAN_POINT('',(675.38250431289,-427.5531872759,
    2.423914856533E+03));
#2540 = CARTESIAN_POINT('',(675.21191249111,-428.2409857183,
    2.423830642003E+03));
#2541 = CARTESIAN_POINT('',(675.05193264051,-428.9351496838,
    2.423751415911E+03));
#2542 = CARTESIAN_POINT('',(674.90289016924,-429.6352804413,
    2.423677399658E+03));
#2543 = CARTESIAN_POINT('',(674.7650828286,-430.3409712333,
    2.423608796613E+03));
#2544 = CARTESIAN_POINT('',(674.38043058108,-432.5058280399,
    2.423416912034E+03));
#2545 = CARTESIAN_POINT('',(674.17013734224,-433.9818499871,
    2.423311410876E+03));
#2546 = CARTESIAN_POINT('',(674.01057886829,-435.4746497591,
    2.423231042034E+03));
#2547 = CARTESIAN_POINT('',(673.90355287734,-436.9788840976,
    2.423177027424E+03));
#2548 = CARTESIAN_POINT('',(673.85,-438.4891423998,2.42315E+03));
#2549 = CARTESIAN_POINT('',(673.85,-441.517967774,2.42315E+03));
#2550 = CARTESIAN_POINT('',(673.90405810892,-443.0353269616,
    2.423177282407E+03));
#2551 = CARTESIAN_POINT('',(674.01209294427,-444.546578811,
    2.423231806168E+03));
#2552 = CARTESIAN_POINT('',(674.1731466234,-446.0462388492,
    2.423312926621E+03));
#2553 = CARTESIAN_POINT('',(674.38538858485,-447.5288913801,
    2.423419399328E+03));
#2554 = CARTESIAN_POINT('',(674.77236122071,-449.6965470732,
    2.423612420386E+03));
#2555 = CARTESIAN_POINT('',(674.91001897868,-450.3987350536,
    2.423680941381E+03));
#2556 = CARTESIAN_POINT('',(675.05879802614,-451.0953994145,
    2.423754818749E+03));
#2557 = CARTESIAN_POINT('',(675.21840423054,-451.7861402716,
    2.423833851574E+03));
#2558 = CARTESIAN_POINT('',(675.38851642936,-452.4705656314,
    2.423917821322E+03));
#2559 = CARTESIAN_POINT('',(675.89667381723,-454.3809915524,
    2.424167776144E+03));
#2560 = CARTESIAN_POINT('',(676.25808423728,-455.5912234085,
    2.424344575172E+03));
#2561 = CARTESIAN_POINT('',(676.65117112427,-456.7777652161,
    2.424535602188E+03));
#2562 = CARTESIAN_POINT('',(677.07401940286,-457.9394884163,
    2.424739500493E+03));
#2563 = CARTESIAN_POINT('',(677.52463636925,-459.0753572816,
    2.424954864078E+03));
#2564 = CARTESIAN_POINT('',(678.82317937504,-462.0989898958,
    2.425569347108E+03));
#2565 = CARTESIAN_POINT('',(679.7219191916,-463.9335719094,
    2.425988300217E+03));
#2566 = CARTESIAN_POINT('',(680.68853724842,-465.6882025167,
    2.426430710505E+03));
#2567 = CARTESIAN_POINT('',(681.71541642437,-467.3635066422,
    2.42689064803E+03));
#2568 = CARTESIAN_POINT('',(682.79582108755,-468.9605385317,
    2.427362725215E+03));
#2569 = CARTESIAN_POINT('',(684.95449450743,-471.8696026061,
    2.428280085034E+03));
#2570 = CARTESIAN_POINT('',(686.02539601008,-473.1949909507,
    2.428724373835E+03));
#2571 = CARTESIAN_POINT('',(687.13253159601,-474.4583530392,
    2.429171450923E+03));
#2572 = CARTESIAN_POINT('',(688.27262566316,-475.6613107205,
    2.42961821752E+03));
#2573 = CARTESIAN_POINT('',(689.44302099245,-476.805454115,
    2.430061903334E+03));
#2574 = CARTESIAN_POINT('',(690.6415965563,-477.8922500361,
    2.4305000006E+03));
#2575 = PCURVE('',#2362,#2576);
#2576 = DEFINITIONAL_REPRESENTATION('',(#2577),#2630);
#2577 = B_SPLINE_CURVE_WITH_KNOTS('',6,(#2578,#2579,#2580,#2581,#2582,
    #2583,#2584,#2585,#2586,#2587,#2588,#2589,#2590,#2591,#2592,#2593,
    #2594,#2595,#2596,#2597,#2598,#2599,#2600,#2601,#2602,#2603,#2604,
    #2605,#2606,#2607,#2608,#2609,#2610,#2611,#2612,#2613,#2614,#2615,
    #2616,#2617,#2618,#2619,#2620,#2621,#2622,#2623,#2624,#2625,#2626,
    #2627,#2628,#2629),.UNSPECIFIED.,.F.,.F.,(7,5,5,5,5,5,5,5,5,5,7),(0.
    ,0.132272809563,0.275944306037,0.359551643444,0.405667964113,
    0.499999266358,0.594774496583,0.640677735793,0.724170108623,
    0.868300850449,1.),.UNSPECIFIED.);
#2578 = CARTESIAN_POINT('',(2.307322508031,539.7000006));
#2579 = CARTESIAN_POINT('',(2.339091602741,539.2599928176));
#2580 = CARTESIAN_POINT('',(2.371208656905,538.81434780773));
#2581 = CARTESIAN_POINT('',(2.403719858872,538.36560613142));
#2582 = CARTESIAN_POINT('',(2.436671259862,537.91657557048));
#2583 = CARTESIAN_POINT('',(2.470109636254,537.47039849416));
#2584 = CARTESIAN_POINT('',(2.540984772375,536.55294172113));
#2585 = CARTESIAN_POINT('',(2.578536762918,536.08256616237));
#2586 = CARTESIAN_POINT('',(2.616781553762,535.62431912859));
#2587 = CARTESIAN_POINT('',(2.655764084366,535.18354367973));
#2588 = CARTESIAN_POINT('',(2.695532717496,534.76611743503));
#2589 = CARTESIAN_POINT('',(2.759774611942,534.15275300572));
#2590 = CARTESIAN_POINT('',(2.783690812113,533.93718328145));
#2591 = CARTESIAN_POINT('',(2.807881626297,533.73312001872));
#2592 = CARTESIAN_POINT('',(2.832339477857,533.54197535962));
#2593 = CARTESIAN_POINT('',(2.857058423968,533.36511154428));
#2594 = CARTESIAN_POINT('',(2.895810017575,533.11485653322));
#2595 = CARTESIAN_POINT('',(2.909662267233,533.03064200274));
#2596 = CARTESIAN_POINT('',(2.923586255063,532.95141591068));
#2597 = CARTESIAN_POINT('',(2.937577780056,532.87739965778));
#2598 = CARTESIAN_POINT('',(2.951632842082,532.80879661301));
#2599 = CARTESIAN_POINT('',(2.994619427065,532.61691203372));
#2600 = CARTESIAN_POINT('',(3.023750395486,532.51141087588));
#2601 = CARTESIAN_POINT('',(3.053074119342,532.43104203383));
#2602 = CARTESIAN_POINT('',(3.082528804266,532.37702742352));
#2603 = CARTESIAN_POINT('',(3.112054870596,532.35));
#2604 = CARTESIAN_POINT('',(3.171269442916,532.35));
#2605 = CARTESIAN_POINT('',(3.200934333979,532.37728240712));
#2606 = CARTESIAN_POINT('',(3.230526871671,532.43180616818));
#2607 = CARTESIAN_POINT('',(3.259986685382,532.51292662101));
#2608 = CARTESIAN_POINT('',(3.289251136807,532.61939932801));
#2609 = CARTESIAN_POINT('',(3.332299547518,532.81242038613));
#2610 = CARTESIAN_POINT('',(3.346286870487,532.88094138114));
#2611 = CARTESIAN_POINT('',(3.360211085039,532.95481874864));
#2612 = CARTESIAN_POINT('',(3.374068262651,533.03385157407));
#2613 = CARTESIAN_POINT('',(3.387854277659,533.11782132156));
#2614 = CARTESIAN_POINT('',(3.426502446701,533.3677761439));
#2615 = CARTESIAN_POINT('',(3.451184099737,533.54457517234));
#2616 = CARTESIAN_POINT('',(3.475605265424,533.73560218793));
#2617 = CARTESIAN_POINT('',(3.499760063366,533.93950049317));
#2618 = CARTESIAN_POINT('',(3.523640990418,534.15486407819));
#2619 = CARTESIAN_POINT('',(3.587974890243,534.76934710751));
#2620 = CARTESIAN_POINT('',(3.627864537196,535.18830021688));
#2621 = CARTESIAN_POINT('',(3.666963284141,535.63071050501));
#2622 = CARTESIAN_POINT('',(3.705320053995,536.0906480301));
#2623 = CARTESIAN_POINT('',(3.742980324628,536.56272521471));
#2624 = CARTESIAN_POINT('',(3.813801488846,537.48008503371));
#2625 = CARTESIAN_POINT('',(3.847086263076,537.92437383544));
#2626 = CARTESIAN_POINT('',(3.879888892061,538.37145092268));
#2627 = CARTESIAN_POINT('',(3.912255536745,538.81821751996));
#2628 = CARTESIAN_POINT('',(3.944231646005,539.26190333358));
#2629 = CARTESIAN_POINT('',(3.975862799149,539.7000006));
#2630 = ( GEOMETRIC_REPRESENTATION_CONTEXT(2) 
PARAMETRIC_REPRESENTATION_CONTEXT() REPRESENTATION_CONTEXT('2D SPACE',''
  ) );
#2631 = PCURVE('',#2458,#2632);
#2632 = DEFINITIONAL_REPRESENTATION('',(#2633),#2686);
#2633 = B_SPLINE_CURVE_WITH_KNOTS('',6,(#2634,#2635,#2636,#2637,#2638,
    #2639,#2640,#2641,#2642,#2643,#2644,#2645,#2646,#2647,#2648,#2649,
    #2650,#2651,#2652,#2653,#2654,#2655,#2656,#2657,#2658,#2659,#2660,
    #2661,#2662,#2663,#2664,#2665,#2666,#2667,#2668,#2669,#2670,#2671,
    #2672,#2673,#2674,#2675,#2676,#2677,#2678,#2679,#2680,#2681,#2682,
    #2683,#2684,#2685),.UNSPECIFIED.,.F.,.F.,(7,5,5,5,5,5,5,5,5,5,7),(0.
    ,0.132272809563,0.275944306037,0.359551643444,0.405667964113,
    0.499999266358,0.594774496583,0.640677735793,0.724170108623,
    0.868300850449,1.),.UNSPECIFIED.);
#2634 = CARTESIAN_POINT('',(3.524776365615,1.190641596556E+03));
#2635 = CARTESIAN_POINT('',(3.513164287104,1.189437794076E+03));
#2636 = CARTESIAN_POINT('',(3.501002032154,1.188262418592E+03));
#2637 = CARTESIAN_POINT('',(3.488282535423,1.187117618594E+03));
#2638 = CARTESIAN_POINT('',(3.47499728398,1.186006088355E+03));
#2639 = CARTESIAN_POINT('',(3.461136857468,1.184931151918E+03));
#2640 = CARTESIAN_POINT('',(3.431001239196,1.182773410434E+03));
#2641 = CARTESIAN_POINT('',(3.414612813217,1.181697332744E+03));
#2642 = CARTESIAN_POINT('',(3.397521237877,1.180674521296E+03));
#2643 = CARTESIAN_POINT('',(3.379722568094,1.179711659846E+03));
#2644 = CARTESIAN_POINT('',(3.361214403626,1.178816301E+03));
#2645 = CARTESIAN_POINT('',(3.330812537911,1.177520206435E+03));
#2646 = CARTESIAN_POINT('',(3.319388776556,1.17706919205E+03));
#2647 = CARTESIAN_POINT('',(3.307734462112,1.176646036482E+03));
#2648 = CARTESIAN_POINT('',(3.295859387392,1.176252741322E+03));
#2649 = CARTESIAN_POINT('',(3.283773625162,1.175891229612E+03));
#2650 = CARTESIAN_POINT('',(3.264710723229,1.175382504313E+03));
#2651 = CARTESIAN_POINT('',(3.257873896398,1.175211912491E+03));
#2652 = CARTESIAN_POINT('',(3.250980606746,1.175051932641E+03));
#2653 = CARTESIAN_POINT('',(3.244034428097,1.174902890169E+03));
#2654 = CARTESIAN_POINT('',(3.237038948116,1.174765082829E+03));
#2655 = CARTESIAN_POINT('',(3.215595000165,1.174380430581E+03));
#2656 = CARTESIAN_POINT('',(3.20099635662,1.174170137342E+03));
#2657 = CARTESIAN_POINT('',(3.186249333334,1.174010578868E+03));
#2658 = CARTESIAN_POINT('',(3.171401394909,1.173903552877E+03));
#2659 = CARTESIAN_POINT('',(3.156499980675,1.17385E+03));
#2660 = CARTESIAN_POINT('',(3.126615171853,1.17385E+03));
#2661 = CARTESIAN_POINT('',(3.111643694608,1.173904058109E+03));
#2662 = CARTESIAN_POINT('',(3.096726431275,1.174012092944E+03));
#2663 = CARTESIAN_POINT('',(3.081911465855,1.174173146623E+03));
#2664 = CARTESIAN_POINT('',(3.067246909705,1.174385388585E+03));
#2665 = CARTESIAN_POINT('',(3.045774461744,1.174772361221E+03));
#2666 = CARTESIAN_POINT('',(3.038813455274,1.174910018979E+03));
#2667 = CARTESIAN_POINT('',(3.031901427644,1.175058798026E+03));
#2668 = CARTESIAN_POINT('',(3.025041906098,1.175218404231E+03));
#2669 = CARTESIAN_POINT('',(3.018238404215,1.175388516429E+03));
#2670 = CARTESIAN_POINT('',(2.999227962849,1.175896673817E+03));
#2671 = CARTESIAN_POINT('',(2.987161453679,1.176258084237E+03));
#2672 = CARTESIAN_POINT('',(2.975305176476,1.176651171124E+03));
#2673 = CARTESIAN_POINT('',(2.963669136031,1.177074019403E+03));
#2674 = CARTESIAN_POINT('',(2.95226305855,1.177524636369E+03));
#2675 = CARTESIAN_POINT('',(2.921819638905,1.178823179375E+03));
#2676 = CARTESIAN_POINT('',(2.903257544404,1.179721919192E+03));
#2677 = CARTESIAN_POINT('',(2.885409522176,1.180688537248E+03));
#2678 = CARTESIAN_POINT('',(2.868273076479,1.181715416424E+03));
#2679 = CARTESIAN_POINT('',(2.851844152664,1.182795821088E+03));
#2680 = CARTESIAN_POINT('',(2.821747663871,1.184954494507E+03));
#2681 = CARTESIAN_POINT('',(2.807957362926,1.18602539601E+03));
#2682 = CARTESIAN_POINT('',(2.794737128771,1.187132531596E+03));
#2683 = CARTESIAN_POINT('',(2.782077672548,1.188272625663E+03));
#2684 = CARTESIAN_POINT('',(2.769970600373,1.189443020992E+03));
#2685 = CARTESIAN_POINT('',(2.758408941564,1.190641596556E+03));
#2686 = ( GEOMETRIC_REPRESENTATION_CONTEXT(2) 
PARAMETRIC_REPRESENTATION_CONTEXT() REPRESENTATION_CONTEXT('2D SPACE',''
  ) );
#2687 = ORIENTED_EDGE('',*,*,#2688,.F.);
#2688 = EDGE_CURVE('',#2689,#2519,#2691,.T.);
#2689 = VERTEX_POINT('',#2690);
#2690 = CARTESIAN_POINT('',(759.35840508522,-402.1077514523,2.4305E+03)
  );
#2691 = SURFACE_CURVE('',#2692,(#2697,#2704),.PCURVE_S1.);
#2692 = CIRCLE('',#2693,51.15);
#2693 = AXIS2_PLACEMENT_3D('',#2694,#2695,#2696);
#2694 = CARTESIAN_POINT('',(725.,-440.,2.4305E+03));
#2695 = DIRECTION('',(0.,0.,1.));
#2696 = DIRECTION('',(1.,0.,-0.));
#2697 = PCURVE('',#2362,#2698);
#2698 = DEFINITIONAL_REPRESENTATION('',(#2699),#2703);
#2699 = LINE('',#2700,#2701);
#2700 = CARTESIAN_POINT('',(0.,539.7));
#2701 = VECTOR('',#2702,1.);
#2702 = DIRECTION('',(1.,0.));
#2703 = ( GEOMETRIC_REPRESENTATION_CONTEXT(2) 
PARAMETRIC_REPRESENTATION_CONTEXT() REPRESENTATION_CONTEXT('2D SPACE',''
  ) );
#2704 = PCURVE('',#2705,#2710);
#2705 = PLANE('',#2706);
#2706 = AXIS2_PLACEMENT_3D('',#2707,#2708,#2709);
#2707 = CARTESIAN_POINT('',(725.,-440.,2.4305E+03));
#2708 = DIRECTION('',(0.,0.,1.));
#2709 = DIRECTION('',(1.,0.,-0.));
#2710 = DEFINITIONAL_REPRESENTATION('',(#2711),#2715);
#2711 = CIRCLE('',#2712,51.15);
#2712 = AXIS2_PLACEMENT_2D('',#2713,#2714);
#2713 = CARTESIAN_POINT('',(0.,0.));
#2714 = DIRECTION('',(1.,0.));
#2715 = ( GEOMETRIC_REPRESENTATION_CONTEXT(2) 
PARAMETRIC_REPRESENTATION_CONTEXT() REPRESENTATION_CONTEXT('2D SPACE',''
  ) );
#2716 = ORIENTED_EDGE('',*,*,#2717,.F.);
#2717 = EDGE_CURVE('',#2382,#2689,#2718,.T.);
#2718 = SURFACE_CURVE('',#2719,(#2742,#2768),.PCURVE_S1.);
#2719 = B_SPLINE_CURVE_WITH_KNOTS('',6,(#2720,#2721,#2722,#2723,#2724,
    #2725,#2726,#2727,#2728,#2729,#2730,#2731,#2732,#2733,#2734,#2735,
    #2736,#2737,#2738,#2739,#2740,#2741),.UNSPECIFIED.,.F.,.F.,(7,5,5,5,
    7),(0.,0.292480746573,0.448241839007,0.736554726895,1.),
  .UNSPECIFIED.);
#2720 = CARTESIAN_POINT('',(776.15,-440.,2.42315E+03));
#2721 = CARTESIAN_POINT('',(776.15,-437.6547095585,2.42315E+03));
#2722 = CARTESIAN_POINT('',(776.02095828885,-435.3142974753,
    2.423215125582E+03));
#2723 = CARTESIAN_POINT('',(775.76388367987,-432.9966625582,
    2.423344867958E+03));
#2724 = CARTESIAN_POINT('',(775.38389634435,-430.7195551324,
    2.423535723624E+03));
#2725 = CARTESIAN_POINT('',(774.89019794148,-428.5001583036,
    2.423781262178E+03));
#2726 = CARTESIAN_POINT('',(773.98006304053,-425.2121191714,
    2.424228016614E+03));
#2727 = CARTESIAN_POINT('',(773.63509224266,-424.0894477132,
    2.424396443886E+03));
#2728 = CARTESIAN_POINT('',(773.26292452422,-422.987619548,
    2.42457699899E+03));
#2729 = CARTESIAN_POINT('',(772.86511466162,-421.9075072658,
    2.424768579869E+03));
#2730 = CARTESIAN_POINT('',(772.44327010093,-420.8499135465,
    2.424970051045E+03));
#2731 = CARTESIAN_POINT('',(771.17682062498,-417.9010101042,
    2.425569347108E+03));
#2732 = CARTESIAN_POINT('',(770.27808080839,-416.0664280905,
    2.425988300217E+03));
#2733 = CARTESIAN_POINT('',(769.31146275155,-414.3117974832,
    2.426430710505E+03));
#2734 = CARTESIAN_POINT('',(768.28458357561,-412.6364933576,
    2.42689064803E+03));
#2735 = CARTESIAN_POINT('',(767.20417891247,-411.0394614682,
    2.427362725215E+03));
#2736 = CARTESIAN_POINT('',(765.04550547887,-408.1303973753,
    2.42828008504E+03));
#2737 = CARTESIAN_POINT('',(763.97460401316,-406.8050090757,
    2.428724373826E+03));
#2738 = CARTESIAN_POINT('',(762.86746840312,-405.5416469627,
    2.429171450923E+03));
#2739 = CARTESIAN_POINT('',(761.72737431319,-404.3386892538,
    2.429618217529E+03));
#2740 = CARTESIAN_POINT('',(760.55697902311,-403.194545899,
    2.430061903328E+03));
#2741 = CARTESIAN_POINT('',(759.35840344369,-402.1077499638,
    2.4305000006E+03));
#2742 = PCURVE('',#2362,#2743);
#2743 = DEFINITIONAL_REPRESENTATION('',(#2744),#2767);
#2744 = B_SPLINE_CURVE_WITH_KNOTS('',6,(#2745,#2746,#2747,#2748,#2749,
    #2750,#2751,#2752,#2753,#2754,#2755,#2756,#2757,#2758,#2759,#2760,
    #2761,#2762,#2763,#2764,#2765,#2766),.UNSPECIFIED.,.F.,.F.,(7,5,5,5,
    7),(0.,0.292480746573,0.448241839007,0.736554726895,1.),
  .UNSPECIFIED.);
#2745 = CARTESIAN_POINT('',(0.,532.35));
#2746 = CARTESIAN_POINT('',(4.585123052727E-02,532.35));
#2747 = CARTESIAN_POINT('',(9.160708391157E-02,532.41512558244));
#2748 = CARTESIAN_POINT('',(0.137091167632,532.54486795809));
#2749 = CARTESIAN_POINT('',(0.182126264687,532.73572362403));
#2750 = CARTESIAN_POINT('',(0.226518642508,532.98126217805));
#2751 = CARTESIAN_POINT('',(0.293218114928,533.42801661426));
#2752 = CARTESIAN_POINT('',(0.316170490863,533.59644388641));
#2753 = CARTESIAN_POINT('',(0.338894392572,533.77699898955));
#2754 = CARTESIAN_POINT('',(0.361385515076,533.96857986889));
#2755 = CARTESIAN_POINT('',(0.383638351116,534.17005104492));
#2756 = CARTESIAN_POINT('',(0.446382236653,534.7693471075));
#2757 = CARTESIAN_POINT('',(0.486271883606,535.18830021688));
#2758 = CARTESIAN_POINT('',(0.525370630552,535.63071050502));
#2759 = CARTESIAN_POINT('',(0.563727400406,536.0906480301));
#2760 = CARTESIAN_POINT('',(0.601387671037,536.56272521469));
#2761 = CARTESIAN_POINT('',(0.672208835706,537.48008503953));
#2762 = CARTESIAN_POINT('',(0.705493608794,537.92437382619));
#2763 = CARTESIAN_POINT('',(0.738296238453,538.37145092262));
#2764 = CARTESIAN_POINT('',(0.770662883839,538.81821752918));
#2765 = CARTESIAN_POINT('',(0.802638992005,539.26190332789));
#2766 = CARTESIAN_POINT('',(0.834270145559,539.7000006));
#2767 = ( GEOMETRIC_REPRESENTATION_CONTEXT(2) 
PARAMETRIC_REPRESENTATION_CONTEXT() REPRESENTATION_CONTEXT('2D SPACE',''
  ) );
#2768 = PCURVE('',#2458,#2769);
#2769 = DEFINITIONAL_REPRESENTATION('',(#2770),#2793);
#2770 = B_SPLINE_CURVE_WITH_KNOTS('',6,(#2771,#2772,#2773,#2774,#2775,
    #2776,#2777,#2778,#2779,#2780,#2781,#2782,#2783,#2784,#2785,#2786,
    #2787,#2788,#2789,#2790,#2791,#2792),.UNSPECIFIED.,.F.,.F.,(7,5,5,5,
    7),(0.,0.292480746573,0.448241839007,0.736554726895,1.),
  .UNSPECIFIED.);
#2771 = CARTESIAN_POINT('',(3.14159265359,1.27615E+03));
#2772 = CARTESIAN_POINT('',(3.164733161152,1.27615E+03));
#2773 = CARTESIAN_POINT('',(3.187825540056,1.276020958289E+03));
#2774 = CARTESIAN_POINT('',(3.210715458031,1.27576388368E+03));
#2775 = CARTESIAN_POINT('',(3.233249723415,1.275383896344E+03));
#2776 = CARTESIAN_POINT('',(3.255274865682,1.274890197941E+03));
#2777 = CARTESIAN_POINT('',(3.288015380484,1.273980063041E+03));
#2778 = CARTESIAN_POINT('',(3.299215439587,1.273635092243E+03));
#2779 = CARTESIAN_POINT('',(3.310230478137,1.273262924524E+03));
#2780 = CARTESIAN_POINT('',(3.321052734227,1.272865114662E+03));
#2781 = CARTESIAN_POINT('',(3.331674658671,1.272443270101E+03));
#2782 = CARTESIAN_POINT('',(3.361365668274,1.271176820625E+03));
#2783 = CARTESIAN_POINT('',(3.379927762775,1.270278080808E+03));
#2784 = CARTESIAN_POINT('',(3.397775785004,1.269311462752E+03));
#2785 = CARTESIAN_POINT('',(3.414912230701,1.268284583576E+03));
#2786 = CARTESIAN_POINT('',(3.431341154515,1.267204178912E+03));
#2787 = CARTESIAN_POINT('',(3.461437643499,1.265045505479E+03));
#2788 = CARTESIAN_POINT('',(3.475227943977,1.263974604013E+03));
#2789 = CARTESIAN_POINT('',(3.48844817839,1.262867468403E+03));
#2790 = CARTESIAN_POINT('',(3.5011076349,1.261727374313E+03));
#2791 = CARTESIAN_POINT('',(3.513214706656,1.260556979023E+03));
#2792 = CARTESIAN_POINT('',(3.524776365615,1.259358403444E+03));
#2793 = ( GEOMETRIC_REPRESENTATION_CONTEXT(2) 
PARAMETRIC_REPRESENTATION_CONTEXT() REPRESENTATION_CONTEXT('2D SPACE',''
  ) );
#2794 = ORIENTED_EDGE('',*,*,#2381,.F.);
#2795 = FACE_BOUND('',#2796,.T.);
#2796 = EDGE_LOOP('',(#2797));
#2797 = ORIENTED_EDGE('',*,*,#2798,.F.);
#2798 = EDGE_CURVE('',#2799,#2799,#2801,.T.);
#2799 = VERTEX_POINT('',#2800);
#2800 = CARTESIAN_POINT('',(725.,-388.85,2.22755E+03));
#2801 = SURFACE_CURVE('',#2802,(#2967,#3135),.PCURVE_S1.);
#2802 = B_SPLINE_CURVE_WITH_KNOTS('',7,(#2803,#2804,#2805,#2806,#2807,
    #2808,#2809,#2810,#2811,#2812,#2813,#2814,#2815,#2816,#2817,#2818,
    #2819,#2820,#2821,#2822,#2823,#2824,#2825,#2826,#2827,#2828,#2829,
    #2830,#2831,#2832,#2833,#2834,#2835,#2836,#2837,#2838,#2839,#2840,
    #2841,#2842,#2843,#2844,#2845,#2846,#2847,#2848,#2849,#2850,#2851,
    #2852,#2853,#2854,#2855,#2856,#2857,#2858,#2859,#2860,#2861,#2862,
    #2863,#2864,#2865,#2866,#2867,#2868,#2869,#2870,#2871,#2872,#2873,
    #2874,#2875,#2876,#2877,#2878,#2879,#2880,#2881,#2882,#2883,#2884,
    #2885,#2886,#2887,#2888,#2889,#2890,#2891,#2892,#2893,#2894,#2895,
    #2896,#2897,#2898,#2899,#2900,#2901,#2902,#2903,#2904,#2905,#2906,
    #2907,#2908,#2909,#2910,#2911,#2912,#2913,#2914,#2915,#2916,#2917,
    #2918,#2919,#2920,#2921,#2922,#2923,#2924,#2925,#2926,#2927,#2928,
    #2929,#2930,#2931,#2932,#2933,#2934,#2935,#2936,#2937,#2938,#2939,
    #2940,#2941,#2942,#2943,#2944,#2945,#2946,#2947,#2948,#2949,#2950,
    #2951,#2952,#2953,#2954,#2955,#2956,#2957,#2958,#2959,#2960,#2961,
    #2962,#2963,#2964,#2965,#2966),.UNSPECIFIED.,.T.,.F.,(8,6,6,6,6,6,6,
    6,6,6,6,6,6,6,6,6,6,6,6,6,6,6,6,6,6,6,6,8),(0.,3.90333814275E-02,
    6.450920127752E-02,9.66286738671E-02,0.123478154422,0.146329617861,
    0.165863956726,0.182188707325,0.249486457914,0.319282555207,
    0.335600971693,0.354582788965,0.376795234493,0.403440695702,
    0.43580405859,0.460555279812,0.499618850416,0.539749648056,
    0.5640700819,0.59687569816,0.623143249488,0.749131268286,
    0.749998785321,0.87662675147,0.90327633706,0.935644716845,
    0.960399773181,1.),.UNSPECIFIED.);
#2803 = CARTESIAN_POINT('',(725.,-388.85,2.22755E+03));
#2804 = CARTESIAN_POINT('',(725.82305255007,-388.85,2.22755E+03));
#2805 = CARTESIAN_POINT('',(726.64482779836,-388.8654509631,
    2.227508513384E+03));
#2806 = CARTESIAN_POINT('',(727.46060331473,-388.8962667056,
    2.227425772478E+03));
#2807 = CARTESIAN_POINT('',(728.26569450049,-388.9418582774,
    2.227302866359E+03));
#2808 = CARTESIAN_POINT('',(729.05553132097,-389.0011454071,
    2.227141732519E+03));
#2809 = CARTESIAN_POINT('',(729.82573354948,-389.0726136874,
    2.226945165143E+03));
#2810 = CARTESIAN_POINT('',(731.05936881991,-389.2078081924,
    2.226567819601E+03));
#2811 = CARTESIAN_POINT('',(731.53693029316,-389.2656557681,
    2.226405119827E+03));
#2812 = CARTESIAN_POINT('',(732.00445763068,-389.3275475028,
    2.226229477408E+03));
#2813 = CARTESIAN_POINT('',(732.46157591957,-389.3930580933,
    2.226041640322E+03));
#2814 = CARTESIAN_POINT('',(732.90794652224,-389.4617548388,
    2.225842369345E+03));
#2815 = CARTESIAN_POINT('',(733.34326695321,-389.5332028222,
    2.225632439602E+03));
#2816 = CARTESIAN_POINT('',(734.30184740924,-389.6999745844,
    2.225135525262E+03));
#2817 = CARTESIAN_POINT('',(734.81855203452,-389.7966861978,
    2.224842662555E+03));
#2818 = CARTESIAN_POINT('',(735.31740262179,-389.8963397972,
    2.224535333443E+03));
#2819 = CARTESIAN_POINT('',(735.79847299333,-389.9982146834,
    2.224214720496E+03));
#2820 = CARTESIAN_POINT('',(736.26188332349,-390.1016360464,
    2.223881916085E+03));
#2821 = CARTESIAN_POINT('',(736.7077906585,-390.2059764199,
    2.223537929064E+03));
#2822 = CARTESIAN_POINT('',(737.49464764965,-390.398162399,
    2.222887575231E+03));
#2823 = CARTESIAN_POINT('',(737.84087456997,-390.4859201079,
    2.222584246495E+03));
#2824 = CARTESIAN_POINT('',(738.17522092825,-390.5736067905,
    2.222274194521E+03));
#2825 = CARTESIAN_POINT('',(738.49784755551,-390.6609214093,
    2.221957867673E+03));
#2826 = CARTESIAN_POINT('',(738.80891550142,-390.7475846193,
    2.221635673325E+03));
#2827 = CARTESIAN_POINT('',(739.1085861529,-390.8333380255,
    2.221307977791E+03));
#2828 = CARTESIAN_POINT('',(739.64250716054,-390.9899507,
    2.220691800903E+03));
#2829 = CARTESIAN_POINT('',(739.87985439867,-391.0611263917,
    2.220404746164E+03));
#2830 = CARTESIAN_POINT('',(740.10915465862,-391.1313213195,
    2.22011415106E+03));
#2831 = CARTESIAN_POINT('',(740.33049579323,-391.2003953997,
    2.219820209652E+03));
#2832 = CARTESIAN_POINT('',(740.54396204583,-391.268217285,
    2.219523101017E+03));
#2833 = CARTESIAN_POINT('',(740.74963417937,-391.3346639905,
    2.219222989225E+03));
#2834 = CARTESIAN_POINT('',(741.11680976883,-391.4551479389,
    2.218661036008E+03));
#2835 = CARTESIAN_POINT('',(741.28038938014,-391.5095858363,
    2.218399965443E+03));
#2836 = CARTESIAN_POINT('',(741.4383714457,-391.5628607712,
    2.218136912862E+03));
#2837 = CARTESIAN_POINT('',(741.59079670671,-391.6149030876,
    2.217871974173E+03));
#2838 = CARTESIAN_POINT('',(741.73770363924,-391.6656469123,
    2.21760523994E+03));
#2839 = CARTESIAN_POINT('',(741.87912845432,-391.7150301558,
    2.21733679539E+03));
#2840 = CARTESIAN_POINT('',(742.12874010792,-391.8030780866,
    2.216841020074E+03));
#2841 = CARTESIAN_POINT('',(742.23856876332,-391.8421701623,
    2.216614184096E+03));
#2842 = CARTESIAN_POINT('',(742.34460966708,-391.8802362295,
    2.216386261479E+03));
#2843 = CARTESIAN_POINT('',(742.4468800231,-391.9172433465,
    2.216157300293E+03));
#2844 = CARTESIAN_POINT('',(742.54539563628,-391.9531601392,
    2.215927347675E+03));
#2845 = CARTESIAN_POINT('',(742.64017091241,-391.9879568012,
    2.215696449828E+03));
#2846 = CARTESIAN_POINT('',(743.10655824942,-392.1603180476,
    2.214509080249E+03));
#2847 = CARTESIAN_POINT('',(743.41867807724,-392.2795606648,
    2.213537901125E+03));
#2848 = CARTESIAN_POINT('',(743.66829064616,-392.3772828692,
    2.212554614157E+03));
#2849 = CARTESIAN_POINT('',(743.855948656,-392.4519468285,
    2.211562391518E+03));
#2850 = CARTESIAN_POINT('',(743.9820249128,-392.5025205255,
    2.210564179225E+03));
#2851 = CARTESIAN_POINT('',(744.04669203977,-392.5284713295,
    2.209562798319E+03));
#2852 = CARTESIAN_POINT('',(744.05323150949,-392.5310956318,
    2.207522104941E+03));
#2853 = CARTESIAN_POINT('',(743.99045437631,-392.5059032862,
    2.20648330026E+03));
#2854 = CARTESIAN_POINT('',(743.8616410991,-392.4541884317,
    2.205447748913E+03));
#2855 = CARTESIAN_POINT('',(743.66660493666,-392.3765264797,
    2.204418588966E+03));
#2856 = CARTESIAN_POINT('',(743.40492652492,-392.2740702295,
    2.203399101509E+03));
#2857 = CARTESIAN_POINT('',(743.07597830582,-392.1485577437,
    2.202392832531E+03));
#2858 = CARTESIAN_POINT('',(742.58612298812,-391.9681297064,
    2.201172457799E+03));
#2859 = CARTESIAN_POINT('',(742.48956744592,-391.9328033541,
    2.20094211852E+03));
#2860 = CARTESIAN_POINT('',(742.38926892143,-391.8963698745,
    2.200712742375E+03));
#2861 = CARTESIAN_POINT('',(742.28521258991,-391.8588595419,
    2.20048437577E+03));
#2862 = CARTESIAN_POINT('',(742.17738220993,-391.820304198,
    2.20025706609E+03));
#2863 = CARTESIAN_POINT('',(742.0657601233,-391.7807372521,
    2.200030861699E+03));
#2864 = CARTESIAN_POINT('',(741.81605407902,-391.6930328146,
    2.199544030826E+03));
#2865 = CARTESIAN_POINT('',(741.67662651546,-391.6445512459,
    2.199283815889E+03));
#2866 = CARTESIAN_POINT('',(741.53201265212,-391.5948032869,
    2.199025241185E+03));
#2867 = CARTESIAN_POINT('',(741.38217855946,-391.5438466464,
    2.198768385629E+03));
#2868 = CARTESIAN_POINT('',(741.22708829077,-391.4917424299,
    2.198513333003E+03));
#2869 = CARTESIAN_POINT('',(741.06670388216,-391.4385551398,
    2.198260171957E+03));
#2870 = CARTESIAN_POINT('',(740.70706220182,-391.3209251708,
    2.197715070926E+03));
#2871 = CARTESIAN_POINT('',(740.50583654459,-391.2561083802,
    2.197423866984E+03));
#2872 = CARTESIAN_POINT('',(740.29723677691,-391.1900084223,
    2.197135522483E+03));
#2873 = CARTESIAN_POINT('',(740.08118815754,-391.1227390827,
    2.196850189217E+03));
#2874 = CARTESIAN_POINT('',(739.85761280798,-391.0544218133,
    2.196568032463E+03));
#2875 = CARTESIAN_POINT('',(739.62642971246,-390.9851857326,
    2.196289230988E+03));
#2876 = CARTESIAN_POINT('',(739.10100660279,-390.8311757589,
    2.195683789706E+03));
#2877 = CARTESIAN_POINT('',(738.80339015433,-390.7460588696,
    2.195358707256E+03));
#2878 = CARTESIAN_POINT('',(738.49454716119,-390.6600500888,
    2.195039048195E+03));
#2879 = CARTESIAN_POINT('',(738.17431986147,-390.5734021598,
    2.194725170921E+03));
#2880 = CARTESIAN_POINT('',(737.84255082788,-390.4863881523,
    2.194417473664E+03));
#2881 = CARTESIAN_POINT('',(737.49908285289,-390.3993021768,
    2.194116394426E+03));
#2882 = CARTESIAN_POINT('',(736.71218513798,-390.2069824102,
    2.193465340904E+03));
#2883 = CARTESIAN_POINT('',(736.26303130683,-390.1018427993,
    2.193118664857E+03));
#2884 = CARTESIAN_POINT('',(735.79610905324,-389.9976328694,
    2.192783336025E+03));
#2885 = CARTESIAN_POINT('',(735.31125820938,-389.8949944779,
    2.192460386535E+03));
#2886 = CARTESIAN_POINT('',(734.80835655328,-389.7946182202,
    2.192150934373E+03));
#2887 = CARTESIAN_POINT('',(734.28732963548,-389.6972419135,
    2.191856190363E+03));
#2888 = CARTESIAN_POINT('',(733.33580877482,-389.5320700874,
    2.191364298493E+03));
#2889 = CARTESIAN_POINT('',(732.9127854557,-389.4626935411,
    2.191160470324E+03));
#2890 = CARTESIAN_POINT('',(732.47933409749,-389.3959152395,
    2.190966704505E+03));
#2891 = CARTESIAN_POINT('',(732.03573020567,-389.3321336239,
    2.190783711126E+03));
#2892 = CARTESIAN_POINT('',(731.58228146426,-389.2717453104,
    2.190612187834E+03));
#2893 = CARTESIAN_POINT('',(731.11932785825,-389.2151406231,
    2.190452821167E+03));
#2894 = CARTESIAN_POINT('',(729.90217281303,-389.0799334283,
    2.190075022024E+03));
#2895 = CARTESIAN_POINT('',(729.13313339099,-389.0074018618,
    2.189875342758E+03));
#2896 = CARTESIAN_POINT('',(728.34419180807,-388.9469616963,
    2.189710950204E+03));
#2897 = CARTESIAN_POINT('',(727.53968241898,-388.9001460262,
    2.189584673243E+03));
#2898 = CARTESIAN_POINT('',(726.7241326984,-388.8680604964,
    2.18949849428E+03));
#2899 = CARTESIAN_POINT('',(725.90218879466,-388.8513249928,
    2.189453557683E+03));
#2900 = CARTESIAN_POINT('',(724.23238807992,-388.848761051,
    2.189446673348E+03));
#2901 = CARTESIAN_POINT('',(723.38723737615,-388.8637937897,
    2.189487037989E+03));
#2902 = CARTESIAN_POINT('',(722.5482145761,-388.8950952787,
    2.189571055874E+03));
#2903 = CARTESIAN_POINT('',(721.7204082595,-388.9420409519,
    2.189697571407E+03));
#2904 = CARTESIAN_POINT('',(720.90878035443,-389.0034565553,
    2.189864483423E+03));
#2905 = CARTESIAN_POINT('',(720.11807982778,-389.0776836716,
    2.190068735701E+03));
#2906 = CARTESIAN_POINT('',(718.88895097825,-389.2142209718,
    2.190450251456E+03));
#2907 = CARTESIAN_POINT('',(718.43395641524,-389.2697615247,
    2.190606602959E+03));
#2908 = CARTESIAN_POINT('',(717.98812918612,-389.3289607657,
    2.190774700419E+03));
#2909 = CARTESIAN_POINT('',(717.5517937413,-389.3914485448,
    2.190953892466E+03));
#2910 = CARTESIAN_POINT('',(717.12524441118,-389.4568486861,
    2.191143517112E+03));
#2911 = CARTESIAN_POINT('',(716.70874550707,-389.5247830929,
    2.191342900524E+03));
#2912 = CARTESIAN_POINT('',(715.75459286624,-389.6894233503,
    2.191832539254E+03));
#2913 = CARTESIAN_POINT('',(715.22528467147,-389.7879124917,
    2.192130271508E+03));
#2914 = CARTESIAN_POINT('',(714.71459544875,-389.8895248665,
    2.192443182078E+03));
#2915 = CARTESIAN_POINT('',(714.2224522584,-389.993489972,
    2.192770005566E+03));
#2916 = CARTESIAN_POINT('',(713.74873110592,-390.0990869448,
    2.193109574273E+03));
#2917 = CARTESIAN_POINT('',(713.29326743795,-390.2056462946,
    2.193460810826E+03));
#2918 = CARTESIAN_POINT('',(712.50563855942,-390.398151051,
    2.194112503146E+03));
#2919 = CARTESIAN_POINT('',(712.16692933403,-390.4839872354,
    2.194409179346E+03));
#2920 = CARTESIAN_POINT('',(711.83958864125,-390.5697576752,
    2.194712291809E+03));
#2921 = CARTESIAN_POINT('',(711.5234659899,-390.655180405,
    2.195021420503E+03));
#2922 = CARTESIAN_POINT('',(711.21841060989,-390.7399933487,
    2.195336183002E+03));
#2923 = CARTESIAN_POINT('',(710.92427134366,-390.823953659,
    2.195656234551E+03));
#2924 = CARTESIAN_POINT('',(709.28173557327,-391.3043737349,
    2.197540238563E+03));
#2925 = CARTESIAN_POINT('',(708.166526809,-391.6782135002,
    2.199218047929E+03));
#2926 = CARTESIAN_POINT('',(707.28471984712,-392.0022698352,
    2.200977721729E+03));
#2927 = CARTESIAN_POINT('',(706.62675565168,-392.25844317,
    2.202793935729E+03));
#2928 = CARTESIAN_POINT('',(706.18613479704,-392.43504079,
    2.204647154916E+03));
#2929 = CARTESIAN_POINT('',(705.95995470296,-392.5258040157,
    2.206521513757E+03));
#2930 = CARTESIAN_POINT('',(705.95018676907,-392.5297238698,
    2.208414656675E+03));
#2931 = CARTESIAN_POINT('',(705.95013023502,-392.5297465569,
    2.208427603199E+03));
#2932 = CARTESIAN_POINT('',(705.95008396611,-392.5297651248,
    2.208440549751E+03));
#2933 = CARTESIAN_POINT('',(705.95004796232,-392.5297795732,
    2.208453496325E+03));
#2934 = CARTESIAN_POINT('',(705.95002222364,-392.5297899022,
    2.208466442915E+03));
#2935 = CARTESIAN_POINT('',(705.95000675006,-392.5297961119,
    2.208479389514E+03));
#2936 = CARTESIAN_POINT('',(705.94924128292,-392.5301032971,
    2.210382099417E+03));
#2937 = CARTESIAN_POINT('',(706.16719234741,-392.4426383176,
    2.212266783843E+03));
#2938 = CARTESIAN_POINT('',(706.60170603645,-392.2682508672,
    2.214130784733E+03));
#2939 = CARTESIAN_POINT('',(707.25563947872,-392.0131375735,
    2.215957995683E+03));
#2940 = CARTESIAN_POINT('',(708.13549593705,-391.6890499792,
    2.217728636598E+03));
#2941 = CARTESIAN_POINT('',(709.25088499068,-391.3142628702,
    2.219417106795E+03));
#2942 = CARTESIAN_POINT('',(710.89899349585,-390.83117573,
    2.221316210407E+03));
#2943 = CARTESIAN_POINT('',(711.1966100313,-390.7460588166,
    2.221641292945E+03));
#2944 = CARTESIAN_POINT('',(711.50545308849,-390.6600500198,
    2.22196095206E+03));
#2945 = CARTESIAN_POINT('',(711.82568041639,-390.5734020857,
    2.222274829345E+03));
#2946 = CARTESIAN_POINT('',(712.15744942802,-390.4863880868,
    2.222582526564E+03));
#2947 = CARTESIAN_POINT('',(712.50091731568,-390.3993021356,
    2.222883605713E+03));
#2948 = CARTESIAN_POINT('',(713.28781475665,-390.206982436,
    2.223534659009E+03));
#2949 = CARTESIAN_POINT('',(713.73696851936,-390.1018428396,
    2.223881335011E+03));
#2950 = CARTESIAN_POINT('',(714.20389075214,-389.9976329114,
    2.224216663842E+03));
#2951 = CARTESIAN_POINT('',(714.68874162231,-389.8949945114,
    2.224539613362E+03));
#2952 = CARTESIAN_POINT('',(715.19164333911,-389.7946182399,
    2.224849065567E+03));
#2953 = CARTESIAN_POINT('',(715.71267032625,-389.6972419201,
    2.225143809617E+03));
#2954 = CARTESIAN_POINT('',(716.66419122504,-389.5320700875,
    2.225635701506E+03));
#2955 = CARTESIAN_POINT('',(717.08721454428,-389.4626935411,
    2.225839529676E+03));
#2956 = CARTESIAN_POINT('',(717.52066590261,-389.3959152395,
    2.226033295495E+03));
#2957 = CARTESIAN_POINT('',(717.96426979444,-389.3321336239,
    2.226216288874E+03));
#2958 = CARTESIAN_POINT('',(718.41771853572,-389.2717453104,
    2.226387812166E+03));
#2959 = CARTESIAN_POINT('',(718.88067214159,-389.2151406231,
    2.226547178832E+03));
#2960 = CARTESIAN_POINT('',(720.10794594808,-389.0788093897,
    2.226928118791E+03));
#2961 = CARTESIAN_POINT('',(720.88781190348,-389.0054278471,
    2.227130091329E+03));
#2962 = CARTESIAN_POINT('',(721.68809614412,-388.9444943877,
    2.227295759415E+03));
#2963 = CARTESIAN_POINT('',(722.50425641837,-388.8976047241,
    2.227422179891E+03));
#2964 = CARTESIAN_POINT('',(723.33154686609,-388.865899046,
    2.227507310245E+03));
#2965 = CARTESIAN_POINT('',(724.16509829269,-388.85,2.22755E+03));
#2966 = CARTESIAN_POINT('',(725.,-388.85,2.22755E+03));
#2967 = PCURVE('',#2362,#2968);
#2968 = DEFINITIONAL_REPRESENTATION('',(#2969),#3134);
#2969 = B_SPLINE_CURVE_WITH_KNOTS('',7,(#2970,#2971,#2972,#2973,#2974,
    #2975,#2976,#2977,#2978,#2979,#2980,#2981,#2982,#2983,#2984,#2985,
    #2986,#2987,#2988,#2989,#2990,#2991,#2992,#2993,#2994,#2995,#2996,
    #2997,#2998,#2999,#3000,#3001,#3002,#3003,#3004,#3005,#3006,#3007,
    #3008,#3009,#3010,#3011,#3012,#3013,#3014,#3015,#3016,#3017,#3018,
    #3019,#3020,#3021,#3022,#3023,#3024,#3025,#3026,#3027,#3028,#3029,
    #3030,#3031,#3032,#3033,#3034,#3035,#3036,#3037,#3038,#3039,#3040,
    #3041,#3042,#3043,#3044,#3045,#3046,#3047,#3048,#3049,#3050,#3051,
    #3052,#3053,#3054,#3055,#3056,#3057,#3058,#3059,#3060,#3061,#3062,
    #3063,#3064,#3065,#3066,#3067,#3068,#3069,#3070,#3071,#3072,#3073,
    #3074,#3075,#3076,#3077,#3078,#3079,#3080,#3081,#3082,#3083,#3084,
    #3085,#3086,#3087,#3088,#3089,#3090,#3091,#3092,#3093,#3094,#3095,
    #3096,#3097,#3098,#3099,#3100,#3101,#3102,#3103,#3104,#3105,#3106,
    #3107,#3108,#3109,#3110,#3111,#3112,#3113,#3114,#3115,#3116,#3117,
    #3118,#3119,#3120,#3121,#3122,#3123,#3124,#3125,#3126,#3127,#3128,
    #3129,#3130,#3131,#3132,#3133),.UNSPECIFIED.,.T.,.F.,(8,6,6,6,6,6,6,
    6,6,6,6,6,6,6,6,6,6,6,6,6,6,6,6,6,6,6,6,8),(0.,3.90333814275E-02,
    6.450920127752E-02,9.66286738671E-02,0.123478154422,0.146329617861,
    0.165863956726,0.182188707325,0.249486457914,0.319282555207,
    0.335600971693,0.354582788965,0.376795234493,0.403440695702,
    0.43580405859,0.460555279812,0.499618850416,0.539749648056,
    0.5640700819,0.59687569816,0.623143249488,0.749131268286,
    0.749998785321,0.87662675147,0.90327633706,0.935644716845,
    0.960399773181,1.),.UNSPECIFIED.);
#2970 = CARTESIAN_POINT('',(1.570796326795,336.75));
#2971 = CARTESIAN_POINT('',(1.554705367849,336.75));
#2972 = CARTESIAN_POINT('',(1.538639378247,336.70851338362));
#2973 = CARTESIAN_POINT('',(1.522683891303,336.62577247762));
#2974 = CARTESIAN_POINT('',(1.506923751082,336.50286635869));
#2975 = CARTESIAN_POINT('',(1.491442642587,336.34173251853));
#2976 = CARTESIAN_POINT('',(1.476322327191,336.1451651425));
#2977 = CARTESIAN_POINT('',(1.452059938802,335.76781960071));
#2978 = CARTESIAN_POINT('',(1.442655812875,335.60511982695));
#2979 = CARTESIAN_POINT('',(1.433436637671,335.42947740848));
#2980 = CARTESIAN_POINT('',(1.424409412183,335.24164032222));
#2981 = CARTESIAN_POINT('',(1.415580687355,335.04236934452));
#2982 = CARTESIAN_POINT('',(1.406956551164,334.83243960167));
#2983 = CARTESIAN_POINT('',(1.387934467004,334.33552526153));
#2984 = CARTESIAN_POINT('',(1.377658130908,334.04266255527));
#2985 = CARTESIAN_POINT('',(1.3677138741,333.73533344333));
#2986 = CARTESIAN_POINT('',(1.358101287982,333.41472049568));
#2987 = CARTESIAN_POINT('',(1.348819382152,333.08191608548));
#2988 = CARTESIAN_POINT('',(1.339866679905,332.73792906401));
#2989 = CARTESIAN_POINT('',(1.324031151684,332.08757523109));
#2990 = CARTESIAN_POINT('',(1.317048507174,331.78424649496));
#2991 = CARTESIAN_POINT('',(1.310291217231,331.47419452054));
#2992 = CARTESIAN_POINT('',(1.303757183697,331.15786767328));
#2993 = CARTESIAN_POINT('',(1.297444347453,330.83567332544));
#2994 = CARTESIAN_POINT('',(1.291350662681,330.5079777907));
#2995 = CARTESIAN_POINT('',(1.280472532361,329.89180090306));
#2996 = CARTESIAN_POINT('',(1.27562824852,329.60474616351));
#2997 = CARTESIAN_POINT('',(1.270940118399,329.31415105965));
#2998 = CARTESIAN_POINT('',(1.266407117667,329.02020965199));
#2999 = CARTESIAN_POINT('',(1.262028289841,328.72310101742));
#3000 = CARTESIAN_POINT('',(1.257802737279,328.42298922466));
#3001 = CARTESIAN_POINT('',(1.25024774299,327.86103600825));
#3002 = CARTESIAN_POINT('',(1.246877291386,327.59996544301));
#3003 = CARTESIAN_POINT('',(1.243617840827,327.3369128621));
#3004 = CARTESIAN_POINT('',(1.240469008971,327.07197417258));
#3005 = CARTESIAN_POINT('',(1.237430447659,326.80523994034));
#3006 = CARTESIAN_POINT('',(1.234501842918,326.53679539015));
#3007 = CARTESIAN_POINT('',(1.229327150768,326.04102007374));
#3008 = CARTESIAN_POINT('',(1.227048011838,325.81418409649));
#3009 = CARTESIAN_POINT('',(1.224845359401,325.58626147908));
#3010 = CARTESIAN_POINT('',(1.22271907508,325.35730029273));
#3011 = CARTESIAN_POINT('',(1.220669060885,325.12734767472));
#3012 = CARTESIAN_POINT('',(1.218695239213,324.89644982835));
#3013 = CARTESIAN_POINT('',(1.208974460977,323.70908024864));
#3014 = CARTESIAN_POINT('',(1.202442613512,322.73790112475));
#3015 = CARTESIAN_POINT('',(1.19720219784,321.75461415729));
#3016 = CARTESIAN_POINT('',(1.193253712387,320.76239151838));
#3017 = CARTESIAN_POINT('',(1.190597897914,319.76417922523));
#3018 = CARTESIAN_POINT('',(1.189235668807,318.76279831912));
#3019 = CARTESIAN_POINT('',(1.189097909452,316.72210494128));
#3020 = CARTESIAN_POINT('',(1.190420315503,315.68330025962));
#3021 = CARTESIAN_POINT('',(1.193134115292,314.64774891263));
#3022 = CARTESIAN_POINT('',(1.197238297902,313.6185889657));
#3023 = CARTESIAN_POINT('',(1.202732069795,312.59910150907));
#3024 = CARTESIAN_POINT('',(1.209614935864,311.59283253051));
#3025 = CARTESIAN_POINT('',(1.219820748311,310.3724577994));
#3026 = CARTESIAN_POINT('',(1.221830812435,310.14211852009));
#3027 = CARTESIAN_POINT('',(1.223917035575,309.91274237526));
#3028 = CARTESIAN_POINT('',(1.226079501373,309.68437577008));
#3029 = CARTESIAN_POINT('',(1.228318314399,309.45706608975));
#3030 = CARTESIAN_POINT('',(1.230633600155,309.23086169949));
#3031 = CARTESIAN_POINT('',(1.235807803355,308.74403082567));
#3032 = CARTESIAN_POINT('',(1.238693735433,308.48381588927));
#3033 = CARTESIAN_POINT('',(1.241683570215,308.22524118496));
#3034 = CARTESIAN_POINT('',(1.244777607313,307.96838562877));
#3035 = CARTESIAN_POINT('',(1.247976177048,307.71333300314));
#3036 = CARTESIAN_POINT('',(1.251279640449,307.46017195688));
#3037 = CARTESIAN_POINT('',(1.258677293265,306.91507092611));
#3038 = CARTESIAN_POINT('',(1.262810337378,306.62386698366));
#3039 = CARTESIAN_POINT('',(1.267088301879,306.3355224831));
#3040 = CARTESIAN_POINT('',(1.271512023334,306.05018921652));
#3041 = CARTESIAN_POINT('',(1.27608239459,305.76803246289));
#3042 = CARTESIAN_POINT('',(1.280800364775,305.48923098807));
#3043 = CARTESIAN_POINT('',(1.291504753162,304.88378970644));
#3044 = CARTESIAN_POINT('',(1.297556406396,304.55870725631));
#3045 = CARTESIAN_POINT('',(1.303823911401,304.23904819508));
#3046 = CARTESIAN_POINT('',(1.310309268644,303.92517092059));
#3047 = CARTESIAN_POINT('',(1.317014491464,303.61747366406));
#3048 = CARTESIAN_POINT('',(1.323941630871,303.31639442627));
#3049 = CARTESIAN_POINT('',(1.339778553296,302.66534090375));
#3050 = CARTESIAN_POINT('',(1.348796607638,302.31866485726));
#3051 = CARTESIAN_POINT('',(1.358148864397,301.98333602481));
#3052 = CARTESIAN_POINT('',(1.367836823539,301.66038653492));
#3053 = CARTESIAN_POINT('',(1.377861485126,301.35093437346));
#3054 = CARTESIAN_POINT('',(1.388223250471,301.05619036297));
#3055 = CARTESIAN_POINT('',(1.407103999638,300.56429849344));
#3056 = CARTESIAN_POINT('',(1.415484369671,300.3604703238));
#3057 = CARTESIAN_POINT('',(1.42405781253,300.16670450469));
#3058 = CARTESIAN_POINT('',(1.432818782145,299.98371112612));
#3059 = CARTESIAN_POINT('',(1.441761320084,299.81218783397));
#3060 = CARTESIAN_POINT('',(1.450879068414,299.65282116748));
#3061 = CARTESIAN_POINT('',(1.474821233405,299.27502202432));
#3062 = CARTESIAN_POINT('',(1.489920861837,299.07534275803));
#3063 = CARTESIAN_POINT('',(1.505386238689,298.91095020426));
#3064 = CARTESIAN_POINT('',(1.521136405376,298.78467324318));
#3065 = CARTESIAN_POINT('',(1.537088437348,298.69849428044));
#3066 = CARTESIAN_POINT('',(1.553158207607,298.65355768349));
#3067 = CARTESIAN_POINT('',(1.585803421354,298.64667334834));
#3068 = CARTESIAN_POINT('',(1.602325938855,298.68703798858));
#3069 = CARTESIAN_POINT('',(1.618735546592,298.77105587376));
#3070 = CARTESIAN_POINT('',(1.634940131641,298.89757140681));
#3071 = CARTESIAN_POINT('',(1.650848856815,299.06448342335));
#3072 = CARTESIAN_POINT('',(1.666373038672,299.26873570083));
#3073 = CARTESIAN_POINT('',(1.690550735529,299.65025145596));
#3074 = CARTESIAN_POINT('',(1.699511536272,299.80660295879));
#3075 = CARTESIAN_POINT('',(1.708303347634,299.97470041937));
#3076 = CARTESIAN_POINT('',(1.716920104454,300.15389246608));
#3077 = CARTESIAN_POINT('',(1.725356113847,300.34351711183));
#3078 = CARTESIAN_POINT('',(1.733606066987,300.54290052436));
#3079 = CARTESIAN_POINT('',(1.752535742431,301.03253925372));
#3080 = CARTESIAN_POINT('',(1.763060611724,301.33027150777));
#3081 = CARTESIAN_POINT('',(1.773239254635,301.64318207837));
#3082 = CARTESIAN_POINT('',(1.783072013289,301.97000556609));
#3083 = CARTESIAN_POINT('',(1.792559870935,302.30957427349));
#3084 = CARTESIAN_POINT('',(1.801704346794,302.6608108262));
#3085 = CARTESIAN_POINT('',(1.817556013653,303.31250314643));
#3086 = CARTESIAN_POINT('',(1.824386977358,303.60917934589));
#3087 = CARTESIAN_POINT('',(1.831002303416,303.91229180925));
#3088 = CARTESIAN_POINT('',(1.837403955594,304.22142050276));
#3089 = CARTESIAN_POINT('',(1.843593863223,304.53618300192));
#3090 = CARTESIAN_POINT('',(1.84957394439,304.85623455143));
#3091 = CARTESIAN_POINT('',(1.883031470284,306.74023856265));
#3092 = CARTESIAN_POINT('',(1.906009198439,308.41804792911));
#3093 = CARTESIAN_POINT('',(1.924368722782,310.17772172908));
#3094 = CARTESIAN_POINT('',(1.938171876948,311.99393572938));
#3095 = CARTESIAN_POINT('',(1.947452325519,313.8471549163));
#3096 = CARTESIAN_POINT('',(1.952216965904,315.72151375663));
#3097 = CARTESIAN_POINT('',(1.952422735264,317.61465667533));
#3098 = CARTESIAN_POINT('',(1.9524239262,317.62760319885));
#3099 = CARTESIAN_POINT('',(1.952424900894,317.64054975097));
#3100 = CARTESIAN_POINT('',(1.952425659344,317.6534963252));
#3101 = CARTESIAN_POINT('',(1.952426201551,317.6664429151));
#3102 = CARTESIAN_POINT('',(1.952426527515,317.67938951419));
#3103 = CARTESIAN_POINT('',(1.952442652728,319.58209941684));
#3104 = CARTESIAN_POINT('',(1.947851334213,321.46678384323));
#3105 = CARTESIAN_POINT('',(1.938697784697,323.33078473306));
#3106 = CARTESIAN_POINT('',(1.924975489544,325.15799568337));
#3107 = CARTESIAN_POINT('',(1.906651470169,326.92863659776));
#3108 = CARTESIAN_POINT('',(1.883664635374,328.61710679478));
#3109 = CARTESIAN_POINT('',(1.850087898418,330.51621040723));
#3110 = CARTESIAN_POINT('',(1.844036243419,330.84129294531));
#3111 = CARTESIAN_POINT('',(1.837768737125,331.16095205954));
#3112 = CARTESIAN_POINT('',(1.831283379324,331.47482934456));
#3113 = CARTESIAN_POINT('',(1.824578156962,331.78252656372));
#3114 = CARTESIAN_POINT('',(1.817651019326,332.08360571321));
#3115 = CARTESIAN_POINT('',(1.801814102414,332.73465900907));
#3116 = CARTESIAN_POINT('',(1.792796049439,333.08133501115));
#3117 = CARTESIAN_POINT('',(1.783443793084,333.41666384198));
#3118 = CARTESIAN_POINT('',(1.773755833406,333.73961336182));
#3119 = CARTESIAN_POINT('',(1.763731170602,334.04906556733));
#3120 = CARTESIAN_POINT('',(1.753369403878,334.34380961724));
#3121 = CARTESIAN_POINT('',(1.734488653954,334.83570150649));
#3122 = CARTESIAN_POINT('',(1.726108283919,335.03952967619));
#3123 = CARTESIAN_POINT('',(1.717534841057,335.23329549535));
#3124 = CARTESIAN_POINT('',(1.708773871443,335.41628887391));
#3125 = CARTESIAN_POINT('',(1.699831333506,335.58781216601));
#3126 = CARTESIAN_POINT('',(1.690713585179,335.74717883246));
#3127 = CARTESIAN_POINT('',(1.666572378124,336.12811879105));
#3128 = CARTESIAN_POINT('',(1.65126054632,336.33009132919));
#3129 = CARTESIAN_POINT('',(1.635573496091,336.49575941515));
#3130 = CARTESIAN_POINT('',(1.619596064141,336.62217989109));
#3131 = CARTESIAN_POINT('',(1.603415158932,336.70731024461));
#3132 = CARTESIAN_POINT('',(1.587118940819,336.75));
#3133 = CARTESIAN_POINT('',(1.570796326795,336.75));
#3134 = ( GEOMETRIC_REPRESENTATION_CONTEXT(2) 
PARAMETRIC_REPRESENTATION_CONTEXT() REPRESENTATION_CONTEXT('2D SPACE',''
  ) );
#3135 = PCURVE('',#3136,#3141);
#3136 = CYLINDRICAL_SURFACE('',#3137,19.05);
#3137 = AXIS2_PLACEMENT_3D('',#3138,#3139,#3140);
#3138 = CARTESIAN_POINT('',(725.,-440.,2.2085E+03));
#3139 = DIRECTION('',(0.,1.,0.));
#3140 = DIRECTION('',(0.,-0.,1.));
#3141 = DEFINITIONAL_REPRESENTATION('',(#3142),#3307);
#3142 = B_SPLINE_CURVE_WITH_KNOTS('',7,(#3143,#3144,#3145,#3146,#3147,
    #3148,#3149,#3150,#3151,#3152,#3153,#3154,#3155,#3156,#3157,#3158,
    #3159,#3160,#3161,#3162,#3163,#3164,#3165,#3166,#3167,#3168,#3169,
    #3170,#3171,#3172,#3173,#3174,#3175,#3176,#3177,#3178,#3179,#3180,
    #3181,#3182,#3183,#3184,#3185,#3186,#3187,#3188,#3189,#3190,#3191,
    #3192,#3193,#3194,#3195,#3196,#3197,#3198,#3199,#3200,#3201,#3202,
    #3203,#3204,#3205,#3206,#3207,#3208,#3209,#3210,#3211,#3212,#3213,
    #3214,#3215,#3216,#3217,#3218,#3219,#3220,#3221,#3222,#3223,#3224,
    #3225,#3226,#3227,#3228,#3229,#3230,#3231,#3232,#3233,#3234,#3235,
    #3236,#3237,#3238,#3239,#3240,#3241,#3242,#3243,#3244,#3245,#3246,
    #3247,#3248,#3249,#3250,#3251,#3252,#3253,#3254,#3255,#3256,#3257,
    #3258,#3259,#3260,#3261,#3262,#3263,#3264,#3265,#3266,#3267,#3268,
    #3269,#3270,#3271,#3272,#3273,#3274,#3275,#3276,#3277,#3278,#3279,
    #3280,#3281,#3282,#3283,#3284,#3285,#3286,#3287,#3288,#3289,#3290,
    #3291,#3292,#3293,#3294,#3295,#3296,#3297,#3298,#3299,#3300,#3301,
    #3302,#3303,#3304,#3305,#3306),.UNSPECIFIED.,.F.,.F.,(8,6,6,6,6,6,6,
    6,6,6,6,6,6,6,6,6,6,6,6,6,6,6,6,6,6,6,6,8),(0.,3.90333814275E-02,
    6.450920127752E-02,9.66286738671E-02,0.123478154422,0.146329617861,
    0.165863956726,0.182188707325,0.249486457914,0.319282555207,
    0.335600971693,0.354582788965,0.376795234493,0.403440695702,
    0.43580405859,0.460555279812,0.499618850416,0.539749648056,
    0.5640700819,0.59687569816,0.623143249488,0.749131268286,
    0.749998785321,0.87662675147,0.90327633706,0.935644716845,
    0.960399773181,1.),.UNSPECIFIED.);
#3143 = CARTESIAN_POINT('',(0.,51.15));
#3144 = CARTESIAN_POINT('',(4.320485827159E-02,51.15));
#3145 = CARTESIAN_POINT('',(8.634266351435E-02,51.134549036875));
#3146 = CARTESIAN_POINT('',(0.129297263832,51.103733294377));
#3147 = CARTESIAN_POINT('',(0.171952584544,51.058141722533));
#3148 = CARTESIAN_POINT('',(0.214187020117,50.998854592804));
#3149 = CARTESIAN_POINT('',(0.255867524567,50.927386312555));
#3150 = CARTESIAN_POINT('',(0.323587023136,50.792191807501));
#3151 = CARTESIAN_POINT('',(0.350057647261,50.734344231885));
#3152 = CARTESIAN_POINT('',(0.37625453901,50.672452497181));
#3153 = CARTESIAN_POINT('',(0.402175785786,50.606941906696));
#3154 = CARTESIAN_POINT('',(0.427818241512,50.538245161119));
#3155 = CARTESIAN_POINT('',(0.453177472037,50.466797177768));
#3156 = CARTESIAN_POINT('',(0.509855810596,50.300025415595));
#3157 = CARTESIAN_POINT('',(0.541011432635,50.203313802174));
#3158 = CARTESIAN_POINT('',(0.571736008883,50.103660202776));
#3159 = CARTESIAN_POINT('',(0.602049427476,50.001785316534));
#3160 = CARTESIAN_POINT('',(0.631970312309,49.898363953569));
#3161 = CARTESIAN_POINT('',(0.661516312866,49.79402358004));
#3162 = CARTESIAN_POINT('',(0.71510345031,49.601837600986));
#3163 = CARTESIAN_POINT('',(0.739256502695,49.514079892066));
#3164 = CARTESIAN_POINT('',(0.7631774024,49.426393209447));
#3165 = CARTESIAN_POINT('',(0.786879253393,49.339078590671));
#3166 = CARTESIAN_POINT('',(0.810374746066,49.252415380635));
#3167 = CARTESIAN_POINT('',(0.833676490888,49.166661974418));
#3168 = CARTESIAN_POINT('',(0.876475405507,49.010049299923));
#3169 = CARTESIAN_POINT('',(0.89602243405,48.938873608287));
#3170 = CARTESIAN_POINT('',(0.915445736487,48.868678680454));
#3171 = CARTESIAN_POINT('',(0.934752338724,48.799604600284));
#3172 = CARTESIAN_POINT('',(0.953949105175,48.731782714924));
#3173 = CARTESIAN_POINT('',(0.973042850163,48.665336009496));
#3174 = CARTESIAN_POINT('',(1.008280351899,48.544852061091));
#3175 = CARTESIAN_POINT('',(1.024449863332,48.490414163654));
#3176 = CARTESIAN_POINT('',(1.040552721295,48.437139228724));
#3177 = CARTESIAN_POINT('',(1.056592615437,48.385096912397));
#3178 = CARTESIAN_POINT('',(1.072573187386,48.33435308761));
#3179 = CARTESIAN_POINT('',(1.088498030753,48.28496984414));
#3180 = CARTESIAN_POINT('',(1.117635395086,48.196921913373));
#3181 = CARTESIAN_POINT('',(1.130863497338,48.157829837612));
#3182 = CARTESIAN_POINT('',(1.144056938078,48.119763770449));
#3183 = CARTESIAN_POINT('',(1.157217590848,48.082756653471));
#3184 = CARTESIAN_POINT('',(1.170347262537,48.046839860727));
#3185 = CARTESIAN_POINT('',(1.183447693383,48.012043198733));
#3186 = CARTESIAN_POINT('',(1.250412609286,47.839681952354));
#3187 = CARTESIAN_POINT('',(1.303854028863,47.720439335195));
#3188 = CARTESIAN_POINT('',(1.356942820166,47.622717130774));
#3189 = CARTESIAN_POINT('',(1.409771515784,47.548053171443));
#3190 = CARTESIAN_POINT('',(1.462429630155,47.497479474477));
#3191 = CARTESIAN_POINT('',(1.515006113299,47.471528670422));
#3192 = CARTESIAN_POINT('',(1.622129675282,47.468904368178));
#3193 = CARTESIAN_POINT('',(1.676649200357,47.494096713776));
#3194 = CARTESIAN_POINT('',(1.731251945386,47.545811568287));
#3195 = CARTESIAN_POINT('',(1.786037151224,47.623473520204));
#3196 = CARTESIAN_POINT('',(1.841104674892,47.725929770435));
#3197 = CARTESIAN_POINT('',(1.896557930514,47.851442256256));
#3198 = CARTESIAN_POINT('',(1.965587754297,48.03187029357));
#3199 = CARTESIAN_POINT('',(1.978696906482,48.067196645879));
#3200 = CARTESIAN_POINT('',(1.991835978407,48.103630125456));
#3201 = CARTESIAN_POINT('',(2.005006729096,48.141140458052));
#3202 = CARTESIAN_POINT('',(2.018210984996,48.17969580192));
#3203 = CARTESIAN_POINT('',(2.031450639973,48.219262747807));
#3204 = CARTESIAN_POINT('',(2.060171670929,48.30696718533));
#3205 = CARTESIAN_POINT('',(2.075666034856,48.355448754067));
#3206 = CARTESIAN_POINT('',(2.091214032675,48.405196713087));
#3207 = CARTESIAN_POINT('',(2.106818993044,48.456153353579));
#3208 = CARTESIAN_POINT('',(2.122484287698,48.508257570006));
#3209 = CARTESIAN_POINT('',(2.13821333145,48.561444860105));
#3210 = CARTESIAN_POINT('',(2.172494290692,48.679074829179));
#3211 = CARTESIAN_POINT('',(2.191070920353,48.743891619792));
#3212 = CARTESIAN_POINT('',(2.209745688587,48.809991577661));
#3213 = CARTESIAN_POINT('',(2.228524907553,48.877260917271));
#3214 = CARTESIAN_POINT('',(2.247414984157,48.945578186648));
#3215 = CARTESIAN_POINT('',(2.266422420052,49.014814267368));
#3216 = CARTESIAN_POINT('',(2.308503322158,49.168824241016));
#3217 = CARTESIAN_POINT('',(2.331631258802,49.253941130349));
#3218 = CARTESIAN_POINT('',(2.354950193228,49.339949911135));
#3219 = CARTESIAN_POINT('',(2.378472454498,49.426597840105));
#3220 = CARTESIAN_POINT('',(2.402210450347,49.513611847614));
#3221 = CARTESIAN_POINT('',(2.426176988452,49.600697823129));
#3222 = CARTESIAN_POINT('',(2.47978917982,49.793017589732));
#3223 = CARTESIAN_POINT('',(2.509555963369,49.898157200643));
#3224 = CARTESIAN_POINT('',(2.539703244773,50.002367130529));
#3225 = CARTESIAN_POINT('',(2.57024903442,50.105005522034));
#3226 = CARTESIAN_POINT('',(2.601212356152,50.205381779723));
#3227 = CARTESIAN_POINT('',(2.632613546751,50.302758086442));
#3228 = CARTESIAN_POINT('',(2.688841580473,50.46792991251));
#3229 = CARTESIAN_POINT('',(2.713481111092,50.537306458893));
#3230 = CARTESIAN_POINT('',(2.73838798867,50.604084760417));
#3231 = CARTESIAN_POINT('',(2.763558243155,50.667866376049));
#3232 = CARTESIAN_POINT('',(2.788989046975,50.728254689539));
#3233 = CARTESIAN_POINT('',(2.814678668956,50.784859376826));
#3234 = CARTESIAN_POINT('',(2.881578432913,50.920066571651));
#3235 = CARTESIAN_POINT('',(2.923240636318,50.992598138108));
#3236 = CARTESIAN_POINT('',(2.96546369347,51.053038303635));
#3237 = CARTESIAN_POINT('',(3.008115941045,51.099853973766));
#3238 = CARTESIAN_POINT('',(3.05107726549,51.131939503546));
#3239 = CARTESIAN_POINT('',(3.094233282604,51.148675007123));
#3240 = CARTESIAN_POINT('',(3.18188760839,51.151238948951));
#3241 = CARTESIAN_POINT('',(3.226243358217,51.136206210213));
#3242 = CARTESIAN_POINT('',(3.270411142025,51.104904721254));
#3243 = CARTESIAN_POINT('',(3.314265369635,51.057959048064));
#3244 = CARTESIAN_POINT('',(3.357674387158,50.996543444644));
#3245 = CARTESIAN_POINT('',(3.400493707217,50.922316328379));
#3246 = CARTESIAN_POINT('',(3.468051599886,50.785779028159));
#3247 = CARTESIAN_POINT('',(3.493295283844,50.730238475298));
#3248 = CARTESIAN_POINT('',(3.5182892068,50.671039234294));
#3249 = CARTESIAN_POINT('',(3.543031662649,50.6085514552));
#3250 = CARTESIAN_POINT('',(3.567519920048,50.543151313852));
#3251 = CARTESIAN_POINT('',(3.591750179282,50.475216907026));
#3252 = CARTESIAN_POINT('',(3.648046873541,50.31057664966));
#3253 = CARTESIAN_POINT('',(3.679902757956,50.212087508287));
#3254 = CARTESIAN_POINT('',(3.711307985357,50.110475133408));
#3255 = CARTESIAN_POINT('',(3.742283646964,50.006510027972));
#3256 = CARTESIAN_POINT('',(3.772849443851,49.900913055117));
#3257 = CARTESIAN_POINT('',(3.803024008562,49.79435370534));
#3258 = CARTESIAN_POINT('',(3.856687147859,49.601848948999));
#3259 = CARTESIAN_POINT('',(3.880313896788,49.516012764542));
#3260 = CARTESIAN_POINT('',(3.903718420533,49.430242324788));
#3261 = CARTESIAN_POINT('',(3.926912989946,49.344819594955));
#3262 = CARTESIAN_POINT('',(3.949909499266,49.260006651228));
#3263 = CARTESIAN_POINT('',(3.972719765683,49.176046340993));
#3264 = CARTESIAN_POINT('',(4.1039260082,48.695626265084));
#3265 = CARTESIAN_POINT('',(4.208783098755,48.321786499725));
#3266 = CARTESIAN_POINT('',(4.310916999113,47.997730164795));
#3267 = CARTESIAN_POINT('',(4.411107890325,47.741556829939));
#3268 = CARTESIAN_POINT('',(4.510078711938,47.56495920995));
#3269 = CARTESIAN_POINT('',(4.608530098155,47.47419598429));
#3270 = CARTESIAN_POINT('',(4.707909001989,47.470276130145));
#3271 = CARTESIAN_POINT('',(4.708588615789,47.470253443005));
#3272 = CARTESIAN_POINT('',(4.709268228822,47.470234875189));
#3273 = CARTESIAN_POINT('',(4.709947841261,47.470220426746));
#3274 = CARTESIAN_POINT('',(4.710627453281,47.470210097709));
#3275 = CARTESIAN_POINT('',(4.711307065053,47.470203888098));
#3276 = CARTESIAN_POINT('',(4.811186858052,47.469896702803));
#3277 = CARTESIAN_POINT('',(4.910115706742,47.557361682308));
#3278 = CARTESIAN_POINT('',(5.009549310562,47.731749132799));
#3279 = CARTESIAN_POINT('',(5.110195038627,47.986862426496));
#3280 = CARTESIAN_POINT('',(5.21278273188,48.310950020731));
#3281 = CARTESIAN_POINT('',(5.318099709808,48.685737129727));
#3282 = CARTESIAN_POINT('',(5.450095983649,49.168824269931));
#3283 = CARTESIAN_POINT('',(5.473223926772,49.253941183306));
#3284 = CARTESIAN_POINT('',(5.496542865524,49.33994998017));
#3285 = CARTESIAN_POINT('',(5.520065128232,49.426597914225));
#3286 = CARTESIAN_POINT('',(5.543803121909,49.513611913142));
#3287 = CARTESIAN_POINT('',(5.567769653528,49.600697864332));
#3288 = CARTESIAN_POINT('',(5.621381826231,49.793017563981));
#3289 = CARTESIAN_POINT('',(5.651148605532,49.898157160388));
#3290 = CARTESIAN_POINT('',(5.681295886,50.002367088504));
#3291 = CARTESIAN_POINT('',(5.711841677656,50.105005488512));
#3292 = CARTESIAN_POINT('',(5.742805003303,50.205381760011));
#3293 = CARTESIAN_POINT('',(5.77420619808,50.302758079801));
#3294 = CARTESIAN_POINT('',(5.830434234055,50.467929912487));
#3295 = CARTESIAN_POINT('',(5.855073764681,50.537306458893));
#3296 = CARTESIAN_POINT('',(5.879980642266,50.604084760436));
#3297 = CARTESIAN_POINT('',(5.905150896752,50.667866376064));
#3298 = CARTESIAN_POINT('',(5.930581700564,50.728254689535));
#3299 = CARTESIAN_POINT('',(5.956271322537,50.784859376808));
#3300 = CARTESIAN_POINT('',(6.023727254539,50.921190610294));
#3301 = CARTESIAN_POINT('',(6.06596792007,50.994572152805));
#3302 = CARTESIAN_POINT('',(6.108784111535,51.055505612285));
#3303 = CARTESIAN_POINT('',(6.152037637527,51.102395275811));
#3304 = CARTESIAN_POINT('',(6.195602468828,51.134100953986));
#3305 = CARTESIAN_POINT('',(6.239358445904,51.15));
#3306 = CARTESIAN_POINT('',(6.28318530718,51.15));
#3307 = ( GEOMETRIC_REPRESENTATION_CONTEXT(2) 
PARAMETRIC_REPRESENTATION_CONTEXT() REPRESENTATION_CONTEXT('2D SPACE',''
  ) );
#3308 = ADVANCED_FACE('',(#3309),#3136,.T.);
#3309 = FACE_BOUND('',#3310,.T.);
#3310 = EDGE_LOOP('',(#3311,#3334,#3361,#3362));
#3311 = ORIENTED_EDGE('',*,*,#3312,.T.);
#3312 = EDGE_CURVE('',#2799,#3313,#3315,.T.);
#3313 = VERTEX_POINT('',#3314);
#3314 = CARTESIAN_POINT('',(725.,-190.,2.22755E+03));
#3315 = SEAM_CURVE('',#3316,(#3320,#3327),.PCURVE_S1.);
#3316 = LINE('',#3317,#3318);
#3317 = CARTESIAN_POINT('',(725.,-440.,2.22755E+03));
#3318 = VECTOR('',#3319,1.);
#3319 = DIRECTION('',(0.,1.,0.));
#3320 = PCURVE('',#3136,#3321);
#3321 = DEFINITIONAL_REPRESENTATION('',(#3322),#3326);
#3322 = LINE('',#3323,#3324);
#3323 = CARTESIAN_POINT('',(6.28318530718,-0.));
#3324 = VECTOR('',#3325,1.);
#3325 = DIRECTION('',(0.,1.));
#3326 = ( GEOMETRIC_REPRESENTATION_CONTEXT(2) 
PARAMETRIC_REPRESENTATION_CONTEXT() REPRESENTATION_CONTEXT('2D SPACE',''
  ) );
#3327 = PCURVE('',#3136,#3328);
#3328 = DEFINITIONAL_REPRESENTATION('',(#3329),#3333);
#3329 = LINE('',#3330,#3331);
#3330 = CARTESIAN_POINT('',(0.,-0.));
#3331 = VECTOR('',#3332,1.);
#3332 = DIRECTION('',(0.,1.));
#3333 = ( GEOMETRIC_REPRESENTATION_CONTEXT(2) 
PARAMETRIC_REPRESENTATION_CONTEXT() REPRESENTATION_CONTEXT('2D SPACE',''
  ) );
#3334 = ORIENTED_EDGE('',*,*,#3335,.F.);
#3335 = EDGE_CURVE('',#3313,#3313,#3336,.T.);
#3336 = SURFACE_CURVE('',#3337,(#3342,#3349),.PCURVE_S1.);
#3337 = CIRCLE('',#3338,19.05);
#3338 = AXIS2_PLACEMENT_3D('',#3339,#3340,#3341);
#3339 = CARTESIAN_POINT('',(725.,-190.,2.2085E+03));
#3340 = DIRECTION('',(0.,1.,0.));
#3341 = DIRECTION('',(0.,-0.,1.));
#3342 = PCURVE('',#3136,#3343);
#3343 = DEFINITIONAL_REPRESENTATION('',(#3344),#3348);
#3344 = LINE('',#3345,#3346);
#3345 = CARTESIAN_POINT('',(0.,250.));
#3346 = VECTOR('',#3347,1.);
#3347 = DIRECTION('',(1.,0.));
#3348 = ( GEOMETRIC_REPRESENTATION_CONTEXT(2) 
PARAMETRIC_REPRESENTATION_CONTEXT() REPRESENTATION_CONTEXT('2D SPACE',''
  ) );
#3349 = PCURVE('',#3350,#3355);
#3350 = PLANE('',#3351);
#3351 = AXIS2_PLACEMENT_3D('',#3352,#3353,#3354);
#3352 = CARTESIAN_POINT('',(725.,-190.,2.2085E+03));
#3353 = DIRECTION('',(0.,1.,0.));
#3354 = DIRECTION('',(0.,-0.,1.));
#3355 = DEFINITIONAL_REPRESENTATION('',(#3356),#3360);
#3356 = CIRCLE('',#3357,19.05);
#3357 = AXIS2_PLACEMENT_2D('',#3358,#3359);
#3358 = CARTESIAN_POINT('',(0.,0.));
#3359 = DIRECTION('',(1.,0.));
#3360 = ( GEOMETRIC_REPRESENTATION_CONTEXT(2) 
PARAMETRIC_REPRESENTATION_CONTEXT() REPRESENTATION_CONTEXT('2D SPACE',''
  ) );
#3361 = ORIENTED_EDGE('',*,*,#3312,.F.);
#3362 = ORIENTED_EDGE('',*,*,#2798,.T.);
#3363 = ADVANCED_FACE('',(#3364),#3350,.T.);
#3364 = FACE_BOUND('',#3365,.T.);
#3365 = EDGE_LOOP('',(#3366));
#3366 = ORIENTED_EDGE('',*,*,#3335,.T.);
#3367 = ADVANCED_FACE('',(#3368),#2506,.T.);
#3368 = FACE_BOUND('',#3369,.T.);
#3369 = EDGE_LOOP('',(#3370,#3371));
#3370 = ORIENTED_EDGE('',*,*,#2489,.T.);
#3371 = ORIENTED_EDGE('',*,*,#3372,.F.);
#3372 = EDGE_CURVE('',#2490,#2405,#3373,.T.);
#3373 = SURFACE_CURVE('',#3374,(#3378,#3384),.PCURVE_S1.);
#3374 = LINE('',#3375,#3376);
#3375 = CARTESIAN_POINT('',(-500.,-477.8922485476,2.4305E+03));
#3376 = VECTOR('',#3377,1.);
#3377 = DIRECTION('',(1.,0.,0.));
#3378 = PCURVE('',#2506,#3379);
#3379 = DEFINITIONAL_REPRESENTATION('',(#3380),#3383);
#3380 = B_SPLINE_CURVE_WITH_KNOTS('',1,(#3381,#3382),.UNSPECIFIED.,.F.,
  .F.,(2,2),(1.16362E+03,1.28638E+03),.PIECEWISE_BEZIER_KNOTS.);
#3381 = CARTESIAN_POINT('',(-61.38,-37.89224854769));
#3382 = CARTESIAN_POINT('',(61.38,-37.89224854769));
#3383 = ( GEOMETRIC_REPRESENTATION_CONTEXT(2) 
PARAMETRIC_REPRESENTATION_CONTEXT() REPRESENTATION_CONTEXT('2D SPACE',''
  ) );
#3384 = PCURVE('',#2458,#3385);
#3385 = DEFINITIONAL_REPRESENTATION('',(#3386),#3389);
#3386 = B_SPLINE_CURVE_WITH_KNOTS('',1,(#3387,#3388),.UNSPECIFIED.,.F.,
  .F.,(2,2),(1.16362E+03,1.28638E+03),.PIECEWISE_BEZIER_KNOTS.);
#3387 = CARTESIAN_POINT('',(2.758408957399,1.16362E+03));
#3388 = CARTESIAN_POINT('',(2.758408957399,1.28638E+03));
#3389 = ( GEOMETRIC_REPRESENTATION_CONTEXT(2) 
PARAMETRIC_REPRESENTATION_CONTEXT() REPRESENTATION_CONTEXT('2D SPACE',''
  ) );
#3390 = ADVANCED_FACE('',(#3391),#2705,.T.);
#3391 = FACE_BOUND('',#3392,.T.);
#3392 = EDGE_LOOP('',(#3393,#3412));
#3393 = ORIENTED_EDGE('',*,*,#3394,.T.);
#3394 = EDGE_CURVE('',#2519,#2689,#3395,.T.);
#3395 = SURFACE_CURVE('',#3396,(#3400,#3406),.PCURVE_S1.);
#3396 = LINE('',#3397,#3398);
#3397 = CARTESIAN_POINT('',(-500.,-402.1077514523,2.4305E+03));
#3398 = VECTOR('',#3399,1.);
#3399 = DIRECTION('',(1.,0.,0.));
#3400 = PCURVE('',#2705,#3401);
#3401 = DEFINITIONAL_REPRESENTATION('',(#3402),#3405);
#3402 = B_SPLINE_CURVE_WITH_KNOTS('',1,(#3403,#3404),.UNSPECIFIED.,.F.,
  .F.,(2,2),(1.16362E+03,1.28638E+03),.PIECEWISE_BEZIER_KNOTS.);
#3403 = CARTESIAN_POINT('',(-61.38,37.892248547691));
#3404 = CARTESIAN_POINT('',(61.38,37.892248547691));
#3405 = ( GEOMETRIC_REPRESENTATION_CONTEXT(2) 
PARAMETRIC_REPRESENTATION_CONTEXT() REPRESENTATION_CONTEXT('2D SPACE',''
  ) );
#3406 = PCURVE('',#2458,#3407);
#3407 = DEFINITIONAL_REPRESENTATION('',(#3408),#3411);
#3408 = B_SPLINE_CURVE_WITH_KNOTS('',1,(#3409,#3410),.UNSPECIFIED.,.F.,
  .F.,(2,2),(1.16362E+03,1.28638E+03),.PIECEWISE_BEZIER_KNOTS.);
#3409 = CARTESIAN_POINT('',(3.524776349781,1.16362E+03));
#3410 = CARTESIAN_POINT('',(3.524776349781,1.28638E+03));
#3411 = ( GEOMETRIC_REPRESENTATION_CONTEXT(2) 
PARAMETRIC_REPRESENTATION_CONTEXT() REPRESENTATION_CONTEXT('2D SPACE',''
  ) );
#3412 = ORIENTED_EDGE('',*,*,#2688,.T.);
#3413 = ADVANCED_FACE('',(#3414,#3496,#3885,#4274,#4663),#2458,.T.);
#3414 = FACE_BOUND('',#3415,.T.);
#3415 = EDGE_LOOP('',(#3416,#3445,#3468,#3495));
#3416 = ORIENTED_EDGE('',*,*,#3417,.F.);
#3417 = EDGE_CURVE('',#3418,#3418,#3420,.T.);
#3418 = VERTEX_POINT('',#3419);
#3419 = CARTESIAN_POINT('',(900.,-440.,2.62585E+03));
#3420 = SURFACE_CURVE('',#3421,(#3426,#3433),.PCURVE_S1.);
#3421 = CIRCLE('',#3422,101.35);
#3422 = AXIS2_PLACEMENT_3D('',#3423,#3424,#3425);
#3423 = CARTESIAN_POINT('',(900.,-440.,2.5245E+03));
#3424 = DIRECTION('',(1.,0.,0.));
#3425 = DIRECTION('',(-0.,0.,1.));
#3426 = PCURVE('',#2458,#3427);
#3427 = DEFINITIONAL_REPRESENTATION('',(#3428),#3432);
#3428 = LINE('',#3429,#3430);
#3429 = CARTESIAN_POINT('',(0.,1.4E+03));
#3430 = VECTOR('',#3431,1.);
#3431 = DIRECTION('',(1.,0.));
#3432 = ( GEOMETRIC_REPRESENTATION_CONTEXT(2) 
PARAMETRIC_REPRESENTATION_CONTEXT() REPRESENTATION_CONTEXT('2D SPACE',''
  ) );
#3433 = PCURVE('',#3434,#3439);
#3434 = PLANE('',#3435);
#3435 = AXIS2_PLACEMENT_3D('',#3436,#3437,#3438);
#3436 = CARTESIAN_POINT('',(900.,-440.,2.5245E+03));
#3437 = DIRECTION('',(1.,0.,0.));
#3438 = DIRECTION('',(-0.,0.,1.));
#3439 = DEFINITIONAL_REPRESENTATION('',(#3440),#3444);
#3440 = CIRCLE('',#3441,101.35);
#3441 = AXIS2_PLACEMENT_2D('',#3442,#3443);
#3442 = CARTESIAN_POINT('',(0.,0.));
#3443 = DIRECTION('',(1.,0.));
#3444 = ( GEOMETRIC_REPRESENTATION_CONTEXT(2) 
PARAMETRIC_REPRESENTATION_CONTEXT() REPRESENTATION_CONTEXT('2D SPACE',''
  ) );
#3445 = ORIENTED_EDGE('',*,*,#3446,.T.);
#3446 = EDGE_CURVE('',#3418,#3447,#3449,.T.);
#3447 = VERTEX_POINT('',#3448);
#3448 = CARTESIAN_POINT('',(-800.,-440.,2.62585E+03));
#3449 = SEAM_CURVE('',#3450,(#3454,#3461),.PCURVE_S1.);
#3450 = LINE('',#3451,#3452);
#3451 = CARTESIAN_POINT('',(900.,-440.,2.62585E+03));
#3452 = VECTOR('',#3453,1.);
#3453 = DIRECTION('',(-1.,0.,0.));
#3454 = PCURVE('',#2458,#3455);
#3455 = DEFINITIONAL_REPRESENTATION('',(#3456),#3460);
#3456 = LINE('',#3457,#3458);
#3457 = CARTESIAN_POINT('',(0.,1.4E+03));
#3458 = VECTOR('',#3459,1.);
#3459 = DIRECTION('',(-0.,-1.));
#3460 = ( GEOMETRIC_REPRESENTATION_CONTEXT(2) 
PARAMETRIC_REPRESENTATION_CONTEXT() REPRESENTATION_CONTEXT('2D SPACE',''
  ) );
#3461 = PCURVE('',#2458,#3462);
#3462 = DEFINITIONAL_REPRESENTATION('',(#3463),#3467);
#3463 = LINE('',#3464,#3465);
#3464 = CARTESIAN_POINT('',(6.28318530718,1.4E+03));
#3465 = VECTOR('',#3466,1.);
#3466 = DIRECTION('',(-0.,-1.));
#3467 = ( GEOMETRIC_REPRESENTATION_CONTEXT(2) 
PARAMETRIC_REPRESENTATION_CONTEXT() REPRESENTATION_CONTEXT('2D SPACE',''
  ) );
#3468 = ORIENTED_EDGE('',*,*,#3469,.T.);
#3469 = EDGE_CURVE('',#3447,#3447,#3470,.T.);
#3470 = SURFACE_CURVE('',#3471,(#3476,#3483),.PCURVE_S1.);
#3471 = CIRCLE('',#3472,101.35);
#3472 = AXIS2_PLACEMENT_3D('',#3473,#3474,#3475);
#3473 = CARTESIAN_POINT('',(-800.,-440.,2.5245E+03));
#3474 = DIRECTION('',(1.,0.,0.));
#3475 = DIRECTION('',(-0.,0.,1.));
#3476 = PCURVE('',#2458,#3477);
#3477 = DEFINITIONAL_REPRESENTATION('',(#3478),#3482);
#3478 = LINE('',#3479,#3480);
#3479 = CARTESIAN_POINT('',(0.,-300.));
#3480 = VECTOR('',#3481,1.);
#3481 = DIRECTION('',(1.,0.));
#3482 = ( GEOMETRIC_REPRESENTATION_CONTEXT(2) 
PARAMETRIC_REPRESENTATION_CONTEXT() REPRESENTATION_CONTEXT('2D SPACE',''
  ) );
#3483 = PCURVE('',#3484,#3489);
#3484 = PLANE('',#3485);
#3485 = AXIS2_PLACEMENT_3D('',#3486,#3487,#3488);
#3486 = CARTESIAN_POINT('',(-800.,-440.,2.5245E+03));
#3487 = DIRECTION('',(1.,0.,0.));
#3488 = DIRECTION('',(-0.,0.,1.));
#3489 = DEFINITIONAL_REPRESENTATION('',(#3490),#3494);
#3490 = CIRCLE('',#3491,101.35);
#3491 = AXIS2_PLACEMENT_2D('',#3492,#3493);
#3492 = CARTESIAN_POINT('',(0.,0.));
#3493 = DIRECTION('',(1.,0.));
#3494 = ( GEOMETRIC_REPRESENTATION_CONTEXT(2) 
PARAMETRIC_REPRESENTATION_CONTEXT() REPRESENTATION_CONTEXT('2D SPACE',''
  ) );
#3495 = ORIENTED_EDGE('',*,*,#3446,.F.);
#3496 = FACE_BOUND('',#3497,.T.);
#3497 = EDGE_LOOP('',(#3498,#3526,#3611,#3691,#3717));
#3498 = ORIENTED_EDGE('',*,*,#3499,.T.);
#3499 = EDGE_CURVE('',#3500,#3502,#3504,.T.);
#3500 = VERTEX_POINT('',#3501);
#3501 = CARTESIAN_POINT('',(-359.3584050852,-477.8922485476,2.4305E+03)
  );
#3502 = VERTEX_POINT('',#3503);
#3503 = CARTESIAN_POINT('',(-290.6415949147,-477.8922485476,2.4305E+03)
  );
#3504 = SURFACE_CURVE('',#3505,(#3509,#3515),.PCURVE_S1.);
#3505 = LINE('',#3506,#3507);
#3506 = CARTESIAN_POINT('',(-500.,-477.8922485476,2.4305E+03));
#3507 = VECTOR('',#3508,1.);
#3508 = DIRECTION('',(1.,0.,0.));
#3509 = PCURVE('',#2458,#3510);
#3510 = DEFINITIONAL_REPRESENTATION('',(#3511),#3514);
#3511 = B_SPLINE_CURVE_WITH_KNOTS('',1,(#3512,#3513),.UNSPECIFIED.,.F.,
  .F.,(2,2),(113.62,236.38),.PIECEWISE_BEZIER_KNOTS.);
#3512 = CARTESIAN_POINT('',(2.758408957399,113.62));
#3513 = CARTESIAN_POINT('',(2.758408957399,236.38));
#3514 = ( GEOMETRIC_REPRESENTATION_CONTEXT(2) 
PARAMETRIC_REPRESENTATION_CONTEXT() REPRESENTATION_CONTEXT('2D SPACE',''
  ) );
#3515 = PCURVE('',#3516,#3521);
#3516 = PLANE('',#3517);
#3517 = AXIS2_PLACEMENT_3D('',#3518,#3519,#3520);
#3518 = CARTESIAN_POINT('',(-325.,-440.,2.4305E+03));
#3519 = DIRECTION('',(0.,0.,1.));
#3520 = DIRECTION('',(1.,0.,-0.));
#3521 = DEFINITIONAL_REPRESENTATION('',(#3522),#3525);
#3522 = B_SPLINE_CURVE_WITH_KNOTS('',1,(#3523,#3524),.UNSPECIFIED.,.F.,
  .F.,(2,2),(113.62,236.38),.PIECEWISE_BEZIER_KNOTS.);
#3523 = CARTESIAN_POINT('',(-61.38,-37.89224854769));
#3524 = CARTESIAN_POINT('',(61.38,-37.89224854769));
#3525 = ( GEOMETRIC_REPRESENTATION_CONTEXT(2) 
PARAMETRIC_REPRESENTATION_CONTEXT() REPRESENTATION_CONTEXT('2D SPACE',''
  ) );
#3526 = ORIENTED_EDGE('',*,*,#3527,.T.);
#3527 = EDGE_CURVE('',#3502,#3528,#3530,.T.);
#3528 = VERTEX_POINT('',#3529);
#3529 = CARTESIAN_POINT('',(-273.85,-440.,2.42315E+03));
#3530 = SURFACE_CURVE('',#3531,(#3554,#3580),.PCURVE_S1.);
#3531 = B_SPLINE_CURVE_WITH_KNOTS('',6,(#3532,#3533,#3534,#3535,#3536,
    #3537,#3538,#3539,#3540,#3541,#3542,#3543,#3544,#3545,#3546,#3547,
    #3548,#3549,#3550,#3551,#3552,#3553),.UNSPECIFIED.,.F.,.F.,(7,5,5,5,
    7),(0.,0.264593057824,0.551987577597,0.708007591403,1.),
  .UNSPECIFIED.);
#3532 = CARTESIAN_POINT('',(-290.6415965563,-477.8922500361,
    2.4305000006E+03));
#3533 = CARTESIAN_POINT('',(-289.4377940761,-476.800714663,
    2.430059992818E+03));
#3534 = CARTESIAN_POINT('',(-288.2624185915,-475.6513309466,
    2.429614347808E+03));
#3535 = CARTESIAN_POINT('',(-287.1176185941,-474.442612551,
    2.429165606131E+03));
#3536 = CARTESIAN_POINT('',(-286.0060883551,-473.1729476523,
    2.42871657557E+03));
#3537 = CARTESIAN_POINT('',(-284.9311519176,-471.8406926388,
    2.428270398494E+03));
#3538 = CARTESIAN_POINT('',(-282.7734104339,-468.9275010808,
    2.427352941721E+03));
#3539 = CARTESIAN_POINT('',(-281.6973327442,-467.3342482236,
    2.426882566162E+03));
#3540 = CARTESIAN_POINT('',(-280.6745212959,-465.6631999588,
    2.426424319129E+03));
#3541 = CARTESIAN_POINT('',(-279.711659846,-463.9133212012,
    2.42598354368E+03));
#3542 = CARTESIAN_POINT('',(-278.8163009998,-462.0840021867,
    2.425566117435E+03));
#3543 = CARTESIAN_POINT('',(-277.5522058833,-459.1389902077,
    2.42496789644E+03));
#3544 = CARTESIAN_POINT('',(-277.1298721764,-458.079428606,
    2.424766176092E+03));
#3545 = CARTESIAN_POINT('',(-276.7316651491,-456.9972775223,
    2.424574387442E+03));
#3546 = CARTESIAN_POINT('',(-276.3592008405,-455.8933461225,
    2.424393671917E+03));
#3547 = CARTESIAN_POINT('',(-276.014041885,-454.7685139716,
    2.424225137055E+03));
#3548 = CARTESIAN_POINT('',(-275.1056741279,-451.4812635444,
    2.42377920908E+03));
#3549 = CARTESIAN_POINT('',(-274.6135632207,-449.2652052329,
    2.423534447643E+03));
#3550 = CARTESIAN_POINT('',(-274.2348269268,-446.9917053054,
    2.423344217216E+03));
#3551 = CARTESIAN_POINT('',(-273.9786098037,-444.6778686532,
    2.423214907605E+03));
#3552 = CARTESIAN_POINT('',(-273.85,-442.341362251,2.42315E+03));
#3553 = CARTESIAN_POINT('',(-273.85,-440.,2.42315E+03));
#3554 = PCURVE('',#2458,#3555);
#3555 = DEFINITIONAL_REPRESENTATION('',(#3556),#3579);
#3556 = B_SPLINE_CURVE_WITH_KNOTS('',6,(#3557,#3558,#3559,#3560,#3561,
    #3562,#3563,#3564,#3565,#3566,#3567,#3568,#3569,#3570,#3571,#3572,
    #3573,#3574,#3575,#3576,#3577,#3578),.UNSPECIFIED.,.F.,.F.,(7,5,5,5,
    7),(0.,0.264593057824,0.551987577597,0.708007591403,1.),
  .UNSPECIFIED.);
#3557 = CARTESIAN_POINT('',(2.758408941564,209.35840344369));
#3558 = CARTESIAN_POINT('',(2.770021020076,210.56220592388));
#3559 = CARTESIAN_POINT('',(2.782183275025,211.73758140842));
#3560 = CARTESIAN_POINT('',(2.794902771756,212.88238140583));
#3561 = CARTESIAN_POINT('',(2.8081880232,213.99391164483));
#3562 = CARTESIAN_POINT('',(2.822048449712,215.06884808235));
#3563 = CARTESIAN_POINT('',(2.852184067987,217.22658956601));
#3564 = CARTESIAN_POINT('',(2.868572493961,218.30266725574));
#3565 = CARTESIAN_POINT('',(2.885664069299,219.32547870403));
#3566 = CARTESIAN_POINT('',(2.903462739085,220.28834015395));
#3567 = CARTESIAN_POINT('',(2.921970903557,221.18369900015));
#3568 = CARTESIAN_POINT('',(2.951622173625,222.44779411664));
#3569 = CARTESIAN_POINT('',(2.962263627599,222.87012782355));
#3570 = CARTESIAN_POINT('',(2.973106041636,223.2683348508));
#3571 = CARTESIAN_POINT('',(2.98414180695,223.64079915946));
#3572 = CARTESIAN_POINT('',(2.995363100745,223.98595811493));
#3573 = CARTESIAN_POINT('',(3.028094807273,224.89432587206));
#3574 = CARTESIAN_POINT('',(3.050086394431,225.38643677921));
#3575 = CARTESIAN_POINT('',(3.072584732846,225.76517307317));
#3576 = CARTESIAN_POINT('',(3.095437062356,226.02139019628));
#3577 = CARTESIAN_POINT('',(3.11849090469,226.15));
#3578 = CARTESIAN_POINT('',(3.14159265359,226.15));
#3579 = ( GEOMETRIC_REPRESENTATION_CONTEXT(2) 
PARAMETRIC_REPRESENTATION_CONTEXT() REPRESENTATION_CONTEXT('2D SPACE',''
  ) );
#3580 = PCURVE('',#3581,#3586);
#3581 = CYLINDRICAL_SURFACE('',#3582,51.15);
#3582 = AXIS2_PLACEMENT_3D('',#3583,#3584,#3585);
#3583 = CARTESIAN_POINT('',(-325.,-440.,1.8908E+03));
#3584 = DIRECTION('',(0.,0.,1.));
#3585 = DIRECTION('',(1.,0.,-0.));
#3586 = DEFINITIONAL_REPRESENTATION('',(#3587),#3610);
#3587 = B_SPLINE_CURVE_WITH_KNOTS('',6,(#3588,#3589,#3590,#3591,#3592,
    #3593,#3594,#3595,#3596,#3597,#3598,#3599,#3600,#3601,#3602,#3603,
    #3604,#3605,#3606,#3607,#3608,#3609),.UNSPECIFIED.,.F.,.F.,(7,5,5,5,
    7),(0.,0.264593057824,0.551987577597,0.708007591403,1.),
  .UNSPECIFIED.);
#3588 = CARTESIAN_POINT('',(5.44891516162,539.7000006));
#3589 = CARTESIAN_POINT('',(5.480684256331,539.2599928176));
#3590 = CARTESIAN_POINT('',(5.512801310494,538.81434780773));
#3591 = CARTESIAN_POINT('',(5.545312512462,538.36560613141));
#3592 = CARTESIAN_POINT('',(5.578263913452,537.91657557048));
#3593 = CARTESIAN_POINT('',(5.611702289844,537.47039849416));
#3594 = CARTESIAN_POINT('',(5.682577425973,536.55294172102));
#3595 = CARTESIAN_POINT('',(5.720129416504,536.08256616242));
#3596 = CARTESIAN_POINT('',(5.758374207343,535.62431912869));
#3597 = CARTESIAN_POINT('',(5.797356737954,535.18354367973));
#3598 = CARTESIAN_POINT('',(5.837125371094,534.76611743495));
#3599 = CARTESIAN_POINT('',(5.899781188985,534.16789644046));
#3600 = CARTESIAN_POINT('',(5.922073263959,533.9661760917));
#3601 = CARTESIAN_POINT('',(5.944604409358,533.77438744154));
#3602 = CARTESIAN_POINT('',(5.967369055014,533.5936719174));
#3603 = CARTESIAN_POINT('',(5.990362842742,533.42513705474));
#3604 = CARTESIAN_POINT('',(6.057038244436,532.97920907995));
#3605 = CARTESIAN_POINT('',(6.101360435053,532.73444764308));
#3606 = CARTESIAN_POINT('',(6.146322422289,532.54421721618));
#3607 = CARTESIAN_POINT('',(6.191731378134,532.41490760481));
#3608 = CARTESIAN_POINT('',(6.23741087412,532.35));
#3609 = CARTESIAN_POINT('',(6.28318530718,532.35));
#3610 = ( GEOMETRIC_REPRESENTATION_CONTEXT(2) 
PARAMETRIC_REPRESENTATION_CONTEXT() REPRESENTATION_CONTEXT('2D SPACE',''
  ) );
#3611 = ORIENTED_EDGE('',*,*,#3612,.T.);
#3612 = EDGE_CURVE('',#3528,#3613,#3615,.T.);
#3613 = VERTEX_POINT('',#3614);
#3614 = CARTESIAN_POINT('',(-290.6415949147,-402.1077514523,2.4305E+03)
  );
#3615 = SURFACE_CURVE('',#3616,(#3639,#3665),.PCURVE_S1.);
#3616 = B_SPLINE_CURVE_WITH_KNOTS('',6,(#3617,#3618,#3619,#3620,#3621,
    #3622,#3623,#3624,#3625,#3626,#3627,#3628,#3629,#3630,#3631,#3632,
    #3633,#3634,#3635,#3636,#3637,#3638),.UNSPECIFIED.,.F.,.F.,(7,5,5,5,
    7),(0.,0.29248074655,0.448241838967,0.736554726876,1.),
  .UNSPECIFIED.);
#3617 = CARTESIAN_POINT('',(-273.85,-440.,2.42315E+03));
#3618 = CARTESIAN_POINT('',(-273.85,-437.6547095591,2.42315E+03));
#3619 = CARTESIAN_POINT('',(-273.979041711,-435.3142974753,
    2.423215125582E+03));
#3620 = CARTESIAN_POINT('',(-274.2361163201,-432.9966625577,
    2.423344867958E+03));
#3621 = CARTESIAN_POINT('',(-274.6161036557,-430.7195551322,
    2.423535723624E+03));
#3622 = CARTESIAN_POINT('',(-275.1098020584,-428.500158304,
    2.423781262178E+03));
#3623 = CARTESIAN_POINT('',(-276.0199369595,-425.2121191712,
    2.424228016614E+03));
#3624 = CARTESIAN_POINT('',(-276.3649077573,-424.0894477132,
    2.424396443886E+03));
#3625 = CARTESIAN_POINT('',(-276.7370754757,-422.9876195481,
    2.42457699899E+03));
#3626 = CARTESIAN_POINT('',(-277.1348853383,-421.9075072658,
    2.424768579869E+03));
#3627 = CARTESIAN_POINT('',(-277.5567298991,-420.8499135463,
    2.424970051045E+03));
#3628 = CARTESIAN_POINT('',(-278.823179375,-417.9010101042,
    2.425569347107E+03));
#3629 = CARTESIAN_POINT('',(-279.7219191915,-416.0664280905,
    2.425988300217E+03));
#3630 = CARTESIAN_POINT('',(-280.6885372484,-414.3117974832,
    2.426430710505E+03));
#3631 = CARTESIAN_POINT('',(-281.7154164243,-412.6364933576,
    2.42689064803E+03));
#3632 = CARTESIAN_POINT('',(-282.7958210875,-411.0394614682,
    2.427362725215E+03));
#3633 = CARTESIAN_POINT('',(-284.9544945211,-408.1303973753,
    2.42828008504E+03));
#3634 = CARTESIAN_POINT('',(-286.0253959868,-406.8050090757,
    2.428724373826E+03));
#3635 = CARTESIAN_POINT('',(-287.1325315968,-405.5416469627,
    2.429171450923E+03));
#3636 = CARTESIAN_POINT('',(-288.2726256868,-404.3386892538,
    2.429618217529E+03));
#3637 = CARTESIAN_POINT('',(-289.4430209768,-403.194545899,
    2.430061903328E+03));
#3638 = CARTESIAN_POINT('',(-290.6415965563,-402.1077499638,
    2.4305000006E+03));
#3639 = PCURVE('',#2458,#3640);
#3640 = DEFINITIONAL_REPRESENTATION('',(#3641),#3664);
#3641 = B_SPLINE_CURVE_WITH_KNOTS('',6,(#3642,#3643,#3644,#3645,#3646,
    #3647,#3648,#3649,#3650,#3651,#3652,#3653,#3654,#3655,#3656,#3657,
    #3658,#3659,#3660,#3661,#3662,#3663),.UNSPECIFIED.,.F.,.F.,(7,5,5,5,
    7),(0.,0.29248074655,0.448241838967,0.736554726876,1.),
  .UNSPECIFIED.);
#3642 = CARTESIAN_POINT('',(3.14159265359,226.15));
#3643 = CARTESIAN_POINT('',(3.164733161146,226.15));
#3644 = CARTESIAN_POINT('',(3.187825540055,226.02095828893));
#3645 = CARTESIAN_POINT('',(3.210715458035,225.76388367982));
#3646 = CARTESIAN_POINT('',(3.233249723417,225.38389634424));
#3647 = CARTESIAN_POINT('',(3.255274865678,224.89019794159));
#3648 = CARTESIAN_POINT('',(3.288015380486,223.98006304048));
#3649 = CARTESIAN_POINT('',(3.299215439587,223.63509224267));
#3650 = CARTESIAN_POINT('',(3.310230478135,223.26292452428));
#3651 = CARTESIAN_POINT('',(3.321052734227,222.86511466165));
#3652 = CARTESIAN_POINT('',(3.331674658673,222.44327010085));
#3653 = CARTESIAN_POINT('',(3.361365668274,221.17682062498));
#3654 = CARTESIAN_POINT('',(3.379927762775,220.2780808084));
#3655 = CARTESIAN_POINT('',(3.397775785004,219.31146275155));
#3656 = CARTESIAN_POINT('',(3.414912230701,218.2845835756));
#3657 = CARTESIAN_POINT('',(3.431341154515,217.20417891248));
#3658 = CARTESIAN_POINT('',(3.461437643499,215.04550547887));
#3659 = CARTESIAN_POINT('',(3.475227943977,213.97460401316));
#3660 = CARTESIAN_POINT('',(3.48844817839,212.86746840313));
#3661 = CARTESIAN_POINT('',(3.5011076349,211.72737431319));
#3662 = CARTESIAN_POINT('',(3.513214706656,210.55697902311));
#3663 = CARTESIAN_POINT('',(3.524776365615,209.35840344369));
#3664 = ( GEOMETRIC_REPRESENTATION_CONTEXT(2) 
PARAMETRIC_REPRESENTATION_CONTEXT() REPRESENTATION_CONTEXT('2D SPACE',''
  ) );
#3665 = PCURVE('',#3581,#3666);
#3666 = DEFINITIONAL_REPRESENTATION('',(#3667),#3690);
#3667 = B_SPLINE_CURVE_WITH_KNOTS('',6,(#3668,#3669,#3670,#3671,#3672,
    #3673,#3674,#3675,#3676,#3677,#3678,#3679,#3680,#3681,#3682,#3683,
    #3684,#3685,#3686,#3687,#3688,#3689),.UNSPECIFIED.,.F.,.F.,(7,5,5,5,
    7),(0.,0.29248074655,0.448241838967,0.736554726876,1.),
  .UNSPECIFIED.);
#3668 = CARTESIAN_POINT('',(0.,532.35));
#3669 = CARTESIAN_POINT('',(4.585123051427E-02,532.35));
#3670 = CARTESIAN_POINT('',(9.160708391148E-02,532.41512558241));
#3671 = CARTESIAN_POINT('',(0.137091167641,532.54486795812));
#3672 = CARTESIAN_POINT('',(0.182126264691,532.73572362408));
#3673 = CARTESIAN_POINT('',(0.2265186425,532.981262178));
#3674 = CARTESIAN_POINT('',(0.293218114932,533.42801661429));
#3675 = CARTESIAN_POINT('',(0.316170490862,533.59644388641));
#3676 = CARTESIAN_POINT('',(0.338894392568,533.77699898952));
#3677 = CARTESIAN_POINT('',(0.361385515076,533.96857986888));
#3678 = CARTESIAN_POINT('',(0.38363835112,534.17005104496));
#3679 = CARTESIAN_POINT('',(0.446382236652,534.7693471075));
#3680 = CARTESIAN_POINT('',(0.486271883606,535.18830021688));
#3681 = CARTESIAN_POINT('',(0.525370630552,535.63071050502));
#3682 = CARTESIAN_POINT('',(0.563727400406,536.0906480301));
#3683 = CARTESIAN_POINT('',(0.601387671037,536.56272521469));
#3684 = CARTESIAN_POINT('',(0.672208835706,537.48008503953));
#3685 = CARTESIAN_POINT('',(0.705493608794,537.92437382619));
#3686 = CARTESIAN_POINT('',(0.738296238453,538.37145092262));
#3687 = CARTESIAN_POINT('',(0.770662883838,538.81821752917));
#3688 = CARTESIAN_POINT('',(0.802638992005,539.26190332789));
#3689 = CARTESIAN_POINT('',(0.834270145559,539.7000006));
#3690 = ( GEOMETRIC_REPRESENTATION_CONTEXT(2) 
PARAMETRIC_REPRESENTATION_CONTEXT() REPRESENTATION_CONTEXT('2D SPACE',''
  ) );
#3691 = ORIENTED_EDGE('',*,*,#3692,.F.);
#3692 = EDGE_CURVE('',#3693,#3613,#3695,.T.);
#3693 = VERTEX_POINT('',#3694);
#3694 = CARTESIAN_POINT('',(-359.3584050852,-402.1077514523,2.4305E+03)
  );
#3695 = SURFACE_CURVE('',#3696,(#3700,#3706),.PCURVE_S1.);
#3696 = LINE('',#3697,#3698);
#3697 = CARTESIAN_POINT('',(-500.,-402.1077514523,2.4305E+03));
#3698 = VECTOR('',#3699,1.);
#3699 = DIRECTION('',(1.,0.,0.));
#3700 = PCURVE('',#2458,#3701);
#3701 = DEFINITIONAL_REPRESENTATION('',(#3702),#3705);
#3702 = B_SPLINE_CURVE_WITH_KNOTS('',1,(#3703,#3704),.UNSPECIFIED.,.F.,
  .F.,(2,2),(113.62,236.38),.PIECEWISE_BEZIER_KNOTS.);
#3703 = CARTESIAN_POINT('',(3.524776349781,113.62));
#3704 = CARTESIAN_POINT('',(3.524776349781,236.38));
#3705 = ( GEOMETRIC_REPRESENTATION_CONTEXT(2) 
PARAMETRIC_REPRESENTATION_CONTEXT() REPRESENTATION_CONTEXT('2D SPACE',''
  ) );
#3706 = PCURVE('',#3707,#3712);
#3707 = PLANE('',#3708);
#3708 = AXIS2_PLACEMENT_3D('',#3709,#3710,#3711);
#3709 = CARTESIAN_POINT('',(-325.,-440.,2.4305E+03));
#3710 = DIRECTION('',(0.,0.,1.));
#3711 = DIRECTION('',(1.,0.,-0.));
#3712 = DEFINITIONAL_REPRESENTATION('',(#3713),#3716);
#3713 = B_SPLINE_CURVE_WITH_KNOTS('',1,(#3714,#3715),.UNSPECIFIED.,.F.,
  .F.,(2,2),(113.62,236.38),.PIECEWISE_BEZIER_KNOTS.);
#3714 = CARTESIAN_POINT('',(-61.38,37.892248547691));
#3715 = CARTESIAN_POINT('',(61.38,37.892248547691));
#3716 = ( GEOMETRIC_REPRESENTATION_CONTEXT(2) 
PARAMETRIC_REPRESENTATION_CONTEXT() REPRESENTATION_CONTEXT('2D SPACE',''
  ) );
#3717 = ORIENTED_EDGE('',*,*,#3718,.T.);
#3718 = EDGE_CURVE('',#3693,#3500,#3719,.T.);
#3719 = SURFACE_CURVE('',#3720,(#3773,#3829),.PCURVE_S1.);
#3720 = B_SPLINE_CURVE_WITH_KNOTS('',6,(#3721,#3722,#3723,#3724,#3725,
    #3726,#3727,#3728,#3729,#3730,#3731,#3732,#3733,#3734,#3735,#3736,
    #3737,#3738,#3739,#3740,#3741,#3742,#3743,#3744,#3745,#3746,#3747,
    #3748,#3749,#3750,#3751,#3752,#3753,#3754,#3755,#3756,#3757,#3758,
    #3759,#3760,#3761,#3762,#3763,#3764,#3765,#3766,#3767,#3768,#3769,
    #3770,#3771,#3772),.UNSPECIFIED.,.F.,.F.,(7,5,5,5,5,5,5,5,5,5,7),(0.
    ,0.132272811115,0.275944307331,0.359551644591,0.405667965183,
    0.499999267265,0.59477449732,0.640677736446,0.724170109126,
    0.86830085069,1.),.UNSPECIFIED.);
#3721 = CARTESIAN_POINT('',(-359.3584034436,-402.1077499638,
    2.4305000006E+03));
#3722 = CARTESIAN_POINT('',(-360.5622059397,-403.1992853513,
    2.430059992812E+03));
#3723 = CARTESIAN_POINT('',(-361.7375813842,-404.3486690272,
    2.429614347817E+03));
#3724 = CARTESIAN_POINT('',(-362.8823814049,-405.557387451,
    2.429165606131E+03));
#3725 = CARTESIAN_POINT('',(-363.9939116685,-406.8270523747,
    2.428716575561E+03));
#3726 = CARTESIAN_POINT('',(-365.0688480683,-408.1593073422,
    2.4282703985E+03));
#3727 = CARTESIAN_POINT('',(-367.2265895657,-411.0724989187,
    2.427352941721E+03));
#3728 = CARTESIAN_POINT('',(-368.3026672558,-412.6657517764,
    2.426882566162E+03));
#3729 = CARTESIAN_POINT('',(-369.3254787042,-414.3368000415,
    2.426424319129E+03));
#3730 = CARTESIAN_POINT('',(-370.2883401539,-416.0866787989,
    2.42598354368E+03));
#3731 = CARTESIAN_POINT('',(-371.1836989999,-417.9159978128,
    2.425566117435E+03));
#3732 = CARTESIAN_POINT('',(-372.4797935651,-420.9355601626,
    2.424952753006E+03));
#3733 = CARTESIAN_POINT('',(-372.9308079496,-422.0732145874,
    2.424737183281E+03));
#3734 = CARTESIAN_POINT('',(-373.3539635181,-423.2367900094,
    2.424533120019E+03));
#3735 = CARTESIAN_POINT('',(-373.7472586775,-424.4252434292,
    2.42434197536E+03));
#3736 = CARTESIAN_POINT('',(-374.108770388,-425.6374384776,
    2.424165111544E+03));
#3737 = CARTESIAN_POINT('',(-374.6174956871,-427.5531872759,
    2.423914856533E+03));
#3738 = CARTESIAN_POINT('',(-374.7880875088,-428.2409857183,
    2.423830642003E+03));
#3739 = CARTESIAN_POINT('',(-374.9480673594,-428.9351496838,
    2.423751415911E+03));
#3740 = CARTESIAN_POINT('',(-375.0971098307,-429.6352804413,
    2.423677399658E+03));
#3741 = CARTESIAN_POINT('',(-375.2349171713,-430.3409712333,
    2.423608796613E+03));
#3742 = CARTESIAN_POINT('',(-375.6195694189,-432.5058280398,
    2.423416912034E+03));
#3743 = CARTESIAN_POINT('',(-375.8298626577,-433.9818499872,
    2.423311410876E+03));
#3744 = CARTESIAN_POINT('',(-375.9894211317,-435.4746497592,
    2.423231042034E+03));
#3745 = CARTESIAN_POINT('',(-376.0964471226,-436.9788840976,
    2.423177027424E+03));
#3746 = CARTESIAN_POINT('',(-376.15,-438.4891423997,2.42315E+03));
#3747 = CARTESIAN_POINT('',(-376.15,-441.5179677739,2.42315E+03));
#3748 = CARTESIAN_POINT('',(-376.095941891,-443.0353269616,
    2.423177282407E+03));
#3749 = CARTESIAN_POINT('',(-375.9879070557,-444.546578811,
    2.423231806168E+03));
#3750 = CARTESIAN_POINT('',(-375.8268533765,-446.0462388492,
    2.423312926621E+03));
#3751 = CARTESIAN_POINT('',(-375.6146114151,-447.5288913801,
    2.423419399328E+03));
#3752 = CARTESIAN_POINT('',(-375.2276387792,-449.6965470732,
    2.423612420386E+03));
#3753 = CARTESIAN_POINT('',(-375.0899810213,-450.3987350536,
    2.423680941381E+03));
#3754 = CARTESIAN_POINT('',(-374.9412019738,-451.0953994145,
    2.423754818749E+03));
#3755 = CARTESIAN_POINT('',(-374.7815957694,-451.7861402716,
    2.423833851574E+03));
#3756 = CARTESIAN_POINT('',(-374.6114835706,-452.4705656315,
    2.423917821322E+03));
#3757 = CARTESIAN_POINT('',(-374.1033261827,-454.3809915524,
    2.424167776144E+03));
#3758 = CARTESIAN_POINT('',(-373.7419157627,-455.5912234085,
    2.424344575172E+03));
#3759 = CARTESIAN_POINT('',(-373.3488288757,-456.7777652161,
    2.424535602188E+03));
#3760 = CARTESIAN_POINT('',(-372.9259805971,-457.9394884163,
    2.424739500493E+03));
#3761 = CARTESIAN_POINT('',(-372.4753636307,-459.0753572816,
    2.424954864078E+03));
#3762 = CARTESIAN_POINT('',(-371.1768206249,-462.0989898957,
    2.425569347108E+03));
#3763 = CARTESIAN_POINT('',(-370.2780808083,-463.9335719094,
    2.425988300217E+03));
#3764 = CARTESIAN_POINT('',(-369.3114627515,-465.6882025167,
    2.426430710505E+03));
#3765 = CARTESIAN_POINT('',(-368.2845835756,-467.3635066423,
    2.42689064803E+03));
#3766 = CARTESIAN_POINT('',(-367.2041789124,-468.9605385317,
    2.427362725215E+03));
#3767 = CARTESIAN_POINT('',(-365.0455054925,-471.8696026061,
    2.428280085034E+03));
#3768 = CARTESIAN_POINT('',(-363.9746039899,-473.1949909507,
    2.428724373835E+03));
#3769 = CARTESIAN_POINT('',(-362.8674684039,-474.4583530392,
    2.429171450923E+03));
#3770 = CARTESIAN_POINT('',(-361.7273743368,-475.6613107206,
    2.42961821752E+03));
#3771 = CARTESIAN_POINT('',(-360.5569790075,-476.805454115,
    2.430061903334E+03));
#3772 = CARTESIAN_POINT('',(-359.3584034436,-477.8922500361,
    2.4305000006E+03));
#3773 = PCURVE('',#2458,#3774);
#3774 = DEFINITIONAL_REPRESENTATION('',(#3775),#3828);
#3775 = B_SPLINE_CURVE_WITH_KNOTS('',6,(#3776,#3777,#3778,#3779,#3780,
    #3781,#3782,#3783,#3784,#3785,#3786,#3787,#3788,#3789,#3790,#3791,
    #3792,#3793,#3794,#3795,#3796,#3797,#3798,#3799,#3800,#3801,#3802,
    #3803,#3804,#3805,#3806,#3807,#3808,#3809,#3810,#3811,#3812,#3813,
    #3814,#3815,#3816,#3817,#3818,#3819,#3820,#3821,#3822,#3823,#3824,
    #3825,#3826,#3827),.UNSPECIFIED.,.F.,.F.,(7,5,5,5,5,5,5,5,5,5,7),(0.
    ,0.132272811115,0.275944307331,0.359551644591,0.405667965183,
    0.499999267265,0.59477449732,0.640677736446,0.724170109126,
    0.86830085069,1.),.UNSPECIFIED.);
#3776 = CARTESIAN_POINT('',(3.524776365615,140.6415965563));
#3777 = CARTESIAN_POINT('',(3.513164286951,139.43779406021));
#3778 = CARTESIAN_POINT('',(3.501002032428,138.26241861571));
#3779 = CARTESIAN_POINT('',(3.488282535404,137.11761859503));
#3780 = CARTESIAN_POINT('',(3.474997283696,136.00608833141));
#3781 = CARTESIAN_POINT('',(3.461136857663,134.93115193163));
#3782 = CARTESIAN_POINT('',(3.431001239196,132.77341043425));
#3783 = CARTESIAN_POINT('',(3.414612813217,131.69733274411));
#3784 = CARTESIAN_POINT('',(3.397521237877,130.67452129576));
#3785 = CARTESIAN_POINT('',(3.379722568094,129.71165984603));
#3786 = CARTESIAN_POINT('',(3.361214403627,128.81630100002));
#3787 = CARTESIAN_POINT('',(3.33081253791,127.52020643485));
#3788 = CARTESIAN_POINT('',(3.319388776556,127.06919205037));
#3789 = CARTESIAN_POINT('',(3.307734462113,126.64603648185));
#3790 = CARTESIAN_POINT('',(3.295859387393,126.25274132249));
#3791 = CARTESIAN_POINT('',(3.283773625161,125.89122961194));
#3792 = CARTESIAN_POINT('',(3.264710723229,125.38250431288));
#3793 = CARTESIAN_POINT('',(3.257873896398,125.21191249111));
#3794 = CARTESIAN_POINT('',(3.250980606746,125.05193264051));
#3795 = CARTESIAN_POINT('',(3.244034428097,124.90289016924));
#3796 = CARTESIAN_POINT('',(3.237038948116,124.7650828286));
#3797 = CARTESIAN_POINT('',(3.215595000166,124.38043058109));
#3798 = CARTESIAN_POINT('',(3.20099635662,124.17013734223));
#3799 = CARTESIAN_POINT('',(3.186249333333,124.01057886828));
#3800 = CARTESIAN_POINT('',(3.171401394909,123.90355287735));
#3801 = CARTESIAN_POINT('',(3.156499980676,123.85));
#3802 = CARTESIAN_POINT('',(3.126615171853,123.85));
#3803 = CARTESIAN_POINT('',(3.111643694608,123.90405810892));
#3804 = CARTESIAN_POINT('',(3.096726431275,124.01209294427));
#3805 = CARTESIAN_POINT('',(3.081911465854,124.17314662341));
#3806 = CARTESIAN_POINT('',(3.067246909705,124.38538858485));
#3807 = CARTESIAN_POINT('',(3.045774461744,124.77236122071));
#3808 = CARTESIAN_POINT('',(3.038813455274,124.91001897868));
#3809 = CARTESIAN_POINT('',(3.031901427644,125.05879802614));
#3810 = CARTESIAN_POINT('',(3.025041906098,125.21840423054));
#3811 = CARTESIAN_POINT('',(3.018238404215,125.38851642936));
#3812 = CARTESIAN_POINT('',(2.999227962849,125.89667381723));
#3813 = CARTESIAN_POINT('',(2.987161453679,126.25808423728));
#3814 = CARTESIAN_POINT('',(2.975305176476,126.65117112427));
#3815 = CARTESIAN_POINT('',(2.963669136031,127.07401940286));
#3816 = CARTESIAN_POINT('',(2.95226305855,127.52463636925));
#3817 = CARTESIAN_POINT('',(2.921819638905,128.82317937502));
#3818 = CARTESIAN_POINT('',(2.903257544404,129.7219191916));
#3819 = CARTESIAN_POINT('',(2.885409522176,130.68853724843));
#3820 = CARTESIAN_POINT('',(2.868273076479,131.71541642438));
#3821 = CARTESIAN_POINT('',(2.851844152664,132.79582108753));
#3822 = CARTESIAN_POINT('',(2.821747663871,134.95449450743));
#3823 = CARTESIAN_POINT('',(2.807957362926,136.02539601008));
#3824 = CARTESIAN_POINT('',(2.794737128771,137.13253159601));
#3825 = CARTESIAN_POINT('',(2.782077672548,138.27262566316));
#3826 = CARTESIAN_POINT('',(2.769970600373,139.44302099244));
#3827 = CARTESIAN_POINT('',(2.758408941564,140.6415965563));
#3828 = ( GEOMETRIC_REPRESENTATION_CONTEXT(2) 
PARAMETRIC_REPRESENTATION_CONTEXT() REPRESENTATION_CONTEXT('2D SPACE',''
  ) );
#3829 = PCURVE('',#3581,#3830);
#3830 = DEFINITIONAL_REPRESENTATION('',(#3831),#3884);
#3831 = B_SPLINE_CURVE_WITH_KNOTS('',6,(#3832,#3833,#3834,#3835,#3836,
    #3837,#3838,#3839,#3840,#3841,#3842,#3843,#3844,#3845,#3846,#3847,
    #3848,#3849,#3850,#3851,#3852,#3853,#3854,#3855,#3856,#3857,#3858,
    #3859,#3860,#3861,#3862,#3863,#3864,#3865,#3866,#3867,#3868,#3869,
    #3870,#3871,#3872,#3873,#3874,#3875,#3876,#3877,#3878,#3879,#3880,
    #3881,#3882,#3883),.UNSPECIFIED.,.F.,.F.,(7,5,5,5,5,5,5,5,5,5,7),(0.
    ,0.132272811115,0.275944307331,0.359551644591,0.405667965183,
    0.499999267265,0.59477449732,0.640677736446,0.724170109126,
    0.86830085069,1.),.UNSPECIFIED.);
#3832 = CARTESIAN_POINT('',(2.307322508031,539.7000006));
#3833 = CARTESIAN_POINT('',(2.339091603161,539.25999281179));
#3834 = CARTESIAN_POINT('',(2.371208656206,538.81434781714));
#3835 = CARTESIAN_POINT('',(2.403719858891,538.36560613134));
#3836 = CARTESIAN_POINT('',(2.43667126057,537.91657556103));
#3837 = CARTESIAN_POINT('',(2.470109635795,537.47039850011));
#3838 = CARTESIAN_POINT('',(2.540984772375,536.55294172114));
#3839 = CARTESIAN_POINT('',(2.578536762918,536.08256616236));
#3840 = CARTESIAN_POINT('',(2.616781553762,535.62431912859));
#3841 = CARTESIAN_POINT('',(2.655764084366,535.18354367973));
#3842 = CARTESIAN_POINT('',(2.695532717495,534.76611743503));
#3843 = CARTESIAN_POINT('',(2.759774611943,534.15275300571));
#3844 = CARTESIAN_POINT('',(2.783690812113,533.93718328146));
#3845 = CARTESIAN_POINT('',(2.807881626296,533.73312001873));
#3846 = CARTESIAN_POINT('',(2.832339477856,533.54197535962));
#3847 = CARTESIAN_POINT('',(2.857058423969,533.36511154427));
#3848 = CARTESIAN_POINT('',(2.895810017575,533.11485653322));
#3849 = CARTESIAN_POINT('',(2.909662267233,533.03064200274));
#3850 = CARTESIAN_POINT('',(2.923586255063,532.95141591068));
#3851 = CARTESIAN_POINT('',(2.937577780056,532.87739965778));
#3852 = CARTESIAN_POINT('',(2.951632842082,532.80879661301));
#3853 = CARTESIAN_POINT('',(2.994619427064,532.61691203372));
#3854 = CARTESIAN_POINT('',(3.023750395486,532.51141087588));
#3855 = CARTESIAN_POINT('',(3.053074119344,532.43104203383));
#3856 = CARTESIAN_POINT('',(3.082528804266,532.37702742352));
#3857 = CARTESIAN_POINT('',(3.112054870594,532.35));
#3858 = CARTESIAN_POINT('',(3.171269442915,532.35));
#3859 = CARTESIAN_POINT('',(3.200934333979,532.37728240712));
#3860 = CARTESIAN_POINT('',(3.230526871672,532.43180616818));
#3861 = CARTESIAN_POINT('',(3.259986685382,532.51292662101));
#3862 = CARTESIAN_POINT('',(3.289251136807,532.61939932801));
#3863 = CARTESIAN_POINT('',(3.332299547518,532.81242038613));
#3864 = CARTESIAN_POINT('',(3.346286870487,532.88094138114));
#3865 = CARTESIAN_POINT('',(3.360211085039,532.95481874864));
#3866 = CARTESIAN_POINT('',(3.374068262651,533.03385157407));
#3867 = CARTESIAN_POINT('',(3.387854277659,533.11782132156));
#3868 = CARTESIAN_POINT('',(3.426502446701,533.3677761439));
#3869 = CARTESIAN_POINT('',(3.451184099737,533.54457517234));
#3870 = CARTESIAN_POINT('',(3.475605265424,533.73560218793));
#3871 = CARTESIAN_POINT('',(3.499760063366,533.93950049317));
#3872 = CARTESIAN_POINT('',(3.523640990418,534.15486407819));
#3873 = CARTESIAN_POINT('',(3.587974890243,534.7693471075));
#3874 = CARTESIAN_POINT('',(3.627864537196,535.18830021688));
#3875 = CARTESIAN_POINT('',(3.666963284142,535.63071050502));
#3876 = CARTESIAN_POINT('',(3.705320053995,536.0906480301));
#3877 = CARTESIAN_POINT('',(3.742980324628,536.5627252147));
#3878 = CARTESIAN_POINT('',(3.813801488846,537.48008503371));
#3879 = CARTESIAN_POINT('',(3.847086263076,537.92437383544));
#3880 = CARTESIAN_POINT('',(3.879888892061,538.37145092268));
#3881 = CARTESIAN_POINT('',(3.912255536745,538.81821751996));
#3882 = CARTESIAN_POINT('',(3.944231646005,539.26190333358));
#3883 = CARTESIAN_POINT('',(3.975862799149,539.7000006));
#3884 = ( GEOMETRIC_REPRESENTATION_CONTEXT(2) 
PARAMETRIC_REPRESENTATION_CONTEXT() REPRESENTATION_CONTEXT('2D SPACE',''
  ) );
#3885 = FACE_BOUND('',#3886,.T.);
#3886 = EDGE_LOOP('',(#3887,#3915,#4000,#4080,#4106));
#3887 = ORIENTED_EDGE('',*,*,#3888,.T.);
#3888 = EDGE_CURVE('',#3889,#3891,#3893,.T.);
#3889 = VERTEX_POINT('',#3890);
#3890 = CARTESIAN_POINT('',(-9.358405085222,-477.8922485476,2.4305E+03)
  );
#3891 = VERTEX_POINT('',#3892);
#3892 = CARTESIAN_POINT('',(59.358405085222,-477.8922485476,2.4305E+03)
  );
#3893 = SURFACE_CURVE('',#3894,(#3898,#3904),.PCURVE_S1.);
#3894 = LINE('',#3895,#3896);
#3895 = CARTESIAN_POINT('',(-500.,-477.8922485476,2.4305E+03));
#3896 = VECTOR('',#3897,1.);
#3897 = DIRECTION('',(1.,0.,0.));
#3898 = PCURVE('',#2458,#3899);
#3899 = DEFINITIONAL_REPRESENTATION('',(#3900),#3903);
#3900 = B_SPLINE_CURVE_WITH_KNOTS('',1,(#3901,#3902),.UNSPECIFIED.,.F.,
  .F.,(2,2),(463.62,586.38),.PIECEWISE_BEZIER_KNOTS.);
#3901 = CARTESIAN_POINT('',(2.758408957399,463.62));
#3902 = CARTESIAN_POINT('',(2.758408957399,586.38));
#3903 = ( GEOMETRIC_REPRESENTATION_CONTEXT(2) 
PARAMETRIC_REPRESENTATION_CONTEXT() REPRESENTATION_CONTEXT('2D SPACE',''
  ) );
#3904 = PCURVE('',#3905,#3910);
#3905 = PLANE('',#3906);
#3906 = AXIS2_PLACEMENT_3D('',#3907,#3908,#3909);
#3907 = CARTESIAN_POINT('',(25.,-440.,2.4305E+03));
#3908 = DIRECTION('',(0.,0.,1.));
#3909 = DIRECTION('',(1.,0.,-0.));
#3910 = DEFINITIONAL_REPRESENTATION('',(#3911),#3914);
#3911 = B_SPLINE_CURVE_WITH_KNOTS('',1,(#3912,#3913),.UNSPECIFIED.,.F.,
  .F.,(2,2),(463.62,586.38),.PIECEWISE_BEZIER_KNOTS.);
#3912 = CARTESIAN_POINT('',(-61.38,-37.89224854769));
#3913 = CARTESIAN_POINT('',(61.38,-37.89224854769));
#3914 = ( GEOMETRIC_REPRESENTATION_CONTEXT(2) 
PARAMETRIC_REPRESENTATION_CONTEXT() REPRESENTATION_CONTEXT('2D SPACE',''
  ) );
#3915 = ORIENTED_EDGE('',*,*,#3916,.T.);
#3916 = EDGE_CURVE('',#3891,#3917,#3919,.T.);
#3917 = VERTEX_POINT('',#3918);
#3918 = CARTESIAN_POINT('',(76.15,-440.,2.42315E+03));
#3919 = SURFACE_CURVE('',#3920,(#3943,#3969),.PCURVE_S1.);
#3920 = B_SPLINE_CURVE_WITH_KNOTS('',6,(#3921,#3922,#3923,#3924,#3925,
    #3926,#3927,#3928,#3929,#3930,#3931,#3932,#3933,#3934,#3935,#3936,
    #3937,#3938,#3939,#3940,#3941,#3942),.UNSPECIFIED.,.F.,.F.,(7,5,5,5,
    7),(0.,0.2645930579,0.551987577689,0.708007591469,1.),
  .UNSPECIFIED.);
#3921 = CARTESIAN_POINT('',(59.358403443699,-477.8922500361,
    2.4305000006E+03));
#3922 = CARTESIAN_POINT('',(60.562205923888,-476.800714663,
    2.430059992818E+03));
#3923 = CARTESIAN_POINT('',(61.737581408423,-475.6513309466,
    2.429614347808E+03));
#3924 = CARTESIAN_POINT('',(62.882381405833,-474.442612551,
    2.429165606131E+03));
#3925 = CARTESIAN_POINT('',(63.993911644834,-473.1729476523,
    2.42871657557E+03));
#3926 = CARTESIAN_POINT('',(65.06884808235,-471.8406926388,
    2.428270398494E+03));
#3927 = CARTESIAN_POINT('',(67.226589565752,-468.9275010812,
    2.427352941721E+03));
#3928 = CARTESIAN_POINT('',(68.302667255868,-467.3342482235,
    2.426882566162E+03));
#3929 = CARTESIAN_POINT('',(69.325478704257,-465.6631999584,
    2.426424319129E+03));
#3930 = CARTESIAN_POINT('',(70.288340153943,-463.9133212011,
    2.42598354368E+03));
#3931 = CARTESIAN_POINT('',(71.183698999973,-462.0840021871,
    2.425566117435E+03));
#3932 = CARTESIAN_POINT('',(72.447794116641,-459.1389902077,
    2.42496789644E+03));
#3933 = CARTESIAN_POINT('',(72.870127823552,-458.079428606,
    2.424766176092E+03));
#3934 = CARTESIAN_POINT('',(73.268334850806,-456.9972775223,
    2.424574387442E+03));
#3935 = CARTESIAN_POINT('',(73.640799159466,-455.8933461225,
    2.424393671917E+03));
#3936 = CARTESIAN_POINT('',(73.985958114938,-454.7685139716,
    2.424225137055E+03));
#3937 = CARTESIAN_POINT('',(74.89432587203,-451.4812635446,
    2.42377920908E+03));
#3938 = CARTESIAN_POINT('',(75.386436779248,-449.2652052328,
    2.423534447643E+03));
#3939 = CARTESIAN_POINT('',(75.765173073194,-446.9917053052,
    2.423344217216E+03));
#3940 = CARTESIAN_POINT('',(76.021390196259,-444.6778686532,
    2.423214907605E+03));
#3941 = CARTESIAN_POINT('',(76.15,-442.3413622512,2.42315E+03));
#3942 = CARTESIAN_POINT('',(76.15,-440.,2.42315E+03));
#3943 = PCURVE('',#2458,#3944);
#3944 = DEFINITIONAL_REPRESENTATION('',(#3945),#3968);
#3945 = B_SPLINE_CURVE_WITH_KNOTS('',6,(#3946,#3947,#3948,#3949,#3950,
    #3951,#3952,#3953,#3954,#3955,#3956,#3957,#3958,#3959,#3960,#3961,
    #3962,#3963,#3964,#3965,#3966,#3967),.UNSPECIFIED.,.F.,.F.,(7,5,5,5,
    7),(0.,0.2645930579,0.551987577689,0.708007591469,1.),
  .UNSPECIFIED.);
#3946 = CARTESIAN_POINT('',(2.758408941564,559.35840344369));
#3947 = CARTESIAN_POINT('',(2.770021020076,560.56220592388));
#3948 = CARTESIAN_POINT('',(2.782183275025,561.73758140842));
#3949 = CARTESIAN_POINT('',(2.794902771756,562.88238140583));
#3950 = CARTESIAN_POINT('',(2.8081880232,563.99391164483));
#3951 = CARTESIAN_POINT('',(2.822048449712,565.06884808235));
#3952 = CARTESIAN_POINT('',(2.852184067984,567.22658956575));
#3953 = CARTESIAN_POINT('',(2.868572493962,568.30266725586));
#3954 = CARTESIAN_POINT('',(2.885664069303,569.32547870425));
#3955 = CARTESIAN_POINT('',(2.903462739086,570.28834015394));
#3956 = CARTESIAN_POINT('',(2.921970903553,571.18369899997));
#3957 = CARTESIAN_POINT('',(2.951622173625,572.44779411664));
#3958 = CARTESIAN_POINT('',(2.962263627599,572.87012782355));
#3959 = CARTESIAN_POINT('',(2.973106041636,573.2683348508));
#3960 = CARTESIAN_POINT('',(2.98414180695,573.64079915946));
#3961 = CARTESIAN_POINT('',(2.995363100745,573.98595811493));
#3962 = CARTESIAN_POINT('',(3.028094807271,574.89432587203));
#3963 = CARTESIAN_POINT('',(3.050086394431,575.38643677924));
#3964 = CARTESIAN_POINT('',(3.072584732848,575.76517307319));
#3965 = CARTESIAN_POINT('',(3.095437062356,576.02139019625));
#3966 = CARTESIAN_POINT('',(3.118490904688,576.15));
#3967 = CARTESIAN_POINT('',(3.14159265359,576.15));
#3968 = ( GEOMETRIC_REPRESENTATION_CONTEXT(2) 
PARAMETRIC_REPRESENTATION_CONTEXT() REPRESENTATION_CONTEXT('2D SPACE',''
  ) );
#3969 = PCURVE('',#3970,#3975);
#3970 = CYLINDRICAL_SURFACE('',#3971,51.15);
#3971 = AXIS2_PLACEMENT_3D('',#3972,#3973,#3974);
#3972 = CARTESIAN_POINT('',(25.,-440.,1.8908E+03));
#3973 = DIRECTION('',(0.,0.,1.));
#3974 = DIRECTION('',(1.,0.,-0.));
#3975 = DEFINITIONAL_REPRESENTATION('',(#3976),#3999);
#3976 = B_SPLINE_CURVE_WITH_KNOTS('',6,(#3977,#3978,#3979,#3980,#3981,
    #3982,#3983,#3984,#3985,#3986,#3987,#3988,#3989,#3990,#3991,#3992,
    #3993,#3994,#3995,#3996,#3997,#3998),.UNSPECIFIED.,.F.,.F.,(7,5,5,5,
    7),(0.,0.2645930579,0.551987577689,0.708007591469,1.),
  .UNSPECIFIED.);
#3977 = CARTESIAN_POINT('',(5.44891516162,539.7000006));
#3978 = CARTESIAN_POINT('',(5.480684256331,539.2599928176));
#3979 = CARTESIAN_POINT('',(5.512801310494,538.81434780773));
#3980 = CARTESIAN_POINT('',(5.545312512462,538.36560613141));
#3981 = CARTESIAN_POINT('',(5.578263913452,537.91657557048));
#3982 = CARTESIAN_POINT('',(5.611702289844,537.47039849416));
#3983 = CARTESIAN_POINT('',(5.682577425965,536.55294172113));
#3984 = CARTESIAN_POINT('',(5.720129416507,536.08256616237));
#3985 = CARTESIAN_POINT('',(5.758374207352,535.62431912859));
#3986 = CARTESIAN_POINT('',(5.797356737955,535.18354367973));
#3987 = CARTESIAN_POINT('',(5.837125371085,534.76611743503));
#3988 = CARTESIAN_POINT('',(5.899781188985,534.16789644046));
#3989 = CARTESIAN_POINT('',(5.922073263959,533.9661760917));
#3990 = CARTESIAN_POINT('',(5.944604409358,533.77438744154));
#3991 = CARTESIAN_POINT('',(5.967369055014,533.5936719174));
#3992 = CARTESIAN_POINT('',(5.990362842742,533.42513705474));
#3993 = CARTESIAN_POINT('',(6.057038244434,532.97920907997));
#3994 = CARTESIAN_POINT('',(6.101360435055,532.73444764307));
#3995 = CARTESIAN_POINT('',(6.146322422292,532.54421721617));
#3996 = CARTESIAN_POINT('',(6.191731378134,532.41490760483));
#3997 = CARTESIAN_POINT('',(6.237410874116,532.35));
#3998 = CARTESIAN_POINT('',(6.28318530718,532.35));
#3999 = ( GEOMETRIC_REPRESENTATION_CONTEXT(2) 
PARAMETRIC_REPRESENTATION_CONTEXT() REPRESENTATION_CONTEXT('2D SPACE',''
  ) );
#4000 = ORIENTED_EDGE('',*,*,#4001,.T.);
#4001 = EDGE_CURVE('',#3917,#4002,#4004,.T.);
#4002 = VERTEX_POINT('',#4003);
#4003 = CARTESIAN_POINT('',(59.358405085222,-402.1077514523,2.4305E+03)
  );
#4004 = SURFACE_CURVE('',#4005,(#4028,#4054),.PCURVE_S1.);
#4005 = B_SPLINE_CURVE_WITH_KNOTS('',6,(#4006,#4007,#4008,#4009,#4010,
    #4011,#4012,#4013,#4014,#4015,#4016,#4017,#4018,#4019,#4020,#4021,
    #4022,#4023,#4024,#4025,#4026,#4027),.UNSPECIFIED.,.F.,.F.,(7,5,5,5,
    7),(0.,0.292480746549,0.448241838965,0.736554726874,1.),
  .UNSPECIFIED.);
#4006 = CARTESIAN_POINT('',(76.15,-440.,2.42315E+03));
#4007 = CARTESIAN_POINT('',(76.15,-437.6547095591,2.42315E+03));
#4008 = CARTESIAN_POINT('',(76.020958288931,-435.3142974753,
    2.423215125582E+03));
#4009 = CARTESIAN_POINT('',(75.763883679821,-432.9966625577,
    2.423344867958E+03));
#4010 = CARTESIAN_POINT('',(75.383896344249,-430.7195551322,
    2.423535723624E+03));
#4011 = CARTESIAN_POINT('',(74.890197941597,-428.500158304,
    2.423781262178E+03));
#4012 = CARTESIAN_POINT('',(73.980063040483,-425.2121191712,
    2.424228016614E+03));
#4013 = CARTESIAN_POINT('',(73.635092242674,-424.0894477132,
    2.424396443886E+03));
#4014 = CARTESIAN_POINT('',(73.262924524288,-422.9876195481,
    2.42457699899E+03));
#4015 = CARTESIAN_POINT('',(72.86511466165,-421.9075072658,
    2.424768579869E+03));
#4016 = CARTESIAN_POINT('',(72.44327010085,-420.8499135463,
    2.424970051045E+03));
#4017 = CARTESIAN_POINT('',(71.176820624979,-417.9010101042,
    2.425569347108E+03));
#4018 = CARTESIAN_POINT('',(70.278080808398,-416.0664280905,
    2.425988300217E+03));
#4019 = CARTESIAN_POINT('',(69.311462751557,-414.3117974832,
    2.426430710505E+03));
#4020 = CARTESIAN_POINT('',(68.28458357561,-412.6364933576,
    2.42689064803E+03));
#4021 = CARTESIAN_POINT('',(67.204178912477,-411.0394614682,
    2.427362725215E+03));
#4022 = CARTESIAN_POINT('',(65.045505478872,-408.1303973753,
    2.42828008504E+03));
#4023 = CARTESIAN_POINT('',(63.974604013164,-406.8050090757,
    2.428724373826E+03));
#4024 = CARTESIAN_POINT('',(62.867468403134,-405.5416469627,
    2.429171450923E+03));
#4025 = CARTESIAN_POINT('',(61.7273743132,-404.3386892538,
    2.429618217529E+03));
#4026 = CARTESIAN_POINT('',(60.556979023113,-403.194545899,
    2.430061903328E+03));
#4027 = CARTESIAN_POINT('',(59.358403443699,-402.1077499638,
    2.4305000006E+03));
#4028 = PCURVE('',#2458,#4029);
#4029 = DEFINITIONAL_REPRESENTATION('',(#4030),#4053);
#4030 = B_SPLINE_CURVE_WITH_KNOTS('',6,(#4031,#4032,#4033,#4034,#4035,
    #4036,#4037,#4038,#4039,#4040,#4041,#4042,#4043,#4044,#4045,#4046,
    #4047,#4048,#4049,#4050,#4051,#4052),.UNSPECIFIED.,.F.,.F.,(7,5,5,5,
    7),(0.,0.292480746549,0.448241838965,0.736554726874,1.),
  .UNSPECIFIED.);
#4031 = CARTESIAN_POINT('',(3.14159265359,576.15));
#4032 = CARTESIAN_POINT('',(3.164733161146,576.15));
#4033 = CARTESIAN_POINT('',(3.187825540055,576.02095828893));
#4034 = CARTESIAN_POINT('',(3.210715458035,575.76388367982));
#4035 = CARTESIAN_POINT('',(3.233249723417,575.38389634424));
#4036 = CARTESIAN_POINT('',(3.255274865678,574.89019794159));
#4037 = CARTESIAN_POINT('',(3.288015380486,573.98006304048));
#4038 = CARTESIAN_POINT('',(3.299215439587,573.63509224267));
#4039 = CARTESIAN_POINT('',(3.310230478135,573.26292452428));
#4040 = CARTESIAN_POINT('',(3.321052734227,572.86511466165));
#4041 = CARTESIAN_POINT('',(3.331674658673,572.44327010085));
#4042 = CARTESIAN_POINT('',(3.361365668274,571.17682062497));
#4043 = CARTESIAN_POINT('',(3.379927762775,570.27808080839));
#4044 = CARTESIAN_POINT('',(3.397775785004,569.31146275155));
#4045 = CARTESIAN_POINT('',(3.414912230701,568.28458357561));
#4046 = CARTESIAN_POINT('',(3.431341154515,567.20417891247));
#4047 = CARTESIAN_POINT('',(3.461437643499,565.04550547887));
#4048 = CARTESIAN_POINT('',(3.475227943977,563.97460401316));
#4049 = CARTESIAN_POINT('',(3.48844817839,562.86746840313));
#4050 = CARTESIAN_POINT('',(3.5011076349,561.7273743132));
#4051 = CARTESIAN_POINT('',(3.513214706656,560.55697902311));
#4052 = CARTESIAN_POINT('',(3.524776365615,559.35840344369));
#4053 = ( GEOMETRIC_REPRESENTATION_CONTEXT(2) 
PARAMETRIC_REPRESENTATION_CONTEXT() REPRESENTATION_CONTEXT('2D SPACE',''
  ) );
#4054 = PCURVE('',#3970,#4055);
#4055 = DEFINITIONAL_REPRESENTATION('',(#4056),#4079);
#4056 = B_SPLINE_CURVE_WITH_KNOTS('',6,(#4057,#4058,#4059,#4060,#4061,
    #4062,#4063,#4064,#4065,#4066,#4067,#4068,#4069,#4070,#4071,#4072,
    #4073,#4074,#4075,#4076,#4077,#4078),.UNSPECIFIED.,.F.,.F.,(7,5,5,5,
    7),(0.,0.292480746549,0.448241838965,0.736554726874,1.),
  .UNSPECIFIED.);
#4057 = CARTESIAN_POINT('',(0.,532.35));
#4058 = CARTESIAN_POINT('',(4.585123051425E-02,532.35));
#4059 = CARTESIAN_POINT('',(9.160708391149E-02,532.41512558241));
#4060 = CARTESIAN_POINT('',(0.137091167641,532.54486795812));
#4061 = CARTESIAN_POINT('',(0.182126264691,532.73572362408));
#4062 = CARTESIAN_POINT('',(0.2265186425,532.981262178));
#4063 = CARTESIAN_POINT('',(0.293218114932,533.42801661429));
#4064 = CARTESIAN_POINT('',(0.316170490862,533.59644388641));
#4065 = CARTESIAN_POINT('',(0.338894392568,533.77699898952));
#4066 = CARTESIAN_POINT('',(0.361385515076,533.96857986888));
#4067 = CARTESIAN_POINT('',(0.38363835112,534.17005104496));
#4068 = CARTESIAN_POINT('',(0.446382236653,534.7693471075));
#4069 = CARTESIAN_POINT('',(0.486271883606,535.18830021688));
#4070 = CARTESIAN_POINT('',(0.525370630552,535.63071050502));
#4071 = CARTESIAN_POINT('',(0.563727400406,536.0906480301));
#4072 = CARTESIAN_POINT('',(0.601387671038,536.56272521469));
#4073 = CARTESIAN_POINT('',(0.672208835706,537.48008503953));
#4074 = CARTESIAN_POINT('',(0.705493608794,537.92437382619));
#4075 = CARTESIAN_POINT('',(0.738296238452,538.37145092261));
#4076 = CARTESIAN_POINT('',(0.770662883838,538.81821752917));
#4077 = CARTESIAN_POINT('',(0.802638992005,539.26190332789));
#4078 = CARTESIAN_POINT('',(0.834270145559,539.7000006));
#4079 = ( GEOMETRIC_REPRESENTATION_CONTEXT(2) 
PARAMETRIC_REPRESENTATION_CONTEXT() REPRESENTATION_CONTEXT('2D SPACE',''
  ) );
#4080 = ORIENTED_EDGE('',*,*,#4081,.F.);
#4081 = EDGE_CURVE('',#4082,#4002,#4084,.T.);
#4082 = VERTEX_POINT('',#4083);
#4083 = CARTESIAN_POINT('',(-9.358405085222,-402.1077514523,2.4305E+03)
  );
#4084 = SURFACE_CURVE('',#4085,(#4089,#4095),.PCURVE_S1.);
#4085 = LINE('',#4086,#4087);
#4086 = CARTESIAN_POINT('',(-500.,-402.1077514523,2.4305E+03));
#4087 = VECTOR('',#4088,1.);
#4088 = DIRECTION('',(1.,0.,0.));
#4089 = PCURVE('',#2458,#4090);
#4090 = DEFINITIONAL_REPRESENTATION('',(#4091),#4094);
#4091 = B_SPLINE_CURVE_WITH_KNOTS('',1,(#4092,#4093),.UNSPECIFIED.,.F.,
  .F.,(2,2),(463.62,586.38),.PIECEWISE_BEZIER_KNOTS.);
#4092 = CARTESIAN_POINT('',(3.524776349781,463.62));
#4093 = CARTESIAN_POINT('',(3.524776349781,586.38));
#4094 = ( GEOMETRIC_REPRESENTATION_CONTEXT(2) 
PARAMETRIC_REPRESENTATION_CONTEXT() REPRESENTATION_CONTEXT('2D SPACE',''
  ) );
#4095 = PCURVE('',#4096,#4101);
#4096 = PLANE('',#4097);
#4097 = AXIS2_PLACEMENT_3D('',#4098,#4099,#4100);
#4098 = CARTESIAN_POINT('',(25.,-440.,2.4305E+03));
#4099 = DIRECTION('',(0.,0.,1.));
#4100 = DIRECTION('',(1.,0.,-0.));
#4101 = DEFINITIONAL_REPRESENTATION('',(#4102),#4105);
#4102 = B_SPLINE_CURVE_WITH_KNOTS('',1,(#4103,#4104),.UNSPECIFIED.,.F.,
  .F.,(2,2),(463.62,586.38),.PIECEWISE_BEZIER_KNOTS.);
#4103 = CARTESIAN_POINT('',(-61.38,37.892248547691));
#4104 = CARTESIAN_POINT('',(61.38,37.892248547691));
#4105 = ( GEOMETRIC_REPRESENTATION_CONTEXT(2) 
PARAMETRIC_REPRESENTATION_CONTEXT() REPRESENTATION_CONTEXT('2D SPACE',''
  ) );
#4106 = ORIENTED_EDGE('',*,*,#4107,.T.);
#4107 = EDGE_CURVE('',#4082,#3889,#4108,.T.);
#4108 = SURFACE_CURVE('',#4109,(#4162,#4218),.PCURVE_S1.);
#4109 = B_SPLINE_CURVE_WITH_KNOTS('',6,(#4110,#4111,#4112,#4113,#4114,
    #4115,#4116,#4117,#4118,#4119,#4120,#4121,#4122,#4123,#4124,#4125,
    #4126,#4127,#4128,#4129,#4130,#4131,#4132,#4133,#4134,#4135,#4136,
    #4137,#4138,#4139,#4140,#4141,#4142,#4143,#4144,#4145,#4146,#4147,
    #4148,#4149,#4150,#4151,#4152,#4153,#4154,#4155,#4156,#4157,#4158,
    #4159,#4160,#4161),.UNSPECIFIED.,.F.,.F.,(7,5,5,5,5,5,5,5,5,5,7),(0.
    ,0.132272809266,0.27594430545,0.359551642718,0.405667963315,
    0.499999265415,0.594774495491,0.640677734627,0.724170107324,
    0.868300848915,1.),.UNSPECIFIED.);
#4110 = CARTESIAN_POINT('',(-9.358403443699,-402.1077499638,
    2.4305000006E+03));
#4111 = CARTESIAN_POINT('',(-10.56220592389,-403.1992853369,
    2.430059992818E+03));
#4112 = CARTESIAN_POINT('',(-11.73758140842,-404.3486690533,
    2.429614347808E+03));
#4113 = CARTESIAN_POINT('',(-12.88238140583,-405.5573874489,
    2.429165606131E+03));
#4114 = CARTESIAN_POINT('',(-13.99391164483,-406.8270523476,
    2.42871657557E+03));
#4115 = CARTESIAN_POINT('',(-15.06884808235,-408.1593073611,
    2.428270398494E+03));
#4116 = CARTESIAN_POINT('',(-17.226589566,-411.0724989191,
    2.427352941721E+03));
#4117 = CARTESIAN_POINT('',(-18.30266725576,-412.6657517763,
    2.426882566162E+03));
#4118 = CARTESIAN_POINT('',(-19.32547870402,-414.3368000411,
    2.426424319129E+03));
#4119 = CARTESIAN_POINT('',(-20.28834015396,-416.0866787987,
    2.42598354368E+03));
#4120 = CARTESIAN_POINT('',(-21.18369900015,-417.9159978132,
    2.425566117435E+03));
#4121 = CARTESIAN_POINT('',(-22.47979356518,-420.9355601627,
    2.424952753006E+03));
#4122 = CARTESIAN_POINT('',(-22.93080794961,-422.0732145874,
    2.424737183281E+03));
#4123 = CARTESIAN_POINT('',(-23.35396351811,-423.2367900093,
    2.424533120019E+03));
#4124 = CARTESIAN_POINT('',(-23.7472586775,-424.4252434291,
    2.42434197536E+03));
#4125 = CARTESIAN_POINT('',(-24.10877038807,-425.6374384777,
    2.424165111544E+03));
#4126 = CARTESIAN_POINT('',(-24.61749568711,-427.5531872759,
    2.423914856533E+03));
#4127 = CARTESIAN_POINT('',(-24.78808750888,-428.2409857183,
    2.423830642003E+03));
#4128 = CARTESIAN_POINT('',(-24.94806735948,-428.9351496838,
    2.423751415911E+03));
#4129 = CARTESIAN_POINT('',(-25.09710983075,-429.6352804413,
    2.423677399658E+03));
#4130 = CARTESIAN_POINT('',(-25.23491717139,-430.3409712333,
    2.423608796613E+03));
#4131 = CARTESIAN_POINT('',(-25.61956941891,-432.5058280399,
    2.423416912034E+03));
#4132 = CARTESIAN_POINT('',(-25.82986265775,-433.9818499871,
    2.423311410876E+03));
#4133 = CARTESIAN_POINT('',(-25.98942113171,-435.4746497591,
    2.423231042034E+03));
#4134 = CARTESIAN_POINT('',(-26.09644712265,-436.9788840976,
    2.423177027424E+03));
#4135 = CARTESIAN_POINT('',(-26.15,-438.4891423998,2.42315E+03));
#4136 = CARTESIAN_POINT('',(-26.15,-441.5179677739,2.42315E+03));
#4137 = CARTESIAN_POINT('',(-26.09594189107,-443.0353269616,
    2.423177282407E+03));
#4138 = CARTESIAN_POINT('',(-25.98790705571,-444.5465788111,
    2.423231806168E+03));
#4139 = CARTESIAN_POINT('',(-25.82685337658,-446.0462388492,
    2.423312926621E+03));
#4140 = CARTESIAN_POINT('',(-25.61461141515,-447.52889138,
    2.423419399328E+03));
#4141 = CARTESIAN_POINT('',(-25.22763877928,-449.6965470732,
    2.423612420386E+03));
#4142 = CARTESIAN_POINT('',(-25.08998102131,-450.3987350536,
    2.423680941381E+03));
#4143 = CARTESIAN_POINT('',(-24.94120197385,-451.0953994145,
    2.423754818749E+03));
#4144 = CARTESIAN_POINT('',(-24.78159576945,-451.7861402716,
    2.423833851574E+03));
#4145 = CARTESIAN_POINT('',(-24.61148357063,-452.4705656315,
    2.423917821322E+03));
#4146 = CARTESIAN_POINT('',(-24.10332618276,-454.3809915524,
    2.424167776144E+03));
#4147 = CARTESIAN_POINT('',(-23.74191576271,-455.5912234085,
    2.424344575172E+03));
#4148 = CARTESIAN_POINT('',(-23.34882887572,-456.7777652161,
    2.424535602188E+03));
#4149 = CARTESIAN_POINT('',(-22.92598059713,-457.9394884163,
    2.424739500493E+03));
#4150 = CARTESIAN_POINT('',(-22.47536363074,-459.0753572816,
    2.424954864078E+03));
#4151 = CARTESIAN_POINT('',(-21.17682062497,-462.0989898957,
    2.425569347108E+03));
#4152 = CARTESIAN_POINT('',(-20.27808080839,-463.9335719094,
    2.425988300217E+03));
#4153 = CARTESIAN_POINT('',(-19.31146275155,-465.6882025167,
    2.426430710505E+03));
#4154 = CARTESIAN_POINT('',(-18.2845835756,-467.3635066423,
    2.42689064803E+03));
#4155 = CARTESIAN_POINT('',(-17.20417891247,-468.9605385317,
    2.427362725215E+03));
#4156 = CARTESIAN_POINT('',(-15.04550547887,-471.8696026246,
    2.42828008504E+03));
#4157 = CARTESIAN_POINT('',(-13.97460401316,-473.1949909242,
    2.428724373826E+03));
#4158 = CARTESIAN_POINT('',(-12.86746840312,-474.4583530372,
    2.429171450923E+03));
#4159 = CARTESIAN_POINT('',(-11.72737431319,-475.6613107461,
    2.429618217529E+03));
#4160 = CARTESIAN_POINT('',(-10.55697902311,-476.8054541009,
    2.430061903328E+03));
#4161 = CARTESIAN_POINT('',(-9.358403443699,-477.8922500361,
    2.4305000006E+03));
#4162 = PCURVE('',#2458,#4163);
#4163 = DEFINITIONAL_REPRESENTATION('',(#4164),#4217);
#4164 = B_SPLINE_CURVE_WITH_KNOTS('',6,(#4165,#4166,#4167,#4168,#4169,
    #4170,#4171,#4172,#4173,#4174,#4175,#4176,#4177,#4178,#4179,#4180,
    #4181,#4182,#4183,#4184,#4185,#4186,#4187,#4188,#4189,#4190,#4191,
    #4192,#4193,#4194,#4195,#4196,#4197,#4198,#4199,#4200,#4201,#4202,
    #4203,#4204,#4205,#4206,#4207,#4208,#4209,#4210,#4211,#4212,#4213,
    #4214,#4215,#4216),.UNSPECIFIED.,.F.,.F.,(7,5,5,5,5,5,5,5,5,5,7),(0.
    ,0.132272809266,0.27594430545,0.359551642718,0.405667963315,
    0.499999265415,0.594774495491,0.640677734627,0.724170107324,
    0.868300848915,1.),.UNSPECIFIED.);
#4165 = CARTESIAN_POINT('',(3.524776365615,490.6415965563));
#4166 = CARTESIAN_POINT('',(3.513164287104,489.4377940761));
#4167 = CARTESIAN_POINT('',(3.501002032154,488.26241859157));
#4168 = CARTESIAN_POINT('',(3.488282535423,487.11761859416));
#4169 = CARTESIAN_POINT('',(3.47499728398,486.00608835516));
#4170 = CARTESIAN_POINT('',(3.461136857468,484.93115191764));
#4171 = CARTESIAN_POINT('',(3.431001239192,482.77341043399));
#4172 = CARTESIAN_POINT('',(3.414612813218,481.69733274423));
#4173 = CARTESIAN_POINT('',(3.397521237881,480.67452129597));
#4174 = CARTESIAN_POINT('',(3.379722568095,479.71165984603));
#4175 = CARTESIAN_POINT('',(3.361214403622,478.81630099984));
#4176 = CARTESIAN_POINT('',(3.330812537909,477.52020643481));
#4177 = CARTESIAN_POINT('',(3.319388776556,477.06919205038));
#4178 = CARTESIAN_POINT('',(3.307734462114,476.64603648188));
#4179 = CARTESIAN_POINT('',(3.295859387393,476.25274132249));
#4180 = CARTESIAN_POINT('',(3.28377362516,475.89122961192));
#4181 = CARTESIAN_POINT('',(3.264710723229,475.38250431289));
#4182 = CARTESIAN_POINT('',(3.257873896398,475.21191249111));
#4183 = CARTESIAN_POINT('',(3.250980606746,475.05193264051));
#4184 = CARTESIAN_POINT('',(3.244034428097,474.90289016924));
#4185 = CARTESIAN_POINT('',(3.237038948116,474.7650828286));
#4186 = CARTESIAN_POINT('',(3.215595000165,474.38043058108));
#4187 = CARTESIAN_POINT('',(3.20099635662,474.17013734224));
#4188 = CARTESIAN_POINT('',(3.186249333334,474.01057886829));
#4189 = CARTESIAN_POINT('',(3.17140139491,473.90355287734));
#4190 = CARTESIAN_POINT('',(3.156499980675,473.85));
#4191 = CARTESIAN_POINT('',(3.126615171854,473.85));
#4192 = CARTESIAN_POINT('',(3.111643694608,473.90405810892));
#4193 = CARTESIAN_POINT('',(3.096726431275,474.01209294428));
#4194 = CARTESIAN_POINT('',(3.081911465854,474.17314662341));
#4195 = CARTESIAN_POINT('',(3.067246909705,474.38538858484));
#4196 = CARTESIAN_POINT('',(3.045774461744,474.77236122071));
#4197 = CARTESIAN_POINT('',(3.038813455274,474.91001897868));
#4198 = CARTESIAN_POINT('',(3.031901427644,475.05879802614));
#4199 = CARTESIAN_POINT('',(3.025041906098,475.21840423055));
#4200 = CARTESIAN_POINT('',(3.018238404215,475.38851642936));
#4201 = CARTESIAN_POINT('',(2.999227962849,475.89667381723));
#4202 = CARTESIAN_POINT('',(2.987161453679,476.25808423728));
#4203 = CARTESIAN_POINT('',(2.975305176476,476.65117112427));
#4204 = CARTESIAN_POINT('',(2.963669136031,477.07401940286));
#4205 = CARTESIAN_POINT('',(2.95226305855,477.52463636925));
#4206 = CARTESIAN_POINT('',(2.921819638905,478.82317937502));
#4207 = CARTESIAN_POINT('',(2.903257544404,479.7219191916));
#4208 = CARTESIAN_POINT('',(2.885409522176,480.68853724844));
#4209 = CARTESIAN_POINT('',(2.868273076478,481.71541642439));
#4210 = CARTESIAN_POINT('',(2.851844152665,482.79582108752));
#4211 = CARTESIAN_POINT('',(2.82174766368,484.95449452112));
#4212 = CARTESIAN_POINT('',(2.807957363203,486.02539598683));
#4213 = CARTESIAN_POINT('',(2.79473712879,487.13253159687));
#4214 = CARTESIAN_POINT('',(2.78207767228,488.2726256868));
#4215 = CARTESIAN_POINT('',(2.769970600523,489.44302097688));
#4216 = CARTESIAN_POINT('',(2.758408941564,490.6415965563));
#4217 = ( GEOMETRIC_REPRESENTATION_CONTEXT(2) 
PARAMETRIC_REPRESENTATION_CONTEXT() REPRESENTATION_CONTEXT('2D SPACE',''
  ) );
#4218 = PCURVE('',#3970,#4219);
#4219 = DEFINITIONAL_REPRESENTATION('',(#4220),#4273);
#4220 = B_SPLINE_CURVE_WITH_KNOTS('',6,(#4221,#4222,#4223,#4224,#4225,
    #4226,#4227,#4228,#4229,#4230,#4231,#4232,#4233,#4234,#4235,#4236,
    #4237,#4238,#4239,#4240,#4241,#4242,#4243,#4244,#4245,#4246,#4247,
    #4248,#4249,#4250,#4251,#4252,#4253,#4254,#4255,#4256,#4257,#4258,
    #4259,#4260,#4261,#4262,#4263,#4264,#4265,#4266,#4267,#4268,#4269,
    #4270,#4271,#4272),.UNSPECIFIED.,.F.,.F.,(7,5,5,5,5,5,5,5,5,5,7),(0.
    ,0.132272809266,0.27594430545,0.359551642718,0.405667963315,
    0.499999265415,0.594774495491,0.640677734627,0.724170107324,
    0.868300848915,1.),.UNSPECIFIED.);
#4221 = CARTESIAN_POINT('',(2.307322508031,539.7000006));
#4222 = CARTESIAN_POINT('',(2.339091602741,539.2599928176));
#4223 = CARTESIAN_POINT('',(2.371208656905,538.81434780773));
#4224 = CARTESIAN_POINT('',(2.403719858872,538.36560613142));
#4225 = CARTESIAN_POINT('',(2.436671259862,537.91657557048));
#4226 = CARTESIAN_POINT('',(2.470109636254,537.47039849416));
#4227 = CARTESIAN_POINT('',(2.540984772383,536.55294172102));
#4228 = CARTESIAN_POINT('',(2.578536762915,536.08256616241));
#4229 = CARTESIAN_POINT('',(2.616781553753,535.62431912869));
#4230 = CARTESIAN_POINT('',(2.655764084365,535.18354367973));
#4231 = CARTESIAN_POINT('',(2.695532717504,534.76611743495));
#4232 = CARTESIAN_POINT('',(2.759774611945,534.15275300569));
#4233 = CARTESIAN_POINT('',(2.783690812113,533.93718328146));
#4234 = CARTESIAN_POINT('',(2.807881626294,533.73312001874));
#4235 = CARTESIAN_POINT('',(2.832339477856,533.54197535962));
#4236 = CARTESIAN_POINT('',(2.857058423971,533.36511154426));
#4237 = CARTESIAN_POINT('',(2.895810017575,533.11485653322));
#4238 = CARTESIAN_POINT('',(2.909662267233,533.03064200274));
#4239 = CARTESIAN_POINT('',(2.923586255063,532.95141591068));
#4240 = CARTESIAN_POINT('',(2.937577780056,532.87739965778));
#4241 = CARTESIAN_POINT('',(2.951632842082,532.80879661301));
#4242 = CARTESIAN_POINT('',(2.994619427065,532.61691203372));
#4243 = CARTESIAN_POINT('',(3.023750395485,532.51141087589));
#4244 = CARTESIAN_POINT('',(3.053074119342,532.43104203383));
#4245 = CARTESIAN_POINT('',(3.082528804266,532.37702742352));
#4246 = CARTESIAN_POINT('',(3.112054870596,532.35));
#4247 = CARTESIAN_POINT('',(3.171269442914,532.35));
#4248 = CARTESIAN_POINT('',(3.200934333979,532.37728240712));
#4249 = CARTESIAN_POINT('',(3.230526871672,532.43180616818));
#4250 = CARTESIAN_POINT('',(3.259986685382,532.51292662101));
#4251 = CARTESIAN_POINT('',(3.289251136806,532.61939932801));
#4252 = CARTESIAN_POINT('',(3.332299547518,532.81242038613));
#4253 = CARTESIAN_POINT('',(3.346286870487,532.88094138114));
#4254 = CARTESIAN_POINT('',(3.360211085039,532.95481874864));
#4255 = CARTESIAN_POINT('',(3.374068262651,533.03385157407));
#4256 = CARTESIAN_POINT('',(3.387854277659,533.11782132156));
#4257 = CARTESIAN_POINT('',(3.426502446701,533.3677761439));
#4258 = CARTESIAN_POINT('',(3.451184099737,533.54457517234));
#4259 = CARTESIAN_POINT('',(3.475605265424,533.73560218793));
#4260 = CARTESIAN_POINT('',(3.499760063366,533.93950049317));
#4261 = CARTESIAN_POINT('',(3.523640990418,534.15486407819));
#4262 = CARTESIAN_POINT('',(3.587974890242,534.7693471075));
#4263 = CARTESIAN_POINT('',(3.627864537196,535.18830021688));
#4264 = CARTESIAN_POINT('',(3.666963284142,535.63071050502));
#4265 = CARTESIAN_POINT('',(3.705320053996,536.0906480301));
#4266 = CARTESIAN_POINT('',(3.742980324627,536.5627252147));
#4267 = CARTESIAN_POINT('',(3.813801489296,537.48008503953));
#4268 = CARTESIAN_POINT('',(3.847086262384,537.92437382619));
#4269 = CARTESIAN_POINT('',(3.879888892042,538.37145092262));
#4270 = CARTESIAN_POINT('',(3.912255537428,538.81821752918));
#4271 = CARTESIAN_POINT('',(3.944231645595,539.26190332789));
#4272 = CARTESIAN_POINT('',(3.975862799149,539.7000006));
#4273 = ( GEOMETRIC_REPRESENTATION_CONTEXT(2) 
PARAMETRIC_REPRESENTATION_CONTEXT() REPRESENTATION_CONTEXT('2D SPACE',''
  ) );
#4274 = FACE_BOUND('',#4275,.T.);
#4275 = EDGE_LOOP('',(#4276,#4304,#4389,#4469,#4495));
#4276 = ORIENTED_EDGE('',*,*,#4277,.T.);
#4277 = EDGE_CURVE('',#4278,#4280,#4282,.T.);
#4278 = VERTEX_POINT('',#4279);
#4279 = CARTESIAN_POINT('',(340.64159491477,-477.8922485476,2.4305E+03)
  );
#4280 = VERTEX_POINT('',#4281);
#4281 = CARTESIAN_POINT('',(409.35840508522,-477.8922485476,2.4305E+03)
  );
#4282 = SURFACE_CURVE('',#4283,(#4287,#4293),.PCURVE_S1.);
#4283 = LINE('',#4284,#4285);
#4284 = CARTESIAN_POINT('',(-500.,-477.8922485476,2.4305E+03));
#4285 = VECTOR('',#4286,1.);
#4286 = DIRECTION('',(1.,0.,0.));
#4287 = PCURVE('',#2458,#4288);
#4288 = DEFINITIONAL_REPRESENTATION('',(#4289),#4292);
#4289 = B_SPLINE_CURVE_WITH_KNOTS('',1,(#4290,#4291),.UNSPECIFIED.,.F.,
  .F.,(2,2),(813.62,936.38),.PIECEWISE_BEZIER_KNOTS.);
#4290 = CARTESIAN_POINT('',(2.758408957399,813.62));
#4291 = CARTESIAN_POINT('',(2.758408957399,936.38));
#4292 = ( GEOMETRIC_REPRESENTATION_CONTEXT(2) 
PARAMETRIC_REPRESENTATION_CONTEXT() REPRESENTATION_CONTEXT('2D SPACE',''
  ) );
#4293 = PCURVE('',#4294,#4299);
#4294 = PLANE('',#4295);
#4295 = AXIS2_PLACEMENT_3D('',#4296,#4297,#4298);
#4296 = CARTESIAN_POINT('',(375.,-440.,2.4305E+03));
#4297 = DIRECTION('',(0.,0.,1.));
#4298 = DIRECTION('',(1.,0.,-0.));
#4299 = DEFINITIONAL_REPRESENTATION('',(#4300),#4303);
#4300 = B_SPLINE_CURVE_WITH_KNOTS('',1,(#4301,#4302),.UNSPECIFIED.,.F.,
  .F.,(2,2),(813.62,936.38),.PIECEWISE_BEZIER_KNOTS.);
#4301 = CARTESIAN_POINT('',(-61.38,-37.89224854769));
#4302 = CARTESIAN_POINT('',(61.38,-37.89224854769));
#4303 = ( GEOMETRIC_REPRESENTATION_CONTEXT(2) 
PARAMETRIC_REPRESENTATION_CONTEXT() REPRESENTATION_CONTEXT('2D SPACE',''
  ) );
#4304 = ORIENTED_EDGE('',*,*,#4305,.T.);
#4305 = EDGE_CURVE('',#4280,#4306,#4308,.T.);
#4306 = VERTEX_POINT('',#4307);
#4307 = CARTESIAN_POINT('',(426.15,-440.,2.42315E+03));
#4308 = SURFACE_CURVE('',#4309,(#4332,#4358),.PCURVE_S1.);
#4309 = B_SPLINE_CURVE_WITH_KNOTS('',6,(#4310,#4311,#4312,#4313,#4314,
    #4315,#4316,#4317,#4318,#4319,#4320,#4321,#4322,#4323,#4324,#4325,
    #4326,#4327,#4328,#4329,#4330,#4331),.UNSPECIFIED.,.F.,.F.,(7,5,5,5,
    7),(0.,0.26459305786,0.551987577605,0.70800759139,1.),
  .UNSPECIFIED.);
#4310 = CARTESIAN_POINT('',(409.35840344369,-477.8922500361,
    2.4305000006E+03));
#4311 = CARTESIAN_POINT('',(410.56220592388,-476.800714663,
    2.430059992818E+03));
#4312 = CARTESIAN_POINT('',(411.73758140842,-475.6513309466,
    2.429614347808E+03));
#4313 = CARTESIAN_POINT('',(412.88238140583,-474.442612551,
    2.429165606131E+03));
#4314 = CARTESIAN_POINT('',(413.99391164483,-473.1729476523,
    2.42871657557E+03));
#4315 = CARTESIAN_POINT('',(415.06884808235,-471.8406926388,
    2.428270398494E+03));
#4316 = CARTESIAN_POINT('',(417.22658956575,-468.9275010812,
    2.427352941721E+03));
#4317 = CARTESIAN_POINT('',(418.30266725587,-467.3342482235,
    2.426882566162E+03));
#4318 = CARTESIAN_POINT('',(419.32547870425,-465.6631999584,
    2.426424319129E+03));
#4319 = CARTESIAN_POINT('',(420.28834015394,-463.9133212011,
    2.42598354368E+03));
#4320 = CARTESIAN_POINT('',(421.18369899997,-462.0840021871,
    2.425566117435E+03));
#4321 = CARTESIAN_POINT('',(422.44779411672,-459.1389902075,
    2.42496789644E+03));
#4322 = CARTESIAN_POINT('',(422.87012782353,-458.079428606,
    2.424766176092E+03));
#4323 = CARTESIAN_POINT('',(423.26833485074,-456.9972775225,
    2.424574387442E+03));
#4324 = CARTESIAN_POINT('',(423.64079915945,-455.8933461226,
    2.424393671917E+03));
#4325 = CARTESIAN_POINT('',(423.98595811498,-454.7685139714,
    2.424225137055E+03));
#4326 = CARTESIAN_POINT('',(424.89432587207,-451.4812635444,
    2.42377920908E+03));
#4327 = CARTESIAN_POINT('',(425.3864367792,-449.2652052329,
    2.423534447643E+03));
#4328 = CARTESIAN_POINT('',(425.76517307316,-446.9917053054,
    2.423344217216E+03));
#4329 = CARTESIAN_POINT('',(426.02139019629,-444.6778686532,
    2.423214907605E+03));
#4330 = CARTESIAN_POINT('',(426.15,-442.3413622509,2.42315E+03));
#4331 = CARTESIAN_POINT('',(426.15,-440.,2.42315E+03));
#4332 = PCURVE('',#2458,#4333);
#4333 = DEFINITIONAL_REPRESENTATION('',(#4334),#4357);
#4334 = B_SPLINE_CURVE_WITH_KNOTS('',6,(#4335,#4336,#4337,#4338,#4339,
    #4340,#4341,#4342,#4343,#4344,#4345,#4346,#4347,#4348,#4349,#4350,
    #4351,#4352,#4353,#4354,#4355,#4356),.UNSPECIFIED.,.F.,.F.,(7,5,5,5,
    7),(0.,0.26459305786,0.551987577605,0.70800759139,1.),
  .UNSPECIFIED.);
#4335 = CARTESIAN_POINT('',(2.758408941564,909.35840344369));
#4336 = CARTESIAN_POINT('',(2.770021020076,910.56220592388));
#4337 = CARTESIAN_POINT('',(2.782183275025,911.73758140842));
#4338 = CARTESIAN_POINT('',(2.794902771756,912.88238140583));
#4339 = CARTESIAN_POINT('',(2.8081880232,913.99391164483));
#4340 = CARTESIAN_POINT('',(2.822048449712,915.06884808235));
#4341 = CARTESIAN_POINT('',(2.852184067984,917.22658956575));
#4342 = CARTESIAN_POINT('',(2.868572493962,918.30266725587));
#4343 = CARTESIAN_POINT('',(2.885664069303,919.32547870425));
#4344 = CARTESIAN_POINT('',(2.903462739086,920.28834015394));
#4345 = CARTESIAN_POINT('',(2.921970903553,921.18369899997));
#4346 = CARTESIAN_POINT('',(2.951622173626,922.44779411672));
#4347 = CARTESIAN_POINT('',(2.962263627599,922.87012782353));
#4348 = CARTESIAN_POINT('',(2.973106041634,923.26833485074));
#4349 = CARTESIAN_POINT('',(2.98414180695,923.64079915945));
#4350 = CARTESIAN_POINT('',(2.995363100747,923.98595811498));
#4351 = CARTESIAN_POINT('',(3.028094807273,924.89432587207));
#4352 = CARTESIAN_POINT('',(3.05008639443,925.3864367792));
#4353 = CARTESIAN_POINT('',(3.072584732846,925.76517307316));
#4354 = CARTESIAN_POINT('',(3.095437062356,926.02139019629));
#4355 = CARTESIAN_POINT('',(3.118490904691,926.15));
#4356 = CARTESIAN_POINT('',(3.14159265359,926.15));
#4357 = ( GEOMETRIC_REPRESENTATION_CONTEXT(2) 
PARAMETRIC_REPRESENTATION_CONTEXT() REPRESENTATION_CONTEXT('2D SPACE',''
  ) );
#4358 = PCURVE('',#4359,#4364);
#4359 = CYLINDRICAL_SURFACE('',#4360,51.15);
#4360 = AXIS2_PLACEMENT_3D('',#4361,#4362,#4363);
#4361 = CARTESIAN_POINT('',(375.,-440.,1.8908E+03));
#4362 = DIRECTION('',(0.,0.,1.));
#4363 = DIRECTION('',(1.,0.,-0.));
#4364 = DEFINITIONAL_REPRESENTATION('',(#4365),#4388);
#4365 = B_SPLINE_CURVE_WITH_KNOTS('',6,(#4366,#4367,#4368,#4369,#4370,
    #4371,#4372,#4373,#4374,#4375,#4376,#4377,#4378,#4379,#4380,#4381,
    #4382,#4383,#4384,#4385,#4386,#4387),.UNSPECIFIED.,.F.,.F.,(7,5,5,5,
    7),(0.,0.26459305786,0.551987577605,0.70800759139,1.),
  .UNSPECIFIED.);
#4366 = CARTESIAN_POINT('',(5.44891516162,539.7000006));
#4367 = CARTESIAN_POINT('',(5.480684256331,539.2599928176));
#4368 = CARTESIAN_POINT('',(5.512801310494,538.81434780773));
#4369 = CARTESIAN_POINT('',(5.545312512462,538.36560613141));
#4370 = CARTESIAN_POINT('',(5.578263913452,537.91657557048));
#4371 = CARTESIAN_POINT('',(5.611702289844,537.47039849416));
#4372 = CARTESIAN_POINT('',(5.682577425965,536.55294172113));
#4373 = CARTESIAN_POINT('',(5.720129416507,536.08256616237));
#4374 = CARTESIAN_POINT('',(5.758374207352,535.62431912859));
#4375 = CARTESIAN_POINT('',(5.797356737956,535.18354367973));
#4376 = CARTESIAN_POINT('',(5.837125371085,534.76611743503));
#4377 = CARTESIAN_POINT('',(5.899781188989,534.16789644042));
#4378 = CARTESIAN_POINT('',(5.922073263959,533.96617609171));
#4379 = CARTESIAN_POINT('',(5.944604409355,533.77438744157));
#4380 = CARTESIAN_POINT('',(5.967369055013,533.59367191741));
#4381 = CARTESIAN_POINT('',(5.990362842745,533.42513705471));
#4382 = CARTESIAN_POINT('',(6.057038244437,532.97920907995));
#4383 = CARTESIAN_POINT('',(6.101360435053,532.73444764309));
#4384 = CARTESIAN_POINT('',(6.146322422288,532.54421721618));
#4385 = CARTESIAN_POINT('',(6.191731378134,532.41490760481));
#4386 = CARTESIAN_POINT('',(6.237410874121,532.35));
#4387 = CARTESIAN_POINT('',(6.28318530718,532.35));
#4388 = ( GEOMETRIC_REPRESENTATION_CONTEXT(2) 
PARAMETRIC_REPRESENTATION_CONTEXT() REPRESENTATION_CONTEXT('2D SPACE',''
  ) );
#4389 = ORIENTED_EDGE('',*,*,#4390,.T.);
#4390 = EDGE_CURVE('',#4306,#4391,#4393,.T.);
#4391 = VERTEX_POINT('',#4392);
#4392 = CARTESIAN_POINT('',(409.35840508522,-402.1077514523,2.4305E+03)
  );
#4393 = SURFACE_CURVE('',#4394,(#4417,#4443),.PCURVE_S1.);
#4394 = B_SPLINE_CURVE_WITH_KNOTS('',6,(#4395,#4396,#4397,#4398,#4399,
    #4400,#4401,#4402,#4403,#4404,#4405,#4406,#4407,#4408,#4409,#4410,
    #4411,#4412,#4413,#4414,#4415,#4416),.UNSPECIFIED.,.F.,.F.,(7,5,5,5,
    7),(0.,0.292480747635,0.448241840605,0.736554729487,1.),
  .UNSPECIFIED.);
#4395 = CARTESIAN_POINT('',(426.15,-440.,2.42315E+03));
#4396 = CARTESIAN_POINT('',(426.15,-437.6547095591,2.42315E+03));
#4397 = CARTESIAN_POINT('',(426.02095828893,-435.3142974753,
    2.423215125582E+03));
#4398 = CARTESIAN_POINT('',(425.76388367982,-432.9966625577,
    2.423344867958E+03));
#4399 = CARTESIAN_POINT('',(425.38389634424,-430.7195551322,
    2.423535723624E+03));
#4400 = CARTESIAN_POINT('',(424.89019794159,-428.500158304,
    2.423781262178E+03));
#4401 = CARTESIAN_POINT('',(423.98006304053,-425.2121191714,
    2.424228016614E+03));
#4402 = CARTESIAN_POINT('',(423.63509224266,-424.0894477132,
    2.424396443886E+03));
#4403 = CARTESIAN_POINT('',(423.26292452422,-422.987619548,
    2.42457699899E+03));
#4404 = CARTESIAN_POINT('',(422.86511466162,-421.9075072658,
    2.424768579869E+03));
#4405 = CARTESIAN_POINT('',(422.44327010093,-420.8499135465,
    2.424970051045E+03));
#4406 = CARTESIAN_POINT('',(421.17682062497,-417.9010101042,
    2.425569347108E+03));
#4407 = CARTESIAN_POINT('',(420.2780808084,-416.0664280905,
    2.425988300217E+03));
#4408 = CARTESIAN_POINT('',(419.31146275155,-414.3117974832,
    2.426430710505E+03));
#4409 = CARTESIAN_POINT('',(418.28458357561,-412.6364933576,
    2.42689064803E+03));
#4410 = CARTESIAN_POINT('',(417.20417891247,-411.0394614682,
    2.427362725215E+03));
#4411 = CARTESIAN_POINT('',(415.04550549257,-408.1303973938,
    2.428280085034E+03));
#4412 = CARTESIAN_POINT('',(413.97460398991,-406.8050090492,
    2.428724373835E+03));
#4413 = CARTESIAN_POINT('',(412.86746840397,-405.5416469607,
    2.429171450923E+03));
#4414 = CARTESIAN_POINT('',(411.72737433683,-404.3386892793,
    2.42961821752E+03));
#4415 = CARTESIAN_POINT('',(410.55697900755,-403.1945458849,
    2.430061903334E+03));
#4416 = CARTESIAN_POINT('',(409.35840344369,-402.1077499638,
    2.4305000006E+03));
#4417 = PCURVE('',#2458,#4418);
#4418 = DEFINITIONAL_REPRESENTATION('',(#4419),#4442);
#4419 = B_SPLINE_CURVE_WITH_KNOTS('',6,(#4420,#4421,#4422,#4423,#4424,
    #4425,#4426,#4427,#4428,#4429,#4430,#4431,#4432,#4433,#4434,#4435,
    #4436,#4437,#4438,#4439,#4440,#4441),.UNSPECIFIED.,.F.,.F.,(7,5,5,5,
    7),(0.,0.292480747635,0.448241840605,0.736554729487,1.),
  .UNSPECIFIED.);
#4420 = CARTESIAN_POINT('',(3.14159265359,926.15));
#4421 = CARTESIAN_POINT('',(3.164733161146,926.15));
#4422 = CARTESIAN_POINT('',(3.187825540056,926.02095828893));
#4423 = CARTESIAN_POINT('',(3.210715458035,925.76388367982));
#4424 = CARTESIAN_POINT('',(3.233249723417,925.38389634424));
#4425 = CARTESIAN_POINT('',(3.255274865678,924.89019794159));
#4426 = CARTESIAN_POINT('',(3.288015380484,923.98006304053));
#4427 = CARTESIAN_POINT('',(3.299215439587,923.63509224266));
#4428 = CARTESIAN_POINT('',(3.310230478137,923.26292452422));
#4429 = CARTESIAN_POINT('',(3.321052734227,922.86511466162));
#4430 = CARTESIAN_POINT('',(3.331674658671,922.44327010093));
#4431 = CARTESIAN_POINT('',(3.361365668274,921.17682062497));
#4432 = CARTESIAN_POINT('',(3.379927762775,920.2780808084));
#4433 = CARTESIAN_POINT('',(3.397775785004,919.31146275155));
#4434 = CARTESIAN_POINT('',(3.414912230701,918.28458357561));
#4435 = CARTESIAN_POINT('',(3.431341154515,917.20417891247));
#4436 = CARTESIAN_POINT('',(3.461437643308,915.04550549257));
#4437 = CARTESIAN_POINT('',(3.475227944254,913.97460398991));
#4438 = CARTESIAN_POINT('',(3.488448178409,912.86746840397));
#4439 = CARTESIAN_POINT('',(3.501107634632,911.72737433683));
#4440 = CARTESIAN_POINT('',(3.513214706806,910.55697900755));
#4441 = CARTESIAN_POINT('',(3.524776365615,909.35840344369));
#4442 = ( GEOMETRIC_REPRESENTATION_CONTEXT(2) 
PARAMETRIC_REPRESENTATION_CONTEXT() REPRESENTATION_CONTEXT('2D SPACE',''
  ) );
#4443 = PCURVE('',#4359,#4444);
#4444 = DEFINITIONAL_REPRESENTATION('',(#4445),#4468);
#4445 = B_SPLINE_CURVE_WITH_KNOTS('',6,(#4446,#4447,#4448,#4449,#4450,
    #4451,#4452,#4453,#4454,#4455,#4456,#4457,#4458,#4459,#4460,#4461,
    #4462,#4463,#4464,#4465,#4466,#4467),.UNSPECIFIED.,.F.,.F.,(7,5,5,5,
    7),(0.,0.292480747635,0.448241840605,0.736554729487,1.),
  .UNSPECIFIED.);
#4446 = CARTESIAN_POINT('',(0.,532.35));
#4447 = CARTESIAN_POINT('',(4.585123051421E-02,532.35));
#4448 = CARTESIAN_POINT('',(9.160708391161E-02,532.41512558241));
#4449 = CARTESIAN_POINT('',(0.137091167641,532.54486795812));
#4450 = CARTESIAN_POINT('',(0.182126264692,532.73572362408));
#4451 = CARTESIAN_POINT('',(0.2265186425,532.981262178));
#4452 = CARTESIAN_POINT('',(0.293218114928,533.42801661426));
#4453 = CARTESIAN_POINT('',(0.316170490863,533.59644388641));
#4454 = CARTESIAN_POINT('',(0.338894392572,533.77699898955));
#4455 = CARTESIAN_POINT('',(0.361385515076,533.96857986889));
#4456 = CARTESIAN_POINT('',(0.383638351116,534.17005104492));
#4457 = CARTESIAN_POINT('',(0.446382236653,534.7693471075));
#4458 = CARTESIAN_POINT('',(0.486271883606,535.18830021688));
#4459 = CARTESIAN_POINT('',(0.525370630552,535.63071050502));
#4460 = CARTESIAN_POINT('',(0.563727400406,536.0906480301));
#4461 = CARTESIAN_POINT('',(0.601387671038,536.5627252147));
#4462 = CARTESIAN_POINT('',(0.672208835256,537.48008503371));
#4463 = CARTESIAN_POINT('',(0.705493609487,537.92437383544));
#4464 = CARTESIAN_POINT('',(0.738296238471,538.37145092268));
#4465 = CARTESIAN_POINT('',(0.770662883155,538.81821751996));
#4466 = CARTESIAN_POINT('',(0.802638992415,539.26190333357));
#4467 = CARTESIAN_POINT('',(0.834270145559,539.7000006));
#4468 = ( GEOMETRIC_REPRESENTATION_CONTEXT(2) 
PARAMETRIC_REPRESENTATION_CONTEXT() REPRESENTATION_CONTEXT('2D SPACE',''
  ) );
#4469 = ORIENTED_EDGE('',*,*,#4470,.F.);
#4470 = EDGE_CURVE('',#4471,#4391,#4473,.T.);
#4471 = VERTEX_POINT('',#4472);
#4472 = CARTESIAN_POINT('',(340.64159491477,-402.1077514523,2.4305E+03)
  );
#4473 = SURFACE_CURVE('',#4474,(#4478,#4484),.PCURVE_S1.);
#4474 = LINE('',#4475,#4476);
#4475 = CARTESIAN_POINT('',(-500.,-402.1077514523,2.4305E+03));
#4476 = VECTOR('',#4477,1.);
#4477 = DIRECTION('',(1.,0.,0.));
#4478 = PCURVE('',#2458,#4479);
#4479 = DEFINITIONAL_REPRESENTATION('',(#4480),#4483);
#4480 = B_SPLINE_CURVE_WITH_KNOTS('',1,(#4481,#4482),.UNSPECIFIED.,.F.,
  .F.,(2,2),(813.62,936.38),.PIECEWISE_BEZIER_KNOTS.);
#4481 = CARTESIAN_POINT('',(3.524776349781,813.62));
#4482 = CARTESIAN_POINT('',(3.524776349781,936.38));
#4483 = ( GEOMETRIC_REPRESENTATION_CONTEXT(2) 
PARAMETRIC_REPRESENTATION_CONTEXT() REPRESENTATION_CONTEXT('2D SPACE',''
  ) );
#4484 = PCURVE('',#4485,#4490);
#4485 = PLANE('',#4486);
#4486 = AXIS2_PLACEMENT_3D('',#4487,#4488,#4489);
#4487 = CARTESIAN_POINT('',(375.,-440.,2.4305E+03));
#4488 = DIRECTION('',(0.,0.,1.));
#4489 = DIRECTION('',(1.,0.,-0.));
#4490 = DEFINITIONAL_REPRESENTATION('',(#4491),#4494);
#4491 = B_SPLINE_CURVE_WITH_KNOTS('',1,(#4492,#4493),.UNSPECIFIED.,.F.,
  .F.,(2,2),(813.62,936.38),.PIECEWISE_BEZIER_KNOTS.);
#4492 = CARTESIAN_POINT('',(-61.38,37.892248547691));
#4493 = CARTESIAN_POINT('',(61.38,37.892248547691));
#4494 = ( GEOMETRIC_REPRESENTATION_CONTEXT(2) 
PARAMETRIC_REPRESENTATION_CONTEXT() REPRESENTATION_CONTEXT('2D SPACE',''
  ) );
#4495 = ORIENTED_EDGE('',*,*,#4496,.T.);
#4496 = EDGE_CURVE('',#4471,#4278,#4497,.T.);
#4497 = SURFACE_CURVE('',#4498,(#4551,#4607),.PCURVE_S1.);
#4498 = B_SPLINE_CURVE_WITH_KNOTS('',6,(#4499,#4500,#4501,#4502,#4503,
    #4504,#4505,#4506,#4507,#4508,#4509,#4510,#4511,#4512,#4513,#4514,
    #4515,#4516,#4517,#4518,#4519,#4520,#4521,#4522,#4523,#4524,#4525,
    #4526,#4527,#4528,#4529,#4530,#4531,#4532,#4533,#4534,#4535,#4536,
    #4537,#4538,#4539,#4540,#4541,#4542,#4543,#4544,#4545,#4546,#4547,
    #4548,#4549,#4550),.UNSPECIFIED.,.F.,.F.,(7,5,5,5,5,5,5,5,5,5,7),(0.
    ,0.132272810872,0.275944306826,0.359551643937,0.405667964446,
    0.499999266365,0.594774496258,0.640677735306,0.724170107842,
    0.86830084916,1.),.UNSPECIFIED.);
#4499 = CARTESIAN_POINT('',(340.6415965563,-402.1077499638,
    2.4305000006E+03));
#4500 = CARTESIAN_POINT('',(339.43779406019,-403.1992853514,
    2.430059992812E+03));
#4501 = CARTESIAN_POINT('',(338.26241861572,-404.3486690272,
    2.429614347817E+03));
#4502 = CARTESIAN_POINT('',(337.11761859505,-405.557387451,
    2.429165606131E+03));
#4503 = CARTESIAN_POINT('',(336.00608833142,-406.8270523747,
    2.428716575561E+03));
#4504 = CARTESIAN_POINT('',(334.93115193162,-408.1593073422,
    2.4282703985E+03));
#4505 = CARTESIAN_POINT('',(332.77341043425,-411.0724989187,
    2.427352941721E+03));
#4506 = CARTESIAN_POINT('',(331.69733274411,-412.6657517764,
    2.426882566162E+03));
#4507 = CARTESIAN_POINT('',(330.67452129575,-414.3368000415,
    2.426424319129E+03));
#4508 = CARTESIAN_POINT('',(329.71165984604,-416.0866787988,
    2.42598354368E+03));
#4509 = CARTESIAN_POINT('',(328.81630100002,-417.9159978128,
    2.425566117435E+03));
#4510 = CARTESIAN_POINT('',(327.52020643484,-420.9355601626,
    2.424952753006E+03));
#4511 = CARTESIAN_POINT('',(327.06919205038,-422.0732145874,
    2.424737183281E+03));
#4512 = CARTESIAN_POINT('',(326.64603648186,-423.2367900094,
    2.424533120019E+03));
#4513 = CARTESIAN_POINT('',(326.25274132249,-424.4252434292,
    2.42434197536E+03));
#4514 = CARTESIAN_POINT('',(325.89122961194,-425.6374384776,
    2.424165111544E+03));
#4515 = CARTESIAN_POINT('',(325.38250431289,-427.5531872759,
    2.423914856533E+03));
#4516 = CARTESIAN_POINT('',(325.21191249111,-428.2409857183,
    2.423830642003E+03));
#4517 = CARTESIAN_POINT('',(325.05193264051,-428.9351496838,
    2.423751415911E+03));
#4518 = CARTESIAN_POINT('',(324.90289016924,-429.6352804413,
    2.423677399658E+03));
#4519 = CARTESIAN_POINT('',(324.7650828286,-430.3409712333,
    2.423608796613E+03));
#4520 = CARTESIAN_POINT('',(324.38043058108,-432.5058280399,
    2.423416912034E+03));
#4521 = CARTESIAN_POINT('',(324.17013734224,-433.9818499871,
    2.423311410876E+03));
#4522 = CARTESIAN_POINT('',(324.01057886829,-435.4746497591,
    2.423231042034E+03));
#4523 = CARTESIAN_POINT('',(323.90355287734,-436.9788840976,
    2.423177027424E+03));
#4524 = CARTESIAN_POINT('',(323.85,-438.4891423998,2.42315E+03));
#4525 = CARTESIAN_POINT('',(323.85,-441.5179677739,2.42315E+03));
#4526 = CARTESIAN_POINT('',(323.90405810892,-443.0353269616,
    2.423177282407E+03));
#4527 = CARTESIAN_POINT('',(324.01209294428,-444.5465788111,
    2.423231806168E+03));
#4528 = CARTESIAN_POINT('',(324.17314662341,-446.0462388492,
    2.423312926621E+03));
#4529 = CARTESIAN_POINT('',(324.38538858484,-447.52889138,
    2.423419399328E+03));
#4530 = CARTESIAN_POINT('',(324.77236122071,-449.6965470732,
    2.423612420386E+03));
#4531 = CARTESIAN_POINT('',(324.91001897868,-450.3987350536,
    2.423680941381E+03));
#4532 = CARTESIAN_POINT('',(325.05879802614,-451.0953994145,
    2.423754818749E+03));
#4533 = CARTESIAN_POINT('',(325.21840423054,-451.7861402716,
    2.423833851574E+03));
#4534 = CARTESIAN_POINT('',(325.38851642936,-452.4705656314,
    2.423917821322E+03));
#4535 = CARTESIAN_POINT('',(325.89667381723,-454.3809915524,
    2.424167776144E+03));
#4536 = CARTESIAN_POINT('',(326.25808423728,-455.5912234085,
    2.424344575172E+03));
#4537 = CARTESIAN_POINT('',(326.65117112427,-456.7777652161,
    2.424535602188E+03));
#4538 = CARTESIAN_POINT('',(327.07401940286,-457.9394884163,
    2.424739500493E+03));
#4539 = CARTESIAN_POINT('',(327.52463636925,-459.0753572816,
    2.424954864078E+03));
#4540 = CARTESIAN_POINT('',(328.82317937505,-462.0989898958,
    2.425569347108E+03));
#4541 = CARTESIAN_POINT('',(329.7219191916,-463.9335719094,
    2.425988300217E+03));
#4542 = CARTESIAN_POINT('',(330.68853724841,-465.6882025167,
    2.426430710505E+03));
#4543 = CARTESIAN_POINT('',(331.71541642437,-467.3635066422,
    2.42689064803E+03));
#4544 = CARTESIAN_POINT('',(332.79582108756,-468.9605385317,
    2.427362725215E+03));
#4545 = CARTESIAN_POINT('',(334.95449452112,-471.8696026246,
    2.42828008504E+03));
#4546 = CARTESIAN_POINT('',(336.02539598683,-473.1949909242,
    2.428724373826E+03));
#4547 = CARTESIAN_POINT('',(337.13253159687,-474.4583530372,
    2.429171450923E+03));
#4548 = CARTESIAN_POINT('',(338.2726256868,-475.6613107461,
    2.429618217529E+03));
#4549 = CARTESIAN_POINT('',(339.44302097688,-476.8054541009,
    2.430061903328E+03));
#4550 = CARTESIAN_POINT('',(340.6415965563,-477.8922500361,
    2.4305000006E+03));
#4551 = PCURVE('',#2458,#4552);
#4552 = DEFINITIONAL_REPRESENTATION('',(#4553),#4606);
#4553 = B_SPLINE_CURVE_WITH_KNOTS('',6,(#4554,#4555,#4556,#4557,#4558,
    #4559,#4560,#4561,#4562,#4563,#4564,#4565,#4566,#4567,#4568,#4569,
    #4570,#4571,#4572,#4573,#4574,#4575,#4576,#4577,#4578,#4579,#4580,
    #4581,#4582,#4583,#4584,#4585,#4586,#4587,#4588,#4589,#4590,#4591,
    #4592,#4593,#4594,#4595,#4596,#4597,#4598,#4599,#4600,#4601,#4602,
    #4603,#4604,#4605),.UNSPECIFIED.,.F.,.F.,(7,5,5,5,5,5,5,5,5,5,7),(0.
    ,0.132272810872,0.275944306826,0.359551643937,0.405667964446,
    0.499999266365,0.594774496258,0.640677735306,0.724170107842,
    0.86830084916,1.),.UNSPECIFIED.);
#4554 = CARTESIAN_POINT('',(3.524776365615,840.6415965563));
#4555 = CARTESIAN_POINT('',(3.513164286951,839.43779406019));
#4556 = CARTESIAN_POINT('',(3.501002032428,838.26241861572));
#4557 = CARTESIAN_POINT('',(3.488282535404,837.11761859505));
#4558 = CARTESIAN_POINT('',(3.474997283696,836.00608833142));
#4559 = CARTESIAN_POINT('',(3.461136857663,834.93115193162));
#4560 = CARTESIAN_POINT('',(3.431001239196,832.77341043425));
#4561 = CARTESIAN_POINT('',(3.414612813217,831.69733274411));
#4562 = CARTESIAN_POINT('',(3.397521237877,830.67452129575));
#4563 = CARTESIAN_POINT('',(3.379722568094,829.71165984604));
#4564 = CARTESIAN_POINT('',(3.361214403626,828.81630100002));
#4565 = CARTESIAN_POINT('',(3.33081253791,827.52020643484));
#4566 = CARTESIAN_POINT('',(3.319388776556,827.06919205038));
#4567 = CARTESIAN_POINT('',(3.307734462113,826.64603648186));
#4568 = CARTESIAN_POINT('',(3.295859387393,826.25274132249));
#4569 = CARTESIAN_POINT('',(3.283773625161,825.89122961194));
#4570 = CARTESIAN_POINT('',(3.264710723229,825.38250431289));
#4571 = CARTESIAN_POINT('',(3.257873896398,825.21191249111));
#4572 = CARTESIAN_POINT('',(3.250980606746,825.05193264051));
#4573 = CARTESIAN_POINT('',(3.244034428097,824.90289016924));
#4574 = CARTESIAN_POINT('',(3.237038948116,824.7650828286));
#4575 = CARTESIAN_POINT('',(3.215595000165,824.38043058108));
#4576 = CARTESIAN_POINT('',(3.20099635662,824.17013734224));
#4577 = CARTESIAN_POINT('',(3.186249333334,824.01057886829));
#4578 = CARTESIAN_POINT('',(3.17140139491,823.90355287734));
#4579 = CARTESIAN_POINT('',(3.156499980675,823.85));
#4580 = CARTESIAN_POINT('',(3.126615171854,823.85));
#4581 = CARTESIAN_POINT('',(3.111643694608,823.90405810892));
#4582 = CARTESIAN_POINT('',(3.096726431275,824.01209294428));
#4583 = CARTESIAN_POINT('',(3.081911465854,824.17314662341));
#4584 = CARTESIAN_POINT('',(3.067246909705,824.38538858484));
#4585 = CARTESIAN_POINT('',(3.045774461744,824.77236122071));
#4586 = CARTESIAN_POINT('',(3.038813455274,824.91001897868));
#4587 = CARTESIAN_POINT('',(3.031901427644,825.05879802614));
#4588 = CARTESIAN_POINT('',(3.025041906098,825.21840423054));
#4589 = CARTESIAN_POINT('',(3.018238404215,825.38851642936));
#4590 = CARTESIAN_POINT('',(2.999227962849,825.89667381723));
#4591 = CARTESIAN_POINT('',(2.987161453679,826.25808423728));
#4592 = CARTESIAN_POINT('',(2.975305176476,826.65117112427));
#4593 = CARTESIAN_POINT('',(2.963669136031,827.07401940286));
#4594 = CARTESIAN_POINT('',(2.95226305855,827.52463636925));
#4595 = CARTESIAN_POINT('',(2.921819638905,828.82317937505));
#4596 = CARTESIAN_POINT('',(2.903257544404,829.7219191916));
#4597 = CARTESIAN_POINT('',(2.885409522176,830.68853724841));
#4598 = CARTESIAN_POINT('',(2.868273076479,831.71541642437));
#4599 = CARTESIAN_POINT('',(2.851844152664,832.79582108756));
#4600 = CARTESIAN_POINT('',(2.82174766368,834.95449452112));
#4601 = CARTESIAN_POINT('',(2.807957363203,836.02539598683));
#4602 = CARTESIAN_POINT('',(2.79473712879,837.13253159687));
#4603 = CARTESIAN_POINT('',(2.78207767228,838.2726256868));
#4604 = CARTESIAN_POINT('',(2.769970600523,839.44302097688));
#4605 = CARTESIAN_POINT('',(2.758408941564,840.6415965563));
#4606 = ( GEOMETRIC_REPRESENTATION_CONTEXT(2) 
PARAMETRIC_REPRESENTATION_CONTEXT() REPRESENTATION_CONTEXT('2D SPACE',''
  ) );
#4607 = PCURVE('',#4359,#4608);
#4608 = DEFINITIONAL_REPRESENTATION('',(#4609),#4662);
#4609 = B_SPLINE_CURVE_WITH_KNOTS('',6,(#4610,#4611,#4612,#4613,#4614,
    #4615,#4616,#4617,#4618,#4619,#4620,#4621,#4622,#4623,#4624,#4625,
    #4626,#4627,#4628,#4629,#4630,#4631,#4632,#4633,#4634,#4635,#4636,
    #4637,#4638,#4639,#4640,#4641,#4642,#4643,#4644,#4645,#4646,#4647,
    #4648,#4649,#4650,#4651,#4652,#4653,#4654,#4655,#4656,#4657,#4658,
    #4659,#4660,#4661),.UNSPECIFIED.,.F.,.F.,(7,5,5,5,5,5,5,5,5,5,7),(0.
    ,0.132272810872,0.275944306826,0.359551643937,0.405667964446,
    0.499999266365,0.594774496258,0.640677735306,0.724170107842,
    0.86830084916,1.),.UNSPECIFIED.);
#4610 = CARTESIAN_POINT('',(2.307322508031,539.7000006));
#4611 = CARTESIAN_POINT('',(2.339091603161,539.25999281179));
#4612 = CARTESIAN_POINT('',(2.371208656206,538.81434781714));
#4613 = CARTESIAN_POINT('',(2.403719858891,538.36560613135));
#4614 = CARTESIAN_POINT('',(2.43667126057,537.91657556103));
#4615 = CARTESIAN_POINT('',(2.470109635795,537.4703985001));
#4616 = CARTESIAN_POINT('',(2.540984772375,536.55294172113));
#4617 = CARTESIAN_POINT('',(2.578536762918,536.08256616237));
#4618 = CARTESIAN_POINT('',(2.616781553762,535.62431912859));
#4619 = CARTESIAN_POINT('',(2.655764084366,535.18354367973));
#4620 = CARTESIAN_POINT('',(2.695532717495,534.76611743503));
#4621 = CARTESIAN_POINT('',(2.759774611944,534.15275300571));
#4622 = CARTESIAN_POINT('',(2.783690812113,533.93718328146));
#4623 = CARTESIAN_POINT('',(2.807881626296,533.73312001873));
#4624 = CARTESIAN_POINT('',(2.832339477856,533.54197535962));
#4625 = CARTESIAN_POINT('',(2.85705842397,533.36511154427));
#4626 = CARTESIAN_POINT('',(2.895810017575,533.11485653322));
#4627 = CARTESIAN_POINT('',(2.909662267233,533.03064200274));
#4628 = CARTESIAN_POINT('',(2.923586255063,532.95141591068));
#4629 = CARTESIAN_POINT('',(2.937577780056,532.87739965778));
#4630 = CARTESIAN_POINT('',(2.951632842082,532.80879661301));
#4631 = CARTESIAN_POINT('',(2.994619427065,532.61691203372));
#4632 = CARTESIAN_POINT('',(3.023750395485,532.51141087589));
#4633 = CARTESIAN_POINT('',(3.053074119342,532.43104203383));
#4634 = CARTESIAN_POINT('',(3.082528804266,532.37702742352));
#4635 = CARTESIAN_POINT('',(3.112054870596,532.35));
#4636 = CARTESIAN_POINT('',(3.171269442914,532.35));
#4637 = CARTESIAN_POINT('',(3.200934333979,532.37728240712));
#4638 = CARTESIAN_POINT('',(3.230526871673,532.43180616818));
#4639 = CARTESIAN_POINT('',(3.259986685382,532.51292662101));
#4640 = CARTESIAN_POINT('',(3.289251136806,532.61939932801));
#4641 = CARTESIAN_POINT('',(3.332299547518,532.81242038613));
#4642 = CARTESIAN_POINT('',(3.346286870487,532.88094138114));
#4643 = CARTESIAN_POINT('',(3.360211085039,532.95481874864));
#4644 = CARTESIAN_POINT('',(3.374068262651,533.03385157407));
#4645 = CARTESIAN_POINT('',(3.387854277659,533.11782132156));
#4646 = CARTESIAN_POINT('',(3.426502446701,533.3677761439));
#4647 = CARTESIAN_POINT('',(3.451184099737,533.54457517234));
#4648 = CARTESIAN_POINT('',(3.475605265424,533.73560218793));
#4649 = CARTESIAN_POINT('',(3.499760063366,533.93950049317));
#4650 = CARTESIAN_POINT('',(3.523640990418,534.15486407819));
#4651 = CARTESIAN_POINT('',(3.587974890244,534.76934710751));
#4652 = CARTESIAN_POINT('',(3.627864537196,535.18830021688));
#4653 = CARTESIAN_POINT('',(3.666963284141,535.63071050501));
#4654 = CARTESIAN_POINT('',(3.705320053995,536.0906480301));
#4655 = CARTESIAN_POINT('',(3.742980324629,536.56272521471));
#4656 = CARTESIAN_POINT('',(3.813801489296,537.48008503953));
#4657 = CARTESIAN_POINT('',(3.847086262384,537.92437382619));
#4658 = CARTESIAN_POINT('',(3.879888892042,538.37145092262));
#4659 = CARTESIAN_POINT('',(3.912255537428,538.81821752918));
#4660 = CARTESIAN_POINT('',(3.944231645595,539.26190332789));
#4661 = CARTESIAN_POINT('',(3.975862799149,539.7000006));
#4662 = ( GEOMETRIC_REPRESENTATION_CONTEXT(2) 
PARAMETRIC_REPRESENTATION_CONTEXT() REPRESENTATION_CONTEXT('2D SPACE',''
  ) );
#4663 = FACE_BOUND('',#4664,.T.);
#4664 = EDGE_LOOP('',(#4665,#4666,#4667,#4668,#4669));
#4665 = ORIENTED_EDGE('',*,*,#3372,.T.);
#4666 = ORIENTED_EDGE('',*,*,#2404,.T.);
#4667 = ORIENTED_EDGE('',*,*,#2717,.T.);
#4668 = ORIENTED_EDGE('',*,*,#3394,.F.);
#4669 = ORIENTED_EDGE('',*,*,#2518,.T.);
#4670 = ADVANCED_FACE('',(#4671),#4485,.T.);
#4671 = FACE_BOUND('',#4672,.T.);
#4672 = EDGE_LOOP('',(#4673,#4674));
#4673 = ORIENTED_EDGE('',*,*,#4470,.T.);
#4674 = ORIENTED_EDGE('',*,*,#4675,.T.);
#4675 = EDGE_CURVE('',#4391,#4471,#4676,.T.);
#4676 = SURFACE_CURVE('',#4677,(#4682,#4689),.PCURVE_S1.);
#4677 = CIRCLE('',#4678,51.15);
#4678 = AXIS2_PLACEMENT_3D('',#4679,#4680,#4681);
#4679 = CARTESIAN_POINT('',(375.,-440.,2.4305E+03));
#4680 = DIRECTION('',(0.,0.,1.));
#4681 = DIRECTION('',(1.,0.,-0.));
#4682 = PCURVE('',#4485,#4683);
#4683 = DEFINITIONAL_REPRESENTATION('',(#4684),#4688);
#4684 = CIRCLE('',#4685,51.15);
#4685 = AXIS2_PLACEMENT_2D('',#4686,#4687);
#4686 = CARTESIAN_POINT('',(0.,0.));
#4687 = DIRECTION('',(1.,0.));
#4688 = ( GEOMETRIC_REPRESENTATION_CONTEXT(2) 
PARAMETRIC_REPRESENTATION_CONTEXT() REPRESENTATION_CONTEXT('2D SPACE',''
  ) );
#4689 = PCURVE('',#4359,#4690);
#4690 = DEFINITIONAL_REPRESENTATION('',(#4691),#4695);
#4691 = LINE('',#4692,#4693);
#4692 = CARTESIAN_POINT('',(0.,539.7));
#4693 = VECTOR('',#4694,1.);
#4694 = DIRECTION('',(1.,0.));
#4695 = ( GEOMETRIC_REPRESENTATION_CONTEXT(2) 
PARAMETRIC_REPRESENTATION_CONTEXT() REPRESENTATION_CONTEXT('2D SPACE',''
  ) );
#4696 = ADVANCED_FACE('',(#4697,#4776),#4359,.T.);
#4697 = FACE_BOUND('',#4698,.T.);
#4698 = EDGE_LOOP('',(#4699,#4728,#4749,#4750,#4772,#4773,#4774,#4775));
#4699 = ORIENTED_EDGE('',*,*,#4700,.T.);
#4700 = EDGE_CURVE('',#4701,#4701,#4703,.T.);
#4701 = VERTEX_POINT('',#4702);
#4702 = CARTESIAN_POINT('',(426.15,-440.,1.8908E+03));
#4703 = SURFACE_CURVE('',#4704,(#4709,#4716),.PCURVE_S1.);
#4704 = CIRCLE('',#4705,51.15);
#4705 = AXIS2_PLACEMENT_3D('',#4706,#4707,#4708);
#4706 = CARTESIAN_POINT('',(375.,-440.,1.8908E+03));
#4707 = DIRECTION('',(0.,0.,1.));
#4708 = DIRECTION('',(1.,0.,-0.));
#4709 = PCURVE('',#4359,#4710);
#4710 = DEFINITIONAL_REPRESENTATION('',(#4711),#4715);
#4711 = LINE('',#4712,#4713);
#4712 = CARTESIAN_POINT('',(0.,0.));
#4713 = VECTOR('',#4714,1.);
#4714 = DIRECTION('',(1.,0.));
#4715 = ( GEOMETRIC_REPRESENTATION_CONTEXT(2) 
PARAMETRIC_REPRESENTATION_CONTEXT() REPRESENTATION_CONTEXT('2D SPACE',''
  ) );
#4716 = PCURVE('',#4717,#4722);
#4717 = PLANE('',#4718);
#4718 = AXIS2_PLACEMENT_3D('',#4719,#4720,#4721);
#4719 = CARTESIAN_POINT('',(375.,-440.,1.8908E+03));
#4720 = DIRECTION('',(0.,0.,1.));
#4721 = DIRECTION('',(1.,0.,-0.));
#4722 = DEFINITIONAL_REPRESENTATION('',(#4723),#4727);
#4723 = CIRCLE('',#4724,51.15);
#4724 = AXIS2_PLACEMENT_2D('',#4725,#4726);
#4725 = CARTESIAN_POINT('',(0.,0.));
#4726 = DIRECTION('',(1.,0.));
#4727 = ( GEOMETRIC_REPRESENTATION_CONTEXT(2) 
PARAMETRIC_REPRESENTATION_CONTEXT() REPRESENTATION_CONTEXT('2D SPACE',''
  ) );
#4728 = ORIENTED_EDGE('',*,*,#4729,.T.);
#4729 = EDGE_CURVE('',#4701,#4306,#4730,.T.);
#4730 = SEAM_CURVE('',#4731,(#4735,#4742),.PCURVE_S1.);
#4731 = LINE('',#4732,#4733);
#4732 = CARTESIAN_POINT('',(426.15,-440.,1.8908E+03));
#4733 = VECTOR('',#4734,1.);
#4734 = DIRECTION('',(0.,0.,1.));
#4735 = PCURVE('',#4359,#4736);
#4736 = DEFINITIONAL_REPRESENTATION('',(#4737),#4741);
#4737 = LINE('',#4738,#4739);
#4738 = CARTESIAN_POINT('',(0.,-0.));
#4739 = VECTOR('',#4740,1.);
#4740 = DIRECTION('',(0.,1.));
#4741 = ( GEOMETRIC_REPRESENTATION_CONTEXT(2) 
PARAMETRIC_REPRESENTATION_CONTEXT() REPRESENTATION_CONTEXT('2D SPACE',''
  ) );
#4742 = PCURVE('',#4359,#4743);
#4743 = DEFINITIONAL_REPRESENTATION('',(#4744),#4748);
#4744 = LINE('',#4745,#4746);
#4745 = CARTESIAN_POINT('',(6.28318530718,-0.));
#4746 = VECTOR('',#4747,1.);
#4747 = DIRECTION('',(0.,1.));
#4748 = ( GEOMETRIC_REPRESENTATION_CONTEXT(2) 
PARAMETRIC_REPRESENTATION_CONTEXT() REPRESENTATION_CONTEXT('2D SPACE',''
  ) );
#4749 = ORIENTED_EDGE('',*,*,#4305,.F.);
#4750 = ORIENTED_EDGE('',*,*,#4751,.F.);
#4751 = EDGE_CURVE('',#4278,#4280,#4752,.T.);
#4752 = SURFACE_CURVE('',#4753,(#4758,#4765),.PCURVE_S1.);
#4753 = CIRCLE('',#4754,51.15);
#4754 = AXIS2_PLACEMENT_3D('',#4755,#4756,#4757);
#4755 = CARTESIAN_POINT('',(375.,-440.,2.4305E+03));
#4756 = DIRECTION('',(0.,0.,1.));
#4757 = DIRECTION('',(1.,0.,-0.));
#4758 = PCURVE('',#4359,#4759);
#4759 = DEFINITIONAL_REPRESENTATION('',(#4760),#4764);
#4760 = LINE('',#4761,#4762);
#4761 = CARTESIAN_POINT('',(0.,539.7));
#4762 = VECTOR('',#4763,1.);
#4763 = DIRECTION('',(1.,0.));
#4764 = ( GEOMETRIC_REPRESENTATION_CONTEXT(2) 
PARAMETRIC_REPRESENTATION_CONTEXT() REPRESENTATION_CONTEXT('2D SPACE',''
  ) );
#4765 = PCURVE('',#4294,#4766);
#4766 = DEFINITIONAL_REPRESENTATION('',(#4767),#4771);
#4767 = CIRCLE('',#4768,51.15);
#4768 = AXIS2_PLACEMENT_2D('',#4769,#4770);
#4769 = CARTESIAN_POINT('',(0.,0.));
#4770 = DIRECTION('',(1.,0.));
#4771 = ( GEOMETRIC_REPRESENTATION_CONTEXT(2) 
PARAMETRIC_REPRESENTATION_CONTEXT() REPRESENTATION_CONTEXT('2D SPACE',''
  ) );
#4772 = ORIENTED_EDGE('',*,*,#4496,.F.);
#4773 = ORIENTED_EDGE('',*,*,#4675,.F.);
#4774 = ORIENTED_EDGE('',*,*,#4390,.F.);
#4775 = ORIENTED_EDGE('',*,*,#4729,.F.);
#4776 = FACE_BOUND('',#4777,.T.);
#4777 = EDGE_LOOP('',(#4778));
#4778 = ORIENTED_EDGE('',*,*,#4779,.F.);
#4779 = EDGE_CURVE('',#4780,#4780,#4782,.T.);
#4780 = VERTEX_POINT('',#4781);
#4781 = CARTESIAN_POINT('',(375.,-388.85,2.22755E+03));
#4782 = SURFACE_CURVE('',#4783,(#4942,#5104),.PCURVE_S1.);
#4783 = B_SPLINE_CURVE_WITH_KNOTS('',7,(#4784,#4785,#4786,#4787,#4788,
    #4789,#4790,#4791,#4792,#4793,#4794,#4795,#4796,#4797,#4798,#4799,
    #4800,#4801,#4802,#4803,#4804,#4805,#4806,#4807,#4808,#4809,#4810,
    #4811,#4812,#4813,#4814,#4815,#4816,#4817,#4818,#4819,#4820,#4821,
    #4822,#4823,#4824,#4825,#4826,#4827,#4828,#4829,#4830,#4831,#4832,
    #4833,#4834,#4835,#4836,#4837,#4838,#4839,#4840,#4841,#4842,#4843,
    #4844,#4845,#4846,#4847,#4848,#4849,#4850,#4851,#4852,#4853,#4854,
    #4855,#4856,#4857,#4858,#4859,#4860,#4861,#4862,#4863,#4864,#4865,
    #4866,#4867,#4868,#4869,#4870,#4871,#4872,#4873,#4874,#4875,#4876,
    #4877,#4878,#4879,#4880,#4881,#4882,#4883,#4884,#4885,#4886,#4887,
    #4888,#4889,#4890,#4891,#4892,#4893,#4894,#4895,#4896,#4897,#4898,
    #4899,#4900,#4901,#4902,#4903,#4904,#4905,#4906,#4907,#4908,#4909,
    #4910,#4911,#4912,#4913,#4914,#4915,#4916,#4917,#4918,#4919,#4920,
    #4921,#4922,#4923,#4924,#4925,#4926,#4927,#4928,#4929,#4930,#4931,
    #4932,#4933,#4934,#4935,#4936,#4937,#4938,#4939,#4940,#4941),
  .UNSPECIFIED.,.T.,.F.,(8,6,6,6,6,6,6,6,6,6,6,6,6,6,6,6,6,6,6,6,6,6,6,6
    ,6,6,8),(0.,3.903369236691E-02,6.450971515036E-02,9.662944359915E-02
    ,0.123479138012,0.14633078345,0.16586527761,0.182190157753,
    0.249488442379,0.319285093533,0.335603639513,0.354585607162,
    0.376798228363,0.4034439003,0.435807519132,0.460558936098,
    0.499622815628,0.53975393062,0.564074556781,0.596880432459,
    0.623148191503,0.74976368345,0.876628530626,0.903277731914,
    0.935645644903,0.960400344245,1.),.UNSPECIFIED.);
#4784 = CARTESIAN_POINT('',(375.,-388.85,2.22755E+03));
#4785 = CARTESIAN_POINT('',(375.82305254987,-388.85,2.22755E+03));
#4786 = CARTESIAN_POINT('',(376.64482779833,-388.8654509631,
    2.227508513384E+03));
#4787 = CARTESIAN_POINT('',(377.46060331489,-388.8962667056,
    2.227425772478E+03));
#4788 = CARTESIAN_POINT('',(378.26569450065,-388.9418582774,
    2.227302866359E+03));
#4789 = CARTESIAN_POINT('',(379.05553132095,-389.0011454072,
    2.227141732519E+03));
#4790 = CARTESIAN_POINT('',(379.82573354929,-389.0726136874,
    2.226945165143E+03));
#4791 = CARTESIAN_POINT('',(381.05936881991,-389.2078081924,
    2.226567819601E+03));
#4792 = CARTESIAN_POINT('',(381.53693029316,-389.2656557681,
    2.226405119827E+03));
#4793 = CARTESIAN_POINT('',(382.00445763068,-389.3275475028,
    2.226229477408E+03));
#4794 = CARTESIAN_POINT('',(382.46157591957,-389.3930580933,
    2.226041640322E+03));
#4795 = CARTESIAN_POINT('',(382.90794652224,-389.4617548388,
    2.225842369345E+03));
#4796 = CARTESIAN_POINT('',(383.34326695321,-389.5332028222,
    2.225632439602E+03));
#4797 = CARTESIAN_POINT('',(384.30184740931,-389.6999745844,
    2.225135525261E+03));
#4798 = CARTESIAN_POINT('',(384.81855203453,-389.7966861978,
    2.224842662555E+03));
#4799 = CARTESIAN_POINT('',(385.31740262174,-389.8963397972,
    2.224535333443E+03));
#4800 = CARTESIAN_POINT('',(385.79847299328,-389.9982146834,
    2.224214720496E+03));
#4801 = CARTESIAN_POINT('',(386.26188332349,-390.1016360464,
    2.223881916085E+03));
#4802 = CARTESIAN_POINT('',(386.70779065856,-390.2059764199,
    2.223537929064E+03));
#4803 = CARTESIAN_POINT('',(387.49464764932,-390.3981623989,
    2.222887575231E+03));
#4804 = CARTESIAN_POINT('',(387.84087456985,-390.4859201079,
    2.222584246495E+03));
#4805 = CARTESIAN_POINT('',(388.17522092841,-390.5736067905,
    2.22227419452E+03));
#4806 = CARTESIAN_POINT('',(388.49784755574,-390.6609214093,
    2.221957867673E+03));
#4807 = CARTESIAN_POINT('',(388.80891550147,-390.7475846193,
    2.221635673325E+03));
#4808 = CARTESIAN_POINT('',(389.10858615273,-390.8333380255,
    2.221307977791E+03));
#4809 = CARTESIAN_POINT('',(389.64250716054,-390.9899507,
    2.220691800903E+03));
#4810 = CARTESIAN_POINT('',(389.87985439867,-391.0611263917,
    2.220404746164E+03));
#4811 = CARTESIAN_POINT('',(390.10915465862,-391.1313213195,
    2.22011415106E+03));
#4812 = CARTESIAN_POINT('',(390.33049579323,-391.2003953997,
    2.219820209652E+03));
#4813 = CARTESIAN_POINT('',(390.54396204583,-391.268217285,
    2.219523101017E+03));
#4814 = CARTESIAN_POINT('',(390.74963417937,-391.3346639905,
    2.219222989225E+03));
#4815 = CARTESIAN_POINT('',(391.11680976636,-391.455147938,
    2.218661036012E+03));
#4816 = CARTESIAN_POINT('',(391.28038937963,-391.5095858362,
    2.218399965443E+03));
#4817 = CARTESIAN_POINT('',(391.43837144737,-391.5628607718,
    2.218136912859E+03));
#4818 = CARTESIAN_POINT('',(391.59079670858,-391.6149030882,
    2.21787197417E+03));
#4819 = CARTESIAN_POINT('',(391.73770363925,-391.6656469123,
    2.217605239941E+03));
#4820 = CARTESIAN_POINT('',(391.87912845236,-391.7150301551,
    2.217336795394E+03));
#4821 = CARTESIAN_POINT('',(392.12874010792,-391.8030780866,
    2.216841020074E+03));
#4822 = CARTESIAN_POINT('',(392.23856876332,-391.8421701623,
    2.216614184096E+03));
#4823 = CARTESIAN_POINT('',(392.34460966708,-391.8802362295,
    2.216386261479E+03));
#4824 = CARTESIAN_POINT('',(392.4468800231,-391.9172433465,
    2.216157300293E+03));
#4825 = CARTESIAN_POINT('',(392.54539563628,-391.9531601392,
    2.215927347675E+03));
#4826 = CARTESIAN_POINT('',(392.64017091241,-391.9879568012,
    2.215696449828E+03));
#4827 = CARTESIAN_POINT('',(393.10655824941,-392.1603180476,
    2.214509080249E+03));
#4828 = CARTESIAN_POINT('',(393.41867807724,-392.2795606648,
    2.213537901125E+03));
#4829 = CARTESIAN_POINT('',(393.66829064617,-392.3772828692,
    2.212554614157E+03));
#4830 = CARTESIAN_POINT('',(393.855948656,-392.4519468285,
    2.211562391518E+03));
#4831 = CARTESIAN_POINT('',(393.9820249128,-392.5025205255,
    2.210564179225E+03));
#4832 = CARTESIAN_POINT('',(394.04669203977,-392.5284713295,
    2.209562798319E+03));
#4833 = CARTESIAN_POINT('',(394.05323150948,-392.5310956318,
    2.207522104941E+03));
#4834 = CARTESIAN_POINT('',(393.99045437631,-392.5059032862,
    2.20648330026E+03));
#4835 = CARTESIAN_POINT('',(393.8616410991,-392.4541884317,
    2.205447748913E+03));
#4836 = CARTESIAN_POINT('',(393.66660493666,-392.3765264797,
    2.204418588966E+03));
#4837 = CARTESIAN_POINT('',(393.40492652492,-392.2740702295,
    2.203399101509E+03));
#4838 = CARTESIAN_POINT('',(393.07597830582,-392.1485577437,
    2.202392832531E+03));
#4839 = CARTESIAN_POINT('',(392.58612298812,-391.9681297064,
    2.201172457799E+03));
#4840 = CARTESIAN_POINT('',(392.48956744592,-391.9328033541,
    2.20094211852E+03));
#4841 = CARTESIAN_POINT('',(392.38926892143,-391.8963698745,
    2.200712742375E+03));
#4842 = CARTESIAN_POINT('',(392.28521258991,-391.8588595419,
    2.20048437577E+03));
#4843 = CARTESIAN_POINT('',(392.17738220993,-391.820304198,
    2.20025706609E+03));
#4844 = CARTESIAN_POINT('',(392.0657601233,-391.7807372521,
    2.200030861699E+03));
#4845 = CARTESIAN_POINT('',(391.81605408079,-391.6930328152,
    2.199544030829E+03));
#4846 = CARTESIAN_POINT('',(391.67662651546,-391.6445512459,
    2.19928381589E+03));
#4847 = CARTESIAN_POINT('',(391.53201265043,-391.5948032863,
    2.199025241182E+03));
#4848 = CARTESIAN_POINT('',(391.38217855795,-391.5438466459,
    2.198768385626E+03));
#4849 = CARTESIAN_POINT('',(391.22708829122,-391.4917424301,
    2.198513333003E+03));
#4850 = CARTESIAN_POINT('',(391.06670388439,-391.4385551406,
    2.19826017196E+03));
#4851 = CARTESIAN_POINT('',(390.70706220182,-391.3209251708,
    2.197715070926E+03));
#4852 = CARTESIAN_POINT('',(390.50583654459,-391.2561083802,
    2.197423866984E+03));
#4853 = CARTESIAN_POINT('',(390.29723677692,-391.1900084223,
    2.197135522483E+03));
#4854 = CARTESIAN_POINT('',(390.08118815754,-391.1227390827,
    2.196850189217E+03));
#4855 = CARTESIAN_POINT('',(389.85761280798,-391.0544218133,
    2.196568032463E+03));
#4856 = CARTESIAN_POINT('',(389.62642971246,-390.9851857326,
    2.196289230988E+03));
#4857 = CARTESIAN_POINT('',(389.10100660283,-390.8311757589,
    2.195683789706E+03));
#4858 = CARTESIAN_POINT('',(388.80339015432,-390.7460588696,
    2.195358707256E+03));
#4859 = CARTESIAN_POINT('',(388.49454716114,-390.6600500888,
    2.195039048195E+03));
#4860 = CARTESIAN_POINT('',(388.17431986143,-390.5734021598,
    2.194725170921E+03));
#4861 = CARTESIAN_POINT('',(387.84255082791,-390.4863881523,
    2.194417473664E+03));
#4862 = CARTESIAN_POINT('',(387.49908285297,-390.3993021768,
    2.194116394426E+03));
#4863 = CARTESIAN_POINT('',(386.71218513797,-390.2069824102,
    2.193465340904E+03));
#4864 = CARTESIAN_POINT('',(386.26303130682,-390.1018427993,
    2.193118664857E+03));
#4865 = CARTESIAN_POINT('',(385.79610905325,-389.9976328694,
    2.192783336025E+03));
#4866 = CARTESIAN_POINT('',(385.31125820939,-389.8949944779,
    2.192460386535E+03));
#4867 = CARTESIAN_POINT('',(384.80835655328,-389.7946182202,
    2.192150934373E+03));
#4868 = CARTESIAN_POINT('',(384.28732963546,-389.6972419135,
    2.191856190363E+03));
#4869 = CARTESIAN_POINT('',(383.33580877482,-389.5320700874,
    2.191364298493E+03));
#4870 = CARTESIAN_POINT('',(382.9127854557,-389.4626935411,
    2.191160470324E+03));
#4871 = CARTESIAN_POINT('',(382.47933409749,-389.3959152395,
    2.190966704505E+03));
#4872 = CARTESIAN_POINT('',(382.03573020567,-389.3321336239,
    2.190783711126E+03));
#4873 = CARTESIAN_POINT('',(381.58228146426,-389.2717453104,
    2.190612187834E+03));
#4874 = CARTESIAN_POINT('',(381.11932785824,-389.2151406231,
    2.190452821167E+03));
#4875 = CARTESIAN_POINT('',(379.90217281313,-389.0799334283,
    2.190075022024E+03));
#4876 = CARTESIAN_POINT('',(379.13313339101,-389.0074018618,
    2.189875342758E+03));
#4877 = CARTESIAN_POINT('',(378.34419180798,-388.9469616963,
    2.189710950204E+03));
#4878 = CARTESIAN_POINT('',(377.5396824189,-388.9001460262,
    2.189584673243E+03));
#4879 = CARTESIAN_POINT('',(376.72413269841,-388.8680604964,
    2.18949849428E+03));
#4880 = CARTESIAN_POINT('',(375.90218879477,-388.8513249928,
    2.189453557683E+03));
#4881 = CARTESIAN_POINT('',(374.23238808015,-388.848761051,
    2.189446673348E+03));
#4882 = CARTESIAN_POINT('',(373.38723737618,-388.8637937897,
    2.189487037989E+03));
#4883 = CARTESIAN_POINT('',(372.54821457592,-388.8950952787,
    2.189571055874E+03));
#4884 = CARTESIAN_POINT('',(371.72040825931,-388.9420409519,
    2.189697571407E+03));
#4885 = CARTESIAN_POINT('',(370.90878035445,-389.0034565553,
    2.189864483423E+03));
#4886 = CARTESIAN_POINT('',(370.11807982801,-389.0776836715,
    2.190068735701E+03));
#4887 = CARTESIAN_POINT('',(368.88895097822,-389.2142209718,
    2.190450251456E+03));
#4888 = CARTESIAN_POINT('',(368.43395641523,-389.2697615247,
    2.190606602959E+03));
#4889 = CARTESIAN_POINT('',(367.98812918614,-389.3289607657,
    2.190774700419E+03));
#4890 = CARTESIAN_POINT('',(367.55179374131,-389.3914485447,
    2.190953892466E+03));
#4891 = CARTESIAN_POINT('',(367.12524441117,-389.4568486861,
    2.191143517112E+03));
#4892 = CARTESIAN_POINT('',(366.70874550705,-389.5247830929,
    2.191342900524E+03));
#4893 = CARTESIAN_POINT('',(365.75459286624,-389.6894233503,
    2.191832539254E+03));
#4894 = CARTESIAN_POINT('',(365.22528467147,-389.7879124917,
    2.192130271508E+03));
#4895 = CARTESIAN_POINT('',(364.71459544875,-389.8895248665,
    2.192443182078E+03));
#4896 = CARTESIAN_POINT('',(364.2224522584,-389.993489972,
    2.192770005566E+03));
#4897 = CARTESIAN_POINT('',(363.74873110591,-390.0990869448,
    2.193109574273E+03));
#4898 = CARTESIAN_POINT('',(363.29326743795,-390.2056462946,
    2.193460810826E+03));
#4899 = CARTESIAN_POINT('',(362.50563855942,-390.398151051,
    2.194112503146E+03));
#4900 = CARTESIAN_POINT('',(362.16692933403,-390.4839872354,
    2.194409179346E+03));
#4901 = CARTESIAN_POINT('',(361.83958864125,-390.5697576752,
    2.194712291809E+03));
#4902 = CARTESIAN_POINT('',(361.5234659899,-390.655180405,
    2.195021420503E+03));
#4903 = CARTESIAN_POINT('',(361.21841060989,-390.7399933487,
    2.195336183002E+03));
#4904 = CARTESIAN_POINT('',(360.92427134366,-390.823953659,
    2.195656234551E+03));
#4905 = CARTESIAN_POINT('',(359.2749771832,-391.3063504749,
    2.1975479905E+03));
#4906 = CARTESIAN_POINT('',(358.15540996994,-391.6819401354,
    2.199234773475E+03));
#4907 = CARTESIAN_POINT('',(357.27151809586,-392.0071232776,
    2.201004086154E+03));
#4908 = CARTESIAN_POINT('',(356.61362693102,-392.2635580227,
    2.202830261103E+03));
#4909 = CARTESIAN_POINT('',(356.17517755678,-392.439434266,
    2.204693498115E+03));
#4910 = CARTESIAN_POINT('',(355.95326807409,-392.5284873304,
    2.206577708598E+03));
#4911 = CARTESIAN_POINT('',(355.94678155301,-392.5310903954,
    2.210360684324E+03));
#4912 = CARTESIAN_POINT('',(356.16308439424,-392.4442872718,
    2.212249118864E+03));
#4913 = CARTESIAN_POINT('',(356.59675268992,-392.2701838386,
    2.214116935405E+03));
#4914 = CARTESIAN_POINT('',(357.25064281927,-392.0149781344,
    2.215947942289E+03));
#4915 = CARTESIAN_POINT('',(358.13128018463,-391.6904662523,
    2.217722257149E+03));
#4916 = CARTESIAN_POINT('',(359.24831826965,-391.3150152175,
    2.219414149181E+03));
#4917 = CARTESIAN_POINT('',(360.8989934957,-390.8311757301,
    2.221316210407E+03));
#4918 = CARTESIAN_POINT('',(361.19661003135,-390.7460588166,
    2.221641292945E+03));
#4919 = CARTESIAN_POINT('',(361.50545308869,-390.6600500197,
    2.22196095206E+03));
#4920 = CARTESIAN_POINT('',(361.82568041653,-390.5734020857,
    2.222274829345E+03));
#4921 = CARTESIAN_POINT('',(362.15744942792,-390.4863880868,
    2.222582526564E+03));
#4922 = CARTESIAN_POINT('',(362.50091731539,-390.3993021357,
    2.222883605713E+03));
#4923 = CARTESIAN_POINT('',(363.28781475664,-390.206982436,
    2.223534659009E+03));
#4924 = CARTESIAN_POINT('',(363.73696851936,-390.1018428396,
    2.223881335011E+03));
#4925 = CARTESIAN_POINT('',(364.20389075215,-389.9976329114,
    2.224216663842E+03));
#4926 = CARTESIAN_POINT('',(364.68874162232,-389.8949945114,
    2.224539613362E+03));
#4927 = CARTESIAN_POINT('',(365.19164333911,-389.7946182399,
    2.224849065567E+03));
#4928 = CARTESIAN_POINT('',(365.71267032624,-389.6972419202,
    2.225143809617E+03));
#4929 = CARTESIAN_POINT('',(366.66419122517,-389.5320700874,
    2.225635701507E+03));
#4930 = CARTESIAN_POINT('',(367.0872145443,-389.4626935411,
    2.225839529676E+03));
#4931 = CARTESIAN_POINT('',(367.5206659025,-389.3959152395,
    2.226033295495E+03));
#4932 = CARTESIAN_POINT('',(367.96426979432,-389.3321336239,
    2.226216288874E+03));
#4933 = CARTESIAN_POINT('',(368.41771853573,-389.2717453104,
    2.226387812166E+03));
#4934 = CARTESIAN_POINT('',(368.88067214175,-389.2151406231,
    2.226547178833E+03));
#4935 = CARTESIAN_POINT('',(370.10794594808,-389.0788093897,
    2.226928118791E+03));
#4936 = CARTESIAN_POINT('',(370.88781190348,-389.0054278471,
    2.227130091329E+03));
#4937 = CARTESIAN_POINT('',(371.68809614412,-388.9444943877,
    2.227295759415E+03));
#4938 = CARTESIAN_POINT('',(372.50425641837,-388.8976047241,
    2.227422179891E+03));
#4939 = CARTESIAN_POINT('',(373.33154686609,-388.865899046,
    2.227507310245E+03));
#4940 = CARTESIAN_POINT('',(374.16509829269,-388.85,2.22755E+03));
#4941 = CARTESIAN_POINT('',(375.,-388.85,2.22755E+03));
#4942 = PCURVE('',#4359,#4943);
#4943 = DEFINITIONAL_REPRESENTATION('',(#4944),#5103);
#4944 = B_SPLINE_CURVE_WITH_KNOTS('',7,(#4945,#4946,#4947,#4948,#4949,
    #4950,#4951,#4952,#4953,#4954,#4955,#4956,#4957,#4958,#4959,#4960,
    #4961,#4962,#4963,#4964,#4965,#4966,#4967,#4968,#4969,#4970,#4971,
    #4972,#4973,#4974,#4975,#4976,#4977,#4978,#4979,#4980,#4981,#4982,
    #4983,#4984,#4985,#4986,#4987,#4988,#4989,#4990,#4991,#4992,#4993,
    #4994,#4995,#4996,#4997,#4998,#4999,#5000,#5001,#5002,#5003,#5004,
    #5005,#5006,#5007,#5008,#5009,#5010,#5011,#5012,#5013,#5014,#5015,
    #5016,#5017,#5018,#5019,#5020,#5021,#5022,#5023,#5024,#5025,#5026,
    #5027,#5028,#5029,#5030,#5031,#5032,#5033,#5034,#5035,#5036,#5037,
    #5038,#5039,#5040,#5041,#5042,#5043,#5044,#5045,#5046,#5047,#5048,
    #5049,#5050,#5051,#5052,#5053,#5054,#5055,#5056,#5057,#5058,#5059,
    #5060,#5061,#5062,#5063,#5064,#5065,#5066,#5067,#5068,#5069,#5070,
    #5071,#5072,#5073,#5074,#5075,#5076,#5077,#5078,#5079,#5080,#5081,
    #5082,#5083,#5084,#5085,#5086,#5087,#5088,#5089,#5090,#5091,#5092,
    #5093,#5094,#5095,#5096,#5097,#5098,#5099,#5100,#5101,#5102),
  .UNSPECIFIED.,.T.,.F.,(8,6,6,6,6,6,6,6,6,6,6,6,6,6,6,6,6,6,6,6,6,6,6,6
    ,6,6,8),(0.,3.903369236691E-02,6.450971515036E-02,9.662944359915E-02
    ,0.123479138012,0.14633078345,0.16586527761,0.182190157753,
    0.249488442379,0.319285093533,0.335603639513,0.354585607162,
    0.376798228363,0.4034439003,0.435807519132,0.460558936098,
    0.499622815628,0.53975393062,0.564074556781,0.596880432459,
    0.623148191503,0.74976368345,0.876628530626,0.903277731914,
    0.935645644903,0.960400344245,1.),.UNSPECIFIED.);
#4945 = CARTESIAN_POINT('',(1.570796326795,336.75));
#4946 = CARTESIAN_POINT('',(1.554705367853,336.75));
#4947 = CARTESIAN_POINT('',(1.538639378248,336.70851338364));
#4948 = CARTESIAN_POINT('',(1.5226838913,336.62577247761));
#4949 = CARTESIAN_POINT('',(1.506923751079,336.50286635865));
#4950 = CARTESIAN_POINT('',(1.491442642587,336.34173251851));
#4951 = CARTESIAN_POINT('',(1.476322327194,336.14516514256));
#4952 = CARTESIAN_POINT('',(1.452059938802,335.76781960071));
#4953 = CARTESIAN_POINT('',(1.442655812875,335.60511982695));
#4954 = CARTESIAN_POINT('',(1.433436637671,335.42947740848));
#4955 = CARTESIAN_POINT('',(1.424409412183,335.24164032222));
#4956 = CARTESIAN_POINT('',(1.415580687355,335.04236934452));
#4957 = CARTESIAN_POINT('',(1.406956551164,334.83243960167));
#4958 = CARTESIAN_POINT('',(1.387934467002,334.33552526149));
#4959 = CARTESIAN_POINT('',(1.377658130908,334.04266255525));
#4960 = CARTESIAN_POINT('',(1.367713874101,333.73533344336));
#4961 = CARTESIAN_POINT('',(1.358101287983,333.41472049572));
#4962 = CARTESIAN_POINT('',(1.348819382152,333.08191608548));
#4963 = CARTESIAN_POINT('',(1.339866679903,332.73792906397));
#4964 = CARTESIAN_POINT('',(1.324031151691,332.08757523136));
#4965 = CARTESIAN_POINT('',(1.317048507176,331.78424649509));
#4966 = CARTESIAN_POINT('',(1.310291217228,331.4741945204));
#4967 = CARTESIAN_POINT('',(1.303757183692,331.15786767303));
#4968 = CARTESIAN_POINT('',(1.297444347452,330.83567332536));
#4969 = CARTESIAN_POINT('',(1.291350662685,330.5079777909));
#4970 = CARTESIAN_POINT('',(1.280472532361,329.89180090306));
#4971 = CARTESIAN_POINT('',(1.27562824852,329.60474616351));
#4972 = CARTESIAN_POINT('',(1.270940118399,329.31415105965));
#4973 = CARTESIAN_POINT('',(1.266407117667,329.02020965199));
#4974 = CARTESIAN_POINT('',(1.262028289841,328.72310101742));
#4975 = CARTESIAN_POINT('',(1.257802737279,328.42298922466));
#4976 = CARTESIAN_POINT('',(1.250247743041,327.86103601204));
#4977 = CARTESIAN_POINT('',(1.246877291396,327.59996544339));
#4978 = CARTESIAN_POINT('',(1.243617840793,327.33691285901));
#4979 = CARTESIAN_POINT('',(1.240469008933,327.07197416953));
#4980 = CARTESIAN_POINT('',(1.237430447659,326.80523994081));
#4981 = CARTESIAN_POINT('',(1.234501842958,326.53679539403));
#4982 = CARTESIAN_POINT('',(1.229327150768,326.04102007374));
#4983 = CARTESIAN_POINT('',(1.227048011838,325.81418409649));
#4984 = CARTESIAN_POINT('',(1.224845359401,325.58626147908));
#4985 = CARTESIAN_POINT('',(1.22271907508,325.35730029273));
#4986 = CARTESIAN_POINT('',(1.220669060885,325.12734767472));
#4987 = CARTESIAN_POINT('',(1.218695239213,324.89644982835));
#4988 = CARTESIAN_POINT('',(1.208974460977,323.70908024866));
#4989 = CARTESIAN_POINT('',(1.202442613512,322.73790112475));
#4990 = CARTESIAN_POINT('',(1.19720219784,321.75461415728));
#4991 = CARTESIAN_POINT('',(1.193253712387,320.76239151837));
#4992 = CARTESIAN_POINT('',(1.190597897914,319.76417922523));
#4993 = CARTESIAN_POINT('',(1.189235668807,318.76279831913));
#4994 = CARTESIAN_POINT('',(1.189097909452,316.72210494128));
#4995 = CARTESIAN_POINT('',(1.190420315503,315.68330025962));
#4996 = CARTESIAN_POINT('',(1.193134115292,314.64774891263));
#4997 = CARTESIAN_POINT('',(1.197238297902,313.6185889657));
#4998 = CARTESIAN_POINT('',(1.202732069795,312.59910150907));
#4999 = CARTESIAN_POINT('',(1.209614935864,311.59283253051));
#5000 = CARTESIAN_POINT('',(1.219820748311,310.3724577994));
#5001 = CARTESIAN_POINT('',(1.221830812435,310.14211852009));
#5002 = CARTESIAN_POINT('',(1.223917035575,309.91274237526));
#5003 = CARTESIAN_POINT('',(1.226079501373,309.68437577008));
#5004 = CARTESIAN_POINT('',(1.228318314399,309.45706608975));
#5005 = CARTESIAN_POINT('',(1.230633600155,309.23086169949));
#5006 = CARTESIAN_POINT('',(1.235807803318,308.74403082913));
#5007 = CARTESIAN_POINT('',(1.238693735433,308.48381588969));
#5008 = CARTESIAN_POINT('',(1.24168357025,308.22524118224));
#5009 = CARTESIAN_POINT('',(1.244777607344,307.96838562602));
#5010 = CARTESIAN_POINT('',(1.247976177039,307.71333300347));
#5011 = CARTESIAN_POINT('',(1.251279640403,307.46017196026));
#5012 = CARTESIAN_POINT('',(1.258677293265,306.91507092611));
#5013 = CARTESIAN_POINT('',(1.262810337378,306.62386698366));
#5014 = CARTESIAN_POINT('',(1.267088301879,306.3355224831));
#5015 = CARTESIAN_POINT('',(1.271512023334,306.05018921652));
#5016 = CARTESIAN_POINT('',(1.27608239459,305.76803246289));
#5017 = CARTESIAN_POINT('',(1.280800364775,305.48923098807));
#5018 = CARTESIAN_POINT('',(1.291504753162,304.88378970648));
#5019 = CARTESIAN_POINT('',(1.297556406397,304.55870725629));
#5020 = CARTESIAN_POINT('',(1.303823911402,304.23904819502));
#5021 = CARTESIAN_POINT('',(1.310309268645,303.92517092056));
#5022 = CARTESIAN_POINT('',(1.317014491463,303.61747366409));
#5023 = CARTESIAN_POINT('',(1.323941630869,303.31639442633));
#5024 = CARTESIAN_POINT('',(1.339778553296,302.66534090374));
#5025 = CARTESIAN_POINT('',(1.348796607638,302.31866485726));
#5026 = CARTESIAN_POINT('',(1.358148864397,301.98333602482));
#5027 = CARTESIAN_POINT('',(1.367836823539,301.66038653493));
#5028 = CARTESIAN_POINT('',(1.377861485126,301.35093437346));
#5029 = CARTESIAN_POINT('',(1.388223250471,301.05619036296));
#5030 = CARTESIAN_POINT('',(1.407103999638,300.56429849344));
#5031 = CARTESIAN_POINT('',(1.415484369671,300.3604703238));
#5032 = CARTESIAN_POINT('',(1.42405781253,300.16670450469));
#5033 = CARTESIAN_POINT('',(1.432818782145,299.98371112612));
#5034 = CARTESIAN_POINT('',(1.441761320084,299.81218783397));
#5035 = CARTESIAN_POINT('',(1.450879068414,299.65282116748));
#5036 = CARTESIAN_POINT('',(1.474821233403,299.27502202435));
#5037 = CARTESIAN_POINT('',(1.489920861837,299.07534275802));
#5038 = CARTESIAN_POINT('',(1.505386238691,298.91095020424));
#5039 = CARTESIAN_POINT('',(1.521136405377,298.78467324318));
#5040 = CARTESIAN_POINT('',(1.537088437348,298.69849428045));
#5041 = CARTESIAN_POINT('',(1.553158207604,298.65355768349));
#5042 = CARTESIAN_POINT('',(1.585803421349,298.64667334834));
#5043 = CARTESIAN_POINT('',(1.602325938854,298.68703798856));
#5044 = CARTESIAN_POINT('',(1.618735546596,298.77105587377));
#5045 = CARTESIAN_POINT('',(1.634940131645,298.89757140685));
#5046 = CARTESIAN_POINT('',(1.650848856815,299.06448342337));
#5047 = CARTESIAN_POINT('',(1.666373038668,299.26873570076));
#5048 = CARTESIAN_POINT('',(1.690550735529,299.65025145597));
#5049 = CARTESIAN_POINT('',(1.699511536272,299.80660295879));
#5050 = CARTESIAN_POINT('',(1.708303347633,299.97470041937));
#5051 = CARTESIAN_POINT('',(1.716920104454,300.15389246607));
#5052 = CARTESIAN_POINT('',(1.725356113847,300.34351711183));
#5053 = CARTESIAN_POINT('',(1.733606066988,300.54290052437));
#5054 = CARTESIAN_POINT('',(1.752535742431,301.03253925372));
#5055 = CARTESIAN_POINT('',(1.763060611724,301.33027150777));
#5056 = CARTESIAN_POINT('',(1.773239254635,301.64318207837));
#5057 = CARTESIAN_POINT('',(1.783072013289,301.97000556609));
#5058 = CARTESIAN_POINT('',(1.792559870935,302.3095742735));
#5059 = CARTESIAN_POINT('',(1.801704346794,302.6608108262));
#5060 = CARTESIAN_POINT('',(1.817556013653,303.31250314643));
#5061 = CARTESIAN_POINT('',(1.824386977358,303.60917934589));
#5062 = CARTESIAN_POINT('',(1.831002303416,303.91229180925));
#5063 = CARTESIAN_POINT('',(1.837403955594,304.22142050276));
#5064 = CARTESIAN_POINT('',(1.843593863223,304.53618300192));
#5065 = CARTESIAN_POINT('',(1.84957394439,304.85623455143));
#5066 = CARTESIAN_POINT('',(1.883169134872,306.74799049975));
#5067 = CARTESIAN_POINT('',(1.906238249907,308.43477347462));
#5068 = CARTESIAN_POINT('',(1.924643598561,310.20408615385));
#5069 = CARTESIAN_POINT('',(1.938447323982,312.03026110301));
#5070 = CARTESIAN_POINT('',(1.947683122268,313.89349811493));
#5071 = CARTESIAN_POINT('',(1.952357824978,315.77770859823));
#5072 = CARTESIAN_POINT('',(1.952494469007,319.56068432426));
#5073 = CARTESIAN_POINT('',(1.947937874839,321.44911886411));
#5074 = CARTESIAN_POINT('',(1.938801731496,323.31693540486));
#5075 = CARTESIAN_POINT('',(1.925079550522,325.14794228948));
#5076 = CARTESIAN_POINT('',(1.906738350302,326.92225714912));
#5077 = CARTESIAN_POINT('',(1.883716926905,328.61414918054));
#5078 = CARTESIAN_POINT('',(1.850087898421,330.51621040706));
#5079 = CARTESIAN_POINT('',(1.844036243418,330.84129294539));
#5080 = CARTESIAN_POINT('',(1.837768737121,331.16095205976));
#5081 = CARTESIAN_POINT('',(1.831283379321,331.47482934468));
#5082 = CARTESIAN_POINT('',(1.824578156964,331.78252656359));
#5083 = CARTESIAN_POINT('',(1.817651019332,332.08360571296));
#5084 = CARTESIAN_POINT('',(1.801814102414,332.73465900907));
#5085 = CARTESIAN_POINT('',(1.792796049439,333.08133501116));
#5086 = CARTESIAN_POINT('',(1.783443793084,333.41666384199));
#5087 = CARTESIAN_POINT('',(1.773755833405,333.73961336182));
#5088 = CARTESIAN_POINT('',(1.763731170602,334.04906556733));
#5089 = CARTESIAN_POINT('',(1.753369403878,334.34380961724));
#5090 = CARTESIAN_POINT('',(1.734488653951,334.83570150655));
#5091 = CARTESIAN_POINT('',(1.726108283919,335.03952967619));
#5092 = CARTESIAN_POINT('',(1.71753484106,335.2332954953));
#5093 = CARTESIAN_POINT('',(1.708773871445,335.41628887387));
#5094 = CARTESIAN_POINT('',(1.699831333506,335.58781216602));
#5095 = CARTESIAN_POINT('',(1.690713585176,335.74717883251));
#5096 = CARTESIAN_POINT('',(1.666572378124,336.12811879105));
#5097 = CARTESIAN_POINT('',(1.65126054632,336.33009132919));
#5098 = CARTESIAN_POINT('',(1.635573496091,336.49575941515));
#5099 = CARTESIAN_POINT('',(1.619596064141,336.62217989109));
#5100 = CARTESIAN_POINT('',(1.603415158932,336.70731024461));
#5101 = CARTESIAN_POINT('',(1.587118940819,336.75));
#5102 = CARTESIAN_POINT('',(1.570796326795,336.75));
#5103 = ( GEOMETRIC_REPRESENTATION_CONTEXT(2) 
PARAMETRIC_REPRESENTATION_CONTEXT() REPRESENTATION_CONTEXT('2D SPACE',''
  ) );
#5104 = PCURVE('',#5105,#5110);
#5105 = CYLINDRICAL_SURFACE('',#5106,19.05);
#5106 = AXIS2_PLACEMENT_3D('',#5107,#5108,#5109);
#5107 = CARTESIAN_POINT('',(375.,-440.,2.2085E+03));
#5108 = DIRECTION('',(0.,1.,0.));
#5109 = DIRECTION('',(0.,-0.,1.));
#5110 = DEFINITIONAL_REPRESENTATION('',(#5111),#5270);
#5111 = B_SPLINE_CURVE_WITH_KNOTS('',7,(#5112,#5113,#5114,#5115,#5116,
    #5117,#5118,#5119,#5120,#5121,#5122,#5123,#5124,#5125,#5126,#5127,
    #5128,#5129,#5130,#5131,#5132,#5133,#5134,#5135,#5136,#5137,#5138,
    #5139,#5140,#5141,#5142,#5143,#5144,#5145,#5146,#5147,#5148,#5149,
    #5150,#5151,#5152,#5153,#5154,#5155,#5156,#5157,#5158,#5159,#5160,
    #5161,#5162,#5163,#5164,#5165,#5166,#5167,#5168,#5169,#5170,#5171,
    #5172,#5173,#5174,#5175,#5176,#5177,#5178,#5179,#5180,#5181,#5182,
    #5183,#5184,#5185,#5186,#5187,#5188,#5189,#5190,#5191,#5192,#5193,
    #5194,#5195,#5196,#5197,#5198,#5199,#5200,#5201,#5202,#5203,#5204,
    #5205,#5206,#5207,#5208,#5209,#5210,#5211,#5212,#5213,#5214,#5215,
    #5216,#5217,#5218,#5219,#5220,#5221,#5222,#5223,#5224,#5225,#5226,
    #5227,#5228,#5229,#5230,#5231,#5232,#5233,#5234,#5235,#5236,#5237,
    #5238,#5239,#5240,#5241,#5242,#5243,#5244,#5245,#5246,#5247,#5248,
    #5249,#5250,#5251,#5252,#5253,#5254,#5255,#5256,#5257,#5258,#5259,
    #5260,#5261,#5262,#5263,#5264,#5265,#5266,#5267,#5268,#5269),
  .UNSPECIFIED.,.F.,.F.,(8,6,6,6,6,6,6,6,6,6,6,6,6,6,6,6,6,6,6,6,6,6,6,6
    ,6,6,8),(0.,3.903369236691E-02,6.450971515036E-02,9.662944359915E-02
    ,0.123479138012,0.14633078345,0.16586527761,0.182190157753,
    0.249488442379,0.319285093533,0.335603639513,0.354585607162,
    0.376798228363,0.4034439003,0.435807519132,0.460558936098,
    0.499622815628,0.53975393062,0.564074556781,0.596880432459,
    0.623148191503,0.74976368345,0.876628530626,0.903277731914,
    0.935645644903,0.960400344245,1.),.UNSPECIFIED.);
#5112 = CARTESIAN_POINT('',(0.,51.15));
#5113 = CARTESIAN_POINT('',(4.320485826104E-02,51.15));
#5114 = CARTESIAN_POINT('',(8.634266351303E-02,51.134549036883));
#5115 = CARTESIAN_POINT('',(0.12929726384,51.103733294373));
#5116 = CARTESIAN_POINT('',(0.171952584552,51.058141722518));
#5117 = CARTESIAN_POINT('',(0.214187020116,50.998854592799));
#5118 = CARTESIAN_POINT('',(0.255867524556,50.927386312576));
#5119 = CARTESIAN_POINT('',(0.323587023136,50.792191807501));
#5120 = CARTESIAN_POINT('',(0.350057647261,50.734344231885));
#5121 = CARTESIAN_POINT('',(0.37625453901,50.672452497181));
#5122 = CARTESIAN_POINT('',(0.402175785786,50.606941906696));
#5123 = CARTESIAN_POINT('',(0.427818241511,50.538245161119));
#5124 = CARTESIAN_POINT('',(0.453177472037,50.466797177768));
#5125 = CARTESIAN_POINT('',(0.5098558106,50.300025415582));
#5126 = CARTESIAN_POINT('',(0.541011432636,50.203313802171));
#5127 = CARTESIAN_POINT('',(0.571736008879,50.103660202785));
#5128 = CARTESIAN_POINT('',(0.602049427473,50.001785316546));
#5129 = CARTESIAN_POINT('',(0.631970312309,49.898363953569));
#5130 = CARTESIAN_POINT('',(0.66151631287,49.794023580026));
#5131 = CARTESIAN_POINT('',(0.715103450287,49.601837601067));
#5132 = CARTESIAN_POINT('',(0.739256502686,49.514079892099));
#5133 = CARTESIAN_POINT('',(0.763177402412,49.426393209408));
#5134 = CARTESIAN_POINT('',(0.78687925341,49.339078590606));
#5135 = CARTESIAN_POINT('',(0.81037474607,49.252415380617));
#5136 = CARTESIAN_POINT('',(0.833676490874,49.166661974469));
#5137 = CARTESIAN_POINT('',(0.876475405507,49.010049299923));
#5138 = CARTESIAN_POINT('',(0.89602243405,48.938873608287));
#5139 = CARTESIAN_POINT('',(0.915445736487,48.868678680454));
#5140 = CARTESIAN_POINT('',(0.934752338724,48.799604600284));
#5141 = CARTESIAN_POINT('',(0.953949105175,48.731782714924));
#5142 = CARTESIAN_POINT('',(0.973042850163,48.665336009496));
#5143 = CARTESIAN_POINT('',(1.008280351662,48.544852061904));
#5144 = CARTESIAN_POINT('',(1.024449863301,48.490414163798));
#5145 = CARTESIAN_POINT('',(1.04055272148,48.437139228148));
#5146 = CARTESIAN_POINT('',(1.056592615625,48.385096911772));
#5147 = CARTESIAN_POINT('',(1.072573187364,48.334353087632));
#5148 = CARTESIAN_POINT('',(1.088498030525,48.28496984483));
#5149 = CARTESIAN_POINT('',(1.117635395086,48.196921913373));
#5150 = CARTESIAN_POINT('',(1.130863497338,48.157829837612));
#5151 = CARTESIAN_POINT('',(1.144056938078,48.119763770449));
#5152 = CARTESIAN_POINT('',(1.157217590848,48.082756653471));
#5153 = CARTESIAN_POINT('',(1.170347262537,48.046839860727));
#5154 = CARTESIAN_POINT('',(1.183447693383,48.012043198733));
#5155 = CARTESIAN_POINT('',(1.250412609285,47.839681952357));
#5156 = CARTESIAN_POINT('',(1.303854028863,47.720439335195));
#5157 = CARTESIAN_POINT('',(1.356942820167,47.622717130772));
#5158 = CARTESIAN_POINT('',(1.409771515785,47.548053171443));
#5159 = CARTESIAN_POINT('',(1.462429630155,47.497479474478));
#5160 = CARTESIAN_POINT('',(1.515006113298,47.471528670422));
#5161 = CARTESIAN_POINT('',(1.622129675282,47.468904368178));
#5162 = CARTESIAN_POINT('',(1.676649200357,47.494096713776));
#5163 = CARTESIAN_POINT('',(1.731251945386,47.545811568287));
#5164 = CARTESIAN_POINT('',(1.786037151224,47.623473520204));
#5165 = CARTESIAN_POINT('',(1.841104674893,47.725929770435));
#5166 = CARTESIAN_POINT('',(1.896557930514,47.851442256256));
#5167 = CARTESIAN_POINT('',(1.965587754297,48.03187029357));
#5168 = CARTESIAN_POINT('',(1.978696906482,48.067196645879));
#5169 = CARTESIAN_POINT('',(1.991835978407,48.103630125456));
#5170 = CARTESIAN_POINT('',(2.005006729096,48.141140458052));
#5171 = CARTESIAN_POINT('',(2.018210984996,48.17969580192));
#5172 = CARTESIAN_POINT('',(2.031450639973,48.219262747807));
#5173 = CARTESIAN_POINT('',(2.060171670725,48.306967184707));
#5174 = CARTESIAN_POINT('',(2.075666034837,48.355448754044));
#5175 = CARTESIAN_POINT('',(2.091214032843,48.405196713649));
#5176 = CARTESIAN_POINT('',(2.106818993209,48.456153354099));
#5177 = CARTESIAN_POINT('',(2.122484287671,48.508257569878));
#5178 = CARTESIAN_POINT('',(2.138213331238,48.561444859376));
#5179 = CARTESIAN_POINT('',(2.172494290692,48.679074829179));
#5180 = CARTESIAN_POINT('',(2.191070920353,48.743891619792));
#5181 = CARTESIAN_POINT('',(2.209745688587,48.809991577661));
#5182 = CARTESIAN_POINT('',(2.228524907553,48.877260917271));
#5183 = CARTESIAN_POINT('',(2.247414984157,48.945578186648));
#5184 = CARTESIAN_POINT('',(2.266422420052,49.014814267368));
#5185 = CARTESIAN_POINT('',(2.308503322155,49.168824241004));
#5186 = CARTESIAN_POINT('',(2.331631258803,49.253941130353));
#5187 = CARTESIAN_POINT('',(2.354950193232,49.33994991115));
#5188 = CARTESIAN_POINT('',(2.378472454501,49.426597840113));
#5189 = CARTESIAN_POINT('',(2.402210450345,49.513611847606));
#5190 = CARTESIAN_POINT('',(2.426176988447,49.600697823111));
#5191 = CARTESIAN_POINT('',(2.479789179821,49.793017589734));
#5192 = CARTESIAN_POINT('',(2.509555963369,49.898157200643));
#5193 = CARTESIAN_POINT('',(2.539703244773,50.002367130527));
#5194 = CARTESIAN_POINT('',(2.57024903442,50.105005522032));
#5195 = CARTESIAN_POINT('',(2.601212356152,50.205381779723));
#5196 = CARTESIAN_POINT('',(2.632613546752,50.302758086445));
#5197 = CARTESIAN_POINT('',(2.688841580473,50.46792991251));
#5198 = CARTESIAN_POINT('',(2.713481111092,50.537306458893));
#5199 = CARTESIAN_POINT('',(2.73838798867,50.604084760417));
#5200 = CARTESIAN_POINT('',(2.763558243155,50.667866376049));
#5201 = CARTESIAN_POINT('',(2.788989046975,50.728254689539));
#5202 = CARTESIAN_POINT('',(2.814678668956,50.784859376826));
#5203 = CARTESIAN_POINT('',(2.881578432908,50.92006657164));
#5204 = CARTESIAN_POINT('',(2.923240636318,50.99259813811));
#5205 = CARTESIAN_POINT('',(2.965463693475,51.053038303643));
#5206 = CARTESIAN_POINT('',(3.008115941049,51.099853973768));
#5207 = CARTESIAN_POINT('',(3.051077265489,51.131939503542));
#5208 = CARTESIAN_POINT('',(3.094233282598,51.148675007122));
#5209 = CARTESIAN_POINT('',(3.181887608377,51.151238948951));
#5210 = CARTESIAN_POINT('',(3.226243358216,51.136206210222));
#5211 = CARTESIAN_POINT('',(3.270411142035,51.104904721251));
#5212 = CARTESIAN_POINT('',(3.314265369645,51.057959048047));
#5213 = CARTESIAN_POINT('',(3.357674387158,50.996543444638));
#5214 = CARTESIAN_POINT('',(3.400493707205,50.922316328405));
#5215 = CARTESIAN_POINT('',(3.468051599888,50.785779028156));
#5216 = CARTESIAN_POINT('',(3.493295283844,50.730238475297));
#5217 = CARTESIAN_POINT('',(3.518289206799,50.671039234296));
#5218 = CARTESIAN_POINT('',(3.543031662648,50.608551455203));
#5219 = CARTESIAN_POINT('',(3.567519920048,50.543151313852));
#5220 = CARTESIAN_POINT('',(3.591750179283,50.475216907023));
#5221 = CARTESIAN_POINT('',(3.648046873541,50.31057664966));
#5222 = CARTESIAN_POINT('',(3.679902757956,50.212087508287));
#5223 = CARTESIAN_POINT('',(3.711307985357,50.110475133408));
#5224 = CARTESIAN_POINT('',(3.742283646964,50.006510027972));
#5225 = CARTESIAN_POINT('',(3.772849443851,49.900913055117));
#5226 = CARTESIAN_POINT('',(3.803024008562,49.79435370534));
#5227 = CARTESIAN_POINT('',(3.856687147859,49.601848948999));
#5228 = CARTESIAN_POINT('',(3.880313896788,49.516012764542));
#5229 = CARTESIAN_POINT('',(3.903718420533,49.430242324788));
#5230 = CARTESIAN_POINT('',(3.926912989946,49.344819594956));
#5231 = CARTESIAN_POINT('',(3.949909499266,49.260006651228));
#5232 = CARTESIAN_POINT('',(3.972719765683,49.176046340993));
#5233 = CARTESIAN_POINT('',(4.104465870395,48.693649525018));
#5234 = CARTESIAN_POINT('',(4.209828377954,48.318059864584));
#5235 = CARTESIAN_POINT('',(4.312446891047,47.992876722348));
#5236 = CARTESIAN_POINT('',(4.413111067236,47.736441977269));
#5237 = CARTESIAN_POINT('',(4.51255273989,47.560565733907));
#5238 = CARTESIAN_POINT('',(4.611481148596,47.47151266951));
#5239 = CARTESIAN_POINT('',(4.810062843458,47.468909604583));
#5240 = CARTESIAN_POINT('',(4.909173543424,47.555712728127));
#5241 = CARTESIAN_POINT('',(5.008786554014,47.729816161355));
#5242 = CARTESIAN_POINT('',(5.109612559645,47.985021865563));
#5243 = CARTESIAN_POINT('',(5.212384764165,48.309533747695));
#5244 = CARTESIAN_POINT('',(5.317894142268,48.684984782463));
#5245 = CARTESIAN_POINT('',(5.450095983637,49.168824269888));
#5246 = CARTESIAN_POINT('',(5.473223926777,49.253941183324));
#5247 = CARTESIAN_POINT('',(5.496542865539,49.339949980227));
#5248 = CARTESIAN_POINT('',(5.520065128241,49.426597914258));
#5249 = CARTESIAN_POINT('',(5.543803121901,49.51361191311));
#5250 = CARTESIAN_POINT('',(5.567769653508,49.600697864261));
#5251 = CARTESIAN_POINT('',(5.621381826231,49.793017563979));
#5252 = CARTESIAN_POINT('',(5.651148605532,49.898157160388));
#5253 = CARTESIAN_POINT('',(5.681295886,50.002367088505));
#5254 = CARTESIAN_POINT('',(5.711841677657,50.105005488513));
#5255 = CARTESIAN_POINT('',(5.742805003303,50.205381760011));
#5256 = CARTESIAN_POINT('',(5.774206198079,50.302758079799));
#5257 = CARTESIAN_POINT('',(5.830434234063,50.46792991251));
#5258 = CARTESIAN_POINT('',(5.855073764681,50.537306458893));
#5259 = CARTESIAN_POINT('',(5.87998064226,50.604084760417));
#5260 = CARTESIAN_POINT('',(5.905150896745,50.667866376049));
#5261 = CARTESIAN_POINT('',(5.930581700565,50.728254689539));
#5262 = CARTESIAN_POINT('',(5.956271322546,50.784859376826));
#5263 = CARTESIAN_POINT('',(6.023727254539,50.921190610294));
#5264 = CARTESIAN_POINT('',(6.06596792007,50.994572152805));
#5265 = CARTESIAN_POINT('',(6.108784111535,51.055505612285));
#5266 = CARTESIAN_POINT('',(6.152037637527,51.102395275811));
#5267 = CARTESIAN_POINT('',(6.195602468828,51.134100953986));
#5268 = CARTESIAN_POINT('',(6.239358445904,51.15));
#5269 = CARTESIAN_POINT('',(6.28318530718,51.15));
#5270 = ( GEOMETRIC_REPRESENTATION_CONTEXT(2) 
PARAMETRIC_REPRESENTATION_CONTEXT() REPRESENTATION_CONTEXT('2D SPACE',''
  ) );
#5271 = ADVANCED_FACE('',(#5272),#5105,.T.);
#5272 = FACE_BOUND('',#5273,.T.);
#5273 = EDGE_LOOP('',(#5274,#5297,#5324,#5325));
#5274 = ORIENTED_EDGE('',*,*,#5275,.T.);
#5275 = EDGE_CURVE('',#4780,#5276,#5278,.T.);
#5276 = VERTEX_POINT('',#5277);
#5277 = CARTESIAN_POINT('',(375.,-190.,2.22755E+03));
#5278 = SEAM_CURVE('',#5279,(#5283,#5290),.PCURVE_S1.);
#5279 = LINE('',#5280,#5281);
#5280 = CARTESIAN_POINT('',(375.,-440.,2.22755E+03));
#5281 = VECTOR('',#5282,1.);
#5282 = DIRECTION('',(0.,1.,0.));
#5283 = PCURVE('',#5105,#5284);
#5284 = DEFINITIONAL_REPRESENTATION('',(#5285),#5289);
#5285 = LINE('',#5286,#5287);
#5286 = CARTESIAN_POINT('',(6.28318530718,-0.));
#5287 = VECTOR('',#5288,1.);
#5288 = DIRECTION('',(0.,1.));
#5289 = ( GEOMETRIC_REPRESENTATION_CONTEXT(2) 
PARAMETRIC_REPRESENTATION_CONTEXT() REPRESENTATION_CONTEXT('2D SPACE',''
  ) );
#5290 = PCURVE('',#5105,#5291);
#5291 = DEFINITIONAL_REPRESENTATION('',(#5292),#5296);
#5292 = LINE('',#5293,#5294);
#5293 = CARTESIAN_POINT('',(0.,-0.));
#5294 = VECTOR('',#5295,1.);
#5295 = DIRECTION('',(0.,1.));
#5296 = ( GEOMETRIC_REPRESENTATION_CONTEXT(2) 
PARAMETRIC_REPRESENTATION_CONTEXT() REPRESENTATION_CONTEXT('2D SPACE',''
  ) );
#5297 = ORIENTED_EDGE('',*,*,#5298,.F.);
#5298 = EDGE_CURVE('',#5276,#5276,#5299,.T.);
#5299 = SURFACE_CURVE('',#5300,(#5305,#5312),.PCURVE_S1.);
#5300 = CIRCLE('',#5301,19.05);
#5301 = AXIS2_PLACEMENT_3D('',#5302,#5303,#5304);
#5302 = CARTESIAN_POINT('',(375.,-190.,2.2085E+03));
#5303 = DIRECTION('',(0.,1.,0.));
#5304 = DIRECTION('',(0.,-0.,1.));
#5305 = PCURVE('',#5105,#5306);
#5306 = DEFINITIONAL_REPRESENTATION('',(#5307),#5311);
#5307 = LINE('',#5308,#5309);
#5308 = CARTESIAN_POINT('',(0.,250.));
#5309 = VECTOR('',#5310,1.);
#5310 = DIRECTION('',(1.,0.));
#5311 = ( GEOMETRIC_REPRESENTATION_CONTEXT(2) 
PARAMETRIC_REPRESENTATION_CONTEXT() REPRESENTATION_CONTEXT('2D SPACE',''
  ) );
#5312 = PCURVE('',#5313,#5318);
#5313 = PLANE('',#5314);
#5314 = AXIS2_PLACEMENT_3D('',#5315,#5316,#5317);
#5315 = CARTESIAN_POINT('',(375.,-190.,2.2085E+03));
#5316 = DIRECTION('',(0.,1.,0.));
#5317 = DIRECTION('',(0.,-0.,1.));
#5318 = DEFINITIONAL_REPRESENTATION('',(#5319),#5323);
#5319 = CIRCLE('',#5320,19.05);
#5320 = AXIS2_PLACEMENT_2D('',#5321,#5322);
#5321 = CARTESIAN_POINT('',(0.,0.));
#5322 = DIRECTION('',(1.,0.));
#5323 = ( GEOMETRIC_REPRESENTATION_CONTEXT(2) 
PARAMETRIC_REPRESENTATION_CONTEXT() REPRESENTATION_CONTEXT('2D SPACE',''
  ) );
#5324 = ORIENTED_EDGE('',*,*,#5275,.F.);
#5325 = ORIENTED_EDGE('',*,*,#4779,.T.);
#5326 = ADVANCED_FACE('',(#5327),#5313,.T.);
#5327 = FACE_BOUND('',#5328,.T.);
#5328 = EDGE_LOOP('',(#5329));
#5329 = ORIENTED_EDGE('',*,*,#5298,.T.);
#5330 = ADVANCED_FACE('',(#5331,#5334),#4717,.F.);
#5331 = FACE_BOUND('',#5332,.F.);
#5332 = EDGE_LOOP('',(#5333));
#5333 = ORIENTED_EDGE('',*,*,#4700,.T.);
#5334 = FACE_BOUND('',#5335,.F.);
#5335 = EDGE_LOOP('',(#5336));
#5336 = ORIENTED_EDGE('',*,*,#5337,.F.);
#5337 = EDGE_CURVE('',#5338,#5338,#5340,.T.);
#5338 = VERTEX_POINT('',#5339);
#5339 = CARTESIAN_POINT('',(401.25,-440.,1.8908E+03));
#5340 = SURFACE_CURVE('',#5341,(#5346,#5353),.PCURVE_S1.);
#5341 = CIRCLE('',#5342,26.25);
#5342 = AXIS2_PLACEMENT_3D('',#5343,#5344,#5345);
#5343 = CARTESIAN_POINT('',(375.,-440.,1.8908E+03));
#5344 = DIRECTION('',(0.,0.,1.));
#5345 = DIRECTION('',(1.,0.,-0.));
#5346 = PCURVE('',#4717,#5347);
#5347 = DEFINITIONAL_REPRESENTATION('',(#5348),#5352);
#5348 = CIRCLE('',#5349,26.25);
#5349 = AXIS2_PLACEMENT_2D('',#5350,#5351);
#5350 = CARTESIAN_POINT('',(0.,0.));
#5351 = DIRECTION('',(1.,0.));
#5352 = ( GEOMETRIC_REPRESENTATION_CONTEXT(2) 
PARAMETRIC_REPRESENTATION_CONTEXT() REPRESENTATION_CONTEXT('2D SPACE',''
  ) );
#5353 = PCURVE('',#5354,#5359);
#5354 = CONICAL_SURFACE('',#5355,51.15,0.777430204536);
#5355 = AXIS2_PLACEMENT_3D('',#5356,#5357,#5358);
#5356 = CARTESIAN_POINT('',(375.,-440.,1.8655E+03));
#5357 = DIRECTION('',(-0.,-0.,-1.));
#5358 = DIRECTION('',(1.,0.,-0.));
#5359 = DEFINITIONAL_REPRESENTATION('',(#5360),#5364);
#5360 = LINE('',#5361,#5362);
#5361 = CARTESIAN_POINT('',(-0.,-25.3));
#5362 = VECTOR('',#5363,1.);
#5363 = DIRECTION('',(-1.,-0.));
#5364 = ( GEOMETRIC_REPRESENTATION_CONTEXT(2) 
PARAMETRIC_REPRESENTATION_CONTEXT() REPRESENTATION_CONTEXT('2D SPACE',''
  ) );
#5365 = ADVANCED_FACE('',(#5366),#5354,.T.);
#5366 = FACE_BOUND('',#5367,.T.);
#5367 = EDGE_LOOP('',(#5368,#5369,#5392,#5419));
#5368 = ORIENTED_EDGE('',*,*,#5337,.F.);
#5369 = ORIENTED_EDGE('',*,*,#5370,.F.);
#5370 = EDGE_CURVE('',#5371,#5338,#5373,.T.);
#5371 = VERTEX_POINT('',#5372);
#5372 = CARTESIAN_POINT('',(426.15,-440.,1.8655E+03));
#5373 = SEAM_CURVE('',#5374,(#5378,#5385),.PCURVE_S1.);
#5374 = LINE('',#5375,#5376);
#5375 = CARTESIAN_POINT('',(426.15,-440.,1.8655E+03));
#5376 = VECTOR('',#5377,1.);
#5377 = DIRECTION('',(-0.701450196652,1.718057476182E-16,0.712718472903)
  );
#5378 = PCURVE('',#5354,#5379);
#5379 = DEFINITIONAL_REPRESENTATION('',(#5380),#5384);
#5380 = LINE('',#5381,#5382);
#5381 = CARTESIAN_POINT('',(-6.28318530718,0.));
#5382 = VECTOR('',#5383,1.);
#5383 = DIRECTION('',(-0.,-1.));
#5384 = ( GEOMETRIC_REPRESENTATION_CONTEXT(2) 
PARAMETRIC_REPRESENTATION_CONTEXT() REPRESENTATION_CONTEXT('2D SPACE',''
  ) );
#5385 = PCURVE('',#5354,#5386);
#5386 = DEFINITIONAL_REPRESENTATION('',(#5387),#5391);
#5387 = LINE('',#5388,#5389);
#5388 = CARTESIAN_POINT('',(0.,-0.));
#5389 = VECTOR('',#5390,1.);
#5390 = DIRECTION('',(-0.,-1.));
#5391 = ( GEOMETRIC_REPRESENTATION_CONTEXT(2) 
PARAMETRIC_REPRESENTATION_CONTEXT() REPRESENTATION_CONTEXT('2D SPACE',''
  ) );
#5392 = ORIENTED_EDGE('',*,*,#5393,.T.);
#5393 = EDGE_CURVE('',#5371,#5371,#5394,.T.);
#5394 = SURFACE_CURVE('',#5395,(#5400,#5407),.PCURVE_S1.);
#5395 = CIRCLE('',#5396,51.15);
#5396 = AXIS2_PLACEMENT_3D('',#5397,#5398,#5399);
#5397 = CARTESIAN_POINT('',(375.,-440.,1.8655E+03));
#5398 = DIRECTION('',(0.,0.,1.));
#5399 = DIRECTION('',(1.,0.,-0.));
#5400 = PCURVE('',#5354,#5401);
#5401 = DEFINITIONAL_REPRESENTATION('',(#5402),#5406);
#5402 = LINE('',#5403,#5404);
#5403 = CARTESIAN_POINT('',(-0.,-0.));
#5404 = VECTOR('',#5405,1.);
#5405 = DIRECTION('',(-1.,-0.));
#5406 = ( GEOMETRIC_REPRESENTATION_CONTEXT(2) 
PARAMETRIC_REPRESENTATION_CONTEXT() REPRESENTATION_CONTEXT('2D SPACE',''
  ) );
#5407 = PCURVE('',#5408,#5413);
#5408 = PLANE('',#5409);
#5409 = AXIS2_PLACEMENT_3D('',#5410,#5411,#5412);
#5410 = CARTESIAN_POINT('',(375.,-440.,1.8655E+03));
#5411 = DIRECTION('',(0.,0.,1.));
#5412 = DIRECTION('',(1.,0.,-0.));
#5413 = DEFINITIONAL_REPRESENTATION('',(#5414),#5418);
#5414 = CIRCLE('',#5415,51.15);
#5415 = AXIS2_PLACEMENT_2D('',#5416,#5417);
#5416 = CARTESIAN_POINT('',(0.,0.));
#5417 = DIRECTION('',(1.,0.));
#5418 = ( GEOMETRIC_REPRESENTATION_CONTEXT(2) 
PARAMETRIC_REPRESENTATION_CONTEXT() REPRESENTATION_CONTEXT('2D SPACE',''
  ) );
#5419 = ORIENTED_EDGE('',*,*,#5370,.T.);
#5420 = ADVANCED_FACE('',(#5421,#5424,#5455,#5486,#5517,#5548,#5579,
    #5610),#5408,.F.);
#5421 = FACE_BOUND('',#5422,.F.);
#5422 = EDGE_LOOP('',(#5423));
#5423 = ORIENTED_EDGE('',*,*,#5393,.T.);
#5424 = FACE_BOUND('',#5425,.F.);
#5425 = EDGE_LOOP('',(#5426));
#5426 = ORIENTED_EDGE('',*,*,#5427,.F.);
#5427 = EDGE_CURVE('',#5428,#5428,#5430,.T.);
#5428 = VERTEX_POINT('',#5429);
#5429 = CARTESIAN_POINT('',(372.75,-451.691342951,1.8655E+03));
#5430 = SURFACE_CURVE('',#5431,(#5436,#5443),.PCURVE_S1.);
#5431 = CIRCLE('',#5432,4.5);
#5432 = AXIS2_PLACEMENT_3D('',#5433,#5434,#5435);
#5433 = CARTESIAN_POINT('',(368.25,-451.691342951,1.8655E+03));
#5434 = DIRECTION('',(0.,0.,1.));
#5435 = DIRECTION('',(1.,0.,-0.));
#5436 = PCURVE('',#5408,#5437);
#5437 = DEFINITIONAL_REPRESENTATION('',(#5438),#5442);
#5438 = CIRCLE('',#5439,4.5);
#5439 = AXIS2_PLACEMENT_2D('',#5440,#5441);
#5440 = CARTESIAN_POINT('',(-6.75,-11.69134295109));
#5441 = DIRECTION('',(1.,0.));
#5442 = ( GEOMETRIC_REPRESENTATION_CONTEXT(2) 
PARAMETRIC_REPRESENTATION_CONTEXT() REPRESENTATION_CONTEXT('2D SPACE',''
  ) );
#5443 = PCURVE('',#5444,#5449);
#5444 = CYLINDRICAL_SURFACE('',#5445,4.5);
#5445 = AXIS2_PLACEMENT_3D('',#5446,#5447,#5448);
#5446 = CARTESIAN_POINT('',(368.25,-451.691342951,1.8408E+03));
#5447 = DIRECTION('',(0.,0.,1.));
#5448 = DIRECTION('',(1.,0.,-0.));
#5449 = DEFINITIONAL_REPRESENTATION('',(#5450),#5454);
#5450 = LINE('',#5451,#5452);
#5451 = CARTESIAN_POINT('',(0.,24.7));
#5452 = VECTOR('',#5453,1.);
#5453 = DIRECTION('',(1.,0.));
#5454 = ( GEOMETRIC_REPRESENTATION_CONTEXT(2) 
PARAMETRIC_REPRESENTATION_CONTEXT() REPRESENTATION_CONTEXT('2D SPACE',''
  ) );
#5455 = FACE_BOUND('',#5456,.F.);
#5456 = EDGE_LOOP('',(#5457));
#5457 = ORIENTED_EDGE('',*,*,#5458,.F.);
#5458 = EDGE_CURVE('',#5459,#5459,#5461,.T.);
#5459 = VERTEX_POINT('',#5460);
#5460 = CARTESIAN_POINT('',(366.,-440.,1.8655E+03));
#5461 = SURFACE_CURVE('',#5462,(#5467,#5474),.PCURVE_S1.);
#5462 = CIRCLE('',#5463,4.5);
#5463 = AXIS2_PLACEMENT_3D('',#5464,#5465,#5466);
#5464 = CARTESIAN_POINT('',(361.5,-440.,1.8655E+03));
#5465 = DIRECTION('',(0.,0.,1.));
#5466 = DIRECTION('',(1.,0.,-0.));
#5467 = PCURVE('',#5408,#5468);
#5468 = DEFINITIONAL_REPRESENTATION('',(#5469),#5473);
#5469 = CIRCLE('',#5470,4.5);
#5470 = AXIS2_PLACEMENT_2D('',#5471,#5472);
#5471 = CARTESIAN_POINT('',(-13.5,0.));
#5472 = DIRECTION('',(1.,0.));
#5473 = ( GEOMETRIC_REPRESENTATION_CONTEXT(2) 
PARAMETRIC_REPRESENTATION_CONTEXT() REPRESENTATION_CONTEXT('2D SPACE',''
  ) );
#5474 = PCURVE('',#5475,#5480);
#5475 = CYLINDRICAL_SURFACE('',#5476,4.5);
#5476 = AXIS2_PLACEMENT_3D('',#5477,#5478,#5479);
#5477 = CARTESIAN_POINT('',(361.5,-440.,1.8408E+03));
#5478 = DIRECTION('',(0.,0.,1.));
#5479 = DIRECTION('',(1.,0.,-0.));
#5480 = DEFINITIONAL_REPRESENTATION('',(#5481),#5485);
#5481 = LINE('',#5482,#5483);
#5482 = CARTESIAN_POINT('',(0.,24.7));
#5483 = VECTOR('',#5484,1.);
#5484 = DIRECTION('',(1.,0.));
#5485 = ( GEOMETRIC_REPRESENTATION_CONTEXT(2) 
PARAMETRIC_REPRESENTATION_CONTEXT() REPRESENTATION_CONTEXT('2D SPACE',''
  ) );
#5486 = FACE_BOUND('',#5487,.F.);
#5487 = EDGE_LOOP('',(#5488));
#5488 = ORIENTED_EDGE('',*,*,#5489,.F.);
#5489 = EDGE_CURVE('',#5490,#5490,#5492,.T.);
#5490 = VERTEX_POINT('',#5491);
#5491 = CARTESIAN_POINT('',(386.25,-451.691342951,1.8655E+03));
#5492 = SURFACE_CURVE('',#5493,(#5498,#5505),.PCURVE_S1.);
#5493 = CIRCLE('',#5494,4.5);
#5494 = AXIS2_PLACEMENT_3D('',#5495,#5496,#5497);
#5495 = CARTESIAN_POINT('',(381.75,-451.691342951,1.8655E+03));
#5496 = DIRECTION('',(0.,0.,1.));
#5497 = DIRECTION('',(1.,0.,-0.));
#5498 = PCURVE('',#5408,#5499);
#5499 = DEFINITIONAL_REPRESENTATION('',(#5500),#5504);
#5500 = CIRCLE('',#5501,4.5);
#5501 = AXIS2_PLACEMENT_2D('',#5502,#5503);
#5502 = CARTESIAN_POINT('',(6.75,-11.69134295109));
#5503 = DIRECTION('',(1.,0.));
#5504 = ( GEOMETRIC_REPRESENTATION_CONTEXT(2) 
PARAMETRIC_REPRESENTATION_CONTEXT() REPRESENTATION_CONTEXT('2D SPACE',''
  ) );
#5505 = PCURVE('',#5506,#5511);
#5506 = CYLINDRICAL_SURFACE('',#5507,4.5);
#5507 = AXIS2_PLACEMENT_3D('',#5508,#5509,#5510);
#5508 = CARTESIAN_POINT('',(381.75,-451.691342951,1.8408E+03));
#5509 = DIRECTION('',(0.,0.,1.));
#5510 = DIRECTION('',(1.,0.,-0.));
#5511 = DEFINITIONAL_REPRESENTATION('',(#5512),#5516);
#5512 = LINE('',#5513,#5514);
#5513 = CARTESIAN_POINT('',(0.,24.7));
#5514 = VECTOR('',#5515,1.);
#5515 = DIRECTION('',(1.,0.));
#5516 = ( GEOMETRIC_REPRESENTATION_CONTEXT(2) 
PARAMETRIC_REPRESENTATION_CONTEXT() REPRESENTATION_CONTEXT('2D SPACE',''
  ) );
#5517 = FACE_BOUND('',#5518,.F.);
#5518 = EDGE_LOOP('',(#5519));
#5519 = ORIENTED_EDGE('',*,*,#5520,.F.);
#5520 = EDGE_CURVE('',#5521,#5521,#5523,.T.);
#5521 = VERTEX_POINT('',#5522);
#5522 = CARTESIAN_POINT('',(379.5,-440.,1.8655E+03));
#5523 = SURFACE_CURVE('',#5524,(#5529,#5536),.PCURVE_S1.);
#5524 = CIRCLE('',#5525,4.5);
#5525 = AXIS2_PLACEMENT_3D('',#5526,#5527,#5528);
#5526 = CARTESIAN_POINT('',(375.,-440.,1.8655E+03));
#5527 = DIRECTION('',(0.,0.,1.));
#5528 = DIRECTION('',(1.,0.,-0.));
#5529 = PCURVE('',#5408,#5530);
#5530 = DEFINITIONAL_REPRESENTATION('',(#5531),#5535);
#5531 = CIRCLE('',#5532,4.5);
#5532 = AXIS2_PLACEMENT_2D('',#5533,#5534);
#5533 = CARTESIAN_POINT('',(0.,0.));
#5534 = DIRECTION('',(1.,0.));
#5535 = ( GEOMETRIC_REPRESENTATION_CONTEXT(2) 
PARAMETRIC_REPRESENTATION_CONTEXT() REPRESENTATION_CONTEXT('2D SPACE',''
  ) );
#5536 = PCURVE('',#5537,#5542);
#5537 = CYLINDRICAL_SURFACE('',#5538,4.5);
#5538 = AXIS2_PLACEMENT_3D('',#5539,#5540,#5541);
#5539 = CARTESIAN_POINT('',(375.,-440.,1.8408E+03));
#5540 = DIRECTION('',(0.,0.,1.));
#5541 = DIRECTION('',(1.,0.,-0.));
#5542 = DEFINITIONAL_REPRESENTATION('',(#5543),#5547);
#5543 = LINE('',#5544,#5545);
#5544 = CARTESIAN_POINT('',(0.,24.7));
#5545 = VECTOR('',#5546,1.);
#5546 = DIRECTION('',(1.,0.));
#5547 = ( GEOMETRIC_REPRESENTATION_CONTEXT(2) 
PARAMETRIC_REPRESENTATION_CONTEXT() REPRESENTATION_CONTEXT('2D SPACE',''
  ) );
#5548 = FACE_BOUND('',#5549,.F.);
#5549 = EDGE_LOOP('',(#5550));
#5550 = ORIENTED_EDGE('',*,*,#5551,.F.);
#5551 = EDGE_CURVE('',#5552,#5552,#5554,.T.);
#5552 = VERTEX_POINT('',#5553);
#5553 = CARTESIAN_POINT('',(393.,-440.,1.8655E+03));
#5554 = SURFACE_CURVE('',#5555,(#5560,#5567),.PCURVE_S1.);
#5555 = CIRCLE('',#5556,4.5);
#5556 = AXIS2_PLACEMENT_3D('',#5557,#5558,#5559);
#5557 = CARTESIAN_POINT('',(388.5,-440.,1.8655E+03));
#5558 = DIRECTION('',(0.,0.,1.));
#5559 = DIRECTION('',(1.,0.,-0.));
#5560 = PCURVE('',#5408,#5561);
#5561 = DEFINITIONAL_REPRESENTATION('',(#5562),#5566);
#5562 = CIRCLE('',#5563,4.5);
#5563 = AXIS2_PLACEMENT_2D('',#5564,#5565);
#5564 = CARTESIAN_POINT('',(13.5,0.));
#5565 = DIRECTION('',(1.,0.));
#5566 = ( GEOMETRIC_REPRESENTATION_CONTEXT(2) 
PARAMETRIC_REPRESENTATION_CONTEXT() REPRESENTATION_CONTEXT('2D SPACE',''
  ) );
#5567 = PCURVE('',#5568,#5573);
#5568 = CYLINDRICAL_SURFACE('',#5569,4.5);
#5569 = AXIS2_PLACEMENT_3D('',#5570,#5571,#5572);
#5570 = CARTESIAN_POINT('',(388.5,-440.,1.8408E+03));
#5571 = DIRECTION('',(0.,0.,1.));
#5572 = DIRECTION('',(1.,0.,-0.));
#5573 = DEFINITIONAL_REPRESENTATION('',(#5574),#5578);
#5574 = LINE('',#5575,#5576);
#5575 = CARTESIAN_POINT('',(0.,24.7));
#5576 = VECTOR('',#5577,1.);
#5577 = DIRECTION('',(1.,0.));
#5578 = ( GEOMETRIC_REPRESENTATION_CONTEXT(2) 
PARAMETRIC_REPRESENTATION_CONTEXT() REPRESENTATION_CONTEXT('2D SPACE',''
  ) );
#5579 = FACE_BOUND('',#5580,.F.);
#5580 = EDGE_LOOP('',(#5581));
#5581 = ORIENTED_EDGE('',*,*,#5582,.F.);
#5582 = EDGE_CURVE('',#5583,#5583,#5585,.T.);
#5583 = VERTEX_POINT('',#5584);
#5584 = CARTESIAN_POINT('',(372.75,-428.3086570489,1.8655E+03));
#5585 = SURFACE_CURVE('',#5586,(#5591,#5598),.PCURVE_S1.);
#5586 = CIRCLE('',#5587,4.5);
#5587 = AXIS2_PLACEMENT_3D('',#5588,#5589,#5590);
#5588 = CARTESIAN_POINT('',(368.25,-428.3086570489,1.8655E+03));
#5589 = DIRECTION('',(0.,0.,1.));
#5590 = DIRECTION('',(1.,0.,-0.));
#5591 = PCURVE('',#5408,#5592);
#5592 = DEFINITIONAL_REPRESENTATION('',(#5593),#5597);
#5593 = CIRCLE('',#5594,4.5);
#5594 = AXIS2_PLACEMENT_2D('',#5595,#5596);
#5595 = CARTESIAN_POINT('',(-6.75,11.69134295109));
#5596 = DIRECTION('',(1.,0.));
#5597 = ( GEOMETRIC_REPRESENTATION_CONTEXT(2) 
PARAMETRIC_REPRESENTATION_CONTEXT() REPRESENTATION_CONTEXT('2D SPACE',''
  ) );
#5598 = PCURVE('',#5599,#5604);
#5599 = CYLINDRICAL_SURFACE('',#5600,4.5);
#5600 = AXIS2_PLACEMENT_3D('',#5601,#5602,#5603);
#5601 = CARTESIAN_POINT('',(368.25,-428.3086570489,1.8408E+03));
#5602 = DIRECTION('',(0.,0.,1.));
#5603 = DIRECTION('',(1.,0.,-0.));
#5604 = DEFINITIONAL_REPRESENTATION('',(#5605),#5609);
#5605 = LINE('',#5606,#5607);
#5606 = CARTESIAN_POINT('',(0.,24.7));
#5607 = VECTOR('',#5608,1.);
#5608 = DIRECTION('',(1.,0.));
#5609 = ( GEOMETRIC_REPRESENTATION_CONTEXT(2) 
PARAMETRIC_REPRESENTATION_CONTEXT() REPRESENTATION_CONTEXT('2D SPACE',''
  ) );
#5610 = FACE_BOUND('',#5611,.F.);
#5611 = EDGE_LOOP('',(#5612));
#5612 = ORIENTED_EDGE('',*,*,#5613,.F.);
#5613 = EDGE_CURVE('',#5614,#5614,#5616,.T.);
#5614 = VERTEX_POINT('',#5615);
#5615 = CARTESIAN_POINT('',(386.25,-428.3086570489,1.8655E+03));
#5616 = SURFACE_CURVE('',#5617,(#5622,#5629),.PCURVE_S1.);
#5617 = CIRCLE('',#5618,4.5);
#5618 = AXIS2_PLACEMENT_3D('',#5619,#5620,#5621);
#5619 = CARTESIAN_POINT('',(381.75,-428.3086570489,1.8655E+03));
#5620 = DIRECTION('',(0.,0.,1.));
#5621 = DIRECTION('',(1.,0.,-0.));
#5622 = PCURVE('',#5408,#5623);
#5623 = DEFINITIONAL_REPRESENTATION('',(#5624),#5628);
#5624 = CIRCLE('',#5625,4.5);
#5625 = AXIS2_PLACEMENT_2D('',#5626,#5627);
#5626 = CARTESIAN_POINT('',(6.75,11.69134295109));
#5627 = DIRECTION('',(1.,0.));
#5628 = ( GEOMETRIC_REPRESENTATION_CONTEXT(2) 
PARAMETRIC_REPRESENTATION_CONTEXT() REPRESENTATION_CONTEXT('2D SPACE',''
  ) );
#5629 = PCURVE('',#5630,#5635);
#5630 = CYLINDRICAL_SURFACE('',#5631,4.5);
#5631 = AXIS2_PLACEMENT_3D('',#5632,#5633,#5634);
#5632 = CARTESIAN_POINT('',(381.75,-428.3086570489,1.8408E+03));
#5633 = DIRECTION('',(0.,0.,1.));
#5634 = DIRECTION('',(1.,0.,-0.));
#5635 = DEFINITIONAL_REPRESENTATION('',(#5636),#5640);
#5636 = LINE('',#5637,#5638);
#5637 = CARTESIAN_POINT('',(0.,24.7));
#5638 = VECTOR('',#5639,1.);
#5639 = DIRECTION('',(1.,0.));
#5640 = ( GEOMETRIC_REPRESENTATION_CONTEXT(2) 
PARAMETRIC_REPRESENTATION_CONTEXT() REPRESENTATION_CONTEXT('2D SPACE',''
  ) );
#5641 = ADVANCED_FACE('',(#5642),#5630,.T.);
#5642 = FACE_BOUND('',#5643,.T.);
#5643 = EDGE_LOOP('',(#5644,#5645,#5668,#5695));
#5644 = ORIENTED_EDGE('',*,*,#5613,.F.);
#5645 = ORIENTED_EDGE('',*,*,#5646,.F.);
#5646 = EDGE_CURVE('',#5647,#5614,#5649,.T.);
#5647 = VERTEX_POINT('',#5648);
#5648 = CARTESIAN_POINT('',(386.25,-428.3086570489,1.8408E+03));
#5649 = SEAM_CURVE('',#5650,(#5654,#5661),.PCURVE_S1.);
#5650 = LINE('',#5651,#5652);
#5651 = CARTESIAN_POINT('',(386.25,-428.3086570489,1.8408E+03));
#5652 = VECTOR('',#5653,1.);
#5653 = DIRECTION('',(0.,0.,1.));
#5654 = PCURVE('',#5630,#5655);
#5655 = DEFINITIONAL_REPRESENTATION('',(#5656),#5660);
#5656 = LINE('',#5657,#5658);
#5657 = CARTESIAN_POINT('',(6.28318530718,-0.));
#5658 = VECTOR('',#5659,1.);
#5659 = DIRECTION('',(0.,1.));
#5660 = ( GEOMETRIC_REPRESENTATION_CONTEXT(2) 
PARAMETRIC_REPRESENTATION_CONTEXT() REPRESENTATION_CONTEXT('2D SPACE',''
  ) );
#5661 = PCURVE('',#5630,#5662);
#5662 = DEFINITIONAL_REPRESENTATION('',(#5663),#5667);
#5663 = LINE('',#5664,#5665);
#5664 = CARTESIAN_POINT('',(0.,-0.));
#5665 = VECTOR('',#5666,1.);
#5666 = DIRECTION('',(0.,1.));
#5667 = ( GEOMETRIC_REPRESENTATION_CONTEXT(2) 
PARAMETRIC_REPRESENTATION_CONTEXT() REPRESENTATION_CONTEXT('2D SPACE',''
  ) );
#5668 = ORIENTED_EDGE('',*,*,#5669,.T.);
#5669 = EDGE_CURVE('',#5647,#5647,#5670,.T.);
#5670 = SURFACE_CURVE('',#5671,(#5676,#5683),.PCURVE_S1.);
#5671 = CIRCLE('',#5672,4.5);
#5672 = AXIS2_PLACEMENT_3D('',#5673,#5674,#5675);
#5673 = CARTESIAN_POINT('',(381.75,-428.3086570489,1.8408E+03));
#5674 = DIRECTION('',(0.,0.,1.));
#5675 = DIRECTION('',(1.,0.,-0.));
#5676 = PCURVE('',#5630,#5677);
#5677 = DEFINITIONAL_REPRESENTATION('',(#5678),#5682);
#5678 = LINE('',#5679,#5680);
#5679 = CARTESIAN_POINT('',(0.,0.));
#5680 = VECTOR('',#5681,1.);
#5681 = DIRECTION('',(1.,0.));
#5682 = ( GEOMETRIC_REPRESENTATION_CONTEXT(2) 
PARAMETRIC_REPRESENTATION_CONTEXT() REPRESENTATION_CONTEXT('2D SPACE',''
  ) );
#5683 = PCURVE('',#5684,#5689);
#5684 = PLANE('',#5685);
#5685 = AXIS2_PLACEMENT_3D('',#5686,#5687,#5688);
#5686 = CARTESIAN_POINT('',(375.,-440.,1.8408E+03));
#5687 = DIRECTION('',(0.,0.,1.));
#5688 = DIRECTION('',(1.,0.,-0.));
#5689 = DEFINITIONAL_REPRESENTATION('',(#5690),#5694);
#5690 = CIRCLE('',#5691,4.5);
#5691 = AXIS2_PLACEMENT_2D('',#5692,#5693);
#5692 = CARTESIAN_POINT('',(6.75,11.69134295109));
#5693 = DIRECTION('',(1.,0.));
#5694 = ( GEOMETRIC_REPRESENTATION_CONTEXT(2) 
PARAMETRIC_REPRESENTATION_CONTEXT() REPRESENTATION_CONTEXT('2D SPACE',''
  ) );
#5695 = ORIENTED_EDGE('',*,*,#5646,.T.);
#5696 = ADVANCED_FACE('',(#5697,#5728,#5754,#5780,#5806,#5832,#5858,
    #5884),#5684,.T.);
#5697 = FACE_BOUND('',#5698,.T.);
#5698 = EDGE_LOOP('',(#5699));
#5699 = ORIENTED_EDGE('',*,*,#5700,.T.);
#5700 = EDGE_CURVE('',#5701,#5701,#5703,.T.);
#5701 = VERTEX_POINT('',#5702);
#5702 = CARTESIAN_POINT('',(406.35,-440.,1.8408E+03));
#5703 = SURFACE_CURVE('',#5704,(#5709,#5716),.PCURVE_S1.);
#5704 = CIRCLE('',#5705,31.35);
#5705 = AXIS2_PLACEMENT_3D('',#5706,#5707,#5708);
#5706 = CARTESIAN_POINT('',(375.,-440.,1.8408E+03));
#5707 = DIRECTION('',(0.,0.,1.));
#5708 = DIRECTION('',(1.,0.,-0.));
#5709 = PCURVE('',#5684,#5710);
#5710 = DEFINITIONAL_REPRESENTATION('',(#5711),#5715);
#5711 = CIRCLE('',#5712,31.35);
#5712 = AXIS2_PLACEMENT_2D('',#5713,#5714);
#5713 = CARTESIAN_POINT('',(0.,0.));
#5714 = DIRECTION('',(1.,0.));
#5715 = ( GEOMETRIC_REPRESENTATION_CONTEXT(2) 
PARAMETRIC_REPRESENTATION_CONTEXT() REPRESENTATION_CONTEXT('2D SPACE',''
  ) );
#5716 = PCURVE('',#5717,#5722);
#5717 = CYLINDRICAL_SURFACE('',#5718,31.35);
#5718 = AXIS2_PLACEMENT_3D('',#5719,#5720,#5721);
#5719 = CARTESIAN_POINT('',(375.,-440.,-5.2465E+03));
#5720 = DIRECTION('',(0.,0.,1.));
#5721 = DIRECTION('',(1.,0.,-0.));
#5722 = DEFINITIONAL_REPRESENTATION('',(#5723),#5727);
#5723 = LINE('',#5724,#5725);
#5724 = CARTESIAN_POINT('',(0.,7.0873E+03));
#5725 = VECTOR('',#5726,1.);
#5726 = DIRECTION('',(1.,0.));
#5727 = ( GEOMETRIC_REPRESENTATION_CONTEXT(2) 
PARAMETRIC_REPRESENTATION_CONTEXT() REPRESENTATION_CONTEXT('2D SPACE',''
  ) );
#5728 = FACE_BOUND('',#5729,.T.);
#5729 = EDGE_LOOP('',(#5730));
#5730 = ORIENTED_EDGE('',*,*,#5731,.F.);
#5731 = EDGE_CURVE('',#5732,#5732,#5734,.T.);
#5732 = VERTEX_POINT('',#5733);
#5733 = CARTESIAN_POINT('',(372.75,-451.691342951,1.8408E+03));
#5734 = SURFACE_CURVE('',#5735,(#5740,#5747),.PCURVE_S1.);
#5735 = CIRCLE('',#5736,4.5);
#5736 = AXIS2_PLACEMENT_3D('',#5737,#5738,#5739);
#5737 = CARTESIAN_POINT('',(368.25,-451.691342951,1.8408E+03));
#5738 = DIRECTION('',(0.,0.,1.));
#5739 = DIRECTION('',(1.,0.,-0.));
#5740 = PCURVE('',#5684,#5741);
#5741 = DEFINITIONAL_REPRESENTATION('',(#5742),#5746);
#5742 = CIRCLE('',#5743,4.5);
#5743 = AXIS2_PLACEMENT_2D('',#5744,#5745);
#5744 = CARTESIAN_POINT('',(-6.75,-11.69134295109));
#5745 = DIRECTION('',(1.,0.));
#5746 = ( GEOMETRIC_REPRESENTATION_CONTEXT(2) 
PARAMETRIC_REPRESENTATION_CONTEXT() REPRESENTATION_CONTEXT('2D SPACE',''
  ) );
#5747 = PCURVE('',#5444,#5748);
#5748 = DEFINITIONAL_REPRESENTATION('',(#5749),#5753);
#5749 = LINE('',#5750,#5751);
#5750 = CARTESIAN_POINT('',(0.,0.));
#5751 = VECTOR('',#5752,1.);
#5752 = DIRECTION('',(1.,0.));
#5753 = ( GEOMETRIC_REPRESENTATION_CONTEXT(2) 
PARAMETRIC_REPRESENTATION_CONTEXT() REPRESENTATION_CONTEXT('2D SPACE',''
  ) );
#5754 = FACE_BOUND('',#5755,.T.);
#5755 = EDGE_LOOP('',(#5756));
#5756 = ORIENTED_EDGE('',*,*,#5757,.F.);
#5757 = EDGE_CURVE('',#5758,#5758,#5760,.T.);
#5758 = VERTEX_POINT('',#5759);
#5759 = CARTESIAN_POINT('',(366.,-440.,1.8408E+03));
#5760 = SURFACE_CURVE('',#5761,(#5766,#5773),.PCURVE_S1.);
#5761 = CIRCLE('',#5762,4.5);
#5762 = AXIS2_PLACEMENT_3D('',#5763,#5764,#5765);
#5763 = CARTESIAN_POINT('',(361.5,-440.,1.8408E+03));
#5764 = DIRECTION('',(0.,0.,1.));
#5765 = DIRECTION('',(1.,0.,-0.));
#5766 = PCURVE('',#5684,#5767);
#5767 = DEFINITIONAL_REPRESENTATION('',(#5768),#5772);
#5768 = CIRCLE('',#5769,4.5);
#5769 = AXIS2_PLACEMENT_2D('',#5770,#5771);
#5770 = CARTESIAN_POINT('',(-13.5,0.));
#5771 = DIRECTION('',(1.,0.));
#5772 = ( GEOMETRIC_REPRESENTATION_CONTEXT(2) 
PARAMETRIC_REPRESENTATION_CONTEXT() REPRESENTATION_CONTEXT('2D SPACE',''
  ) );
#5773 = PCURVE('',#5475,#5774);
#5774 = DEFINITIONAL_REPRESENTATION('',(#5775),#5779);
#5775 = LINE('',#5776,#5777);
#5776 = CARTESIAN_POINT('',(0.,0.));
#5777 = VECTOR('',#5778,1.);
#5778 = DIRECTION('',(1.,0.));
#5779 = ( GEOMETRIC_REPRESENTATION_CONTEXT(2) 
PARAMETRIC_REPRESENTATION_CONTEXT() REPRESENTATION_CONTEXT('2D SPACE',''
  ) );
#5780 = FACE_BOUND('',#5781,.T.);
#5781 = EDGE_LOOP('',(#5782));
#5782 = ORIENTED_EDGE('',*,*,#5783,.F.);
#5783 = EDGE_CURVE('',#5784,#5784,#5786,.T.);
#5784 = VERTEX_POINT('',#5785);
#5785 = CARTESIAN_POINT('',(386.25,-451.691342951,1.8408E+03));
#5786 = SURFACE_CURVE('',#5787,(#5792,#5799),.PCURVE_S1.);
#5787 = CIRCLE('',#5788,4.5);
#5788 = AXIS2_PLACEMENT_3D('',#5789,#5790,#5791);
#5789 = CARTESIAN_POINT('',(381.75,-451.691342951,1.8408E+03));
#5790 = DIRECTION('',(0.,0.,1.));
#5791 = DIRECTION('',(1.,0.,-0.));
#5792 = PCURVE('',#5684,#5793);
#5793 = DEFINITIONAL_REPRESENTATION('',(#5794),#5798);
#5794 = CIRCLE('',#5795,4.5);
#5795 = AXIS2_PLACEMENT_2D('',#5796,#5797);
#5796 = CARTESIAN_POINT('',(6.75,-11.69134295109));
#5797 = DIRECTION('',(1.,0.));
#5798 = ( GEOMETRIC_REPRESENTATION_CONTEXT(2) 
PARAMETRIC_REPRESENTATION_CONTEXT() REPRESENTATION_CONTEXT('2D SPACE',''
  ) );
#5799 = PCURVE('',#5506,#5800);
#5800 = DEFINITIONAL_REPRESENTATION('',(#5801),#5805);
#5801 = LINE('',#5802,#5803);
#5802 = CARTESIAN_POINT('',(0.,0.));
#5803 = VECTOR('',#5804,1.);
#5804 = DIRECTION('',(1.,0.));
#5805 = ( GEOMETRIC_REPRESENTATION_CONTEXT(2) 
PARAMETRIC_REPRESENTATION_CONTEXT() REPRESENTATION_CONTEXT('2D SPACE',''
  ) );
#5806 = FACE_BOUND('',#5807,.T.);
#5807 = EDGE_LOOP('',(#5808));
#5808 = ORIENTED_EDGE('',*,*,#5809,.F.);
#5809 = EDGE_CURVE('',#5810,#5810,#5812,.T.);
#5810 = VERTEX_POINT('',#5811);
#5811 = CARTESIAN_POINT('',(379.5,-440.,1.8408E+03));
#5812 = SURFACE_CURVE('',#5813,(#5818,#5825),.PCURVE_S1.);
#5813 = CIRCLE('',#5814,4.5);
#5814 = AXIS2_PLACEMENT_3D('',#5815,#5816,#5817);
#5815 = CARTESIAN_POINT('',(375.,-440.,1.8408E+03));
#5816 = DIRECTION('',(0.,0.,1.));
#5817 = DIRECTION('',(1.,0.,-0.));
#5818 = PCURVE('',#5684,#5819);
#5819 = DEFINITIONAL_REPRESENTATION('',(#5820),#5824);
#5820 = CIRCLE('',#5821,4.5);
#5821 = AXIS2_PLACEMENT_2D('',#5822,#5823);
#5822 = CARTESIAN_POINT('',(0.,0.));
#5823 = DIRECTION('',(1.,0.));
#5824 = ( GEOMETRIC_REPRESENTATION_CONTEXT(2) 
PARAMETRIC_REPRESENTATION_CONTEXT() REPRESENTATION_CONTEXT('2D SPACE',''
  ) );
#5825 = PCURVE('',#5537,#5826);
#5826 = DEFINITIONAL_REPRESENTATION('',(#5827),#5831);
#5827 = LINE('',#5828,#5829);
#5828 = CARTESIAN_POINT('',(0.,0.));
#5829 = VECTOR('',#5830,1.);
#5830 = DIRECTION('',(1.,0.));
#5831 = ( GEOMETRIC_REPRESENTATION_CONTEXT(2) 
PARAMETRIC_REPRESENTATION_CONTEXT() REPRESENTATION_CONTEXT('2D SPACE',''
  ) );
#5832 = FACE_BOUND('',#5833,.T.);
#5833 = EDGE_LOOP('',(#5834));
#5834 = ORIENTED_EDGE('',*,*,#5835,.F.);
#5835 = EDGE_CURVE('',#5836,#5836,#5838,.T.);
#5836 = VERTEX_POINT('',#5837);
#5837 = CARTESIAN_POINT('',(393.,-440.,1.8408E+03));
#5838 = SURFACE_CURVE('',#5839,(#5844,#5851),.PCURVE_S1.);
#5839 = CIRCLE('',#5840,4.5);
#5840 = AXIS2_PLACEMENT_3D('',#5841,#5842,#5843);
#5841 = CARTESIAN_POINT('',(388.5,-440.,1.8408E+03));
#5842 = DIRECTION('',(0.,0.,1.));
#5843 = DIRECTION('',(1.,0.,-0.));
#5844 = PCURVE('',#5684,#5845);
#5845 = DEFINITIONAL_REPRESENTATION('',(#5846),#5850);
#5846 = CIRCLE('',#5847,4.5);
#5847 = AXIS2_PLACEMENT_2D('',#5848,#5849);
#5848 = CARTESIAN_POINT('',(13.5,0.));
#5849 = DIRECTION('',(1.,0.));
#5850 = ( GEOMETRIC_REPRESENTATION_CONTEXT(2) 
PARAMETRIC_REPRESENTATION_CONTEXT() REPRESENTATION_CONTEXT('2D SPACE',''
  ) );
#5851 = PCURVE('',#5568,#5852);
#5852 = DEFINITIONAL_REPRESENTATION('',(#5853),#5857);
#5853 = LINE('',#5854,#5855);
#5854 = CARTESIAN_POINT('',(0.,0.));
#5855 = VECTOR('',#5856,1.);
#5856 = DIRECTION('',(1.,0.));
#5857 = ( GEOMETRIC_REPRESENTATION_CONTEXT(2) 
PARAMETRIC_REPRESENTATION_CONTEXT() REPRESENTATION_CONTEXT('2D SPACE',''
  ) );
#5858 = FACE_BOUND('',#5859,.T.);
#5859 = EDGE_LOOP('',(#5860));
#5860 = ORIENTED_EDGE('',*,*,#5861,.F.);
#5861 = EDGE_CURVE('',#5862,#5862,#5864,.T.);
#5862 = VERTEX_POINT('',#5863);
#5863 = CARTESIAN_POINT('',(372.75,-428.3086570489,1.8408E+03));
#5864 = SURFACE_CURVE('',#5865,(#5870,#5877),.PCURVE_S1.);
#5865 = CIRCLE('',#5866,4.5);
#5866 = AXIS2_PLACEMENT_3D('',#5867,#5868,#5869);
#5867 = CARTESIAN_POINT('',(368.25,-428.3086570489,1.8408E+03));
#5868 = DIRECTION('',(0.,0.,1.));
#5869 = DIRECTION('',(1.,0.,-0.));
#5870 = PCURVE('',#5684,#5871);
#5871 = DEFINITIONAL_REPRESENTATION('',(#5872),#5876);
#5872 = CIRCLE('',#5873,4.5);
#5873 = AXIS2_PLACEMENT_2D('',#5874,#5875);
#5874 = CARTESIAN_POINT('',(-6.75,11.69134295109));
#5875 = DIRECTION('',(1.,0.));
#5876 = ( GEOMETRIC_REPRESENTATION_CONTEXT(2) 
PARAMETRIC_REPRESENTATION_CONTEXT() REPRESENTATION_CONTEXT('2D SPACE',''
  ) );
#5877 = PCURVE('',#5599,#5878);
#5878 = DEFINITIONAL_REPRESENTATION('',(#5879),#5883);
#5879 = LINE('',#5880,#5881);
#5880 = CARTESIAN_POINT('',(0.,0.));
#5881 = VECTOR('',#5882,1.);
#5882 = DIRECTION('',(1.,0.));
#5883 = ( GEOMETRIC_REPRESENTATION_CONTEXT(2) 
PARAMETRIC_REPRESENTATION_CONTEXT() REPRESENTATION_CONTEXT('2D SPACE',''
  ) );
#5884 = FACE_BOUND('',#5885,.T.);
#5885 = EDGE_LOOP('',(#5886));
#5886 = ORIENTED_EDGE('',*,*,#5669,.F.);
#5887 = ADVANCED_FACE('',(#5888),#5717,.T.);
#5888 = FACE_BOUND('',#5889,.T.);
#5889 = EDGE_LOOP('',(#5890,#5891,#5914,#5941));
#5890 = ORIENTED_EDGE('',*,*,#5700,.F.);
#5891 = ORIENTED_EDGE('',*,*,#5892,.F.);
#5892 = EDGE_CURVE('',#5893,#5701,#5895,.T.);
#5893 = VERTEX_POINT('',#5894);
#5894 = CARTESIAN_POINT('',(406.35,-440.,-5.2465E+03));
#5895 = SEAM_CURVE('',#5896,(#5900,#5907),.PCURVE_S1.);
#5896 = LINE('',#5897,#5898);
#5897 = CARTESIAN_POINT('',(406.35,-440.,-5.2465E+03));
#5898 = VECTOR('',#5899,1.);
#5899 = DIRECTION('',(0.,0.,1.));
#5900 = PCURVE('',#5717,#5901);
#5901 = DEFINITIONAL_REPRESENTATION('',(#5902),#5906);
#5902 = LINE('',#5903,#5904);
#5903 = CARTESIAN_POINT('',(6.28318530718,-0.));
#5904 = VECTOR('',#5905,1.);
#5905 = DIRECTION('',(0.,1.));
#5906 = ( GEOMETRIC_REPRESENTATION_CONTEXT(2) 
PARAMETRIC_REPRESENTATION_CONTEXT() REPRESENTATION_CONTEXT('2D SPACE',''
  ) );
#5907 = PCURVE('',#5717,#5908);
#5908 = DEFINITIONAL_REPRESENTATION('',(#5909),#5913);
#5909 = LINE('',#5910,#5911);
#5910 = CARTESIAN_POINT('',(0.,-0.));
#5911 = VECTOR('',#5912,1.);
#5912 = DIRECTION('',(0.,1.));
#5913 = ( GEOMETRIC_REPRESENTATION_CONTEXT(2) 
PARAMETRIC_REPRESENTATION_CONTEXT() REPRESENTATION_CONTEXT('2D SPACE',''
  ) );
#5914 = ORIENTED_EDGE('',*,*,#5915,.T.);
#5915 = EDGE_CURVE('',#5893,#5893,#5916,.T.);
#5916 = SURFACE_CURVE('',#5917,(#5922,#5929),.PCURVE_S1.);
#5917 = CIRCLE('',#5918,31.35);
#5918 = AXIS2_PLACEMENT_3D('',#5919,#5920,#5921);
#5919 = CARTESIAN_POINT('',(375.,-440.,-5.2465E+03));
#5920 = DIRECTION('',(0.,0.,1.));
#5921 = DIRECTION('',(1.,0.,-0.));
#5922 = PCURVE('',#5717,#5923);
#5923 = DEFINITIONAL_REPRESENTATION('',(#5924),#5928);
#5924 = LINE('',#5925,#5926);
#5925 = CARTESIAN_POINT('',(0.,0.));
#5926 = VECTOR('',#5927,1.);
#5927 = DIRECTION('',(1.,0.));
#5928 = ( GEOMETRIC_REPRESENTATION_CONTEXT(2) 
PARAMETRIC_REPRESENTATION_CONTEXT() REPRESENTATION_CONTEXT('2D SPACE',''
  ) );
#5929 = PCURVE('',#5930,#5935);
#5930 = PLANE('',#5931);
#5931 = AXIS2_PLACEMENT_3D('',#5932,#5933,#5934);
#5932 = CARTESIAN_POINT('',(375.,-440.,-5.2465E+03));
#5933 = DIRECTION('',(0.,0.,1.));
#5934 = DIRECTION('',(1.,0.,-0.));
#5935 = DEFINITIONAL_REPRESENTATION('',(#5936),#5940);
#5936 = CIRCLE('',#5937,31.35);
#5937 = AXIS2_PLACEMENT_2D('',#5938,#5939);
#5938 = CARTESIAN_POINT('',(0.,0.));
#5939 = DIRECTION('',(1.,0.));
#5940 = ( GEOMETRIC_REPRESENTATION_CONTEXT(2) 
PARAMETRIC_REPRESENTATION_CONTEXT() REPRESENTATION_CONTEXT('2D SPACE',''
  ) );
#5941 = ORIENTED_EDGE('',*,*,#5892,.T.);
#5942 = ADVANCED_FACE('',(#5943,#5969),#5930,.T.);
#5943 = FACE_BOUND('',#5944,.T.);
#5944 = EDGE_LOOP('',(#5945));
#5945 = ORIENTED_EDGE('',*,*,#5946,.T.);
#5946 = EDGE_CURVE('',#5947,#5947,#5949,.T.);
#5947 = VERTEX_POINT('',#5948);
#5948 = CARTESIAN_POINT('',(411.5,-440.,-5.2465E+03));
#5949 = SURFACE_CURVE('',#5950,(#5955,#5962),.PCURVE_S1.);
#5950 = CIRCLE('',#5951,36.5);
#5951 = AXIS2_PLACEMENT_3D('',#5952,#5953,#5954);
#5952 = CARTESIAN_POINT('',(375.,-440.,-5.2465E+03));
#5953 = DIRECTION('',(0.,0.,1.));
#5954 = DIRECTION('',(1.,0.,-0.));
#5955 = PCURVE('',#5930,#5956);
#5956 = DEFINITIONAL_REPRESENTATION('',(#5957),#5961);
#5957 = CIRCLE('',#5958,36.5);
#5958 = AXIS2_PLACEMENT_2D('',#5959,#5960);
#5959 = CARTESIAN_POINT('',(0.,0.));
#5960 = DIRECTION('',(1.,0.));
#5961 = ( GEOMETRIC_REPRESENTATION_CONTEXT(2) 
PARAMETRIC_REPRESENTATION_CONTEXT() REPRESENTATION_CONTEXT('2D SPACE',''
  ) );
#5962 = PCURVE('',#1538,#5963);
#5963 = DEFINITIONAL_REPRESENTATION('',(#5964),#5968);
#5964 = LINE('',#5965,#5966);
#5965 = CARTESIAN_POINT('',(0.,0.));
#5966 = VECTOR('',#5967,1.);
#5967 = DIRECTION('',(1.,0.));
#5968 = ( GEOMETRIC_REPRESENTATION_CONTEXT(2) 
PARAMETRIC_REPRESENTATION_CONTEXT() REPRESENTATION_CONTEXT('2D SPACE',''
  ) );
#5969 = FACE_BOUND('',#5970,.T.);
#5970 = EDGE_LOOP('',(#5971));
#5971 = ORIENTED_EDGE('',*,*,#5915,.F.);
#5972 = ADVANCED_FACE('',(#5973),#5599,.T.);
#5973 = FACE_BOUND('',#5974,.T.);
#5974 = EDGE_LOOP('',(#5975,#5976,#5997,#5998));
#5975 = ORIENTED_EDGE('',*,*,#5582,.F.);
#5976 = ORIENTED_EDGE('',*,*,#5977,.F.);
#5977 = EDGE_CURVE('',#5862,#5583,#5978,.T.);
#5978 = SEAM_CURVE('',#5979,(#5983,#5990),.PCURVE_S1.);
#5979 = LINE('',#5980,#5981);
#5980 = CARTESIAN_POINT('',(372.75,-428.3086570489,1.8408E+03));
#5981 = VECTOR('',#5982,1.);
#5982 = DIRECTION('',(0.,0.,1.));
#5983 = PCURVE('',#5599,#5984);
#5984 = DEFINITIONAL_REPRESENTATION('',(#5985),#5989);
#5985 = LINE('',#5986,#5987);
#5986 = CARTESIAN_POINT('',(6.28318530718,-0.));
#5987 = VECTOR('',#5988,1.);
#5988 = DIRECTION('',(0.,1.));
#5989 = ( GEOMETRIC_REPRESENTATION_CONTEXT(2) 
PARAMETRIC_REPRESENTATION_CONTEXT() REPRESENTATION_CONTEXT('2D SPACE',''
  ) );
#5990 = PCURVE('',#5599,#5991);
#5991 = DEFINITIONAL_REPRESENTATION('',(#5992),#5996);
#5992 = LINE('',#5993,#5994);
#5993 = CARTESIAN_POINT('',(0.,-0.));
#5994 = VECTOR('',#5995,1.);
#5995 = DIRECTION('',(0.,1.));
#5996 = ( GEOMETRIC_REPRESENTATION_CONTEXT(2) 
PARAMETRIC_REPRESENTATION_CONTEXT() REPRESENTATION_CONTEXT('2D SPACE',''
  ) );
#5997 = ORIENTED_EDGE('',*,*,#5861,.T.);
#5998 = ORIENTED_EDGE('',*,*,#5977,.T.);
#5999 = ADVANCED_FACE('',(#6000),#5568,.T.);
#6000 = FACE_BOUND('',#6001,.T.);
#6001 = EDGE_LOOP('',(#6002,#6003,#6024,#6025));
#6002 = ORIENTED_EDGE('',*,*,#5551,.F.);
#6003 = ORIENTED_EDGE('',*,*,#6004,.F.);
#6004 = EDGE_CURVE('',#5836,#5552,#6005,.T.);
#6005 = SEAM_CURVE('',#6006,(#6010,#6017),.PCURVE_S1.);
#6006 = LINE('',#6007,#6008);
#6007 = CARTESIAN_POINT('',(393.,-440.,1.8408E+03));
#6008 = VECTOR('',#6009,1.);
#6009 = DIRECTION('',(0.,0.,1.));
#6010 = PCURVE('',#5568,#6011);
#6011 = DEFINITIONAL_REPRESENTATION('',(#6012),#6016);
#6012 = LINE('',#6013,#6014);
#6013 = CARTESIAN_POINT('',(6.28318530718,-0.));
#6014 = VECTOR('',#6015,1.);
#6015 = DIRECTION('',(0.,1.));
#6016 = ( GEOMETRIC_REPRESENTATION_CONTEXT(2) 
PARAMETRIC_REPRESENTATION_CONTEXT() REPRESENTATION_CONTEXT('2D SPACE',''
  ) );
#6017 = PCURVE('',#5568,#6018);
#6018 = DEFINITIONAL_REPRESENTATION('',(#6019),#6023);
#6019 = LINE('',#6020,#6021);
#6020 = CARTESIAN_POINT('',(0.,-0.));
#6021 = VECTOR('',#6022,1.);
#6022 = DIRECTION('',(0.,1.));
#6023 = ( GEOMETRIC_REPRESENTATION_CONTEXT(2) 
PARAMETRIC_REPRESENTATION_CONTEXT() REPRESENTATION_CONTEXT('2D SPACE',''
  ) );
#6024 = ORIENTED_EDGE('',*,*,#5835,.T.);
#6025 = ORIENTED_EDGE('',*,*,#6004,.T.);
#6026 = ADVANCED_FACE('',(#6027),#5537,.T.);
#6027 = FACE_BOUND('',#6028,.T.);
#6028 = EDGE_LOOP('',(#6029,#6030,#6051,#6052));
#6029 = ORIENTED_EDGE('',*,*,#5520,.F.);
#6030 = ORIENTED_EDGE('',*,*,#6031,.F.);
#6031 = EDGE_CURVE('',#5810,#5521,#6032,.T.);
#6032 = SEAM_CURVE('',#6033,(#6037,#6044),.PCURVE_S1.);
#6033 = LINE('',#6034,#6035);
#6034 = CARTESIAN_POINT('',(379.5,-440.,1.8408E+03));
#6035 = VECTOR('',#6036,1.);
#6036 = DIRECTION('',(0.,0.,1.));
#6037 = PCURVE('',#5537,#6038);
#6038 = DEFINITIONAL_REPRESENTATION('',(#6039),#6043);
#6039 = LINE('',#6040,#6041);
#6040 = CARTESIAN_POINT('',(6.28318530718,-0.));
#6041 = VECTOR('',#6042,1.);
#6042 = DIRECTION('',(0.,1.));
#6043 = ( GEOMETRIC_REPRESENTATION_CONTEXT(2) 
PARAMETRIC_REPRESENTATION_CONTEXT() REPRESENTATION_CONTEXT('2D SPACE',''
  ) );
#6044 = PCURVE('',#5537,#6045);
#6045 = DEFINITIONAL_REPRESENTATION('',(#6046),#6050);
#6046 = LINE('',#6047,#6048);
#6047 = CARTESIAN_POINT('',(0.,-0.));
#6048 = VECTOR('',#6049,1.);
#6049 = DIRECTION('',(0.,1.));
#6050 = ( GEOMETRIC_REPRESENTATION_CONTEXT(2) 
PARAMETRIC_REPRESENTATION_CONTEXT() REPRESENTATION_CONTEXT('2D SPACE',''
  ) );
#6051 = ORIENTED_EDGE('',*,*,#5809,.T.);
#6052 = ORIENTED_EDGE('',*,*,#6031,.T.);
#6053 = ADVANCED_FACE('',(#6054),#5506,.T.);
#6054 = FACE_BOUND('',#6055,.T.);
#6055 = EDGE_LOOP('',(#6056,#6057,#6078,#6079));
#6056 = ORIENTED_EDGE('',*,*,#5489,.F.);
#6057 = ORIENTED_EDGE('',*,*,#6058,.F.);
#6058 = EDGE_CURVE('',#5784,#5490,#6059,.T.);
#6059 = SEAM_CURVE('',#6060,(#6064,#6071),.PCURVE_S1.);
#6060 = LINE('',#6061,#6062);
#6061 = CARTESIAN_POINT('',(386.25,-451.691342951,1.8408E+03));
#6062 = VECTOR('',#6063,1.);
#6063 = DIRECTION('',(0.,0.,1.));
#6064 = PCURVE('',#5506,#6065);
#6065 = DEFINITIONAL_REPRESENTATION('',(#6066),#6070);
#6066 = LINE('',#6067,#6068);
#6067 = CARTESIAN_POINT('',(6.28318530718,-0.));
#6068 = VECTOR('',#6069,1.);
#6069 = DIRECTION('',(0.,1.));
#6070 = ( GEOMETRIC_REPRESENTATION_CONTEXT(2) 
PARAMETRIC_REPRESENTATION_CONTEXT() REPRESENTATION_CONTEXT('2D SPACE',''
  ) );
#6071 = PCURVE('',#5506,#6072);
#6072 = DEFINITIONAL_REPRESENTATION('',(#6073),#6077);
#6073 = LINE('',#6074,#6075);
#6074 = CARTESIAN_POINT('',(0.,-0.));
#6075 = VECTOR('',#6076,1.);
#6076 = DIRECTION('',(0.,1.));
#6077 = ( GEOMETRIC_REPRESENTATION_CONTEXT(2) 
PARAMETRIC_REPRESENTATION_CONTEXT() REPRESENTATION_CONTEXT('2D SPACE',''
  ) );
#6078 = ORIENTED_EDGE('',*,*,#5783,.T.);
#6079 = ORIENTED_EDGE('',*,*,#6058,.T.);
#6080 = ADVANCED_FACE('',(#6081),#5475,.T.);
#6081 = FACE_BOUND('',#6082,.T.);
#6082 = EDGE_LOOP('',(#6083,#6084,#6105,#6106));
#6083 = ORIENTED_EDGE('',*,*,#5458,.F.);
#6084 = ORIENTED_EDGE('',*,*,#6085,.F.);
#6085 = EDGE_CURVE('',#5758,#5459,#6086,.T.);
#6086 = SEAM_CURVE('',#6087,(#6091,#6098),.PCURVE_S1.);
#6087 = LINE('',#6088,#6089);
#6088 = CARTESIAN_POINT('',(366.,-440.,1.8408E+03));
#6089 = VECTOR('',#6090,1.);
#6090 = DIRECTION('',(0.,0.,1.));
#6091 = PCURVE('',#5475,#6092);
#6092 = DEFINITIONAL_REPRESENTATION('',(#6093),#6097);
#6093 = LINE('',#6094,#6095);
#6094 = CARTESIAN_POINT('',(6.28318530718,-0.));
#6095 = VECTOR('',#6096,1.);
#6096 = DIRECTION('',(0.,1.));
#6097 = ( GEOMETRIC_REPRESENTATION_CONTEXT(2) 
PARAMETRIC_REPRESENTATION_CONTEXT() REPRESENTATION_CONTEXT('2D SPACE',''
  ) );
#6098 = PCURVE('',#5475,#6099);
#6099 = DEFINITIONAL_REPRESENTATION('',(#6100),#6104);
#6100 = LINE('',#6101,#6102);
#6101 = CARTESIAN_POINT('',(0.,-0.));
#6102 = VECTOR('',#6103,1.);
#6103 = DIRECTION('',(0.,1.));
#6104 = ( GEOMETRIC_REPRESENTATION_CONTEXT(2) 
PARAMETRIC_REPRESENTATION_CONTEXT() REPRESENTATION_CONTEXT('2D SPACE',''
  ) );
#6105 = ORIENTED_EDGE('',*,*,#5757,.T.);
#6106 = ORIENTED_EDGE('',*,*,#6085,.T.);
#6107 = ADVANCED_FACE('',(#6108),#5444,.T.);
#6108 = FACE_BOUND('',#6109,.T.);
#6109 = EDGE_LOOP('',(#6110,#6111,#6132,#6133));
#6110 = ORIENTED_EDGE('',*,*,#5427,.F.);
#6111 = ORIENTED_EDGE('',*,*,#6112,.F.);
#6112 = EDGE_CURVE('',#5732,#5428,#6113,.T.);
#6113 = SEAM_CURVE('',#6114,(#6118,#6125),.PCURVE_S1.);
#6114 = LINE('',#6115,#6116);
#6115 = CARTESIAN_POINT('',(372.75,-451.691342951,1.8408E+03));
#6116 = VECTOR('',#6117,1.);
#6117 = DIRECTION('',(0.,0.,1.));
#6118 = PCURVE('',#5444,#6119);
#6119 = DEFINITIONAL_REPRESENTATION('',(#6120),#6124);
#6120 = LINE('',#6121,#6122);
#6121 = CARTESIAN_POINT('',(6.28318530718,-0.));
#6122 = VECTOR('',#6123,1.);
#6123 = DIRECTION('',(0.,1.));
#6124 = ( GEOMETRIC_REPRESENTATION_CONTEXT(2) 
PARAMETRIC_REPRESENTATION_CONTEXT() REPRESENTATION_CONTEXT('2D SPACE',''
  ) );
#6125 = PCURVE('',#5444,#6126);
#6126 = DEFINITIONAL_REPRESENTATION('',(#6127),#6131);
#6127 = LINE('',#6128,#6129);
#6128 = CARTESIAN_POINT('',(0.,-0.));
#6129 = VECTOR('',#6130,1.);
#6130 = DIRECTION('',(0.,1.));
#6131 = ( GEOMETRIC_REPRESENTATION_CONTEXT(2) 
PARAMETRIC_REPRESENTATION_CONTEXT() REPRESENTATION_CONTEXT('2D SPACE',''
  ) );
#6132 = ORIENTED_EDGE('',*,*,#5731,.T.);
#6133 = ORIENTED_EDGE('',*,*,#6112,.T.);
#6134 = ADVANCED_FACE('',(#6135),#4294,.T.);
#6135 = FACE_BOUND('',#6136,.T.);
#6136 = EDGE_LOOP('',(#6137,#6138));
#6137 = ORIENTED_EDGE('',*,*,#4751,.T.);
#6138 = ORIENTED_EDGE('',*,*,#4277,.F.);
#6139 = ADVANCED_FACE('',(#6140),#4096,.T.);
#6140 = FACE_BOUND('',#6141,.T.);
#6141 = EDGE_LOOP('',(#6142,#6143));
#6142 = ORIENTED_EDGE('',*,*,#4081,.T.);
#6143 = ORIENTED_EDGE('',*,*,#6144,.T.);
#6144 = EDGE_CURVE('',#4002,#4082,#6145,.T.);
#6145 = SURFACE_CURVE('',#6146,(#6151,#6158),.PCURVE_S1.);
#6146 = CIRCLE('',#6147,51.15);
#6147 = AXIS2_PLACEMENT_3D('',#6148,#6149,#6150);
#6148 = CARTESIAN_POINT('',(25.,-440.,2.4305E+03));
#6149 = DIRECTION('',(0.,0.,1.));
#6150 = DIRECTION('',(1.,0.,-0.));
#6151 = PCURVE('',#4096,#6152);
#6152 = DEFINITIONAL_REPRESENTATION('',(#6153),#6157);
#6153 = CIRCLE('',#6154,51.15);
#6154 = AXIS2_PLACEMENT_2D('',#6155,#6156);
#6155 = CARTESIAN_POINT('',(0.,0.));
#6156 = DIRECTION('',(1.,0.));
#6157 = ( GEOMETRIC_REPRESENTATION_CONTEXT(2) 
PARAMETRIC_REPRESENTATION_CONTEXT() REPRESENTATION_CONTEXT('2D SPACE',''
  ) );
#6158 = PCURVE('',#3970,#6159);
#6159 = DEFINITIONAL_REPRESENTATION('',(#6160),#6164);
#6160 = LINE('',#6161,#6162);
#6161 = CARTESIAN_POINT('',(0.,539.7));
#6162 = VECTOR('',#6163,1.);
#6163 = DIRECTION('',(1.,0.));
#6164 = ( GEOMETRIC_REPRESENTATION_CONTEXT(2) 
PARAMETRIC_REPRESENTATION_CONTEXT() REPRESENTATION_CONTEXT('2D SPACE',''
  ) );
#6165 = ADVANCED_FACE('',(#6166,#6245),#3970,.T.);
#6166 = FACE_BOUND('',#6167,.T.);
#6167 = EDGE_LOOP('',(#6168,#6197,#6218,#6219,#6241,#6242,#6243,#6244));
#6168 = ORIENTED_EDGE('',*,*,#6169,.T.);
#6169 = EDGE_CURVE('',#6170,#6170,#6172,.T.);
#6170 = VERTEX_POINT('',#6171);
#6171 = CARTESIAN_POINT('',(76.15,-440.,1.8908E+03));
#6172 = SURFACE_CURVE('',#6173,(#6178,#6185),.PCURVE_S1.);
#6173 = CIRCLE('',#6174,51.15);
#6174 = AXIS2_PLACEMENT_3D('',#6175,#6176,#6177);
#6175 = CARTESIAN_POINT('',(25.,-440.,1.8908E+03));
#6176 = DIRECTION('',(0.,0.,1.));
#6177 = DIRECTION('',(1.,0.,-0.));
#6178 = PCURVE('',#3970,#6179);
#6179 = DEFINITIONAL_REPRESENTATION('',(#6180),#6184);
#6180 = LINE('',#6181,#6182);
#6181 = CARTESIAN_POINT('',(0.,0.));
#6182 = VECTOR('',#6183,1.);
#6183 = DIRECTION('',(1.,0.));
#6184 = ( GEOMETRIC_REPRESENTATION_CONTEXT(2) 
PARAMETRIC_REPRESENTATION_CONTEXT() REPRESENTATION_CONTEXT('2D SPACE',''
  ) );
#6185 = PCURVE('',#6186,#6191);
#6186 = PLANE('',#6187);
#6187 = AXIS2_PLACEMENT_3D('',#6188,#6189,#6190);
#6188 = CARTESIAN_POINT('',(25.,-440.,1.8908E+03));
#6189 = DIRECTION('',(0.,0.,1.));
#6190 = DIRECTION('',(1.,0.,-0.));
#6191 = DEFINITIONAL_REPRESENTATION('',(#6192),#6196);
#6192 = CIRCLE('',#6193,51.15);
#6193 = AXIS2_PLACEMENT_2D('',#6194,#6195);
#6194 = CARTESIAN_POINT('',(0.,0.));
#6195 = DIRECTION('',(1.,0.));
#6196 = ( GEOMETRIC_REPRESENTATION_CONTEXT(2) 
PARAMETRIC_REPRESENTATION_CONTEXT() REPRESENTATION_CONTEXT('2D SPACE',''
  ) );
#6197 = ORIENTED_EDGE('',*,*,#6198,.T.);
#6198 = EDGE_CURVE('',#6170,#3917,#6199,.T.);
#6199 = SEAM_CURVE('',#6200,(#6204,#6211),.PCURVE_S1.);
#6200 = LINE('',#6201,#6202);
#6201 = CARTESIAN_POINT('',(76.15,-440.,1.8908E+03));
#6202 = VECTOR('',#6203,1.);
#6203 = DIRECTION('',(0.,0.,1.));
#6204 = PCURVE('',#3970,#6205);
#6205 = DEFINITIONAL_REPRESENTATION('',(#6206),#6210);
#6206 = LINE('',#6207,#6208);
#6207 = CARTESIAN_POINT('',(0.,-0.));
#6208 = VECTOR('',#6209,1.);
#6209 = DIRECTION('',(0.,1.));
#6210 = ( GEOMETRIC_REPRESENTATION_CONTEXT(2) 
PARAMETRIC_REPRESENTATION_CONTEXT() REPRESENTATION_CONTEXT('2D SPACE',''
  ) );
#6211 = PCURVE('',#3970,#6212);
#6212 = DEFINITIONAL_REPRESENTATION('',(#6213),#6217);
#6213 = LINE('',#6214,#6215);
#6214 = CARTESIAN_POINT('',(6.28318530718,-0.));
#6215 = VECTOR('',#6216,1.);
#6216 = DIRECTION('',(0.,1.));
#6217 = ( GEOMETRIC_REPRESENTATION_CONTEXT(2) 
PARAMETRIC_REPRESENTATION_CONTEXT() REPRESENTATION_CONTEXT('2D SPACE',''
  ) );
#6218 = ORIENTED_EDGE('',*,*,#3916,.F.);
#6219 = ORIENTED_EDGE('',*,*,#6220,.F.);
#6220 = EDGE_CURVE('',#3889,#3891,#6221,.T.);
#6221 = SURFACE_CURVE('',#6222,(#6227,#6234),.PCURVE_S1.);
#6222 = CIRCLE('',#6223,51.15);
#6223 = AXIS2_PLACEMENT_3D('',#6224,#6225,#6226);
#6224 = CARTESIAN_POINT('',(25.,-440.,2.4305E+03));
#6225 = DIRECTION('',(0.,0.,1.));
#6226 = DIRECTION('',(1.,0.,-0.));
#6227 = PCURVE('',#3970,#6228);
#6228 = DEFINITIONAL_REPRESENTATION('',(#6229),#6233);
#6229 = LINE('',#6230,#6231);
#6230 = CARTESIAN_POINT('',(0.,539.7));
#6231 = VECTOR('',#6232,1.);
#6232 = DIRECTION('',(1.,0.));
#6233 = ( GEOMETRIC_REPRESENTATION_CONTEXT(2) 
PARAMETRIC_REPRESENTATION_CONTEXT() REPRESENTATION_CONTEXT('2D SPACE',''
  ) );
#6234 = PCURVE('',#3905,#6235);
#6235 = DEFINITIONAL_REPRESENTATION('',(#6236),#6240);
#6236 = CIRCLE('',#6237,51.15);
#6237 = AXIS2_PLACEMENT_2D('',#6238,#6239);
#6238 = CARTESIAN_POINT('',(0.,0.));
#6239 = DIRECTION('',(1.,0.));
#6240 = ( GEOMETRIC_REPRESENTATION_CONTEXT(2) 
PARAMETRIC_REPRESENTATION_CONTEXT() REPRESENTATION_CONTEXT('2D SPACE',''
  ) );
#6241 = ORIENTED_EDGE('',*,*,#4107,.F.);
#6242 = ORIENTED_EDGE('',*,*,#6144,.F.);
#6243 = ORIENTED_EDGE('',*,*,#4001,.F.);
#6244 = ORIENTED_EDGE('',*,*,#6198,.F.);
#6245 = FACE_BOUND('',#6246,.T.);
#6246 = EDGE_LOOP('',(#6247));
#6247 = ORIENTED_EDGE('',*,*,#6248,.F.);
#6248 = EDGE_CURVE('',#6249,#6249,#6251,.T.);
#6249 = VERTEX_POINT('',#6250);
#6250 = CARTESIAN_POINT('',(25.,-388.85,2.22755E+03));
#6251 = SURFACE_CURVE('',#6252,(#6415,#6581),.PCURVE_S1.);
#6252 = B_SPLINE_CURVE_WITH_KNOTS('',6,(#6253,#6254,#6255,#6256,#6257,
    #6258,#6259,#6260,#6261,#6262,#6263,#6264,#6265,#6266,#6267,#6268,
    #6269,#6270,#6271,#6272,#6273,#6274,#6275,#6276,#6277,#6278,#6279,
    #6280,#6281,#6282,#6283,#6284,#6285,#6286,#6287,#6288,#6289,#6290,
    #6291,#6292,#6293,#6294,#6295,#6296,#6297,#6298,#6299,#6300,#6301,
    #6302,#6303,#6304,#6305,#6306,#6307,#6308,#6309,#6310,#6311,#6312,
    #6313,#6314,#6315,#6316,#6317,#6318,#6319,#6320,#6321,#6322,#6323,
    #6324,#6325,#6326,#6327,#6328,#6329,#6330,#6331,#6332,#6333,#6334,
    #6335,#6336,#6337,#6338,#6339,#6340,#6341,#6342,#6343,#6344,#6345,
    #6346,#6347,#6348,#6349,#6350,#6351,#6352,#6353,#6354,#6355,#6356,
    #6357,#6358,#6359,#6360,#6361,#6362,#6363,#6364,#6365,#6366,#6367,
    #6368,#6369,#6370,#6371,#6372,#6373,#6374,#6375,#6376,#6377,#6378,
    #6379,#6380,#6381,#6382,#6383,#6384,#6385,#6386,#6387,#6388,#6389,
    #6390,#6391,#6392,#6393,#6394,#6395,#6396,#6397,#6398,#6399,#6400,
    #6401,#6402,#6403,#6404,#6405,#6406,#6407,#6408,#6409,#6410,#6411,
    #6412,#6413,#6414),.UNSPECIFIED.,.T.,.F.,(7,5,5,5,5,5,5,5,5,5,5,5,5,
    5,5,5,5,5,5,5,5,5,5,5,5,5,5,5,5,5,5,5,7),(0.,3.901915307139E-02,
    6.448568652045E-02,9.659345097106E-02,0.123433144387,0.146276278032,
    0.165803496259,0.182122296174,0.249395515451,0.319166170738,
    0.335478638852,0.354453536639,0.376657884717,0.403293632423,
    0.435645197342,0.460387395579,0.499436725671,0.539552893747,
    0.563864461649,0.596658118721,0.622916094271,0.645255986188,
    0.66430973447,0.680671393397,0.749913067888,0.817672016827,
    0.834461195647,0.853933458509,0.876677776803,0.90331634054,
    0.935671333239,0.960416151248,1.),.UNSPECIFIED.);
#6253 = CARTESIAN_POINT('',(25.,-388.85,2.22755E+03));
#6254 = CARTESIAN_POINT('',(25.960227974852,-388.85,2.22755E+03));
#6255 = CARTESIAN_POINT('',(26.918667727731,-388.8716313483,
    2.227491918737E+03));
#6256 = CARTESIAN_POINT('',(27.867055005266,-388.9147432235,
    2.227376162783E+03));
#6257 = CARTESIAN_POINT('',(28.797213827826,-388.9780116826,
    2.227205137793E+03));
#6258 = CARTESIAN_POINT('',(29.701325053784,-389.0589797184,
    2.226983219333E+03));
#6259 = CARTESIAN_POINT('',(31.140566202645,-389.216706641,
    2.226542982867E+03));
#6260 = CARTESIAN_POINT('',(31.69547592935,-389.2852354189,
    2.226349974611E+03));
#6261 = CARTESIAN_POINT('',(32.236193906901,-389.3592815657,
    2.226139104507E+03));
#6262 = CARTESIAN_POINT('',(32.762085270074,-389.4380934634,
    2.225911688076E+03));
#6263 = CARTESIAN_POINT('',(33.272599652619,-389.5209082775,
    2.225669072515E+03));
#6264 = CARTESIAN_POINT('',(34.390943518221,-389.7154753334,
    2.225089339118E+03));
#6265 = CARTESIAN_POINT('',(34.989595441062,-389.8291705435,
    2.22474399193E+03));
#6266 = CARTESIAN_POINT('',(35.563258007255,-389.9467167374,
    2.224378839578E+03));
#6267 = CARTESIAN_POINT('',(36.112092974657,-390.0668786114,
    2.223995895052E+03));
#6268 = CARTESIAN_POINT('',(36.636359195599,-390.1885296338,
    2.223596968669E+03));
#6269 = CARTESIAN_POINT('',(37.554359018338,-390.4127466093,
    2.22283822253E+03));
#6270 = CARTESIAN_POINT('',(37.955480790542,-390.5151895073,
    2.222482656081E+03));
#6271 = CARTESIAN_POINT('',(38.340026031682,-390.6174197529,
    2.22211784835E+03));
#6272 = CARTESIAN_POINT('',(38.70827625423,-390.7189236178,
    2.221744560104E+03));
#6273 = CARTESIAN_POINT('',(39.060513619498,-390.8192371231,
    2.221363456379E+03));
#6274 = CARTESIAN_POINT('',(39.683421461842,-391.0019519101,
    2.220644583344E+03));
#6275 = CARTESIAN_POINT('',(39.958427573412,-391.0847961843,
    2.220308811291E+03));
#6276 = CARTESIAN_POINT('',(40.222199972535,-391.1662151709,
    2.219968155886E+03));
#6277 = CARTESIAN_POINT('',(40.474890220826,-391.245969038,
    2.219622948007E+03));
#6278 = CARTESIAN_POINT('',(40.716641608347,-391.3238379025,
    2.219273483544E+03));
#6279 = CARTESIAN_POINT('',(41.145013129389,-391.464402509,
    2.218617871458E+03));
#6280 = CARTESIAN_POINT('',(41.334539880446,-391.5276591672,
    2.218312803037E+03));
#6281 = CARTESIAN_POINT('',(41.516245119657,-391.5892619742,
    2.218004995231E+03));
#6282 = CARTESIAN_POINT('',(41.690198822782,-391.6490912387,
    2.217694612761E+03));
#6283 = CARTESIAN_POINT('',(41.856465680394,-391.7070360966,
    2.217381807888E+03));
#6284 = CARTESIAN_POINT('',(42.147679276264,-391.8097586825,
    2.216803403352E+03));
#6285 = CARTESIAN_POINT('',(42.274924558154,-391.8551347543,
    2.216538496394E+03));
#6286 = CARTESIAN_POINT('',(42.396873498775,-391.8990623359,
    2.216272085293E+03));
#6287 = CARTESIAN_POINT('',(42.513555388885,-391.9414846939,
    2.216004253626E+03));
#6288 = CARTESIAN_POINT('',(42.62499625477,-391.9823487525,
    2.215735082796E+03));
#6289 = CARTESIAN_POINT('',(43.169114814621,-392.1834368733,
    2.214349818286E+03));
#6290 = CARTESIAN_POINT('',(43.51850338229,-392.3180101813,
    2.21321313426E+03));
#6291 = CARTESIAN_POINT('',(43.780631094079,-392.4217373851,
    2.21206072408E+03));
#6292 = CARTESIAN_POINT('',(43.956372071912,-392.4922260864,
    2.210897948103E+03));
#6293 = CARTESIAN_POINT('',(44.046157015031,-392.528256623,
    2.209729757032E+03));
#6294 = CARTESIAN_POINT('',(44.053786396369,-392.531318309,
    2.207348948091E+03));
#6295 = CARTESIAN_POINT('',(43.96512156829,-392.495737277,
    2.206137041127E+03));
#6296 = CARTESIAN_POINT('',(43.784030747225,-392.4230267976,
    2.204930779752E+03));
#6297 = CARTESIAN_POINT('',(43.510037189255,-392.3145260559,
    2.203735667918E+03));
#6298 = CARTESIAN_POINT('',(43.142149864116,-392.1729306635,
    2.202557685488E+03));
#6299 = CARTESIAN_POINT('',(42.570651993476,-391.9624312867,
    2.201133914968E+03));
#6300 = CARTESIAN_POINT('',(42.457133626908,-391.920952181,
    2.200865399941E+03));
#6301 = CARTESIAN_POINT('',(42.338370392326,-391.8779331446,
    2.200598249201E+03));
#6302 = CARTESIAN_POINT('',(42.214335520039,-391.8334280716,
    2.200332544529E+03));
#6303 = CARTESIAN_POINT('',(42.084998934665,-391.787494514,
    2.200068369992E+03));
#6304 = CARTESIAN_POINT('',(41.793675218407,-391.685172671,
    2.199500400643E+03));
#6305 = CARTESIAN_POINT('',(41.629807034286,-391.6283026759,
    2.199197181988E+03));
#6306 = CARTESIAN_POINT('',(41.458666862544,-391.5696787441,
    2.198896285578E+03));
#6307 = CARTESIAN_POINT('',(41.280194151837,-391.5094038482,
    2.198597852357E+03));
#6308 = CARTESIAN_POINT('',(41.094323639703,-391.4475888848,
    2.198302034619E+03));
#6309 = CARTESIAN_POINT('',(40.674741676698,-391.3103539201,
    2.197666083413E+03));
#6310 = CARTESIAN_POINT('',(40.438274491759,-391.2344101642,
    2.197326980412E+03));
#6311 = CARTESIAN_POINT('',(40.19145849079,-391.1567071159,
    2.196991929036E+03));
#6312 = CARTESIAN_POINT('',(39.93416104656,-391.0774483718,
    2.19666120279E+03));
#6313 = CARTESIAN_POINT('',(39.666242211552,-390.9968554171,
    2.196335106645E+03));
#6314 = CARTESIAN_POINT('',(39.053248583782,-390.8171771146,
    2.195628758484E+03));
#6315 = CARTESIAN_POINT('',(38.703446782486,-390.7176115716,
    2.195250686765E+03));
#6316 = CARTESIAN_POINT('',(38.337872444859,-390.6168789766,
    2.194880319267E+03));
#6317 = CARTESIAN_POINT('',(37.956249749955,-390.5154330707,
    2.194518306458E+03));
#6318 = CARTESIAN_POINT('',(37.558303523094,-390.4137758565,
    2.194165391679E+03));
#6319 = CARTESIAN_POINT('',(36.640256188679,-390.1894027954,
    2.193405829235E+03));
#6320 = CARTESIAN_POINT('',(36.112141354091,-390.0668188009,
    2.193003799106E+03));
#6321 = CARTESIAN_POINT('',(35.559084827604,-389.9457434208,
    2.192617988714E+03));
#6322 = CARTESIAN_POINT('',(34.980822718415,-389.8273292207,
    2.192250250296E+03));
#6323 = CARTESIAN_POINT('',(34.377191140471,-389.712840719,
    2.191902644566E+03));
#6324 = CARTESIAN_POINT('',(33.267083469704,-389.5201402553,
    2.191328770719E+03));
#6325 = CARTESIAN_POINT('',(32.771066250099,-389.4397148554,
    2.191093150166E+03));
#6326 = CARTESIAN_POINT('',(32.260534983046,-389.3630655277,
    2.190871870259E+03));
#6327 = CARTESIAN_POINT('',(31.735990502522,-389.2908910856,
    2.190666165616E+03));
#6328 = CARTESIAN_POINT('',(31.198008868623,-389.2238808726,
    2.190477243379E+03));
#6329 = CARTESIAN_POINT('',(29.777994649203,-389.0661391453,
    2.190036477712E+03));
#6330 = CARTESIAN_POINT('',(28.875188887722,-388.9839069485,
    2.189810888776E+03));
#6331 = CARTESIAN_POINT('',(27.945943998335,-388.9192527572,
    2.189635996275E+03));
#6332 = CARTESIAN_POINT('',(26.99800031318,-388.8746703848,
    2.189516242534E+03));
#6333 = CARTESIAN_POINT('',(26.039463661469,-388.8515357753,
    2.189454123647E+03));
#6334 = CARTESIAN_POINT('',(24.091362827599,-388.8485445099,
    2.189446091923E+03));
#6335 = CARTESIAN_POINT('',(23.105587195584,-388.8698935017,
    2.189503416415E+03));
#6336 = CARTESIAN_POINT('',(22.130185111499,-388.9139966115,
    2.189621785468E+03));
#6337 = CARTESIAN_POINT('',(21.17403912351,-388.9794334058,
    2.189798619325E+03));
#6338 = CARTESIAN_POINT('',(20.245633431749,-389.0635144291,
    2.190029143668E+03));
#6339 = CARTESIAN_POINT('',(18.811649773935,-389.222807946,
    2.190474245383E+03));
#6340 = CARTESIAN_POINT('',(18.282879071758,-389.2885429561,
    2.190659545989E+03));
#6341 = CARTESIAN_POINT('',(17.767066771937,-389.3592741228,
    2.190861066242E+03));
#6342 = CARTESIAN_POINT('',(17.264763033825,-389.434347774,
    2.191077660765E+03));
#6343 = CARTESIAN_POINT('',(16.776447854563,-389.5131009664,
    2.191308157979E+03));
#6344 = CARTESIAN_POINT('',(15.663269773621,-389.7051812666,
    2.191879403163E+03));
#6345 = CARTESIAN_POINT('',(15.050090630618,-389.8210049817,
    2.192230618846E+03));
#6346 = CARTESIAN_POINT('',(14.462974062357,-389.9409147802,
    2.192602604503E+03));
#6347 = CARTESIAN_POINT('',(13.901756519789,-390.0635902277,
    2.192993206984E+03));
#6348 = CARTESIAN_POINT('',(13.366167571244,-390.1878287377,
    2.193400492498E+03));
#6349 = CARTESIAN_POINT('',(12.447267213293,-390.41241762,
    2.194160800205E+03));
#6350 = CARTESIAN_POINT('',(12.054794182278,-390.5126150816,
    2.194508531002E+03));
#6351 = CARTESIAN_POINT('',(11.678184485017,-390.6126146205,
    2.194865112415E+03));
#6352 = CARTESIAN_POINT('',(11.317174662667,-390.7119347845,
    2.195229831287E+03));
#6353 = CARTESIAN_POINT('',(10.971500478323,-390.8101397592,
    2.195602062289E+03));
#6354 = CARTESIAN_POINT('',(10.359623661518,-390.9891056679,
    2.196303890765E+03));
#6355 = CARTESIAN_POINT('',(10.089258996569,-391.0702830181,
    2.196631562355E+03));
#6356 = CARTESIAN_POINT('',(9.829651905119,-391.1501237387,
    2.196963938768E+03));
#6357 = CARTESIAN_POINT('',(9.580659586266,-391.2284020279,
    2.197300708209E+03));
#6358 = CARTESIAN_POINT('',(9.342146674662,-391.304910468,
    2.197641591299E+03));
#6359 = CARTESIAN_POINT('',(8.919385053697,-391.4430413353,
    2.198280379148E+03));
#6360 = CARTESIAN_POINT('',(8.732317054226,-391.5051972683,
    2.19857722701E+03));
#6361 = CARTESIAN_POINT('',(8.552709770263,-391.5658060755,
    2.198876718711E+03));
#6362 = CARTESIAN_POINT('',(8.380496913642,-391.6247552549,
    2.199178699808E+03));
#6363 = CARTESIAN_POINT('',(8.215616978682,-391.6819403705,
    2.199483027444E+03));
#6364 = CARTESIAN_POINT('',(7.922677215698,-391.7847729512,
    2.200052802045E+03));
#6365 = CARTESIAN_POINT('',(7.792708498819,-391.8309082192,
    2.20031766317E+03));
#6366 = CARTESIAN_POINT('',(7.668073309541,-391.8756089997,
    2.200584066529E+03));
#6367 = CARTESIAN_POINT('',(7.548741214925,-391.9188171374,
    2.200851927254E+03));
#6368 = CARTESIAN_POINT('',(7.434685131099,-391.960478178,
    2.201121162802E+03));
#6369 = CARTESIAN_POINT('',(6.865429367956,-392.1700866653,
    2.202536562258E+03));
#6370 = CARTESIAN_POINT('',(6.498839743361,-392.3110894162,
    2.203705115138E+03));
#6371 = CARTESIAN_POINT('',(6.224720197262,-392.419557507,
    2.204890623923E+03));
#6372 = CARTESIAN_POINT('',(6.042094240871,-392.492840897,
    2.206087240599E+03));
#6373 = CARTESIAN_POINT('',(5.950485412562,-392.5296040225,
    2.207289585523E+03));
#6374 = CARTESIAN_POINT('',(5.949528032149,-392.5299882234,
    2.20966933128E+03));
#6375 = CARTESIAN_POINT('',(6.036318872864,-392.4951586318,
    2.210846008137E+03));
#6376 = CARTESIAN_POINT('',(6.210277126011,-392.4253440664,
    2.212017361126E+03));
#6377 = CARTESIAN_POINT('',(6.471832714077,-392.321763635,
    2.213178334858E+03));
#6378 = CARTESIAN_POINT('',(6.82186976372,-392.1868435338,
    2.214323458415E+03));
#6379 = CARTESIAN_POINT('',(7.370622808545,-391.983950003,
    2.215724739627E+03));
#6380 = CARTESIAN_POINT('',(7.485112491807,-391.9419567304,
    2.21600167011E+03));
#6381 = CARTESIAN_POINT('',(7.605147658179,-391.8983135097,
    2.21627718494E+03));
#6382 = CARTESIAN_POINT('',(7.730756623542,-391.8530780962,
    2.21655119552E+03));
#6383 = CARTESIAN_POINT('',(7.86197136099,-391.8063123415,
    2.216823610804E+03));
#6384 = CARTESIAN_POINT('',(8.157554664202,-391.7021443699,
    2.217408328688E+03));
#6385 = CARTESIAN_POINT('',(8.323867582514,-391.6442378336,
    2.217720042364E+03));
#6386 = CARTESIAN_POINT('',(8.497825460526,-391.5844640494,
    2.218029339489E+03));
#6387 = CARTESIAN_POINT('',(8.679492726225,-391.5229332208,
    2.218336068839E+03));
#6388 = CARTESIAN_POINT('',(8.868939030832,-391.4597642897,
    2.218640066811E+03));
#6389 = CARTESIAN_POINT('',(9.296693150761,-391.3195370761,
    2.219292842316E+03));
#6390 = CARTESIAN_POINT('',(9.537859304881,-391.2419296071,
    2.219640556212E+03));
#6391 = CARTESIAN_POINT('',(9.78987178085,-391.162461583,
    2.219984041063E+03));
#6392 = CARTESIAN_POINT('',(10.052872301307,-391.0813504041,
    2.220323004258E+03));
#6393 = CARTESIAN_POINT('',(10.327010683679,-390.9988331022,
    2.220657118714E+03));
#6394 = CARTESIAN_POINT('',(10.946751531307,-390.8171770808,
    2.221371241649E+03));
#6395 = CARTESIAN_POINT('',(11.296553431382,-390.7176115109,
    2.221749313464E+03));
#6396 = CARTESIAN_POINT('',(11.662127831713,-390.6168789013,
    2.222119681007E+03));
#6397 = CARTESIAN_POINT('',(12.043750529644,-390.5154329982,
    2.222481693795E+03));
#6398 = CARTESIAN_POINT('',(12.44169667358,-390.4137758084,
    2.222834608484E+03));
#6399 = CARTESIAN_POINT('',(13.359743688385,-390.1894028254,
    2.223594170663E+03));
#6400 = CARTESIAN_POINT('',(13.887858451748,-390.0668188452,
    2.22399620075E+03));
#6401 = CARTESIAN_POINT('',(14.440914977469,-389.9457434611,
    2.224382011161E+03));
#6402 = CARTESIAN_POINT('',(15.019177148807,-389.8273292452,
    2.22474974963E+03));
#6403 = CARTESIAN_POINT('',(15.622808814873,-389.7128407268,
    2.22509735541E+03));
#6404 = CARTESIAN_POINT('',(16.73291653017,-389.5201402553,
    2.225671229281E+03));
#6405 = CARTESIAN_POINT('',(17.228933749931,-389.4397148554,
    2.225906849834E+03));
#6406 = CARTESIAN_POINT('',(17.739465017092,-389.3630655276,
    2.226128129741E+03));
#6407 = CARTESIAN_POINT('',(18.264009497522,-389.2908910855,
    2.226333834384E+03));
#6408 = CARTESIAN_POINT('',(18.801991131229,-389.2238808726,
    2.226522756621E+03));
#6409 = CARTESIAN_POINT('',(20.233810572102,-389.0648277668,
    2.226967186572E+03));
#6410 = CARTESIAN_POINT('',(21.14941243604,-388.9816678793,
    2.227195253232E+03));
#6411 = CARTESIAN_POINT('',(22.092108925194,-388.916614269,
    2.227371139053E+03));
#6412 = CARTESIAN_POINT('',(23.053786409278,-388.8722586644,
    2.227490234342E+03));
#6413 = CARTESIAN_POINT('',(24.025948008141,-388.85,2.22755E+03));
#6414 = CARTESIAN_POINT('',(25.,-388.85,2.22755E+03));
#6415 = PCURVE('',#3970,#6416);
#6416 = DEFINITIONAL_REPRESENTATION('',(#6417),#6580);
#6417 = B_SPLINE_CURVE_WITH_KNOTS('',6,(#6418,#6419,#6420,#6421,#6422,
    #6423,#6424,#6425,#6426,#6427,#6428,#6429,#6430,#6431,#6432,#6433,
    #6434,#6435,#6436,#6437,#6438,#6439,#6440,#6441,#6442,#6443,#6444,
    #6445,#6446,#6447,#6448,#6449,#6450,#6451,#6452,#6453,#6454,#6455,
    #6456,#6457,#6458,#6459,#6460,#6461,#6462,#6463,#6464,#6465,#6466,
    #6467,#6468,#6469,#6470,#6471,#6472,#6473,#6474,#6475,#6476,#6477,
    #6478,#6479,#6480,#6481,#6482,#6483,#6484,#6485,#6486,#6487,#6488,
    #6489,#6490,#6491,#6492,#6493,#6494,#6495,#6496,#6497,#6498,#6499,
    #6500,#6501,#6502,#6503,#6504,#6505,#6506,#6507,#6508,#6509,#6510,
    #6511,#6512,#6513,#6514,#6515,#6516,#6517,#6518,#6519,#6520,#6521,
    #6522,#6523,#6524,#6525,#6526,#6527,#6528,#6529,#6530,#6531,#6532,
    #6533,#6534,#6535,#6536,#6537,#6538,#6539,#6540,#6541,#6542,#6543,
    #6544,#6545,#6546,#6547,#6548,#6549,#6550,#6551,#6552,#6553,#6554,
    #6555,#6556,#6557,#6558,#6559,#6560,#6561,#6562,#6563,#6564,#6565,
    #6566,#6567,#6568,#6569,#6570,#6571,#6572,#6573,#6574,#6575,#6576,
    #6577,#6578,#6579),.UNSPECIFIED.,.T.,.F.,(7,5,5,5,5,5,5,5,5,5,5,5,5,
    5,5,5,5,5,5,5,5,5,5,5,5,5,5,5,5,5,5,5,7),(0.,3.901915307139E-02,
    6.448568652045E-02,9.659345097106E-02,0.123433144387,0.146276278032,
    0.165803496259,0.182122296174,0.249395515451,0.319166170738,
    0.335478638852,0.354453536639,0.376657884717,0.403293632423,
    0.435645197342,0.460387395579,0.499436725671,0.539552893747,
    0.563864461649,0.596658118721,0.622916094271,0.645255986188,
    0.66430973447,0.680671393397,0.749913067888,0.817672016827,
    0.834461195647,0.853933458509,0.876677776803,0.90331634054,
    0.935671333239,0.960416151248,1.),.UNSPECIFIED.);
#6418 = CARTESIAN_POINT('',(1.570796326795,336.75));
#6419 = CARTESIAN_POINT('',(1.552023541363,336.75));
#6420 = CARTESIAN_POINT('',(1.533285713002,336.69191873709));
#6421 = CARTESIAN_POINT('',(1.514732525023,336.576162783));
#6422 = CARTESIAN_POINT('',(1.496512052487,336.40513779284));
#6423 = CARTESIAN_POINT('',(1.478769117838,336.18321933269));
#6424 = CARTESIAN_POINT('',(1.450462998051,335.74298286727));
#6425 = CARTESIAN_POINT('',(1.439532938806,335.54997461085));
#6426 = CARTESIAN_POINT('',(1.428864411816,335.33910450663));
#6427 = CARTESIAN_POINT('',(1.418469412666,335.1116880762));
#6428 = CARTESIAN_POINT('',(1.408358874079,334.86907251529));
#6429 = CARTESIAN_POINT('',(1.386166442554,334.28933911833));
#6430 = CARTESIAN_POINT('',(1.374254806249,333.94399193002));
#6431 = CARTESIAN_POINT('',(1.36280817499,333.57883957836));
#6432 = CARTESIAN_POINT('',(1.351825438639,333.1958950522));
#6433 = CARTESIAN_POINT('',(1.341304240935,332.79696866869));
#6434 = CARTESIAN_POINT('',(1.322829458016,332.03822253049));
#6435 = CARTESIAN_POINT('',(1.314736126838,331.68265608084));
#6436 = CARTESIAN_POINT('',(1.306957535023,331.31784835019));
#6437 = CARTESIAN_POINT('',(1.299490048589,330.94456010377));
#6438 = CARTESIAN_POINT('',(1.292330094612,330.56345637947));
#6439 = CARTESIAN_POINT('',(1.27963894257,329.84458334377));
#6440 = CARTESIAN_POINT('',(1.274023970901,329.5088112914));
#6441 = CARTESIAN_POINT('',(1.268627229023,329.16815588584));
#6442 = CARTESIAN_POINT('',(1.263446969192,328.82294800686));
#6443 = CARTESIAN_POINT('',(1.258481591465,328.47348354383));
#6444 = CARTESIAN_POINT('',(1.24966743146,327.81787145802));
#6445 = CARTESIAN_POINT('',(1.245761235356,327.512803037));
#6446 = CARTESIAN_POINT('',(1.242010294931,327.20499523093));
#6447 = CARTESIAN_POINT('',(1.238413961025,326.89461276145));
#6448 = CARTESIAN_POINT('',(1.234971664245,326.58180788757));
#6449 = CARTESIAN_POINT('',(1.228934523404,326.00340335176));
#6450 = CARTESIAN_POINT('',(1.226293407212,325.73849639438));
#6451 = CARTESIAN_POINT('',(1.223759323543,325.4720852926));
#6452 = CARTESIAN_POINT('',(1.221332077129,325.20425362624));
#6453 = CARTESIAN_POINT('',(1.219011520274,324.93508279591));
#6454 = CARTESIAN_POINT('',(1.207670612331,323.54981828625));
#6455 = CARTESIAN_POINT('',(1.200351413985,322.41313426015));
#6456 = CARTESIAN_POINT('',(1.194840285732,321.26072408015));
#6457 = CARTESIAN_POINT('',(1.191138281261,320.09794810269));
#6458 = CARTESIAN_POINT('',(1.189246939547,318.92975703157));
#6459 = CARTESIAN_POINT('',(1.189086220299,316.54894809074));
#6460 = CARTESIAN_POINT('',(1.190953953585,315.33704112717));
#6461 = CARTESIAN_POINT('',(1.194769236572,314.13077975176));
#6462 = CARTESIAN_POINT('',(1.200530379676,312.93566791767));
#6463 = CARTESIAN_POINT('',(1.208236295092,311.75768548756));
#6464 = CARTESIAN_POINT('',(1.22014307628,310.33391496796));
#6465 = CARTESIAN_POINT('',(1.222505906897,310.06539994095));
#6466 = CARTESIAN_POINT('',(1.224975382084,309.798249201));
#6467 = CARTESIAN_POINT('',(1.227551660424,309.53254452886));
#6468 = CARTESIAN_POINT('',(1.230234949335,309.26836999198));
#6469 = CARTESIAN_POINT('',(1.236271519692,308.70040064323));
#6470 = CARTESIAN_POINT('',(1.239662621729,308.39718198828));
#6471 = CARTESIAN_POINT('',(1.24319928164,308.09628557772));
#6472 = CARTESIAN_POINT('',(1.246882041617,307.79785235709));
#6473 = CARTESIAN_POINT('',(1.250711515595,307.50203461943));
#6474 = CARTESIAN_POINT('',(1.259342110601,306.86608341292));
#6475 = CARTESIAN_POINT('',(1.264197628089,306.52698041196));
#6476 = CARTESIAN_POINT('',(1.269256307221,306.19192903646));
#6477 = CARTESIAN_POINT('',(1.274519644818,305.86120278993));
#6478 = CARTESIAN_POINT('',(1.279989269022,305.53510664528));
#6479 = CARTESIAN_POINT('',(1.292477722137,304.82875848359));
#6480 = CARTESIAN_POINT('',(1.299587880102,304.45068676529));
#6481 = CARTESIAN_POINT('',(1.307000934883,304.08031926702));
#6482 = CARTESIAN_POINT('',(1.314720380333,303.7183064584));
#6483 = CARTESIAN_POINT('',(1.322749769283,303.36539167865));
#6484 = CARTESIAN_POINT('',(1.341226178786,302.60582923541));
#6485 = CARTESIAN_POINT('',(1.351824779179,302.20379910599));
#6486 = CARTESIAN_POINT('',(1.362891928311,301.81798871392));
#6487 = CARTESIAN_POINT('',(1.374430017176,301.45025029626));
#6488 = CARTESIAN_POINT('',(1.386440155002,301.10264456646));
#6489 = CARTESIAN_POINT('',(1.408467695697,300.52877071867));
#6490 = CARTESIAN_POINT('',(1.418291039261,300.29315016585));
#6491 = CARTESIAN_POINT('',(1.428382892482,300.07187025882));
#6492 = CARTESIAN_POINT('',(1.438733301695,299.86616561584));
#6493 = CARTESIAN_POINT('',(1.449331366057,299.67724337927));
#6494 = CARTESIAN_POINT('',(1.47726389188,299.23647771225));
#6495 = CARTESIAN_POINT('',(1.49498364982,299.01088877634));
#6496 = CARTESIAN_POINT('',(1.513188180341,298.8359962752));
#6497 = CARTESIAN_POINT('',(1.531734038755,298.71624253383));
#6498 = CARTESIAN_POINT('',(1.550474433831,298.65412364695));
#6499 = CARTESIAN_POINT('',(1.588560516536,298.64609192261));
#6500 = CARTESIAN_POINT('',(1.607832107782,298.70341641497));
#6501 = CARTESIAN_POINT('',(1.6269131257,298.82178546785));
#6502 = CARTESIAN_POINT('',(1.64564280623,298.99861932541));
#6503 = CARTESIAN_POINT('',(1.663863983278,299.22914366818));
#6504 = CARTESIAN_POINT('',(1.692071296278,299.67424538251));
#6505 = CARTESIAN_POINT('',(1.70248763227,299.85954598931));
#6506 = CARTESIAN_POINT('',(1.712665134155,300.06106624191));
#6507 = CARTESIAN_POINT('',(1.722593398186,300.27766076496));
#6508 = CARTESIAN_POINT('',(1.732262903001,300.508157979));
#6509 = CARTESIAN_POINT('',(1.754347524352,301.07940316325));
#6510 = CARTESIAN_POINT('',(1.766545846673,301.43061884557));
#6511 = CARTESIAN_POINT('',(1.778259310606,301.80260450296));
#6512 = CARTESIAN_POINT('',(1.789488950199,302.1932069836));
#6513 = CARTESIAN_POINT('',(1.800237172775,302.60049249824));
#6514 = CARTESIAN_POINT('',(1.818730784104,303.3608002049));
#6515 = CARTESIAN_POINT('',(1.826649454661,303.70853100231));
#6516 = CARTESIAN_POINT('',(1.834266939992,304.06511241488));
#6517 = CARTESIAN_POINT('',(1.841586643072,304.42983128707));
#6518 = CARTESIAN_POINT('',(1.848611913593,304.80206228879));
#6519 = CARTESIAN_POINT('',(1.861075498747,305.50389076523));
#6520 = CARTESIAN_POINT('',(1.86659419565,305.83156235517));
#6521 = CARTESIAN_POINT('',(1.871904037647,306.16393876777));
#6522 = CARTESIAN_POINT('',(1.877006680391,306.5007082087));
#6523 = CARTESIAN_POINT('',(1.881903645777,306.8415912985));
#6524 = CARTESIAN_POINT('',(1.890598769503,307.48037914761));
#6525 = CARTESIAN_POINT('',(1.894452561386,307.77722701018));
#6526 = CARTESIAN_POINT('',(1.898158424325,308.07671871147));
#6527 = CARTESIAN_POINT('',(1.901716983723,308.37869980796));
#6528 = CARTESIAN_POINT('',(1.905128792047,308.6830274435));
#6529 = CARTESIAN_POINT('',(1.911198480458,309.25280204526));
#6530 = CARTESIAN_POINT('',(1.913894734693,309.5176631697));
#6531 = CARTESIAN_POINT('',(1.916483351781,309.78406652857));
#6532 = CARTESIAN_POINT('',(1.918964542409,310.05192725357));
#6533 = CARTESIAN_POINT('',(1.921338467713,310.32116280229));
#6534 = CARTESIAN_POINT('',(1.933198096538,311.73656225761));
#6535 = CARTESIAN_POINT('',(1.940876186536,312.90511513827));
#6536 = CARTESIAN_POINT('',(1.946639385545,314.09062392255));
#6537 = CARTESIAN_POINT('',(1.95048668534,315.28724059899));
#6538 = CARTESIAN_POINT('',(1.952416444084,316.48958552276));
#6539 = CARTESIAN_POINT('',(1.952436612113,318.86933128019));
#6540 = CARTESIAN_POINT('',(1.950608341497,320.04600813709));
#6541 = CARTESIAN_POINT('',(1.946943584975,321.21736112562));
#6542 = CARTESIAN_POINT('',(1.941443912335,322.37833485819));
#6543 = CARTESIAN_POINT('',(1.934110454563,323.5234584154));
#6544 = CARTESIAN_POINT('',(1.922672323286,324.92473962668));
#6545 = CARTESIAN_POINT('',(1.920288204838,325.20167011025));
#6546 = CARTESIAN_POINT('',(1.91779119224,325.47718494042));
#6547 = CARTESIAN_POINT('',(1.915181124899,325.75119551956));
#6548 = CARTESIAN_POINT('',(1.912457788907,326.0236108035));
#6549 = CARTESIAN_POINT('',(1.906330683753,326.60832868801));
#6550 = CARTESIAN_POINT('',(1.902887783102,326.92004236421));
#6551 = CARTESIAN_POINT('',(1.899291724623,327.2293394886));
#6552 = CARTESIAN_POINT('',(1.895541938856,327.53606883877));
#6553 = CARTESIAN_POINT('',(1.891637777337,327.84006681147));
#6554 = CARTESIAN_POINT('',(1.88283714227,328.49284231627));
#6555 = CARTESIAN_POINT('',(1.877884221179,328.84055621225));
#6556 = CARTESIAN_POINT('',(1.872718278326,329.18404106257));
#6557 = CARTESIAN_POINT('',(1.867337728747,329.52300425821));
#6558 = CARTESIAN_POINT('',(1.861740842606,329.85711871426));
#6559 = CARTESIAN_POINT('',(1.849114929108,330.57124164902));
#6560 = CARTESIAN_POINT('',(1.842004769142,330.94931346394));
#6561 = CARTESIAN_POINT('',(1.834591713104,331.31968100665));
#6562 = CARTESIAN_POINT('',(1.82687226761,331.68169379539));
#6563 = CARTESIAN_POINT('',(1.818842880349,332.03460848406));
#6564 = CARTESIAN_POINT('',(1.800366477278,332.79417066286));
#6565 = CARTESIAN_POINT('',(1.789767878304,333.19620075047));
#6566 = CARTESIAN_POINT('',(1.778700729169,333.58201116063));
#6567 = CARTESIAN_POINT('',(1.767162639053,333.94974963008));
#6568 = CARTESIAN_POINT('',(1.755152499474,334.29735541044));
#6569 = CARTESIAN_POINT('',(1.733124957895,334.87122928125));
#6570 = CARTESIAN_POINT('',(1.723301614329,335.10684983417));
#6571 = CARTESIAN_POINT('',(1.713209761105,335.32812974122));
#6572 = CARTESIAN_POINT('',(1.702859351894,335.53383438415));
#6573 = CARTESIAN_POINT('',(1.692261287535,335.72275662067));
#6574 = CARTESIAN_POINT('',(1.664096545972,336.16718657235));
#6575 = CARTESIAN_POINT('',(1.646126146459,336.39525323193));
#6576 = CARTESIAN_POINT('',(1.627659008315,336.57113905257));
#6577 = CARTESIAN_POINT('',(1.60884547191,336.69023434246));
#6578 = CARTESIAN_POINT('',(1.589839376489,336.75));
#6579 = CARTESIAN_POINT('',(1.570796326795,336.75));
#6580 = ( GEOMETRIC_REPRESENTATION_CONTEXT(2) 
PARAMETRIC_REPRESENTATION_CONTEXT() REPRESENTATION_CONTEXT('2D SPACE',''
  ) );
#6581 = PCURVE('',#6582,#6587);
#6582 = CYLINDRICAL_SURFACE('',#6583,19.05);
#6583 = AXIS2_PLACEMENT_3D('',#6584,#6585,#6586);
#6584 = CARTESIAN_POINT('',(25.,-440.,2.2085E+03));
#6585 = DIRECTION('',(0.,1.,0.));
#6586 = DIRECTION('',(0.,-0.,1.));
#6587 = DEFINITIONAL_REPRESENTATION('',(#6588),#6751);
#6588 = B_SPLINE_CURVE_WITH_KNOTS('',6,(#6589,#6590,#6591,#6592,#6593,
    #6594,#6595,#6596,#6597,#6598,#6599,#6600,#6601,#6602,#6603,#6604,
    #6605,#6606,#6607,#6608,#6609,#6610,#6611,#6612,#6613,#6614,#6615,
    #6616,#6617,#6618,#6619,#6620,#6621,#6622,#6623,#6624,#6625,#6626,
    #6627,#6628,#6629,#6630,#6631,#6632,#6633,#6634,#6635,#6636,#6637,
    #6638,#6639,#6640,#6641,#6642,#6643,#6644,#6645,#6646,#6647,#6648,
    #6649,#6650,#6651,#6652,#6653,#6654,#6655,#6656,#6657,#6658,#6659,
    #6660,#6661,#6662,#6663,#6664,#6665,#6666,#6667,#6668,#6669,#6670,
    #6671,#6672,#6673,#6674,#6675,#6676,#6677,#6678,#6679,#6680,#6681,
    #6682,#6683,#6684,#6685,#6686,#6687,#6688,#6689,#6690,#6691,#6692,
    #6693,#6694,#6695,#6696,#6697,#6698,#6699,#6700,#6701,#6702,#6703,
    #6704,#6705,#6706,#6707,#6708,#6709,#6710,#6711,#6712,#6713,#6714,
    #6715,#6716,#6717,#6718,#6719,#6720,#6721,#6722,#6723,#6724,#6725,
    #6726,#6727,#6728,#6729,#6730,#6731,#6732,#6733,#6734,#6735,#6736,
    #6737,#6738,#6739,#6740,#6741,#6742,#6743,#6744,#6745,#6746,#6747,
    #6748,#6749,#6750),.UNSPECIFIED.,.F.,.F.,(7,5,5,5,5,5,5,5,5,5,5,5,5,
    5,5,5,5,5,5,5,5,5,5,5,5,5,5,5,5,5,5,5,7),(0.,3.901915307139E-02,
    6.448568652045E-02,9.659345097106E-02,0.123433144387,0.146276278032,
    0.165803496259,0.182122296174,0.249395515451,0.319166170738,
    0.335478638852,0.354453536639,0.376657884717,0.403293632423,
    0.435645197342,0.460387395579,0.499436725671,0.539552893747,
    0.563864461649,0.596658118721,0.622916094271,0.645255986188,
    0.66430973447,0.680671393397,0.749913067888,0.817672016827,
    0.834461195647,0.853933458509,0.876677776803,0.90331634054,
    0.935671333239,0.960416151248,1.),.UNSPECIFIED.);
#6589 = CARTESIAN_POINT('',(0.,51.15));
#6590 = CARTESIAN_POINT('',(5.040566797121E-02,51.15));
#6591 = CARTESIAN_POINT('',(0.10071746173,51.128368651636));
#6592 = CARTESIAN_POINT('',(0.150732115422,51.085256776427));
#6593 = CARTESIAN_POINT('',(0.200246543392,51.021988317307));
#6594 = CARTESIAN_POINT('',(0.249038211926,50.941020281528));
#6595 = CARTESIAN_POINT('',(0.328044293591,50.783293358962));
#6596 = CARTESIAN_POINT('',(0.358862988728,50.714764581061));
#6597 = CARTESIAN_POINT('',(0.389298201733,50.640718434246));
#6598 = CARTESIAN_POINT('',(0.419345897871,50.561906536585));
#6599 = CARTESIAN_POINT('',(0.44899910061,50.47909172245));
#6600 = CARTESIAN_POINT('',(0.515123828943,50.28452466654));
#6601 = CARTESIAN_POINT('',(0.551366474113,50.170829456423));
#6602 = CARTESIAN_POINT('',(0.587013159954,50.053283262557));
#6603 = CARTESIAN_POINT('',(0.622097784164,49.933121388532));
#6604 = CARTESIAN_POINT('',(0.656651632672,49.811470366163));
#6605 = CARTESIAN_POINT('',(0.719169959671,49.587253390665));
#6606 = CARTESIAN_POINT('',(0.747291119898,49.48481049265));
#6607 = CARTESIAN_POINT('',(0.775092114287,49.382580247009));
#6608 = CARTESIAN_POINT('',(0.802595438888,49.281076382142));
#6609 = CARTESIAN_POINT('',(0.829823014019,49.180762876834));
#6610 = CARTESIAN_POINT('',(0.879755081083,48.998048089893));
#6611 = CARTESIAN_POINT('',(0.902529375237,48.915203815644));
#6612 = CARTESIAN_POINT('',(0.925133007425,48.833784829061));
#6613 = CARTESIAN_POINT('',(0.94757811379,48.754030961915));
#6614 = CARTESIAN_POINT('',(0.969876583635,48.676162097448));
#6615 = CARTESIAN_POINT('',(1.010987002327,48.535597490975));
#6616 = CARTESIAN_POINT('',(1.029835007734,48.472340832725));
#6617 = CARTESIAN_POINT('',(1.048591006466,48.410738025724));
#6618 = CARTESIAN_POINT('',(1.067261427397,48.350908761296));
#6619 = CARTESIAN_POINT('',(1.085852587356,48.292963903395));
#6620 = CARTESIAN_POINT('',(1.119846179079,48.1902413175));
#6621 = CARTESIAN_POINT('',(1.135270424642,48.144865245657));
#6622 = CARTESIAN_POINT('',(1.150646823156,48.100937664044));
#6623 = CARTESIAN_POINT('',(1.165978614438,48.058515306041));
#6624 = CARTESIAN_POINT('',(1.181268882785,48.017651247444));
#6625 = CARTESIAN_POINT('',(1.259394618006,47.816563126669));
#6626 = CARTESIAN_POINT('',(1.321637793206,47.681989818606));
#6627 = CARTESIAN_POINT('',(1.383421590387,47.5782626149));
#6628 = CARTESIAN_POINT('',(1.444904749647,47.507773913501));
#6629 = CARTESIAN_POINT('',(1.506241831424,47.471743376918));
#6630 = CARTESIAN_POINT('',(1.631219320406,47.468681690966));
#6631 = CARTESIAN_POINT('',(1.694821152337,47.504262722902));
#6632 = CARTESIAN_POINT('',(1.758575040172,47.576973202324));
#6633 = CARTESIAN_POINT('',(1.822653299292,47.685473944038));
#6634 = CARTESIAN_POINT('',(1.887233113893,47.827069336423));
#6635 = CARTESIAN_POINT('',(1.967767908306,48.037568713285));
#6636 = CARTESIAN_POINT('',(1.983068505753,48.079047818916));
#6637 = CARTESIAN_POINT('',(1.998411582897,48.12206685536));
#6638 = CARTESIAN_POINT('',(2.013800257362,48.166571928309));
#6639 = CARTESIAN_POINT('',(2.029237804083,48.212505485948));
#6640 = CARTESIAN_POINT('',(2.062745673294,48.314827328997));
#6641 = CARTESIAN_POINT('',(2.080834179455,48.371697324063));
#6642 = CARTESIAN_POINT('',(2.098998922885,48.430321255839));
#6643 = CARTESIAN_POINT('',(2.117245753641,48.49059615178));
#6644 = CARTESIAN_POINT('',(2.135580622746,48.552411115124));
#6645 = CARTESIAN_POINT('',(2.175575075442,48.689646079895));
#6646 = CARTESIAN_POINT('',(2.197269258318,48.76558983575));
#6647 = CARTESIAN_POINT('',(2.219103011289,48.843292884094));
#6648 = CARTESIAN_POINT('',(2.241087435905,48.922551628173));
#6649 = CARTESIAN_POINT('',(2.263233854788,49.003144582838));
#6650 = CARTESIAN_POINT('',(2.312328240564,49.182822885373));
#6651 = CARTESIAN_POINT('',(2.339352466104,49.282388428364));
#6652 = CARTESIAN_POINT('',(2.3666484886,49.383121023318));
#6653 = CARTESIAN_POINT('',(2.394237742386,49.484566929236));
#6654 = CARTESIAN_POINT('',(2.422142220218,49.586224143444));
#6655 = CARTESIAN_POINT('',(2.484689776838,49.810597204567));
#6656 = CARTESIAN_POINT('',(2.519502437981,49.933181199073));
#6657 = CARTESIAN_POINT('',(2.554853849868,50.054256579121));
#6658 = CARTESIAN_POINT('',(2.590775947157,50.17267077925));
#6659 = CARTESIAN_POINT('',(2.627303378638,50.287159280903));
#6660 = CARTESIAN_POINT('',(2.692902751314,50.479859744649));
#6661 = CARTESIAN_POINT('',(2.721712455003,50.560285144591));
#6662 = CARTESIAN_POINT('',(2.75089463892,50.636934472287));
#6663 = CARTESIAN_POINT('',(2.780443048802,50.709108914399));
#6664 = CARTESIAN_POINT('',(2.810354042408,50.776119127389));
#6665 = CARTESIAN_POINT('',(2.888403767025,50.933860854685));
#6666 = CARTESIAN_POINT('',(2.937175384035,51.016093051477));
#6667 = CARTESIAN_POINT('',(2.986679925547,51.080747242753));
#6668 = CARTESIAN_POINT('',(3.036697295043,51.125329615116));
#6669 = CARTESIAN_POINT('',(3.087027191607,51.14846422462));
#6670 = CARTESIAN_POINT('',(3.189290571691,51.151455490087));
#6671 = CARTESIAN_POINT('',(3.241024472828,51.130106498263));
#6672 = CARTESIAN_POINT('',(3.292451143924,51.086003388497));
#6673 = CARTESIAN_POINT('',(3.343351003916,51.020566594154));
#6674 = CARTESIAN_POINT('',(3.393482845264,50.936485570868));
#6675 = CARTESIAN_POINT('',(3.472300386713,50.777192053941));
#6676 = CARTESIAN_POINT('',(3.501693242696,50.71145704384));
#6677 = CARTESIAN_POINT('',(3.530736179876,50.640725877138));
#6678 = CARTESIAN_POINT('',(3.559425639677,50.565652225956));
#6679 = CARTESIAN_POINT('',(3.587755620975,50.486899033594));
#6680 = CARTESIAN_POINT('',(3.65343509761,50.294818733338));
#6681 = CARTESIAN_POINT('',(3.690489822094,50.178995018266));
#6682 = CARTESIAN_POINT('',(3.726921607803,50.059085219763));
#6683 = CARTESIAN_POINT('',(3.762766365844,49.93640977225));
#6684 = CARTESIAN_POINT('',(3.798057138868,49.812171262286));
#6685 = CARTESIAN_POINT('',(3.860664134691,49.58758237997));
#6686 = CARTESIAN_POINT('',(3.888173801629,49.487384918361));
#6687 = CARTESIAN_POINT('',(3.915376884745,49.387385379488));
#6688 = CARTESIAN_POINT('',(3.94229446358,49.288065215457));
#6689 = CARTESIAN_POINT('',(3.968947088455,49.189860240738));
#6690 = CARTESIAN_POINT('',(4.01782398932,49.010894332003));
#6691 = CARTESIAN_POINT('',(4.040115633432,48.929716981855));
#6692 = CARTESIAN_POINT('',(4.062242752529,48.849876261236));
#6693 = CARTESIAN_POINT('',(4.084216759434,48.771597972097));
#6694 = CARTESIAN_POINT('',(4.106048840757,48.69508953196));
#6695 = CARTESIAN_POINT('',(4.146259544489,48.556958664629));
#6696 = CARTESIAN_POINT('',(4.164673600602,48.494802731632));
#6697 = CARTESIAN_POINT('',(4.182998614049,48.434193924493));
#6698 = CARTESIAN_POINT('',(4.201240619015,48.37524474501));
#6699 = CARTESIAN_POINT('',(4.219405547323,48.318059629416));
#6700 = CARTESIAN_POINT('',(4.25303646735,48.215227048738));
#6701 = CARTESIAN_POINT('',(4.268520956783,48.169091780753));
#6702 = CARTESIAN_POINT('',(4.283956164063,48.124391000298));
#6703 = CARTESIAN_POINT('',(4.299345397158,48.081182862547));
#6704 = CARTESIAN_POINT('',(4.314691804678,48.039521821976));
#6705 = CARTESIAN_POINT('',(4.394774974945,47.829913334675));
#6706 = CARTESIAN_POINT('',(4.458866634016,47.68891058373));
#6707 = CARTESIAN_POINT('',(4.522461510149,47.580442492922));
#6708 = CARTESIAN_POINT('',(4.585733095677,47.507159102993));
#6709 = CARTESIAN_POINT('',(4.648850157562,47.470395977439));
#6710 = CARTESIAN_POINT('',(4.773771204807,47.470011776515));
#6711 = CARTESIAN_POINT('',(4.835537106902,47.504841368129));
#6712 = CARTESIAN_POINT('',(4.897446472389,47.574655933508));
#6713 = CARTESIAN_POINT('',(4.959656770894,47.678236364991));
#6714 = CARTESIAN_POINT('',(5.022329707118,47.813156466188));
#6715 = CARTESIAN_POINT('',(5.101326993973,48.016049996962));
#6716 = CARTESIAN_POINT('',(5.117054613083,48.058043269562));
#6717 = CARTESIAN_POINT('',(5.132826115549,48.101686490285));
#6718 = CARTESIAN_POINT('',(5.14864485813,48.146921903763));
#6719 = CARTESIAN_POINT('',(5.164514371774,48.193687658434));
#6720 = CARTESIAN_POINT('',(5.198907169361,48.297855630071));
#6721 = CARTESIAN_POINT('',(5.217448943366,48.355762166398));
#6722 = CARTESIAN_POINT('',(5.236069848035,48.415535950565));
#6723 = CARTESIAN_POINT('',(5.254776158803,48.47706677914));
#6724 = CARTESIAN_POINT('',(5.273574262132,48.54023571022));
#6725 = CARTESIAN_POINT('',(5.314542337089,48.680462923834));
#6726 = CARTESIAN_POINT('',(5.336747869819,48.758070392865));
#6727 = CARTESIAN_POINT('',(5.359099141335,48.837538416944));
#6728 = CARTESIAN_POINT('',(5.381607899723,48.918649595844));
#6729 = CARTESIAN_POINT('',(5.404286135771,49.00116689779));
#6730 = CARTESIAN_POINT('',(5.453920903371,49.182822919108));
#6731 = CARTESIAN_POINT('',(5.48094513614,49.282388489012));
#6732 = CARTESIAN_POINT('',(5.508241162591,49.383121098646));
#6733 = CARTESIAN_POINT('',(5.535830415777,49.484567001746));
#6734 = CARTESIAN_POINT('',(5.563734887208,49.586224191512));
#6735 = CARTESIAN_POINT('',(5.626282422052,49.810597174521));
#6736 = CARTESIAN_POINT('',(5.661095078924,49.933181154735));
#6737 = CARTESIAN_POINT('',(5.696446491308,50.054256538835));
#6738 = CARTESIAN_POINT('',(5.732368592789,50.172670754754));
#6739 = CARTESIAN_POINT('',(5.768896029589,50.287159273151));
#6740 = CARTESIAN_POINT('',(5.834495404897,50.479859744627));
#6741 = CARTESIAN_POINT('',(5.863305108594,50.5602851446));
#6742 = CARTESIAN_POINT('',(5.892487292518,50.636934472307));
#6743 = CARTESIAN_POINT('',(5.922035702394,50.709108914401));
#6744 = CARTESIAN_POINT('',(5.951946695989,50.776119127373));
#6745 = CARTESIAN_POINT('',(6.030645283323,50.935172233102));
#6746 = CARTESIAN_POINT('',(6.080096974769,51.018332120687));
#6747 = CARTESIAN_POINT('',(6.13029946411,51.083385730984));
#6748 = CARTESIAN_POINT('',(6.181021868749,51.12774133558));
#6749 = CARTESIAN_POINT('',(6.232053969024,51.15));
#6750 = CARTESIAN_POINT('',(6.28318530718,51.15));
#6751 = ( GEOMETRIC_REPRESENTATION_CONTEXT(2) 
PARAMETRIC_REPRESENTATION_CONTEXT() REPRESENTATION_CONTEXT('2D SPACE',''
  ) );
#6752 = ADVANCED_FACE('',(#6753),#6582,.T.);
#6753 = FACE_BOUND('',#6754,.T.);
#6754 = EDGE_LOOP('',(#6755,#6778,#6805,#6806));
#6755 = ORIENTED_EDGE('',*,*,#6756,.T.);
#6756 = EDGE_CURVE('',#6249,#6757,#6759,.T.);
#6757 = VERTEX_POINT('',#6758);
#6758 = CARTESIAN_POINT('',(25.,-190.,2.22755E+03));
#6759 = SEAM_CURVE('',#6760,(#6764,#6771),.PCURVE_S1.);
#6760 = LINE('',#6761,#6762);
#6761 = CARTESIAN_POINT('',(25.,-440.,2.22755E+03));
#6762 = VECTOR('',#6763,1.);
#6763 = DIRECTION('',(0.,1.,0.));
#6764 = PCURVE('',#6582,#6765);
#6765 = DEFINITIONAL_REPRESENTATION('',(#6766),#6770);
#6766 = LINE('',#6767,#6768);
#6767 = CARTESIAN_POINT('',(6.28318530718,-0.));
#6768 = VECTOR('',#6769,1.);
#6769 = DIRECTION('',(0.,1.));
#6770 = ( GEOMETRIC_REPRESENTATION_CONTEXT(2) 
PARAMETRIC_REPRESENTATION_CONTEXT() REPRESENTATION_CONTEXT('2D SPACE',''
  ) );
#6771 = PCURVE('',#6582,#6772);
#6772 = DEFINITIONAL_REPRESENTATION('',(#6773),#6777);
#6773 = LINE('',#6774,#6775);
#6774 = CARTESIAN_POINT('',(0.,-0.));
#6775 = VECTOR('',#6776,1.);
#6776 = DIRECTION('',(0.,1.));
#6777 = ( GEOMETRIC_REPRESENTATION_CONTEXT(2) 
PARAMETRIC_REPRESENTATION_CONTEXT() REPRESENTATION_CONTEXT('2D SPACE',''
  ) );
#6778 = ORIENTED_EDGE('',*,*,#6779,.F.);
#6779 = EDGE_CURVE('',#6757,#6757,#6780,.T.);
#6780 = SURFACE_CURVE('',#6781,(#6786,#6793),.PCURVE_S1.);
#6781 = CIRCLE('',#6782,19.05);
#6782 = AXIS2_PLACEMENT_3D('',#6783,#6784,#6785);
#6783 = CARTESIAN_POINT('',(25.,-190.,2.2085E+03));
#6784 = DIRECTION('',(0.,1.,0.));
#6785 = DIRECTION('',(0.,-0.,1.));
#6786 = PCURVE('',#6582,#6787);
#6787 = DEFINITIONAL_REPRESENTATION('',(#6788),#6792);
#6788 = LINE('',#6789,#6790);
#6789 = CARTESIAN_POINT('',(0.,250.));
#6790 = VECTOR('',#6791,1.);
#6791 = DIRECTION('',(1.,0.));
#6792 = ( GEOMETRIC_REPRESENTATION_CONTEXT(2) 
PARAMETRIC_REPRESENTATION_CONTEXT() REPRESENTATION_CONTEXT('2D SPACE',''
  ) );
#6793 = PCURVE('',#6794,#6799);
#6794 = PLANE('',#6795);
#6795 = AXIS2_PLACEMENT_3D('',#6796,#6797,#6798);
#6796 = CARTESIAN_POINT('',(25.,-190.,2.2085E+03));
#6797 = DIRECTION('',(0.,1.,0.));
#6798 = DIRECTION('',(0.,-0.,1.));
#6799 = DEFINITIONAL_REPRESENTATION('',(#6800),#6804);
#6800 = CIRCLE('',#6801,19.05);
#6801 = AXIS2_PLACEMENT_2D('',#6802,#6803);
#6802 = CARTESIAN_POINT('',(0.,0.));
#6803 = DIRECTION('',(1.,0.));
#6804 = ( GEOMETRIC_REPRESENTATION_CONTEXT(2) 
PARAMETRIC_REPRESENTATION_CONTEXT() REPRESENTATION_CONTEXT('2D SPACE',''
  ) );
#6805 = ORIENTED_EDGE('',*,*,#6756,.F.);
#6806 = ORIENTED_EDGE('',*,*,#6248,.T.);
#6807 = ADVANCED_FACE('',(#6808),#6794,.T.);
#6808 = FACE_BOUND('',#6809,.T.);
#6809 = EDGE_LOOP('',(#6810));
#6810 = ORIENTED_EDGE('',*,*,#6779,.T.);
#6811 = ADVANCED_FACE('',(#6812,#6815),#6186,.F.);
#6812 = FACE_BOUND('',#6813,.F.);
#6813 = EDGE_LOOP('',(#6814));
#6814 = ORIENTED_EDGE('',*,*,#6169,.T.);
#6815 = FACE_BOUND('',#6816,.F.);
#6816 = EDGE_LOOP('',(#6817));
#6817 = ORIENTED_EDGE('',*,*,#6818,.F.);
#6818 = EDGE_CURVE('',#6819,#6819,#6821,.T.);
#6819 = VERTEX_POINT('',#6820);
#6820 = CARTESIAN_POINT('',(51.25,-440.,1.8908E+03));
#6821 = SURFACE_CURVE('',#6822,(#6827,#6834),.PCURVE_S1.);
#6822 = CIRCLE('',#6823,26.25);
#6823 = AXIS2_PLACEMENT_3D('',#6824,#6825,#6826);
#6824 = CARTESIAN_POINT('',(25.,-440.,1.8908E+03));
#6825 = DIRECTION('',(0.,0.,1.));
#6826 = DIRECTION('',(1.,0.,-0.));
#6827 = PCURVE('',#6186,#6828);
#6828 = DEFINITIONAL_REPRESENTATION('',(#6829),#6833);
#6829 = CIRCLE('',#6830,26.25);
#6830 = AXIS2_PLACEMENT_2D('',#6831,#6832);
#6831 = CARTESIAN_POINT('',(0.,0.));
#6832 = DIRECTION('',(1.,0.));
#6833 = ( GEOMETRIC_REPRESENTATION_CONTEXT(2) 
PARAMETRIC_REPRESENTATION_CONTEXT() REPRESENTATION_CONTEXT('2D SPACE',''
  ) );
#6834 = PCURVE('',#6835,#6840);
#6835 = CONICAL_SURFACE('',#6836,51.15,0.777430204536);
#6836 = AXIS2_PLACEMENT_3D('',#6837,#6838,#6839);
#6837 = CARTESIAN_POINT('',(25.,-440.,1.8655E+03));
#6838 = DIRECTION('',(-0.,-0.,-1.));
#6839 = DIRECTION('',(1.,0.,-0.));
#6840 = DEFINITIONAL_REPRESENTATION('',(#6841),#6845);
#6841 = LINE('',#6842,#6843);
#6842 = CARTESIAN_POINT('',(-0.,-25.3));
#6843 = VECTOR('',#6844,1.);
#6844 = DIRECTION('',(-1.,-0.));
#6845 = ( GEOMETRIC_REPRESENTATION_CONTEXT(2) 
PARAMETRIC_REPRESENTATION_CONTEXT() REPRESENTATION_CONTEXT('2D SPACE',''
  ) );
#6846 = ADVANCED_FACE('',(#6847),#6835,.T.);
#6847 = FACE_BOUND('',#6848,.T.);
#6848 = EDGE_LOOP('',(#6849,#6850,#6873,#6900));
#6849 = ORIENTED_EDGE('',*,*,#6818,.F.);
#6850 = ORIENTED_EDGE('',*,*,#6851,.F.);
#6851 = EDGE_CURVE('',#6852,#6819,#6854,.T.);
#6852 = VERTEX_POINT('',#6853);
#6853 = CARTESIAN_POINT('',(76.15,-440.,1.8655E+03));
#6854 = SEAM_CURVE('',#6855,(#6859,#6866),.PCURVE_S1.);
#6855 = LINE('',#6856,#6857);
#6856 = CARTESIAN_POINT('',(76.15,-440.,1.8655E+03));
#6857 = VECTOR('',#6858,1.);
#6858 = DIRECTION('',(-0.701450196652,1.718057476182E-16,0.712718472903)
  );
#6859 = PCURVE('',#6835,#6860);
#6860 = DEFINITIONAL_REPRESENTATION('',(#6861),#6865);
#6861 = LINE('',#6862,#6863);
#6862 = CARTESIAN_POINT('',(-6.28318530718,0.));
#6863 = VECTOR('',#6864,1.);
#6864 = DIRECTION('',(-0.,-1.));
#6865 = ( GEOMETRIC_REPRESENTATION_CONTEXT(2) 
PARAMETRIC_REPRESENTATION_CONTEXT() REPRESENTATION_CONTEXT('2D SPACE',''
  ) );
#6866 = PCURVE('',#6835,#6867);
#6867 = DEFINITIONAL_REPRESENTATION('',(#6868),#6872);
#6868 = LINE('',#6869,#6870);
#6869 = CARTESIAN_POINT('',(0.,-0.));
#6870 = VECTOR('',#6871,1.);
#6871 = DIRECTION('',(-0.,-1.));
#6872 = ( GEOMETRIC_REPRESENTATION_CONTEXT(2) 
PARAMETRIC_REPRESENTATION_CONTEXT() REPRESENTATION_CONTEXT('2D SPACE',''
  ) );
#6873 = ORIENTED_EDGE('',*,*,#6874,.T.);
#6874 = EDGE_CURVE('',#6852,#6852,#6875,.T.);
#6875 = SURFACE_CURVE('',#6876,(#6881,#6888),.PCURVE_S1.);
#6876 = CIRCLE('',#6877,51.15);
#6877 = AXIS2_PLACEMENT_3D('',#6878,#6879,#6880);
#6878 = CARTESIAN_POINT('',(25.,-440.,1.8655E+03));
#6879 = DIRECTION('',(0.,0.,1.));
#6880 = DIRECTION('',(1.,0.,-0.));
#6881 = PCURVE('',#6835,#6882);
#6882 = DEFINITIONAL_REPRESENTATION('',(#6883),#6887);
#6883 = LINE('',#6884,#6885);
#6884 = CARTESIAN_POINT('',(-0.,-0.));
#6885 = VECTOR('',#6886,1.);
#6886 = DIRECTION('',(-1.,-0.));
#6887 = ( GEOMETRIC_REPRESENTATION_CONTEXT(2) 
PARAMETRIC_REPRESENTATION_CONTEXT() REPRESENTATION_CONTEXT('2D SPACE',''
  ) );
#6888 = PCURVE('',#6889,#6894);
#6889 = PLANE('',#6890);
#6890 = AXIS2_PLACEMENT_3D('',#6891,#6892,#6893);
#6891 = CARTESIAN_POINT('',(25.,-440.,1.8655E+03));
#6892 = DIRECTION('',(0.,0.,1.));
#6893 = DIRECTION('',(1.,0.,-0.));
#6894 = DEFINITIONAL_REPRESENTATION('',(#6895),#6899);
#6895 = CIRCLE('',#6896,51.15);
#6896 = AXIS2_PLACEMENT_2D('',#6897,#6898);
#6897 = CARTESIAN_POINT('',(0.,0.));
#6898 = DIRECTION('',(1.,0.));
#6899 = ( GEOMETRIC_REPRESENTATION_CONTEXT(2) 
PARAMETRIC_REPRESENTATION_CONTEXT() REPRESENTATION_CONTEXT('2D SPACE',''
  ) );
#6900 = ORIENTED_EDGE('',*,*,#6851,.T.);
#6901 = ADVANCED_FACE('',(#6902,#6905,#6936,#6967,#6998,#7029,#7060,
    #7091),#6889,.F.);
#6902 = FACE_BOUND('',#6903,.F.);
#6903 = EDGE_LOOP('',(#6904));
#6904 = ORIENTED_EDGE('',*,*,#6874,.T.);
#6905 = FACE_BOUND('',#6906,.F.);
#6906 = EDGE_LOOP('',(#6907));
#6907 = ORIENTED_EDGE('',*,*,#6908,.F.);
#6908 = EDGE_CURVE('',#6909,#6909,#6911,.T.);
#6909 = VERTEX_POINT('',#6910);
#6910 = CARTESIAN_POINT('',(22.75,-451.691342951,1.8655E+03));
#6911 = SURFACE_CURVE('',#6912,(#6917,#6924),.PCURVE_S1.);
#6912 = CIRCLE('',#6913,4.5);
#6913 = AXIS2_PLACEMENT_3D('',#6914,#6915,#6916);
#6914 = CARTESIAN_POINT('',(18.25,-451.691342951,1.8655E+03));
#6915 = DIRECTION('',(0.,0.,1.));
#6916 = DIRECTION('',(1.,0.,-0.));
#6917 = PCURVE('',#6889,#6918);
#6918 = DEFINITIONAL_REPRESENTATION('',(#6919),#6923);
#6919 = CIRCLE('',#6920,4.5);
#6920 = AXIS2_PLACEMENT_2D('',#6921,#6922);
#6921 = CARTESIAN_POINT('',(-6.75,-11.69134295109));
#6922 = DIRECTION('',(1.,0.));
#6923 = ( GEOMETRIC_REPRESENTATION_CONTEXT(2) 
PARAMETRIC_REPRESENTATION_CONTEXT() REPRESENTATION_CONTEXT('2D SPACE',''
  ) );
#6924 = PCURVE('',#6925,#6930);
#6925 = CYLINDRICAL_SURFACE('',#6926,4.5);
#6926 = AXIS2_PLACEMENT_3D('',#6927,#6928,#6929);
#6927 = CARTESIAN_POINT('',(18.25,-451.691342951,1.8408E+03));
#6928 = DIRECTION('',(0.,0.,1.));
#6929 = DIRECTION('',(1.,0.,-0.));
#6930 = DEFINITIONAL_REPRESENTATION('',(#6931),#6935);
#6931 = LINE('',#6932,#6933);
#6932 = CARTESIAN_POINT('',(0.,24.7));
#6933 = VECTOR('',#6934,1.);
#6934 = DIRECTION('',(1.,0.));
#6935 = ( GEOMETRIC_REPRESENTATION_CONTEXT(2) 
PARAMETRIC_REPRESENTATION_CONTEXT() REPRESENTATION_CONTEXT('2D SPACE',''
  ) );
#6936 = FACE_BOUND('',#6937,.F.);
#6937 = EDGE_LOOP('',(#6938));
#6938 = ORIENTED_EDGE('',*,*,#6939,.F.);
#6939 = EDGE_CURVE('',#6940,#6940,#6942,.T.);
#6940 = VERTEX_POINT('',#6941);
#6941 = CARTESIAN_POINT('',(16.,-440.,1.8655E+03));
#6942 = SURFACE_CURVE('',#6943,(#6948,#6955),.PCURVE_S1.);
#6943 = CIRCLE('',#6944,4.5);
#6944 = AXIS2_PLACEMENT_3D('',#6945,#6946,#6947);
#6945 = CARTESIAN_POINT('',(11.5,-440.,1.8655E+03));
#6946 = DIRECTION('',(0.,0.,1.));
#6947 = DIRECTION('',(1.,0.,-0.));
#6948 = PCURVE('',#6889,#6949);
#6949 = DEFINITIONAL_REPRESENTATION('',(#6950),#6954);
#6950 = CIRCLE('',#6951,4.5);
#6951 = AXIS2_PLACEMENT_2D('',#6952,#6953);
#6952 = CARTESIAN_POINT('',(-13.5,0.));
#6953 = DIRECTION('',(1.,0.));
#6954 = ( GEOMETRIC_REPRESENTATION_CONTEXT(2) 
PARAMETRIC_REPRESENTATION_CONTEXT() REPRESENTATION_CONTEXT('2D SPACE',''
  ) );
#6955 = PCURVE('',#6956,#6961);
#6956 = CYLINDRICAL_SURFACE('',#6957,4.5);
#6957 = AXIS2_PLACEMENT_3D('',#6958,#6959,#6960);
#6958 = CARTESIAN_POINT('',(11.5,-440.,1.8408E+03));
#6959 = DIRECTION('',(0.,0.,1.));
#6960 = DIRECTION('',(1.,0.,-0.));
#6961 = DEFINITIONAL_REPRESENTATION('',(#6962),#6966);
#6962 = LINE('',#6963,#6964);
#6963 = CARTESIAN_POINT('',(0.,24.7));
#6964 = VECTOR('',#6965,1.);
#6965 = DIRECTION('',(1.,0.));
#6966 = ( GEOMETRIC_REPRESENTATION_CONTEXT(2) 
PARAMETRIC_REPRESENTATION_CONTEXT() REPRESENTATION_CONTEXT('2D SPACE',''
  ) );
#6967 = FACE_BOUND('',#6968,.F.);
#6968 = EDGE_LOOP('',(#6969));
#6969 = ORIENTED_EDGE('',*,*,#6970,.F.);
#6970 = EDGE_CURVE('',#6971,#6971,#6973,.T.);
#6971 = VERTEX_POINT('',#6972);
#6972 = CARTESIAN_POINT('',(36.25,-451.691342951,1.8655E+03));
#6973 = SURFACE_CURVE('',#6974,(#6979,#6986),.PCURVE_S1.);
#6974 = CIRCLE('',#6975,4.5);
#6975 = AXIS2_PLACEMENT_3D('',#6976,#6977,#6978);
#6976 = CARTESIAN_POINT('',(31.75,-451.691342951,1.8655E+03));
#6977 = DIRECTION('',(0.,0.,1.));
#6978 = DIRECTION('',(1.,0.,-0.));
#6979 = PCURVE('',#6889,#6980);
#6980 = DEFINITIONAL_REPRESENTATION('',(#6981),#6985);
#6981 = CIRCLE('',#6982,4.5);
#6982 = AXIS2_PLACEMENT_2D('',#6983,#6984);
#6983 = CARTESIAN_POINT('',(6.75,-11.69134295109));
#6984 = DIRECTION('',(1.,0.));
#6985 = ( GEOMETRIC_REPRESENTATION_CONTEXT(2) 
PARAMETRIC_REPRESENTATION_CONTEXT() REPRESENTATION_CONTEXT('2D SPACE',''
  ) );
#6986 = PCURVE('',#6987,#6992);
#6987 = CYLINDRICAL_SURFACE('',#6988,4.5);
#6988 = AXIS2_PLACEMENT_3D('',#6989,#6990,#6991);
#6989 = CARTESIAN_POINT('',(31.75,-451.691342951,1.8408E+03));
#6990 = DIRECTION('',(0.,0.,1.));
#6991 = DIRECTION('',(1.,0.,-0.));
#6992 = DEFINITIONAL_REPRESENTATION('',(#6993),#6997);
#6993 = LINE('',#6994,#6995);
#6994 = CARTESIAN_POINT('',(0.,24.7));
#6995 = VECTOR('',#6996,1.);
#6996 = DIRECTION('',(1.,0.));
#6997 = ( GEOMETRIC_REPRESENTATION_CONTEXT(2) 
PARAMETRIC_REPRESENTATION_CONTEXT() REPRESENTATION_CONTEXT('2D SPACE',''
  ) );
#6998 = FACE_BOUND('',#6999,.F.);
#6999 = EDGE_LOOP('',(#7000));
#7000 = ORIENTED_EDGE('',*,*,#7001,.F.);
#7001 = EDGE_CURVE('',#7002,#7002,#7004,.T.);
#7002 = VERTEX_POINT('',#7003);
#7003 = CARTESIAN_POINT('',(29.5,-440.,1.8655E+03));
#7004 = SURFACE_CURVE('',#7005,(#7010,#7017),.PCURVE_S1.);
#7005 = CIRCLE('',#7006,4.5);
#7006 = AXIS2_PLACEMENT_3D('',#7007,#7008,#7009);
#7007 = CARTESIAN_POINT('',(25.,-440.,1.8655E+03));
#7008 = DIRECTION('',(0.,0.,1.));
#7009 = DIRECTION('',(1.,0.,-0.));
#7010 = PCURVE('',#6889,#7011);
#7011 = DEFINITIONAL_REPRESENTATION('',(#7012),#7016);
#7012 = CIRCLE('',#7013,4.5);
#7013 = AXIS2_PLACEMENT_2D('',#7014,#7015);
#7014 = CARTESIAN_POINT('',(0.,0.));
#7015 = DIRECTION('',(1.,0.));
#7016 = ( GEOMETRIC_REPRESENTATION_CONTEXT(2) 
PARAMETRIC_REPRESENTATION_CONTEXT() REPRESENTATION_CONTEXT('2D SPACE',''
  ) );
#7017 = PCURVE('',#7018,#7023);
#7018 = CYLINDRICAL_SURFACE('',#7019,4.5);
#7019 = AXIS2_PLACEMENT_3D('',#7020,#7021,#7022);
#7020 = CARTESIAN_POINT('',(25.,-440.,1.8408E+03));
#7021 = DIRECTION('',(0.,0.,1.));
#7022 = DIRECTION('',(1.,0.,-0.));
#7023 = DEFINITIONAL_REPRESENTATION('',(#7024),#7028);
#7024 = LINE('',#7025,#7026);
#7025 = CARTESIAN_POINT('',(0.,24.7));
#7026 = VECTOR('',#7027,1.);
#7027 = DIRECTION('',(1.,0.));
#7028 = ( GEOMETRIC_REPRESENTATION_CONTEXT(2) 
PARAMETRIC_REPRESENTATION_CONTEXT() REPRESENTATION_CONTEXT('2D SPACE',''
  ) );
#7029 = FACE_BOUND('',#7030,.F.);
#7030 = EDGE_LOOP('',(#7031));
#7031 = ORIENTED_EDGE('',*,*,#7032,.F.);
#7032 = EDGE_CURVE('',#7033,#7033,#7035,.T.);
#7033 = VERTEX_POINT('',#7034);
#7034 = CARTESIAN_POINT('',(43.,-440.,1.8655E+03));
#7035 = SURFACE_CURVE('',#7036,(#7041,#7048),.PCURVE_S1.);
#7036 = CIRCLE('',#7037,4.5);
#7037 = AXIS2_PLACEMENT_3D('',#7038,#7039,#7040);
#7038 = CARTESIAN_POINT('',(38.5,-440.,1.8655E+03));
#7039 = DIRECTION('',(0.,0.,1.));
#7040 = DIRECTION('',(1.,0.,-0.));
#7041 = PCURVE('',#6889,#7042);
#7042 = DEFINITIONAL_REPRESENTATION('',(#7043),#7047);
#7043 = CIRCLE('',#7044,4.5);
#7044 = AXIS2_PLACEMENT_2D('',#7045,#7046);
#7045 = CARTESIAN_POINT('',(13.5,0.));
#7046 = DIRECTION('',(1.,0.));
#7047 = ( GEOMETRIC_REPRESENTATION_CONTEXT(2) 
PARAMETRIC_REPRESENTATION_CONTEXT() REPRESENTATION_CONTEXT('2D SPACE',''
  ) );
#7048 = PCURVE('',#7049,#7054);
#7049 = CYLINDRICAL_SURFACE('',#7050,4.5);
#7050 = AXIS2_PLACEMENT_3D('',#7051,#7052,#7053);
#7051 = CARTESIAN_POINT('',(38.5,-440.,1.8408E+03));
#7052 = DIRECTION('',(0.,0.,1.));
#7053 = DIRECTION('',(1.,0.,-0.));
#7054 = DEFINITIONAL_REPRESENTATION('',(#7055),#7059);
#7055 = LINE('',#7056,#7057);
#7056 = CARTESIAN_POINT('',(0.,24.7));
#7057 = VECTOR('',#7058,1.);
#7058 = DIRECTION('',(1.,0.));
#7059 = ( GEOMETRIC_REPRESENTATION_CONTEXT(2) 
PARAMETRIC_REPRESENTATION_CONTEXT() REPRESENTATION_CONTEXT('2D SPACE',''
  ) );
#7060 = FACE_BOUND('',#7061,.F.);
#7061 = EDGE_LOOP('',(#7062));
#7062 = ORIENTED_EDGE('',*,*,#7063,.F.);
#7063 = EDGE_CURVE('',#7064,#7064,#7066,.T.);
#7064 = VERTEX_POINT('',#7065);
#7065 = CARTESIAN_POINT('',(22.75,-428.3086570489,1.8655E+03));
#7066 = SURFACE_CURVE('',#7067,(#7072,#7079),.PCURVE_S1.);
#7067 = CIRCLE('',#7068,4.5);
#7068 = AXIS2_PLACEMENT_3D('',#7069,#7070,#7071);
#7069 = CARTESIAN_POINT('',(18.25,-428.3086570489,1.8655E+03));
#7070 = DIRECTION('',(0.,0.,1.));
#7071 = DIRECTION('',(1.,0.,-0.));
#7072 = PCURVE('',#6889,#7073);
#7073 = DEFINITIONAL_REPRESENTATION('',(#7074),#7078);
#7074 = CIRCLE('',#7075,4.5);
#7075 = AXIS2_PLACEMENT_2D('',#7076,#7077);
#7076 = CARTESIAN_POINT('',(-6.75,11.69134295109));
#7077 = DIRECTION('',(1.,0.));
#7078 = ( GEOMETRIC_REPRESENTATION_CONTEXT(2) 
PARAMETRIC_REPRESENTATION_CONTEXT() REPRESENTATION_CONTEXT('2D SPACE',''
  ) );
#7079 = PCURVE('',#7080,#7085);
#7080 = CYLINDRICAL_SURFACE('',#7081,4.5);
#7081 = AXIS2_PLACEMENT_3D('',#7082,#7083,#7084);
#7082 = CARTESIAN_POINT('',(18.25,-428.3086570489,1.8408E+03));
#7083 = DIRECTION('',(0.,0.,1.));
#7084 = DIRECTION('',(1.,0.,-0.));
#7085 = DEFINITIONAL_REPRESENTATION('',(#7086),#7090);
#7086 = LINE('',#7087,#7088);
#7087 = CARTESIAN_POINT('',(0.,24.7));
#7088 = VECTOR('',#7089,1.);
#7089 = DIRECTION('',(1.,0.));
#7090 = ( GEOMETRIC_REPRESENTATION_CONTEXT(2) 
PARAMETRIC_REPRESENTATION_CONTEXT() REPRESENTATION_CONTEXT('2D SPACE',''
  ) );
#7091 = FACE_BOUND('',#7092,.F.);
#7092 = EDGE_LOOP('',(#7093));
#7093 = ORIENTED_EDGE('',*,*,#7094,.F.);
#7094 = EDGE_CURVE('',#7095,#7095,#7097,.T.);
#7095 = VERTEX_POINT('',#7096);
#7096 = CARTESIAN_POINT('',(36.25,-428.3086570489,1.8655E+03));
#7097 = SURFACE_CURVE('',#7098,(#7103,#7110),.PCURVE_S1.);
#7098 = CIRCLE('',#7099,4.5);
#7099 = AXIS2_PLACEMENT_3D('',#7100,#7101,#7102);
#7100 = CARTESIAN_POINT('',(31.75,-428.3086570489,1.8655E+03));
#7101 = DIRECTION('',(0.,0.,1.));
#7102 = DIRECTION('',(1.,0.,-0.));
#7103 = PCURVE('',#6889,#7104);
#7104 = DEFINITIONAL_REPRESENTATION('',(#7105),#7109);
#7105 = CIRCLE('',#7106,4.5);
#7106 = AXIS2_PLACEMENT_2D('',#7107,#7108);
#7107 = CARTESIAN_POINT('',(6.75,11.69134295109));
#7108 = DIRECTION('',(1.,0.));
#7109 = ( GEOMETRIC_REPRESENTATION_CONTEXT(2) 
PARAMETRIC_REPRESENTATION_CONTEXT() REPRESENTATION_CONTEXT('2D SPACE',''
  ) );
#7110 = PCURVE('',#7111,#7116);
#7111 = CYLINDRICAL_SURFACE('',#7112,4.5);
#7112 = AXIS2_PLACEMENT_3D('',#7113,#7114,#7115);
#7113 = CARTESIAN_POINT('',(31.75,-428.3086570489,1.8408E+03));
#7114 = DIRECTION('',(0.,0.,1.));
#7115 = DIRECTION('',(1.,0.,-0.));
#7116 = DEFINITIONAL_REPRESENTATION('',(#7117),#7121);
#7117 = LINE('',#7118,#7119);
#7118 = CARTESIAN_POINT('',(0.,24.7));
#7119 = VECTOR('',#7120,1.);
#7120 = DIRECTION('',(1.,0.));
#7121 = ( GEOMETRIC_REPRESENTATION_CONTEXT(2) 
PARAMETRIC_REPRESENTATION_CONTEXT() REPRESENTATION_CONTEXT('2D SPACE',''
  ) );
#7122 = ADVANCED_FACE('',(#7123),#7111,.T.);
#7123 = FACE_BOUND('',#7124,.T.);
#7124 = EDGE_LOOP('',(#7125,#7126,#7149,#7176));
#7125 = ORIENTED_EDGE('',*,*,#7094,.F.);
#7126 = ORIENTED_EDGE('',*,*,#7127,.F.);
#7127 = EDGE_CURVE('',#7128,#7095,#7130,.T.);
#7128 = VERTEX_POINT('',#7129);
#7129 = CARTESIAN_POINT('',(36.25,-428.3086570489,1.8408E+03));
#7130 = SEAM_CURVE('',#7131,(#7135,#7142),.PCURVE_S1.);
#7131 = LINE('',#7132,#7133);
#7132 = CARTESIAN_POINT('',(36.25,-428.3086570489,1.8408E+03));
#7133 = VECTOR('',#7134,1.);
#7134 = DIRECTION('',(0.,0.,1.));
#7135 = PCURVE('',#7111,#7136);
#7136 = DEFINITIONAL_REPRESENTATION('',(#7137),#7141);
#7137 = LINE('',#7138,#7139);
#7138 = CARTESIAN_POINT('',(6.28318530718,-0.));
#7139 = VECTOR('',#7140,1.);
#7140 = DIRECTION('',(0.,1.));
#7141 = ( GEOMETRIC_REPRESENTATION_CONTEXT(2) 
PARAMETRIC_REPRESENTATION_CONTEXT() REPRESENTATION_CONTEXT('2D SPACE',''
  ) );
#7142 = PCURVE('',#7111,#7143);
#7143 = DEFINITIONAL_REPRESENTATION('',(#7144),#7148);
#7144 = LINE('',#7145,#7146);
#7145 = CARTESIAN_POINT('',(0.,-0.));
#7146 = VECTOR('',#7147,1.);
#7147 = DIRECTION('',(0.,1.));
#7148 = ( GEOMETRIC_REPRESENTATION_CONTEXT(2) 
PARAMETRIC_REPRESENTATION_CONTEXT() REPRESENTATION_CONTEXT('2D SPACE',''
  ) );
#7149 = ORIENTED_EDGE('',*,*,#7150,.T.);
#7150 = EDGE_CURVE('',#7128,#7128,#7151,.T.);
#7151 = SURFACE_CURVE('',#7152,(#7157,#7164),.PCURVE_S1.);
#7152 = CIRCLE('',#7153,4.5);
#7153 = AXIS2_PLACEMENT_3D('',#7154,#7155,#7156);
#7154 = CARTESIAN_POINT('',(31.75,-428.3086570489,1.8408E+03));
#7155 = DIRECTION('',(0.,0.,1.));
#7156 = DIRECTION('',(1.,0.,-0.));
#7157 = PCURVE('',#7111,#7158);
#7158 = DEFINITIONAL_REPRESENTATION('',(#7159),#7163);
#7159 = LINE('',#7160,#7161);
#7160 = CARTESIAN_POINT('',(0.,0.));
#7161 = VECTOR('',#7162,1.);
#7162 = DIRECTION('',(1.,0.));
#7163 = ( GEOMETRIC_REPRESENTATION_CONTEXT(2) 
PARAMETRIC_REPRESENTATION_CONTEXT() REPRESENTATION_CONTEXT('2D SPACE',''
  ) );
#7164 = PCURVE('',#7165,#7170);
#7165 = PLANE('',#7166);
#7166 = AXIS2_PLACEMENT_3D('',#7167,#7168,#7169);
#7167 = CARTESIAN_POINT('',(25.,-440.,1.8408E+03));
#7168 = DIRECTION('',(0.,0.,1.));
#7169 = DIRECTION('',(1.,0.,-0.));
#7170 = DEFINITIONAL_REPRESENTATION('',(#7171),#7175);
#7171 = CIRCLE('',#7172,4.5);
#7172 = AXIS2_PLACEMENT_2D('',#7173,#7174);
#7173 = CARTESIAN_POINT('',(6.75,11.69134295109));
#7174 = DIRECTION('',(1.,0.));
#7175 = ( GEOMETRIC_REPRESENTATION_CONTEXT(2) 
PARAMETRIC_REPRESENTATION_CONTEXT() REPRESENTATION_CONTEXT('2D SPACE',''
  ) );
#7176 = ORIENTED_EDGE('',*,*,#7127,.T.);
#7177 = ADVANCED_FACE('',(#7178,#7209,#7235,#7261,#7287,#7313,#7339,
    #7365),#7165,.T.);
#7178 = FACE_BOUND('',#7179,.T.);
#7179 = EDGE_LOOP('',(#7180));
#7180 = ORIENTED_EDGE('',*,*,#7181,.T.);
#7181 = EDGE_CURVE('',#7182,#7182,#7184,.T.);
#7182 = VERTEX_POINT('',#7183);
#7183 = CARTESIAN_POINT('',(56.35,-440.,1.8408E+03));
#7184 = SURFACE_CURVE('',#7185,(#7190,#7197),.PCURVE_S1.);
#7185 = CIRCLE('',#7186,31.35);
#7186 = AXIS2_PLACEMENT_3D('',#7187,#7188,#7189);
#7187 = CARTESIAN_POINT('',(25.,-440.,1.8408E+03));
#7188 = DIRECTION('',(0.,0.,1.));
#7189 = DIRECTION('',(1.,0.,-0.));
#7190 = PCURVE('',#7165,#7191);
#7191 = DEFINITIONAL_REPRESENTATION('',(#7192),#7196);
#7192 = CIRCLE('',#7193,31.35);
#7193 = AXIS2_PLACEMENT_2D('',#7194,#7195);
#7194 = CARTESIAN_POINT('',(0.,0.));
#7195 = DIRECTION('',(1.,0.));
#7196 = ( GEOMETRIC_REPRESENTATION_CONTEXT(2) 
PARAMETRIC_REPRESENTATION_CONTEXT() REPRESENTATION_CONTEXT('2D SPACE',''
  ) );
#7197 = PCURVE('',#7198,#7203);
#7198 = CYLINDRICAL_SURFACE('',#7199,31.35);
#7199 = AXIS2_PLACEMENT_3D('',#7200,#7201,#7202);
#7200 = CARTESIAN_POINT('',(25.,-440.,-5.2465E+03));
#7201 = DIRECTION('',(0.,0.,1.));
#7202 = DIRECTION('',(1.,0.,-0.));
#7203 = DEFINITIONAL_REPRESENTATION('',(#7204),#7208);
#7204 = LINE('',#7205,#7206);
#7205 = CARTESIAN_POINT('',(0.,7.0873E+03));
#7206 = VECTOR('',#7207,1.);
#7207 = DIRECTION('',(1.,0.));
#7208 = ( GEOMETRIC_REPRESENTATION_CONTEXT(2) 
PARAMETRIC_REPRESENTATION_CONTEXT() REPRESENTATION_CONTEXT('2D SPACE',''
  ) );
#7209 = FACE_BOUND('',#7210,.T.);
#7210 = EDGE_LOOP('',(#7211));
#7211 = ORIENTED_EDGE('',*,*,#7212,.F.);
#7212 = EDGE_CURVE('',#7213,#7213,#7215,.T.);
#7213 = VERTEX_POINT('',#7214);
#7214 = CARTESIAN_POINT('',(22.75,-451.691342951,1.8408E+03));
#7215 = SURFACE_CURVE('',#7216,(#7221,#7228),.PCURVE_S1.);
#7216 = CIRCLE('',#7217,4.5);
#7217 = AXIS2_PLACEMENT_3D('',#7218,#7219,#7220);
#7218 = CARTESIAN_POINT('',(18.25,-451.691342951,1.8408E+03));
#7219 = DIRECTION('',(0.,0.,1.));
#7220 = DIRECTION('',(1.,0.,-0.));
#7221 = PCURVE('',#7165,#7222);
#7222 = DEFINITIONAL_REPRESENTATION('',(#7223),#7227);
#7223 = CIRCLE('',#7224,4.5);
#7224 = AXIS2_PLACEMENT_2D('',#7225,#7226);
#7225 = CARTESIAN_POINT('',(-6.75,-11.69134295109));
#7226 = DIRECTION('',(1.,0.));
#7227 = ( GEOMETRIC_REPRESENTATION_CONTEXT(2) 
PARAMETRIC_REPRESENTATION_CONTEXT() REPRESENTATION_CONTEXT('2D SPACE',''
  ) );
#7228 = PCURVE('',#6925,#7229);
#7229 = DEFINITIONAL_REPRESENTATION('',(#7230),#7234);
#7230 = LINE('',#7231,#7232);
#7231 = CARTESIAN_POINT('',(0.,0.));
#7232 = VECTOR('',#7233,1.);
#7233 = DIRECTION('',(1.,0.));
#7234 = ( GEOMETRIC_REPRESENTATION_CONTEXT(2) 
PARAMETRIC_REPRESENTATION_CONTEXT() REPRESENTATION_CONTEXT('2D SPACE',''
  ) );
#7235 = FACE_BOUND('',#7236,.T.);
#7236 = EDGE_LOOP('',(#7237));
#7237 = ORIENTED_EDGE('',*,*,#7238,.F.);
#7238 = EDGE_CURVE('',#7239,#7239,#7241,.T.);
#7239 = VERTEX_POINT('',#7240);
#7240 = CARTESIAN_POINT('',(16.,-440.,1.8408E+03));
#7241 = SURFACE_CURVE('',#7242,(#7247,#7254),.PCURVE_S1.);
#7242 = CIRCLE('',#7243,4.5);
#7243 = AXIS2_PLACEMENT_3D('',#7244,#7245,#7246);
#7244 = CARTESIAN_POINT('',(11.5,-440.,1.8408E+03));
#7245 = DIRECTION('',(0.,0.,1.));
#7246 = DIRECTION('',(1.,0.,-0.));
#7247 = PCURVE('',#7165,#7248);
#7248 = DEFINITIONAL_REPRESENTATION('',(#7249),#7253);
#7249 = CIRCLE('',#7250,4.5);
#7250 = AXIS2_PLACEMENT_2D('',#7251,#7252);
#7251 = CARTESIAN_POINT('',(-13.5,0.));
#7252 = DIRECTION('',(1.,0.));
#7253 = ( GEOMETRIC_REPRESENTATION_CONTEXT(2) 
PARAMETRIC_REPRESENTATION_CONTEXT() REPRESENTATION_CONTEXT('2D SPACE',''
  ) );
#7254 = PCURVE('',#6956,#7255);
#7255 = DEFINITIONAL_REPRESENTATION('',(#7256),#7260);
#7256 = LINE('',#7257,#7258);
#7257 = CARTESIAN_POINT('',(0.,0.));
#7258 = VECTOR('',#7259,1.);
#7259 = DIRECTION('',(1.,0.));
#7260 = ( GEOMETRIC_REPRESENTATION_CONTEXT(2) 
PARAMETRIC_REPRESENTATION_CONTEXT() REPRESENTATION_CONTEXT('2D SPACE',''
  ) );
#7261 = FACE_BOUND('',#7262,.T.);
#7262 = EDGE_LOOP('',(#7263));
#7263 = ORIENTED_EDGE('',*,*,#7264,.F.);
#7264 = EDGE_CURVE('',#7265,#7265,#7267,.T.);
#7265 = VERTEX_POINT('',#7266);
#7266 = CARTESIAN_POINT('',(36.25,-451.691342951,1.8408E+03));
#7267 = SURFACE_CURVE('',#7268,(#7273,#7280),.PCURVE_S1.);
#7268 = CIRCLE('',#7269,4.5);
#7269 = AXIS2_PLACEMENT_3D('',#7270,#7271,#7272);
#7270 = CARTESIAN_POINT('',(31.75,-451.691342951,1.8408E+03));
#7271 = DIRECTION('',(0.,0.,1.));
#7272 = DIRECTION('',(1.,0.,-0.));
#7273 = PCURVE('',#7165,#7274);
#7274 = DEFINITIONAL_REPRESENTATION('',(#7275),#7279);
#7275 = CIRCLE('',#7276,4.5);
#7276 = AXIS2_PLACEMENT_2D('',#7277,#7278);
#7277 = CARTESIAN_POINT('',(6.75,-11.69134295109));
#7278 = DIRECTION('',(1.,0.));
#7279 = ( GEOMETRIC_REPRESENTATION_CONTEXT(2) 
PARAMETRIC_REPRESENTATION_CONTEXT() REPRESENTATION_CONTEXT('2D SPACE',''
  ) );
#7280 = PCURVE('',#6987,#7281);
#7281 = DEFINITIONAL_REPRESENTATION('',(#7282),#7286);
#7282 = LINE('',#7283,#7284);
#7283 = CARTESIAN_POINT('',(0.,0.));
#7284 = VECTOR('',#7285,1.);
#7285 = DIRECTION('',(1.,0.));
#7286 = ( GEOMETRIC_REPRESENTATION_CONTEXT(2) 
PARAMETRIC_REPRESENTATION_CONTEXT() REPRESENTATION_CONTEXT('2D SPACE',''
  ) );
#7287 = FACE_BOUND('',#7288,.T.);
#7288 = EDGE_LOOP('',(#7289));
#7289 = ORIENTED_EDGE('',*,*,#7290,.F.);
#7290 = EDGE_CURVE('',#7291,#7291,#7293,.T.);
#7291 = VERTEX_POINT('',#7292);
#7292 = CARTESIAN_POINT('',(29.5,-440.,1.8408E+03));
#7293 = SURFACE_CURVE('',#7294,(#7299,#7306),.PCURVE_S1.);
#7294 = CIRCLE('',#7295,4.5);
#7295 = AXIS2_PLACEMENT_3D('',#7296,#7297,#7298);
#7296 = CARTESIAN_POINT('',(25.,-440.,1.8408E+03));
#7297 = DIRECTION('',(0.,0.,1.));
#7298 = DIRECTION('',(1.,0.,-0.));
#7299 = PCURVE('',#7165,#7300);
#7300 = DEFINITIONAL_REPRESENTATION('',(#7301),#7305);
#7301 = CIRCLE('',#7302,4.5);
#7302 = AXIS2_PLACEMENT_2D('',#7303,#7304);
#7303 = CARTESIAN_POINT('',(0.,0.));
#7304 = DIRECTION('',(1.,0.));
#7305 = ( GEOMETRIC_REPRESENTATION_CONTEXT(2) 
PARAMETRIC_REPRESENTATION_CONTEXT() REPRESENTATION_CONTEXT('2D SPACE',''
  ) );
#7306 = PCURVE('',#7018,#7307);
#7307 = DEFINITIONAL_REPRESENTATION('',(#7308),#7312);
#7308 = LINE('',#7309,#7310);
#7309 = CARTESIAN_POINT('',(0.,0.));
#7310 = VECTOR('',#7311,1.);
#7311 = DIRECTION('',(1.,0.));
#7312 = ( GEOMETRIC_REPRESENTATION_CONTEXT(2) 
PARAMETRIC_REPRESENTATION_CONTEXT() REPRESENTATION_CONTEXT('2D SPACE',''
  ) );
#7313 = FACE_BOUND('',#7314,.T.);
#7314 = EDGE_LOOP('',(#7315));
#7315 = ORIENTED_EDGE('',*,*,#7316,.F.);
#7316 = EDGE_CURVE('',#7317,#7317,#7319,.T.);
#7317 = VERTEX_POINT('',#7318);
#7318 = CARTESIAN_POINT('',(43.,-440.,1.8408E+03));
#7319 = SURFACE_CURVE('',#7320,(#7325,#7332),.PCURVE_S1.);
#7320 = CIRCLE('',#7321,4.5);
#7321 = AXIS2_PLACEMENT_3D('',#7322,#7323,#7324);
#7322 = CARTESIAN_POINT('',(38.5,-440.,1.8408E+03));
#7323 = DIRECTION('',(0.,0.,1.));
#7324 = DIRECTION('',(1.,0.,-0.));
#7325 = PCURVE('',#7165,#7326);
#7326 = DEFINITIONAL_REPRESENTATION('',(#7327),#7331);
#7327 = CIRCLE('',#7328,4.5);
#7328 = AXIS2_PLACEMENT_2D('',#7329,#7330);
#7329 = CARTESIAN_POINT('',(13.5,0.));
#7330 = DIRECTION('',(1.,0.));
#7331 = ( GEOMETRIC_REPRESENTATION_CONTEXT(2) 
PARAMETRIC_REPRESENTATION_CONTEXT() REPRESENTATION_CONTEXT('2D SPACE',''
  ) );
#7332 = PCURVE('',#7049,#7333);
#7333 = DEFINITIONAL_REPRESENTATION('',(#7334),#7338);
#7334 = LINE('',#7335,#7336);
#7335 = CARTESIAN_POINT('',(0.,0.));
#7336 = VECTOR('',#7337,1.);
#7337 = DIRECTION('',(1.,0.));
#7338 = ( GEOMETRIC_REPRESENTATION_CONTEXT(2) 
PARAMETRIC_REPRESENTATION_CONTEXT() REPRESENTATION_CONTEXT('2D SPACE',''
  ) );
#7339 = FACE_BOUND('',#7340,.T.);
#7340 = EDGE_LOOP('',(#7341));
#7341 = ORIENTED_EDGE('',*,*,#7342,.F.);
#7342 = EDGE_CURVE('',#7343,#7343,#7345,.T.);
#7343 = VERTEX_POINT('',#7344);
#7344 = CARTESIAN_POINT('',(22.75,-428.3086570489,1.8408E+03));
#7345 = SURFACE_CURVE('',#7346,(#7351,#7358),.PCURVE_S1.);
#7346 = CIRCLE('',#7347,4.5);
#7347 = AXIS2_PLACEMENT_3D('',#7348,#7349,#7350);
#7348 = CARTESIAN_POINT('',(18.25,-428.3086570489,1.8408E+03));
#7349 = DIRECTION('',(0.,0.,1.));
#7350 = DIRECTION('',(1.,0.,-0.));
#7351 = PCURVE('',#7165,#7352);
#7352 = DEFINITIONAL_REPRESENTATION('',(#7353),#7357);
#7353 = CIRCLE('',#7354,4.5);
#7354 = AXIS2_PLACEMENT_2D('',#7355,#7356);
#7355 = CARTESIAN_POINT('',(-6.75,11.69134295109));
#7356 = DIRECTION('',(1.,0.));
#7357 = ( GEOMETRIC_REPRESENTATION_CONTEXT(2) 
PARAMETRIC_REPRESENTATION_CONTEXT() REPRESENTATION_CONTEXT('2D SPACE',''
  ) );
#7358 = PCURVE('',#7080,#7359);
#7359 = DEFINITIONAL_REPRESENTATION('',(#7360),#7364);
#7360 = LINE('',#7361,#7362);
#7361 = CARTESIAN_POINT('',(0.,0.));
#7362 = VECTOR('',#7363,1.);
#7363 = DIRECTION('',(1.,0.));
#7364 = ( GEOMETRIC_REPRESENTATION_CONTEXT(2) 
PARAMETRIC_REPRESENTATION_CONTEXT() REPRESENTATION_CONTEXT('2D SPACE',''
  ) );
#7365 = FACE_BOUND('',#7366,.T.);
#7366 = EDGE_LOOP('',(#7367));
#7367 = ORIENTED_EDGE('',*,*,#7150,.F.);
#7368 = ADVANCED_FACE('',(#7369),#7198,.T.);
#7369 = FACE_BOUND('',#7370,.T.);
#7370 = EDGE_LOOP('',(#7371,#7372,#7395,#7422));
#7371 = ORIENTED_EDGE('',*,*,#7181,.F.);
#7372 = ORIENTED_EDGE('',*,*,#7373,.F.);
#7373 = EDGE_CURVE('',#7374,#7182,#7376,.T.);
#7374 = VERTEX_POINT('',#7375);
#7375 = CARTESIAN_POINT('',(56.35,-440.,-5.2465E+03));
#7376 = SEAM_CURVE('',#7377,(#7381,#7388),.PCURVE_S1.);
#7377 = LINE('',#7378,#7379);
#7378 = CARTESIAN_POINT('',(56.35,-440.,-5.2465E+03));
#7379 = VECTOR('',#7380,1.);
#7380 = DIRECTION('',(0.,0.,1.));
#7381 = PCURVE('',#7198,#7382);
#7382 = DEFINITIONAL_REPRESENTATION('',(#7383),#7387);
#7383 = LINE('',#7384,#7385);
#7384 = CARTESIAN_POINT('',(6.28318530718,-0.));
#7385 = VECTOR('',#7386,1.);
#7386 = DIRECTION('',(0.,1.));
#7387 = ( GEOMETRIC_REPRESENTATION_CONTEXT(2) 
PARAMETRIC_REPRESENTATION_CONTEXT() REPRESENTATION_CONTEXT('2D SPACE',''
  ) );
#7388 = PCURVE('',#7198,#7389);
#7389 = DEFINITIONAL_REPRESENTATION('',(#7390),#7394);
#7390 = LINE('',#7391,#7392);
#7391 = CARTESIAN_POINT('',(0.,-0.));
#7392 = VECTOR('',#7393,1.);
#7393 = DIRECTION('',(0.,1.));
#7394 = ( GEOMETRIC_REPRESENTATION_CONTEXT(2) 
PARAMETRIC_REPRESENTATION_CONTEXT() REPRESENTATION_CONTEXT('2D SPACE',''
  ) );
#7395 = ORIENTED_EDGE('',*,*,#7396,.T.);
#7396 = EDGE_CURVE('',#7374,#7374,#7397,.T.);
#7397 = SURFACE_CURVE('',#7398,(#7403,#7410),.PCURVE_S1.);
#7398 = CIRCLE('',#7399,31.35);
#7399 = AXIS2_PLACEMENT_3D('',#7400,#7401,#7402);
#7400 = CARTESIAN_POINT('',(25.,-440.,-5.2465E+03));
#7401 = DIRECTION('',(0.,0.,1.));
#7402 = DIRECTION('',(1.,0.,-0.));
#7403 = PCURVE('',#7198,#7404);
#7404 = DEFINITIONAL_REPRESENTATION('',(#7405),#7409);
#7405 = LINE('',#7406,#7407);
#7406 = CARTESIAN_POINT('',(0.,0.));
#7407 = VECTOR('',#7408,1.);
#7408 = DIRECTION('',(1.,0.));
#7409 = ( GEOMETRIC_REPRESENTATION_CONTEXT(2) 
PARAMETRIC_REPRESENTATION_CONTEXT() REPRESENTATION_CONTEXT('2D SPACE',''
  ) );
#7410 = PCURVE('',#7411,#7416);
#7411 = PLANE('',#7412);
#7412 = AXIS2_PLACEMENT_3D('',#7413,#7414,#7415);
#7413 = CARTESIAN_POINT('',(25.,-440.,-5.2465E+03));
#7414 = DIRECTION('',(0.,0.,1.));
#7415 = DIRECTION('',(1.,0.,-0.));
#7416 = DEFINITIONAL_REPRESENTATION('',(#7417),#7421);
#7417 = CIRCLE('',#7418,31.35);
#7418 = AXIS2_PLACEMENT_2D('',#7419,#7420);
#7419 = CARTESIAN_POINT('',(0.,0.));
#7420 = DIRECTION('',(1.,0.));
#7421 = ( GEOMETRIC_REPRESENTATION_CONTEXT(2) 
PARAMETRIC_REPRESENTATION_CONTEXT() REPRESENTATION_CONTEXT('2D SPACE',''
  ) );
#7422 = ORIENTED_EDGE('',*,*,#7373,.T.);
#7423 = ADVANCED_FACE('',(#7424,#7450),#7411,.T.);
#7424 = FACE_BOUND('',#7425,.T.);
#7425 = EDGE_LOOP('',(#7426));
#7426 = ORIENTED_EDGE('',*,*,#7427,.T.);
#7427 = EDGE_CURVE('',#7428,#7428,#7430,.T.);
#7428 = VERTEX_POINT('',#7429);
#7429 = CARTESIAN_POINT('',(61.5,-440.,-5.2465E+03));
#7430 = SURFACE_CURVE('',#7431,(#7436,#7443),.PCURVE_S1.);
#7431 = CIRCLE('',#7432,36.5);
#7432 = AXIS2_PLACEMENT_3D('',#7433,#7434,#7435);
#7433 = CARTESIAN_POINT('',(25.,-440.,-5.2465E+03));
#7434 = DIRECTION('',(0.,0.,1.));
#7435 = DIRECTION('',(1.,0.,-0.));
#7436 = PCURVE('',#7411,#7437);
#7437 = DEFINITIONAL_REPRESENTATION('',(#7438),#7442);
#7438 = CIRCLE('',#7439,36.5);
#7439 = AXIS2_PLACEMENT_2D('',#7440,#7441);
#7440 = CARTESIAN_POINT('',(0.,0.));
#7441 = DIRECTION('',(1.,0.));
#7442 = ( GEOMETRIC_REPRESENTATION_CONTEXT(2) 
PARAMETRIC_REPRESENTATION_CONTEXT() REPRESENTATION_CONTEXT('2D SPACE',''
  ) );
#7443 = PCURVE('',#1472,#7444);
#7444 = DEFINITIONAL_REPRESENTATION('',(#7445),#7449);
#7445 = LINE('',#7446,#7447);
#7446 = CARTESIAN_POINT('',(0.,0.));
#7447 = VECTOR('',#7448,1.);
#7448 = DIRECTION('',(1.,0.));
#7449 = ( GEOMETRIC_REPRESENTATION_CONTEXT(2) 
PARAMETRIC_REPRESENTATION_CONTEXT() REPRESENTATION_CONTEXT('2D SPACE',''
  ) );
#7450 = FACE_BOUND('',#7451,.T.);
#7451 = EDGE_LOOP('',(#7452));
#7452 = ORIENTED_EDGE('',*,*,#7396,.F.);
#7453 = ADVANCED_FACE('',(#7454),#7080,.T.);
#7454 = FACE_BOUND('',#7455,.T.);
#7455 = EDGE_LOOP('',(#7456,#7457,#7478,#7479));
#7456 = ORIENTED_EDGE('',*,*,#7063,.F.);
#7457 = ORIENTED_EDGE('',*,*,#7458,.F.);
#7458 = EDGE_CURVE('',#7343,#7064,#7459,.T.);
#7459 = SEAM_CURVE('',#7460,(#7464,#7471),.PCURVE_S1.);
#7460 = LINE('',#7461,#7462);
#7461 = CARTESIAN_POINT('',(22.75,-428.3086570489,1.8408E+03));
#7462 = VECTOR('',#7463,1.);
#7463 = DIRECTION('',(0.,0.,1.));
#7464 = PCURVE('',#7080,#7465);
#7465 = DEFINITIONAL_REPRESENTATION('',(#7466),#7470);
#7466 = LINE('',#7467,#7468);
#7467 = CARTESIAN_POINT('',(6.28318530718,-0.));
#7468 = VECTOR('',#7469,1.);
#7469 = DIRECTION('',(0.,1.));
#7470 = ( GEOMETRIC_REPRESENTATION_CONTEXT(2) 
PARAMETRIC_REPRESENTATION_CONTEXT() REPRESENTATION_CONTEXT('2D SPACE',''
  ) );
#7471 = PCURVE('',#7080,#7472);
#7472 = DEFINITIONAL_REPRESENTATION('',(#7473),#7477);
#7473 = LINE('',#7474,#7475);
#7474 = CARTESIAN_POINT('',(0.,-0.));
#7475 = VECTOR('',#7476,1.);
#7476 = DIRECTION('',(0.,1.));
#7477 = ( GEOMETRIC_REPRESENTATION_CONTEXT(2) 
PARAMETRIC_REPRESENTATION_CONTEXT() REPRESENTATION_CONTEXT('2D SPACE',''
  ) );
#7478 = ORIENTED_EDGE('',*,*,#7342,.T.);
#7479 = ORIENTED_EDGE('',*,*,#7458,.T.);
#7480 = ADVANCED_FACE('',(#7481),#7049,.T.);
#7481 = FACE_BOUND('',#7482,.T.);
#7482 = EDGE_LOOP('',(#7483,#7484,#7505,#7506));
#7483 = ORIENTED_EDGE('',*,*,#7032,.F.);
#7484 = ORIENTED_EDGE('',*,*,#7485,.F.);
#7485 = EDGE_CURVE('',#7317,#7033,#7486,.T.);
#7486 = SEAM_CURVE('',#7487,(#7491,#7498),.PCURVE_S1.);
#7487 = LINE('',#7488,#7489);
#7488 = CARTESIAN_POINT('',(43.,-440.,1.8408E+03));
#7489 = VECTOR('',#7490,1.);
#7490 = DIRECTION('',(0.,0.,1.));
#7491 = PCURVE('',#7049,#7492);
#7492 = DEFINITIONAL_REPRESENTATION('',(#7493),#7497);
#7493 = LINE('',#7494,#7495);
#7494 = CARTESIAN_POINT('',(6.28318530718,-0.));
#7495 = VECTOR('',#7496,1.);
#7496 = DIRECTION('',(0.,1.));
#7497 = ( GEOMETRIC_REPRESENTATION_CONTEXT(2) 
PARAMETRIC_REPRESENTATION_CONTEXT() REPRESENTATION_CONTEXT('2D SPACE',''
  ) );
#7498 = PCURVE('',#7049,#7499);
#7499 = DEFINITIONAL_REPRESENTATION('',(#7500),#7504);
#7500 = LINE('',#7501,#7502);
#7501 = CARTESIAN_POINT('',(0.,-0.));
#7502 = VECTOR('',#7503,1.);
#7503 = DIRECTION('',(0.,1.));
#7504 = ( GEOMETRIC_REPRESENTATION_CONTEXT(2) 
PARAMETRIC_REPRESENTATION_CONTEXT() REPRESENTATION_CONTEXT('2D SPACE',''
  ) );
#7505 = ORIENTED_EDGE('',*,*,#7316,.T.);
#7506 = ORIENTED_EDGE('',*,*,#7485,.T.);
#7507 = ADVANCED_FACE('',(#7508),#7018,.T.);
#7508 = FACE_BOUND('',#7509,.T.);
#7509 = EDGE_LOOP('',(#7510,#7511,#7532,#7533));
#7510 = ORIENTED_EDGE('',*,*,#7001,.F.);
#7511 = ORIENTED_EDGE('',*,*,#7512,.F.);
#7512 = EDGE_CURVE('',#7291,#7002,#7513,.T.);
#7513 = SEAM_CURVE('',#7514,(#7518,#7525),.PCURVE_S1.);
#7514 = LINE('',#7515,#7516);
#7515 = CARTESIAN_POINT('',(29.5,-440.,1.8408E+03));
#7516 = VECTOR('',#7517,1.);
#7517 = DIRECTION('',(0.,0.,1.));
#7518 = PCURVE('',#7018,#7519);
#7519 = DEFINITIONAL_REPRESENTATION('',(#7520),#7524);
#7520 = LINE('',#7521,#7522);
#7521 = CARTESIAN_POINT('',(6.28318530718,-0.));
#7522 = VECTOR('',#7523,1.);
#7523 = DIRECTION('',(0.,1.));
#7524 = ( GEOMETRIC_REPRESENTATION_CONTEXT(2) 
PARAMETRIC_REPRESENTATION_CONTEXT() REPRESENTATION_CONTEXT('2D SPACE',''
  ) );
#7525 = PCURVE('',#7018,#7526);
#7526 = DEFINITIONAL_REPRESENTATION('',(#7527),#7531);
#7527 = LINE('',#7528,#7529);
#7528 = CARTESIAN_POINT('',(0.,-0.));
#7529 = VECTOR('',#7530,1.);
#7530 = DIRECTION('',(0.,1.));
#7531 = ( GEOMETRIC_REPRESENTATION_CONTEXT(2) 
PARAMETRIC_REPRESENTATION_CONTEXT() REPRESENTATION_CONTEXT('2D SPACE',''
  ) );
#7532 = ORIENTED_EDGE('',*,*,#7290,.T.);
#7533 = ORIENTED_EDGE('',*,*,#7512,.T.);
#7534 = ADVANCED_FACE('',(#7535),#6987,.T.);
#7535 = FACE_BOUND('',#7536,.T.);
#7536 = EDGE_LOOP('',(#7537,#7538,#7559,#7560));
#7537 = ORIENTED_EDGE('',*,*,#6970,.F.);
#7538 = ORIENTED_EDGE('',*,*,#7539,.F.);
#7539 = EDGE_CURVE('',#7265,#6971,#7540,.T.);
#7540 = SEAM_CURVE('',#7541,(#7545,#7552),.PCURVE_S1.);
#7541 = LINE('',#7542,#7543);
#7542 = CARTESIAN_POINT('',(36.25,-451.691342951,1.8408E+03));
#7543 = VECTOR('',#7544,1.);
#7544 = DIRECTION('',(0.,0.,1.));
#7545 = PCURVE('',#6987,#7546);
#7546 = DEFINITIONAL_REPRESENTATION('',(#7547),#7551);
#7547 = LINE('',#7548,#7549);
#7548 = CARTESIAN_POINT('',(6.28318530718,-0.));
#7549 = VECTOR('',#7550,1.);
#7550 = DIRECTION('',(0.,1.));
#7551 = ( GEOMETRIC_REPRESENTATION_CONTEXT(2) 
PARAMETRIC_REPRESENTATION_CONTEXT() REPRESENTATION_CONTEXT('2D SPACE',''
  ) );
#7552 = PCURVE('',#6987,#7553);
#7553 = DEFINITIONAL_REPRESENTATION('',(#7554),#7558);
#7554 = LINE('',#7555,#7556);
#7555 = CARTESIAN_POINT('',(0.,-0.));
#7556 = VECTOR('',#7557,1.);
#7557 = DIRECTION('',(0.,1.));
#7558 = ( GEOMETRIC_REPRESENTATION_CONTEXT(2) 
PARAMETRIC_REPRESENTATION_CONTEXT() REPRESENTATION_CONTEXT('2D SPACE',''
  ) );
#7559 = ORIENTED_EDGE('',*,*,#7264,.T.);
#7560 = ORIENTED_EDGE('',*,*,#7539,.T.);
#7561 = ADVANCED_FACE('',(#7562),#6956,.T.);
#7562 = FACE_BOUND('',#7563,.T.);
#7563 = EDGE_LOOP('',(#7564,#7565,#7586,#7587));
#7564 = ORIENTED_EDGE('',*,*,#6939,.F.);
#7565 = ORIENTED_EDGE('',*,*,#7566,.F.);
#7566 = EDGE_CURVE('',#7239,#6940,#7567,.T.);
#7567 = SEAM_CURVE('',#7568,(#7572,#7579),.PCURVE_S1.);
#7568 = LINE('',#7569,#7570);
#7569 = CARTESIAN_POINT('',(16.,-440.,1.8408E+03));
#7570 = VECTOR('',#7571,1.);
#7571 = DIRECTION('',(0.,0.,1.));
#7572 = PCURVE('',#6956,#7573);
#7573 = DEFINITIONAL_REPRESENTATION('',(#7574),#7578);
#7574 = LINE('',#7575,#7576);
#7575 = CARTESIAN_POINT('',(6.28318530718,-0.));
#7576 = VECTOR('',#7577,1.);
#7577 = DIRECTION('',(0.,1.));
#7578 = ( GEOMETRIC_REPRESENTATION_CONTEXT(2) 
PARAMETRIC_REPRESENTATION_CONTEXT() REPRESENTATION_CONTEXT('2D SPACE',''
  ) );
#7579 = PCURVE('',#6956,#7580);
#7580 = DEFINITIONAL_REPRESENTATION('',(#7581),#7585);
#7581 = LINE('',#7582,#7583);
#7582 = CARTESIAN_POINT('',(0.,-0.));
#7583 = VECTOR('',#7584,1.);
#7584 = DIRECTION('',(0.,1.));
#7585 = ( GEOMETRIC_REPRESENTATION_CONTEXT(2) 
PARAMETRIC_REPRESENTATION_CONTEXT() REPRESENTATION_CONTEXT('2D SPACE',''
  ) );
#7586 = ORIENTED_EDGE('',*,*,#7238,.T.);
#7587 = ORIENTED_EDGE('',*,*,#7566,.T.);
#7588 = ADVANCED_FACE('',(#7589),#6925,.T.);
#7589 = FACE_BOUND('',#7590,.T.);
#7590 = EDGE_LOOP('',(#7591,#7592,#7613,#7614));
#7591 = ORIENTED_EDGE('',*,*,#6908,.F.);
#7592 = ORIENTED_EDGE('',*,*,#7593,.F.);
#7593 = EDGE_CURVE('',#7213,#6909,#7594,.T.);
#7594 = SEAM_CURVE('',#7595,(#7599,#7606),.PCURVE_S1.);
#7595 = LINE('',#7596,#7597);
#7596 = CARTESIAN_POINT('',(22.75,-451.691342951,1.8408E+03));
#7597 = VECTOR('',#7598,1.);
#7598 = DIRECTION('',(0.,0.,1.));
#7599 = PCURVE('',#6925,#7600);
#7600 = DEFINITIONAL_REPRESENTATION('',(#7601),#7605);
#7601 = LINE('',#7602,#7603);
#7602 = CARTESIAN_POINT('',(6.28318530718,-0.));
#7603 = VECTOR('',#7604,1.);
#7604 = DIRECTION('',(0.,1.));
#7605 = ( GEOMETRIC_REPRESENTATION_CONTEXT(2) 
PARAMETRIC_REPRESENTATION_CONTEXT() REPRESENTATION_CONTEXT('2D SPACE',''
  ) );
#7606 = PCURVE('',#6925,#7607);
#7607 = DEFINITIONAL_REPRESENTATION('',(#7608),#7612);
#7608 = LINE('',#7609,#7610);
#7609 = CARTESIAN_POINT('',(0.,-0.));
#7610 = VECTOR('',#7611,1.);
#7611 = DIRECTION('',(0.,1.));
#7612 = ( GEOMETRIC_REPRESENTATION_CONTEXT(2) 
PARAMETRIC_REPRESENTATION_CONTEXT() REPRESENTATION_CONTEXT('2D SPACE',''
  ) );
#7613 = ORIENTED_EDGE('',*,*,#7212,.T.);
#7614 = ORIENTED_EDGE('',*,*,#7593,.T.);
#7615 = ADVANCED_FACE('',(#7616),#3905,.T.);
#7616 = FACE_BOUND('',#7617,.T.);
#7617 = EDGE_LOOP('',(#7618,#7619));
#7618 = ORIENTED_EDGE('',*,*,#6220,.T.);
#7619 = ORIENTED_EDGE('',*,*,#3888,.F.);
#7620 = ADVANCED_FACE('',(#7621),#3707,.T.);
#7621 = FACE_BOUND('',#7622,.T.);
#7622 = EDGE_LOOP('',(#7623,#7624));
#7623 = ORIENTED_EDGE('',*,*,#3692,.T.);
#7624 = ORIENTED_EDGE('',*,*,#7625,.T.);
#7625 = EDGE_CURVE('',#3613,#3693,#7626,.T.);
#7626 = SURFACE_CURVE('',#7627,(#7632,#7639),.PCURVE_S1.);
#7627 = CIRCLE('',#7628,51.15);
#7628 = AXIS2_PLACEMENT_3D('',#7629,#7630,#7631);
#7629 = CARTESIAN_POINT('',(-325.,-440.,2.4305E+03));
#7630 = DIRECTION('',(0.,0.,1.));
#7631 = DIRECTION('',(1.,0.,-0.));
#7632 = PCURVE('',#3707,#7633);
#7633 = DEFINITIONAL_REPRESENTATION('',(#7634),#7638);
#7634 = CIRCLE('',#7635,51.15);
#7635 = AXIS2_PLACEMENT_2D('',#7636,#7637);
#7636 = CARTESIAN_POINT('',(0.,0.));
#7637 = DIRECTION('',(1.,0.));
#7638 = ( GEOMETRIC_REPRESENTATION_CONTEXT(2) 
PARAMETRIC_REPRESENTATION_CONTEXT() REPRESENTATION_CONTEXT('2D SPACE',''
  ) );
#7639 = PCURVE('',#3581,#7640);
#7640 = DEFINITIONAL_REPRESENTATION('',(#7641),#7645);
#7641 = LINE('',#7642,#7643);
#7642 = CARTESIAN_POINT('',(0.,539.7));
#7643 = VECTOR('',#7644,1.);
#7644 = DIRECTION('',(1.,0.));
#7645 = ( GEOMETRIC_REPRESENTATION_CONTEXT(2) 
PARAMETRIC_REPRESENTATION_CONTEXT() REPRESENTATION_CONTEXT('2D SPACE',''
  ) );
#7646 = ADVANCED_FACE('',(#7647,#7726),#3581,.T.);
#7647 = FACE_BOUND('',#7648,.T.);
#7648 = EDGE_LOOP('',(#7649,#7678,#7699,#7700,#7722,#7723,#7724,#7725));
#7649 = ORIENTED_EDGE('',*,*,#7650,.T.);
#7650 = EDGE_CURVE('',#7651,#7651,#7653,.T.);
#7651 = VERTEX_POINT('',#7652);
#7652 = CARTESIAN_POINT('',(-273.85,-440.,1.8908E+03));
#7653 = SURFACE_CURVE('',#7654,(#7659,#7666),.PCURVE_S1.);
#7654 = CIRCLE('',#7655,51.15);
#7655 = AXIS2_PLACEMENT_3D('',#7656,#7657,#7658);
#7656 = CARTESIAN_POINT('',(-325.,-440.,1.8908E+03));
#7657 = DIRECTION('',(0.,0.,1.));
#7658 = DIRECTION('',(1.,0.,-0.));
#7659 = PCURVE('',#3581,#7660);
#7660 = DEFINITIONAL_REPRESENTATION('',(#7661),#7665);
#7661 = LINE('',#7662,#7663);
#7662 = CARTESIAN_POINT('',(0.,0.));
#7663 = VECTOR('',#7664,1.);
#7664 = DIRECTION('',(1.,0.));
#7665 = ( GEOMETRIC_REPRESENTATION_CONTEXT(2) 
PARAMETRIC_REPRESENTATION_CONTEXT() REPRESENTATION_CONTEXT('2D SPACE',''
  ) );
#7666 = PCURVE('',#7667,#7672);
#7667 = PLANE('',#7668);
#7668 = AXIS2_PLACEMENT_3D('',#7669,#7670,#7671);
#7669 = CARTESIAN_POINT('',(-325.,-440.,1.8908E+03));
#7670 = DIRECTION('',(0.,0.,1.));
#7671 = DIRECTION('',(1.,0.,-0.));
#7672 = DEFINITIONAL_REPRESENTATION('',(#7673),#7677);
#7673 = CIRCLE('',#7674,51.15);
#7674 = AXIS2_PLACEMENT_2D('',#7675,#7676);
#7675 = CARTESIAN_POINT('',(0.,0.));
#7676 = DIRECTION('',(1.,0.));
#7677 = ( GEOMETRIC_REPRESENTATION_CONTEXT(2) 
PARAMETRIC_REPRESENTATION_CONTEXT() REPRESENTATION_CONTEXT('2D SPACE',''
  ) );
#7678 = ORIENTED_EDGE('',*,*,#7679,.T.);
#7679 = EDGE_CURVE('',#7651,#3528,#7680,.T.);
#7680 = SEAM_CURVE('',#7681,(#7685,#7692),.PCURVE_S1.);
#7681 = LINE('',#7682,#7683);
#7682 = CARTESIAN_POINT('',(-273.85,-440.,1.8908E+03));
#7683 = VECTOR('',#7684,1.);
#7684 = DIRECTION('',(0.,0.,1.));
#7685 = PCURVE('',#3581,#7686);
#7686 = DEFINITIONAL_REPRESENTATION('',(#7687),#7691);
#7687 = LINE('',#7688,#7689);
#7688 = CARTESIAN_POINT('',(0.,-0.));
#7689 = VECTOR('',#7690,1.);
#7690 = DIRECTION('',(0.,1.));
#7691 = ( GEOMETRIC_REPRESENTATION_CONTEXT(2) 
PARAMETRIC_REPRESENTATION_CONTEXT() REPRESENTATION_CONTEXT('2D SPACE',''
  ) );
#7692 = PCURVE('',#3581,#7693);
#7693 = DEFINITIONAL_REPRESENTATION('',(#7694),#7698);
#7694 = LINE('',#7695,#7696);
#7695 = CARTESIAN_POINT('',(6.28318530718,-0.));
#7696 = VECTOR('',#7697,1.);
#7697 = DIRECTION('',(0.,1.));
#7698 = ( GEOMETRIC_REPRESENTATION_CONTEXT(2) 
PARAMETRIC_REPRESENTATION_CONTEXT() REPRESENTATION_CONTEXT('2D SPACE',''
  ) );
#7699 = ORIENTED_EDGE('',*,*,#3527,.F.);
#7700 = ORIENTED_EDGE('',*,*,#7701,.F.);
#7701 = EDGE_CURVE('',#3500,#3502,#7702,.T.);
#7702 = SURFACE_CURVE('',#7703,(#7708,#7715),.PCURVE_S1.);
#7703 = CIRCLE('',#7704,51.15);
#7704 = AXIS2_PLACEMENT_3D('',#7705,#7706,#7707);
#7705 = CARTESIAN_POINT('',(-325.,-440.,2.4305E+03));
#7706 = DIRECTION('',(0.,0.,1.));
#7707 = DIRECTION('',(1.,0.,-0.));
#7708 = PCURVE('',#3581,#7709);
#7709 = DEFINITIONAL_REPRESENTATION('',(#7710),#7714);
#7710 = LINE('',#7711,#7712);
#7711 = CARTESIAN_POINT('',(0.,539.7));
#7712 = VECTOR('',#7713,1.);
#7713 = DIRECTION('',(1.,0.));
#7714 = ( GEOMETRIC_REPRESENTATION_CONTEXT(2) 
PARAMETRIC_REPRESENTATION_CONTEXT() REPRESENTATION_CONTEXT('2D SPACE',''
  ) );
#7715 = PCURVE('',#3516,#7716);
#7716 = DEFINITIONAL_REPRESENTATION('',(#7717),#7721);
#7717 = CIRCLE('',#7718,51.15);
#7718 = AXIS2_PLACEMENT_2D('',#7719,#7720);
#7719 = CARTESIAN_POINT('',(0.,0.));
#7720 = DIRECTION('',(1.,0.));
#7721 = ( GEOMETRIC_REPRESENTATION_CONTEXT(2) 
PARAMETRIC_REPRESENTATION_CONTEXT() REPRESENTATION_CONTEXT('2D SPACE',''
  ) );
#7722 = ORIENTED_EDGE('',*,*,#3718,.F.);
#7723 = ORIENTED_EDGE('',*,*,#7625,.F.);
#7724 = ORIENTED_EDGE('',*,*,#3612,.F.);
#7725 = ORIENTED_EDGE('',*,*,#7679,.F.);
#7726 = FACE_BOUND('',#7727,.T.);
#7727 = EDGE_LOOP('',(#7728));
#7728 = ORIENTED_EDGE('',*,*,#7729,.F.);
#7729 = EDGE_CURVE('',#7730,#7730,#7732,.T.);
#7730 = VERTEX_POINT('',#7731);
#7731 = CARTESIAN_POINT('',(-325.,-388.85,2.22755E+03));
#7732 = SURFACE_CURVE('',#7733,(#7892,#8054),.PCURVE_S1.);
#7733 = B_SPLINE_CURVE_WITH_KNOTS('',7,(#7734,#7735,#7736,#7737,#7738,
    #7739,#7740,#7741,#7742,#7743,#7744,#7745,#7746,#7747,#7748,#7749,
    #7750,#7751,#7752,#7753,#7754,#7755,#7756,#7757,#7758,#7759,#7760,
    #7761,#7762,#7763,#7764,#7765,#7766,#7767,#7768,#7769,#7770,#7771,
    #7772,#7773,#7774,#7775,#7776,#7777,#7778,#7779,#7780,#7781,#7782,
    #7783,#7784,#7785,#7786,#7787,#7788,#7789,#7790,#7791,#7792,#7793,
    #7794,#7795,#7796,#7797,#7798,#7799,#7800,#7801,#7802,#7803,#7804,
    #7805,#7806,#7807,#7808,#7809,#7810,#7811,#7812,#7813,#7814,#7815,
    #7816,#7817,#7818,#7819,#7820,#7821,#7822,#7823,#7824,#7825,#7826,
    #7827,#7828,#7829,#7830,#7831,#7832,#7833,#7834,#7835,#7836,#7837,
    #7838,#7839,#7840,#7841,#7842,#7843,#7844,#7845,#7846,#7847,#7848,
    #7849,#7850,#7851,#7852,#7853,#7854,#7855,#7856,#7857,#7858,#7859,
    #7860,#7861,#7862,#7863,#7864,#7865,#7866,#7867,#7868,#7869,#7870,
    #7871,#7872,#7873,#7874,#7875,#7876,#7877,#7878,#7879,#7880,#7881,
    #7882,#7883,#7884,#7885,#7886,#7887,#7888,#7889,#7890,#7891),
  .UNSPECIFIED.,.T.,.F.,(8,6,6,6,6,6,6,6,6,6,6,6,6,6,6,6,6,6,6,6,6,6,6,6
    ,6,6,8),(0.,3.903369236689E-02,6.450971515034E-02,9.662944359913E-02
    ,0.123479138012,0.14633078345,0.16586527761,0.182190157753,
    0.249488442379,0.319285093533,0.335603639513,0.354585607162,
    0.376798228363,0.4034439003,0.435807519132,0.460558936098,
    0.499622815628,0.53975393062,0.564074556781,0.596880432459,
    0.623148191503,0.74976368345,0.876628530626,0.903277731914,
    0.935645644903,0.960400344245,1.),.UNSPECIFIED.);
#7734 = CARTESIAN_POINT('',(-325.,-388.85,2.22755E+03));
#7735 = CARTESIAN_POINT('',(-324.1769474501,-388.85,2.22755E+03));
#7736 = CARTESIAN_POINT('',(-323.3551722016,-388.8654509631,
    2.227508513384E+03));
#7737 = CARTESIAN_POINT('',(-322.5393966851,-388.8962667056,
    2.227425772478E+03));
#7738 = CARTESIAN_POINT('',(-321.7343054993,-388.9418582774,
    2.227302866359E+03));
#7739 = CARTESIAN_POINT('',(-320.944468679,-389.0011454072,
    2.227141732519E+03));
#7740 = CARTESIAN_POINT('',(-320.1742664507,-389.0726136874,
    2.226945165143E+03));
#7741 = CARTESIAN_POINT('',(-318.94063118,-389.2078081924,
    2.226567819601E+03));
#7742 = CARTESIAN_POINT('',(-318.4630697068,-389.2656557681,
    2.226405119827E+03));
#7743 = CARTESIAN_POINT('',(-317.9955423693,-389.3275475028,
    2.226229477408E+03));
#7744 = CARTESIAN_POINT('',(-317.5384240804,-389.3930580933,
    2.226041640322E+03));
#7745 = CARTESIAN_POINT('',(-317.0920534777,-389.4617548388,
    2.225842369345E+03));
#7746 = CARTESIAN_POINT('',(-316.6567330467,-389.5332028222,
    2.225632439602E+03));
#7747 = CARTESIAN_POINT('',(-315.6981525906,-389.6999745844,
    2.225135525261E+03));
#7748 = CARTESIAN_POINT('',(-315.1814479654,-389.7966861978,
    2.224842662555E+03));
#7749 = CARTESIAN_POINT('',(-314.6825973782,-389.8963397972,
    2.224535333443E+03));
#7750 = CARTESIAN_POINT('',(-314.2015270067,-389.9982146834,
    2.224214720496E+03));
#7751 = CARTESIAN_POINT('',(-313.7381166765,-390.1016360464,
    2.223881916085E+03));
#7752 = CARTESIAN_POINT('',(-313.2922093414,-390.2059764199,
    2.223537929064E+03));
#7753 = CARTESIAN_POINT('',(-312.5053523506,-390.3981623989,
    2.222887575231E+03));
#7754 = CARTESIAN_POINT('',(-312.1591254301,-390.4859201079,
    2.222584246495E+03));
#7755 = CARTESIAN_POINT('',(-311.8247790715,-390.5736067905,
    2.22227419452E+03));
#7756 = CARTESIAN_POINT('',(-311.5021524442,-390.6609214093,
    2.221957867673E+03));
#7757 = CARTESIAN_POINT('',(-311.1910844985,-390.7475846193,
    2.221635673325E+03));
#7758 = CARTESIAN_POINT('',(-310.8914138472,-390.8333380255,
    2.221307977791E+03));
#7759 = CARTESIAN_POINT('',(-310.3574928394,-390.9899507,
    2.220691800903E+03));
#7760 = CARTESIAN_POINT('',(-310.1201456013,-391.0611263917,
    2.220404746164E+03));
#7761 = CARTESIAN_POINT('',(-309.8908453413,-391.1313213195,
    2.22011415106E+03));
#7762 = CARTESIAN_POINT('',(-309.6695042067,-391.2003953997,
    2.219820209652E+03));
#7763 = CARTESIAN_POINT('',(-309.4560379541,-391.268217285,
    2.219523101017E+03));
#7764 = CARTESIAN_POINT('',(-309.2503658206,-391.3346639905,
    2.219222989225E+03));
#7765 = CARTESIAN_POINT('',(-308.8831902336,-391.455147938,
    2.218661036012E+03));
#7766 = CARTESIAN_POINT('',(-308.7196106203,-391.5095858362,
    2.218399965443E+03));
#7767 = CARTESIAN_POINT('',(-308.5616285526,-391.5628607718,
    2.218136912859E+03));
#7768 = CARTESIAN_POINT('',(-308.4092032914,-391.6149030882,
    2.21787197417E+03));
#7769 = CARTESIAN_POINT('',(-308.2622963607,-391.6656469123,
    2.217605239941E+03));
#7770 = CARTESIAN_POINT('',(-308.1208715476,-391.7150301551,
    2.217336795394E+03));
#7771 = CARTESIAN_POINT('',(-307.871259892,-391.8030780866,
    2.216841020074E+03));
#7772 = CARTESIAN_POINT('',(-307.7614312366,-391.8421701623,
    2.216614184096E+03));
#7773 = CARTESIAN_POINT('',(-307.6553903329,-391.8802362295,
    2.216386261479E+03));
#7774 = CARTESIAN_POINT('',(-307.5531199768,-391.9172433465,
    2.216157300293E+03));
#7775 = CARTESIAN_POINT('',(-307.4546043637,-391.9531601392,
    2.215927347675E+03));
#7776 = CARTESIAN_POINT('',(-307.3598290875,-391.9879568012,
    2.215696449828E+03));
#7777 = CARTESIAN_POINT('',(-306.8934417505,-392.1603180476,
    2.214509080249E+03));
#7778 = CARTESIAN_POINT('',(-306.5813219227,-392.2795606648,
    2.213537901125E+03));
#7779 = CARTESIAN_POINT('',(-306.3317093538,-392.3772828692,
    2.212554614157E+03));
#7780 = CARTESIAN_POINT('',(-306.1440513439,-392.4519468285,
    2.211562391518E+03));
#7781 = CARTESIAN_POINT('',(-306.0179750871,-392.5025205255,
    2.210564179225E+03));
#7782 = CARTESIAN_POINT('',(-305.9533079602,-392.5284713295,
    2.209562798319E+03));
#7783 = CARTESIAN_POINT('',(-305.9467684905,-392.5310956318,
    2.207522104941E+03));
#7784 = CARTESIAN_POINT('',(-306.0095456236,-392.5059032862,
    2.20648330026E+03));
#7785 = CARTESIAN_POINT('',(-306.1383589008,-392.4541884317,
    2.205447748913E+03));
#7786 = CARTESIAN_POINT('',(-306.3333950633,-392.3765264797,
    2.204418588966E+03));
#7787 = CARTESIAN_POINT('',(-306.595073475,-392.2740702295,
    2.203399101509E+03));
#7788 = CARTESIAN_POINT('',(-306.9240216941,-392.1485577437,
    2.202392832531E+03));
#7789 = CARTESIAN_POINT('',(-307.4138770118,-391.9681297064,
    2.201172457799E+03));
#7790 = CARTESIAN_POINT('',(-307.510432554,-391.9328033541,
    2.20094211852E+03));
#7791 = CARTESIAN_POINT('',(-307.6107310785,-391.8963698745,
    2.200712742375E+03));
#7792 = CARTESIAN_POINT('',(-307.71478741,-391.8588595419,
    2.20048437577E+03));
#7793 = CARTESIAN_POINT('',(-307.82261779,-391.820304198,
    2.20025706609E+03));
#7794 = CARTESIAN_POINT('',(-307.9342398766,-391.7807372521,
    2.200030861699E+03));
#7795 = CARTESIAN_POINT('',(-308.1839459192,-391.6930328152,
    2.199544030829E+03));
#7796 = CARTESIAN_POINT('',(-308.3233734845,-391.6445512459,
    2.19928381589E+03));
#7797 = CARTESIAN_POINT('',(-308.4679873495,-391.5948032863,
    2.199025241182E+03));
#7798 = CARTESIAN_POINT('',(-308.617821442,-391.5438466459,
    2.198768385626E+03));
#7799 = CARTESIAN_POINT('',(-308.7729117087,-391.4917424301,
    2.198513333003E+03));
#7800 = CARTESIAN_POINT('',(-308.9332961156,-391.4385551406,
    2.19826017196E+03));
#7801 = CARTESIAN_POINT('',(-309.2929377981,-391.3209251708,
    2.197715070926E+03));
#7802 = CARTESIAN_POINT('',(-309.4941634554,-391.2561083802,
    2.197423866984E+03));
#7803 = CARTESIAN_POINT('',(-309.702763223,-391.1900084223,
    2.197135522483E+03));
#7804 = CARTESIAN_POINT('',(-309.9188118424,-391.1227390827,
    2.196850189217E+03));
#7805 = CARTESIAN_POINT('',(-310.142387192,-391.0544218133,
    2.196568032463E+03));
#7806 = CARTESIAN_POINT('',(-310.3735702875,-390.9851857326,
    2.196289230988E+03));
#7807 = CARTESIAN_POINT('',(-310.8989933971,-390.8311757589,
    2.195683789706E+03));
#7808 = CARTESIAN_POINT('',(-311.1966098456,-390.7460588696,
    2.195358707256E+03));
#7809 = CARTESIAN_POINT('',(-311.5054528388,-390.6600500888,
    2.195039048195E+03));
#7810 = CARTESIAN_POINT('',(-311.8256801385,-390.5734021598,
    2.194725170921E+03));
#7811 = CARTESIAN_POINT('',(-312.157449172,-390.4863881523,
    2.194417473664E+03));
#7812 = CARTESIAN_POINT('',(-312.500917147,-390.3993021768,
    2.194116394426E+03));
#7813 = CARTESIAN_POINT('',(-313.287814862,-390.2069824102,
    2.193465340904E+03));
#7814 = CARTESIAN_POINT('',(-313.7369686931,-390.1018427993,
    2.193118664857E+03));
#7815 = CARTESIAN_POINT('',(-314.2038909467,-389.9976328694,
    2.192783336025E+03));
#7816 = CARTESIAN_POINT('',(-314.6887417906,-389.8949944779,
    2.192460386535E+03));
#7817 = CARTESIAN_POINT('',(-315.1916434467,-389.7946182202,
    2.192150934373E+03));
#7818 = CARTESIAN_POINT('',(-315.7126703645,-389.6972419135,
    2.191856190363E+03));
#7819 = CARTESIAN_POINT('',(-316.6641912251,-389.5320700874,
    2.191364298493E+03));
#7820 = CARTESIAN_POINT('',(-317.0872145443,-389.4626935411,
    2.191160470324E+03));
#7821 = CARTESIAN_POINT('',(-317.5206659025,-389.3959152395,
    2.190966704505E+03));
#7822 = CARTESIAN_POINT('',(-317.9642697943,-389.3321336239,
    2.190783711126E+03));
#7823 = CARTESIAN_POINT('',(-318.4177185357,-389.2717453104,
    2.190612187834E+03));
#7824 = CARTESIAN_POINT('',(-318.8806721417,-389.2151406231,
    2.190452821167E+03));
#7825 = CARTESIAN_POINT('',(-320.0978271868,-389.0799334283,
    2.190075022024E+03));
#7826 = CARTESIAN_POINT('',(-320.8668666089,-389.0074018618,
    2.189875342758E+03));
#7827 = CARTESIAN_POINT('',(-321.655808192,-388.9469616963,
    2.189710950204E+03));
#7828 = CARTESIAN_POINT('',(-322.4603175811,-388.9001460262,
    2.189584673243E+03));
#7829 = CARTESIAN_POINT('',(-323.2758673015,-388.8680604964,
    2.18949849428E+03));
#7830 = CARTESIAN_POINT('',(-324.0978112052,-388.8513249928,
    2.189453557683E+03));
#7831 = CARTESIAN_POINT('',(-325.7676119198,-388.848761051,
    2.189446673348E+03));
#7832 = CARTESIAN_POINT('',(-326.6127626238,-388.8637937897,
    2.189487037989E+03));
#7833 = CARTESIAN_POINT('',(-327.451785424,-388.8950952787,
    2.189571055874E+03));
#7834 = CARTESIAN_POINT('',(-328.2795917406,-388.9420409519,
    2.189697571407E+03));
#7835 = CARTESIAN_POINT('',(-329.0912196455,-389.0034565553,
    2.189864483423E+03));
#7836 = CARTESIAN_POINT('',(-329.8819201719,-389.0776836715,
    2.190068735701E+03));
#7837 = CARTESIAN_POINT('',(-331.1110490217,-389.2142209718,
    2.190450251456E+03));
#7838 = CARTESIAN_POINT('',(-331.5660435847,-389.2697615247,
    2.190606602959E+03));
#7839 = CARTESIAN_POINT('',(-332.0118708138,-389.3289607657,
    2.190774700419E+03));
#7840 = CARTESIAN_POINT('',(-332.4482062586,-389.3914485447,
    2.190953892466E+03));
#7841 = CARTESIAN_POINT('',(-332.8747555888,-389.4568486861,
    2.191143517112E+03));
#7842 = CARTESIAN_POINT('',(-333.2912544929,-389.5247830929,
    2.191342900524E+03));
#7843 = CARTESIAN_POINT('',(-334.2454071337,-389.6894233503,
    2.191832539254E+03));
#7844 = CARTESIAN_POINT('',(-334.7747153285,-389.7879124917,
    2.192130271508E+03));
#7845 = CARTESIAN_POINT('',(-335.2854045512,-389.8895248665,
    2.192443182078E+03));
#7846 = CARTESIAN_POINT('',(-335.7775477416,-389.993489972,
    2.192770005566E+03));
#7847 = CARTESIAN_POINT('',(-336.251268894,-390.0990869448,
    2.193109574273E+03));
#7848 = CARTESIAN_POINT('',(-336.706732562,-390.2056462946,
    2.193460810826E+03));
#7849 = CARTESIAN_POINT('',(-337.4943614405,-390.398151051,
    2.194112503146E+03));
#7850 = CARTESIAN_POINT('',(-337.8330706659,-390.4839872354,
    2.194409179346E+03));
#7851 = CARTESIAN_POINT('',(-338.1604113587,-390.5697576752,
    2.194712291809E+03));
#7852 = CARTESIAN_POINT('',(-338.47653401,-390.655180405,
    2.195021420503E+03));
#7853 = CARTESIAN_POINT('',(-338.7815893901,-390.7399933487,
    2.195336183002E+03));
#7854 = CARTESIAN_POINT('',(-339.0757286563,-390.823953659,
    2.195656234551E+03));
#7855 = CARTESIAN_POINT('',(-340.7250228167,-391.3063504749,
    2.1975479905E+03));
#7856 = CARTESIAN_POINT('',(-341.84459003,-391.6819401354,
    2.199234773475E+03));
#7857 = CARTESIAN_POINT('',(-342.7284819041,-392.0071232776,
    2.201004086154E+03));
#7858 = CARTESIAN_POINT('',(-343.3863730689,-392.2635580227,
    2.202830261103E+03));
#7859 = CARTESIAN_POINT('',(-343.8248224432,-392.439434266,
    2.204693498115E+03));
#7860 = CARTESIAN_POINT('',(-344.0467319259,-392.5284873304,
    2.206577708598E+03));
#7861 = CARTESIAN_POINT('',(-344.0532184469,-392.5310903954,
    2.210360684324E+03));
#7862 = CARTESIAN_POINT('',(-343.8369156057,-392.4442872718,
    2.212249118864E+03));
#7863 = CARTESIAN_POINT('',(-343.40324731,-392.2701838386,
    2.214116935405E+03));
#7864 = CARTESIAN_POINT('',(-342.7493571807,-392.0149781344,
    2.215947942289E+03));
#7865 = CARTESIAN_POINT('',(-341.8687198153,-391.6904662523,
    2.217722257149E+03));
#7866 = CARTESIAN_POINT('',(-340.7516817303,-391.3150152175,
    2.219414149181E+03));
#7867 = CARTESIAN_POINT('',(-339.1010065042,-390.8311757301,
    2.221316210407E+03));
#7868 = CARTESIAN_POINT('',(-338.8033899686,-390.7460588166,
    2.221641292945E+03));
#7869 = CARTESIAN_POINT('',(-338.4945469113,-390.6600500197,
    2.22196095206E+03));
#7870 = CARTESIAN_POINT('',(-338.1743195834,-390.5734020857,
    2.222274829345E+03));
#7871 = CARTESIAN_POINT('',(-337.842550572,-390.4863880868,
    2.222582526564E+03));
#7872 = CARTESIAN_POINT('',(-337.4990826846,-390.3993021357,
    2.222883605713E+03));
#7873 = CARTESIAN_POINT('',(-336.7121852433,-390.206982436,
    2.223534659009E+03));
#7874 = CARTESIAN_POINT('',(-336.2630314806,-390.1018428396,
    2.223881335011E+03));
#7875 = CARTESIAN_POINT('',(-335.7961092478,-389.9976329114,
    2.224216663842E+03));
#7876 = CARTESIAN_POINT('',(-335.3112583776,-389.8949945114,
    2.224539613362E+03));
#7877 = CARTESIAN_POINT('',(-334.8083566608,-389.7946182399,
    2.224849065567E+03));
#7878 = CARTESIAN_POINT('',(-334.2873296737,-389.6972419202,
    2.225143809617E+03));
#7879 = CARTESIAN_POINT('',(-333.3358087748,-389.5320700874,
    2.225635701507E+03));
#7880 = CARTESIAN_POINT('',(-332.9127854557,-389.4626935411,
    2.225839529676E+03));
#7881 = CARTESIAN_POINT('',(-332.4793340974,-389.3959152395,
    2.226033295495E+03));
#7882 = CARTESIAN_POINT('',(-332.0357302056,-389.3321336239,
    2.226216288874E+03));
#7883 = CARTESIAN_POINT('',(-331.5822814642,-389.2717453104,
    2.226387812166E+03));
#7884 = CARTESIAN_POINT('',(-331.1193278582,-389.2151406231,
    2.226547178833E+03));
#7885 = CARTESIAN_POINT('',(-329.8920540519,-389.0788093897,
    2.226928118791E+03));
#7886 = CARTESIAN_POINT('',(-329.1121880965,-389.0054278471,
    2.227130091329E+03));
#7887 = CARTESIAN_POINT('',(-328.3119038558,-388.9444943877,
    2.227295759415E+03));
#7888 = CARTESIAN_POINT('',(-327.4957435816,-388.8976047241,
    2.227422179891E+03));
#7889 = CARTESIAN_POINT('',(-326.6684531339,-388.865899046,
    2.227507310245E+03));
#7890 = CARTESIAN_POINT('',(-325.8349017073,-388.85,2.22755E+03));
#7891 = CARTESIAN_POINT('',(-325.,-388.85,2.22755E+03));
#7892 = PCURVE('',#3581,#7893);
#7893 = DEFINITIONAL_REPRESENTATION('',(#7894),#8053);
#7894 = B_SPLINE_CURVE_WITH_KNOTS('',7,(#7895,#7896,#7897,#7898,#7899,
    #7900,#7901,#7902,#7903,#7904,#7905,#7906,#7907,#7908,#7909,#7910,
    #7911,#7912,#7913,#7914,#7915,#7916,#7917,#7918,#7919,#7920,#7921,
    #7922,#7923,#7924,#7925,#7926,#7927,#7928,#7929,#7930,#7931,#7932,
    #7933,#7934,#7935,#7936,#7937,#7938,#7939,#7940,#7941,#7942,#7943,
    #7944,#7945,#7946,#7947,#7948,#7949,#7950,#7951,#7952,#7953,#7954,
    #7955,#7956,#7957,#7958,#7959,#7960,#7961,#7962,#7963,#7964,#7965,
    #7966,#7967,#7968,#7969,#7970,#7971,#7972,#7973,#7974,#7975,#7976,
    #7977,#7978,#7979,#7980,#7981,#7982,#7983,#7984,#7985,#7986,#7987,
    #7988,#7989,#7990,#7991,#7992,#7993,#7994,#7995,#7996,#7997,#7998,
    #7999,#8000,#8001,#8002,#8003,#8004,#8005,#8006,#8007,#8008,#8009,
    #8010,#8011,#8012,#8013,#8014,#8015,#8016,#8017,#8018,#8019,#8020,
    #8021,#8022,#8023,#8024,#8025,#8026,#8027,#8028,#8029,#8030,#8031,
    #8032,#8033,#8034,#8035,#8036,#8037,#8038,#8039,#8040,#8041,#8042,
    #8043,#8044,#8045,#8046,#8047,#8048,#8049,#8050,#8051,#8052),
  .UNSPECIFIED.,.T.,.F.,(8,6,6,6,6,6,6,6,6,6,6,6,6,6,6,6,6,6,6,6,6,6,6,6
    ,6,6,8),(0.,3.903369236689E-02,6.450971515034E-02,9.662944359913E-02
    ,0.123479138012,0.14633078345,0.16586527761,0.182190157753,
    0.249488442379,0.319285093533,0.335603639513,0.354585607162,
    0.376798228363,0.4034439003,0.435807519132,0.460558936098,
    0.499622815628,0.53975393062,0.564074556781,0.596880432459,
    0.623148191503,0.74976368345,0.876628530626,0.903277731914,
    0.935645644903,0.960400344245,1.),.UNSPECIFIED.);
#7895 = CARTESIAN_POINT('',(1.570796326795,336.75));
#7896 = CARTESIAN_POINT('',(1.554705367853,336.75));
#7897 = CARTESIAN_POINT('',(1.538639378248,336.70851338364));
#7898 = CARTESIAN_POINT('',(1.5226838913,336.62577247761));
#7899 = CARTESIAN_POINT('',(1.506923751079,336.50286635865));
#7900 = CARTESIAN_POINT('',(1.491442642587,336.34173251851));
#7901 = CARTESIAN_POINT('',(1.476322327194,336.14516514256));
#7902 = CARTESIAN_POINT('',(1.452059938802,335.76781960071));
#7903 = CARTESIAN_POINT('',(1.442655812875,335.60511982695));
#7904 = CARTESIAN_POINT('',(1.433436637671,335.42947740848));
#7905 = CARTESIAN_POINT('',(1.424409412183,335.24164032222));
#7906 = CARTESIAN_POINT('',(1.415580687355,335.04236934452));
#7907 = CARTESIAN_POINT('',(1.406956551164,334.83243960167));
#7908 = CARTESIAN_POINT('',(1.387934467002,334.33552526149));
#7909 = CARTESIAN_POINT('',(1.377658130908,334.04266255525));
#7910 = CARTESIAN_POINT('',(1.367713874101,333.73533344336));
#7911 = CARTESIAN_POINT('',(1.358101287983,333.41472049572));
#7912 = CARTESIAN_POINT('',(1.348819382152,333.08191608548));
#7913 = CARTESIAN_POINT('',(1.339866679903,332.73792906397));
#7914 = CARTESIAN_POINT('',(1.324031151691,332.08757523136));
#7915 = CARTESIAN_POINT('',(1.317048507176,331.78424649509));
#7916 = CARTESIAN_POINT('',(1.310291217228,331.4741945204));
#7917 = CARTESIAN_POINT('',(1.303757183692,331.15786767303));
#7918 = CARTESIAN_POINT('',(1.297444347452,330.83567332536));
#7919 = CARTESIAN_POINT('',(1.291350662685,330.5079777909));
#7920 = CARTESIAN_POINT('',(1.280472532361,329.89180090306));
#7921 = CARTESIAN_POINT('',(1.27562824852,329.60474616351));
#7922 = CARTESIAN_POINT('',(1.270940118399,329.31415105965));
#7923 = CARTESIAN_POINT('',(1.266407117667,329.02020965199));
#7924 = CARTESIAN_POINT('',(1.262028289841,328.72310101742));
#7925 = CARTESIAN_POINT('',(1.257802737279,328.42298922466));
#7926 = CARTESIAN_POINT('',(1.250247743041,327.86103601204));
#7927 = CARTESIAN_POINT('',(1.246877291396,327.59996544339));
#7928 = CARTESIAN_POINT('',(1.243617840793,327.33691285901));
#7929 = CARTESIAN_POINT('',(1.240469008933,327.07197416953));
#7930 = CARTESIAN_POINT('',(1.237430447659,326.80523994081));
#7931 = CARTESIAN_POINT('',(1.234501842958,326.53679539403));
#7932 = CARTESIAN_POINT('',(1.229327150768,326.04102007374));
#7933 = CARTESIAN_POINT('',(1.227048011838,325.81418409649));
#7934 = CARTESIAN_POINT('',(1.224845359401,325.58626147908));
#7935 = CARTESIAN_POINT('',(1.22271907508,325.35730029273));
#7936 = CARTESIAN_POINT('',(1.220669060885,325.12734767472));
#7937 = CARTESIAN_POINT('',(1.218695239213,324.89644982835));
#7938 = CARTESIAN_POINT('',(1.208974460977,323.70908024866));
#7939 = CARTESIAN_POINT('',(1.202442613512,322.73790112475));
#7940 = CARTESIAN_POINT('',(1.19720219784,321.75461415728));
#7941 = CARTESIAN_POINT('',(1.193253712387,320.76239151837));
#7942 = CARTESIAN_POINT('',(1.190597897914,319.76417922523));
#7943 = CARTESIAN_POINT('',(1.189235668807,318.76279831913));
#7944 = CARTESIAN_POINT('',(1.189097909452,316.72210494128));
#7945 = CARTESIAN_POINT('',(1.190420315503,315.68330025962));
#7946 = CARTESIAN_POINT('',(1.193134115292,314.64774891263));
#7947 = CARTESIAN_POINT('',(1.197238297902,313.6185889657));
#7948 = CARTESIAN_POINT('',(1.202732069795,312.59910150907));
#7949 = CARTESIAN_POINT('',(1.209614935864,311.59283253051));
#7950 = CARTESIAN_POINT('',(1.219820748311,310.3724577994));
#7951 = CARTESIAN_POINT('',(1.221830812435,310.14211852009));
#7952 = CARTESIAN_POINT('',(1.223917035575,309.91274237526));
#7953 = CARTESIAN_POINT('',(1.226079501373,309.68437577008));
#7954 = CARTESIAN_POINT('',(1.228318314399,309.45706608975));
#7955 = CARTESIAN_POINT('',(1.230633600155,309.23086169949));
#7956 = CARTESIAN_POINT('',(1.235807803318,308.74403082913));
#7957 = CARTESIAN_POINT('',(1.238693735433,308.48381588969));
#7958 = CARTESIAN_POINT('',(1.24168357025,308.22524118224));
#7959 = CARTESIAN_POINT('',(1.244777607344,307.96838562602));
#7960 = CARTESIAN_POINT('',(1.247976177039,307.71333300347));
#7961 = CARTESIAN_POINT('',(1.251279640403,307.46017196026));
#7962 = CARTESIAN_POINT('',(1.258677293265,306.91507092611));
#7963 = CARTESIAN_POINT('',(1.262810337378,306.62386698366));
#7964 = CARTESIAN_POINT('',(1.267088301879,306.3355224831));
#7965 = CARTESIAN_POINT('',(1.271512023334,306.05018921652));
#7966 = CARTESIAN_POINT('',(1.27608239459,305.76803246289));
#7967 = CARTESIAN_POINT('',(1.280800364775,305.48923098807));
#7968 = CARTESIAN_POINT('',(1.291504753162,304.88378970648));
#7969 = CARTESIAN_POINT('',(1.297556406397,304.55870725629));
#7970 = CARTESIAN_POINT('',(1.303823911402,304.23904819502));
#7971 = CARTESIAN_POINT('',(1.310309268645,303.92517092056));
#7972 = CARTESIAN_POINT('',(1.317014491463,303.61747366409));
#7973 = CARTESIAN_POINT('',(1.323941630869,303.31639442633));
#7974 = CARTESIAN_POINT('',(1.339778553296,302.66534090374));
#7975 = CARTESIAN_POINT('',(1.348796607638,302.31866485726));
#7976 = CARTESIAN_POINT('',(1.358148864397,301.98333602482));
#7977 = CARTESIAN_POINT('',(1.367836823539,301.66038653493));
#7978 = CARTESIAN_POINT('',(1.377861485126,301.35093437346));
#7979 = CARTESIAN_POINT('',(1.388223250471,301.05619036296));
#7980 = CARTESIAN_POINT('',(1.407103999638,300.56429849344));
#7981 = CARTESIAN_POINT('',(1.415484369671,300.3604703238));
#7982 = CARTESIAN_POINT('',(1.42405781253,300.16670450469));
#7983 = CARTESIAN_POINT('',(1.432818782145,299.98371112612));
#7984 = CARTESIAN_POINT('',(1.441761320084,299.81218783397));
#7985 = CARTESIAN_POINT('',(1.450879068414,299.65282116748));
#7986 = CARTESIAN_POINT('',(1.474821233403,299.27502202435));
#7987 = CARTESIAN_POINT('',(1.489920861837,299.07534275802));
#7988 = CARTESIAN_POINT('',(1.505386238691,298.91095020424));
#7989 = CARTESIAN_POINT('',(1.521136405377,298.78467324318));
#7990 = CARTESIAN_POINT('',(1.537088437348,298.69849428045));
#7991 = CARTESIAN_POINT('',(1.553158207604,298.65355768349));
#7992 = CARTESIAN_POINT('',(1.585803421349,298.64667334834));
#7993 = CARTESIAN_POINT('',(1.602325938854,298.68703798856));
#7994 = CARTESIAN_POINT('',(1.618735546596,298.77105587377));
#7995 = CARTESIAN_POINT('',(1.634940131645,298.89757140685));
#7996 = CARTESIAN_POINT('',(1.650848856815,299.06448342337));
#7997 = CARTESIAN_POINT('',(1.666373038668,299.26873570076));
#7998 = CARTESIAN_POINT('',(1.690550735529,299.65025145597));
#7999 = CARTESIAN_POINT('',(1.699511536272,299.80660295879));
#8000 = CARTESIAN_POINT('',(1.708303347633,299.97470041937));
#8001 = CARTESIAN_POINT('',(1.716920104454,300.15389246607));
#8002 = CARTESIAN_POINT('',(1.725356113847,300.34351711183));
#8003 = CARTESIAN_POINT('',(1.733606066988,300.54290052437));
#8004 = CARTESIAN_POINT('',(1.752535742431,301.03253925372));
#8005 = CARTESIAN_POINT('',(1.763060611724,301.33027150777));
#8006 = CARTESIAN_POINT('',(1.773239254635,301.64318207837));
#8007 = CARTESIAN_POINT('',(1.783072013289,301.97000556609));
#8008 = CARTESIAN_POINT('',(1.792559870935,302.3095742735));
#8009 = CARTESIAN_POINT('',(1.801704346794,302.6608108262));
#8010 = CARTESIAN_POINT('',(1.817556013653,303.31250314643));
#8011 = CARTESIAN_POINT('',(1.824386977358,303.60917934589));
#8012 = CARTESIAN_POINT('',(1.831002303416,303.91229180925));
#8013 = CARTESIAN_POINT('',(1.837403955594,304.22142050276));
#8014 = CARTESIAN_POINT('',(1.843593863223,304.53618300192));
#8015 = CARTESIAN_POINT('',(1.84957394439,304.85623455143));
#8016 = CARTESIAN_POINT('',(1.883169134872,306.74799049975));
#8017 = CARTESIAN_POINT('',(1.906238249907,308.43477347462));
#8018 = CARTESIAN_POINT('',(1.924643598561,310.20408615385));
#8019 = CARTESIAN_POINT('',(1.938447323982,312.03026110301));
#8020 = CARTESIAN_POINT('',(1.947683122268,313.89349811493));
#8021 = CARTESIAN_POINT('',(1.952357824978,315.77770859823));
#8022 = CARTESIAN_POINT('',(1.952494469007,319.56068432426));
#8023 = CARTESIAN_POINT('',(1.947937874839,321.44911886411));
#8024 = CARTESIAN_POINT('',(1.938801731496,323.31693540486));
#8025 = CARTESIAN_POINT('',(1.925079550522,325.14794228948));
#8026 = CARTESIAN_POINT('',(1.906738350302,326.92225714912));
#8027 = CARTESIAN_POINT('',(1.883716926905,328.61414918054));
#8028 = CARTESIAN_POINT('',(1.850087898421,330.51621040706));
#8029 = CARTESIAN_POINT('',(1.844036243418,330.84129294539));
#8030 = CARTESIAN_POINT('',(1.837768737121,331.16095205976));
#8031 = CARTESIAN_POINT('',(1.831283379321,331.47482934468));
#8032 = CARTESIAN_POINT('',(1.824578156964,331.78252656359));
#8033 = CARTESIAN_POINT('',(1.817651019332,332.08360571296));
#8034 = CARTESIAN_POINT('',(1.801814102414,332.73465900907));
#8035 = CARTESIAN_POINT('',(1.792796049439,333.08133501116));
#8036 = CARTESIAN_POINT('',(1.783443793084,333.41666384199));
#8037 = CARTESIAN_POINT('',(1.773755833405,333.73961336182));
#8038 = CARTESIAN_POINT('',(1.763731170602,334.04906556733));
#8039 = CARTESIAN_POINT('',(1.753369403878,334.34380961724));
#8040 = CARTESIAN_POINT('',(1.734488653951,334.83570150655));
#8041 = CARTESIAN_POINT('',(1.726108283919,335.03952967619));
#8042 = CARTESIAN_POINT('',(1.71753484106,335.2332954953));
#8043 = CARTESIAN_POINT('',(1.708773871445,335.41628887387));
#8044 = CARTESIAN_POINT('',(1.699831333506,335.58781216602));
#8045 = CARTESIAN_POINT('',(1.690713585176,335.74717883251));
#8046 = CARTESIAN_POINT('',(1.666572378124,336.12811879105));
#8047 = CARTESIAN_POINT('',(1.65126054632,336.33009132919));
#8048 = CARTESIAN_POINT('',(1.635573496091,336.49575941515));
#8049 = CARTESIAN_POINT('',(1.619596064141,336.62217989109));
#8050 = CARTESIAN_POINT('',(1.603415158932,336.70731024461));
#8051 = CARTESIAN_POINT('',(1.587118940819,336.75));
#8052 = CARTESIAN_POINT('',(1.570796326795,336.75));
#8053 = ( GEOMETRIC_REPRESENTATION_CONTEXT(2) 
PARAMETRIC_REPRESENTATION_CONTEXT() REPRESENTATION_CONTEXT('2D SPACE',''
  ) );
#8054 = PCURVE('',#8055,#8060);
#8055 = CYLINDRICAL_SURFACE('',#8056,19.05);
#8056 = AXIS2_PLACEMENT_3D('',#8057,#8058,#8059);
#8057 = CARTESIAN_POINT('',(-325.,-440.,2.2085E+03));
#8058 = DIRECTION('',(0.,1.,0.));
#8059 = DIRECTION('',(0.,-0.,1.));
#8060 = DEFINITIONAL_REPRESENTATION('',(#8061),#8220);
#8061 = B_SPLINE_CURVE_WITH_KNOTS('',7,(#8062,#8063,#8064,#8065,#8066,
    #8067,#8068,#8069,#8070,#8071,#8072,#8073,#8074,#8075,#8076,#8077,
    #8078,#8079,#8080,#8081,#8082,#8083,#8084,#8085,#8086,#8087,#8088,
    #8089,#8090,#8091,#8092,#8093,#8094,#8095,#8096,#8097,#8098,#8099,
    #8100,#8101,#8102,#8103,#8104,#8105,#8106,#8107,#8108,#8109,#8110,
    #8111,#8112,#8113,#8114,#8115,#8116,#8117,#8118,#8119,#8120,#8121,
    #8122,#8123,#8124,#8125,#8126,#8127,#8128,#8129,#8130,#8131,#8132,
    #8133,#8134,#8135,#8136,#8137,#8138,#8139,#8140,#8141,#8142,#8143,
    #8144,#8145,#8146,#8147,#8148,#8149,#8150,#8151,#8152,#8153,#8154,
    #8155,#8156,#8157,#8158,#8159,#8160,#8161,#8162,#8163,#8164,#8165,
    #8166,#8167,#8168,#8169,#8170,#8171,#8172,#8173,#8174,#8175,#8176,
    #8177,#8178,#8179,#8180,#8181,#8182,#8183,#8184,#8185,#8186,#8187,
    #8188,#8189,#8190,#8191,#8192,#8193,#8194,#8195,#8196,#8197,#8198,
    #8199,#8200,#8201,#8202,#8203,#8204,#8205,#8206,#8207,#8208,#8209,
    #8210,#8211,#8212,#8213,#8214,#8215,#8216,#8217,#8218,#8219),
  .UNSPECIFIED.,.F.,.F.,(8,6,6,6,6,6,6,6,6,6,6,6,6,6,6,6,6,6,6,6,6,6,6,6
    ,6,6,8),(0.,3.903369236689E-02,6.450971515034E-02,9.662944359913E-02
    ,0.123479138012,0.14633078345,0.16586527761,0.182190157753,
    0.249488442379,0.319285093533,0.335603639513,0.354585607162,
    0.376798228363,0.4034439003,0.435807519132,0.460558936098,
    0.499622815628,0.53975393062,0.564074556781,0.596880432459,
    0.623148191503,0.74976368345,0.876628530626,0.903277731914,
    0.935645644903,0.960400344245,1.),.UNSPECIFIED.);
#8062 = CARTESIAN_POINT('',(0.,51.15));
#8063 = CARTESIAN_POINT('',(4.320485826104E-02,51.15));
#8064 = CARTESIAN_POINT('',(8.634266351303E-02,51.134549036883));
#8065 = CARTESIAN_POINT('',(0.12929726384,51.103733294373));
#8066 = CARTESIAN_POINT('',(0.171952584552,51.058141722518));
#8067 = CARTESIAN_POINT('',(0.214187020116,50.998854592799));
#8068 = CARTESIAN_POINT('',(0.255867524556,50.927386312576));
#8069 = CARTESIAN_POINT('',(0.323587023136,50.792191807501));
#8070 = CARTESIAN_POINT('',(0.350057647261,50.734344231885));
#8071 = CARTESIAN_POINT('',(0.37625453901,50.672452497181));
#8072 = CARTESIAN_POINT('',(0.402175785786,50.606941906696));
#8073 = CARTESIAN_POINT('',(0.427818241511,50.538245161119));
#8074 = CARTESIAN_POINT('',(0.453177472037,50.466797177768));
#8075 = CARTESIAN_POINT('',(0.5098558106,50.300025415582));
#8076 = CARTESIAN_POINT('',(0.541011432636,50.203313802171));
#8077 = CARTESIAN_POINT('',(0.571736008879,50.103660202785));
#8078 = CARTESIAN_POINT('',(0.602049427473,50.001785316546));
#8079 = CARTESIAN_POINT('',(0.631970312309,49.898363953569));
#8080 = CARTESIAN_POINT('',(0.66151631287,49.794023580026));
#8081 = CARTESIAN_POINT('',(0.715103450287,49.601837601067));
#8082 = CARTESIAN_POINT('',(0.739256502686,49.514079892099));
#8083 = CARTESIAN_POINT('',(0.763177402412,49.426393209408));
#8084 = CARTESIAN_POINT('',(0.78687925341,49.339078590606));
#8085 = CARTESIAN_POINT('',(0.81037474607,49.252415380617));
#8086 = CARTESIAN_POINT('',(0.833676490874,49.166661974469));
#8087 = CARTESIAN_POINT('',(0.876475405507,49.010049299923));
#8088 = CARTESIAN_POINT('',(0.89602243405,48.938873608287));
#8089 = CARTESIAN_POINT('',(0.915445736487,48.868678680454));
#8090 = CARTESIAN_POINT('',(0.934752338724,48.799604600284));
#8091 = CARTESIAN_POINT('',(0.953949105175,48.731782714924));
#8092 = CARTESIAN_POINT('',(0.973042850163,48.665336009496));
#8093 = CARTESIAN_POINT('',(1.008280351662,48.544852061904));
#8094 = CARTESIAN_POINT('',(1.024449863301,48.490414163798));
#8095 = CARTESIAN_POINT('',(1.04055272148,48.437139228148));
#8096 = CARTESIAN_POINT('',(1.056592615625,48.385096911772));
#8097 = CARTESIAN_POINT('',(1.072573187364,48.334353087632));
#8098 = CARTESIAN_POINT('',(1.088498030525,48.28496984483));
#8099 = CARTESIAN_POINT('',(1.117635395086,48.196921913373));
#8100 = CARTESIAN_POINT('',(1.130863497338,48.157829837612));
#8101 = CARTESIAN_POINT('',(1.144056938078,48.119763770449));
#8102 = CARTESIAN_POINT('',(1.157217590848,48.082756653471));
#8103 = CARTESIAN_POINT('',(1.170347262537,48.046839860727));
#8104 = CARTESIAN_POINT('',(1.183447693383,48.012043198733));
#8105 = CARTESIAN_POINT('',(1.250412609285,47.839681952357));
#8106 = CARTESIAN_POINT('',(1.303854028863,47.720439335195));
#8107 = CARTESIAN_POINT('',(1.356942820167,47.622717130772));
#8108 = CARTESIAN_POINT('',(1.409771515785,47.548053171443));
#8109 = CARTESIAN_POINT('',(1.462429630155,47.497479474478));
#8110 = CARTESIAN_POINT('',(1.515006113298,47.471528670422));
#8111 = CARTESIAN_POINT('',(1.622129675282,47.468904368178));
#8112 = CARTESIAN_POINT('',(1.676649200357,47.494096713776));
#8113 = CARTESIAN_POINT('',(1.731251945386,47.545811568287));
#8114 = CARTESIAN_POINT('',(1.786037151224,47.623473520204));
#8115 = CARTESIAN_POINT('',(1.841104674893,47.725929770435));
#8116 = CARTESIAN_POINT('',(1.896557930514,47.851442256256));
#8117 = CARTESIAN_POINT('',(1.965587754297,48.03187029357));
#8118 = CARTESIAN_POINT('',(1.978696906482,48.067196645879));
#8119 = CARTESIAN_POINT('',(1.991835978407,48.103630125456));
#8120 = CARTESIAN_POINT('',(2.005006729096,48.141140458052));
#8121 = CARTESIAN_POINT('',(2.018210984996,48.17969580192));
#8122 = CARTESIAN_POINT('',(2.031450639973,48.219262747807));
#8123 = CARTESIAN_POINT('',(2.060171670725,48.306967184707));
#8124 = CARTESIAN_POINT('',(2.075666034837,48.355448754044));
#8125 = CARTESIAN_POINT('',(2.091214032843,48.405196713649));
#8126 = CARTESIAN_POINT('',(2.106818993209,48.456153354099));
#8127 = CARTESIAN_POINT('',(2.122484287671,48.508257569878));
#8128 = CARTESIAN_POINT('',(2.138213331238,48.561444859376));
#8129 = CARTESIAN_POINT('',(2.172494290692,48.679074829179));
#8130 = CARTESIAN_POINT('',(2.191070920353,48.743891619792));
#8131 = CARTESIAN_POINT('',(2.209745688587,48.809991577661));
#8132 = CARTESIAN_POINT('',(2.228524907553,48.877260917271));
#8133 = CARTESIAN_POINT('',(2.247414984157,48.945578186648));
#8134 = CARTESIAN_POINT('',(2.266422420052,49.014814267368));
#8135 = CARTESIAN_POINT('',(2.308503322155,49.168824241004));
#8136 = CARTESIAN_POINT('',(2.331631258803,49.253941130353));
#8137 = CARTESIAN_POINT('',(2.354950193232,49.33994991115));
#8138 = CARTESIAN_POINT('',(2.378472454501,49.426597840113));
#8139 = CARTESIAN_POINT('',(2.402210450345,49.513611847606));
#8140 = CARTESIAN_POINT('',(2.426176988447,49.600697823111));
#8141 = CARTESIAN_POINT('',(2.479789179821,49.793017589734));
#8142 = CARTESIAN_POINT('',(2.509555963369,49.898157200643));
#8143 = CARTESIAN_POINT('',(2.539703244773,50.002367130527));
#8144 = CARTESIAN_POINT('',(2.57024903442,50.105005522032));
#8145 = CARTESIAN_POINT('',(2.601212356152,50.205381779723));
#8146 = CARTESIAN_POINT('',(2.632613546752,50.302758086445));
#8147 = CARTESIAN_POINT('',(2.688841580473,50.46792991251));
#8148 = CARTESIAN_POINT('',(2.713481111092,50.537306458893));
#8149 = CARTESIAN_POINT('',(2.73838798867,50.604084760417));
#8150 = CARTESIAN_POINT('',(2.763558243155,50.667866376049));
#8151 = CARTESIAN_POINT('',(2.788989046975,50.728254689539));
#8152 = CARTESIAN_POINT('',(2.814678668956,50.784859376826));
#8153 = CARTESIAN_POINT('',(2.881578432908,50.92006657164));
#8154 = CARTESIAN_POINT('',(2.923240636318,50.99259813811));
#8155 = CARTESIAN_POINT('',(2.965463693475,51.053038303643));
#8156 = CARTESIAN_POINT('',(3.008115941049,51.099853973768));
#8157 = CARTESIAN_POINT('',(3.051077265489,51.131939503542));
#8158 = CARTESIAN_POINT('',(3.094233282598,51.148675007122));
#8159 = CARTESIAN_POINT('',(3.181887608377,51.151238948951));
#8160 = CARTESIAN_POINT('',(3.226243358216,51.136206210222));
#8161 = CARTESIAN_POINT('',(3.270411142035,51.104904721251));
#8162 = CARTESIAN_POINT('',(3.314265369645,51.057959048047));
#8163 = CARTESIAN_POINT('',(3.357674387158,50.996543444638));
#8164 = CARTESIAN_POINT('',(3.400493707205,50.922316328405));
#8165 = CARTESIAN_POINT('',(3.468051599888,50.785779028156));
#8166 = CARTESIAN_POINT('',(3.493295283844,50.730238475297));
#8167 = CARTESIAN_POINT('',(3.518289206799,50.671039234296));
#8168 = CARTESIAN_POINT('',(3.543031662648,50.608551455203));
#8169 = CARTESIAN_POINT('',(3.567519920048,50.543151313852));
#8170 = CARTESIAN_POINT('',(3.591750179283,50.475216907023));
#8171 = CARTESIAN_POINT('',(3.648046873541,50.31057664966));
#8172 = CARTESIAN_POINT('',(3.679902757956,50.212087508287));
#8173 = CARTESIAN_POINT('',(3.711307985357,50.110475133408));
#8174 = CARTESIAN_POINT('',(3.742283646964,50.006510027972));
#8175 = CARTESIAN_POINT('',(3.772849443851,49.900913055117));
#8176 = CARTESIAN_POINT('',(3.803024008562,49.79435370534));
#8177 = CARTESIAN_POINT('',(3.856687147859,49.601848948999));
#8178 = CARTESIAN_POINT('',(3.880313896788,49.516012764542));
#8179 = CARTESIAN_POINT('',(3.903718420533,49.430242324788));
#8180 = CARTESIAN_POINT('',(3.926912989946,49.344819594956));
#8181 = CARTESIAN_POINT('',(3.949909499266,49.260006651228));
#8182 = CARTESIAN_POINT('',(3.972719765683,49.176046340993));
#8183 = CARTESIAN_POINT('',(4.104465870395,48.693649525018));
#8184 = CARTESIAN_POINT('',(4.209828377954,48.318059864584));
#8185 = CARTESIAN_POINT('',(4.312446891047,47.992876722348));
#8186 = CARTESIAN_POINT('',(4.413111067236,47.736441977269));
#8187 = CARTESIAN_POINT('',(4.51255273989,47.560565733907));
#8188 = CARTESIAN_POINT('',(4.611481148596,47.47151266951));
#8189 = CARTESIAN_POINT('',(4.810062843458,47.468909604583));
#8190 = CARTESIAN_POINT('',(4.909173543424,47.555712728127));
#8191 = CARTESIAN_POINT('',(5.008786554014,47.729816161355));
#8192 = CARTESIAN_POINT('',(5.109612559645,47.985021865563));
#8193 = CARTESIAN_POINT('',(5.212384764165,48.309533747695));
#8194 = CARTESIAN_POINT('',(5.317894142268,48.684984782463));
#8195 = CARTESIAN_POINT('',(5.450095983637,49.168824269888));
#8196 = CARTESIAN_POINT('',(5.473223926777,49.253941183324));
#8197 = CARTESIAN_POINT('',(5.496542865539,49.339949980227));
#8198 = CARTESIAN_POINT('',(5.520065128241,49.426597914258));
#8199 = CARTESIAN_POINT('',(5.543803121901,49.51361191311));
#8200 = CARTESIAN_POINT('',(5.567769653508,49.600697864261));
#8201 = CARTESIAN_POINT('',(5.621381826231,49.793017563979));
#8202 = CARTESIAN_POINT('',(5.651148605532,49.898157160388));
#8203 = CARTESIAN_POINT('',(5.681295886,50.002367088505));
#8204 = CARTESIAN_POINT('',(5.711841677657,50.105005488513));
#8205 = CARTESIAN_POINT('',(5.742805003303,50.205381760011));
#8206 = CARTESIAN_POINT('',(5.774206198079,50.302758079799));
#8207 = CARTESIAN_POINT('',(5.830434234063,50.46792991251));
#8208 = CARTESIAN_POINT('',(5.855073764681,50.537306458893));
#8209 = CARTESIAN_POINT('',(5.87998064226,50.604084760417));
#8210 = CARTESIAN_POINT('',(5.905150896745,50.667866376049));
#8211 = CARTESIAN_POINT('',(5.930581700565,50.728254689539));
#8212 = CARTESIAN_POINT('',(5.956271322546,50.784859376826));
#8213 = CARTESIAN_POINT('',(6.023727254539,50.921190610294));
#8214 = CARTESIAN_POINT('',(6.06596792007,50.994572152805));
#8215 = CARTESIAN_POINT('',(6.108784111535,51.055505612285));
#8216 = CARTESIAN_POINT('',(6.152037637527,51.102395275811));
#8217 = CARTESIAN_POINT('',(6.195602468828,51.134100953986));
#8218 = CARTESIAN_POINT('',(6.239358445904,51.15));
#8219 = CARTESIAN_POINT('',(6.28318530718,51.15));
#8220 = ( GEOMETRIC_REPRESENTATION_CONTEXT(2) 
PARAMETRIC_REPRESENTATION_CONTEXT() REPRESENTATION_CONTEXT('2D SPACE',''
  ) );
#8221 = ADVANCED_FACE('',(#8222),#8055,.T.);
#8222 = FACE_BOUND('',#8223,.T.);
#8223 = EDGE_LOOP('',(#8224,#8247,#8274,#8275));
#8224 = ORIENTED_EDGE('',*,*,#8225,.T.);
#8225 = EDGE_CURVE('',#7730,#8226,#8228,.T.);
#8226 = VERTEX_POINT('',#8227);
#8227 = CARTESIAN_POINT('',(-325.,-190.,2.22755E+03));
#8228 = SEAM_CURVE('',#8229,(#8233,#8240),.PCURVE_S1.);
#8229 = LINE('',#8230,#8231);
#8230 = CARTESIAN_POINT('',(-325.,-440.,2.22755E+03));
#8231 = VECTOR('',#8232,1.);
#8232 = DIRECTION('',(0.,1.,0.));
#8233 = PCURVE('',#8055,#8234);
#8234 = DEFINITIONAL_REPRESENTATION('',(#8235),#8239);
#8235 = LINE('',#8236,#8237);
#8236 = CARTESIAN_POINT('',(6.28318530718,-0.));
#8237 = VECTOR('',#8238,1.);
#8238 = DIRECTION('',(0.,1.));
#8239 = ( GEOMETRIC_REPRESENTATION_CONTEXT(2) 
PARAMETRIC_REPRESENTATION_CONTEXT() REPRESENTATION_CONTEXT('2D SPACE',''
  ) );
#8240 = PCURVE('',#8055,#8241);
#8241 = DEFINITIONAL_REPRESENTATION('',(#8242),#8246);
#8242 = LINE('',#8243,#8244);
#8243 = CARTESIAN_POINT('',(0.,-0.));
#8244 = VECTOR('',#8245,1.);
#8245 = DIRECTION('',(0.,1.));
#8246 = ( GEOMETRIC_REPRESENTATION_CONTEXT(2) 
PARAMETRIC_REPRESENTATION_CONTEXT() REPRESENTATION_CONTEXT('2D SPACE',''
  ) );
#8247 = ORIENTED_EDGE('',*,*,#8248,.F.);
#8248 = EDGE_CURVE('',#8226,#8226,#8249,.T.);
#8249 = SURFACE_CURVE('',#8250,(#8255,#8262),.PCURVE_S1.);
#8250 = CIRCLE('',#8251,19.05);
#8251 = AXIS2_PLACEMENT_3D('',#8252,#8253,#8254);
#8252 = CARTESIAN_POINT('',(-325.,-190.,2.2085E+03));
#8253 = DIRECTION('',(0.,1.,0.));
#8254 = DIRECTION('',(0.,-0.,1.));
#8255 = PCURVE('',#8055,#8256);
#8256 = DEFINITIONAL_REPRESENTATION('',(#8257),#8261);
#8257 = LINE('',#8258,#8259);
#8258 = CARTESIAN_POINT('',(0.,250.));
#8259 = VECTOR('',#8260,1.);
#8260 = DIRECTION('',(1.,0.));
#8261 = ( GEOMETRIC_REPRESENTATION_CONTEXT(2) 
PARAMETRIC_REPRESENTATION_CONTEXT() REPRESENTATION_CONTEXT('2D SPACE',''
  ) );
#8262 = PCURVE('',#8263,#8268);
#8263 = PLANE('',#8264);
#8264 = AXIS2_PLACEMENT_3D('',#8265,#8266,#8267);
#8265 = CARTESIAN_POINT('',(-325.,-190.,2.2085E+03));
#8266 = DIRECTION('',(0.,1.,0.));
#8267 = DIRECTION('',(0.,-0.,1.));
#8268 = DEFINITIONAL_REPRESENTATION('',(#8269),#8273);
#8269 = CIRCLE('',#8270,19.05);
#8270 = AXIS2_PLACEMENT_2D('',#8271,#8272);
#8271 = CARTESIAN_POINT('',(0.,0.));
#8272 = DIRECTION('',(1.,0.));
#8273 = ( GEOMETRIC_REPRESENTATION_CONTEXT(2) 
PARAMETRIC_REPRESENTATION_CONTEXT() REPRESENTATION_CONTEXT('2D SPACE',''
  ) );
#8274 = ORIENTED_EDGE('',*,*,#8225,.F.);
#8275 = ORIENTED_EDGE('',*,*,#7729,.T.);
#8276 = ADVANCED_FACE('',(#8277),#8263,.T.);
#8277 = FACE_BOUND('',#8278,.T.);
#8278 = EDGE_LOOP('',(#8279));
#8279 = ORIENTED_EDGE('',*,*,#8248,.T.);
#8280 = ADVANCED_FACE('',(#8281,#8284),#7667,.F.);
#8281 = FACE_BOUND('',#8282,.F.);
#8282 = EDGE_LOOP('',(#8283));
#8283 = ORIENTED_EDGE('',*,*,#7650,.T.);
#8284 = FACE_BOUND('',#8285,.F.);
#8285 = EDGE_LOOP('',(#8286));
#8286 = ORIENTED_EDGE('',*,*,#8287,.F.);
#8287 = EDGE_CURVE('',#8288,#8288,#8290,.T.);
#8288 = VERTEX_POINT('',#8289);
#8289 = CARTESIAN_POINT('',(-298.75,-440.,1.8908E+03));
#8290 = SURFACE_CURVE('',#8291,(#8296,#8303),.PCURVE_S1.);
#8291 = CIRCLE('',#8292,26.25);
#8292 = AXIS2_PLACEMENT_3D('',#8293,#8294,#8295);
#8293 = CARTESIAN_POINT('',(-325.,-440.,1.8908E+03));
#8294 = DIRECTION('',(0.,0.,1.));
#8295 = DIRECTION('',(1.,0.,-0.));
#8296 = PCURVE('',#7667,#8297);
#8297 = DEFINITIONAL_REPRESENTATION('',(#8298),#8302);
#8298 = CIRCLE('',#8299,26.25);
#8299 = AXIS2_PLACEMENT_2D('',#8300,#8301);
#8300 = CARTESIAN_POINT('',(0.,0.));
#8301 = DIRECTION('',(1.,0.));
#8302 = ( GEOMETRIC_REPRESENTATION_CONTEXT(2) 
PARAMETRIC_REPRESENTATION_CONTEXT() REPRESENTATION_CONTEXT('2D SPACE',''
  ) );
#8303 = PCURVE('',#8304,#8309);
#8304 = CONICAL_SURFACE('',#8305,51.15,0.777430204536);
#8305 = AXIS2_PLACEMENT_3D('',#8306,#8307,#8308);
#8306 = CARTESIAN_POINT('',(-325.,-440.,1.8655E+03));
#8307 = DIRECTION('',(-0.,-0.,-1.));
#8308 = DIRECTION('',(1.,0.,-0.));
#8309 = DEFINITIONAL_REPRESENTATION('',(#8310),#8314);
#8310 = LINE('',#8311,#8312);
#8311 = CARTESIAN_POINT('',(-0.,-25.3));
#8312 = VECTOR('',#8313,1.);
#8313 = DIRECTION('',(-1.,-0.));
#8314 = ( GEOMETRIC_REPRESENTATION_CONTEXT(2) 
PARAMETRIC_REPRESENTATION_CONTEXT() REPRESENTATION_CONTEXT('2D SPACE',''
  ) );
#8315 = ADVANCED_FACE('',(#8316),#8304,.T.);
#8316 = FACE_BOUND('',#8317,.T.);
#8317 = EDGE_LOOP('',(#8318,#8319,#8342,#8369));
#8318 = ORIENTED_EDGE('',*,*,#8287,.F.);
#8319 = ORIENTED_EDGE('',*,*,#8320,.F.);
#8320 = EDGE_CURVE('',#8321,#8288,#8323,.T.);
#8321 = VERTEX_POINT('',#8322);
#8322 = CARTESIAN_POINT('',(-273.85,-440.,1.8655E+03));
#8323 = SEAM_CURVE('',#8324,(#8328,#8335),.PCURVE_S1.);
#8324 = LINE('',#8325,#8326);
#8325 = CARTESIAN_POINT('',(-273.85,-440.,1.8655E+03));
#8326 = VECTOR('',#8327,1.);
#8327 = DIRECTION('',(-0.701450196652,1.718057476182E-16,0.712718472903)
  );
#8328 = PCURVE('',#8304,#8329);
#8329 = DEFINITIONAL_REPRESENTATION('',(#8330),#8334);
#8330 = LINE('',#8331,#8332);
#8331 = CARTESIAN_POINT('',(-6.28318530718,0.));
#8332 = VECTOR('',#8333,1.);
#8333 = DIRECTION('',(-0.,-1.));
#8334 = ( GEOMETRIC_REPRESENTATION_CONTEXT(2) 
PARAMETRIC_REPRESENTATION_CONTEXT() REPRESENTATION_CONTEXT('2D SPACE',''
  ) );
#8335 = PCURVE('',#8304,#8336);
#8336 = DEFINITIONAL_REPRESENTATION('',(#8337),#8341);
#8337 = LINE('',#8338,#8339);
#8338 = CARTESIAN_POINT('',(0.,-0.));
#8339 = VECTOR('',#8340,1.);
#8340 = DIRECTION('',(-0.,-1.));
#8341 = ( GEOMETRIC_REPRESENTATION_CONTEXT(2) 
PARAMETRIC_REPRESENTATION_CONTEXT() REPRESENTATION_CONTEXT('2D SPACE',''
  ) );
#8342 = ORIENTED_EDGE('',*,*,#8343,.T.);
#8343 = EDGE_CURVE('',#8321,#8321,#8344,.T.);
#8344 = SURFACE_CURVE('',#8345,(#8350,#8357),.PCURVE_S1.);
#8345 = CIRCLE('',#8346,51.15);
#8346 = AXIS2_PLACEMENT_3D('',#8347,#8348,#8349);
#8347 = CARTESIAN_POINT('',(-325.,-440.,1.8655E+03));
#8348 = DIRECTION('',(0.,0.,1.));
#8349 = DIRECTION('',(1.,0.,-0.));
#8350 = PCURVE('',#8304,#8351);
#8351 = DEFINITIONAL_REPRESENTATION('',(#8352),#8356);
#8352 = LINE('',#8353,#8354);
#8353 = CARTESIAN_POINT('',(-0.,-0.));
#8354 = VECTOR('',#8355,1.);
#8355 = DIRECTION('',(-1.,-0.));
#8356 = ( GEOMETRIC_REPRESENTATION_CONTEXT(2) 
PARAMETRIC_REPRESENTATION_CONTEXT() REPRESENTATION_CONTEXT('2D SPACE',''
  ) );
#8357 = PCURVE('',#8358,#8363);
#8358 = PLANE('',#8359);
#8359 = AXIS2_PLACEMENT_3D('',#8360,#8361,#8362);
#8360 = CARTESIAN_POINT('',(-325.,-440.,1.8655E+03));
#8361 = DIRECTION('',(0.,0.,1.));
#8362 = DIRECTION('',(1.,0.,-0.));
#8363 = DEFINITIONAL_REPRESENTATION('',(#8364),#8368);
#8364 = CIRCLE('',#8365,51.15);
#8365 = AXIS2_PLACEMENT_2D('',#8366,#8367);
#8366 = CARTESIAN_POINT('',(0.,0.));
#8367 = DIRECTION('',(1.,0.));
#8368 = ( GEOMETRIC_REPRESENTATION_CONTEXT(2) 
PARAMETRIC_REPRESENTATION_CONTEXT() REPRESENTATION_CONTEXT('2D SPACE',''
  ) );
#8369 = ORIENTED_EDGE('',*,*,#8320,.T.);
#8370 = ADVANCED_FACE('',(#8371,#8374,#8405,#8436,#8467,#8498,#8529,
    #8560),#8358,.F.);
#8371 = FACE_BOUND('',#8372,.F.);
#8372 = EDGE_LOOP('',(#8373));
#8373 = ORIENTED_EDGE('',*,*,#8343,.T.);
#8374 = FACE_BOUND('',#8375,.F.);
#8375 = EDGE_LOOP('',(#8376));
#8376 = ORIENTED_EDGE('',*,*,#8377,.F.);
#8377 = EDGE_CURVE('',#8378,#8378,#8380,.T.);
#8378 = VERTEX_POINT('',#8379);
#8379 = CARTESIAN_POINT('',(-327.25,-451.691342951,1.8655E+03));
#8380 = SURFACE_CURVE('',#8381,(#8386,#8393),.PCURVE_S1.);
#8381 = CIRCLE('',#8382,4.5);
#8382 = AXIS2_PLACEMENT_3D('',#8383,#8384,#8385);
#8383 = CARTESIAN_POINT('',(-331.75,-451.691342951,1.8655E+03));
#8384 = DIRECTION('',(0.,0.,1.));
#8385 = DIRECTION('',(1.,0.,-0.));
#8386 = PCURVE('',#8358,#8387);
#8387 = DEFINITIONAL_REPRESENTATION('',(#8388),#8392);
#8388 = CIRCLE('',#8389,4.5);
#8389 = AXIS2_PLACEMENT_2D('',#8390,#8391);
#8390 = CARTESIAN_POINT('',(-6.75,-11.69134295109));
#8391 = DIRECTION('',(1.,0.));
#8392 = ( GEOMETRIC_REPRESENTATION_CONTEXT(2) 
PARAMETRIC_REPRESENTATION_CONTEXT() REPRESENTATION_CONTEXT('2D SPACE',''
  ) );
#8393 = PCURVE('',#8394,#8399);
#8394 = CYLINDRICAL_SURFACE('',#8395,4.5);
#8395 = AXIS2_PLACEMENT_3D('',#8396,#8397,#8398);
#8396 = CARTESIAN_POINT('',(-331.75,-451.691342951,1.8408E+03));
#8397 = DIRECTION('',(0.,0.,1.));
#8398 = DIRECTION('',(1.,0.,-0.));
#8399 = DEFINITIONAL_REPRESENTATION('',(#8400),#8404);
#8400 = LINE('',#8401,#8402);
#8401 = CARTESIAN_POINT('',(0.,24.7));
#8402 = VECTOR('',#8403,1.);
#8403 = DIRECTION('',(1.,0.));
#8404 = ( GEOMETRIC_REPRESENTATION_CONTEXT(2) 
PARAMETRIC_REPRESENTATION_CONTEXT() REPRESENTATION_CONTEXT('2D SPACE',''
  ) );
#8405 = FACE_BOUND('',#8406,.F.);
#8406 = EDGE_LOOP('',(#8407));
#8407 = ORIENTED_EDGE('',*,*,#8408,.F.);
#8408 = EDGE_CURVE('',#8409,#8409,#8411,.T.);
#8409 = VERTEX_POINT('',#8410);
#8410 = CARTESIAN_POINT('',(-334.,-440.,1.8655E+03));
#8411 = SURFACE_CURVE('',#8412,(#8417,#8424),.PCURVE_S1.);
#8412 = CIRCLE('',#8413,4.5);
#8413 = AXIS2_PLACEMENT_3D('',#8414,#8415,#8416);
#8414 = CARTESIAN_POINT('',(-338.5,-440.,1.8655E+03));
#8415 = DIRECTION('',(0.,0.,1.));
#8416 = DIRECTION('',(1.,0.,-0.));
#8417 = PCURVE('',#8358,#8418);
#8418 = DEFINITIONAL_REPRESENTATION('',(#8419),#8423);
#8419 = CIRCLE('',#8420,4.5);
#8420 = AXIS2_PLACEMENT_2D('',#8421,#8422);
#8421 = CARTESIAN_POINT('',(-13.5,0.));
#8422 = DIRECTION('',(1.,0.));
#8423 = ( GEOMETRIC_REPRESENTATION_CONTEXT(2) 
PARAMETRIC_REPRESENTATION_CONTEXT() REPRESENTATION_CONTEXT('2D SPACE',''
  ) );
#8424 = PCURVE('',#8425,#8430);
#8425 = CYLINDRICAL_SURFACE('',#8426,4.5);
#8426 = AXIS2_PLACEMENT_3D('',#8427,#8428,#8429);
#8427 = CARTESIAN_POINT('',(-338.5,-440.,1.8408E+03));
#8428 = DIRECTION('',(0.,0.,1.));
#8429 = DIRECTION('',(1.,0.,-0.));
#8430 = DEFINITIONAL_REPRESENTATION('',(#8431),#8435);
#8431 = LINE('',#8432,#8433);
#8432 = CARTESIAN_POINT('',(0.,24.7));
#8433 = VECTOR('',#8434,1.);
#8434 = DIRECTION('',(1.,0.));
#8435 = ( GEOMETRIC_REPRESENTATION_CONTEXT(2) 
PARAMETRIC_REPRESENTATION_CONTEXT() REPRESENTATION_CONTEXT('2D SPACE',''
  ) );
#8436 = FACE_BOUND('',#8437,.F.);
#8437 = EDGE_LOOP('',(#8438));
#8438 = ORIENTED_EDGE('',*,*,#8439,.F.);
#8439 = EDGE_CURVE('',#8440,#8440,#8442,.T.);
#8440 = VERTEX_POINT('',#8441);
#8441 = CARTESIAN_POINT('',(-313.75,-451.691342951,1.8655E+03));
#8442 = SURFACE_CURVE('',#8443,(#8448,#8455),.PCURVE_S1.);
#8443 = CIRCLE('',#8444,4.5);
#8444 = AXIS2_PLACEMENT_3D('',#8445,#8446,#8447);
#8445 = CARTESIAN_POINT('',(-318.25,-451.691342951,1.8655E+03));
#8446 = DIRECTION('',(0.,0.,1.));
#8447 = DIRECTION('',(1.,0.,-0.));
#8448 = PCURVE('',#8358,#8449);
#8449 = DEFINITIONAL_REPRESENTATION('',(#8450),#8454);
#8450 = CIRCLE('',#8451,4.5);
#8451 = AXIS2_PLACEMENT_2D('',#8452,#8453);
#8452 = CARTESIAN_POINT('',(6.75,-11.69134295109));
#8453 = DIRECTION('',(1.,0.));
#8454 = ( GEOMETRIC_REPRESENTATION_CONTEXT(2) 
PARAMETRIC_REPRESENTATION_CONTEXT() REPRESENTATION_CONTEXT('2D SPACE',''
  ) );
#8455 = PCURVE('',#8456,#8461);
#8456 = CYLINDRICAL_SURFACE('',#8457,4.5);
#8457 = AXIS2_PLACEMENT_3D('',#8458,#8459,#8460);
#8458 = CARTESIAN_POINT('',(-318.25,-451.691342951,1.8408E+03));
#8459 = DIRECTION('',(0.,0.,1.));
#8460 = DIRECTION('',(1.,0.,-0.));
#8461 = DEFINITIONAL_REPRESENTATION('',(#8462),#8466);
#8462 = LINE('',#8463,#8464);
#8463 = CARTESIAN_POINT('',(0.,24.7));
#8464 = VECTOR('',#8465,1.);
#8465 = DIRECTION('',(1.,0.));
#8466 = ( GEOMETRIC_REPRESENTATION_CONTEXT(2) 
PARAMETRIC_REPRESENTATION_CONTEXT() REPRESENTATION_CONTEXT('2D SPACE',''
  ) );
#8467 = FACE_BOUND('',#8468,.F.);
#8468 = EDGE_LOOP('',(#8469));
#8469 = ORIENTED_EDGE('',*,*,#8470,.F.);
#8470 = EDGE_CURVE('',#8471,#8471,#8473,.T.);
#8471 = VERTEX_POINT('',#8472);
#8472 = CARTESIAN_POINT('',(-320.5,-440.,1.8655E+03));
#8473 = SURFACE_CURVE('',#8474,(#8479,#8486),.PCURVE_S1.);
#8474 = CIRCLE('',#8475,4.5);
#8475 = AXIS2_PLACEMENT_3D('',#8476,#8477,#8478);
#8476 = CARTESIAN_POINT('',(-325.,-440.,1.8655E+03));
#8477 = DIRECTION('',(0.,0.,1.));
#8478 = DIRECTION('',(1.,0.,-0.));
#8479 = PCURVE('',#8358,#8480);
#8480 = DEFINITIONAL_REPRESENTATION('',(#8481),#8485);
#8481 = CIRCLE('',#8482,4.5);
#8482 = AXIS2_PLACEMENT_2D('',#8483,#8484);
#8483 = CARTESIAN_POINT('',(0.,0.));
#8484 = DIRECTION('',(1.,0.));
#8485 = ( GEOMETRIC_REPRESENTATION_CONTEXT(2) 
PARAMETRIC_REPRESENTATION_CONTEXT() REPRESENTATION_CONTEXT('2D SPACE',''
  ) );
#8486 = PCURVE('',#8487,#8492);
#8487 = CYLINDRICAL_SURFACE('',#8488,4.5);
#8488 = AXIS2_PLACEMENT_3D('',#8489,#8490,#8491);
#8489 = CARTESIAN_POINT('',(-325.,-440.,1.8408E+03));
#8490 = DIRECTION('',(0.,0.,1.));
#8491 = DIRECTION('',(1.,0.,-0.));
#8492 = DEFINITIONAL_REPRESENTATION('',(#8493),#8497);
#8493 = LINE('',#8494,#8495);
#8494 = CARTESIAN_POINT('',(0.,24.7));
#8495 = VECTOR('',#8496,1.);
#8496 = DIRECTION('',(1.,0.));
#8497 = ( GEOMETRIC_REPRESENTATION_CONTEXT(2) 
PARAMETRIC_REPRESENTATION_CONTEXT() REPRESENTATION_CONTEXT('2D SPACE',''
  ) );
#8498 = FACE_BOUND('',#8499,.F.);
#8499 = EDGE_LOOP('',(#8500));
#8500 = ORIENTED_EDGE('',*,*,#8501,.F.);
#8501 = EDGE_CURVE('',#8502,#8502,#8504,.T.);
#8502 = VERTEX_POINT('',#8503);
#8503 = CARTESIAN_POINT('',(-307.,-440.,1.8655E+03));
#8504 = SURFACE_CURVE('',#8505,(#8510,#8517),.PCURVE_S1.);
#8505 = CIRCLE('',#8506,4.5);
#8506 = AXIS2_PLACEMENT_3D('',#8507,#8508,#8509);
#8507 = CARTESIAN_POINT('',(-311.5,-440.,1.8655E+03));
#8508 = DIRECTION('',(0.,0.,1.));
#8509 = DIRECTION('',(1.,0.,-0.));
#8510 = PCURVE('',#8358,#8511);
#8511 = DEFINITIONAL_REPRESENTATION('',(#8512),#8516);
#8512 = CIRCLE('',#8513,4.5);
#8513 = AXIS2_PLACEMENT_2D('',#8514,#8515);
#8514 = CARTESIAN_POINT('',(13.5,0.));
#8515 = DIRECTION('',(1.,0.));
#8516 = ( GEOMETRIC_REPRESENTATION_CONTEXT(2) 
PARAMETRIC_REPRESENTATION_CONTEXT() REPRESENTATION_CONTEXT('2D SPACE',''
  ) );
#8517 = PCURVE('',#8518,#8523);
#8518 = CYLINDRICAL_SURFACE('',#8519,4.5);
#8519 = AXIS2_PLACEMENT_3D('',#8520,#8521,#8522);
#8520 = CARTESIAN_POINT('',(-311.5,-440.,1.8408E+03));
#8521 = DIRECTION('',(0.,0.,1.));
#8522 = DIRECTION('',(1.,0.,-0.));
#8523 = DEFINITIONAL_REPRESENTATION('',(#8524),#8528);
#8524 = LINE('',#8525,#8526);
#8525 = CARTESIAN_POINT('',(0.,24.7));
#8526 = VECTOR('',#8527,1.);
#8527 = DIRECTION('',(1.,0.));
#8528 = ( GEOMETRIC_REPRESENTATION_CONTEXT(2) 
PARAMETRIC_REPRESENTATION_CONTEXT() REPRESENTATION_CONTEXT('2D SPACE',''
  ) );
#8529 = FACE_BOUND('',#8530,.F.);
#8530 = EDGE_LOOP('',(#8531));
#8531 = ORIENTED_EDGE('',*,*,#8532,.F.);
#8532 = EDGE_CURVE('',#8533,#8533,#8535,.T.);
#8533 = VERTEX_POINT('',#8534);
#8534 = CARTESIAN_POINT('',(-327.25,-428.3086570489,1.8655E+03));
#8535 = SURFACE_CURVE('',#8536,(#8541,#8548),.PCURVE_S1.);
#8536 = CIRCLE('',#8537,4.5);
#8537 = AXIS2_PLACEMENT_3D('',#8538,#8539,#8540);
#8538 = CARTESIAN_POINT('',(-331.75,-428.3086570489,1.8655E+03));
#8539 = DIRECTION('',(0.,0.,1.));
#8540 = DIRECTION('',(1.,0.,-0.));
#8541 = PCURVE('',#8358,#8542);
#8542 = DEFINITIONAL_REPRESENTATION('',(#8543),#8547);
#8543 = CIRCLE('',#8544,4.5);
#8544 = AXIS2_PLACEMENT_2D('',#8545,#8546);
#8545 = CARTESIAN_POINT('',(-6.75,11.69134295109));
#8546 = DIRECTION('',(1.,0.));
#8547 = ( GEOMETRIC_REPRESENTATION_CONTEXT(2) 
PARAMETRIC_REPRESENTATION_CONTEXT() REPRESENTATION_CONTEXT('2D SPACE',''
  ) );
#8548 = PCURVE('',#8549,#8554);
#8549 = CYLINDRICAL_SURFACE('',#8550,4.5);
#8550 = AXIS2_PLACEMENT_3D('',#8551,#8552,#8553);
#8551 = CARTESIAN_POINT('',(-331.75,-428.3086570489,1.8408E+03));
#8552 = DIRECTION('',(0.,0.,1.));
#8553 = DIRECTION('',(1.,0.,-0.));
#8554 = DEFINITIONAL_REPRESENTATION('',(#8555),#8559);
#8555 = LINE('',#8556,#8557);
#8556 = CARTESIAN_POINT('',(0.,24.7));
#8557 = VECTOR('',#8558,1.);
#8558 = DIRECTION('',(1.,0.));
#8559 = ( GEOMETRIC_REPRESENTATION_CONTEXT(2) 
PARAMETRIC_REPRESENTATION_CONTEXT() REPRESENTATION_CONTEXT('2D SPACE',''
  ) );
#8560 = FACE_BOUND('',#8561,.F.);
#8561 = EDGE_LOOP('',(#8562));
#8562 = ORIENTED_EDGE('',*,*,#8563,.F.);
#8563 = EDGE_CURVE('',#8564,#8564,#8566,.T.);
#8564 = VERTEX_POINT('',#8565);
#8565 = CARTESIAN_POINT('',(-313.75,-428.3086570489,1.8655E+03));
#8566 = SURFACE_CURVE('',#8567,(#8572,#8579),.PCURVE_S1.);
#8567 = CIRCLE('',#8568,4.5);
#8568 = AXIS2_PLACEMENT_3D('',#8569,#8570,#8571);
#8569 = CARTESIAN_POINT('',(-318.25,-428.3086570489,1.8655E+03));
#8570 = DIRECTION('',(0.,0.,1.));
#8571 = DIRECTION('',(1.,0.,-0.));
#8572 = PCURVE('',#8358,#8573);
#8573 = DEFINITIONAL_REPRESENTATION('',(#8574),#8578);
#8574 = CIRCLE('',#8575,4.5);
#8575 = AXIS2_PLACEMENT_2D('',#8576,#8577);
#8576 = CARTESIAN_POINT('',(6.75,11.69134295109));
#8577 = DIRECTION('',(1.,0.));
#8578 = ( GEOMETRIC_REPRESENTATION_CONTEXT(2) 
PARAMETRIC_REPRESENTATION_CONTEXT() REPRESENTATION_CONTEXT('2D SPACE',''
  ) );
#8579 = PCURVE('',#8580,#8585);
#8580 = CYLINDRICAL_SURFACE('',#8581,4.5);
#8581 = AXIS2_PLACEMENT_3D('',#8582,#8583,#8584);
#8582 = CARTESIAN_POINT('',(-318.25,-428.3086570489,1.8408E+03));
#8583 = DIRECTION('',(0.,0.,1.));
#8584 = DIRECTION('',(1.,0.,-0.));
#8585 = DEFINITIONAL_REPRESENTATION('',(#8586),#8590);
#8586 = LINE('',#8587,#8588);
#8587 = CARTESIAN_POINT('',(0.,24.7));
#8588 = VECTOR('',#8589,1.);
#8589 = DIRECTION('',(1.,0.));
#8590 = ( GEOMETRIC_REPRESENTATION_CONTEXT(2) 
PARAMETRIC_REPRESENTATION_CONTEXT() REPRESENTATION_CONTEXT('2D SPACE',''
  ) );
#8591 = ADVANCED_FACE('',(#8592),#8580,.T.);
#8592 = FACE_BOUND('',#8593,.T.);
#8593 = EDGE_LOOP('',(#8594,#8595,#8618,#8645));
#8594 = ORIENTED_EDGE('',*,*,#8563,.F.);
#8595 = ORIENTED_EDGE('',*,*,#8596,.F.);
#8596 = EDGE_CURVE('',#8597,#8564,#8599,.T.);
#8597 = VERTEX_POINT('',#8598);
#8598 = CARTESIAN_POINT('',(-313.75,-428.3086570489,1.8408E+03));
#8599 = SEAM_CURVE('',#8600,(#8604,#8611),.PCURVE_S1.);
#8600 = LINE('',#8601,#8602);
#8601 = CARTESIAN_POINT('',(-313.75,-428.3086570489,1.8408E+03));
#8602 = VECTOR('',#8603,1.);
#8603 = DIRECTION('',(0.,0.,1.));
#8604 = PCURVE('',#8580,#8605);
#8605 = DEFINITIONAL_REPRESENTATION('',(#8606),#8610);
#8606 = LINE('',#8607,#8608);
#8607 = CARTESIAN_POINT('',(6.28318530718,-0.));
#8608 = VECTOR('',#8609,1.);
#8609 = DIRECTION('',(0.,1.));
#8610 = ( GEOMETRIC_REPRESENTATION_CONTEXT(2) 
PARAMETRIC_REPRESENTATION_CONTEXT() REPRESENTATION_CONTEXT('2D SPACE',''
  ) );
#8611 = PCURVE('',#8580,#8612);
#8612 = DEFINITIONAL_REPRESENTATION('',(#8613),#8617);
#8613 = LINE('',#8614,#8615);
#8614 = CARTESIAN_POINT('',(0.,-0.));
#8615 = VECTOR('',#8616,1.);
#8616 = DIRECTION('',(0.,1.));
#8617 = ( GEOMETRIC_REPRESENTATION_CONTEXT(2) 
PARAMETRIC_REPRESENTATION_CONTEXT() REPRESENTATION_CONTEXT('2D SPACE',''
  ) );
#8618 = ORIENTED_EDGE('',*,*,#8619,.T.);
#8619 = EDGE_CURVE('',#8597,#8597,#8620,.T.);
#8620 = SURFACE_CURVE('',#8621,(#8626,#8633),.PCURVE_S1.);
#8621 = CIRCLE('',#8622,4.5);
#8622 = AXIS2_PLACEMENT_3D('',#8623,#8624,#8625);
#8623 = CARTESIAN_POINT('',(-318.25,-428.3086570489,1.8408E+03));
#8624 = DIRECTION('',(0.,0.,1.));
#8625 = DIRECTION('',(1.,0.,-0.));
#8626 = PCURVE('',#8580,#8627);
#8627 = DEFINITIONAL_REPRESENTATION('',(#8628),#8632);
#8628 = LINE('',#8629,#8630);
#8629 = CARTESIAN_POINT('',(0.,0.));
#8630 = VECTOR('',#8631,1.);
#8631 = DIRECTION('',(1.,0.));
#8632 = ( GEOMETRIC_REPRESENTATION_CONTEXT(2) 
PARAMETRIC_REPRESENTATION_CONTEXT() REPRESENTATION_CONTEXT('2D SPACE',''
  ) );
#8633 = PCURVE('',#8634,#8639);
#8634 = PLANE('',#8635);
#8635 = AXIS2_PLACEMENT_3D('',#8636,#8637,#8638);
#8636 = CARTESIAN_POINT('',(-325.,-440.,1.8408E+03));
#8637 = DIRECTION('',(0.,0.,1.));
#8638 = DIRECTION('',(1.,0.,-0.));
#8639 = DEFINITIONAL_REPRESENTATION('',(#8640),#8644);
#8640 = CIRCLE('',#8641,4.5);
#8641 = AXIS2_PLACEMENT_2D('',#8642,#8643);
#8642 = CARTESIAN_POINT('',(6.75,11.69134295109));
#8643 = DIRECTION('',(1.,0.));
#8644 = ( GEOMETRIC_REPRESENTATION_CONTEXT(2) 
PARAMETRIC_REPRESENTATION_CONTEXT() REPRESENTATION_CONTEXT('2D SPACE',''
  ) );
#8645 = ORIENTED_EDGE('',*,*,#8596,.T.);
#8646 = ADVANCED_FACE('',(#8647,#8678,#8704,#8730,#8756,#8782,#8808,
    #8834),#8634,.T.);
#8647 = FACE_BOUND('',#8648,.T.);
#8648 = EDGE_LOOP('',(#8649));
#8649 = ORIENTED_EDGE('',*,*,#8650,.T.);
#8650 = EDGE_CURVE('',#8651,#8651,#8653,.T.);
#8651 = VERTEX_POINT('',#8652);
#8652 = CARTESIAN_POINT('',(-293.65,-440.,1.8408E+03));
#8653 = SURFACE_CURVE('',#8654,(#8659,#8666),.PCURVE_S1.);
#8654 = CIRCLE('',#8655,31.35);
#8655 = AXIS2_PLACEMENT_3D('',#8656,#8657,#8658);
#8656 = CARTESIAN_POINT('',(-325.,-440.,1.8408E+03));
#8657 = DIRECTION('',(0.,0.,1.));
#8658 = DIRECTION('',(1.,0.,-0.));
#8659 = PCURVE('',#8634,#8660);
#8660 = DEFINITIONAL_REPRESENTATION('',(#8661),#8665);
#8661 = CIRCLE('',#8662,31.35);
#8662 = AXIS2_PLACEMENT_2D('',#8663,#8664);
#8663 = CARTESIAN_POINT('',(0.,0.));
#8664 = DIRECTION('',(1.,0.));
#8665 = ( GEOMETRIC_REPRESENTATION_CONTEXT(2) 
PARAMETRIC_REPRESENTATION_CONTEXT() REPRESENTATION_CONTEXT('2D SPACE',''
  ) );
#8666 = PCURVE('',#8667,#8672);
#8667 = CYLINDRICAL_SURFACE('',#8668,31.35);
#8668 = AXIS2_PLACEMENT_3D('',#8669,#8670,#8671);
#8669 = CARTESIAN_POINT('',(-325.,-440.,-5.2465E+03));
#8670 = DIRECTION('',(0.,0.,1.));
#8671 = DIRECTION('',(1.,0.,-0.));
#8672 = DEFINITIONAL_REPRESENTATION('',(#8673),#8677);
#8673 = LINE('',#8674,#8675);
#8674 = CARTESIAN_POINT('',(0.,7.0873E+03));
#8675 = VECTOR('',#8676,1.);
#8676 = DIRECTION('',(1.,0.));
#8677 = ( GEOMETRIC_REPRESENTATION_CONTEXT(2) 
PARAMETRIC_REPRESENTATION_CONTEXT() REPRESENTATION_CONTEXT('2D SPACE',''
  ) );
#8678 = FACE_BOUND('',#8679,.T.);
#8679 = EDGE_LOOP('',(#8680));
#8680 = ORIENTED_EDGE('',*,*,#8681,.F.);
#8681 = EDGE_CURVE('',#8682,#8682,#8684,.T.);
#8682 = VERTEX_POINT('',#8683);
#8683 = CARTESIAN_POINT('',(-327.25,-451.691342951,1.8408E+03));
#8684 = SURFACE_CURVE('',#8685,(#8690,#8697),.PCURVE_S1.);
#8685 = CIRCLE('',#8686,4.5);
#8686 = AXIS2_PLACEMENT_3D('',#8687,#8688,#8689);
#8687 = CARTESIAN_POINT('',(-331.75,-451.691342951,1.8408E+03));
#8688 = DIRECTION('',(0.,0.,1.));
#8689 = DIRECTION('',(1.,0.,-0.));
#8690 = PCURVE('',#8634,#8691);
#8691 = DEFINITIONAL_REPRESENTATION('',(#8692),#8696);
#8692 = CIRCLE('',#8693,4.5);
#8693 = AXIS2_PLACEMENT_2D('',#8694,#8695);
#8694 = CARTESIAN_POINT('',(-6.75,-11.69134295109));
#8695 = DIRECTION('',(1.,0.));
#8696 = ( GEOMETRIC_REPRESENTATION_CONTEXT(2) 
PARAMETRIC_REPRESENTATION_CONTEXT() REPRESENTATION_CONTEXT('2D SPACE',''
  ) );
#8697 = PCURVE('',#8394,#8698);
#8698 = DEFINITIONAL_REPRESENTATION('',(#8699),#8703);
#8699 = LINE('',#8700,#8701);
#8700 = CARTESIAN_POINT('',(0.,0.));
#8701 = VECTOR('',#8702,1.);
#8702 = DIRECTION('',(1.,0.));
#8703 = ( GEOMETRIC_REPRESENTATION_CONTEXT(2) 
PARAMETRIC_REPRESENTATION_CONTEXT() REPRESENTATION_CONTEXT('2D SPACE',''
  ) );
#8704 = FACE_BOUND('',#8705,.T.);
#8705 = EDGE_LOOP('',(#8706));
#8706 = ORIENTED_EDGE('',*,*,#8707,.F.);
#8707 = EDGE_CURVE('',#8708,#8708,#8710,.T.);
#8708 = VERTEX_POINT('',#8709);
#8709 = CARTESIAN_POINT('',(-334.,-440.,1.8408E+03));
#8710 = SURFACE_CURVE('',#8711,(#8716,#8723),.PCURVE_S1.);
#8711 = CIRCLE('',#8712,4.5);
#8712 = AXIS2_PLACEMENT_3D('',#8713,#8714,#8715);
#8713 = CARTESIAN_POINT('',(-338.5,-440.,1.8408E+03));
#8714 = DIRECTION('',(0.,0.,1.));
#8715 = DIRECTION('',(1.,0.,-0.));
#8716 = PCURVE('',#8634,#8717);
#8717 = DEFINITIONAL_REPRESENTATION('',(#8718),#8722);
#8718 = CIRCLE('',#8719,4.5);
#8719 = AXIS2_PLACEMENT_2D('',#8720,#8721);
#8720 = CARTESIAN_POINT('',(-13.5,0.));
#8721 = DIRECTION('',(1.,0.));
#8722 = ( GEOMETRIC_REPRESENTATION_CONTEXT(2) 
PARAMETRIC_REPRESENTATION_CONTEXT() REPRESENTATION_CONTEXT('2D SPACE',''
  ) );
#8723 = PCURVE('',#8425,#8724);
#8724 = DEFINITIONAL_REPRESENTATION('',(#8725),#8729);
#8725 = LINE('',#8726,#8727);
#8726 = CARTESIAN_POINT('',(0.,0.));
#8727 = VECTOR('',#8728,1.);
#8728 = DIRECTION('',(1.,0.));
#8729 = ( GEOMETRIC_REPRESENTATION_CONTEXT(2) 
PARAMETRIC_REPRESENTATION_CONTEXT() REPRESENTATION_CONTEXT('2D SPACE',''
  ) );
#8730 = FACE_BOUND('',#8731,.T.);
#8731 = EDGE_LOOP('',(#8732));
#8732 = ORIENTED_EDGE('',*,*,#8733,.F.);
#8733 = EDGE_CURVE('',#8734,#8734,#8736,.T.);
#8734 = VERTEX_POINT('',#8735);
#8735 = CARTESIAN_POINT('',(-313.75,-451.691342951,1.8408E+03));
#8736 = SURFACE_CURVE('',#8737,(#8742,#8749),.PCURVE_S1.);
#8737 = CIRCLE('',#8738,4.5);
#8738 = AXIS2_PLACEMENT_3D('',#8739,#8740,#8741);
#8739 = CARTESIAN_POINT('',(-318.25,-451.691342951,1.8408E+03));
#8740 = DIRECTION('',(0.,0.,1.));
#8741 = DIRECTION('',(1.,0.,-0.));
#8742 = PCURVE('',#8634,#8743);
#8743 = DEFINITIONAL_REPRESENTATION('',(#8744),#8748);
#8744 = CIRCLE('',#8745,4.5);
#8745 = AXIS2_PLACEMENT_2D('',#8746,#8747);
#8746 = CARTESIAN_POINT('',(6.75,-11.69134295109));
#8747 = DIRECTION('',(1.,0.));
#8748 = ( GEOMETRIC_REPRESENTATION_CONTEXT(2) 
PARAMETRIC_REPRESENTATION_CONTEXT() REPRESENTATION_CONTEXT('2D SPACE',''
  ) );
#8749 = PCURVE('',#8456,#8750);
#8750 = DEFINITIONAL_REPRESENTATION('',(#8751),#8755);
#8751 = LINE('',#8752,#8753);
#8752 = CARTESIAN_POINT('',(0.,0.));
#8753 = VECTOR('',#8754,1.);
#8754 = DIRECTION('',(1.,0.));
#8755 = ( GEOMETRIC_REPRESENTATION_CONTEXT(2) 
PARAMETRIC_REPRESENTATION_CONTEXT() REPRESENTATION_CONTEXT('2D SPACE',''
  ) );
#8756 = FACE_BOUND('',#8757,.T.);
#8757 = EDGE_LOOP('',(#8758));
#8758 = ORIENTED_EDGE('',*,*,#8759,.F.);
#8759 = EDGE_CURVE('',#8760,#8760,#8762,.T.);
#8760 = VERTEX_POINT('',#8761);
#8761 = CARTESIAN_POINT('',(-320.5,-440.,1.8408E+03));
#8762 = SURFACE_CURVE('',#8763,(#8768,#8775),.PCURVE_S1.);
#8763 = CIRCLE('',#8764,4.5);
#8764 = AXIS2_PLACEMENT_3D('',#8765,#8766,#8767);
#8765 = CARTESIAN_POINT('',(-325.,-440.,1.8408E+03));
#8766 = DIRECTION('',(0.,0.,1.));
#8767 = DIRECTION('',(1.,0.,-0.));
#8768 = PCURVE('',#8634,#8769);
#8769 = DEFINITIONAL_REPRESENTATION('',(#8770),#8774);
#8770 = CIRCLE('',#8771,4.5);
#8771 = AXIS2_PLACEMENT_2D('',#8772,#8773);
#8772 = CARTESIAN_POINT('',(0.,0.));
#8773 = DIRECTION('',(1.,0.));
#8774 = ( GEOMETRIC_REPRESENTATION_CONTEXT(2) 
PARAMETRIC_REPRESENTATION_CONTEXT() REPRESENTATION_CONTEXT('2D SPACE',''
  ) );
#8775 = PCURVE('',#8487,#8776);
#8776 = DEFINITIONAL_REPRESENTATION('',(#8777),#8781);
#8777 = LINE('',#8778,#8779);
#8778 = CARTESIAN_POINT('',(0.,0.));
#8779 = VECTOR('',#8780,1.);
#8780 = DIRECTION('',(1.,0.));
#8781 = ( GEOMETRIC_REPRESENTATION_CONTEXT(2) 
PARAMETRIC_REPRESENTATION_CONTEXT() REPRESENTATION_CONTEXT('2D SPACE',''
  ) );
#8782 = FACE_BOUND('',#8783,.T.);
#8783 = EDGE_LOOP('',(#8784));
#8784 = ORIENTED_EDGE('',*,*,#8785,.F.);
#8785 = EDGE_CURVE('',#8786,#8786,#8788,.T.);
#8786 = VERTEX_POINT('',#8787);
#8787 = CARTESIAN_POINT('',(-307.,-440.,1.8408E+03));
#8788 = SURFACE_CURVE('',#8789,(#8794,#8801),.PCURVE_S1.);
#8789 = CIRCLE('',#8790,4.5);
#8790 = AXIS2_PLACEMENT_3D('',#8791,#8792,#8793);
#8791 = CARTESIAN_POINT('',(-311.5,-440.,1.8408E+03));
#8792 = DIRECTION('',(0.,0.,1.));
#8793 = DIRECTION('',(1.,0.,-0.));
#8794 = PCURVE('',#8634,#8795);
#8795 = DEFINITIONAL_REPRESENTATION('',(#8796),#8800);
#8796 = CIRCLE('',#8797,4.5);
#8797 = AXIS2_PLACEMENT_2D('',#8798,#8799);
#8798 = CARTESIAN_POINT('',(13.5,0.));
#8799 = DIRECTION('',(1.,0.));
#8800 = ( GEOMETRIC_REPRESENTATION_CONTEXT(2) 
PARAMETRIC_REPRESENTATION_CONTEXT() REPRESENTATION_CONTEXT('2D SPACE',''
  ) );
#8801 = PCURVE('',#8518,#8802);
#8802 = DEFINITIONAL_REPRESENTATION('',(#8803),#8807);
#8803 = LINE('',#8804,#8805);
#8804 = CARTESIAN_POINT('',(0.,0.));
#8805 = VECTOR('',#8806,1.);
#8806 = DIRECTION('',(1.,0.));
#8807 = ( GEOMETRIC_REPRESENTATION_CONTEXT(2) 
PARAMETRIC_REPRESENTATION_CONTEXT() REPRESENTATION_CONTEXT('2D SPACE',''
  ) );
#8808 = FACE_BOUND('',#8809,.T.);
#8809 = EDGE_LOOP('',(#8810));
#8810 = ORIENTED_EDGE('',*,*,#8811,.F.);
#8811 = EDGE_CURVE('',#8812,#8812,#8814,.T.);
#8812 = VERTEX_POINT('',#8813);
#8813 = CARTESIAN_POINT('',(-327.25,-428.3086570489,1.8408E+03));
#8814 = SURFACE_CURVE('',#8815,(#8820,#8827),.PCURVE_S1.);
#8815 = CIRCLE('',#8816,4.5);
#8816 = AXIS2_PLACEMENT_3D('',#8817,#8818,#8819);
#8817 = CARTESIAN_POINT('',(-331.75,-428.3086570489,1.8408E+03));
#8818 = DIRECTION('',(0.,0.,1.));
#8819 = DIRECTION('',(1.,0.,-0.));
#8820 = PCURVE('',#8634,#8821);
#8821 = DEFINITIONAL_REPRESENTATION('',(#8822),#8826);
#8822 = CIRCLE('',#8823,4.5);
#8823 = AXIS2_PLACEMENT_2D('',#8824,#8825);
#8824 = CARTESIAN_POINT('',(-6.75,11.69134295109));
#8825 = DIRECTION('',(1.,0.));
#8826 = ( GEOMETRIC_REPRESENTATION_CONTEXT(2) 
PARAMETRIC_REPRESENTATION_CONTEXT() REPRESENTATION_CONTEXT('2D SPACE',''
  ) );
#8827 = PCURVE('',#8549,#8828);
#8828 = DEFINITIONAL_REPRESENTATION('',(#8829),#8833);
#8829 = LINE('',#8830,#8831);
#8830 = CARTESIAN_POINT('',(0.,0.));
#8831 = VECTOR('',#8832,1.);
#8832 = DIRECTION('',(1.,0.));
#8833 = ( GEOMETRIC_REPRESENTATION_CONTEXT(2) 
PARAMETRIC_REPRESENTATION_CONTEXT() REPRESENTATION_CONTEXT('2D SPACE',''
  ) );
#8834 = FACE_BOUND('',#8835,.T.);
#8835 = EDGE_LOOP('',(#8836));
#8836 = ORIENTED_EDGE('',*,*,#8619,.F.);
#8837 = ADVANCED_FACE('',(#8838),#8667,.T.);
#8838 = FACE_BOUND('',#8839,.T.);
#8839 = EDGE_LOOP('',(#8840,#8841,#8864,#8891));
#8840 = ORIENTED_EDGE('',*,*,#8650,.F.);
#8841 = ORIENTED_EDGE('',*,*,#8842,.F.);
#8842 = EDGE_CURVE('',#8843,#8651,#8845,.T.);
#8843 = VERTEX_POINT('',#8844);
#8844 = CARTESIAN_POINT('',(-293.65,-440.,-5.2465E+03));
#8845 = SEAM_CURVE('',#8846,(#8850,#8857),.PCURVE_S1.);
#8846 = LINE('',#8847,#8848);
#8847 = CARTESIAN_POINT('',(-293.65,-440.,-5.2465E+03));
#8848 = VECTOR('',#8849,1.);
#8849 = DIRECTION('',(0.,0.,1.));
#8850 = PCURVE('',#8667,#8851);
#8851 = DEFINITIONAL_REPRESENTATION('',(#8852),#8856);
#8852 = LINE('',#8853,#8854);
#8853 = CARTESIAN_POINT('',(6.28318530718,-0.));
#8854 = VECTOR('',#8855,1.);
#8855 = DIRECTION('',(0.,1.));
#8856 = ( GEOMETRIC_REPRESENTATION_CONTEXT(2) 
PARAMETRIC_REPRESENTATION_CONTEXT() REPRESENTATION_CONTEXT('2D SPACE',''
  ) );
#8857 = PCURVE('',#8667,#8858);
#8858 = DEFINITIONAL_REPRESENTATION('',(#8859),#8863);
#8859 = LINE('',#8860,#8861);
#8860 = CARTESIAN_POINT('',(0.,-0.));
#8861 = VECTOR('',#8862,1.);
#8862 = DIRECTION('',(0.,1.));
#8863 = ( GEOMETRIC_REPRESENTATION_CONTEXT(2) 
PARAMETRIC_REPRESENTATION_CONTEXT() REPRESENTATION_CONTEXT('2D SPACE',''
  ) );
#8864 = ORIENTED_EDGE('',*,*,#8865,.T.);
#8865 = EDGE_CURVE('',#8843,#8843,#8866,.T.);
#8866 = SURFACE_CURVE('',#8867,(#8872,#8879),.PCURVE_S1.);
#8867 = CIRCLE('',#8868,31.35);
#8868 = AXIS2_PLACEMENT_3D('',#8869,#8870,#8871);
#8869 = CARTESIAN_POINT('',(-325.,-440.,-5.2465E+03));
#8870 = DIRECTION('',(0.,0.,1.));
#8871 = DIRECTION('',(1.,0.,-0.));
#8872 = PCURVE('',#8667,#8873);
#8873 = DEFINITIONAL_REPRESENTATION('',(#8874),#8878);
#8874 = LINE('',#8875,#8876);
#8875 = CARTESIAN_POINT('',(0.,0.));
#8876 = VECTOR('',#8877,1.);
#8877 = DIRECTION('',(1.,0.));
#8878 = ( GEOMETRIC_REPRESENTATION_CONTEXT(2) 
PARAMETRIC_REPRESENTATION_CONTEXT() REPRESENTATION_CONTEXT('2D SPACE',''
  ) );
#8879 = PCURVE('',#8880,#8885);
#8880 = PLANE('',#8881);
#8881 = AXIS2_PLACEMENT_3D('',#8882,#8883,#8884);
#8882 = CARTESIAN_POINT('',(-325.,-440.,-5.2465E+03));
#8883 = DIRECTION('',(0.,0.,1.));
#8884 = DIRECTION('',(1.,0.,-0.));
#8885 = DEFINITIONAL_REPRESENTATION('',(#8886),#8890);
#8886 = CIRCLE('',#8887,31.35);
#8887 = AXIS2_PLACEMENT_2D('',#8888,#8889);
#8888 = CARTESIAN_POINT('',(0.,0.));
#8889 = DIRECTION('',(1.,0.));
#8890 = ( GEOMETRIC_REPRESENTATION_CONTEXT(2) 
PARAMETRIC_REPRESENTATION_CONTEXT() REPRESENTATION_CONTEXT('2D SPACE',''
  ) );
#8891 = ORIENTED_EDGE('',*,*,#8842,.T.);
#8892 = ADVANCED_FACE('',(#8893,#8919),#8880,.T.);
#8893 = FACE_BOUND('',#8894,.T.);
#8894 = EDGE_LOOP('',(#8895));
#8895 = ORIENTED_EDGE('',*,*,#8896,.T.);
#8896 = EDGE_CURVE('',#8897,#8897,#8899,.T.);
#8897 = VERTEX_POINT('',#8898);
#8898 = CARTESIAN_POINT('',(-288.5,-440.,-5.2465E+03));
#8899 = SURFACE_CURVE('',#8900,(#8905,#8912),.PCURVE_S1.);
#8900 = CIRCLE('',#8901,36.5);
#8901 = AXIS2_PLACEMENT_3D('',#8902,#8903,#8904);
#8902 = CARTESIAN_POINT('',(-325.,-440.,-5.2465E+03));
#8903 = DIRECTION('',(0.,0.,1.));
#8904 = DIRECTION('',(1.,0.,-0.));
#8905 = PCURVE('',#8880,#8906);
#8906 = DEFINITIONAL_REPRESENTATION('',(#8907),#8911);
#8907 = CIRCLE('',#8908,36.5);
#8908 = AXIS2_PLACEMENT_2D('',#8909,#8910);
#8909 = CARTESIAN_POINT('',(0.,0.));
#8910 = DIRECTION('',(1.,0.));
#8911 = ( GEOMETRIC_REPRESENTATION_CONTEXT(2) 
PARAMETRIC_REPRESENTATION_CONTEXT() REPRESENTATION_CONTEXT('2D SPACE',''
  ) );
#8912 = PCURVE('',#1441,#8913);
#8913 = DEFINITIONAL_REPRESENTATION('',(#8914),#8918);
#8914 = LINE('',#8915,#8916);
#8915 = CARTESIAN_POINT('',(0.,0.));
#8916 = VECTOR('',#8917,1.);
#8917 = DIRECTION('',(1.,0.));
#8918 = ( GEOMETRIC_REPRESENTATION_CONTEXT(2) 
PARAMETRIC_REPRESENTATION_CONTEXT() REPRESENTATION_CONTEXT('2D SPACE',''
  ) );
#8919 = FACE_BOUND('',#8920,.T.);
#8920 = EDGE_LOOP('',(#8921));
#8921 = ORIENTED_EDGE('',*,*,#8865,.F.);
#8922 = ADVANCED_FACE('',(#8923),#8549,.T.);
#8923 = FACE_BOUND('',#8924,.T.);
#8924 = EDGE_LOOP('',(#8925,#8926,#8947,#8948));
#8925 = ORIENTED_EDGE('',*,*,#8532,.F.);
#8926 = ORIENTED_EDGE('',*,*,#8927,.F.);
#8927 = EDGE_CURVE('',#8812,#8533,#8928,.T.);
#8928 = SEAM_CURVE('',#8929,(#8933,#8940),.PCURVE_S1.);
#8929 = LINE('',#8930,#8931);
#8930 = CARTESIAN_POINT('',(-327.25,-428.3086570489,1.8408E+03));
#8931 = VECTOR('',#8932,1.);
#8932 = DIRECTION('',(0.,0.,1.));
#8933 = PCURVE('',#8549,#8934);
#8934 = DEFINITIONAL_REPRESENTATION('',(#8935),#8939);
#8935 = LINE('',#8936,#8937);
#8936 = CARTESIAN_POINT('',(6.28318530718,-0.));
#8937 = VECTOR('',#8938,1.);
#8938 = DIRECTION('',(0.,1.));
#8939 = ( GEOMETRIC_REPRESENTATION_CONTEXT(2) 
PARAMETRIC_REPRESENTATION_CONTEXT() REPRESENTATION_CONTEXT('2D SPACE',''
  ) );
#8940 = PCURVE('',#8549,#8941);
#8941 = DEFINITIONAL_REPRESENTATION('',(#8942),#8946);
#8942 = LINE('',#8943,#8944);
#8943 = CARTESIAN_POINT('',(0.,-0.));
#8944 = VECTOR('',#8945,1.);
#8945 = DIRECTION('',(0.,1.));
#8946 = ( GEOMETRIC_REPRESENTATION_CONTEXT(2) 
PARAMETRIC_REPRESENTATION_CONTEXT() REPRESENTATION_CONTEXT('2D SPACE',''
  ) );
#8947 = ORIENTED_EDGE('',*,*,#8811,.T.);
#8948 = ORIENTED_EDGE('',*,*,#8927,.T.);
#8949 = ADVANCED_FACE('',(#8950),#8518,.T.);
#8950 = FACE_BOUND('',#8951,.T.);
#8951 = EDGE_LOOP('',(#8952,#8953,#8974,#8975));
#8952 = ORIENTED_EDGE('',*,*,#8501,.F.);
#8953 = ORIENTED_EDGE('',*,*,#8954,.F.);
#8954 = EDGE_CURVE('',#8786,#8502,#8955,.T.);
#8955 = SEAM_CURVE('',#8956,(#8960,#8967),.PCURVE_S1.);
#8956 = LINE('',#8957,#8958);
#8957 = CARTESIAN_POINT('',(-307.,-440.,1.8408E+03));
#8958 = VECTOR('',#8959,1.);
#8959 = DIRECTION('',(0.,0.,1.));
#8960 = PCURVE('',#8518,#8961);
#8961 = DEFINITIONAL_REPRESENTATION('',(#8962),#8966);
#8962 = LINE('',#8963,#8964);
#8963 = CARTESIAN_POINT('',(6.28318530718,-0.));
#8964 = VECTOR('',#8965,1.);
#8965 = DIRECTION('',(0.,1.));
#8966 = ( GEOMETRIC_REPRESENTATION_CONTEXT(2) 
PARAMETRIC_REPRESENTATION_CONTEXT() REPRESENTATION_CONTEXT('2D SPACE',''
  ) );
#8967 = PCURVE('',#8518,#8968);
#8968 = DEFINITIONAL_REPRESENTATION('',(#8969),#8973);
#8969 = LINE('',#8970,#8971);
#8970 = CARTESIAN_POINT('',(0.,-0.));
#8971 = VECTOR('',#8972,1.);
#8972 = DIRECTION('',(0.,1.));
#8973 = ( GEOMETRIC_REPRESENTATION_CONTEXT(2) 
PARAMETRIC_REPRESENTATION_CONTEXT() REPRESENTATION_CONTEXT('2D SPACE',''
  ) );
#8974 = ORIENTED_EDGE('',*,*,#8785,.T.);
#8975 = ORIENTED_EDGE('',*,*,#8954,.T.);
#8976 = ADVANCED_FACE('',(#8977),#8487,.T.);
#8977 = FACE_BOUND('',#8978,.T.);
#8978 = EDGE_LOOP('',(#8979,#8980,#9001,#9002));
#8979 = ORIENTED_EDGE('',*,*,#8470,.F.);
#8980 = ORIENTED_EDGE('',*,*,#8981,.F.);
#8981 = EDGE_CURVE('',#8760,#8471,#8982,.T.);
#8982 = SEAM_CURVE('',#8983,(#8987,#8994),.PCURVE_S1.);
#8983 = LINE('',#8984,#8985);
#8984 = CARTESIAN_POINT('',(-320.5,-440.,1.8408E+03));
#8985 = VECTOR('',#8986,1.);
#8986 = DIRECTION('',(0.,0.,1.));
#8987 = PCURVE('',#8487,#8988);
#8988 = DEFINITIONAL_REPRESENTATION('',(#8989),#8993);
#8989 = LINE('',#8990,#8991);
#8990 = CARTESIAN_POINT('',(6.28318530718,-0.));
#8991 = VECTOR('',#8992,1.);
#8992 = DIRECTION('',(0.,1.));
#8993 = ( GEOMETRIC_REPRESENTATION_CONTEXT(2) 
PARAMETRIC_REPRESENTATION_CONTEXT() REPRESENTATION_CONTEXT('2D SPACE',''
  ) );
#8994 = PCURVE('',#8487,#8995);
#8995 = DEFINITIONAL_REPRESENTATION('',(#8996),#9000);
#8996 = LINE('',#8997,#8998);
#8997 = CARTESIAN_POINT('',(0.,-0.));
#8998 = VECTOR('',#8999,1.);
#8999 = DIRECTION('',(0.,1.));
#9000 = ( GEOMETRIC_REPRESENTATION_CONTEXT(2) 
PARAMETRIC_REPRESENTATION_CONTEXT() REPRESENTATION_CONTEXT('2D SPACE',''
  ) );
#9001 = ORIENTED_EDGE('',*,*,#8759,.T.);
#9002 = ORIENTED_EDGE('',*,*,#8981,.T.);
#9003 = ADVANCED_FACE('',(#9004),#8456,.T.);
#9004 = FACE_BOUND('',#9005,.T.);
#9005 = EDGE_LOOP('',(#9006,#9007,#9028,#9029));
#9006 = ORIENTED_EDGE('',*,*,#8439,.F.);
#9007 = ORIENTED_EDGE('',*,*,#9008,.F.);
#9008 = EDGE_CURVE('',#8734,#8440,#9009,.T.);
#9009 = SEAM_CURVE('',#9010,(#9014,#9021),.PCURVE_S1.);
#9010 = LINE('',#9011,#9012);
#9011 = CARTESIAN_POINT('',(-313.75,-451.691342951,1.8408E+03));
#9012 = VECTOR('',#9013,1.);
#9013 = DIRECTION('',(0.,0.,1.));
#9014 = PCURVE('',#8456,#9015);
#9015 = DEFINITIONAL_REPRESENTATION('',(#9016),#9020);
#9016 = LINE('',#9017,#9018);
#9017 = CARTESIAN_POINT('',(6.28318530718,-0.));
#9018 = VECTOR('',#9019,1.);
#9019 = DIRECTION('',(0.,1.));
#9020 = ( GEOMETRIC_REPRESENTATION_CONTEXT(2) 
PARAMETRIC_REPRESENTATION_CONTEXT() REPRESENTATION_CONTEXT('2D SPACE',''
  ) );
#9021 = PCURVE('',#8456,#9022);
#9022 = DEFINITIONAL_REPRESENTATION('',(#9023),#9027);
#9023 = LINE('',#9024,#9025);
#9024 = CARTESIAN_POINT('',(0.,-0.));
#9025 = VECTOR('',#9026,1.);
#9026 = DIRECTION('',(0.,1.));
#9027 = ( GEOMETRIC_REPRESENTATION_CONTEXT(2) 
PARAMETRIC_REPRESENTATION_CONTEXT() REPRESENTATION_CONTEXT('2D SPACE',''
  ) );
#9028 = ORIENTED_EDGE('',*,*,#8733,.T.);
#9029 = ORIENTED_EDGE('',*,*,#9008,.T.);
#9030 = ADVANCED_FACE('',(#9031),#8425,.T.);
#9031 = FACE_BOUND('',#9032,.T.);
#9032 = EDGE_LOOP('',(#9033,#9034,#9055,#9056));
#9033 = ORIENTED_EDGE('',*,*,#8408,.F.);
#9034 = ORIENTED_EDGE('',*,*,#9035,.F.);
#9035 = EDGE_CURVE('',#8708,#8409,#9036,.T.);
#9036 = SEAM_CURVE('',#9037,(#9041,#9048),.PCURVE_S1.);
#9037 = LINE('',#9038,#9039);
#9038 = CARTESIAN_POINT('',(-334.,-440.,1.8408E+03));
#9039 = VECTOR('',#9040,1.);
#9040 = DIRECTION('',(0.,0.,1.));
#9041 = PCURVE('',#8425,#9042);
#9042 = DEFINITIONAL_REPRESENTATION('',(#9043),#9047);
#9043 = LINE('',#9044,#9045);
#9044 = CARTESIAN_POINT('',(6.28318530718,-0.));
#9045 = VECTOR('',#9046,1.);
#9046 = DIRECTION('',(0.,1.));
#9047 = ( GEOMETRIC_REPRESENTATION_CONTEXT(2) 
PARAMETRIC_REPRESENTATION_CONTEXT() REPRESENTATION_CONTEXT('2D SPACE',''
  ) );
#9048 = PCURVE('',#8425,#9049);
#9049 = DEFINITIONAL_REPRESENTATION('',(#9050),#9054);
#9050 = LINE('',#9051,#9052);
#9051 = CARTESIAN_POINT('',(0.,-0.));
#9052 = VECTOR('',#9053,1.);
#9053 = DIRECTION('',(0.,1.));
#9054 = ( GEOMETRIC_REPRESENTATION_CONTEXT(2) 
PARAMETRIC_REPRESENTATION_CONTEXT() REPRESENTATION_CONTEXT('2D SPACE',''
  ) );
#9055 = ORIENTED_EDGE('',*,*,#8707,.T.);
#9056 = ORIENTED_EDGE('',*,*,#9035,.T.);
#9057 = ADVANCED_FACE('',(#9058),#8394,.T.);
#9058 = FACE_BOUND('',#9059,.T.);
#9059 = EDGE_LOOP('',(#9060,#9061,#9082,#9083));
#9060 = ORIENTED_EDGE('',*,*,#8377,.F.);
#9061 = ORIENTED_EDGE('',*,*,#9062,.F.);
#9062 = EDGE_CURVE('',#8682,#8378,#9063,.T.);
#9063 = SEAM_CURVE('',#9064,(#9068,#9075),.PCURVE_S1.);
#9064 = LINE('',#9065,#9066);
#9065 = CARTESIAN_POINT('',(-327.25,-451.691342951,1.8408E+03));
#9066 = VECTOR('',#9067,1.);
#9067 = DIRECTION('',(0.,0.,1.));
#9068 = PCURVE('',#8394,#9069);
#9069 = DEFINITIONAL_REPRESENTATION('',(#9070),#9074);
#9070 = LINE('',#9071,#9072);
#9071 = CARTESIAN_POINT('',(6.28318530718,-0.));
#9072 = VECTOR('',#9073,1.);
#9073 = DIRECTION('',(0.,1.));
#9074 = ( GEOMETRIC_REPRESENTATION_CONTEXT(2) 
PARAMETRIC_REPRESENTATION_CONTEXT() REPRESENTATION_CONTEXT('2D SPACE',''
  ) );
#9075 = PCURVE('',#8394,#9076);
#9076 = DEFINITIONAL_REPRESENTATION('',(#9077),#9081);
#9077 = LINE('',#9078,#9079);
#9078 = CARTESIAN_POINT('',(0.,-0.));
#9079 = VECTOR('',#9080,1.);
#9080 = DIRECTION('',(0.,1.));
#9081 = ( GEOMETRIC_REPRESENTATION_CONTEXT(2) 
PARAMETRIC_REPRESENTATION_CONTEXT() REPRESENTATION_CONTEXT('2D SPACE',''
  ) );
#9082 = ORIENTED_EDGE('',*,*,#8681,.T.);
#9083 = ORIENTED_EDGE('',*,*,#9062,.T.);
#9084 = ADVANCED_FACE('',(#9085),#3516,.T.);
#9085 = FACE_BOUND('',#9086,.T.);
#9086 = EDGE_LOOP('',(#9087,#9088));
#9087 = ORIENTED_EDGE('',*,*,#7701,.T.);
#9088 = ORIENTED_EDGE('',*,*,#3499,.F.);
#9089 = ADVANCED_FACE('',(#9090),#3484,.F.);
#9090 = FACE_BOUND('',#9091,.T.);
#9091 = EDGE_LOOP('',(#9092));
#9092 = ORIENTED_EDGE('',*,*,#3469,.F.);
#9093 = ADVANCED_FACE('',(#9094),#3434,.T.);
#9094 = FACE_BOUND('',#9095,.T.);
#9095 = EDGE_LOOP('',(#9096));
#9096 = ORIENTED_EDGE('',*,*,#3417,.T.);
#9097 = ADVANCED_FACE('',(#9098),#1998,.T.);
#9098 = FACE_BOUND('',#9099,.T.);
#9099 = EDGE_LOOP('',(#9100,#9101,#9122,#9123));
#9100 = ORIENTED_EDGE('',*,*,#2260,.F.);
#9101 = ORIENTED_EDGE('',*,*,#9102,.F.);
#9102 = EDGE_CURVE('',#1982,#2261,#9103,.T.);
#9103 = SEAM_CURVE('',#9104,(#9108,#9115),.PCURVE_S1.);
#9104 = LINE('',#9105,#9106);
#9105 = CARTESIAN_POINT('',(722.75,-428.3086570489,1.8408E+03));
#9106 = VECTOR('',#9107,1.);
#9107 = DIRECTION('',(0.,0.,1.));
#9108 = PCURVE('',#1998,#9109);
#9109 = DEFINITIONAL_REPRESENTATION('',(#9110),#9114);
#9110 = LINE('',#9111,#9112);
#9111 = CARTESIAN_POINT('',(6.28318530718,-0.));
#9112 = VECTOR('',#9113,1.);
#9113 = DIRECTION('',(0.,1.));
#9114 = ( GEOMETRIC_REPRESENTATION_CONTEXT(2) 
PARAMETRIC_REPRESENTATION_CONTEXT() REPRESENTATION_CONTEXT('2D SPACE',''
  ) );
#9115 = PCURVE('',#1998,#9116);
#9116 = DEFINITIONAL_REPRESENTATION('',(#9117),#9121);
#9117 = LINE('',#9118,#9119);
#9118 = CARTESIAN_POINT('',(0.,-0.));
#9119 = VECTOR('',#9120,1.);
#9120 = DIRECTION('',(0.,1.));
#9121 = ( GEOMETRIC_REPRESENTATION_CONTEXT(2) 
PARAMETRIC_REPRESENTATION_CONTEXT() REPRESENTATION_CONTEXT('2D SPACE',''
  ) );
#9122 = ORIENTED_EDGE('',*,*,#1981,.T.);
#9123 = ORIENTED_EDGE('',*,*,#9102,.T.);
#9124 = ADVANCED_FACE('',(#9125),#1967,.T.);
#9125 = FACE_BOUND('',#9126,.T.);
#9126 = EDGE_LOOP('',(#9127,#9128,#9149,#9150));
#9127 = ORIENTED_EDGE('',*,*,#2234,.F.);
#9128 = ORIENTED_EDGE('',*,*,#9129,.F.);
#9129 = EDGE_CURVE('',#1951,#2235,#9130,.T.);
#9130 = SEAM_CURVE('',#9131,(#9135,#9142),.PCURVE_S1.);
#9131 = LINE('',#9132,#9133);
#9132 = CARTESIAN_POINT('',(743.,-440.,1.8408E+03));
#9133 = VECTOR('',#9134,1.);
#9134 = DIRECTION('',(0.,0.,1.));
#9135 = PCURVE('',#1967,#9136);
#9136 = DEFINITIONAL_REPRESENTATION('',(#9137),#9141);
#9137 = LINE('',#9138,#9139);
#9138 = CARTESIAN_POINT('',(6.28318530718,-0.));
#9139 = VECTOR('',#9140,1.);
#9140 = DIRECTION('',(0.,1.));
#9141 = ( GEOMETRIC_REPRESENTATION_CONTEXT(2) 
PARAMETRIC_REPRESENTATION_CONTEXT() REPRESENTATION_CONTEXT('2D SPACE',''
  ) );
#9142 = PCURVE('',#1967,#9143);
#9143 = DEFINITIONAL_REPRESENTATION('',(#9144),#9148);
#9144 = LINE('',#9145,#9146);
#9145 = CARTESIAN_POINT('',(0.,-0.));
#9146 = VECTOR('',#9147,1.);
#9147 = DIRECTION('',(0.,1.));
#9148 = ( GEOMETRIC_REPRESENTATION_CONTEXT(2) 
PARAMETRIC_REPRESENTATION_CONTEXT() REPRESENTATION_CONTEXT('2D SPACE',''
  ) );
#9149 = ORIENTED_EDGE('',*,*,#1950,.T.);
#9150 = ORIENTED_EDGE('',*,*,#9129,.T.);
#9151 = ADVANCED_FACE('',(#9152),#1936,.T.);
#9152 = FACE_BOUND('',#9153,.T.);
#9153 = EDGE_LOOP('',(#9154,#9155,#9176,#9177));
#9154 = ORIENTED_EDGE('',*,*,#2208,.F.);
#9155 = ORIENTED_EDGE('',*,*,#9156,.F.);
#9156 = EDGE_CURVE('',#1920,#2209,#9157,.T.);
#9157 = SEAM_CURVE('',#9158,(#9162,#9169),.PCURVE_S1.);
#9158 = LINE('',#9159,#9160);
#9159 = CARTESIAN_POINT('',(729.5,-440.,1.8408E+03));
#9160 = VECTOR('',#9161,1.);
#9161 = DIRECTION('',(0.,0.,1.));
#9162 = PCURVE('',#1936,#9163);
#9163 = DEFINITIONAL_REPRESENTATION('',(#9164),#9168);
#9164 = LINE('',#9165,#9166);
#9165 = CARTESIAN_POINT('',(6.28318530718,-0.));
#9166 = VECTOR('',#9167,1.);
#9167 = DIRECTION('',(0.,1.));
#9168 = ( GEOMETRIC_REPRESENTATION_CONTEXT(2) 
PARAMETRIC_REPRESENTATION_CONTEXT() REPRESENTATION_CONTEXT('2D SPACE',''
  ) );
#9169 = PCURVE('',#1936,#9170);
#9170 = DEFINITIONAL_REPRESENTATION('',(#9171),#9175);
#9171 = LINE('',#9172,#9173);
#9172 = CARTESIAN_POINT('',(0.,-0.));
#9173 = VECTOR('',#9174,1.);
#9174 = DIRECTION('',(0.,1.));
#9175 = ( GEOMETRIC_REPRESENTATION_CONTEXT(2) 
PARAMETRIC_REPRESENTATION_CONTEXT() REPRESENTATION_CONTEXT('2D SPACE',''
  ) );
#9176 = ORIENTED_EDGE('',*,*,#1919,.T.);
#9177 = ORIENTED_EDGE('',*,*,#9156,.T.);
#9178 = ADVANCED_FACE('',(#9179),#1905,.T.);
#9179 = FACE_BOUND('',#9180,.T.);
#9180 = EDGE_LOOP('',(#9181,#9182,#9203,#9204));
#9181 = ORIENTED_EDGE('',*,*,#2182,.F.);
#9182 = ORIENTED_EDGE('',*,*,#9183,.F.);
#9183 = EDGE_CURVE('',#1889,#2183,#9184,.T.);
#9184 = SEAM_CURVE('',#9185,(#9189,#9196),.PCURVE_S1.);
#9185 = LINE('',#9186,#9187);
#9186 = CARTESIAN_POINT('',(736.25,-451.691342951,1.8408E+03));
#9187 = VECTOR('',#9188,1.);
#9188 = DIRECTION('',(0.,0.,1.));
#9189 = PCURVE('',#1905,#9190);
#9190 = DEFINITIONAL_REPRESENTATION('',(#9191),#9195);
#9191 = LINE('',#9192,#9193);
#9192 = CARTESIAN_POINT('',(6.28318530718,-0.));
#9193 = VECTOR('',#9194,1.);
#9194 = DIRECTION('',(0.,1.));
#9195 = ( GEOMETRIC_REPRESENTATION_CONTEXT(2) 
PARAMETRIC_REPRESENTATION_CONTEXT() REPRESENTATION_CONTEXT('2D SPACE',''
  ) );
#9196 = PCURVE('',#1905,#9197);
#9197 = DEFINITIONAL_REPRESENTATION('',(#9198),#9202);
#9198 = LINE('',#9199,#9200);
#9199 = CARTESIAN_POINT('',(0.,-0.));
#9200 = VECTOR('',#9201,1.);
#9201 = DIRECTION('',(0.,1.));
#9202 = ( GEOMETRIC_REPRESENTATION_CONTEXT(2) 
PARAMETRIC_REPRESENTATION_CONTEXT() REPRESENTATION_CONTEXT('2D SPACE',''
  ) );
#9203 = ORIENTED_EDGE('',*,*,#1888,.T.);
#9204 = ORIENTED_EDGE('',*,*,#9183,.T.);
#9205 = ADVANCED_FACE('',(#9206),#1874,.T.);
#9206 = FACE_BOUND('',#9207,.T.);
#9207 = EDGE_LOOP('',(#9208,#9209,#9230,#9231));
#9208 = ORIENTED_EDGE('',*,*,#2156,.F.);
#9209 = ORIENTED_EDGE('',*,*,#9210,.F.);
#9210 = EDGE_CURVE('',#1858,#2157,#9211,.T.);
#9211 = SEAM_CURVE('',#9212,(#9216,#9223),.PCURVE_S1.);
#9212 = LINE('',#9213,#9214);
#9213 = CARTESIAN_POINT('',(716.,-440.,1.8408E+03));
#9214 = VECTOR('',#9215,1.);
#9215 = DIRECTION('',(0.,0.,1.));
#9216 = PCURVE('',#1874,#9217);
#9217 = DEFINITIONAL_REPRESENTATION('',(#9218),#9222);
#9218 = LINE('',#9219,#9220);
#9219 = CARTESIAN_POINT('',(6.28318530718,-0.));
#9220 = VECTOR('',#9221,1.);
#9221 = DIRECTION('',(0.,1.));
#9222 = ( GEOMETRIC_REPRESENTATION_CONTEXT(2) 
PARAMETRIC_REPRESENTATION_CONTEXT() REPRESENTATION_CONTEXT('2D SPACE',''
  ) );
#9223 = PCURVE('',#1874,#9224);
#9224 = DEFINITIONAL_REPRESENTATION('',(#9225),#9229);
#9225 = LINE('',#9226,#9227);
#9226 = CARTESIAN_POINT('',(0.,-0.));
#9227 = VECTOR('',#9228,1.);
#9228 = DIRECTION('',(0.,1.));
#9229 = ( GEOMETRIC_REPRESENTATION_CONTEXT(2) 
PARAMETRIC_REPRESENTATION_CONTEXT() REPRESENTATION_CONTEXT('2D SPACE',''
  ) );
#9230 = ORIENTED_EDGE('',*,*,#1857,.T.);
#9231 = ORIENTED_EDGE('',*,*,#9210,.T.);
#9232 = ADVANCED_FACE('',(#9233),#1843,.T.);
#9233 = FACE_BOUND('',#9234,.T.);
#9234 = EDGE_LOOP('',(#9235,#9236,#9257,#9258));
#9235 = ORIENTED_EDGE('',*,*,#2130,.F.);
#9236 = ORIENTED_EDGE('',*,*,#9237,.F.);
#9237 = EDGE_CURVE('',#1827,#2131,#9238,.T.);
#9238 = SEAM_CURVE('',#9239,(#9243,#9250),.PCURVE_S1.);
#9239 = LINE('',#9240,#9241);
#9240 = CARTESIAN_POINT('',(722.75,-451.691342951,1.8408E+03));
#9241 = VECTOR('',#9242,1.);
#9242 = DIRECTION('',(0.,0.,1.));
#9243 = PCURVE('',#1843,#9244);
#9244 = DEFINITIONAL_REPRESENTATION('',(#9245),#9249);
#9245 = LINE('',#9246,#9247);
#9246 = CARTESIAN_POINT('',(6.28318530718,-0.));
#9247 = VECTOR('',#9248,1.);
#9248 = DIRECTION('',(0.,1.));
#9249 = ( GEOMETRIC_REPRESENTATION_CONTEXT(2) 
PARAMETRIC_REPRESENTATION_CONTEXT() REPRESENTATION_CONTEXT('2D SPACE',''
  ) );
#9250 = PCURVE('',#1843,#9251);
#9251 = DEFINITIONAL_REPRESENTATION('',(#9252),#9256);
#9252 = LINE('',#9253,#9254);
#9253 = CARTESIAN_POINT('',(0.,-0.));
#9254 = VECTOR('',#9255,1.);
#9255 = DIRECTION('',(0.,1.));
#9256 = ( GEOMETRIC_REPRESENTATION_CONTEXT(2) 
PARAMETRIC_REPRESENTATION_CONTEXT() REPRESENTATION_CONTEXT('2D SPACE',''
  ) );
#9257 = ORIENTED_EDGE('',*,*,#1826,.T.);
#9258 = ORIENTED_EDGE('',*,*,#9237,.T.);
#9259 = ADVANCED_FACE('',(#9260),#1538,.F.);
#9260 = FACE_BOUND('',#9261,.F.);
#9261 = EDGE_LOOP('',(#9262,#9263,#9284,#9285));
#9262 = ORIENTED_EDGE('',*,*,#1521,.F.);
#9263 = ORIENTED_EDGE('',*,*,#9264,.F.);
#9264 = EDGE_CURVE('',#5947,#1522,#9265,.T.);
#9265 = SEAM_CURVE('',#9266,(#9270,#9277),.PCURVE_S1.);
#9266 = LINE('',#9267,#9268);
#9267 = CARTESIAN_POINT('',(411.5,-440.,-5.2465E+03));
#9268 = VECTOR('',#9269,1.);
#9269 = DIRECTION('',(0.,0.,1.));
#9270 = PCURVE('',#1538,#9271);
#9271 = DEFINITIONAL_REPRESENTATION('',(#9272),#9276);
#9272 = LINE('',#9273,#9274);
#9273 = CARTESIAN_POINT('',(6.28318530718,-0.));
#9274 = VECTOR('',#9275,1.);
#9275 = DIRECTION('',(0.,1.));
#9276 = ( GEOMETRIC_REPRESENTATION_CONTEXT(2) 
PARAMETRIC_REPRESENTATION_CONTEXT() REPRESENTATION_CONTEXT('2D SPACE',''
  ) );
#9277 = PCURVE('',#1538,#9278);
#9278 = DEFINITIONAL_REPRESENTATION('',(#9279),#9283);
#9279 = LINE('',#9280,#9281);
#9280 = CARTESIAN_POINT('',(0.,-0.));
#9281 = VECTOR('',#9282,1.);
#9282 = DIRECTION('',(0.,1.));
#9283 = ( GEOMETRIC_REPRESENTATION_CONTEXT(2) 
PARAMETRIC_REPRESENTATION_CONTEXT() REPRESENTATION_CONTEXT('2D SPACE',''
  ) );
#9284 = ORIENTED_EDGE('',*,*,#5946,.T.);
#9285 = ORIENTED_EDGE('',*,*,#9264,.T.);
#9286 = ADVANCED_FACE('',(#9287),#1507,.T.);
#9287 = FACE_BOUND('',#9288,.T.);
#9288 = EDGE_LOOP('',(#9289,#9312,#9339,#9340));
#9289 = ORIENTED_EDGE('',*,*,#9290,.T.);
#9290 = EDGE_CURVE('',#1487,#9291,#9293,.T.);
#9291 = VERTEX_POINT('',#9292);
#9292 = CARTESIAN_POINT('',(-21.6,-288.,1.8655E+03));
#9293 = SEAM_CURVE('',#9294,(#9298,#9305),.PCURVE_S1.);
#9294 = LINE('',#9295,#9296);
#9295 = CARTESIAN_POINT('',(-21.6,-288.,-5.2465E+03));
#9296 = VECTOR('',#9297,1.);
#9297 = DIRECTION('',(0.,0.,1.));
#9298 = PCURVE('',#1507,#9299);
#9299 = DEFINITIONAL_REPRESENTATION('',(#9300),#9304);
#9300 = LINE('',#9301,#9302);
#9301 = CARTESIAN_POINT('',(6.28318530718,-0.));
#9302 = VECTOR('',#9303,1.);
#9303 = DIRECTION('',(0.,1.));
#9304 = ( GEOMETRIC_REPRESENTATION_CONTEXT(2) 
PARAMETRIC_REPRESENTATION_CONTEXT() REPRESENTATION_CONTEXT('2D SPACE',''
  ) );
#9305 = PCURVE('',#1507,#9306);
#9306 = DEFINITIONAL_REPRESENTATION('',(#9307),#9311);
#9307 = LINE('',#9308,#9309);
#9308 = CARTESIAN_POINT('',(0.,-0.));
#9309 = VECTOR('',#9310,1.);
#9310 = DIRECTION('',(0.,1.));
#9311 = ( GEOMETRIC_REPRESENTATION_CONTEXT(2) 
PARAMETRIC_REPRESENTATION_CONTEXT() REPRESENTATION_CONTEXT('2D SPACE',''
  ) );
#9312 = ORIENTED_EDGE('',*,*,#9313,.F.);
#9313 = EDGE_CURVE('',#9291,#9291,#9314,.T.);
#9314 = SURFACE_CURVE('',#9315,(#9320,#9327),.PCURVE_S1.);
#9315 = CIRCLE('',#9316,42.4);
#9316 = AXIS2_PLACEMENT_3D('',#9317,#9318,#9319);
#9317 = CARTESIAN_POINT('',(-64.,-288.,1.8655E+03));
#9318 = DIRECTION('',(0.,0.,1.));
#9319 = DIRECTION('',(1.,0.,-0.));
#9320 = PCURVE('',#1507,#9321);
#9321 = DEFINITIONAL_REPRESENTATION('',(#9322),#9326);
#9322 = LINE('',#9323,#9324);
#9323 = CARTESIAN_POINT('',(0.,7.112E+03));
#9324 = VECTOR('',#9325,1.);
#9325 = DIRECTION('',(1.,0.));
#9326 = ( GEOMETRIC_REPRESENTATION_CONTEXT(2) 
PARAMETRIC_REPRESENTATION_CONTEXT() REPRESENTATION_CONTEXT('2D SPACE',''
  ) );
#9327 = PCURVE('',#9328,#9333);
#9328 = PLANE('',#9329);
#9329 = AXIS2_PLACEMENT_3D('',#9330,#9331,#9332);
#9330 = CARTESIAN_POINT('',(-64.,-288.,1.8655E+03));
#9331 = DIRECTION('',(0.,0.,1.));
#9332 = DIRECTION('',(1.,0.,-0.));
#9333 = DEFINITIONAL_REPRESENTATION('',(#9334),#9338);
#9334 = CIRCLE('',#9335,42.4);
#9335 = AXIS2_PLACEMENT_2D('',#9336,#9337);
#9336 = CARTESIAN_POINT('',(0.,0.));
#9337 = DIRECTION('',(1.,0.));
#9338 = ( GEOMETRIC_REPRESENTATION_CONTEXT(2) 
PARAMETRIC_REPRESENTATION_CONTEXT() REPRESENTATION_CONTEXT('2D SPACE',''
  ) );
#9339 = ORIENTED_EDGE('',*,*,#9290,.F.);
#9340 = ORIENTED_EDGE('',*,*,#1486,.F.);
#9341 = ADVANCED_FACE('',(#9342),#9328,.T.);
#9342 = FACE_BOUND('',#9343,.T.);
#9343 = EDGE_LOOP('',(#9344));
#9344 = ORIENTED_EDGE('',*,*,#9313,.T.);
#9345 = ADVANCED_FACE('',(#9346),#1472,.F.);
#9346 = FACE_BOUND('',#9347,.F.);
#9347 = EDGE_LOOP('',(#9348,#9349,#9370,#9371));
#9348 = ORIENTED_EDGE('',*,*,#1455,.F.);
#9349 = ORIENTED_EDGE('',*,*,#9350,.F.);
#9350 = EDGE_CURVE('',#7428,#1456,#9351,.T.);
#9351 = SEAM_CURVE('',#9352,(#9356,#9363),.PCURVE_S1.);
#9352 = LINE('',#9353,#9354);
#9353 = CARTESIAN_POINT('',(61.5,-440.,-5.2465E+03));
#9354 = VECTOR('',#9355,1.);
#9355 = DIRECTION('',(0.,0.,1.));
#9356 = PCURVE('',#1472,#9357);
#9357 = DEFINITIONAL_REPRESENTATION('',(#9358),#9362);
#9358 = LINE('',#9359,#9360);
#9359 = CARTESIAN_POINT('',(6.28318530718,-0.));
#9360 = VECTOR('',#9361,1.);
#9361 = DIRECTION('',(0.,1.));
#9362 = ( GEOMETRIC_REPRESENTATION_CONTEXT(2) 
PARAMETRIC_REPRESENTATION_CONTEXT() REPRESENTATION_CONTEXT('2D SPACE',''
  ) );
#9363 = PCURVE('',#1472,#9364);
#9364 = DEFINITIONAL_REPRESENTATION('',(#9365),#9369);
#9365 = LINE('',#9366,#9367);
#9366 = CARTESIAN_POINT('',(0.,-0.));
#9367 = VECTOR('',#9368,1.);
#9368 = DIRECTION('',(0.,1.));
#9369 = ( GEOMETRIC_REPRESENTATION_CONTEXT(2) 
PARAMETRIC_REPRESENTATION_CONTEXT() REPRESENTATION_CONTEXT('2D SPACE',''
  ) );
#9370 = ORIENTED_EDGE('',*,*,#7427,.T.);
#9371 = ORIENTED_EDGE('',*,*,#9350,.T.);
#9372 = ADVANCED_FACE('',(#9373),#1441,.F.);
#9373 = FACE_BOUND('',#9374,.F.);
#9374 = EDGE_LOOP('',(#9375,#9376,#9397,#9398));
#9375 = ORIENTED_EDGE('',*,*,#1424,.F.);
#9376 = ORIENTED_EDGE('',*,*,#9377,.F.);
#9377 = EDGE_CURVE('',#8897,#1425,#9378,.T.);
#9378 = SEAM_CURVE('',#9379,(#9383,#9390),.PCURVE_S1.);
#9379 = LINE('',#9380,#9381);
#9380 = CARTESIAN_POINT('',(-288.5,-440.,-5.2465E+03));
#9381 = VECTOR('',#9382,1.);
#9382 = DIRECTION('',(0.,0.,1.));
#9383 = PCURVE('',#1441,#9384);
#9384 = DEFINITIONAL_REPRESENTATION('',(#9385),#9389);
#9385 = LINE('',#9386,#9387);
#9386 = CARTESIAN_POINT('',(6.28318530718,-0.));
#9387 = VECTOR('',#9388,1.);
#9388 = DIRECTION('',(0.,1.));
#9389 = ( GEOMETRIC_REPRESENTATION_CONTEXT(2) 
PARAMETRIC_REPRESENTATION_CONTEXT() REPRESENTATION_CONTEXT('2D SPACE',''
  ) );
#9390 = PCURVE('',#1441,#9391);
#9391 = DEFINITIONAL_REPRESENTATION('',(#9392),#9396);
#9392 = LINE('',#9393,#9394);
#9393 = CARTESIAN_POINT('',(0.,-0.));
#9394 = VECTOR('',#9395,1.);
#9395 = DIRECTION('',(0.,1.));
#9396 = ( GEOMETRIC_REPRESENTATION_CONTEXT(2) 
PARAMETRIC_REPRESENTATION_CONTEXT() REPRESENTATION_CONTEXT('2D SPACE',''
  ) );
#9397 = ORIENTED_EDGE('',*,*,#8896,.T.);
#9398 = ORIENTED_EDGE('',*,*,#9377,.T.);
#9399 = ADVANCED_FACE('',(#9400),#1410,.T.);
#9400 = FACE_BOUND('',#9401,.T.);
#9401 = EDGE_LOOP('',(#9402,#9425,#9452,#9453));
#9402 = ORIENTED_EDGE('',*,*,#9403,.T.);
#9403 = EDGE_CURVE('',#1390,#9404,#9406,.T.);
#9404 = VERTEX_POINT('',#9405);
#9405 = CARTESIAN_POINT('',(242.4,-745.,1.8655E+03));
#9406 = SEAM_CURVE('',#9407,(#9411,#9418),.PCURVE_S1.);
#9407 = LINE('',#9408,#9409);
#9408 = CARTESIAN_POINT('',(242.4,-745.,-5.2465E+03));
#9409 = VECTOR('',#9410,1.);
#9410 = DIRECTION('',(0.,0.,1.));
#9411 = PCURVE('',#1410,#9412);
#9412 = DEFINITIONAL_REPRESENTATION('',(#9413),#9417);
#9413 = LINE('',#9414,#9415);
#9414 = CARTESIAN_POINT('',(6.28318530718,-0.));
#9415 = VECTOR('',#9416,1.);
#9416 = DIRECTION('',(0.,1.));
#9417 = ( GEOMETRIC_REPRESENTATION_CONTEXT(2) 
PARAMETRIC_REPRESENTATION_CONTEXT() REPRESENTATION_CONTEXT('2D SPACE',''
  ) );
#9418 = PCURVE('',#1410,#9419);
#9419 = DEFINITIONAL_REPRESENTATION('',(#9420),#9424);
#9420 = LINE('',#9421,#9422);
#9421 = CARTESIAN_POINT('',(0.,-0.));
#9422 = VECTOR('',#9423,1.);
#9423 = DIRECTION('',(0.,1.));
#9424 = ( GEOMETRIC_REPRESENTATION_CONTEXT(2) 
PARAMETRIC_REPRESENTATION_CONTEXT() REPRESENTATION_CONTEXT('2D SPACE',''
  ) );
#9425 = ORIENTED_EDGE('',*,*,#9426,.F.);
#9426 = EDGE_CURVE('',#9404,#9404,#9427,.T.);
#9427 = SURFACE_CURVE('',#9428,(#9433,#9440),.PCURVE_S1.);
#9428 = CIRCLE('',#9429,42.4);
#9429 = AXIS2_PLACEMENT_3D('',#9430,#9431,#9432);
#9430 = CARTESIAN_POINT('',(200.,-745.,1.8655E+03));
#9431 = DIRECTION('',(0.,0.,1.));
#9432 = DIRECTION('',(1.,0.,-0.));
#9433 = PCURVE('',#1410,#9434);
#9434 = DEFINITIONAL_REPRESENTATION('',(#9435),#9439);
#9435 = LINE('',#9436,#9437);
#9436 = CARTESIAN_POINT('',(0.,7.112E+03));
#9437 = VECTOR('',#9438,1.);
#9438 = DIRECTION('',(1.,0.));
#9439 = ( GEOMETRIC_REPRESENTATION_CONTEXT(2) 
PARAMETRIC_REPRESENTATION_CONTEXT() REPRESENTATION_CONTEXT('2D SPACE',''
  ) );
#9440 = PCURVE('',#9441,#9446);
#9441 = PLANE('',#9442);
#9442 = AXIS2_PLACEMENT_3D('',#9443,#9444,#9445);
#9443 = CARTESIAN_POINT('',(200.,-745.,1.8655E+03));
#9444 = DIRECTION('',(0.,0.,1.));
#9445 = DIRECTION('',(1.,0.,-0.));
#9446 = DEFINITIONAL_REPRESENTATION('',(#9447),#9451);
#9447 = CIRCLE('',#9448,42.4);
#9448 = AXIS2_PLACEMENT_2D('',#9449,#9450);
#9449 = CARTESIAN_POINT('',(0.,0.));
#9450 = DIRECTION('',(1.,0.));
#9451 = ( GEOMETRIC_REPRESENTATION_CONTEXT(2) 
PARAMETRIC_REPRESENTATION_CONTEXT() REPRESENTATION_CONTEXT('2D SPACE',''
  ) );
#9452 = ORIENTED_EDGE('',*,*,#9403,.F.);
#9453 = ORIENTED_EDGE('',*,*,#1389,.F.);
#9454 = ADVANCED_FACE('',(#9455),#9441,.T.);
#9455 = FACE_BOUND('',#9456,.T.);
#9456 = EDGE_LOOP('',(#9457));
#9457 = ORIENTED_EDGE('',*,*,#9426,.T.);
#9458 = ADVANCED_FACE('',(#9459),#238,.F.);
#9459 = FACE_BOUND('',#9460,.F.);
#9460 = EDGE_LOOP('',(#9461,#9462,#9463,#9464,#9485,#9486,#9487,#9488));
#9461 = ORIENTED_EDGE('',*,*,#919,.T.);
#9462 = ORIENTED_EDGE('',*,*,#791,.T.);
#9463 = ORIENTED_EDGE('',*,*,#221,.T.);
#9464 = ORIENTED_EDGE('',*,*,#9465,.T.);
#9465 = EDGE_CURVE('',#222,#1260,#9466,.T.);
#9466 = SURFACE_CURVE('',#9467,(#9471,#9478),.PCURVE_S1.);
#9467 = LINE('',#9468,#9469);
#9468 = CARTESIAN_POINT('',(-562.,-3.842E+03,-211.));
#9469 = VECTOR('',#9470,1.);
#9470 = DIRECTION('',(1.,0.,0.));
#9471 = PCURVE('',#238,#9472);
#9472 = DEFINITIONAL_REPRESENTATION('',(#9473),#9477);
#9473 = LINE('',#9474,#9475);
#9474 = CARTESIAN_POINT('',(-762.,-1.346E+03));
#9475 = VECTOR('',#9476,1.);
#9476 = DIRECTION('',(1.,0.));
#9477 = ( GEOMETRIC_REPRESENTATION_CONTEXT(2) 
PARAMETRIC_REPRESENTATION_CONTEXT() REPRESENTATION_CONTEXT('2D SPACE',''
  ) );
#9478 = PCURVE('',#267,#9479);
#9479 = DEFINITIONAL_REPRESENTATION('',(#9480),#9484);
#9480 = LINE('',#9481,#9482);
#9481 = CARTESIAN_POINT('',(0.,0.));
#9482 = VECTOR('',#9483,1.);
#9483 = DIRECTION('',(1.,0.));
#9484 = ( GEOMETRIC_REPRESENTATION_CONTEXT(2) 
PARAMETRIC_REPRESENTATION_CONTEXT() REPRESENTATION_CONTEXT('2D SPACE',''
  ) );
#9485 = ORIENTED_EDGE('',*,*,#1306,.T.);
#9486 = ORIENTED_EDGE('',*,*,#1183,.T.);
#9487 = ORIENTED_EDGE('',*,*,#1153,.T.);
#9488 = ORIENTED_EDGE('',*,*,#943,.T.);
#9489 = ADVANCED_FACE('',(#9490),#267,.F.);
#9490 = FACE_BOUND('',#9491,.F.);
#9491 = EDGE_LOOP('',(#9492,#9493,#9494,#9515));
#9492 = ORIENTED_EDGE('',*,*,#9465,.F.);
#9493 = ORIENTED_EDGE('',*,*,#254,.F.);
#9494 = ORIENTED_EDGE('',*,*,#9495,.T.);
#9495 = EDGE_CURVE('',#163,#1262,#9496,.T.);
#9496 = SURFACE_CURVE('',#9497,(#9501,#9508),.PCURVE_S1.);
#9497 = LINE('',#9498,#9499);
#9498 = CARTESIAN_POINT('',(-562.,-3.842E+03,1.084E+03));
#9499 = VECTOR('',#9500,1.);
#9500 = DIRECTION('',(1.,0.,0.));
#9501 = PCURVE('',#267,#9502);
#9502 = DEFINITIONAL_REPRESENTATION('',(#9503),#9507);
#9503 = LINE('',#9504,#9505);
#9504 = CARTESIAN_POINT('',(0.,-1.295E+03));
#9505 = VECTOR('',#9506,1.);
#9506 = DIRECTION('',(1.,0.));
#9507 = ( GEOMETRIC_REPRESENTATION_CONTEXT(2) 
PARAMETRIC_REPRESENTATION_CONTEXT() REPRESENTATION_CONTEXT('2D SPACE',''
  ) );
#9508 = PCURVE('',#179,#9509);
#9509 = DEFINITIONAL_REPRESENTATION('',(#9510),#9514);
#9510 = LINE('',#9511,#9512);
#9511 = CARTESIAN_POINT('',(-762.,-1.346E+03));
#9512 = VECTOR('',#9513,1.);
#9513 = DIRECTION('',(1.,0.));
#9514 = ( GEOMETRIC_REPRESENTATION_CONTEXT(2) 
PARAMETRIC_REPRESENTATION_CONTEXT() REPRESENTATION_CONTEXT('2D SPACE',''
  ) );
#9515 = ORIENTED_EDGE('',*,*,#1259,.F.);
#9516 = ADVANCED_FACE('',(#9517),#179,.T.);
#9517 = FACE_BOUND('',#9518,.T.);
#9518 = EDGE_LOOP('',(#9519,#9520,#9521,#9522,#9523,#9524,#9525,#9526));
#9519 = ORIENTED_EDGE('',*,*,#897,.T.);
#9520 = ORIENTED_EDGE('',*,*,#842,.T.);
#9521 = ORIENTED_EDGE('',*,*,#160,.T.);
#9522 = ORIENTED_EDGE('',*,*,#9495,.T.);
#9523 = ORIENTED_EDGE('',*,*,#1284,.T.);
#9524 = ORIENTED_EDGE('',*,*,#1234,.T.);
#9525 = ORIENTED_EDGE('',*,*,#1099,.T.);
#9526 = ORIENTED_EDGE('',*,*,#992,.T.);
#9527 = ADVANCED_FACE('',(#9528,#9531),#145,.T.);
#9528 = FACE_BOUND('',#9529,.T.);
#9529 = EDGE_LOOP('',(#9530));
#9530 = ORIENTED_EDGE('',*,*,#130,.T.);
#9531 = FACE_BOUND('',#9532,.T.);
#9532 = EDGE_LOOP('',(#9533));
#9533 = ORIENTED_EDGE('',*,*,#9534,.T.);
#9534 = EDGE_CURVE('',#9535,#9535,#9537,.T.);
#9535 = VERTEX_POINT('',#9536);
#9536 = CARTESIAN_POINT('',(361.9,-6.282E+03,1.22E+03));
#9537 = SURFACE_CURVE('',#9538,(#9543,#9554),.PCURVE_S1.);
#9538 = CIRCLE('',#9539,34.9);
#9539 = AXIS2_PLACEMENT_3D('',#9540,#9541,#9542);
#9540 = CARTESIAN_POINT('',(327.,-6.282E+03,1.22E+03));
#9541 = DIRECTION('',(0.,0.,-1.));
#9542 = DIRECTION('',(1.,0.,0.));
#9543 = PCURVE('',#145,#9544);
#9544 = DEFINITIONAL_REPRESENTATION('',(#9545),#9553);
#9545 = ( BOUNDED_CURVE() B_SPLINE_CURVE(2,(#9546,#9547,#9548,#9549,
#9550,#9551,#9552),.UNSPECIFIED.,.T.,.F.) B_SPLINE_CURVE_WITH_KNOTS((1,2
    ,2,2,2,1),(-2.094395102393,0.,2.094395102393,4.188790204786,
6.28318530718,8.377580409573),.UNSPECIFIED.) CURVE() 
GEOMETRIC_REPRESENTATION_ITEM() RATIONAL_B_SPLINE_CURVE((1.,0.5,1.,0.5,
1.,0.5,1.)) REPRESENTATION_ITEM('') );
#9546 = CARTESIAN_POINT('',(161.9,0.));
#9547 = CARTESIAN_POINT('',(161.9,-60.44857318415));
#9548 = CARTESIAN_POINT('',(109.55,-30.22428659207));
#9549 = CARTESIAN_POINT('',(57.2,-8.548034658049E-15));
#9550 = CARTESIAN_POINT('',(109.55,30.224286592077));
#9551 = CARTESIAN_POINT('',(161.9,60.448573184154));
#9552 = CARTESIAN_POINT('',(161.9,0.));
#9553 = ( GEOMETRIC_REPRESENTATION_CONTEXT(2) 
PARAMETRIC_REPRESENTATION_CONTEXT() REPRESENTATION_CONTEXT('2D SPACE',''
  ) );
#9554 = PCURVE('',#9555,#9560);
#9555 = CYLINDRICAL_SURFACE('',#9556,34.9);
#9556 = AXIS2_PLACEMENT_3D('',#9557,#9558,#9559);
#9557 = CARTESIAN_POINT('',(327.,-6.282E+03,-4.7E+03));
#9558 = DIRECTION('',(-0.,-0.,-1.));
#9559 = DIRECTION('',(1.,0.,0.));
#9560 = DEFINITIONAL_REPRESENTATION('',(#9561),#9565);
#9561 = LINE('',#9562,#9563);
#9562 = CARTESIAN_POINT('',(-4.138911435803E-13,-5.92E+03));
#9563 = VECTOR('',#9564,1.);
#9564 = DIRECTION('',(1.,-0.));
#9565 = ( GEOMETRIC_REPRESENTATION_CONTEXT(2) 
PARAMETRIC_REPRESENTATION_CONTEXT() REPRESENTATION_CONTEXT('2D SPACE',''
  ) );
#9566 = ADVANCED_FACE('',(#9567),#9555,.F.);
#9567 = FACE_BOUND('',#9568,.F.);
#9568 = EDGE_LOOP('',(#9569,#9570,#9593,#9620));
#9569 = ORIENTED_EDGE('',*,*,#9534,.T.);
#9570 = ORIENTED_EDGE('',*,*,#9571,.F.);
#9571 = EDGE_CURVE('',#9572,#9535,#9574,.T.);
#9572 = VERTEX_POINT('',#9573);
#9573 = CARTESIAN_POINT('',(361.9,-6.282E+03,-4.7E+03));
#9574 = SEAM_CURVE('',#9575,(#9579,#9586),.PCURVE_S1.);
#9575 = LINE('',#9576,#9577);
#9576 = CARTESIAN_POINT('',(361.9,-6.282E+03,-4.7E+03));
#9577 = VECTOR('',#9578,1.);
#9578 = DIRECTION('',(0.,0.,1.));
#9579 = PCURVE('',#9555,#9580);
#9580 = DEFINITIONAL_REPRESENTATION('',(#9581),#9585);
#9581 = LINE('',#9582,#9583);
#9582 = CARTESIAN_POINT('',(6.28318530718,0.));
#9583 = VECTOR('',#9584,1.);
#9584 = DIRECTION('',(-0.,-1.));
#9585 = ( GEOMETRIC_REPRESENTATION_CONTEXT(2) 
PARAMETRIC_REPRESENTATION_CONTEXT() REPRESENTATION_CONTEXT('2D SPACE',''
  ) );
#9586 = PCURVE('',#9555,#9587);
#9587 = DEFINITIONAL_REPRESENTATION('',(#9588),#9592);
#9588 = LINE('',#9589,#9590);
#9589 = CARTESIAN_POINT('',(-4.138911435803E-13,0.));
#9590 = VECTOR('',#9591,1.);
#9591 = DIRECTION('',(-0.,-1.));
#9592 = ( GEOMETRIC_REPRESENTATION_CONTEXT(2) 
PARAMETRIC_REPRESENTATION_CONTEXT() REPRESENTATION_CONTEXT('2D SPACE',''
  ) );
#9593 = ORIENTED_EDGE('',*,*,#9594,.T.);
#9594 = EDGE_CURVE('',#9572,#9572,#9595,.T.);
#9595 = SURFACE_CURVE('',#9596,(#9601,#9608),.PCURVE_S1.);
#9596 = CIRCLE('',#9597,34.9);
#9597 = AXIS2_PLACEMENT_3D('',#9598,#9599,#9600);
#9598 = CARTESIAN_POINT('',(327.,-6.282E+03,-4.7E+03));
#9599 = DIRECTION('',(0.,0.,1.));
#9600 = DIRECTION('',(1.,0.,0.));
#9601 = PCURVE('',#9555,#9602);
#9602 = DEFINITIONAL_REPRESENTATION('',(#9603),#9607);
#9603 = LINE('',#9604,#9605);
#9604 = CARTESIAN_POINT('',(6.28318530718,0.));
#9605 = VECTOR('',#9606,1.);
#9606 = DIRECTION('',(-1.,0.));
#9607 = ( GEOMETRIC_REPRESENTATION_CONTEXT(2) 
PARAMETRIC_REPRESENTATION_CONTEXT() REPRESENTATION_CONTEXT('2D SPACE',''
  ) );
#9608 = PCURVE('',#9609,#9614);
#9609 = PLANE('',#9610);
#9610 = AXIS2_PLACEMENT_3D('',#9611,#9612,#9613);
#9611 = CARTESIAN_POINT('',(327.,-6.282E+03,-4.7E+03));
#9612 = DIRECTION('',(0.,0.,1.));
#9613 = DIRECTION('',(1.,0.,0.));
#9614 = DEFINITIONAL_REPRESENTATION('',(#9615),#9619);
#9615 = CIRCLE('',#9616,34.9);
#9616 = AXIS2_PLACEMENT_2D('',#9617,#9618);
#9617 = CARTESIAN_POINT('',(0.,0.));
#9618 = DIRECTION('',(1.,0.));
#9619 = ( GEOMETRIC_REPRESENTATION_CONTEXT(2) 
PARAMETRIC_REPRESENTATION_CONTEXT() REPRESENTATION_CONTEXT('2D SPACE',''
  ) );
#9620 = ORIENTED_EDGE('',*,*,#9571,.T.);
#9621 = ADVANCED_FACE('',(#9622),#9609,.T.);
#9622 = FACE_BOUND('',#9623,.T.);
#9623 = EDGE_LOOP('',(#9624));
#9624 = ORIENTED_EDGE('',*,*,#9594,.T.);
#9625 = ADVANCED_FACE('',(#9626),#43,.F.);
#9626 = FACE_BOUND('',#9627,.F.);
#9627 = EDGE_LOOP('',(#9628));
#9628 = ORIENTED_EDGE('',*,*,#21,.T.);
#9629 = ORIENTED_CLOSED_SHELL('',*,#9630,.F.);
#9630 = CLOSED_SHELL('',(#9631,#9763,#9848,#9928,#9958,#9988));
#9631 = ADVANCED_FACE('',(#9632),#9647,.T.);
#9632 = FACE_BOUND('',#9633,.T.);
#9633 = EDGE_LOOP('',(#9634,#9672,#9703,#9734));
#9634 = ORIENTED_EDGE('',*,*,#9635,.T.);
#9635 = EDGE_CURVE('',#9636,#9638,#9640,.T.);
#9636 = VERTEX_POINT('',#9637);
#9637 = CARTESIAN_POINT('',(-1.771951300559E+03,-7.672960415112E+03,
    -1.0656824E+03));
#9638 = VERTEX_POINT('',#9639);
#9639 = CARTESIAN_POINT('',(-1.771951300559E+03,-7.672960415112E+03,
    -5.3836824E+03));
#9640 = SURFACE_CURVE('',#9641,(#9646,#9659),.PCURVE_S1.);
#9641 = B_SPLINE_CURVE_WITH_KNOTS('',3,(#9642,#9643,#9644,#9645),
  .UNSPECIFIED.,.F.,.F.,(4,4),(0.,1.7E+03),.PIECEWISE_BEZIER_KNOTS.);
#9642 = CARTESIAN_POINT('',(-1.771951300559E+03,-7.672960415112E+03,
    -1.0656824E+03));
#9643 = CARTESIAN_POINT('',(-1.771951300559E+03,-7.672960415112E+03,
    -2.505015733333E+03));
#9644 = CARTESIAN_POINT('',(-1.771951300559E+03,-7.672960415112E+03,
    -3.944349066667E+03));
#9645 = CARTESIAN_POINT('',(-1.771951300559E+03,-7.672960415112E+03,
    -5.3836824E+03));
#9646 = PCURVE('',#9647,#9652);
#9647 = PLANE('',#9648);
#9648 = AXIS2_PLACEMENT_3D('',#9649,#9650,#9651);
#9649 = CARTESIAN_POINT('',(-1.355801158846E+03,-7.381569154781E+03,
    -5.3837078E+03));
#9650 = DIRECTION('',(0.573576164364,-0.819152234736,-1.70192853757E-16)
  );
#9651 = DIRECTION('',(4.72554604925E-16,1.23119E-16,1.));
#9652 = DEFINITIONAL_REPRESENTATION('',(#9653),#9658);
#9653 = B_SPLINE_CURVE_WITH_KNOTS('',3,(#9654,#9655,#9656,#9657),
  .UNSPECIFIED.,.F.,.F.,(4,4),(0.,1.7E+03),.PIECEWISE_BEZIER_KNOTS.);
#9654 = CARTESIAN_POINT('',(4.3180254E+03,508.02539999988));
#9655 = CARTESIAN_POINT('',(2.878692066667E+03,508.02539999988));
#9656 = CARTESIAN_POINT('',(1.439358733333E+03,508.02539999988));
#9657 = CARTESIAN_POINT('',(2.540000000045E-02,508.02539999988));
#9658 = ( GEOMETRIC_REPRESENTATION_CONTEXT(2) 
PARAMETRIC_REPRESENTATION_CONTEXT() REPRESENTATION_CONTEXT('2D SPACE',''
  ) );
#9659 = PCURVE('',#9660,#9665);
#9660 = PLANE('',#9661);
#9661 = AXIS2_PLACEMENT_3D('',#9662,#9663,#9664);
#9662 = CARTESIAN_POINT('',(-1.781289923522E+03,-7.659623469918E+03,
    -1.065657E+03));
#9663 = DIRECTION('',(-0.819152234736,-0.573576164364,6.165376156646E-16
    ));
#9664 = DIRECTION('',(-6.026567299307E-16,-2.142174242879E-16,-1.));
#9665 = DEFINITIONAL_REPRESENTATION('',(#9666),#9671);
#9666 = B_SPLINE_CURVE_WITH_KNOTS('',3,(#9667,#9668,#9669,#9670),
  .UNSPECIFIED.,.F.,.F.,(4,4),(0.,1.7E+03),.PIECEWISE_BEZIER_KNOTS.);
#9667 = CARTESIAN_POINT('',(2.539999999999E-02,16.281399999778));
#9668 = CARTESIAN_POINT('',(1.439358733333E+03,16.281399999778));
#9669 = CARTESIAN_POINT('',(2.878692066667E+03,16.281399999779));
#9670 = CARTESIAN_POINT('',(4.3180254E+03,16.28139999978));
#9671 = ( GEOMETRIC_REPRESENTATION_CONTEXT(2) 
PARAMETRIC_REPRESENTATION_CONTEXT() REPRESENTATION_CONTEXT('2D SPACE',''
  ) );
#9672 = ORIENTED_EDGE('',*,*,#9673,.T.);
#9673 = EDGE_CURVE('',#9638,#9674,#9676,.T.);
#9674 = VERTEX_POINT('',#9675);
#9675 = CARTESIAN_POINT('',(-1.355821965313E+03,-7.381583723615E+03,
    -5.3836824E+03));
#9676 = SURFACE_CURVE('',#9677,(#9682,#9690),.PCURVE_S1.);
#9677 = B_SPLINE_CURVE_WITH_KNOTS('',3,(#9678,#9679,#9680,#9681),
  .UNSPECIFIED.,.F.,.F.,(4,4),(0.,200.),.PIECEWISE_BEZIER_KNOTS.);
#9678 = CARTESIAN_POINT('',(-1.771951300559E+03,-7.672960415112E+03,
    -5.3836824E+03));
#9679 = CARTESIAN_POINT('',(-1.633241522144E+03,-7.57583485128E+03,
    -5.3836824E+03));
#9680 = CARTESIAN_POINT('',(-1.494531743728E+03,-7.478709287448E+03,
    -5.3836824E+03));
#9681 = CARTESIAN_POINT('',(-1.355821965313E+03,-7.381583723615E+03,
    -5.3836824E+03));
#9682 = PCURVE('',#9647,#9683);
#9683 = DEFINITIONAL_REPRESENTATION('',(#9684),#9689);
#9684 = B_SPLINE_CURVE_WITH_KNOTS('',3,(#9685,#9686,#9687,#9688),
  .UNSPECIFIED.,.F.,.F.,(4,4),(0.,200.),.PIECEWISE_BEZIER_KNOTS.);
#9685 = CARTESIAN_POINT('',(2.540000000045E-02,508.02539999988));
#9686 = CARTESIAN_POINT('',(2.540000000045E-02,338.692066667));
#9687 = CARTESIAN_POINT('',(2.540000000045E-02,169.35873333331));
#9688 = CARTESIAN_POINT('',(2.540000000045E-02,2.539999986493E-02));
#9689 = ( GEOMETRIC_REPRESENTATION_CONTEXT(2) 
PARAMETRIC_REPRESENTATION_CONTEXT() REPRESENTATION_CONTEXT('2D SPACE',''
  ) );
#9690 = PCURVE('',#9691,#9696);
#9691 = PLANE('',#9692);
#9692 = AXIS2_PLACEMENT_3D('',#9693,#9694,#9695);
#9693 = CARTESIAN_POINT('',(-1.781310729988E+03,-7.659638038752E+03,
    -5.3836824E+03));
#9694 = DIRECTION('',(-4.72554604925E-16,-1.23119E-16,-1.));
#9695 = DIRECTION('',(0.819152234736,0.573576164364,-4.577122844395E-16)
  );
#9696 = DEFINITIONAL_REPRESENTATION('',(#9697),#9702);
#9697 = B_SPLINE_CURVE_WITH_KNOTS('',3,(#9698,#9699,#9700,#9701),
  .UNSPECIFIED.,.F.,.F.,(4,4),(0.,200.),.PIECEWISE_BEZIER_KNOTS.);
#9698 = CARTESIAN_POINT('',(2.539999983765E-02,16.281399999812));
#9699 = CARTESIAN_POINT('',(169.35873333271,16.281399999892));
#9700 = CARTESIAN_POINT('',(338.6920666664,16.281400000545));
#9701 = CARTESIAN_POINT('',(508.02539999985,16.281399999805));
#9702 = ( GEOMETRIC_REPRESENTATION_CONTEXT(2) 
PARAMETRIC_REPRESENTATION_CONTEXT() REPRESENTATION_CONTEXT('2D SPACE',''
  ) );
#9703 = ORIENTED_EDGE('',*,*,#9704,.T.);
#9704 = EDGE_CURVE('',#9674,#9705,#9707,.T.);
#9705 = VERTEX_POINT('',#9706);
#9706 = CARTESIAN_POINT('',(-1.355821965313E+03,-7.381583723615E+03,
    -1.0656824E+03));
#9707 = SURFACE_CURVE('',#9708,(#9713,#9721),.PCURVE_S1.);
#9708 = B_SPLINE_CURVE_WITH_KNOTS('',3,(#9709,#9710,#9711,#9712),
  .UNSPECIFIED.,.F.,.F.,(4,4),(0.,1.7E+03),.PIECEWISE_BEZIER_KNOTS.);
#9709 = CARTESIAN_POINT('',(-1.355821965313E+03,-7.381583723615E+03,
    -5.3836824E+03));
#9710 = CARTESIAN_POINT('',(-1.355821965313E+03,-7.381583723615E+03,
    -3.944349066667E+03));
#9711 = CARTESIAN_POINT('',(-1.355821965313E+03,-7.381583723615E+03,
    -2.505015733333E+03));
#9712 = CARTESIAN_POINT('',(-1.355821965313E+03,-7.381583723615E+03,
    -1.0656824E+03));
#9713 = PCURVE('',#9647,#9714);
#9714 = DEFINITIONAL_REPRESENTATION('',(#9715),#9720);
#9715 = B_SPLINE_CURVE_WITH_KNOTS('',3,(#9716,#9717,#9718,#9719),
  .UNSPECIFIED.,.F.,.F.,(4,4),(0.,1.7E+03),.PIECEWISE_BEZIER_KNOTS.);
#9716 = CARTESIAN_POINT('',(2.540000000045E-02,2.539999986493E-02));
#9717 = CARTESIAN_POINT('',(1.439358733333E+03,2.539999986584E-02));
#9718 = CARTESIAN_POINT('',(2.878692066667E+03,2.539999986675E-02));
#9719 = CARTESIAN_POINT('',(4.3180254E+03,2.539999986675E-02));
#9720 = ( GEOMETRIC_REPRESENTATION_CONTEXT(2) 
PARAMETRIC_REPRESENTATION_CONTEXT() REPRESENTATION_CONTEXT('2D SPACE',''
  ) );
#9721 = PCURVE('',#9722,#9727);
#9722 = PLANE('',#9723);
#9723 = AXIS2_PLACEMENT_3D('',#9724,#9725,#9726);
#9724 = CARTESIAN_POINT('',(-1.365160588276E+03,-7.368246778421E+03,
    -5.3837078E+03));
#9725 = DIRECTION('',(0.819152234736,0.573576164364,-1.567800779083E-16)
  );
#9726 = DIRECTION('',(2.260453154408E-16,-4.948854075577E-17,1.));
#9727 = DEFINITIONAL_REPRESENTATION('',(#9728),#9733);
#9728 = B_SPLINE_CURVE_WITH_KNOTS('',3,(#9729,#9730,#9731,#9732),
  .UNSPECIFIED.,.F.,.F.,(4,4),(0.,1.7E+03),.PIECEWISE_BEZIER_KNOTS.);
#9729 = CARTESIAN_POINT('',(2.540000000045E-02,16.281399999782));
#9730 = CARTESIAN_POINT('',(1.439358733333E+03,16.281399999781));
#9731 = CARTESIAN_POINT('',(2.878692066667E+03,16.28139999978));
#9732 = CARTESIAN_POINT('',(4.3180254E+03,16.28139999978));
#9733 = ( GEOMETRIC_REPRESENTATION_CONTEXT(2) 
PARAMETRIC_REPRESENTATION_CONTEXT() REPRESENTATION_CONTEXT('2D SPACE',''
  ) );
#9734 = ORIENTED_EDGE('',*,*,#9735,.T.);
#9735 = EDGE_CURVE('',#9705,#9636,#9736,.T.);
#9736 = SURFACE_CURVE('',#9737,(#9742,#9750),.PCURVE_S1.);
#9737 = B_SPLINE_CURVE_WITH_KNOTS('',3,(#9738,#9739,#9740,#9741),
  .UNSPECIFIED.,.F.,.F.,(4,4),(0.,199.99999999999),
  .PIECEWISE_BEZIER_KNOTS.);
#9738 = CARTESIAN_POINT('',(-1.355821965313E+03,-7.381583723615E+03,
    -1.0656824E+03));
#9739 = CARTESIAN_POINT('',(-1.494531743728E+03,-7.478709287448E+03,
    -1.0656824E+03));
#9740 = CARTESIAN_POINT('',(-1.633241522144E+03,-7.57583485128E+03,
    -1.0656824E+03));
#9741 = CARTESIAN_POINT('',(-1.771951300559E+03,-7.672960415112E+03,
    -1.0656824E+03));
#9742 = PCURVE('',#9647,#9743);
#9743 = DEFINITIONAL_REPRESENTATION('',(#9744),#9749);
#9744 = B_SPLINE_CURVE_WITH_KNOTS('',3,(#9745,#9746,#9747,#9748),
  .UNSPECIFIED.,.F.,.F.,(4,4),(0.,199.99999999999),
  .PIECEWISE_BEZIER_KNOTS.);
#9745 = CARTESIAN_POINT('',(4.3180254E+03,2.539999986675E-02));
#9746 = CARTESIAN_POINT('',(4.3180254E+03,169.35873333331));
#9747 = CARTESIAN_POINT('',(4.3180254E+03,338.692066667));
#9748 = CARTESIAN_POINT('',(4.3180254E+03,508.02539999988));
#9749 = ( GEOMETRIC_REPRESENTATION_CONTEXT(2) 
PARAMETRIC_REPRESENTATION_CONTEXT() REPRESENTATION_CONTEXT('2D SPACE',''
  ) );
#9750 = PCURVE('',#9751,#9756);
#9751 = PLANE('',#9752);
#9752 = AXIS2_PLACEMENT_3D('',#9753,#9754,#9755);
#9753 = CARTESIAN_POINT('',(-1.365139781809E+03,-7.368232209586E+03,
    -1.0656824E+03));
#9754 = DIRECTION('',(4.72554604925E-16,1.23119E-16,1.));
#9755 = DIRECTION('',(-0.819152234736,-0.573576164364,4.577122844395E-16
    ));
#9756 = DEFINITIONAL_REPRESENTATION('',(#9757),#9762);
#9757 = B_SPLINE_CURVE_WITH_KNOTS('',3,(#9758,#9759,#9760,#9761),
  .UNSPECIFIED.,.F.,.F.,(4,4),(0.,199.99999999999),
  .PIECEWISE_BEZIER_KNOTS.);
#9758 = CARTESIAN_POINT('',(2.539999964756E-02,16.281399999993));
#9759 = CARTESIAN_POINT('',(169.35873333309,16.281400000732));
#9760 = CARTESIAN_POINT('',(338.69206666678,16.281400000079));
#9761 = CARTESIAN_POINT('',(508.02539999966,16.2814));
#9762 = ( GEOMETRIC_REPRESENTATION_CONTEXT(2) 
PARAMETRIC_REPRESENTATION_CONTEXT() REPRESENTATION_CONTEXT('2D SPACE',''
  ) );
#9763 = ADVANCED_FACE('',(#9764),#9751,.T.);
#9764 = FACE_BOUND('',#9765,.T.);
#9765 = EDGE_LOOP('',(#9766,#9792,#9793,#9819));
#9766 = ORIENTED_EDGE('',*,*,#9767,.T.);
#9767 = EDGE_CURVE('',#9768,#9636,#9770,.T.);
#9768 = VERTEX_POINT('',#9769);
#9769 = CARTESIAN_POINT('',(-1.781275354687E+03,-7.659644276385E+03,
    -1.0656824E+03));
#9770 = SURFACE_CURVE('',#9771,(#9776,#9784),.PCURVE_S1.);
#9771 = B_SPLINE_CURVE_WITH_KNOTS('',3,(#9772,#9773,#9774,#9775),
  .UNSPECIFIED.,.F.,.F.,(4,4),(-6.4,0.),.PIECEWISE_BEZIER_KNOTS.);
#9772 = CARTESIAN_POINT('',(-1.781275354687E+03,-7.659644276385E+03,
    -1.0656824E+03));
#9773 = CARTESIAN_POINT('',(-1.778167336644E+03,-7.664082989294E+03,
    -1.0656824E+03));
#9774 = CARTESIAN_POINT('',(-1.775059318602E+03,-7.668521702203E+03,
    -1.0656824E+03));
#9775 = CARTESIAN_POINT('',(-1.771951300559E+03,-7.672960415112E+03,
    -1.0656824E+03));
#9776 = PCURVE('',#9751,#9777);
#9777 = DEFINITIONAL_REPRESENTATION('',(#9778),#9783);
#9778 = B_SPLINE_CURVE_WITH_KNOTS('',3,(#9779,#9780,#9781,#9782),
  .UNSPECIFIED.,.F.,.F.,(4,4),(-6.4,0.),.PIECEWISE_BEZIER_KNOTS.);
#9779 = CARTESIAN_POINT('',(508.02540000024,2.540000065892E-02));
#9780 = CARTESIAN_POINT('',(508.02539999977,5.444066667297));
#9781 = CARTESIAN_POINT('',(508.02540000013,10.862733333362));
#9782 = CARTESIAN_POINT('',(508.02539999966,16.2814));
#9783 = ( GEOMETRIC_REPRESENTATION_CONTEXT(2) 
PARAMETRIC_REPRESENTATION_CONTEXT() REPRESENTATION_CONTEXT('2D SPACE',''
  ) );
#9784 = PCURVE('',#9660,#9785);
#9785 = DEFINITIONAL_REPRESENTATION('',(#9786),#9791);
#9786 = B_SPLINE_CURVE_WITH_KNOTS('',3,(#9787,#9788,#9789,#9790),
  .UNSPECIFIED.,.F.,.F.,(4,4),(-6.4,0.),.PIECEWISE_BEZIER_KNOTS.);
#9787 = CARTESIAN_POINT('',(2.539999999999E-02,2.540000043791E-02));
#9788 = CARTESIAN_POINT('',(2.539999999999E-02,5.444066667076));
#9789 = CARTESIAN_POINT('',(2.539999999999E-02,10.862733333141));
#9790 = CARTESIAN_POINT('',(2.539999999999E-02,16.281399999778));
#9791 = ( GEOMETRIC_REPRESENTATION_CONTEXT(2) 
PARAMETRIC_REPRESENTATION_CONTEXT() REPRESENTATION_CONTEXT('2D SPACE',''
  ) );
#9792 = ORIENTED_EDGE('',*,*,#9735,.F.);
#9793 = ORIENTED_EDGE('',*,*,#9794,.F.);
#9794 = EDGE_CURVE('',#9795,#9705,#9797,.T.);
#9795 = VERTEX_POINT('',#9796);
#9796 = CARTESIAN_POINT('',(-1.365146019441E+03,-7.368267584888E+03,
    -1.0656824E+03));
#9797 = SURFACE_CURVE('',#9798,(#9803,#9811),.PCURVE_S1.);
#9798 = B_SPLINE_CURVE_WITH_KNOTS('',3,(#9799,#9800,#9801,#9802),
  .UNSPECIFIED.,.F.,.F.,(4,4),(0.,6.4),.PIECEWISE_BEZIER_KNOTS.);
#9799 = CARTESIAN_POINT('',(-1.365146019441E+03,-7.368267584888E+03,
    -1.0656824E+03));
#9800 = CARTESIAN_POINT('',(-1.362038001398E+03,-7.372706297797E+03,
    -1.0656824E+03));
#9801 = CARTESIAN_POINT('',(-1.358929983356E+03,-7.377145010706E+03,
    -1.0656824E+03));
#9802 = CARTESIAN_POINT('',(-1.355821965313E+03,-7.381583723615E+03,
    -1.0656824E+03));
#9803 = PCURVE('',#9751,#9804);
#9804 = DEFINITIONAL_REPRESENTATION('',(#9805),#9810);
#9805 = B_SPLINE_CURVE_WITH_KNOTS('',3,(#9806,#9807,#9808,#9809),
  .UNSPECIFIED.,.F.,.F.,(4,4),(0.,6.4),.PIECEWISE_BEZIER_KNOTS.);
#9806 = CARTESIAN_POINT('',(2.5400000226E-02,2.540000065073E-02));
#9807 = CARTESIAN_POINT('',(2.539999975943E-02,5.444066667289));
#9808 = CARTESIAN_POINT('',(2.540000011413E-02,10.862733333354));
#9809 = CARTESIAN_POINT('',(2.539999964756E-02,16.281399999993));
#9810 = ( GEOMETRIC_REPRESENTATION_CONTEXT(2) 
PARAMETRIC_REPRESENTATION_CONTEXT() REPRESENTATION_CONTEXT('2D SPACE',''
  ) );
#9811 = PCURVE('',#9722,#9812);
#9812 = DEFINITIONAL_REPRESENTATION('',(#9813),#9818);
#9813 = B_SPLINE_CURVE_WITH_KNOTS('',3,(#9814,#9815,#9816,#9817),
  .UNSPECIFIED.,.F.,.F.,(4,4),(0.,6.4),.PIECEWISE_BEZIER_KNOTS.);
#9814 = CARTESIAN_POINT('',(4.3180254E+03,2.540000043791E-02));
#9815 = CARTESIAN_POINT('',(4.3180254E+03,5.444066667077));
#9816 = CARTESIAN_POINT('',(4.3180254E+03,10.862733333141));
#9817 = CARTESIAN_POINT('',(4.3180254E+03,16.28139999978));
#9818 = ( GEOMETRIC_REPRESENTATION_CONTEXT(2) 
PARAMETRIC_REPRESENTATION_CONTEXT() REPRESENTATION_CONTEXT('2D SPACE',''
  ) );
#9819 = ORIENTED_EDGE('',*,*,#9820,.T.);
#9820 = EDGE_CURVE('',#9795,#9768,#9821,.T.);
#9821 = SURFACE_CURVE('',#9822,(#9827,#9835),.PCURVE_S1.);
#9822 = B_SPLINE_CURVE_WITH_KNOTS('',3,(#9823,#9824,#9825,#9826),
  .UNSPECIFIED.,.F.,.F.,(4,4),(-199.9999999999,0.),
  .PIECEWISE_BEZIER_KNOTS.);
#9823 = CARTESIAN_POINT('',(-1.365146019441E+03,-7.368267584888E+03,
    -1.0656824E+03));
#9824 = CARTESIAN_POINT('',(-1.503855797856E+03,-7.46539314872E+03,
    -1.0656824E+03));
#9825 = CARTESIAN_POINT('',(-1.642565576272E+03,-7.562518712552E+03,
    -1.0656824E+03));
#9826 = CARTESIAN_POINT('',(-1.781275354687E+03,-7.659644276385E+03,
    -1.0656824E+03));
#9827 = PCURVE('',#9751,#9828);
#9828 = DEFINITIONAL_REPRESENTATION('',(#9829),#9834);
#9829 = B_SPLINE_CURVE_WITH_KNOTS('',3,(#9830,#9831,#9832,#9833),
  .UNSPECIFIED.,.F.,.F.,(4,4),(-199.9999999999,0.),
  .PIECEWISE_BEZIER_KNOTS.);
#9830 = CARTESIAN_POINT('',(2.5400000226E-02,2.540000065073E-02));
#9831 = CARTESIAN_POINT('',(169.3587333331,2.54000005707E-02));
#9832 = CARTESIAN_POINT('',(338.69206666679,2.53999999195E-02));
#9833 = CARTESIAN_POINT('',(508.02540000024,2.540000065892E-02));
#9834 = ( GEOMETRIC_REPRESENTATION_CONTEXT(2) 
PARAMETRIC_REPRESENTATION_CONTEXT() REPRESENTATION_CONTEXT('2D SPACE',''
  ) );
#9835 = PCURVE('',#9836,#9841);
#9836 = PLANE('',#9837);
#9837 = AXIS2_PLACEMENT_3D('',#9838,#9839,#9840);
#9838 = CARTESIAN_POINT('',(-1.365125212974E+03,-7.368253016053E+03,
    -1.065657E+03));
#9839 = DIRECTION('',(-0.573576164364,0.819152234736,1.70192853757E-16)
  );
#9840 = DIRECTION('',(-4.72554604925E-16,-1.23119E-16,-1.));
#9841 = DEFINITIONAL_REPRESENTATION('',(#9842),#9847);
#9842 = B_SPLINE_CURVE_WITH_KNOTS('',3,(#9843,#9844,#9845,#9846),
  .UNSPECIFIED.,.F.,.F.,(4,4),(-199.9999999999,0.),
  .PIECEWISE_BEZIER_KNOTS.);
#9843 = CARTESIAN_POINT('',(2.539999999999E-02,2.540000043882E-02));
#9844 = CARTESIAN_POINT('',(2.539999999999E-02,169.35873333331));
#9845 = CARTESIAN_POINT('',(2.540000000022E-02,338.692066667));
#9846 = CARTESIAN_POINT('',(2.540000000022E-02,508.02540000045));
#9847 = ( GEOMETRIC_REPRESENTATION_CONTEXT(2) 
PARAMETRIC_REPRESENTATION_CONTEXT() REPRESENTATION_CONTEXT('2D SPACE',''
  ) );
#9848 = ADVANCED_FACE('',(#9849),#9836,.T.);
#9849 = FACE_BOUND('',#9850,.T.);
#9850 = EDGE_LOOP('',(#9851,#9877,#9878,#9904));
#9851 = ORIENTED_EDGE('',*,*,#9852,.F.);
#9852 = EDGE_CURVE('',#9768,#9853,#9855,.T.);
#9853 = VERTEX_POINT('',#9854);
#9854 = CARTESIAN_POINT('',(-1.781275354687E+03,-7.659644276385E+03,
    -5.3836824E+03));
#9855 = SURFACE_CURVE('',#9856,(#9861,#9869),.PCURVE_S1.);
#9856 = B_SPLINE_CURVE_WITH_KNOTS('',3,(#9857,#9858,#9859,#9860),
  .UNSPECIFIED.,.F.,.F.,(4,4),(-1.7E+03,0.),.PIECEWISE_BEZIER_KNOTS.);
#9857 = CARTESIAN_POINT('',(-1.781275354687E+03,-7.659644276385E+03,
    -1.0656824E+03));
#9858 = CARTESIAN_POINT('',(-1.781275354687E+03,-7.659644276385E+03,
    -2.505015733333E+03));
#9859 = CARTESIAN_POINT('',(-1.781275354687E+03,-7.659644276385E+03,
    -3.944349066667E+03));
#9860 = CARTESIAN_POINT('',(-1.781275354687E+03,-7.659644276385E+03,
    -5.3836824E+03));
#9861 = PCURVE('',#9836,#9862);
#9862 = DEFINITIONAL_REPRESENTATION('',(#9863),#9868);
#9863 = B_SPLINE_CURVE_WITH_KNOTS('',3,(#9864,#9865,#9866,#9867),
  .UNSPECIFIED.,.F.,.F.,(4,4),(-1.7E+03,0.),.PIECEWISE_BEZIER_KNOTS.);
#9864 = CARTESIAN_POINT('',(2.540000000022E-02,508.02540000045));
#9865 = CARTESIAN_POINT('',(1.439358733333E+03,508.02540000045));
#9866 = CARTESIAN_POINT('',(2.878692066667E+03,508.02540000045));
#9867 = CARTESIAN_POINT('',(4.3180254E+03,508.02540000045));
#9868 = ( GEOMETRIC_REPRESENTATION_CONTEXT(2) 
PARAMETRIC_REPRESENTATION_CONTEXT() REPRESENTATION_CONTEXT('2D SPACE',''
  ) );
#9869 = PCURVE('',#9660,#9870);
#9870 = DEFINITIONAL_REPRESENTATION('',(#9871),#9876);
#9871 = B_SPLINE_CURVE_WITH_KNOTS('',3,(#9872,#9873,#9874,#9875),
  .UNSPECIFIED.,.F.,.F.,(4,4),(-1.7E+03,0.),.PIECEWISE_BEZIER_KNOTS.);
#9872 = CARTESIAN_POINT('',(2.539999999999E-02,2.540000043791E-02));
#9873 = CARTESIAN_POINT('',(1.439358733333E+03,2.540000043882E-02));
#9874 = CARTESIAN_POINT('',(2.878692066667E+03,2.540000043882E-02));
#9875 = CARTESIAN_POINT('',(4.3180254E+03,2.540000043973E-02));
#9876 = ( GEOMETRIC_REPRESENTATION_CONTEXT(2) 
PARAMETRIC_REPRESENTATION_CONTEXT() REPRESENTATION_CONTEXT('2D SPACE',''
  ) );
#9877 = ORIENTED_EDGE('',*,*,#9820,.F.);
#9878 = ORIENTED_EDGE('',*,*,#9879,.F.);
#9879 = EDGE_CURVE('',#9880,#9795,#9882,.T.);
#9880 = VERTEX_POINT('',#9881);
#9881 = CARTESIAN_POINT('',(-1.365146019441E+03,-7.368267584888E+03,
    -5.3836824E+03));
#9882 = SURFACE_CURVE('',#9883,(#9888,#9896),.PCURVE_S1.);
#9883 = B_SPLINE_CURVE_WITH_KNOTS('',3,(#9884,#9885,#9886,#9887),
  .UNSPECIFIED.,.F.,.F.,(4,4),(-1.7E+03,0.),.PIECEWISE_BEZIER_KNOTS.);
#9884 = CARTESIAN_POINT('',(-1.365146019441E+03,-7.368267584888E+03,
    -5.3836824E+03));
#9885 = CARTESIAN_POINT('',(-1.365146019441E+03,-7.368267584888E+03,
    -3.944349066667E+03));
#9886 = CARTESIAN_POINT('',(-1.365146019441E+03,-7.368267584888E+03,
    -2.505015733333E+03));
#9887 = CARTESIAN_POINT('',(-1.365146019441E+03,-7.368267584888E+03,
    -1.0656824E+03));
#9888 = PCURVE('',#9836,#9889);
#9889 = DEFINITIONAL_REPRESENTATION('',(#9890),#9895);
#9890 = B_SPLINE_CURVE_WITH_KNOTS('',3,(#9891,#9892,#9893,#9894),
  .UNSPECIFIED.,.F.,.F.,(4,4),(-1.7E+03,0.),.PIECEWISE_BEZIER_KNOTS.);
#9891 = CARTESIAN_POINT('',(4.3180254E+03,2.5400000437E-02));
#9892 = CARTESIAN_POINT('',(2.878692066667E+03,2.540000043791E-02));
#9893 = CARTESIAN_POINT('',(1.439358733333E+03,2.540000043882E-02));
#9894 = CARTESIAN_POINT('',(2.539999999999E-02,2.540000043882E-02));
#9895 = ( GEOMETRIC_REPRESENTATION_CONTEXT(2) 
PARAMETRIC_REPRESENTATION_CONTEXT() REPRESENTATION_CONTEXT('2D SPACE',''
  ) );
#9896 = PCURVE('',#9722,#9897);
#9897 = DEFINITIONAL_REPRESENTATION('',(#9898),#9903);
#9898 = B_SPLINE_CURVE_WITH_KNOTS('',3,(#9899,#9900,#9901,#9902),
  .UNSPECIFIED.,.F.,.F.,(4,4),(-1.7E+03,0.),.PIECEWISE_BEZIER_KNOTS.);
#9899 = CARTESIAN_POINT('',(2.540000000045E-02,2.540000043973E-02));
#9900 = CARTESIAN_POINT('',(1.439358733333E+03,2.540000043882E-02));
#9901 = CARTESIAN_POINT('',(2.878692066667E+03,2.540000043791E-02));
#9902 = CARTESIAN_POINT('',(4.3180254E+03,2.540000043791E-02));
#9903 = ( GEOMETRIC_REPRESENTATION_CONTEXT(2) 
PARAMETRIC_REPRESENTATION_CONTEXT() REPRESENTATION_CONTEXT('2D SPACE',''
  ) );
#9904 = ORIENTED_EDGE('',*,*,#9905,.F.);
#9905 = EDGE_CURVE('',#9853,#9880,#9906,.T.);
#9906 = SURFACE_CURVE('',#9907,(#9912,#9920),.PCURVE_S1.);
#9907 = B_SPLINE_CURVE_WITH_KNOTS('',3,(#9908,#9909,#9910,#9911),
  .UNSPECIFIED.,.F.,.F.,(4,4),(-200.,0.),.PIECEWISE_BEZIER_KNOTS.);
#9908 = CARTESIAN_POINT('',(-1.781275354687E+03,-7.659644276385E+03,
    -5.3836824E+03));
#9909 = CARTESIAN_POINT('',(-1.642565576272E+03,-7.562518712552E+03,
    -5.3836824E+03));
#9910 = CARTESIAN_POINT('',(-1.503855797856E+03,-7.46539314872E+03,
    -5.3836824E+03));
#9911 = CARTESIAN_POINT('',(-1.365146019441E+03,-7.368267584888E+03,
    -5.3836824E+03));
#9912 = PCURVE('',#9836,#9913);
#9913 = DEFINITIONAL_REPRESENTATION('',(#9914),#9919);
#9914 = B_SPLINE_CURVE_WITH_KNOTS('',3,(#9915,#9916,#9917,#9918),
  .UNSPECIFIED.,.F.,.F.,(4,4),(-200.,0.),.PIECEWISE_BEZIER_KNOTS.);
#9915 = CARTESIAN_POINT('',(4.3180254E+03,508.02540000045));
#9916 = CARTESIAN_POINT('',(4.3180254E+03,338.692066667));
#9917 = CARTESIAN_POINT('',(4.3180254E+03,169.35873333331));
#9918 = CARTESIAN_POINT('',(4.3180254E+03,2.5400000437E-02));
#9919 = ( GEOMETRIC_REPRESENTATION_CONTEXT(2) 
PARAMETRIC_REPRESENTATION_CONTEXT() REPRESENTATION_CONTEXT('2D SPACE',''
  ) );
#9920 = PCURVE('',#9691,#9921);
#9921 = DEFINITIONAL_REPRESENTATION('',(#9922),#9927);
#9922 = B_SPLINE_CURVE_WITH_KNOTS('',3,(#9923,#9924,#9925,#9926),
  .UNSPECIFIED.,.F.,.F.,(4,4),(-200.,0.),.PIECEWISE_BEZIER_KNOTS.);
#9923 = CARTESIAN_POINT('',(2.53999992583E-02,2.540000047156E-02));
#9924 = CARTESIAN_POINT('',(169.3587333327,2.539999973214E-02));
#9925 = CARTESIAN_POINT('',(338.69206666639,2.540000038334E-02));
#9926 = CARTESIAN_POINT('',(508.02539999927,2.540000046338E-02));
#9927 = ( GEOMETRIC_REPRESENTATION_CONTEXT(2) 
PARAMETRIC_REPRESENTATION_CONTEXT() REPRESENTATION_CONTEXT('2D SPACE',''
  ) );
#9928 = ADVANCED_FACE('',(#9929),#9722,.T.);
#9929 = FACE_BOUND('',#9930,.T.);
#9930 = EDGE_LOOP('',(#9931,#9932,#9933,#9957));
#9931 = ORIENTED_EDGE('',*,*,#9794,.T.);
#9932 = ORIENTED_EDGE('',*,*,#9704,.F.);
#9933 = ORIENTED_EDGE('',*,*,#9934,.F.);
#9934 = EDGE_CURVE('',#9880,#9674,#9935,.T.);
#9935 = SURFACE_CURVE('',#9936,(#9941,#9949),.PCURVE_S1.);
#9936 = B_SPLINE_CURVE_WITH_KNOTS('',3,(#9937,#9938,#9939,#9940),
  .UNSPECIFIED.,.F.,.F.,(4,4),(0.,6.4),.PIECEWISE_BEZIER_KNOTS.);
#9937 = CARTESIAN_POINT('',(-1.365146019441E+03,-7.368267584888E+03,
    -5.3836824E+03));
#9938 = CARTESIAN_POINT('',(-1.362038001398E+03,-7.372706297797E+03,
    -5.3836824E+03));
#9939 = CARTESIAN_POINT('',(-1.358929983356E+03,-7.377145010706E+03,
    -5.3836824E+03));
#9940 = CARTESIAN_POINT('',(-1.355821965313E+03,-7.381583723615E+03,
    -5.3836824E+03));
#9941 = PCURVE('',#9722,#9942);
#9942 = DEFINITIONAL_REPRESENTATION('',(#9943),#9948);
#9943 = B_SPLINE_CURVE_WITH_KNOTS('',3,(#9944,#9945,#9946,#9947),
  .UNSPECIFIED.,.F.,.F.,(4,4),(0.,6.4),.PIECEWISE_BEZIER_KNOTS.);
#9944 = CARTESIAN_POINT('',(2.540000000045E-02,2.540000043973E-02));
#9945 = CARTESIAN_POINT('',(2.540000000045E-02,5.444066667077));
#9946 = CARTESIAN_POINT('',(2.540000000045E-02,10.862733333142));
#9947 = CARTESIAN_POINT('',(2.540000000045E-02,16.281399999782));
#9948 = ( GEOMETRIC_REPRESENTATION_CONTEXT(2) 
PARAMETRIC_REPRESENTATION_CONTEXT() REPRESENTATION_CONTEXT('2D SPACE',''
  ) );
#9949 = PCURVE('',#9691,#9950);
#9950 = DEFINITIONAL_REPRESENTATION('',(#9951),#9956);
#9951 = B_SPLINE_CURVE_WITH_KNOTS('',3,(#9952,#9953,#9954,#9955),
  .UNSPECIFIED.,.F.,.F.,(4,4),(0.,6.4),.PIECEWISE_BEZIER_KNOTS.);
#9952 = CARTESIAN_POINT('',(508.02539999927,2.540000046338E-02));
#9953 = CARTESIAN_POINT('',(508.02539999974,5.444066667102));
#9954 = CARTESIAN_POINT('',(508.02539999938,10.862733333167));
#9955 = CARTESIAN_POINT('',(508.02539999985,16.281399999805));
#9956 = ( GEOMETRIC_REPRESENTATION_CONTEXT(2) 
PARAMETRIC_REPRESENTATION_CONTEXT() REPRESENTATION_CONTEXT('2D SPACE',''
  ) );
#9957 = ORIENTED_EDGE('',*,*,#9879,.T.);
#9958 = ADVANCED_FACE('',(#9959),#9691,.T.);
#9959 = FACE_BOUND('',#9960,.T.);
#9960 = EDGE_LOOP('',(#9961,#9962,#9963,#9987));
#9961 = ORIENTED_EDGE('',*,*,#9934,.T.);
#9962 = ORIENTED_EDGE('',*,*,#9673,.F.);
#9963 = ORIENTED_EDGE('',*,*,#9964,.T.);
#9964 = EDGE_CURVE('',#9638,#9853,#9965,.T.);
#9965 = SURFACE_CURVE('',#9966,(#9971,#9979),.PCURVE_S1.);
#9966 = B_SPLINE_CURVE_WITH_KNOTS('',3,(#9967,#9968,#9969,#9970),
  .UNSPECIFIED.,.F.,.F.,(4,4),(-6.4,0.),.PIECEWISE_BEZIER_KNOTS.);
#9967 = CARTESIAN_POINT('',(-1.771951300559E+03,-7.672960415112E+03,
    -5.3836824E+03));
#9968 = CARTESIAN_POINT('',(-1.775059318602E+03,-7.668521702203E+03,
    -5.3836824E+03));
#9969 = CARTESIAN_POINT('',(-1.778167336644E+03,-7.664082989294E+03,
    -5.3836824E+03));
#9970 = CARTESIAN_POINT('',(-1.781275354687E+03,-7.659644276385E+03,
    -5.3836824E+03));
#9971 = PCURVE('',#9691,#9972);
#9972 = DEFINITIONAL_REPRESENTATION('',(#9973),#9978);
#9973 = B_SPLINE_CURVE_WITH_KNOTS('',3,(#9974,#9975,#9976,#9977),
  .UNSPECIFIED.,.F.,.F.,(4,4),(-6.4,0.),.PIECEWISE_BEZIER_KNOTS.);
#9974 = CARTESIAN_POINT('',(2.539999983765E-02,16.281399999812));
#9975 = CARTESIAN_POINT('',(2.539999937017E-02,10.862733333174));
#9976 = CARTESIAN_POINT('',(2.539999972396E-02,5.44406666711));
#9977 = CARTESIAN_POINT('',(2.53999992583E-02,2.540000047156E-02));
#9978 = ( GEOMETRIC_REPRESENTATION_CONTEXT(2) 
PARAMETRIC_REPRESENTATION_CONTEXT() REPRESENTATION_CONTEXT('2D SPACE',''
  ) );
#9979 = PCURVE('',#9660,#9980);
#9980 = DEFINITIONAL_REPRESENTATION('',(#9981),#9986);
#9981 = B_SPLINE_CURVE_WITH_KNOTS('',3,(#9982,#9983,#9984,#9985),
  .UNSPECIFIED.,.F.,.F.,(4,4),(-6.4,0.),.PIECEWISE_BEZIER_KNOTS.);
#9982 = CARTESIAN_POINT('',(4.3180254E+03,16.28139999978));
#9983 = CARTESIAN_POINT('',(4.3180254E+03,10.862733333142));
#9984 = CARTESIAN_POINT('',(4.3180254E+03,5.444066667077));
#9985 = CARTESIAN_POINT('',(4.3180254E+03,2.540000043973E-02));
#9986 = ( GEOMETRIC_REPRESENTATION_CONTEXT(2) 
PARAMETRIC_REPRESENTATION_CONTEXT() REPRESENTATION_CONTEXT('2D SPACE',''
  ) );
#9987 = ORIENTED_EDGE('',*,*,#9905,.T.);
#9988 = ADVANCED_FACE('',(#9989),#9660,.T.);
#9989 = FACE_BOUND('',#9990,.T.);
#9990 = EDGE_LOOP('',(#9991,#9992,#9993,#9994));
#9991 = ORIENTED_EDGE('',*,*,#9964,.F.);
#9992 = ORIENTED_EDGE('',*,*,#9635,.F.);
#9993 = ORIENTED_EDGE('',*,*,#9767,.F.);
#9994 = ORIENTED_EDGE('',*,*,#9852,.T.);
#9995 = ORIENTED_CLOSED_SHELL('',*,#9996,.F.);
#9996 = CLOSED_SHELL('',(#9997,#10129,#10214,#10294,#10324,#10354));
#9997 = ADVANCED_FACE('',(#9998),#10013,.T.);
#9998 = FACE_BOUND('',#9999,.T.);
#9999 = EDGE_LOOP('',(#10000,#10038,#10069,#10100));
#10000 = ORIENTED_EDGE('',*,*,#10001,.T.);
#10001 = EDGE_CURVE('',#10002,#10004,#10006,.T.);
#10002 = VERTEX_POINT('',#10003);
#10003 = CARTESIAN_POINT('',(-2.213E+03,-6.2903904E+03,-1.0656824E+03));
#10004 = VERTEX_POINT('',#10005);
#10005 = CARTESIAN_POINT('',(-2.213E+03,-6.2903904E+03,-5.3836824E+03));
#10006 = SURFACE_CURVE('',#10007,(#10012,#10025),.PCURVE_S1.);
#10007 = B_SPLINE_CURVE_WITH_KNOTS('',3,(#10008,#10009,#10010,#10011),
  .UNSPECIFIED.,.F.,.F.,(4,4),(0.,1.7E+03),.PIECEWISE_BEZIER_KNOTS.);
#10008 = CARTESIAN_POINT('',(-2.213E+03,-6.2903904E+03,-1.0656824E+03));
#10009 = CARTESIAN_POINT('',(-2.213E+03,-6.2903904E+03,
    -2.505015733333E+03));
#10010 = CARTESIAN_POINT('',(-2.213E+03,-6.2903904E+03,
    -3.944349066667E+03));
#10011 = CARTESIAN_POINT('',(-2.213E+03,-6.2903904E+03,-5.3836824E+03));
#10012 = PCURVE('',#10013,#10018);
#10013 = PLANE('',#10014);
#10014 = AXIS2_PLACEMENT_3D('',#10015,#10016,#10017);
#10015 = CARTESIAN_POINT('',(-1.7049746E+03,-6.2903904E+03,
    -5.3837078E+03));
#10016 = DIRECTION('',(2.22044604925E-16,-1.,2.22045E-16));
#10017 = DIRECTION('',(2.22044604925E-16,2.22045E-16,1.));
#10018 = DEFINITIONAL_REPRESENTATION('',(#10019),#10024);
#10019 = B_SPLINE_CURVE_WITH_KNOTS('',3,(#10020,#10021,#10022,#10023),
  .UNSPECIFIED.,.F.,.F.,(4,4),(0.,1.7E+03),.PIECEWISE_BEZIER_KNOTS.);
#10020 = CARTESIAN_POINT('',(4.3180254E+03,508.0254));
#10021 = CARTESIAN_POINT('',(2.878692066667E+03,508.0254));
#10022 = CARTESIAN_POINT('',(1.439358733333E+03,508.0254));
#10023 = CARTESIAN_POINT('',(2.540000000045E-02,508.0254));
#10024 = ( GEOMETRIC_REPRESENTATION_CONTEXT(2) 
PARAMETRIC_REPRESENTATION_CONTEXT() REPRESENTATION_CONTEXT('2D SPACE',''
  ) );
#10025 = PCURVE('',#10026,#10031);
#10026 = PLANE('',#10027);
#10027 = AXIS2_PLACEMENT_3D('',#10028,#10029,#10030);
#10028 = CARTESIAN_POINT('',(-2.213E+03,-6.274109E+03,-1.065657E+03));
#10029 = DIRECTION('',(-1.,-2.22044604925E-16,3.808699361499E-16));
#10030 = DIRECTION('',(-3.808699361499E-16,-2.22045E-16,-1.));
#10031 = DEFINITIONAL_REPRESENTATION('',(#10032),#10037);
#10032 = B_SPLINE_CURVE_WITH_KNOTS('',3,(#10033,#10034,#10035,#10036),
  .UNSPECIFIED.,.F.,.F.,(4,4),(0.,1.7E+03),.PIECEWISE_BEZIER_KNOTS.);
#10033 = CARTESIAN_POINT('',(2.539999999999E-02,16.281399999999));
#10034 = CARTESIAN_POINT('',(1.439358733333E+03,16.281399999998));
#10035 = CARTESIAN_POINT('',(2.878692066667E+03,16.281399999998));
#10036 = CARTESIAN_POINT('',(4.3180254E+03,16.281399999998));
#10037 = ( GEOMETRIC_REPRESENTATION_CONTEXT(2) 
PARAMETRIC_REPRESENTATION_CONTEXT() REPRESENTATION_CONTEXT('2D SPACE',''
  ) );
#10038 = ORIENTED_EDGE('',*,*,#10039,.T.);
#10039 = EDGE_CURVE('',#10004,#10040,#10042,.T.);
#10040 = VERTEX_POINT('',#10041);
#10041 = CARTESIAN_POINT('',(-1.705E+03,-6.2903904E+03,-5.3836824E+03));
#10042 = SURFACE_CURVE('',#10043,(#10048,#10056),.PCURVE_S1.);
#10043 = B_SPLINE_CURVE_WITH_KNOTS('',3,(#10044,#10045,#10046,#10047),
  .UNSPECIFIED.,.F.,.F.,(4,4),(0.,200.),.PIECEWISE_BEZIER_KNOTS.);
#10044 = CARTESIAN_POINT('',(-2.213E+03,-6.2903904E+03,-5.3836824E+03));
#10045 = CARTESIAN_POINT('',(-2.043666666667E+03,-6.2903904E+03,
    -5.3836824E+03));
#10046 = CARTESIAN_POINT('',(-1.874333333333E+03,-6.2903904E+03,
    -5.3836824E+03));
#10047 = CARTESIAN_POINT('',(-1.705E+03,-6.2903904E+03,-5.3836824E+03));
#10048 = PCURVE('',#10013,#10049);
#10049 = DEFINITIONAL_REPRESENTATION('',(#10050),#10055);
#10050 = B_SPLINE_CURVE_WITH_KNOTS('',3,(#10051,#10052,#10053,#10054),
  .UNSPECIFIED.,.F.,.F.,(4,4),(0.,200.),.PIECEWISE_BEZIER_KNOTS.);
#10051 = CARTESIAN_POINT('',(2.540000000045E-02,508.0254));
#10052 = CARTESIAN_POINT('',(2.540000000045E-02,338.692066667));
#10053 = CARTESIAN_POINT('',(2.540000000045E-02,169.358733333));
#10054 = CARTESIAN_POINT('',(2.540000000045E-02,2.539999999999E-02));
#10055 = ( GEOMETRIC_REPRESENTATION_CONTEXT(2) 
PARAMETRIC_REPRESENTATION_CONTEXT() REPRESENTATION_CONTEXT('2D SPACE',''
  ) );
#10056 = PCURVE('',#10057,#10062);
#10057 = PLANE('',#10058);
#10058 = AXIS2_PLACEMENT_3D('',#10059,#10060,#10061);
#10059 = CARTESIAN_POINT('',(-2.2130254E+03,-6.274109E+03,-5.3836824E+03
    ));
#10060 = DIRECTION('',(-2.22044604925E-16,-2.22045E-16,-1.));
#10061 = DIRECTION('',(1.,2.22044604925E-16,-2.22044604925E-16));
#10062 = DEFINITIONAL_REPRESENTATION('',(#10063),#10068);
#10063 = B_SPLINE_CURVE_WITH_KNOTS('',3,(#10064,#10065,#10066,#10067),
  .UNSPECIFIED.,.F.,.F.,(4,4),(0.,200.),.PIECEWISE_BEZIER_KNOTS.);
#10064 = CARTESIAN_POINT('',(2.539999999999E-02,16.281399999999));
#10065 = CARTESIAN_POINT('',(169.358733333,16.2814));
#10066 = CARTESIAN_POINT('',(338.692066667,16.2814));
#10067 = CARTESIAN_POINT('',(508.0254,16.2814));
#10068 = ( GEOMETRIC_REPRESENTATION_CONTEXT(2) 
PARAMETRIC_REPRESENTATION_CONTEXT() REPRESENTATION_CONTEXT('2D SPACE',''
  ) );
#10069 = ORIENTED_EDGE('',*,*,#10070,.T.);
#10070 = EDGE_CURVE('',#10040,#10071,#10073,.T.);
#10071 = VERTEX_POINT('',#10072);
#10072 = CARTESIAN_POINT('',(-1.705E+03,-6.2903904E+03,-1.0656824E+03));
#10073 = SURFACE_CURVE('',#10074,(#10079,#10087),.PCURVE_S1.);
#10074 = B_SPLINE_CURVE_WITH_KNOTS('',3,(#10075,#10076,#10077,#10078),
  .UNSPECIFIED.,.F.,.F.,(4,4),(0.,1.7E+03),.PIECEWISE_BEZIER_KNOTS.);
#10075 = CARTESIAN_POINT('',(-1.705E+03,-6.2903904E+03,-5.3836824E+03));
#10076 = CARTESIAN_POINT('',(-1.705E+03,-6.2903904E+03,
    -3.944349066667E+03));
#10077 = CARTESIAN_POINT('',(-1.705E+03,-6.2903904E+03,
    -2.505015733333E+03));
#10078 = CARTESIAN_POINT('',(-1.705E+03,-6.2903904E+03,-1.0656824E+03));
#10079 = PCURVE('',#10013,#10080);
#10080 = DEFINITIONAL_REPRESENTATION('',(#10081),#10086);
#10081 = B_SPLINE_CURVE_WITH_KNOTS('',3,(#10082,#10083,#10084,#10085),
  .UNSPECIFIED.,.F.,.F.,(4,4),(0.,1.7E+03),.PIECEWISE_BEZIER_KNOTS.);
#10082 = CARTESIAN_POINT('',(2.540000000045E-02,2.539999999999E-02));
#10083 = CARTESIAN_POINT('',(1.439358733333E+03,2.540000000022E-02));
#10084 = CARTESIAN_POINT('',(2.878692066667E+03,2.540000000067E-02));
#10085 = CARTESIAN_POINT('',(4.3180254E+03,2.54000000009E-02));
#10086 = ( GEOMETRIC_REPRESENTATION_CONTEXT(2) 
PARAMETRIC_REPRESENTATION_CONTEXT() REPRESENTATION_CONTEXT('2D SPACE',''
  ) );
#10087 = PCURVE('',#10088,#10093);
#10088 = PLANE('',#10089);
#10089 = AXIS2_PLACEMENT_3D('',#10090,#10091,#10092);
#10090 = CARTESIAN_POINT('',(-1.705E+03,-6.274109E+03,-5.3837078E+03));
#10091 = DIRECTION('',(1.,2.22044604925E-16,7.888760160623E-17));
#10092 = DIRECTION('',(-7.888760160623E-17,2.22045E-16,1.));
#10093 = DEFINITIONAL_REPRESENTATION('',(#10094),#10099);
#10094 = B_SPLINE_CURVE_WITH_KNOTS('',3,(#10095,#10096,#10097,#10098),
  .UNSPECIFIED.,.F.,.F.,(4,4),(0.,1.7E+03),.PIECEWISE_BEZIER_KNOTS.);
#10095 = CARTESIAN_POINT('',(2.540000000045E-02,16.281399999999));
#10096 = CARTESIAN_POINT('',(1.439358733333E+03,16.281399999999));
#10097 = CARTESIAN_POINT('',(2.878692066667E+03,16.281399999999));
#10098 = CARTESIAN_POINT('',(4.3180254E+03,16.2814));
#10099 = ( GEOMETRIC_REPRESENTATION_CONTEXT(2) 
PARAMETRIC_REPRESENTATION_CONTEXT() REPRESENTATION_CONTEXT('2D SPACE',''
  ) );
#10100 = ORIENTED_EDGE('',*,*,#10101,.T.);
#10101 = EDGE_CURVE('',#10071,#10002,#10102,.T.);
#10102 = SURFACE_CURVE('',#10103,(#10108,#10116),.PCURVE_S1.);
#10103 = B_SPLINE_CURVE_WITH_KNOTS('',3,(#10104,#10105,#10106,#10107),
  .UNSPECIFIED.,.F.,.F.,(4,4),(0.,199.99999999999),
  .PIECEWISE_BEZIER_KNOTS.);
#10104 = CARTESIAN_POINT('',(-1.705E+03,-6.2903904E+03,-1.0656824E+03));
#10105 = CARTESIAN_POINT('',(-1.874333333333E+03,-6.2903904E+03,
    -1.0656824E+03));
#10106 = CARTESIAN_POINT('',(-2.043666666667E+03,-6.2903904E+03,
    -1.0656824E+03));
#10107 = CARTESIAN_POINT('',(-2.213E+03,-6.2903904E+03,-1.0656824E+03));
#10108 = PCURVE('',#10013,#10109);
#10109 = DEFINITIONAL_REPRESENTATION('',(#10110),#10115);
#10110 = B_SPLINE_CURVE_WITH_KNOTS('',3,(#10111,#10112,#10113,#10114),
  .UNSPECIFIED.,.F.,.F.,(4,4),(0.,199.99999999999),
  .PIECEWISE_BEZIER_KNOTS.);
#10111 = CARTESIAN_POINT('',(4.3180254E+03,2.54000000009E-02));
#10112 = CARTESIAN_POINT('',(4.3180254E+03,169.358733333));
#10113 = CARTESIAN_POINT('',(4.3180254E+03,338.692066667));
#10114 = CARTESIAN_POINT('',(4.3180254E+03,508.0254));
#10115 = ( GEOMETRIC_REPRESENTATION_CONTEXT(2) 
PARAMETRIC_REPRESENTATION_CONTEXT() REPRESENTATION_CONTEXT('2D SPACE',''
  ) );
#10116 = PCURVE('',#10117,#10122);
#10117 = PLANE('',#10118);
#10118 = AXIS2_PLACEMENT_3D('',#10119,#10120,#10121);
#10119 = CARTESIAN_POINT('',(-1.7049746E+03,-6.274109E+03,-1.0656824E+03
    ));
#10120 = DIRECTION('',(2.22044604925E-16,2.22045E-16,1.));
#10121 = DIRECTION('',(-1.,-2.22044604925E-16,2.22044604925E-16));
#10122 = DEFINITIONAL_REPRESENTATION('',(#10123),#10128);
#10123 = B_SPLINE_CURVE_WITH_KNOTS('',3,(#10124,#10125,#10126,#10127),
  .UNSPECIFIED.,.F.,.F.,(4,4),(0.,199.99999999999),
  .PIECEWISE_BEZIER_KNOTS.);
#10124 = CARTESIAN_POINT('',(2.539999999999E-02,16.281399999999));
#10125 = CARTESIAN_POINT('',(169.358733333,16.281399999999));
#10126 = CARTESIAN_POINT('',(338.692066667,16.281399999999));
#10127 = CARTESIAN_POINT('',(508.0254,16.281399999998));
#10128 = ( GEOMETRIC_REPRESENTATION_CONTEXT(2) 
PARAMETRIC_REPRESENTATION_CONTEXT() REPRESENTATION_CONTEXT('2D SPACE',''
  ) );
#10129 = ADVANCED_FACE('',(#10130),#10117,.T.);
#10130 = FACE_BOUND('',#10131,.T.);
#10131 = EDGE_LOOP('',(#10132,#10158,#10159,#10185));
#10132 = ORIENTED_EDGE('',*,*,#10133,.T.);
#10133 = EDGE_CURVE('',#10134,#10002,#10136,.T.);
#10134 = VERTEX_POINT('',#10135);
#10135 = CARTESIAN_POINT('',(-2.213E+03,-6.2741344E+03,-1.0656824E+03));
#10136 = SURFACE_CURVE('',#10137,(#10142,#10150),.PCURVE_S1.);
#10137 = B_SPLINE_CURVE_WITH_KNOTS('',3,(#10138,#10139,#10140,#10141),
  .UNSPECIFIED.,.F.,.F.,(4,4),(-6.4,0.),.PIECEWISE_BEZIER_KNOTS.);
#10138 = CARTESIAN_POINT('',(-2.213E+03,-6.2741344E+03,-1.0656824E+03));
#10139 = CARTESIAN_POINT('',(-2.213E+03,-6.279553066667E+03,
    -1.0656824E+03));
#10140 = CARTESIAN_POINT('',(-2.213E+03,-6.284971733333E+03,
    -1.0656824E+03));
#10141 = CARTESIAN_POINT('',(-2.213E+03,-6.2903904E+03,-1.0656824E+03));
#10142 = PCURVE('',#10117,#10143);
#10143 = DEFINITIONAL_REPRESENTATION('',(#10144),#10149);
#10144 = B_SPLINE_CURVE_WITH_KNOTS('',3,(#10145,#10146,#10147,#10148),
  .UNSPECIFIED.,.F.,.F.,(4,4),(-6.4,0.),.PIECEWISE_BEZIER_KNOTS.);
#10145 = CARTESIAN_POINT('',(508.0254,2.539999999863E-02));
#10146 = CARTESIAN_POINT('',(508.0254,5.444066666999));
#10147 = CARTESIAN_POINT('',(508.0254,10.862733332999));
#10148 = CARTESIAN_POINT('',(508.0254,16.281399999998));
#10149 = ( GEOMETRIC_REPRESENTATION_CONTEXT(2) 
PARAMETRIC_REPRESENTATION_CONTEXT() REPRESENTATION_CONTEXT('2D SPACE',''
  ) );
#10150 = PCURVE('',#10026,#10151);
#10151 = DEFINITIONAL_REPRESENTATION('',(#10152),#10157);
#10152 = B_SPLINE_CURVE_WITH_KNOTS('',3,(#10153,#10154,#10155,#10156),
  .UNSPECIFIED.,.F.,.F.,(4,4),(-6.4,0.),.PIECEWISE_BEZIER_KNOTS.);
#10153 = CARTESIAN_POINT('',(2.539999999999E-02,2.539999999954E-02));
#10154 = CARTESIAN_POINT('',(2.539999999999E-02,5.444066667));
#10155 = CARTESIAN_POINT('',(2.539999999999E-02,10.862733333));
#10156 = CARTESIAN_POINT('',(2.539999999999E-02,16.281399999999));
#10157 = ( GEOMETRIC_REPRESENTATION_CONTEXT(2) 
PARAMETRIC_REPRESENTATION_CONTEXT() REPRESENTATION_CONTEXT('2D SPACE',''
  ) );
#10158 = ORIENTED_EDGE('',*,*,#10101,.F.);
#10159 = ORIENTED_EDGE('',*,*,#10160,.F.);
#10160 = EDGE_CURVE('',#10161,#10071,#10163,.T.);
#10161 = VERTEX_POINT('',#10162);
#10162 = CARTESIAN_POINT('',(-1.705E+03,-6.2741344E+03,-1.0656824E+03));
#10163 = SURFACE_CURVE('',#10164,(#10169,#10177),.PCURVE_S1.);
#10164 = B_SPLINE_CURVE_WITH_KNOTS('',3,(#10165,#10166,#10167,#10168),
  .UNSPECIFIED.,.F.,.F.,(4,4),(0.,6.4),.PIECEWISE_BEZIER_KNOTS.);
#10165 = CARTESIAN_POINT('',(-1.705E+03,-6.2741344E+03,-1.0656824E+03));
#10166 = CARTESIAN_POINT('',(-1.705E+03,-6.279553066667E+03,
    -1.0656824E+03));
#10167 = CARTESIAN_POINT('',(-1.705E+03,-6.284971733333E+03,
    -1.0656824E+03));
#10168 = CARTESIAN_POINT('',(-1.705E+03,-6.2903904E+03,-1.0656824E+03));
#10169 = PCURVE('',#10117,#10170);
#10170 = DEFINITIONAL_REPRESENTATION('',(#10171),#10176);
#10171 = B_SPLINE_CURVE_WITH_KNOTS('',3,(#10172,#10173,#10174,#10175),
  .UNSPECIFIED.,.F.,.F.,(4,4),(0.,6.4),.PIECEWISE_BEZIER_KNOTS.);
#10172 = CARTESIAN_POINT('',(2.539999999999E-02,2.539999999954E-02));
#10173 = CARTESIAN_POINT('',(2.539999999999E-02,5.444066667));
#10174 = CARTESIAN_POINT('',(2.539999999999E-02,10.862733333));
#10175 = CARTESIAN_POINT('',(2.539999999999E-02,16.281399999999));
#10176 = ( GEOMETRIC_REPRESENTATION_CONTEXT(2) 
PARAMETRIC_REPRESENTATION_CONTEXT() REPRESENTATION_CONTEXT('2D SPACE',''
  ) );
#10177 = PCURVE('',#10088,#10178);
#10178 = DEFINITIONAL_REPRESENTATION('',(#10179),#10184);
#10179 = B_SPLINE_CURVE_WITH_KNOTS('',3,(#10180,#10181,#10182,#10183),
  .UNSPECIFIED.,.F.,.F.,(4,4),(0.,6.4),.PIECEWISE_BEZIER_KNOTS.);
#10180 = CARTESIAN_POINT('',(4.3180254E+03,2.540000000045E-02));
#10181 = CARTESIAN_POINT('',(4.3180254E+03,5.444066667001));
#10182 = CARTESIAN_POINT('',(4.3180254E+03,10.862733333001));
#10183 = CARTESIAN_POINT('',(4.3180254E+03,16.2814));
#10184 = ( GEOMETRIC_REPRESENTATION_CONTEXT(2) 
PARAMETRIC_REPRESENTATION_CONTEXT() REPRESENTATION_CONTEXT('2D SPACE',''
  ) );
#10185 = ORIENTED_EDGE('',*,*,#10186,.T.);
#10186 = EDGE_CURVE('',#10161,#10134,#10187,.T.);
#10187 = SURFACE_CURVE('',#10188,(#10193,#10201),.PCURVE_S1.);
#10188 = B_SPLINE_CURVE_WITH_KNOTS('',3,(#10189,#10190,#10191,#10192),
  .UNSPECIFIED.,.F.,.F.,(4,4),(-199.9999999999,0.),
  .PIECEWISE_BEZIER_KNOTS.);
#10189 = CARTESIAN_POINT('',(-1.705E+03,-6.2741344E+03,-1.0656824E+03));
#10190 = CARTESIAN_POINT('',(-1.874333333333E+03,-6.2741344E+03,
    -1.0656824E+03));
#10191 = CARTESIAN_POINT('',(-2.043666666667E+03,-6.2741344E+03,
    -1.0656824E+03));
#10192 = CARTESIAN_POINT('',(-2.213E+03,-6.2741344E+03,-1.0656824E+03));
#10193 = PCURVE('',#10117,#10194);
#10194 = DEFINITIONAL_REPRESENTATION('',(#10195),#10200);
#10195 = B_SPLINE_CURVE_WITH_KNOTS('',3,(#10196,#10197,#10198,#10199),
  .UNSPECIFIED.,.F.,.F.,(4,4),(-199.9999999999,0.),
  .PIECEWISE_BEZIER_KNOTS.);
#10196 = CARTESIAN_POINT('',(2.539999999999E-02,2.539999999954E-02));
#10197 = CARTESIAN_POINT('',(169.358733333,2.539999999954E-02));
#10198 = CARTESIAN_POINT('',(338.692066667,2.539999999954E-02));
#10199 = CARTESIAN_POINT('',(508.0254,2.539999999863E-02));
#10200 = ( GEOMETRIC_REPRESENTATION_CONTEXT(2) 
PARAMETRIC_REPRESENTATION_CONTEXT() REPRESENTATION_CONTEXT('2D SPACE',''
  ) );
#10201 = PCURVE('',#10202,#10207);
#10202 = PLANE('',#10203);
#10203 = AXIS2_PLACEMENT_3D('',#10204,#10205,#10206);
#10204 = CARTESIAN_POINT('',(-1.7049746E+03,-6.2741344E+03,-1.065657E+03
    ));
#10205 = DIRECTION('',(-2.22044604925E-16,1.,-2.22045E-16));
#10206 = DIRECTION('',(-2.22044604925E-16,-2.22045E-16,-1.));
#10207 = DEFINITIONAL_REPRESENTATION('',(#10208),#10213);
#10208 = B_SPLINE_CURVE_WITH_KNOTS('',3,(#10209,#10210,#10211,#10212),
  .UNSPECIFIED.,.F.,.F.,(4,4),(-199.9999999999,0.),
  .PIECEWISE_BEZIER_KNOTS.);
#10209 = CARTESIAN_POINT('',(2.539999999999E-02,2.539999999999E-02));
#10210 = CARTESIAN_POINT('',(2.539999999999E-02,169.358733333));
#10211 = CARTESIAN_POINT('',(2.539999999999E-02,338.692066667));
#10212 = CARTESIAN_POINT('',(2.539999999999E-02,508.0254));
#10213 = ( GEOMETRIC_REPRESENTATION_CONTEXT(2) 
PARAMETRIC_REPRESENTATION_CONTEXT() REPRESENTATION_CONTEXT('2D SPACE',''
  ) );
#10214 = ADVANCED_FACE('',(#10215),#10202,.T.);
#10215 = FACE_BOUND('',#10216,.T.);
#10216 = EDGE_LOOP('',(#10217,#10243,#10244,#10270));
#10217 = ORIENTED_EDGE('',*,*,#10218,.F.);
#10218 = EDGE_CURVE('',#10134,#10219,#10221,.T.);
#10219 = VERTEX_POINT('',#10220);
#10220 = CARTESIAN_POINT('',(-2.213E+03,-6.2741344E+03,-5.3836824E+03));
#10221 = SURFACE_CURVE('',#10222,(#10227,#10235),.PCURVE_S1.);
#10222 = B_SPLINE_CURVE_WITH_KNOTS('',3,(#10223,#10224,#10225,#10226),
  .UNSPECIFIED.,.F.,.F.,(4,4),(-1.7E+03,0.),.PIECEWISE_BEZIER_KNOTS.);
#10223 = CARTESIAN_POINT('',(-2.213E+03,-6.2741344E+03,-1.0656824E+03));
#10224 = CARTESIAN_POINT('',(-2.213E+03,-6.2741344E+03,
    -2.505015733333E+03));
#10225 = CARTESIAN_POINT('',(-2.213E+03,-6.2741344E+03,
    -3.944349066667E+03));
#10226 = CARTESIAN_POINT('',(-2.213E+03,-6.2741344E+03,-5.3836824E+03));
#10227 = PCURVE('',#10202,#10228);
#10228 = DEFINITIONAL_REPRESENTATION('',(#10229),#10234);
#10229 = B_SPLINE_CURVE_WITH_KNOTS('',3,(#10230,#10231,#10232,#10233),
  .UNSPECIFIED.,.F.,.F.,(4,4),(-1.7E+03,0.),.PIECEWISE_BEZIER_KNOTS.);
#10230 = CARTESIAN_POINT('',(2.539999999999E-02,508.0254));
#10231 = CARTESIAN_POINT('',(1.439358733333E+03,508.0254));
#10232 = CARTESIAN_POINT('',(2.878692066667E+03,508.02539999999));
#10233 = CARTESIAN_POINT('',(4.3180254E+03,508.02539999999));
#10234 = ( GEOMETRIC_REPRESENTATION_CONTEXT(2) 
PARAMETRIC_REPRESENTATION_CONTEXT() REPRESENTATION_CONTEXT('2D SPACE',''
  ) );
#10235 = PCURVE('',#10026,#10236);
#10236 = DEFINITIONAL_REPRESENTATION('',(#10237),#10242);
#10237 = B_SPLINE_CURVE_WITH_KNOTS('',3,(#10238,#10239,#10240,#10241),
  .UNSPECIFIED.,.F.,.F.,(4,4),(-1.7E+03,0.),.PIECEWISE_BEZIER_KNOTS.);
#10238 = CARTESIAN_POINT('',(2.539999999999E-02,2.539999999954E-02));
#10239 = CARTESIAN_POINT('',(1.439358733333E+03,2.539999999863E-02));
#10240 = CARTESIAN_POINT('',(2.878692066667E+03,2.539999999863E-02));
#10241 = CARTESIAN_POINT('',(4.3180254E+03,2.539999999863E-02));
#10242 = ( GEOMETRIC_REPRESENTATION_CONTEXT(2) 
PARAMETRIC_REPRESENTATION_CONTEXT() REPRESENTATION_CONTEXT('2D SPACE',''
  ) );
#10243 = ORIENTED_EDGE('',*,*,#10186,.F.);
#10244 = ORIENTED_EDGE('',*,*,#10245,.F.);
#10245 = EDGE_CURVE('',#10246,#10161,#10248,.T.);
#10246 = VERTEX_POINT('',#10247);
#10247 = CARTESIAN_POINT('',(-1.705E+03,-6.2741344E+03,-5.3836824E+03));
#10248 = SURFACE_CURVE('',#10249,(#10254,#10262),.PCURVE_S1.);
#10249 = B_SPLINE_CURVE_WITH_KNOTS('',3,(#10250,#10251,#10252,#10253),
  .UNSPECIFIED.,.F.,.F.,(4,4),(-1.7E+03,0.),.PIECEWISE_BEZIER_KNOTS.);
#10250 = CARTESIAN_POINT('',(-1.705E+03,-6.2741344E+03,-5.3836824E+03));
#10251 = CARTESIAN_POINT('',(-1.705E+03,-6.2741344E+03,
    -3.944349066667E+03));
#10252 = CARTESIAN_POINT('',(-1.705E+03,-6.2741344E+03,
    -2.505015733333E+03));
#10253 = CARTESIAN_POINT('',(-1.705E+03,-6.2741344E+03,-1.0656824E+03));
#10254 = PCURVE('',#10202,#10255);
#10255 = DEFINITIONAL_REPRESENTATION('',(#10256),#10261);
#10256 = B_SPLINE_CURVE_WITH_KNOTS('',3,(#10257,#10258,#10259,#10260),
  .UNSPECIFIED.,.F.,.F.,(4,4),(-1.7E+03,0.),.PIECEWISE_BEZIER_KNOTS.);
#10257 = CARTESIAN_POINT('',(4.3180254E+03,2.539999999908E-02));
#10258 = CARTESIAN_POINT('',(2.878692066667E+03,2.539999999931E-02));
#10259 = CARTESIAN_POINT('',(1.439358733333E+03,2.539999999976E-02));
#10260 = CARTESIAN_POINT('',(2.539999999999E-02,2.539999999999E-02));
#10261 = ( GEOMETRIC_REPRESENTATION_CONTEXT(2) 
PARAMETRIC_REPRESENTATION_CONTEXT() REPRESENTATION_CONTEXT('2D SPACE',''
  ) );
#10262 = PCURVE('',#10088,#10263);
#10263 = DEFINITIONAL_REPRESENTATION('',(#10264),#10269);
#10264 = B_SPLINE_CURVE_WITH_KNOTS('',3,(#10265,#10266,#10267,#10268),
  .UNSPECIFIED.,.F.,.F.,(4,4),(-1.7E+03,0.),.PIECEWISE_BEZIER_KNOTS.);
#10265 = CARTESIAN_POINT('',(2.540000000045E-02,2.539999999954E-02));
#10266 = CARTESIAN_POINT('',(1.439358733333E+03,2.539999999954E-02));
#10267 = CARTESIAN_POINT('',(2.878692066667E+03,2.539999999954E-02));
#10268 = CARTESIAN_POINT('',(4.3180254E+03,2.540000000045E-02));
#10269 = ( GEOMETRIC_REPRESENTATION_CONTEXT(2) 
PARAMETRIC_REPRESENTATION_CONTEXT() REPRESENTATION_CONTEXT('2D SPACE',''
  ) );
#10270 = ORIENTED_EDGE('',*,*,#10271,.F.);
#10271 = EDGE_CURVE('',#10219,#10246,#10272,.T.);
#10272 = SURFACE_CURVE('',#10273,(#10278,#10286),.PCURVE_S1.);
#10273 = B_SPLINE_CURVE_WITH_KNOTS('',3,(#10274,#10275,#10276,#10277),
  .UNSPECIFIED.,.F.,.F.,(4,4),(-200.,0.),.PIECEWISE_BEZIER_KNOTS.);
#10274 = CARTESIAN_POINT('',(-2.213E+03,-6.2741344E+03,-5.3836824E+03));
#10275 = CARTESIAN_POINT('',(-2.043666666667E+03,-6.2741344E+03,
    -5.3836824E+03));
#10276 = CARTESIAN_POINT('',(-1.874333333333E+03,-6.2741344E+03,
    -5.3836824E+03));
#10277 = CARTESIAN_POINT('',(-1.705E+03,-6.2741344E+03,-5.3836824E+03));
#10278 = PCURVE('',#10202,#10279);
#10279 = DEFINITIONAL_REPRESENTATION('',(#10280),#10285);
#10280 = B_SPLINE_CURVE_WITH_KNOTS('',3,(#10281,#10282,#10283,#10284),
  .UNSPECIFIED.,.F.,.F.,(4,4),(-200.,0.),.PIECEWISE_BEZIER_KNOTS.);
#10281 = CARTESIAN_POINT('',(4.3180254E+03,508.02539999999));
#10282 = CARTESIAN_POINT('',(4.3180254E+03,338.69206666699));
#10283 = CARTESIAN_POINT('',(4.3180254E+03,169.35873333299));
#10284 = CARTESIAN_POINT('',(4.3180254E+03,2.539999999908E-02));
#10285 = ( GEOMETRIC_REPRESENTATION_CONTEXT(2) 
PARAMETRIC_REPRESENTATION_CONTEXT() REPRESENTATION_CONTEXT('2D SPACE',''
  ) );
#10286 = PCURVE('',#10057,#10287);
#10287 = DEFINITIONAL_REPRESENTATION('',(#10288),#10293);
#10288 = B_SPLINE_CURVE_WITH_KNOTS('',3,(#10289,#10290,#10291,#10292),
  .UNSPECIFIED.,.F.,.F.,(4,4),(-200.,0.),.PIECEWISE_BEZIER_KNOTS.);
#10289 = CARTESIAN_POINT('',(2.539999999999E-02,2.539999999954E-02));
#10290 = CARTESIAN_POINT('',(169.358733333,2.540000000045E-02));
#10291 = CARTESIAN_POINT('',(338.692066667,2.540000000045E-02));
#10292 = CARTESIAN_POINT('',(508.0254,2.540000000045E-02));
#10293 = ( GEOMETRIC_REPRESENTATION_CONTEXT(2) 
PARAMETRIC_REPRESENTATION_CONTEXT() REPRESENTATION_CONTEXT('2D SPACE',''
  ) );
#10294 = ADVANCED_FACE('',(#10295),#10088,.T.);
#10295 = FACE_BOUND('',#10296,.T.);
#10296 = EDGE_LOOP('',(#10297,#10298,#10299,#10323));
#10297 = ORIENTED_EDGE('',*,*,#10160,.T.);
#10298 = ORIENTED_EDGE('',*,*,#10070,.F.);
#10299 = ORIENTED_EDGE('',*,*,#10300,.F.);
#10300 = EDGE_CURVE('',#10246,#10040,#10301,.T.);
#10301 = SURFACE_CURVE('',#10302,(#10307,#10315),.PCURVE_S1.);
#10302 = B_SPLINE_CURVE_WITH_KNOTS('',3,(#10303,#10304,#10305,#10306),
  .UNSPECIFIED.,.F.,.F.,(4,4),(0.,6.4),.PIECEWISE_BEZIER_KNOTS.);
#10303 = CARTESIAN_POINT('',(-1.705E+03,-6.2741344E+03,-5.3836824E+03));
#10304 = CARTESIAN_POINT('',(-1.705E+03,-6.279553066667E+03,
    -5.3836824E+03));
#10305 = CARTESIAN_POINT('',(-1.705E+03,-6.284971733333E+03,
    -5.3836824E+03));
#10306 = CARTESIAN_POINT('',(-1.705E+03,-6.2903904E+03,-5.3836824E+03));
#10307 = PCURVE('',#10088,#10308);
#10308 = DEFINITIONAL_REPRESENTATION('',(#10309),#10314);
#10309 = B_SPLINE_CURVE_WITH_KNOTS('',3,(#10310,#10311,#10312,#10313),
  .UNSPECIFIED.,.F.,.F.,(4,4),(0.,6.4),.PIECEWISE_BEZIER_KNOTS.);
#10310 = CARTESIAN_POINT('',(2.540000000045E-02,2.539999999954E-02));
#10311 = CARTESIAN_POINT('',(2.540000000045E-02,5.444066667));
#10312 = CARTESIAN_POINT('',(2.540000000045E-02,10.862733333));
#10313 = CARTESIAN_POINT('',(2.540000000045E-02,16.281399999999));
#10314 = ( GEOMETRIC_REPRESENTATION_CONTEXT(2) 
PARAMETRIC_REPRESENTATION_CONTEXT() REPRESENTATION_CONTEXT('2D SPACE',''
  ) );
#10315 = PCURVE('',#10057,#10316);
#10316 = DEFINITIONAL_REPRESENTATION('',(#10317),#10322);
#10317 = B_SPLINE_CURVE_WITH_KNOTS('',3,(#10318,#10319,#10320,#10321),
  .UNSPECIFIED.,.F.,.F.,(4,4),(0.,6.4),.PIECEWISE_BEZIER_KNOTS.);
#10318 = CARTESIAN_POINT('',(508.0254,2.540000000045E-02));
#10319 = CARTESIAN_POINT('',(508.0254,5.444066667001));
#10320 = CARTESIAN_POINT('',(508.0254,10.862733333001));
#10321 = CARTESIAN_POINT('',(508.0254,16.2814));
#10322 = ( GEOMETRIC_REPRESENTATION_CONTEXT(2) 
PARAMETRIC_REPRESENTATION_CONTEXT() REPRESENTATION_CONTEXT('2D SPACE',''
  ) );
#10323 = ORIENTED_EDGE('',*,*,#10245,.T.);
#10324 = ADVANCED_FACE('',(#10325),#10057,.T.);
#10325 = FACE_BOUND('',#10326,.T.);
#10326 = EDGE_LOOP('',(#10327,#10328,#10329,#10353));
#10327 = ORIENTED_EDGE('',*,*,#10300,.T.);
#10328 = ORIENTED_EDGE('',*,*,#10039,.F.);
#10329 = ORIENTED_EDGE('',*,*,#10330,.T.);
#10330 = EDGE_CURVE('',#10004,#10219,#10331,.T.);
#10331 = SURFACE_CURVE('',#10332,(#10337,#10345),.PCURVE_S1.);
#10332 = B_SPLINE_CURVE_WITH_KNOTS('',3,(#10333,#10334,#10335,#10336),
  .UNSPECIFIED.,.F.,.F.,(4,4),(-6.4,0.),.PIECEWISE_BEZIER_KNOTS.);
#10333 = CARTESIAN_POINT('',(-2.213E+03,-6.2903904E+03,-5.3836824E+03));
#10334 = CARTESIAN_POINT('',(-2.213E+03,-6.284971733333E+03,
    -5.3836824E+03));
#10335 = CARTESIAN_POINT('',(-2.213E+03,-6.279553066667E+03,
    -5.3836824E+03));
#10336 = CARTESIAN_POINT('',(-2.213E+03,-6.2741344E+03,-5.3836824E+03));
#10337 = PCURVE('',#10057,#10338);
#10338 = DEFINITIONAL_REPRESENTATION('',(#10339),#10344);
#10339 = B_SPLINE_CURVE_WITH_KNOTS('',3,(#10340,#10341,#10342,#10343),
  .UNSPECIFIED.,.F.,.F.,(4,4),(-6.4,0.),.PIECEWISE_BEZIER_KNOTS.);
#10340 = CARTESIAN_POINT('',(2.539999999999E-02,16.281399999999));
#10341 = CARTESIAN_POINT('',(2.539999999999E-02,10.862733333));
#10342 = CARTESIAN_POINT('',(2.539999999999E-02,5.444066667));
#10343 = CARTESIAN_POINT('',(2.539999999999E-02,2.539999999954E-02));
#10344 = ( GEOMETRIC_REPRESENTATION_CONTEXT(2) 
PARAMETRIC_REPRESENTATION_CONTEXT() REPRESENTATION_CONTEXT('2D SPACE',''
  ) );
#10345 = PCURVE('',#10026,#10346);
#10346 = DEFINITIONAL_REPRESENTATION('',(#10347),#10352);
#10347 = B_SPLINE_CURVE_WITH_KNOTS('',3,(#10348,#10349,#10350,#10351),
  .UNSPECIFIED.,.F.,.F.,(4,4),(-6.4,0.),.PIECEWISE_BEZIER_KNOTS.);
#10348 = CARTESIAN_POINT('',(4.3180254E+03,16.281399999998));
#10349 = CARTESIAN_POINT('',(4.3180254E+03,10.862733332999));
#10350 = CARTESIAN_POINT('',(4.3180254E+03,5.444066666999));
#10351 = CARTESIAN_POINT('',(4.3180254E+03,2.539999999863E-02));
#10352 = ( GEOMETRIC_REPRESENTATION_CONTEXT(2) 
PARAMETRIC_REPRESENTATION_CONTEXT() REPRESENTATION_CONTEXT('2D SPACE',''
  ) );
#10353 = ORIENTED_EDGE('',*,*,#10271,.T.);
#10354 = ADVANCED_FACE('',(#10355),#10026,.T.);
#10355 = FACE_BOUND('',#10356,.T.);
#10356 = EDGE_LOOP('',(#10357,#10358,#10359,#10360));
#10357 = ORIENTED_EDGE('',*,*,#10330,.F.);
#10358 = ORIENTED_EDGE('',*,*,#10001,.F.);
#10359 = ORIENTED_EDGE('',*,*,#10133,.F.);
#10360 = ORIENTED_EDGE('',*,*,#10218,.T.);
#10361 = ORIENTED_CLOSED_SHELL('',*,#10362,.F.);
#10362 = CLOSED_SHELL('',(#10363,#10495,#10580,#10660,#10690,#10720));
#10363 = ADVANCED_FACE('',(#10364),#10379,.T.);
#10364 = FACE_BOUND('',#10365,.T.);
#10365 = EDGE_LOOP('',(#10366,#10404,#10435,#10466));
#10366 = ORIENTED_EDGE('',*,*,#10367,.T.);
#10367 = EDGE_CURVE('',#10368,#10370,#10372,.T.);
#10368 = VERTEX_POINT('',#10369);
#10369 = CARTESIAN_POINT('',(2.181275354687E+03,-7.659644276385E+03,
    -1.0656824E+03));
#10370 = VERTEX_POINT('',#10371);
#10371 = CARTESIAN_POINT('',(2.181275354687E+03,-7.659644276385E+03,
    -5.3836824E+03));
#10372 = SURFACE_CURVE('',#10373,(#10378,#10391),.PCURVE_S1.);
#10373 = B_SPLINE_CURVE_WITH_KNOTS('',3,(#10374,#10375,#10376,#10377),
  .UNSPECIFIED.,.F.,.F.,(4,4),(0.,1.7E+03),.PIECEWISE_BEZIER_KNOTS.);
#10374 = CARTESIAN_POINT('',(2.181275354687E+03,-7.659644276385E+03,
    -1.0656824E+03));
#10375 = CARTESIAN_POINT('',(2.181275354687E+03,-7.659644276385E+03,
    -2.505015733333E+03));
#10376 = CARTESIAN_POINT('',(2.181275354687E+03,-7.659644276385E+03,
    -3.944349066667E+03));
#10377 = CARTESIAN_POINT('',(2.181275354687E+03,-7.659644276385E+03,
    -5.3836824E+03));
#10378 = PCURVE('',#10379,#10384);
#10379 = PLANE('',#10380);
#10380 = AXIS2_PLACEMENT_3D('',#10381,#10382,#10383);
#10381 = CARTESIAN_POINT('',(1.765125212974E+03,-7.368253016053E+03,
    -5.3837078E+03));
#10382 = DIRECTION('',(0.573576164364,0.819152234736,-3.021281252444E-16
    ));
#10383 = DIRECTION('',(6.02910604925E-16,-5.333200000002E-17,1.));
#10384 = DEFINITIONAL_REPRESENTATION('',(#10385),#10390);
#10385 = B_SPLINE_CURVE_WITH_KNOTS('',3,(#10386,#10387,#10388,#10389),
  .UNSPECIFIED.,.F.,.F.,(4,4),(0.,1.7E+03),.PIECEWISE_BEZIER_KNOTS.);
#10386 = CARTESIAN_POINT('',(4.3180254E+03,508.02540000045));
#10387 = CARTESIAN_POINT('',(2.878692066667E+03,508.02540000045));
#10388 = CARTESIAN_POINT('',(1.439358733333E+03,508.02540000045));
#10389 = CARTESIAN_POINT('',(2.540000000045E-02,508.02540000045));
#10390 = ( GEOMETRIC_REPRESENTATION_CONTEXT(2) 
PARAMETRIC_REPRESENTATION_CONTEXT() REPRESENTATION_CONTEXT('2D SPACE',''
  ) );
#10391 = PCURVE('',#10392,#10397);
#10392 = PLANE('',#10393);
#10393 = AXIS2_PLACEMENT_3D('',#10394,#10395,#10396);
#10394 = CARTESIAN_POINT('',(2.171936731724E+03,-7.672981221579E+03,
    -1.065657E+03));
#10395 = DIRECTION('',(0.819152234736,-0.573576164364,
    -3.656402021437E-16));
#10396 = DIRECTION('',(-4.728084799196E-16,-3.77664242877E-17,-1.));
#10397 = DEFINITIONAL_REPRESENTATION('',(#10398),#10403);
#10398 = B_SPLINE_CURVE_WITH_KNOTS('',3,(#10399,#10400,#10401,#10402),
  .UNSPECIFIED.,.F.,.F.,(4,4),(0.,1.7E+03),.PIECEWISE_BEZIER_KNOTS.);
#10399 = CARTESIAN_POINT('',(2.539999999999E-02,16.281399999779));
#10400 = CARTESIAN_POINT('',(1.439358733333E+03,16.28139999978));
#10401 = CARTESIAN_POINT('',(2.878692066667E+03,16.28139999978));
#10402 = CARTESIAN_POINT('',(4.3180254E+03,16.281399999781));
#10403 = ( GEOMETRIC_REPRESENTATION_CONTEXT(2) 
PARAMETRIC_REPRESENTATION_CONTEXT() REPRESENTATION_CONTEXT('2D SPACE',''
  ) );
#10404 = ORIENTED_EDGE('',*,*,#10405,.T.);
#10405 = EDGE_CURVE('',#10370,#10406,#10408,.T.);
#10406 = VERTEX_POINT('',#10407);
#10407 = CARTESIAN_POINT('',(1.765146019441E+03,-7.368267584888E+03,
    -5.3836824E+03));
#10408 = SURFACE_CURVE('',#10409,(#10414,#10422),.PCURVE_S1.);
#10409 = B_SPLINE_CURVE_WITH_KNOTS('',3,(#10410,#10411,#10412,#10413),
  .UNSPECIFIED.,.F.,.F.,(4,4),(0.,200.),.PIECEWISE_BEZIER_KNOTS.);
#10410 = CARTESIAN_POINT('',(2.181275354687E+03,-7.659644276385E+03,
    -5.3836824E+03));
#10411 = CARTESIAN_POINT('',(2.042565576272E+03,-7.562518712552E+03,
    -5.3836824E+03));
#10412 = CARTESIAN_POINT('',(1.903855797856E+03,-7.46539314872E+03,
    -5.3836824E+03));
#10413 = CARTESIAN_POINT('',(1.765146019441E+03,-7.368267584888E+03,
    -5.3836824E+03));
#10414 = PCURVE('',#10379,#10415);
#10415 = DEFINITIONAL_REPRESENTATION('',(#10416),#10421);
#10416 = B_SPLINE_CURVE_WITH_KNOTS('',3,(#10417,#10418,#10419,#10420),
  .UNSPECIFIED.,.F.,.F.,(4,4),(0.,200.),.PIECEWISE_BEZIER_KNOTS.);
#10417 = CARTESIAN_POINT('',(2.540000000045E-02,508.02540000045));
#10418 = CARTESIAN_POINT('',(2.540000000045E-02,338.692066667));
#10419 = CARTESIAN_POINT('',(2.540000000045E-02,169.35873333331));
#10420 = CARTESIAN_POINT('',(2.540000000045E-02,2.540000043882E-02));
#10421 = ( GEOMETRIC_REPRESENTATION_CONTEXT(2) 
PARAMETRIC_REPRESENTATION_CONTEXT() REPRESENTATION_CONTEXT('2D SPACE',''
  ) );
#10422 = PCURVE('',#10423,#10428);
#10423 = PLANE('',#10424);
#10424 = AXIS2_PLACEMENT_3D('',#10425,#10426,#10427);
#10425 = CARTESIAN_POINT('',(2.171957538191E+03,-7.672995790414E+03,
    -5.3836824E+03));
#10426 = DIRECTION('',(-6.02910604925E-16,5.3332E-17,-1.));
#10427 = DIRECTION('',(-0.819152234736,0.573576164364,5.244655333683E-16
    ));
#10428 = DEFINITIONAL_REPRESENTATION('',(#10429),#10434);
#10429 = B_SPLINE_CURVE_WITH_KNOTS('',3,(#10430,#10431,#10432,#10433),
  .UNSPECIFIED.,.F.,.F.,(4,4),(0.,200.),.PIECEWISE_BEZIER_KNOTS.);
#10430 = CARTESIAN_POINT('',(2.539999964756E-02,16.281399999993));
#10431 = CARTESIAN_POINT('',(169.35873333309,16.281400000731));
#10432 = CARTESIAN_POINT('',(338.69206666678,16.28140000008));
#10433 = CARTESIAN_POINT('',(508.02539999966,16.2814));
#10434 = ( GEOMETRIC_REPRESENTATION_CONTEXT(2) 
PARAMETRIC_REPRESENTATION_CONTEXT() REPRESENTATION_CONTEXT('2D SPACE',''
  ) );
#10435 = ORIENTED_EDGE('',*,*,#10436,.T.);
#10436 = EDGE_CURVE('',#10406,#10437,#10439,.T.);
#10437 = VERTEX_POINT('',#10438);
#10438 = CARTESIAN_POINT('',(1.765146019441E+03,-7.368267584888E+03,
    -1.0656824E+03));
#10439 = SURFACE_CURVE('',#10440,(#10445,#10453),.PCURVE_S1.);
#10440 = B_SPLINE_CURVE_WITH_KNOTS('',3,(#10441,#10442,#10443,#10444),
  .UNSPECIFIED.,.F.,.F.,(4,4),(0.,1.7E+03),.PIECEWISE_BEZIER_KNOTS.);
#10441 = CARTESIAN_POINT('',(1.765146019441E+03,-7.368267584888E+03,
    -5.3836824E+03));
#10442 = CARTESIAN_POINT('',(1.765146019441E+03,-7.368267584888E+03,
    -3.944349066667E+03));
#10443 = CARTESIAN_POINT('',(1.765146019441E+03,-7.368267584888E+03,
    -2.505015733333E+03));
#10444 = CARTESIAN_POINT('',(1.765146019441E+03,-7.368267584888E+03,
    -1.0656824E+03));
#10445 = PCURVE('',#10379,#10446);
#10446 = DEFINITIONAL_REPRESENTATION('',(#10447),#10452);
#10447 = B_SPLINE_CURVE_WITH_KNOTS('',3,(#10448,#10449,#10450,#10451),
  .UNSPECIFIED.,.F.,.F.,(4,4),(0.,1.7E+03),.PIECEWISE_BEZIER_KNOTS.);
#10448 = CARTESIAN_POINT('',(2.540000000045E-02,2.540000043882E-02));
#10449 = CARTESIAN_POINT('',(1.439358733333E+03,2.540000043791E-02));
#10450 = CARTESIAN_POINT('',(2.878692066667E+03,2.5400000437E-02));
#10451 = CARTESIAN_POINT('',(4.3180254E+03,2.5400000437E-02));
#10452 = ( GEOMETRIC_REPRESENTATION_CONTEXT(2) 
PARAMETRIC_REPRESENTATION_CONTEXT() REPRESENTATION_CONTEXT('2D SPACE',''
  ) );
#10453 = PCURVE('',#10454,#10459);
#10454 = PLANE('',#10455);
#10455 = AXIS2_PLACEMENT_3D('',#10456,#10457,#10458);
#10456 = CARTESIAN_POINT('',(1.755807396478E+03,-7.381604530082E+03,
    -5.3837078E+03));
#10457 = DIRECTION('',(-0.819152234736,0.573576164364,8.253977398999E-16
    ));
#10458 = DIRECTION('',(8.494198944095E-16,-2.25939540756E-16,1.));
#10459 = DEFINITIONAL_REPRESENTATION('',(#10460),#10465);
#10460 = B_SPLINE_CURVE_WITH_KNOTS('',3,(#10461,#10462,#10463,#10464),
  .UNSPECIFIED.,.F.,.F.,(4,4),(0.,1.7E+03),.PIECEWISE_BEZIER_KNOTS.);
#10461 = CARTESIAN_POINT('',(2.540000000045E-02,16.281399999781));
#10462 = CARTESIAN_POINT('',(1.439358733333E+03,16.281399999779));
#10463 = CARTESIAN_POINT('',(2.878692066667E+03,16.281399999779));
#10464 = CARTESIAN_POINT('',(4.3180254E+03,16.281399999778));
#10465 = ( GEOMETRIC_REPRESENTATION_CONTEXT(2) 
PARAMETRIC_REPRESENTATION_CONTEXT() REPRESENTATION_CONTEXT('2D SPACE',''
  ) );
#10466 = ORIENTED_EDGE('',*,*,#10467,.T.);
#10467 = EDGE_CURVE('',#10437,#10368,#10468,.T.);
#10468 = SURFACE_CURVE('',#10469,(#10474,#10482),.PCURVE_S1.);
#10469 = B_SPLINE_CURVE_WITH_KNOTS('',3,(#10470,#10471,#10472,#10473),
  .UNSPECIFIED.,.F.,.F.,(4,4),(0.,199.99999999999),
  .PIECEWISE_BEZIER_KNOTS.);
#10470 = CARTESIAN_POINT('',(1.765146019441E+03,-7.368267584888E+03,
    -1.0656824E+03));
#10471 = CARTESIAN_POINT('',(1.903855797856E+03,-7.46539314872E+03,
    -1.0656824E+03));
#10472 = CARTESIAN_POINT('',(2.042565576272E+03,-7.562518712552E+03,
    -1.0656824E+03));
#10473 = CARTESIAN_POINT('',(2.181275354687E+03,-7.659644276385E+03,
    -1.0656824E+03));
#10474 = PCURVE('',#10379,#10475);
#10475 = DEFINITIONAL_REPRESENTATION('',(#10476),#10481);
#10476 = B_SPLINE_CURVE_WITH_KNOTS('',3,(#10477,#10478,#10479,#10480),
  .UNSPECIFIED.,.F.,.F.,(4,4),(0.,199.99999999999),
  .PIECEWISE_BEZIER_KNOTS.);
#10477 = CARTESIAN_POINT('',(4.3180254E+03,2.5400000437E-02));
#10478 = CARTESIAN_POINT('',(4.3180254E+03,169.35873333331));
#10479 = CARTESIAN_POINT('',(4.3180254E+03,338.692066667));
#10480 = CARTESIAN_POINT('',(4.3180254E+03,508.02540000045));
#10481 = ( GEOMETRIC_REPRESENTATION_CONTEXT(2) 
PARAMETRIC_REPRESENTATION_CONTEXT() REPRESENTATION_CONTEXT('2D SPACE',''
  ) );
#10482 = PCURVE('',#10483,#10488);
#10483 = PLANE('',#10484);
#10484 = AXIS2_PLACEMENT_3D('',#10485,#10486,#10487);
#10485 = CARTESIAN_POINT('',(1.755786590012E+03,-7.381589961248E+03,
    -1.0656824E+03));
#10486 = DIRECTION('',(6.02910604925E-16,-5.3332E-17,1.));
#10487 = DIRECTION('',(0.819152234736,-0.573576164364,
    -5.244655333683E-16));
#10488 = DEFINITIONAL_REPRESENTATION('',(#10489),#10494);
#10489 = B_SPLINE_CURVE_WITH_KNOTS('',3,(#10490,#10491,#10492,#10493),
  .UNSPECIFIED.,.F.,.F.,(4,4),(0.,199.99999999999),
  .PIECEWISE_BEZIER_KNOTS.);
#10490 = CARTESIAN_POINT('',(2.539999983583E-02,16.281399999813));
#10491 = CARTESIAN_POINT('',(169.35873333271,16.281399999893));
#10492 = CARTESIAN_POINT('',(338.6920666664,16.281400000545));
#10493 = CARTESIAN_POINT('',(508.02539999985,16.281399999806));
#10494 = ( GEOMETRIC_REPRESENTATION_CONTEXT(2) 
PARAMETRIC_REPRESENTATION_CONTEXT() REPRESENTATION_CONTEXT('2D SPACE',''
  ) );
#10495 = ADVANCED_FACE('',(#10496),#10483,.T.);
#10496 = FACE_BOUND('',#10497,.T.);
#10497 = EDGE_LOOP('',(#10498,#10524,#10525,#10551));
#10498 = ORIENTED_EDGE('',*,*,#10499,.T.);
#10499 = EDGE_CURVE('',#10500,#10368,#10502,.T.);
#10500 = VERTEX_POINT('',#10501);
#10501 = CARTESIAN_POINT('',(2.171951300559E+03,-7.672960415112E+03,
    -1.0656824E+03));
#10502 = SURFACE_CURVE('',#10503,(#10508,#10516),.PCURVE_S1.);
#10503 = B_SPLINE_CURVE_WITH_KNOTS('',3,(#10504,#10505,#10506,#10507),
  .UNSPECIFIED.,.F.,.F.,(4,4),(-6.4,0.),.PIECEWISE_BEZIER_KNOTS.);
#10504 = CARTESIAN_POINT('',(2.171951300559E+03,-7.672960415112E+03,
    -1.0656824E+03));
#10505 = CARTESIAN_POINT('',(2.175059318602E+03,-7.668521702203E+03,
    -1.0656824E+03));
#10506 = CARTESIAN_POINT('',(2.178167336644E+03,-7.664082989294E+03,
    -1.0656824E+03));
#10507 = CARTESIAN_POINT('',(2.181275354687E+03,-7.659644276385E+03,
    -1.0656824E+03));
#10508 = PCURVE('',#10483,#10509);
#10509 = DEFINITIONAL_REPRESENTATION('',(#10510),#10515);
#10510 = B_SPLINE_CURVE_WITH_KNOTS('',3,(#10511,#10512,#10513,#10514),
  .UNSPECIFIED.,.F.,.F.,(4,4),(-6.4,0.),.PIECEWISE_BEZIER_KNOTS.);
#10511 = CARTESIAN_POINT('',(508.02539999927,2.540000046429E-02));
#10512 = CARTESIAN_POINT('',(508.02539999973,5.444066667103));
#10513 = CARTESIAN_POINT('',(508.02539999938,10.862733333168));
#10514 = CARTESIAN_POINT('',(508.02539999985,16.281399999806));
#10515 = ( GEOMETRIC_REPRESENTATION_CONTEXT(2) 
PARAMETRIC_REPRESENTATION_CONTEXT() REPRESENTATION_CONTEXT('2D SPACE',''
  ) );
#10516 = PCURVE('',#10392,#10517);
#10517 = DEFINITIONAL_REPRESENTATION('',(#10518),#10523);
#10518 = B_SPLINE_CURVE_WITH_KNOTS('',3,(#10519,#10520,#10521,#10522),
  .UNSPECIFIED.,.F.,.F.,(4,4),(-6.4,0.),.PIECEWISE_BEZIER_KNOTS.);
#10519 = CARTESIAN_POINT('',(2.539999999999E-02,2.540000043791E-02));
#10520 = CARTESIAN_POINT('',(2.539999999999E-02,5.444066667076));
#10521 = CARTESIAN_POINT('',(2.539999999999E-02,10.862733333141));
#10522 = CARTESIAN_POINT('',(2.539999999999E-02,16.281399999779));
#10523 = ( GEOMETRIC_REPRESENTATION_CONTEXT(2) 
PARAMETRIC_REPRESENTATION_CONTEXT() REPRESENTATION_CONTEXT('2D SPACE',''
  ) );
#10524 = ORIENTED_EDGE('',*,*,#10467,.F.);
#10525 = ORIENTED_EDGE('',*,*,#10526,.F.);
#10526 = EDGE_CURVE('',#10527,#10437,#10529,.T.);
#10527 = VERTEX_POINT('',#10528);
#10528 = CARTESIAN_POINT('',(1.755821965313E+03,-7.381583723615E+03,
    -1.0656824E+03));
#10529 = SURFACE_CURVE('',#10530,(#10535,#10543),.PCURVE_S1.);
#10530 = B_SPLINE_CURVE_WITH_KNOTS('',3,(#10531,#10532,#10533,#10534),
  .UNSPECIFIED.,.F.,.F.,(4,4),(0.,6.4),.PIECEWISE_BEZIER_KNOTS.);
#10531 = CARTESIAN_POINT('',(1.755821965313E+03,-7.381583723615E+03,
    -1.0656824E+03));
#10532 = CARTESIAN_POINT('',(1.758929983356E+03,-7.377145010706E+03,
    -1.0656824E+03));
#10533 = CARTESIAN_POINT('',(1.762038001398E+03,-7.372706297797E+03,
    -1.0656824E+03));
#10534 = CARTESIAN_POINT('',(1.765146019441E+03,-7.368267584888E+03,
    -1.0656824E+03));
#10535 = PCURVE('',#10483,#10536);
#10536 = DEFINITIONAL_REPRESENTATION('',(#10537),#10542);
#10537 = B_SPLINE_CURVE_WITH_KNOTS('',3,(#10538,#10539,#10540,#10541),
  .UNSPECIFIED.,.F.,.F.,(4,4),(0.,6.4),.PIECEWISE_BEZIER_KNOTS.);
#10538 = CARTESIAN_POINT('',(2.539999925739E-02,2.540000047247E-02));
#10539 = CARTESIAN_POINT('',(2.539999972305E-02,5.444066667111));
#10540 = CARTESIAN_POINT('',(2.539999937017E-02,10.862733333175));
#10541 = CARTESIAN_POINT('',(2.539999983583E-02,16.281399999813));
#10542 = ( GEOMETRIC_REPRESENTATION_CONTEXT(2) 
PARAMETRIC_REPRESENTATION_CONTEXT() REPRESENTATION_CONTEXT('2D SPACE',''
  ) );
#10543 = PCURVE('',#10454,#10544);
#10544 = DEFINITIONAL_REPRESENTATION('',(#10545),#10550);
#10545 = B_SPLINE_CURVE_WITH_KNOTS('',3,(#10546,#10547,#10548,#10549),
  .UNSPECIFIED.,.F.,.F.,(4,4),(0.,6.4),.PIECEWISE_BEZIER_KNOTS.);
#10546 = CARTESIAN_POINT('',(4.3180254E+03,2.540000043609E-02));
#10547 = CARTESIAN_POINT('',(4.3180254E+03,5.444066667074));
#10548 = CARTESIAN_POINT('',(4.3180254E+03,10.86273333314));
#10549 = CARTESIAN_POINT('',(4.3180254E+03,16.281399999778));
#10550 = ( GEOMETRIC_REPRESENTATION_CONTEXT(2) 
PARAMETRIC_REPRESENTATION_CONTEXT() REPRESENTATION_CONTEXT('2D SPACE',''
  ) );
#10551 = ORIENTED_EDGE('',*,*,#10552,.T.);
#10552 = EDGE_CURVE('',#10527,#10500,#10553,.T.);
#10553 = SURFACE_CURVE('',#10554,(#10559,#10567),.PCURVE_S1.);
#10554 = B_SPLINE_CURVE_WITH_KNOTS('',3,(#10555,#10556,#10557,#10558),
  .UNSPECIFIED.,.F.,.F.,(4,4),(-199.9999999999,0.),
  .PIECEWISE_BEZIER_KNOTS.);
#10555 = CARTESIAN_POINT('',(1.755821965313E+03,-7.381583723615E+03,
    -1.0656824E+03));
#10556 = CARTESIAN_POINT('',(1.894531743728E+03,-7.478709287448E+03,
    -1.0656824E+03));
#10557 = CARTESIAN_POINT('',(2.033241522144E+03,-7.57583485128E+03,
    -1.0656824E+03));
#10558 = CARTESIAN_POINT('',(2.171951300559E+03,-7.672960415112E+03,
    -1.0656824E+03));
#10559 = PCURVE('',#10483,#10560);
#10560 = DEFINITIONAL_REPRESENTATION('',(#10561),#10566);
#10561 = B_SPLINE_CURVE_WITH_KNOTS('',3,(#10562,#10563,#10564,#10565),
  .UNSPECIFIED.,.F.,.F.,(4,4),(-199.9999999999,0.),
  .PIECEWISE_BEZIER_KNOTS.);
#10562 = CARTESIAN_POINT('',(2.539999925739E-02,2.540000047247E-02));
#10563 = CARTESIAN_POINT('',(169.3587333327,2.539999973214E-02));
#10564 = CARTESIAN_POINT('',(338.69206666639,2.540000038607E-02));
#10565 = CARTESIAN_POINT('',(508.02539999927,2.540000046429E-02));
#10566 = ( GEOMETRIC_REPRESENTATION_CONTEXT(2) 
PARAMETRIC_REPRESENTATION_CONTEXT() REPRESENTATION_CONTEXT('2D SPACE',''
  ) );
#10567 = PCURVE('',#10568,#10573);
#10568 = PLANE('',#10569);
#10569 = AXIS2_PLACEMENT_3D('',#10570,#10571,#10572);
#10570 = CARTESIAN_POINT('',(1.755801158846E+03,-7.381569154781E+03,
    -1.065657E+03));
#10571 = DIRECTION('',(-0.573576164364,-0.819152234736,
    3.021281252444E-16));
#10572 = DIRECTION('',(-6.02910604925E-16,5.333200000002E-17,-1.));
#10573 = DEFINITIONAL_REPRESENTATION('',(#10574),#10579);
#10574 = B_SPLINE_CURVE_WITH_KNOTS('',3,(#10575,#10576,#10577,#10578),
  .UNSPECIFIED.,.F.,.F.,(4,4),(-199.9999999999,0.),
  .PIECEWISE_BEZIER_KNOTS.);
#10575 = CARTESIAN_POINT('',(2.539999999999E-02,2.539999986493E-02));
#10576 = CARTESIAN_POINT('',(2.539999999976E-02,169.35873333331));
#10577 = CARTESIAN_POINT('',(2.539999999976E-02,338.692066667));
#10578 = CARTESIAN_POINT('',(2.539999999954E-02,508.02539999987));
#10579 = ( GEOMETRIC_REPRESENTATION_CONTEXT(2) 
PARAMETRIC_REPRESENTATION_CONTEXT() REPRESENTATION_CONTEXT('2D SPACE',''
  ) );
#10580 = ADVANCED_FACE('',(#10581),#10568,.T.);
#10581 = FACE_BOUND('',#10582,.T.);
#10582 = EDGE_LOOP('',(#10583,#10609,#10610,#10636));
#10583 = ORIENTED_EDGE('',*,*,#10584,.F.);
#10584 = EDGE_CURVE('',#10500,#10585,#10587,.T.);
#10585 = VERTEX_POINT('',#10586);
#10586 = CARTESIAN_POINT('',(2.171951300559E+03,-7.672960415112E+03,
    -5.3836824E+03));
#10587 = SURFACE_CURVE('',#10588,(#10593,#10601),.PCURVE_S1.);
#10588 = B_SPLINE_CURVE_WITH_KNOTS('',3,(#10589,#10590,#10591,#10592),
  .UNSPECIFIED.,.F.,.F.,(4,4),(-1.7E+03,0.),.PIECEWISE_BEZIER_KNOTS.);
#10589 = CARTESIAN_POINT('',(2.171951300559E+03,-7.672960415112E+03,
    -1.0656824E+03));
#10590 = CARTESIAN_POINT('',(2.171951300559E+03,-7.672960415112E+03,
    -2.505015733333E+03));
#10591 = CARTESIAN_POINT('',(2.171951300559E+03,-7.672960415112E+03,
    -3.944349066667E+03));
#10592 = CARTESIAN_POINT('',(2.171951300559E+03,-7.672960415112E+03,
    -5.3836824E+03));
#10593 = PCURVE('',#10568,#10594);
#10594 = DEFINITIONAL_REPRESENTATION('',(#10595),#10600);
#10595 = B_SPLINE_CURVE_WITH_KNOTS('',3,(#10596,#10597,#10598,#10599),
  .UNSPECIFIED.,.F.,.F.,(4,4),(-1.7E+03,0.),.PIECEWISE_BEZIER_KNOTS.);
#10596 = CARTESIAN_POINT('',(2.539999999954E-02,508.02539999987));
#10597 = CARTESIAN_POINT('',(1.439358733333E+03,508.02539999988));
#10598 = CARTESIAN_POINT('',(2.878692066667E+03,508.02539999988));
#10599 = CARTESIAN_POINT('',(4.3180254E+03,508.02539999988));
#10600 = ( GEOMETRIC_REPRESENTATION_CONTEXT(2) 
PARAMETRIC_REPRESENTATION_CONTEXT() REPRESENTATION_CONTEXT('2D SPACE',''
  ) );
#10601 = PCURVE('',#10392,#10602);
#10602 = DEFINITIONAL_REPRESENTATION('',(#10603),#10608);
#10603 = B_SPLINE_CURVE_WITH_KNOTS('',3,(#10604,#10605,#10606,#10607),
  .UNSPECIFIED.,.F.,.F.,(4,4),(-1.7E+03,0.),.PIECEWISE_BEZIER_KNOTS.);
#10604 = CARTESIAN_POINT('',(2.539999999999E-02,2.540000043791E-02));
#10605 = CARTESIAN_POINT('',(1.439358733333E+03,2.540000043882E-02));
#10606 = CARTESIAN_POINT('',(2.878692066667E+03,2.540000043973E-02));
#10607 = CARTESIAN_POINT('',(4.3180254E+03,2.540000043973E-02));
#10608 = ( GEOMETRIC_REPRESENTATION_CONTEXT(2) 
PARAMETRIC_REPRESENTATION_CONTEXT() REPRESENTATION_CONTEXT('2D SPACE',''
  ) );
#10609 = ORIENTED_EDGE('',*,*,#10552,.F.);
#10610 = ORIENTED_EDGE('',*,*,#10611,.F.);
#10611 = EDGE_CURVE('',#10612,#10527,#10614,.T.);
#10612 = VERTEX_POINT('',#10613);
#10613 = CARTESIAN_POINT('',(1.755821965313E+03,-7.381583723615E+03,
    -5.3836824E+03));
#10614 = SURFACE_CURVE('',#10615,(#10620,#10628),.PCURVE_S1.);
#10615 = B_SPLINE_CURVE_WITH_KNOTS('',3,(#10616,#10617,#10618,#10619),
  .UNSPECIFIED.,.F.,.F.,(4,4),(-1.7E+03,0.),.PIECEWISE_BEZIER_KNOTS.);
#10616 = CARTESIAN_POINT('',(1.755821965313E+03,-7.381583723615E+03,
    -5.3836824E+03));
#10617 = CARTESIAN_POINT('',(1.755821965313E+03,-7.381583723615E+03,
    -3.944349066667E+03));
#10618 = CARTESIAN_POINT('',(1.755821965313E+03,-7.381583723615E+03,
    -2.505015733333E+03));
#10619 = CARTESIAN_POINT('',(1.755821965313E+03,-7.381583723615E+03,
    -1.0656824E+03));
#10620 = PCURVE('',#10568,#10621);
#10621 = DEFINITIONAL_REPRESENTATION('',(#10622),#10627);
#10622 = B_SPLINE_CURVE_WITH_KNOTS('',3,(#10623,#10624,#10625,#10626),
  .UNSPECIFIED.,.F.,.F.,(4,4),(-1.7E+03,0.),.PIECEWISE_BEZIER_KNOTS.);
#10623 = CARTESIAN_POINT('',(4.3180254E+03,2.539999986584E-02));
#10624 = CARTESIAN_POINT('',(2.878692066667E+03,2.539999986584E-02));
#10625 = CARTESIAN_POINT('',(1.439358733333E+03,2.539999986493E-02));
#10626 = CARTESIAN_POINT('',(2.539999999999E-02,2.539999986493E-02));
#10627 = ( GEOMETRIC_REPRESENTATION_CONTEXT(2) 
PARAMETRIC_REPRESENTATION_CONTEXT() REPRESENTATION_CONTEXT('2D SPACE',''
  ) );
#10628 = PCURVE('',#10454,#10629);
#10629 = DEFINITIONAL_REPRESENTATION('',(#10630),#10635);
#10630 = B_SPLINE_CURVE_WITH_KNOTS('',3,(#10631,#10632,#10633,#10634),
  .UNSPECIFIED.,.F.,.F.,(4,4),(-1.7E+03,0.),.PIECEWISE_BEZIER_KNOTS.);
#10631 = CARTESIAN_POINT('',(2.540000000045E-02,2.540000043882E-02));
#10632 = CARTESIAN_POINT('',(1.439358733333E+03,2.540000043791E-02));
#10633 = CARTESIAN_POINT('',(2.878692066667E+03,2.5400000437E-02));
#10634 = CARTESIAN_POINT('',(4.3180254E+03,2.540000043609E-02));
#10635 = ( GEOMETRIC_REPRESENTATION_CONTEXT(2) 
PARAMETRIC_REPRESENTATION_CONTEXT() REPRESENTATION_CONTEXT('2D SPACE',''
  ) );
#10636 = ORIENTED_EDGE('',*,*,#10637,.F.);
#10637 = EDGE_CURVE('',#10585,#10612,#10638,.T.);
#10638 = SURFACE_CURVE('',#10639,(#10644,#10652),.PCURVE_S1.);
#10639 = B_SPLINE_CURVE_WITH_KNOTS('',3,(#10640,#10641,#10642,#10643),
  .UNSPECIFIED.,.F.,.F.,(4,4),(-200.,0.),.PIECEWISE_BEZIER_KNOTS.);
#10640 = CARTESIAN_POINT('',(2.171951300559E+03,-7.672960415112E+03,
    -5.3836824E+03));
#10641 = CARTESIAN_POINT('',(2.033241522144E+03,-7.57583485128E+03,
    -5.3836824E+03));
#10642 = CARTESIAN_POINT('',(1.894531743728E+03,-7.478709287448E+03,
    -5.3836824E+03));
#10643 = CARTESIAN_POINT('',(1.755821965313E+03,-7.381583723615E+03,
    -5.3836824E+03));
#10644 = PCURVE('',#10568,#10645);
#10645 = DEFINITIONAL_REPRESENTATION('',(#10646),#10651);
#10646 = B_SPLINE_CURVE_WITH_KNOTS('',3,(#10647,#10648,#10649,#10650),
  .UNSPECIFIED.,.F.,.F.,(4,4),(-200.,0.),.PIECEWISE_BEZIER_KNOTS.);
#10647 = CARTESIAN_POINT('',(4.3180254E+03,508.02539999988));
#10648 = CARTESIAN_POINT('',(4.3180254E+03,338.692066667));
#10649 = CARTESIAN_POINT('',(4.3180254E+03,169.35873333331));
#10650 = CARTESIAN_POINT('',(4.3180254E+03,2.539999986584E-02));
#10651 = ( GEOMETRIC_REPRESENTATION_CONTEXT(2) 
PARAMETRIC_REPRESENTATION_CONTEXT() REPRESENTATION_CONTEXT('2D SPACE',''
  ) );
#10652 = PCURVE('',#10423,#10653);
#10653 = DEFINITIONAL_REPRESENTATION('',(#10654),#10659);
#10654 = B_SPLINE_CURVE_WITH_KNOTS('',3,(#10655,#10656,#10657,#10658),
  .UNSPECIFIED.,.F.,.F.,(4,4),(-200.,0.),.PIECEWISE_BEZIER_KNOTS.);
#10655 = CARTESIAN_POINT('',(2.540000022691E-02,2.540000065073E-02));
#10656 = CARTESIAN_POINT('',(169.3587333331,2.540000057252E-02));
#10657 = CARTESIAN_POINT('',(338.69206666679,2.539999991859E-02));
#10658 = CARTESIAN_POINT('',(508.02540000024,2.540000065892E-02));
#10659 = ( GEOMETRIC_REPRESENTATION_CONTEXT(2) 
PARAMETRIC_REPRESENTATION_CONTEXT() REPRESENTATION_CONTEXT('2D SPACE',''
  ) );
#10660 = ADVANCED_FACE('',(#10661),#10454,.T.);
#10661 = FACE_BOUND('',#10662,.T.);
#10662 = EDGE_LOOP('',(#10663,#10664,#10665,#10689));
#10663 = ORIENTED_EDGE('',*,*,#10526,.T.);
#10664 = ORIENTED_EDGE('',*,*,#10436,.F.);
#10665 = ORIENTED_EDGE('',*,*,#10666,.F.);
#10666 = EDGE_CURVE('',#10612,#10406,#10667,.T.);
#10667 = SURFACE_CURVE('',#10668,(#10673,#10681),.PCURVE_S1.);
#10668 = B_SPLINE_CURVE_WITH_KNOTS('',3,(#10669,#10670,#10671,#10672),
  .UNSPECIFIED.,.F.,.F.,(4,4),(0.,6.4),.PIECEWISE_BEZIER_KNOTS.);
#10669 = CARTESIAN_POINT('',(1.755821965313E+03,-7.381583723615E+03,
    -5.3836824E+03));
#10670 = CARTESIAN_POINT('',(1.758929983356E+03,-7.377145010706E+03,
    -5.3836824E+03));
#10671 = CARTESIAN_POINT('',(1.762038001398E+03,-7.372706297797E+03,
    -5.3836824E+03));
#10672 = CARTESIAN_POINT('',(1.765146019441E+03,-7.368267584888E+03,
    -5.3836824E+03));
#10673 = PCURVE('',#10454,#10674);
#10674 = DEFINITIONAL_REPRESENTATION('',(#10675),#10680);
#10675 = B_SPLINE_CURVE_WITH_KNOTS('',3,(#10676,#10677,#10678,#10679),
  .UNSPECIFIED.,.F.,.F.,(4,4),(0.,6.4),.PIECEWISE_BEZIER_KNOTS.);
#10676 = CARTESIAN_POINT('',(2.540000000045E-02,2.540000043882E-02));
#10677 = CARTESIAN_POINT('',(2.540000000045E-02,5.444066667077));
#10678 = CARTESIAN_POINT('',(2.540000000045E-02,10.862733333141));
#10679 = CARTESIAN_POINT('',(2.540000000045E-02,16.281399999781));
#10680 = ( GEOMETRIC_REPRESENTATION_CONTEXT(2) 
PARAMETRIC_REPRESENTATION_CONTEXT() REPRESENTATION_CONTEXT('2D SPACE',''
  ) );
#10681 = PCURVE('',#10423,#10682);
#10682 = DEFINITIONAL_REPRESENTATION('',(#10683),#10688);
#10683 = B_SPLINE_CURVE_WITH_KNOTS('',3,(#10684,#10685,#10686,#10687),
  .UNSPECIFIED.,.F.,.F.,(4,4),(0.,6.4),.PIECEWISE_BEZIER_KNOTS.);
#10684 = CARTESIAN_POINT('',(508.02540000024,2.540000065892E-02));
#10685 = CARTESIAN_POINT('',(508.02539999977,5.444066667297));
#10686 = CARTESIAN_POINT('',(508.02540000012,10.862733333362));
#10687 = CARTESIAN_POINT('',(508.02539999966,16.2814));
#10688 = ( GEOMETRIC_REPRESENTATION_CONTEXT(2) 
PARAMETRIC_REPRESENTATION_CONTEXT() REPRESENTATION_CONTEXT('2D SPACE',''
  ) );
#10689 = ORIENTED_EDGE('',*,*,#10611,.T.);
#10690 = ADVANCED_FACE('',(#10691),#10423,.T.);
#10691 = FACE_BOUND('',#10692,.T.);
#10692 = EDGE_LOOP('',(#10693,#10694,#10695,#10719));
#10693 = ORIENTED_EDGE('',*,*,#10666,.T.);
#10694 = ORIENTED_EDGE('',*,*,#10405,.F.);
#10695 = ORIENTED_EDGE('',*,*,#10696,.T.);
#10696 = EDGE_CURVE('',#10370,#10585,#10697,.T.);
#10697 = SURFACE_CURVE('',#10698,(#10703,#10711),.PCURVE_S1.);
#10698 = B_SPLINE_CURVE_WITH_KNOTS('',3,(#10699,#10700,#10701,#10702),
  .UNSPECIFIED.,.F.,.F.,(4,4),(-6.4,0.),.PIECEWISE_BEZIER_KNOTS.);
#10699 = CARTESIAN_POINT('',(2.181275354687E+03,-7.659644276385E+03,
    -5.3836824E+03));
#10700 = CARTESIAN_POINT('',(2.178167336644E+03,-7.664082989294E+03,
    -5.3836824E+03));
#10701 = CARTESIAN_POINT('',(2.175059318602E+03,-7.668521702203E+03,
    -5.3836824E+03));
#10702 = CARTESIAN_POINT('',(2.171951300559E+03,-7.672960415112E+03,
    -5.3836824E+03));
#10703 = PCURVE('',#10423,#10704);
#10704 = DEFINITIONAL_REPRESENTATION('',(#10705),#10710);
#10705 = B_SPLINE_CURVE_WITH_KNOTS('',3,(#10706,#10707,#10708,#10709),
  .UNSPECIFIED.,.F.,.F.,(4,4),(-6.4,0.),.PIECEWISE_BEZIER_KNOTS.);
#10706 = CARTESIAN_POINT('',(2.539999964756E-02,16.281399999993));
#10707 = CARTESIAN_POINT('',(2.540000011322E-02,10.862733333354));
#10708 = CARTESIAN_POINT('',(2.539999975943E-02,5.44406666729));
#10709 = CARTESIAN_POINT('',(2.540000022691E-02,2.540000065073E-02));
#10710 = ( GEOMETRIC_REPRESENTATION_CONTEXT(2) 
PARAMETRIC_REPRESENTATION_CONTEXT() REPRESENTATION_CONTEXT('2D SPACE',''
  ) );
#10711 = PCURVE('',#10392,#10712);
#10712 = DEFINITIONAL_REPRESENTATION('',(#10713),#10718);
#10713 = B_SPLINE_CURVE_WITH_KNOTS('',3,(#10714,#10715,#10716,#10717),
  .UNSPECIFIED.,.F.,.F.,(4,4),(-6.4,0.),.PIECEWISE_BEZIER_KNOTS.);
#10714 = CARTESIAN_POINT('',(4.3180254E+03,16.281399999781));
#10715 = CARTESIAN_POINT('',(4.3180254E+03,10.862733333142));
#10716 = CARTESIAN_POINT('',(4.3180254E+03,5.444066667079));
#10717 = CARTESIAN_POINT('',(4.3180254E+03,2.540000043973E-02));
#10718 = ( GEOMETRIC_REPRESENTATION_CONTEXT(2) 
PARAMETRIC_REPRESENTATION_CONTEXT() REPRESENTATION_CONTEXT('2D SPACE',''
  ) );
#10719 = ORIENTED_EDGE('',*,*,#10637,.T.);
#10720 = ADVANCED_FACE('',(#10721),#10392,.T.);
#10721 = FACE_BOUND('',#10722,.T.);
#10722 = EDGE_LOOP('',(#10723,#10724,#10725,#10726));
#10723 = ORIENTED_EDGE('',*,*,#10696,.F.);
#10724 = ORIENTED_EDGE('',*,*,#10367,.F.);
#10725 = ORIENTED_EDGE('',*,*,#10499,.F.);
#10726 = ORIENTED_EDGE('',*,*,#10584,.T.);
#10727 = ORIENTED_CLOSED_SHELL('',*,#10728,.F.);
#10728 = CLOSED_SHELL('',(#10729,#10861,#10946,#11026,#11056,#11086));
#10729 = ADVANCED_FACE('',(#10730),#10745,.T.);
#10730 = FACE_BOUND('',#10731,.T.);
#10731 = EDGE_LOOP('',(#10732,#10770,#10801,#10832));
#10732 = ORIENTED_EDGE('',*,*,#10733,.T.);
#10733 = EDGE_CURVE('',#10734,#10736,#10738,.T.);
#10734 = VERTEX_POINT('',#10735);
#10735 = CARTESIAN_POINT('',(2.613E+03,-6.2741344E+03,-1.0656824E+03));
#10736 = VERTEX_POINT('',#10737);
#10737 = CARTESIAN_POINT('',(2.613E+03,-6.2741344E+03,-5.3836824E+03));
#10738 = SURFACE_CURVE('',#10739,(#10744,#10757),.PCURVE_S1.);
#10739 = B_SPLINE_CURVE_WITH_KNOTS('',3,(#10740,#10741,#10742,#10743),
  .UNSPECIFIED.,.F.,.F.,(4,4),(0.,1.7E+03),.PIECEWISE_BEZIER_KNOTS.);
#10740 = CARTESIAN_POINT('',(2.613E+03,-6.2741344E+03,-1.0656824E+03));
#10741 = CARTESIAN_POINT('',(2.613E+03,-6.2741344E+03,
    -2.505015733333E+03));
#10742 = CARTESIAN_POINT('',(2.613E+03,-6.2741344E+03,
    -3.944349066667E+03));
#10743 = CARTESIAN_POINT('',(2.613E+03,-6.2741344E+03,-5.3836824E+03));
#10744 = PCURVE('',#10745,#10750);
#10745 = PLANE('',#10746);
#10746 = AXIS2_PLACEMENT_3D('',#10747,#10748,#10749);
#10747 = CARTESIAN_POINT('',(2.1049746E+03,-6.2741344E+03,-5.3837078E+03
    ));
#10748 = DIRECTION('',(2.22044604925E-16,1.,-2.22045E-16));
#10749 = DIRECTION('',(2.22044604925E-16,2.22045E-16,1.));
#10750 = DEFINITIONAL_REPRESENTATION('',(#10751),#10756);
#10751 = B_SPLINE_CURVE_WITH_KNOTS('',3,(#10752,#10753,#10754,#10755),
  .UNSPECIFIED.,.F.,.F.,(4,4),(0.,1.7E+03),.PIECEWISE_BEZIER_KNOTS.);
#10752 = CARTESIAN_POINT('',(4.3180254E+03,508.02539999999));
#10753 = CARTESIAN_POINT('',(2.878692066667E+03,508.02539999999));
#10754 = CARTESIAN_POINT('',(1.439358733333E+03,508.0254));
#10755 = CARTESIAN_POINT('',(2.540000000045E-02,508.0254));
#10756 = ( GEOMETRIC_REPRESENTATION_CONTEXT(2) 
PARAMETRIC_REPRESENTATION_CONTEXT() REPRESENTATION_CONTEXT('2D SPACE',''
  ) );
#10757 = PCURVE('',#10758,#10763);
#10758 = PLANE('',#10759);
#10759 = AXIS2_PLACEMENT_3D('',#10760,#10761,#10762);
#10760 = CARTESIAN_POINT('',(2.613E+03,-6.2904158E+03,-1.065657E+03));
#10761 = DIRECTION('',(1.,-2.22044604925E-16,-6.32192737002E-17));
#10762 = DIRECTION('',(-6.32192737002E-17,-2.22045E-16,-1.));
#10763 = DEFINITIONAL_REPRESENTATION('',(#10764),#10769);
#10764 = B_SPLINE_CURVE_WITH_KNOTS('',3,(#10765,#10766,#10767,#10768),
  .UNSPECIFIED.,.F.,.F.,(4,4),(0.,1.7E+03),.PIECEWISE_BEZIER_KNOTS.);
#10765 = CARTESIAN_POINT('',(2.539999999999E-02,16.2814));
#10766 = CARTESIAN_POINT('',(1.439358733333E+03,16.281400000001));
#10767 = CARTESIAN_POINT('',(2.878692066667E+03,16.281400000001));
#10768 = CARTESIAN_POINT('',(4.3180254E+03,16.281400000001));
#10769 = ( GEOMETRIC_REPRESENTATION_CONTEXT(2) 
PARAMETRIC_REPRESENTATION_CONTEXT() REPRESENTATION_CONTEXT('2D SPACE',''
  ) );
#10770 = ORIENTED_EDGE('',*,*,#10771,.T.);
#10771 = EDGE_CURVE('',#10736,#10772,#10774,.T.);
#10772 = VERTEX_POINT('',#10773);
#10773 = CARTESIAN_POINT('',(2.105E+03,-6.2741344E+03,-5.3836824E+03));
#10774 = SURFACE_CURVE('',#10775,(#10780,#10788),.PCURVE_S1.);
#10775 = B_SPLINE_CURVE_WITH_KNOTS('',3,(#10776,#10777,#10778,#10779),
  .UNSPECIFIED.,.F.,.F.,(4,4),(0.,200.),.PIECEWISE_BEZIER_KNOTS.);
#10776 = CARTESIAN_POINT('',(2.613E+03,-6.2741344E+03,-5.3836824E+03));
#10777 = CARTESIAN_POINT('',(2.443666666667E+03,-6.2741344E+03,
    -5.3836824E+03));
#10778 = CARTESIAN_POINT('',(2.274333333333E+03,-6.2741344E+03,
    -5.3836824E+03));
#10779 = CARTESIAN_POINT('',(2.105E+03,-6.2741344E+03,-5.3836824E+03));
#10780 = PCURVE('',#10745,#10781);
#10781 = DEFINITIONAL_REPRESENTATION('',(#10782),#10787);
#10782 = B_SPLINE_CURVE_WITH_KNOTS('',3,(#10783,#10784,#10785,#10786),
  .UNSPECIFIED.,.F.,.F.,(4,4),(0.,200.),.PIECEWISE_BEZIER_KNOTS.);
#10783 = CARTESIAN_POINT('',(2.540000000045E-02,508.0254));
#10784 = CARTESIAN_POINT('',(2.540000000045E-02,338.692066667));
#10785 = CARTESIAN_POINT('',(2.540000000045E-02,169.358733333));
#10786 = CARTESIAN_POINT('',(2.540000000045E-02,2.539999999999E-02));
#10787 = ( GEOMETRIC_REPRESENTATION_CONTEXT(2) 
PARAMETRIC_REPRESENTATION_CONTEXT() REPRESENTATION_CONTEXT('2D SPACE',''
  ) );
#10788 = PCURVE('',#10789,#10794);
#10789 = PLANE('',#10790);
#10790 = AXIS2_PLACEMENT_3D('',#10791,#10792,#10793);
#10791 = CARTESIAN_POINT('',(2.6130254E+03,-6.2904158E+03,-5.3836824E+03
    ));
#10792 = DIRECTION('',(-2.22044604925E-16,-2.22045E-16,-1.));
#10793 = DIRECTION('',(-1.,2.22044604925E-16,2.22044604925E-16));
#10794 = DEFINITIONAL_REPRESENTATION('',(#10795),#10800);
#10795 = B_SPLINE_CURVE_WITH_KNOTS('',3,(#10796,#10797,#10798,#10799),
  .UNSPECIFIED.,.F.,.F.,(4,4),(0.,200.),.PIECEWISE_BEZIER_KNOTS.);
#10796 = CARTESIAN_POINT('',(2.539999999999E-02,16.2814));
#10797 = CARTESIAN_POINT('',(169.358733333,16.2814));
#10798 = CARTESIAN_POINT('',(338.692066667,16.2814));
#10799 = CARTESIAN_POINT('',(508.0254,16.2814));
#10800 = ( GEOMETRIC_REPRESENTATION_CONTEXT(2) 
PARAMETRIC_REPRESENTATION_CONTEXT() REPRESENTATION_CONTEXT('2D SPACE',''
  ) );
#10801 = ORIENTED_EDGE('',*,*,#10802,.T.);
#10802 = EDGE_CURVE('',#10772,#10803,#10805,.T.);
#10803 = VERTEX_POINT('',#10804);
#10804 = CARTESIAN_POINT('',(2.105E+03,-6.2741344E+03,-1.0656824E+03));
#10805 = SURFACE_CURVE('',#10806,(#10811,#10819),.PCURVE_S1.);
#10806 = B_SPLINE_CURVE_WITH_KNOTS('',3,(#10807,#10808,#10809,#10810),
  .UNSPECIFIED.,.F.,.F.,(4,4),(0.,1.7E+03),.PIECEWISE_BEZIER_KNOTS.);
#10807 = CARTESIAN_POINT('',(2.105E+03,-6.2741344E+03,-5.3836824E+03));
#10808 = CARTESIAN_POINT('',(2.105E+03,-6.2741344E+03,
    -3.944349066667E+03));
#10809 = CARTESIAN_POINT('',(2.105E+03,-6.2741344E+03,
    -2.505015733333E+03));
#10810 = CARTESIAN_POINT('',(2.105E+03,-6.2741344E+03,-1.0656824E+03));
#10811 = PCURVE('',#10745,#10812);
#10812 = DEFINITIONAL_REPRESENTATION('',(#10813),#10818);
#10813 = B_SPLINE_CURVE_WITH_KNOTS('',3,(#10814,#10815,#10816,#10817),
  .UNSPECIFIED.,.F.,.F.,(4,4),(0.,1.7E+03),.PIECEWISE_BEZIER_KNOTS.);
#10814 = CARTESIAN_POINT('',(2.540000000045E-02,2.539999999999E-02));
#10815 = CARTESIAN_POINT('',(1.439358733333E+03,2.539999999954E-02));
#10816 = CARTESIAN_POINT('',(2.878692066667E+03,2.539999999908E-02));
#10817 = CARTESIAN_POINT('',(4.3180254E+03,2.539999999908E-02));
#10818 = ( GEOMETRIC_REPRESENTATION_CONTEXT(2) 
PARAMETRIC_REPRESENTATION_CONTEXT() REPRESENTATION_CONTEXT('2D SPACE',''
  ) );
#10819 = PCURVE('',#10820,#10825);
#10820 = PLANE('',#10821);
#10821 = AXIS2_PLACEMENT_3D('',#10822,#10823,#10824);
#10822 = CARTESIAN_POINT('',(2.105E+03,-6.2904158E+03,-5.3837078E+03));
#10823 = DIRECTION('',(-1.,2.22044604925E-16,5.229768114563E-16));
#10824 = DIRECTION('',(5.229768114563E-16,2.22045E-16,1.));
#10825 = DEFINITIONAL_REPRESENTATION('',(#10826),#10831);
#10826 = B_SPLINE_CURVE_WITH_KNOTS('',3,(#10827,#10828,#10829,#10830),
  .UNSPECIFIED.,.F.,.F.,(4,4),(0.,1.7E+03),.PIECEWISE_BEZIER_KNOTS.);
#10827 = CARTESIAN_POINT('',(2.540000000045E-02,16.2814));
#10828 = CARTESIAN_POINT('',(1.439358733333E+03,16.2814));
#10829 = CARTESIAN_POINT('',(2.878692066667E+03,16.2814));
#10830 = CARTESIAN_POINT('',(4.3180254E+03,16.281399999999));
#10831 = ( GEOMETRIC_REPRESENTATION_CONTEXT(2) 
PARAMETRIC_REPRESENTATION_CONTEXT() REPRESENTATION_CONTEXT('2D SPACE',''
  ) );
#10832 = ORIENTED_EDGE('',*,*,#10833,.T.);
#10833 = EDGE_CURVE('',#10803,#10734,#10834,.T.);
#10834 = SURFACE_CURVE('',#10835,(#10840,#10848),.PCURVE_S1.);
#10835 = B_SPLINE_CURVE_WITH_KNOTS('',3,(#10836,#10837,#10838,#10839),
  .UNSPECIFIED.,.F.,.F.,(4,4),(0.,199.99999999999),
  .PIECEWISE_BEZIER_KNOTS.);
#10836 = CARTESIAN_POINT('',(2.105E+03,-6.2741344E+03,-1.0656824E+03));
#10837 = CARTESIAN_POINT('',(2.274333333333E+03,-6.2741344E+03,
    -1.0656824E+03));
#10838 = CARTESIAN_POINT('',(2.443666666667E+03,-6.2741344E+03,
    -1.0656824E+03));
#10839 = CARTESIAN_POINT('',(2.613E+03,-6.2741344E+03,-1.0656824E+03));
#10840 = PCURVE('',#10745,#10841);
#10841 = DEFINITIONAL_REPRESENTATION('',(#10842),#10847);
#10842 = B_SPLINE_CURVE_WITH_KNOTS('',3,(#10843,#10844,#10845,#10846),
  .UNSPECIFIED.,.F.,.F.,(4,4),(0.,199.99999999999),
  .PIECEWISE_BEZIER_KNOTS.);
#10843 = CARTESIAN_POINT('',(4.3180254E+03,2.539999999908E-02));
#10844 = CARTESIAN_POINT('',(4.3180254E+03,169.35873333299));
#10845 = CARTESIAN_POINT('',(4.3180254E+03,338.69206666699));
#10846 = CARTESIAN_POINT('',(4.3180254E+03,508.02539999999));
#10847 = ( GEOMETRIC_REPRESENTATION_CONTEXT(2) 
PARAMETRIC_REPRESENTATION_CONTEXT() REPRESENTATION_CONTEXT('2D SPACE',''
  ) );
#10848 = PCURVE('',#10849,#10854);
#10849 = PLANE('',#10850);
#10850 = AXIS2_PLACEMENT_3D('',#10851,#10852,#10853);
#10851 = CARTESIAN_POINT('',(2.1049746E+03,-6.2904158E+03,-1.0656824E+03
    ));
#10852 = DIRECTION('',(2.22044604925E-16,2.22045E-16,1.));
#10853 = DIRECTION('',(1.,-2.22044604925E-16,-2.22044604925E-16));
#10854 = DEFINITIONAL_REPRESENTATION('',(#10855),#10860);
#10855 = B_SPLINE_CURVE_WITH_KNOTS('',3,(#10856,#10857,#10858,#10859),
  .UNSPECIFIED.,.F.,.F.,(4,4),(0.,199.99999999999),
  .PIECEWISE_BEZIER_KNOTS.);
#10856 = CARTESIAN_POINT('',(2.539999999999E-02,16.2814));
#10857 = CARTESIAN_POINT('',(169.358733333,16.2814));
#10858 = CARTESIAN_POINT('',(338.692066667,16.2814));
#10859 = CARTESIAN_POINT('',(508.0254,16.2814));
#10860 = ( GEOMETRIC_REPRESENTATION_CONTEXT(2) 
PARAMETRIC_REPRESENTATION_CONTEXT() REPRESENTATION_CONTEXT('2D SPACE',''
  ) );
#10861 = ADVANCED_FACE('',(#10862),#10849,.T.);
#10862 = FACE_BOUND('',#10863,.T.);
#10863 = EDGE_LOOP('',(#10864,#10890,#10891,#10917));
#10864 = ORIENTED_EDGE('',*,*,#10865,.T.);
#10865 = EDGE_CURVE('',#10866,#10734,#10868,.T.);
#10866 = VERTEX_POINT('',#10867);
#10867 = CARTESIAN_POINT('',(2.613E+03,-6.2903904E+03,-1.0656824E+03));
#10868 = SURFACE_CURVE('',#10869,(#10874,#10882),.PCURVE_S1.);
#10869 = B_SPLINE_CURVE_WITH_KNOTS('',3,(#10870,#10871,#10872,#10873),
  .UNSPECIFIED.,.F.,.F.,(4,4),(-6.4,0.),.PIECEWISE_BEZIER_KNOTS.);
#10870 = CARTESIAN_POINT('',(2.613E+03,-6.2903904E+03,-1.0656824E+03));
#10871 = CARTESIAN_POINT('',(2.613E+03,-6.284971733333E+03,
    -1.0656824E+03));
#10872 = CARTESIAN_POINT('',(2.613E+03,-6.279553066667E+03,
    -1.0656824E+03));
#10873 = CARTESIAN_POINT('',(2.613E+03,-6.2741344E+03,-1.0656824E+03));
#10874 = PCURVE('',#10849,#10875);
#10875 = DEFINITIONAL_REPRESENTATION('',(#10876),#10881);
#10876 = B_SPLINE_CURVE_WITH_KNOTS('',3,(#10877,#10878,#10879,#10880),
  .UNSPECIFIED.,.F.,.F.,(4,4),(-6.4,0.),.PIECEWISE_BEZIER_KNOTS.);
#10877 = CARTESIAN_POINT('',(508.0254,2.540000000045E-02));
#10878 = CARTESIAN_POINT('',(508.0254,5.444066667));
#10879 = CARTESIAN_POINT('',(508.0254,10.862733333));
#10880 = CARTESIAN_POINT('',(508.0254,16.2814));
#10881 = ( GEOMETRIC_REPRESENTATION_CONTEXT(2) 
PARAMETRIC_REPRESENTATION_CONTEXT() REPRESENTATION_CONTEXT('2D SPACE',''
  ) );
#10882 = PCURVE('',#10758,#10883);
#10883 = DEFINITIONAL_REPRESENTATION('',(#10884),#10889);
#10884 = B_SPLINE_CURVE_WITH_KNOTS('',3,(#10885,#10886,#10887,#10888),
  .UNSPECIFIED.,.F.,.F.,(4,4),(-6.4,0.),.PIECEWISE_BEZIER_KNOTS.);
#10885 = CARTESIAN_POINT('',(2.539999999999E-02,2.540000000045E-02));
#10886 = CARTESIAN_POINT('',(2.539999999999E-02,5.444066667));
#10887 = CARTESIAN_POINT('',(2.539999999999E-02,10.862733333));
#10888 = CARTESIAN_POINT('',(2.539999999999E-02,16.2814));
#10889 = ( GEOMETRIC_REPRESENTATION_CONTEXT(2) 
PARAMETRIC_REPRESENTATION_CONTEXT() REPRESENTATION_CONTEXT('2D SPACE',''
  ) );
#10890 = ORIENTED_EDGE('',*,*,#10833,.F.);
#10891 = ORIENTED_EDGE('',*,*,#10892,.F.);
#10892 = EDGE_CURVE('',#10893,#10803,#10895,.T.);
#10893 = VERTEX_POINT('',#10894);
#10894 = CARTESIAN_POINT('',(2.105E+03,-6.2903904E+03,-1.0656824E+03));
#10895 = SURFACE_CURVE('',#10896,(#10901,#10909),.PCURVE_S1.);
#10896 = B_SPLINE_CURVE_WITH_KNOTS('',3,(#10897,#10898,#10899,#10900),
  .UNSPECIFIED.,.F.,.F.,(4,4),(0.,6.4),.PIECEWISE_BEZIER_KNOTS.);
#10897 = CARTESIAN_POINT('',(2.105E+03,-6.2903904E+03,-1.0656824E+03));
#10898 = CARTESIAN_POINT('',(2.105E+03,-6.284971733333E+03,
    -1.0656824E+03));
#10899 = CARTESIAN_POINT('',(2.105E+03,-6.279553066667E+03,
    -1.0656824E+03));
#10900 = CARTESIAN_POINT('',(2.105E+03,-6.2741344E+03,-1.0656824E+03));
#10901 = PCURVE('',#10849,#10902);
#10902 = DEFINITIONAL_REPRESENTATION('',(#10903),#10908);
#10903 = B_SPLINE_CURVE_WITH_KNOTS('',3,(#10904,#10905,#10906,#10907),
  .UNSPECIFIED.,.F.,.F.,(4,4),(0.,6.4),.PIECEWISE_BEZIER_KNOTS.);
#10904 = CARTESIAN_POINT('',(2.539999999999E-02,2.540000000045E-02));
#10905 = CARTESIAN_POINT('',(2.539999999999E-02,5.444066667));
#10906 = CARTESIAN_POINT('',(2.539999999999E-02,10.862733333));
#10907 = CARTESIAN_POINT('',(2.539999999999E-02,16.2814));
#10908 = ( GEOMETRIC_REPRESENTATION_CONTEXT(2) 
PARAMETRIC_REPRESENTATION_CONTEXT() REPRESENTATION_CONTEXT('2D SPACE',''
  ) );
#10909 = PCURVE('',#10820,#10910);
#10910 = DEFINITIONAL_REPRESENTATION('',(#10911),#10916);
#10911 = B_SPLINE_CURVE_WITH_KNOTS('',3,(#10912,#10913,#10914,#10915),
  .UNSPECIFIED.,.F.,.F.,(4,4),(0.,6.4),.PIECEWISE_BEZIER_KNOTS.);
#10912 = CARTESIAN_POINT('',(4.3180254E+03,2.539999999954E-02));
#10913 = CARTESIAN_POINT('',(4.3180254E+03,5.444066666999));
#10914 = CARTESIAN_POINT('',(4.3180254E+03,10.862733332999));
#10915 = CARTESIAN_POINT('',(4.3180254E+03,16.281399999999));
#10916 = ( GEOMETRIC_REPRESENTATION_CONTEXT(2) 
PARAMETRIC_REPRESENTATION_CONTEXT() REPRESENTATION_CONTEXT('2D SPACE',''
  ) );
#10917 = ORIENTED_EDGE('',*,*,#10918,.T.);
#10918 = EDGE_CURVE('',#10893,#10866,#10919,.T.);
#10919 = SURFACE_CURVE('',#10920,(#10925,#10933),.PCURVE_S1.);
#10920 = B_SPLINE_CURVE_WITH_KNOTS('',3,(#10921,#10922,#10923,#10924),
  .UNSPECIFIED.,.F.,.F.,(4,4),(-199.9999999999,0.),
  .PIECEWISE_BEZIER_KNOTS.);
#10921 = CARTESIAN_POINT('',(2.105E+03,-6.2903904E+03,-1.0656824E+03));
#10922 = CARTESIAN_POINT('',(2.274333333333E+03,-6.2903904E+03,
    -1.0656824E+03));
#10923 = CARTESIAN_POINT('',(2.443666666667E+03,-6.2903904E+03,
    -1.0656824E+03));
#10924 = CARTESIAN_POINT('',(2.613E+03,-6.2903904E+03,-1.0656824E+03));
#10925 = PCURVE('',#10849,#10926);
#10926 = DEFINITIONAL_REPRESENTATION('',(#10927),#10932);
#10927 = B_SPLINE_CURVE_WITH_KNOTS('',3,(#10928,#10929,#10930,#10931),
  .UNSPECIFIED.,.F.,.F.,(4,4),(-199.9999999999,0.),
  .PIECEWISE_BEZIER_KNOTS.);
#10928 = CARTESIAN_POINT('',(2.539999999999E-02,2.540000000045E-02));
#10929 = CARTESIAN_POINT('',(169.358733333,2.540000000045E-02));
#10930 = CARTESIAN_POINT('',(338.692066667,2.540000000045E-02));
#10931 = CARTESIAN_POINT('',(508.0254,2.540000000045E-02));
#10932 = ( GEOMETRIC_REPRESENTATION_CONTEXT(2) 
PARAMETRIC_REPRESENTATION_CONTEXT() REPRESENTATION_CONTEXT('2D SPACE',''
  ) );
#10933 = PCURVE('',#10934,#10939);
#10934 = PLANE('',#10935);
#10935 = AXIS2_PLACEMENT_3D('',#10936,#10937,#10938);
#10936 = CARTESIAN_POINT('',(2.1049746E+03,-6.2903904E+03,-1.065657E+03)
  );
#10937 = DIRECTION('',(-2.22044604925E-16,-1.,2.22045E-16));
#10938 = DIRECTION('',(-2.22044604925E-16,-2.22045E-16,-1.));
#10939 = DEFINITIONAL_REPRESENTATION('',(#10940),#10945);
#10940 = B_SPLINE_CURVE_WITH_KNOTS('',3,(#10941,#10942,#10943,#10944),
  .UNSPECIFIED.,.F.,.F.,(4,4),(-199.9999999999,0.),
  .PIECEWISE_BEZIER_KNOTS.);
#10941 = CARTESIAN_POINT('',(2.539999999999E-02,2.539999999999E-02));
#10942 = CARTESIAN_POINT('',(2.539999999999E-02,169.358733333));
#10943 = CARTESIAN_POINT('',(2.539999999999E-02,338.692066667));
#10944 = CARTESIAN_POINT('',(2.539999999999E-02,508.0254));
#10945 = ( GEOMETRIC_REPRESENTATION_CONTEXT(2) 
PARAMETRIC_REPRESENTATION_CONTEXT() REPRESENTATION_CONTEXT('2D SPACE',''
  ) );
#10946 = ADVANCED_FACE('',(#10947),#10934,.T.);
#10947 = FACE_BOUND('',#10948,.T.);
#10948 = EDGE_LOOP('',(#10949,#10975,#10976,#11002));
#10949 = ORIENTED_EDGE('',*,*,#10950,.F.);
#10950 = EDGE_CURVE('',#10866,#10951,#10953,.T.);
#10951 = VERTEX_POINT('',#10952);
#10952 = CARTESIAN_POINT('',(2.613E+03,-6.2903904E+03,-5.3836824E+03));
#10953 = SURFACE_CURVE('',#10954,(#10959,#10967),.PCURVE_S1.);
#10954 = B_SPLINE_CURVE_WITH_KNOTS('',3,(#10955,#10956,#10957,#10958),
  .UNSPECIFIED.,.F.,.F.,(4,4),(-1.7E+03,0.),.PIECEWISE_BEZIER_KNOTS.);
#10955 = CARTESIAN_POINT('',(2.613E+03,-6.2903904E+03,-1.0656824E+03));
#10956 = CARTESIAN_POINT('',(2.613E+03,-6.2903904E+03,
    -2.505015733333E+03));
#10957 = CARTESIAN_POINT('',(2.613E+03,-6.2903904E+03,
    -3.944349066667E+03));
#10958 = CARTESIAN_POINT('',(2.613E+03,-6.2903904E+03,-5.3836824E+03));
#10959 = PCURVE('',#10934,#10960);
#10960 = DEFINITIONAL_REPRESENTATION('',(#10961),#10966);
#10961 = B_SPLINE_CURVE_WITH_KNOTS('',3,(#10962,#10963,#10964,#10965),
  .UNSPECIFIED.,.F.,.F.,(4,4),(-1.7E+03,0.),.PIECEWISE_BEZIER_KNOTS.);
#10962 = CARTESIAN_POINT('',(2.539999999999E-02,508.0254));
#10963 = CARTESIAN_POINT('',(1.439358733333E+03,508.0254));
#10964 = CARTESIAN_POINT('',(2.878692066667E+03,508.0254));
#10965 = CARTESIAN_POINT('',(4.3180254E+03,508.0254));
#10966 = ( GEOMETRIC_REPRESENTATION_CONTEXT(2) 
PARAMETRIC_REPRESENTATION_CONTEXT() REPRESENTATION_CONTEXT('2D SPACE',''
  ) );
#10967 = PCURVE('',#10758,#10968);
#10968 = DEFINITIONAL_REPRESENTATION('',(#10969),#10974);
#10969 = B_SPLINE_CURVE_WITH_KNOTS('',3,(#10970,#10971,#10972,#10973),
  .UNSPECIFIED.,.F.,.F.,(4,4),(-1.7E+03,0.),.PIECEWISE_BEZIER_KNOTS.);
#10970 = CARTESIAN_POINT('',(2.539999999999E-02,2.540000000045E-02));
#10971 = CARTESIAN_POINT('',(1.439358733333E+03,2.540000000135E-02));
#10972 = CARTESIAN_POINT('',(2.878692066667E+03,2.540000000135E-02));
#10973 = CARTESIAN_POINT('',(4.3180254E+03,2.540000000135E-02));
#10974 = ( GEOMETRIC_REPRESENTATION_CONTEXT(2) 
PARAMETRIC_REPRESENTATION_CONTEXT() REPRESENTATION_CONTEXT('2D SPACE',''
  ) );
#10975 = ORIENTED_EDGE('',*,*,#10918,.F.);
#10976 = ORIENTED_EDGE('',*,*,#10977,.F.);
#10977 = EDGE_CURVE('',#10978,#10893,#10980,.T.);
#10978 = VERTEX_POINT('',#10979);
#10979 = CARTESIAN_POINT('',(2.105E+03,-6.2903904E+03,-5.3836824E+03));
#10980 = SURFACE_CURVE('',#10981,(#10986,#10994),.PCURVE_S1.);
#10981 = B_SPLINE_CURVE_WITH_KNOTS('',3,(#10982,#10983,#10984,#10985),
  .UNSPECIFIED.,.F.,.F.,(4,4),(-1.7E+03,0.),.PIECEWISE_BEZIER_KNOTS.);
#10982 = CARTESIAN_POINT('',(2.105E+03,-6.2903904E+03,-5.3836824E+03));
#10983 = CARTESIAN_POINT('',(2.105E+03,-6.2903904E+03,
    -3.944349066667E+03));
#10984 = CARTESIAN_POINT('',(2.105E+03,-6.2903904E+03,
    -2.505015733333E+03));
#10985 = CARTESIAN_POINT('',(2.105E+03,-6.2903904E+03,-1.0656824E+03));
#10986 = PCURVE('',#10934,#10987);
#10987 = DEFINITIONAL_REPRESENTATION('',(#10988),#10993);
#10988 = B_SPLINE_CURVE_WITH_KNOTS('',3,(#10989,#10990,#10991,#10992),
  .UNSPECIFIED.,.F.,.F.,(4,4),(-1.7E+03,0.),.PIECEWISE_BEZIER_KNOTS.);
#10989 = CARTESIAN_POINT('',(4.3180254E+03,2.54000000009E-02));
#10990 = CARTESIAN_POINT('',(2.878692066667E+03,2.540000000045E-02));
#10991 = CARTESIAN_POINT('',(1.439358733333E+03,2.539999999999E-02));
#10992 = CARTESIAN_POINT('',(2.539999999999E-02,2.539999999999E-02));
#10993 = ( GEOMETRIC_REPRESENTATION_CONTEXT(2) 
PARAMETRIC_REPRESENTATION_CONTEXT() REPRESENTATION_CONTEXT('2D SPACE',''
  ) );
#10994 = PCURVE('',#10820,#10995);
#10995 = DEFINITIONAL_REPRESENTATION('',(#10996),#11001);
#10996 = B_SPLINE_CURVE_WITH_KNOTS('',3,(#10997,#10998,#10999,#11000),
  .UNSPECIFIED.,.F.,.F.,(4,4),(-1.7E+03,0.),.PIECEWISE_BEZIER_KNOTS.);
#10997 = CARTESIAN_POINT('',(2.540000000045E-02,2.540000000045E-02));
#10998 = CARTESIAN_POINT('',(1.439358733333E+03,2.540000000045E-02));
#10999 = CARTESIAN_POINT('',(2.878692066667E+03,2.540000000045E-02));
#11000 = CARTESIAN_POINT('',(4.3180254E+03,2.539999999954E-02));
#11001 = ( GEOMETRIC_REPRESENTATION_CONTEXT(2) 
PARAMETRIC_REPRESENTATION_CONTEXT() REPRESENTATION_CONTEXT('2D SPACE',''
  ) );
#11002 = ORIENTED_EDGE('',*,*,#11003,.F.);
#11003 = EDGE_CURVE('',#10951,#10978,#11004,.T.);
#11004 = SURFACE_CURVE('',#11005,(#11010,#11018),.PCURVE_S1.);
#11005 = B_SPLINE_CURVE_WITH_KNOTS('',3,(#11006,#11007,#11008,#11009),
  .UNSPECIFIED.,.F.,.F.,(4,4),(-200.,0.),.PIECEWISE_BEZIER_KNOTS.);
#11006 = CARTESIAN_POINT('',(2.613E+03,-6.2903904E+03,-5.3836824E+03));
#11007 = CARTESIAN_POINT('',(2.443666666667E+03,-6.2903904E+03,
    -5.3836824E+03));
#11008 = CARTESIAN_POINT('',(2.274333333333E+03,-6.2903904E+03,
    -5.3836824E+03));
#11009 = CARTESIAN_POINT('',(2.105E+03,-6.2903904E+03,-5.3836824E+03));
#11010 = PCURVE('',#10934,#11011);
#11011 = DEFINITIONAL_REPRESENTATION('',(#11012),#11017);
#11012 = B_SPLINE_CURVE_WITH_KNOTS('',3,(#11013,#11014,#11015,#11016),
  .UNSPECIFIED.,.F.,.F.,(4,4),(-200.,0.),.PIECEWISE_BEZIER_KNOTS.);
#11013 = CARTESIAN_POINT('',(4.3180254E+03,508.0254));
#11014 = CARTESIAN_POINT('',(4.3180254E+03,338.692066667));
#11015 = CARTESIAN_POINT('',(4.3180254E+03,169.358733333));
#11016 = CARTESIAN_POINT('',(4.3180254E+03,2.54000000009E-02));
#11017 = ( GEOMETRIC_REPRESENTATION_CONTEXT(2) 
PARAMETRIC_REPRESENTATION_CONTEXT() REPRESENTATION_CONTEXT('2D SPACE',''
  ) );
#11018 = PCURVE('',#10789,#11019);
#11019 = DEFINITIONAL_REPRESENTATION('',(#11020),#11025);
#11020 = B_SPLINE_CURVE_WITH_KNOTS('',3,(#11021,#11022,#11023,#11024),
  .UNSPECIFIED.,.F.,.F.,(4,4),(-200.,0.),.PIECEWISE_BEZIER_KNOTS.);
#11021 = CARTESIAN_POINT('',(2.539999999999E-02,2.540000000045E-02));
#11022 = CARTESIAN_POINT('',(169.358733333,2.540000000045E-02));
#11023 = CARTESIAN_POINT('',(338.692066667,2.540000000045E-02));
#11024 = CARTESIAN_POINT('',(508.0254,2.540000000045E-02));
#11025 = ( GEOMETRIC_REPRESENTATION_CONTEXT(2) 
PARAMETRIC_REPRESENTATION_CONTEXT() REPRESENTATION_CONTEXT('2D SPACE',''
  ) );
#11026 = ADVANCED_FACE('',(#11027),#10820,.T.);
#11027 = FACE_BOUND('',#11028,.T.);
#11028 = EDGE_LOOP('',(#11029,#11030,#11031,#11055));
#11029 = ORIENTED_EDGE('',*,*,#10892,.T.);
#11030 = ORIENTED_EDGE('',*,*,#10802,.F.);
#11031 = ORIENTED_EDGE('',*,*,#11032,.F.);
#11032 = EDGE_CURVE('',#10978,#10772,#11033,.T.);
#11033 = SURFACE_CURVE('',#11034,(#11039,#11047),.PCURVE_S1.);
#11034 = B_SPLINE_CURVE_WITH_KNOTS('',3,(#11035,#11036,#11037,#11038),
  .UNSPECIFIED.,.F.,.F.,(4,4),(0.,6.4),.PIECEWISE_BEZIER_KNOTS.);
#11035 = CARTESIAN_POINT('',(2.105E+03,-6.2903904E+03,-5.3836824E+03));
#11036 = CARTESIAN_POINT('',(2.105E+03,-6.284971733333E+03,
    -5.3836824E+03));
#11037 = CARTESIAN_POINT('',(2.105E+03,-6.279553066667E+03,
    -5.3836824E+03));
#11038 = CARTESIAN_POINT('',(2.105E+03,-6.2741344E+03,-5.3836824E+03));
#11039 = PCURVE('',#10820,#11040);
#11040 = DEFINITIONAL_REPRESENTATION('',(#11041),#11046);
#11041 = B_SPLINE_CURVE_WITH_KNOTS('',3,(#11042,#11043,#11044,#11045),
  .UNSPECIFIED.,.F.,.F.,(4,4),(0.,6.4),.PIECEWISE_BEZIER_KNOTS.);
#11042 = CARTESIAN_POINT('',(2.540000000045E-02,2.540000000045E-02));
#11043 = CARTESIAN_POINT('',(2.540000000045E-02,5.444066667));
#11044 = CARTESIAN_POINT('',(2.540000000045E-02,10.862733333));
#11045 = CARTESIAN_POINT('',(2.540000000045E-02,16.2814));
#11046 = ( GEOMETRIC_REPRESENTATION_CONTEXT(2) 
PARAMETRIC_REPRESENTATION_CONTEXT() REPRESENTATION_CONTEXT('2D SPACE',''
  ) );
#11047 = PCURVE('',#10789,#11048);
#11048 = DEFINITIONAL_REPRESENTATION('',(#11049),#11054);
#11049 = B_SPLINE_CURVE_WITH_KNOTS('',3,(#11050,#11051,#11052,#11053),
  .UNSPECIFIED.,.F.,.F.,(4,4),(0.,6.4),.PIECEWISE_BEZIER_KNOTS.);
#11050 = CARTESIAN_POINT('',(508.0254,2.540000000045E-02));
#11051 = CARTESIAN_POINT('',(508.0254,5.444066667));
#11052 = CARTESIAN_POINT('',(508.0254,10.862733333));
#11053 = CARTESIAN_POINT('',(508.0254,16.2814));
#11054 = ( GEOMETRIC_REPRESENTATION_CONTEXT(2) 
PARAMETRIC_REPRESENTATION_CONTEXT() REPRESENTATION_CONTEXT('2D SPACE',''
  ) );
#11055 = ORIENTED_EDGE('',*,*,#10977,.T.);
#11056 = ADVANCED_FACE('',(#11057),#10789,.T.);
#11057 = FACE_BOUND('',#11058,.T.);
#11058 = EDGE_LOOP('',(#11059,#11060,#11061,#11085));
#11059 = ORIENTED_EDGE('',*,*,#11032,.T.);
#11060 = ORIENTED_EDGE('',*,*,#10771,.F.);
#11061 = ORIENTED_EDGE('',*,*,#11062,.T.);
#11062 = EDGE_CURVE('',#10736,#10951,#11063,.T.);
#11063 = SURFACE_CURVE('',#11064,(#11069,#11077),.PCURVE_S1.);
#11064 = B_SPLINE_CURVE_WITH_KNOTS('',3,(#11065,#11066,#11067,#11068),
  .UNSPECIFIED.,.F.,.F.,(4,4),(-6.4,0.),.PIECEWISE_BEZIER_KNOTS.);
#11065 = CARTESIAN_POINT('',(2.613E+03,-6.2741344E+03,-5.3836824E+03));
#11066 = CARTESIAN_POINT('',(2.613E+03,-6.279553066667E+03,
    -5.3836824E+03));
#11067 = CARTESIAN_POINT('',(2.613E+03,-6.284971733333E+03,
    -5.3836824E+03));
#11068 = CARTESIAN_POINT('',(2.613E+03,-6.2903904E+03,-5.3836824E+03));
#11069 = PCURVE('',#10789,#11070);
#11070 = DEFINITIONAL_REPRESENTATION('',(#11071),#11076);
#11071 = B_SPLINE_CURVE_WITH_KNOTS('',3,(#11072,#11073,#11074,#11075),
  .UNSPECIFIED.,.F.,.F.,(4,4),(-6.4,0.),.PIECEWISE_BEZIER_KNOTS.);
#11072 = CARTESIAN_POINT('',(2.539999999999E-02,16.2814));
#11073 = CARTESIAN_POINT('',(2.539999999999E-02,10.862733333));
#11074 = CARTESIAN_POINT('',(2.539999999999E-02,5.444066667));
#11075 = CARTESIAN_POINT('',(2.539999999999E-02,2.540000000045E-02));
#11076 = ( GEOMETRIC_REPRESENTATION_CONTEXT(2) 
PARAMETRIC_REPRESENTATION_CONTEXT() REPRESENTATION_CONTEXT('2D SPACE',''
  ) );
#11077 = PCURVE('',#10758,#11078);
#11078 = DEFINITIONAL_REPRESENTATION('',(#11079),#11084);
#11079 = B_SPLINE_CURVE_WITH_KNOTS('',3,(#11080,#11081,#11082,#11083),
  .UNSPECIFIED.,.F.,.F.,(4,4),(-6.4,0.),.PIECEWISE_BEZIER_KNOTS.);
#11080 = CARTESIAN_POINT('',(4.3180254E+03,16.281400000001));
#11081 = CARTESIAN_POINT('',(4.3180254E+03,10.862733333001));
#11082 = CARTESIAN_POINT('',(4.3180254E+03,5.444066667001));
#11083 = CARTESIAN_POINT('',(4.3180254E+03,2.540000000135E-02));
#11084 = ( GEOMETRIC_REPRESENTATION_CONTEXT(2) 
PARAMETRIC_REPRESENTATION_CONTEXT() REPRESENTATION_CONTEXT('2D SPACE',''
  ) );
#11085 = ORIENTED_EDGE('',*,*,#11003,.T.);
#11086 = ADVANCED_FACE('',(#11087),#10758,.T.);
#11087 = FACE_BOUND('',#11088,.T.);
#11088 = EDGE_LOOP('',(#11089,#11090,#11091,#11092));
#11089 = ORIENTED_EDGE('',*,*,#11062,.F.);
#11090 = ORIENTED_EDGE('',*,*,#10733,.F.);
#11091 = ORIENTED_EDGE('',*,*,#10865,.F.);
#11092 = ORIENTED_EDGE('',*,*,#10950,.T.);
#11093 = ORIENTED_CLOSED_SHELL('',*,#11094,.F.);
#11094 = CLOSED_SHELL('',(#11095,#11227,#11312,#11392,#11422,#11452));
#11095 = ADVANCED_FACE('',(#11096),#11111,.T.);
#11096 = FACE_BOUND('',#11097,.T.);
#11097 = EDGE_LOOP('',(#11098,#11136,#11167,#11198));
#11098 = ORIENTED_EDGE('',*,*,#11099,.T.);
#11099 = EDGE_CURVE('',#11100,#11102,#11104,.T.);
#11100 = VERTEX_POINT('',#11101);
#11101 = CARTESIAN_POINT('',(191.872,-3.8692624E+03,-1.0656824E+03));
#11102 = VERTEX_POINT('',#11103);
#11103 = CARTESIAN_POINT('',(191.872,-3.8692624E+03,-5.3836824E+03));
#11104 = SURFACE_CURVE('',#11105,(#11110,#11123),.PCURVE_S1.);
#11105 = B_SPLINE_CURVE_WITH_KNOTS('',3,(#11106,#11107,#11108,#11109),
  .UNSPECIFIED.,.F.,.F.,(4,4),(0.,1.7E+03),.PIECEWISE_BEZIER_KNOTS.);
#11106 = CARTESIAN_POINT('',(191.872,-3.8692624E+03,-1.0656824E+03));
#11107 = CARTESIAN_POINT('',(191.872,-3.8692624E+03,-2.505015733333E+03)
  );
#11108 = CARTESIAN_POINT('',(191.872,-3.8692624E+03,-3.944349066667E+03)
  );
#11109 = CARTESIAN_POINT('',(191.872,-3.8692624E+03,-5.3836824E+03));
#11110 = PCURVE('',#11111,#11116);
#11111 = PLANE('',#11112);
#11112 = AXIS2_PLACEMENT_3D('',#11113,#11114,#11115);
#11113 = CARTESIAN_POINT('',(191.872,-4.3772878E+03,-5.3837078E+03));
#11114 = DIRECTION('',(-1.,0.,2.22044604925E-16));
#11115 = DIRECTION('',(2.22044604925E-16,2.22045E-16,1.));
#11116 = DEFINITIONAL_REPRESENTATION('',(#11117),#11122);
#11117 = B_SPLINE_CURVE_WITH_KNOTS('',3,(#11118,#11119,#11120,#11121),
  .UNSPECIFIED.,.F.,.F.,(4,4),(0.,1.7E+03),.PIECEWISE_BEZIER_KNOTS.);
#11118 = CARTESIAN_POINT('',(4.3180254E+03,508.0254));
#11119 = CARTESIAN_POINT('',(2.878692066667E+03,508.0254));
#11120 = CARTESIAN_POINT('',(1.439358733333E+03,508.0254));
#11121 = CARTESIAN_POINT('',(2.540000000045E-02,508.0254));
#11122 = ( GEOMETRIC_REPRESENTATION_CONTEXT(2) 
PARAMETRIC_REPRESENTATION_CONTEXT() REPRESENTATION_CONTEXT('2D SPACE',''
  ) );
#11123 = PCURVE('',#11124,#11129);
#11124 = PLANE('',#11125);
#11125 = AXIS2_PLACEMENT_3D('',#11126,#11127,#11128);
#11126 = CARTESIAN_POINT('',(208.1534,-3.8692624E+03,-1.065657E+03));
#11127 = DIRECTION('',(-1.403758637667E-32,1.,-6.321966877517E-17));
#11128 = DIRECTION('',(-2.22044604925E-16,-6.321966877517E-17,-1.));
#11129 = DEFINITIONAL_REPRESENTATION('',(#11130),#11135);
#11130 = B_SPLINE_CURVE_WITH_KNOTS('',3,(#11131,#11132,#11133,#11134),
  .UNSPECIFIED.,.F.,.F.,(4,4),(0.,1.7E+03),.PIECEWISE_BEZIER_KNOTS.);
#11131 = CARTESIAN_POINT('',(2.539999999999E-02,16.2814));
#11132 = CARTESIAN_POINT('',(1.439358733333E+03,16.2814));
#11133 = CARTESIAN_POINT('',(2.878692066667E+03,16.281399999999));
#11134 = CARTESIAN_POINT('',(4.3180254E+03,16.281399999999));
#11135 = ( GEOMETRIC_REPRESENTATION_CONTEXT(2) 
PARAMETRIC_REPRESENTATION_CONTEXT() REPRESENTATION_CONTEXT('2D SPACE',''
  ) );
#11136 = ORIENTED_EDGE('',*,*,#11137,.T.);
#11137 = EDGE_CURVE('',#11102,#11138,#11140,.T.);
#11138 = VERTEX_POINT('',#11139);
#11139 = CARTESIAN_POINT('',(191.872,-4.3772624E+03,-5.3836824E+03));
#11140 = SURFACE_CURVE('',#11141,(#11146,#11154),.PCURVE_S1.);
#11141 = B_SPLINE_CURVE_WITH_KNOTS('',3,(#11142,#11143,#11144,#11145),
  .UNSPECIFIED.,.F.,.F.,(4,4),(0.,200.),.PIECEWISE_BEZIER_KNOTS.);
#11142 = CARTESIAN_POINT('',(191.872,-3.8692624E+03,-5.3836824E+03));
#11143 = CARTESIAN_POINT('',(191.872,-4.038595733333E+03,-5.3836824E+03)
  );
#11144 = CARTESIAN_POINT('',(191.872,-4.207929066667E+03,-5.3836824E+03)
  );
#11145 = CARTESIAN_POINT('',(191.872,-4.3772624E+03,-5.3836824E+03));
#11146 = PCURVE('',#11111,#11147);
#11147 = DEFINITIONAL_REPRESENTATION('',(#11148),#11153);
#11148 = B_SPLINE_CURVE_WITH_KNOTS('',3,(#11149,#11150,#11151,#11152),
  .UNSPECIFIED.,.F.,.F.,(4,4),(0.,200.),.PIECEWISE_BEZIER_KNOTS.);
#11149 = CARTESIAN_POINT('',(2.540000000045E-02,508.0254));
#11150 = CARTESIAN_POINT('',(2.540000000045E-02,338.692066667));
#11151 = CARTESIAN_POINT('',(2.540000000045E-02,169.358733333));
#11152 = CARTESIAN_POINT('',(2.540000000045E-02,2.539999999954E-02));
#11153 = ( GEOMETRIC_REPRESENTATION_CONTEXT(2) 
PARAMETRIC_REPRESENTATION_CONTEXT() REPRESENTATION_CONTEXT('2D SPACE',''
  ) );
#11154 = PCURVE('',#11155,#11160);
#11155 = PLANE('',#11156);
#11156 = AXIS2_PLACEMENT_3D('',#11157,#11158,#11159);
#11157 = CARTESIAN_POINT('',(208.1534,-3.869237E+03,-5.3836824E+03));
#11158 = DIRECTION('',(-2.22044604925E-16,-2.22045E-16,-1.));
#11159 = DIRECTION('',(4.930389430058E-32,-1.,2.22045E-16));
#11160 = DEFINITIONAL_REPRESENTATION('',(#11161),#11166);
#11161 = B_SPLINE_CURVE_WITH_KNOTS('',3,(#11162,#11163,#11164,#11165),
  .UNSPECIFIED.,.F.,.F.,(4,4),(0.,200.),.PIECEWISE_BEZIER_KNOTS.);
#11162 = CARTESIAN_POINT('',(2.539999999999E-02,16.2814));
#11163 = CARTESIAN_POINT('',(169.358733333,16.2814));
#11164 = CARTESIAN_POINT('',(338.692066667,16.2814));
#11165 = CARTESIAN_POINT('',(508.0254,16.2814));
#11166 = ( GEOMETRIC_REPRESENTATION_CONTEXT(2) 
PARAMETRIC_REPRESENTATION_CONTEXT() REPRESENTATION_CONTEXT('2D SPACE',''
  ) );
#11167 = ORIENTED_EDGE('',*,*,#11168,.T.);
#11168 = EDGE_CURVE('',#11138,#11169,#11171,.T.);
#11169 = VERTEX_POINT('',#11170);
#11170 = CARTESIAN_POINT('',(191.872,-4.3772624E+03,-1.0656824E+03));
#11171 = SURFACE_CURVE('',#11172,(#11177,#11185),.PCURVE_S1.);
#11172 = B_SPLINE_CURVE_WITH_KNOTS('',3,(#11173,#11174,#11175,#11176),
  .UNSPECIFIED.,.F.,.F.,(4,4),(0.,1.7E+03),.PIECEWISE_BEZIER_KNOTS.);
#11173 = CARTESIAN_POINT('',(191.872,-4.3772624E+03,-5.3836824E+03));
#11174 = CARTESIAN_POINT('',(191.872,-4.3772624E+03,-3.944349066667E+03)
  );
#11175 = CARTESIAN_POINT('',(191.872,-4.3772624E+03,-2.505015733333E+03)
  );
#11176 = CARTESIAN_POINT('',(191.872,-4.3772624E+03,-1.0656824E+03));
#11177 = PCURVE('',#11111,#11178);
#11178 = DEFINITIONAL_REPRESENTATION('',(#11179),#11184);
#11179 = B_SPLINE_CURVE_WITH_KNOTS('',3,(#11180,#11181,#11182,#11183),
  .UNSPECIFIED.,.F.,.F.,(4,4),(0.,1.7E+03),.PIECEWISE_BEZIER_KNOTS.);
#11180 = CARTESIAN_POINT('',(2.540000000045E-02,2.539999999954E-02));
#11181 = CARTESIAN_POINT('',(1.439358733333E+03,2.539999999954E-02));
#11182 = CARTESIAN_POINT('',(2.878692066667E+03,2.539999999954E-02));
#11183 = CARTESIAN_POINT('',(4.3180254E+03,2.539999999863E-02));
#11184 = ( GEOMETRIC_REPRESENTATION_CONTEXT(2) 
PARAMETRIC_REPRESENTATION_CONTEXT() REPRESENTATION_CONTEXT('2D SPACE',''
  ) );
#11185 = PCURVE('',#11186,#11191);
#11186 = PLANE('',#11187);
#11187 = AXIS2_PLACEMENT_3D('',#11188,#11189,#11190);
#11188 = CARTESIAN_POINT('',(208.1534,-4.3772624E+03,-5.3837078E+03));
#11189 = DIRECTION('',(1.16124267209E-31,-1.,5.229772065313E-16));
#11190 = DIRECTION('',(2.22044604925E-16,5.229772065313E-16,1.));
#11191 = DEFINITIONAL_REPRESENTATION('',(#11192),#11197);
#11192 = B_SPLINE_CURVE_WITH_KNOTS('',3,(#11193,#11194,#11195,#11196),
  .UNSPECIFIED.,.F.,.F.,(4,4),(0.,1.7E+03),.PIECEWISE_BEZIER_KNOTS.);
#11193 = CARTESIAN_POINT('',(2.540000000045E-02,16.2814));
#11194 = CARTESIAN_POINT('',(1.439358733333E+03,16.2814));
#11195 = CARTESIAN_POINT('',(2.878692066667E+03,16.281400000001));
#11196 = CARTESIAN_POINT('',(4.3180254E+03,16.281400000001));
#11197 = ( GEOMETRIC_REPRESENTATION_CONTEXT(2) 
PARAMETRIC_REPRESENTATION_CONTEXT() REPRESENTATION_CONTEXT('2D SPACE',''
  ) );
#11198 = ORIENTED_EDGE('',*,*,#11199,.T.);
#11199 = EDGE_CURVE('',#11169,#11100,#11200,.T.);
#11200 = SURFACE_CURVE('',#11201,(#11206,#11214),.PCURVE_S1.);
#11201 = B_SPLINE_CURVE_WITH_KNOTS('',3,(#11202,#11203,#11204,#11205),
  .UNSPECIFIED.,.F.,.F.,(4,4),(0.,199.99999999999),
  .PIECEWISE_BEZIER_KNOTS.);
#11202 = CARTESIAN_POINT('',(191.872,-4.3772624E+03,-1.0656824E+03));
#11203 = CARTESIAN_POINT('',(191.872,-4.207929066667E+03,-1.0656824E+03)
  );
#11204 = CARTESIAN_POINT('',(191.872,-4.038595733333E+03,-1.0656824E+03)
  );
#11205 = CARTESIAN_POINT('',(191.872,-3.8692624E+03,-1.0656824E+03));
#11206 = PCURVE('',#11111,#11207);
#11207 = DEFINITIONAL_REPRESENTATION('',(#11208),#11213);
#11208 = B_SPLINE_CURVE_WITH_KNOTS('',3,(#11209,#11210,#11211,#11212),
  .UNSPECIFIED.,.F.,.F.,(4,4),(0.,199.99999999999),
  .PIECEWISE_BEZIER_KNOTS.);
#11209 = CARTESIAN_POINT('',(4.3180254E+03,2.539999999863E-02));
#11210 = CARTESIAN_POINT('',(4.3180254E+03,169.35873333299));
#11211 = CARTESIAN_POINT('',(4.3180254E+03,338.692066667));
#11212 = CARTESIAN_POINT('',(4.3180254E+03,508.0254));
#11213 = ( GEOMETRIC_REPRESENTATION_CONTEXT(2) 
PARAMETRIC_REPRESENTATION_CONTEXT() REPRESENTATION_CONTEXT('2D SPACE',''
  ) );
#11214 = PCURVE('',#11215,#11220);
#11215 = PLANE('',#11216);
#11216 = AXIS2_PLACEMENT_3D('',#11217,#11218,#11219);
#11217 = CARTESIAN_POINT('',(208.1534,-4.3772878E+03,-1.0656824E+03));
#11218 = DIRECTION('',(2.22044604925E-16,2.22045E-16,1.));
#11219 = DIRECTION('',(-4.930389430058E-32,1.,-2.22045E-16));
#11220 = DEFINITIONAL_REPRESENTATION('',(#11221),#11226);
#11221 = B_SPLINE_CURVE_WITH_KNOTS('',3,(#11222,#11223,#11224,#11225),
  .UNSPECIFIED.,.F.,.F.,(4,4),(0.,199.99999999999),
  .PIECEWISE_BEZIER_KNOTS.);
#11222 = CARTESIAN_POINT('',(2.539999999954E-02,16.2814));
#11223 = CARTESIAN_POINT('',(169.358733333,16.2814));
#11224 = CARTESIAN_POINT('',(338.692066667,16.2814));
#11225 = CARTESIAN_POINT('',(508.0254,16.2814));
#11226 = ( GEOMETRIC_REPRESENTATION_CONTEXT(2) 
PARAMETRIC_REPRESENTATION_CONTEXT() REPRESENTATION_CONTEXT('2D SPACE',''
  ) );
#11227 = ADVANCED_FACE('',(#11228),#11215,.T.);
#11228 = FACE_BOUND('',#11229,.T.);
#11229 = EDGE_LOOP('',(#11230,#11256,#11257,#11283));
#11230 = ORIENTED_EDGE('',*,*,#11231,.T.);
#11231 = EDGE_CURVE('',#11232,#11100,#11234,.T.);
#11232 = VERTEX_POINT('',#11233);
#11233 = CARTESIAN_POINT('',(208.128,-3.8692624E+03,-1.0656824E+03));
#11234 = SURFACE_CURVE('',#11235,(#11240,#11248),.PCURVE_S1.);
#11235 = B_SPLINE_CURVE_WITH_KNOTS('',3,(#11236,#11237,#11238,#11239),
  .UNSPECIFIED.,.F.,.F.,(4,4),(-6.4,0.),.PIECEWISE_BEZIER_KNOTS.);
#11236 = CARTESIAN_POINT('',(208.128,-3.8692624E+03,-1.0656824E+03));
#11237 = CARTESIAN_POINT('',(202.709333333,-3.8692624E+03,-1.0656824E+03
    ));
#11238 = CARTESIAN_POINT('',(197.290666667,-3.8692624E+03,-1.0656824E+03
    ));
#11239 = CARTESIAN_POINT('',(191.872,-3.8692624E+03,-1.0656824E+03));
#11240 = PCURVE('',#11215,#11241);
#11241 = DEFINITIONAL_REPRESENTATION('',(#11242),#11247);
#11242 = B_SPLINE_CURVE_WITH_KNOTS('',3,(#11243,#11244,#11245,#11246),
  .UNSPECIFIED.,.F.,.F.,(4,4),(-6.4,0.),.PIECEWISE_BEZIER_KNOTS.);
#11243 = CARTESIAN_POINT('',(508.0254,2.539999999996E-02));
#11244 = CARTESIAN_POINT('',(508.0254,5.444066667));
#11245 = CARTESIAN_POINT('',(508.0254,10.862733333));
#11246 = CARTESIAN_POINT('',(508.0254,16.2814));
#11247 = ( GEOMETRIC_REPRESENTATION_CONTEXT(2) 
PARAMETRIC_REPRESENTATION_CONTEXT() REPRESENTATION_CONTEXT('2D SPACE',''
  ) );
#11248 = PCURVE('',#11124,#11249);
#11249 = DEFINITIONAL_REPRESENTATION('',(#11250),#11255);
#11250 = B_SPLINE_CURVE_WITH_KNOTS('',3,(#11251,#11252,#11253,#11254),
  .UNSPECIFIED.,.F.,.F.,(4,4),(-6.4,0.),.PIECEWISE_BEZIER_KNOTS.);
#11251 = CARTESIAN_POINT('',(2.539999999999E-02,2.539999999996E-02));
#11252 = CARTESIAN_POINT('',(2.539999999999E-02,5.444066667));
#11253 = CARTESIAN_POINT('',(2.539999999999E-02,10.862733333));
#11254 = CARTESIAN_POINT('',(2.539999999999E-02,16.2814));
#11255 = ( GEOMETRIC_REPRESENTATION_CONTEXT(2) 
PARAMETRIC_REPRESENTATION_CONTEXT() REPRESENTATION_CONTEXT('2D SPACE',''
  ) );
#11256 = ORIENTED_EDGE('',*,*,#11199,.F.);
#11257 = ORIENTED_EDGE('',*,*,#11258,.F.);
#11258 = EDGE_CURVE('',#11259,#11169,#11261,.T.);
#11259 = VERTEX_POINT('',#11260);
#11260 = CARTESIAN_POINT('',(208.128,-4.3772624E+03,-1.0656824E+03));
#11261 = SURFACE_CURVE('',#11262,(#11267,#11275),.PCURVE_S1.);
#11262 = B_SPLINE_CURVE_WITH_KNOTS('',3,(#11263,#11264,#11265,#11266),
  .UNSPECIFIED.,.F.,.F.,(4,4),(0.,6.4),.PIECEWISE_BEZIER_KNOTS.);
#11263 = CARTESIAN_POINT('',(208.128,-4.3772624E+03,-1.0656824E+03));
#11264 = CARTESIAN_POINT('',(202.709333333,-4.3772624E+03,-1.0656824E+03
    ));
#11265 = CARTESIAN_POINT('',(197.290666667,-4.3772624E+03,-1.0656824E+03
    ));
#11266 = CARTESIAN_POINT('',(191.872,-4.3772624E+03,-1.0656824E+03));
#11267 = PCURVE('',#11215,#11268);
#11268 = DEFINITIONAL_REPRESENTATION('',(#11269),#11274);
#11269 = B_SPLINE_CURVE_WITH_KNOTS('',3,(#11270,#11271,#11272,#11273),
  .UNSPECIFIED.,.F.,.F.,(4,4),(0.,6.4),.PIECEWISE_BEZIER_KNOTS.);
#11270 = CARTESIAN_POINT('',(2.539999999954E-02,2.539999999996E-02));
#11271 = CARTESIAN_POINT('',(2.539999999954E-02,5.444066667));
#11272 = CARTESIAN_POINT('',(2.539999999954E-02,10.862733333));
#11273 = CARTESIAN_POINT('',(2.539999999954E-02,16.2814));
#11274 = ( GEOMETRIC_REPRESENTATION_CONTEXT(2) 
PARAMETRIC_REPRESENTATION_CONTEXT() REPRESENTATION_CONTEXT('2D SPACE',''
  ) );
#11275 = PCURVE('',#11186,#11276);
#11276 = DEFINITIONAL_REPRESENTATION('',(#11277),#11282);
#11277 = B_SPLINE_CURVE_WITH_KNOTS('',3,(#11278,#11279,#11280,#11281),
  .UNSPECIFIED.,.F.,.F.,(4,4),(0.,6.4),.PIECEWISE_BEZIER_KNOTS.);
#11278 = CARTESIAN_POINT('',(4.3180254E+03,2.540000000093E-02));
#11279 = CARTESIAN_POINT('',(4.3180254E+03,5.444066667001));
#11280 = CARTESIAN_POINT('',(4.3180254E+03,10.862733333001));
#11281 = CARTESIAN_POINT('',(4.3180254E+03,16.281400000001));
#11282 = ( GEOMETRIC_REPRESENTATION_CONTEXT(2) 
PARAMETRIC_REPRESENTATION_CONTEXT() REPRESENTATION_CONTEXT('2D SPACE',''
  ) );
#11283 = ORIENTED_EDGE('',*,*,#11284,.T.);
#11284 = EDGE_CURVE('',#11259,#11232,#11285,.T.);
#11285 = SURFACE_CURVE('',#11286,(#11291,#11299),.PCURVE_S1.);
#11286 = B_SPLINE_CURVE_WITH_KNOTS('',3,(#11287,#11288,#11289,#11290),
  .UNSPECIFIED.,.F.,.F.,(4,4),(-199.9999999999,0.),
  .PIECEWISE_BEZIER_KNOTS.);
#11287 = CARTESIAN_POINT('',(208.128,-4.3772624E+03,-1.0656824E+03));
#11288 = CARTESIAN_POINT('',(208.128,-4.207929066667E+03,-1.0656824E+03)
  );
#11289 = CARTESIAN_POINT('',(208.128,-4.038595733333E+03,-1.0656824E+03)
  );
#11290 = CARTESIAN_POINT('',(208.128,-3.8692624E+03,-1.0656824E+03));
#11291 = PCURVE('',#11215,#11292);
#11292 = DEFINITIONAL_REPRESENTATION('',(#11293),#11298);
#11293 = B_SPLINE_CURVE_WITH_KNOTS('',3,(#11294,#11295,#11296,#11297),
  .UNSPECIFIED.,.F.,.F.,(4,4),(-199.9999999999,0.),
  .PIECEWISE_BEZIER_KNOTS.);
#11294 = CARTESIAN_POINT('',(2.539999999954E-02,2.539999999996E-02));
#11295 = CARTESIAN_POINT('',(169.358733333,2.539999999996E-02));
#11296 = CARTESIAN_POINT('',(338.692066667,2.539999999996E-02));
#11297 = CARTESIAN_POINT('',(508.0254,2.539999999996E-02));
#11298 = ( GEOMETRIC_REPRESENTATION_CONTEXT(2) 
PARAMETRIC_REPRESENTATION_CONTEXT() REPRESENTATION_CONTEXT('2D SPACE',''
  ) );
#11299 = PCURVE('',#11300,#11305);
#11300 = PLANE('',#11301);
#11301 = AXIS2_PLACEMENT_3D('',#11302,#11303,#11304);
#11302 = CARTESIAN_POINT('',(208.128,-4.3772878E+03,-1.065657E+03));
#11303 = DIRECTION('',(1.,0.,-2.22044604925E-16));
#11304 = DIRECTION('',(-2.22044604925E-16,-2.22045E-16,-1.));
#11305 = DEFINITIONAL_REPRESENTATION('',(#11306),#11311);
#11306 = B_SPLINE_CURVE_WITH_KNOTS('',3,(#11307,#11308,#11309,#11310),
  .UNSPECIFIED.,.F.,.F.,(4,4),(-199.9999999999,0.),
  .PIECEWISE_BEZIER_KNOTS.);
#11307 = CARTESIAN_POINT('',(2.539999999999E-02,2.539999999954E-02));
#11308 = CARTESIAN_POINT('',(2.539999999999E-02,169.358733333));
#11309 = CARTESIAN_POINT('',(2.539999999999E-02,338.692066667));
#11310 = CARTESIAN_POINT('',(2.539999999999E-02,508.0254));
#11311 = ( GEOMETRIC_REPRESENTATION_CONTEXT(2) 
PARAMETRIC_REPRESENTATION_CONTEXT() REPRESENTATION_CONTEXT('2D SPACE',''
  ) );
#11312 = ADVANCED_FACE('',(#11313),#11300,.T.);
#11313 = FACE_BOUND('',#11314,.T.);
#11314 = EDGE_LOOP('',(#11315,#11341,#11342,#11368));
#11315 = ORIENTED_EDGE('',*,*,#11316,.F.);
#11316 = EDGE_CURVE('',#11232,#11317,#11319,.T.);
#11317 = VERTEX_POINT('',#11318);
#11318 = CARTESIAN_POINT('',(208.128,-3.8692624E+03,-5.3836824E+03));
#11319 = SURFACE_CURVE('',#11320,(#11325,#11333),.PCURVE_S1.);
#11320 = B_SPLINE_CURVE_WITH_KNOTS('',3,(#11321,#11322,#11323,#11324),
  .UNSPECIFIED.,.F.,.F.,(4,4),(-1.7E+03,0.),.PIECEWISE_BEZIER_KNOTS.);
#11321 = CARTESIAN_POINT('',(208.128,-3.8692624E+03,-1.0656824E+03));
#11322 = CARTESIAN_POINT('',(208.128,-3.8692624E+03,-2.505015733333E+03)
  );
#11323 = CARTESIAN_POINT('',(208.128,-3.8692624E+03,-3.944349066667E+03)
  );
#11324 = CARTESIAN_POINT('',(208.128,-3.8692624E+03,-5.3836824E+03));
#11325 = PCURVE('',#11300,#11326);
#11326 = DEFINITIONAL_REPRESENTATION('',(#11327),#11332);
#11327 = B_SPLINE_CURVE_WITH_KNOTS('',3,(#11328,#11329,#11330,#11331),
  .UNSPECIFIED.,.F.,.F.,(4,4),(-1.7E+03,0.),.PIECEWISE_BEZIER_KNOTS.);
#11328 = CARTESIAN_POINT('',(2.539999999999E-02,508.0254));
#11329 = CARTESIAN_POINT('',(1.439358733333E+03,508.0254));
#11330 = CARTESIAN_POINT('',(2.878692066667E+03,508.0254));
#11331 = CARTESIAN_POINT('',(4.3180254E+03,508.0254));
#11332 = ( GEOMETRIC_REPRESENTATION_CONTEXT(2) 
PARAMETRIC_REPRESENTATION_CONTEXT() REPRESENTATION_CONTEXT('2D SPACE',''
  ) );
#11333 = PCURVE('',#11124,#11334);
#11334 = DEFINITIONAL_REPRESENTATION('',(#11335),#11340);
#11335 = B_SPLINE_CURVE_WITH_KNOTS('',3,(#11336,#11337,#11338,#11339),
  .UNSPECIFIED.,.F.,.F.,(4,4),(-1.7E+03,0.),.PIECEWISE_BEZIER_KNOTS.);
#11336 = CARTESIAN_POINT('',(2.539999999999E-02,2.539999999996E-02));
#11337 = CARTESIAN_POINT('',(1.439358733333E+03,2.539999999962E-02));
#11338 = CARTESIAN_POINT('',(2.878692066667E+03,2.539999999931E-02));
#11339 = CARTESIAN_POINT('',(4.3180254E+03,2.5399999999E-02));
#11340 = ( GEOMETRIC_REPRESENTATION_CONTEXT(2) 
PARAMETRIC_REPRESENTATION_CONTEXT() REPRESENTATION_CONTEXT('2D SPACE',''
  ) );
#11341 = ORIENTED_EDGE('',*,*,#11284,.F.);
#11342 = ORIENTED_EDGE('',*,*,#11343,.F.);
#11343 = EDGE_CURVE('',#11344,#11259,#11346,.T.);
#11344 = VERTEX_POINT('',#11345);
#11345 = CARTESIAN_POINT('',(208.128,-4.3772624E+03,-5.3836824E+03));
#11346 = SURFACE_CURVE('',#11347,(#11352,#11360),.PCURVE_S1.);
#11347 = B_SPLINE_CURVE_WITH_KNOTS('',3,(#11348,#11349,#11350,#11351),
  .UNSPECIFIED.,.F.,.F.,(4,4),(-1.7E+03,0.),.PIECEWISE_BEZIER_KNOTS.);
#11348 = CARTESIAN_POINT('',(208.128,-4.3772624E+03,-5.3836824E+03));
#11349 = CARTESIAN_POINT('',(208.128,-4.3772624E+03,-3.944349066667E+03)
  );
#11350 = CARTESIAN_POINT('',(208.128,-4.3772624E+03,-2.505015733333E+03)
  );
#11351 = CARTESIAN_POINT('',(208.128,-4.3772624E+03,-1.0656824E+03));
#11352 = PCURVE('',#11300,#11353);
#11353 = DEFINITIONAL_REPRESENTATION('',(#11354),#11359);
#11354 = B_SPLINE_CURVE_WITH_KNOTS('',3,(#11355,#11356,#11357,#11358),
  .UNSPECIFIED.,.F.,.F.,(4,4),(-1.7E+03,0.),.PIECEWISE_BEZIER_KNOTS.);
#11355 = CARTESIAN_POINT('',(4.3180254E+03,2.540000000045E-02));
#11356 = CARTESIAN_POINT('',(2.878692066667E+03,2.540000000045E-02));
#11357 = CARTESIAN_POINT('',(1.439358733333E+03,2.540000000045E-02));
#11358 = CARTESIAN_POINT('',(2.539999999999E-02,2.539999999954E-02));
#11359 = ( GEOMETRIC_REPRESENTATION_CONTEXT(2) 
PARAMETRIC_REPRESENTATION_CONTEXT() REPRESENTATION_CONTEXT('2D SPACE',''
  ) );
#11360 = PCURVE('',#11186,#11361);
#11361 = DEFINITIONAL_REPRESENTATION('',(#11362),#11367);
#11362 = B_SPLINE_CURVE_WITH_KNOTS('',3,(#11363,#11364,#11365,#11366),
  .UNSPECIFIED.,.F.,.F.,(4,4),(-1.7E+03,0.),.PIECEWISE_BEZIER_KNOTS.);
#11363 = CARTESIAN_POINT('',(2.540000000045E-02,2.539999999996E-02));
#11364 = CARTESIAN_POINT('',(1.439358733333E+03,2.540000000027E-02));
#11365 = CARTESIAN_POINT('',(2.878692066667E+03,2.540000000059E-02));
#11366 = CARTESIAN_POINT('',(4.3180254E+03,2.540000000093E-02));
#11367 = ( GEOMETRIC_REPRESENTATION_CONTEXT(2) 
PARAMETRIC_REPRESENTATION_CONTEXT() REPRESENTATION_CONTEXT('2D SPACE',''
  ) );
#11368 = ORIENTED_EDGE('',*,*,#11369,.F.);
#11369 = EDGE_CURVE('',#11317,#11344,#11370,.T.);
#11370 = SURFACE_CURVE('',#11371,(#11376,#11384),.PCURVE_S1.);
#11371 = B_SPLINE_CURVE_WITH_KNOTS('',3,(#11372,#11373,#11374,#11375),
  .UNSPECIFIED.,.F.,.F.,(4,4),(-200.,0.),.PIECEWISE_BEZIER_KNOTS.);
#11372 = CARTESIAN_POINT('',(208.128,-3.8692624E+03,-5.3836824E+03));
#11373 = CARTESIAN_POINT('',(208.128,-4.038595733333E+03,-5.3836824E+03)
  );
#11374 = CARTESIAN_POINT('',(208.128,-4.207929066667E+03,-5.3836824E+03)
  );
#11375 = CARTESIAN_POINT('',(208.128,-4.3772624E+03,-5.3836824E+03));
#11376 = PCURVE('',#11300,#11377);
#11377 = DEFINITIONAL_REPRESENTATION('',(#11378),#11383);
#11378 = B_SPLINE_CURVE_WITH_KNOTS('',3,(#11379,#11380,#11381,#11382),
  .UNSPECIFIED.,.F.,.F.,(4,4),(-200.,0.),.PIECEWISE_BEZIER_KNOTS.);
#11379 = CARTESIAN_POINT('',(4.3180254E+03,508.0254));
#11380 = CARTESIAN_POINT('',(4.3180254E+03,338.692066667));
#11381 = CARTESIAN_POINT('',(4.3180254E+03,169.358733333));
#11382 = CARTESIAN_POINT('',(4.3180254E+03,2.540000000045E-02));
#11383 = ( GEOMETRIC_REPRESENTATION_CONTEXT(2) 
PARAMETRIC_REPRESENTATION_CONTEXT() REPRESENTATION_CONTEXT('2D SPACE',''
  ) );
#11384 = PCURVE('',#11155,#11385);
#11385 = DEFINITIONAL_REPRESENTATION('',(#11386),#11391);
#11386 = B_SPLINE_CURVE_WITH_KNOTS('',3,(#11387,#11388,#11389,#11390),
  .UNSPECIFIED.,.F.,.F.,(4,4),(-200.,0.),.PIECEWISE_BEZIER_KNOTS.);
#11387 = CARTESIAN_POINT('',(2.539999999999E-02,2.539999999996E-02));
#11388 = CARTESIAN_POINT('',(169.358733333,2.539999999996E-02));
#11389 = CARTESIAN_POINT('',(338.692066667,2.539999999996E-02));
#11390 = CARTESIAN_POINT('',(508.0254,2.539999999996E-02));
#11391 = ( GEOMETRIC_REPRESENTATION_CONTEXT(2) 
PARAMETRIC_REPRESENTATION_CONTEXT() REPRESENTATION_CONTEXT('2D SPACE',''
  ) );
#11392 = ADVANCED_FACE('',(#11393),#11186,.T.);
#11393 = FACE_BOUND('',#11394,.T.);
#11394 = EDGE_LOOP('',(#11395,#11396,#11397,#11421));
#11395 = ORIENTED_EDGE('',*,*,#11258,.T.);
#11396 = ORIENTED_EDGE('',*,*,#11168,.F.);
#11397 = ORIENTED_EDGE('',*,*,#11398,.F.);
#11398 = EDGE_CURVE('',#11344,#11138,#11399,.T.);
#11399 = SURFACE_CURVE('',#11400,(#11405,#11413),.PCURVE_S1.);
#11400 = B_SPLINE_CURVE_WITH_KNOTS('',3,(#11401,#11402,#11403,#11404),
  .UNSPECIFIED.,.F.,.F.,(4,4),(0.,6.4),.PIECEWISE_BEZIER_KNOTS.);
#11401 = CARTESIAN_POINT('',(208.128,-4.3772624E+03,-5.3836824E+03));
#11402 = CARTESIAN_POINT('',(202.709333333,-4.3772624E+03,-5.3836824E+03
    ));
#11403 = CARTESIAN_POINT('',(197.290666667,-4.3772624E+03,-5.3836824E+03
    ));
#11404 = CARTESIAN_POINT('',(191.872,-4.3772624E+03,-5.3836824E+03));
#11405 = PCURVE('',#11186,#11406);
#11406 = DEFINITIONAL_REPRESENTATION('',(#11407),#11412);
#11407 = B_SPLINE_CURVE_WITH_KNOTS('',3,(#11408,#11409,#11410,#11411),
  .UNSPECIFIED.,.F.,.F.,(4,4),(0.,6.4),.PIECEWISE_BEZIER_KNOTS.);
#11408 = CARTESIAN_POINT('',(2.540000000045E-02,2.539999999996E-02));
#11409 = CARTESIAN_POINT('',(2.540000000045E-02,5.444066667));
#11410 = CARTESIAN_POINT('',(2.540000000045E-02,10.862733333));
#11411 = CARTESIAN_POINT('',(2.540000000045E-02,16.2814));
#11412 = ( GEOMETRIC_REPRESENTATION_CONTEXT(2) 
PARAMETRIC_REPRESENTATION_CONTEXT() REPRESENTATION_CONTEXT('2D SPACE',''
  ) );
#11413 = PCURVE('',#11155,#11414);
#11414 = DEFINITIONAL_REPRESENTATION('',(#11415),#11420);
#11415 = B_SPLINE_CURVE_WITH_KNOTS('',3,(#11416,#11417,#11418,#11419),
  .UNSPECIFIED.,.F.,.F.,(4,4),(0.,6.4),.PIECEWISE_BEZIER_KNOTS.);
#11416 = CARTESIAN_POINT('',(508.0254,2.539999999996E-02));
#11417 = CARTESIAN_POINT('',(508.0254,5.444066667));
#11418 = CARTESIAN_POINT('',(508.0254,10.862733333));
#11419 = CARTESIAN_POINT('',(508.0254,16.2814));
#11420 = ( GEOMETRIC_REPRESENTATION_CONTEXT(2) 
PARAMETRIC_REPRESENTATION_CONTEXT() REPRESENTATION_CONTEXT('2D SPACE',''
  ) );
#11421 = ORIENTED_EDGE('',*,*,#11343,.T.);
#11422 = ADVANCED_FACE('',(#11423),#11155,.T.);
#11423 = FACE_BOUND('',#11424,.T.);
#11424 = EDGE_LOOP('',(#11425,#11426,#11427,#11451));
#11425 = ORIENTED_EDGE('',*,*,#11398,.T.);
#11426 = ORIENTED_EDGE('',*,*,#11137,.F.);
#11427 = ORIENTED_EDGE('',*,*,#11428,.T.);
#11428 = EDGE_CURVE('',#11102,#11317,#11429,.T.);
#11429 = SURFACE_CURVE('',#11430,(#11435,#11443),.PCURVE_S1.);
#11430 = B_SPLINE_CURVE_WITH_KNOTS('',3,(#11431,#11432,#11433,#11434),
  .UNSPECIFIED.,.F.,.F.,(4,4),(-6.4,0.),.PIECEWISE_BEZIER_KNOTS.);
#11431 = CARTESIAN_POINT('',(191.872,-3.8692624E+03,-5.3836824E+03));
#11432 = CARTESIAN_POINT('',(197.290666667,-3.8692624E+03,-5.3836824E+03
    ));
#11433 = CARTESIAN_POINT('',(202.709333333,-3.8692624E+03,-5.3836824E+03
    ));
#11434 = CARTESIAN_POINT('',(208.128,-3.8692624E+03,-5.3836824E+03));
#11435 = PCURVE('',#11155,#11436);
#11436 = DEFINITIONAL_REPRESENTATION('',(#11437),#11442);
#11437 = B_SPLINE_CURVE_WITH_KNOTS('',3,(#11438,#11439,#11440,#11441),
  .UNSPECIFIED.,.F.,.F.,(4,4),(-6.4,0.),.PIECEWISE_BEZIER_KNOTS.);
#11438 = CARTESIAN_POINT('',(2.539999999999E-02,16.2814));
#11439 = CARTESIAN_POINT('',(2.539999999999E-02,10.862733333));
#11440 = CARTESIAN_POINT('',(2.539999999999E-02,5.444066667));
#11441 = CARTESIAN_POINT('',(2.539999999999E-02,2.539999999996E-02));
#11442 = ( GEOMETRIC_REPRESENTATION_CONTEXT(2) 
PARAMETRIC_REPRESENTATION_CONTEXT() REPRESENTATION_CONTEXT('2D SPACE',''
  ) );
#11443 = PCURVE('',#11124,#11444);
#11444 = DEFINITIONAL_REPRESENTATION('',(#11445),#11450);
#11445 = B_SPLINE_CURVE_WITH_KNOTS('',3,(#11446,#11447,#11448,#11449),
  .UNSPECIFIED.,.F.,.F.,(4,4),(-6.4,0.),.PIECEWISE_BEZIER_KNOTS.);
#11446 = CARTESIAN_POINT('',(4.3180254E+03,16.281399999999));
#11447 = CARTESIAN_POINT('',(4.3180254E+03,10.862733332999));
#11448 = CARTESIAN_POINT('',(4.3180254E+03,5.444066666999));
#11449 = CARTESIAN_POINT('',(4.3180254E+03,2.5399999999E-02));
#11450 = ( GEOMETRIC_REPRESENTATION_CONTEXT(2) 
PARAMETRIC_REPRESENTATION_CONTEXT() REPRESENTATION_CONTEXT('2D SPACE',''
  ) );
#11451 = ORIENTED_EDGE('',*,*,#11369,.T.);
#11452 = ADVANCED_FACE('',(#11453),#11124,.T.);
#11453 = FACE_BOUND('',#11454,.T.);
#11454 = EDGE_LOOP('',(#11455,#11456,#11457,#11458));
#11455 = ORIENTED_EDGE('',*,*,#11428,.F.);
#11456 = ORIENTED_EDGE('',*,*,#11099,.F.);
#11457 = ORIENTED_EDGE('',*,*,#11231,.F.);
#11458 = ORIENTED_EDGE('',*,*,#11316,.T.);
#11459 = ( GEOMETRIC_REPRESENTATION_CONTEXT(3) 
GLOBAL_UNCERTAINTY_ASSIGNED_CONTEXT((#11463)) 
GLOBAL_UNIT_ASSIGNED_CONTEXT((#11460,#11461,#11462)) 
REPRESENTATION_CONTEXT('Context #1',
  '3D Context with UNIT and UNCERTAINTY') );
#11460 = ( LENGTH_UNIT() NAMED_UNIT(*) SI_UNIT(.MILLI.,.METRE.) );
#11461 = ( NAMED_UNIT(*) PLANE_ANGLE_UNIT() SI_UNIT($,.RADIAN.) );
#11462 = ( NAMED_UNIT(*) SI_UNIT($,.STERADIAN.) SOLID_ANGLE_UNIT() );
#11463 = UNCERTAINTY_MEASURE_WITH_UNIT(LENGTH_MEASURE(1.E-07),#11460,
  'distance_accuracy_value','confusion accuracy');
#11464 = PRODUCT_RELATED_PRODUCT_CATEGORY('part',$,(#7));
ENDSEC;
END-ISO-10303-21;
