ISO-10303-21;
HEADER;
FILE_DESCRIPTION(('Open CASCADE Model'),'2;1');
FILE_NAME('Open CASCADE Shape Model','2026-07-23T00:50:50',('Author'),(
    'Open CASCADE'),'Open CASCADE STEP processor 7.9','Open CASCADE 7.9'
  ,'Unknown');
FILE_SCHEMA(('AUTOMOTIVE_DESIGN { 1 0 10303 214 1 1 1 1 }'));
ENDSEC;
DATA;
#1 = APPLICATION_PROTOCOL_DEFINITION('international standard',
  'automotive_design',2000,#2);
#2 = APPLICATION_CONTEXT(
  'core data for automotive mechanical design processes');
#3 = SHAPE_DEFINITION_REPRESENTATION(#4,#10);
#4 = PRODUCT_DEFINITION_SHAPE('','',#5);
#5 = PRODUCT_DEFINITION('design','',#6,#9);
#6 = PRODUCT_DEFINITION_FORMATION('','',#7);
#7 = PRODUCT('Open CASCADE STEP translator 7.9 2',
  'Open CASCADE STEP translator 7.9 2','',(#8));
#8 = PRODUCT_CONTEXT('',#2,'mechanical');
#9 = PRODUCT_DEFINITION_CONTEXT('part definition',#2,'design');
#10 = ADVANCED_BREP_SHAPE_REPRESENTATION('',(#11,#15),#2100);
#11 = AXIS2_PLACEMENT_3D('',#12,#13,#14);
#12 = CARTESIAN_POINT('',(0.,0.,0.));
#13 = DIRECTION('',(0.,0.,1.));
#14 = DIRECTION('',(1.,0.,-0.));
#15 = MANIFOLD_SOLID_BREP('',#16);
#16 = CLOSED_SHELL('',(#17,#105,#233,#237,#589,#966,#1383,#1760,#1804,
    #1859,#1914,#1970,#2025,#2080,#2084,#2088,#2092,#2096));
#17 = ADVANCED_FACE('',(#18),#32,.T.);
#18 = FACE_BOUND('',#19,.F.);
#19 = EDGE_LOOP('',(#20,#50,#77,#78));
#20 = ORIENTED_EDGE('',*,*,#21,.T.);
#21 = EDGE_CURVE('',#22,#24,#26,.T.);
#22 = VERTEX_POINT('',#23);
#23 = CARTESIAN_POINT('',(60.,0.,45.));
#24 = VERTEX_POINT('',#25);
#25 = CARTESIAN_POINT('',(60.,0.,165.));
#26 = SEAM_CURVE('',#27,(#31,#43),.PCURVE_S1.);
#27 = LINE('',#28,#29);
#28 = CARTESIAN_POINT('',(60.,0.,45.));
#29 = VECTOR('',#30,1.);
#30 = DIRECTION('',(0.,0.,1.));
#31 = PCURVE('',#32,#37);
#32 = CYLINDRICAL_SURFACE('',#33,60.);
#33 = AXIS2_PLACEMENT_3D('',#34,#35,#36);
#34 = CARTESIAN_POINT('',(0.,0.,45.));
#35 = DIRECTION('',(-0.,-0.,-1.));
#36 = DIRECTION('',(1.,0.,0.));
#37 = DEFINITIONAL_REPRESENTATION('',(#38),#42);
#38 = LINE('',#39,#40);
#39 = CARTESIAN_POINT('',(-0.,0.));
#40 = VECTOR('',#41,1.);
#41 = DIRECTION('',(-0.,-1.));
#42 = ( GEOMETRIC_REPRESENTATION_CONTEXT(2) 
PARAMETRIC_REPRESENTATION_CONTEXT() REPRESENTATION_CONTEXT('2D SPACE',''
  ) );
#43 = PCURVE('',#32,#44);
#44 = DEFINITIONAL_REPRESENTATION('',(#45),#49);
#45 = LINE('',#46,#47);
#46 = CARTESIAN_POINT('',(-6.28318530718,0.));
#47 = VECTOR('',#48,1.);
#48 = DIRECTION('',(-0.,-1.));
#49 = ( GEOMETRIC_REPRESENTATION_CONTEXT(2) 
PARAMETRIC_REPRESENTATION_CONTEXT() REPRESENTATION_CONTEXT('2D SPACE',''
  ) );
#50 = ORIENTED_EDGE('',*,*,#51,.T.);
#51 = EDGE_CURVE('',#24,#24,#52,.T.);
#52 = SURFACE_CURVE('',#53,(#58,#65),.PCURVE_S1.);
#53 = CIRCLE('',#54,60.);
#54 = AXIS2_PLACEMENT_3D('',#55,#56,#57);
#55 = CARTESIAN_POINT('',(0.,0.,165.));
#56 = DIRECTION('',(0.,0.,1.));
#57 = DIRECTION('',(1.,0.,0.));
#58 = PCURVE('',#32,#59);
#59 = DEFINITIONAL_REPRESENTATION('',(#60),#64);
#60 = LINE('',#61,#62);
#61 = CARTESIAN_POINT('',(-0.,-120.));
#62 = VECTOR('',#63,1.);
#63 = DIRECTION('',(-1.,0.));
#64 = ( GEOMETRIC_REPRESENTATION_CONTEXT(2) 
PARAMETRIC_REPRESENTATION_CONTEXT() REPRESENTATION_CONTEXT('2D SPACE',''
  ) );
#65 = PCURVE('',#66,#71);
#66 = PLANE('',#67);
#67 = AXIS2_PLACEMENT_3D('',#68,#69,#70);
#68 = CARTESIAN_POINT('',(-2.917205616084E-15,4.679120177894E-16,165.));
#69 = DIRECTION('',(0.,0.,1.));
#70 = DIRECTION('',(1.,0.,-0.));
#71 = DEFINITIONAL_REPRESENTATION('',(#72),#76);
#72 = CIRCLE('',#73,60.);
#73 = AXIS2_PLACEMENT_2D('',#74,#75);
#74 = CARTESIAN_POINT('',(2.917205616084E-15,-4.679120177894E-16));
#75 = DIRECTION('',(1.,0.));
#76 = ( GEOMETRIC_REPRESENTATION_CONTEXT(2) 
PARAMETRIC_REPRESENTATION_CONTEXT() REPRESENTATION_CONTEXT('2D SPACE',''
  ) );
#77 = ORIENTED_EDGE('',*,*,#21,.F.);
#78 = ORIENTED_EDGE('',*,*,#79,.F.);
#79 = EDGE_CURVE('',#22,#22,#80,.T.);
#80 = SURFACE_CURVE('',#81,(#86,#93),.PCURVE_S1.);
#81 = CIRCLE('',#82,60.);
#82 = AXIS2_PLACEMENT_3D('',#83,#84,#85);
#83 = CARTESIAN_POINT('',(0.,0.,45.));
#84 = DIRECTION('',(0.,0.,1.));
#85 = DIRECTION('',(1.,0.,0.));
#86 = PCURVE('',#32,#87);
#87 = DEFINITIONAL_REPRESENTATION('',(#88),#92);
#88 = LINE('',#89,#90);
#89 = CARTESIAN_POINT('',(-0.,0.));
#90 = VECTOR('',#91,1.);
#91 = DIRECTION('',(-1.,0.));
#92 = ( GEOMETRIC_REPRESENTATION_CONTEXT(2) 
PARAMETRIC_REPRESENTATION_CONTEXT() REPRESENTATION_CONTEXT('2D SPACE',''
  ) );
#93 = PCURVE('',#94,#99);
#94 = PLANE('',#95);
#95 = AXIS2_PLACEMENT_3D('',#96,#97,#98);
#96 = CARTESIAN_POINT('',(-2.917205616084E-15,4.679120177894E-16,45.));
#97 = DIRECTION('',(0.,0.,1.));
#98 = DIRECTION('',(1.,0.,-0.));
#99 = DEFINITIONAL_REPRESENTATION('',(#100),#104);
#100 = CIRCLE('',#101,60.);
#101 = AXIS2_PLACEMENT_2D('',#102,#103);
#102 = CARTESIAN_POINT('',(2.917205616084E-15,-4.679120177894E-16));
#103 = DIRECTION('',(1.,0.));
#104 = ( GEOMETRIC_REPRESENTATION_CONTEXT(2) 
PARAMETRIC_REPRESENTATION_CONTEXT() REPRESENTATION_CONTEXT('2D SPACE',''
  ) );
#105 = ADVANCED_FACE('',(#106,#109,#140,#171,#202),#94,.F.);
#106 = FACE_BOUND('',#107,.F.);
#107 = EDGE_LOOP('',(#108));
#108 = ORIENTED_EDGE('',*,*,#79,.T.);
#109 = FACE_BOUND('',#110,.F.);
#110 = EDGE_LOOP('',(#111));
#111 = ORIENTED_EDGE('',*,*,#112,.F.);
#112 = EDGE_CURVE('',#113,#113,#115,.T.);
#113 = VERTEX_POINT('',#114);
#114 = CARTESIAN_POINT('',(7.5,-12.,45.));
#115 = SURFACE_CURVE('',#116,(#121,#128),.PCURVE_S1.);
#116 = CIRCLE('',#117,7.5);
#117 = AXIS2_PLACEMENT_3D('',#118,#119,#120);
#118 = CARTESIAN_POINT('',(-2.204364238465E-15,-12.,45.));
#119 = DIRECTION('',(0.,0.,1.));
#120 = DIRECTION('',(1.,0.,-0.));
#121 = PCURVE('',#94,#122);
#122 = DEFINITIONAL_REPRESENTATION('',(#123),#127);
#123 = CIRCLE('',#124,7.5);
#124 = AXIS2_PLACEMENT_2D('',#125,#126);
#125 = CARTESIAN_POINT('',(7.128413776189E-16,-12.));
#126 = DIRECTION('',(1.,0.));
#127 = ( GEOMETRIC_REPRESENTATION_CONTEXT(2) 
PARAMETRIC_REPRESENTATION_CONTEXT() REPRESENTATION_CONTEXT('2D SPACE',''
  ) );
#128 = PCURVE('',#129,#134);
#129 = CYLINDRICAL_SURFACE('',#130,7.5);
#130 = AXIS2_PLACEMENT_3D('',#131,#132,#133);
#131 = CARTESIAN_POINT('',(-2.204364238465E-15,-12.,0.));
#132 = DIRECTION('',(0.,0.,1.));
#133 = DIRECTION('',(1.,0.,-0.));
#134 = DEFINITIONAL_REPRESENTATION('',(#135),#139);
#135 = LINE('',#136,#137);
#136 = CARTESIAN_POINT('',(0.,45.));
#137 = VECTOR('',#138,1.);
#138 = DIRECTION('',(1.,0.));
#139 = ( GEOMETRIC_REPRESENTATION_CONTEXT(2) 
PARAMETRIC_REPRESENTATION_CONTEXT() REPRESENTATION_CONTEXT('2D SPACE',''
  ) );
#140 = FACE_BOUND('',#141,.F.);
#141 = EDGE_LOOP('',(#142));
#142 = ORIENTED_EDGE('',*,*,#143,.F.);
#143 = EDGE_CURVE('',#144,#144,#146,.T.);
#144 = VERTEX_POINT('',#145);
#145 = CARTESIAN_POINT('',(-4.5,-3.673940397442E-16,45.));
#146 = SURFACE_CURVE('',#147,(#152,#159),.PCURVE_S1.);
#147 = CIRCLE('',#148,7.5);
#148 = AXIS2_PLACEMENT_3D('',#149,#150,#151);
#149 = CARTESIAN_POINT('',(-12.,1.469576158977E-15,45.));
#150 = DIRECTION('',(0.,0.,1.));
#151 = DIRECTION('',(1.,0.,-0.));
#152 = PCURVE('',#94,#153);
#153 = DEFINITIONAL_REPRESENTATION('',(#154),#158);
#154 = CIRCLE('',#155,7.5);
#155 = AXIS2_PLACEMENT_2D('',#156,#157);
#156 = CARTESIAN_POINT('',(-12.,1.001664141187E-15));
#157 = DIRECTION('',(1.,0.));
#158 = ( GEOMETRIC_REPRESENTATION_CONTEXT(2) 
PARAMETRIC_REPRESENTATION_CONTEXT() REPRESENTATION_CONTEXT('2D SPACE',''
  ) );
#159 = PCURVE('',#160,#165);
#160 = CYLINDRICAL_SURFACE('',#161,7.5);
#161 = AXIS2_PLACEMENT_3D('',#162,#163,#164);
#162 = CARTESIAN_POINT('',(-12.,1.469576158977E-15,0.));
#163 = DIRECTION('',(0.,0.,1.));
#164 = DIRECTION('',(1.,0.,-0.));
#165 = DEFINITIONAL_REPRESENTATION('',(#166),#170);
#166 = LINE('',#167,#168);
#167 = CARTESIAN_POINT('',(0.,45.));
#168 = VECTOR('',#169,1.);
#169 = DIRECTION('',(1.,0.));
#170 = ( GEOMETRIC_REPRESENTATION_CONTEXT(2) 
PARAMETRIC_REPRESENTATION_CONTEXT() REPRESENTATION_CONTEXT('2D SPACE',''
  ) );
#171 = FACE_BOUND('',#172,.F.);
#172 = EDGE_LOOP('',(#173));
#173 = ORIENTED_EDGE('',*,*,#174,.F.);
#174 = EDGE_CURVE('',#175,#175,#177,.T.);
#175 = VERTEX_POINT('',#176);
#176 = CARTESIAN_POINT('',(19.5,-1.836970198721E-15,45.));
#177 = SURFACE_CURVE('',#178,(#183,#190),.PCURVE_S1.);
#178 = CIRCLE('',#179,7.5);
#179 = AXIS2_PLACEMENT_3D('',#180,#181,#182);
#180 = CARTESIAN_POINT('',(12.,0.,45.));
#181 = DIRECTION('',(0.,0.,1.));
#182 = DIRECTION('',(1.,0.,-0.));
#183 = PCURVE('',#94,#184);
#184 = DEFINITIONAL_REPRESENTATION('',(#185),#189);
#185 = CIRCLE('',#186,7.5);
#186 = AXIS2_PLACEMENT_2D('',#187,#188);
#187 = CARTESIAN_POINT('',(12.,-4.679120177894E-16));
#188 = DIRECTION('',(1.,0.));
#189 = ( GEOMETRIC_REPRESENTATION_CONTEXT(2) 
PARAMETRIC_REPRESENTATION_CONTEXT() REPRESENTATION_CONTEXT('2D SPACE',''
  ) );
#190 = PCURVE('',#191,#196);
#191 = CYLINDRICAL_SURFACE('',#192,7.5);
#192 = AXIS2_PLACEMENT_3D('',#193,#194,#195);
#193 = CARTESIAN_POINT('',(12.,0.,0.));
#194 = DIRECTION('',(0.,0.,1.));
#195 = DIRECTION('',(1.,0.,-0.));
#196 = DEFINITIONAL_REPRESENTATION('',(#197),#201);
#197 = LINE('',#198,#199);
#198 = CARTESIAN_POINT('',(0.,45.));
#199 = VECTOR('',#200,1.);
#200 = DIRECTION('',(1.,0.));
#201 = ( GEOMETRIC_REPRESENTATION_CONTEXT(2) 
PARAMETRIC_REPRESENTATION_CONTEXT() REPRESENTATION_CONTEXT('2D SPACE',''
  ) );
#202 = FACE_BOUND('',#203,.F.);
#203 = EDGE_LOOP('',(#204));
#204 = ORIENTED_EDGE('',*,*,#205,.F.);
#205 = EDGE_CURVE('',#206,#206,#208,.T.);
#206 = VERTEX_POINT('',#207);
#207 = CARTESIAN_POINT('',(7.5,12.,45.));
#208 = SURFACE_CURVE('',#209,(#214,#221),.PCURVE_S1.);
#209 = CIRCLE('',#210,7.5);
#210 = AXIS2_PLACEMENT_3D('',#211,#212,#213);
#211 = CARTESIAN_POINT('',(7.347880794884E-16,12.,45.));
#212 = DIRECTION('',(0.,0.,1.));
#213 = DIRECTION('',(1.,0.,-0.));
#214 = PCURVE('',#94,#215);
#215 = DEFINITIONAL_REPRESENTATION('',(#216),#220);
#216 = CIRCLE('',#217,7.5);
#217 = AXIS2_PLACEMENT_2D('',#218,#219);
#218 = CARTESIAN_POINT('',(3.651993695573E-15,12.));
#219 = DIRECTION('',(1.,0.));
#220 = ( GEOMETRIC_REPRESENTATION_CONTEXT(2) 
PARAMETRIC_REPRESENTATION_CONTEXT() REPRESENTATION_CONTEXT('2D SPACE',''
  ) );
#221 = PCURVE('',#222,#227);
#222 = CYLINDRICAL_SURFACE('',#223,7.5);
#223 = AXIS2_PLACEMENT_3D('',#224,#225,#226);
#224 = CARTESIAN_POINT('',(7.347880794884E-16,12.,0.));
#225 = DIRECTION('',(0.,0.,1.));
#226 = DIRECTION('',(1.,0.,-0.));
#227 = DEFINITIONAL_REPRESENTATION('',(#228),#232);
#228 = LINE('',#229,#230);
#229 = CARTESIAN_POINT('',(0.,45.));
#230 = VECTOR('',#231,1.);
#231 = DIRECTION('',(1.,0.));
#232 = ( GEOMETRIC_REPRESENTATION_CONTEXT(2) 
PARAMETRIC_REPRESENTATION_CONTEXT() REPRESENTATION_CONTEXT('2D SPACE',''
  ) );
#233 = ADVANCED_FACE('',(#234),#66,.T.);
#234 = FACE_BOUND('',#235,.T.);
#235 = EDGE_LOOP('',(#236));
#236 = ORIENTED_EDGE('',*,*,#51,.T.);
#237 = ADVANCED_FACE('',(#238,#292),#129,.T.);
#238 = FACE_BOUND('',#239,.T.);
#239 = EDGE_LOOP('',(#240,#263,#264,#265));
#240 = ORIENTED_EDGE('',*,*,#241,.T.);
#241 = EDGE_CURVE('',#242,#113,#244,.T.);
#242 = VERTEX_POINT('',#243);
#243 = CARTESIAN_POINT('',(7.5,-12.,0.));
#244 = SEAM_CURVE('',#245,(#249,#256),.PCURVE_S1.);
#245 = LINE('',#246,#247);
#246 = CARTESIAN_POINT('',(7.5,-12.,0.));
#247 = VECTOR('',#248,1.);
#248 = DIRECTION('',(0.,0.,1.));
#249 = PCURVE('',#129,#250);
#250 = DEFINITIONAL_REPRESENTATION('',(#251),#255);
#251 = LINE('',#252,#253);
#252 = CARTESIAN_POINT('',(6.28318530718,-0.));
#253 = VECTOR('',#254,1.);
#254 = DIRECTION('',(0.,1.));
#255 = ( GEOMETRIC_REPRESENTATION_CONTEXT(2) 
PARAMETRIC_REPRESENTATION_CONTEXT() REPRESENTATION_CONTEXT('2D SPACE',''
  ) );
#256 = PCURVE('',#129,#257);
#257 = DEFINITIONAL_REPRESENTATION('',(#258),#262);
#258 = LINE('',#259,#260);
#259 = CARTESIAN_POINT('',(0.,-0.));
#260 = VECTOR('',#261,1.);
#261 = DIRECTION('',(0.,1.));
#262 = ( GEOMETRIC_REPRESENTATION_CONTEXT(2) 
PARAMETRIC_REPRESENTATION_CONTEXT() REPRESENTATION_CONTEXT('2D SPACE',''
  ) );
#263 = ORIENTED_EDGE('',*,*,#112,.F.);
#264 = ORIENTED_EDGE('',*,*,#241,.F.);
#265 = ORIENTED_EDGE('',*,*,#266,.T.);
#266 = EDGE_CURVE('',#242,#242,#267,.T.);
#267 = SURFACE_CURVE('',#268,(#273,#280),.PCURVE_S1.);
#268 = CIRCLE('',#269,7.5);
#269 = AXIS2_PLACEMENT_3D('',#270,#271,#272);
#270 = CARTESIAN_POINT('',(-2.204364238465E-15,-12.,0.));
#271 = DIRECTION('',(0.,0.,1.));
#272 = DIRECTION('',(1.,0.,-0.));
#273 = PCURVE('',#129,#274);
#274 = DEFINITIONAL_REPRESENTATION('',(#275),#279);
#275 = LINE('',#276,#277);
#276 = CARTESIAN_POINT('',(0.,0.));
#277 = VECTOR('',#278,1.);
#278 = DIRECTION('',(1.,0.));
#279 = ( GEOMETRIC_REPRESENTATION_CONTEXT(2) 
PARAMETRIC_REPRESENTATION_CONTEXT() REPRESENTATION_CONTEXT('2D SPACE',''
  ) );
#280 = PCURVE('',#281,#286);
#281 = PLANE('',#282);
#282 = AXIS2_PLACEMENT_3D('',#283,#284,#285);
#283 = CARTESIAN_POINT('',(-8.884890201271E-16,1.660236146081E-15,0.));
#284 = DIRECTION('',(0.,0.,1.));
#285 = DIRECTION('',(1.,0.,-0.));
#286 = DEFINITIONAL_REPRESENTATION('',(#287),#291);
#287 = CIRCLE('',#288,7.5);
#288 = AXIS2_PLACEMENT_2D('',#289,#290);
#289 = CARTESIAN_POINT('',(-1.315875218338E-15,-12.));
#290 = DIRECTION('',(1.,0.));
#291 = ( GEOMETRIC_REPRESENTATION_CONTEXT(2) 
PARAMETRIC_REPRESENTATION_CONTEXT() REPRESENTATION_CONTEXT('2D SPACE',''
  ) );
#292 = FACE_BOUND('',#293,.T.);
#293 = EDGE_LOOP('',(#294));
#294 = ORIENTED_EDGE('',*,*,#295,.T.);
#295 = EDGE_CURVE('',#296,#296,#298,.T.);
#296 = VERTEX_POINT('',#297);
#297 = CARTESIAN_POINT('',(-4.198495244987E-15,-19.5,33.244674905608));
#298 = SURFACE_CURVE('',#299,(#392,#488),.PCURVE_S1.);
#299 = B_SPLINE_CURVE_WITH_KNOTS('',7,(#300,#301,#302,#303,#304,#305,
    #306,#307,#308,#309,#310,#311,#312,#313,#314,#315,#316,#317,#318,
    #319,#320,#321,#322,#323,#324,#325,#326,#327,#328,#329,#330,#331,
    #332,#333,#334,#335,#336,#337,#338,#339,#340,#341,#342,#343,#344,
    #345,#346,#347,#348,#349,#350,#351,#352,#353,#354,#355,#356,#357,
    #358,#359,#360,#361,#362,#363,#364,#365,#366,#367,#368,#369,#370,
    #371,#372,#373,#374,#375,#376,#377,#378,#379,#380,#381,#382,#383,
    #384,#385,#386,#387,#388,#389,#390,#391),.UNSPECIFIED.,.T.,.F.,(8,6,
    6,6,6,6,6,6,6,6,6,6,6,6,6,8),(0.,5.794460960938E-02,0.105238247143,
    0.185410482833,0.231636632589,0.318243589694,0.40387902133,
    0.473817994519,0.528815208462,0.576868839392,0.683999822008,
    0.770209803162,0.815615594142,0.895585668503,0.942442295777,1.),
  .UNSPECIFIED.);
#300 = CARTESIAN_POINT('',(-3.996802888651E-15,-19.5,33.244674905608));
#301 = CARTESIAN_POINT('',(0.237762744402,-19.5,33.244674905608));
#302 = CARTESIAN_POINT('',(0.474892757922,-19.4912063168,33.227904008395
    ));
#303 = CARTESIAN_POINT('',(0.708781758164,-19.47370294762,
    33.194523967009));
#304 = CARTESIAN_POINT('',(0.936886736031,-19.44808821454,
    33.145133118982));
#305 = CARTESIAN_POINT('',(1.156845267533,-19.41544427333,
    33.080749757152));
#306 = CARTESIAN_POINT('',(1.366584694233,-19.37721950379,
    33.002819859825));
#307 = CARTESIAN_POINT('',(1.725900000198,-19.30058418179,
    32.840142755408));
#308 = CARTESIAN_POINT('',(1.879799249966,-19.26342419799,
    32.759122809474));
#309 = CARTESIAN_POINT('',(2.025760987461,-19.2242688082,32.67088534584)
  );
#310 = CARTESIAN_POINT('',(2.163523298835,-19.18384346281,
    32.576116652146));
#311 = CARTESIAN_POINT('',(2.292919133343,-19.14284903793,
    32.475495781902));
#312 = CARTESIAN_POINT('',(2.413871146096,-19.10193678846,
    32.369697036048));
#313 = CARTESIAN_POINT('',(2.7171227839,-18.99344553736,32.072403957879)
  );
#314 = CARTESIAN_POINT('',(2.88360836779,-18.92710392447,31.872473364532
    ));
#315 = CARTESIAN_POINT('',(3.026471249775,-18.8652620307,31.662286919245
    ));
#316 = CARTESIAN_POINT('',(3.146660031824,-18.80993769384,
    31.444194411702));
#317 = CARTESIAN_POINT('',(3.245310077074,-18.76249551429,
    31.220315600585));
#318 = CARTESIAN_POINT('',(3.32366760919,-18.72366447038,30.992647037538
    ));
#319 = CARTESIAN_POINT('',(3.417323387372,-18.67632935966,
    30.630855730714));
#320 = CARTESIAN_POINT('',(3.445290928565,-18.66193749412,
    30.497876843796));
#321 = CARTESIAN_POINT('',(3.467257388282,-18.65048847856,30.36446576483
    ));
#322 = CARTESIAN_POINT('',(3.483480434075,-18.64196439331,
    30.230847553402));
#323 = CARTESIAN_POINT('',(3.494197152221,-18.63631144938,
    30.097240345964));
#324 = CARTESIAN_POINT('',(3.499628769016,-18.6334454578,29.963856517671
    ));
#325 = CARTESIAN_POINT('',(3.500653485352,-18.63290477439,
    29.581810494573));
#326 = CARTESIAN_POINT('',(3.483506283666,-18.6419525562,29.334367861296
    ));
#327 = CARTESIAN_POINT('',(3.449957947152,-18.65966236363,
    29.089233620134));
#328 = CARTESIAN_POINT('',(3.400959422482,-18.68515997446,
    28.846944938512));
#329 = CARTESIAN_POINT('',(3.337099608916,-18.71753349446,
    28.608013610401));
#330 = CARTESIAN_POINT('',(3.258652212239,-18.75586623303,
    28.373011228328));
#331 = CARTESIAN_POINT('',(3.073528502906,-18.84205598756,
    27.914861728462));
#332 = CARTESIAN_POINT('',(2.967403462583,-18.88969751143,
    27.692167733417));
#333 = CARTESIAN_POINT('',(2.846877106469,-18.94134507304,
    27.474234369358));
#334 = CARTESIAN_POINT('',(2.711038805322,-18.99630249548,
    27.261166795214));
#335 = CARTESIAN_POINT('',(2.55856095709,-19.05374390338,27.053782892238
    ));
#336 = CARTESIAN_POINT('',(2.38788186095,-19.11250400157,26.853895194505
    ));
#337 = CARTESIAN_POINT('',(2.041821139805,-19.21854846768,26.50999279812
    ));
#338 = CARTESIAN_POINT('',(1.872454104948,-19.26614064745,
    26.361874365563));
#339 = CARTESIAN_POINT('',(1.687575508792,-19.31292424515,26.22136268126
    ));
#340 = CARTESIAN_POINT('',(1.485495587753,-19.35776709992,
    26.090794974637));
#341 = CARTESIAN_POINT('',(1.264727068457,-19.39900748657,
    25.973767397019));
#342 = CARTESIAN_POINT('',(1.024187695279,-19.4343599976,25.87520966697)
  );
#343 = CARTESIAN_POINT('',(0.55850801526,-19.48201384059,25.743689705516
    ));
#344 = CARTESIAN_POINT('',(0.340373781371,-19.49769637476,
    25.701018305442));
#345 = CARTESIAN_POINT('',(0.11433698991,-19.50609266092,25.678480850144
    ));
#346 = CARTESIAN_POINT('',(-0.11433698991,-19.50609266092,
    25.678480850144));
#347 = CARTESIAN_POINT('',(-0.340373781371,-19.49769637476,
    25.701018305442));
#348 = CARTESIAN_POINT('',(-0.55850801526,-19.48201384059,
    25.743689705516));
#349 = CARTESIAN_POINT('',(-0.942613578011,-19.4427076244,
    25.852171030717));
#350 = CARTESIAN_POINT('',(-1.11243929196,-19.42026000566,
    25.914590707654));
#351 = CARTESIAN_POINT('',(-1.273004634505,-19.39458506101,
    25.986786125146));
#352 = CARTESIAN_POINT('',(-1.424483045404,-19.36648204279,
    26.066987565051));
#353 = CARTESIAN_POINT('',(-1.567159994832,-19.33663848915,
    26.153689542605));
#354 = CARTESIAN_POINT('',(-1.701401020566,-19.30562607598,
    26.245633963989));
#355 = CARTESIAN_POINT('',(-2.109023059559,-19.20320808511,
    26.556194638867));
#356 = CARTESIAN_POINT('',(-2.354772242128,-19.12795938359,
    26.794775978143));
#357 = CARTESIAN_POINT('',(-2.568205585293,-19.05293460917,
    27.04802331624));
#358 = CARTESIAN_POINT('',(-2.753166651133,-18.98107893835,
    27.310618585644));
#359 = CARTESIAN_POINT('',(-2.913174253895,-18.91395730007,
    27.580499214724));
#360 = CARTESIAN_POINT('',(-3.050734347427,-18.85268757279,
    27.858017903305));
#361 = CARTESIAN_POINT('',(-3.259647364022,-18.75538740275,
    28.375824978504));
#362 = CARTESIAN_POINT('',(-3.338101592685,-18.71703544042,
    28.611358599094));
#363 = CARTESIAN_POINT('',(-3.401906016231,-18.68467625453,
    28.850829662352));
#364 = CARTESIAN_POINT('',(-3.450783494891,-18.65923162598,
    29.093665621234));
#365 = CARTESIAN_POINT('',(-3.484138243302,-18.64161891332,
    29.339353079628));
#366 = CARTESIAN_POINT('',(-3.501008578251,-18.63271741661,
    29.587351685432));
#367 = CARTESIAN_POINT('',(-3.49941452754,-18.63355849835,29.96848417107
    ));
#368 = CARTESIAN_POINT('',(-3.493895478061,-18.63647055694,
    30.10038652735));
#369 = CARTESIAN_POINT('',(-3.483203672354,-18.64210949619,
    30.232503775764));
#370 = CARTESIAN_POINT('',(-3.467124843848,-18.65055630509,
    30.364630007504));
#371 = CARTESIAN_POINT('',(-3.445429628987,-18.66186280695,30.4965538336
    ));
#372 = CARTESIAN_POINT('',(-3.417869102567,-18.67604648938,
    30.628057277725));
#373 = CARTESIAN_POINT('',(-3.324818969457,-18.72309467155,
    30.989384727665));
#374 = CARTESIAN_POINT('',(-3.246375765651,-18.76198645794,
    31.218047665683));
#375 = CARTESIAN_POINT('',(-3.147478771971,-18.80956995126,
    31.442912297987));
#376 = CARTESIAN_POINT('',(-3.026872877686,-18.86510818687,
    31.661947218867));
#377 = CARTESIAN_POINT('',(-2.883406510851,-18.92722168332,
    31.873008801523));
#378 = CARTESIAN_POINT('',(-2.716109836854,-18.99386983288,
    32.073731840437));
#379 = CARTESIAN_POINT('',(-2.41199976509,-19.1025694993,32.371332625306
    ));
#380 = CARTESIAN_POINT('',(-2.291251307645,-19.14337720232,
    32.476791866282));
#381 = CARTESIAN_POINT('',(-2.162102893963,-19.18426012596,
    32.577093319816));
#382 = CARTESIAN_POINT('',(-2.024632124967,-19.22457157026,
    32.671567588202));
#383 = CARTESIAN_POINT('',(-1.879005463428,-19.26361585022,
    32.759540651195));
#384 = CARTESIAN_POINT('',(-1.725483325515,-19.3006730508,
    32.840331401507));
#385 = CARTESIAN_POINT('',(-1.366584694234,-19.37721950379,
    33.002819859825));
#386 = CARTESIAN_POINT('',(-1.156845267533,-19.41544427333,
    33.080749757152));
#387 = CARTESIAN_POINT('',(-0.936886736031,-19.44808821454,
    33.145133118982));
#388 = CARTESIAN_POINT('',(-0.708781758164,-19.47370294762,
    33.194523967009));
#389 = CARTESIAN_POINT('',(-0.474892757922,-19.4912063168,
    33.227904008396));
#390 = CARTESIAN_POINT('',(-0.237762744402,-19.5,33.244674905608));
#391 = CARTESIAN_POINT('',(-3.996802888651E-15,-19.5,33.244674905608));
#392 = PCURVE('',#129,#393);
#393 = DEFINITIONAL_REPRESENTATION('',(#394),#487);
#394 = B_SPLINE_CURVE_WITH_KNOTS('',7,(#395,#396,#397,#398,#399,#400,
    #401,#402,#403,#404,#405,#406,#407,#408,#409,#410,#411,#412,#413,
    #414,#415,#416,#417,#418,#419,#420,#421,#422,#423,#424,#425,#426,
    #427,#428,#429,#430,#431,#432,#433,#434,#435,#436,#437,#438,#439,
    #440,#441,#442,#443,#444,#445,#446,#447,#448,#449,#450,#451,#452,
    #453,#454,#455,#456,#457,#458,#459,#460,#461,#462,#463,#464,#465,
    #466,#467,#468,#469,#470,#471,#472,#473,#474,#475,#476,#477,#478,
    #479,#480,#481,#482,#483,#484,#485,#486),.UNSPECIFIED.,.T.,.F.,(8,6,
    6,6,6,6,6,6,6,6,6,6,6,6,6,8),(0.,5.794460960938E-02,0.105238247143,
    0.185410482833,0.231636632589,0.318243589694,0.40387902133,
    0.473817994519,0.528815208462,0.576868839392,0.683999822008,
    0.770209803162,0.815615594142,0.895585668503,0.942442295777,1.),
  .UNSPECIFIED.);
#395 = CARTESIAN_POINT('',(4.712388980385,33.244674905608));
#396 = CARTESIAN_POINT('',(4.744090679638,33.244674905608));
#397 = CARTESIAN_POINT('',(4.775708064201,33.227904008395));
#398 = CARTESIAN_POINT('',(4.806945123359,33.194523967009));
#399 = CARTESIAN_POINT('',(4.837514263522,33.145133118982));
#400 = CARTESIAN_POINT('',(4.867136735232,33.080749757152));
#401 = CARTESIAN_POINT('',(4.895549998766,33.002819859825));
#402 = CARTESIAN_POINT('',(4.944536248388,32.840142755408));
#403 = CARTESIAN_POINT('',(4.965638218084,32.759122809474));
#404 = CARTESIAN_POINT('',(4.98577820649,32.67088534584));
#405 = CARTESIAN_POINT('',(5.004912539044,32.576116652146));
#406 = CARTESIAN_POINT('',(5.02300475384,32.475495781902));
#407 = CARTESIAN_POINT('',(5.040026757959,32.369697036048));
#408 = CARTESIAN_POINT('',(5.082970008862,32.072403957879));
#409 = CARTESIAN_POINT('',(5.106850385534,31.872473364532));
#410 = CARTESIAN_POINT('',(5.127595385963,31.662286919245));
#411 = CARTESIAN_POINT('',(5.145231602875,31.444194411702));
#412 = CARTESIAN_POINT('',(5.159825315531,31.220315600585));
#413 = CARTESIAN_POINT('',(5.171485122686,30.992647037538));
#414 = CARTESIAN_POINT('',(5.185476877396,30.630855730714));
#415 = CARTESIAN_POINT('',(5.18967055213,30.497876843796));
#416 = CARTESIAN_POINT('',(5.192973292381,30.36446576483));
#417 = CARTESIAN_POINT('',(5.19541677729,30.230847553402));
#418 = CARTESIAN_POINT('',(5.197032301562,30.097240345964));
#419 = CARTESIAN_POINT('',(5.197851137567,29.963856517671));
#420 = CARTESIAN_POINT('',(5.198005619188,29.581810494573));
#421 = CARTESIAN_POINT('',(5.195420581324,29.334367861296));
#422 = CARTESIAN_POINT('',(5.190362428624,29.089233620134));
#423 = CARTESIAN_POINT('',(5.182997876051,28.846944938512));
#424 = CARTESIAN_POINT('',(5.173452769924,28.608013610401));
#425 = CARTESIAN_POINT('',(5.161813219964,28.373011228328));
#426 = CARTESIAN_POINT('',(5.134585958612,27.914861728462));
#427 = CARTESIAN_POINT('',(5.119076973947,27.692167733417));
#428 = CARTESIAN_POINT('',(5.101597902223,27.474234369358));
#429 = CARTESIAN_POINT('',(5.082068001403,27.261166795214));
#430 = CARTESIAN_POINT('',(5.060355389425,27.053782892238));
#431 = CARTESIAN_POINT('',(5.036301340149,26.853895194505));
#432 = CARTESIAN_POINT('',(4.988042141553,26.50999279812));
#433 = CARTESIAN_POINT('',(4.964591665417,26.361874365563));
#434 = CARTESIAN_POINT('',(4.939178707889,26.22136268126));
#435 = CARTESIAN_POINT('',(4.911603021491,26.090794974637));
#436 = CARTESIAN_POINT('',(4.881690653936,25.973767397019));
#437 = CARTESIAN_POINT('',(4.849305511767,25.87520966697));
#438 = CARTESIAN_POINT('',(4.786890634177,25.743689705516));
#439 = CARTESIAN_POINT('',(4.757744085992,25.701018305442));
#440 = CARTESIAN_POINT('',(4.727615336847,25.678480850144));
#441 = CARTESIAN_POINT('',(4.697162623923,25.678480850144));
#442 = CARTESIAN_POINT('',(4.667033874778,25.701018305442));
#443 = CARTESIAN_POINT('',(4.637887326593,25.743689705516));
#444 = CARTESIAN_POINT('',(4.586405798174,25.852171030717));
#445 = CARTESIAN_POINT('',(4.56357532067,25.914590707654));
#446 = CARTESIAN_POINT('',(4.541906718625,25.986786125146));
#447 = CARTESIAN_POINT('',(4.521375272305,26.066987565051));
#448 = CARTESIAN_POINT('',(4.501946946083,26.153689542605));
#449 = CARTESIAN_POINT('',(4.483580082027,26.245633963989));
#450 = CARTESIAN_POINT('',(4.427541179424,26.556194638867));
#451 = CARTESIAN_POINT('',(4.39331747541,26.794775978143));
#452 = CARTESIAN_POINT('',(4.363185273615,27.048023316239));
#453 = CARTESIAN_POINT('',(4.336747276975,27.310618585644));
#454 = CARTESIAN_POINT('',(4.313621117385,27.580499214724));
#455 = CARTESIAN_POINT('',(4.293545551224,27.858017903305));
#456 = CARTESIAN_POINT('',(4.262817504942,28.375824978504));
#457 = CARTESIAN_POINT('',(4.251176017382,28.611358599094));
#458 = CARTESIAN_POINT('',(4.241638359356,28.850829662352));
#459 = CARTESIAN_POINT('',(4.234291379408,29.093665621234));
#460 = CARTESIAN_POINT('',(4.229262095422,29.339353079628));
#461 = CARTESIAN_POINT('',(4.226718809634,29.587351685432));
#462 = CARTESIAN_POINT('',(4.226959121141,29.96848417107));
#463 = CARTESIAN_POINT('',(4.227791134641,30.10038652735));
#464 = CARTESIAN_POINT('',(4.229402848364,30.232503775764));
#465 = CARTESIAN_POINT('',(4.231824518181,30.364630007504));
#466 = CARTESIAN_POINT('',(4.235086407723,30.4965538336));
#467 = CARTESIAN_POINT('',(4.239219131448,30.628057277725));
#468 = CARTESIAN_POINT('',(4.253121558874,30.989384727665));
#469 = CARTESIAN_POINT('',(4.26479519872,31.218047665683));
#470 = CARTESIAN_POINT('',(4.279426748686,31.442912297987));
#471 = CARTESIAN_POINT('',(4.297125369657,31.661947218867));
#472 = CARTESIAN_POINT('',(4.317958451536,31.873008801523));
#473 = CARTESIAN_POINT('',(4.341954173823,32.073731840437));
#474 = CARTESIAN_POINT('',(4.385014555867,32.371332625306));
#475 = CARTESIAN_POINT('',(4.402006395037,32.476791866282));
#476 = CARTESIAN_POINT('',(4.42006270266,32.577093319816));
#477 = CARTESIAN_POINT('',(4.439155514067,32.671567588202));
#478 = CARTESIAN_POINT('',(4.459248582313,32.759540651195));
#479 = CARTESIAN_POINT('',(4.480298518561,32.840331401507));
#480 = CARTESIAN_POINT('',(4.529227962004,33.002819859825));
#481 = CARTESIAN_POINT('',(4.557641225537,33.080749757152));
#482 = CARTESIAN_POINT('',(4.587263697247,33.145133118982));
#483 = CARTESIAN_POINT('',(4.61783283741,33.194523967009));
#484 = CARTESIAN_POINT('',(4.649069896569,33.227904008396));
#485 = CARTESIAN_POINT('',(4.680687281131,33.244674905608));
#486 = CARTESIAN_POINT('',(4.712388980385,33.244674905608));
#487 = ( GEOMETRIC_REPRESENTATION_CONTEXT(2) 
PARAMETRIC_REPRESENTATION_CONTEXT() REPRESENTATION_CONTEXT('2D SPACE',''
  ) );
#488 = PCURVE('',#489,#494);
#489 = CYLINDRICAL_SURFACE('',#490,3.5);
#490 = AXIS2_PLACEMENT_3D('',#491,#492,#493);
#491 = CARTESIAN_POINT('',(-8.676558854848E-15,-47.23298647353,
    18.264949450195));
#492 = DIRECTION('',(1.703209109574E-16,0.927183854567,0.374606593416));
#493 = DIRECTION('',(1.232595164408E-32,-0.374606593416,0.927183854567)
  );
#494 = DEFINITIONAL_REPRESENTATION('',(#495),#588);
#495 = B_SPLINE_CURVE_WITH_KNOTS('',7,(#496,#497,#498,#499,#500,#501,
    #502,#503,#504,#505,#506,#507,#508,#509,#510,#511,#512,#513,#514,
    #515,#516,#517,#518,#519,#520,#521,#522,#523,#524,#525,#526,#527,
    #528,#529,#530,#531,#532,#533,#534,#535,#536,#537,#538,#539,#540,
    #541,#542,#543,#544,#545,#546,#547,#548,#549,#550,#551,#552,#553,
    #554,#555,#556,#557,#558,#559,#560,#561,#562,#563,#564,#565,#566,
    #567,#568,#569,#570,#571,#572,#573,#574,#575,#576,#577,#578,#579,
    #580,#581,#582,#583,#584,#585,#586,#587),.UNSPECIFIED.,.F.,.F.,(8,6,
    6,6,6,6,6,6,6,6,6,6,6,6,6,8),(0.,5.794460960938E-02,0.105238247143,
    0.185410482833,0.231636632589,0.318243589694,0.40387902133,
    0.473817994519,0.528815208462,0.576868839392,0.683999822008,
    0.770209803162,0.815615594142,0.895585668503,0.942442295777,1.),
  .UNSPECIFIED.);
#496 = CARTESIAN_POINT('',(0.,31.325081220341));
#497 = CARTESIAN_POINT('',(6.793221268615E-02,31.325081220341));
#498 = CARTESIAN_POINT('',(0.135683637888,31.326952092746));
#499 = CARTESIAN_POINT('',(0.20302114677,31.330676550463));
#500 = CARTESIAN_POINT('',(0.269717721939,31.335923980085));
#501 = CARTESIAN_POINT('',(0.335533041006,31.342072483478));
#502 = CARTESIAN_POINT('',(0.400195391396,31.348320819274));
#503 = CARTESIAN_POINT('',(0.514959385744,31.358435936618));
#504 = CARTESIAN_POINT('',(0.565664861193,31.362539467684));
#505 = CARTESIAN_POINT('',(0.615515689759,31.365789377252));
#506 = CARTESIAN_POINT('',(0.66451924103,31.367770127306));
#507 = CARTESIAN_POINT('',(0.712676861415,31.368086254755));
#508 = CARTESIAN_POINT('',(0.759984828374,31.366386524144));
#509 = CARTESIAN_POINT('',(0.885178212297,31.355609913269));
#510 = CARTESIAN_POINT('',(0.961454180167,31.342225467133));
#511 = CARTESIAN_POINT('',(1.035469909631,31.320827044322));
#512 = CARTESIAN_POINT('',(1.107380993459,31.290423984918));
#513 = CARTESIAN_POINT('',(1.177314121938,31.250545129049));
#514 = CARTESIAN_POINT('',(1.245366588238,31.201262501193));
#515 = CARTESIAN_POINT('',(1.349762570479,31.109621442629));
#516 = CARTESIAN_POINT('',(1.387350257366,31.073150580169));
#517 = CARTESIAN_POINT('',(1.424395331828,31.033789252736));
#518 = CARTESIAN_POINT('',(1.460939548352,30.991638383948));
#519 = CARTESIAN_POINT('',(1.497018757904,30.946829561457));
#520 = CARTESIAN_POINT('',(1.532664428088,30.899520401046));
#521 = CARTESIAN_POINT('',(1.63393040786,30.756904754736));
#522 = CARTESIAN_POINT('',(1.698497785665,30.655822155599));
#523 = CARTESIAN_POINT('',(1.761981949642,30.547573005072));
#524 = CARTESIAN_POINT('',(1.824715134807,30.433169094338));
#525 = CARTESIAN_POINT('',(1.887006793814,30.313647638389));
#526 = CARTESIAN_POINT('',(1.949163416734,30.190072700293));
#527 = CARTESIAN_POINT('',(2.073154288474,29.938533128051));
#528 = CARTESIAN_POINT('',(2.134834208613,29.810938037447));
#529 = CARTESIAN_POINT('',(2.197122112057,29.681411977091));
#530 = CARTESIAN_POINT('',(2.260559890638,29.550639824203));
#531 = CARTESIAN_POINT('',(2.325657744348,29.419693700793));
#532 = CARTESIAN_POINT('',(2.392911158934,29.290333036943));
#533 = CARTESIAN_POINT('',(2.519941547009,29.063182214924));
#534 = CARTESIAN_POINT('',(2.579043066367,28.963569372795));
#535 = CARTESIAN_POINT('',(2.640687991427,28.867555772959));
#536 = CARTESIAN_POINT('',(2.705337526146,28.777066678236));
#537 = CARTESIAN_POINT('',(2.773420788274,28.694989955383));
#538 = CARTESIAN_POINT('',(2.845361324485,28.625291302429));
#539 = CARTESIAN_POINT('',(2.981696043118,28.531839183882));
#540 = CARTESIAN_POINT('',(3.044619003615,28.50131360358));
#541 = CARTESIAN_POINT('',(3.109104600392,28.485086023258));
#542 = CARTESIAN_POINT('',(3.174080706787,28.485086023258));
#543 = CARTESIAN_POINT('',(3.238566303564,28.50131360358));
#544 = CARTESIAN_POINT('',(3.301489264062,28.531839183882));
#545 = CARTESIAN_POINT('',(3.413941935007,28.608921092595));
#546 = CARTESIAN_POINT('',(3.464378083503,28.653116984803));
#547 = CARTESIAN_POINT('',(3.51295694286,28.703967258358));
#548 = CARTESIAN_POINT('',(3.559798718831,28.760067911306));
#549 = CARTESIAN_POINT('',(3.605013335617,28.820217504861));
#550 = CARTESIAN_POINT('',(3.648709000945,28.883414700118));
#551 = CARTESIAN_POINT('',(3.785269101258,29.094713084139));
#552 = CARTESIAN_POINT('',(3.873947709514,29.253856608016));
#553 = CARTESIAN_POINT('',(3.958160888171,29.418286490171));
#554 = CARTESIAN_POINT('',(4.03891633144,29.583279827338));
#555 = CARTESIAN_POINT('',(4.117339345052,29.746612989723));
#556 = CARTESIAN_POINT('',(4.194662389934,29.907381622172));
#557 = CARTESIAN_POINT('',(4.334771006447,30.191570713372));
#558 = CARTESIAN_POINT('',(4.397056720332,30.315362480874));
#559 = CARTESIAN_POINT('',(4.459480417659,30.435072834807));
#560 = CARTESIAN_POINT('',(4.522350926402,30.549632634901));
#561 = CARTESIAN_POINT('',(4.585979992467,30.657998999549));
#562 = CARTESIAN_POINT('',(4.650702376324,30.759154236468));
#563 = CARTESIAN_POINT('',(4.751759106025,30.90114914115));
#564 = CARTESIAN_POINT('',(4.787019665751,30.947860619787));
#565 = CARTESIAN_POINT('',(4.822705094281,30.992124278722));
#566 = CARTESIAN_POINT('',(4.858845777564,31.033787891459));
#567 = CARTESIAN_POINT('',(4.895476306237,31.072724220568));
#568 = CARTESIAN_POINT('',(4.932636907975,31.108835396448));
#569 = CARTESIAN_POINT('',(5.036840155573,31.200568726682));
#570 = CARTESIAN_POINT('',(5.105153495646,31.250167534511));
#571 = CARTESIAN_POINT('',(5.175363959814,31.290284661653));
#572 = CARTESIAN_POINT('',(5.247566035756,31.320842431836));
#573 = CARTESIAN_POINT('',(5.321888557362,31.342316861252));
#574 = CARTESIAN_POINT('',(5.398494058653,31.355713946869));
#575 = CARTESIAN_POINT('',(5.523932170712,31.366412587389));
#576 = CARTESIAN_POINT('',(5.571129009029,31.368082071017));
#577 = CARTESIAN_POINT('',(5.619171243466,31.367749670105));
#578 = CARTESIAN_POINT('',(5.668055134172,31.365764233646));
#579 = CARTESIAN_POINT('',(5.717781970598,31.362518297094));
#580 = CARTESIAN_POINT('',(5.768359005806,31.358424206771));
#581 = CARTESIAN_POINT('',(5.882989915783,31.348320819274));
#582 = CARTESIAN_POINT('',(5.947652266174,31.342072483478));
#583 = CARTESIAN_POINT('',(6.01346758524,31.335923980085));
#584 = CARTESIAN_POINT('',(6.080164160409,31.330676550463));
#585 = CARTESIAN_POINT('',(6.147501669292,31.326952092746));
#586 = CARTESIAN_POINT('',(6.215253094493,31.325081220341));
#587 = CARTESIAN_POINT('',(6.28318530718,31.325081220341));
#588 = ( GEOMETRIC_REPRESENTATION_CONTEXT(2) 
PARAMETRIC_REPRESENTATION_CONTEXT() REPRESENTATION_CONTEXT('2D SPACE',''
  ) );
#589 = ADVANCED_FACE('',(#590,#639),#160,.T.);
#590 = FACE_BOUND('',#591,.T.);
#591 = EDGE_LOOP('',(#592,#615,#616,#617));
#592 = ORIENTED_EDGE('',*,*,#593,.T.);
#593 = EDGE_CURVE('',#594,#144,#596,.T.);
#594 = VERTEX_POINT('',#595);
#595 = CARTESIAN_POINT('',(-4.5,-3.673940397442E-16,0.));
#596 = SEAM_CURVE('',#597,(#601,#608),.PCURVE_S1.);
#597 = LINE('',#598,#599);
#598 = CARTESIAN_POINT('',(-4.5,-3.673940397442E-16,0.));
#599 = VECTOR('',#600,1.);
#600 = DIRECTION('',(0.,0.,1.));
#601 = PCURVE('',#160,#602);
#602 = DEFINITIONAL_REPRESENTATION('',(#603),#607);
#603 = LINE('',#604,#605);
#604 = CARTESIAN_POINT('',(6.28318530718,-0.));
#605 = VECTOR('',#606,1.);
#606 = DIRECTION('',(0.,1.));
#607 = ( GEOMETRIC_REPRESENTATION_CONTEXT(2) 
PARAMETRIC_REPRESENTATION_CONTEXT() REPRESENTATION_CONTEXT('2D SPACE',''
  ) );
#608 = PCURVE('',#160,#609);
#609 = DEFINITIONAL_REPRESENTATION('',(#610),#614);
#610 = LINE('',#611,#612);
#611 = CARTESIAN_POINT('',(0.,-0.));
#612 = VECTOR('',#613,1.);
#613 = DIRECTION('',(0.,1.));
#614 = ( GEOMETRIC_REPRESENTATION_CONTEXT(2) 
PARAMETRIC_REPRESENTATION_CONTEXT() REPRESENTATION_CONTEXT('2D SPACE',''
  ) );
#615 = ORIENTED_EDGE('',*,*,#143,.F.);
#616 = ORIENTED_EDGE('',*,*,#593,.F.);
#617 = ORIENTED_EDGE('',*,*,#618,.T.);
#618 = EDGE_CURVE('',#594,#594,#619,.T.);
#619 = SURFACE_CURVE('',#620,(#625,#632),.PCURVE_S1.);
#620 = CIRCLE('',#621,7.5);
#621 = AXIS2_PLACEMENT_3D('',#622,#623,#624);
#622 = CARTESIAN_POINT('',(-12.,1.469576158977E-15,0.));
#623 = DIRECTION('',(0.,0.,1.));
#624 = DIRECTION('',(1.,0.,-0.));
#625 = PCURVE('',#160,#626);
#626 = DEFINITIONAL_REPRESENTATION('',(#627),#631);
#627 = LINE('',#628,#629);
#628 = CARTESIAN_POINT('',(0.,0.));
#629 = VECTOR('',#630,1.);
#630 = DIRECTION('',(1.,0.));
#631 = ( GEOMETRIC_REPRESENTATION_CONTEXT(2) 
PARAMETRIC_REPRESENTATION_CONTEXT() REPRESENTATION_CONTEXT('2D SPACE',''
  ) );
#632 = PCURVE('',#281,#633);
#633 = DEFINITIONAL_REPRESENTATION('',(#634),#638);
#634 = CIRCLE('',#635,7.5);
#635 = AXIS2_PLACEMENT_2D('',#636,#637);
#636 = CARTESIAN_POINT('',(-12.,-1.906599871045E-16));
#637 = DIRECTION('',(1.,0.));
#638 = ( GEOMETRIC_REPRESENTATION_CONTEXT(2) 
PARAMETRIC_REPRESENTATION_CONTEXT() REPRESENTATION_CONTEXT('2D SPACE',''
  ) );
#639 = FACE_BOUND('',#640,.T.);
#640 = EDGE_LOOP('',(#641));
#641 = ORIENTED_EDGE('',*,*,#642,.T.);
#642 = EDGE_CURVE('',#643,#643,#645,.T.);
#643 = VERTEX_POINT('',#644);
#644 = CARTESIAN_POINT('',(-19.5,3.084747749792E-15,33.244674905608));
#645 = SURFACE_CURVE('',#646,(#749,#855),.PCURVE_S1.);
#646 = B_SPLINE_CURVE_WITH_KNOTS('',6,(#647,#648,#649,#650,#651,#652,
    #653,#654,#655,#656,#657,#658,#659,#660,#661,#662,#663,#664,#665,
    #666,#667,#668,#669,#670,#671,#672,#673,#674,#675,#676,#677,#678,
    #679,#680,#681,#682,#683,#684,#685,#686,#687,#688,#689,#690,#691,
    #692,#693,#694,#695,#696,#697,#698,#699,#700,#701,#702,#703,#704,
    #705,#706,#707,#708,#709,#710,#711,#712,#713,#714,#715,#716,#717,
    #718,#719,#720,#721,#722,#723,#724,#725,#726,#727,#728,#729,#730,
    #731,#732,#733,#734,#735,#736,#737,#738,#739,#740,#741,#742,#743,
    #744,#745,#746,#747,#748),.UNSPECIFIED.,.T.,.F.,(7,5,5,5,5,5,5,5,5,5
    ,5,5,5,5,5,5,5,5,5,5,7),(0.,5.775232011007E-02,0.104889013453,
    0.18479519718,0.230867945247,0.317187497275,0.401451428073,
    0.425818127436,0.452958409776,0.481357796178,0.49983180615,
    0.528443351853,0.547871743744,0.575420835984,0.599391149971,
    0.681799919022,0.769277050749,0.814867150553,0.89516183528,
    0.942208660538,1.),.UNSPECIFIED.);
#647 = CARTESIAN_POINT('',(-19.5,2.6645352591E-15,33.244674905608));
#648 = CARTESIAN_POINT('',(-19.5,-0.277389868468,33.244674905608));
#649 = CARTESIAN_POINT('',(-19.48768884353,-0.553893913704,
    33.221195649511));
#650 = CARTESIAN_POINT('',(-19.46321352569,-0.824947641509,
    33.174520205132));
#651 = CARTESIAN_POINT('',(-19.42792113301,-1.08613886206,
    33.105950337448));
#652 = CARTESIAN_POINT('',(-19.38425212412,-1.333611281214,
    33.017748306412));
#653 = CARTESIAN_POINT('',(-19.29484424844,-1.752812471506,
    32.827958351258));
#654 = CARTESIAN_POINT('',(-19.25085617781,-1.930593961349,
    32.73158859276));
#655 = CARTESIAN_POINT('',(-19.204328281,-2.097136257044,32.625357910649
    ));
#656 = CARTESIAN_POINT('',(-19.1565303719,-2.252039354557,
    32.510461640808));
#657 = CARTESIAN_POINT('',(-19.108645703,-2.395118580308,32.388081134636
    ));
#658 = CARTESIAN_POINT('',(-18.98207257669,-2.74891215784,
    32.041239210015));
#659 = CARTESIAN_POINT('',(-18.90511646358,-2.937486851762,
    31.804967026304));
#660 = CARTESIAN_POINT('',(-18.83537120608,-3.093209548195,
    31.555276839057));
#661 = CARTESIAN_POINT('',(-18.77602634424,-3.217927343262,
    31.296084508754));
#662 = CARTESIAN_POINT('',(-18.72866843941,-3.313766911654,
    31.030893330178));
#663 = CARTESIAN_POINT('',(-18.67344414359,-3.423031986171,
    30.608803472331));
#664 = CARTESIAN_POINT('',(-18.65733483433,-3.454194505523,
    30.453506192382));
#665 = CARTESIAN_POINT('',(-18.64535371172,-3.477054550351,
    30.297685444165));
#666 = CARTESIAN_POINT('',(-18.6374453021,-3.49204827904,30.141730365719
    ));
#667 = CARTESIAN_POINT('',(-18.63347681759,-3.499569335174,
    29.986015296577));
#668 = CARTESIAN_POINT('',(-18.63284602028,-3.500764837572,
    29.540294934602));
#669 = CARTESIAN_POINT('',(-18.64559517086,-3.476602861733,
    29.251997069378));
#670 = CARTESIAN_POINT('',(-18.67021275176,-3.429974273097,
    28.967161143285));
#671 = CARTESIAN_POINT('',(-18.70508958192,-3.362272998573,28.6866568687
    ));
#672 = CARTESIAN_POINT('',(-18.74864322929,-3.274166228412,28.4114057634
    ));
#673 = CARTESIAN_POINT('',(-18.8485610778,-3.059556465948,
    27.880283328064));
#674 = CARTESIAN_POINT('',(-18.90446180668,-2.934307213732,
    27.624823387782));
#675 = CARTESIAN_POINT('',(-18.96558422556,-2.789291152143,
    27.375751693375));
#676 = CARTESIAN_POINT('',(-19.0307930711,-2.622672637446,
    27.133500421597));
#677 = CARTESIAN_POINT('',(-19.09843899984,-2.431883987064,
    26.900363803047));
#678 = CARTESIAN_POINT('',(-19.1851429947,-2.151292561246,
    26.618120160836));
#679 = CARTESIAN_POINT('',(-19.20458063817,-2.086036674555,
    26.555927170566));
#680 = CARTESIAN_POINT('',(-19.22395435922,-2.018339847108,
    26.494929537637));
#681 = CARTESIAN_POINT('',(-19.24319745523,-1.948079481753,
    26.435246965651));
#682 = CARTESIAN_POINT('',(-19.26222822024,-1.875134551983,
    26.37703957007));
#683 = CARTESIAN_POINT('',(-19.30179956856,-1.715014950531,
    26.257540522403));
#684 = CARTESIAN_POINT('',(-19.32227117987,-1.627142382154,
    26.196634502353));
#685 = CARTESIAN_POINT('',(-19.34223169709,-1.535581729567,
    26.138055949418));
#686 = CARTESIAN_POINT('',(-19.36151828882,-1.440163090927,
    26.082150205135));
#687 = CARTESIAN_POINT('',(-19.37993623924,-1.340734270129,
    26.029341418838));
#688 = CARTESIAN_POINT('',(-19.41538396583,-1.128784663291,
    25.928640749657));
#689 = CARTESIAN_POINT('',(-19.43235410809,-1.015605177259,
    25.88096468475));
#690 = CARTESIAN_POINT('',(-19.44782239167,-0.897876694578,
    25.837930794228));
#691 = CARTESIAN_POINT('',(-19.46144981748,-0.775880847271,
    25.800312954168));
#692 = CARTESIAN_POINT('',(-19.4729154317,-0.649927328085,
    25.768837073816));
#693 = CARTESIAN_POINT('',(-19.48778915576,-0.436064801481,
    25.72814979549));
#694 = CARTESIAN_POINT('',(-19.4926061984,-0.350339961787,
    25.715020014143));
#695 = CARTESIAN_POINT('',(-19.49628482552,-0.263524648858,
    25.705018849225));
#696 = CARTESIAN_POINT('',(-19.49876076199,-0.175965254588,
    25.698296558815));
#697 = CARTESIAN_POINT('',(-19.5,-8.800832970194E-02,25.694931706865));
#698 = CARTESIAN_POINT('',(-19.5,0.136302532657,25.694931706865));
#699 = CARTESIAN_POINT('',(-19.49702781585,0.272212713508,
    25.703002802833));
#700 = CARTESIAN_POINT('',(-19.49111383656,0.406647079406,
    25.719057131521));
#701 = CARTESIAN_POINT('',(-19.48244193399,0.538523390809,
    25.742679486863));
#702 = CARTESIAN_POINT('',(-19.47133575745,0.666764869123,
    25.773121189873));
#703 = CARTESIAN_POINT('',(-19.44935589589,0.874192774299,
    25.833856725364));
#704 = CARTESIAN_POINT('',(-19.43953338419,0.956084213741,
    25.861112142869));
#705 = CARTESIAN_POINT('',(-19.42887858026,1.035931415322,
    25.890828577586));
#706 = CARTESIAN_POINT('',(-19.41749216042,1.113693982324,
    25.922777720664));
#707 = CARTESIAN_POINT('',(-19.40547324678,1.189338385913,
    25.956734097108));
#708 = CARTESIAN_POINT('',(-19.37511553563,1.367058803203,26.04315389667
    ));
#709 = CARTESIAN_POINT('',(-19.35622395291,1.4670313821,26.097451585216)
  );
#710 = CARTESIAN_POINT('',(-19.33647642484,1.562900956845,
    26.154853482747));
#711 = CARTESIAN_POINT('',(-19.31607112631,1.654831890771,
    26.214929235989));
#712 = CARTESIAN_POINT('',(-19.29517243576,1.743006348931,
    26.277332394445));
#713 = CARTESIAN_POINT('',(-19.255413174,1.901247603328,26.397893860848)
  );
#714 = CARTESIAN_POINT('',(-19.236636947,1.972192931857,26.455561438616)
  );
#715 = CARTESIAN_POINT('',(-19.21767376245,2.040571548956,
    26.514619900594));
#716 = CARTESIAN_POINT('',(-19.19859916566,2.106497297879,26.57492251826
    ));
#717 = CARTESIAN_POINT('',(-19.17947504889,2.170085138879,
    26.636359540155));
#718 = CARTESIAN_POINT('',(-19.09460355834,2.442423489739,
    26.913727121709));
#719 = CARTESIAN_POINT('',(-19.02862354362,2.627880146062,
    27.141910060504));
#720 = CARTESIAN_POINT('',(-18.96500719359,2.790327343453,
    27.378762178192));
#721 = CARTESIAN_POINT('',(-18.90529121226,2.932145335303,
    27.622165285004));
#722 = CARTESIAN_POINT('',(-18.85054576793,3.055045226523,27.87170032993
    ));
#723 = CARTESIAN_POINT('',(-18.75047080035,3.270490208268,
    28.399717374537));
#724 = CARTESIAN_POINT('',(-18.70606792614,3.360398901924,
    28.678288590081));
#725 = CARTESIAN_POINT('',(-18.67052575153,3.429398875131,
    28.962258830404));
#726 = CARTESIAN_POINT('',(-18.64548459689,3.476811944809,
    29.250679670851));
#727 = CARTESIAN_POINT('',(-18.63261878614,3.501195506553,
    29.542657719136));
#728 = CARTESIAN_POINT('',(-18.63360685879,3.499322872956,
    29.990398492454));
#729 = CARTESIAN_POINT('',(-18.6376160362,3.491724520103,30.144381741309
    ));
#730 = CARTESIAN_POINT('',(-18.64547959118,3.476813036542,
    30.298595301606));
#731 = CARTESIAN_POINT('',(-18.65732525697,3.454207253589,
    30.452676282035));
#732 = CARTESIAN_POINT('',(-18.67320668189,3.423485567484,
    30.606247712512));
#733 = CARTESIAN_POINT('',(-18.72809622776,3.314927078855,
    31.027796404111));
#734 = CARTESIAN_POINT('',(-18.77554255002,3.21895524037,31.294148170311
    ));
#735 = CARTESIAN_POINT('',(-18.83509050219,3.093871420671,
    31.554485393744));
#736 = CARTESIAN_POINT('',(-18.90513176644,2.937541487038,
    31.805229652366));
#737 = CARTESIAN_POINT('',(-18.98244647553,2.748069070384,
    32.042456674418));
#738 = CARTESIAN_POINT('',(-19.10926275302,2.39327398666,32.389657590098
    ));
#739 = CARTESIAN_POINT('',(-19.15702298203,2.250442236039,
    32.511645576756));
#740 = CARTESIAN_POINT('',(-19.20468798391,2.095848387405,
    32.626179127111));
#741 = CARTESIAN_POINT('',(-19.25108301872,1.929677108382,
    32.732085536324));
#742 = CARTESIAN_POINT('',(-19.29494792897,1.752326351043,
    32.828178438374));
#743 = CARTESIAN_POINT('',(-19.38425212412,1.333611281214,
    33.017748306412));
#744 = CARTESIAN_POINT('',(-19.42792113301,1.08613886206,33.105950337448
    ));
#745 = CARTESIAN_POINT('',(-19.46321352569,0.824947641509,
    33.174520205132));
#746 = CARTESIAN_POINT('',(-19.48768884353,0.553893913704,
    33.221195649511));
#747 = CARTESIAN_POINT('',(-19.5,0.277389868468,33.244674905608));
#748 = CARTESIAN_POINT('',(-19.5,2.6645352591E-15,33.244674905608));
#749 = PCURVE('',#160,#750);
#750 = DEFINITIONAL_REPRESENTATION('',(#751),#854);
#751 = B_SPLINE_CURVE_WITH_KNOTS('',6,(#752,#753,#754,#755,#756,#757,
    #758,#759,#760,#761,#762,#763,#764,#765,#766,#767,#768,#769,#770,
    #771,#772,#773,#774,#775,#776,#777,#778,#779,#780,#781,#782,#783,
    #784,#785,#786,#787,#788,#789,#790,#791,#792,#793,#794,#795,#796,
    #797,#798,#799,#800,#801,#802,#803,#804,#805,#806,#807,#808,#809,
    #810,#811,#812,#813,#814,#815,#816,#817,#818,#819,#820,#821,#822,
    #823,#824,#825,#826,#827,#828,#829,#830,#831,#832,#833,#834,#835,
    #836,#837,#838,#839,#840,#841,#842,#843,#844,#845,#846,#847,#848,
    #849,#850,#851,#852,#853),.UNSPECIFIED.,.T.,.F.,(7,5,5,5,5,5,5,5,5,5
    ,5,5,5,5,5,5,5,5,5,5,7),(0.,5.775232011007E-02,0.104889013453,
    0.18479519718,0.230867945247,0.317187497275,0.401451428073,
    0.425818127436,0.452958409776,0.481357796178,0.49983180615,
    0.528443351853,0.547871743744,0.575420835984,0.599391149971,
    0.681799919022,0.769277050749,0.814867150553,0.89516183528,
    0.942208660538,1.),.UNSPECIFIED.);
#752 = CARTESIAN_POINT('',(3.14159265359,33.244674905608));
#753 = CARTESIAN_POINT('',(3.178577969386,33.244674905608));
#754 = CARTESIAN_POINT('',(3.215445244614,33.221195649511));
#755 = CARTESIAN_POINT('',(3.251676460528,33.174520205132));
#756 = CARTESIAN_POINT('',(3.286773238327,33.105950337448));
#757 = CARTESIAN_POINT('',(3.320258333714,33.017748306412));
#758 = CARTESIAN_POINT('',(3.377408958274,32.827958351258));
#759 = CARTESIAN_POINT('',(3.401815064495,32.73158859276));
#760 = CARTESIAN_POINT('',(3.424856991095,32.625357910649));
#761 = CARTESIAN_POINT('',(3.446461840453,32.510461640808));
#762 = CARTESIAN_POINT('',(3.466574893527,32.388081134636));
#763 = CARTESIAN_POINT('',(3.516675352927,32.041239210015));
#764 = CARTESIAN_POINT('',(3.543805541062,31.804967026304));
#765 = CARTESIAN_POINT('',(3.566544197734,31.555276839057));
#766 = CARTESIAN_POINT('',(3.584956713863,31.296084508754));
#767 = CARTESIAN_POINT('',(3.599209675925,31.030893330178));
#768 = CARTESIAN_POINT('',(3.61553338975,30.608803472331));
#769 = CARTESIAN_POINT('',(3.62021055957,30.453506192382));
#770 = CARTESIAN_POINT('',(3.623651770099,30.297685444165));
#771 = CARTESIAN_POINT('',(3.625912024357,30.141730365719));
#772 = CARTESIAN_POINT('',(3.627045850794,29.986015296577));
#773 = CARTESIAN_POINT('',(3.627226079352,29.540294934602));
#774 = CARTESIAN_POINT('',(3.62358352454,29.251997069378));
#775 = CARTESIAN_POINT('',(3.6165530366,28.967161143285));
#776 = CARTESIAN_POINT('',(3.606399572688,28.6866568687));
#777 = CARTESIAN_POINT('',(3.593298633172,28.4114057634));
#778 = CARTESIAN_POINT('',(3.561734680006,27.880283328064));
#779 = CARTESIAN_POINT('',(3.543449249268,27.624823387782));
#780 = CARTESIAN_POINT('',(3.522474107388,27.375751693375));
#781 = CARTESIAN_POINT('',(3.498631506219,27.133500421597));
#782 = CARTESIAN_POINT('',(3.471664034972,26.900363803047));
#783 = CARTESIAN_POINT('',(3.43250643183,26.618120160836));
#784 = CARTESIAN_POINT('',(3.423428331903,26.555927170566));
#785 = CARTESIAN_POINT('',(3.414040571608,26.494929537637));
#786 = CARTESIAN_POINT('',(3.404328542524,26.435246965651));
#787 = CARTESIAN_POINT('',(3.39427783953,26.37703957007));
#788 = CARTESIAN_POINT('',(3.372286253917,26.257540522403));
#789 = CARTESIAN_POINT('',(3.360257244098,26.196634502353));
#790 = CARTESIAN_POINT('',(3.347764389542,26.138055949418));
#791 = CARTESIAN_POINT('',(3.334787067047,26.082150205135));
#792 = CARTESIAN_POINT('',(3.321306412381,26.029341418838));
#793 = CARTESIAN_POINT('',(3.29265395787,25.928640749657));
#794 = CARTESIAN_POINT('',(3.277396834449,25.88096468475));
#795 = CARTESIAN_POINT('',(3.26156889065,25.837930794228));
#796 = CARTESIAN_POINT('',(3.24520653654,25.800312954168));
#797 = CARTESIAN_POINT('',(3.228347146048,25.768837073816));
#798 = CARTESIAN_POINT('',(3.199763263113,25.72814979549));
#799 = CARTESIAN_POINT('',(3.188316265379,25.715020014143));
#800 = CARTESIAN_POINT('',(3.176732183609,25.705018849225));
#801 = CARTESIAN_POINT('',(3.165054686401,25.698296558815));
#802 = CARTESIAN_POINT('',(3.15332709755,25.694931706865));
#803 = CARTESIAN_POINT('',(3.123418982569,25.694931706865));
#804 = CARTESIAN_POINT('',(3.105297643899,25.703002802833));
#805 = CARTESIAN_POINT('',(3.087362209151,25.719057131521));
#806 = CARTESIAN_POINT('',(3.069746629167,25.742679486863));
#807 = CARTESIAN_POINT('',(3.052586902204,25.773121189873));
#808 = CARTESIAN_POINT('',(3.024775010212,25.833856725364));
#809 = CARTESIAN_POINT('',(3.013778936046,25.861112142869));
#810 = CARTESIAN_POINT('',(3.003039652909,25.890828577586));
#811 = CARTESIAN_POINT('',(2.992561947402,25.922777720664));
#812 = CARTESIAN_POINT('',(2.982350198852,25.956734097108));
#813 = CARTESIAN_POINT('',(2.958310920864,26.04315389667));
#814 = CARTESIAN_POINT('',(2.944747431063,26.097451585216));
#815 = CARTESIAN_POINT('',(2.931698951341,26.154853482747));
#816 = CARTESIAN_POINT('',(2.9191451628,26.214929235989));
#817 = CARTESIAN_POINT('',(2.907063954238,26.277332394445));
#818 = CARTESIAN_POINT('',(2.885309325207,26.397893860848));
#819 = CARTESIAN_POINT('',(2.87552504069,26.455561438616));
#820 = CARTESIAN_POINT('',(2.866064731764,26.514619900594));
#821 = CARTESIAN_POINT('',(2.856914874793,26.57492251826));
#822 = CARTESIAN_POINT('',(2.848061795293,26.636359540155));
#823 = CARTESIAN_POINT('',(2.810027577422,26.913727121709));
#824 = CARTESIAN_POINT('',(2.783802355423,27.141910060504));
#825 = CARTESIAN_POINT('',(2.760554142336,27.378762178192));
#826 = CARTESIAN_POINT('',(2.740044305957,27.622165285004));
#827 = CARTESIAN_POINT('',(2.722107620144,27.87170032993));
#828 = CARTESIAN_POINT('',(2.690433855523,28.399717374537));
#829 = CARTESIAN_POINT('',(2.677067593806,28.678288590081));
#830 = CARTESIAN_POINT('',(2.66671960476,28.962258830404));
#831 = CARTESIAN_POINT('',(2.659570245263,29.250679670851));
#832 = CARTESIAN_POINT('',(2.655894302417,29.542657719136));
#833 = CARTESIAN_POINT('',(2.656176611756,29.990398492454));
#834 = CARTESIAN_POINT('',(2.657322086282,30.144381741309));
#835 = CARTESIAN_POINT('',(2.659569848033,30.298595301606));
#836 = CARTESIAN_POINT('',(2.662972649189,30.452676282035));
#837 = CARTESIAN_POINT('',(2.667583660277,30.606247712512));
#838 = CARTESIAN_POINT('',(2.68380315894,31.027796404111));
#839 = CARTESIAN_POINT('',(2.698077157118,31.294148170311));
#840 = CARTESIAN_POINT('',(2.716545370471,31.554485393744));
#841 = CARTESIAN_POINT('',(2.739373939383,31.805229652366));
#842 = CARTESIAN_POINT('',(2.766632588138,32.042456674418));
#843 = CARTESIAN_POINT('',(2.816869700523,32.389657590098));
#844 = CARTESIAN_POINT('',(2.83694621533,32.511645576756));
#845 = CARTESIAN_POINT('',(2.858506496267,32.626179127111));
#846 = CARTESIAN_POINT('',(2.881496108613,32.732085536324));
#847 = CARTESIAN_POINT('',(2.905842622783,32.828178438374));
#848 = CARTESIAN_POINT('',(2.962926973465,33.017748306412));
#849 = CARTESIAN_POINT('',(2.996412068853,33.105950337448));
#850 = CARTESIAN_POINT('',(3.031508846652,33.174520205132));
#851 = CARTESIAN_POINT('',(3.067740062566,33.221195649511));
#852 = CARTESIAN_POINT('',(3.104607337794,33.244674905608));
#853 = CARTESIAN_POINT('',(3.14159265359,33.244674905608));
#854 = ( GEOMETRIC_REPRESENTATION_CONTEXT(2) 
PARAMETRIC_REPRESENTATION_CONTEXT() REPRESENTATION_CONTEXT('2D SPACE',''
  ) );
#855 = PCURVE('',#856,#861);
#856 = CYLINDRICAL_SURFACE('',#857,3.5);
#857 = AXIS2_PLACEMENT_3D('',#858,#859,#860);
#858 = CARTESIAN_POINT('',(-47.23298647353,5.784372569899E-15,
    18.264949450195));
#859 = DIRECTION('',(0.927183854567,-1.135472739716E-16,0.374606593416)
  );
#860 = DIRECTION('',(-0.374606593416,0.,0.927183854567));
#861 = DEFINITIONAL_REPRESENTATION('',(#862),#965);
#862 = B_SPLINE_CURVE_WITH_KNOTS('',6,(#863,#864,#865,#866,#867,#868,
    #869,#870,#871,#872,#873,#874,#875,#876,#877,#878,#879,#880,#881,
    #882,#883,#884,#885,#886,#887,#888,#889,#890,#891,#892,#893,#894,
    #895,#896,#897,#898,#899,#900,#901,#902,#903,#904,#905,#906,#907,
    #908,#909,#910,#911,#912,#913,#914,#915,#916,#917,#918,#919,#920,
    #921,#922,#923,#924,#925,#926,#927,#928,#929,#930,#931,#932,#933,
    #934,#935,#936,#937,#938,#939,#940,#941,#942,#943,#944,#945,#946,
    #947,#948,#949,#950,#951,#952,#953,#954,#955,#956,#957,#958,#959,
    #960,#961,#962,#963,#964),.UNSPECIFIED.,.F.,.F.,(7,5,5,5,5,5,5,5,5,5
    ,5,5,5,5,5,5,5,5,5,5,7),(0.,5.775232011007E-02,0.104889013453,
    0.18479519718,0.230867945247,0.317187497275,0.401451428073,
    0.425818127436,0.452958409776,0.481357796178,0.49983180615,
    0.528443351853,0.547871743744,0.575420835984,0.599391149971,
    0.681799919022,0.769277050749,0.814867150553,0.89516183528,
    0.942208660538,1.),.UNSPECIFIED.);
#863 = CARTESIAN_POINT('',(0.,31.325081220341));
#864 = CARTESIAN_POINT('',(7.925424813379E-02,31.325081220341));
#865 = CARTESIAN_POINT('',(0.15825539379,31.327700441707));
#866 = CARTESIAN_POINT('',(0.236595461506,31.33290863203));
#867 = CARTESIAN_POINT('',(0.313880735851,31.33994444416));
#868 = CARTESIAN_POINT('',(0.389663803895,31.347392581773));
#869 = CARTESIAN_POINT('',(0.523555130633,31.359193552006));
#870 = CARTESIAN_POINT('',(0.582508753417,31.363877833955));
#871 = CARTESIAN_POINT('',(0.640270892015,31.367223034724));
#872 = CARTESIAN_POINT('',(0.69685037305,31.368499584081));
#873 = CARTESIAN_POINT('',(0.752243082328,31.367052931442));
#874 = CARTESIAN_POINT('',(0.898302030276,31.35448021875));
#875 = CARTESIAN_POINT('',(0.986715040128,31.337323566477));
#876 = CARTESIAN_POINT('',(1.072036061719,31.30845465271));
#877 = CARTESIAN_POINT('',(1.154507569056,31.266383094564));
#878 = CARTESIAN_POINT('',(1.234330504143,31.210950215291));
#879 = CARTESIAN_POINT('',(1.356125816723,31.104035646996));
#880 = CARTESIAN_POINT('',(1.399840033623,31.060796553439));
#881 = CARTESIAN_POINT('',(1.442811805483,31.013533777209));
#882 = CARTESIAN_POINT('',(1.485109872178,30.962444526267));
#883 = CARTESIAN_POINT('',(1.526790972219,30.907792149433));
#884 = CARTESIAN_POINT('',(1.644934615736,30.741407228105));
#885 = CARTESIAN_POINT('',(1.719923043731,30.621588140346));
#886 = CARTESIAN_POINT('',(1.793526100608,30.492061700841));
#887 = CARTESIAN_POINT('',(1.866300461281,30.354645716276));
#888 = CARTESIAN_POINT('',(1.938772546778,30.211152598735));
#889 = CARTESIAN_POINT('',(2.082512382305,29.919548416625));
#890 = CARTESIAN_POINT('',(2.15357437472,29.772021185367));
#891 = CARTESIAN_POINT('',(2.225651397495,29.622045566466));
#892 = CARTESIAN_POINT('',(2.299632886404,29.470836054037));
#893 = CARTESIAN_POINT('',(2.376340677298,29.320781326607));
#894 = CARTESIAN_POINT('',(2.479858249498,29.134660453124));
#895 = CARTESIAN_POINT('',(2.503404353983,29.093340279707));
#896 = CARTESIAN_POINT('',(2.527317118841,29.052527162875));
#897 = CARTESIAN_POINT('',(2.551633783384,29.012327789964));
#898 = CARTESIAN_POINT('',(2.57639021736,28.972877897737));
#899 = CARTESIAN_POINT('',(2.629727248323,28.891422851307));
#900 = CARTESIAN_POINT('',(2.65843012965,28.84962610713));
#901 = CARTESIAN_POINT('',(2.687788012978,28.809175125673));
#902 = CARTESIAN_POINT('',(2.717852733251,28.770350248791));
#903 = CARTESIAN_POINT('',(2.748675226821,28.733490902989));
#904 = CARTESIAN_POINT('',(2.813411361244,28.662901208579));
#905 = CARTESIAN_POINT('',(2.847483095851,28.629306998404));
#906 = CARTESIAN_POINT('',(2.882458150226,28.598844276479));
#907 = CARTESIAN_POINT('',(2.918285824761,28.57211725638));
#908 = CARTESIAN_POINT('',(2.95492985636,28.549695451678));
#909 = CARTESIAN_POINT('',(3.016720141805,28.520663052142));
#910 = CARTESIAN_POINT('',(3.041381216311,28.511278265314));
#911 = CARTESIAN_POINT('',(3.066271277928,28.504120999327));
#912 = CARTESIAN_POINT('',(3.091316867184,28.499307136689));
#913 = CARTESIAN_POINT('',(3.116447416532,28.496897639495));
#914 = CARTESIAN_POINT('',(3.180536234349,28.496897639495));
#915 = CARTESIAN_POINT('',(3.219367710091,28.502676886414));
#916 = CARTESIAN_POINT('',(3.257883850212,28.514174289909));
#917 = CARTESIAN_POINT('',(3.295878665178,28.531063828023));
#918 = CARTESIAN_POINT('',(3.333125332212,28.552764958259));
#919 = CARTESIAN_POINT('',(3.393961643856,28.595896263073));
#920 = CARTESIAN_POINT('',(3.418147870908,28.615213596439));
#921 = CARTESIAN_POINT('',(3.441919004715,28.63622453099));
#922 = CARTESIAN_POINT('',(3.465274875304,28.658750195279));
#923 = CARTESIAN_POINT('',(3.488213191185,28.682614220455));
#924 = CARTESIAN_POINT('',(3.542657902186,28.743134826819));
#925 = CARTESIAN_POINT('',(3.57375779402,28.780991069442));
#926 = CARTESIAN_POINT('',(3.604086509441,28.820803787924));
#927 = CARTESIAN_POINT('',(3.633698017676,28.862228024538));
#928 = CARTESIAN_POINT('',(3.662647471566,28.9049815876));
#929 = CARTESIAN_POINT('',(3.715660899465,28.987008853403));
#930 = CARTESIAN_POINT('',(3.739875752818,29.026020522787));
#931 = CARTESIAN_POINT('',(3.763674126868,29.065726570581));
#932 = CARTESIAN_POINT('',(3.787089814693,29.106001986939));
#933 = CARTESIAN_POINT('',(3.810157874461,29.146748272719));
#934 = CARTESIAN_POINT('',(3.911158224136,29.329343473319));
#935 = CARTESIAN_POINT('',(3.986017048938,29.47599791107));
#936 = CARTESIAN_POINT('',(4.05829652678,29.623708328662));
#937 = CARTESIAN_POINT('',(4.128766613819,29.770256431078));
#938 = CARTESIAN_POINT('',(4.19825818503,29.914492996288));
#939 = CARTESIAN_POINT('',(4.341341716942,30.205079556821));
#940 = CARTESIAN_POINT('',(4.414721189503,30.350603798963));
#941 = CARTESIAN_POINT('',(4.488395667315,30.489935053778));
#942 = CARTESIAN_POINT('',(4.562912828562,30.621197156569));
#943 = CARTESIAN_POINT('',(4.638851835524,30.742503030593));
#944 = CARTESIAN_POINT('',(4.757569656781,30.90931355141));
#945 = CARTESIAN_POINT('',(4.798799669339,30.963279447138));
#946 = CARTESIAN_POINT('',(4.840634162988,31.013757902409));
#947 = CARTESIAN_POINT('',(4.883127930333,31.060494543526));
#948 = CARTESIAN_POINT('',(4.926347245996,31.103298413171));
#949 = CARTESIAN_POINT('',(5.047917701528,31.210320631777));
#950 = CARTESIAN_POINT('',(5.128047813294,31.266106295604));
#951 = CARTESIAN_POINT('',(5.210851069704,31.30841843619));
#952 = CARTESIAN_POINT('',(5.296519323826,31.337407759365));
#953 = CARTESIAN_POINT('',(5.385311641203,31.354589615968));
#954 = CARTESIAN_POINT('',(5.531656105272,31.367071363242));
#955 = CARTESIAN_POINT('',(5.586918170532,31.368486354127));
#956 = CARTESIAN_POINT('',(5.643361048166,31.367197157088));
#957 = CARTESIAN_POINT('',(5.70098058218,31.363853669058));
#958 = CARTESIAN_POINT('',(5.759785441644,31.359179867186));
#959 = CARTESIAN_POINT('',(5.893521503285,31.347392581773));
#960 = CARTESIAN_POINT('',(5.969304571329,31.33994444416));
#961 = CARTESIAN_POINT('',(6.046589845674,31.33290863203));
#962 = CARTESIAN_POINT('',(6.12492991339,31.327700441707));
#963 = CARTESIAN_POINT('',(6.203931059046,31.325081220341));
#964 = CARTESIAN_POINT('',(6.28318530718,31.325081220341));
#965 = ( GEOMETRIC_REPRESENTATION_CONTEXT(2) 
PARAMETRIC_REPRESENTATION_CONTEXT() REPRESENTATION_CONTEXT('2D SPACE',''
  ) );
#966 = ADVANCED_FACE('',(#967),#191,.T.);
#967 = FACE_BOUND('',#968,.T.);
#968 = EDGE_LOOP('',(#969,#992,#993,#994,#1169,#1192,#1214,#1215));
#969 = ORIENTED_EDGE('',*,*,#970,.T.);
#970 = EDGE_CURVE('',#971,#175,#973,.T.);
#971 = VERTEX_POINT('',#972);
#972 = CARTESIAN_POINT('',(19.5,-1.836970198721E-15,33.244674905608));
#973 = SEAM_CURVE('',#974,(#978,#985),.PCURVE_S1.);
#974 = LINE('',#975,#976);
#975 = CARTESIAN_POINT('',(19.5,-1.836970198721E-15,0.));
#976 = VECTOR('',#977,1.);
#977 = DIRECTION('',(0.,0.,1.));
#978 = PCURVE('',#191,#979);
#979 = DEFINITIONAL_REPRESENTATION('',(#980),#984);
#980 = LINE('',#981,#982);
#981 = CARTESIAN_POINT('',(6.28318530718,-0.));
#982 = VECTOR('',#983,1.);
#983 = DIRECTION('',(0.,1.));
#984 = ( GEOMETRIC_REPRESENTATION_CONTEXT(2) 
PARAMETRIC_REPRESENTATION_CONTEXT() REPRESENTATION_CONTEXT('2D SPACE',''
  ) );
#985 = PCURVE('',#191,#986);
#986 = DEFINITIONAL_REPRESENTATION('',(#987),#991);
#987 = LINE('',#988,#989);
#988 = CARTESIAN_POINT('',(0.,-0.));
#989 = VECTOR('',#990,1.);
#990 = DIRECTION('',(0.,1.));
#991 = ( GEOMETRIC_REPRESENTATION_CONTEXT(2) 
PARAMETRIC_REPRESENTATION_CONTEXT() REPRESENTATION_CONTEXT('2D SPACE',''
  ) );
#992 = ORIENTED_EDGE('',*,*,#174,.F.);
#993 = ORIENTED_EDGE('',*,*,#970,.F.);
#994 = ORIENTED_EDGE('',*,*,#995,.T.);
#995 = EDGE_CURVE('',#971,#996,#998,.T.);
#996 = VERTEX_POINT('',#997);
#997 = CARTESIAN_POINT('',(19.5,-4.898587196589E-16,25.694931706865));
#998 = SURFACE_CURVE('',#999,(#1052,#1108),.PCURVE_S1.);
#999 = B_SPLINE_CURVE_WITH_KNOTS('',6,(#1000,#1001,#1002,#1003,#1004,
    #1005,#1006,#1007,#1008,#1009,#1010,#1011,#1012,#1013,#1014,#1015,
    #1016,#1017,#1018,#1019,#1020,#1021,#1022,#1023,#1024,#1025,#1026,
    #1027,#1028,#1029,#1030,#1031,#1032,#1033,#1034,#1035,#1036,#1037,
    #1038,#1039,#1040,#1041,#1042,#1043,#1044,#1045,#1046,#1047,#1048,
    #1049,#1050,#1051),.UNSPECIFIED.,.F.,.F.,(7,5,5,5,5,5,5,5,5,5,7),(0.
    ,0.11553848408,0.209839493683,0.369698687545,0.461871183108,
    0.634560871916,0.803138113634,0.851885791668,0.906182261024,
    0.942781814514,1.),.UNSPECIFIED.);
#1000 = CARTESIAN_POINT('',(19.5,-2.143131898508E-16,33.244674905608));
#1001 = CARTESIAN_POINT('',(19.5,0.277389868468,33.244674905608));
#1002 = CARTESIAN_POINT('',(19.487688843531,0.553893913704,
    33.22119564951));
#1003 = CARTESIAN_POINT('',(19.463213525691,0.824947641509,
    33.174520205133));
#1004 = CARTESIAN_POINT('',(19.427921133019,1.086138862061,
    33.105950337448));
#1005 = CARTESIAN_POINT('',(19.384252124125,1.333611281214,
    33.017748306412));
#1006 = CARTESIAN_POINT('',(19.294844248448,1.752812471506,
    32.827958351258));
#1007 = CARTESIAN_POINT('',(19.250856177812,1.93059396135,32.73158859276
    ));
#1008 = CARTESIAN_POINT('',(19.204328281,2.097136257044,32.625357910649)
  );
#1009 = CARTESIAN_POINT('',(19.156530371902,2.252039354557,
    32.510461640808));
#1010 = CARTESIAN_POINT('',(19.108645703009,2.395118580308,
    32.388081134636));
#1011 = CARTESIAN_POINT('',(18.98207257669,2.74891215784,32.041239210015
    ));
#1012 = CARTESIAN_POINT('',(18.905116463581,2.937486851762,
    31.804967026304));
#1013 = CARTESIAN_POINT('',(18.83537120608,3.093209548194,
    31.555276839057));
#1014 = CARTESIAN_POINT('',(18.776026344241,3.217927343263,
    31.296084508754));
#1015 = CARTESIAN_POINT('',(18.728668439419,3.313766911654,
    31.030893330178));
#1016 = CARTESIAN_POINT('',(18.673444143595,3.423031986171,
    30.608803472331));
#1017 = CARTESIAN_POINT('',(18.657334834338,3.454194505523,
    30.453506192382));
#1018 = CARTESIAN_POINT('',(18.645353711728,3.477054550351,
    30.297685444165));
#1019 = CARTESIAN_POINT('',(18.637445302101,3.49204827904,
    30.141730365718));
#1020 = CARTESIAN_POINT('',(18.633476817596,3.499569335174,
    29.986015296576));
#1021 = CARTESIAN_POINT('',(18.63284602028,3.500764837572,
    29.540294934602));
#1022 = CARTESIAN_POINT('',(18.64559517086,3.476602861733,
    29.251997069378));
#1023 = CARTESIAN_POINT('',(18.67021275176,3.429974273097,
    28.967161143286));
#1024 = CARTESIAN_POINT('',(18.705089581922,3.362272998573,28.6866568687
    ));
#1025 = CARTESIAN_POINT('',(18.748643229293,3.274166228412,
    28.411405763399));
#1026 = CARTESIAN_POINT('',(18.848561077804,3.059556465948,
    27.880283328065));
#1027 = CARTESIAN_POINT('',(18.904461806683,2.934307213732,
    27.624823387782));
#1028 = CARTESIAN_POINT('',(18.965584225568,2.789291152143,
    27.375751693375));
#1029 = CARTESIAN_POINT('',(19.030793071106,2.622672637446,
    27.133500421597));
#1030 = CARTESIAN_POINT('',(19.098438999846,2.431883987064,
    26.900363803048));
#1031 = CARTESIAN_POINT('',(19.185142994706,2.151292561246,
    26.618120160836));
#1032 = CARTESIAN_POINT('',(19.204580638177,2.086036674555,
    26.555927170566));
#1033 = CARTESIAN_POINT('',(19.223954359221,2.018339847108,
    26.494929537637));
#1034 = CARTESIAN_POINT('',(19.243197455231,1.948079481753,
    26.435246965651));
#1035 = CARTESIAN_POINT('',(19.262228220241,1.875134551983,
    26.37703957007));
#1036 = CARTESIAN_POINT('',(19.301799568562,1.715014950531,
    26.257540522403));
#1037 = CARTESIAN_POINT('',(19.322271179876,1.627142382154,
    26.196634502353));
#1038 = CARTESIAN_POINT('',(19.342231697096,1.535581729567,
    26.138055949418));
#1039 = CARTESIAN_POINT('',(19.361518288829,1.440163090927,
    26.082150205136));
#1040 = CARTESIAN_POINT('',(19.379936239249,1.340734270129,
    26.029341418838));
#1041 = CARTESIAN_POINT('',(19.408934553649,1.167347090539,
    25.94696237944));
#1042 = CARTESIAN_POINT('',(19.420116860051,1.095626784608,
    25.915417225116));
#1043 = CARTESIAN_POINT('',(19.430722815254,1.022027659579,
    25.885686359023));
#1044 = CARTESIAN_POINT('',(19.440669116162,0.946581727777,
    25.857960504967));
#1045 = CARTESIAN_POINT('',(19.44987155679,0.869326389703,
    25.832431832825));
#1046 = CARTESIAN_POINT('',(19.471335757459,0.666764869068,
    25.773121189857));
#1047 = CARTESIAN_POINT('',(19.482441933988,0.538523390823,
    25.742679486873));
#1048 = CARTESIAN_POINT('',(19.491113836559,0.406647079464,
    25.719057131529));
#1049 = CARTESIAN_POINT('',(19.497027815857,0.272212713526,
    25.703002802827));
#1050 = CARTESIAN_POINT('',(19.5,0.136302532597,25.694931706865));
#1051 = CARTESIAN_POINT('',(19.5,4.286263797016E-16,25.694931706865));
#1052 = PCURVE('',#191,#1053);
#1053 = DEFINITIONAL_REPRESENTATION('',(#1054),#1107);
#1054 = B_SPLINE_CURVE_WITH_KNOTS('',6,(#1055,#1056,#1057,#1058,#1059,
    #1060,#1061,#1062,#1063,#1064,#1065,#1066,#1067,#1068,#1069,#1070,
    #1071,#1072,#1073,#1074,#1075,#1076,#1077,#1078,#1079,#1080,#1081,
    #1082,#1083,#1084,#1085,#1086,#1087,#1088,#1089,#1090,#1091,#1092,
    #1093,#1094,#1095,#1096,#1097,#1098,#1099,#1100,#1101,#1102,#1103,
    #1104,#1105,#1106),.UNSPECIFIED.,.F.,.F.,(7,5,5,5,5,5,5,5,5,5,7),(0.
    ,0.11553848408,0.209839493683,0.369698687545,0.461871183108,
    0.634560871916,0.803138113634,0.851885791668,0.906182261024,
    0.942781814514,1.),.UNSPECIFIED.);
#1055 = CARTESIAN_POINT('',(0.,33.244674905608));
#1056 = CARTESIAN_POINT('',(3.698531579576E-02,33.244674905608));
#1057 = CARTESIAN_POINT('',(7.385259102421E-02,33.22119564951));
#1058 = CARTESIAN_POINT('',(0.110083806938,33.174520205133));
#1059 = CARTESIAN_POINT('',(0.145180584737,33.105950337448));
#1060 = CARTESIAN_POINT('',(0.178665680124,33.017748306412));
#1061 = CARTESIAN_POINT('',(0.235816304684,32.827958351258));
#1062 = CARTESIAN_POINT('',(0.260222410905,32.73158859276));
#1063 = CARTESIAN_POINT('',(0.283264337506,32.625357910649));
#1064 = CARTESIAN_POINT('',(0.304869186863,32.510461640808));
#1065 = CARTESIAN_POINT('',(0.324982239937,32.388081134636));
#1066 = CARTESIAN_POINT('',(0.375082699338,32.041239210015));
#1067 = CARTESIAN_POINT('',(0.402212887473,31.804967026304));
#1068 = CARTESIAN_POINT('',(0.424951544145,31.555276839057));
#1069 = CARTESIAN_POINT('',(0.443364060273,31.296084508754));
#1070 = CARTESIAN_POINT('',(0.457617022336,31.030893330178));
#1071 = CARTESIAN_POINT('',(0.47394073616,30.608803472331));
#1072 = CARTESIAN_POINT('',(0.47861790598,30.453506192382));
#1073 = CARTESIAN_POINT('',(0.482059116509,30.297685444165));
#1074 = CARTESIAN_POINT('',(0.484319370767,30.141730365718));
#1075 = CARTESIAN_POINT('',(0.485453197205,29.986015296576));
#1076 = CARTESIAN_POINT('',(0.485633425762,29.540294934602));
#1077 = CARTESIAN_POINT('',(0.48199087095,29.251997069377));
#1078 = CARTESIAN_POINT('',(0.47496038301,28.967161143286));
#1079 = CARTESIAN_POINT('',(0.464806919098,28.6866568687));
#1080 = CARTESIAN_POINT('',(0.451705979582,28.411405763399));
#1081 = CARTESIAN_POINT('',(0.420142026416,27.880283328065));
#1082 = CARTESIAN_POINT('',(0.401856595679,27.624823387782));
#1083 = CARTESIAN_POINT('',(0.380881453799,27.375751693375));
#1084 = CARTESIAN_POINT('',(0.357038852629,27.133500421597));
#1085 = CARTESIAN_POINT('',(0.330071381382,26.900363803048));
#1086 = CARTESIAN_POINT('',(0.29091377824,26.618120160836));
#1087 = CARTESIAN_POINT('',(0.281835678313,26.555927170566));
#1088 = CARTESIAN_POINT('',(0.272447918018,26.494929537637));
#1089 = CARTESIAN_POINT('',(0.262735888934,26.435246965651));
#1090 = CARTESIAN_POINT('',(0.252685185941,26.37703957007));
#1091 = CARTESIAN_POINT('',(0.230693600327,26.257540522403));
#1092 = CARTESIAN_POINT('',(0.218664590508,26.196634502353));
#1093 = CARTESIAN_POINT('',(0.206171735952,26.138055949418));
#1094 = CARTESIAN_POINT('',(0.193194413457,26.082150205136));
#1095 = CARTESIAN_POINT('',(0.179713758791,26.029341418838));
#1096 = CARTESIAN_POINT('',(0.156274374543,25.94696237944));
#1097 = CARTESIAN_POINT('',(0.146596715715,25.915417225116));
#1098 = CARTESIAN_POINT('',(0.136683155626,25.885686359023));
#1099 = CARTESIAN_POINT('',(0.126537823824,25.857960504967));
#1100 = CARTESIAN_POINT('',(0.116165159506,25.832431832825));
#1101 = CARTESIAN_POINT('',(8.90057513783E-02,25.773121189857));
#1102 = CARTESIAN_POINT('',(7.184602442492E-02,25.742679486873));
#1103 = CARTESIAN_POINT('',(5.423044444685E-02,25.719057131529));
#1104 = CARTESIAN_POINT('',(3.629500969314E-02,25.703002802827));
#1105 = CARTESIAN_POINT('',(1.81736710129E-02,25.694931706865));
#1106 = CARTESIAN_POINT('',(0.,25.694931706865));
#1107 = ( GEOMETRIC_REPRESENTATION_CONTEXT(2) 
PARAMETRIC_REPRESENTATION_CONTEXT() REPRESENTATION_CONTEXT('2D SPACE',''
  ) );
#1108 = PCURVE('',#1109,#1114);
#1109 = CYLINDRICAL_SURFACE('',#1110,3.5);
#1110 = AXIS2_PLACEMENT_3D('',#1111,#1112,#1113);
#1111 = CARTESIAN_POINT('',(47.232986473538,0.,18.264949450195));
#1112 = DIRECTION('',(-0.927183854567,-0.,0.374606593416));
#1113 = DIRECTION('',(-0.374606593416,0.,-0.927183854567));
#1114 = DEFINITIONAL_REPRESENTATION('',(#1115),#1168);
#1115 = B_SPLINE_CURVE_WITH_KNOTS('',6,(#1116,#1117,#1118,#1119,#1120,
    #1121,#1122,#1123,#1124,#1125,#1126,#1127,#1128,#1129,#1130,#1131,
    #1132,#1133,#1134,#1135,#1136,#1137,#1138,#1139,#1140,#1141,#1142,
    #1143,#1144,#1145,#1146,#1147,#1148,#1149,#1150,#1151,#1152,#1153,
    #1154,#1155,#1156,#1157,#1158,#1159,#1160,#1161,#1162,#1163,#1164,
    #1165,#1166,#1167),.UNSPECIFIED.,.F.,.F.,(7,5,5,5,5,5,5,5,5,5,7),(0.
    ,0.11553848408,0.209839493683,0.369698687545,0.461871183108,
    0.634560871916,0.803138113634,0.851885791668,0.906182261024,
    0.942781814514,1.),.UNSPECIFIED.);
#1116 = CARTESIAN_POINT('',(3.14159265359,31.325081220341));
#1117 = CARTESIAN_POINT('',(3.220846901724,31.325081220341));
#1118 = CARTESIAN_POINT('',(3.29984804738,31.327700441707));
#1119 = CARTESIAN_POINT('',(3.378188115096,31.33290863203));
#1120 = CARTESIAN_POINT('',(3.455473389441,31.33994444416));
#1121 = CARTESIAN_POINT('',(3.531256457484,31.347392581773));
#1122 = CARTESIAN_POINT('',(3.665147784223,31.359193552006));
#1123 = CARTESIAN_POINT('',(3.724101407007,31.363877833955));
#1124 = CARTESIAN_POINT('',(3.781863545605,31.367223034724));
#1125 = CARTESIAN_POINT('',(3.838443026639,31.368499584081));
#1126 = CARTESIAN_POINT('',(3.893835735917,31.367052931442));
#1127 = CARTESIAN_POINT('',(4.039894683866,31.35448021875));
#1128 = CARTESIAN_POINT('',(4.128307693718,31.337323566477));
#1129 = CARTESIAN_POINT('',(4.213628715308,31.30845465271));
#1130 = CARTESIAN_POINT('',(4.296100222646,31.266383094564));
#1131 = CARTESIAN_POINT('',(4.375923157732,31.210950215291));
#1132 = CARTESIAN_POINT('',(4.497718470313,31.104035646996));
#1133 = CARTESIAN_POINT('',(4.541432687212,31.060796553439));
#1134 = CARTESIAN_POINT('',(4.584404459073,31.013533777209));
#1135 = CARTESIAN_POINT('',(4.626702525767,30.962444526267));
#1136 = CARTESIAN_POINT('',(4.668383625809,30.907792149433));
#1137 = CARTESIAN_POINT('',(4.786527269325,30.741407228105));
#1138 = CARTESIAN_POINT('',(4.861515697321,30.621588140346));
#1139 = CARTESIAN_POINT('',(4.935118754198,30.492061700842));
#1140 = CARTESIAN_POINT('',(5.007893114871,30.354645716276));
#1141 = CARTESIAN_POINT('',(5.080365200368,30.211152598735));
#1142 = CARTESIAN_POINT('',(5.224105035895,29.919548416625));
#1143 = CARTESIAN_POINT('',(5.29516702831,29.772021185367));
#1144 = CARTESIAN_POINT('',(5.367244051084,29.622045566466));
#1145 = CARTESIAN_POINT('',(5.441225539994,29.470836054037));
#1146 = CARTESIAN_POINT('',(5.517933330888,29.320781326607));
#1147 = CARTESIAN_POINT('',(5.621450903088,29.134660453124));
#1148 = CARTESIAN_POINT('',(5.644997007572,29.093340279707));
#1149 = CARTESIAN_POINT('',(5.668909772431,29.052527162875));
#1150 = CARTESIAN_POINT('',(5.693226436973,29.012327789964));
#1151 = CARTESIAN_POINT('',(5.71798287095,28.972877897737));
#1152 = CARTESIAN_POINT('',(5.771319901913,28.891422851307));
#1153 = CARTESIAN_POINT('',(5.80002278324,28.84962610713));
#1154 = CARTESIAN_POINT('',(5.829380666567,28.809175125673));
#1155 = CARTESIAN_POINT('',(5.859445386841,28.770350248791));
#1156 = CARTESIAN_POINT('',(5.890267880411,28.733490902989));
#1157 = CARTESIAN_POINT('',(5.943225826088,28.675744402751));
#1158 = CARTESIAN_POINT('',(5.964925337017,28.653559325998));
#1159 = CARTESIAN_POINT('',(5.986996280587,28.632588277105));
#1160 = CARTESIAN_POINT('',(6.009435997569,28.612979939752));
#1161 = CARTESIAN_POINT('',(6.032243573721,28.594884376474));
#1162 = CARTESIAN_POINT('',(6.091652628573,28.552764958247));
#1163 = CARTESIAN_POINT('',(6.128899295587,28.531063828031));
#1164 = CARTESIAN_POINT('',(6.166894110541,28.514174289915));
#1165 = CARTESIAN_POINT('',(6.205410250674,28.502676886409));
#1166 = CARTESIAN_POINT('',(6.244241726438,28.496897639495));
#1167 = CARTESIAN_POINT('',(6.28318530718,28.496897639495));
#1168 = ( GEOMETRIC_REPRESENTATION_CONTEXT(2) 
PARAMETRIC_REPRESENTATION_CONTEXT() REPRESENTATION_CONTEXT('2D SPACE',''
  ) );
#1169 = ORIENTED_EDGE('',*,*,#1170,.F.);
#1170 = EDGE_CURVE('',#1171,#996,#1173,.T.);
#1171 = VERTEX_POINT('',#1172);
#1172 = CARTESIAN_POINT('',(19.5,-1.836970198721E-15,0.));
#1173 = SEAM_CURVE('',#1174,(#1178,#1185),.PCURVE_S1.);
#1174 = LINE('',#1175,#1176);
#1175 = CARTESIAN_POINT('',(19.5,-1.836970198721E-15,0.));
#1176 = VECTOR('',#1177,1.);
#1177 = DIRECTION('',(0.,0.,1.));
#1178 = PCURVE('',#191,#1179);
#1179 = DEFINITIONAL_REPRESENTATION('',(#1180),#1184);
#1180 = LINE('',#1181,#1182);
#1181 = CARTESIAN_POINT('',(6.28318530718,-0.));
#1182 = VECTOR('',#1183,1.);
#1183 = DIRECTION('',(0.,1.));
#1184 = ( GEOMETRIC_REPRESENTATION_CONTEXT(2) 
PARAMETRIC_REPRESENTATION_CONTEXT() REPRESENTATION_CONTEXT('2D SPACE',''
  ) );
#1185 = PCURVE('',#191,#1186);
#1186 = DEFINITIONAL_REPRESENTATION('',(#1187),#1191);
#1187 = LINE('',#1188,#1189);
#1188 = CARTESIAN_POINT('',(0.,-0.));
#1189 = VECTOR('',#1190,1.);
#1190 = DIRECTION('',(0.,1.));
#1191 = ( GEOMETRIC_REPRESENTATION_CONTEXT(2) 
PARAMETRIC_REPRESENTATION_CONTEXT() REPRESENTATION_CONTEXT('2D SPACE',''
  ) );
#1192 = ORIENTED_EDGE('',*,*,#1193,.T.);
#1193 = EDGE_CURVE('',#1171,#1171,#1194,.T.);
#1194 = SURFACE_CURVE('',#1195,(#1200,#1207),.PCURVE_S1.);
#1195 = CIRCLE('',#1196,7.5);
#1196 = AXIS2_PLACEMENT_3D('',#1197,#1198,#1199);
#1197 = CARTESIAN_POINT('',(12.,0.,0.));
#1198 = DIRECTION('',(0.,0.,1.));
#1199 = DIRECTION('',(1.,0.,-0.));
#1200 = PCURVE('',#191,#1201);
#1201 = DEFINITIONAL_REPRESENTATION('',(#1202),#1206);
#1202 = LINE('',#1203,#1204);
#1203 = CARTESIAN_POINT('',(0.,0.));
#1204 = VECTOR('',#1205,1.);
#1205 = DIRECTION('',(1.,0.));
#1206 = ( GEOMETRIC_REPRESENTATION_CONTEXT(2) 
PARAMETRIC_REPRESENTATION_CONTEXT() REPRESENTATION_CONTEXT('2D SPACE',''
  ) );
#1207 = PCURVE('',#281,#1208);
#1208 = DEFINITIONAL_REPRESENTATION('',(#1209),#1213);
#1209 = CIRCLE('',#1210,7.5);
#1210 = AXIS2_PLACEMENT_2D('',#1211,#1212);
#1211 = CARTESIAN_POINT('',(12.,-1.660236146081E-15));
#1212 = DIRECTION('',(1.,0.));
#1213 = ( GEOMETRIC_REPRESENTATION_CONTEXT(2) 
PARAMETRIC_REPRESENTATION_CONTEXT() REPRESENTATION_CONTEXT('2D SPACE',''
  ) );
#1214 = ORIENTED_EDGE('',*,*,#1170,.T.);
#1215 = ORIENTED_EDGE('',*,*,#1216,.T.);
#1216 = EDGE_CURVE('',#996,#971,#1217,.T.);
#1217 = SURFACE_CURVE('',#1218,(#1271,#1327),.PCURVE_S1.);
#1218 = B_SPLINE_CURVE_WITH_KNOTS('',6,(#1219,#1220,#1221,#1222,#1223,
    #1224,#1225,#1226,#1227,#1228,#1229,#1230,#1231,#1232,#1233,#1234,
    #1235,#1236,#1237,#1238,#1239,#1240,#1241,#1242,#1243,#1244,#1245,
    #1246,#1247,#1248,#1249,#1250,#1251,#1252,#1253,#1254,#1255,#1256,
    #1257,#1258,#1259,#1260,#1261,#1262,#1263,#1264,#1265,#1266,#1267,
    #1268,#1269,#1270),.UNSPECIFIED.,.F.,.F.,(7,5,5,5,5,5,5,5,5,5,7),(0.
    ,5.720384911533E-02,9.604756658649E-02,0.151127223285,0.199051730335
    ,0.363813845495,0.538709277343,0.629858815925,0.790394182592,
    0.884456190363,1.),.UNSPECIFIED.);
#1219 = CARTESIAN_POINT('',(19.5,-4.440892098501E-16,25.694931706865));
#1220 = CARTESIAN_POINT('',(19.5,-0.136302532597,25.694931706865));
#1221 = CARTESIAN_POINT('',(19.497027815857,-0.272212713526,
    25.703002802827));
#1222 = CARTESIAN_POINT('',(19.491113836559,-0.406647079464,
    25.719057131529));
#1223 = CARTESIAN_POINT('',(19.482441933988,-0.538523390823,
    25.742679486873));
#1224 = CARTESIAN_POINT('',(19.471335757459,-0.666764869068,
    25.773121189857));
#1225 = CARTESIAN_POINT('',(19.449355895893,-0.874192774295,
    25.833856725363));
#1226 = CARTESIAN_POINT('',(19.43953338419,-0.956084213742,
    25.861112142869));
#1227 = CARTESIAN_POINT('',(19.428878580263,-1.035931415326,
    25.890828577587));
#1228 = CARTESIAN_POINT('',(19.417492160423,-1.113693982325,
    25.922777720665));
#1229 = CARTESIAN_POINT('',(19.405473246788,-1.18933838591,
    25.956734097106));
#1230 = CARTESIAN_POINT('',(19.375115535631,-1.367058803203,
    26.04315389667));
#1231 = CARTESIAN_POINT('',(19.35622395291,-1.4670313821,26.097451585216
    ));
#1232 = CARTESIAN_POINT('',(19.336476424842,-1.562900956845,
    26.154853482747));
#1233 = CARTESIAN_POINT('',(19.316071126311,-1.654831890771,
    26.214929235989));
#1234 = CARTESIAN_POINT('',(19.295172435767,-1.743006348931,
    26.277332394445));
#1235 = CARTESIAN_POINT('',(19.255413174004,-1.901247603328,
    26.397893860848));
#1236 = CARTESIAN_POINT('',(19.236636947002,-1.972192931857,
    26.455561438616));
#1237 = CARTESIAN_POINT('',(19.217673762458,-2.040571548956,
    26.514619900594));
#1238 = CARTESIAN_POINT('',(19.198599165664,-2.106497297879,
    26.57492251826));
#1239 = CARTESIAN_POINT('',(19.179475048898,-2.170085138879,
    26.636359540155));
#1240 = CARTESIAN_POINT('',(19.094603558348,-2.442423489739,
    26.913727121709));
#1241 = CARTESIAN_POINT('',(19.028623543628,-2.627880146062,
    27.141910060504));
#1242 = CARTESIAN_POINT('',(18.96500719359,-2.790327343453,
    27.378762178193));
#1243 = CARTESIAN_POINT('',(18.905291212263,-2.932145335303,
    27.622165285004));
#1244 = CARTESIAN_POINT('',(18.850545767934,-3.055045226523,
    27.87170032993));
#1245 = CARTESIAN_POINT('',(18.750470800353,-3.270490208268,
    28.399717374537));
#1246 = CARTESIAN_POINT('',(18.706067926144,-3.360398901924,
    28.67828859008));
#1247 = CARTESIAN_POINT('',(18.670525751531,-3.429398875131,
    28.962258830404));
#1248 = CARTESIAN_POINT('',(18.645484596893,-3.476811944809,
    29.250679670851));
#1249 = CARTESIAN_POINT('',(18.632618786143,-3.501195506553,
    29.542657719137));
#1250 = CARTESIAN_POINT('',(18.633606858794,-3.499322872956,
    29.990398492454));
#1251 = CARTESIAN_POINT('',(18.637616036207,-3.491724520103,
    30.144381741309));
#1252 = CARTESIAN_POINT('',(18.64547959118,-3.476813036542,
    30.298595301606));
#1253 = CARTESIAN_POINT('',(18.657325256975,-3.454207253589,
    30.452676282035));
#1254 = CARTESIAN_POINT('',(18.673206681894,-3.423485567484,
    30.606247712512));
#1255 = CARTESIAN_POINT('',(18.728096227403,-3.314927079564,
    31.027796401359));
#1256 = CARTESIAN_POINT('',(18.775542551643,-3.218955236661,
    31.294148179026));
#1257 = CARTESIAN_POINT('',(18.835090499331,-3.093871427745,
    31.554485381626));
#1258 = CARTESIAN_POINT('',(18.905131768893,-2.937541480593,
    31.805229660774));
#1259 = CARTESIAN_POINT('',(18.982446474643,-2.748069072887,
    32.042456671968));
#1260 = CARTESIAN_POINT('',(19.109262753022,-2.39327398666,
    32.389657590098));
#1261 = CARTESIAN_POINT('',(19.157022982039,-2.250442236039,
    32.511645576756));
#1262 = CARTESIAN_POINT('',(19.204687983917,-2.095848387405,
    32.626179127111));
#1263 = CARTESIAN_POINT('',(19.251083018726,-1.929677108382,
    32.732085536324));
#1264 = CARTESIAN_POINT('',(19.29494792897,-1.752326351043,
    32.828178438374));
#1265 = CARTESIAN_POINT('',(19.384252124125,-1.333611281214,
    33.017748306412));
#1266 = CARTESIAN_POINT('',(19.427921133019,-1.086138862061,
    33.105950337448));
#1267 = CARTESIAN_POINT('',(19.463213525691,-0.824947641508,
    33.174520205133));
#1268 = CARTESIAN_POINT('',(19.487688843531,-0.553893913704,
    33.22119564951));
#1269 = CARTESIAN_POINT('',(19.5,-0.277389868468,33.244674905608));
#1270 = CARTESIAN_POINT('',(19.5,-1.33226762955E-15,33.244674905608));
#1271 = PCURVE('',#191,#1272);
#1272 = DEFINITIONAL_REPRESENTATION('',(#1273),#1326);
#1273 = B_SPLINE_CURVE_WITH_KNOTS('',6,(#1274,#1275,#1276,#1277,#1278,
    #1279,#1280,#1281,#1282,#1283,#1284,#1285,#1286,#1287,#1288,#1289,
    #1290,#1291,#1292,#1293,#1294,#1295,#1296,#1297,#1298,#1299,#1300,
    #1301,#1302,#1303,#1304,#1305,#1306,#1307,#1308,#1309,#1310,#1311,
    #1312,#1313,#1314,#1315,#1316,#1317,#1318,#1319,#1320,#1321,#1322,
    #1323,#1324,#1325),.UNSPECIFIED.,.F.,.F.,(7,5,5,5,5,5,5,5,5,5,7),(0.
    ,5.720384911533E-02,9.604756658649E-02,0.151127223285,0.199051730335
    ,0.363813845495,0.538709277343,0.629858815925,0.790394182592,
    0.884456190363,1.),.UNSPECIFIED.);
#1274 = CARTESIAN_POINT('',(6.28318530718,25.694931706865));
#1275 = CARTESIAN_POINT('',(6.265011636167,25.694931706865));
#1276 = CARTESIAN_POINT('',(6.246890297486,25.703002802827));
#1277 = CARTESIAN_POINT('',(6.228954862733,25.719057131529));
#1278 = CARTESIAN_POINT('',(6.211339282755,25.742679486873));
#1279 = CARTESIAN_POINT('',(6.194179555801,25.773121189857));
#1280 = CARTESIAN_POINT('',(6.166367663802,25.833856725363));
#1281 = CARTESIAN_POINT('',(6.155371589636,25.861112142869));
#1282 = CARTESIAN_POINT('',(6.144632306499,25.890828577587));
#1283 = CARTESIAN_POINT('',(6.134154600992,25.922777720665));
#1284 = CARTESIAN_POINT('',(6.123942852443,25.956734097106));
#1285 = CARTESIAN_POINT('',(6.099903574454,26.04315389667));
#1286 = CARTESIAN_POINT('',(6.086340084652,26.097451585216));
#1287 = CARTESIAN_POINT('',(6.073291604931,26.154853482747));
#1288 = CARTESIAN_POINT('',(6.06073781639,26.214929235989));
#1289 = CARTESIAN_POINT('',(6.048656607827,26.277332394445));
#1290 = CARTESIAN_POINT('',(6.026901978797,26.397893860848));
#1291 = CARTESIAN_POINT('',(6.01711769428,26.455561438616));
#1292 = CARTESIAN_POINT('',(6.007657385353,26.514619900594));
#1293 = CARTESIAN_POINT('',(5.998507528383,26.57492251826));
#1294 = CARTESIAN_POINT('',(5.989654448882,26.636359540155));
#1295 = CARTESIAN_POINT('',(5.951620231012,26.913727121709));
#1296 = CARTESIAN_POINT('',(5.925395009013,27.141910060504));
#1297 = CARTESIAN_POINT('',(5.902146795926,27.378762178193));
#1298 = CARTESIAN_POINT('',(5.881636959546,27.622165285004));
#1299 = CARTESIAN_POINT('',(5.863700273733,27.87170032993));
#1300 = CARTESIAN_POINT('',(5.832026509112,28.399717374537));
#1301 = CARTESIAN_POINT('',(5.818660247396,28.67828859008));
#1302 = CARTESIAN_POINT('',(5.80831225835,28.962258830404));
#1303 = CARTESIAN_POINT('',(5.801162898852,29.250679670851));
#1304 = CARTESIAN_POINT('',(5.797486956007,29.542657719137));
#1305 = CARTESIAN_POINT('',(5.797769265346,29.990398492454));
#1306 = CARTESIAN_POINT('',(5.798914739872,30.144381741309));
#1307 = CARTESIAN_POINT('',(5.801162501623,30.298595301606));
#1308 = CARTESIAN_POINT('',(5.804565302779,30.452676282035));
#1309 = CARTESIAN_POINT('',(5.809176313867,30.606247712512));
#1310 = CARTESIAN_POINT('',(5.825395812424,31.027796401359));
#1311 = CARTESIAN_POINT('',(5.839669811249,31.294148179026));
#1312 = CARTESIAN_POINT('',(5.858138023042,31.554485381626));
#1313 = CARTESIAN_POINT('',(5.880966593893,31.805229660774));
#1314 = CARTESIAN_POINT('',(5.908225241373,32.042456671968));
#1315 = CARTESIAN_POINT('',(5.958462354113,32.389657590098));
#1316 = CARTESIAN_POINT('',(5.97853886892,32.511645576756));
#1317 = CARTESIAN_POINT('',(6.000099149857,32.626179127111));
#1318 = CARTESIAN_POINT('',(6.023088762203,32.732085536324));
#1319 = CARTESIAN_POINT('',(6.047435276372,32.828178438374));
#1320 = CARTESIAN_POINT('',(6.104519627055,33.017748306412));
#1321 = CARTESIAN_POINT('',(6.138004722443,33.105950337448));
#1322 = CARTESIAN_POINT('',(6.173101500242,33.174520205133));
#1323 = CARTESIAN_POINT('',(6.209332716155,33.22119564951));
#1324 = CARTESIAN_POINT('',(6.246199991384,33.244674905608));
#1325 = CARTESIAN_POINT('',(6.28318530718,33.244674905608));
#1326 = ( GEOMETRIC_REPRESENTATION_CONTEXT(2) 
PARAMETRIC_REPRESENTATION_CONTEXT() REPRESENTATION_CONTEXT('2D SPACE',''
  ) );
#1327 = PCURVE('',#1109,#1328);
#1328 = DEFINITIONAL_REPRESENTATION('',(#1329),#1382);
#1329 = B_SPLINE_CURVE_WITH_KNOTS('',6,(#1330,#1331,#1332,#1333,#1334,
    #1335,#1336,#1337,#1338,#1339,#1340,#1341,#1342,#1343,#1344,#1345,
    #1346,#1347,#1348,#1349,#1350,#1351,#1352,#1353,#1354,#1355,#1356,
    #1357,#1358,#1359,#1360,#1361,#1362,#1363,#1364,#1365,#1366,#1367,
    #1368,#1369,#1370,#1371,#1372,#1373,#1374,#1375,#1376,#1377,#1378,
    #1379,#1380,#1381),.UNSPECIFIED.,.F.,.F.,(7,5,5,5,5,5,5,5,5,5,7),(0.
    ,5.720384911533E-02,9.604756658649E-02,0.151127223285,0.199051730335
    ,0.363813845495,0.538709277343,0.629858815925,0.790394182592,
    0.884456190363,1.),.UNSPECIFIED.);
#1330 = CARTESIAN_POINT('',(0.,28.496897639495));
#1331 = CARTESIAN_POINT('',(3.894358074194E-02,28.496897639495));
#1332 = CARTESIAN_POINT('',(7.777505650564E-02,28.502676886409));
#1333 = CARTESIAN_POINT('',(0.116291196638,28.514174289915));
#1334 = CARTESIAN_POINT('',(0.154286011593,28.531063828031));
#1335 = CARTESIAN_POINT('',(0.191532678607,28.552764958247));
#1336 = CARTESIAN_POINT('',(0.252368990265,28.595896263072));
#1337 = CARTESIAN_POINT('',(0.276555217319,28.615213596439));
#1338 = CARTESIAN_POINT('',(0.300326351126,28.636224530991));
#1339 = CARTESIAN_POINT('',(0.323682221714,28.658750195279));
#1340 = CARTESIAN_POINT('',(0.346620537594,28.682614220454));
#1341 = CARTESIAN_POINT('',(0.401065248596,28.743134826819));
#1342 = CARTESIAN_POINT('',(0.43216514043,28.780991069442));
#1343 = CARTESIAN_POINT('',(0.462493855851,28.820803787924));
#1344 = CARTESIAN_POINT('',(0.492105364086,28.862228024538));
#1345 = CARTESIAN_POINT('',(0.521054817977,28.9049815876));
#1346 = CARTESIAN_POINT('',(0.574068245875,28.987008853403));
#1347 = CARTESIAN_POINT('',(0.598283099229,29.026020522787));
#1348 = CARTESIAN_POINT('',(0.622081473278,29.065726570581));
#1349 = CARTESIAN_POINT('',(0.645497161103,29.106001986939));
#1350 = CARTESIAN_POINT('',(0.668565220872,29.146748272719));
#1351 = CARTESIAN_POINT('',(0.769565570546,29.329343473319));
#1352 = CARTESIAN_POINT('',(0.844424395348,29.475997911069));
#1353 = CARTESIAN_POINT('',(0.916703873191,29.623708328662));
#1354 = CARTESIAN_POINT('',(0.987173960229,29.770256431078));
#1355 = CARTESIAN_POINT('',(1.05666553144,29.914492996288));
#1356 = CARTESIAN_POINT('',(1.199749063352,30.205079556821));
#1357 = CARTESIAN_POINT('',(1.273128535913,30.350603798963));
#1358 = CARTESIAN_POINT('',(1.346803013725,30.489935053779));
#1359 = CARTESIAN_POINT('',(1.421320174972,30.621197156569));
#1360 = CARTESIAN_POINT('',(1.497259181934,30.742503030593));
#1361 = CARTESIAN_POINT('',(1.615977003192,30.90931355141));
#1362 = CARTESIAN_POINT('',(1.657207015749,30.963279447138));
#1363 = CARTESIAN_POINT('',(1.699041509398,31.013757902409));
#1364 = CARTESIAN_POINT('',(1.741535276743,31.060494543526));
#1365 = CARTESIAN_POINT('',(1.784754592406,31.103298413171));
#1366 = CARTESIAN_POINT('',(1.906325047144,31.210320631079));
#1367 = CARTESIAN_POINT('',(1.986455162462,31.266106297367));
#1368 = CARTESIAN_POINT('',(2.069258411952,31.308418434304));
#1369 = CARTESIAN_POINT('',(2.154926673394,31.337407760242));
#1370 = CARTESIAN_POINT('',(2.24371898658,31.35458961588));
#1371 = CARTESIAN_POINT('',(2.390063451682,31.367071363242));
#1372 = CARTESIAN_POINT('',(2.445325516942,31.368486354127));
#1373 = CARTESIAN_POINT('',(2.501768394576,31.367197157088));
#1374 = CARTESIAN_POINT('',(2.55938792859,31.363853669058));
#1375 = CARTESIAN_POINT('',(2.618192788054,31.359179867186));
#1376 = CARTESIAN_POINT('',(2.751928849695,31.347392581773));
#1377 = CARTESIAN_POINT('',(2.827711917739,31.33994444416));
#1378 = CARTESIAN_POINT('',(2.904997192084,31.33290863203));
#1379 = CARTESIAN_POINT('',(2.9833372598,31.327700441707));
#1380 = CARTESIAN_POINT('',(3.062338405456,31.325081220341));
#1381 = CARTESIAN_POINT('',(3.14159265359,31.325081220341));
#1382 = ( GEOMETRIC_REPRESENTATION_CONTEXT(2) 
PARAMETRIC_REPRESENTATION_CONTEXT() REPRESENTATION_CONTEXT('2D SPACE',''
  ) );
#1383 = ADVANCED_FACE('',(#1384,#1433),#222,.T.);
#1384 = FACE_BOUND('',#1385,.T.);
#1385 = EDGE_LOOP('',(#1386,#1409,#1410,#1411));
#1386 = ORIENTED_EDGE('',*,*,#1387,.T.);
#1387 = EDGE_CURVE('',#1388,#206,#1390,.T.);
#1388 = VERTEX_POINT('',#1389);
#1389 = CARTESIAN_POINT('',(7.5,12.,0.));
#1390 = SEAM_CURVE('',#1391,(#1395,#1402),.PCURVE_S1.);
#1391 = LINE('',#1392,#1393);
#1392 = CARTESIAN_POINT('',(7.5,12.,0.));
#1393 = VECTOR('',#1394,1.);
#1394 = DIRECTION('',(0.,0.,1.));
#1395 = PCURVE('',#222,#1396);
#1396 = DEFINITIONAL_REPRESENTATION('',(#1397),#1401);
#1397 = LINE('',#1398,#1399);
#1398 = CARTESIAN_POINT('',(6.28318530718,-0.));
#1399 = VECTOR('',#1400,1.);
#1400 = DIRECTION('',(0.,1.));
#1401 = ( GEOMETRIC_REPRESENTATION_CONTEXT(2) 
PARAMETRIC_REPRESENTATION_CONTEXT() REPRESENTATION_CONTEXT('2D SPACE',''
  ) );
#1402 = PCURVE('',#222,#1403);
#1403 = DEFINITIONAL_REPRESENTATION('',(#1404),#1408);
#1404 = LINE('',#1405,#1406);
#1405 = CARTESIAN_POINT('',(0.,-0.));
#1406 = VECTOR('',#1407,1.);
#1407 = DIRECTION('',(0.,1.));
#1408 = ( GEOMETRIC_REPRESENTATION_CONTEXT(2) 
PARAMETRIC_REPRESENTATION_CONTEXT() REPRESENTATION_CONTEXT('2D SPACE',''
  ) );
#1409 = ORIENTED_EDGE('',*,*,#205,.F.);
#1410 = ORIENTED_EDGE('',*,*,#1387,.F.);
#1411 = ORIENTED_EDGE('',*,*,#1412,.T.);
#1412 = EDGE_CURVE('',#1388,#1388,#1413,.T.);
#1413 = SURFACE_CURVE('',#1414,(#1419,#1426),.PCURVE_S1.);
#1414 = CIRCLE('',#1415,7.5);
#1415 = AXIS2_PLACEMENT_3D('',#1416,#1417,#1418);
#1416 = CARTESIAN_POINT('',(7.347880794884E-16,12.,0.));
#1417 = DIRECTION('',(0.,0.,1.));
#1418 = DIRECTION('',(1.,0.,-0.));
#1419 = PCURVE('',#222,#1420);
#1420 = DEFINITIONAL_REPRESENTATION('',(#1421),#1425);
#1421 = LINE('',#1422,#1423);
#1422 = CARTESIAN_POINT('',(0.,0.));
#1423 = VECTOR('',#1424,1.);
#1424 = DIRECTION('',(1.,0.));
#1425 = ( GEOMETRIC_REPRESENTATION_CONTEXT(2) 
PARAMETRIC_REPRESENTATION_CONTEXT() REPRESENTATION_CONTEXT('2D SPACE',''
  ) );
#1426 = PCURVE('',#281,#1427);
#1427 = DEFINITIONAL_REPRESENTATION('',(#1428),#1432);
#1428 = CIRCLE('',#1429,7.5);
#1429 = AXIS2_PLACEMENT_2D('',#1430,#1431);
#1430 = CARTESIAN_POINT('',(1.623277099616E-15,12.));
#1431 = DIRECTION('',(1.,0.));
#1432 = ( GEOMETRIC_REPRESENTATION_CONTEXT(2) 
PARAMETRIC_REPRESENTATION_CONTEXT() REPRESENTATION_CONTEXT('2D SPACE',''
  ) );
#1433 = FACE_BOUND('',#1434,.T.);
#1434 = EDGE_LOOP('',(#1435));
#1435 = ORIENTED_EDGE('',*,*,#1436,.T.);
#1436 = EDGE_CURVE('',#1437,#1437,#1439,.T.);
#1437 = VERTEX_POINT('',#1438);
#1438 = CARTESIAN_POINT('',(4.170610037396E-16,19.5,25.694931706865));
#1439 = SURFACE_CURVE('',#1440,(#1543,#1649),.PCURVE_S1.);
#1440 = B_SPLINE_CURVE_WITH_KNOTS('',6,(#1441,#1442,#1443,#1444,#1445,
    #1446,#1447,#1448,#1449,#1450,#1451,#1452,#1453,#1454,#1455,#1456,
    #1457,#1458,#1459,#1460,#1461,#1462,#1463,#1464,#1465,#1466,#1467,
    #1468,#1469,#1470,#1471,#1472,#1473,#1474,#1475,#1476,#1477,#1478,
    #1479,#1480,#1481,#1482,#1483,#1484,#1485,#1486,#1487,#1488,#1489,
    #1490,#1491,#1492,#1493,#1494,#1495,#1496,#1497,#1498,#1499,#1500,
    #1501,#1502,#1503,#1504,#1505,#1506,#1507,#1508,#1509,#1510,#1511,
    #1512,#1513,#1514,#1515,#1516,#1517,#1518,#1519,#1520,#1521,#1522,
    #1523,#1524,#1525,#1526,#1527,#1528,#1529,#1530,#1531,#1532,#1533,
    #1534,#1535,#1536,#1537,#1538,#1539,#1540,#1541,#1542),
  .UNSPECIFIED.,.T.,.F.,(7,5,5,5,5,5,5,5,5,5,5,5,5,5,5,5,5,5,5,5,7),(0.,
    2.860107568815E-02,4.802235801537E-02,7.556136903009E-02,
    9.952291139657E-02,0.181901524049,0.268505291373,0.314922140063,
    0.395188586539,0.44324201949,0.499991546001,0.556741072513,
    0.603852063935,0.683877357373,0.730085099894,0.817275974331,
    0.901566653347,0.925941087524,0.953089985106,0.971390208695,1.),
  .UNSPECIFIED.);
#1441 = CARTESIAN_POINT('',(8.881784197001E-16,19.5,25.694931706865));
#1442 = CARTESIAN_POINT('',(0.136302532648,19.5,25.694931706865));
#1443 = CARTESIAN_POINT('',(0.272212713511,19.497027815855,
    25.703002802832));
#1444 = CARTESIAN_POINT('',(0.406647079415,19.491113836561,
    25.719057131522));
#1445 = CARTESIAN_POINT('',(0.538523390811,19.482441933991,
    25.742679486864));
#1446 = CARTESIAN_POINT('',(0.666764869114,19.471335757454,
    25.77312118987));
#1447 = CARTESIAN_POINT('',(0.874192774299,19.449355895893,
    25.833856725364));
#1448 = CARTESIAN_POINT('',(0.956084213741,19.43953338419,
    25.861112142869));
#1449 = CARTESIAN_POINT('',(1.035931415322,19.428878580263,
    25.890828577586));
#1450 = CARTESIAN_POINT('',(1.113693982324,19.417492160423,
    25.922777720664));
#1451 = CARTESIAN_POINT('',(1.189338385913,19.405473246788,
    25.956734097108));
#1452 = CARTESIAN_POINT('',(1.367058803203,19.375115535631,
    26.04315389667));
#1453 = CARTESIAN_POINT('',(1.4670313821,19.35622395291,26.097451585216)
  );
#1454 = CARTESIAN_POINT('',(1.562900956845,19.336476424842,
    26.154853482747));
#1455 = CARTESIAN_POINT('',(1.654831890771,19.316071126311,
    26.214929235989));
#1456 = CARTESIAN_POINT('',(1.743006348931,19.295172435767,
    26.277332394445));
#1457 = CARTESIAN_POINT('',(1.901247603328,19.255413174004,
    26.397893860848));
#1458 = CARTESIAN_POINT('',(1.972192931857,19.236636947002,
    26.455561438616));
#1459 = CARTESIAN_POINT('',(2.040571548956,19.217673762458,
    26.514619900594));
#1460 = CARTESIAN_POINT('',(2.106497297879,19.198599165664,
    26.574922518261));
#1461 = CARTESIAN_POINT('',(2.170085138879,19.179475048898,
    26.636359540155));
#1462 = CARTESIAN_POINT('',(2.442423489739,19.094603558348,
    26.913727121709));
#1463 = CARTESIAN_POINT('',(2.627880146062,19.028623543628,
    27.141910060503));
#1464 = CARTESIAN_POINT('',(2.790327343453,18.96500719359,
    27.378762178193));
#1465 = CARTESIAN_POINT('',(2.932145335303,18.905291212263,
    27.622165285003));
#1466 = CARTESIAN_POINT('',(3.055045226523,18.850545767934,
    27.871700329931));
#1467 = CARTESIAN_POINT('',(3.269422834803,18.75096659916,
    28.397101433438));
#1468 = CARTESIAN_POINT('',(3.358664208346,18.706924269335,
    28.672922222171));
#1469 = CARTESIAN_POINT('',(3.42739679925,18.671556463315,
    28.954047187191));
#1470 = CARTESIAN_POINT('',(3.474971277756,18.646456290148,
    29.239557122181));
#1471 = CARTESIAN_POINT('',(3.5,18.633249580711,29.528588638075));
#1472 = CARTESIAN_POINT('',(3.5,18.633249580711,29.976176733253));
#1473 = CARTESIAN_POINT('',(3.492810507549,18.637043185213,
    30.132987750861));
#1474 = CARTESIAN_POINT('',(3.478057315896,18.644827347321,
    30.290056047461));
#1475 = CARTESIAN_POINT('',(3.455339522622,18.656739786017,
    30.447000593986));
#1476 = CARTESIAN_POINT('',(3.424212407953,18.672839175458,
    30.603425283309));
#1477 = CARTESIAN_POINT('',(3.314927424831,18.728096052829,
    31.027795060637));
#1478 = CARTESIAN_POINT('',(3.218956061405,18.775542145496,
    31.294146044595));
#1479 = CARTESIAN_POINT('',(3.093872684781,18.835089910776,
    31.554483067735));
#1480 = CARTESIAN_POINT('',(2.937542957669,18.905131139817,
    31.805227667834));
#1481 = CARTESIAN_POINT('',(2.748070247822,18.98244605468,
    32.042455522183));
#1482 = CARTESIAN_POINT('',(2.390421600082,19.110282296596,
    32.392448923116));
#1483 = CARTESIAN_POINT('',(2.244210860623,19.159105285552,
    32.516960628706));
#1484 = CARTESIAN_POINT('',(2.08571863304,19.20780622774,32.633661825773
    ));
#1485 = CARTESIAN_POINT('',(1.915148289596,19.255126579451,
    32.741299125099));
#1486 = CARTESIAN_POINT('',(1.732937753692,19.299717502674,
    32.838606712652));
#1487 = CARTESIAN_POINT('',(1.311682507957,19.38808570283,
    33.025481736597));
#1488 = CARTESIAN_POINT('',(1.067657591399,19.430395001172,
    33.11075587694));
#1489 = CARTESIAN_POINT('',(0.810561300242,19.464502480319,
    33.176978217616));
#1490 = CARTESIAN_POINT('',(0.544090523546,19.488123043056,
    33.222023768601));
#1491 = CARTESIAN_POINT('',(0.272454278535,19.5,33.244674905608));
#1492 = CARTESIAN_POINT('',(-0.272454278535,19.5,33.244674905608));
#1493 = CARTESIAN_POINT('',(-0.544090523546,19.488123043056,
    33.222023768601));
#1494 = CARTESIAN_POINT('',(-0.810561300242,19.464502480319,
    33.176978217615));
#1495 = CARTESIAN_POINT('',(-1.067657591398,19.430395001172,
    33.11075587694));
#1496 = CARTESIAN_POINT('',(-1.311682507957,19.38808570283,
    33.025481736597));
#1497 = CARTESIAN_POINT('',(-1.729149612216,19.300512154486,
    32.840287187937));
#1498 = CARTESIAN_POINT('',(-1.908001502671,19.256873255898,
    32.745109767811));
#1499 = CARTESIAN_POINT('',(-2.07568276804,19.210583675947,
    32.639975096069));
#1500 = CARTESIAN_POINT('',(-2.231769211995,19.162916460391,
    32.526080263553));
#1501 = CARTESIAN_POINT('',(-2.376054766435,19.115063258769,
    32.404612374356));
#1502 = CARTESIAN_POINT('',(-2.733569944016,18.988176838014,
    32.059576626621));
#1503 = CARTESIAN_POINT('',(-2.924546310912,18.910716181611,
    31.823960435057));
#1504 = CARTESIAN_POINT('',(-3.082507875274,18.840294704908,
    31.574664666241));
#1505 = CARTESIAN_POINT('',(-3.209280972962,18.780180979073,
    31.31565182442));
#1506 = CARTESIAN_POINT('',(-3.306989108834,18.732023881061,
    31.050464470697));
#1507 = CARTESIAN_POINT('',(-3.418973648663,18.675531975583,
    30.627933724699));
#1508 = CARTESIAN_POINT('',(-3.451082205959,18.65895679317,
    30.472286993257));
#1509 = CARTESIAN_POINT('',(-3.474807632844,18.646534114397,
    30.316077737035));
#1510 = CARTESIAN_POINT('',(-3.490591274402,18.638213703351,
    30.159703007406));
#1511 = CARTESIAN_POINT('',(-3.498832158382,18.633865765551,
    30.003544669696));
#1512 = CARTESIAN_POINT('',(-3.501925654704,18.632233555546,
    29.554421332753));
#1513 = CARTESIAN_POINT('',(-3.478418660629,18.644635967376,
    29.263167217164));
#1514 = CARTESIAN_POINT('',(-3.431959346179,18.669189627025,
    28.97540868336));
#1515 = CARTESIAN_POINT('',(-3.363996740302,18.704237271303,
    28.692046428733));
#1516 = CARTESIAN_POINT('',(-3.275227622823,18.748149066098,
    28.414032532928));
#1517 = CARTESIAN_POINT('',(-3.059556465948,18.848561077804,
    27.880283328065));
#1518 = CARTESIAN_POINT('',(-2.934307213732,18.904461806683,
    27.624823387782));
#1519 = CARTESIAN_POINT('',(-2.789291152143,18.965584225568,
    27.375751693375));
#1520 = CARTESIAN_POINT('',(-2.622672637446,19.030793071106,
    27.133500421597));
#1521 = CARTESIAN_POINT('',(-2.431883987064,19.098438999846,
    26.900363803048));
#1522 = CARTESIAN_POINT('',(-2.151292561246,19.185142994706,
    26.618120160836));
#1523 = CARTESIAN_POINT('',(-2.086036674555,19.204580638177,
    26.555927170566));
#1524 = CARTESIAN_POINT('',(-2.018339847108,19.223954359221,
    26.494929537637));
#1525 = CARTESIAN_POINT('',(-1.948079481753,19.243197455231,
    26.435246965651));
#1526 = CARTESIAN_POINT('',(-1.875134551983,19.262228220241,
    26.37703957007));
#1527 = CARTESIAN_POINT('',(-1.715014950531,19.301799568562,
    26.257540522403));
#1528 = CARTESIAN_POINT('',(-1.627142382154,19.322271179876,
    26.196634502353));
#1529 = CARTESIAN_POINT('',(-1.535581729567,19.342231697096,
    26.138055949418));
#1530 = CARTESIAN_POINT('',(-1.440163090927,19.361518288829,
    26.082150205135));
#1531 = CARTESIAN_POINT('',(-1.340734270129,19.379936239249,
    26.029341418838));
#1532 = CARTESIAN_POINT('',(-1.16734709054,19.408934553649,
    25.94696237944));
#1533 = CARTESIAN_POINT('',(-1.095626784608,19.420116860051,
    25.915417225116));
#1534 = CARTESIAN_POINT('',(-1.022027659578,19.430722815254,
    25.885686359022));
#1535 = CARTESIAN_POINT('',(-0.946581727776,19.440669116163,
    25.857960504967));
#1536 = CARTESIAN_POINT('',(-0.869326389704,19.44987155679,
    25.832431832826));
#1537 = CARTESIAN_POINT('',(-0.666764869123,19.471335757453,
    25.773121189873));
#1538 = CARTESIAN_POINT('',(-0.538523390809,19.482441933992,
    25.742679486863));
#1539 = CARTESIAN_POINT('',(-0.406647079406,19.491113836562,
    25.719057131521));
#1540 = CARTESIAN_POINT('',(-0.272212713508,19.497027815854,
    25.703002802833));
#1541 = CARTESIAN_POINT('',(-0.136302532657,19.5,25.694931706865));
#1542 = CARTESIAN_POINT('',(8.881784197001E-16,19.5,25.694931706865));
#1543 = PCURVE('',#222,#1544);
#1544 = DEFINITIONAL_REPRESENTATION('',(#1545),#1648);
#1545 = B_SPLINE_CURVE_WITH_KNOTS('',6,(#1546,#1547,#1548,#1549,#1550,
    #1551,#1552,#1553,#1554,#1555,#1556,#1557,#1558,#1559,#1560,#1561,
    #1562,#1563,#1564,#1565,#1566,#1567,#1568,#1569,#1570,#1571,#1572,
    #1573,#1574,#1575,#1576,#1577,#1578,#1579,#1580,#1581,#1582,#1583,
    #1584,#1585,#1586,#1587,#1588,#1589,#1590,#1591,#1592,#1593,#1594,
    #1595,#1596,#1597,#1598,#1599,#1600,#1601,#1602,#1603,#1604,#1605,
    #1606,#1607,#1608,#1609,#1610,#1611,#1612,#1613,#1614,#1615,#1616,
    #1617,#1618,#1619,#1620,#1621,#1622,#1623,#1624,#1625,#1626,#1627,
    #1628,#1629,#1630,#1631,#1632,#1633,#1634,#1635,#1636,#1637,#1638,
    #1639,#1640,#1641,#1642,#1643,#1644,#1645,#1646,#1647),
  .UNSPECIFIED.,.T.,.F.,(7,5,5,5,5,5,5,5,5,5,5,5,5,5,5,5,5,5,5,5,7),(0.,
    2.860107568815E-02,4.802235801537E-02,7.556136903009E-02,
    9.952291139657E-02,0.181901524049,0.268505291373,0.314922140063,
    0.395188586539,0.44324201949,0.499991546001,0.556741072513,
    0.603852063935,0.683877357373,0.730085099894,0.817275974331,
    0.901566653347,0.925941087524,0.953089985106,0.971390208695,1.),
  .UNSPECIFIED.);
#1546 = CARTESIAN_POINT('',(1.570796326795,25.694931706865));
#1547 = CARTESIAN_POINT('',(1.552622655775,25.694931706865));
#1548 = CARTESIAN_POINT('',(1.534501317104,25.703002802832));
#1549 = CARTESIAN_POINT('',(1.516565882355,25.719057131522));
#1550 = CARTESIAN_POINT('',(1.498950302371,25.742679486864));
#1551 = CARTESIAN_POINT('',(1.48179057541,25.77312118987));
#1552 = CARTESIAN_POINT('',(1.453978683417,25.833856725364));
#1553 = CARTESIAN_POINT('',(1.442982609251,25.861112142869));
#1554 = CARTESIAN_POINT('',(1.432243326114,25.890828577586));
#1555 = CARTESIAN_POINT('',(1.421765620607,25.922777720664));
#1556 = CARTESIAN_POINT('',(1.411553872058,25.956734097108));
#1557 = CARTESIAN_POINT('',(1.387514594069,26.04315389667));
#1558 = CARTESIAN_POINT('',(1.373951104268,26.097451585216));
#1559 = CARTESIAN_POINT('',(1.360902624547,26.154853482747));
#1560 = CARTESIAN_POINT('',(1.348348836005,26.214929235989));
#1561 = CARTESIAN_POINT('',(1.336267627443,26.277332394445));
#1562 = CARTESIAN_POINT('',(1.314512998412,26.397893860848));
#1563 = CARTESIAN_POINT('',(1.304728713895,26.455561438616));
#1564 = CARTESIAN_POINT('',(1.295268404969,26.514619900594));
#1565 = CARTESIAN_POINT('',(1.286118547999,26.574922518261));
#1566 = CARTESIAN_POINT('',(1.277265468498,26.636359540155));
#1567 = CARTESIAN_POINT('',(1.239231250627,26.913727121709));
#1568 = CARTESIAN_POINT('',(1.213006028628,27.141910060503));
#1569 = CARTESIAN_POINT('',(1.189757815542,27.378762178193));
#1570 = CARTESIAN_POINT('',(1.169247979162,27.622165285003));
#1571 = CARTESIAN_POINT('',(1.151311293349,27.871700329931));
#1572 = CARTESIAN_POINT('',(1.119794449235,28.397101433438));
#1573 = CARTESIAN_POINT('',(1.106529133998,28.672922222171));
#1574 = CARTESIAN_POINT('',(1.096223497505,28.954047187191));
#1575 = CARTESIAN_POINT('',(1.089051440642,29.23955712218));
#1576 = CARTESIAN_POINT('',(1.085278204499,29.528588638075));
#1577 = CARTESIAN_POINT('',(1.085278204499,29.976176733253));
#1578 = CARTESIAN_POINT('',(1.086362049168,30.132987750861));
#1579 = CARTESIAN_POINT('',(1.088586209168,30.290056047461));
#1580 = CARTESIAN_POINT('',(1.092006370051,30.447000593986));
#1581 = CARTESIAN_POINT('',(1.096678737755,30.603425283309));
#1582 = CARTESIAN_POINT('',(1.113006780454,31.027795060637));
#1583 = CARTESIAN_POINT('',(1.127280708331,31.294146044596));
#1584 = CARTESIAN_POINT('',(1.145748857549,31.554483067735));
#1585 = CARTESIAN_POINT('',(1.168577399825,31.805227667834));
#1586 = CARTESIAN_POINT('',(1.195836094624,32.042455522183));
#1587 = CARTESIAN_POINT('',(1.246477256622,32.392448923116));
#1588 = CARTESIAN_POINT('',(1.267025722726,32.516960628706));
#1589 = CARTESIAN_POINT('',(1.289122688067,32.633661825773));
#1590 = CARTESIAN_POINT('',(1.312709324004,32.741299125099));
#1591 = CARTESIAN_POINT('',(1.337707086648,32.838606712652));
#1592 = CARTESIAN_POINT('',(1.395096968971,33.025481736597));
#1593 = CARTESIAN_POINT('',(1.428098763602,33.11075587694));
#1594 = CARTESIAN_POINT('',(1.462635447247,33.176978217616));
#1595 = CARTESIAN_POINT('',(1.498250860949,33.222023768601));
#1596 = CARTESIAN_POINT('',(1.534469089657,33.244674905608));
#1597 = CARTESIAN_POINT('',(1.607123563933,33.244674905608));
#1598 = CARTESIAN_POINT('',(1.643341792641,33.222023768601));
#1599 = CARTESIAN_POINT('',(1.678957206343,33.176978217615));
#1600 = CARTESIAN_POINT('',(1.713493889988,33.11075587694));
#1601 = CARTESIAN_POINT('',(1.746495684619,33.025481736597));
#1602 = CARTESIAN_POINT('',(1.803369487924,32.840287187937));
#1603 = CARTESIAN_POINT('',(1.827902917022,32.745109767811));
#1604 = CARTESIAN_POINT('',(1.851082417221,32.639975096069));
#1605 = CARTESIAN_POINT('',(1.872832761325,32.526080263553));
#1606 = CARTESIAN_POINT('',(1.893096978108,32.404612374356));
#1607 = CARTESIAN_POINT('',(1.943678883696,32.059576626621));
#1608 = CARTESIAN_POINT('',(1.971130250986,31.823960435057));
#1609 = CARTESIAN_POINT('',(1.99417765338,31.574664666241));
#1610 = CARTESIAN_POINT('',(2.012881505195,31.31565182442));
#1611 = CARTESIAN_POINT('',(2.027404992633,31.050464470697));
#1612 = CARTESIAN_POINT('',(2.044128560857,30.627933724699));
#1613 = CARTESIAN_POINT('',(2.048946294612,30.472286993257));
#1614 = CARTESIAN_POINT('',(2.052517028426,30.316077737035));
#1615 = CARTESIAN_POINT('',(2.054896070082,30.159703007406));
#1616 = CARTESIAN_POINT('',(2.056138391635,30.003544669696));
#1617 = CARTESIAN_POINT('',(2.056604750181,29.554421332753));
#1618 = CARTESIAN_POINT('',(2.053061010191,29.263167217164));
#1619 = CARTESIAN_POINT('',(2.046054452185,28.97540868336));
#1620 = CARTESIAN_POINT('',(2.035859567312,28.692046428733));
#1621 = CARTESIAN_POINT('',(2.02265841206,28.414032532928));
#1622 = CARTESIAN_POINT('',(1.990938353211,27.880283328065));
#1623 = CARTESIAN_POINT('',(1.972652922474,27.624823387782));
#1624 = CARTESIAN_POINT('',(1.951677780594,27.375751693375));
#1625 = CARTESIAN_POINT('',(1.927835179424,27.133500421597));
#1626 = CARTESIAN_POINT('',(1.900867708177,26.900363803048));
#1627 = CARTESIAN_POINT('',(1.861710105035,26.618120160836));
#1628 = CARTESIAN_POINT('',(1.852632005108,26.555927170566));
#1629 = CARTESIAN_POINT('',(1.843244244813,26.494929537637));
#1630 = CARTESIAN_POINT('',(1.833532215729,26.435246965651));
#1631 = CARTESIAN_POINT('',(1.823481512736,26.37703957007));
#1632 = CARTESIAN_POINT('',(1.801489927122,26.257540522403));
#1633 = CARTESIAN_POINT('',(1.789460917303,26.196634502353));
#1634 = CARTESIAN_POINT('',(1.776968062747,26.138055949418));
#1635 = CARTESIAN_POINT('',(1.763990740252,26.082150205135));
#1636 = CARTESIAN_POINT('',(1.750510085586,26.029341418838));
#1637 = CARTESIAN_POINT('',(1.727070701338,25.94696237944));
#1638 = CARTESIAN_POINT('',(1.71739304251,25.915417225116));
#1639 = CARTESIAN_POINT('',(1.707479482421,25.885686359022));
#1640 = CARTESIAN_POINT('',(1.697334150619,25.857960504967));
#1641 = CARTESIAN_POINT('',(1.686961486301,25.832431832826));
#1642 = CARTESIAN_POINT('',(1.659802078181,25.773121189873));
#1643 = CARTESIAN_POINT('',(1.642642351218,25.742679486863));
#1644 = CARTESIAN_POINT('',(1.625026771234,25.719057131521));
#1645 = CARTESIAN_POINT('',(1.607091336486,25.703002802833));
#1646 = CARTESIAN_POINT('',(1.588969997816,25.694931706865));
#1647 = CARTESIAN_POINT('',(1.570796326795,25.694931706865));
#1648 = ( GEOMETRIC_REPRESENTATION_CONTEXT(2) 
PARAMETRIC_REPRESENTATION_CONTEXT() REPRESENTATION_CONTEXT('2D SPACE',''
  ) );
#1649 = PCURVE('',#1650,#1655);
#1650 = CYLINDRICAL_SURFACE('',#1651,3.5);
#1651 = AXIS2_PLACEMENT_3D('',#1652,#1653,#1654);
#1652 = CARTESIAN_POINT('',(2.892186284949E-15,47.232986473538,
    18.264949450195));
#1653 = DIRECTION('',(-5.677363698582E-17,-0.927183854567,0.374606593416
    ));
#1654 = DIRECTION('',(0.,-0.374606593416,-0.927183854567));
#1655 = DEFINITIONAL_REPRESENTATION('',(#1656),#1759);
#1656 = B_SPLINE_CURVE_WITH_KNOTS('',6,(#1657,#1658,#1659,#1660,#1661,
    #1662,#1663,#1664,#1665,#1666,#1667,#1668,#1669,#1670,#1671,#1672,
    #1673,#1674,#1675,#1676,#1677,#1678,#1679,#1680,#1681,#1682,#1683,
    #1684,#1685,#1686,#1687,#1688,#1689,#1690,#1691,#1692,#1693,#1694,
    #1695,#1696,#1697,#1698,#1699,#1700,#1701,#1702,#1703,#1704,#1705,
    #1706,#1707,#1708,#1709,#1710,#1711,#1712,#1713,#1714,#1715,#1716,
    #1717,#1718,#1719,#1720,#1721,#1722,#1723,#1724,#1725,#1726,#1727,
    #1728,#1729,#1730,#1731,#1732,#1733,#1734,#1735,#1736,#1737,#1738,
    #1739,#1740,#1741,#1742,#1743,#1744,#1745,#1746,#1747,#1748,#1749,
    #1750,#1751,#1752,#1753,#1754,#1755,#1756,#1757,#1758),
  .UNSPECIFIED.,.F.,.F.,(7,5,5,5,5,5,5,5,5,5,5,5,5,5,5,5,5,5,5,5,7),(0.,
    2.860107568815E-02,4.802235801537E-02,7.556136903009E-02,
    9.952291139657E-02,0.181901524049,0.268505291373,0.314922140063,
    0.395188586539,0.44324201949,0.499991546001,0.556741072513,
    0.603852063935,0.683877357373,0.730085099894,0.817275974331,
    0.901566653347,0.925941087524,0.953089985106,0.971390208695,1.),
  .UNSPECIFIED.);
#1657 = CARTESIAN_POINT('',(0.,28.496897639495));
#1658 = CARTESIAN_POINT('',(3.894358075646E-02,28.496897639495));
#1659 = CARTESIAN_POINT('',(7.777505650152E-02,28.502676886413));
#1660 = CARTESIAN_POINT('',(0.116291196624,28.51417428991));
#1661 = CARTESIAN_POINT('',(0.154286011589,28.531063828024));
#1662 = CARTESIAN_POINT('',(0.19153267862,28.552764958257));
#1663 = CARTESIAN_POINT('',(0.252368990266,28.595896263073));
#1664 = CARTESIAN_POINT('',(0.276555217318,28.615213596439));
#1665 = CARTESIAN_POINT('',(0.300326351125,28.63622453099));
#1666 = CARTESIAN_POINT('',(0.323682221714,28.658750195279));
#1667 = CARTESIAN_POINT('',(0.346620537595,28.682614220455));
#1668 = CARTESIAN_POINT('',(0.401065248596,28.743134826819));
#1669 = CARTESIAN_POINT('',(0.43216514043,28.780991069442));
#1670 = CARTESIAN_POINT('',(0.462493855851,28.820803787924));
#1671 = CARTESIAN_POINT('',(0.492105364086,28.862228024538));
#1672 = CARTESIAN_POINT('',(0.521054817977,28.9049815876));
#1673 = CARTESIAN_POINT('',(0.574068245875,28.987008853403));
#1674 = CARTESIAN_POINT('',(0.598283099229,29.026020522787));
#1675 = CARTESIAN_POINT('',(0.622081473278,29.065726570581));
#1676 = CARTESIAN_POINT('',(0.645497161103,29.106001986939));
#1677 = CARTESIAN_POINT('',(0.668565220872,29.146748272719));
#1678 = CARTESIAN_POINT('',(0.769565570546,29.329343473319));
#1679 = CARTESIAN_POINT('',(0.844424395348,29.475997911069));
#1680 = CARTESIAN_POINT('',(0.916703873191,29.623708328662));
#1681 = CARTESIAN_POINT('',(0.987173960229,29.770256431078));
#1682 = CARTESIAN_POINT('',(1.05666553144,29.914492996288));
#1683 = CARTESIAN_POINT('',(1.199040188334,30.203639911389));
#1684 = CARTESIAN_POINT('',(1.271714706448,30.34779953458));
#1685 = CARTESIAN_POINT('',(1.344672275848,30.485903258764));
#1686 = CARTESIAN_POINT('',(1.418446342149,30.616129638203));
#1687 = CARTESIAN_POINT('',(1.493600437839,30.736647797525));
#1688 = CARTESIAN_POINT('',(1.612170853652,30.904317249113));
#1689 = CARTESIAN_POINT('',(1.654117518665,30.959542321385));
#1690 = CARTESIAN_POINT('',(1.696687385377,31.011163791479));
#1691 = CARTESIAN_POINT('',(1.739938352505,31.058911232581));
#1692 = CARTESIAN_POINT('',(1.783940631859,31.102581858616));
#1693 = CARTESIAN_POINT('',(1.906324660493,31.210320290698));
#1694 = CARTESIAN_POINT('',(1.986454513581,31.266105874368));
#1695 = CARTESIAN_POINT('',(2.069257654062,31.308418113203));
#1696 = CARTESIAN_POINT('',(2.154925951494,31.337407596943));
#1697 = CARTESIAN_POINT('',(2.243718501948,31.354589574546));
#1698 = CARTESIAN_POINT('',(2.391239992745,31.367171710654));
#1699 = CARTESIAN_POINT('',(2.447735028681,31.368546729434));
#1700 = CARTESIAN_POINT('',(2.505462535275,31.367109040016));
#1701 = CARTESIAN_POINT('',(2.564417588748,31.363556015942));
#1702 = CARTESIAN_POINT('',(2.624609371344,31.358664095756));
#1703 = CARTESIAN_POINT('',(2.75863492344,31.346735143429));
#1704 = CARTESIAN_POINT('',(2.833177065648,31.339450900329));
#1705 = CARTESIAN_POINT('',(2.909154567119,31.332634321792));
#1706 = CARTESIAN_POINT('',(2.986138227619,31.32760807779));
#1707 = CARTESIAN_POINT('',(3.063748574008,31.325081220341));
#1708 = CARTESIAN_POINT('',(3.219436733171,31.325081220341));
#1709 = CARTESIAN_POINT('',(3.297047079561,31.32760807779));
#1710 = CARTESIAN_POINT('',(3.374030740061,31.332634321792));
#1711 = CARTESIAN_POINT('',(3.450008241532,31.339450900329));
#1712 = CARTESIAN_POINT('',(3.524550383739,31.346735143429));
#1713 = CARTESIAN_POINT('',(3.657370709887,31.358556824548));
#1714 = CARTESIAN_POINT('',(3.716407633049,31.363364017626));
#1715 = CARTESIAN_POINT('',(3.774257136692,31.366898827561));
#1716 = CARTESIAN_POINT('',(3.830925967931,31.368429345));
#1717 = CARTESIAN_POINT('',(3.886407726146,31.367295388752));
#1718 = CARTESIAN_POINT('',(4.032885346544,31.355689763374));
#1719 = CARTESIAN_POINT('',(4.121614289799,31.339246654479));
#1720 = CARTESIAN_POINT('',(4.207233116278,31.311152471984));
#1721 = CARTESIAN_POINT('',(4.289983824421,31.26986102969));
#1722 = CARTESIAN_POINT('',(4.370067024984,31.215170582255));
#1723 = CARTESIAN_POINT('',(4.492307456365,31.109266161555));
#1724 = CARTESIAN_POINT('',(4.536215838723,31.066328111233));
#1725 = CARTESIAN_POINT('',(4.579372974813,31.019329201089));
#1726 = CARTESIAN_POINT('',(4.62184785567,30.968464747112));
#1727 = CARTESIAN_POINT('',(4.663697268365,30.913998141918));
#1728 = CARTESIAN_POINT('',(4.782852358884,30.747266937405));
#1729 = CARTESIAN_POINT('',(4.858629430684,30.62666190934));
#1730 = CARTESIAN_POINT('',(4.932979349979,30.496099908468));
#1731 = CARTESIAN_POINT('',(5.006474183046,30.357454929645));
#1732 = CARTESIAN_POINT('',(5.079654306994,30.212594784056));
#1733 = CARTESIAN_POINT('',(5.224105035895,29.919548416625));
#1734 = CARTESIAN_POINT('',(5.29516702831,29.772021185367));
#1735 = CARTESIAN_POINT('',(5.367244051085,29.622045566466));
#1736 = CARTESIAN_POINT('',(5.441225539994,29.470836054037));
#1737 = CARTESIAN_POINT('',(5.517933330888,29.320781326607));
#1738 = CARTESIAN_POINT('',(5.621450903088,29.134660453124));
#1739 = CARTESIAN_POINT('',(5.644997007572,29.093340279707));
#1740 = CARTESIAN_POINT('',(5.668909772431,29.052527162875));
#1741 = CARTESIAN_POINT('',(5.693226436973,29.012327789964));
#1742 = CARTESIAN_POINT('',(5.71798287095,28.972877897737));
#1743 = CARTESIAN_POINT('',(5.771319901913,28.891422851307));
#1744 = CARTESIAN_POINT('',(5.80002278324,28.84962610713));
#1745 = CARTESIAN_POINT('',(5.829380666567,28.809175125673));
#1746 = CARTESIAN_POINT('',(5.859445386841,28.770350248791));
#1747 = CARTESIAN_POINT('',(5.890267880411,28.733490902989));
#1748 = CARTESIAN_POINT('',(5.943225826088,28.675744402751));
#1749 = CARTESIAN_POINT('',(5.964925337018,28.653559325998));
#1750 = CARTESIAN_POINT('',(5.986996280588,28.632588277105));
#1751 = CARTESIAN_POINT('',(6.009435997569,28.612979939752));
#1752 = CARTESIAN_POINT('',(6.032243573721,28.594884376475));
#1753 = CARTESIAN_POINT('',(6.091652628557,28.552764958259));
#1754 = CARTESIAN_POINT('',(6.128899295591,28.531063828023));
#1755 = CARTESIAN_POINT('',(6.166894110558,28.514174289909));
#1756 = CARTESIAN_POINT('',(6.205410250679,28.502676886414));
#1757 = CARTESIAN_POINT('',(6.244241726421,28.496897639495));
#1758 = CARTESIAN_POINT('',(6.28318530718,28.496897639495));
#1759 = ( GEOMETRIC_REPRESENTATION_CONTEXT(2) 
PARAMETRIC_REPRESENTATION_CONTEXT() REPRESENTATION_CONTEXT('2D SPACE',''
  ) );
#1760 = ADVANCED_FACE('',(#1761,#1792,#1795,#1798,#1801),#281,.T.);
#1761 = FACE_BOUND('',#1762,.T.);
#1762 = EDGE_LOOP('',(#1763));
#1763 = ORIENTED_EDGE('',*,*,#1764,.T.);
#1764 = EDGE_CURVE('',#1765,#1765,#1767,.T.);
#1765 = VERTEX_POINT('',#1766);
#1766 = CARTESIAN_POINT('',(24.625,0.,0.));
#1767 = SURFACE_CURVE('',#1768,(#1773,#1780),.PCURVE_S1.);
#1768 = CIRCLE('',#1769,24.625);
#1769 = AXIS2_PLACEMENT_3D('',#1770,#1771,#1772);
#1770 = CARTESIAN_POINT('',(0.,0.,0.));
#1771 = DIRECTION('',(0.,0.,1.));
#1772 = DIRECTION('',(1.,0.,0.));
#1773 = PCURVE('',#281,#1774);
#1774 = DEFINITIONAL_REPRESENTATION('',(#1775),#1779);
#1775 = CIRCLE('',#1776,24.625);
#1776 = AXIS2_PLACEMENT_2D('',#1777,#1778);
#1777 = CARTESIAN_POINT('',(8.884890201271E-16,-1.660236146081E-15));
#1778 = DIRECTION('',(1.,0.));
#1779 = ( GEOMETRIC_REPRESENTATION_CONTEXT(2) 
PARAMETRIC_REPRESENTATION_CONTEXT() REPRESENTATION_CONTEXT('2D SPACE',''
  ) );
#1780 = PCURVE('',#1781,#1786);
#1781 = CYLINDRICAL_SURFACE('',#1782,24.625);
#1782 = AXIS2_PLACEMENT_3D('',#1783,#1784,#1785);
#1783 = CARTESIAN_POINT('',(0.,0.,-40.));
#1784 = DIRECTION('',(-0.,-0.,-1.));
#1785 = DIRECTION('',(1.,0.,0.));
#1786 = DEFINITIONAL_REPRESENTATION('',(#1787),#1791);
#1787 = LINE('',#1788,#1789);
#1788 = CARTESIAN_POINT('',(-0.,-40.));
#1789 = VECTOR('',#1790,1.);
#1790 = DIRECTION('',(-1.,0.));
#1791 = ( GEOMETRIC_REPRESENTATION_CONTEXT(2) 
PARAMETRIC_REPRESENTATION_CONTEXT() REPRESENTATION_CONTEXT('2D SPACE',''
  ) );
#1792 = FACE_BOUND('',#1793,.T.);
#1793 = EDGE_LOOP('',(#1794));
#1794 = ORIENTED_EDGE('',*,*,#266,.F.);
#1795 = FACE_BOUND('',#1796,.T.);
#1796 = EDGE_LOOP('',(#1797));
#1797 = ORIENTED_EDGE('',*,*,#618,.F.);
#1798 = FACE_BOUND('',#1799,.T.);
#1799 = EDGE_LOOP('',(#1800));
#1800 = ORIENTED_EDGE('',*,*,#1193,.F.);
#1801 = FACE_BOUND('',#1802,.T.);
#1802 = EDGE_LOOP('',(#1803));
#1803 = ORIENTED_EDGE('',*,*,#1412,.F.);
#1804 = ADVANCED_FACE('',(#1805),#489,.T.);
#1805 = FACE_BOUND('',#1806,.T.);
#1806 = EDGE_LOOP('',(#1807,#1808,#1831,#1858));
#1807 = ORIENTED_EDGE('',*,*,#295,.F.);
#1808 = ORIENTED_EDGE('',*,*,#1809,.F.);
#1809 = EDGE_CURVE('',#1810,#296,#1812,.T.);
#1810 = VERTEX_POINT('',#1811);
#1811 = CARTESIAN_POINT('',(-9.533811614251E-15,-48.54410955049,
    21.510092941179));
#1812 = SEAM_CURVE('',#1813,(#1817,#1824),.PCURVE_S1.);
#1813 = LINE('',#1814,#1815);
#1814 = CARTESIAN_POINT('',(-9.533811614251E-15,-48.54410955049,
    21.510092941179));
#1815 = VECTOR('',#1816,1.);
#1816 = DIRECTION('',(1.703209109574E-16,0.927183854567,0.374606593416)
  );
#1817 = PCURVE('',#489,#1818);
#1818 = DEFINITIONAL_REPRESENTATION('',(#1819),#1823);
#1819 = LINE('',#1820,#1821);
#1820 = CARTESIAN_POINT('',(6.28318530718,-0.));
#1821 = VECTOR('',#1822,1.);
#1822 = DIRECTION('',(0.,1.));
#1823 = ( GEOMETRIC_REPRESENTATION_CONTEXT(2) 
PARAMETRIC_REPRESENTATION_CONTEXT() REPRESENTATION_CONTEXT('2D SPACE',''
  ) );
#1824 = PCURVE('',#489,#1825);
#1825 = DEFINITIONAL_REPRESENTATION('',(#1826),#1830);
#1826 = LINE('',#1827,#1828);
#1827 = CARTESIAN_POINT('',(0.,-0.));
#1828 = VECTOR('',#1829,1.);
#1829 = DIRECTION('',(0.,1.));
#1830 = ( GEOMETRIC_REPRESENTATION_CONTEXT(2) 
PARAMETRIC_REPRESENTATION_CONTEXT() REPRESENTATION_CONTEXT('2D SPACE',''
  ) );
#1831 = ORIENTED_EDGE('',*,*,#1832,.T.);
#1832 = EDGE_CURVE('',#1810,#1810,#1833,.T.);
#1833 = SURFACE_CURVE('',#1834,(#1839,#1846),.PCURVE_S1.);
#1834 = CIRCLE('',#1835,3.5);
#1835 = AXIS2_PLACEMENT_3D('',#1836,#1837,#1838);
#1836 = CARTESIAN_POINT('',(-8.676558854848E-15,-47.23298647353,
    18.264949450195));
#1837 = DIRECTION('',(1.703209109574E-16,0.927183854567,0.374606593416)
  );
#1838 = DIRECTION('',(2.465190328816E-32,-0.374606593416,0.927183854567)
  );
#1839 = PCURVE('',#489,#1840);
#1840 = DEFINITIONAL_REPRESENTATION('',(#1841),#1845);
#1841 = LINE('',#1842,#1843);
#1842 = CARTESIAN_POINT('',(0.,0.));
#1843 = VECTOR('',#1844,1.);
#1844 = DIRECTION('',(1.,0.));
#1845 = ( GEOMETRIC_REPRESENTATION_CONTEXT(2) 
PARAMETRIC_REPRESENTATION_CONTEXT() REPRESENTATION_CONTEXT('2D SPACE',''
  ) );
#1846 = PCURVE('',#1847,#1852);
#1847 = PLANE('',#1848);
#1848 = AXIS2_PLACEMENT_3D('',#1849,#1850,#1851);
#1849 = CARTESIAN_POINT('',(-8.676558854848E-15,-47.23298647353,
    18.264949450195));
#1850 = DIRECTION('',(1.703209109574E-16,0.927183854567,0.374606593416)
  );
#1851 = DIRECTION('',(1.232595164408E-32,-0.374606593416,0.927183854567)
  );
#1852 = DEFINITIONAL_REPRESENTATION('',(#1853),#1857);
#1853 = CIRCLE('',#1854,3.5);
#1854 = AXIS2_PLACEMENT_2D('',#1855,#1856);
#1855 = CARTESIAN_POINT('',(0.,0.));
#1856 = DIRECTION('',(1.,0.));
#1857 = ( GEOMETRIC_REPRESENTATION_CONTEXT(2) 
PARAMETRIC_REPRESENTATION_CONTEXT() REPRESENTATION_CONTEXT('2D SPACE',''
  ) );
#1858 = ORIENTED_EDGE('',*,*,#1809,.T.);
#1859 = ADVANCED_FACE('',(#1860),#856,.T.);
#1860 = FACE_BOUND('',#1861,.T.);
#1861 = EDGE_LOOP('',(#1862,#1863,#1886,#1913));
#1862 = ORIENTED_EDGE('',*,*,#642,.F.);
#1863 = ORIENTED_EDGE('',*,*,#1864,.F.);
#1864 = EDGE_CURVE('',#1865,#643,#1867,.T.);
#1865 = VERTEX_POINT('',#1866);
#1866 = CARTESIAN_POINT('',(-48.54410955049,6.641625329302E-15,
    21.510092941179));
#1867 = SEAM_CURVE('',#1868,(#1872,#1879),.PCURVE_S1.);
#1868 = LINE('',#1869,#1870);
#1869 = CARTESIAN_POINT('',(-48.54410955049,6.641625329302E-15,
    21.510092941179));
#1870 = VECTOR('',#1871,1.);
#1871 = DIRECTION('',(0.927183854567,-1.135472739716E-16,0.374606593416)
  );
#1872 = PCURVE('',#856,#1873);
#1873 = DEFINITIONAL_REPRESENTATION('',(#1874),#1878);
#1874 = LINE('',#1875,#1876);
#1875 = CARTESIAN_POINT('',(6.28318530718,-0.));
#1876 = VECTOR('',#1877,1.);
#1877 = DIRECTION('',(0.,1.));
#1878 = ( GEOMETRIC_REPRESENTATION_CONTEXT(2) 
PARAMETRIC_REPRESENTATION_CONTEXT() REPRESENTATION_CONTEXT('2D SPACE',''
  ) );
#1879 = PCURVE('',#856,#1880);
#1880 = DEFINITIONAL_REPRESENTATION('',(#1881),#1885);
#1881 = LINE('',#1882,#1883);
#1882 = CARTESIAN_POINT('',(0.,-0.));
#1883 = VECTOR('',#1884,1.);
#1884 = DIRECTION('',(0.,1.));
#1885 = ( GEOMETRIC_REPRESENTATION_CONTEXT(2) 
PARAMETRIC_REPRESENTATION_CONTEXT() REPRESENTATION_CONTEXT('2D SPACE',''
  ) );
#1886 = ORIENTED_EDGE('',*,*,#1887,.T.);
#1887 = EDGE_CURVE('',#1865,#1865,#1888,.T.);
#1888 = SURFACE_CURVE('',#1889,(#1894,#1901),.PCURVE_S1.);
#1889 = CIRCLE('',#1890,3.5);
#1890 = AXIS2_PLACEMENT_3D('',#1891,#1892,#1893);
#1891 = CARTESIAN_POINT('',(-47.23298647353,5.784372569899E-15,
    18.264949450195));
#1892 = DIRECTION('',(0.927183854567,-1.135472739716E-16,0.374606593416)
  );
#1893 = DIRECTION('',(-0.374606593416,0.,0.927183854567));
#1894 = PCURVE('',#856,#1895);
#1895 = DEFINITIONAL_REPRESENTATION('',(#1896),#1900);
#1896 = LINE('',#1897,#1898);
#1897 = CARTESIAN_POINT('',(0.,0.));
#1898 = VECTOR('',#1899,1.);
#1899 = DIRECTION('',(1.,0.));
#1900 = ( GEOMETRIC_REPRESENTATION_CONTEXT(2) 
PARAMETRIC_REPRESENTATION_CONTEXT() REPRESENTATION_CONTEXT('2D SPACE',''
  ) );
#1901 = PCURVE('',#1902,#1907);
#1902 = PLANE('',#1903);
#1903 = AXIS2_PLACEMENT_3D('',#1904,#1905,#1906);
#1904 = CARTESIAN_POINT('',(-47.23298647353,5.784372569899E-15,
    18.264949450195));
#1905 = DIRECTION('',(0.927183854567,-1.135472739716E-16,0.374606593416)
  );
#1906 = DIRECTION('',(-0.374606593416,0.,0.927183854567));
#1907 = DEFINITIONAL_REPRESENTATION('',(#1908),#1912);
#1908 = CIRCLE('',#1909,3.5);
#1909 = AXIS2_PLACEMENT_2D('',#1910,#1911);
#1910 = CARTESIAN_POINT('',(0.,0.));
#1911 = DIRECTION('',(1.,0.));
#1912 = ( GEOMETRIC_REPRESENTATION_CONTEXT(2) 
PARAMETRIC_REPRESENTATION_CONTEXT() REPRESENTATION_CONTEXT('2D SPACE',''
  ) );
#1913 = ORIENTED_EDGE('',*,*,#1864,.T.);
#1914 = ADVANCED_FACE('',(#1915),#1109,.T.);
#1915 = FACE_BOUND('',#1916,.T.);
#1916 = EDGE_LOOP('',(#1917,#1918,#1941,#1968,#1969));
#1917 = ORIENTED_EDGE('',*,*,#1216,.F.);
#1918 = ORIENTED_EDGE('',*,*,#1919,.F.);
#1919 = EDGE_CURVE('',#1920,#996,#1922,.T.);
#1920 = VERTEX_POINT('',#1921);
#1921 = CARTESIAN_POINT('',(45.921863396582,8.572527594031E-16,
    15.019805959212));
#1922 = SEAM_CURVE('',#1923,(#1927,#1934),.PCURVE_S1.);
#1923 = LINE('',#1924,#1925);
#1924 = CARTESIAN_POINT('',(45.921863396582,8.572527594031E-16,
    15.019805959212));
#1925 = VECTOR('',#1926,1.);
#1926 = DIRECTION('',(-0.927183854567,-1.232595164408E-32,0.374606593416
    ));
#1927 = PCURVE('',#1109,#1928);
#1928 = DEFINITIONAL_REPRESENTATION('',(#1929),#1933);
#1929 = LINE('',#1930,#1931);
#1930 = CARTESIAN_POINT('',(6.28318530718,-0.));
#1931 = VECTOR('',#1932,1.);
#1932 = DIRECTION('',(0.,1.));
#1933 = ( GEOMETRIC_REPRESENTATION_CONTEXT(2) 
PARAMETRIC_REPRESENTATION_CONTEXT() REPRESENTATION_CONTEXT('2D SPACE',''
  ) );
#1934 = PCURVE('',#1109,#1935);
#1935 = DEFINITIONAL_REPRESENTATION('',(#1936),#1940);
#1936 = LINE('',#1937,#1938);
#1937 = CARTESIAN_POINT('',(0.,-0.));
#1938 = VECTOR('',#1939,1.);
#1939 = DIRECTION('',(0.,1.));
#1940 = ( GEOMETRIC_REPRESENTATION_CONTEXT(2) 
PARAMETRIC_REPRESENTATION_CONTEXT() REPRESENTATION_CONTEXT('2D SPACE',''
  ) );
#1941 = ORIENTED_EDGE('',*,*,#1942,.T.);
#1942 = EDGE_CURVE('',#1920,#1920,#1943,.T.);
#1943 = SURFACE_CURVE('',#1944,(#1949,#1956),.PCURVE_S1.);
#1944 = CIRCLE('',#1945,3.5);
#1945 = AXIS2_PLACEMENT_3D('',#1946,#1947,#1948);
#1946 = CARTESIAN_POINT('',(47.232986473538,0.,18.264949450195));
#1947 = DIRECTION('',(-0.927183854567,-0.,0.374606593416));
#1948 = DIRECTION('',(-0.374606593416,0.,-0.927183854567));
#1949 = PCURVE('',#1109,#1950);
#1950 = DEFINITIONAL_REPRESENTATION('',(#1951),#1955);
#1951 = LINE('',#1952,#1953);
#1952 = CARTESIAN_POINT('',(0.,0.));
#1953 = VECTOR('',#1954,1.);
#1954 = DIRECTION('',(1.,0.));
#1955 = ( GEOMETRIC_REPRESENTATION_CONTEXT(2) 
PARAMETRIC_REPRESENTATION_CONTEXT() REPRESENTATION_CONTEXT('2D SPACE',''
  ) );
#1956 = PCURVE('',#1957,#1962);
#1957 = PLANE('',#1958);
#1958 = AXIS2_PLACEMENT_3D('',#1959,#1960,#1961);
#1959 = CARTESIAN_POINT('',(47.232986473538,0.,18.264949450195));
#1960 = DIRECTION('',(-0.927183854567,-0.,0.374606593416));
#1961 = DIRECTION('',(-0.374606593416,0.,-0.927183854567));
#1962 = DEFINITIONAL_REPRESENTATION('',(#1963),#1967);
#1963 = CIRCLE('',#1964,3.5);
#1964 = AXIS2_PLACEMENT_2D('',#1965,#1966);
#1965 = CARTESIAN_POINT('',(0.,0.));
#1966 = DIRECTION('',(1.,0.));
#1967 = ( GEOMETRIC_REPRESENTATION_CONTEXT(2) 
PARAMETRIC_REPRESENTATION_CONTEXT() REPRESENTATION_CONTEXT('2D SPACE',''
  ) );
#1968 = ORIENTED_EDGE('',*,*,#1919,.T.);
#1969 = ORIENTED_EDGE('',*,*,#995,.F.);
#1970 = ADVANCED_FACE('',(#1971),#1650,.T.);
#1971 = FACE_BOUND('',#1972,.T.);
#1972 = EDGE_LOOP('',(#1973,#1974,#1997,#2024));
#1973 = ORIENTED_EDGE('',*,*,#1436,.F.);
#1974 = ORIENTED_EDGE('',*,*,#1975,.F.);
#1975 = EDGE_CURVE('',#1976,#1437,#1978,.T.);
#1976 = VERTEX_POINT('',#1977);
#1977 = CARTESIAN_POINT('',(2.034933525546E-15,45.921863396582,
    15.019805959212));
#1978 = SEAM_CURVE('',#1979,(#1983,#1990),.PCURVE_S1.);
#1979 = LINE('',#1980,#1981);
#1980 = CARTESIAN_POINT('',(2.034933525546E-15,45.921863396582,
    15.019805959212));
#1981 = VECTOR('',#1982,1.);
#1982 = DIRECTION('',(-5.677363698582E-17,-0.927183854567,0.374606593416
    ));
#1983 = PCURVE('',#1650,#1984);
#1984 = DEFINITIONAL_REPRESENTATION('',(#1985),#1989);
#1985 = LINE('',#1986,#1987);
#1986 = CARTESIAN_POINT('',(6.28318530718,-0.));
#1987 = VECTOR('',#1988,1.);
#1988 = DIRECTION('',(0.,1.));
#1989 = ( GEOMETRIC_REPRESENTATION_CONTEXT(2) 
PARAMETRIC_REPRESENTATION_CONTEXT() REPRESENTATION_CONTEXT('2D SPACE',''
  ) );
#1990 = PCURVE('',#1650,#1991);
#1991 = DEFINITIONAL_REPRESENTATION('',(#1992),#1996);
#1992 = LINE('',#1993,#1994);
#1993 = CARTESIAN_POINT('',(0.,-0.));
#1994 = VECTOR('',#1995,1.);
#1995 = DIRECTION('',(0.,1.));
#1996 = ( GEOMETRIC_REPRESENTATION_CONTEXT(2) 
PARAMETRIC_REPRESENTATION_CONTEXT() REPRESENTATION_CONTEXT('2D SPACE',''
  ) );
#1997 = ORIENTED_EDGE('',*,*,#1998,.T.);
#1998 = EDGE_CURVE('',#1976,#1976,#1999,.T.);
#1999 = SURFACE_CURVE('',#2000,(#2005,#2012),.PCURVE_S1.);
#2000 = CIRCLE('',#2001,3.5);
#2001 = AXIS2_PLACEMENT_3D('',#2002,#2003,#2004);
#2002 = CARTESIAN_POINT('',(2.892186284949E-15,47.232986473538,
    18.264949450195));
#2003 = DIRECTION('',(-5.677363698582E-17,-0.927183854567,0.374606593416
    ));
#2004 = DIRECTION('',(0.,-0.374606593416,-0.927183854567));
#2005 = PCURVE('',#1650,#2006);
#2006 = DEFINITIONAL_REPRESENTATION('',(#2007),#2011);
#2007 = LINE('',#2008,#2009);
#2008 = CARTESIAN_POINT('',(0.,0.));
#2009 = VECTOR('',#2010,1.);
#2010 = DIRECTION('',(1.,0.));
#2011 = ( GEOMETRIC_REPRESENTATION_CONTEXT(2) 
PARAMETRIC_REPRESENTATION_CONTEXT() REPRESENTATION_CONTEXT('2D SPACE',''
  ) );
#2012 = PCURVE('',#2013,#2018);
#2013 = PLANE('',#2014);
#2014 = AXIS2_PLACEMENT_3D('',#2015,#2016,#2017);
#2015 = CARTESIAN_POINT('',(2.892186284949E-15,47.232986473538,
    18.264949450195));
#2016 = DIRECTION('',(-5.677363698582E-17,-0.927183854567,0.374606593416
    ));
#2017 = DIRECTION('',(0.,-0.374606593416,-0.927183854567));
#2018 = DEFINITIONAL_REPRESENTATION('',(#2019),#2023);
#2019 = CIRCLE('',#2020,3.5);
#2020 = AXIS2_PLACEMENT_2D('',#2021,#2022);
#2021 = CARTESIAN_POINT('',(0.,0.));
#2022 = DIRECTION('',(1.,0.));
#2023 = ( GEOMETRIC_REPRESENTATION_CONTEXT(2) 
PARAMETRIC_REPRESENTATION_CONTEXT() REPRESENTATION_CONTEXT('2D SPACE',''
  ) );
#2024 = ORIENTED_EDGE('',*,*,#1975,.T.);
#2025 = ADVANCED_FACE('',(#2026),#1781,.T.);
#2026 = FACE_BOUND('',#2027,.F.);
#2027 = EDGE_LOOP('',(#2028,#2051,#2052,#2053));
#2028 = ORIENTED_EDGE('',*,*,#2029,.T.);
#2029 = EDGE_CURVE('',#2030,#1765,#2032,.T.);
#2030 = VERTEX_POINT('',#2031);
#2031 = CARTESIAN_POINT('',(24.625,0.,-40.));
#2032 = SEAM_CURVE('',#2033,(#2037,#2044),.PCURVE_S1.);
#2033 = LINE('',#2034,#2035);
#2034 = CARTESIAN_POINT('',(24.625,0.,-40.));
#2035 = VECTOR('',#2036,1.);
#2036 = DIRECTION('',(0.,0.,1.));
#2037 = PCURVE('',#1781,#2038);
#2038 = DEFINITIONAL_REPRESENTATION('',(#2039),#2043);
#2039 = LINE('',#2040,#2041);
#2040 = CARTESIAN_POINT('',(-0.,0.));
#2041 = VECTOR('',#2042,1.);
#2042 = DIRECTION('',(-0.,-1.));
#2043 = ( GEOMETRIC_REPRESENTATION_CONTEXT(2) 
PARAMETRIC_REPRESENTATION_CONTEXT() REPRESENTATION_CONTEXT('2D SPACE',''
  ) );
#2044 = PCURVE('',#1781,#2045);
#2045 = DEFINITIONAL_REPRESENTATION('',(#2046),#2050);
#2046 = LINE('',#2047,#2048);
#2047 = CARTESIAN_POINT('',(-6.28318530718,0.));
#2048 = VECTOR('',#2049,1.);
#2049 = DIRECTION('',(-0.,-1.));
#2050 = ( GEOMETRIC_REPRESENTATION_CONTEXT(2) 
PARAMETRIC_REPRESENTATION_CONTEXT() REPRESENTATION_CONTEXT('2D SPACE',''
  ) );
#2051 = ORIENTED_EDGE('',*,*,#1764,.T.);
#2052 = ORIENTED_EDGE('',*,*,#2029,.F.);
#2053 = ORIENTED_EDGE('',*,*,#2054,.F.);
#2054 = EDGE_CURVE('',#2030,#2030,#2055,.T.);
#2055 = SURFACE_CURVE('',#2056,(#2061,#2068),.PCURVE_S1.);
#2056 = CIRCLE('',#2057,24.625);
#2057 = AXIS2_PLACEMENT_3D('',#2058,#2059,#2060);
#2058 = CARTESIAN_POINT('',(0.,0.,-40.));
#2059 = DIRECTION('',(0.,0.,1.));
#2060 = DIRECTION('',(1.,0.,0.));
#2061 = PCURVE('',#1781,#2062);
#2062 = DEFINITIONAL_REPRESENTATION('',(#2063),#2067);
#2063 = LINE('',#2064,#2065);
#2064 = CARTESIAN_POINT('',(-0.,0.));
#2065 = VECTOR('',#2066,1.);
#2066 = DIRECTION('',(-1.,0.));
#2067 = ( GEOMETRIC_REPRESENTATION_CONTEXT(2) 
PARAMETRIC_REPRESENTATION_CONTEXT() REPRESENTATION_CONTEXT('2D SPACE',''
  ) );
#2068 = PCURVE('',#2069,#2074);
#2069 = PLANE('',#2070);
#2070 = AXIS2_PLACEMENT_3D('',#2071,#2072,#2073);
#2071 = CARTESIAN_POINT('',(-8.884890201271E-16,1.660236146081E-15,-40.)
  );
#2072 = DIRECTION('',(0.,0.,1.));
#2073 = DIRECTION('',(1.,0.,-0.));
#2074 = DEFINITIONAL_REPRESENTATION('',(#2075),#2079);
#2075 = CIRCLE('',#2076,24.625);
#2076 = AXIS2_PLACEMENT_2D('',#2077,#2078);
#2077 = CARTESIAN_POINT('',(8.884890201271E-16,-1.660236146081E-15));
#2078 = DIRECTION('',(1.,0.));
#2079 = ( GEOMETRIC_REPRESENTATION_CONTEXT(2) 
PARAMETRIC_REPRESENTATION_CONTEXT() REPRESENTATION_CONTEXT('2D SPACE',''
  ) );
#2080 = ADVANCED_FACE('',(#2081),#1847,.F.);
#2081 = FACE_BOUND('',#2082,.T.);
#2082 = EDGE_LOOP('',(#2083));
#2083 = ORIENTED_EDGE('',*,*,#1832,.F.);
#2084 = ADVANCED_FACE('',(#2085),#1902,.F.);
#2085 = FACE_BOUND('',#2086,.T.);
#2086 = EDGE_LOOP('',(#2087));
#2087 = ORIENTED_EDGE('',*,*,#1887,.F.);
#2088 = ADVANCED_FACE('',(#2089),#1957,.F.);
#2089 = FACE_BOUND('',#2090,.T.);
#2090 = EDGE_LOOP('',(#2091));
#2091 = ORIENTED_EDGE('',*,*,#1942,.F.);
#2092 = ADVANCED_FACE('',(#2093),#2013,.F.);
#2093 = FACE_BOUND('',#2094,.T.);
#2094 = EDGE_LOOP('',(#2095));
#2095 = ORIENTED_EDGE('',*,*,#1998,.F.);
#2096 = ADVANCED_FACE('',(#2097),#2069,.F.);
#2097 = FACE_BOUND('',#2098,.F.);
#2098 = EDGE_LOOP('',(#2099));
#2099 = ORIENTED_EDGE('',*,*,#2054,.T.);
#2100 = ( GEOMETRIC_REPRESENTATION_CONTEXT(3) 
GLOBAL_UNCERTAINTY_ASSIGNED_CONTEXT((#2104)) 
GLOBAL_UNIT_ASSIGNED_CONTEXT((#2101,#2102,#2103)) REPRESENTATION_CONTEXT
('Context #1','3D Context with UNIT and UNCERTAINTY') );
#2101 = ( LENGTH_UNIT() NAMED_UNIT(*) SI_UNIT(.MILLI.,.METRE.) );
#2102 = ( NAMED_UNIT(*) PLANE_ANGLE_UNIT() SI_UNIT($,.RADIAN.) );
#2103 = ( NAMED_UNIT(*) SI_UNIT($,.STERADIAN.) SOLID_ANGLE_UNIT() );
#2104 = UNCERTAINTY_MEASURE_WITH_UNIT(LENGTH_MEASURE(1.E-07),#2101,
  'distance_accuracy_value','confusion accuracy');
#2105 = PRODUCT_RELATED_PRODUCT_CATEGORY('part',$,(#7));
ENDSEC;
END-ISO-10303-21;
