ISO-10303-21;
HEADER;
FILE_DESCRIPTION(('Open CASCADE Model'),'2;1');
FILE_NAME('Open CASCADE Shape Model','2026-07-20T12:33:28',('Author'),(
    'Open CASCADE'),'Open CASCADE STEP processor 7.9','Open CASCADE 7.9'
  ,'Unknown');
FILE_SCHEMA(('AUTOMOTIVE_DESIGN { 1 0 10303 214 1 1 1 1 }'));
ENDSEC;
DATA;
#1 = APPLICATION_PROTOCOL_DEFINITION('international standard',
  'automotive_design',2000,#2);
#2 = APPLICATION_CONTEXT(
  'core data for automotive mechanical design processes');
#3 = SHAPE_DEFINITION_REPRESENTATION(#4,#10);
#4 = PRODUCT_DEFINITION_SHAPE('','',#5);
#5 = PRODUCT_DEFINITION('design','',#6,#9);
#6 = PRODUCT_DEFINITION_FORMATION('','',#7);
#7 = PRODUCT('Open CASCADE STEP translator 7.9 1',
  'Open CASCADE STEP translator 7.9 1','',(#8));
#8 = PRODUCT_CONTEXT('',#2,'mechanical');
#9 = PRODUCT_DEFINITION_CONTEXT('part definition',#2,'design');
#10 = ADVANCED_BREP_SHAPE_REPRESENTATION('',(#11,#15),#2026);
#11 = AXIS2_PLACEMENT_3D('',#12,#13,#14);
#12 = CARTESIAN_POINT('',(0.,0.,0.));
#13 = DIRECTION('',(0.,0.,1.));
#14 = DIRECTION('',(1.,0.,-0.));
#15 = MANIFOLD_SOLID_BREP('',#16);
#16 = CLOSED_SHELL('',(#17,#105,#140,#144,#983,#1204,#1260,#1315,#1370,
    #1425,#1480,#1535,#1590,#1640,#1690,#1740,#1790,#1840,#1890,#1894,
    #1898,#1902,#1906,#1910,#1914,#1967,#2022));
#17 = ADVANCED_FACE('',(#18),#31,.T.);
#18 = FACE_BOUND('',#19,.T.);
#19 = EDGE_LOOP('',(#20,#54,#77,#104));
#20 = ORIENTED_EDGE('',*,*,#21,.F.);
#21 = EDGE_CURVE('',#22,#22,#24,.T.);
#22 = VERTEX_POINT('',#23);
#23 = CARTESIAN_POINT('',(31.35,-7.678535430654E-15,500.8));
#24 = SURFACE_CURVE('',#25,(#30,#42),.PCURVE_S1.);
#25 = CIRCLE('',#26,31.35);
#26 = AXIS2_PLACEMENT_3D('',#27,#28,#29);
#27 = CARTESIAN_POINT('',(0.,0.,500.8));
#28 = DIRECTION('',(0.,0.,1.));
#29 = DIRECTION('',(1.,0.,-0.));
#30 = PCURVE('',#31,#36);
#31 = CYLINDRICAL_SURFACE('',#32,31.35);
#32 = AXIS2_PLACEMENT_3D('',#33,#34,#35);
#33 = CARTESIAN_POINT('',(0.,0.,0.));
#34 = DIRECTION('',(0.,0.,1.));
#35 = DIRECTION('',(1.,0.,-0.));
#36 = DEFINITIONAL_REPRESENTATION('',(#37),#41);
#37 = LINE('',#38,#39);
#38 = CARTESIAN_POINT('',(0.,500.8));
#39 = VECTOR('',#40,1.);
#40 = DIRECTION('',(1.,0.));
#41 = ( GEOMETRIC_REPRESENTATION_CONTEXT(2) 
PARAMETRIC_REPRESENTATION_CONTEXT() REPRESENTATION_CONTEXT('2D SPACE',''
  ) );
#42 = PCURVE('',#43,#48);
#43 = PLANE('',#44);
#44 = AXIS2_PLACEMENT_3D('',#45,#46,#47);
#45 = CARTESIAN_POINT('',(0.,0.,500.8));
#46 = DIRECTION('',(0.,0.,1.));
#47 = DIRECTION('',(1.,0.,-0.));
#48 = DEFINITIONAL_REPRESENTATION('',(#49),#53);
#49 = CIRCLE('',#50,31.35);
#50 = AXIS2_PLACEMENT_2D('',#51,#52);
#51 = CARTESIAN_POINT('',(0.,0.));
#52 = DIRECTION('',(1.,0.));
#53 = ( GEOMETRIC_REPRESENTATION_CONTEXT(2) 
PARAMETRIC_REPRESENTATION_CONTEXT() REPRESENTATION_CONTEXT('2D SPACE',''
  ) );
#54 = ORIENTED_EDGE('',*,*,#55,.F.);
#55 = EDGE_CURVE('',#56,#22,#58,.T.);
#56 = VERTEX_POINT('',#57);
#57 = CARTESIAN_POINT('',(31.35,-7.678535430654E-15,0.));
#58 = SEAM_CURVE('',#59,(#63,#70),.PCURVE_S1.);
#59 = LINE('',#60,#61);
#60 = CARTESIAN_POINT('',(31.35,-7.678535430654E-15,0.));
#61 = VECTOR('',#62,1.);
#62 = DIRECTION('',(0.,0.,1.));
#63 = PCURVE('',#31,#64);
#64 = DEFINITIONAL_REPRESENTATION('',(#65),#69);
#65 = LINE('',#66,#67);
#66 = CARTESIAN_POINT('',(6.28318530718,-0.));
#67 = VECTOR('',#68,1.);
#68 = DIRECTION('',(0.,1.));
#69 = ( GEOMETRIC_REPRESENTATION_CONTEXT(2) 
PARAMETRIC_REPRESENTATION_CONTEXT() REPRESENTATION_CONTEXT('2D SPACE',''
  ) );
#70 = PCURVE('',#31,#71);
#71 = DEFINITIONAL_REPRESENTATION('',(#72),#76);
#72 = LINE('',#73,#74);
#73 = CARTESIAN_POINT('',(0.,-0.));
#74 = VECTOR('',#75,1.);
#75 = DIRECTION('',(0.,1.));
#76 = ( GEOMETRIC_REPRESENTATION_CONTEXT(2) 
PARAMETRIC_REPRESENTATION_CONTEXT() REPRESENTATION_CONTEXT('2D SPACE',''
  ) );
#77 = ORIENTED_EDGE('',*,*,#78,.T.);
#78 = EDGE_CURVE('',#56,#56,#79,.T.);
#79 = SURFACE_CURVE('',#80,(#85,#92),.PCURVE_S1.);
#80 = CIRCLE('',#81,31.35);
#81 = AXIS2_PLACEMENT_3D('',#82,#83,#84);
#82 = CARTESIAN_POINT('',(0.,0.,0.));
#83 = DIRECTION('',(0.,0.,1.));
#84 = DIRECTION('',(1.,0.,-0.));
#85 = PCURVE('',#31,#86);
#86 = DEFINITIONAL_REPRESENTATION('',(#87),#91);
#87 = LINE('',#88,#89);
#88 = CARTESIAN_POINT('',(0.,0.));
#89 = VECTOR('',#90,1.);
#90 = DIRECTION('',(1.,0.));
#91 = ( GEOMETRIC_REPRESENTATION_CONTEXT(2) 
PARAMETRIC_REPRESENTATION_CONTEXT() REPRESENTATION_CONTEXT('2D SPACE',''
  ) );
#92 = PCURVE('',#93,#98);
#93 = PLANE('',#94);
#94 = AXIS2_PLACEMENT_3D('',#95,#96,#97);
#95 = CARTESIAN_POINT('',(0.,0.,0.));
#96 = DIRECTION('',(0.,0.,1.));
#97 = DIRECTION('',(1.,0.,-0.));
#98 = DEFINITIONAL_REPRESENTATION('',(#99),#103);
#99 = CIRCLE('',#100,31.35);
#100 = AXIS2_PLACEMENT_2D('',#101,#102);
#101 = CARTESIAN_POINT('',(0.,0.));
#102 = DIRECTION('',(1.,0.));
#103 = ( GEOMETRIC_REPRESENTATION_CONTEXT(2) 
PARAMETRIC_REPRESENTATION_CONTEXT() REPRESENTATION_CONTEXT('2D SPACE',''
  ) );
#104 = ORIENTED_EDGE('',*,*,#55,.T.);
#105 = ADVANCED_FACE('',(#106,#109),#43,.T.);
#106 = FACE_BOUND('',#107,.T.);
#107 = EDGE_LOOP('',(#108));
#108 = ORIENTED_EDGE('',*,*,#21,.T.);
#109 = FACE_BOUND('',#110,.T.);
#110 = EDGE_LOOP('',(#111));
#111 = ORIENTED_EDGE('',*,*,#112,.F.);
#112 = EDGE_CURVE('',#113,#113,#115,.T.);
#113 = VERTEX_POINT('',#114);
#114 = CARTESIAN_POINT('',(30.,-7.347880794884E-15,500.8));
#115 = SURFACE_CURVE('',#116,(#121,#128),.PCURVE_S1.);
#116 = CIRCLE('',#117,30.);
#117 = AXIS2_PLACEMENT_3D('',#118,#119,#120);
#118 = CARTESIAN_POINT('',(0.,0.,500.8));
#119 = DIRECTION('',(0.,0.,1.));
#120 = DIRECTION('',(1.,0.,-0.));
#121 = PCURVE('',#43,#122);
#122 = DEFINITIONAL_REPRESENTATION('',(#123),#127);
#123 = CIRCLE('',#124,30.);
#124 = AXIS2_PLACEMENT_2D('',#125,#126);
#125 = CARTESIAN_POINT('',(0.,0.));
#126 = DIRECTION('',(1.,0.));
#127 = ( GEOMETRIC_REPRESENTATION_CONTEXT(2) 
PARAMETRIC_REPRESENTATION_CONTEXT() REPRESENTATION_CONTEXT('2D SPACE',''
  ) );
#128 = PCURVE('',#129,#134);
#129 = CYLINDRICAL_SURFACE('',#130,30.);
#130 = AXIS2_PLACEMENT_3D('',#131,#132,#133);
#131 = CARTESIAN_POINT('',(0.,0.,500.));
#132 = DIRECTION('',(0.,0.,1.));
#133 = DIRECTION('',(1.,0.,-0.));
#134 = DEFINITIONAL_REPRESENTATION('',(#135),#139);
#135 = LINE('',#136,#137);
#136 = CARTESIAN_POINT('',(0.,0.8));
#137 = VECTOR('',#138,1.);
#138 = DIRECTION('',(1.,0.));
#139 = ( GEOMETRIC_REPRESENTATION_CONTEXT(2) 
PARAMETRIC_REPRESENTATION_CONTEXT() REPRESENTATION_CONTEXT('2D SPACE',''
  ) );
#140 = ADVANCED_FACE('',(#141),#93,.F.);
#141 = FACE_BOUND('',#142,.T.);
#142 = EDGE_LOOP('',(#143));
#143 = ORIENTED_EDGE('',*,*,#78,.F.);
#144 = ADVANCED_FACE('',(#145,#386,#497,#650,#761,#872),#129,.T.);
#145 = FACE_BOUND('',#146,.T.);
#146 = EDGE_LOOP('',(#147,#172,#257,#278,#279,#280,#358,#359));
#147 = ORIENTED_EDGE('',*,*,#148,.F.);
#148 = EDGE_CURVE('',#149,#151,#153,.T.);
#149 = VERTEX_POINT('',#150);
#150 = CARTESIAN_POINT('',(30.,-3.612708057485E-15,548.5));
#151 = VERTEX_POINT('',#152);
#152 = CARTESIAN_POINT('',(30.,-7.347880794884E-15,556.8));
#153 = SEAM_CURVE('',#154,(#158,#165),.PCURVE_S1.);
#154 = LINE('',#155,#156);
#155 = CARTESIAN_POINT('',(30.,-7.347880794884E-15,500.));
#156 = VECTOR('',#157,1.);
#157 = DIRECTION('',(0.,0.,1.));
#158 = PCURVE('',#129,#159);
#159 = DEFINITIONAL_REPRESENTATION('',(#160),#164);
#160 = LINE('',#161,#162);
#161 = CARTESIAN_POINT('',(0.,-0.));
#162 = VECTOR('',#163,1.);
#163 = DIRECTION('',(0.,1.));
#164 = ( GEOMETRIC_REPRESENTATION_CONTEXT(2) 
PARAMETRIC_REPRESENTATION_CONTEXT() REPRESENTATION_CONTEXT('2D SPACE',''
  ) );
#165 = PCURVE('',#129,#166);
#166 = DEFINITIONAL_REPRESENTATION('',(#167),#171);
#167 = LINE('',#168,#169);
#168 = CARTESIAN_POINT('',(6.28318530718,-0.));
#169 = VECTOR('',#170,1.);
#170 = DIRECTION('',(0.,1.));
#171 = ( GEOMETRIC_REPRESENTATION_CONTEXT(2) 
PARAMETRIC_REPRESENTATION_CONTEXT() REPRESENTATION_CONTEXT('2D SPACE',''
  ) );
#172 = ORIENTED_EDGE('',*,*,#173,.F.);
#173 = EDGE_CURVE('',#174,#149,#176,.T.);
#174 = VERTEX_POINT('',#175);
#175 = CARTESIAN_POINT('',(30.,-7.347880794884E-15,547.5));
#176 = SURFACE_CURVE('',#177,(#200,#226),.PCURVE_S1.);
#177 = B_SPLINE_CURVE_WITH_KNOTS('',6,(#178,#179,#180,#181,#182,#183,
    #184,#185,#186,#187,#188,#189,#190,#191,#192,#193,#194,#195,#196,
    #197,#198,#199),.UNSPECIFIED.,.F.,.F.,(7,5,5,5,7),(0.,0.232315456458
    ,0.500012591878,0.767699082577,1.),.UNSPECIFIED.);
#178 = CARTESIAN_POINT('',(30.,1.745740669422E-15,547.5));
#179 = CARTESIAN_POINT('',(30.,6.400244043436E-02,547.5));
#180 = CARTESIAN_POINT('',(29.99983618458,0.127754144006,547.50983151511
    ));
#181 = CARTESIAN_POINT('',(29.999510714572,0.189225700986,
    547.52934748761));
#182 = CARTESIAN_POINT('',(29.999061403318,0.246480707761,
    547.55778616237));
#183 = CARTESIAN_POINT('',(29.998554270697,0.297851102238,
    547.59380022839));
#184 = CARTESIAN_POINT('',(29.997463368776,0.393461549618,
    547.68358441469));
#185 = CARTESIAN_POINT('',(29.996877873363,0.435588893829,
    547.73937851334));
#186 = CARTESIAN_POINT('',(29.996371293603,0.467709577879,
    547.80086803644));
#187 = CARTESIAN_POINT('',(29.99601202315,0.489262724858,547.86609662115
    ));
#188 = CARTESIAN_POINT('',(29.995833043941,0.5,547.93311244703));
#189 = CARTESIAN_POINT('',(29.995833043941,0.5,548.06688489324));
#190 = CARTESIAN_POINT('',(29.996012008664,0.489263584322,
    548.13390117131));
#191 = CARTESIAN_POINT('',(29.996371282796,0.467710264985,
    548.19913150714));
#192 = CARTESIAN_POINT('',(29.996877880452,0.435588643278,
    548.26062235657));
#193 = CARTESIAN_POINT('',(29.997463380225,0.393460546241,
    548.31641652753));
#194 = CARTESIAN_POINT('',(29.998554249195,0.297852986699,
    548.40619800197));
#195 = CARTESIAN_POINT('',(29.999061394687,0.246481993445,
    548.44221367144));
#196 = CARTESIAN_POINT('',(29.999510739038,0.189224217256,
    548.47065394689));
#197 = CARTESIAN_POINT('',(29.999836206884,0.127749824052,
    548.49016987664));
#198 = CARTESIAN_POINT('',(30.,6.399793323122E-02,548.5));
#199 = CARTESIAN_POINT('',(30.,1.393499969508E-15,548.5));
#200 = PCURVE('',#129,#201);
#201 = DEFINITIONAL_REPRESENTATION('',(#202),#225);
#202 = B_SPLINE_CURVE_WITH_KNOTS('',6,(#203,#204,#205,#206,#207,#208,
    #209,#210,#211,#212,#213,#214,#215,#216,#217,#218,#219,#220,#221,
    #222,#223,#224),.UNSPECIFIED.,.F.,.F.,(7,5,5,5,7),(0.,0.232315456458
    ,0.500012591878,0.767699082577,1.),.UNSPECIFIED.);
#203 = CARTESIAN_POINT('',(0.,47.5));
#204 = CARTESIAN_POINT('',(2.133414681145E-03,47.5));
#205 = CARTESIAN_POINT('',(4.258471500319E-03,47.509831515115));
#206 = CARTESIAN_POINT('',(6.307540691017E-03,47.529347487611));
#207 = CARTESIAN_POINT('',(8.216093296446E-03,47.55778616237));
#208 = CARTESIAN_POINT('',(9.928521223654E-03,47.593800228395));
#209 = CARTESIAN_POINT('',(1.311574358024E-02,47.683584414695));
#210 = CARTESIAN_POINT('',(1.452011959905E-02,47.739378513343));
#211 = CARTESIAN_POINT('',(1.559094127105E-02,47.800868036445));
#212 = CARTESIAN_POINT('',(1.630947952243E-02,47.866096621157));
#213 = CARTESIAN_POINT('',(1.666743836807E-02,47.933112447037));
#214 = CARTESIAN_POINT('',(1.666743836807E-02,48.066884893243));
#215 = CARTESIAN_POINT('',(1.630950817689E-02,48.133901171313));
#216 = CARTESIAN_POINT('',(1.559096417532E-02,48.199131507146));
#217 = CARTESIAN_POINT('',(1.452011124584E-02,48.260622356579));
#218 = CARTESIAN_POINT('',(1.311571013217E-02,48.316416527539));
#219 = CARTESIAN_POINT('',(9.92858404313E-03,48.406198001977));
#220 = CARTESIAN_POINT('',(8.21613615255E-03,48.442213671443));
#221 = CARTESIAN_POINT('',(6.307491229448E-03,48.470653946895));
#222 = CARTESIAN_POINT('',(4.258327501569E-03,48.490169876642));
#223 = CARTESIAN_POINT('',(2.133264441041E-03,48.5));
#224 = CARTESIAN_POINT('',(0.,48.5));
#225 = ( GEOMETRIC_REPRESENTATION_CONTEXT(2) 
PARAMETRIC_REPRESENTATION_CONTEXT() REPRESENTATION_CONTEXT('2D SPACE',''
  ) );
#226 = PCURVE('',#227,#232);
#227 = CYLINDRICAL_SURFACE('',#228,0.5);
#228 = AXIS2_PLACEMENT_3D('',#229,#230,#231);
#229 = CARTESIAN_POINT('',(29.2,0.,548.));
#230 = DIRECTION('',(1.,0.,0.));
#231 = DIRECTION('',(-0.,0.,1.));
#232 = DEFINITIONAL_REPRESENTATION('',(#233),#256);
#233 = B_SPLINE_CURVE_WITH_KNOTS('',6,(#234,#235,#236,#237,#238,#239,
    #240,#241,#242,#243,#244,#245,#246,#247,#248,#249,#250,#251,#252,
    #253,#254,#255),.UNSPECIFIED.,.F.,.F.,(7,5,5,5,7),(0.,0.232315456458
    ,0.500012591878,0.767699082577,1.),.UNSPECIFIED.);
#234 = CARTESIAN_POINT('',(3.14159265359,0.8));
#235 = CARTESIAN_POINT('',(3.269597534459,0.8));
#236 = CARTESIAN_POINT('',(3.397100011018,0.79983618458));
#237 = CARTESIAN_POINT('',(3.523823185762,0.799510714572));
#238 = CARTESIAN_POINT('',(3.649497099063,0.799061403318));
#239 = CARTESIAN_POINT('',(3.773697352638,0.798554270697));
#240 = CARTESIAN_POINT('',(4.036014395605,0.797463368776));
#241 = CARTESIAN_POINT('',(4.173821681186,0.796877873363));
#242 = CARTESIAN_POINT('',(4.309817900638,0.796371293603));
#243 = CARTESIAN_POINT('',(4.444581687114,0.79601202315));
#244 = CARTESIAN_POINT('',(4.578613874459,0.795833043941));
#245 = CARTESIAN_POINT('',(4.846158766871,0.795833043941));
#246 = CARTESIAN_POINT('',(4.980191864203,0.796012008664));
#247 = CARTESIAN_POINT('',(5.114958657757,0.796371282796));
#248 = CARTESIAN_POINT('',(5.250957857352,0.796877880452));
#249 = CARTESIAN_POINT('',(5.388766318032,0.797463380225));
#250 = CARTESIAN_POINT('',(5.651075437918,0.798554249195));
#251 = CARTESIAN_POINT('',(5.775278741345,0.799061394687));
#252 = CARTESIAN_POINT('',(5.900958539876,0.799510739038));
#253 = CARTESIAN_POINT('',(6.027686576441,0.799836206884));
#254 = CARTESIAN_POINT('',(6.155189440717,0.8));
#255 = CARTESIAN_POINT('',(6.28318530718,0.8));
#256 = ( GEOMETRIC_REPRESENTATION_CONTEXT(2) 
PARAMETRIC_REPRESENTATION_CONTEXT() REPRESENTATION_CONTEXT('2D SPACE',''
  ) );
#257 = ORIENTED_EDGE('',*,*,#258,.F.);
#258 = EDGE_CURVE('',#113,#174,#259,.T.);
#259 = SEAM_CURVE('',#260,(#264,#271),.PCURVE_S1.);
#260 = LINE('',#261,#262);
#261 = CARTESIAN_POINT('',(30.,-7.347880794884E-15,500.));
#262 = VECTOR('',#263,1.);
#263 = DIRECTION('',(0.,0.,1.));
#264 = PCURVE('',#129,#265);
#265 = DEFINITIONAL_REPRESENTATION('',(#266),#270);
#266 = LINE('',#267,#268);
#267 = CARTESIAN_POINT('',(6.28318530718,-0.));
#268 = VECTOR('',#269,1.);
#269 = DIRECTION('',(0.,1.));
#270 = ( GEOMETRIC_REPRESENTATION_CONTEXT(2) 
PARAMETRIC_REPRESENTATION_CONTEXT() REPRESENTATION_CONTEXT('2D SPACE',''
  ) );
#271 = PCURVE('',#129,#272);
#272 = DEFINITIONAL_REPRESENTATION('',(#273),#277);
#273 = LINE('',#274,#275);
#274 = CARTESIAN_POINT('',(0.,-0.));
#275 = VECTOR('',#276,1.);
#276 = DIRECTION('',(0.,1.));
#277 = ( GEOMETRIC_REPRESENTATION_CONTEXT(2) 
PARAMETRIC_REPRESENTATION_CONTEXT() REPRESENTATION_CONTEXT('2D SPACE',''
  ) );
#278 = ORIENTED_EDGE('',*,*,#112,.T.);
#279 = ORIENTED_EDGE('',*,*,#258,.T.);
#280 = ORIENTED_EDGE('',*,*,#281,.F.);
#281 = EDGE_CURVE('',#149,#174,#282,.T.);
#282 = SURFACE_CURVE('',#283,(#306,#332),.PCURVE_S1.);
#283 = B_SPLINE_CURVE_WITH_KNOTS('',6,(#284,#285,#286,#287,#288,#289,
    #290,#291,#292,#293,#294,#295,#296,#297,#298,#299,#300,#301,#302,
    #303,#304,#305),.UNSPECIFIED.,.F.,.F.,(7,5,5,5,7),(0.,0.23232069039,
    0.500022480642,0.777651611057,1.),.UNSPECIFIED.);
#284 = CARTESIAN_POINT('',(30.,-2.331468351713E-15,548.5));
#285 = CARTESIAN_POINT('',(30.,-6.400244043438E-02,548.5));
#286 = CARTESIAN_POINT('',(29.99983618458,-0.127754144006,
    548.49016848488));
#287 = CARTESIAN_POINT('',(29.999510714572,-0.189225700986,
    548.47065251239));
#288 = CARTESIAN_POINT('',(29.999061403318,-0.246480707761,
    548.44221383763));
#289 = CARTESIAN_POINT('',(29.998554270697,-0.297851102238,
    548.4061997716));
#290 = CARTESIAN_POINT('',(29.997463371779,-0.393461286467,
    548.31641583242));
#291 = CARTESIAN_POINT('',(29.996877873784,-0.435588949276,
    548.26062159704));
#292 = CARTESIAN_POINT('',(29.99637128857,-0.467709893949,
    548.19913158972));
#293 = CARTESIAN_POINT('',(29.996012015983,-0.489263152456,
    548.13390232232));
#294 = CARTESIAN_POINT('',(29.995833043941,-0.5,548.06688623619));
#295 = CARTESIAN_POINT('',(29.995833043941,-0.5,547.93063338286));
#296 = CARTESIAN_POINT('',(29.996025533621,-0.488452112771,
    547.86110600253));
#297 = CARTESIAN_POINT('',(29.996412229466,-0.465254156312,
    547.7935714459));
#298 = CARTESIAN_POINT('',(29.996954800517,-0.430701866114,
    547.73022623776));
#299 = CARTESIAN_POINT('',(29.997573635097,-0.385460674524,
    547.67326134456));
#300 = CARTESIAN_POINT('',(29.998661525202,-0.286763758806,
    547.58624830865));
#301 = CARTESIAN_POINT('',(29.999136745109,-0.236654611168,
    547.55302590195));
#302 = CARTESIAN_POINT('',(29.999551671062,-0.18132868604,
    547.52689265426));
#303 = CARTESIAN_POINT('',(29.999849995855,-0.122284342972,
    547.50900213914));
#304 = CARTESIAN_POINT('',(30.,-6.124360208977E-02,547.5));
#305 = CARTESIAN_POINT('',(30.,-1.887379141863E-15,547.5));
#306 = PCURVE('',#129,#307);
#307 = DEFINITIONAL_REPRESENTATION('',(#308),#331);
#308 = B_SPLINE_CURVE_WITH_KNOTS('',6,(#309,#310,#311,#312,#313,#314,
    #315,#316,#317,#318,#319,#320,#321,#322,#323,#324,#325,#326,#327,
    #328,#329,#330),.UNSPECIFIED.,.F.,.F.,(7,5,5,5,7),(0.,0.23232069039,
    0.500022480642,0.777651611057,1.),.UNSPECIFIED.);
#309 = CARTESIAN_POINT('',(6.28318530718,48.5));
#310 = CARTESIAN_POINT('',(6.281051892498,48.5));
#311 = CARTESIAN_POINT('',(6.278926835679,48.490168484885));
#312 = CARTESIAN_POINT('',(6.276877766489,48.470652512389));
#313 = CARTESIAN_POINT('',(6.274969213883,48.44221383763));
#314 = CARTESIAN_POINT('',(6.273256785956,48.406199771605));
#315 = CARTESIAN_POINT('',(6.270069572372,48.31641583242));
#316 = CARTESIAN_POINT('',(6.268665185732,48.260621597042));
#317 = CARTESIAN_POINT('',(6.267594355373,48.199131589729));
#318 = CARTESIAN_POINT('',(6.266875813401,48.133902322327));
#319 = CARTESIAN_POINT('',(6.266517868812,48.066886236194));
#320 = CARTESIAN_POINT('',(6.266517868812,47.930633382863));
#321 = CARTESIAN_POINT('',(6.266902851794,47.86110600253));
#322 = CARTESIAN_POINT('',(6.267676224732,47.793571445909));
#323 = CARTESIAN_POINT('',(6.268828108488,47.730226237765));
#324 = CARTESIAN_POINT('',(6.270336283885,47.673261344561));
#325 = CARTESIAN_POINT('',(6.273626380925,47.586248308654));
#326 = CARTESIAN_POINT('',(6.275296759007,47.553025901956));
#327 = CARTESIAN_POINT('',(6.277141002459,47.526892654261));
#328 = CARTESIAN_POINT('',(6.279109162386,47.509002139145));
#329 = CARTESIAN_POINT('',(6.281143853777,47.5));
#330 = CARTESIAN_POINT('',(6.28318530718,47.5));
#331 = ( GEOMETRIC_REPRESENTATION_CONTEXT(2) 
PARAMETRIC_REPRESENTATION_CONTEXT() REPRESENTATION_CONTEXT('2D SPACE',''
  ) );
#332 = PCURVE('',#227,#333);
#333 = DEFINITIONAL_REPRESENTATION('',(#334),#357);
#334 = B_SPLINE_CURVE_WITH_KNOTS('',6,(#335,#336,#337,#338,#339,#340,
    #341,#342,#343,#344,#345,#346,#347,#348,#349,#350,#351,#352,#353,
    #354,#355,#356),.UNSPECIFIED.,.F.,.F.,(7,5,5,5,7),(0.,0.23232069039,
    0.500022480642,0.777651611057,1.),.UNSPECIFIED.);
#335 = CARTESIAN_POINT('',(-5.329070518201E-15,0.8));
#336 = CARTESIAN_POINT('',(0.128004880869,0.8));
#337 = CARTESIAN_POINT('',(0.255507357428,0.79983618458));
#338 = CARTESIAN_POINT('',(0.382230532172,0.799510714572));
#339 = CARTESIAN_POINT('',(0.507904445474,0.799061403318));
#340 = CARTESIAN_POINT('',(0.632104699048,0.798554270697));
#341 = CARTESIAN_POINT('',(0.894421020034,0.797463371779));
#342 = CARTESIAN_POINT('',(1.032228938906,0.796877873784));
#343 = CARTESIAN_POINT('',(1.1682262083,0.79637128857));
#344 = CARTESIAN_POINT('',(1.30299114841,0.796012015983));
#345 = CARTESIAN_POINT('',(1.437023854407,0.795833043941));
#346 = CARTESIAN_POINT('',(1.709529561068,0.795833043941));
#347 = CARTESIAN_POINT('',(1.848584953289,0.796025533621));
#348 = CARTESIAN_POINT('',(1.988457404896,0.796412229466));
#349 = CARTESIAN_POINT('',(2.129685968794,0.796954800517));
#350 = CARTESIAN_POINT('',(2.272902004932,0.797573635097));
#351 = CARTESIAN_POINT('',(2.536054809135,0.798661525202));
#352 = CARTESIAN_POINT('',(2.655169485024,0.799136745109));
#353 = CARTESIAN_POINT('',(2.775624519678,0.799551671062));
#354 = CARTESIAN_POINT('',(2.897024673768,0.799849995855));
#355 = CARTESIAN_POINT('',(3.01910544941,0.8));
#356 = CARTESIAN_POINT('',(3.14159265359,0.8));
#357 = ( GEOMETRIC_REPRESENTATION_CONTEXT(2) 
PARAMETRIC_REPRESENTATION_CONTEXT() REPRESENTATION_CONTEXT('2D SPACE',''
  ) );
#358 = ORIENTED_EDGE('',*,*,#148,.T.);
#359 = ORIENTED_EDGE('',*,*,#360,.F.);
#360 = EDGE_CURVE('',#151,#151,#361,.T.);
#361 = SURFACE_CURVE('',#362,(#367,#374),.PCURVE_S1.);
#362 = CIRCLE('',#363,30.);
#363 = AXIS2_PLACEMENT_3D('',#364,#365,#366);
#364 = CARTESIAN_POINT('',(0.,0.,556.8));
#365 = DIRECTION('',(0.,0.,1.));
#366 = DIRECTION('',(1.,0.,-0.));
#367 = PCURVE('',#129,#368);
#368 = DEFINITIONAL_REPRESENTATION('',(#369),#373);
#369 = LINE('',#370,#371);
#370 = CARTESIAN_POINT('',(0.,56.8));
#371 = VECTOR('',#372,1.);
#372 = DIRECTION('',(1.,0.));
#373 = ( GEOMETRIC_REPRESENTATION_CONTEXT(2) 
PARAMETRIC_REPRESENTATION_CONTEXT() REPRESENTATION_CONTEXT('2D SPACE',''
  ) );
#374 = PCURVE('',#375,#380);
#375 = PLANE('',#376);
#376 = AXIS2_PLACEMENT_3D('',#377,#378,#379);
#377 = CARTESIAN_POINT('',(0.,0.,556.8));
#378 = DIRECTION('',(0.,0.,1.));
#379 = DIRECTION('',(1.,0.,-0.));
#380 = DEFINITIONAL_REPRESENTATION('',(#381),#385);
#381 = CIRCLE('',#382,30.);
#382 = AXIS2_PLACEMENT_2D('',#383,#384);
#383 = CARTESIAN_POINT('',(0.,0.));
#384 = DIRECTION('',(1.,0.));
#385 = ( GEOMETRIC_REPRESENTATION_CONTEXT(2) 
PARAMETRIC_REPRESENTATION_CONTEXT() REPRESENTATION_CONTEXT('2D SPACE',''
  ) );
#386 = FACE_BOUND('',#387,.T.);
#387 = EDGE_LOOP('',(#388));
#388 = ORIENTED_EDGE('',*,*,#389,.F.);
#389 = EDGE_CURVE('',#390,#390,#392,.T.);
#390 = VERTEX_POINT('',#391);
#391 = CARTESIAN_POINT('',(-14.56490382007,26.22715342373,548.));
#392 = SURFACE_CURVE('',#393,(#424,#458),.PCURVE_S1.);
#393 = B_SPLINE_CURVE_WITH_KNOTS('',8,(#394,#395,#396,#397,#398,#399,
    #400,#401,#402,#403,#404,#405,#406,#407,#408,#409,#410,#411,#412,
    #413,#414,#415,#416,#417,#418,#419,#420,#421,#422,#423),
  .UNSPECIFIED.,.T.,.F.,(9,7,7,7,9),(0.,0.25,0.5,0.750000000001,1.),
  .UNSPECIFIED.);
#394 = CARTESIAN_POINT('',(-14.56490382007,26.22715342373,548.));
#395 = CARTESIAN_POINT('',(-14.56490382007,26.22715342373,
    547.90707437208));
#396 = CARTESIAN_POINT('',(-14.58216129043,26.217569772865,
    547.81256586594));
#397 = CARTESIAN_POINT('',(-14.61770695808,26.197829618912,
    547.7216164976));
#398 = CARTESIAN_POINT('',(-14.67101820078,26.168141709313,
    547.63986653873));
#399 = CARTESIAN_POINT('',(-14.73997060262,26.129490220596,
    547.57275781991));
#400 = CARTESIAN_POINT('',(-14.82098417716,26.083636243783,547.524975132
    ));
#401 = CARTESIAN_POINT('',(-14.90947415738,26.033027233137,547.5));
#402 = CARTESIAN_POINT('',(-15.09052584261,25.92849699393,547.5));
#403 = CARTESIAN_POINT('',(-15.1785995216,25.877166928408,547.524975132)
  );
#404 = CARTESIAN_POINT('',(-15.25881701766,25.829934103203,
    547.57275781991));
#405 = CARTESIAN_POINT('',(-15.3267663897,25.789545315923,
    547.63986653873));
#406 = CARTESIAN_POINT('',(-15.37913249495,25.758220380234,
    547.7216164976));
#407 = CARTESIAN_POINT('',(-15.41400080357,25.73730700603,
    547.81256586594));
#408 = CARTESIAN_POINT('',(-15.43092922386,25.72715342373,
    547.90707437208));
#409 = CARTESIAN_POINT('',(-15.43092922386,25.72715342373,
    548.09292562792));
#410 = CARTESIAN_POINT('',(-15.41400080357,25.73730700603,
    548.18743413405));
#411 = CARTESIAN_POINT('',(-15.37913249495,25.758220380234,
    548.27838350239));
#412 = CARTESIAN_POINT('',(-15.3267663897,25.789545315923,
    548.36013346126));
#413 = CARTESIAN_POINT('',(-15.25881701766,25.829934103204,
    548.42724218008));
#414 = CARTESIAN_POINT('',(-15.1785995216,25.877166928407,
    548.47502486799));
#415 = CARTESIAN_POINT('',(-15.09052584261,25.92849699393,548.5));
#416 = CARTESIAN_POINT('',(-14.90947415738,26.033027233136,548.5));
#417 = CARTESIAN_POINT('',(-14.82098417717,26.083636243783,
    548.47502486799));
#418 = CARTESIAN_POINT('',(-14.73997060261,26.129490220598,
    548.42724218008));
#419 = CARTESIAN_POINT('',(-14.67101820079,26.168141709313,
    548.36013346126));
#420 = CARTESIAN_POINT('',(-14.61770695808,26.197829618912,
    548.27838350239));
#421 = CARTESIAN_POINT('',(-14.58216129043,26.217569772865,
    548.18743413405));
#422 = CARTESIAN_POINT('',(-14.56490382007,26.22715342373,
    548.09292562792));
#423 = CARTESIAN_POINT('',(-14.56490382007,26.22715342373,548.));
#424 = PCURVE('',#129,#425);
#425 = DEFINITIONAL_REPRESENTATION('',(#426),#457);
#426 = B_SPLINE_CURVE_WITH_KNOTS('',8,(#427,#428,#429,#430,#431,#432,
    #433,#434,#435,#436,#437,#438,#439,#440,#441,#442,#443,#444,#445,
    #446,#447,#448,#449,#450,#451,#452,#453,#454,#455,#456),
  .UNSPECIFIED.,.T.,.F.,(9,7,7,7,9),(0.,0.25,0.5,0.750000000001,1.),
  .UNSPECIFIED.);
#427 = CARTESIAN_POINT('',(2.077727664025,48.));
#428 = CARTESIAN_POINT('',(2.077727664025,47.90707437208));
#429 = CARTESIAN_POINT('',(2.078385663418,47.812565865943));
#430 = CARTESIAN_POINT('',(2.079740967934,47.721616497603));
#431 = CARTESIAN_POINT('',(2.081774975605,47.639866538736));
#432 = CARTESIAN_POINT('',(2.084409835032,47.572757819917));
#433 = CARTESIAN_POINT('',(2.087512791673,47.524975132003));
#434 = CARTESIAN_POINT('',(2.090910761086,47.5));
#435 = CARTESIAN_POINT('',(2.0978794437,47.5));
#436 = CARTESIAN_POINT('',(2.101277413113,47.524975132003));
#437 = CARTESIAN_POINT('',(2.104380369755,47.572757819916));
#438 = CARTESIAN_POINT('',(2.107015229181,47.639866538737));
#439 = CARTESIAN_POINT('',(2.109049236853,47.721616497603));
#440 = CARTESIAN_POINT('',(2.110404541368,47.812565865942));
#441 = CARTESIAN_POINT('',(2.111062540761,47.90707437208));
#442 = CARTESIAN_POINT('',(2.111062540761,48.09292562792));
#443 = CARTESIAN_POINT('',(2.110404541368,48.187434134056));
#444 = CARTESIAN_POINT('',(2.109049236853,48.278383502398));
#445 = CARTESIAN_POINT('',(2.107015229181,48.360133461263));
#446 = CARTESIAN_POINT('',(2.104380369755,48.427242180084));
#447 = CARTESIAN_POINT('',(2.101277413113,48.475024867997));
#448 = CARTESIAN_POINT('',(2.0978794437,48.5));
#449 = CARTESIAN_POINT('',(2.090910761086,48.5));
#450 = CARTESIAN_POINT('',(2.087512791673,48.475024867998));
#451 = CARTESIAN_POINT('',(2.084409835032,48.427242180081));
#452 = CARTESIAN_POINT('',(2.081774975606,48.360133461266));
#453 = CARTESIAN_POINT('',(2.079740967934,48.278383502394));
#454 = CARTESIAN_POINT('',(2.078385663418,48.187434134059));
#455 = CARTESIAN_POINT('',(2.077727664025,48.09292562792));
#456 = CARTESIAN_POINT('',(2.077727664025,48.));
#457 = ( GEOMETRIC_REPRESENTATION_CONTEXT(2) 
PARAMETRIC_REPRESENTATION_CONTEXT() REPRESENTATION_CONTEXT('2D SPACE',''
  ) );
#458 = PCURVE('',#459,#464);
#459 = CYLINDRICAL_SURFACE('',#460,0.5);
#460 = AXIS2_PLACEMENT_3D('',#461,#462,#463);
#461 = CARTESIAN_POINT('',(-14.6,25.287941790506,548.));
#462 = DIRECTION('',(-0.5,0.866025403784,0.));
#463 = DIRECTION('',(0.866025403784,0.5,0.));
#464 = DEFINITIONAL_REPRESENTATION('',(#465),#496);
#465 = B_SPLINE_CURVE_WITH_KNOTS('',8,(#466,#467,#468,#469,#470,#471,
    #472,#473,#474,#475,#476,#477,#478,#479,#480,#481,#482,#483,#484,
    #485,#486,#487,#488,#489,#490,#491,#492,#493,#494,#495),
  .UNSPECIFIED.,.F.,.F.,(9,7,7,7,9),(0.,0.25,0.5,0.750000000001,1.),
  .UNSPECIFIED.);
#466 = CARTESIAN_POINT('',(0.,0.795833043941));
#467 = CARTESIAN_POINT('',(0.18585125584,0.795833043941));
#468 = CARTESIAN_POINT('',(0.37486831963,0.796162094009));
#469 = CARTESIAN_POINT('',(0.566548600038,0.796839453037));
#470 = CARTESIAN_POINT('',(0.760796210546,0.797784590491));
#471 = CARTESIAN_POINT('',(0.95776488815,0.798787620284));
#472 = CARTESIAN_POINT('',(1.15785688671,0.799583698773));
#473 = CARTESIAN_POINT('',(1.361735848381,0.8));
#474 = CARTESIAN_POINT('',(1.779856805209,0.8));
#475 = CARTESIAN_POINT('',(1.983735766879,0.799583698773));
#476 = CARTESIAN_POINT('',(2.183827765439,0.798787620284));
#477 = CARTESIAN_POINT('',(2.380796443047,0.797784590491));
#478 = CARTESIAN_POINT('',(2.575044053551,0.796839453037));
#479 = CARTESIAN_POINT('',(2.766724333959,0.796162094009));
#480 = CARTESIAN_POINT('',(2.95574139775,0.795833043941));
#481 = CARTESIAN_POINT('',(3.32744390943,0.795833043941));
#482 = CARTESIAN_POINT('',(3.516460973218,0.796162094009));
#483 = CARTESIAN_POINT('',(3.708141253632,0.796839453037));
#484 = CARTESIAN_POINT('',(3.90238886413,0.797784590491));
#485 = CARTESIAN_POINT('',(4.099357541744,0.798787620284));
#486 = CARTESIAN_POINT('',(4.299449540297,0.799583698774));
#487 = CARTESIAN_POINT('',(4.503328501971,0.8));
#488 = CARTESIAN_POINT('',(4.921449458796,0.8));
#489 = CARTESIAN_POINT('',(5.125328420467,0.799583698774));
#490 = CARTESIAN_POINT('',(5.325420419038,0.798787620284));
#491 = CARTESIAN_POINT('',(5.522389096625,0.797784590491));
#492 = CARTESIAN_POINT('',(5.71663670715,0.796839453037));
#493 = CARTESIAN_POINT('',(5.908316987545,0.796162094009));
#494 = CARTESIAN_POINT('',(6.097334051339,0.795833043941));
#495 = CARTESIAN_POINT('',(6.28318530718,0.795833043941));
#496 = ( GEOMETRIC_REPRESENTATION_CONTEXT(2) 
PARAMETRIC_REPRESENTATION_CONTEXT() REPRESENTATION_CONTEXT('2D SPACE',''
  ) );
#497 = FACE_BOUND('',#498,.T.);
#498 = EDGE_LOOP('',(#499));
#499 = ORIENTED_EDGE('',*,*,#500,.F.);
#500 = EDGE_CURVE('',#501,#501,#503,.T.);
#501 = VERTEX_POINT('',#502);
#502 = CARTESIAN_POINT('',(-29.99583304394,-0.5,548.));
#503 = SURFACE_CURVE('',#504,(#549,#597),.PCURVE_S1.);
#504 = B_SPLINE_CURVE_WITH_KNOTS('',7,(#505,#506,#507,#508,#509,#510,
    #511,#512,#513,#514,#515,#516,#517,#518,#519,#520,#521,#522,#523,
    #524,#525,#526,#527,#528,#529,#530,#531,#532,#533,#534,#535,#536,
    #537,#538,#539,#540,#541,#542,#543,#544,#545,#546,#547,#548),
  .UNSPECIFIED.,.T.,.F.,(8,6,6,6,6,6,6,8),(0.,0.138420423801,
    0.249278957229,0.360142915344,0.498571754575,0.636989249611,
    0.7478454337,1.),.UNSPECIFIED.);
#505 = CARTESIAN_POINT('',(-29.99583304394,-0.5,548.));
#506 = CARTESIAN_POINT('',(-29.99583304394,-0.5,548.05945710041));
#507 = CARTESIAN_POINT('',(-29.99597053657,-0.491751509119,
    548.11902903166));
#508 = CARTESIAN_POINT('',(-29.99624650267,-0.475196137653,
    548.17748517267));
#509 = CARTESIAN_POINT('',(-29.99664475991,-0.450446031947,
    548.23357650043));
#510 = CARTESIAN_POINT('',(-29.99713161039,-0.417775811375,
    548.28604944601));
#511 = CARTESIAN_POINT('',(-29.99765993325,-0.377631425679,
    548.33364106678));
#512 = CARTESIAN_POINT('',(-29.99859241049,-0.293034069357,
    548.40822366898));
#513 = CARTESIAN_POINT('',(-29.99900096799,-0.250971510493,
    548.43748198184));
#514 = CARTESIAN_POINT('',(-29.99937384565,-0.205039796809,
    548.46190738244));
#515 = CARTESIAN_POINT('',(-29.99967952454,-0.156023967583,
    548.48077470936));
#516 = CARTESIAN_POINT('',(-29.99989285418,-0.104844131292,
    548.49356990061));
#517 = CARTESIAN_POINT('',(-30.,-5.249451607697E-02,548.5));
#518 = CARTESIAN_POINT('',(-30.,5.249708481325E-02,548.5));
#519 = CARTESIAN_POINT('',(-29.99989284389,0.104846998067,
    548.49356927156));
#520 = CARTESIAN_POINT('',(-29.99967950978,0.156025650409,
    548.48077382145));
#521 = CARTESIAN_POINT('',(-29.99937384028,0.2050397927,548.4619069779)
  );
#522 = CARTESIAN_POINT('',(-29.99900097801,0.250970288538,548.4374825295
    ));
#523 = CARTESIAN_POINT('',(-29.99859242441,0.293032806578,
    548.40822478227));
#524 = CARTESIAN_POINT('',(-29.99765990973,0.377633559662,
    548.33363918542));
#525 = CARTESIAN_POINT('',(-29.99713158835,0.417777080702,
    548.28604721942));
#526 = CARTESIAN_POINT('',(-29.99664476486,0.450445497335,
    548.23357595833));
#527 = CARTESIAN_POINT('',(-29.99624652997,0.475194451186,
    548.17748761412));
#528 = CARTESIAN_POINT('',(-29.99597055963,0.491750147359,
    548.11903402906));
#529 = CARTESIAN_POINT('',(-29.99583304394,0.5,548.05946197329));
#530 = CARTESIAN_POINT('',(-29.99583304394,0.5,547.94054289959));
#531 = CARTESIAN_POINT('',(-29.99597053657,0.491751509122,
    547.88097096834));
#532 = CARTESIAN_POINT('',(-29.99624650267,0.475196137651,
    547.82251482731));
#533 = CARTESIAN_POINT('',(-29.99664475991,0.450446031941,
    547.76642349956));
#534 = CARTESIAN_POINT('',(-29.99713161039,0.417775811374,
    547.71395055399));
#535 = CARTESIAN_POINT('',(-29.99765993325,0.377631425687,
    547.66635893322));
#536 = CARTESIAN_POINT('',(-29.99859241047,0.293034070619,
    547.59177633212));
#537 = CARTESIAN_POINT('',(-29.9990009694,0.250971382044,547.56251790665
    ));
#538 = CARTESIAN_POINT('',(-29.99937384847,0.205039487308,
    547.53809243488));
#539 = CARTESIAN_POINT('',(-29.99967952759,0.156023478431,
    547.51922510541));
#540 = CARTESIAN_POINT('',(-29.99989285598,0.104843548507,
    547.50642998326));
#541 = CARTESIAN_POINT('',(-30.,5.249405258424E-02,547.5));
#542 = CARTESIAN_POINT('',(-30.,-0.119403488144,547.5));
#543 = CARTESIAN_POINT('',(-29.99944581364,-0.235482568748,
    547.53326658885));
#544 = CARTESIAN_POINT('',(-29.99839117457,-0.33806270174,
    547.59646753793));
#545 = CARTESIAN_POINT('',(-29.99717889069,-0.419161600871,
    547.68332923123));
#546 = CARTESIAN_POINT('',(-29.99627244251,-0.473660817953,
    547.78546472325));
#547 = CARTESIAN_POINT('',(-29.99583304394,-0.5,547.8937554333));
#548 = CARTESIAN_POINT('',(-29.99583304394,-0.5,548.));
#549 = PCURVE('',#129,#550);
#550 = DEFINITIONAL_REPRESENTATION('',(#551),#596);
#551 = B_SPLINE_CURVE_WITH_KNOTS('',7,(#552,#553,#554,#555,#556,#557,
    #558,#559,#560,#561,#562,#563,#564,#565,#566,#567,#568,#569,#570,
    #571,#572,#573,#574,#575,#576,#577,#578,#579,#580,#581,#582,#583,
    #584,#585,#586,#587,#588,#589,#590,#591,#592,#593,#594,#595),
  .UNSPECIFIED.,.F.,.F.,(8,6,6,6,6,6,6,8),(0.,0.138420423801,
    0.249278957229,0.360142915344,0.498571754575,0.636989249611,
    0.7478454337,1.),.UNSPECIFIED.);
#552 = CARTESIAN_POINT('',(3.158260091958,48.));
#553 = CARTESIAN_POINT('',(3.158260091958,48.059457100414));
#554 = CARTESIAN_POINT('',(3.157985104113,48.11902903166));
#555 = CARTESIAN_POINT('',(3.157433181582,48.177485172672));
#556 = CARTESIAN_POINT('',(3.156608071571,48.233576500432));
#557 = CARTESIAN_POINT('',(3.155518945025,48.286049446011));
#558 = CARTESIAN_POINT('',(3.15418068607,48.333641066786));
#559 = CARTESIAN_POINT('',(3.151360602893,48.408223668984));
#560 = CARTESIAN_POINT('',(3.149958452643,48.437481981844));
#561 = CARTESIAN_POINT('',(3.148427348361,48.461907382441));
#562 = CARTESIAN_POINT('',(3.146793461199,48.48077470936));
#563 = CARTESIAN_POINT('',(3.145087457986,48.493569900611));
#564 = CARTESIAN_POINT('',(3.143342470792,48.5));
#565 = CARTESIAN_POINT('',(3.139842750763,48.5));
#566 = CARTESIAN_POINT('',(3.138097753634,48.493569271563));
#567 = CARTESIAN_POINT('',(3.136391789885,48.480773821455));
#568 = CARTESIAN_POINT('',(3.134757958954,48.4619069779));
#569 = CARTESIAN_POINT('',(3.13322689527,48.437482529501));
#570 = CARTESIAN_POINT('',(3.131824746382,48.408224782274));
#571 = CARTESIAN_POINT('',(3.129004549973,48.333639185427));
#572 = CARTESIAN_POINT('',(3.127666319839,48.286047219426));
#573 = CARTESIAN_POINT('',(3.126577253428,48.233575958338));
#574 = CARTESIAN_POINT('',(3.125752181819,48.177487614126));
#575 = CARTESIAN_POINT('',(3.125200248468,48.119034029068));
#576 = CARTESIAN_POINT('',(3.124925215222,48.059461973291));
#577 = CARTESIAN_POINT('',(3.124925215222,47.940542899597));
#578 = CARTESIAN_POINT('',(3.125200203066,47.88097096834));
#579 = CARTESIAN_POINT('',(3.125752125597,47.822514827318));
#580 = CARTESIAN_POINT('',(3.126577235609,47.766423499561));
#581 = CARTESIAN_POINT('',(3.127666362155,47.713950553992));
#582 = CARTESIAN_POINT('',(3.12900462111,47.666358933221));
#583 = CARTESIAN_POINT('',(3.131824704244,47.591776332129));
#584 = CARTESIAN_POINT('',(3.133226858819,47.562517906658));
#585 = CARTESIAN_POINT('',(3.134757969135,47.538092434886));
#586 = CARTESIAN_POINT('',(3.136391862286,47.519225105414));
#587 = CARTESIAN_POINT('',(3.138097868619,47.506429983266));
#588 = CARTESIAN_POINT('',(3.139842851837,47.5));
#589 = CARTESIAN_POINT('',(3.145572769861,47.5));
#590 = CARTESIAN_POINT('',(3.149442073203,47.533266588858));
#591 = CARTESIAN_POINT('',(3.152861509798,47.596467537935));
#592 = CARTESIAN_POINT('',(3.155565104529,47.683329231234));
#593 = CARTESIAN_POINT('',(3.157381997349,47.785464723252));
#594 = CARTESIAN_POINT('',(3.158260091958,47.893755433308));
#595 = CARTESIAN_POINT('',(3.158260091958,48.));
#596 = ( GEOMETRIC_REPRESENTATION_CONTEXT(2) 
PARAMETRIC_REPRESENTATION_CONTEXT() REPRESENTATION_CONTEXT('2D SPACE',''
  ) );
#597 = PCURVE('',#598,#603);
#598 = CYLINDRICAL_SURFACE('',#599,0.5);
#599 = AXIS2_PLACEMENT_3D('',#600,#601,#602);
#600 = CARTESIAN_POINT('',(-29.2,3.57596865351E-15,548.));
#601 = DIRECTION('',(-1.,1.224646799147E-16,0.));
#602 = DIRECTION('',(-1.224646799147E-16,-1.,0.));
#603 = DEFINITIONAL_REPRESENTATION('',(#604),#649);
#604 = B_SPLINE_CURVE_WITH_KNOTS('',7,(#605,#606,#607,#608,#609,#610,
    #611,#612,#613,#614,#615,#616,#617,#618,#619,#620,#621,#622,#623,
    #624,#625,#626,#627,#628,#629,#630,#631,#632,#633,#634,#635,#636,
    #637,#638,#639,#640,#641,#642,#643,#644,#645,#646,#647,#648),
  .UNSPECIFIED.,.F.,.F.,(8,6,6,6,6,6,6,8),(0.,0.138420423801,
    0.249278957229,0.360142915344,0.498571754575,0.636989249611,
    0.7478454337,1.),.UNSPECIFIED.);
#605 = CARTESIAN_POINT('',(0.,0.795833043941));
#606 = CARTESIAN_POINT('',(0.118914200829,0.795833043941));
#607 = CARTESIAN_POINT('',(0.238058514432,0.79597053657));
#608 = CARTESIAN_POINT('',(0.35771574168,0.796246502675));
#609 = CARTESIAN_POINT('',(0.47818760547,0.796644759916));
#610 = CARTESIAN_POINT('',(0.59980850947,0.797131610397));
#611 = CARTESIAN_POINT('',(0.722980583635,0.797659933258));
#612 = CARTESIAN_POINT('',(0.948540130073,0.798592410491));
#613 = CARTESIAN_POINT('',(1.05034039369,0.799000967992));
#614 = CARTESIAN_POINT('',(1.153204606603,0.799373845654));
#615 = CARTESIAN_POINT('',(1.25685683035,0.799679524545));
#616 = CARTESIAN_POINT('',(1.361108568586,0.799892854182));
#617 = CARTESIAN_POINT('',(1.465807294641,0.8));
#618 = CARTESIAN_POINT('',(1.675790496421,0.8));
#619 = CARTESIAN_POINT('',(1.78048981184,0.799892843898));
#620 = CARTESIAN_POINT('',(1.88473946934,0.79967950978));
#621 = CARTESIAN_POINT('',(1.988388418824,0.799373840289));
#622 = CARTESIAN_POINT('',(2.091249694836,0.799000978015));
#623 = CARTESIAN_POINT('',(2.193049156604,0.79859242441));
#624 = CARTESIAN_POINT('',(2.418617759735,0.797659909736));
#625 = CARTESIAN_POINT('',(2.541789026968,0.797131588353));
#626 = CARTESIAN_POINT('',(2.663405342066,0.796644764861));
#627 = CARTESIAN_POINT('',(2.783871374816,0.796246529979));
#628 = CARTESIAN_POINT('',(2.903524158429,0.79597055963));
#629 = CARTESIAN_POINT('',(3.022668707007,0.795833043941));
#630 = CARTESIAN_POINT('',(3.260506854395,0.795833043941));
#631 = CARTESIAN_POINT('',(3.379651168021,0.79597053657));
#632 = CARTESIAN_POINT('',(3.499308395288,0.796246502675));
#633 = CARTESIAN_POINT('',(3.619780259076,0.796644759916));
#634 = CARTESIAN_POINT('',(3.741401163057,0.797131610397));
#635 = CARTESIAN_POINT('',(3.864573237203,0.797659933258));
#636 = CARTESIAN_POINT('',(4.090132780296,0.798592410477));
#637 = CARTESIAN_POINT('',(4.191933387437,0.799000969409));
#638 = CARTESIAN_POINT('',(4.294797970352,0.799373848474));
#639 = CARTESIAN_POINT('',(4.398450504605,0.799679527593));
#640 = CARTESIAN_POINT('',(4.502702389959,0.799892855983));
#641 = CARTESIAN_POINT('',(4.607400875216,0.8));
#642 = CARTESIAN_POINT('',(4.951195956674,0.8));
#643 = CARTESIAN_POINT('',(5.183357446859,0.799445813644));
#644 = CARTESIAN_POINT('',(5.41074219278,0.798391174571));
#645 = CARTESIAN_POINT('',(5.634165476427,0.797178890695));
#646 = CARTESIAN_POINT('',(5.854116451357,0.796272442518));
#647 = CARTESIAN_POINT('',(6.070696173796,0.795833043941));
#648 = CARTESIAN_POINT('',(6.28318530718,0.795833043941));
#649 = ( GEOMETRIC_REPRESENTATION_CONTEXT(2) 
PARAMETRIC_REPRESENTATION_CONTEXT() REPRESENTATION_CONTEXT('2D SPACE',''
  ) );
#650 = FACE_BOUND('',#651,.T.);
#651 = EDGE_LOOP('',(#652));
#652 = ORIENTED_EDGE('',*,*,#653,.F.);
#653 = EDGE_CURVE('',#654,#654,#656,.T.);
#654 = VERTEX_POINT('',#655);
#655 = CARTESIAN_POINT('',(-15.43092922386,-25.72715342373,548.));
#656 = SURFACE_CURVE('',#657,(#688,#722),.PCURVE_S1.);
#657 = B_SPLINE_CURVE_WITH_KNOTS('',8,(#658,#659,#660,#661,#662,#663,
    #664,#665,#666,#667,#668,#669,#670,#671,#672,#673,#674,#675,#676,
    #677,#678,#679,#680,#681,#682,#683,#684,#685,#686,#687),
  .UNSPECIFIED.,.T.,.F.,(9,7,7,7,9),(0.,0.25,0.500000000002,
    0.750000000003,1.),.UNSPECIFIED.);
#658 = CARTESIAN_POINT('',(-15.43092922386,-25.72715342373,548.));
#659 = CARTESIAN_POINT('',(-15.43092922386,-25.72715342373,
    547.90707437208));
#660 = CARTESIAN_POINT('',(-15.41400080357,-25.73730700603,
    547.81256586594));
#661 = CARTESIAN_POINT('',(-15.37913249495,-25.75822038023,
    547.7216164976));
#662 = CARTESIAN_POINT('',(-15.3267663897,-25.78954531592,
    547.63986653873));
#663 = CARTESIAN_POINT('',(-15.25881701766,-25.8299341032,
    547.57275781991));
#664 = CARTESIAN_POINT('',(-15.1785995216,-25.8771669284,547.524975132)
  );
#665 = CARTESIAN_POINT('',(-15.09052584261,-25.92849699393,547.5));
#666 = CARTESIAN_POINT('',(-14.90947415738,-26.03302723313,547.5));
#667 = CARTESIAN_POINT('',(-14.82098417716,-26.08363624378,547.524975132
    ));
#668 = CARTESIAN_POINT('',(-14.73997060262,-26.12949022059,
    547.57275781991));
#669 = CARTESIAN_POINT('',(-14.67101820078,-26.16814170931,
    547.63986653873));
#670 = CARTESIAN_POINT('',(-14.61770695808,-26.19782961891,
    547.7216164976));
#671 = CARTESIAN_POINT('',(-14.58216129043,-26.21756977286,
    547.81256586594));
#672 = CARTESIAN_POINT('',(-14.56490382007,-26.22715342373,
    547.90707437208));
#673 = CARTESIAN_POINT('',(-14.56490382007,-26.22715342373,
    548.09292562791));
#674 = CARTESIAN_POINT('',(-14.58216129043,-26.21756977286,
    548.18743413405));
#675 = CARTESIAN_POINT('',(-14.61770695808,-26.19782961891,
    548.27838350239));
#676 = CARTESIAN_POINT('',(-14.67101820078,-26.16814170931,
    548.36013346126));
#677 = CARTESIAN_POINT('',(-14.73997060262,-26.12949022059,
    548.42724218008));
#678 = CARTESIAN_POINT('',(-14.82098417717,-26.08363624378,
    548.47502486799));
#679 = CARTESIAN_POINT('',(-14.90947415738,-26.03302723313,548.5));
#680 = CARTESIAN_POINT('',(-15.09052584261,-25.92849699392,548.5));
#681 = CARTESIAN_POINT('',(-15.1785995216,-25.8771669284,548.47502486799
    ));
#682 = CARTESIAN_POINT('',(-15.25881701766,-25.8299341032,
    548.42724218008));
#683 = CARTESIAN_POINT('',(-15.3267663897,-25.78954531592,
    548.36013346126));
#684 = CARTESIAN_POINT('',(-15.37913249495,-25.75822038023,
    548.27838350239));
#685 = CARTESIAN_POINT('',(-15.41400080357,-25.73730700603,
    548.18743413405));
#686 = CARTESIAN_POINT('',(-15.43092922386,-25.72715342373,
    548.09292562791));
#687 = CARTESIAN_POINT('',(-15.43092922386,-25.72715342373,548.));
#688 = PCURVE('',#129,#689);
#689 = DEFINITIONAL_REPRESENTATION('',(#690),#721);
#690 = B_SPLINE_CURVE_WITH_KNOTS('',8,(#691,#692,#693,#694,#695,#696,
    #697,#698,#699,#700,#701,#702,#703,#704,#705,#706,#707,#708,#709,
    #710,#711,#712,#713,#714,#715,#716,#717,#718,#719,#720),
  .UNSPECIFIED.,.T.,.F.,(9,7,7,7,9),(0.,0.25,0.500000000002,
    0.750000000003,1.),.UNSPECIFIED.);
#691 = CARTESIAN_POINT('',(4.172122766418,48.));
#692 = CARTESIAN_POINT('',(4.172122766418,47.90707437208));
#693 = CARTESIAN_POINT('',(4.172780765812,47.812565865943));
#694 = CARTESIAN_POINT('',(4.174136070327,47.721616497603));
#695 = CARTESIAN_POINT('',(4.176170077999,47.639866538736));
#696 = CARTESIAN_POINT('',(4.178804937425,47.572757819917));
#697 = CARTESIAN_POINT('',(4.181907894066,47.524975132003));
#698 = CARTESIAN_POINT('',(4.185305863479,47.5));
#699 = CARTESIAN_POINT('',(4.192274546093,47.5));
#700 = CARTESIAN_POINT('',(4.195672515506,47.524975132004));
#701 = CARTESIAN_POINT('',(4.198775472148,47.572757819916));
#702 = CARTESIAN_POINT('',(4.201410331574,47.639866538736));
#703 = CARTESIAN_POINT('',(4.203444339246,47.721616497602));
#704 = CARTESIAN_POINT('',(4.204799643761,47.812565865944));
#705 = CARTESIAN_POINT('',(4.205457643154,47.907074372081));
#706 = CARTESIAN_POINT('',(4.205457643154,48.092925627918));
#707 = CARTESIAN_POINT('',(4.204799643761,48.187434134057));
#708 = CARTESIAN_POINT('',(4.203444339246,48.278383502397));
#709 = CARTESIAN_POINT('',(4.201410331574,48.360133461265));
#710 = CARTESIAN_POINT('',(4.198775472148,48.427242180084));
#711 = CARTESIAN_POINT('',(4.195672515506,48.475024867996));
#712 = CARTESIAN_POINT('',(4.192274546093,48.5));
#713 = CARTESIAN_POINT('',(4.185305863479,48.5));
#714 = CARTESIAN_POINT('',(4.181907894067,48.475024867997));
#715 = CARTESIAN_POINT('',(4.178804937425,48.427242180083));
#716 = CARTESIAN_POINT('',(4.176170077999,48.360133461265));
#717 = CARTESIAN_POINT('',(4.174136070327,48.278383502396));
#718 = CARTESIAN_POINT('',(4.172780765812,48.187434134058));
#719 = CARTESIAN_POINT('',(4.172122766418,48.092925627919));
#720 = CARTESIAN_POINT('',(4.172122766418,48.));
#721 = ( GEOMETRIC_REPRESENTATION_CONTEXT(2) 
PARAMETRIC_REPRESENTATION_CONTEXT() REPRESENTATION_CONTEXT('2D SPACE',''
  ) );
#722 = PCURVE('',#723,#728);
#723 = CYLINDRICAL_SURFACE('',#724,0.5);
#724 = AXIS2_PLACEMENT_3D('',#725,#726,#727);
#725 = CARTESIAN_POINT('',(-14.6,-25.2879417905,548.));
#726 = DIRECTION('',(-0.5,-0.866025403784,0.));
#727 = DIRECTION('',(-0.866025403784,0.5,0.));
#728 = DEFINITIONAL_REPRESENTATION('',(#729),#760);
#729 = B_SPLINE_CURVE_WITH_KNOTS('',8,(#730,#731,#732,#733,#734,#735,
    #736,#737,#738,#739,#740,#741,#742,#743,#744,#745,#746,#747,#748,
    #749,#750,#751,#752,#753,#754,#755,#756,#757,#758,#759),
  .UNSPECIFIED.,.F.,.F.,(9,7,7,7,9),(0.,0.25,0.500000000002,
    0.750000000003,1.),.UNSPECIFIED.);
#730 = CARTESIAN_POINT('',(0.,0.795833043941));
#731 = CARTESIAN_POINT('',(0.185851255839,0.795833043941));
#732 = CARTESIAN_POINT('',(0.37486831963,0.796162094009));
#733 = CARTESIAN_POINT('',(0.566548600039,0.796839453037));
#734 = CARTESIAN_POINT('',(0.760796210545,0.79778459049));
#735 = CARTESIAN_POINT('',(0.957764888151,0.798787620284));
#736 = CARTESIAN_POINT('',(1.15785688671,0.799583698773));
#737 = CARTESIAN_POINT('',(1.361735848381,0.8));
#738 = CARTESIAN_POINT('',(1.779856805211,0.8));
#739 = CARTESIAN_POINT('',(1.983735766882,0.799583698773));
#740 = CARTESIAN_POINT('',(2.183827765434,0.798787620284));
#741 = CARTESIAN_POINT('',(2.380796443048,0.797784590491));
#742 = CARTESIAN_POINT('',(2.575044053546,0.796839453037));
#743 = CARTESIAN_POINT('',(2.766724333962,0.796162094009));
#744 = CARTESIAN_POINT('',(2.955741397752,0.795833043941));
#745 = CARTESIAN_POINT('',(3.327443909426,0.795833043941));
#746 = CARTESIAN_POINT('',(3.51646097322,0.796162094009));
#747 = CARTESIAN_POINT('',(3.708141253629,0.796839453037));
#748 = CARTESIAN_POINT('',(3.902388864138,0.797784590491));
#749 = CARTESIAN_POINT('',(4.09935754174,0.798787620284));
#750 = CARTESIAN_POINT('',(4.299449540301,0.799583698773));
#751 = CARTESIAN_POINT('',(4.503328501967,0.8));
#752 = CARTESIAN_POINT('',(4.9214494588,0.8));
#753 = CARTESIAN_POINT('',(5.125328420468,0.799583698773));
#754 = CARTESIAN_POINT('',(5.325420419033,0.798787620284));
#755 = CARTESIAN_POINT('',(5.522389096629,0.79778459049));
#756 = CARTESIAN_POINT('',(5.716636707145,0.796839453037));
#757 = CARTESIAN_POINT('',(5.908316987548,0.796162094009));
#758 = CARTESIAN_POINT('',(6.097334051341,0.795833043941));
#759 = CARTESIAN_POINT('',(6.28318530718,0.795833043941));
#760 = ( GEOMETRIC_REPRESENTATION_CONTEXT(2) 
PARAMETRIC_REPRESENTATION_CONTEXT() REPRESENTATION_CONTEXT('2D SPACE',''
  ) );
#761 = FACE_BOUND('',#762,.T.);
#762 = EDGE_LOOP('',(#763));
#763 = ORIENTED_EDGE('',*,*,#764,.F.);
#764 = EDGE_CURVE('',#765,#765,#767,.T.);
#765 = VERTEX_POINT('',#766);
#766 = CARTESIAN_POINT('',(15.430929223863,25.72715342373,548.));
#767 = SURFACE_CURVE('',#768,(#799,#833),.PCURVE_S1.);
#768 = B_SPLINE_CURVE_WITH_KNOTS('',8,(#769,#770,#771,#772,#773,#774,
    #775,#776,#777,#778,#779,#780,#781,#782,#783,#784,#785,#786,#787,
    #788,#789,#790,#791,#792,#793,#794,#795,#796,#797,#798),
  .UNSPECIFIED.,.T.,.F.,(9,7,7,7,9),(0.,0.249999999999,0.499999999996,
    0.749999999993,1.),.UNSPECIFIED.);
#769 = CARTESIAN_POINT('',(15.430929223863,25.72715342373,548.));
#770 = CARTESIAN_POINT('',(15.430929223863,25.72715342373,
    547.90707437208));
#771 = CARTESIAN_POINT('',(15.414000803575,25.73730700603,
    547.81256586594));
#772 = CARTESIAN_POINT('',(15.379132494952,25.758220380234,
    547.7216164976));
#773 = CARTESIAN_POINT('',(15.326766389702,25.789545315923,
    547.63986653873));
#774 = CARTESIAN_POINT('',(15.258817017664,25.829934103203,
    547.57275781991));
#775 = CARTESIAN_POINT('',(15.178599521604,25.877166928408,547.524975132
    ));
#776 = CARTESIAN_POINT('',(15.090525842616,25.92849699393,547.5));
#777 = CARTESIAN_POINT('',(14.909474157384,26.033027233136,547.5));
#778 = CARTESIAN_POINT('',(14.820984177169,26.083636243783,547.524975132
    ));
#779 = CARTESIAN_POINT('',(14.73997060262,26.129490220597,
    547.57275781991));
#780 = CARTESIAN_POINT('',(14.671018200788,26.168141709313,
    547.63986653873));
#781 = CARTESIAN_POINT('',(14.617706958085,26.197829618912,
    547.7216164976));
#782 = CARTESIAN_POINT('',(14.582161290434,26.217569772865,
    547.81256586594));
#783 = CARTESIAN_POINT('',(14.564903820078,26.22715342373,
    547.90707437207));
#784 = CARTESIAN_POINT('',(14.564903820078,26.22715342373,
    548.09292562792));
#785 = CARTESIAN_POINT('',(14.582161290434,26.217569772865,
    548.18743413405));
#786 = CARTESIAN_POINT('',(14.617706958086,26.197829618911,
    548.27838350239));
#787 = CARTESIAN_POINT('',(14.671018200787,26.168141709314,
    548.36013346126));
#788 = CARTESIAN_POINT('',(14.739970602621,26.129490220596,
    548.42724218008));
#789 = CARTESIAN_POINT('',(14.820984177169,26.083636243784,
    548.47502486799));
#790 = CARTESIAN_POINT('',(14.909474157384,26.033027233136,548.5));
#791 = CARTESIAN_POINT('',(15.090525842619,25.928496993928,548.5));
#792 = CARTESIAN_POINT('',(15.178599521605,25.877166928407,
    548.47502486799));
#793 = CARTESIAN_POINT('',(15.258817017662,25.829934103204,
    548.42724218008));
#794 = CARTESIAN_POINT('',(15.3267663897,25.789545315924,548.36013346126
    ));
#795 = CARTESIAN_POINT('',(15.379132494952,25.758220380234,
    548.27838350239));
#796 = CARTESIAN_POINT('',(15.414000803576,25.73730700603,
    548.18743413405));
#797 = CARTESIAN_POINT('',(15.430929223863,25.72715342373,
    548.09292562791));
#798 = CARTESIAN_POINT('',(15.430929223863,25.72715342373,548.));
#799 = PCURVE('',#129,#800);
#800 = DEFINITIONAL_REPRESENTATION('',(#801),#832);
#801 = B_SPLINE_CURVE_WITH_KNOTS('',8,(#802,#803,#804,#805,#806,#807,
    #808,#809,#810,#811,#812,#813,#814,#815,#816,#817,#818,#819,#820,
    #821,#822,#823,#824,#825,#826,#827,#828,#829,#830,#831),
  .UNSPECIFIED.,.T.,.F.,(9,7,7,7,9),(0.,0.249999999999,0.499999999996,
    0.749999999993,1.),.UNSPECIFIED.);
#802 = CARTESIAN_POINT('',(1.030530112829,48.));
#803 = CARTESIAN_POINT('',(1.030530112829,47.90707437208));
#804 = CARTESIAN_POINT('',(1.031188112222,47.812565865942));
#805 = CARTESIAN_POINT('',(1.032543416737,47.721616497604));
#806 = CARTESIAN_POINT('',(1.034577424409,47.639866538737));
#807 = CARTESIAN_POINT('',(1.037212283835,47.572757819916));
#808 = CARTESIAN_POINT('',(1.040315240477,47.524975132003));
#809 = CARTESIAN_POINT('',(1.04371320989,47.5));
#810 = CARTESIAN_POINT('',(1.050681892503,47.5));
#811 = CARTESIAN_POINT('',(1.054079861916,47.524975132002));
#812 = CARTESIAN_POINT('',(1.057182818558,47.572757819917));
#813 = CARTESIAN_POINT('',(1.059817677984,47.639866538737));
#814 = CARTESIAN_POINT('',(1.061851685656,47.721616497604));
#815 = CARTESIAN_POINT('',(1.063206990171,47.812565865943));
#816 = CARTESIAN_POINT('',(1.063864989565,47.907074372079));
#817 = CARTESIAN_POINT('',(1.063864989565,48.092925627921));
#818 = CARTESIAN_POINT('',(1.063206990171,48.187434134057));
#819 = CARTESIAN_POINT('',(1.061851685656,48.278383502397));
#820 = CARTESIAN_POINT('',(1.059817677984,48.360133461262));
#821 = CARTESIAN_POINT('',(1.057182818558,48.427242180084));
#822 = CARTESIAN_POINT('',(1.054079861917,48.475024867997));
#823 = CARTESIAN_POINT('',(1.050681892503,48.5));
#824 = CARTESIAN_POINT('',(1.04371320989,48.5));
#825 = CARTESIAN_POINT('',(1.040315240477,48.475024867996));
#826 = CARTESIAN_POINT('',(1.037212283835,48.427242180083));
#827 = CARTESIAN_POINT('',(1.034577424409,48.360133461267));
#828 = CARTESIAN_POINT('',(1.032543416737,48.278383502398));
#829 = CARTESIAN_POINT('',(1.031188112222,48.187434134056));
#830 = CARTESIAN_POINT('',(1.030530112829,48.092925627918));
#831 = CARTESIAN_POINT('',(1.030530112829,48.));
#832 = ( GEOMETRIC_REPRESENTATION_CONTEXT(2) 
PARAMETRIC_REPRESENTATION_CONTEXT() REPRESENTATION_CONTEXT('2D SPACE',''
  ) );
#833 = PCURVE('',#834,#839);
#834 = CYLINDRICAL_SURFACE('',#835,0.5);
#835 = AXIS2_PLACEMENT_3D('',#836,#837,#838);
#836 = CARTESIAN_POINT('',(14.6,25.287941790506,548.));
#837 = DIRECTION('',(0.5,0.866025403784,0.));
#838 = DIRECTION('',(0.866025403784,-0.5,0.));
#839 = DEFINITIONAL_REPRESENTATION('',(#840),#871);
#840 = B_SPLINE_CURVE_WITH_KNOTS('',8,(#841,#842,#843,#844,#845,#846,
    #847,#848,#849,#850,#851,#852,#853,#854,#855,#856,#857,#858,#859,
    #860,#861,#862,#863,#864,#865,#866,#867,#868,#869,#870),
  .UNSPECIFIED.,.F.,.F.,(9,7,7,7,9),(0.,0.249999999999,0.499999999996,
    0.749999999993,1.),.UNSPECIFIED.);
#841 = CARTESIAN_POINT('',(0.,0.795833043941));
#842 = CARTESIAN_POINT('',(0.185851255841,0.795833043941));
#843 = CARTESIAN_POINT('',(0.374868319631,0.796162094009));
#844 = CARTESIAN_POINT('',(0.566548600038,0.796839453037));
#845 = CARTESIAN_POINT('',(0.760796210544,0.797784590491));
#846 = CARTESIAN_POINT('',(0.95776488815,0.798787620284));
#847 = CARTESIAN_POINT('',(1.15785688671,0.799583698773));
#848 = CARTESIAN_POINT('',(1.361735848382,0.8));
#849 = CARTESIAN_POINT('',(1.779856805206,0.8));
#850 = CARTESIAN_POINT('',(1.98373576688,0.799583698773));
#851 = CARTESIAN_POINT('',(2.183827765441,0.798787620284));
#852 = CARTESIAN_POINT('',(2.380796443046,0.797784590491));
#853 = CARTESIAN_POINT('',(2.575044053552,0.796839453037));
#854 = CARTESIAN_POINT('',(2.766724333959,0.796162094009));
#855 = CARTESIAN_POINT('',(2.955741397748,0.795833043941));
#856 = CARTESIAN_POINT('',(3.327443909431,0.795833043941));
#857 = CARTESIAN_POINT('',(3.51646097322,0.796162094009));
#858 = CARTESIAN_POINT('',(3.708141253631,0.796839453037));
#859 = CARTESIAN_POINT('',(3.902388864129,0.797784590491));
#860 = CARTESIAN_POINT('',(4.099357541742,0.798787620284));
#861 = CARTESIAN_POINT('',(4.299449540299,0.799583698773));
#862 = CARTESIAN_POINT('',(4.503328501973,0.8));
#863 = CARTESIAN_POINT('',(4.921449458804,0.8));
#864 = CARTESIAN_POINT('',(5.125328420472,0.799583698773));
#865 = CARTESIAN_POINT('',(5.325420419026,0.798787620284));
#866 = CARTESIAN_POINT('',(5.522389096628,0.797784590491));
#867 = CARTESIAN_POINT('',(5.71663670714,0.796839453037));
#868 = CARTESIAN_POINT('',(5.908316987552,0.796162094009));
#869 = CARTESIAN_POINT('',(6.097334051344,0.795833043941));
#870 = CARTESIAN_POINT('',(6.28318530718,0.795833043941));
#871 = ( GEOMETRIC_REPRESENTATION_CONTEXT(2) 
PARAMETRIC_REPRESENTATION_CONTEXT() REPRESENTATION_CONTEXT('2D SPACE',''
  ) );
#872 = FACE_BOUND('',#873,.T.);
#873 = EDGE_LOOP('',(#874));
#874 = ORIENTED_EDGE('',*,*,#875,.F.);
#875 = EDGE_CURVE('',#876,#876,#878,.T.);
#876 = VERTEX_POINT('',#877);
#877 = CARTESIAN_POINT('',(14.564903820078,-26.22715342373,548.));
#878 = SURFACE_CURVE('',#879,(#910,#944),.PCURVE_S1.);
#879 = B_SPLINE_CURVE_WITH_KNOTS('',8,(#880,#881,#882,#883,#884,#885,
    #886,#887,#888,#889,#890,#891,#892,#893,#894,#895,#896,#897,#898,
    #899,#900,#901,#902,#903,#904,#905,#906,#907,#908,#909),
  .UNSPECIFIED.,.T.,.F.,(9,7,7,7,9),(0.,0.249999999998,0.499999999997,
    0.749999999997,1.),.UNSPECIFIED.);
#880 = CARTESIAN_POINT('',(14.564903820078,-26.22715342373,548.));
#881 = CARTESIAN_POINT('',(14.564903820078,-26.22715342373,
    547.90707437207));
#882 = CARTESIAN_POINT('',(14.582161290434,-26.21756977286,
    547.81256586594));
#883 = CARTESIAN_POINT('',(14.617706958085,-26.19782961891,
    547.7216164976));
#884 = CARTESIAN_POINT('',(14.671018200788,-26.16814170931,
    547.63986653873));
#885 = CARTESIAN_POINT('',(14.73997060262,-26.12949022059,
    547.57275781991));
#886 = CARTESIAN_POINT('',(14.820984177169,-26.08363624378,547.524975132
    ));
#887 = CARTESIAN_POINT('',(14.909474157384,-26.03302723313,547.5));
#888 = CARTESIAN_POINT('',(15.090525842616,-25.92849699393,547.5));
#889 = CARTESIAN_POINT('',(15.178599521605,-25.8771669284,547.524975132)
  );
#890 = CARTESIAN_POINT('',(15.258817017663,-25.8299341032,
    547.57275781991));
#891 = CARTESIAN_POINT('',(15.326766389704,-25.78954531592,
    547.63986653873));
#892 = CARTESIAN_POINT('',(15.37913249495,-25.75822038023,547.7216164976
    ));
#893 = CARTESIAN_POINT('',(15.414000803575,-25.73730700603,
    547.81256586594));
#894 = CARTESIAN_POINT('',(15.430929223863,-25.72715342373,
    547.90707437208));
#895 = CARTESIAN_POINT('',(15.430929223863,-25.72715342373,
    548.09292562792));
#896 = CARTESIAN_POINT('',(15.414000803575,-25.73730700603,
    548.18743413405));
#897 = CARTESIAN_POINT('',(15.379132494951,-25.75822038023,
    548.27838350239));
#898 = CARTESIAN_POINT('',(15.326766389703,-25.78954531592,
    548.36013346126));
#899 = CARTESIAN_POINT('',(15.258817017665,-25.8299341032,
    548.42724218008));
#900 = CARTESIAN_POINT('',(15.178599521603,-25.8771669284,
    548.47502486799));
#901 = CARTESIAN_POINT('',(15.090525842616,-25.92849699393,548.5));
#902 = CARTESIAN_POINT('',(14.909474157383,-26.03302723313,548.5));
#903 = CARTESIAN_POINT('',(14.82098417717,-26.08363624378,
    548.47502486799));
#904 = CARTESIAN_POINT('',(14.739970602619,-26.12949022059,
    548.42724218008));
#905 = CARTESIAN_POINT('',(14.671018200789,-26.16814170931,
    548.36013346126));
#906 = CARTESIAN_POINT('',(14.617706958085,-26.19782961891,
    548.27838350239));
#907 = CARTESIAN_POINT('',(14.582161290434,-26.21756977286,
    548.18743413405));
#908 = CARTESIAN_POINT('',(14.564903820078,-26.22715342373,
    548.09292562792));
#909 = CARTESIAN_POINT('',(14.564903820078,-26.22715342373,548.));
#910 = PCURVE('',#129,#911);
#911 = DEFINITIONAL_REPRESENTATION('',(#912),#943);
#912 = B_SPLINE_CURVE_WITH_KNOTS('',8,(#913,#914,#915,#916,#917,#918,
    #919,#920,#921,#922,#923,#924,#925,#926,#927,#928,#929,#930,#931,
    #932,#933,#934,#935,#936,#937,#938,#939,#940,#941,#942),
  .UNSPECIFIED.,.T.,.F.,(9,7,7,7,9),(0.,0.249999999998,0.499999999997,
    0.749999999997,1.),.UNSPECIFIED.);
#913 = CARTESIAN_POINT('',(5.219320317615,48.));
#914 = CARTESIAN_POINT('',(5.219320317615,47.907074372079));
#915 = CARTESIAN_POINT('',(5.219978317008,47.812565865942));
#916 = CARTESIAN_POINT('',(5.221333621524,47.721616497603));
#917 = CARTESIAN_POINT('',(5.223367629195,47.639866538737));
#918 = CARTESIAN_POINT('',(5.226002488621,47.572757819916));
#919 = CARTESIAN_POINT('',(5.229105445263,47.524975132003));
#920 = CARTESIAN_POINT('',(5.232503414676,47.5));
#921 = CARTESIAN_POINT('',(5.23947209729,47.5));
#922 = CARTESIAN_POINT('',(5.242870066703,47.524975132003));
#923 = CARTESIAN_POINT('',(5.245973023345,47.572757819915));
#924 = CARTESIAN_POINT('',(5.248607882771,47.639866538738));
#925 = CARTESIAN_POINT('',(5.250641890442,47.721616497602));
#926 = CARTESIAN_POINT('',(5.251997194958,47.812565865943));
#927 = CARTESIAN_POINT('',(5.252655194351,47.90707437208));
#928 = CARTESIAN_POINT('',(5.252655194351,48.092925627921));
#929 = CARTESIAN_POINT('',(5.251997194958,48.187434134058));
#930 = CARTESIAN_POINT('',(5.250641890442,48.278383502397));
#931 = CARTESIAN_POINT('',(5.248607882771,48.360133461261));
#932 = CARTESIAN_POINT('',(5.245973023345,48.427242180085));
#933 = CARTESIAN_POINT('',(5.242870066703,48.475024867997));
#934 = CARTESIAN_POINT('',(5.23947209729,48.5));
#935 = CARTESIAN_POINT('',(5.232503414676,48.5));
#936 = CARTESIAN_POINT('',(5.229105445263,48.475024867997));
#937 = CARTESIAN_POINT('',(5.226002488621,48.427242180084));
#938 = CARTESIAN_POINT('',(5.223367629195,48.360133461264));
#939 = CARTESIAN_POINT('',(5.221333621524,48.278383502396));
#940 = CARTESIAN_POINT('',(5.219978317008,48.187434134058));
#941 = CARTESIAN_POINT('',(5.219320317615,48.09292562792));
#942 = CARTESIAN_POINT('',(5.219320317615,48.));
#943 = ( GEOMETRIC_REPRESENTATION_CONTEXT(2) 
PARAMETRIC_REPRESENTATION_CONTEXT() REPRESENTATION_CONTEXT('2D SPACE',''
  ) );
#944 = PCURVE('',#945,#950);
#945 = CYLINDRICAL_SURFACE('',#946,0.5);
#946 = AXIS2_PLACEMENT_3D('',#947,#948,#949);
#947 = CARTESIAN_POINT('',(14.6,-25.2879417905,548.));
#948 = DIRECTION('',(0.5,-0.866025403784,0.));
#949 = DIRECTION('',(-0.866025403784,-0.5,0.));
#950 = DEFINITIONAL_REPRESENTATION('',(#951),#982);
#951 = B_SPLINE_CURVE_WITH_KNOTS('',8,(#952,#953,#954,#955,#956,#957,
    #958,#959,#960,#961,#962,#963,#964,#965,#966,#967,#968,#969,#970,
    #971,#972,#973,#974,#975,#976,#977,#978,#979,#980,#981),
  .UNSPECIFIED.,.F.,.F.,(9,7,7,7,9),(0.,0.249999999998,0.499999999997,
    0.749999999997,1.),.UNSPECIFIED.);
#952 = CARTESIAN_POINT('',(0.,0.795833043941));
#953 = CARTESIAN_POINT('',(0.185851255841,0.795833043941));
#954 = CARTESIAN_POINT('',(0.374868319631,0.796162094009));
#955 = CARTESIAN_POINT('',(0.566548600039,0.796839453036));
#956 = CARTESIAN_POINT('',(0.760796210542,0.797784590491));
#957 = CARTESIAN_POINT('',(0.95776488815,0.798787620284));
#958 = CARTESIAN_POINT('',(1.15785688671,0.799583698774));
#959 = CARTESIAN_POINT('',(1.361735848383,0.8));
#960 = CARTESIAN_POINT('',(1.779856805208,0.8));
#961 = CARTESIAN_POINT('',(1.983735766881,0.799583698773));
#962 = CARTESIAN_POINT('',(2.183827765437,0.798787620284));
#963 = CARTESIAN_POINT('',(2.380796443051,0.797784590491));
#964 = CARTESIAN_POINT('',(2.575044053548,0.796839453037));
#965 = CARTESIAN_POINT('',(2.76672433396,0.796162094009));
#966 = CARTESIAN_POINT('',(2.955741397749,0.795833043941));
#967 = CARTESIAN_POINT('',(3.327443909431,0.795833043941));
#968 = CARTESIAN_POINT('',(3.516460973221,0.796162094009));
#969 = CARTESIAN_POINT('',(3.70814125363,0.796839453037));
#970 = CARTESIAN_POINT('',(3.902388864129,0.797784590491));
#971 = CARTESIAN_POINT('',(4.09935754174,0.798787620284));
#972 = CARTESIAN_POINT('',(4.299449540302,0.799583698773));
#973 = CARTESIAN_POINT('',(4.503328501973,0.8));
#974 = CARTESIAN_POINT('',(4.921449458799,0.8));
#975 = CARTESIAN_POINT('',(5.125328420467,0.799583698774));
#976 = CARTESIAN_POINT('',(5.325420419034,0.798787620284));
#977 = CARTESIAN_POINT('',(5.52238909663,0.797784590491));
#978 = CARTESIAN_POINT('',(5.716636707145,0.796839453036));
#979 = CARTESIAN_POINT('',(5.908316987548,0.796162094009));
#980 = CARTESIAN_POINT('',(6.09733405134,0.795833043941));
#981 = CARTESIAN_POINT('',(6.28318530718,0.795833043941));
#982 = ( GEOMETRIC_REPRESENTATION_CONTEXT(2) 
PARAMETRIC_REPRESENTATION_CONTEXT() REPRESENTATION_CONTEXT('2D SPACE',''
  ) );
#983 = ADVANCED_FACE('',(#984,#987,#1018,#1049,#1080,#1111,#1142,#1173),
  #375,.T.);
#984 = FACE_BOUND('',#985,.T.);
#985 = EDGE_LOOP('',(#986));
#986 = ORIENTED_EDGE('',*,*,#360,.T.);
#987 = FACE_BOUND('',#988,.T.);
#988 = EDGE_LOOP('',(#989));
#989 = ORIENTED_EDGE('',*,*,#990,.F.);
#990 = EDGE_CURVE('',#991,#991,#993,.T.);
#991 = VERTEX_POINT('',#992);
#992 = CARTESIAN_POINT('',(-2.5,-12.12435565298,556.8));
#993 = SURFACE_CURVE('',#994,(#999,#1006),.PCURVE_S1.);
#994 = CIRCLE('',#995,4.5);
#995 = AXIS2_PLACEMENT_3D('',#996,#997,#998);
#996 = CARTESIAN_POINT('',(-7.,-12.12435565298,556.8));
#997 = DIRECTION('',(0.,0.,1.));
#998 = DIRECTION('',(1.,0.,-0.));
#999 = PCURVE('',#375,#1000);
#1000 = DEFINITIONAL_REPRESENTATION('',(#1001),#1005);
#1001 = CIRCLE('',#1002,4.5);
#1002 = AXIS2_PLACEMENT_2D('',#1003,#1004);
#1003 = CARTESIAN_POINT('',(-7.,-12.12435565298));
#1004 = DIRECTION('',(1.,0.));
#1005 = ( GEOMETRIC_REPRESENTATION_CONTEXT(2) 
PARAMETRIC_REPRESENTATION_CONTEXT() REPRESENTATION_CONTEXT('2D SPACE',''
  ) );
#1006 = PCURVE('',#1007,#1012);
#1007 = CYLINDRICAL_SURFACE('',#1008,4.5);
#1008 = AXIS2_PLACEMENT_3D('',#1009,#1010,#1011);
#1009 = CARTESIAN_POINT('',(-7.,-12.12435565298,555.2));
#1010 = DIRECTION('',(0.,0.,1.));
#1011 = DIRECTION('',(1.,0.,-0.));
#1012 = DEFINITIONAL_REPRESENTATION('',(#1013),#1017);
#1013 = LINE('',#1014,#1015);
#1014 = CARTESIAN_POINT('',(0.,1.6));
#1015 = VECTOR('',#1016,1.);
#1016 = DIRECTION('',(1.,0.));
#1017 = ( GEOMETRIC_REPRESENTATION_CONTEXT(2) 
PARAMETRIC_REPRESENTATION_CONTEXT() REPRESENTATION_CONTEXT('2D SPACE',''
  ) );
#1018 = FACE_BOUND('',#1019,.T.);
#1019 = EDGE_LOOP('',(#1020));
#1020 = ORIENTED_EDGE('',*,*,#1021,.F.);
#1021 = EDGE_CURVE('',#1022,#1022,#1024,.T.);
#1022 = VERTEX_POINT('',#1023);
#1023 = CARTESIAN_POINT('',(11.5,-12.12435565298,556.8));
#1024 = SURFACE_CURVE('',#1025,(#1030,#1037),.PCURVE_S1.);
#1025 = CIRCLE('',#1026,4.5);
#1026 = AXIS2_PLACEMENT_3D('',#1027,#1028,#1029);
#1027 = CARTESIAN_POINT('',(7.,-12.12435565298,556.8));
#1028 = DIRECTION('',(0.,0.,1.));
#1029 = DIRECTION('',(1.,0.,-0.));
#1030 = PCURVE('',#375,#1031);
#1031 = DEFINITIONAL_REPRESENTATION('',(#1032),#1036);
#1032 = CIRCLE('',#1033,4.5);
#1033 = AXIS2_PLACEMENT_2D('',#1034,#1035);
#1034 = CARTESIAN_POINT('',(7.,-12.12435565298));
#1035 = DIRECTION('',(1.,0.));
#1036 = ( GEOMETRIC_REPRESENTATION_CONTEXT(2) 
PARAMETRIC_REPRESENTATION_CONTEXT() REPRESENTATION_CONTEXT('2D SPACE',''
  ) );
#1037 = PCURVE('',#1038,#1043);
#1038 = CYLINDRICAL_SURFACE('',#1039,4.5);
#1039 = AXIS2_PLACEMENT_3D('',#1040,#1041,#1042);
#1040 = CARTESIAN_POINT('',(7.,-12.12435565298,555.2));
#1041 = DIRECTION('',(0.,0.,1.));
#1042 = DIRECTION('',(1.,0.,-0.));
#1043 = DEFINITIONAL_REPRESENTATION('',(#1044),#1048);
#1044 = LINE('',#1045,#1046);
#1045 = CARTESIAN_POINT('',(0.,1.6));
#1046 = VECTOR('',#1047,1.);
#1047 = DIRECTION('',(1.,0.));
#1048 = ( GEOMETRIC_REPRESENTATION_CONTEXT(2) 
PARAMETRIC_REPRESENTATION_CONTEXT() REPRESENTATION_CONTEXT('2D SPACE',''
  ) );
#1049 = FACE_BOUND('',#1050,.T.);
#1050 = EDGE_LOOP('',(#1051));
#1051 = ORIENTED_EDGE('',*,*,#1052,.F.);
#1052 = EDGE_CURVE('',#1053,#1053,#1055,.T.);
#1053 = VERTEX_POINT('',#1054);
#1054 = CARTESIAN_POINT('',(-9.5,6.123233995737E-16,556.8));
#1055 = SURFACE_CURVE('',#1056,(#1061,#1068),.PCURVE_S1.);
#1056 = CIRCLE('',#1057,4.5);
#1057 = AXIS2_PLACEMENT_3D('',#1058,#1059,#1060);
#1058 = CARTESIAN_POINT('',(-14.,1.714505518806E-15,556.8));
#1059 = DIRECTION('',(0.,0.,1.));
#1060 = DIRECTION('',(1.,0.,-0.));
#1061 = PCURVE('',#375,#1062);
#1062 = DEFINITIONAL_REPRESENTATION('',(#1063),#1067);
#1063 = CIRCLE('',#1064,4.5);
#1064 = AXIS2_PLACEMENT_2D('',#1065,#1066);
#1065 = CARTESIAN_POINT('',(-14.,1.714505518806E-15));
#1066 = DIRECTION('',(1.,0.));
#1067 = ( GEOMETRIC_REPRESENTATION_CONTEXT(2) 
PARAMETRIC_REPRESENTATION_CONTEXT() REPRESENTATION_CONTEXT('2D SPACE',''
  ) );
#1068 = PCURVE('',#1069,#1074);
#1069 = CYLINDRICAL_SURFACE('',#1070,4.5);
#1070 = AXIS2_PLACEMENT_3D('',#1071,#1072,#1073);
#1071 = CARTESIAN_POINT('',(-14.,1.714505518806E-15,555.2));
#1072 = DIRECTION('',(0.,0.,1.));
#1073 = DIRECTION('',(1.,0.,-0.));
#1074 = DEFINITIONAL_REPRESENTATION('',(#1075),#1079);
#1075 = LINE('',#1076,#1077);
#1076 = CARTESIAN_POINT('',(0.,1.6));
#1077 = VECTOR('',#1078,1.);
#1078 = DIRECTION('',(1.,0.));
#1079 = ( GEOMETRIC_REPRESENTATION_CONTEXT(2) 
PARAMETRIC_REPRESENTATION_CONTEXT() REPRESENTATION_CONTEXT('2D SPACE',''
  ) );
#1080 = FACE_BOUND('',#1081,.T.);
#1081 = EDGE_LOOP('',(#1082));
#1082 = ORIENTED_EDGE('',*,*,#1083,.F.);
#1083 = EDGE_CURVE('',#1084,#1084,#1086,.T.);
#1084 = VERTEX_POINT('',#1085);
#1085 = CARTESIAN_POINT('',(-2.5,12.124355652982,556.8));
#1086 = SURFACE_CURVE('',#1087,(#1092,#1099),.PCURVE_S1.);
#1087 = CIRCLE('',#1088,4.5);
#1088 = AXIS2_PLACEMENT_3D('',#1089,#1090,#1091);
#1089 = CARTESIAN_POINT('',(-7.,12.124355652982,556.8));
#1090 = DIRECTION('',(0.,0.,1.));
#1091 = DIRECTION('',(1.,0.,-0.));
#1092 = PCURVE('',#375,#1093);
#1093 = DEFINITIONAL_REPRESENTATION('',(#1094),#1098);
#1094 = CIRCLE('',#1095,4.5);
#1095 = AXIS2_PLACEMENT_2D('',#1096,#1097);
#1096 = CARTESIAN_POINT('',(-7.,12.124355652982));
#1097 = DIRECTION('',(1.,0.));
#1098 = ( GEOMETRIC_REPRESENTATION_CONTEXT(2) 
PARAMETRIC_REPRESENTATION_CONTEXT() REPRESENTATION_CONTEXT('2D SPACE',''
  ) );
#1099 = PCURVE('',#1100,#1105);
#1100 = CYLINDRICAL_SURFACE('',#1101,4.5);
#1101 = AXIS2_PLACEMENT_3D('',#1102,#1103,#1104);
#1102 = CARTESIAN_POINT('',(-7.,12.124355652982,555.2));
#1103 = DIRECTION('',(0.,0.,1.));
#1104 = DIRECTION('',(1.,0.,-0.));
#1105 = DEFINITIONAL_REPRESENTATION('',(#1106),#1110);
#1106 = LINE('',#1107,#1108);
#1107 = CARTESIAN_POINT('',(0.,1.6));
#1108 = VECTOR('',#1109,1.);
#1109 = DIRECTION('',(1.,0.));
#1110 = ( GEOMETRIC_REPRESENTATION_CONTEXT(2) 
PARAMETRIC_REPRESENTATION_CONTEXT() REPRESENTATION_CONTEXT('2D SPACE',''
  ) );
#1111 = FACE_BOUND('',#1112,.T.);
#1112 = EDGE_LOOP('',(#1113));
#1113 = ORIENTED_EDGE('',*,*,#1114,.F.);
#1114 = EDGE_CURVE('',#1115,#1115,#1117,.T.);
#1115 = VERTEX_POINT('',#1116);
#1116 = CARTESIAN_POINT('',(4.5,-1.102182119233E-15,556.8));
#1117 = SURFACE_CURVE('',#1118,(#1123,#1130),.PCURVE_S1.);
#1118 = CIRCLE('',#1119,4.5);
#1119 = AXIS2_PLACEMENT_3D('',#1120,#1121,#1122);
#1120 = CARTESIAN_POINT('',(0.,0.,556.8));
#1121 = DIRECTION('',(0.,0.,1.));
#1122 = DIRECTION('',(1.,0.,-0.));
#1123 = PCURVE('',#375,#1124);
#1124 = DEFINITIONAL_REPRESENTATION('',(#1125),#1129);
#1125 = CIRCLE('',#1126,4.5);
#1126 = AXIS2_PLACEMENT_2D('',#1127,#1128);
#1127 = CARTESIAN_POINT('',(0.,0.));
#1128 = DIRECTION('',(1.,0.));
#1129 = ( GEOMETRIC_REPRESENTATION_CONTEXT(2) 
PARAMETRIC_REPRESENTATION_CONTEXT() REPRESENTATION_CONTEXT('2D SPACE',''
  ) );
#1130 = PCURVE('',#1131,#1136);
#1131 = CYLINDRICAL_SURFACE('',#1132,4.5);
#1132 = AXIS2_PLACEMENT_3D('',#1133,#1134,#1135);
#1133 = CARTESIAN_POINT('',(0.,0.,555.2));
#1134 = DIRECTION('',(0.,0.,1.));
#1135 = DIRECTION('',(1.,0.,-0.));
#1136 = DEFINITIONAL_REPRESENTATION('',(#1137),#1141);
#1137 = LINE('',#1138,#1139);
#1138 = CARTESIAN_POINT('',(0.,1.6));
#1139 = VECTOR('',#1140,1.);
#1140 = DIRECTION('',(1.,0.));
#1141 = ( GEOMETRIC_REPRESENTATION_CONTEXT(2) 
PARAMETRIC_REPRESENTATION_CONTEXT() REPRESENTATION_CONTEXT('2D SPACE',''
  ) );
#1142 = FACE_BOUND('',#1143,.T.);
#1143 = EDGE_LOOP('',(#1144));
#1144 = ORIENTED_EDGE('',*,*,#1145,.F.);
#1145 = EDGE_CURVE('',#1146,#1146,#1148,.T.);
#1146 = VERTEX_POINT('',#1147);
#1147 = CARTESIAN_POINT('',(18.5,-1.102182119233E-15,556.8));
#1148 = SURFACE_CURVE('',#1149,(#1154,#1161),.PCURVE_S1.);
#1149 = CIRCLE('',#1150,4.5);
#1150 = AXIS2_PLACEMENT_3D('',#1151,#1152,#1153);
#1151 = CARTESIAN_POINT('',(14.,0.,556.8));
#1152 = DIRECTION('',(0.,0.,1.));
#1153 = DIRECTION('',(1.,0.,-0.));
#1154 = PCURVE('',#375,#1155);
#1155 = DEFINITIONAL_REPRESENTATION('',(#1156),#1160);
#1156 = CIRCLE('',#1157,4.5);
#1157 = AXIS2_PLACEMENT_2D('',#1158,#1159);
#1158 = CARTESIAN_POINT('',(14.,0.));
#1159 = DIRECTION('',(1.,0.));
#1160 = ( GEOMETRIC_REPRESENTATION_CONTEXT(2) 
PARAMETRIC_REPRESENTATION_CONTEXT() REPRESENTATION_CONTEXT('2D SPACE',''
  ) );
#1161 = PCURVE('',#1162,#1167);
#1162 = CYLINDRICAL_SURFACE('',#1163,4.5);
#1163 = AXIS2_PLACEMENT_3D('',#1164,#1165,#1166);
#1164 = CARTESIAN_POINT('',(14.,0.,555.2));
#1165 = DIRECTION('',(0.,0.,1.));
#1166 = DIRECTION('',(1.,0.,-0.));
#1167 = DEFINITIONAL_REPRESENTATION('',(#1168),#1172);
#1168 = LINE('',#1169,#1170);
#1169 = CARTESIAN_POINT('',(0.,1.6));
#1170 = VECTOR('',#1171,1.);
#1171 = DIRECTION('',(1.,0.));
#1172 = ( GEOMETRIC_REPRESENTATION_CONTEXT(2) 
PARAMETRIC_REPRESENTATION_CONTEXT() REPRESENTATION_CONTEXT('2D SPACE',''
  ) );
#1173 = FACE_BOUND('',#1174,.T.);
#1174 = EDGE_LOOP('',(#1175));
#1175 = ORIENTED_EDGE('',*,*,#1176,.F.);
#1176 = EDGE_CURVE('',#1177,#1177,#1179,.T.);
#1177 = VERTEX_POINT('',#1178);
#1178 = CARTESIAN_POINT('',(11.5,12.124355652982,556.8));
#1179 = SURFACE_CURVE('',#1180,(#1185,#1192),.PCURVE_S1.);
#1180 = CIRCLE('',#1181,4.5);
#1181 = AXIS2_PLACEMENT_3D('',#1182,#1183,#1184);
#1182 = CARTESIAN_POINT('',(7.,12.124355652982,556.8));
#1183 = DIRECTION('',(0.,0.,1.));
#1184 = DIRECTION('',(1.,0.,-0.));
#1185 = PCURVE('',#375,#1186);
#1186 = DEFINITIONAL_REPRESENTATION('',(#1187),#1191);
#1187 = CIRCLE('',#1188,4.5);
#1188 = AXIS2_PLACEMENT_2D('',#1189,#1190);
#1189 = CARTESIAN_POINT('',(7.,12.124355652982));
#1190 = DIRECTION('',(1.,0.));
#1191 = ( GEOMETRIC_REPRESENTATION_CONTEXT(2) 
PARAMETRIC_REPRESENTATION_CONTEXT() REPRESENTATION_CONTEXT('2D SPACE',''
  ) );
#1192 = PCURVE('',#1193,#1198);
#1193 = CYLINDRICAL_SURFACE('',#1194,4.5);
#1194 = AXIS2_PLACEMENT_3D('',#1195,#1196,#1197);
#1195 = CARTESIAN_POINT('',(7.,12.124355652982,555.2));
#1196 = DIRECTION('',(0.,0.,1.));
#1197 = DIRECTION('',(1.,0.,-0.));
#1198 = DEFINITIONAL_REPRESENTATION('',(#1199),#1203);
#1199 = LINE('',#1200,#1201);
#1200 = CARTESIAN_POINT('',(0.,1.6));
#1201 = VECTOR('',#1202,1.);
#1202 = DIRECTION('',(1.,0.));
#1203 = ( GEOMETRIC_REPRESENTATION_CONTEXT(2) 
PARAMETRIC_REPRESENTATION_CONTEXT() REPRESENTATION_CONTEXT('2D SPACE',''
  ) );
#1204 = ADVANCED_FACE('',(#1205),#227,.T.);
#1205 = FACE_BOUND('',#1206,.T.);
#1206 = EDGE_LOOP('',(#1207,#1230,#1257,#1258,#1259));
#1207 = ORIENTED_EDGE('',*,*,#1208,.T.);
#1208 = EDGE_CURVE('',#149,#1209,#1211,.T.);
#1209 = VERTEX_POINT('',#1210);
#1210 = CARTESIAN_POINT('',(36.,1.224646799147E-16,548.5));
#1211 = SEAM_CURVE('',#1212,(#1216,#1223),.PCURVE_S1.);
#1212 = LINE('',#1213,#1214);
#1213 = CARTESIAN_POINT('',(29.2,1.224646799147E-16,548.5));
#1214 = VECTOR('',#1215,1.);
#1215 = DIRECTION('',(1.,0.,0.));
#1216 = PCURVE('',#227,#1217);
#1217 = DEFINITIONAL_REPRESENTATION('',(#1218),#1222);
#1218 = LINE('',#1219,#1220);
#1219 = CARTESIAN_POINT('',(6.28318530718,-0.));
#1220 = VECTOR('',#1221,1.);
#1221 = DIRECTION('',(0.,1.));
#1222 = ( GEOMETRIC_REPRESENTATION_CONTEXT(2) 
PARAMETRIC_REPRESENTATION_CONTEXT() REPRESENTATION_CONTEXT('2D SPACE',''
  ) );
#1223 = PCURVE('',#227,#1224);
#1224 = DEFINITIONAL_REPRESENTATION('',(#1225),#1229);
#1225 = LINE('',#1226,#1227);
#1226 = CARTESIAN_POINT('',(0.,-0.));
#1227 = VECTOR('',#1228,1.);
#1228 = DIRECTION('',(0.,1.));
#1229 = ( GEOMETRIC_REPRESENTATION_CONTEXT(2) 
PARAMETRIC_REPRESENTATION_CONTEXT() REPRESENTATION_CONTEXT('2D SPACE',''
  ) );
#1230 = ORIENTED_EDGE('',*,*,#1231,.F.);
#1231 = EDGE_CURVE('',#1209,#1209,#1232,.T.);
#1232 = SURFACE_CURVE('',#1233,(#1238,#1245),.PCURVE_S1.);
#1233 = CIRCLE('',#1234,0.5);
#1234 = AXIS2_PLACEMENT_3D('',#1235,#1236,#1237);
#1235 = CARTESIAN_POINT('',(36.,0.,548.));
#1236 = DIRECTION('',(1.,0.,0.));
#1237 = DIRECTION('',(-0.,0.,1.));
#1238 = PCURVE('',#227,#1239);
#1239 = DEFINITIONAL_REPRESENTATION('',(#1240),#1244);
#1240 = LINE('',#1241,#1242);
#1241 = CARTESIAN_POINT('',(0.,6.8));
#1242 = VECTOR('',#1243,1.);
#1243 = DIRECTION('',(1.,0.));
#1244 = ( GEOMETRIC_REPRESENTATION_CONTEXT(2) 
PARAMETRIC_REPRESENTATION_CONTEXT() REPRESENTATION_CONTEXT('2D SPACE',''
  ) );
#1245 = PCURVE('',#1246,#1251);
#1246 = PLANE('',#1247);
#1247 = AXIS2_PLACEMENT_3D('',#1248,#1249,#1250);
#1248 = CARTESIAN_POINT('',(36.,0.,548.));
#1249 = DIRECTION('',(1.,0.,0.));
#1250 = DIRECTION('',(-0.,0.,1.));
#1251 = DEFINITIONAL_REPRESENTATION('',(#1252),#1256);
#1252 = CIRCLE('',#1253,0.5);
#1253 = AXIS2_PLACEMENT_2D('',#1254,#1255);
#1254 = CARTESIAN_POINT('',(0.,0.));
#1255 = DIRECTION('',(1.,0.));
#1256 = ( GEOMETRIC_REPRESENTATION_CONTEXT(2) 
PARAMETRIC_REPRESENTATION_CONTEXT() REPRESENTATION_CONTEXT('2D SPACE',''
  ) );
#1257 = ORIENTED_EDGE('',*,*,#1208,.F.);
#1258 = ORIENTED_EDGE('',*,*,#281,.T.);
#1259 = ORIENTED_EDGE('',*,*,#173,.T.);
#1260 = ADVANCED_FACE('',(#1261),#459,.T.);
#1261 = FACE_BOUND('',#1262,.T.);
#1262 = EDGE_LOOP('',(#1263,#1286,#1313,#1314));
#1263 = ORIENTED_EDGE('',*,*,#1264,.T.);
#1264 = EDGE_CURVE('',#390,#1265,#1267,.T.);
#1265 = VERTEX_POINT('',#1266);
#1266 = CARTESIAN_POINT('',(-17.5669872981,31.42691453624,548.));
#1267 = SEAM_CURVE('',#1268,(#1272,#1279),.PCURVE_S1.);
#1268 = LINE('',#1269,#1270);
#1269 = CARTESIAN_POINT('',(-14.1669872981,25.537941790506,548.));
#1270 = VECTOR('',#1271,1.);
#1271 = DIRECTION('',(-0.5,0.866025403784,-1.232595164408E-32));
#1272 = PCURVE('',#459,#1273);
#1273 = DEFINITIONAL_REPRESENTATION('',(#1274),#1278);
#1274 = LINE('',#1275,#1276);
#1275 = CARTESIAN_POINT('',(6.28318530718,-0.));
#1276 = VECTOR('',#1277,1.);
#1277 = DIRECTION('',(0.,1.));
#1278 = ( GEOMETRIC_REPRESENTATION_CONTEXT(2) 
PARAMETRIC_REPRESENTATION_CONTEXT() REPRESENTATION_CONTEXT('2D SPACE',''
  ) );
#1279 = PCURVE('',#459,#1280);
#1280 = DEFINITIONAL_REPRESENTATION('',(#1281),#1285);
#1281 = LINE('',#1282,#1283);
#1282 = CARTESIAN_POINT('',(0.,-0.));
#1283 = VECTOR('',#1284,1.);
#1284 = DIRECTION('',(0.,1.));
#1285 = ( GEOMETRIC_REPRESENTATION_CONTEXT(2) 
PARAMETRIC_REPRESENTATION_CONTEXT() REPRESENTATION_CONTEXT('2D SPACE',''
  ) );
#1286 = ORIENTED_EDGE('',*,*,#1287,.F.);
#1287 = EDGE_CURVE('',#1265,#1265,#1288,.T.);
#1288 = SURFACE_CURVE('',#1289,(#1294,#1301),.PCURVE_S1.);
#1289 = CIRCLE('',#1290,0.5);
#1290 = AXIS2_PLACEMENT_3D('',#1291,#1292,#1293);
#1291 = CARTESIAN_POINT('',(-18.,31.17691453624,548.));
#1292 = DIRECTION('',(-0.5,0.866025403784,0.));
#1293 = DIRECTION('',(0.866025403784,0.5,0.));
#1294 = PCURVE('',#459,#1295);
#1295 = DEFINITIONAL_REPRESENTATION('',(#1296),#1300);
#1296 = LINE('',#1297,#1298);
#1297 = CARTESIAN_POINT('',(0.,6.8));
#1298 = VECTOR('',#1299,1.);
#1299 = DIRECTION('',(1.,0.));
#1300 = ( GEOMETRIC_REPRESENTATION_CONTEXT(2) 
PARAMETRIC_REPRESENTATION_CONTEXT() REPRESENTATION_CONTEXT('2D SPACE',''
  ) );
#1301 = PCURVE('',#1302,#1307);
#1302 = PLANE('',#1303);
#1303 = AXIS2_PLACEMENT_3D('',#1304,#1305,#1306);
#1304 = CARTESIAN_POINT('',(-18.,31.17691453624,548.));
#1305 = DIRECTION('',(-0.5,0.866025403784,0.));
#1306 = DIRECTION('',(0.866025403784,0.5,0.));
#1307 = DEFINITIONAL_REPRESENTATION('',(#1308),#1312);
#1308 = CIRCLE('',#1309,0.5);
#1309 = AXIS2_PLACEMENT_2D('',#1310,#1311);
#1310 = CARTESIAN_POINT('',(0.,0.));
#1311 = DIRECTION('',(1.,0.));
#1312 = ( GEOMETRIC_REPRESENTATION_CONTEXT(2) 
PARAMETRIC_REPRESENTATION_CONTEXT() REPRESENTATION_CONTEXT('2D SPACE',''
  ) );
#1313 = ORIENTED_EDGE('',*,*,#1264,.F.);
#1314 = ORIENTED_EDGE('',*,*,#389,.T.);
#1315 = ADVANCED_FACE('',(#1316),#598,.T.);
#1316 = FACE_BOUND('',#1317,.T.);
#1317 = EDGE_LOOP('',(#1318,#1341,#1368,#1369));
#1318 = ORIENTED_EDGE('',*,*,#1319,.T.);
#1319 = EDGE_CURVE('',#501,#1320,#1322,.T.);
#1320 = VERTEX_POINT('',#1321);
#1321 = CARTESIAN_POINT('',(-36.,-0.5,548.));
#1322 = SEAM_CURVE('',#1323,(#1327,#1334),.PCURVE_S1.);
#1323 = LINE('',#1324,#1325);
#1324 = CARTESIAN_POINT('',(-29.2,-0.5,548.));
#1325 = VECTOR('',#1326,1.);
#1326 = DIRECTION('',(-1.,1.224646799147E-16,0.));
#1327 = PCURVE('',#598,#1328);
#1328 = DEFINITIONAL_REPRESENTATION('',(#1329),#1333);
#1329 = LINE('',#1330,#1331);
#1330 = CARTESIAN_POINT('',(6.28318530718,-0.));
#1331 = VECTOR('',#1332,1.);
#1332 = DIRECTION('',(0.,1.));
#1333 = ( GEOMETRIC_REPRESENTATION_CONTEXT(2) 
PARAMETRIC_REPRESENTATION_CONTEXT() REPRESENTATION_CONTEXT('2D SPACE',''
  ) );
#1334 = PCURVE('',#598,#1335);
#1335 = DEFINITIONAL_REPRESENTATION('',(#1336),#1340);
#1336 = LINE('',#1337,#1338);
#1337 = CARTESIAN_POINT('',(0.,-0.));
#1338 = VECTOR('',#1339,1.);
#1339 = DIRECTION('',(0.,1.));
#1340 = ( GEOMETRIC_REPRESENTATION_CONTEXT(2) 
PARAMETRIC_REPRESENTATION_CONTEXT() REPRESENTATION_CONTEXT('2D SPACE',''
  ) );
#1341 = ORIENTED_EDGE('',*,*,#1342,.F.);
#1342 = EDGE_CURVE('',#1320,#1320,#1343,.T.);
#1343 = SURFACE_CURVE('',#1344,(#1349,#1356),.PCURVE_S1.);
#1344 = CIRCLE('',#1345,0.5);
#1345 = AXIS2_PLACEMENT_3D('',#1346,#1347,#1348);
#1346 = CARTESIAN_POINT('',(-36.,4.40872847693E-15,548.));
#1347 = DIRECTION('',(-1.,1.224646799147E-16,0.));
#1348 = DIRECTION('',(-1.224646799147E-16,-1.,0.));
#1349 = PCURVE('',#598,#1350);
#1350 = DEFINITIONAL_REPRESENTATION('',(#1351),#1355);
#1351 = LINE('',#1352,#1353);
#1352 = CARTESIAN_POINT('',(0.,6.8));
#1353 = VECTOR('',#1354,1.);
#1354 = DIRECTION('',(1.,0.));
#1355 = ( GEOMETRIC_REPRESENTATION_CONTEXT(2) 
PARAMETRIC_REPRESENTATION_CONTEXT() REPRESENTATION_CONTEXT('2D SPACE',''
  ) );
#1356 = PCURVE('',#1357,#1362);
#1357 = PLANE('',#1358);
#1358 = AXIS2_PLACEMENT_3D('',#1359,#1360,#1361);
#1359 = CARTESIAN_POINT('',(-36.,4.40872847693E-15,548.));
#1360 = DIRECTION('',(-1.,1.224646799147E-16,0.));
#1361 = DIRECTION('',(-1.224646799147E-16,-1.,0.));
#1362 = DEFINITIONAL_REPRESENTATION('',(#1363),#1367);
#1363 = CIRCLE('',#1364,0.5);
#1364 = AXIS2_PLACEMENT_2D('',#1365,#1366);
#1365 = CARTESIAN_POINT('',(0.,0.));
#1366 = DIRECTION('',(1.,0.));
#1367 = ( GEOMETRIC_REPRESENTATION_CONTEXT(2) 
PARAMETRIC_REPRESENTATION_CONTEXT() REPRESENTATION_CONTEXT('2D SPACE',''
  ) );
#1368 = ORIENTED_EDGE('',*,*,#1319,.F.);
#1369 = ORIENTED_EDGE('',*,*,#500,.T.);
#1370 = ADVANCED_FACE('',(#1371),#723,.T.);
#1371 = FACE_BOUND('',#1372,.T.);
#1372 = EDGE_LOOP('',(#1373,#1396,#1423,#1424));
#1373 = ORIENTED_EDGE('',*,*,#1374,.T.);
#1374 = EDGE_CURVE('',#654,#1375,#1377,.T.);
#1375 = VERTEX_POINT('',#1376);
#1376 = CARTESIAN_POINT('',(-18.43301270189,-30.92691453624,548.));
#1377 = SEAM_CURVE('',#1378,(#1382,#1389),.PCURVE_S1.);
#1378 = LINE('',#1379,#1380);
#1379 = CARTESIAN_POINT('',(-15.03301270189,-25.0379417905,548.));
#1380 = VECTOR('',#1381,1.);
#1381 = DIRECTION('',(-0.5,-0.866025403784,1.232595164408E-32));
#1382 = PCURVE('',#723,#1383);
#1383 = DEFINITIONAL_REPRESENTATION('',(#1384),#1388);
#1384 = LINE('',#1385,#1386);
#1385 = CARTESIAN_POINT('',(6.28318530718,-0.));
#1386 = VECTOR('',#1387,1.);
#1387 = DIRECTION('',(0.,1.));
#1388 = ( GEOMETRIC_REPRESENTATION_CONTEXT(2) 
PARAMETRIC_REPRESENTATION_CONTEXT() REPRESENTATION_CONTEXT('2D SPACE',''
  ) );
#1389 = PCURVE('',#723,#1390);
#1390 = DEFINITIONAL_REPRESENTATION('',(#1391),#1395);
#1391 = LINE('',#1392,#1393);
#1392 = CARTESIAN_POINT('',(0.,-0.));
#1393 = VECTOR('',#1394,1.);
#1394 = DIRECTION('',(0.,1.));
#1395 = ( GEOMETRIC_REPRESENTATION_CONTEXT(2) 
PARAMETRIC_REPRESENTATION_CONTEXT() REPRESENTATION_CONTEXT('2D SPACE',''
  ) );
#1396 = ORIENTED_EDGE('',*,*,#1397,.F.);
#1397 = EDGE_CURVE('',#1375,#1375,#1398,.T.);
#1398 = SURFACE_CURVE('',#1399,(#1404,#1411),.PCURVE_S1.);
#1399 = CIRCLE('',#1400,0.5);
#1400 = AXIS2_PLACEMENT_3D('',#1401,#1402,#1403);
#1401 = CARTESIAN_POINT('',(-18.,-31.17691453624,548.));
#1402 = DIRECTION('',(-0.5,-0.866025403784,0.));
#1403 = DIRECTION('',(-0.866025403784,0.5,0.));
#1404 = PCURVE('',#723,#1405);
#1405 = DEFINITIONAL_REPRESENTATION('',(#1406),#1410);
#1406 = LINE('',#1407,#1408);
#1407 = CARTESIAN_POINT('',(0.,6.8));
#1408 = VECTOR('',#1409,1.);
#1409 = DIRECTION('',(1.,0.));
#1410 = ( GEOMETRIC_REPRESENTATION_CONTEXT(2) 
PARAMETRIC_REPRESENTATION_CONTEXT() REPRESENTATION_CONTEXT('2D SPACE',''
  ) );
#1411 = PCURVE('',#1412,#1417);
#1412 = PLANE('',#1413);
#1413 = AXIS2_PLACEMENT_3D('',#1414,#1415,#1416);
#1414 = CARTESIAN_POINT('',(-18.,-31.17691453624,548.));
#1415 = DIRECTION('',(-0.5,-0.866025403784,0.));
#1416 = DIRECTION('',(-0.866025403784,0.5,0.));
#1417 = DEFINITIONAL_REPRESENTATION('',(#1418),#1422);
#1418 = CIRCLE('',#1419,0.5);
#1419 = AXIS2_PLACEMENT_2D('',#1420,#1421);
#1420 = CARTESIAN_POINT('',(0.,0.));
#1421 = DIRECTION('',(1.,0.));
#1422 = ( GEOMETRIC_REPRESENTATION_CONTEXT(2) 
PARAMETRIC_REPRESENTATION_CONTEXT() REPRESENTATION_CONTEXT('2D SPACE',''
  ) );
#1423 = ORIENTED_EDGE('',*,*,#1374,.F.);
#1424 = ORIENTED_EDGE('',*,*,#653,.T.);
#1425 = ADVANCED_FACE('',(#1426),#834,.T.);
#1426 = FACE_BOUND('',#1427,.T.);
#1427 = EDGE_LOOP('',(#1428,#1451,#1478,#1479));
#1428 = ORIENTED_EDGE('',*,*,#1429,.T.);
#1429 = EDGE_CURVE('',#765,#1430,#1432,.T.);
#1430 = VERTEX_POINT('',#1431);
#1431 = CARTESIAN_POINT('',(18.433012701892,30.92691453624,548.));
#1432 = SEAM_CURVE('',#1433,(#1437,#1444),.PCURVE_S1.);
#1433 = LINE('',#1434,#1435);
#1434 = CARTESIAN_POINT('',(15.033012701892,25.037941790506,548.));
#1435 = VECTOR('',#1436,1.);
#1436 = DIRECTION('',(0.5,0.866025403784,0.));
#1437 = PCURVE('',#834,#1438);
#1438 = DEFINITIONAL_REPRESENTATION('',(#1439),#1443);
#1439 = LINE('',#1440,#1441);
#1440 = CARTESIAN_POINT('',(6.28318530718,-0.));
#1441 = VECTOR('',#1442,1.);
#1442 = DIRECTION('',(0.,1.));
#1443 = ( GEOMETRIC_REPRESENTATION_CONTEXT(2) 
PARAMETRIC_REPRESENTATION_CONTEXT() REPRESENTATION_CONTEXT('2D SPACE',''
  ) );
#1444 = PCURVE('',#834,#1445);
#1445 = DEFINITIONAL_REPRESENTATION('',(#1446),#1450);
#1446 = LINE('',#1447,#1448);
#1447 = CARTESIAN_POINT('',(0.,-0.));
#1448 = VECTOR('',#1449,1.);
#1449 = DIRECTION('',(0.,1.));
#1450 = ( GEOMETRIC_REPRESENTATION_CONTEXT(2) 
PARAMETRIC_REPRESENTATION_CONTEXT() REPRESENTATION_CONTEXT('2D SPACE',''
  ) );
#1451 = ORIENTED_EDGE('',*,*,#1452,.F.);
#1452 = EDGE_CURVE('',#1430,#1430,#1453,.T.);
#1453 = SURFACE_CURVE('',#1454,(#1459,#1466),.PCURVE_S1.);
#1454 = CIRCLE('',#1455,0.5);
#1455 = AXIS2_PLACEMENT_3D('',#1456,#1457,#1458);
#1456 = CARTESIAN_POINT('',(18.,31.17691453624,548.));
#1457 = DIRECTION('',(0.5,0.866025403784,0.));
#1458 = DIRECTION('',(0.866025403784,-0.5,0.));
#1459 = PCURVE('',#834,#1460);
#1460 = DEFINITIONAL_REPRESENTATION('',(#1461),#1465);
#1461 = LINE('',#1462,#1463);
#1462 = CARTESIAN_POINT('',(0.,6.8));
#1463 = VECTOR('',#1464,1.);
#1464 = DIRECTION('',(1.,0.));
#1465 = ( GEOMETRIC_REPRESENTATION_CONTEXT(2) 
PARAMETRIC_REPRESENTATION_CONTEXT() REPRESENTATION_CONTEXT('2D SPACE',''
  ) );
#1466 = PCURVE('',#1467,#1472);
#1467 = PLANE('',#1468);
#1468 = AXIS2_PLACEMENT_3D('',#1469,#1470,#1471);
#1469 = CARTESIAN_POINT('',(18.,31.17691453624,548.));
#1470 = DIRECTION('',(0.5,0.866025403784,0.));
#1471 = DIRECTION('',(0.866025403784,-0.5,0.));
#1472 = DEFINITIONAL_REPRESENTATION('',(#1473),#1477);
#1473 = CIRCLE('',#1474,0.5);
#1474 = AXIS2_PLACEMENT_2D('',#1475,#1476);
#1475 = CARTESIAN_POINT('',(0.,0.));
#1476 = DIRECTION('',(1.,0.));
#1477 = ( GEOMETRIC_REPRESENTATION_CONTEXT(2) 
PARAMETRIC_REPRESENTATION_CONTEXT() REPRESENTATION_CONTEXT('2D SPACE',''
  ) );
#1478 = ORIENTED_EDGE('',*,*,#1429,.F.);
#1479 = ORIENTED_EDGE('',*,*,#764,.T.);
#1480 = ADVANCED_FACE('',(#1481),#945,.T.);
#1481 = FACE_BOUND('',#1482,.T.);
#1482 = EDGE_LOOP('',(#1483,#1506,#1533,#1534));
#1483 = ORIENTED_EDGE('',*,*,#1484,.T.);
#1484 = EDGE_CURVE('',#876,#1485,#1487,.T.);
#1485 = VERTEX_POINT('',#1486);
#1486 = CARTESIAN_POINT('',(17.566987298108,-31.42691453624,548.));
#1487 = SEAM_CURVE('',#1488,(#1492,#1499),.PCURVE_S1.);
#1488 = LINE('',#1489,#1490);
#1489 = CARTESIAN_POINT('',(14.166987298108,-25.5379417905,548.));
#1490 = VECTOR('',#1491,1.);
#1491 = DIRECTION('',(0.5,-0.866025403784,0.));
#1492 = PCURVE('',#945,#1493);
#1493 = DEFINITIONAL_REPRESENTATION('',(#1494),#1498);
#1494 = LINE('',#1495,#1496);
#1495 = CARTESIAN_POINT('',(6.28318530718,-0.));
#1496 = VECTOR('',#1497,1.);
#1497 = DIRECTION('',(0.,1.));
#1498 = ( GEOMETRIC_REPRESENTATION_CONTEXT(2) 
PARAMETRIC_REPRESENTATION_CONTEXT() REPRESENTATION_CONTEXT('2D SPACE',''
  ) );
#1499 = PCURVE('',#945,#1500);
#1500 = DEFINITIONAL_REPRESENTATION('',(#1501),#1505);
#1501 = LINE('',#1502,#1503);
#1502 = CARTESIAN_POINT('',(0.,-0.));
#1503 = VECTOR('',#1504,1.);
#1504 = DIRECTION('',(0.,1.));
#1505 = ( GEOMETRIC_REPRESENTATION_CONTEXT(2) 
PARAMETRIC_REPRESENTATION_CONTEXT() REPRESENTATION_CONTEXT('2D SPACE',''
  ) );
#1506 = ORIENTED_EDGE('',*,*,#1507,.F.);
#1507 = EDGE_CURVE('',#1485,#1485,#1508,.T.);
#1508 = SURFACE_CURVE('',#1509,(#1514,#1521),.PCURVE_S1.);
#1509 = CIRCLE('',#1510,0.5);
#1510 = AXIS2_PLACEMENT_3D('',#1511,#1512,#1513);
#1511 = CARTESIAN_POINT('',(18.,-31.17691453624,548.));
#1512 = DIRECTION('',(0.5,-0.866025403784,0.));
#1513 = DIRECTION('',(-0.866025403784,-0.5,0.));
#1514 = PCURVE('',#945,#1515);
#1515 = DEFINITIONAL_REPRESENTATION('',(#1516),#1520);
#1516 = LINE('',#1517,#1518);
#1517 = CARTESIAN_POINT('',(0.,6.8));
#1518 = VECTOR('',#1519,1.);
#1519 = DIRECTION('',(1.,0.));
#1520 = ( GEOMETRIC_REPRESENTATION_CONTEXT(2) 
PARAMETRIC_REPRESENTATION_CONTEXT() REPRESENTATION_CONTEXT('2D SPACE',''
  ) );
#1521 = PCURVE('',#1522,#1527);
#1522 = PLANE('',#1523);
#1523 = AXIS2_PLACEMENT_3D('',#1524,#1525,#1526);
#1524 = CARTESIAN_POINT('',(18.,-31.17691453624,548.));
#1525 = DIRECTION('',(0.5,-0.866025403784,0.));
#1526 = DIRECTION('',(-0.866025403784,-0.5,0.));
#1527 = DEFINITIONAL_REPRESENTATION('',(#1528),#1532);
#1528 = CIRCLE('',#1529,0.5);
#1529 = AXIS2_PLACEMENT_2D('',#1530,#1531);
#1530 = CARTESIAN_POINT('',(0.,0.));
#1531 = DIRECTION('',(1.,0.));
#1532 = ( GEOMETRIC_REPRESENTATION_CONTEXT(2) 
PARAMETRIC_REPRESENTATION_CONTEXT() REPRESENTATION_CONTEXT('2D SPACE',''
  ) );
#1533 = ORIENTED_EDGE('',*,*,#1484,.F.);
#1534 = ORIENTED_EDGE('',*,*,#875,.T.);
#1535 = ADVANCED_FACE('',(#1536),#1007,.T.);
#1536 = FACE_BOUND('',#1537,.T.);
#1537 = EDGE_LOOP('',(#1538,#1539,#1562,#1589));
#1538 = ORIENTED_EDGE('',*,*,#990,.T.);
#1539 = ORIENTED_EDGE('',*,*,#1540,.T.);
#1540 = EDGE_CURVE('',#991,#1541,#1543,.T.);
#1541 = VERTEX_POINT('',#1542);
#1542 = CARTESIAN_POINT('',(-2.5,-12.12435565298,606.));
#1543 = SEAM_CURVE('',#1544,(#1548,#1555),.PCURVE_S1.);
#1544 = LINE('',#1545,#1546);
#1545 = CARTESIAN_POINT('',(-2.5,-12.12435565298,555.2));
#1546 = VECTOR('',#1547,1.);
#1547 = DIRECTION('',(0.,0.,1.));
#1548 = PCURVE('',#1007,#1549);
#1549 = DEFINITIONAL_REPRESENTATION('',(#1550),#1554);
#1550 = LINE('',#1551,#1552);
#1551 = CARTESIAN_POINT('',(0.,-0.));
#1552 = VECTOR('',#1553,1.);
#1553 = DIRECTION('',(0.,1.));
#1554 = ( GEOMETRIC_REPRESENTATION_CONTEXT(2) 
PARAMETRIC_REPRESENTATION_CONTEXT() REPRESENTATION_CONTEXT('2D SPACE',''
  ) );
#1555 = PCURVE('',#1007,#1556);
#1556 = DEFINITIONAL_REPRESENTATION('',(#1557),#1561);
#1557 = LINE('',#1558,#1559);
#1558 = CARTESIAN_POINT('',(6.28318530718,-0.));
#1559 = VECTOR('',#1560,1.);
#1560 = DIRECTION('',(0.,1.));
#1561 = ( GEOMETRIC_REPRESENTATION_CONTEXT(2) 
PARAMETRIC_REPRESENTATION_CONTEXT() REPRESENTATION_CONTEXT('2D SPACE',''
  ) );
#1562 = ORIENTED_EDGE('',*,*,#1563,.F.);
#1563 = EDGE_CURVE('',#1541,#1541,#1564,.T.);
#1564 = SURFACE_CURVE('',#1565,(#1570,#1577),.PCURVE_S1.);
#1565 = CIRCLE('',#1566,4.5);
#1566 = AXIS2_PLACEMENT_3D('',#1567,#1568,#1569);
#1567 = CARTESIAN_POINT('',(-7.,-12.12435565298,606.));
#1568 = DIRECTION('',(0.,0.,1.));
#1569 = DIRECTION('',(1.,0.,-0.));
#1570 = PCURVE('',#1007,#1571);
#1571 = DEFINITIONAL_REPRESENTATION('',(#1572),#1576);
#1572 = LINE('',#1573,#1574);
#1573 = CARTESIAN_POINT('',(0.,50.8));
#1574 = VECTOR('',#1575,1.);
#1575 = DIRECTION('',(1.,0.));
#1576 = ( GEOMETRIC_REPRESENTATION_CONTEXT(2) 
PARAMETRIC_REPRESENTATION_CONTEXT() REPRESENTATION_CONTEXT('2D SPACE',''
  ) );
#1577 = PCURVE('',#1578,#1583);
#1578 = PLANE('',#1579);
#1579 = AXIS2_PLACEMENT_3D('',#1580,#1581,#1582);
#1580 = CARTESIAN_POINT('',(0.,0.,606.));
#1581 = DIRECTION('',(0.,0.,1.));
#1582 = DIRECTION('',(1.,0.,-0.));
#1583 = DEFINITIONAL_REPRESENTATION('',(#1584),#1588);
#1584 = CIRCLE('',#1585,4.5);
#1585 = AXIS2_PLACEMENT_2D('',#1586,#1587);
#1586 = CARTESIAN_POINT('',(-7.,-12.12435565298));
#1587 = DIRECTION('',(1.,0.));
#1588 = ( GEOMETRIC_REPRESENTATION_CONTEXT(2) 
PARAMETRIC_REPRESENTATION_CONTEXT() REPRESENTATION_CONTEXT('2D SPACE',''
  ) );
#1589 = ORIENTED_EDGE('',*,*,#1540,.F.);
#1590 = ADVANCED_FACE('',(#1591),#1038,.T.);
#1591 = FACE_BOUND('',#1592,.T.);
#1592 = EDGE_LOOP('',(#1593,#1594,#1617,#1639));
#1593 = ORIENTED_EDGE('',*,*,#1021,.T.);
#1594 = ORIENTED_EDGE('',*,*,#1595,.T.);
#1595 = EDGE_CURVE('',#1022,#1596,#1598,.T.);
#1596 = VERTEX_POINT('',#1597);
#1597 = CARTESIAN_POINT('',(11.5,-12.12435565298,606.));
#1598 = SEAM_CURVE('',#1599,(#1603,#1610),.PCURVE_S1.);
#1599 = LINE('',#1600,#1601);
#1600 = CARTESIAN_POINT('',(11.5,-12.12435565298,555.2));
#1601 = VECTOR('',#1602,1.);
#1602 = DIRECTION('',(0.,0.,1.));
#1603 = PCURVE('',#1038,#1604);
#1604 = DEFINITIONAL_REPRESENTATION('',(#1605),#1609);
#1605 = LINE('',#1606,#1607);
#1606 = CARTESIAN_POINT('',(0.,-0.));
#1607 = VECTOR('',#1608,1.);
#1608 = DIRECTION('',(0.,1.));
#1609 = ( GEOMETRIC_REPRESENTATION_CONTEXT(2) 
PARAMETRIC_REPRESENTATION_CONTEXT() REPRESENTATION_CONTEXT('2D SPACE',''
  ) );
#1610 = PCURVE('',#1038,#1611);
#1611 = DEFINITIONAL_REPRESENTATION('',(#1612),#1616);
#1612 = LINE('',#1613,#1614);
#1613 = CARTESIAN_POINT('',(6.28318530718,-0.));
#1614 = VECTOR('',#1615,1.);
#1615 = DIRECTION('',(0.,1.));
#1616 = ( GEOMETRIC_REPRESENTATION_CONTEXT(2) 
PARAMETRIC_REPRESENTATION_CONTEXT() REPRESENTATION_CONTEXT('2D SPACE',''
  ) );
#1617 = ORIENTED_EDGE('',*,*,#1618,.F.);
#1618 = EDGE_CURVE('',#1596,#1596,#1619,.T.);
#1619 = SURFACE_CURVE('',#1620,(#1625,#1632),.PCURVE_S1.);
#1620 = CIRCLE('',#1621,4.5);
#1621 = AXIS2_PLACEMENT_3D('',#1622,#1623,#1624);
#1622 = CARTESIAN_POINT('',(7.,-12.12435565298,606.));
#1623 = DIRECTION('',(0.,0.,1.));
#1624 = DIRECTION('',(1.,0.,-0.));
#1625 = PCURVE('',#1038,#1626);
#1626 = DEFINITIONAL_REPRESENTATION('',(#1627),#1631);
#1627 = LINE('',#1628,#1629);
#1628 = CARTESIAN_POINT('',(0.,50.8));
#1629 = VECTOR('',#1630,1.);
#1630 = DIRECTION('',(1.,0.));
#1631 = ( GEOMETRIC_REPRESENTATION_CONTEXT(2) 
PARAMETRIC_REPRESENTATION_CONTEXT() REPRESENTATION_CONTEXT('2D SPACE',''
  ) );
#1632 = PCURVE('',#1578,#1633);
#1633 = DEFINITIONAL_REPRESENTATION('',(#1634),#1638);
#1634 = CIRCLE('',#1635,4.5);
#1635 = AXIS2_PLACEMENT_2D('',#1636,#1637);
#1636 = CARTESIAN_POINT('',(7.,-12.12435565298));
#1637 = DIRECTION('',(1.,0.));
#1638 = ( GEOMETRIC_REPRESENTATION_CONTEXT(2) 
PARAMETRIC_REPRESENTATION_CONTEXT() REPRESENTATION_CONTEXT('2D SPACE',''
  ) );
#1639 = ORIENTED_EDGE('',*,*,#1595,.F.);
#1640 = ADVANCED_FACE('',(#1641),#1069,.T.);
#1641 = FACE_BOUND('',#1642,.T.);
#1642 = EDGE_LOOP('',(#1643,#1644,#1667,#1689));
#1643 = ORIENTED_EDGE('',*,*,#1052,.T.);
#1644 = ORIENTED_EDGE('',*,*,#1645,.T.);
#1645 = EDGE_CURVE('',#1053,#1646,#1648,.T.);
#1646 = VERTEX_POINT('',#1647);
#1647 = CARTESIAN_POINT('',(-9.5,6.123233995737E-16,606.));
#1648 = SEAM_CURVE('',#1649,(#1653,#1660),.PCURVE_S1.);
#1649 = LINE('',#1650,#1651);
#1650 = CARTESIAN_POINT('',(-9.5,6.123233995737E-16,555.2));
#1651 = VECTOR('',#1652,1.);
#1652 = DIRECTION('',(0.,0.,1.));
#1653 = PCURVE('',#1069,#1654);
#1654 = DEFINITIONAL_REPRESENTATION('',(#1655),#1659);
#1655 = LINE('',#1656,#1657);
#1656 = CARTESIAN_POINT('',(0.,-0.));
#1657 = VECTOR('',#1658,1.);
#1658 = DIRECTION('',(0.,1.));
#1659 = ( GEOMETRIC_REPRESENTATION_CONTEXT(2) 
PARAMETRIC_REPRESENTATION_CONTEXT() REPRESENTATION_CONTEXT('2D SPACE',''
  ) );
#1660 = PCURVE('',#1069,#1661);
#1661 = DEFINITIONAL_REPRESENTATION('',(#1662),#1666);
#1662 = LINE('',#1663,#1664);
#1663 = CARTESIAN_POINT('',(6.28318530718,-0.));
#1664 = VECTOR('',#1665,1.);
#1665 = DIRECTION('',(0.,1.));
#1666 = ( GEOMETRIC_REPRESENTATION_CONTEXT(2) 
PARAMETRIC_REPRESENTATION_CONTEXT() REPRESENTATION_CONTEXT('2D SPACE',''
  ) );
#1667 = ORIENTED_EDGE('',*,*,#1668,.F.);
#1668 = EDGE_CURVE('',#1646,#1646,#1669,.T.);
#1669 = SURFACE_CURVE('',#1670,(#1675,#1682),.PCURVE_S1.);
#1670 = CIRCLE('',#1671,4.5);
#1671 = AXIS2_PLACEMENT_3D('',#1672,#1673,#1674);
#1672 = CARTESIAN_POINT('',(-14.,1.714505518806E-15,606.));
#1673 = DIRECTION('',(0.,0.,1.));
#1674 = DIRECTION('',(1.,0.,-0.));
#1675 = PCURVE('',#1069,#1676);
#1676 = DEFINITIONAL_REPRESENTATION('',(#1677),#1681);
#1677 = LINE('',#1678,#1679);
#1678 = CARTESIAN_POINT('',(0.,50.8));
#1679 = VECTOR('',#1680,1.);
#1680 = DIRECTION('',(1.,0.));
#1681 = ( GEOMETRIC_REPRESENTATION_CONTEXT(2) 
PARAMETRIC_REPRESENTATION_CONTEXT() REPRESENTATION_CONTEXT('2D SPACE',''
  ) );
#1682 = PCURVE('',#1578,#1683);
#1683 = DEFINITIONAL_REPRESENTATION('',(#1684),#1688);
#1684 = CIRCLE('',#1685,4.5);
#1685 = AXIS2_PLACEMENT_2D('',#1686,#1687);
#1686 = CARTESIAN_POINT('',(-14.,1.714505518806E-15));
#1687 = DIRECTION('',(1.,0.));
#1688 = ( GEOMETRIC_REPRESENTATION_CONTEXT(2) 
PARAMETRIC_REPRESENTATION_CONTEXT() REPRESENTATION_CONTEXT('2D SPACE',''
  ) );
#1689 = ORIENTED_EDGE('',*,*,#1645,.F.);
#1690 = ADVANCED_FACE('',(#1691),#1100,.T.);
#1691 = FACE_BOUND('',#1692,.T.);
#1692 = EDGE_LOOP('',(#1693,#1694,#1717,#1739));
#1693 = ORIENTED_EDGE('',*,*,#1083,.T.);
#1694 = ORIENTED_EDGE('',*,*,#1695,.T.);
#1695 = EDGE_CURVE('',#1084,#1696,#1698,.T.);
#1696 = VERTEX_POINT('',#1697);
#1697 = CARTESIAN_POINT('',(-2.5,12.124355652982,606.));
#1698 = SEAM_CURVE('',#1699,(#1703,#1710),.PCURVE_S1.);
#1699 = LINE('',#1700,#1701);
#1700 = CARTESIAN_POINT('',(-2.5,12.124355652982,555.2));
#1701 = VECTOR('',#1702,1.);
#1702 = DIRECTION('',(0.,0.,1.));
#1703 = PCURVE('',#1100,#1704);
#1704 = DEFINITIONAL_REPRESENTATION('',(#1705),#1709);
#1705 = LINE('',#1706,#1707);
#1706 = CARTESIAN_POINT('',(0.,-0.));
#1707 = VECTOR('',#1708,1.);
#1708 = DIRECTION('',(0.,1.));
#1709 = ( GEOMETRIC_REPRESENTATION_CONTEXT(2) 
PARAMETRIC_REPRESENTATION_CONTEXT() REPRESENTATION_CONTEXT('2D SPACE',''
  ) );
#1710 = PCURVE('',#1100,#1711);
#1711 = DEFINITIONAL_REPRESENTATION('',(#1712),#1716);
#1712 = LINE('',#1713,#1714);
#1713 = CARTESIAN_POINT('',(6.28318530718,-0.));
#1714 = VECTOR('',#1715,1.);
#1715 = DIRECTION('',(0.,1.));
#1716 = ( GEOMETRIC_REPRESENTATION_CONTEXT(2) 
PARAMETRIC_REPRESENTATION_CONTEXT() REPRESENTATION_CONTEXT('2D SPACE',''
  ) );
#1717 = ORIENTED_EDGE('',*,*,#1718,.F.);
#1718 = EDGE_CURVE('',#1696,#1696,#1719,.T.);
#1719 = SURFACE_CURVE('',#1720,(#1725,#1732),.PCURVE_S1.);
#1720 = CIRCLE('',#1721,4.5);
#1721 = AXIS2_PLACEMENT_3D('',#1722,#1723,#1724);
#1722 = CARTESIAN_POINT('',(-7.,12.124355652982,606.));
#1723 = DIRECTION('',(0.,0.,1.));
#1724 = DIRECTION('',(1.,0.,-0.));
#1725 = PCURVE('',#1100,#1726);
#1726 = DEFINITIONAL_REPRESENTATION('',(#1727),#1731);
#1727 = LINE('',#1728,#1729);
#1728 = CARTESIAN_POINT('',(0.,50.8));
#1729 = VECTOR('',#1730,1.);
#1730 = DIRECTION('',(1.,0.));
#1731 = ( GEOMETRIC_REPRESENTATION_CONTEXT(2) 
PARAMETRIC_REPRESENTATION_CONTEXT() REPRESENTATION_CONTEXT('2D SPACE',''
  ) );
#1732 = PCURVE('',#1578,#1733);
#1733 = DEFINITIONAL_REPRESENTATION('',(#1734),#1738);
#1734 = CIRCLE('',#1735,4.5);
#1735 = AXIS2_PLACEMENT_2D('',#1736,#1737);
#1736 = CARTESIAN_POINT('',(-7.,12.124355652982));
#1737 = DIRECTION('',(1.,0.));
#1738 = ( GEOMETRIC_REPRESENTATION_CONTEXT(2) 
PARAMETRIC_REPRESENTATION_CONTEXT() REPRESENTATION_CONTEXT('2D SPACE',''
  ) );
#1739 = ORIENTED_EDGE('',*,*,#1695,.F.);
#1740 = ADVANCED_FACE('',(#1741),#1131,.T.);
#1741 = FACE_BOUND('',#1742,.T.);
#1742 = EDGE_LOOP('',(#1743,#1744,#1767,#1789));
#1743 = ORIENTED_EDGE('',*,*,#1114,.T.);
#1744 = ORIENTED_EDGE('',*,*,#1745,.T.);
#1745 = EDGE_CURVE('',#1115,#1746,#1748,.T.);
#1746 = VERTEX_POINT('',#1747);
#1747 = CARTESIAN_POINT('',(4.5,-1.102182119233E-15,606.));
#1748 = SEAM_CURVE('',#1749,(#1753,#1760),.PCURVE_S1.);
#1749 = LINE('',#1750,#1751);
#1750 = CARTESIAN_POINT('',(4.5,-1.102182119233E-15,555.2));
#1751 = VECTOR('',#1752,1.);
#1752 = DIRECTION('',(0.,0.,1.));
#1753 = PCURVE('',#1131,#1754);
#1754 = DEFINITIONAL_REPRESENTATION('',(#1755),#1759);
#1755 = LINE('',#1756,#1757);
#1756 = CARTESIAN_POINT('',(0.,-0.));
#1757 = VECTOR('',#1758,1.);
#1758 = DIRECTION('',(0.,1.));
#1759 = ( GEOMETRIC_REPRESENTATION_CONTEXT(2) 
PARAMETRIC_REPRESENTATION_CONTEXT() REPRESENTATION_CONTEXT('2D SPACE',''
  ) );
#1760 = PCURVE('',#1131,#1761);
#1761 = DEFINITIONAL_REPRESENTATION('',(#1762),#1766);
#1762 = LINE('',#1763,#1764);
#1763 = CARTESIAN_POINT('',(6.28318530718,-0.));
#1764 = VECTOR('',#1765,1.);
#1765 = DIRECTION('',(0.,1.));
#1766 = ( GEOMETRIC_REPRESENTATION_CONTEXT(2) 
PARAMETRIC_REPRESENTATION_CONTEXT() REPRESENTATION_CONTEXT('2D SPACE',''
  ) );
#1767 = ORIENTED_EDGE('',*,*,#1768,.F.);
#1768 = EDGE_CURVE('',#1746,#1746,#1769,.T.);
#1769 = SURFACE_CURVE('',#1770,(#1775,#1782),.PCURVE_S1.);
#1770 = CIRCLE('',#1771,4.5);
#1771 = AXIS2_PLACEMENT_3D('',#1772,#1773,#1774);
#1772 = CARTESIAN_POINT('',(0.,0.,606.));
#1773 = DIRECTION('',(0.,0.,1.));
#1774 = DIRECTION('',(1.,0.,-0.));
#1775 = PCURVE('',#1131,#1776);
#1776 = DEFINITIONAL_REPRESENTATION('',(#1777),#1781);
#1777 = LINE('',#1778,#1779);
#1778 = CARTESIAN_POINT('',(0.,50.8));
#1779 = VECTOR('',#1780,1.);
#1780 = DIRECTION('',(1.,0.));
#1781 = ( GEOMETRIC_REPRESENTATION_CONTEXT(2) 
PARAMETRIC_REPRESENTATION_CONTEXT() REPRESENTATION_CONTEXT('2D SPACE',''
  ) );
#1782 = PCURVE('',#1578,#1783);
#1783 = DEFINITIONAL_REPRESENTATION('',(#1784),#1788);
#1784 = CIRCLE('',#1785,4.5);
#1785 = AXIS2_PLACEMENT_2D('',#1786,#1787);
#1786 = CARTESIAN_POINT('',(0.,0.));
#1787 = DIRECTION('',(1.,0.));
#1788 = ( GEOMETRIC_REPRESENTATION_CONTEXT(2) 
PARAMETRIC_REPRESENTATION_CONTEXT() REPRESENTATION_CONTEXT('2D SPACE',''
  ) );
#1789 = ORIENTED_EDGE('',*,*,#1745,.F.);
#1790 = ADVANCED_FACE('',(#1791),#1162,.T.);
#1791 = FACE_BOUND('',#1792,.T.);
#1792 = EDGE_LOOP('',(#1793,#1794,#1817,#1839));
#1793 = ORIENTED_EDGE('',*,*,#1145,.T.);
#1794 = ORIENTED_EDGE('',*,*,#1795,.T.);
#1795 = EDGE_CURVE('',#1146,#1796,#1798,.T.);
#1796 = VERTEX_POINT('',#1797);
#1797 = CARTESIAN_POINT('',(18.5,-1.102182119233E-15,606.));
#1798 = SEAM_CURVE('',#1799,(#1803,#1810),.PCURVE_S1.);
#1799 = LINE('',#1800,#1801);
#1800 = CARTESIAN_POINT('',(18.5,-1.102182119233E-15,555.2));
#1801 = VECTOR('',#1802,1.);
#1802 = DIRECTION('',(0.,0.,1.));
#1803 = PCURVE('',#1162,#1804);
#1804 = DEFINITIONAL_REPRESENTATION('',(#1805),#1809);
#1805 = LINE('',#1806,#1807);
#1806 = CARTESIAN_POINT('',(0.,-0.));
#1807 = VECTOR('',#1808,1.);
#1808 = DIRECTION('',(0.,1.));
#1809 = ( GEOMETRIC_REPRESENTATION_CONTEXT(2) 
PARAMETRIC_REPRESENTATION_CONTEXT() REPRESENTATION_CONTEXT('2D SPACE',''
  ) );
#1810 = PCURVE('',#1162,#1811);
#1811 = DEFINITIONAL_REPRESENTATION('',(#1812),#1816);
#1812 = LINE('',#1813,#1814);
#1813 = CARTESIAN_POINT('',(6.28318530718,-0.));
#1814 = VECTOR('',#1815,1.);
#1815 = DIRECTION('',(0.,1.));
#1816 = ( GEOMETRIC_REPRESENTATION_CONTEXT(2) 
PARAMETRIC_REPRESENTATION_CONTEXT() REPRESENTATION_CONTEXT('2D SPACE',''
  ) );
#1817 = ORIENTED_EDGE('',*,*,#1818,.F.);
#1818 = EDGE_CURVE('',#1796,#1796,#1819,.T.);
#1819 = SURFACE_CURVE('',#1820,(#1825,#1832),.PCURVE_S1.);
#1820 = CIRCLE('',#1821,4.5);
#1821 = AXIS2_PLACEMENT_3D('',#1822,#1823,#1824);
#1822 = CARTESIAN_POINT('',(14.,0.,606.));
#1823 = DIRECTION('',(0.,0.,1.));
#1824 = DIRECTION('',(1.,0.,-0.));
#1825 = PCURVE('',#1162,#1826);
#1826 = DEFINITIONAL_REPRESENTATION('',(#1827),#1831);
#1827 = LINE('',#1828,#1829);
#1828 = CARTESIAN_POINT('',(0.,50.8));
#1829 = VECTOR('',#1830,1.);
#1830 = DIRECTION('',(1.,0.));
#1831 = ( GEOMETRIC_REPRESENTATION_CONTEXT(2) 
PARAMETRIC_REPRESENTATION_CONTEXT() REPRESENTATION_CONTEXT('2D SPACE',''
  ) );
#1832 = PCURVE('',#1578,#1833);
#1833 = DEFINITIONAL_REPRESENTATION('',(#1834),#1838);
#1834 = CIRCLE('',#1835,4.5);
#1835 = AXIS2_PLACEMENT_2D('',#1836,#1837);
#1836 = CARTESIAN_POINT('',(14.,0.));
#1837 = DIRECTION('',(1.,0.));
#1838 = ( GEOMETRIC_REPRESENTATION_CONTEXT(2) 
PARAMETRIC_REPRESENTATION_CONTEXT() REPRESENTATION_CONTEXT('2D SPACE',''
  ) );
#1839 = ORIENTED_EDGE('',*,*,#1795,.F.);
#1840 = ADVANCED_FACE('',(#1841),#1193,.T.);
#1841 = FACE_BOUND('',#1842,.T.);
#1842 = EDGE_LOOP('',(#1843,#1844,#1867,#1889));
#1843 = ORIENTED_EDGE('',*,*,#1176,.T.);
#1844 = ORIENTED_EDGE('',*,*,#1845,.T.);
#1845 = EDGE_CURVE('',#1177,#1846,#1848,.T.);
#1846 = VERTEX_POINT('',#1847);
#1847 = CARTESIAN_POINT('',(11.5,12.124355652982,606.));
#1848 = SEAM_CURVE('',#1849,(#1853,#1860),.PCURVE_S1.);
#1849 = LINE('',#1850,#1851);
#1850 = CARTESIAN_POINT('',(11.5,12.124355652982,555.2));
#1851 = VECTOR('',#1852,1.);
#1852 = DIRECTION('',(0.,0.,1.));
#1853 = PCURVE('',#1193,#1854);
#1854 = DEFINITIONAL_REPRESENTATION('',(#1855),#1859);
#1855 = LINE('',#1856,#1857);
#1856 = CARTESIAN_POINT('',(0.,-0.));
#1857 = VECTOR('',#1858,1.);
#1858 = DIRECTION('',(0.,1.));
#1859 = ( GEOMETRIC_REPRESENTATION_CONTEXT(2) 
PARAMETRIC_REPRESENTATION_CONTEXT() REPRESENTATION_CONTEXT('2D SPACE',''
  ) );
#1860 = PCURVE('',#1193,#1861);
#1861 = DEFINITIONAL_REPRESENTATION('',(#1862),#1866);
#1862 = LINE('',#1863,#1864);
#1863 = CARTESIAN_POINT('',(6.28318530718,-0.));
#1864 = VECTOR('',#1865,1.);
#1865 = DIRECTION('',(0.,1.));
#1866 = ( GEOMETRIC_REPRESENTATION_CONTEXT(2) 
PARAMETRIC_REPRESENTATION_CONTEXT() REPRESENTATION_CONTEXT('2D SPACE',''
  ) );
#1867 = ORIENTED_EDGE('',*,*,#1868,.F.);
#1868 = EDGE_CURVE('',#1846,#1846,#1869,.T.);
#1869 = SURFACE_CURVE('',#1870,(#1875,#1882),.PCURVE_S1.);
#1870 = CIRCLE('',#1871,4.5);
#1871 = AXIS2_PLACEMENT_3D('',#1872,#1873,#1874);
#1872 = CARTESIAN_POINT('',(7.,12.124355652982,606.));
#1873 = DIRECTION('',(0.,0.,1.));
#1874 = DIRECTION('',(1.,0.,-0.));
#1875 = PCURVE('',#1193,#1876);
#1876 = DEFINITIONAL_REPRESENTATION('',(#1877),#1881);
#1877 = LINE('',#1878,#1879);
#1878 = CARTESIAN_POINT('',(0.,50.8));
#1879 = VECTOR('',#1880,1.);
#1880 = DIRECTION('',(1.,0.));
#1881 = ( GEOMETRIC_REPRESENTATION_CONTEXT(2) 
PARAMETRIC_REPRESENTATION_CONTEXT() REPRESENTATION_CONTEXT('2D SPACE',''
  ) );
#1882 = PCURVE('',#1578,#1883);
#1883 = DEFINITIONAL_REPRESENTATION('',(#1884),#1888);
#1884 = CIRCLE('',#1885,4.5);
#1885 = AXIS2_PLACEMENT_2D('',#1886,#1887);
#1886 = CARTESIAN_POINT('',(7.,12.124355652982));
#1887 = DIRECTION('',(1.,0.));
#1888 = ( GEOMETRIC_REPRESENTATION_CONTEXT(2) 
PARAMETRIC_REPRESENTATION_CONTEXT() REPRESENTATION_CONTEXT('2D SPACE',''
  ) );
#1889 = ORIENTED_EDGE('',*,*,#1845,.F.);
#1890 = ADVANCED_FACE('',(#1891),#1246,.T.);
#1891 = FACE_BOUND('',#1892,.T.);
#1892 = EDGE_LOOP('',(#1893));
#1893 = ORIENTED_EDGE('',*,*,#1231,.T.);
#1894 = ADVANCED_FACE('',(#1895),#1302,.T.);
#1895 = FACE_BOUND('',#1896,.T.);
#1896 = EDGE_LOOP('',(#1897));
#1897 = ORIENTED_EDGE('',*,*,#1287,.T.);
#1898 = ADVANCED_FACE('',(#1899),#1357,.T.);
#1899 = FACE_BOUND('',#1900,.T.);
#1900 = EDGE_LOOP('',(#1901));
#1901 = ORIENTED_EDGE('',*,*,#1342,.T.);
#1902 = ADVANCED_FACE('',(#1903),#1412,.T.);
#1903 = FACE_BOUND('',#1904,.T.);
#1904 = EDGE_LOOP('',(#1905));
#1905 = ORIENTED_EDGE('',*,*,#1397,.T.);
#1906 = ADVANCED_FACE('',(#1907),#1467,.T.);
#1907 = FACE_BOUND('',#1908,.T.);
#1908 = EDGE_LOOP('',(#1909));
#1909 = ORIENTED_EDGE('',*,*,#1452,.T.);
#1910 = ADVANCED_FACE('',(#1911),#1522,.T.);
#1911 = FACE_BOUND('',#1912,.T.);
#1912 = EDGE_LOOP('',(#1913));
#1913 = ORIENTED_EDGE('',*,*,#1507,.T.);
#1914 = ADVANCED_FACE('',(#1915,#1946,#1949,#1952,#1955,#1958,#1961,
    #1964),#1578,.F.);
#1915 = FACE_BOUND('',#1916,.F.);
#1916 = EDGE_LOOP('',(#1917));
#1917 = ORIENTED_EDGE('',*,*,#1918,.T.);
#1918 = EDGE_CURVE('',#1919,#1919,#1921,.T.);
#1919 = VERTEX_POINT('',#1920);
#1920 = CARTESIAN_POINT('',(26.,-6.368163355566E-15,606.));
#1921 = SURFACE_CURVE('',#1922,(#1927,#1934),.PCURVE_S1.);
#1922 = CIRCLE('',#1923,26.);
#1923 = AXIS2_PLACEMENT_3D('',#1924,#1925,#1926);
#1924 = CARTESIAN_POINT('',(0.,0.,606.));
#1925 = DIRECTION('',(0.,0.,1.));
#1926 = DIRECTION('',(1.,0.,-0.));
#1927 = PCURVE('',#1578,#1928);
#1928 = DEFINITIONAL_REPRESENTATION('',(#1929),#1933);
#1929 = CIRCLE('',#1930,26.);
#1930 = AXIS2_PLACEMENT_2D('',#1931,#1932);
#1931 = CARTESIAN_POINT('',(0.,0.));
#1932 = DIRECTION('',(1.,0.));
#1933 = ( GEOMETRIC_REPRESENTATION_CONTEXT(2) 
PARAMETRIC_REPRESENTATION_CONTEXT() REPRESENTATION_CONTEXT('2D SPACE',''
  ) );
#1934 = PCURVE('',#1935,#1940);
#1935 = CYLINDRICAL_SURFACE('',#1936,26.);
#1936 = AXIS2_PLACEMENT_3D('',#1937,#1938,#1939);
#1937 = CARTESIAN_POINT('',(0.,0.,606.));
#1938 = DIRECTION('',(0.,0.,1.));
#1939 = DIRECTION('',(1.,0.,-0.));
#1940 = DEFINITIONAL_REPRESENTATION('',(#1941),#1945);
#1941 = LINE('',#1942,#1943);
#1942 = CARTESIAN_POINT('',(0.,0.));
#1943 = VECTOR('',#1944,1.);
#1944 = DIRECTION('',(1.,0.));
#1945 = ( GEOMETRIC_REPRESENTATION_CONTEXT(2) 
PARAMETRIC_REPRESENTATION_CONTEXT() REPRESENTATION_CONTEXT('2D SPACE',''
  ) );
#1946 = FACE_BOUND('',#1947,.F.);
#1947 = EDGE_LOOP('',(#1948));
#1948 = ORIENTED_EDGE('',*,*,#1563,.F.);
#1949 = FACE_BOUND('',#1950,.F.);
#1950 = EDGE_LOOP('',(#1951));
#1951 = ORIENTED_EDGE('',*,*,#1618,.F.);
#1952 = FACE_BOUND('',#1953,.F.);
#1953 = EDGE_LOOP('',(#1954));
#1954 = ORIENTED_EDGE('',*,*,#1668,.F.);
#1955 = FACE_BOUND('',#1956,.F.);
#1956 = EDGE_LOOP('',(#1957));
#1957 = ORIENTED_EDGE('',*,*,#1718,.F.);
#1958 = FACE_BOUND('',#1959,.F.);
#1959 = EDGE_LOOP('',(#1960));
#1960 = ORIENTED_EDGE('',*,*,#1768,.F.);
#1961 = FACE_BOUND('',#1962,.F.);
#1962 = EDGE_LOOP('',(#1963));
#1963 = ORIENTED_EDGE('',*,*,#1818,.F.);
#1964 = FACE_BOUND('',#1965,.F.);
#1965 = EDGE_LOOP('',(#1966));
#1966 = ORIENTED_EDGE('',*,*,#1868,.F.);
#1967 = ADVANCED_FACE('',(#1968),#1935,.T.);
#1968 = FACE_BOUND('',#1969,.T.);
#1969 = EDGE_LOOP('',(#1970,#1999,#2020,#2021));
#1970 = ORIENTED_EDGE('',*,*,#1971,.F.);
#1971 = EDGE_CURVE('',#1972,#1972,#1974,.T.);
#1972 = VERTEX_POINT('',#1973);
#1973 = CARTESIAN_POINT('',(26.,-6.368163355566E-15,631.));
#1974 = SURFACE_CURVE('',#1975,(#1980,#1987),.PCURVE_S1.);
#1975 = CIRCLE('',#1976,26.);
#1976 = AXIS2_PLACEMENT_3D('',#1977,#1978,#1979);
#1977 = CARTESIAN_POINT('',(0.,0.,631.));
#1978 = DIRECTION('',(0.,0.,1.));
#1979 = DIRECTION('',(1.,0.,-0.));
#1980 = PCURVE('',#1935,#1981);
#1981 = DEFINITIONAL_REPRESENTATION('',(#1982),#1986);
#1982 = LINE('',#1983,#1984);
#1983 = CARTESIAN_POINT('',(0.,25.));
#1984 = VECTOR('',#1985,1.);
#1985 = DIRECTION('',(1.,0.));
#1986 = ( GEOMETRIC_REPRESENTATION_CONTEXT(2) 
PARAMETRIC_REPRESENTATION_CONTEXT() REPRESENTATION_CONTEXT('2D SPACE',''
  ) );
#1987 = PCURVE('',#1988,#1993);
#1988 = PLANE('',#1989);
#1989 = AXIS2_PLACEMENT_3D('',#1990,#1991,#1992);
#1990 = CARTESIAN_POINT('',(0.,0.,631.));
#1991 = DIRECTION('',(0.,0.,1.));
#1992 = DIRECTION('',(1.,0.,-0.));
#1993 = DEFINITIONAL_REPRESENTATION('',(#1994),#1998);
#1994 = CIRCLE('',#1995,26.);
#1995 = AXIS2_PLACEMENT_2D('',#1996,#1997);
#1996 = CARTESIAN_POINT('',(0.,0.));
#1997 = DIRECTION('',(1.,0.));
#1998 = ( GEOMETRIC_REPRESENTATION_CONTEXT(2) 
PARAMETRIC_REPRESENTATION_CONTEXT() REPRESENTATION_CONTEXT('2D SPACE',''
  ) );
#1999 = ORIENTED_EDGE('',*,*,#2000,.F.);
#2000 = EDGE_CURVE('',#1919,#1972,#2001,.T.);
#2001 = SEAM_CURVE('',#2002,(#2006,#2013),.PCURVE_S1.);
#2002 = LINE('',#2003,#2004);
#2003 = CARTESIAN_POINT('',(26.,-6.368163355566E-15,606.));
#2004 = VECTOR('',#2005,1.);
#2005 = DIRECTION('',(0.,0.,1.));
#2006 = PCURVE('',#1935,#2007);
#2007 = DEFINITIONAL_REPRESENTATION('',(#2008),#2012);
#2008 = LINE('',#2009,#2010);
#2009 = CARTESIAN_POINT('',(6.28318530718,-0.));
#2010 = VECTOR('',#2011,1.);
#2011 = DIRECTION('',(0.,1.));
#2012 = ( GEOMETRIC_REPRESENTATION_CONTEXT(2) 
PARAMETRIC_REPRESENTATION_CONTEXT() REPRESENTATION_CONTEXT('2D SPACE',''
  ) );
#2013 = PCURVE('',#1935,#2014);
#2014 = DEFINITIONAL_REPRESENTATION('',(#2015),#2019);
#2015 = LINE('',#2016,#2017);
#2016 = CARTESIAN_POINT('',(0.,-0.));
#2017 = VECTOR('',#2018,1.);
#2018 = DIRECTION('',(0.,1.));
#2019 = ( GEOMETRIC_REPRESENTATION_CONTEXT(2) 
PARAMETRIC_REPRESENTATION_CONTEXT() REPRESENTATION_CONTEXT('2D SPACE',''
  ) );
#2020 = ORIENTED_EDGE('',*,*,#1918,.T.);
#2021 = ORIENTED_EDGE('',*,*,#2000,.T.);
#2022 = ADVANCED_FACE('',(#2023),#1988,.T.);
#2023 = FACE_BOUND('',#2024,.T.);
#2024 = EDGE_LOOP('',(#2025));
#2025 = ORIENTED_EDGE('',*,*,#1971,.T.);
#2026 = ( GEOMETRIC_REPRESENTATION_CONTEXT(3) 
GLOBAL_UNCERTAINTY_ASSIGNED_CONTEXT((#2030)) 
GLOBAL_UNIT_ASSIGNED_CONTEXT((#2027,#2028,#2029)) REPRESENTATION_CONTEXT
('Context #1','3D Context with UNIT and UNCERTAINTY') );
#2027 = ( LENGTH_UNIT() NAMED_UNIT(*) SI_UNIT(.MILLI.,.METRE.) );
#2028 = ( NAMED_UNIT(*) PLANE_ANGLE_UNIT() SI_UNIT($,.RADIAN.) );
#2029 = ( NAMED_UNIT(*) SI_UNIT($,.STERADIAN.) SOLID_ANGLE_UNIT() );
#2030 = UNCERTAINTY_MEASURE_WITH_UNIT(LENGTH_MEASURE(1.E-07),#2027,
  'distance_accuracy_value','confusion accuracy');
#2031 = PRODUCT_RELATED_PRODUCT_CATEGORY('part',$,(#7));
ENDSEC;
END-ISO-10303-21;
