ISO-10303-21;
HEADER;
FILE_DESCRIPTION(('Open CASCADE Model'),'2;1');
FILE_NAME('Open CASCADE Shape Model','2026-07-04T00:07:04',('Author'),(
    'Open CASCADE'),'Open CASCADE STEP processor 7.8','Open CASCADE 7.8'
  ,'Unknown');
FILE_SCHEMA(('AUTOMOTIVE_DESIGN { 1 0 10303 214 1 1 1 1 }'));
ENDSEC;
DATA;
#1 = APPLICATION_PROTOCOL_DEFINITION('international standard',
  'automotive_design',2000,#2);
#2 = APPLICATION_CONTEXT(
  'core data for automotive mechanical design processes');
#3 = SHAPE_DEFINITION_REPRESENTATION(#4,#10);
#4 = PRODUCT_DEFINITION_SHAPE('','',#5);
#5 = PRODUCT_DEFINITION('design','',#6,#9);
#6 = PRODUCT_DEFINITION_FORMATION('','',#7);
#7 = PRODUCT('Open CASCADE STEP translator 7.8 1',
  'Open CASCADE STEP translator 7.8 1','',(#8));
#8 = PRODUCT_CONTEXT('',#2,'mechanical');
#9 = PRODUCT_DEFINITION_CONTEXT('part definition',#2,'design');
#10 = ADVANCED_BREP_SHAPE_REPRESENTATION('',(#11,#15),#3141);
#11 = AXIS2_PLACEMENT_3D('',#12,#13,#14);
#12 = CARTESIAN_POINT('',(0.,0.,0.));
#13 = DIRECTION('',(0.,0.,1.));
#14 = DIRECTION('',(1.,0.,-0.));
#15 = MANIFOLD_SOLID_BREP('',#16);
#16 = CLOSED_SHELL('',(#17,#163,#294,#344,#389,#419,#460,#711,#750,#789,
    #937,#1017,#1165,#1245,#1304,#1359,#1409,#1454,#1484,#1491,#1541,
    #1586,#1616,#1623,#1658,#1662,#1963,#2002,#2150,#2230,#2378,#2458,
    #2606,#2686,#2741,#2791,#2836,#2866,#2873,#2923,#2968,#2998,#3005,
    #3055,#3100,#3130,#3137));
#17 = ADVANCED_FACE('',(#18),#31,.F.);
#18 = FACE_BOUND('',#19,.F.);
#19 = EDGE_LOOP('',(#20,#61,#100,#126));
#20 = ORIENTED_EDGE('',*,*,#21,.T.);
#21 = EDGE_CURVE('',#22,#24,#26,.T.);
#22 = VERTEX_POINT('',#23);
#23 = CARTESIAN_POINT('',(0.364711988415,-6.222256268699,-0.76135));
#24 = VERTEX_POINT('',#25);
#25 = CARTESIAN_POINT('',(0.290758938485,-6.221352716794,-0.71865));
#26 = SURFACE_CURVE('',#27,(#30,#50),.PCURVE_S1.);
#27 = B_SPLINE_CURVE_WITH_KNOTS('',1,(#28,#29),.UNSPECIFIED.,.F.,.F.,(2,
    2),(0.,1.),.PIECEWISE_BEZIER_KNOTS.);
#28 = CARTESIAN_POINT('',(0.364711988415,-6.222256268699,-0.76135));
#29 = CARTESIAN_POINT('',(0.290758938485,-6.221352716794,-0.71865));
#30 = PCURVE('',#31,#44);
#31 = ( BOUNDED_SURFACE() B_SPLINE_SURFACE(1,5,(
    (#32,#33,#34,#35,#36,#37)
    ,(#38,#39,#40,#41,#42,#43
)),.UNSPECIFIED.,.F.,.F.,.F.) B_SPLINE_SURFACE_WITH_KNOTS((2,2),(6,6),(
    0.,1.),(0.,1.),.PIECEWISE_BEZIER_KNOTS.) 
GEOMETRIC_REPRESENTATION_ITEM() RATIONAL_B_SPLINE_SURFACE((
    (1.,1.,1.,1.,1.,1.)
,(1.,1.,1.,1.,1.,1.))) REPRESENTATION_ITEM('') SURFACE() );
#32 = CARTESIAN_POINT('',(0.364711988415,-6.222256268699,-0.76135));
#33 = CARTESIAN_POINT('',(0.369377654001,-6.14182856302,-0.768371567083)
  );
#34 = CARTESIAN_POINT('',(0.346218350408,-6.05943821742,-0.775262770121)
  );
#35 = CARTESIAN_POINT('',(0.296661826681,-5.989919005478,-0.781718927075
    ));
#36 = CARTESIAN_POINT('',(0.233782623615,-5.937670657093,-0.787749103153
    ));
#37 = CARTESIAN_POINT('',(0.162427403378,-5.901729372103,-0.7934));
#38 = CARTESIAN_POINT('',(0.290758938485,-6.221352716794,-0.71865));
#39 = CARTESIAN_POINT('',(0.270987525184,-6.151074972775,-0.711628432917
    ));
#40 = CARTESIAN_POINT('',(0.225511357507,-6.087363167391,-0.704737229879
    ));
#41 = CARTESIAN_POINT('',(0.160108757993,-6.043186659511,-0.698281072925
    ));
#42 = CARTESIAN_POINT('',(8.801460117064E-02,-6.018594579678,
    -0.692250896847));
#43 = CARTESIAN_POINT('',(1.334435078826E-02,-6.011241761496,-0.6866));
#44 = DEFINITIONAL_REPRESENTATION('',(#45),#49);
#45 = LINE('',#46,#47);
#46 = CARTESIAN_POINT('',(0.,0.));
#47 = VECTOR('',#48,1.);
#48 = DIRECTION('',(1.,0.));
#49 = ( GEOMETRIC_REPRESENTATION_CONTEXT(2) 
PARAMETRIC_REPRESENTATION_CONTEXT() REPRESENTATION_CONTEXT('2D SPACE',''
  ) );
#50 = PCURVE('',#51,#56);
#51 = PLANE('',#52);
#52 = AXIS2_PLACEMENT_3D('',#53,#54,#55);
#53 = CARTESIAN_POINT('',(0.364711988415,-6.222256268699,-0.76135));
#54 = DIRECTION('',(-0.49996268483,6.108500417626E-03,-0.866025403784));
#55 = DIRECTION('',(-0.863482477947,-8.0413136047E-02,0.497927442334));
#56 = DEFINITIONAL_REPRESENTATION('',(#57),#60);
#57 = B_SPLINE_CURVE_WITH_KNOTS('',1,(#58,#59),.UNSPECIFIED.,.F.,.F.,(2,
    2),(0.,1.),.PIECEWISE_BEZIER_KNOTS.);
#58 = CARTESIAN_POINT('',(0.,0.));
#59 = CARTESIAN_POINT('',(8.504600715073E-02,7.767668100418E-03));
#60 = ( GEOMETRIC_REPRESENTATION_CONTEXT(2) 
PARAMETRIC_REPRESENTATION_CONTEXT() REPRESENTATION_CONTEXT('2D SPACE',''
  ) );
#61 = ORIENTED_EDGE('',*,*,#62,.T.);
#62 = EDGE_CURVE('',#24,#63,#65,.T.);
#63 = VERTEX_POINT('',#64);
#64 = CARTESIAN_POINT('',(1.334435078826E-02,-6.011241761496,-0.6866));
#65 = SURFACE_CURVE('',#66,(#73,#80),.PCURVE_S1.);
#66 = ( BOUNDED_CURVE() B_SPLINE_CURVE(5,(#67,#68,#69,#70,#71,#72),
.UNSPECIFIED.,.F.,.F.) B_SPLINE_CURVE_WITH_KNOTS((6,6),(0.,1.),
.PIECEWISE_BEZIER_KNOTS.) CURVE() GEOMETRIC_REPRESENTATION_ITEM() 
RATIONAL_B_SPLINE_CURVE((1.,1.,1.,1.,1.,1.)) REPRESENTATION_ITEM('') );
#67 = CARTESIAN_POINT('',(0.290758938485,-6.221352716794,-0.71865));
#68 = CARTESIAN_POINT('',(0.270987525184,-6.151074972775,-0.711628432917
    ));
#69 = CARTESIAN_POINT('',(0.225511357507,-6.087363167391,-0.704737229879
    ));
#70 = CARTESIAN_POINT('',(0.160108757993,-6.043186659511,-0.698281072925
    ));
#71 = CARTESIAN_POINT('',(8.801460117064E-02,-6.018594579678,
    -0.692250896847));
#72 = CARTESIAN_POINT('',(1.334435078826E-02,-6.011241761496,-0.6866));
#73 = PCURVE('',#31,#74);
#74 = DEFINITIONAL_REPRESENTATION('',(#75),#79);
#75 = LINE('',#76,#77);
#76 = CARTESIAN_POINT('',(1.,0.));
#77 = VECTOR('',#78,1.);
#78 = DIRECTION('',(0.,1.));
#79 = ( GEOMETRIC_REPRESENTATION_CONTEXT(2) 
PARAMETRIC_REPRESENTATION_CONTEXT() REPRESENTATION_CONTEXT('2D SPACE',''
  ) );
#80 = PCURVE('',#81,#94);
#81 = ( BOUNDED_SURFACE() B_SPLINE_SURFACE(1,5,(
    (#82,#83,#84,#85,#86,#87)
    ,(#88,#89,#90,#91,#92,#93
)),.UNSPECIFIED.,.F.,.F.,.F.) B_SPLINE_SURFACE_WITH_KNOTS((2,2),(6,6),(
    1.,2.),(0.,1.),.PIECEWISE_BEZIER_KNOTS.) 
GEOMETRIC_REPRESENTATION_ITEM() RATIONAL_B_SPLINE_SURFACE((
    (1.,1.,1.,1.,1.,1.)
,(1.,1.,1.,1.,1.,1.))) REPRESENTATION_ITEM('') SURFACE() );
#82 = CARTESIAN_POINT('',(0.290758938485,-6.221352716794,-0.71865));
#83 = CARTESIAN_POINT('',(0.270987525184,-6.151074972775,-0.711628432917
    ));
#84 = CARTESIAN_POINT('',(0.225511357507,-6.087363167391,-0.704737229879
    ));
#85 = CARTESIAN_POINT('',(0.160108757993,-6.043186659511,-0.698281072925
    ));
#86 = CARTESIAN_POINT('',(8.801460117064E-02,-6.018594579678,
    -0.692250896847));
#87 = CARTESIAN_POINT('',(1.334435078826E-02,-6.011241761496,-0.6866));
#88 = CARTESIAN_POINT('',(0.290663645879,-6.229152134677,-0.71865));
#89 = CARTESIAN_POINT('',(0.271995457959,-6.158888140935,-0.711628432917
    ));
#90 = CARTESIAN_POINT('',(0.227605745817,-6.094993095326,-0.704737229879
    ));
#91 = CARTESIAN_POINT('',(0.163172594465,-6.050456390437,-0.698281072925
    ));
#92 = CARTESIAN_POINT('',(9.191638792445E-02,-6.025407030459,
    -0.692250896847));
#93 = CARTESIAN_POINT('',(1.796205358289E-02,-6.017528002098,-0.6866));
#94 = DEFINITIONAL_REPRESENTATION('',(#95),#99);
#95 = LINE('',#96,#97);
#96 = CARTESIAN_POINT('',(1.,0.));
#97 = VECTOR('',#98,1.);
#98 = DIRECTION('',(0.,1.));
#99 = ( GEOMETRIC_REPRESENTATION_CONTEXT(2) 
PARAMETRIC_REPRESENTATION_CONTEXT() REPRESENTATION_CONTEXT('2D SPACE',''
  ) );
#100 = ORIENTED_EDGE('',*,*,#101,.F.);
#101 = EDGE_CURVE('',#102,#63,#104,.T.);
#102 = VERTEX_POINT('',#103);
#103 = CARTESIAN_POINT('',(0.162427403378,-5.901729372103,-0.7934));
#104 = SURFACE_CURVE('',#105,(#108,#115),.PCURVE_S1.);
#105 = B_SPLINE_CURVE_WITH_KNOTS('',1,(#106,#107),.UNSPECIFIED.,.F.,.F.,
  (2,2),(0.,1.),.PIECEWISE_BEZIER_KNOTS.);
#106 = CARTESIAN_POINT('',(0.162427403378,-5.901729372103,-0.7934));
#107 = CARTESIAN_POINT('',(1.334435078826E-02,-6.011241761496,-0.6866));
#108 = PCURVE('',#31,#109);
#109 = DEFINITIONAL_REPRESENTATION('',(#110),#114);
#110 = LINE('',#111,#112);
#111 = CARTESIAN_POINT('',(0.,1.));
#112 = VECTOR('',#113,1.);
#113 = DIRECTION('',(1.,0.));
#114 = ( GEOMETRIC_REPRESENTATION_CONTEXT(2) 
PARAMETRIC_REPRESENTATION_CONTEXT() REPRESENTATION_CONTEXT('2D SPACE',''
  ) );
#115 = PCURVE('',#116,#121);
#116 = PLANE('',#117);
#117 = AXIS2_PLACEMENT_3D('',#118,#119,#120);
#118 = CARTESIAN_POINT('',(0.162427403378,-5.901729372103,-0.7934));
#119 = DIRECTION('',(0.402964141124,0.2960065894,0.866025403784));
#120 = DIRECTION('',(-0.675885417356,-0.541767319806,0.499666962882));
#121 = DEFINITIONAL_REPRESENTATION('',(#122),#125);
#122 = B_SPLINE_CURVE_WITH_KNOTS('',1,(#123,#124),.UNSPECIFIED.,.F.,.F.,
  (2,2),(0.,1.),.PIECEWISE_BEZIER_KNOTS.);
#123 = CARTESIAN_POINT('',(0.,0.));
#124 = CARTESIAN_POINT('',(0.213457726543,-7.794804620953E-03));
#125 = ( GEOMETRIC_REPRESENTATION_CONTEXT(2) 
PARAMETRIC_REPRESENTATION_CONTEXT() REPRESENTATION_CONTEXT('2D SPACE',''
  ) );
#126 = ORIENTED_EDGE('',*,*,#127,.F.);
#127 = EDGE_CURVE('',#22,#102,#128,.T.);
#128 = SURFACE_CURVE('',#129,(#136,#143),.PCURVE_S1.);
#129 = ( BOUNDED_CURVE() B_SPLINE_CURVE(5,(#130,#131,#132,#133,#134,#135
),.UNSPECIFIED.,.F.,.F.) B_SPLINE_CURVE_WITH_KNOTS((6,6),(0.,1.),
.PIECEWISE_BEZIER_KNOTS.) CURVE() GEOMETRIC_REPRESENTATION_ITEM() 
RATIONAL_B_SPLINE_CURVE((1.,1.,1.,1.,1.,1.)) REPRESENTATION_ITEM('') );
#130 = CARTESIAN_POINT('',(0.364711988415,-6.222256268699,-0.76135));
#131 = CARTESIAN_POINT('',(0.369377654001,-6.14182856302,-0.768371567083
    ));
#132 = CARTESIAN_POINT('',(0.346218350408,-6.05943821742,-0.775262770121
    ));
#133 = CARTESIAN_POINT('',(0.296661826681,-5.989919005478,
    -0.781718927075));
#134 = CARTESIAN_POINT('',(0.233782623615,-5.937670657093,
    -0.787749103153));
#135 = CARTESIAN_POINT('',(0.162427403378,-5.901729372103,-0.7934));
#136 = PCURVE('',#31,#137);
#137 = DEFINITIONAL_REPRESENTATION('',(#138),#142);
#138 = LINE('',#139,#140);
#139 = CARTESIAN_POINT('',(0.,0.));
#140 = VECTOR('',#141,1.);
#141 = DIRECTION('',(0.,1.));
#142 = ( GEOMETRIC_REPRESENTATION_CONTEXT(2) 
PARAMETRIC_REPRESENTATION_CONTEXT() REPRESENTATION_CONTEXT('2D SPACE',''
  ) );
#143 = PCURVE('',#144,#157);
#144 = ( BOUNDED_SURFACE() B_SPLINE_SURFACE(1,5,(
    (#145,#146,#147,#148,#149,#150)
    ,(#151,#152,#153,#154,#155,#156
)),.UNSPECIFIED.,.F.,.F.,.F.) B_SPLINE_SURFACE_WITH_KNOTS((2,2),(6,6),(
    3.,4.),(0.,1.),.PIECEWISE_BEZIER_KNOTS.) 
GEOMETRIC_REPRESENTATION_ITEM() RATIONAL_B_SPLINE_SURFACE((
    (1.,1.,1.,1.,1.,1.)
,(1.,1.,1.,1.,1.,1.))) REPRESENTATION_ITEM('') SURFACE() );
#145 = CARTESIAN_POINT('',(0.364616695809,-6.230055686582,-0.76135));
#146 = CARTESIAN_POINT('',(0.370385586776,-6.14964173118,-0.768371567083
    ));
#147 = CARTESIAN_POINT('',(0.348312738718,-6.067068145354,
    -0.775262770121));
#148 = CARTESIAN_POINT('',(0.299725663152,-5.997188736404,
    -0.781718927075));
#149 = CARTESIAN_POINT('',(0.237684410369,-5.944483107873,
    -0.787749103153));
#150 = CARTESIAN_POINT('',(0.167045106172,-5.908015612705,-0.7934));
#151 = CARTESIAN_POINT('',(0.364711988415,-6.222256268699,-0.76135));
#152 = CARTESIAN_POINT('',(0.369377654001,-6.14182856302,-0.768371567083
    ));
#153 = CARTESIAN_POINT('',(0.346218350408,-6.05943821742,-0.775262770121
    ));
#154 = CARTESIAN_POINT('',(0.296661826681,-5.989919005478,
    -0.781718927075));
#155 = CARTESIAN_POINT('',(0.233782623615,-5.937670657093,
    -0.787749103153));
#156 = CARTESIAN_POINT('',(0.162427403378,-5.901729372103,-0.7934));
#157 = DEFINITIONAL_REPRESENTATION('',(#158),#162);
#158 = LINE('',#159,#160);
#159 = CARTESIAN_POINT('',(4.,0.));
#160 = VECTOR('',#161,1.);
#161 = DIRECTION('',(0.,1.));
#162 = ( GEOMETRIC_REPRESENTATION_CONTEXT(2) 
PARAMETRIC_REPRESENTATION_CONTEXT() REPRESENTATION_CONTEXT('2D SPACE',''
  ) );
#163 = ADVANCED_FACE('',(#164),#51,.F.);
#164 = FACE_BOUND('',#165,.F.);
#165 = EDGE_LOOP('',(#166,#167,#188,#222,#254,#275));
#166 = ORIENTED_EDGE('',*,*,#21,.F.);
#167 = ORIENTED_EDGE('',*,*,#168,.F.);
#168 = EDGE_CURVE('',#169,#22,#171,.T.);
#169 = VERTEX_POINT('',#170);
#170 = CARTESIAN_POINT('',(0.364616695809,-6.230055686582,-0.76135));
#171 = SURFACE_CURVE('',#172,(#175,#181),.PCURVE_S1.);
#172 = B_SPLINE_CURVE_WITH_KNOTS('',1,(#173,#174),.UNSPECIFIED.,.F.,.F.,
  (2,2),(3.,4.),.PIECEWISE_BEZIER_KNOTS.);
#173 = CARTESIAN_POINT('',(0.364616695809,-6.230055686582,-0.76135));
#174 = CARTESIAN_POINT('',(0.364711988415,-6.222256268699,-0.76135));
#175 = PCURVE('',#51,#176);
#176 = DEFINITIONAL_REPRESENTATION('',(#177),#180);
#177 = B_SPLINE_CURVE_WITH_KNOTS('',1,(#178,#179),.UNSPECIFIED.,.F.,.F.,
  (2,2),(3.,4.),.PIECEWISE_BEZIER_KNOTS.);
#178 = CARTESIAN_POINT('',(7.09459147345E-04,-7.767668100418E-03));
#179 = CARTESIAN_POINT('',(0.,0.));
#180 = ( GEOMETRIC_REPRESENTATION_CONTEXT(2) 
PARAMETRIC_REPRESENTATION_CONTEXT() REPRESENTATION_CONTEXT('2D SPACE',''
  ) );
#181 = PCURVE('',#144,#182);
#182 = DEFINITIONAL_REPRESENTATION('',(#183),#187);
#183 = LINE('',#184,#185);
#184 = CARTESIAN_POINT('',(0.,0.));
#185 = VECTOR('',#186,1.);
#186 = DIRECTION('',(1.,0.));
#187 = ( GEOMETRIC_REPRESENTATION_CONTEXT(2) 
PARAMETRIC_REPRESENTATION_CONTEXT() REPRESENTATION_CONTEXT('2D SPACE',''
  ) );
#188 = ORIENTED_EDGE('',*,*,#189,.F.);
#189 = EDGE_CURVE('',#190,#169,#192,.T.);
#190 = VERTEX_POINT('',#191);
#191 = CARTESIAN_POINT('',(0.348228194699,-6.229855453307,
    -0.751887388275));
#192 = SURFACE_CURVE('',#193,(#196,#202),.PCURVE_S1.);
#193 = B_SPLINE_CURVE_WITH_KNOTS('',1,(#194,#195),.UNSPECIFIED.,.F.,.F.,
  (2,2),(2.,3.),.PIECEWISE_BEZIER_KNOTS.);
#194 = CARTESIAN_POINT('',(0.290663645879,-6.229152134677,-0.71865));
#195 = CARTESIAN_POINT('',(0.364616695809,-6.230055686582,-0.76135));
#196 = PCURVE('',#51,#197);
#197 = DEFINITIONAL_REPRESENTATION('',(#198),#201);
#198 = B_SPLINE_CURVE_WITH_KNOTS('',1,(#199,#200),.UNSPECIFIED.,.F.,.F.,
  (2,2),(2.,3.),.PIECEWISE_BEZIER_KNOTS.);
#199 = CARTESIAN_POINT('',(8.575546629807E-02,0.));
#200 = CARTESIAN_POINT('',(7.09459147345E-04,-7.767668100418E-03));
#201 = ( GEOMETRIC_REPRESENTATION_CONTEXT(2) 
PARAMETRIC_REPRESENTATION_CONTEXT() REPRESENTATION_CONTEXT('2D SPACE',''
  ) );
#202 = PCURVE('',#203,#216);
#203 = ( BOUNDED_SURFACE() B_SPLINE_SURFACE(1,5,(
    (#204,#205,#206,#207,#208,#209)
    ,(#210,#211,#212,#213,#214,#215
)),.UNSPECIFIED.,.F.,.F.,.F.) B_SPLINE_SURFACE_WITH_KNOTS((2,2),(6,6),(
    2.,3.),(0.,1.),.PIECEWISE_BEZIER_KNOTS.) 
GEOMETRIC_REPRESENTATION_ITEM() RATIONAL_B_SPLINE_SURFACE((
    (1.,1.,1.,1.,1.,1.)
,(1.,1.,1.,1.,1.,1.))) REPRESENTATION_ITEM('') SURFACE() );
#204 = CARTESIAN_POINT('',(0.290663645879,-6.229152134677,-0.71865));
#205 = CARTESIAN_POINT('',(0.271995457959,-6.158888140935,
    -0.711628432917));
#206 = CARTESIAN_POINT('',(0.227605745817,-6.094993095326,
    -0.704737229879));
#207 = CARTESIAN_POINT('',(0.163172594465,-6.050456390437,
    -0.698281072925));
#208 = CARTESIAN_POINT('',(9.191638792445E-02,-6.025407030459,
    -0.692250896847));
#209 = CARTESIAN_POINT('',(1.796205358289E-02,-6.017528002098,-0.6866));
#210 = CARTESIAN_POINT('',(0.364616695809,-6.230055686582,-0.76135));
#211 = CARTESIAN_POINT('',(0.370385586776,-6.14964173118,-0.768371567083
    ));
#212 = CARTESIAN_POINT('',(0.348312738718,-6.067068145354,
    -0.775262770121));
#213 = CARTESIAN_POINT('',(0.299725663152,-5.997188736404,
    -0.781718927075));
#214 = CARTESIAN_POINT('',(0.237684410369,-5.944483107873,
    -0.787749103153));
#215 = CARTESIAN_POINT('',(0.167045106172,-5.908015612705,-0.7934));
#216 = DEFINITIONAL_REPRESENTATION('',(#217),#221);
#217 = LINE('',#218,#219);
#218 = CARTESIAN_POINT('',(0.,0.));
#219 = VECTOR('',#220,1.);
#220 = DIRECTION('',(1.,0.));
#221 = ( GEOMETRIC_REPRESENTATION_CONTEXT(2) 
PARAMETRIC_REPRESENTATION_CONTEXT() REPRESENTATION_CONTEXT('2D SPACE',''
  ) );
#222 = ORIENTED_EDGE('',*,*,#223,.F.);
#223 = EDGE_CURVE('',#224,#190,#226,.T.);
#224 = VERTEX_POINT('',#225);
#225 = CARTESIAN_POINT('',(0.307052146988,-6.229352367952,
    -0.728112611725));
#226 = SURFACE_CURVE('',#227,(#232,#239),.PCURVE_S1.);
#227 = ELLIPSE('',#228,6.500964031075E-02,5.63E-02);
#228 = AXIS2_PLACEMENT_3D('',#229,#230,#231);
#229 = CARTESIAN_POINT('',(0.327,-6.282,-0.74));
#230 = DIRECTION('',(-0.49996268483,6.108500417626E-03,-0.866025403784)
  );
#231 = DIRECTION('',(0.865960772014,-1.058023308138E-02,-0.5));
#232 = PCURVE('',#51,#233);
#233 = DEFINITIONAL_REPRESENTATION('',(#234),#238);
#234 = ELLIPSE('',#235,6.500964031075E-02,5.63E-02);
#235 = AXIS2_PLACEMENT_2D('',#236,#237);
#236 = CARTESIAN_POINT('',(4.799857289205E-02,-5.606663000686E-02));
#237 = DIRECTION('',(-0.995854884669,-9.095630094166E-02));
#238 = ( GEOMETRIC_REPRESENTATION_CONTEXT(2) 
PARAMETRIC_REPRESENTATION_CONTEXT() REPRESENTATION_CONTEXT('2D SPACE',''
  ) );
#239 = PCURVE('',#240,#245);
#240 = CYLINDRICAL_SURFACE('',#241,5.63E-02);
#241 = AXIS2_PLACEMENT_3D('',#242,#243,#244);
#242 = CARTESIAN_POINT('',(0.327,-6.282,-0.8264));
#243 = DIRECTION('',(-0.,-0.,-1.));
#244 = DIRECTION('',(1.,0.,0.));
#245 = DEFINITIONAL_REPRESENTATION('',(#246),#253);
#246 = B_SPLINE_CURVE_WITH_KNOTS('',5,(#247,#248,#249,#250,#251,#252),
  .UNSPECIFIED.,.F.,.F.,(6,6),(4.014100879919,5.200525035488),
  .PIECEWISE_BEZIER_KNOTS.);
#247 = CARTESIAN_POINT('',(-2.256867122497,-0.107297589769));
#248 = CARTESIAN_POINT('',(-2.019582291383,-0.101389940464));
#249 = CARTESIAN_POINT('',(-1.782297460269,-9.40119798394E-02));
#250 = CARTESIAN_POINT('',(-1.545012629155,-8.585306133641E-02));
#251 = CARTESIAN_POINT('',(-1.307727798041,-7.796797462668E-02));
#252 = CARTESIAN_POINT('',(-1.070442966927,-7.11558747595E-02));
#253 = ( GEOMETRIC_REPRESENTATION_CONTEXT(2) 
PARAMETRIC_REPRESENTATION_CONTEXT() REPRESENTATION_CONTEXT('2D SPACE',''
  ) );
#254 = ORIENTED_EDGE('',*,*,#255,.F.);
#255 = EDGE_CURVE('',#256,#224,#258,.T.);
#256 = VERTEX_POINT('',#257);
#257 = CARTESIAN_POINT('',(0.290663645879,-6.229152134677,-0.71865));
#258 = SURFACE_CURVE('',#259,(#262,#268),.PCURVE_S1.);
#259 = B_SPLINE_CURVE_WITH_KNOTS('',1,(#260,#261),.UNSPECIFIED.,.F.,.F.,
  (2,2),(2.,3.),.PIECEWISE_BEZIER_KNOTS.);
#260 = CARTESIAN_POINT('',(0.290663645879,-6.229152134677,-0.71865));
#261 = CARTESIAN_POINT('',(0.364616695809,-6.230055686582,-0.76135));
#262 = PCURVE('',#51,#263);
#263 = DEFINITIONAL_REPRESENTATION('',(#264),#267);
#264 = B_SPLINE_CURVE_WITH_KNOTS('',1,(#265,#266),.UNSPECIFIED.,.F.,.F.,
  (2,2),(2.,3.),.PIECEWISE_BEZIER_KNOTS.);
#265 = CARTESIAN_POINT('',(8.575546629807E-02,0.));
#266 = CARTESIAN_POINT('',(7.09459147345E-04,-7.767668100418E-03));
#267 = ( GEOMETRIC_REPRESENTATION_CONTEXT(2) 
PARAMETRIC_REPRESENTATION_CONTEXT() REPRESENTATION_CONTEXT('2D SPACE',''
  ) );
#268 = PCURVE('',#203,#269);
#269 = DEFINITIONAL_REPRESENTATION('',(#270),#274);
#270 = LINE('',#271,#272);
#271 = CARTESIAN_POINT('',(0.,0.));
#272 = VECTOR('',#273,1.);
#273 = DIRECTION('',(1.,0.));
#274 = ( GEOMETRIC_REPRESENTATION_CONTEXT(2) 
PARAMETRIC_REPRESENTATION_CONTEXT() REPRESENTATION_CONTEXT('2D SPACE',''
  ) );
#275 = ORIENTED_EDGE('',*,*,#276,.F.);
#276 = EDGE_CURVE('',#24,#256,#277,.T.);
#277 = SURFACE_CURVE('',#278,(#281,#287),.PCURVE_S1.);
#278 = B_SPLINE_CURVE_WITH_KNOTS('',1,(#279,#280),.UNSPECIFIED.,.F.,.F.,
  (2,2),(1.,2.),.PIECEWISE_BEZIER_KNOTS.);
#279 = CARTESIAN_POINT('',(0.290758938485,-6.221352716794,-0.71865));
#280 = CARTESIAN_POINT('',(0.290663645879,-6.229152134677,-0.71865));
#281 = PCURVE('',#51,#282);
#282 = DEFINITIONAL_REPRESENTATION('',(#283),#286);
#283 = B_SPLINE_CURVE_WITH_KNOTS('',1,(#284,#285),.UNSPECIFIED.,.F.,.F.,
  (2,2),(1.,2.),.PIECEWISE_BEZIER_KNOTS.);
#284 = CARTESIAN_POINT('',(8.504600715073E-02,7.767668100418E-03));
#285 = CARTESIAN_POINT('',(8.575546629807E-02,0.));
#286 = ( GEOMETRIC_REPRESENTATION_CONTEXT(2) 
PARAMETRIC_REPRESENTATION_CONTEXT() REPRESENTATION_CONTEXT('2D SPACE',''
  ) );
#287 = PCURVE('',#81,#288);
#288 = DEFINITIONAL_REPRESENTATION('',(#289),#293);
#289 = LINE('',#290,#291);
#290 = CARTESIAN_POINT('',(0.,0.));
#291 = VECTOR('',#292,1.);
#292 = DIRECTION('',(1.,0.));
#293 = ( GEOMETRIC_REPRESENTATION_CONTEXT(2) 
PARAMETRIC_REPRESENTATION_CONTEXT() REPRESENTATION_CONTEXT('2D SPACE',''
  ) );
#294 = ADVANCED_FACE('',(#295),#81,.F.);
#295 = FACE_BOUND('',#296,.F.);
#296 = EDGE_LOOP('',(#297,#298,#324,#343));
#297 = ORIENTED_EDGE('',*,*,#276,.T.);
#298 = ORIENTED_EDGE('',*,*,#299,.T.);
#299 = EDGE_CURVE('',#256,#300,#302,.T.);
#300 = VERTEX_POINT('',#301);
#301 = CARTESIAN_POINT('',(1.796205358289E-02,-6.017528002098,-0.6866));
#302 = SURFACE_CURVE('',#303,(#310,#317),.PCURVE_S1.);
#303 = ( BOUNDED_CURVE() B_SPLINE_CURVE(5,(#304,#305,#306,#307,#308,#309
),.UNSPECIFIED.,.F.,.F.) B_SPLINE_CURVE_WITH_KNOTS((6,6),(0.,1.),
.PIECEWISE_BEZIER_KNOTS.) CURVE() GEOMETRIC_REPRESENTATION_ITEM() 
RATIONAL_B_SPLINE_CURVE((1.,1.,1.,1.,1.,1.)) REPRESENTATION_ITEM('') );
#304 = CARTESIAN_POINT('',(0.290663645879,-6.229152134677,-0.71865));
#305 = CARTESIAN_POINT('',(0.271995457959,-6.158888140935,
    -0.711628432917));
#306 = CARTESIAN_POINT('',(0.227605745817,-6.094993095326,
    -0.704737229879));
#307 = CARTESIAN_POINT('',(0.163172594465,-6.050456390437,
    -0.698281072925));
#308 = CARTESIAN_POINT('',(9.191638792445E-02,-6.025407030459,
    -0.692250896847));
#309 = CARTESIAN_POINT('',(1.796205358289E-02,-6.017528002098,-0.6866));
#310 = PCURVE('',#81,#311);
#311 = DEFINITIONAL_REPRESENTATION('',(#312),#316);
#312 = LINE('',#313,#314);
#313 = CARTESIAN_POINT('',(2.,0.));
#314 = VECTOR('',#315,1.);
#315 = DIRECTION('',(0.,1.));
#316 = ( GEOMETRIC_REPRESENTATION_CONTEXT(2) 
PARAMETRIC_REPRESENTATION_CONTEXT() REPRESENTATION_CONTEXT('2D SPACE',''
  ) );
#317 = PCURVE('',#203,#318);
#318 = DEFINITIONAL_REPRESENTATION('',(#319),#323);
#319 = LINE('',#320,#321);
#320 = CARTESIAN_POINT('',(2.,0.));
#321 = VECTOR('',#322,1.);
#322 = DIRECTION('',(0.,1.));
#323 = ( GEOMETRIC_REPRESENTATION_CONTEXT(2) 
PARAMETRIC_REPRESENTATION_CONTEXT() REPRESENTATION_CONTEXT('2D SPACE',''
  ) );
#324 = ORIENTED_EDGE('',*,*,#325,.F.);
#325 = EDGE_CURVE('',#63,#300,#326,.T.);
#326 = SURFACE_CURVE('',#327,(#330,#337),.PCURVE_S1.);
#327 = B_SPLINE_CURVE_WITH_KNOTS('',1,(#328,#329),.UNSPECIFIED.,.F.,.F.,
  (2,2),(1.,2.),.PIECEWISE_BEZIER_KNOTS.);
#328 = CARTESIAN_POINT('',(1.334435078826E-02,-6.011241761496,-0.6866));
#329 = CARTESIAN_POINT('',(1.796205358289E-02,-6.017528002098,-0.6866));
#330 = PCURVE('',#81,#331);
#331 = DEFINITIONAL_REPRESENTATION('',(#332),#336);
#332 = LINE('',#333,#334);
#333 = CARTESIAN_POINT('',(0.,1.));
#334 = VECTOR('',#335,1.);
#335 = DIRECTION('',(1.,0.));
#336 = ( GEOMETRIC_REPRESENTATION_CONTEXT(2) 
PARAMETRIC_REPRESENTATION_CONTEXT() REPRESENTATION_CONTEXT('2D SPACE',''
  ) );
#337 = PCURVE('',#116,#338);
#338 = DEFINITIONAL_REPRESENTATION('',(#339),#342);
#339 = B_SPLINE_CURVE_WITH_KNOTS('',1,(#340,#341),.UNSPECIFIED.,.F.,.F.,
  (2,2),(1.,2.),.PIECEWISE_BEZIER_KNOTS.);
#340 = CARTESIAN_POINT('',(0.213457726543,-7.794804620953E-03));
#341 = CARTESIAN_POINT('',(0.213742368285,0.));
#342 = ( GEOMETRIC_REPRESENTATION_CONTEXT(2) 
PARAMETRIC_REPRESENTATION_CONTEXT() REPRESENTATION_CONTEXT('2D SPACE',''
  ) );
#343 = ORIENTED_EDGE('',*,*,#62,.F.);
#344 = ADVANCED_FACE('',(#345),#116,.F.);
#345 = FACE_BOUND('',#346,.F.);
#346 = EDGE_LOOP('',(#347,#348,#349,#370));
#347 = ORIENTED_EDGE('',*,*,#101,.T.);
#348 = ORIENTED_EDGE('',*,*,#325,.T.);
#349 = ORIENTED_EDGE('',*,*,#350,.T.);
#350 = EDGE_CURVE('',#300,#351,#353,.T.);
#351 = VERTEX_POINT('',#352);
#352 = CARTESIAN_POINT('',(0.167045106172,-5.908015612705,-0.7934));
#353 = SURFACE_CURVE('',#354,(#357,#363),.PCURVE_S1.);
#354 = B_SPLINE_CURVE_WITH_KNOTS('',1,(#355,#356),.UNSPECIFIED.,.F.,.F.,
  (2,2),(2.,3.),.PIECEWISE_BEZIER_KNOTS.);
#355 = CARTESIAN_POINT('',(1.796205358289E-02,-6.017528002098,-0.6866));
#356 = CARTESIAN_POINT('',(0.167045106172,-5.908015612705,-0.7934));
#357 = PCURVE('',#116,#358);
#358 = DEFINITIONAL_REPRESENTATION('',(#359),#362);
#359 = B_SPLINE_CURVE_WITH_KNOTS('',1,(#360,#361),.UNSPECIFIED.,.F.,.F.,
  (2,2),(2.,3.),.PIECEWISE_BEZIER_KNOTS.);
#360 = CARTESIAN_POINT('',(0.213742368285,0.));
#361 = CARTESIAN_POINT('',(2.846417417763E-04,7.794804620953E-03));
#362 = ( GEOMETRIC_REPRESENTATION_CONTEXT(2) 
PARAMETRIC_REPRESENTATION_CONTEXT() REPRESENTATION_CONTEXT('2D SPACE',''
  ) );
#363 = PCURVE('',#203,#364);
#364 = DEFINITIONAL_REPRESENTATION('',(#365),#369);
#365 = LINE('',#366,#367);
#366 = CARTESIAN_POINT('',(0.,1.));
#367 = VECTOR('',#368,1.);
#368 = DIRECTION('',(1.,0.));
#369 = ( GEOMETRIC_REPRESENTATION_CONTEXT(2) 
PARAMETRIC_REPRESENTATION_CONTEXT() REPRESENTATION_CONTEXT('2D SPACE',''
  ) );
#370 = ORIENTED_EDGE('',*,*,#371,.T.);
#371 = EDGE_CURVE('',#351,#102,#372,.T.);
#372 = SURFACE_CURVE('',#373,(#376,#382),.PCURVE_S1.);
#373 = B_SPLINE_CURVE_WITH_KNOTS('',1,(#374,#375),.UNSPECIFIED.,.F.,.F.,
  (2,2),(3.,4.),.PIECEWISE_BEZIER_KNOTS.);
#374 = CARTESIAN_POINT('',(0.167045106172,-5.908015612705,-0.7934));
#375 = CARTESIAN_POINT('',(0.162427403378,-5.901729372103,-0.7934));
#376 = PCURVE('',#116,#377);
#377 = DEFINITIONAL_REPRESENTATION('',(#378),#381);
#378 = B_SPLINE_CURVE_WITH_KNOTS('',1,(#379,#380),.UNSPECIFIED.,.F.,.F.,
  (2,2),(3.,4.),.PIECEWISE_BEZIER_KNOTS.);
#379 = CARTESIAN_POINT('',(2.846417417763E-04,7.794804620953E-03));
#380 = CARTESIAN_POINT('',(0.,0.));
#381 = ( GEOMETRIC_REPRESENTATION_CONTEXT(2) 
PARAMETRIC_REPRESENTATION_CONTEXT() REPRESENTATION_CONTEXT('2D SPACE',''
  ) );
#382 = PCURVE('',#144,#383);
#383 = DEFINITIONAL_REPRESENTATION('',(#384),#388);
#384 = LINE('',#385,#386);
#385 = CARTESIAN_POINT('',(0.,1.));
#386 = VECTOR('',#387,1.);
#387 = DIRECTION('',(1.,0.));
#388 = ( GEOMETRIC_REPRESENTATION_CONTEXT(2) 
PARAMETRIC_REPRESENTATION_CONTEXT() REPRESENTATION_CONTEXT('2D SPACE',''
  ) );
#389 = ADVANCED_FACE('',(#390),#144,.F.);
#390 = FACE_BOUND('',#391,.F.);
#391 = EDGE_LOOP('',(#392,#393,#394,#395));
#392 = ORIENTED_EDGE('',*,*,#168,.T.);
#393 = ORIENTED_EDGE('',*,*,#127,.T.);
#394 = ORIENTED_EDGE('',*,*,#371,.F.);
#395 = ORIENTED_EDGE('',*,*,#396,.F.);
#396 = EDGE_CURVE('',#169,#351,#397,.T.);
#397 = SURFACE_CURVE('',#398,(#405,#412),.PCURVE_S1.);
#398 = ( BOUNDED_CURVE() B_SPLINE_CURVE(5,(#399,#400,#401,#402,#403,#404
),.UNSPECIFIED.,.F.,.F.) B_SPLINE_CURVE_WITH_KNOTS((6,6),(0.,1.),
.PIECEWISE_BEZIER_KNOTS.) CURVE() GEOMETRIC_REPRESENTATION_ITEM() 
RATIONAL_B_SPLINE_CURVE((1.,1.,1.,1.,1.,1.)) REPRESENTATION_ITEM('') );
#399 = CARTESIAN_POINT('',(0.364616695809,-6.230055686582,-0.76135));
#400 = CARTESIAN_POINT('',(0.370385586776,-6.14964173118,-0.768371567083
    ));
#401 = CARTESIAN_POINT('',(0.348312738718,-6.067068145354,
    -0.775262770121));
#402 = CARTESIAN_POINT('',(0.299725663152,-5.997188736404,
    -0.781718927075));
#403 = CARTESIAN_POINT('',(0.237684410369,-5.944483107873,
    -0.787749103153));
#404 = CARTESIAN_POINT('',(0.167045106172,-5.908015612705,-0.7934));
#405 = PCURVE('',#144,#406);
#406 = DEFINITIONAL_REPRESENTATION('',(#407),#411);
#407 = LINE('',#408,#409);
#408 = CARTESIAN_POINT('',(3.,0.));
#409 = VECTOR('',#410,1.);
#410 = DIRECTION('',(0.,1.));
#411 = ( GEOMETRIC_REPRESENTATION_CONTEXT(2) 
PARAMETRIC_REPRESENTATION_CONTEXT() REPRESENTATION_CONTEXT('2D SPACE',''
  ) );
#412 = PCURVE('',#203,#413);
#413 = DEFINITIONAL_REPRESENTATION('',(#414),#418);
#414 = LINE('',#415,#416);
#415 = CARTESIAN_POINT('',(3.,0.));
#416 = VECTOR('',#417,1.);
#417 = DIRECTION('',(0.,1.));
#418 = ( GEOMETRIC_REPRESENTATION_CONTEXT(2) 
PARAMETRIC_REPRESENTATION_CONTEXT() REPRESENTATION_CONTEXT('2D SPACE',''
  ) );
#419 = ADVANCED_FACE('',(#420),#203,.F.);
#420 = FACE_BOUND('',#421,.F.);
#421 = EDGE_LOOP('',(#422,#423,#424,#457,#458,#459));
#422 = ORIENTED_EDGE('',*,*,#299,.F.);
#423 = ORIENTED_EDGE('',*,*,#255,.T.);
#424 = ORIENTED_EDGE('',*,*,#425,.T.);
#425 = EDGE_CURVE('',#224,#190,#426,.T.);
#426 = SURFACE_CURVE('',#427,(#435,#446),.PCURVE_S1.);
#427 = B_SPLINE_CURVE_WITH_KNOTS('',6,(#428,#429,#430,#431,#432,#433,
    #434),.UNSPECIFIED.,.F.,.F.,(7,7),(0.,1.),.PIECEWISE_BEZIER_KNOTS.);
#428 = CARTESIAN_POINT('',(0.307052146988,-6.229352367952,
    -0.728112611725));
#429 = CARTESIAN_POINT('',(0.313557998248,-6.226887342279,
    -0.732000668015));
#430 = CARTESIAN_POINT('',(0.320430094847,-6.225386772655,
    -0.736064047756));
#431 = CARTESIAN_POINT('',(0.327515570466,-6.224909170534,
    -0.740187155159));
#432 = CARTESIAN_POINT('',(0.334639356408,-6.225499194881,
    -0.744260840766));
#433 = CARTESIAN_POINT('',(0.341607788221,-6.227160266818,
    -0.748188734445));
#434 = CARTESIAN_POINT('',(0.348228194699,-6.229855453307,
    -0.751887388275));
#435 = PCURVE('',#203,#436);
#436 = DEFINITIONAL_REPRESENTATION('',(#437),#445);
#437 = B_SPLINE_CURVE_WITH_KNOTS('',6,(#438,#439,#440,#441,#442,#443,
    #444),.UNSPECIFIED.,.F.,.F.,(7,7),(0.,1.),.PIECEWISE_BEZIER_KNOTS.);
#438 = CARTESIAN_POINT('',(2.221606831968,0.));
#439 = CARTESIAN_POINT('',(2.315881991165,7.033767222262E-03));
#440 = CARTESIAN_POINT('',(2.410331110925,1.119990385075E-02));
#441 = CARTESIAN_POINT('',(2.504233354602,1.247108980146E-02));
#442 = CARTESIAN_POINT('',(2.597158800654,1.09134679904E-02));
#443 = CARTESIAN_POINT('',(2.688711567108,6.688840428543E-03));
#444 = CARTESIAN_POINT('',(2.778393168032,0.));
#445 = ( GEOMETRIC_REPRESENTATION_CONTEXT(2) 
PARAMETRIC_REPRESENTATION_CONTEXT() REPRESENTATION_CONTEXT('2D SPACE',''
  ) );
#446 = PCURVE('',#240,#447);
#447 = DEFINITIONAL_REPRESENTATION('',(#448),#456);
#448 = B_SPLINE_CURVE_WITH_KNOTS('',6,(#449,#450,#451,#452,#453,#454,
    #455),.UNSPECIFIED.,.F.,.F.,(7,7),(0.,1.),.PIECEWISE_BEZIER_KNOTS.);
#449 = CARTESIAN_POINT('',(-1.93297622301,-9.828738827497E-02));
#450 = CARTESIAN_POINT('',(-1.809402740081,-9.439933198548E-02));
#451 = CARTESIAN_POINT('',(-1.685814371453,-9.033595224385E-02));
#452 = CARTESIAN_POINT('',(-1.561730757356,-8.621284484052E-02));
#453 = CARTESIAN_POINT('',(-1.436907820968,-8.213915923441E-02));
#454 = CARTESIAN_POINT('',(-1.311144406748,-7.821126555452E-02));
#455 = CARTESIAN_POINT('',(-1.184181821052,-7.451261172502E-02));
#456 = ( GEOMETRIC_REPRESENTATION_CONTEXT(2) 
PARAMETRIC_REPRESENTATION_CONTEXT() REPRESENTATION_CONTEXT('2D SPACE',''
  ) );
#457 = ORIENTED_EDGE('',*,*,#189,.T.);
#458 = ORIENTED_EDGE('',*,*,#396,.T.);
#459 = ORIENTED_EDGE('',*,*,#350,.F.);
#460 = ADVANCED_FACE('',(#461,#543,#547,#629),#240,.T.);
#461 = FACE_BOUND('',#462,.F.);
#462 = EDGE_LOOP('',(#463,#492,#515,#542));
#463 = ORIENTED_EDGE('',*,*,#464,.F.);
#464 = EDGE_CURVE('',#465,#465,#467,.T.);
#465 = VERTEX_POINT('',#466);
#466 = CARTESIAN_POINT('',(0.3833,-6.282,-0.8264));
#467 = SURFACE_CURVE('',#468,(#473,#480),.PCURVE_S1.);
#468 = CIRCLE('',#469,5.63E-02);
#469 = AXIS2_PLACEMENT_3D('',#470,#471,#472);
#470 = CARTESIAN_POINT('',(0.327,-6.282,-0.8264));
#471 = DIRECTION('',(0.,0.,1.));
#472 = DIRECTION('',(1.,0.,0.));
#473 = PCURVE('',#240,#474);
#474 = DEFINITIONAL_REPRESENTATION('',(#475),#479);
#475 = LINE('',#476,#477);
#476 = CARTESIAN_POINT('',(-0.,0.));
#477 = VECTOR('',#478,1.);
#478 = DIRECTION('',(-1.,0.));
#479 = ( GEOMETRIC_REPRESENTATION_CONTEXT(2) 
PARAMETRIC_REPRESENTATION_CONTEXT() REPRESENTATION_CONTEXT('2D SPACE',''
  ) );
#480 = PCURVE('',#481,#486);
#481 = PLANE('',#482);
#482 = AXIS2_PLACEMENT_3D('',#483,#484,#485);
#483 = CARTESIAN_POINT('',(0.327,-6.282,-0.8264));
#484 = DIRECTION('',(0.,0.,1.));
#485 = DIRECTION('',(1.,0.,-0.));
#486 = DEFINITIONAL_REPRESENTATION('',(#487),#491);
#487 = CIRCLE('',#488,5.63E-02);
#488 = AXIS2_PLACEMENT_2D('',#489,#490);
#489 = CARTESIAN_POINT('',(0.,0.));
#490 = DIRECTION('',(1.,0.));
#491 = ( GEOMETRIC_REPRESENTATION_CONTEXT(2) 
PARAMETRIC_REPRESENTATION_CONTEXT() REPRESENTATION_CONTEXT('2D SPACE',''
  ) );
#492 = ORIENTED_EDGE('',*,*,#493,.T.);
#493 = EDGE_CURVE('',#465,#494,#496,.T.);
#494 = VERTEX_POINT('',#495);
#495 = CARTESIAN_POINT('',(0.3833,-6.282,-0.6536));
#496 = SEAM_CURVE('',#497,(#501,#508),.PCURVE_S1.);
#497 = LINE('',#498,#499);
#498 = CARTESIAN_POINT('',(0.3833,-6.282,-0.8264));
#499 = VECTOR('',#500,1.);
#500 = DIRECTION('',(0.,0.,1.));
#501 = PCURVE('',#240,#502);
#502 = DEFINITIONAL_REPRESENTATION('',(#503),#507);
#503 = LINE('',#504,#505);
#504 = CARTESIAN_POINT('',(-6.28318530718,0.));
#505 = VECTOR('',#506,1.);
#506 = DIRECTION('',(-0.,-1.));
#507 = ( GEOMETRIC_REPRESENTATION_CONTEXT(2) 
PARAMETRIC_REPRESENTATION_CONTEXT() REPRESENTATION_CONTEXT('2D SPACE',''
  ) );
#508 = PCURVE('',#240,#509);
#509 = DEFINITIONAL_REPRESENTATION('',(#510),#514);
#510 = LINE('',#511,#512);
#511 = CARTESIAN_POINT('',(-0.,0.));
#512 = VECTOR('',#513,1.);
#513 = DIRECTION('',(-0.,-1.));
#514 = ( GEOMETRIC_REPRESENTATION_CONTEXT(2) 
PARAMETRIC_REPRESENTATION_CONTEXT() REPRESENTATION_CONTEXT('2D SPACE',''
  ) );
#515 = ORIENTED_EDGE('',*,*,#516,.T.);
#516 = EDGE_CURVE('',#494,#494,#517,.T.);
#517 = SURFACE_CURVE('',#518,(#523,#530),.PCURVE_S1.);
#518 = CIRCLE('',#519,5.63E-02);
#519 = AXIS2_PLACEMENT_3D('',#520,#521,#522);
#520 = CARTESIAN_POINT('',(0.327,-6.282,-0.6536));
#521 = DIRECTION('',(0.,0.,1.));
#522 = DIRECTION('',(1.,0.,0.));
#523 = PCURVE('',#240,#524);
#524 = DEFINITIONAL_REPRESENTATION('',(#525),#529);
#525 = LINE('',#526,#527);
#526 = CARTESIAN_POINT('',(-0.,-0.1728));
#527 = VECTOR('',#528,1.);
#528 = DIRECTION('',(-1.,0.));
#529 = ( GEOMETRIC_REPRESENTATION_CONTEXT(2) 
PARAMETRIC_REPRESENTATION_CONTEXT() REPRESENTATION_CONTEXT('2D SPACE',''
  ) );
#530 = PCURVE('',#531,#536);
#531 = PLANE('',#532);
#532 = AXIS2_PLACEMENT_3D('',#533,#534,#535);
#533 = CARTESIAN_POINT('',(0.327,-6.282,-0.6536));
#534 = DIRECTION('',(0.,0.,1.));
#535 = DIRECTION('',(1.,0.,-0.));
#536 = DEFINITIONAL_REPRESENTATION('',(#537),#541);
#537 = CIRCLE('',#538,5.63E-02);
#538 = AXIS2_PLACEMENT_2D('',#539,#540);
#539 = CARTESIAN_POINT('',(0.,0.));
#540 = DIRECTION('',(1.,0.));
#541 = ( GEOMETRIC_REPRESENTATION_CONTEXT(2) 
PARAMETRIC_REPRESENTATION_CONTEXT() REPRESENTATION_CONTEXT('2D SPACE',''
  ) );
#542 = ORIENTED_EDGE('',*,*,#493,.F.);
#543 = FACE_BOUND('',#544,.F.);
#544 = EDGE_LOOP('',(#545,#546));
#545 = ORIENTED_EDGE('',*,*,#425,.F.);
#546 = ORIENTED_EDGE('',*,*,#223,.T.);
#547 = FACE_BOUND('',#548,.F.);
#548 = EDGE_LOOP('',(#549,#599));
#549 = ORIENTED_EDGE('',*,*,#550,.F.);
#550 = EDGE_CURVE('',#551,#553,#555,.T.);
#551 = VERTEX_POINT('',#552);
#552 = CARTESIAN_POINT('',(0.291379739704,-6.325599163483,
    -0.728112611725));
#553 = VERTEX_POINT('',#554);
#554 = CARTESIAN_POINT('',(0.271227400545,-6.28968811746,-0.751887388275
    ));
#555 = SURFACE_CURVE('',#556,(#564,#575),.PCURVE_S1.);
#556 = B_SPLINE_CURVE_WITH_KNOTS('',6,(#557,#558,#559,#560,#561,#562,
    #563),.UNSPECIFIED.,.F.,.F.,(7,7),(0.,1.),.PIECEWISE_BEZIER_KNOTS.);
#557 = CARTESIAN_POINT('',(0.291379739704,-6.325599163483,
    -0.728112611725));
#558 = CARTESIAN_POINT('',(0.285992039219,-6.321197443855,
    -0.732000668015));
#559 = CARTESIAN_POINT('',(0.281256459506,-6.315996318435,
    -0.736064047756));
#560 = CARTESIAN_POINT('',(0.277300106126,-6.310098917612,
    -0.740187155159));
#561 = CARTESIAN_POINT('',(0.274249189229,-6.303634525842,
    -0.744260840766));
#562 = CARTESIAN_POINT('',(0.272203503817,-6.296769150898,
    -0.748188734445));
#563 = CARTESIAN_POINT('',(0.271227400545,-6.28968811746,-0.751887388275
    ));
#564 = PCURVE('',#240,#565);
#565 = DEFINITIONAL_REPRESENTATION('',(#566),#574);
#566 = B_SPLINE_CURVE_WITH_KNOTS('',6,(#567,#568,#569,#570,#571,#572,
    #573),.UNSPECIFIED.,.F.,.F.,(7,7),(0.,1.),.PIECEWISE_BEZIER_KNOTS.);
#567 = CARTESIAN_POINT('',(-4.027371325403,-9.828738827497E-02));
#568 = CARTESIAN_POINT('',(-3.903797842474,-9.439933198548E-02));
#569 = CARTESIAN_POINT('',(-3.780209473846,-9.033595224385E-02));
#570 = CARTESIAN_POINT('',(-3.656125859749,-8.621284484053E-02));
#571 = CARTESIAN_POINT('',(-3.531302923361,-8.213915923441E-02));
#572 = CARTESIAN_POINT('',(-3.405539509141,-7.821126555452E-02));
#573 = CARTESIAN_POINT('',(-3.278576923445,-7.451261172503E-02));
#574 = ( GEOMETRIC_REPRESENTATION_CONTEXT(2) 
PARAMETRIC_REPRESENTATION_CONTEXT() REPRESENTATION_CONTEXT('2D SPACE',''
  ) );
#575 = PCURVE('',#576,#589);
#576 = ( BOUNDED_SURFACE() B_SPLINE_SURFACE(1,5,(
    (#577,#578,#579,#580,#581,#582)
    ,(#583,#584,#585,#586,#587,#588
)),.UNSPECIFIED.,.F.,.F.,.F.) B_SPLINE_SURFACE_WITH_KNOTS((2,2),(6,6),(
    2.,3.),(0.,1.),.PIECEWISE_BEZIER_KNOTS.) 
GEOMETRIC_REPRESENTATION_ITEM() RATIONAL_B_SPLINE_SURFACE((
    (1.,1.,1.,1.,1.,1.)
,(1.,1.,1.,1.,1.,1.))) REPRESENTATION_ITEM('') SURFACE() );
#577 = CARTESIAN_POINT('',(0.299400583155,-6.339892138411,-0.71865));
#578 = CARTESIAN_POINT('',(0.247884273563,-6.391191260264,
    -0.711628432917));
#579 = CARTESIAN_POINT('',(0.21474439696,-6.46158140145,-0.704737229879)
  );
#580 = CARTESIAN_POINT('',(0.208391054802,-6.539650499811,
    -0.698281072925));
#581 = CARTESIAN_POINT('',(0.222325775983,-6.613884864842,
    -0.692250896847));
#582 = CARTESIAN_POINT('',(0.252479504436,-6.681870711282,-0.6866));
#583 = CARTESIAN_POINT('',(0.263206557094,-6.275395142532,-0.76135));
#584 = CARTESIAN_POINT('',(0.190681583413,-6.310606114104,
    -0.768371567083));
#585 = CARTESIAN_POINT('',(0.130207184435,-6.371008554169,
    -0.775262770121));
#586 = CARTESIAN_POINT('',(9.398337886611E-02,-6.448025900379,
    -0.781718927075));
#587 = CARTESIAN_POINT('',(7.935959202733E-02,-6.528108015638,
    -0.787749103153));
#588 = CARTESIAN_POINT('',(8.309746689739E-02,-6.607517195162,-0.7934));
#589 = DEFINITIONAL_REPRESENTATION('',(#590),#598);
#590 = B_SPLINE_CURVE_WITH_KNOTS('',6,(#591,#592,#593,#594,#595,#596,
    #597),.UNSPECIFIED.,.F.,.F.,(7,7),(0.,1.),.PIECEWISE_BEZIER_KNOTS.);
#591 = CARTESIAN_POINT('',(2.221606831968,0.));
#592 = CARTESIAN_POINT('',(2.315881991165,7.033767222276E-03));
#593 = CARTESIAN_POINT('',(2.410331110925,1.119990385078E-02));
#594 = CARTESIAN_POINT('',(2.504233354602,1.247108980146E-02));
#595 = CARTESIAN_POINT('',(2.597158800654,1.091346799042E-02));
#596 = CARTESIAN_POINT('',(2.688711567107,6.688840428551E-03));
#597 = CARTESIAN_POINT('',(2.778393168032,0.));
#598 = ( GEOMETRIC_REPRESENTATION_CONTEXT(2) 
PARAMETRIC_REPRESENTATION_CONTEXT() REPRESENTATION_CONTEXT('2D SPACE',''
  ) );
#599 = ORIENTED_EDGE('',*,*,#600,.F.);
#600 = EDGE_CURVE('',#553,#551,#601,.T.);
#601 = SURFACE_CURVE('',#602,(#607,#617),.PCURVE_S1.);
#602 = ELLIPSE('',#603,6.500964031075E-02,5.63E-02);
#603 = AXIS2_PLACEMENT_3D('',#604,#605,#606);
#604 = CARTESIAN_POINT('',(0.327,-6.282,-0.74));
#605 = DIRECTION('',(-0.244691225874,0.436034636216,0.866025403784));
#606 = DIRECTION('',(-0.423817635381,0.755234143786,-0.5));
#607 = PCURVE('',#240,#608);
#608 = DEFINITIONAL_REPRESENTATION('',(#609),#616);
#609 = B_SPLINE_CURVE_WITH_KNOTS('',5,(#610,#611,#612,#613,#614,#615),
  .UNSPECIFIED.,.F.,.F.,(6,6),(1.082660271695,2.269084427258),
  .PIECEWISE_BEZIER_KNOTS.);
#610 = CARTESIAN_POINT('',(-3.164838069324,-7.115587475959E-02));
#611 = CARTESIAN_POINT('',(-3.402122900436,-7.796797462675E-02));
#612 = CARTESIAN_POINT('',(-3.639407731549,-8.585306133643E-02));
#613 = CARTESIAN_POINT('',(-3.876692562662,-9.401197983937E-02));
#614 = CARTESIAN_POINT('',(-4.113977393774,-0.101389940464));
#615 = CARTESIAN_POINT('',(-4.351262224887,-0.107297589768));
#616 = ( GEOMETRIC_REPRESENTATION_CONTEXT(2) 
PARAMETRIC_REPRESENTATION_CONTEXT() REPRESENTATION_CONTEXT('2D SPACE',''
  ) );
#617 = PCURVE('',#618,#623);
#618 = PLANE('',#619);
#619 = AXIS2_PLACEMENT_3D('',#620,#621,#622);
#620 = CARTESIAN_POINT('',(0.256404416769,-6.279212325656,-0.76135));
#621 = DIRECTION('',(-0.244691225874,0.436034636216,0.866025403784));
#622 = DIRECTION('',(0.501381057588,-0.707591193601,0.497927442334));
#623 = DEFINITIONAL_REPRESENTATION('',(#624),#628);
#624 = ELLIPSE('',#625,6.500964031075E-02,5.63E-02);
#625 = AXIS2_PLACEMENT_2D('',#626,#627);
#626 = CARTESIAN_POINT('',(4.799857289205E-02,5.606663000686E-02));
#627 = DIRECTION('',(-0.995854884669,9.095630094163E-02));
#628 = ( GEOMETRIC_REPRESENTATION_CONTEXT(2) 
PARAMETRIC_REPRESENTATION_CONTEXT() REPRESENTATION_CONTEXT('2D SPACE',''
  ) );
#629 = FACE_BOUND('',#630,.F.);
#630 = EDGE_LOOP('',(#631,#681));
#631 = ORIENTED_EDGE('',*,*,#632,.F.);
#632 = EDGE_CURVE('',#633,#635,#637,.T.);
#633 = VERTEX_POINT('',#634);
#634 = CARTESIAN_POINT('',(0.382568113308,-6.291048468565,
    -0.728112611725));
#635 = VERTEX_POINT('',#636);
#636 = CARTESIAN_POINT('',(0.361544404755,-6.326456429233,
    -0.751887388275));
#637 = SURFACE_CURVE('',#638,(#646,#657),.PCURVE_S1.);
#638 = B_SPLINE_CURVE_WITH_KNOTS('',6,(#639,#640,#641,#642,#643,#644,
    #645),.UNSPECIFIED.,.F.,.F.,(7,7),(0.,1.),.PIECEWISE_BEZIER_KNOTS.);
#639 = CARTESIAN_POINT('',(0.382568113308,-6.291048468565,
    -0.728112611725));
#640 = CARTESIAN_POINT('',(0.381449962533,-6.297915213866,
    -0.732000668015));
#641 = CARTESIAN_POINT('',(0.379313445647,-6.304616908909,
    -0.736064047756));
#642 = CARTESIAN_POINT('',(0.376184323408,-6.310991911854,
    -0.740187155159));
#643 = CARTESIAN_POINT('',(0.372111454364,-6.316866279277,
    -0.744260840766));
#644 = CARTESIAN_POINT('',(0.367188707961,-6.322070582284,
    -0.748188734445));
#645 = CARTESIAN_POINT('',(0.361544404755,-6.326456429233,
    -0.751887388275));
#646 = PCURVE('',#240,#647);
#647 = DEFINITIONAL_REPRESENTATION('',(#648),#656);
#648 = B_SPLINE_CURVE_WITH_KNOTS('',6,(#649,#650,#651,#652,#653,#654,
    #655),.UNSPECIFIED.,.F.,.F.,(7,7),(0.,1.),.PIECEWISE_BEZIER_KNOTS.);
#649 = CARTESIAN_POINT('',(-6.121766427797,-9.828738827497E-02));
#650 = CARTESIAN_POINT('',(-5.998192944867,-9.439933198548E-02));
#651 = CARTESIAN_POINT('',(-5.874604576239,-9.033595224385E-02));
#652 = CARTESIAN_POINT('',(-5.750520962142,-8.621284484053E-02));
#653 = CARTESIAN_POINT('',(-5.625698025754,-8.213915923441E-02));
#654 = CARTESIAN_POINT('',(-5.499934611534,-7.821126555452E-02));
#655 = CARTESIAN_POINT('',(-5.372972025838,-7.451261172503E-02));
#656 = ( GEOMETRIC_REPRESENTATION_CONTEXT(2) 
PARAMETRIC_REPRESENTATION_CONTEXT() REPRESENTATION_CONTEXT('2D SPACE',''
  ) );
#657 = PCURVE('',#658,#671);
#658 = ( BOUNDED_SURFACE() B_SPLINE_SURFACE(1,5,(
    (#659,#660,#661,#662,#663,#664)
    ,(#665,#666,#667,#668,#669,#670
)),.UNSPECIFIED.,.F.,.F.,.F.) B_SPLINE_SURFACE_WITH_KNOTS((2,2),(6,6),(
    2.,3.),(0.,1.),.PIECEWISE_BEZIER_KNOTS.) 
GEOMETRIC_REPRESENTATION_ITEM() RATIONAL_B_SPLINE_SURFACE((
    (1.,1.,1.,1.,1.,1.)
,(1.,1.,1.,1.,1.,1.))) REPRESENTATION_ITEM('') SURFACE() );
#659 = CARTESIAN_POINT('',(0.390935770966,-6.276955726911,-0.71865));
#660 = CARTESIAN_POINT('',(0.461120268478,-6.295920598801,
    -0.711628432917));
#661 = CARTESIAN_POINT('',(0.538649857222,-6.289425503225,
    -0.704737229879));
#662 = CARTESIAN_POINT('',(0.609436350733,-6.255893109752,
    -0.698281072925));
#663 = CARTESIAN_POINT('',(0.666757836093,-6.2067081047,-0.692250896847)
  );
#664 = CARTESIAN_POINT('',(0.710558441981,-6.14660128662,-0.6866));
#665 = CARTESIAN_POINT('',(0.353176747097,-6.340549170886,-0.76135));
#666 = CARTESIAN_POINT('',(0.419932829811,-6.385752154716,
    -0.768371567083));
#667 = CARTESIAN_POINT('',(0.502480076847,-6.407923300477,
    -0.775262770121));
#668 = CARTESIAN_POINT('',(0.587290957982,-6.400785363217,
    -0.781718927075));
#669 = CARTESIAN_POINT('',(0.663955997604,-6.373408876489,
    -0.787749103153));
#670 = CARTESIAN_POINT('',(0.73085742693,-6.330467192133,-0.7934));
#671 = DEFINITIONAL_REPRESENTATION('',(#672),#680);
#672 = B_SPLINE_CURVE_WITH_KNOTS('',6,(#673,#674,#675,#676,#677,#678,
    #679),.UNSPECIFIED.,.F.,.F.,(7,7),(0.,1.),.PIECEWISE_BEZIER_KNOTS.);
#673 = CARTESIAN_POINT('',(2.221606831968,0.));
#674 = CARTESIAN_POINT('',(2.315881991165,7.033767222271E-03));
#675 = CARTESIAN_POINT('',(2.410331110925,1.119990385076E-02));
#676 = CARTESIAN_POINT('',(2.504233354602,1.247108980145E-02));
#677 = CARTESIAN_POINT('',(2.597158800654,1.091346799041E-02));
#678 = CARTESIAN_POINT('',(2.688711567107,6.688840428545E-03));
#679 = CARTESIAN_POINT('',(2.778393168032,0.));
#680 = ( GEOMETRIC_REPRESENTATION_CONTEXT(2) 
PARAMETRIC_REPRESENTATION_CONTEXT() REPRESENTATION_CONTEXT('2D SPACE',''
  ) );
#681 = ORIENTED_EDGE('',*,*,#682,.T.);
#682 = EDGE_CURVE('',#633,#635,#683,.T.);
#683 = SURFACE_CURVE('',#684,(#689,#699),.PCURVE_S1.);
#684 = ELLIPSE('',#685,6.500964031075E-02,5.63E-02);
#685 = AXIS2_PLACEMENT_3D('',#686,#687,#688);
#686 = CARTESIAN_POINT('',(0.327,-6.282,-0.74));
#687 = DIRECTION('',(0.255271458956,0.429926135798,-0.866025403784));
#688 = DIRECTION('',(-0.442143136634,-0.744653910705,-0.5));
#689 = PCURVE('',#240,#690);
#690 = DEFINITIONAL_REPRESENTATION('',(#691),#698);
#691 = B_SPLINE_CURVE_WITH_KNOTS('',5,(#692,#693,#694,#695,#696,#697),
  .UNSPECIFIED.,.F.,.F.,(6,6),(4.176572900022,5.200525035485),
  .PIECEWISE_BEZIER_KNOTS.);
#692 = CARTESIAN_POINT('',(-6.28318530718,-0.102995105728));
#693 = CARTESIAN_POINT('',(-6.078394880087,-9.727134774655E-02));
#694 = CARTESIAN_POINT('',(-5.873604452995,-9.067770116047E-02));
#695 = CARTESIAN_POINT('',(-5.668814025902,-8.371345949059E-02));
#696 = CARTESIAN_POINT('',(-5.46402359881,-7.703510789325E-02));
#697 = CARTESIAN_POINT('',(-5.259233171717,-7.115587475959E-02));
#698 = ( GEOMETRIC_REPRESENTATION_CONTEXT(2) 
PARAMETRIC_REPRESENTATION_CONTEXT() REPRESENTATION_CONTEXT('2D SPACE',''
  ) );
#699 = PCURVE('',#700,#705);
#700 = PLANE('',#701);
#701 = AXIS2_PLACEMENT_3D('',#702,#703,#704);
#702 = CARTESIAN_POINT('',(0.359883594816,-6.344531405645,-0.76135));
#703 = DIRECTION('',(0.255271458956,0.429926135798,-0.866025403784));
#704 = DIRECTION('',(0.362101420359,0.788004329648,0.497927442334));
#705 = DEFINITIONAL_REPRESENTATION('',(#706),#710);
#706 = ELLIPSE('',#707,6.500964031075E-02,5.63E-02);
#707 = AXIS2_PLACEMENT_2D('',#708,#709);
#708 = CARTESIAN_POINT('',(4.799857289205E-02,-5.606663000686E-02));
#709 = DIRECTION('',(-0.995854884669,-9.09563009417E-02));
#710 = ( GEOMETRIC_REPRESENTATION_CONTEXT(2) 
PARAMETRIC_REPRESENTATION_CONTEXT() REPRESENTATION_CONTEXT('2D SPACE',''
  ) );
#711 = ADVANCED_FACE('',(#712,#715),#481,.F.);
#712 = FACE_BOUND('',#713,.F.);
#713 = EDGE_LOOP('',(#714));
#714 = ORIENTED_EDGE('',*,*,#464,.T.);
#715 = FACE_BOUND('',#716,.F.);
#716 = EDGE_LOOP('',(#717));
#717 = ORIENTED_EDGE('',*,*,#718,.T.);
#718 = EDGE_CURVE('',#719,#719,#721,.T.);
#719 = VERTEX_POINT('',#720);
#720 = CARTESIAN_POINT('',(0.3619,-6.282,-0.8264));
#721 = SURFACE_CURVE('',#722,(#727,#738),.PCURVE_S1.);
#722 = CIRCLE('',#723,3.49E-02);
#723 = AXIS2_PLACEMENT_3D('',#724,#725,#726);
#724 = CARTESIAN_POINT('',(0.327,-6.282,-0.8264));
#725 = DIRECTION('',(0.,0.,-1.));
#726 = DIRECTION('',(1.,0.,0.));
#727 = PCURVE('',#481,#728);
#728 = DEFINITIONAL_REPRESENTATION('',(#729),#737);
#729 = ( BOUNDED_CURVE() B_SPLINE_CURVE(2,(#730,#731,#732,#733,#734,#735
,#736),.UNSPECIFIED.,.T.,.F.) B_SPLINE_CURVE_WITH_KNOTS((1,2,2,2,2,1),(
    -2.094395102393,0.,2.094395102393,4.188790204786,6.28318530718,
8.377580409573),.UNSPECIFIED.) CURVE() GEOMETRIC_REPRESENTATION_ITEM() 
RATIONAL_B_SPLINE_CURVE((1.,0.5,1.,0.5,1.,0.5,1.)) REPRESENTATION_ITEM(
  '') );
#730 = CARTESIAN_POINT('',(3.49E-02,0.));
#731 = CARTESIAN_POINT('',(3.49E-02,-6.044857318415E-02));
#732 = CARTESIAN_POINT('',(-1.745E-02,-3.022428659208E-02));
#733 = CARTESIAN_POINT('',(-6.98E-02,-8.548034658049E-18));
#734 = CARTESIAN_POINT('',(-1.745E-02,3.022428659208E-02));
#735 = CARTESIAN_POINT('',(3.49E-02,6.044857318415E-02));
#736 = CARTESIAN_POINT('',(3.49E-02,0.));
#737 = ( GEOMETRIC_REPRESENTATION_CONTEXT(2) 
PARAMETRIC_REPRESENTATION_CONTEXT() REPRESENTATION_CONTEXT('2D SPACE',''
  ) );
#738 = PCURVE('',#739,#744);
#739 = CYLINDRICAL_SURFACE('',#740,3.49E-02);
#740 = AXIS2_PLACEMENT_3D('',#741,#742,#743);
#741 = CARTESIAN_POINT('',(0.327,-6.282,-4.86));
#742 = DIRECTION('',(-0.,-0.,-1.));
#743 = DIRECTION('',(1.,0.,0.));
#744 = DEFINITIONAL_REPRESENTATION('',(#745),#749);
#745 = LINE('',#746,#747);
#746 = CARTESIAN_POINT('',(-6.28318530718,-4.0336));
#747 = VECTOR('',#748,1.);
#748 = DIRECTION('',(1.,-0.));
#749 = ( GEOMETRIC_REPRESENTATION_CONTEXT(2) 
PARAMETRIC_REPRESENTATION_CONTEXT() REPRESENTATION_CONTEXT('2D SPACE',''
  ) );
#750 = ADVANCED_FACE('',(#751,#754),#531,.T.);
#751 = FACE_BOUND('',#752,.T.);
#752 = EDGE_LOOP('',(#753));
#753 = ORIENTED_EDGE('',*,*,#516,.T.);
#754 = FACE_BOUND('',#755,.T.);
#755 = EDGE_LOOP('',(#756));
#756 = ORIENTED_EDGE('',*,*,#757,.T.);
#757 = EDGE_CURVE('',#758,#758,#760,.T.);
#758 = VERTEX_POINT('',#759);
#759 = CARTESIAN_POINT('',(0.3619,-6.282,-0.6536));
#760 = SURFACE_CURVE('',#761,(#766,#777),.PCURVE_S1.);
#761 = CIRCLE('',#762,3.49E-02);
#762 = AXIS2_PLACEMENT_3D('',#763,#764,#765);
#763 = CARTESIAN_POINT('',(0.327,-6.282,-0.6536));
#764 = DIRECTION('',(0.,0.,-1.));
#765 = DIRECTION('',(1.,0.,0.));
#766 = PCURVE('',#531,#767);
#767 = DEFINITIONAL_REPRESENTATION('',(#768),#776);
#768 = ( BOUNDED_CURVE() B_SPLINE_CURVE(2,(#769,#770,#771,#772,#773,#774
,#775),.UNSPECIFIED.,.T.,.F.) B_SPLINE_CURVE_WITH_KNOTS((1,2,2,2,2,1),(
    -2.094395102393,0.,2.094395102393,4.188790204786,6.28318530718,
8.377580409573),.UNSPECIFIED.) CURVE() GEOMETRIC_REPRESENTATION_ITEM() 
RATIONAL_B_SPLINE_CURVE((1.,0.5,1.,0.5,1.,0.5,1.)) REPRESENTATION_ITEM(
  '') );
#769 = CARTESIAN_POINT('',(3.49E-02,0.));
#770 = CARTESIAN_POINT('',(3.49E-02,-6.044857318415E-02));
#771 = CARTESIAN_POINT('',(-1.745E-02,-3.022428659208E-02));
#772 = CARTESIAN_POINT('',(-6.98E-02,-8.548034658049E-18));
#773 = CARTESIAN_POINT('',(-1.745E-02,3.022428659208E-02));
#774 = CARTESIAN_POINT('',(3.49E-02,6.044857318415E-02));
#775 = CARTESIAN_POINT('',(3.49E-02,0.));
#776 = ( GEOMETRIC_REPRESENTATION_CONTEXT(2) 
PARAMETRIC_REPRESENTATION_CONTEXT() REPRESENTATION_CONTEXT('2D SPACE',''
  ) );
#777 = PCURVE('',#778,#783);
#778 = CYLINDRICAL_SURFACE('',#779,3.49E-02);
#779 = AXIS2_PLACEMENT_3D('',#780,#781,#782);
#780 = CARTESIAN_POINT('',(0.327,-6.282,-4.86));
#781 = DIRECTION('',(-0.,-0.,-1.));
#782 = DIRECTION('',(1.,0.,0.));
#783 = DEFINITIONAL_REPRESENTATION('',(#784),#788);
#784 = LINE('',#785,#786);
#785 = CARTESIAN_POINT('',(-6.28318530718,-4.2064));
#786 = VECTOR('',#787,1.);
#787 = DIRECTION('',(1.,-0.));
#788 = ( GEOMETRIC_REPRESENTATION_CONTEXT(2) 
PARAMETRIC_REPRESENTATION_CONTEXT() REPRESENTATION_CONTEXT('2D SPACE',''
  ) );
#789 = ADVANCED_FACE('',(#790),#576,.F.);
#790 = FACE_BOUND('',#791,.F.);
#791 = EDGE_LOOP('',(#792,#833,#852,#853,#874,#913));
#792 = ORIENTED_EDGE('',*,*,#793,.F.);
#793 = EDGE_CURVE('',#794,#796,#798,.T.);
#794 = VERTEX_POINT('',#795);
#795 = CARTESIAN_POINT('',(0.299400583155,-6.339892138411,-0.71865));
#796 = VERTEX_POINT('',#797);
#797 = CARTESIAN_POINT('',(0.252479504436,-6.681870711282,-0.6866));
#798 = SURFACE_CURVE('',#799,(#806,#813),.PCURVE_S1.);
#799 = ( BOUNDED_CURVE() B_SPLINE_CURVE(5,(#800,#801,#802,#803,#804,#805
),.UNSPECIFIED.,.F.,.F.) B_SPLINE_CURVE_WITH_KNOTS((6,6),(0.,1.),
.PIECEWISE_BEZIER_KNOTS.) CURVE() GEOMETRIC_REPRESENTATION_ITEM() 
RATIONAL_B_SPLINE_CURVE((1.,1.,1.,1.,1.,1.)) REPRESENTATION_ITEM('') );
#800 = CARTESIAN_POINT('',(0.299400583155,-6.339892138411,-0.71865));
#801 = CARTESIAN_POINT('',(0.247884273563,-6.391191260264,
    -0.711628432917));
#802 = CARTESIAN_POINT('',(0.21474439696,-6.46158140145,-0.704737229879)
  );
#803 = CARTESIAN_POINT('',(0.208391054802,-6.539650499811,
    -0.698281072925));
#804 = CARTESIAN_POINT('',(0.222325775983,-6.613884864842,
    -0.692250896847));
#805 = CARTESIAN_POINT('',(0.252479504436,-6.681870711282,-0.6866));
#806 = PCURVE('',#576,#807);
#807 = DEFINITIONAL_REPRESENTATION('',(#808),#812);
#808 = LINE('',#809,#810);
#809 = CARTESIAN_POINT('',(2.,0.));
#810 = VECTOR('',#811,1.);
#811 = DIRECTION('',(0.,1.));
#812 = ( GEOMETRIC_REPRESENTATION_CONTEXT(2) 
PARAMETRIC_REPRESENTATION_CONTEXT() REPRESENTATION_CONTEXT('2D SPACE',''
  ) );
#813 = PCURVE('',#814,#827);
#814 = ( BOUNDED_SURFACE() B_SPLINE_SURFACE(1,5,(
    (#815,#816,#817,#818,#819,#820)
    ,(#821,#822,#823,#824,#825,#826
)),.UNSPECIFIED.,.F.,.F.,.F.) B_SPLINE_SURFACE_WITH_KNOTS((2,2),(6,6),(
    1.,2.),(0.,1.),.PIECEWISE_BEZIER_KNOTS.) 
GEOMETRIC_REPRESENTATION_ITEM() RATIONAL_B_SPLINE_SURFACE((
    (1.,1.,1.,1.,1.,1.)
,(1.,1.,1.,1.,1.,1.))) REPRESENTATION_ITEM('') SURFACE() );
#815 = CARTESIAN_POINT('',(0.29259844283,-6.343709321535,-0.71865));
#816 = CARTESIAN_POINT('',(0.24162183784,-6.395970739732,-0.711628432917
    ));
#817 = CARTESIAN_POINT('',(0.209183879695,-6.467210158899,
    -0.704737229879));
#818 = CARTESIAN_POINT('',(0.203627201378,-6.545938725491,
    -0.698281072925));
#819 = CARTESIAN_POINT('',(0.218376913921,-6.620670136681,
    -0.692250896847));
#820 = CARTESIAN_POINT('',(0.249344311778,-6.68901287951,-0.6866));
#821 = CARTESIAN_POINT('',(0.299400583155,-6.339892138411,-0.71865));
#822 = CARTESIAN_POINT('',(0.247884273563,-6.391191260264,
    -0.711628432917));
#823 = CARTESIAN_POINT('',(0.21474439696,-6.46158140145,-0.704737229879)
  );
#824 = CARTESIAN_POINT('',(0.208391054802,-6.539650499811,
    -0.698281072925));
#825 = CARTESIAN_POINT('',(0.222325775983,-6.613884864842,
    -0.692250896847));
#826 = CARTESIAN_POINT('',(0.252479504436,-6.681870711282,-0.6866));
#827 = DEFINITIONAL_REPRESENTATION('',(#828),#832);
#828 = LINE('',#829,#830);
#829 = CARTESIAN_POINT('',(2.,0.));
#830 = VECTOR('',#831,1.);
#831 = DIRECTION('',(0.,1.));
#832 = ( GEOMETRIC_REPRESENTATION_CONTEXT(2) 
PARAMETRIC_REPRESENTATION_CONTEXT() REPRESENTATION_CONTEXT('2D SPACE',''
  ) );
#833 = ORIENTED_EDGE('',*,*,#834,.T.);
#834 = EDGE_CURVE('',#794,#551,#835,.T.);
#835 = SURFACE_CURVE('',#836,(#839,#846),.PCURVE_S1.);
#836 = B_SPLINE_CURVE_WITH_KNOTS('',1,(#837,#838),.UNSPECIFIED.,.F.,.F.,
  (2,2),(2.,3.),.PIECEWISE_BEZIER_KNOTS.);
#837 = CARTESIAN_POINT('',(0.299400583155,-6.339892138411,-0.71865));
#838 = CARTESIAN_POINT('',(0.263206557094,-6.275395142532,-0.76135));
#839 = PCURVE('',#576,#840);
#840 = DEFINITIONAL_REPRESENTATION('',(#841),#845);
#841 = LINE('',#842,#843);
#842 = CARTESIAN_POINT('',(0.,0.));
#843 = VECTOR('',#844,1.);
#844 = DIRECTION('',(1.,0.));
#845 = ( GEOMETRIC_REPRESENTATION_CONTEXT(2) 
PARAMETRIC_REPRESENTATION_CONTEXT() REPRESENTATION_CONTEXT('2D SPACE',''
  ) );
#846 = PCURVE('',#618,#847);
#847 = DEFINITIONAL_REPRESENTATION('',(#848),#851);
#848 = B_SPLINE_CURVE_WITH_KNOTS('',1,(#849,#850),.UNSPECIFIED.,.F.,.F.,
  (2,2),(2.,3.),.PIECEWISE_BEZIER_KNOTS.);
#849 = CARTESIAN_POINT('',(8.575546629807E-02,-4.440892098501E-16));
#850 = CARTESIAN_POINT('',(7.094591473455E-04,7.767668100418E-03));
#851 = ( GEOMETRIC_REPRESENTATION_CONTEXT(2) 
PARAMETRIC_REPRESENTATION_CONTEXT() REPRESENTATION_CONTEXT('2D SPACE',''
  ) );
#852 = ORIENTED_EDGE('',*,*,#550,.T.);
#853 = ORIENTED_EDGE('',*,*,#854,.T.);
#854 = EDGE_CURVE('',#553,#855,#857,.T.);
#855 = VERTEX_POINT('',#856);
#856 = CARTESIAN_POINT('',(0.263206557094,-6.275395142532,-0.76135));
#857 = SURFACE_CURVE('',#858,(#861,#868),.PCURVE_S1.);
#858 = B_SPLINE_CURVE_WITH_KNOTS('',1,(#859,#860),.UNSPECIFIED.,.F.,.F.,
  (2,2),(2.,3.),.PIECEWISE_BEZIER_KNOTS.);
#859 = CARTESIAN_POINT('',(0.299400583155,-6.339892138411,-0.71865));
#860 = CARTESIAN_POINT('',(0.263206557094,-6.275395142532,-0.76135));
#861 = PCURVE('',#576,#862);
#862 = DEFINITIONAL_REPRESENTATION('',(#863),#867);
#863 = LINE('',#864,#865);
#864 = CARTESIAN_POINT('',(0.,0.));
#865 = VECTOR('',#866,1.);
#866 = DIRECTION('',(1.,0.));
#867 = ( GEOMETRIC_REPRESENTATION_CONTEXT(2) 
PARAMETRIC_REPRESENTATION_CONTEXT() REPRESENTATION_CONTEXT('2D SPACE',''
  ) );
#868 = PCURVE('',#618,#869);
#869 = DEFINITIONAL_REPRESENTATION('',(#870),#873);
#870 = B_SPLINE_CURVE_WITH_KNOTS('',1,(#871,#872),.UNSPECIFIED.,.F.,.F.,
  (2,2),(2.,3.),.PIECEWISE_BEZIER_KNOTS.);
#871 = CARTESIAN_POINT('',(8.575546629807E-02,-4.440892098501E-16));
#872 = CARTESIAN_POINT('',(7.094591473455E-04,7.767668100418E-03));
#873 = ( GEOMETRIC_REPRESENTATION_CONTEXT(2) 
PARAMETRIC_REPRESENTATION_CONTEXT() REPRESENTATION_CONTEXT('2D SPACE',''
  ) );
#874 = ORIENTED_EDGE('',*,*,#875,.T.);
#875 = EDGE_CURVE('',#855,#876,#878,.T.);
#876 = VERTEX_POINT('',#877);
#877 = CARTESIAN_POINT('',(8.309746689739E-02,-6.607517195162,-0.7934));
#878 = SURFACE_CURVE('',#879,(#886,#893),.PCURVE_S1.);
#879 = ( BOUNDED_CURVE() B_SPLINE_CURVE(5,(#880,#881,#882,#883,#884,#885
),.UNSPECIFIED.,.F.,.F.) B_SPLINE_CURVE_WITH_KNOTS((6,6),(0.,1.),
.PIECEWISE_BEZIER_KNOTS.) CURVE() GEOMETRIC_REPRESENTATION_ITEM() 
RATIONAL_B_SPLINE_CURVE((1.,1.,1.,1.,1.,1.)) REPRESENTATION_ITEM('') );
#880 = CARTESIAN_POINT('',(0.263206557094,-6.275395142532,-0.76135));
#881 = CARTESIAN_POINT('',(0.190681583413,-6.310606114104,
    -0.768371567083));
#882 = CARTESIAN_POINT('',(0.130207184435,-6.371008554169,
    -0.775262770121));
#883 = CARTESIAN_POINT('',(9.398337886611E-02,-6.448025900379,
    -0.781718927075));
#884 = CARTESIAN_POINT('',(7.935959202733E-02,-6.528108015638,
    -0.787749103153));
#885 = CARTESIAN_POINT('',(8.309746689739E-02,-6.607517195162,-0.7934));
#886 = PCURVE('',#576,#887);
#887 = DEFINITIONAL_REPRESENTATION('',(#888),#892);
#888 = LINE('',#889,#890);
#889 = CARTESIAN_POINT('',(3.,0.));
#890 = VECTOR('',#891,1.);
#891 = DIRECTION('',(0.,1.));
#892 = ( GEOMETRIC_REPRESENTATION_CONTEXT(2) 
PARAMETRIC_REPRESENTATION_CONTEXT() REPRESENTATION_CONTEXT('2D SPACE',''
  ) );
#893 = PCURVE('',#894,#907);
#894 = ( BOUNDED_SURFACE() B_SPLINE_SURFACE(1,5,(
    (#895,#896,#897,#898,#899,#900)
    ,(#901,#902,#903,#904,#905,#906
)),.UNSPECIFIED.,.F.,.F.,.F.) B_SPLINE_SURFACE_WITH_KNOTS((2,2),(6,6),(
    3.,4.),(0.,1.),.PIECEWISE_BEZIER_KNOTS.) 
GEOMETRIC_REPRESENTATION_ITEM() RATIONAL_B_SPLINE_SURFACE((
    (1.,1.,1.,1.,1.,1.)
,(1.,1.,1.,1.,1.,1.))) REPRESENTATION_ITEM('') SURFACE() );
#895 = CARTESIAN_POINT('',(0.263206557094,-6.275395142532,-0.76135));
#896 = CARTESIAN_POINT('',(0.190681583413,-6.310606114104,
    -0.768371567083));
#897 = CARTESIAN_POINT('',(0.130207184435,-6.371008554169,
    -0.775262770121));
#898 = CARTESIAN_POINT('',(9.398337886611E-02,-6.448025900379,
    -0.781718927075));
#899 = CARTESIAN_POINT('',(7.935959202733E-02,-6.528108015638,
    -0.787749103153));
#900 = CARTESIAN_POINT('',(8.309746689739E-02,-6.607517195162,-0.7934));
#901 = CARTESIAN_POINT('',(0.256404416769,-6.279212325656,-0.76135));
#902 = CARTESIAN_POINT('',(0.18441914769,-6.315385593572,-0.768371567083
    ));
#903 = CARTESIAN_POINT('',(0.12464666717,-6.376637311618,-0.775262770121
    ));
#904 = CARTESIAN_POINT('',(8.921952544151E-02,-6.454314126059,
    -0.781718927075));
#905 = CARTESIAN_POINT('',(7.541072996613E-02,-6.534893287477,
    -0.787749103153));
#906 = CARTESIAN_POINT('',(7.996227423947E-02,-6.61465936339,-0.7934));
#907 = DEFINITIONAL_REPRESENTATION('',(#908),#912);
#908 = LINE('',#909,#910);
#909 = CARTESIAN_POINT('',(3.,0.));
#910 = VECTOR('',#911,1.);
#911 = DIRECTION('',(0.,1.));
#912 = ( GEOMETRIC_REPRESENTATION_CONTEXT(2) 
PARAMETRIC_REPRESENTATION_CONTEXT() REPRESENTATION_CONTEXT('2D SPACE',''
  ) );
#913 = ORIENTED_EDGE('',*,*,#914,.F.);
#914 = EDGE_CURVE('',#796,#876,#915,.T.);
#915 = SURFACE_CURVE('',#916,(#919,#926),.PCURVE_S1.);
#916 = B_SPLINE_CURVE_WITH_KNOTS('',1,(#917,#918),.UNSPECIFIED.,.F.,.F.,
  (2,2),(2.,3.),.PIECEWISE_BEZIER_KNOTS.);
#917 = CARTESIAN_POINT('',(0.252479504436,-6.681870711282,-0.6866));
#918 = CARTESIAN_POINT('',(8.309746689739E-02,-6.607517195162,-0.7934));
#919 = PCURVE('',#576,#920);
#920 = DEFINITIONAL_REPRESENTATION('',(#921),#925);
#921 = LINE('',#922,#923);
#922 = CARTESIAN_POINT('',(0.,1.));
#923 = VECTOR('',#924,1.);
#924 = DIRECTION('',(1.,0.));
#925 = ( GEOMETRIC_REPRESENTATION_CONTEXT(2) 
PARAMETRIC_REPRESENTATION_CONTEXT() REPRESENTATION_CONTEXT('2D SPACE',''
  ) );
#926 = PCURVE('',#927,#932);
#927 = PLANE('',#928);
#928 = AXIS2_PLACEMENT_3D('',#929,#930,#931);
#929 = CARTESIAN_POINT('',(7.996227423947E-02,-6.61465936339,-0.7934));
#930 = DIRECTION('',(0.45783129667,-0.200973888328,-0.866025403784));
#931 = DIRECTION('',(0.807126970571,-0.314450281575,0.499666962882));
#932 = DEFINITIONAL_REPRESENTATION('',(#933),#936);
#933 = B_SPLINE_CURVE_WITH_KNOTS('',1,(#934,#935),.UNSPECIFIED.,.F.,.F.,
  (2,2),(2.,3.),.PIECEWISE_BEZIER_KNOTS.);
#934 = CARTESIAN_POINT('',(0.213742368285,-8.881784197001E-16));
#935 = CARTESIAN_POINT('',(2.846417417763E-04,-7.794804620953E-03));
#936 = ( GEOMETRIC_REPRESENTATION_CONTEXT(2) 
PARAMETRIC_REPRESENTATION_CONTEXT() REPRESENTATION_CONTEXT('2D SPACE',''
  ) );
#937 = ADVANCED_FACE('',(#938),#618,.T.);
#938 = FACE_BOUND('',#939,.T.);
#939 = EDGE_LOOP('',(#940,#961,#995,#1014,#1015,#1016));
#940 = ORIENTED_EDGE('',*,*,#941,.T.);
#941 = EDGE_CURVE('',#855,#942,#944,.T.);
#942 = VERTEX_POINT('',#943);
#943 = CARTESIAN_POINT('',(0.256404416769,-6.279212325656,-0.76135));
#944 = SURFACE_CURVE('',#945,(#948,#954),.PCURVE_S1.);
#945 = B_SPLINE_CURVE_WITH_KNOTS('',1,(#946,#947),.UNSPECIFIED.,.F.,.F.,
  (2,2),(3.,4.),.PIECEWISE_BEZIER_KNOTS.);
#946 = CARTESIAN_POINT('',(0.263206557094,-6.275395142532,-0.76135));
#947 = CARTESIAN_POINT('',(0.256404416769,-6.279212325656,-0.76135));
#948 = PCURVE('',#618,#949);
#949 = DEFINITIONAL_REPRESENTATION('',(#950),#953);
#950 = B_SPLINE_CURVE_WITH_KNOTS('',1,(#951,#952),.UNSPECIFIED.,.F.,.F.,
  (2,2),(3.,4.),.PIECEWISE_BEZIER_KNOTS.);
#951 = CARTESIAN_POINT('',(7.094591473455E-04,7.767668100418E-03));
#952 = CARTESIAN_POINT('',(0.,0.));
#953 = ( GEOMETRIC_REPRESENTATION_CONTEXT(2) 
PARAMETRIC_REPRESENTATION_CONTEXT() REPRESENTATION_CONTEXT('2D SPACE',''
  ) );
#954 = PCURVE('',#894,#955);
#955 = DEFINITIONAL_REPRESENTATION('',(#956),#960);
#956 = LINE('',#957,#958);
#957 = CARTESIAN_POINT('',(0.,0.));
#958 = VECTOR('',#959,1.);
#959 = DIRECTION('',(1.,0.));
#960 = ( GEOMETRIC_REPRESENTATION_CONTEXT(2) 
PARAMETRIC_REPRESENTATION_CONTEXT() REPRESENTATION_CONTEXT('2D SPACE',''
  ) );
#961 = ORIENTED_EDGE('',*,*,#962,.T.);
#962 = EDGE_CURVE('',#942,#963,#965,.T.);
#963 = VERTEX_POINT('',#964);
#964 = CARTESIAN_POINT('',(0.29259844283,-6.343709321535,-0.71865));
#965 = SURFACE_CURVE('',#966,(#969,#975),.PCURVE_S1.);
#966 = B_SPLINE_CURVE_WITH_KNOTS('',1,(#967,#968),.UNSPECIFIED.,.F.,.F.,
  (2,2),(0.,1.),.PIECEWISE_BEZIER_KNOTS.);
#967 = CARTESIAN_POINT('',(0.256404416769,-6.279212325656,-0.76135));
#968 = CARTESIAN_POINT('',(0.29259844283,-6.343709321535,-0.71865));
#969 = PCURVE('',#618,#970);
#970 = DEFINITIONAL_REPRESENTATION('',(#971),#974);
#971 = B_SPLINE_CURVE_WITH_KNOTS('',1,(#972,#973),.UNSPECIFIED.,.F.,.F.,
  (2,2),(0.,1.),.PIECEWISE_BEZIER_KNOTS.);
#972 = CARTESIAN_POINT('',(0.,0.));
#973 = CARTESIAN_POINT('',(8.504600715073E-02,-7.767668100418E-03));
#974 = ( GEOMETRIC_REPRESENTATION_CONTEXT(2) 
PARAMETRIC_REPRESENTATION_CONTEXT() REPRESENTATION_CONTEXT('2D SPACE',''
  ) );
#975 = PCURVE('',#976,#989);
#976 = ( BOUNDED_SURFACE() B_SPLINE_SURFACE(1,5,(
    (#977,#978,#979,#980,#981,#982)
    ,(#983,#984,#985,#986,#987,#988
)),.UNSPECIFIED.,.F.,.F.,.F.) B_SPLINE_SURFACE_WITH_KNOTS((2,2),(6,6),(
    0.,1.),(0.,1.),.PIECEWISE_BEZIER_KNOTS.) 
GEOMETRIC_REPRESENTATION_ITEM() RATIONAL_B_SPLINE_SURFACE((
    (1.,1.,1.,1.,1.,1.)
,(1.,1.,1.,1.,1.,1.))) REPRESENTATION_ITEM('') SURFACE() );
#977 = CARTESIAN_POINT('',(0.256404416769,-6.279212325656,-0.76135));
#978 = CARTESIAN_POINT('',(0.18441914769,-6.315385593572,-0.768371567083
    ));
#979 = CARTESIAN_POINT('',(0.12464666717,-6.376637311618,-0.775262770121
    ));
#980 = CARTESIAN_POINT('',(8.921952544151E-02,-6.454314126059,
    -0.781718927075));
#981 = CARTESIAN_POINT('',(7.541072996613E-02,-6.534893287477,
    -0.787749103153));
#982 = CARTESIAN_POINT('',(7.996227423947E-02,-6.61465936339,-0.7934));
#983 = CARTESIAN_POINT('',(0.29259844283,-6.343709321535,-0.71865));
#984 = CARTESIAN_POINT('',(0.24162183784,-6.395970739732,-0.711628432917
    ));
#985 = CARTESIAN_POINT('',(0.209183879695,-6.467210158899,
    -0.704737229879));
#986 = CARTESIAN_POINT('',(0.203627201378,-6.545938725491,
    -0.698281072925));
#987 = CARTESIAN_POINT('',(0.218376913921,-6.620670136681,
    -0.692250896847));
#988 = CARTESIAN_POINT('',(0.249344311778,-6.68901287951,-0.6866));
#989 = DEFINITIONAL_REPRESENTATION('',(#990),#994);
#990 = LINE('',#991,#992);
#991 = CARTESIAN_POINT('',(0.,0.));
#992 = VECTOR('',#993,1.);
#993 = DIRECTION('',(1.,0.));
#994 = ( GEOMETRIC_REPRESENTATION_CONTEXT(2) 
PARAMETRIC_REPRESENTATION_CONTEXT() REPRESENTATION_CONTEXT('2D SPACE',''
  ) );
#995 = ORIENTED_EDGE('',*,*,#996,.T.);
#996 = EDGE_CURVE('',#963,#794,#997,.T.);
#997 = SURFACE_CURVE('',#998,(#1001,#1007),.PCURVE_S1.);
#998 = B_SPLINE_CURVE_WITH_KNOTS('',1,(#999,#1000),.UNSPECIFIED.,.F.,.F.
  ,(2,2),(1.,2.),.PIECEWISE_BEZIER_KNOTS.);
#999 = CARTESIAN_POINT('',(0.29259844283,-6.343709321535,-0.71865));
#1000 = CARTESIAN_POINT('',(0.299400583155,-6.339892138411,-0.71865));
#1001 = PCURVE('',#618,#1002);
#1002 = DEFINITIONAL_REPRESENTATION('',(#1003),#1006);
#1003 = B_SPLINE_CURVE_WITH_KNOTS('',1,(#1004,#1005),.UNSPECIFIED.,.F.,
  .F.,(2,2),(1.,2.),.PIECEWISE_BEZIER_KNOTS.);
#1004 = CARTESIAN_POINT('',(8.504600715073E-02,-7.767668100418E-03));
#1005 = CARTESIAN_POINT('',(8.575546629807E-02,-4.440892098501E-16));
#1006 = ( GEOMETRIC_REPRESENTATION_CONTEXT(2) 
PARAMETRIC_REPRESENTATION_CONTEXT() REPRESENTATION_CONTEXT('2D SPACE',''
  ) );
#1007 = PCURVE('',#814,#1008);
#1008 = DEFINITIONAL_REPRESENTATION('',(#1009),#1013);
#1009 = LINE('',#1010,#1011);
#1010 = CARTESIAN_POINT('',(0.,0.));
#1011 = VECTOR('',#1012,1.);
#1012 = DIRECTION('',(1.,0.));
#1013 = ( GEOMETRIC_REPRESENTATION_CONTEXT(2) 
PARAMETRIC_REPRESENTATION_CONTEXT() REPRESENTATION_CONTEXT('2D SPACE',''
  ) );
#1014 = ORIENTED_EDGE('',*,*,#834,.T.);
#1015 = ORIENTED_EDGE('',*,*,#600,.F.);
#1016 = ORIENTED_EDGE('',*,*,#854,.T.);
#1017 = ADVANCED_FACE('',(#1018),#658,.F.);
#1018 = FACE_BOUND('',#1019,.F.);
#1019 = EDGE_LOOP('',(#1020,#1061,#1080,#1081,#1102,#1141));
#1020 = ORIENTED_EDGE('',*,*,#1021,.F.);
#1021 = EDGE_CURVE('',#1022,#1024,#1026,.T.);
#1022 = VERTEX_POINT('',#1023);
#1023 = CARTESIAN_POINT('',(0.390935770966,-6.276955726911,-0.71865));
#1024 = VERTEX_POINT('',#1025);
#1025 = CARTESIAN_POINT('',(0.710558441981,-6.14660128662,-0.6866));
#1026 = SURFACE_CURVE('',#1027,(#1034,#1041),.PCURVE_S1.);
#1027 = ( BOUNDED_CURVE() B_SPLINE_CURVE(5,(#1028,#1029,#1030,#1031,
#1032,#1033),.UNSPECIFIED.,.F.,.F.) B_SPLINE_CURVE_WITH_KNOTS((6,6),(0.,
1.),.PIECEWISE_BEZIER_KNOTS.) CURVE() GEOMETRIC_REPRESENTATION_ITEM() 
RATIONAL_B_SPLINE_CURVE((1.,1.,1.,1.,1.,1.)) REPRESENTATION_ITEM('') );
#1028 = CARTESIAN_POINT('',(0.390935770966,-6.276955726911,-0.71865));
#1029 = CARTESIAN_POINT('',(0.461120268478,-6.295920598801,
    -0.711628432917));
#1030 = CARTESIAN_POINT('',(0.538649857222,-6.289425503225,
    -0.704737229879));
#1031 = CARTESIAN_POINT('',(0.609436350733,-6.255893109752,
    -0.698281072925));
#1032 = CARTESIAN_POINT('',(0.666757836093,-6.2067081047,-0.692250896847
    ));
#1033 = CARTESIAN_POINT('',(0.710558441981,-6.14660128662,-0.6866));
#1034 = PCURVE('',#658,#1035);
#1035 = DEFINITIONAL_REPRESENTATION('',(#1036),#1040);
#1036 = LINE('',#1037,#1038);
#1037 = CARTESIAN_POINT('',(2.,0.));
#1038 = VECTOR('',#1039,1.);
#1039 = DIRECTION('',(0.,1.));
#1040 = ( GEOMETRIC_REPRESENTATION_CONTEXT(2) 
PARAMETRIC_REPRESENTATION_CONTEXT() REPRESENTATION_CONTEXT('2D SPACE',''
  ) );
#1041 = PCURVE('',#1042,#1055);
#1042 = ( BOUNDED_SURFACE() B_SPLINE_SURFACE(1,5,(
    (#1043,#1044,#1045,#1046,#1047,#1048)
    ,(#1049,#1050,#1051,#1052,#1053,#1054
)),.UNSPECIFIED.,.F.,.F.,.F.) B_SPLINE_SURFACE_WITH_KNOTS((2,2),(6,6),(
    1.,2.),(0.,1.),.PIECEWISE_BEZIER_KNOTS.) 
GEOMETRIC_REPRESENTATION_ITEM() RATIONAL_B_SPLINE_SURFACE((
    (1.,1.,1.,1.,1.,1.)
,(1.,1.,1.,1.,1.,1.))) REPRESENTATION_ITEM('') SURFACE() );
#1043 = CARTESIAN_POINT('',(0.397642618684,-6.280937961671,-0.71865));
#1044 = CARTESIAN_POINT('',(0.468390636976,-6.298954287493,
    -0.711628432917));
#1045 = CARTESIAN_POINT('',(0.546304762798,-6.29142667371,
    -0.704737229879));
#1046 = CARTESIAN_POINT('',(0.617264040629,-6.256874614998,
    -0.698281072925));
#1047 = CARTESIAN_POINT('',(0.674608484908,-6.206735283641,
    -0.692250896847));
#1048 = CARTESIAN_POINT('',(0.718311337434,-6.145745358994,-0.6866));
#1049 = CARTESIAN_POINT('',(0.390935770966,-6.276955726911,-0.71865));
#1050 = CARTESIAN_POINT('',(0.461120268478,-6.295920598801,
    -0.711628432917));
#1051 = CARTESIAN_POINT('',(0.538649857222,-6.289425503225,
    -0.704737229879));
#1052 = CARTESIAN_POINT('',(0.609436350733,-6.255893109752,
    -0.698281072925));
#1053 = CARTESIAN_POINT('',(0.666757836093,-6.2067081047,-0.692250896847
    ));
#1054 = CARTESIAN_POINT('',(0.710558441981,-6.14660128662,-0.6866));
#1055 = DEFINITIONAL_REPRESENTATION('',(#1056),#1060);
#1056 = LINE('',#1057,#1058);
#1057 = CARTESIAN_POINT('',(2.,0.));
#1058 = VECTOR('',#1059,1.);
#1059 = DIRECTION('',(0.,1.));
#1060 = ( GEOMETRIC_REPRESENTATION_CONTEXT(2) 
PARAMETRIC_REPRESENTATION_CONTEXT() REPRESENTATION_CONTEXT('2D SPACE',''
  ) );
#1061 = ORIENTED_EDGE('',*,*,#1062,.T.);
#1062 = EDGE_CURVE('',#1022,#633,#1063,.T.);
#1063 = SURFACE_CURVE('',#1064,(#1067,#1074),.PCURVE_S1.);
#1064 = B_SPLINE_CURVE_WITH_KNOTS('',1,(#1065,#1066),.UNSPECIFIED.,.F.,
  .F.,(2,2),(2.,3.),.PIECEWISE_BEZIER_KNOTS.);
#1065 = CARTESIAN_POINT('',(0.390935770966,-6.276955726911,-0.71865));
#1066 = CARTESIAN_POINT('',(0.353176747097,-6.340549170886,-0.76135));
#1067 = PCURVE('',#658,#1068);
#1068 = DEFINITIONAL_REPRESENTATION('',(#1069),#1073);
#1069 = LINE('',#1070,#1071);
#1070 = CARTESIAN_POINT('',(0.,0.));
#1071 = VECTOR('',#1072,1.);
#1072 = DIRECTION('',(1.,0.));
#1073 = ( GEOMETRIC_REPRESENTATION_CONTEXT(2) 
PARAMETRIC_REPRESENTATION_CONTEXT() REPRESENTATION_CONTEXT('2D SPACE',''
  ) );
#1074 = PCURVE('',#700,#1075);
#1075 = DEFINITIONAL_REPRESENTATION('',(#1076),#1079);
#1076 = B_SPLINE_CURVE_WITH_KNOTS('',1,(#1077,#1078),.UNSPECIFIED.,.F.,
  .F.,(2,2),(2.,3.),.PIECEWISE_BEZIER_KNOTS.);
#1077 = CARTESIAN_POINT('',(8.575546629807E-02,0.));
#1078 = CARTESIAN_POINT('',(7.094591473455E-04,-7.767668100418E-03));
#1079 = ( GEOMETRIC_REPRESENTATION_CONTEXT(2) 
PARAMETRIC_REPRESENTATION_CONTEXT() REPRESENTATION_CONTEXT('2D SPACE',''
  ) );
#1080 = ORIENTED_EDGE('',*,*,#632,.T.);
#1081 = ORIENTED_EDGE('',*,*,#1082,.T.);
#1082 = EDGE_CURVE('',#635,#1083,#1085,.T.);
#1083 = VERTEX_POINT('',#1084);
#1084 = CARTESIAN_POINT('',(0.353176747097,-6.340549170886,-0.76135));
#1085 = SURFACE_CURVE('',#1086,(#1089,#1096),.PCURVE_S1.);
#1086 = B_SPLINE_CURVE_WITH_KNOTS('',1,(#1087,#1088),.UNSPECIFIED.,.F.,
  .F.,(2,2),(2.,3.),.PIECEWISE_BEZIER_KNOTS.);
#1087 = CARTESIAN_POINT('',(0.390935770966,-6.276955726911,-0.71865));
#1088 = CARTESIAN_POINT('',(0.353176747097,-6.340549170886,-0.76135));
#1089 = PCURVE('',#658,#1090);
#1090 = DEFINITIONAL_REPRESENTATION('',(#1091),#1095);
#1091 = LINE('',#1092,#1093);
#1092 = CARTESIAN_POINT('',(0.,0.));
#1093 = VECTOR('',#1094,1.);
#1094 = DIRECTION('',(1.,0.));
#1095 = ( GEOMETRIC_REPRESENTATION_CONTEXT(2) 
PARAMETRIC_REPRESENTATION_CONTEXT() REPRESENTATION_CONTEXT('2D SPACE',''
  ) );
#1096 = PCURVE('',#700,#1097);
#1097 = DEFINITIONAL_REPRESENTATION('',(#1098),#1101);
#1098 = B_SPLINE_CURVE_WITH_KNOTS('',1,(#1099,#1100),.UNSPECIFIED.,.F.,
  .F.,(2,2),(2.,3.),.PIECEWISE_BEZIER_KNOTS.);
#1099 = CARTESIAN_POINT('',(8.575546629807E-02,0.));
#1100 = CARTESIAN_POINT('',(7.094591473455E-04,-7.767668100418E-03));
#1101 = ( GEOMETRIC_REPRESENTATION_CONTEXT(2) 
PARAMETRIC_REPRESENTATION_CONTEXT() REPRESENTATION_CONTEXT('2D SPACE',''
  ) );
#1102 = ORIENTED_EDGE('',*,*,#1103,.T.);
#1103 = EDGE_CURVE('',#1083,#1104,#1106,.T.);
#1104 = VERTEX_POINT('',#1105);
#1105 = CARTESIAN_POINT('',(0.73085742693,-6.330467192133,-0.7934));
#1106 = SURFACE_CURVE('',#1107,(#1114,#1121),.PCURVE_S1.);
#1107 = ( BOUNDED_CURVE() B_SPLINE_CURVE(5,(#1108,#1109,#1110,#1111,
#1112,#1113),.UNSPECIFIED.,.F.,.F.) B_SPLINE_CURVE_WITH_KNOTS((6,6),(0.,
1.),.PIECEWISE_BEZIER_KNOTS.) CURVE() GEOMETRIC_REPRESENTATION_ITEM() 
RATIONAL_B_SPLINE_CURVE((1.,1.,1.,1.,1.,1.)) REPRESENTATION_ITEM('') );
#1108 = CARTESIAN_POINT('',(0.353176747097,-6.340549170886,-0.76135));
#1109 = CARTESIAN_POINT('',(0.419932829811,-6.385752154716,
    -0.768371567083));
#1110 = CARTESIAN_POINT('',(0.502480076847,-6.407923300477,
    -0.775262770121));
#1111 = CARTESIAN_POINT('',(0.587290957982,-6.400785363217,
    -0.781718927075));
#1112 = CARTESIAN_POINT('',(0.663955997604,-6.373408876489,
    -0.787749103153));
#1113 = CARTESIAN_POINT('',(0.73085742693,-6.330467192133,-0.7934));
#1114 = PCURVE('',#658,#1115);
#1115 = DEFINITIONAL_REPRESENTATION('',(#1116),#1120);
#1116 = LINE('',#1117,#1118);
#1117 = CARTESIAN_POINT('',(3.,0.));
#1118 = VECTOR('',#1119,1.);
#1119 = DIRECTION('',(0.,1.));
#1120 = ( GEOMETRIC_REPRESENTATION_CONTEXT(2) 
PARAMETRIC_REPRESENTATION_CONTEXT() REPRESENTATION_CONTEXT('2D SPACE',''
  ) );
#1121 = PCURVE('',#1122,#1135);
#1122 = ( BOUNDED_SURFACE() B_SPLINE_SURFACE(1,5,(
    (#1123,#1124,#1125,#1126,#1127,#1128)
    ,(#1129,#1130,#1131,#1132,#1133,#1134
)),.UNSPECIFIED.,.F.,.F.,.F.) B_SPLINE_SURFACE_WITH_KNOTS((2,2),(6,6),(
    3.,4.),(0.,1.),.PIECEWISE_BEZIER_KNOTS.) 
GEOMETRIC_REPRESENTATION_ITEM() RATIONAL_B_SPLINE_SURFACE((
    (1.,1.,1.,1.,1.,1.)
,(1.,1.,1.,1.,1.,1.))) REPRESENTATION_ITEM('') SURFACE() );
#1123 = CARTESIAN_POINT('',(0.353176747097,-6.340549170886,-0.76135));
#1124 = CARTESIAN_POINT('',(0.419932829811,-6.385752154716,
    -0.768371567083));
#1125 = CARTESIAN_POINT('',(0.502480076847,-6.407923300477,
    -0.775262770121));
#1126 = CARTESIAN_POINT('',(0.587290957982,-6.400785363217,
    -0.781718927075));
#1127 = CARTESIAN_POINT('',(0.663955997604,-6.373408876489,
    -0.787749103153));
#1128 = CARTESIAN_POINT('',(0.73085742693,-6.330467192133,-0.7934));
#1129 = CARTESIAN_POINT('',(0.359883594816,-6.344531405645,-0.76135));
#1130 = CARTESIAN_POINT('',(0.427203198309,-6.388785843407,
    -0.768371567083));
#1131 = CARTESIAN_POINT('',(0.510134982422,-6.409924470962,
    -0.775262770121));
#1132 = CARTESIAN_POINT('',(0.595118647877,-6.401766868462,
    -0.781718927075));
#1133 = CARTESIAN_POINT('',(0.671806646419,-6.37343605543,
    -0.787749103153));
#1134 = CARTESIAN_POINT('',(0.738610322383,-6.329611264507,-0.7934));
#1135 = DEFINITIONAL_REPRESENTATION('',(#1136),#1140);
#1136 = LINE('',#1137,#1138);
#1137 = CARTESIAN_POINT('',(3.,0.));
#1138 = VECTOR('',#1139,1.);
#1139 = DIRECTION('',(0.,1.));
#1140 = ( GEOMETRIC_REPRESENTATION_CONTEXT(2) 
PARAMETRIC_REPRESENTATION_CONTEXT() REPRESENTATION_CONTEXT('2D SPACE',''
  ) );
#1141 = ORIENTED_EDGE('',*,*,#1142,.F.);
#1142 = EDGE_CURVE('',#1024,#1104,#1143,.T.);
#1143 = SURFACE_CURVE('',#1144,(#1147,#1154),.PCURVE_S1.);
#1144 = B_SPLINE_CURVE_WITH_KNOTS('',1,(#1145,#1146),.UNSPECIFIED.,.F.,
  .F.,(2,2),(2.,3.),.PIECEWISE_BEZIER_KNOTS.);
#1145 = CARTESIAN_POINT('',(0.710558441981,-6.14660128662,-0.6866));
#1146 = CARTESIAN_POINT('',(0.73085742693,-6.330467192133,-0.7934));
#1147 = PCURVE('',#658,#1148);
#1148 = DEFINITIONAL_REPRESENTATION('',(#1149),#1153);
#1149 = LINE('',#1150,#1151);
#1150 = CARTESIAN_POINT('',(0.,1.));
#1151 = VECTOR('',#1152,1.);
#1152 = DIRECTION('',(1.,0.));
#1153 = ( GEOMETRIC_REPRESENTATION_CONTEXT(2) 
PARAMETRIC_REPRESENTATION_CONTEXT() REPRESENTATION_CONTEXT('2D SPACE',''
  ) );
#1154 = PCURVE('',#1155,#1160);
#1155 = PLANE('',#1156);
#1156 = AXIS2_PLACEMENT_3D('',#1157,#1158,#1159);
#1157 = CARTESIAN_POINT('',(0.738610322383,-6.329611264507,-0.7934));
#1158 = DIRECTION('',(5.486715554553E-02,-0.496980477728,0.866025403784)
  );
#1159 = DIRECTION('',(-0.131241553215,0.856217601381,0.499666962882));
#1160 = DEFINITIONAL_REPRESENTATION('',(#1161),#1164);
#1161 = B_SPLINE_CURVE_WITH_KNOTS('',1,(#1162,#1163),.UNSPECIFIED.,.F.,
  .F.,(2,2),(2.,3.),.PIECEWISE_BEZIER_KNOTS.);
#1162 = CARTESIAN_POINT('',(0.213742368285,0.));
#1163 = CARTESIAN_POINT('',(2.846417417768E-04,7.794804620954E-03));
#1164 = ( GEOMETRIC_REPRESENTATION_CONTEXT(2) 
PARAMETRIC_REPRESENTATION_CONTEXT() REPRESENTATION_CONTEXT('2D SPACE',''
  ) );
#1165 = ADVANCED_FACE('',(#1166),#700,.F.);
#1166 = FACE_BOUND('',#1167,.F.);
#1167 = EDGE_LOOP('',(#1168,#1204,#1223,#1224,#1225,#1226));
#1168 = ORIENTED_EDGE('',*,*,#1169,.F.);
#1169 = EDGE_CURVE('',#1170,#1172,#1174,.T.);
#1170 = VERTEX_POINT('',#1171);
#1171 = CARTESIAN_POINT('',(0.359883594816,-6.344531405645,-0.76135));
#1172 = VERTEX_POINT('',#1173);
#1173 = CARTESIAN_POINT('',(0.397642618684,-6.280937961671,-0.71865));
#1174 = SURFACE_CURVE('',#1175,(#1178,#1184),.PCURVE_S1.);
#1175 = B_SPLINE_CURVE_WITH_KNOTS('',1,(#1176,#1177),.UNSPECIFIED.,.F.,
  .F.,(2,2),(0.,1.),.PIECEWISE_BEZIER_KNOTS.);
#1176 = CARTESIAN_POINT('',(0.359883594816,-6.344531405645,-0.76135));
#1177 = CARTESIAN_POINT('',(0.397642618684,-6.280937961671,-0.71865));
#1178 = PCURVE('',#700,#1179);
#1179 = DEFINITIONAL_REPRESENTATION('',(#1180),#1183);
#1180 = B_SPLINE_CURVE_WITH_KNOTS('',1,(#1181,#1182),.UNSPECIFIED.,.F.,
  .F.,(2,2),(0.,1.),.PIECEWISE_BEZIER_KNOTS.);
#1181 = CARTESIAN_POINT('',(0.,0.));
#1182 = CARTESIAN_POINT('',(8.504600715073E-02,7.767668100418E-03));
#1183 = ( GEOMETRIC_REPRESENTATION_CONTEXT(2) 
PARAMETRIC_REPRESENTATION_CONTEXT() REPRESENTATION_CONTEXT('2D SPACE',''
  ) );
#1184 = PCURVE('',#1185,#1198);
#1185 = ( BOUNDED_SURFACE() B_SPLINE_SURFACE(1,5,(
    (#1186,#1187,#1188,#1189,#1190,#1191)
    ,(#1192,#1193,#1194,#1195,#1196,#1197
)),.UNSPECIFIED.,.F.,.F.,.F.) B_SPLINE_SURFACE_WITH_KNOTS((2,2),(6,6),(
    0.,1.),(0.,1.),.PIECEWISE_BEZIER_KNOTS.) 
GEOMETRIC_REPRESENTATION_ITEM() RATIONAL_B_SPLINE_SURFACE((
    (1.,1.,1.,1.,1.,1.)
,(1.,1.,1.,1.,1.,1.))) REPRESENTATION_ITEM('') SURFACE() );
#1186 = CARTESIAN_POINT('',(0.359883594816,-6.344531405645,-0.76135));
#1187 = CARTESIAN_POINT('',(0.427203198309,-6.388785843407,
    -0.768371567083));
#1188 = CARTESIAN_POINT('',(0.510134982422,-6.409924470962,
    -0.775262770121));
#1189 = CARTESIAN_POINT('',(0.595118647877,-6.401766868462,
    -0.781718927075));
#1190 = CARTESIAN_POINT('',(0.671806646419,-6.37343605543,
    -0.787749103153));
#1191 = CARTESIAN_POINT('',(0.738610322383,-6.329611264507,-0.7934));
#1192 = CARTESIAN_POINT('',(0.397642618684,-6.280937961671,-0.71865));
#1193 = CARTESIAN_POINT('',(0.468390636976,-6.298954287493,
    -0.711628432917));
#1194 = CARTESIAN_POINT('',(0.546304762798,-6.29142667371,
    -0.704737229879));
#1195 = CARTESIAN_POINT('',(0.617264040629,-6.256874614998,
    -0.698281072925));
#1196 = CARTESIAN_POINT('',(0.674608484908,-6.206735283641,
    -0.692250896847));
#1197 = CARTESIAN_POINT('',(0.718311337434,-6.145745358994,-0.6866));
#1198 = DEFINITIONAL_REPRESENTATION('',(#1199),#1203);
#1199 = LINE('',#1200,#1201);
#1200 = CARTESIAN_POINT('',(0.,0.));
#1201 = VECTOR('',#1202,1.);
#1202 = DIRECTION('',(1.,0.));
#1203 = ( GEOMETRIC_REPRESENTATION_CONTEXT(2) 
PARAMETRIC_REPRESENTATION_CONTEXT() REPRESENTATION_CONTEXT('2D SPACE',''
  ) );
#1204 = ORIENTED_EDGE('',*,*,#1205,.F.);
#1205 = EDGE_CURVE('',#1083,#1170,#1206,.T.);
#1206 = SURFACE_CURVE('',#1207,(#1210,#1216),.PCURVE_S1.);
#1207 = B_SPLINE_CURVE_WITH_KNOTS('',1,(#1208,#1209),.UNSPECIFIED.,.F.,
  .F.,(2,2),(3.,4.),.PIECEWISE_BEZIER_KNOTS.);
#1208 = CARTESIAN_POINT('',(0.353176747097,-6.340549170886,-0.76135));
#1209 = CARTESIAN_POINT('',(0.359883594816,-6.344531405645,-0.76135));
#1210 = PCURVE('',#700,#1211);
#1211 = DEFINITIONAL_REPRESENTATION('',(#1212),#1215);
#1212 = B_SPLINE_CURVE_WITH_KNOTS('',1,(#1213,#1214),.UNSPECIFIED.,.F.,
  .F.,(2,2),(3.,4.),.PIECEWISE_BEZIER_KNOTS.);
#1213 = CARTESIAN_POINT('',(7.094591473455E-04,-7.767668100418E-03));
#1214 = CARTESIAN_POINT('',(0.,0.));
#1215 = ( GEOMETRIC_REPRESENTATION_CONTEXT(2) 
PARAMETRIC_REPRESENTATION_CONTEXT() REPRESENTATION_CONTEXT('2D SPACE',''
  ) );
#1216 = PCURVE('',#1122,#1217);
#1217 = DEFINITIONAL_REPRESENTATION('',(#1218),#1222);
#1218 = LINE('',#1219,#1220);
#1219 = CARTESIAN_POINT('',(0.,0.));
#1220 = VECTOR('',#1221,1.);
#1221 = DIRECTION('',(1.,0.));
#1222 = ( GEOMETRIC_REPRESENTATION_CONTEXT(2) 
PARAMETRIC_REPRESENTATION_CONTEXT() REPRESENTATION_CONTEXT('2D SPACE',''
  ) );
#1223 = ORIENTED_EDGE('',*,*,#1082,.F.);
#1224 = ORIENTED_EDGE('',*,*,#682,.F.);
#1225 = ORIENTED_EDGE('',*,*,#1062,.F.);
#1226 = ORIENTED_EDGE('',*,*,#1227,.F.);
#1227 = EDGE_CURVE('',#1172,#1022,#1228,.T.);
#1228 = SURFACE_CURVE('',#1229,(#1232,#1238),.PCURVE_S1.);
#1229 = B_SPLINE_CURVE_WITH_KNOTS('',1,(#1230,#1231),.UNSPECIFIED.,.F.,
  .F.,(2,2),(1.,2.),.PIECEWISE_BEZIER_KNOTS.);
#1230 = CARTESIAN_POINT('',(0.397642618684,-6.280937961671,-0.71865));
#1231 = CARTESIAN_POINT('',(0.390935770966,-6.276955726911,-0.71865));
#1232 = PCURVE('',#700,#1233);
#1233 = DEFINITIONAL_REPRESENTATION('',(#1234),#1237);
#1234 = B_SPLINE_CURVE_WITH_KNOTS('',1,(#1235,#1236),.UNSPECIFIED.,.F.,
  .F.,(2,2),(1.,2.),.PIECEWISE_BEZIER_KNOTS.);
#1235 = CARTESIAN_POINT('',(8.504600715073E-02,7.767668100418E-03));
#1236 = CARTESIAN_POINT('',(8.575546629807E-02,0.));
#1237 = ( GEOMETRIC_REPRESENTATION_CONTEXT(2) 
PARAMETRIC_REPRESENTATION_CONTEXT() REPRESENTATION_CONTEXT('2D SPACE',''
  ) );
#1238 = PCURVE('',#1042,#1239);
#1239 = DEFINITIONAL_REPRESENTATION('',(#1240),#1244);
#1240 = LINE('',#1241,#1242);
#1241 = CARTESIAN_POINT('',(0.,0.));
#1242 = VECTOR('',#1243,1.);
#1243 = DIRECTION('',(1.,0.));
#1244 = ( GEOMETRIC_REPRESENTATION_CONTEXT(2) 
PARAMETRIC_REPRESENTATION_CONTEXT() REPRESENTATION_CONTEXT('2D SPACE',''
  ) );
#1245 = ADVANCED_FACE('',(#1246),#739,.T.);
#1246 = FACE_BOUND('',#1247,.F.);
#1247 = EDGE_LOOP('',(#1248,#1271,#1302,#1303));
#1248 = ORIENTED_EDGE('',*,*,#1249,.F.);
#1249 = EDGE_CURVE('',#1250,#719,#1252,.T.);
#1250 = VERTEX_POINT('',#1251);
#1251 = CARTESIAN_POINT('',(0.3619,-6.282,-4.2096));
#1252 = SEAM_CURVE('',#1253,(#1257,#1264),.PCURVE_S1.);
#1253 = LINE('',#1254,#1255);
#1254 = CARTESIAN_POINT('',(0.3619,-6.282,-4.86));
#1255 = VECTOR('',#1256,1.);
#1256 = DIRECTION('',(0.,0.,1.));
#1257 = PCURVE('',#739,#1258);
#1258 = DEFINITIONAL_REPRESENTATION('',(#1259),#1263);
#1259 = LINE('',#1260,#1261);
#1260 = CARTESIAN_POINT('',(-6.28318530718,0.));
#1261 = VECTOR('',#1262,1.);
#1262 = DIRECTION('',(-0.,-1.));
#1263 = ( GEOMETRIC_REPRESENTATION_CONTEXT(2) 
PARAMETRIC_REPRESENTATION_CONTEXT() REPRESENTATION_CONTEXT('2D SPACE',''
  ) );
#1264 = PCURVE('',#739,#1265);
#1265 = DEFINITIONAL_REPRESENTATION('',(#1266),#1270);
#1266 = LINE('',#1267,#1268);
#1267 = CARTESIAN_POINT('',(-0.,0.));
#1268 = VECTOR('',#1269,1.);
#1269 = DIRECTION('',(-0.,-1.));
#1270 = ( GEOMETRIC_REPRESENTATION_CONTEXT(2) 
PARAMETRIC_REPRESENTATION_CONTEXT() REPRESENTATION_CONTEXT('2D SPACE',''
  ) );
#1271 = ORIENTED_EDGE('',*,*,#1272,.T.);
#1272 = EDGE_CURVE('',#1250,#1250,#1273,.T.);
#1273 = SURFACE_CURVE('',#1274,(#1279,#1286),.PCURVE_S1.);
#1274 = CIRCLE('',#1275,3.49E-02);
#1275 = AXIS2_PLACEMENT_3D('',#1276,#1277,#1278);
#1276 = CARTESIAN_POINT('',(0.327,-6.282,-4.2096));
#1277 = DIRECTION('',(0.,0.,-1.));
#1278 = DIRECTION('',(1.,0.,0.));
#1279 = PCURVE('',#739,#1280);
#1280 = DEFINITIONAL_REPRESENTATION('',(#1281),#1285);
#1281 = LINE('',#1282,#1283);
#1282 = CARTESIAN_POINT('',(-6.28318530718,-0.6504));
#1283 = VECTOR('',#1284,1.);
#1284 = DIRECTION('',(1.,-0.));
#1285 = ( GEOMETRIC_REPRESENTATION_CONTEXT(2) 
PARAMETRIC_REPRESENTATION_CONTEXT() REPRESENTATION_CONTEXT('2D SPACE',''
  ) );
#1286 = PCURVE('',#1287,#1292);
#1287 = PLANE('',#1288);
#1288 = AXIS2_PLACEMENT_3D('',#1289,#1290,#1291);
#1289 = CARTESIAN_POINT('',(0.327,-6.282,-4.2096));
#1290 = DIRECTION('',(0.,0.,1.));
#1291 = DIRECTION('',(1.,0.,-0.));
#1292 = DEFINITIONAL_REPRESENTATION('',(#1293),#1301);
#1293 = ( BOUNDED_CURVE() B_SPLINE_CURVE(2,(#1294,#1295,#1296,#1297,
#1298,#1299,#1300),.UNSPECIFIED.,.T.,.F.) B_SPLINE_CURVE_WITH_KNOTS((1,2
    ,2,2,2,1),(-2.094395102393,0.,2.094395102393,4.188790204786,
6.28318530718,8.377580409573),.UNSPECIFIED.) CURVE() 
GEOMETRIC_REPRESENTATION_ITEM() RATIONAL_B_SPLINE_CURVE((1.,0.5,1.,0.5,
1.,0.5,1.)) REPRESENTATION_ITEM('') );
#1294 = CARTESIAN_POINT('',(3.49E-02,0.));
#1295 = CARTESIAN_POINT('',(3.49E-02,-6.044857318415E-02));
#1296 = CARTESIAN_POINT('',(-1.745E-02,-3.022428659208E-02));
#1297 = CARTESIAN_POINT('',(-6.98E-02,-8.548034658049E-18));
#1298 = CARTESIAN_POINT('',(-1.745E-02,3.022428659208E-02));
#1299 = CARTESIAN_POINT('',(3.49E-02,6.044857318415E-02));
#1300 = CARTESIAN_POINT('',(3.49E-02,0.));
#1301 = ( GEOMETRIC_REPRESENTATION_CONTEXT(2) 
PARAMETRIC_REPRESENTATION_CONTEXT() REPRESENTATION_CONTEXT('2D SPACE',''
  ) );
#1302 = ORIENTED_EDGE('',*,*,#1249,.T.);
#1303 = ORIENTED_EDGE('',*,*,#718,.F.);
#1304 = ADVANCED_FACE('',(#1305),#778,.T.);
#1305 = FACE_BOUND('',#1306,.F.);
#1306 = EDGE_LOOP('',(#1307,#1308,#1331,#1358));
#1307 = ORIENTED_EDGE('',*,*,#757,.T.);
#1308 = ORIENTED_EDGE('',*,*,#1309,.T.);
#1309 = EDGE_CURVE('',#758,#1310,#1312,.T.);
#1310 = VERTEX_POINT('',#1311);
#1311 = CARTESIAN_POINT('',(0.3619,-6.282,-0.24));
#1312 = SEAM_CURVE('',#1313,(#1317,#1324),.PCURVE_S1.);
#1313 = LINE('',#1314,#1315);
#1314 = CARTESIAN_POINT('',(0.3619,-6.282,-4.86));
#1315 = VECTOR('',#1316,1.);
#1316 = DIRECTION('',(0.,0.,1.));
#1317 = PCURVE('',#778,#1318);
#1318 = DEFINITIONAL_REPRESENTATION('',(#1319),#1323);
#1319 = LINE('',#1320,#1321);
#1320 = CARTESIAN_POINT('',(-6.28318530718,0.));
#1321 = VECTOR('',#1322,1.);
#1322 = DIRECTION('',(-0.,-1.));
#1323 = ( GEOMETRIC_REPRESENTATION_CONTEXT(2) 
PARAMETRIC_REPRESENTATION_CONTEXT() REPRESENTATION_CONTEXT('2D SPACE',''
  ) );
#1324 = PCURVE('',#778,#1325);
#1325 = DEFINITIONAL_REPRESENTATION('',(#1326),#1330);
#1326 = LINE('',#1327,#1328);
#1327 = CARTESIAN_POINT('',(-0.,0.));
#1328 = VECTOR('',#1329,1.);
#1329 = DIRECTION('',(-0.,-1.));
#1330 = ( GEOMETRIC_REPRESENTATION_CONTEXT(2) 
PARAMETRIC_REPRESENTATION_CONTEXT() REPRESENTATION_CONTEXT('2D SPACE',''
  ) );
#1331 = ORIENTED_EDGE('',*,*,#1332,.T.);
#1332 = EDGE_CURVE('',#1310,#1310,#1333,.T.);
#1333 = SURFACE_CURVE('',#1334,(#1339,#1346),.PCURVE_S1.);
#1334 = CIRCLE('',#1335,3.49E-02);
#1335 = AXIS2_PLACEMENT_3D('',#1336,#1337,#1338);
#1336 = CARTESIAN_POINT('',(0.327,-6.282,-0.24));
#1337 = DIRECTION('',(0.,0.,1.));
#1338 = DIRECTION('',(1.,0.,0.));
#1339 = PCURVE('',#778,#1340);
#1340 = DEFINITIONAL_REPRESENTATION('',(#1341),#1345);
#1341 = LINE('',#1342,#1343);
#1342 = CARTESIAN_POINT('',(-0.,-4.62));
#1343 = VECTOR('',#1344,1.);
#1344 = DIRECTION('',(-1.,0.));
#1345 = ( GEOMETRIC_REPRESENTATION_CONTEXT(2) 
PARAMETRIC_REPRESENTATION_CONTEXT() REPRESENTATION_CONTEXT('2D SPACE',''
  ) );
#1346 = PCURVE('',#1347,#1352);
#1347 = PLANE('',#1348);
#1348 = AXIS2_PLACEMENT_3D('',#1349,#1350,#1351);
#1349 = CARTESIAN_POINT('',(0.327,-6.282,-0.24));
#1350 = DIRECTION('',(0.,0.,1.));
#1351 = DIRECTION('',(1.,0.,-0.));
#1352 = DEFINITIONAL_REPRESENTATION('',(#1353),#1357);
#1353 = CIRCLE('',#1354,3.49E-02);
#1354 = AXIS2_PLACEMENT_2D('',#1355,#1356);
#1355 = CARTESIAN_POINT('',(0.,0.));
#1356 = DIRECTION('',(1.,0.));
#1357 = ( GEOMETRIC_REPRESENTATION_CONTEXT(2) 
PARAMETRIC_REPRESENTATION_CONTEXT() REPRESENTATION_CONTEXT('2D SPACE',''
  ) );
#1358 = ORIENTED_EDGE('',*,*,#1309,.F.);
#1359 = ADVANCED_FACE('',(#1360),#814,.F.);
#1360 = FACE_BOUND('',#1361,.F.);
#1361 = EDGE_LOOP('',(#1362,#1363,#1364,#1385));
#1362 = ORIENTED_EDGE('',*,*,#996,.T.);
#1363 = ORIENTED_EDGE('',*,*,#793,.T.);
#1364 = ORIENTED_EDGE('',*,*,#1365,.F.);
#1365 = EDGE_CURVE('',#1366,#796,#1368,.T.);
#1366 = VERTEX_POINT('',#1367);
#1367 = CARTESIAN_POINT('',(0.249344311778,-6.68901287951,-0.6866));
#1368 = SURFACE_CURVE('',#1369,(#1372,#1379),.PCURVE_S1.);
#1369 = B_SPLINE_CURVE_WITH_KNOTS('',1,(#1370,#1371),.UNSPECIFIED.,.F.,
  .F.,(2,2),(1.,2.),.PIECEWISE_BEZIER_KNOTS.);
#1370 = CARTESIAN_POINT('',(0.249344311778,-6.68901287951,-0.6866));
#1371 = CARTESIAN_POINT('',(0.252479504436,-6.681870711282,-0.6866));
#1372 = PCURVE('',#814,#1373);
#1373 = DEFINITIONAL_REPRESENTATION('',(#1374),#1378);
#1374 = LINE('',#1375,#1376);
#1375 = CARTESIAN_POINT('',(0.,1.));
#1376 = VECTOR('',#1377,1.);
#1377 = DIRECTION('',(1.,0.));
#1378 = ( GEOMETRIC_REPRESENTATION_CONTEXT(2) 
PARAMETRIC_REPRESENTATION_CONTEXT() REPRESENTATION_CONTEXT('2D SPACE',''
  ) );
#1379 = PCURVE('',#927,#1380);
#1380 = DEFINITIONAL_REPRESENTATION('',(#1381),#1384);
#1381 = B_SPLINE_CURVE_WITH_KNOTS('',1,(#1382,#1383),.UNSPECIFIED.,.F.,
  .F.,(2,2),(1.,2.),.PIECEWISE_BEZIER_KNOTS.);
#1382 = CARTESIAN_POINT('',(0.213457726543,7.794804620953E-03));
#1383 = CARTESIAN_POINT('',(0.213742368285,-8.881784197001E-16));
#1384 = ( GEOMETRIC_REPRESENTATION_CONTEXT(2) 
PARAMETRIC_REPRESENTATION_CONTEXT() REPRESENTATION_CONTEXT('2D SPACE',''
  ) );
#1385 = ORIENTED_EDGE('',*,*,#1386,.F.);
#1386 = EDGE_CURVE('',#963,#1366,#1387,.T.);
#1387 = SURFACE_CURVE('',#1388,(#1395,#1402),.PCURVE_S1.);
#1388 = ( BOUNDED_CURVE() B_SPLINE_CURVE(5,(#1389,#1390,#1391,#1392,
#1393,#1394),.UNSPECIFIED.,.F.,.F.) B_SPLINE_CURVE_WITH_KNOTS((6,6),(0.,
1.),.PIECEWISE_BEZIER_KNOTS.) CURVE() GEOMETRIC_REPRESENTATION_ITEM() 
RATIONAL_B_SPLINE_CURVE((1.,1.,1.,1.,1.,1.)) REPRESENTATION_ITEM('') );
#1389 = CARTESIAN_POINT('',(0.29259844283,-6.343709321535,-0.71865));
#1390 = CARTESIAN_POINT('',(0.24162183784,-6.395970739732,
    -0.711628432917));
#1391 = CARTESIAN_POINT('',(0.209183879695,-6.467210158899,
    -0.704737229879));
#1392 = CARTESIAN_POINT('',(0.203627201378,-6.545938725491,
    -0.698281072925));
#1393 = CARTESIAN_POINT('',(0.218376913921,-6.620670136681,
    -0.692250896847));
#1394 = CARTESIAN_POINT('',(0.249344311778,-6.68901287951,-0.6866));
#1395 = PCURVE('',#814,#1396);
#1396 = DEFINITIONAL_REPRESENTATION('',(#1397),#1401);
#1397 = LINE('',#1398,#1399);
#1398 = CARTESIAN_POINT('',(1.,0.));
#1399 = VECTOR('',#1400,1.);
#1400 = DIRECTION('',(0.,1.));
#1401 = ( GEOMETRIC_REPRESENTATION_CONTEXT(2) 
PARAMETRIC_REPRESENTATION_CONTEXT() REPRESENTATION_CONTEXT('2D SPACE',''
  ) );
#1402 = PCURVE('',#976,#1403);
#1403 = DEFINITIONAL_REPRESENTATION('',(#1404),#1408);
#1404 = LINE('',#1405,#1406);
#1405 = CARTESIAN_POINT('',(1.,0.));
#1406 = VECTOR('',#1407,1.);
#1407 = DIRECTION('',(0.,1.));
#1408 = ( GEOMETRIC_REPRESENTATION_CONTEXT(2) 
PARAMETRIC_REPRESENTATION_CONTEXT() REPRESENTATION_CONTEXT('2D SPACE',''
  ) );
#1409 = ADVANCED_FACE('',(#1410),#927,.T.);
#1410 = FACE_BOUND('',#1411,.F.);
#1411 = EDGE_LOOP('',(#1412,#1433,#1434,#1435));
#1412 = ORIENTED_EDGE('',*,*,#1413,.T.);
#1413 = EDGE_CURVE('',#1414,#1366,#1416,.T.);
#1414 = VERTEX_POINT('',#1415);
#1415 = CARTESIAN_POINT('',(7.996227423947E-02,-6.61465936339,-0.7934));
#1416 = SURFACE_CURVE('',#1417,(#1420,#1426),.PCURVE_S1.);
#1417 = B_SPLINE_CURVE_WITH_KNOTS('',1,(#1418,#1419),.UNSPECIFIED.,.F.,
  .F.,(2,2),(0.,1.),.PIECEWISE_BEZIER_KNOTS.);
#1418 = CARTESIAN_POINT('',(7.996227423947E-02,-6.61465936339,-0.7934));
#1419 = CARTESIAN_POINT('',(0.249344311778,-6.68901287951,-0.6866));
#1420 = PCURVE('',#927,#1421);
#1421 = DEFINITIONAL_REPRESENTATION('',(#1422),#1425);
#1422 = B_SPLINE_CURVE_WITH_KNOTS('',1,(#1423,#1424),.UNSPECIFIED.,.F.,
  .F.,(2,2),(0.,1.),.PIECEWISE_BEZIER_KNOTS.);
#1423 = CARTESIAN_POINT('',(0.,0.));
#1424 = CARTESIAN_POINT('',(0.213457726543,7.794804620953E-03));
#1425 = ( GEOMETRIC_REPRESENTATION_CONTEXT(2) 
PARAMETRIC_REPRESENTATION_CONTEXT() REPRESENTATION_CONTEXT('2D SPACE',''
  ) );
#1426 = PCURVE('',#976,#1427);
#1427 = DEFINITIONAL_REPRESENTATION('',(#1428),#1432);
#1428 = LINE('',#1429,#1430);
#1429 = CARTESIAN_POINT('',(0.,1.));
#1430 = VECTOR('',#1431,1.);
#1431 = DIRECTION('',(1.,0.));
#1432 = ( GEOMETRIC_REPRESENTATION_CONTEXT(2) 
PARAMETRIC_REPRESENTATION_CONTEXT() REPRESENTATION_CONTEXT('2D SPACE',''
  ) );
#1433 = ORIENTED_EDGE('',*,*,#1365,.T.);
#1434 = ORIENTED_EDGE('',*,*,#914,.T.);
#1435 = ORIENTED_EDGE('',*,*,#1436,.T.);
#1436 = EDGE_CURVE('',#876,#1414,#1437,.T.);
#1437 = SURFACE_CURVE('',#1438,(#1441,#1447),.PCURVE_S1.);
#1438 = B_SPLINE_CURVE_WITH_KNOTS('',1,(#1439,#1440),.UNSPECIFIED.,.F.,
  .F.,(2,2),(3.,4.),.PIECEWISE_BEZIER_KNOTS.);
#1439 = CARTESIAN_POINT('',(8.309746689739E-02,-6.607517195162,-0.7934)
  );
#1440 = CARTESIAN_POINT('',(7.996227423947E-02,-6.61465936339,-0.7934));
#1441 = PCURVE('',#927,#1442);
#1442 = DEFINITIONAL_REPRESENTATION('',(#1443),#1446);
#1443 = B_SPLINE_CURVE_WITH_KNOTS('',1,(#1444,#1445),.UNSPECIFIED.,.F.,
  .F.,(2,2),(3.,4.),.PIECEWISE_BEZIER_KNOTS.);
#1444 = CARTESIAN_POINT('',(2.846417417763E-04,-7.794804620953E-03));
#1445 = CARTESIAN_POINT('',(0.,0.));
#1446 = ( GEOMETRIC_REPRESENTATION_CONTEXT(2) 
PARAMETRIC_REPRESENTATION_CONTEXT() REPRESENTATION_CONTEXT('2D SPACE',''
  ) );
#1447 = PCURVE('',#894,#1448);
#1448 = DEFINITIONAL_REPRESENTATION('',(#1449),#1453);
#1449 = LINE('',#1450,#1451);
#1450 = CARTESIAN_POINT('',(0.,1.));
#1451 = VECTOR('',#1452,1.);
#1452 = DIRECTION('',(1.,0.));
#1453 = ( GEOMETRIC_REPRESENTATION_CONTEXT(2) 
PARAMETRIC_REPRESENTATION_CONTEXT() REPRESENTATION_CONTEXT('2D SPACE',''
  ) );
#1454 = ADVANCED_FACE('',(#1455),#894,.F.);
#1455 = FACE_BOUND('',#1456,.F.);
#1456 = EDGE_LOOP('',(#1457,#1458,#1482,#1483));
#1457 = ORIENTED_EDGE('',*,*,#941,.T.);
#1458 = ORIENTED_EDGE('',*,*,#1459,.T.);
#1459 = EDGE_CURVE('',#942,#1414,#1460,.T.);
#1460 = SURFACE_CURVE('',#1461,(#1468,#1475),.PCURVE_S1.);
#1461 = ( BOUNDED_CURVE() B_SPLINE_CURVE(5,(#1462,#1463,#1464,#1465,
#1466,#1467),.UNSPECIFIED.,.F.,.F.) B_SPLINE_CURVE_WITH_KNOTS((6,6),(0.,
1.),.PIECEWISE_BEZIER_KNOTS.) CURVE() GEOMETRIC_REPRESENTATION_ITEM() 
RATIONAL_B_SPLINE_CURVE((1.,1.,1.,1.,1.,1.)) REPRESENTATION_ITEM('') );
#1462 = CARTESIAN_POINT('',(0.256404416769,-6.279212325656,-0.76135));
#1463 = CARTESIAN_POINT('',(0.18441914769,-6.315385593572,
    -0.768371567083));
#1464 = CARTESIAN_POINT('',(0.12464666717,-6.376637311618,
    -0.775262770121));
#1465 = CARTESIAN_POINT('',(8.921952544151E-02,-6.454314126059,
    -0.781718927075));
#1466 = CARTESIAN_POINT('',(7.541072996613E-02,-6.534893287477,
    -0.787749103153));
#1467 = CARTESIAN_POINT('',(7.996227423947E-02,-6.61465936339,-0.7934));
#1468 = PCURVE('',#894,#1469);
#1469 = DEFINITIONAL_REPRESENTATION('',(#1470),#1474);
#1470 = LINE('',#1471,#1472);
#1471 = CARTESIAN_POINT('',(4.,0.));
#1472 = VECTOR('',#1473,1.);
#1473 = DIRECTION('',(0.,1.));
#1474 = ( GEOMETRIC_REPRESENTATION_CONTEXT(2) 
PARAMETRIC_REPRESENTATION_CONTEXT() REPRESENTATION_CONTEXT('2D SPACE',''
  ) );
#1475 = PCURVE('',#976,#1476);
#1476 = DEFINITIONAL_REPRESENTATION('',(#1477),#1481);
#1477 = LINE('',#1478,#1479);
#1478 = CARTESIAN_POINT('',(0.,0.));
#1479 = VECTOR('',#1480,1.);
#1480 = DIRECTION('',(0.,1.));
#1481 = ( GEOMETRIC_REPRESENTATION_CONTEXT(2) 
PARAMETRIC_REPRESENTATION_CONTEXT() REPRESENTATION_CONTEXT('2D SPACE',''
  ) );
#1482 = ORIENTED_EDGE('',*,*,#1436,.F.);
#1483 = ORIENTED_EDGE('',*,*,#875,.F.);
#1484 = ADVANCED_FACE('',(#1485),#976,.F.);
#1485 = FACE_BOUND('',#1486,.F.);
#1486 = EDGE_LOOP('',(#1487,#1488,#1489,#1490));
#1487 = ORIENTED_EDGE('',*,*,#962,.T.);
#1488 = ORIENTED_EDGE('',*,*,#1386,.T.);
#1489 = ORIENTED_EDGE('',*,*,#1413,.F.);
#1490 = ORIENTED_EDGE('',*,*,#1459,.F.);
#1491 = ADVANCED_FACE('',(#1492),#1042,.F.);
#1492 = FACE_BOUND('',#1493,.F.);
#1493 = EDGE_LOOP('',(#1494,#1495,#1496,#1517));
#1494 = ORIENTED_EDGE('',*,*,#1227,.T.);
#1495 = ORIENTED_EDGE('',*,*,#1021,.T.);
#1496 = ORIENTED_EDGE('',*,*,#1497,.F.);
#1497 = EDGE_CURVE('',#1498,#1024,#1500,.T.);
#1498 = VERTEX_POINT('',#1499);
#1499 = CARTESIAN_POINT('',(0.718311337434,-6.145745358994,-0.6866));
#1500 = SURFACE_CURVE('',#1501,(#1504,#1511),.PCURVE_S1.);
#1501 = B_SPLINE_CURVE_WITH_KNOTS('',1,(#1502,#1503),.UNSPECIFIED.,.F.,
  .F.,(2,2),(1.,2.),.PIECEWISE_BEZIER_KNOTS.);
#1502 = CARTESIAN_POINT('',(0.718311337434,-6.145745358994,-0.6866));
#1503 = CARTESIAN_POINT('',(0.710558441981,-6.14660128662,-0.6866));
#1504 = PCURVE('',#1042,#1505);
#1505 = DEFINITIONAL_REPRESENTATION('',(#1506),#1510);
#1506 = LINE('',#1507,#1508);
#1507 = CARTESIAN_POINT('',(0.,1.));
#1508 = VECTOR('',#1509,1.);
#1509 = DIRECTION('',(1.,0.));
#1510 = ( GEOMETRIC_REPRESENTATION_CONTEXT(2) 
PARAMETRIC_REPRESENTATION_CONTEXT() REPRESENTATION_CONTEXT('2D SPACE',''
  ) );
#1511 = PCURVE('',#1155,#1512);
#1512 = DEFINITIONAL_REPRESENTATION('',(#1513),#1516);
#1513 = B_SPLINE_CURVE_WITH_KNOTS('',1,(#1514,#1515),.UNSPECIFIED.,.F.,
  .F.,(2,2),(1.,2.),.PIECEWISE_BEZIER_KNOTS.);
#1514 = CARTESIAN_POINT('',(0.213457726543,-7.794804620953E-03));
#1515 = CARTESIAN_POINT('',(0.213742368285,0.));
#1516 = ( GEOMETRIC_REPRESENTATION_CONTEXT(2) 
PARAMETRIC_REPRESENTATION_CONTEXT() REPRESENTATION_CONTEXT('2D SPACE',''
  ) );
#1517 = ORIENTED_EDGE('',*,*,#1518,.F.);
#1518 = EDGE_CURVE('',#1172,#1498,#1519,.T.);
#1519 = SURFACE_CURVE('',#1520,(#1527,#1534),.PCURVE_S1.);
#1520 = ( BOUNDED_CURVE() B_SPLINE_CURVE(5,(#1521,#1522,#1523,#1524,
#1525,#1526),.UNSPECIFIED.,.F.,.F.) B_SPLINE_CURVE_WITH_KNOTS((6,6),(0.,
1.),.PIECEWISE_BEZIER_KNOTS.) CURVE() GEOMETRIC_REPRESENTATION_ITEM() 
RATIONAL_B_SPLINE_CURVE((1.,1.,1.,1.,1.,1.)) REPRESENTATION_ITEM('') );
#1521 = CARTESIAN_POINT('',(0.397642618684,-6.280937961671,-0.71865));
#1522 = CARTESIAN_POINT('',(0.468390636976,-6.298954287493,
    -0.711628432917));
#1523 = CARTESIAN_POINT('',(0.546304762798,-6.29142667371,
    -0.704737229879));
#1524 = CARTESIAN_POINT('',(0.617264040629,-6.256874614998,
    -0.698281072925));
#1525 = CARTESIAN_POINT('',(0.674608484908,-6.206735283641,
    -0.692250896847));
#1526 = CARTESIAN_POINT('',(0.718311337434,-6.145745358994,-0.6866));
#1527 = PCURVE('',#1042,#1528);
#1528 = DEFINITIONAL_REPRESENTATION('',(#1529),#1533);
#1529 = LINE('',#1530,#1531);
#1530 = CARTESIAN_POINT('',(1.,0.));
#1531 = VECTOR('',#1532,1.);
#1532 = DIRECTION('',(0.,1.));
#1533 = ( GEOMETRIC_REPRESENTATION_CONTEXT(2) 
PARAMETRIC_REPRESENTATION_CONTEXT() REPRESENTATION_CONTEXT('2D SPACE',''
  ) );
#1534 = PCURVE('',#1185,#1535);
#1535 = DEFINITIONAL_REPRESENTATION('',(#1536),#1540);
#1536 = LINE('',#1537,#1538);
#1537 = CARTESIAN_POINT('',(1.,0.));
#1538 = VECTOR('',#1539,1.);
#1539 = DIRECTION('',(0.,1.));
#1540 = ( GEOMETRIC_REPRESENTATION_CONTEXT(2) 
PARAMETRIC_REPRESENTATION_CONTEXT() REPRESENTATION_CONTEXT('2D SPACE',''
  ) );
#1541 = ADVANCED_FACE('',(#1542),#1155,.F.);
#1542 = FACE_BOUND('',#1543,.F.);
#1543 = EDGE_LOOP('',(#1544,#1565,#1566,#1567));
#1544 = ORIENTED_EDGE('',*,*,#1545,.T.);
#1545 = EDGE_CURVE('',#1546,#1498,#1548,.T.);
#1546 = VERTEX_POINT('',#1547);
#1547 = CARTESIAN_POINT('',(0.738610322383,-6.329611264507,-0.7934));
#1548 = SURFACE_CURVE('',#1549,(#1552,#1558),.PCURVE_S1.);
#1549 = B_SPLINE_CURVE_WITH_KNOTS('',1,(#1550,#1551),.UNSPECIFIED.,.F.,
  .F.,(2,2),(0.,1.),.PIECEWISE_BEZIER_KNOTS.);
#1550 = CARTESIAN_POINT('',(0.738610322383,-6.329611264507,-0.7934));
#1551 = CARTESIAN_POINT('',(0.718311337434,-6.145745358994,-0.6866));
#1552 = PCURVE('',#1155,#1553);
#1553 = DEFINITIONAL_REPRESENTATION('',(#1554),#1557);
#1554 = B_SPLINE_CURVE_WITH_KNOTS('',1,(#1555,#1556),.UNSPECIFIED.,.F.,
  .F.,(2,2),(0.,1.),.PIECEWISE_BEZIER_KNOTS.);
#1555 = CARTESIAN_POINT('',(0.,0.));
#1556 = CARTESIAN_POINT('',(0.213457726543,-7.794804620953E-03));
#1557 = ( GEOMETRIC_REPRESENTATION_CONTEXT(2) 
PARAMETRIC_REPRESENTATION_CONTEXT() REPRESENTATION_CONTEXT('2D SPACE',''
  ) );
#1558 = PCURVE('',#1185,#1559);
#1559 = DEFINITIONAL_REPRESENTATION('',(#1560),#1564);
#1560 = LINE('',#1561,#1562);
#1561 = CARTESIAN_POINT('',(0.,1.));
#1562 = VECTOR('',#1563,1.);
#1563 = DIRECTION('',(1.,0.));
#1564 = ( GEOMETRIC_REPRESENTATION_CONTEXT(2) 
PARAMETRIC_REPRESENTATION_CONTEXT() REPRESENTATION_CONTEXT('2D SPACE',''
  ) );
#1565 = ORIENTED_EDGE('',*,*,#1497,.T.);
#1566 = ORIENTED_EDGE('',*,*,#1142,.T.);
#1567 = ORIENTED_EDGE('',*,*,#1568,.T.);
#1568 = EDGE_CURVE('',#1104,#1546,#1569,.T.);
#1569 = SURFACE_CURVE('',#1570,(#1573,#1579),.PCURVE_S1.);
#1570 = B_SPLINE_CURVE_WITH_KNOTS('',1,(#1571,#1572),.UNSPECIFIED.,.F.,
  .F.,(2,2),(3.,4.),.PIECEWISE_BEZIER_KNOTS.);
#1571 = CARTESIAN_POINT('',(0.73085742693,-6.330467192133,-0.7934));
#1572 = CARTESIAN_POINT('',(0.738610322383,-6.329611264507,-0.7934));
#1573 = PCURVE('',#1155,#1574);
#1574 = DEFINITIONAL_REPRESENTATION('',(#1575),#1578);
#1575 = B_SPLINE_CURVE_WITH_KNOTS('',1,(#1576,#1577),.UNSPECIFIED.,.F.,
  .F.,(2,2),(3.,4.),.PIECEWISE_BEZIER_KNOTS.);
#1576 = CARTESIAN_POINT('',(2.846417417768E-04,7.794804620954E-03));
#1577 = CARTESIAN_POINT('',(0.,0.));
#1578 = ( GEOMETRIC_REPRESENTATION_CONTEXT(2) 
PARAMETRIC_REPRESENTATION_CONTEXT() REPRESENTATION_CONTEXT('2D SPACE',''
  ) );
#1579 = PCURVE('',#1122,#1580);
#1580 = DEFINITIONAL_REPRESENTATION('',(#1581),#1585);
#1581 = LINE('',#1582,#1583);
#1582 = CARTESIAN_POINT('',(0.,1.));
#1583 = VECTOR('',#1584,1.);
#1584 = DIRECTION('',(1.,0.));
#1585 = ( GEOMETRIC_REPRESENTATION_CONTEXT(2) 
PARAMETRIC_REPRESENTATION_CONTEXT() REPRESENTATION_CONTEXT('2D SPACE',''
  ) );
#1586 = ADVANCED_FACE('',(#1587),#1122,.F.);
#1587 = FACE_BOUND('',#1588,.F.);
#1588 = EDGE_LOOP('',(#1589,#1590,#1614,#1615));
#1589 = ORIENTED_EDGE('',*,*,#1205,.T.);
#1590 = ORIENTED_EDGE('',*,*,#1591,.T.);
#1591 = EDGE_CURVE('',#1170,#1546,#1592,.T.);
#1592 = SURFACE_CURVE('',#1593,(#1600,#1607),.PCURVE_S1.);
#1593 = ( BOUNDED_CURVE() B_SPLINE_CURVE(5,(#1594,#1595,#1596,#1597,
#1598,#1599),.UNSPECIFIED.,.F.,.F.) B_SPLINE_CURVE_WITH_KNOTS((6,6),(0.,
1.),.PIECEWISE_BEZIER_KNOTS.) CURVE() GEOMETRIC_REPRESENTATION_ITEM() 
RATIONAL_B_SPLINE_CURVE((1.,1.,1.,1.,1.,1.)) REPRESENTATION_ITEM('') );
#1594 = CARTESIAN_POINT('',(0.359883594816,-6.344531405645,-0.76135));
#1595 = CARTESIAN_POINT('',(0.427203198309,-6.388785843407,
    -0.768371567083));
#1596 = CARTESIAN_POINT('',(0.510134982422,-6.409924470962,
    -0.775262770121));
#1597 = CARTESIAN_POINT('',(0.595118647877,-6.401766868462,
    -0.781718927075));
#1598 = CARTESIAN_POINT('',(0.671806646419,-6.37343605543,
    -0.787749103153));
#1599 = CARTESIAN_POINT('',(0.738610322383,-6.329611264507,-0.7934));
#1600 = PCURVE('',#1122,#1601);
#1601 = DEFINITIONAL_REPRESENTATION('',(#1602),#1606);
#1602 = LINE('',#1603,#1604);
#1603 = CARTESIAN_POINT('',(4.,0.));
#1604 = VECTOR('',#1605,1.);
#1605 = DIRECTION('',(0.,1.));
#1606 = ( GEOMETRIC_REPRESENTATION_CONTEXT(2) 
PARAMETRIC_REPRESENTATION_CONTEXT() REPRESENTATION_CONTEXT('2D SPACE',''
  ) );
#1607 = PCURVE('',#1185,#1608);
#1608 = DEFINITIONAL_REPRESENTATION('',(#1609),#1613);
#1609 = LINE('',#1610,#1611);
#1610 = CARTESIAN_POINT('',(0.,0.));
#1611 = VECTOR('',#1612,1.);
#1612 = DIRECTION('',(0.,1.));
#1613 = ( GEOMETRIC_REPRESENTATION_CONTEXT(2) 
PARAMETRIC_REPRESENTATION_CONTEXT() REPRESENTATION_CONTEXT('2D SPACE',''
  ) );
#1614 = ORIENTED_EDGE('',*,*,#1568,.F.);
#1615 = ORIENTED_EDGE('',*,*,#1103,.F.);
#1616 = ADVANCED_FACE('',(#1617),#1185,.F.);
#1617 = FACE_BOUND('',#1618,.F.);
#1618 = EDGE_LOOP('',(#1619,#1620,#1621,#1622));
#1619 = ORIENTED_EDGE('',*,*,#1169,.T.);
#1620 = ORIENTED_EDGE('',*,*,#1518,.T.);
#1621 = ORIENTED_EDGE('',*,*,#1545,.F.);
#1622 = ORIENTED_EDGE('',*,*,#1591,.F.);
#1623 = ADVANCED_FACE('',(#1624,#1655),#1287,.T.);
#1624 = FACE_BOUND('',#1625,.T.);
#1625 = EDGE_LOOP('',(#1626));
#1626 = ORIENTED_EDGE('',*,*,#1627,.T.);
#1627 = EDGE_CURVE('',#1628,#1628,#1630,.T.);
#1628 = VERTEX_POINT('',#1629);
#1629 = CARTESIAN_POINT('',(0.3833,-6.282,-4.2096));
#1630 = SURFACE_CURVE('',#1631,(#1636,#1643),.PCURVE_S1.);
#1631 = CIRCLE('',#1632,5.63E-02);
#1632 = AXIS2_PLACEMENT_3D('',#1633,#1634,#1635);
#1633 = CARTESIAN_POINT('',(0.327,-6.282,-4.2096));
#1634 = DIRECTION('',(0.,0.,1.));
#1635 = DIRECTION('',(1.,0.,0.));
#1636 = PCURVE('',#1287,#1637);
#1637 = DEFINITIONAL_REPRESENTATION('',(#1638),#1642);
#1638 = CIRCLE('',#1639,5.63E-02);
#1639 = AXIS2_PLACEMENT_2D('',#1640,#1641);
#1640 = CARTESIAN_POINT('',(0.,0.));
#1641 = DIRECTION('',(1.,0.));
#1642 = ( GEOMETRIC_REPRESENTATION_CONTEXT(2) 
PARAMETRIC_REPRESENTATION_CONTEXT() REPRESENTATION_CONTEXT('2D SPACE',''
  ) );
#1643 = PCURVE('',#1644,#1649);
#1644 = CYLINDRICAL_SURFACE('',#1645,5.63E-02);
#1645 = AXIS2_PLACEMENT_3D('',#1646,#1647,#1648);
#1646 = CARTESIAN_POINT('',(0.327,-6.282,-4.3824));
#1647 = DIRECTION('',(-0.,-0.,-1.));
#1648 = DIRECTION('',(1.,0.,0.));
#1649 = DEFINITIONAL_REPRESENTATION('',(#1650),#1654);
#1650 = LINE('',#1651,#1652);
#1651 = CARTESIAN_POINT('',(-0.,-0.1728));
#1652 = VECTOR('',#1653,1.);
#1653 = DIRECTION('',(-1.,0.));
#1654 = ( GEOMETRIC_REPRESENTATION_CONTEXT(2) 
PARAMETRIC_REPRESENTATION_CONTEXT() REPRESENTATION_CONTEXT('2D SPACE',''
  ) );
#1655 = FACE_BOUND('',#1656,.T.);
#1656 = EDGE_LOOP('',(#1657));
#1657 = ORIENTED_EDGE('',*,*,#1272,.T.);
#1658 = ADVANCED_FACE('',(#1659),#1347,.T.);
#1659 = FACE_BOUND('',#1660,.T.);
#1660 = EDGE_LOOP('',(#1661));
#1661 = ORIENTED_EDGE('',*,*,#1332,.T.);
#1662 = ADVANCED_FACE('',(#1663,#1717,#1799,#1881),#1644,.T.);
#1663 = FACE_BOUND('',#1664,.F.);
#1664 = EDGE_LOOP('',(#1665,#1694,#1715,#1716));
#1665 = ORIENTED_EDGE('',*,*,#1666,.F.);
#1666 = EDGE_CURVE('',#1667,#1667,#1669,.T.);
#1667 = VERTEX_POINT('',#1668);
#1668 = CARTESIAN_POINT('',(0.3833,-6.282,-4.3824));
#1669 = SURFACE_CURVE('',#1670,(#1675,#1682),.PCURVE_S1.);
#1670 = CIRCLE('',#1671,5.63E-02);
#1671 = AXIS2_PLACEMENT_3D('',#1672,#1673,#1674);
#1672 = CARTESIAN_POINT('',(0.327,-6.282,-4.3824));
#1673 = DIRECTION('',(0.,0.,1.));
#1674 = DIRECTION('',(1.,0.,0.));
#1675 = PCURVE('',#1644,#1676);
#1676 = DEFINITIONAL_REPRESENTATION('',(#1677),#1681);
#1677 = LINE('',#1678,#1679);
#1678 = CARTESIAN_POINT('',(-0.,0.));
#1679 = VECTOR('',#1680,1.);
#1680 = DIRECTION('',(-1.,0.));
#1681 = ( GEOMETRIC_REPRESENTATION_CONTEXT(2) 
PARAMETRIC_REPRESENTATION_CONTEXT() REPRESENTATION_CONTEXT('2D SPACE',''
  ) );
#1682 = PCURVE('',#1683,#1688);
#1683 = PLANE('',#1684);
#1684 = AXIS2_PLACEMENT_3D('',#1685,#1686,#1687);
#1685 = CARTESIAN_POINT('',(0.327,-6.282,-4.3824));
#1686 = DIRECTION('',(0.,0.,1.));
#1687 = DIRECTION('',(1.,0.,-0.));
#1688 = DEFINITIONAL_REPRESENTATION('',(#1689),#1693);
#1689 = CIRCLE('',#1690,5.63E-02);
#1690 = AXIS2_PLACEMENT_2D('',#1691,#1692);
#1691 = CARTESIAN_POINT('',(0.,0.));
#1692 = DIRECTION('',(1.,0.));
#1693 = ( GEOMETRIC_REPRESENTATION_CONTEXT(2) 
PARAMETRIC_REPRESENTATION_CONTEXT() REPRESENTATION_CONTEXT('2D SPACE',''
  ) );
#1694 = ORIENTED_EDGE('',*,*,#1695,.T.);
#1695 = EDGE_CURVE('',#1667,#1628,#1696,.T.);
#1696 = SEAM_CURVE('',#1697,(#1701,#1708),.PCURVE_S1.);
#1697 = LINE('',#1698,#1699);
#1698 = CARTESIAN_POINT('',(0.3833,-6.282,-4.3824));
#1699 = VECTOR('',#1700,1.);
#1700 = DIRECTION('',(0.,0.,1.));
#1701 = PCURVE('',#1644,#1702);
#1702 = DEFINITIONAL_REPRESENTATION('',(#1703),#1707);
#1703 = LINE('',#1704,#1705);
#1704 = CARTESIAN_POINT('',(-6.28318530718,0.));
#1705 = VECTOR('',#1706,1.);
#1706 = DIRECTION('',(-0.,-1.));
#1707 = ( GEOMETRIC_REPRESENTATION_CONTEXT(2) 
PARAMETRIC_REPRESENTATION_CONTEXT() REPRESENTATION_CONTEXT('2D SPACE',''
  ) );
#1708 = PCURVE('',#1644,#1709);
#1709 = DEFINITIONAL_REPRESENTATION('',(#1710),#1714);
#1710 = LINE('',#1711,#1712);
#1711 = CARTESIAN_POINT('',(-0.,0.));
#1712 = VECTOR('',#1713,1.);
#1713 = DIRECTION('',(-0.,-1.));
#1714 = ( GEOMETRIC_REPRESENTATION_CONTEXT(2) 
PARAMETRIC_REPRESENTATION_CONTEXT() REPRESENTATION_CONTEXT('2D SPACE',''
  ) );
#1715 = ORIENTED_EDGE('',*,*,#1627,.T.);
#1716 = ORIENTED_EDGE('',*,*,#1695,.F.);
#1717 = FACE_BOUND('',#1718,.F.);
#1718 = EDGE_LOOP('',(#1719,#1769));
#1719 = ORIENTED_EDGE('',*,*,#1720,.F.);
#1720 = EDGE_CURVE('',#1721,#1723,#1725,.T.);
#1721 = VERTEX_POINT('',#1722);
#1722 = CARTESIAN_POINT('',(0.307052146988,-6.229352367952,
    -4.284112611725));
#1723 = VERTEX_POINT('',#1724);
#1724 = CARTESIAN_POINT('',(0.348228194699,-6.229855453307,
    -4.307887388275));
#1725 = SURFACE_CURVE('',#1726,(#1734,#1745),.PCURVE_S1.);
#1726 = B_SPLINE_CURVE_WITH_KNOTS('',6,(#1727,#1728,#1729,#1730,#1731,
    #1732,#1733),.UNSPECIFIED.,.F.,.F.,(7,7),(0.,1.),
  .PIECEWISE_BEZIER_KNOTS.);
#1727 = CARTESIAN_POINT('',(0.307052146988,-6.229352367952,
    -4.284112611725));
#1728 = CARTESIAN_POINT('',(0.313557998248,-6.226887342279,
    -4.288000668015));
#1729 = CARTESIAN_POINT('',(0.320430094847,-6.225386772655,
    -4.292064047756));
#1730 = CARTESIAN_POINT('',(0.327515570466,-6.224909170534,
    -4.296187155159));
#1731 = CARTESIAN_POINT('',(0.334639356408,-6.225499194881,
    -4.300260840766));
#1732 = CARTESIAN_POINT('',(0.341607788221,-6.227160266818,
    -4.304188734445));
#1733 = CARTESIAN_POINT('',(0.348228194699,-6.229855453307,
    -4.307887388275));
#1734 = PCURVE('',#1644,#1735);
#1735 = DEFINITIONAL_REPRESENTATION('',(#1736),#1744);
#1736 = B_SPLINE_CURVE_WITH_KNOTS('',6,(#1737,#1738,#1739,#1740,#1741,
    #1742,#1743),.UNSPECIFIED.,.F.,.F.,(7,7),(0.,1.),
  .PIECEWISE_BEZIER_KNOTS.);
#1737 = CARTESIAN_POINT('',(-1.93297622301,-9.828738827497E-02));
#1738 = CARTESIAN_POINT('',(-1.809402740081,-9.439933198548E-02));
#1739 = CARTESIAN_POINT('',(-1.685814371453,-9.033595224385E-02));
#1740 = CARTESIAN_POINT('',(-1.561730757356,-8.621284484052E-02));
#1741 = CARTESIAN_POINT('',(-1.436907820968,-8.213915923441E-02));
#1742 = CARTESIAN_POINT('',(-1.311144406748,-7.821126555452E-02));
#1743 = CARTESIAN_POINT('',(-1.184181821052,-7.451261172503E-02));
#1744 = ( GEOMETRIC_REPRESENTATION_CONTEXT(2) 
PARAMETRIC_REPRESENTATION_CONTEXT() REPRESENTATION_CONTEXT('2D SPACE',''
  ) );
#1745 = PCURVE('',#1746,#1759);
#1746 = ( BOUNDED_SURFACE() B_SPLINE_SURFACE(1,5,(
    (#1747,#1748,#1749,#1750,#1751,#1752)
    ,(#1753,#1754,#1755,#1756,#1757,#1758
)),.UNSPECIFIED.,.F.,.F.,.F.) B_SPLINE_SURFACE_WITH_KNOTS((2,2),(6,6),(
    2.,3.),(0.,1.),.PIECEWISE_BEZIER_KNOTS.) 
GEOMETRIC_REPRESENTATION_ITEM() RATIONAL_B_SPLINE_SURFACE((
    (1.,1.,1.,1.,1.,1.)
,(1.,1.,1.,1.,1.,1.))) REPRESENTATION_ITEM('') SURFACE() );
#1747 = CARTESIAN_POINT('',(0.290663645879,-6.229152134677,-4.27465));
#1748 = CARTESIAN_POINT('',(0.271995457959,-6.158888140935,
    -4.267628432917));
#1749 = CARTESIAN_POINT('',(0.227605745817,-6.094993095326,
    -4.260737229879));
#1750 = CARTESIAN_POINT('',(0.163172594465,-6.050456390437,
    -4.254281072925));
#1751 = CARTESIAN_POINT('',(9.191638792446E-02,-6.025407030459,
    -4.248250896847));
#1752 = CARTESIAN_POINT('',(1.796205358289E-02,-6.017528002098,-4.2426)
  );
#1753 = CARTESIAN_POINT('',(0.364616695809,-6.230055686582,-4.31735));
#1754 = CARTESIAN_POINT('',(0.370385586776,-6.14964173118,
    -4.324371567083));
#1755 = CARTESIAN_POINT('',(0.348312738718,-6.067068145354,
    -4.331262770121));
#1756 = CARTESIAN_POINT('',(0.299725663152,-5.997188736404,
    -4.337718927075));
#1757 = CARTESIAN_POINT('',(0.237684410369,-5.944483107873,
    -4.343749103153));
#1758 = CARTESIAN_POINT('',(0.167045106172,-5.908015612705,-4.3494));
#1759 = DEFINITIONAL_REPRESENTATION('',(#1760),#1768);
#1760 = B_SPLINE_CURVE_WITH_KNOTS('',6,(#1761,#1762,#1763,#1764,#1765,
    #1766,#1767),.UNSPECIFIED.,.F.,.F.,(7,7),(0.,1.),
  .PIECEWISE_BEZIER_KNOTS.);
#1761 = CARTESIAN_POINT('',(2.221606831968,0.));
#1762 = CARTESIAN_POINT('',(2.315881991165,7.033767222284E-03));
#1763 = CARTESIAN_POINT('',(2.410331110925,1.11999038508E-02));
#1764 = CARTESIAN_POINT('',(2.504233354602,1.247108980145E-02));
#1765 = CARTESIAN_POINT('',(2.597158800654,1.091346799044E-02));
#1766 = CARTESIAN_POINT('',(2.688711567108,6.688840428552E-03));
#1767 = CARTESIAN_POINT('',(2.778393168032,0.));
#1768 = ( GEOMETRIC_REPRESENTATION_CONTEXT(2) 
PARAMETRIC_REPRESENTATION_CONTEXT() REPRESENTATION_CONTEXT('2D SPACE',''
  ) );
#1769 = ORIENTED_EDGE('',*,*,#1770,.T.);
#1770 = EDGE_CURVE('',#1721,#1723,#1771,.T.);
#1771 = SURFACE_CURVE('',#1772,(#1777,#1787),.PCURVE_S1.);
#1772 = ELLIPSE('',#1773,6.500964031075E-02,5.63E-02);
#1773 = AXIS2_PLACEMENT_3D('',#1774,#1775,#1776);
#1774 = CARTESIAN_POINT('',(0.327,-6.282,-4.296));
#1775 = DIRECTION('',(-0.49996268483,6.108500417626E-03,-0.866025403784)
  );
#1776 = DIRECTION('',(0.865960772014,-1.058023308138E-02,-0.5));
#1777 = PCURVE('',#1644,#1778);
#1778 = DEFINITIONAL_REPRESENTATION('',(#1779),#1786);
#1779 = B_SPLINE_CURVE_WITH_KNOTS('',5,(#1780,#1781,#1782,#1783,#1784,
    #1785),.UNSPECIFIED.,.F.,.F.,(6,6),(4.014100879919,5.200525035488),
  .PIECEWISE_BEZIER_KNOTS.);
#1780 = CARTESIAN_POINT('',(-2.256867122497,-0.107297589769));
#1781 = CARTESIAN_POINT('',(-2.019582291383,-0.101389940464));
#1782 = CARTESIAN_POINT('',(-1.782297460269,-9.40119798394E-02));
#1783 = CARTESIAN_POINT('',(-1.545012629155,-8.585306133641E-02));
#1784 = CARTESIAN_POINT('',(-1.307727798041,-7.796797462668E-02));
#1785 = CARTESIAN_POINT('',(-1.070442966927,-7.11558747595E-02));
#1786 = ( GEOMETRIC_REPRESENTATION_CONTEXT(2) 
PARAMETRIC_REPRESENTATION_CONTEXT() REPRESENTATION_CONTEXT('2D SPACE',''
  ) );
#1787 = PCURVE('',#1788,#1793);
#1788 = PLANE('',#1789);
#1789 = AXIS2_PLACEMENT_3D('',#1790,#1791,#1792);
#1790 = CARTESIAN_POINT('',(0.364711988415,-6.222256268699,-4.31735));
#1791 = DIRECTION('',(-0.49996268483,6.108500417626E-03,-0.866025403784)
  );
#1792 = DIRECTION('',(-0.863482477947,-8.0413136047E-02,0.497927442334)
  );
#1793 = DEFINITIONAL_REPRESENTATION('',(#1794),#1798);
#1794 = ELLIPSE('',#1795,6.500964031075E-02,5.63E-02);
#1795 = AXIS2_PLACEMENT_2D('',#1796,#1797);
#1796 = CARTESIAN_POINT('',(4.799857289205E-02,-5.606663000686E-02));
#1797 = DIRECTION('',(-0.995854884669,-9.095630094166E-02));
#1798 = ( GEOMETRIC_REPRESENTATION_CONTEXT(2) 
PARAMETRIC_REPRESENTATION_CONTEXT() REPRESENTATION_CONTEXT('2D SPACE',''
  ) );
#1799 = FACE_BOUND('',#1800,.F.);
#1800 = EDGE_LOOP('',(#1801,#1851));
#1801 = ORIENTED_EDGE('',*,*,#1802,.F.);
#1802 = EDGE_CURVE('',#1803,#1805,#1807,.T.);
#1803 = VERTEX_POINT('',#1804);
#1804 = CARTESIAN_POINT('',(0.291379739704,-6.325599163483,
    -4.284112611725));
#1805 = VERTEX_POINT('',#1806);
#1806 = CARTESIAN_POINT('',(0.271227400545,-6.28968811746,
    -4.307887388275));
#1807 = SURFACE_CURVE('',#1808,(#1816,#1827),.PCURVE_S1.);
#1808 = B_SPLINE_CURVE_WITH_KNOTS('',6,(#1809,#1810,#1811,#1812,#1813,
    #1814,#1815),.UNSPECIFIED.,.F.,.F.,(7,7),(0.,1.),
  .PIECEWISE_BEZIER_KNOTS.);
#1809 = CARTESIAN_POINT('',(0.291379739704,-6.325599163483,
    -4.284112611725));
#1810 = CARTESIAN_POINT('',(0.285992039219,-6.321197443855,
    -4.288000668015));
#1811 = CARTESIAN_POINT('',(0.281256459506,-6.315996318435,
    -4.292064047756));
#1812 = CARTESIAN_POINT('',(0.277300106126,-6.310098917612,
    -4.296187155159));
#1813 = CARTESIAN_POINT('',(0.274249189229,-6.303634525842,
    -4.300260840766));
#1814 = CARTESIAN_POINT('',(0.272203503817,-6.296769150898,
    -4.304188734445));
#1815 = CARTESIAN_POINT('',(0.271227400545,-6.28968811746,
    -4.307887388275));
#1816 = PCURVE('',#1644,#1817);
#1817 = DEFINITIONAL_REPRESENTATION('',(#1818),#1826);
#1818 = B_SPLINE_CURVE_WITH_KNOTS('',6,(#1819,#1820,#1821,#1822,#1823,
    #1824,#1825),.UNSPECIFIED.,.F.,.F.,(7,7),(0.,1.),
  .PIECEWISE_BEZIER_KNOTS.);
#1819 = CARTESIAN_POINT('',(-4.027371325403,-9.828738827497E-02));
#1820 = CARTESIAN_POINT('',(-3.903797842474,-9.439933198548E-02));
#1821 = CARTESIAN_POINT('',(-3.780209473846,-9.033595224384E-02));
#1822 = CARTESIAN_POINT('',(-3.656125859749,-8.621284484052E-02));
#1823 = CARTESIAN_POINT('',(-3.531302923361,-8.213915923441E-02));
#1824 = CARTESIAN_POINT('',(-3.405539509141,-7.821126555452E-02));
#1825 = CARTESIAN_POINT('',(-3.278576923445,-7.451261172503E-02));
#1826 = ( GEOMETRIC_REPRESENTATION_CONTEXT(2) 
PARAMETRIC_REPRESENTATION_CONTEXT() REPRESENTATION_CONTEXT('2D SPACE',''
  ) );
#1827 = PCURVE('',#1828,#1841);
#1828 = ( BOUNDED_SURFACE() B_SPLINE_SURFACE(1,5,(
    (#1829,#1830,#1831,#1832,#1833,#1834)
    ,(#1835,#1836,#1837,#1838,#1839,#1840
)),.UNSPECIFIED.,.F.,.F.,.F.) B_SPLINE_SURFACE_WITH_KNOTS((2,2),(6,6),(
    2.,3.),(0.,1.),.PIECEWISE_BEZIER_KNOTS.) 
GEOMETRIC_REPRESENTATION_ITEM() RATIONAL_B_SPLINE_SURFACE((
    (1.,1.,1.,1.,1.,1.)
,(1.,1.,1.,1.,1.,1.))) REPRESENTATION_ITEM('') SURFACE() );
#1829 = CARTESIAN_POINT('',(0.299400583155,-6.339892138411,-4.27465));
#1830 = CARTESIAN_POINT('',(0.247884273563,-6.391191260264,
    -4.267628432917));
#1831 = CARTESIAN_POINT('',(0.21474439696,-6.461581401449,
    -4.260737229879));
#1832 = CARTESIAN_POINT('',(0.208391054802,-6.539650499812,
    -4.254281072925));
#1833 = CARTESIAN_POINT('',(0.222325775983,-6.613884864841,
    -4.248250896847));
#1834 = CARTESIAN_POINT('',(0.252479504436,-6.681870711282,-4.2426));
#1835 = CARTESIAN_POINT('',(0.263206557094,-6.275395142532,-4.31735));
#1836 = CARTESIAN_POINT('',(0.190681583413,-6.310606114104,
    -4.324371567083));
#1837 = CARTESIAN_POINT('',(0.130207184435,-6.371008554169,
    -4.331262770121));
#1838 = CARTESIAN_POINT('',(9.398337886613E-02,-6.448025900379,
    -4.337718927075));
#1839 = CARTESIAN_POINT('',(7.935959202732E-02,-6.528108015638,
    -4.343749103153));
#1840 = CARTESIAN_POINT('',(8.309746689739E-02,-6.607517195162,-4.3494)
  );
#1841 = DEFINITIONAL_REPRESENTATION('',(#1842),#1850);
#1842 = B_SPLINE_CURVE_WITH_KNOTS('',6,(#1843,#1844,#1845,#1846,#1847,
    #1848,#1849),.UNSPECIFIED.,.F.,.F.,(7,7),(0.,1.),
  .PIECEWISE_BEZIER_KNOTS.);
#1843 = CARTESIAN_POINT('',(2.221606831968,0.));
#1844 = CARTESIAN_POINT('',(2.315881991165,7.033767222269E-03));
#1845 = CARTESIAN_POINT('',(2.410331110925,1.119990385075E-02));
#1846 = CARTESIAN_POINT('',(2.504233354602,1.247108980146E-02));
#1847 = CARTESIAN_POINT('',(2.597158800654,1.091346799041E-02));
#1848 = CARTESIAN_POINT('',(2.688711567108,6.688840428546E-03));
#1849 = CARTESIAN_POINT('',(2.778393168032,0.));
#1850 = ( GEOMETRIC_REPRESENTATION_CONTEXT(2) 
PARAMETRIC_REPRESENTATION_CONTEXT() REPRESENTATION_CONTEXT('2D SPACE',''
  ) );
#1851 = ORIENTED_EDGE('',*,*,#1852,.F.);
#1852 = EDGE_CURVE('',#1805,#1803,#1853,.T.);
#1853 = SURFACE_CURVE('',#1854,(#1859,#1869),.PCURVE_S1.);
#1854 = ELLIPSE('',#1855,6.500964031075E-02,5.63E-02);
#1855 = AXIS2_PLACEMENT_3D('',#1856,#1857,#1858);
#1856 = CARTESIAN_POINT('',(0.327,-6.282,-4.296));
#1857 = DIRECTION('',(-0.244691225874,0.436034636216,0.866025403784));
#1858 = DIRECTION('',(-0.423817635381,0.755234143786,-0.5));
#1859 = PCURVE('',#1644,#1860);
#1860 = DEFINITIONAL_REPRESENTATION('',(#1861),#1868);
#1861 = B_SPLINE_CURVE_WITH_KNOTS('',5,(#1862,#1863,#1864,#1865,#1866,
    #1867),.UNSPECIFIED.,.F.,.F.,(6,6),(1.082660271695,2.269084427258),
  .PIECEWISE_BEZIER_KNOTS.);
#1862 = CARTESIAN_POINT('',(-3.164838069324,-7.115587475959E-02));
#1863 = CARTESIAN_POINT('',(-3.402122900436,-7.796797462675E-02));
#1864 = CARTESIAN_POINT('',(-3.639407731549,-8.585306133643E-02));
#1865 = CARTESIAN_POINT('',(-3.876692562662,-9.401197983937E-02));
#1866 = CARTESIAN_POINT('',(-4.113977393774,-0.101389940464));
#1867 = CARTESIAN_POINT('',(-4.351262224887,-0.107297589768));
#1868 = ( GEOMETRIC_REPRESENTATION_CONTEXT(2) 
PARAMETRIC_REPRESENTATION_CONTEXT() REPRESENTATION_CONTEXT('2D SPACE',''
  ) );
#1869 = PCURVE('',#1870,#1875);
#1870 = PLANE('',#1871);
#1871 = AXIS2_PLACEMENT_3D('',#1872,#1873,#1874);
#1872 = CARTESIAN_POINT('',(0.256404416769,-6.279212325656,-4.31735));
#1873 = DIRECTION('',(-0.244691225874,0.436034636216,0.866025403784));
#1874 = DIRECTION('',(0.501381057588,-0.707591193601,0.497927442334));
#1875 = DEFINITIONAL_REPRESENTATION('',(#1876),#1880);
#1876 = ELLIPSE('',#1877,6.500964031075E-02,5.63E-02);
#1877 = AXIS2_PLACEMENT_2D('',#1878,#1879);
#1878 = CARTESIAN_POINT('',(4.799857289205E-02,5.606663000686E-02));
#1879 = DIRECTION('',(-0.995854884669,9.095630094163E-02));
#1880 = ( GEOMETRIC_REPRESENTATION_CONTEXT(2) 
PARAMETRIC_REPRESENTATION_CONTEXT() REPRESENTATION_CONTEXT('2D SPACE',''
  ) );
#1881 = FACE_BOUND('',#1882,.F.);
#1882 = EDGE_LOOP('',(#1883,#1933));
#1883 = ORIENTED_EDGE('',*,*,#1884,.F.);
#1884 = EDGE_CURVE('',#1885,#1887,#1889,.T.);
#1885 = VERTEX_POINT('',#1886);
#1886 = CARTESIAN_POINT('',(0.382568113308,-6.291048468565,
    -4.284112611725));
#1887 = VERTEX_POINT('',#1888);
#1888 = CARTESIAN_POINT('',(0.361544404755,-6.326456429233,
    -4.307887388275));
#1889 = SURFACE_CURVE('',#1890,(#1898,#1909),.PCURVE_S1.);
#1890 = B_SPLINE_CURVE_WITH_KNOTS('',6,(#1891,#1892,#1893,#1894,#1895,
    #1896,#1897),.UNSPECIFIED.,.F.,.F.,(7,7),(0.,1.),
  .PIECEWISE_BEZIER_KNOTS.);
#1891 = CARTESIAN_POINT('',(0.382568113308,-6.291048468565,
    -4.284112611725));
#1892 = CARTESIAN_POINT('',(0.381449962533,-6.297915213866,
    -4.288000668015));
#1893 = CARTESIAN_POINT('',(0.379313445647,-6.304616908909,
    -4.292064047756));
#1894 = CARTESIAN_POINT('',(0.376184323408,-6.310991911854,
    -4.296187155159));
#1895 = CARTESIAN_POINT('',(0.372111454364,-6.316866279277,
    -4.300260840766));
#1896 = CARTESIAN_POINT('',(0.367188707961,-6.322070582284,
    -4.304188734445));
#1897 = CARTESIAN_POINT('',(0.361544404755,-6.326456429233,
    -4.307887388275));
#1898 = PCURVE('',#1644,#1899);
#1899 = DEFINITIONAL_REPRESENTATION('',(#1900),#1908);
#1900 = B_SPLINE_CURVE_WITH_KNOTS('',6,(#1901,#1902,#1903,#1904,#1905,
    #1906,#1907),.UNSPECIFIED.,.F.,.F.,(7,7),(0.,1.),
  .PIECEWISE_BEZIER_KNOTS.);
#1901 = CARTESIAN_POINT('',(-6.121766427797,-9.828738827497E-02));
#1902 = CARTESIAN_POINT('',(-5.998192944867,-9.439933198548E-02));
#1903 = CARTESIAN_POINT('',(-5.874604576239,-9.033595224385E-02));
#1904 = CARTESIAN_POINT('',(-5.750520962142,-8.621284484052E-02));
#1905 = CARTESIAN_POINT('',(-5.625698025754,-8.213915923441E-02));
#1906 = CARTESIAN_POINT('',(-5.499934611534,-7.821126555452E-02));
#1907 = CARTESIAN_POINT('',(-5.372972025838,-7.451261172503E-02));
#1908 = ( GEOMETRIC_REPRESENTATION_CONTEXT(2) 
PARAMETRIC_REPRESENTATION_CONTEXT() REPRESENTATION_CONTEXT('2D SPACE',''
  ) );
#1909 = PCURVE('',#1910,#1923);
#1910 = ( BOUNDED_SURFACE() B_SPLINE_SURFACE(1,5,(
    (#1911,#1912,#1913,#1914,#1915,#1916)
    ,(#1917,#1918,#1919,#1920,#1921,#1922
)),.UNSPECIFIED.,.F.,.F.,.F.) B_SPLINE_SURFACE_WITH_KNOTS((2,2),(6,6),(
    2.,3.),(0.,1.),.PIECEWISE_BEZIER_KNOTS.) 
GEOMETRIC_REPRESENTATION_ITEM() RATIONAL_B_SPLINE_SURFACE((
    (1.,1.,1.,1.,1.,1.)
,(1.,1.,1.,1.,1.,1.))) REPRESENTATION_ITEM('') SURFACE() );
#1911 = CARTESIAN_POINT('',(0.390935770966,-6.276955726911,-4.27465));
#1912 = CARTESIAN_POINT('',(0.461120268478,-6.295920598801,
    -4.267628432917));
#1913 = CARTESIAN_POINT('',(0.538649857222,-6.289425503225,
    -4.260737229879));
#1914 = CARTESIAN_POINT('',(0.609436350733,-6.255893109752,
    -4.254281072925));
#1915 = CARTESIAN_POINT('',(0.666757836093,-6.2067081047,-4.248250896847
    ));
#1916 = CARTESIAN_POINT('',(0.710558441981,-6.14660128662,-4.2426));
#1917 = CARTESIAN_POINT('',(0.353176747097,-6.340549170886,-4.31735));
#1918 = CARTESIAN_POINT('',(0.419932829811,-6.385752154716,
    -4.324371567083));
#1919 = CARTESIAN_POINT('',(0.502480076847,-6.407923300477,
    -4.33126277012));
#1920 = CARTESIAN_POINT('',(0.587290957982,-6.400785363216,
    -4.337718927075));
#1921 = CARTESIAN_POINT('',(0.663955997604,-6.373408876489,
    -4.343749103153));
#1922 = CARTESIAN_POINT('',(0.73085742693,-6.330467192133,-4.3494));
#1923 = DEFINITIONAL_REPRESENTATION('',(#1924),#1932);
#1924 = B_SPLINE_CURVE_WITH_KNOTS('',6,(#1925,#1926,#1927,#1928,#1929,
    #1930,#1931),.UNSPECIFIED.,.F.,.F.,(7,7),(0.,1.),
  .PIECEWISE_BEZIER_KNOTS.);
#1925 = CARTESIAN_POINT('',(2.221606831968,0.));
#1926 = CARTESIAN_POINT('',(2.315881991165,7.033767222273E-03));
#1927 = CARTESIAN_POINT('',(2.410331110925,1.119990385076E-02));
#1928 = CARTESIAN_POINT('',(2.504233354602,1.247108980146E-02));
#1929 = CARTESIAN_POINT('',(2.597158800654,1.091346799041E-02));
#1930 = CARTESIAN_POINT('',(2.688711567107,6.688840428546E-03));
#1931 = CARTESIAN_POINT('',(2.778393168032,0.));
#1932 = ( GEOMETRIC_REPRESENTATION_CONTEXT(2) 
PARAMETRIC_REPRESENTATION_CONTEXT() REPRESENTATION_CONTEXT('2D SPACE',''
  ) );
#1933 = ORIENTED_EDGE('',*,*,#1934,.T.);
#1934 = EDGE_CURVE('',#1885,#1887,#1935,.T.);
#1935 = SURFACE_CURVE('',#1936,(#1941,#1951),.PCURVE_S1.);
#1936 = ELLIPSE('',#1937,6.500964031075E-02,5.63E-02);
#1937 = AXIS2_PLACEMENT_3D('',#1938,#1939,#1940);
#1938 = CARTESIAN_POINT('',(0.327,-6.282,-4.296));
#1939 = DIRECTION('',(0.255271458956,0.429926135798,-0.866025403784));
#1940 = DIRECTION('',(-0.442143136634,-0.744653910705,-0.5));
#1941 = PCURVE('',#1644,#1942);
#1942 = DEFINITIONAL_REPRESENTATION('',(#1943),#1950);
#1943 = B_SPLINE_CURVE_WITH_KNOTS('',5,(#1944,#1945,#1946,#1947,#1948,
    #1949),.UNSPECIFIED.,.F.,.F.,(6,6),(4.176572900022,5.200525035485),
  .PIECEWISE_BEZIER_KNOTS.);
#1944 = CARTESIAN_POINT('',(-6.28318530718,-0.102995105728));
#1945 = CARTESIAN_POINT('',(-6.078394880087,-9.727134774655E-02));
#1946 = CARTESIAN_POINT('',(-5.873604452995,-9.067770116047E-02));
#1947 = CARTESIAN_POINT('',(-5.668814025902,-8.371345949059E-02));
#1948 = CARTESIAN_POINT('',(-5.46402359881,-7.703510789325E-02));
#1949 = CARTESIAN_POINT('',(-5.259233171717,-7.115587475959E-02));
#1950 = ( GEOMETRIC_REPRESENTATION_CONTEXT(2) 
PARAMETRIC_REPRESENTATION_CONTEXT() REPRESENTATION_CONTEXT('2D SPACE',''
  ) );
#1951 = PCURVE('',#1952,#1957);
#1952 = PLANE('',#1953);
#1953 = AXIS2_PLACEMENT_3D('',#1954,#1955,#1956);
#1954 = CARTESIAN_POINT('',(0.359883594816,-6.344531405645,-4.31735));
#1955 = DIRECTION('',(0.255271458956,0.429926135798,-0.866025403784));
#1956 = DIRECTION('',(0.362101420359,0.788004329648,0.497927442334));
#1957 = DEFINITIONAL_REPRESENTATION('',(#1958),#1962);
#1958 = ELLIPSE('',#1959,6.500964031075E-02,5.63E-02);
#1959 = AXIS2_PLACEMENT_2D('',#1960,#1961);
#1960 = CARTESIAN_POINT('',(4.799857289205E-02,-5.606663000686E-02));
#1961 = DIRECTION('',(-0.995854884669,-9.09563009417E-02));
#1962 = ( GEOMETRIC_REPRESENTATION_CONTEXT(2) 
PARAMETRIC_REPRESENTATION_CONTEXT() REPRESENTATION_CONTEXT('2D SPACE',''
  ) );
#1963 = ADVANCED_FACE('',(#1964,#1967),#1683,.F.);
#1964 = FACE_BOUND('',#1965,.F.);
#1965 = EDGE_LOOP('',(#1966));
#1966 = ORIENTED_EDGE('',*,*,#1666,.T.);
#1967 = FACE_BOUND('',#1968,.F.);
#1968 = EDGE_LOOP('',(#1969));
#1969 = ORIENTED_EDGE('',*,*,#1970,.T.);
#1970 = EDGE_CURVE('',#1971,#1971,#1973,.T.);
#1971 = VERTEX_POINT('',#1972);
#1972 = CARTESIAN_POINT('',(0.3619,-6.282,-4.3824));
#1973 = SURFACE_CURVE('',#1974,(#1979,#1990),.PCURVE_S1.);
#1974 = CIRCLE('',#1975,3.49E-02);
#1975 = AXIS2_PLACEMENT_3D('',#1976,#1977,#1978);
#1976 = CARTESIAN_POINT('',(0.327,-6.282,-4.3824));
#1977 = DIRECTION('',(0.,0.,-1.));
#1978 = DIRECTION('',(1.,0.,0.));
#1979 = PCURVE('',#1683,#1980);
#1980 = DEFINITIONAL_REPRESENTATION('',(#1981),#1989);
#1981 = ( BOUNDED_CURVE() B_SPLINE_CURVE(2,(#1982,#1983,#1984,#1985,
#1986,#1987,#1988),.UNSPECIFIED.,.T.,.F.) B_SPLINE_CURVE_WITH_KNOTS((1,2
    ,2,2,2,1),(-2.094395102393,0.,2.094395102393,4.188790204786,
6.28318530718,8.377580409573),.UNSPECIFIED.) CURVE() 
GEOMETRIC_REPRESENTATION_ITEM() RATIONAL_B_SPLINE_CURVE((1.,0.5,1.,0.5,
1.,0.5,1.)) REPRESENTATION_ITEM('') );
#1982 = CARTESIAN_POINT('',(3.49E-02,0.));
#1983 = CARTESIAN_POINT('',(3.49E-02,-6.044857318415E-02));
#1984 = CARTESIAN_POINT('',(-1.745E-02,-3.022428659208E-02));
#1985 = CARTESIAN_POINT('',(-6.98E-02,-8.548034658049E-18));
#1986 = CARTESIAN_POINT('',(-1.745E-02,3.022428659208E-02));
#1987 = CARTESIAN_POINT('',(3.49E-02,6.044857318415E-02));
#1988 = CARTESIAN_POINT('',(3.49E-02,0.));
#1989 = ( GEOMETRIC_REPRESENTATION_CONTEXT(2) 
PARAMETRIC_REPRESENTATION_CONTEXT() REPRESENTATION_CONTEXT('2D SPACE',''
  ) );
#1990 = PCURVE('',#1991,#1996);
#1991 = CYLINDRICAL_SURFACE('',#1992,3.49E-02);
#1992 = AXIS2_PLACEMENT_3D('',#1993,#1994,#1995);
#1993 = CARTESIAN_POINT('',(0.327,-6.282,-4.86));
#1994 = DIRECTION('',(-0.,-0.,-1.));
#1995 = DIRECTION('',(1.,0.,0.));
#1996 = DEFINITIONAL_REPRESENTATION('',(#1997),#2001);
#1997 = LINE('',#1998,#1999);
#1998 = CARTESIAN_POINT('',(-6.28318530718,-0.4776));
#1999 = VECTOR('',#2000,1.);
#2000 = DIRECTION('',(1.,-0.));
#2001 = ( GEOMETRIC_REPRESENTATION_CONTEXT(2) 
PARAMETRIC_REPRESENTATION_CONTEXT() REPRESENTATION_CONTEXT('2D SPACE',''
  ) );
#2002 = ADVANCED_FACE('',(#2003),#1746,.F.);
#2003 = FACE_BOUND('',#2004,.F.);
#2004 = EDGE_LOOP('',(#2005,#2046,#2065,#2066,#2087,#2126));
#2005 = ORIENTED_EDGE('',*,*,#2006,.F.);
#2006 = EDGE_CURVE('',#2007,#2009,#2011,.T.);
#2007 = VERTEX_POINT('',#2008);
#2008 = CARTESIAN_POINT('',(0.290663645879,-6.229152134677,-4.27465));
#2009 = VERTEX_POINT('',#2010);
#2010 = CARTESIAN_POINT('',(1.796205358289E-02,-6.017528002098,-4.2426)
  );
#2011 = SURFACE_CURVE('',#2012,(#2019,#2026),.PCURVE_S1.);
#2012 = ( BOUNDED_CURVE() B_SPLINE_CURVE(5,(#2013,#2014,#2015,#2016,
#2017,#2018),.UNSPECIFIED.,.F.,.F.) B_SPLINE_CURVE_WITH_KNOTS((6,6),(0.,
1.),.PIECEWISE_BEZIER_KNOTS.) CURVE() GEOMETRIC_REPRESENTATION_ITEM() 
RATIONAL_B_SPLINE_CURVE((1.,1.,1.,1.,1.,1.)) REPRESENTATION_ITEM('') );
#2013 = CARTESIAN_POINT('',(0.290663645879,-6.229152134677,-4.27465));
#2014 = CARTESIAN_POINT('',(0.271995457959,-6.158888140935,
    -4.267628432917));
#2015 = CARTESIAN_POINT('',(0.227605745817,-6.094993095326,
    -4.260737229879));
#2016 = CARTESIAN_POINT('',(0.163172594465,-6.050456390437,
    -4.254281072925));
#2017 = CARTESIAN_POINT('',(9.191638792446E-02,-6.025407030459,
    -4.248250896847));
#2018 = CARTESIAN_POINT('',(1.796205358289E-02,-6.017528002098,-4.2426)
  );
#2019 = PCURVE('',#1746,#2020);
#2020 = DEFINITIONAL_REPRESENTATION('',(#2021),#2025);
#2021 = LINE('',#2022,#2023);
#2022 = CARTESIAN_POINT('',(2.,0.));
#2023 = VECTOR('',#2024,1.);
#2024 = DIRECTION('',(0.,1.));
#2025 = ( GEOMETRIC_REPRESENTATION_CONTEXT(2) 
PARAMETRIC_REPRESENTATION_CONTEXT() REPRESENTATION_CONTEXT('2D SPACE',''
  ) );
#2026 = PCURVE('',#2027,#2040);
#2027 = ( BOUNDED_SURFACE() B_SPLINE_SURFACE(1,5,(
    (#2028,#2029,#2030,#2031,#2032,#2033)
    ,(#2034,#2035,#2036,#2037,#2038,#2039
)),.UNSPECIFIED.,.F.,.F.,.F.) B_SPLINE_SURFACE_WITH_KNOTS((2,2),(6,6),(
    1.,2.),(0.,1.),.PIECEWISE_BEZIER_KNOTS.) 
GEOMETRIC_REPRESENTATION_ITEM() RATIONAL_B_SPLINE_SURFACE((
    (1.,1.,1.,1.,1.,1.)
,(1.,1.,1.,1.,1.,1.))) REPRESENTATION_ITEM('') SURFACE() );
#2028 = CARTESIAN_POINT('',(0.290758938485,-6.221352716794,-4.27465));
#2029 = CARTESIAN_POINT('',(0.270987525184,-6.151074972775,
    -4.267628432917));
#2030 = CARTESIAN_POINT('',(0.225511357507,-6.087363167391,
    -4.260737229879));
#2031 = CARTESIAN_POINT('',(0.160108757993,-6.043186659511,
    -4.254281072925));
#2032 = CARTESIAN_POINT('',(8.801460117065E-02,-6.018594579678,
    -4.248250896847));
#2033 = CARTESIAN_POINT('',(1.334435078826E-02,-6.011241761496,-4.2426)
  );
#2034 = CARTESIAN_POINT('',(0.290663645879,-6.229152134677,-4.27465));
#2035 = CARTESIAN_POINT('',(0.271995457959,-6.158888140935,
    -4.267628432917));
#2036 = CARTESIAN_POINT('',(0.227605745817,-6.094993095326,
    -4.260737229879));
#2037 = CARTESIAN_POINT('',(0.163172594465,-6.050456390437,
    -4.254281072925));
#2038 = CARTESIAN_POINT('',(9.191638792446E-02,-6.025407030459,
    -4.248250896847));
#2039 = CARTESIAN_POINT('',(1.796205358289E-02,-6.017528002098,-4.2426)
  );
#2040 = DEFINITIONAL_REPRESENTATION('',(#2041),#2045);
#2041 = LINE('',#2042,#2043);
#2042 = CARTESIAN_POINT('',(2.,0.));
#2043 = VECTOR('',#2044,1.);
#2044 = DIRECTION('',(0.,1.));
#2045 = ( GEOMETRIC_REPRESENTATION_CONTEXT(2) 
PARAMETRIC_REPRESENTATION_CONTEXT() REPRESENTATION_CONTEXT('2D SPACE',''
  ) );
#2046 = ORIENTED_EDGE('',*,*,#2047,.T.);
#2047 = EDGE_CURVE('',#2007,#1721,#2048,.T.);
#2048 = SURFACE_CURVE('',#2049,(#2052,#2059),.PCURVE_S1.);
#2049 = B_SPLINE_CURVE_WITH_KNOTS('',1,(#2050,#2051),.UNSPECIFIED.,.F.,
  .F.,(2,2),(2.,3.),.PIECEWISE_BEZIER_KNOTS.);
#2050 = CARTESIAN_POINT('',(0.290663645879,-6.229152134677,-4.27465));
#2051 = CARTESIAN_POINT('',(0.364616695809,-6.230055686582,-4.31735));
#2052 = PCURVE('',#1746,#2053);
#2053 = DEFINITIONAL_REPRESENTATION('',(#2054),#2058);
#2054 = LINE('',#2055,#2056);
#2055 = CARTESIAN_POINT('',(0.,0.));
#2056 = VECTOR('',#2057,1.);
#2057 = DIRECTION('',(1.,0.));
#2058 = ( GEOMETRIC_REPRESENTATION_CONTEXT(2) 
PARAMETRIC_REPRESENTATION_CONTEXT() REPRESENTATION_CONTEXT('2D SPACE',''
  ) );
#2059 = PCURVE('',#1788,#2060);
#2060 = DEFINITIONAL_REPRESENTATION('',(#2061),#2064);
#2061 = B_SPLINE_CURVE_WITH_KNOTS('',1,(#2062,#2063),.UNSPECIFIED.,.F.,
  .F.,(2,2),(2.,3.),.PIECEWISE_BEZIER_KNOTS.);
#2062 = CARTESIAN_POINT('',(8.575546629807E-02,-8.881784197001E-16));
#2063 = CARTESIAN_POINT('',(7.094591473449E-04,-7.767668100418E-03));
#2064 = ( GEOMETRIC_REPRESENTATION_CONTEXT(2) 
PARAMETRIC_REPRESENTATION_CONTEXT() REPRESENTATION_CONTEXT('2D SPACE',''
  ) );
#2065 = ORIENTED_EDGE('',*,*,#1720,.T.);
#2066 = ORIENTED_EDGE('',*,*,#2067,.T.);
#2067 = EDGE_CURVE('',#1723,#2068,#2070,.T.);
#2068 = VERTEX_POINT('',#2069);
#2069 = CARTESIAN_POINT('',(0.364616695809,-6.230055686582,-4.31735));
#2070 = SURFACE_CURVE('',#2071,(#2074,#2081),.PCURVE_S1.);
#2071 = B_SPLINE_CURVE_WITH_KNOTS('',1,(#2072,#2073),.UNSPECIFIED.,.F.,
  .F.,(2,2),(2.,3.),.PIECEWISE_BEZIER_KNOTS.);
#2072 = CARTESIAN_POINT('',(0.290663645879,-6.229152134677,-4.27465));
#2073 = CARTESIAN_POINT('',(0.364616695809,-6.230055686582,-4.31735));
#2074 = PCURVE('',#1746,#2075);
#2075 = DEFINITIONAL_REPRESENTATION('',(#2076),#2080);
#2076 = LINE('',#2077,#2078);
#2077 = CARTESIAN_POINT('',(0.,0.));
#2078 = VECTOR('',#2079,1.);
#2079 = DIRECTION('',(1.,0.));
#2080 = ( GEOMETRIC_REPRESENTATION_CONTEXT(2) 
PARAMETRIC_REPRESENTATION_CONTEXT() REPRESENTATION_CONTEXT('2D SPACE',''
  ) );
#2081 = PCURVE('',#1788,#2082);
#2082 = DEFINITIONAL_REPRESENTATION('',(#2083),#2086);
#2083 = B_SPLINE_CURVE_WITH_KNOTS('',1,(#2084,#2085),.UNSPECIFIED.,.F.,
  .F.,(2,2),(2.,3.),.PIECEWISE_BEZIER_KNOTS.);
#2084 = CARTESIAN_POINT('',(8.575546629807E-02,-8.881784197001E-16));
#2085 = CARTESIAN_POINT('',(7.094591473449E-04,-7.767668100418E-03));
#2086 = ( GEOMETRIC_REPRESENTATION_CONTEXT(2) 
PARAMETRIC_REPRESENTATION_CONTEXT() REPRESENTATION_CONTEXT('2D SPACE',''
  ) );
#2087 = ORIENTED_EDGE('',*,*,#2088,.T.);
#2088 = EDGE_CURVE('',#2068,#2089,#2091,.T.);
#2089 = VERTEX_POINT('',#2090);
#2090 = CARTESIAN_POINT('',(0.167045106172,-5.908015612705,-4.3494));
#2091 = SURFACE_CURVE('',#2092,(#2099,#2106),.PCURVE_S1.);
#2092 = ( BOUNDED_CURVE() B_SPLINE_CURVE(5,(#2093,#2094,#2095,#2096,
#2097,#2098),.UNSPECIFIED.,.F.,.F.) B_SPLINE_CURVE_WITH_KNOTS((6,6),(0.,
1.),.PIECEWISE_BEZIER_KNOTS.) CURVE() GEOMETRIC_REPRESENTATION_ITEM() 
RATIONAL_B_SPLINE_CURVE((1.,1.,1.,1.,1.,1.)) REPRESENTATION_ITEM('') );
#2093 = CARTESIAN_POINT('',(0.364616695809,-6.230055686582,-4.31735));
#2094 = CARTESIAN_POINT('',(0.370385586776,-6.14964173118,
    -4.324371567083));
#2095 = CARTESIAN_POINT('',(0.348312738718,-6.067068145354,
    -4.331262770121));
#2096 = CARTESIAN_POINT('',(0.299725663152,-5.997188736404,
    -4.337718927075));
#2097 = CARTESIAN_POINT('',(0.237684410369,-5.944483107873,
    -4.343749103153));
#2098 = CARTESIAN_POINT('',(0.167045106172,-5.908015612705,-4.3494));
#2099 = PCURVE('',#1746,#2100);
#2100 = DEFINITIONAL_REPRESENTATION('',(#2101),#2105);
#2101 = LINE('',#2102,#2103);
#2102 = CARTESIAN_POINT('',(3.,0.));
#2103 = VECTOR('',#2104,1.);
#2104 = DIRECTION('',(0.,1.));
#2105 = ( GEOMETRIC_REPRESENTATION_CONTEXT(2) 
PARAMETRIC_REPRESENTATION_CONTEXT() REPRESENTATION_CONTEXT('2D SPACE',''
  ) );
#2106 = PCURVE('',#2107,#2120);
#2107 = ( BOUNDED_SURFACE() B_SPLINE_SURFACE(1,5,(
    (#2108,#2109,#2110,#2111,#2112,#2113)
    ,(#2114,#2115,#2116,#2117,#2118,#2119
)),.UNSPECIFIED.,.F.,.F.,.F.) B_SPLINE_SURFACE_WITH_KNOTS((2,2),(6,6),(
    3.,4.),(0.,1.),.PIECEWISE_BEZIER_KNOTS.) 
GEOMETRIC_REPRESENTATION_ITEM() RATIONAL_B_SPLINE_SURFACE((
    (1.,1.,1.,1.,1.,1.)
,(1.,1.,1.,1.,1.,1.))) REPRESENTATION_ITEM('') SURFACE() );
#2108 = CARTESIAN_POINT('',(0.364616695809,-6.230055686582,-4.31735));
#2109 = CARTESIAN_POINT('',(0.370385586776,-6.14964173118,
    -4.324371567083));
#2110 = CARTESIAN_POINT('',(0.348312738718,-6.067068145354,
    -4.331262770121));
#2111 = CARTESIAN_POINT('',(0.299725663152,-5.997188736404,
    -4.337718927075));
#2112 = CARTESIAN_POINT('',(0.237684410369,-5.944483107873,
    -4.343749103153));
#2113 = CARTESIAN_POINT('',(0.167045106172,-5.908015612705,-4.3494));
#2114 = CARTESIAN_POINT('',(0.364711988415,-6.222256268699,-4.31735));
#2115 = CARTESIAN_POINT('',(0.369377654001,-6.14182856302,
    -4.324371567083));
#2116 = CARTESIAN_POINT('',(0.346218350408,-6.05943821742,
    -4.331262770121));
#2117 = CARTESIAN_POINT('',(0.296661826681,-5.989919005479,
    -4.337718927075));
#2118 = CARTESIAN_POINT('',(0.233782623615,-5.937670657092,
    -4.343749103153));
#2119 = CARTESIAN_POINT('',(0.162427403378,-5.901729372103,-4.3494));
#2120 = DEFINITIONAL_REPRESENTATION('',(#2121),#2125);
#2121 = LINE('',#2122,#2123);
#2122 = CARTESIAN_POINT('',(3.,0.));
#2123 = VECTOR('',#2124,1.);
#2124 = DIRECTION('',(0.,1.));
#2125 = ( GEOMETRIC_REPRESENTATION_CONTEXT(2) 
PARAMETRIC_REPRESENTATION_CONTEXT() REPRESENTATION_CONTEXT('2D SPACE',''
  ) );
#2126 = ORIENTED_EDGE('',*,*,#2127,.F.);
#2127 = EDGE_CURVE('',#2009,#2089,#2128,.T.);
#2128 = SURFACE_CURVE('',#2129,(#2132,#2139),.PCURVE_S1.);
#2129 = B_SPLINE_CURVE_WITH_KNOTS('',1,(#2130,#2131),.UNSPECIFIED.,.F.,
  .F.,(2,2),(2.,3.),.PIECEWISE_BEZIER_KNOTS.);
#2130 = CARTESIAN_POINT('',(1.796205358289E-02,-6.017528002098,-4.2426)
  );
#2131 = CARTESIAN_POINT('',(0.167045106172,-5.908015612705,-4.3494));
#2132 = PCURVE('',#1746,#2133);
#2133 = DEFINITIONAL_REPRESENTATION('',(#2134),#2138);
#2134 = LINE('',#2135,#2136);
#2135 = CARTESIAN_POINT('',(0.,1.));
#2136 = VECTOR('',#2137,1.);
#2137 = DIRECTION('',(1.,0.));
#2138 = ( GEOMETRIC_REPRESENTATION_CONTEXT(2) 
PARAMETRIC_REPRESENTATION_CONTEXT() REPRESENTATION_CONTEXT('2D SPACE',''
  ) );
#2139 = PCURVE('',#2140,#2145);
#2140 = PLANE('',#2141);
#2141 = AXIS2_PLACEMENT_3D('',#2142,#2143,#2144);
#2142 = CARTESIAN_POINT('',(0.162427403378,-5.901729372103,-4.3494));
#2143 = DIRECTION('',(0.402964141124,0.2960065894,0.866025403784));
#2144 = DIRECTION('',(-0.675885417356,-0.541767319806,0.499666962882));
#2145 = DEFINITIONAL_REPRESENTATION('',(#2146),#2149);
#2146 = B_SPLINE_CURVE_WITH_KNOTS('',1,(#2147,#2148),.UNSPECIFIED.,.F.,
  .F.,(2,2),(2.,3.),.PIECEWISE_BEZIER_KNOTS.);
#2147 = CARTESIAN_POINT('',(0.213742368285,0.));
#2148 = CARTESIAN_POINT('',(2.846417417759E-04,7.794804620953E-03));
#2149 = ( GEOMETRIC_REPRESENTATION_CONTEXT(2) 
PARAMETRIC_REPRESENTATION_CONTEXT() REPRESENTATION_CONTEXT('2D SPACE',''
  ) );
#2150 = ADVANCED_FACE('',(#2151),#1788,.F.);
#2151 = FACE_BOUND('',#2152,.F.);
#2152 = EDGE_LOOP('',(#2153,#2189,#2208,#2209,#2210,#2211));
#2153 = ORIENTED_EDGE('',*,*,#2154,.F.);
#2154 = EDGE_CURVE('',#2155,#2157,#2159,.T.);
#2155 = VERTEX_POINT('',#2156);
#2156 = CARTESIAN_POINT('',(0.364711988415,-6.222256268699,-4.31735));
#2157 = VERTEX_POINT('',#2158);
#2158 = CARTESIAN_POINT('',(0.290758938485,-6.221352716794,-4.27465));
#2159 = SURFACE_CURVE('',#2160,(#2163,#2169),.PCURVE_S1.);
#2160 = B_SPLINE_CURVE_WITH_KNOTS('',1,(#2161,#2162),.UNSPECIFIED.,.F.,
  .F.,(2,2),(0.,1.),.PIECEWISE_BEZIER_KNOTS.);
#2161 = CARTESIAN_POINT('',(0.364711988415,-6.222256268699,-4.31735));
#2162 = CARTESIAN_POINT('',(0.290758938485,-6.221352716794,-4.27465));
#2163 = PCURVE('',#1788,#2164);
#2164 = DEFINITIONAL_REPRESENTATION('',(#2165),#2168);
#2165 = B_SPLINE_CURVE_WITH_KNOTS('',1,(#2166,#2167),.UNSPECIFIED.,.F.,
  .F.,(2,2),(0.,1.),.PIECEWISE_BEZIER_KNOTS.);
#2166 = CARTESIAN_POINT('',(0.,0.));
#2167 = CARTESIAN_POINT('',(8.504600715073E-02,7.767668100417E-03));
#2168 = ( GEOMETRIC_REPRESENTATION_CONTEXT(2) 
PARAMETRIC_REPRESENTATION_CONTEXT() REPRESENTATION_CONTEXT('2D SPACE',''
  ) );
#2169 = PCURVE('',#2170,#2183);
#2170 = ( BOUNDED_SURFACE() B_SPLINE_SURFACE(1,5,(
    (#2171,#2172,#2173,#2174,#2175,#2176)
    ,(#2177,#2178,#2179,#2180,#2181,#2182
)),.UNSPECIFIED.,.F.,.F.,.F.) B_SPLINE_SURFACE_WITH_KNOTS((2,2),(6,6),(
    0.,1.),(0.,1.),.PIECEWISE_BEZIER_KNOTS.) 
GEOMETRIC_REPRESENTATION_ITEM() RATIONAL_B_SPLINE_SURFACE((
    (1.,1.,1.,1.,1.,1.)
,(1.,1.,1.,1.,1.,1.))) REPRESENTATION_ITEM('') SURFACE() );
#2171 = CARTESIAN_POINT('',(0.364711988415,-6.222256268699,-4.31735));
#2172 = CARTESIAN_POINT('',(0.369377654001,-6.14182856302,
    -4.324371567083));
#2173 = CARTESIAN_POINT('',(0.346218350408,-6.05943821742,
    -4.331262770121));
#2174 = CARTESIAN_POINT('',(0.296661826681,-5.989919005479,
    -4.337718927075));
#2175 = CARTESIAN_POINT('',(0.233782623615,-5.937670657092,
    -4.343749103153));
#2176 = CARTESIAN_POINT('',(0.162427403378,-5.901729372103,-4.3494));
#2177 = CARTESIAN_POINT('',(0.290758938485,-6.221352716794,-4.27465));
#2178 = CARTESIAN_POINT('',(0.270987525184,-6.151074972775,
    -4.267628432917));
#2179 = CARTESIAN_POINT('',(0.225511357507,-6.087363167391,
    -4.260737229879));
#2180 = CARTESIAN_POINT('',(0.160108757993,-6.043186659511,
    -4.254281072925));
#2181 = CARTESIAN_POINT('',(8.801460117065E-02,-6.018594579678,
    -4.248250896847));
#2182 = CARTESIAN_POINT('',(1.334435078826E-02,-6.011241761496,-4.2426)
  );
#2183 = DEFINITIONAL_REPRESENTATION('',(#2184),#2188);
#2184 = LINE('',#2185,#2186);
#2185 = CARTESIAN_POINT('',(0.,0.));
#2186 = VECTOR('',#2187,1.);
#2187 = DIRECTION('',(1.,0.));
#2188 = ( GEOMETRIC_REPRESENTATION_CONTEXT(2) 
PARAMETRIC_REPRESENTATION_CONTEXT() REPRESENTATION_CONTEXT('2D SPACE',''
  ) );
#2189 = ORIENTED_EDGE('',*,*,#2190,.F.);
#2190 = EDGE_CURVE('',#2068,#2155,#2191,.T.);
#2191 = SURFACE_CURVE('',#2192,(#2195,#2201),.PCURVE_S1.);
#2192 = B_SPLINE_CURVE_WITH_KNOTS('',1,(#2193,#2194),.UNSPECIFIED.,.F.,
  .F.,(2,2),(3.,4.),.PIECEWISE_BEZIER_KNOTS.);
#2193 = CARTESIAN_POINT('',(0.364616695809,-6.230055686582,-4.31735));
#2194 = CARTESIAN_POINT('',(0.364711988415,-6.222256268699,-4.31735));
#2195 = PCURVE('',#1788,#2196);
#2196 = DEFINITIONAL_REPRESENTATION('',(#2197),#2200);
#2197 = B_SPLINE_CURVE_WITH_KNOTS('',1,(#2198,#2199),.UNSPECIFIED.,.F.,
  .F.,(2,2),(3.,4.),.PIECEWISE_BEZIER_KNOTS.);
#2198 = CARTESIAN_POINT('',(7.094591473449E-04,-7.767668100418E-03));
#2199 = CARTESIAN_POINT('',(0.,0.));
#2200 = ( GEOMETRIC_REPRESENTATION_CONTEXT(2) 
PARAMETRIC_REPRESENTATION_CONTEXT() REPRESENTATION_CONTEXT('2D SPACE',''
  ) );
#2201 = PCURVE('',#2107,#2202);
#2202 = DEFINITIONAL_REPRESENTATION('',(#2203),#2207);
#2203 = LINE('',#2204,#2205);
#2204 = CARTESIAN_POINT('',(0.,0.));
#2205 = VECTOR('',#2206,1.);
#2206 = DIRECTION('',(1.,0.));
#2207 = ( GEOMETRIC_REPRESENTATION_CONTEXT(2) 
PARAMETRIC_REPRESENTATION_CONTEXT() REPRESENTATION_CONTEXT('2D SPACE',''
  ) );
#2208 = ORIENTED_EDGE('',*,*,#2067,.F.);
#2209 = ORIENTED_EDGE('',*,*,#1770,.F.);
#2210 = ORIENTED_EDGE('',*,*,#2047,.F.);
#2211 = ORIENTED_EDGE('',*,*,#2212,.F.);
#2212 = EDGE_CURVE('',#2157,#2007,#2213,.T.);
#2213 = SURFACE_CURVE('',#2214,(#2217,#2223),.PCURVE_S1.);
#2214 = B_SPLINE_CURVE_WITH_KNOTS('',1,(#2215,#2216),.UNSPECIFIED.,.F.,
  .F.,(2,2),(1.,2.),.PIECEWISE_BEZIER_KNOTS.);
#2215 = CARTESIAN_POINT('',(0.290758938485,-6.221352716794,-4.27465));
#2216 = CARTESIAN_POINT('',(0.290663645879,-6.229152134677,-4.27465));
#2217 = PCURVE('',#1788,#2218);
#2218 = DEFINITIONAL_REPRESENTATION('',(#2219),#2222);
#2219 = B_SPLINE_CURVE_WITH_KNOTS('',1,(#2220,#2221),.UNSPECIFIED.,.F.,
  .F.,(2,2),(1.,2.),.PIECEWISE_BEZIER_KNOTS.);
#2220 = CARTESIAN_POINT('',(8.504600715073E-02,7.767668100417E-03));
#2221 = CARTESIAN_POINT('',(8.575546629807E-02,-8.881784197001E-16));
#2222 = ( GEOMETRIC_REPRESENTATION_CONTEXT(2) 
PARAMETRIC_REPRESENTATION_CONTEXT() REPRESENTATION_CONTEXT('2D SPACE',''
  ) );
#2223 = PCURVE('',#2027,#2224);
#2224 = DEFINITIONAL_REPRESENTATION('',(#2225),#2229);
#2225 = LINE('',#2226,#2227);
#2226 = CARTESIAN_POINT('',(0.,0.));
#2227 = VECTOR('',#2228,1.);
#2228 = DIRECTION('',(1.,0.));
#2229 = ( GEOMETRIC_REPRESENTATION_CONTEXT(2) 
PARAMETRIC_REPRESENTATION_CONTEXT() REPRESENTATION_CONTEXT('2D SPACE',''
  ) );
#2230 = ADVANCED_FACE('',(#2231),#1828,.F.);
#2231 = FACE_BOUND('',#2232,.F.);
#2232 = EDGE_LOOP('',(#2233,#2274,#2293,#2294,#2315,#2354));
#2233 = ORIENTED_EDGE('',*,*,#2234,.F.);
#2234 = EDGE_CURVE('',#2235,#2237,#2239,.T.);
#2235 = VERTEX_POINT('',#2236);
#2236 = CARTESIAN_POINT('',(0.299400583155,-6.339892138411,-4.27465));
#2237 = VERTEX_POINT('',#2238);
#2238 = CARTESIAN_POINT('',(0.252479504436,-6.681870711282,-4.2426));
#2239 = SURFACE_CURVE('',#2240,(#2247,#2254),.PCURVE_S1.);
#2240 = ( BOUNDED_CURVE() B_SPLINE_CURVE(5,(#2241,#2242,#2243,#2244,
#2245,#2246),.UNSPECIFIED.,.F.,.F.) B_SPLINE_CURVE_WITH_KNOTS((6,6),(0.,
1.),.PIECEWISE_BEZIER_KNOTS.) CURVE() GEOMETRIC_REPRESENTATION_ITEM() 
RATIONAL_B_SPLINE_CURVE((1.,1.,1.,1.,1.,1.)) REPRESENTATION_ITEM('') );
#2241 = CARTESIAN_POINT('',(0.299400583155,-6.339892138411,-4.27465));
#2242 = CARTESIAN_POINT('',(0.247884273563,-6.391191260264,
    -4.267628432917));
#2243 = CARTESIAN_POINT('',(0.21474439696,-6.461581401449,
    -4.260737229879));
#2244 = CARTESIAN_POINT('',(0.208391054802,-6.539650499812,
    -4.254281072925));
#2245 = CARTESIAN_POINT('',(0.222325775983,-6.613884864841,
    -4.248250896847));
#2246 = CARTESIAN_POINT('',(0.252479504436,-6.681870711282,-4.2426));
#2247 = PCURVE('',#1828,#2248);
#2248 = DEFINITIONAL_REPRESENTATION('',(#2249),#2253);
#2249 = LINE('',#2250,#2251);
#2250 = CARTESIAN_POINT('',(2.,0.));
#2251 = VECTOR('',#2252,1.);
#2252 = DIRECTION('',(0.,1.));
#2253 = ( GEOMETRIC_REPRESENTATION_CONTEXT(2) 
PARAMETRIC_REPRESENTATION_CONTEXT() REPRESENTATION_CONTEXT('2D SPACE',''
  ) );
#2254 = PCURVE('',#2255,#2268);
#2255 = ( BOUNDED_SURFACE() B_SPLINE_SURFACE(1,5,(
    (#2256,#2257,#2258,#2259,#2260,#2261)
    ,(#2262,#2263,#2264,#2265,#2266,#2267
)),.UNSPECIFIED.,.F.,.F.,.F.) B_SPLINE_SURFACE_WITH_KNOTS((2,2),(6,6),(
    1.,2.),(0.,1.),.PIECEWISE_BEZIER_KNOTS.) 
GEOMETRIC_REPRESENTATION_ITEM() RATIONAL_B_SPLINE_SURFACE((
    (1.,1.,1.,1.,1.,1.)
,(1.,1.,1.,1.,1.,1.))) REPRESENTATION_ITEM('') SURFACE() );
#2256 = CARTESIAN_POINT('',(0.29259844283,-6.343709321535,-4.27465));
#2257 = CARTESIAN_POINT('',(0.24162183784,-6.395970739732,
    -4.267628432917));
#2258 = CARTESIAN_POINT('',(0.209183879695,-6.467210158899,
    -4.260737229879));
#2259 = CARTESIAN_POINT('',(0.203627201378,-6.545938725491,
    -4.254281072925));
#2260 = CARTESIAN_POINT('',(0.218376913921,-6.620670136681,
    -4.248250896847));
#2261 = CARTESIAN_POINT('',(0.249344311778,-6.68901287951,-4.2426));
#2262 = CARTESIAN_POINT('',(0.299400583155,-6.339892138411,-4.27465));
#2263 = CARTESIAN_POINT('',(0.247884273563,-6.391191260264,
    -4.267628432917));
#2264 = CARTESIAN_POINT('',(0.21474439696,-6.461581401449,
    -4.260737229879));
#2265 = CARTESIAN_POINT('',(0.208391054802,-6.539650499812,
    -4.254281072925));
#2266 = CARTESIAN_POINT('',(0.222325775983,-6.613884864841,
    -4.248250896847));
#2267 = CARTESIAN_POINT('',(0.252479504436,-6.681870711282,-4.2426));
#2268 = DEFINITIONAL_REPRESENTATION('',(#2269),#2273);
#2269 = LINE('',#2270,#2271);
#2270 = CARTESIAN_POINT('',(2.,0.));
#2271 = VECTOR('',#2272,1.);
#2272 = DIRECTION('',(0.,1.));
#2273 = ( GEOMETRIC_REPRESENTATION_CONTEXT(2) 
PARAMETRIC_REPRESENTATION_CONTEXT() REPRESENTATION_CONTEXT('2D SPACE',''
  ) );
#2274 = ORIENTED_EDGE('',*,*,#2275,.T.);
#2275 = EDGE_CURVE('',#2235,#1803,#2276,.T.);
#2276 = SURFACE_CURVE('',#2277,(#2280,#2287),.PCURVE_S1.);
#2277 = B_SPLINE_CURVE_WITH_KNOTS('',1,(#2278,#2279),.UNSPECIFIED.,.F.,
  .F.,(2,2),(2.,3.),.PIECEWISE_BEZIER_KNOTS.);
#2278 = CARTESIAN_POINT('',(0.299400583155,-6.339892138411,-4.27465));
#2279 = CARTESIAN_POINT('',(0.263206557094,-6.275395142532,-4.31735));
#2280 = PCURVE('',#1828,#2281);
#2281 = DEFINITIONAL_REPRESENTATION('',(#2282),#2286);
#2282 = LINE('',#2283,#2284);
#2283 = CARTESIAN_POINT('',(0.,0.));
#2284 = VECTOR('',#2285,1.);
#2285 = DIRECTION('',(1.,0.));
#2286 = ( GEOMETRIC_REPRESENTATION_CONTEXT(2) 
PARAMETRIC_REPRESENTATION_CONTEXT() REPRESENTATION_CONTEXT('2D SPACE',''
  ) );
#2287 = PCURVE('',#1870,#2288);
#2288 = DEFINITIONAL_REPRESENTATION('',(#2289),#2292);
#2289 = B_SPLINE_CURVE_WITH_KNOTS('',1,(#2290,#2291),.UNSPECIFIED.,.F.,
  .F.,(2,2),(2.,3.),.PIECEWISE_BEZIER_KNOTS.);
#2290 = CARTESIAN_POINT('',(8.575546629807E-02,-4.440892098501E-16));
#2291 = CARTESIAN_POINT('',(7.094591473455E-04,7.767668100418E-03));
#2292 = ( GEOMETRIC_REPRESENTATION_CONTEXT(2) 
PARAMETRIC_REPRESENTATION_CONTEXT() REPRESENTATION_CONTEXT('2D SPACE',''
  ) );
#2293 = ORIENTED_EDGE('',*,*,#1802,.T.);
#2294 = ORIENTED_EDGE('',*,*,#2295,.T.);
#2295 = EDGE_CURVE('',#1805,#2296,#2298,.T.);
#2296 = VERTEX_POINT('',#2297);
#2297 = CARTESIAN_POINT('',(0.263206557094,-6.275395142532,-4.31735));
#2298 = SURFACE_CURVE('',#2299,(#2302,#2309),.PCURVE_S1.);
#2299 = B_SPLINE_CURVE_WITH_KNOTS('',1,(#2300,#2301),.UNSPECIFIED.,.F.,
  .F.,(2,2),(2.,3.),.PIECEWISE_BEZIER_KNOTS.);
#2300 = CARTESIAN_POINT('',(0.299400583155,-6.339892138411,-4.27465));
#2301 = CARTESIAN_POINT('',(0.263206557094,-6.275395142532,-4.31735));
#2302 = PCURVE('',#1828,#2303);
#2303 = DEFINITIONAL_REPRESENTATION('',(#2304),#2308);
#2304 = LINE('',#2305,#2306);
#2305 = CARTESIAN_POINT('',(0.,0.));
#2306 = VECTOR('',#2307,1.);
#2307 = DIRECTION('',(1.,0.));
#2308 = ( GEOMETRIC_REPRESENTATION_CONTEXT(2) 
PARAMETRIC_REPRESENTATION_CONTEXT() REPRESENTATION_CONTEXT('2D SPACE',''
  ) );
#2309 = PCURVE('',#1870,#2310);
#2310 = DEFINITIONAL_REPRESENTATION('',(#2311),#2314);
#2311 = B_SPLINE_CURVE_WITH_KNOTS('',1,(#2312,#2313),.UNSPECIFIED.,.F.,
  .F.,(2,2),(2.,3.),.PIECEWISE_BEZIER_KNOTS.);
#2312 = CARTESIAN_POINT('',(8.575546629807E-02,-4.440892098501E-16));
#2313 = CARTESIAN_POINT('',(7.094591473455E-04,7.767668100418E-03));
#2314 = ( GEOMETRIC_REPRESENTATION_CONTEXT(2) 
PARAMETRIC_REPRESENTATION_CONTEXT() REPRESENTATION_CONTEXT('2D SPACE',''
  ) );
#2315 = ORIENTED_EDGE('',*,*,#2316,.T.);
#2316 = EDGE_CURVE('',#2296,#2317,#2319,.T.);
#2317 = VERTEX_POINT('',#2318);
#2318 = CARTESIAN_POINT('',(8.309746689739E-02,-6.607517195162,-4.3494)
  );
#2319 = SURFACE_CURVE('',#2320,(#2327,#2334),.PCURVE_S1.);
#2320 = ( BOUNDED_CURVE() B_SPLINE_CURVE(5,(#2321,#2322,#2323,#2324,
#2325,#2326),.UNSPECIFIED.,.F.,.F.) B_SPLINE_CURVE_WITH_KNOTS((6,6),(0.,
1.),.PIECEWISE_BEZIER_KNOTS.) CURVE() GEOMETRIC_REPRESENTATION_ITEM() 
RATIONAL_B_SPLINE_CURVE((1.,1.,1.,1.,1.,1.)) REPRESENTATION_ITEM('') );
#2321 = CARTESIAN_POINT('',(0.263206557094,-6.275395142532,-4.31735));
#2322 = CARTESIAN_POINT('',(0.190681583413,-6.310606114104,
    -4.324371567083));
#2323 = CARTESIAN_POINT('',(0.130207184435,-6.371008554169,
    -4.331262770121));
#2324 = CARTESIAN_POINT('',(9.398337886613E-02,-6.448025900379,
    -4.337718927075));
#2325 = CARTESIAN_POINT('',(7.935959202732E-02,-6.528108015638,
    -4.343749103153));
#2326 = CARTESIAN_POINT('',(8.309746689739E-02,-6.607517195162,-4.3494)
  );
#2327 = PCURVE('',#1828,#2328);
#2328 = DEFINITIONAL_REPRESENTATION('',(#2329),#2333);
#2329 = LINE('',#2330,#2331);
#2330 = CARTESIAN_POINT('',(3.,0.));
#2331 = VECTOR('',#2332,1.);
#2332 = DIRECTION('',(0.,1.));
#2333 = ( GEOMETRIC_REPRESENTATION_CONTEXT(2) 
PARAMETRIC_REPRESENTATION_CONTEXT() REPRESENTATION_CONTEXT('2D SPACE',''
  ) );
#2334 = PCURVE('',#2335,#2348);
#2335 = ( BOUNDED_SURFACE() B_SPLINE_SURFACE(1,5,(
    (#2336,#2337,#2338,#2339,#2340,#2341)
    ,(#2342,#2343,#2344,#2345,#2346,#2347
)),.UNSPECIFIED.,.F.,.F.,.F.) B_SPLINE_SURFACE_WITH_KNOTS((2,2),(6,6),(
    3.,4.),(0.,1.),.PIECEWISE_BEZIER_KNOTS.) 
GEOMETRIC_REPRESENTATION_ITEM() RATIONAL_B_SPLINE_SURFACE((
    (1.,1.,1.,1.,1.,1.)
,(1.,1.,1.,1.,1.,1.))) REPRESENTATION_ITEM('') SURFACE() );
#2336 = CARTESIAN_POINT('',(0.263206557094,-6.275395142532,-4.31735));
#2337 = CARTESIAN_POINT('',(0.190681583413,-6.310606114104,
    -4.324371567083));
#2338 = CARTESIAN_POINT('',(0.130207184435,-6.371008554169,
    -4.331262770121));
#2339 = CARTESIAN_POINT('',(9.398337886613E-02,-6.448025900379,
    -4.337718927075));
#2340 = CARTESIAN_POINT('',(7.935959202732E-02,-6.528108015638,
    -4.343749103153));
#2341 = CARTESIAN_POINT('',(8.309746689739E-02,-6.607517195162,-4.3494)
  );
#2342 = CARTESIAN_POINT('',(0.256404416769,-6.279212325656,-4.31735));
#2343 = CARTESIAN_POINT('',(0.18441914769,-6.315385593572,
    -4.324371567083));
#2344 = CARTESIAN_POINT('',(0.12464666717,-6.376637311618,
    -4.331262770121));
#2345 = CARTESIAN_POINT('',(8.921952544153E-02,-6.454314126059,
    -4.337718927075));
#2346 = CARTESIAN_POINT('',(7.541072996612E-02,-6.534893287477,
    -4.343749103153));
#2347 = CARTESIAN_POINT('',(7.996227423947E-02,-6.61465936339,-4.3494));
#2348 = DEFINITIONAL_REPRESENTATION('',(#2349),#2353);
#2349 = LINE('',#2350,#2351);
#2350 = CARTESIAN_POINT('',(3.,0.));
#2351 = VECTOR('',#2352,1.);
#2352 = DIRECTION('',(0.,1.));
#2353 = ( GEOMETRIC_REPRESENTATION_CONTEXT(2) 
PARAMETRIC_REPRESENTATION_CONTEXT() REPRESENTATION_CONTEXT('2D SPACE',''
  ) );
#2354 = ORIENTED_EDGE('',*,*,#2355,.F.);
#2355 = EDGE_CURVE('',#2237,#2317,#2356,.T.);
#2356 = SURFACE_CURVE('',#2357,(#2360,#2367),.PCURVE_S1.);
#2357 = B_SPLINE_CURVE_WITH_KNOTS('',1,(#2358,#2359),.UNSPECIFIED.,.F.,
  .F.,(2,2),(2.,3.),.PIECEWISE_BEZIER_KNOTS.);
#2358 = CARTESIAN_POINT('',(0.252479504436,-6.681870711282,-4.2426));
#2359 = CARTESIAN_POINT('',(8.309746689739E-02,-6.607517195162,-4.3494)
  );
#2360 = PCURVE('',#1828,#2361);
#2361 = DEFINITIONAL_REPRESENTATION('',(#2362),#2366);
#2362 = LINE('',#2363,#2364);
#2363 = CARTESIAN_POINT('',(0.,1.));
#2364 = VECTOR('',#2365,1.);
#2365 = DIRECTION('',(1.,0.));
#2366 = ( GEOMETRIC_REPRESENTATION_CONTEXT(2) 
PARAMETRIC_REPRESENTATION_CONTEXT() REPRESENTATION_CONTEXT('2D SPACE',''
  ) );
#2367 = PCURVE('',#2368,#2373);
#2368 = PLANE('',#2369);
#2369 = AXIS2_PLACEMENT_3D('',#2370,#2371,#2372);
#2370 = CARTESIAN_POINT('',(7.996227423947E-02,-6.61465936339,-4.3494));
#2371 = DIRECTION('',(0.45783129667,-0.200973888328,-0.866025403784));
#2372 = DIRECTION('',(0.807126970571,-0.314450281575,0.499666962882));
#2373 = DEFINITIONAL_REPRESENTATION('',(#2374),#2377);
#2374 = B_SPLINE_CURVE_WITH_KNOTS('',1,(#2375,#2376),.UNSPECIFIED.,.F.,
  .F.,(2,2),(2.,3.),.PIECEWISE_BEZIER_KNOTS.);
#2375 = CARTESIAN_POINT('',(0.213742368285,0.));
#2376 = CARTESIAN_POINT('',(2.846417417763E-04,-7.794804620953E-03));
#2377 = ( GEOMETRIC_REPRESENTATION_CONTEXT(2) 
PARAMETRIC_REPRESENTATION_CONTEXT() REPRESENTATION_CONTEXT('2D SPACE',''
  ) );
#2378 = ADVANCED_FACE('',(#2379),#1870,.T.);
#2379 = FACE_BOUND('',#2380,.T.);
#2380 = EDGE_LOOP('',(#2381,#2402,#2436,#2455,#2456,#2457));
#2381 = ORIENTED_EDGE('',*,*,#2382,.T.);
#2382 = EDGE_CURVE('',#2296,#2383,#2385,.T.);
#2383 = VERTEX_POINT('',#2384);
#2384 = CARTESIAN_POINT('',(0.256404416769,-6.279212325656,-4.31735));
#2385 = SURFACE_CURVE('',#2386,(#2389,#2395),.PCURVE_S1.);
#2386 = B_SPLINE_CURVE_WITH_KNOTS('',1,(#2387,#2388),.UNSPECIFIED.,.F.,
  .F.,(2,2),(3.,4.),.PIECEWISE_BEZIER_KNOTS.);
#2387 = CARTESIAN_POINT('',(0.263206557094,-6.275395142532,-4.31735));
#2388 = CARTESIAN_POINT('',(0.256404416769,-6.279212325656,-4.31735));
#2389 = PCURVE('',#1870,#2390);
#2390 = DEFINITIONAL_REPRESENTATION('',(#2391),#2394);
#2391 = B_SPLINE_CURVE_WITH_KNOTS('',1,(#2392,#2393),.UNSPECIFIED.,.F.,
  .F.,(2,2),(3.,4.),.PIECEWISE_BEZIER_KNOTS.);
#2392 = CARTESIAN_POINT('',(7.094591473455E-04,7.767668100418E-03));
#2393 = CARTESIAN_POINT('',(0.,0.));
#2394 = ( GEOMETRIC_REPRESENTATION_CONTEXT(2) 
PARAMETRIC_REPRESENTATION_CONTEXT() REPRESENTATION_CONTEXT('2D SPACE',''
  ) );
#2395 = PCURVE('',#2335,#2396);
#2396 = DEFINITIONAL_REPRESENTATION('',(#2397),#2401);
#2397 = LINE('',#2398,#2399);
#2398 = CARTESIAN_POINT('',(0.,0.));
#2399 = VECTOR('',#2400,1.);
#2400 = DIRECTION('',(1.,0.));
#2401 = ( GEOMETRIC_REPRESENTATION_CONTEXT(2) 
PARAMETRIC_REPRESENTATION_CONTEXT() REPRESENTATION_CONTEXT('2D SPACE',''
  ) );
#2402 = ORIENTED_EDGE('',*,*,#2403,.T.);
#2403 = EDGE_CURVE('',#2383,#2404,#2406,.T.);
#2404 = VERTEX_POINT('',#2405);
#2405 = CARTESIAN_POINT('',(0.29259844283,-6.343709321535,-4.27465));
#2406 = SURFACE_CURVE('',#2407,(#2410,#2416),.PCURVE_S1.);
#2407 = B_SPLINE_CURVE_WITH_KNOTS('',1,(#2408,#2409),.UNSPECIFIED.,.F.,
  .F.,(2,2),(0.,1.),.PIECEWISE_BEZIER_KNOTS.);
#2408 = CARTESIAN_POINT('',(0.256404416769,-6.279212325656,-4.31735));
#2409 = CARTESIAN_POINT('',(0.29259844283,-6.343709321535,-4.27465));
#2410 = PCURVE('',#1870,#2411);
#2411 = DEFINITIONAL_REPRESENTATION('',(#2412),#2415);
#2412 = B_SPLINE_CURVE_WITH_KNOTS('',1,(#2413,#2414),.UNSPECIFIED.,.F.,
  .F.,(2,2),(0.,1.),.PIECEWISE_BEZIER_KNOTS.);
#2413 = CARTESIAN_POINT('',(0.,0.));
#2414 = CARTESIAN_POINT('',(8.504600715073E-02,-7.767668100418E-03));
#2415 = ( GEOMETRIC_REPRESENTATION_CONTEXT(2) 
PARAMETRIC_REPRESENTATION_CONTEXT() REPRESENTATION_CONTEXT('2D SPACE',''
  ) );
#2416 = PCURVE('',#2417,#2430);
#2417 = ( BOUNDED_SURFACE() B_SPLINE_SURFACE(1,5,(
    (#2418,#2419,#2420,#2421,#2422,#2423)
    ,(#2424,#2425,#2426,#2427,#2428,#2429
)),.UNSPECIFIED.,.F.,.F.,.F.) B_SPLINE_SURFACE_WITH_KNOTS((2,2),(6,6),(
    0.,1.),(0.,1.),.PIECEWISE_BEZIER_KNOTS.) 
GEOMETRIC_REPRESENTATION_ITEM() RATIONAL_B_SPLINE_SURFACE((
    (1.,1.,1.,1.,1.,1.)
,(1.,1.,1.,1.,1.,1.))) REPRESENTATION_ITEM('') SURFACE() );
#2418 = CARTESIAN_POINT('',(0.256404416769,-6.279212325656,-4.31735));
#2419 = CARTESIAN_POINT('',(0.18441914769,-6.315385593572,
    -4.324371567083));
#2420 = CARTESIAN_POINT('',(0.12464666717,-6.376637311618,
    -4.331262770121));
#2421 = CARTESIAN_POINT('',(8.921952544153E-02,-6.454314126059,
    -4.337718927075));
#2422 = CARTESIAN_POINT('',(7.541072996612E-02,-6.534893287477,
    -4.343749103153));
#2423 = CARTESIAN_POINT('',(7.996227423947E-02,-6.61465936339,-4.3494));
#2424 = CARTESIAN_POINT('',(0.29259844283,-6.343709321535,-4.27465));
#2425 = CARTESIAN_POINT('',(0.24162183784,-6.395970739732,
    -4.267628432917));
#2426 = CARTESIAN_POINT('',(0.209183879695,-6.467210158899,
    -4.260737229879));
#2427 = CARTESIAN_POINT('',(0.203627201378,-6.545938725491,
    -4.254281072925));
#2428 = CARTESIAN_POINT('',(0.218376913921,-6.620670136681,
    -4.248250896847));
#2429 = CARTESIAN_POINT('',(0.249344311778,-6.68901287951,-4.2426));
#2430 = DEFINITIONAL_REPRESENTATION('',(#2431),#2435);
#2431 = LINE('',#2432,#2433);
#2432 = CARTESIAN_POINT('',(0.,0.));
#2433 = VECTOR('',#2434,1.);
#2434 = DIRECTION('',(1.,0.));
#2435 = ( GEOMETRIC_REPRESENTATION_CONTEXT(2) 
PARAMETRIC_REPRESENTATION_CONTEXT() REPRESENTATION_CONTEXT('2D SPACE',''
  ) );
#2436 = ORIENTED_EDGE('',*,*,#2437,.T.);
#2437 = EDGE_CURVE('',#2404,#2235,#2438,.T.);
#2438 = SURFACE_CURVE('',#2439,(#2442,#2448),.PCURVE_S1.);
#2439 = B_SPLINE_CURVE_WITH_KNOTS('',1,(#2440,#2441),.UNSPECIFIED.,.F.,
  .F.,(2,2),(1.,2.),.PIECEWISE_BEZIER_KNOTS.);
#2440 = CARTESIAN_POINT('',(0.29259844283,-6.343709321535,-4.27465));
#2441 = CARTESIAN_POINT('',(0.299400583155,-6.339892138411,-4.27465));
#2442 = PCURVE('',#1870,#2443);
#2443 = DEFINITIONAL_REPRESENTATION('',(#2444),#2447);
#2444 = B_SPLINE_CURVE_WITH_KNOTS('',1,(#2445,#2446),.UNSPECIFIED.,.F.,
  .F.,(2,2),(1.,2.),.PIECEWISE_BEZIER_KNOTS.);
#2445 = CARTESIAN_POINT('',(8.504600715073E-02,-7.767668100418E-03));
#2446 = CARTESIAN_POINT('',(8.575546629807E-02,-4.440892098501E-16));
#2447 = ( GEOMETRIC_REPRESENTATION_CONTEXT(2) 
PARAMETRIC_REPRESENTATION_CONTEXT() REPRESENTATION_CONTEXT('2D SPACE',''
  ) );
#2448 = PCURVE('',#2255,#2449);
#2449 = DEFINITIONAL_REPRESENTATION('',(#2450),#2454);
#2450 = LINE('',#2451,#2452);
#2451 = CARTESIAN_POINT('',(0.,0.));
#2452 = VECTOR('',#2453,1.);
#2453 = DIRECTION('',(1.,0.));
#2454 = ( GEOMETRIC_REPRESENTATION_CONTEXT(2) 
PARAMETRIC_REPRESENTATION_CONTEXT() REPRESENTATION_CONTEXT('2D SPACE',''
  ) );
#2455 = ORIENTED_EDGE('',*,*,#2275,.T.);
#2456 = ORIENTED_EDGE('',*,*,#1852,.F.);
#2457 = ORIENTED_EDGE('',*,*,#2295,.T.);
#2458 = ADVANCED_FACE('',(#2459),#1910,.F.);
#2459 = FACE_BOUND('',#2460,.F.);
#2460 = EDGE_LOOP('',(#2461,#2502,#2521,#2522,#2543,#2582));
#2461 = ORIENTED_EDGE('',*,*,#2462,.F.);
#2462 = EDGE_CURVE('',#2463,#2465,#2467,.T.);
#2463 = VERTEX_POINT('',#2464);
#2464 = CARTESIAN_POINT('',(0.390935770966,-6.276955726911,-4.27465));
#2465 = VERTEX_POINT('',#2466);
#2466 = CARTESIAN_POINT('',(0.710558441981,-6.14660128662,-4.2426));
#2467 = SURFACE_CURVE('',#2468,(#2475,#2482),.PCURVE_S1.);
#2468 = ( BOUNDED_CURVE() B_SPLINE_CURVE(5,(#2469,#2470,#2471,#2472,
#2473,#2474),.UNSPECIFIED.,.F.,.F.) B_SPLINE_CURVE_WITH_KNOTS((6,6),(0.,
1.),.PIECEWISE_BEZIER_KNOTS.) CURVE() GEOMETRIC_REPRESENTATION_ITEM() 
RATIONAL_B_SPLINE_CURVE((1.,1.,1.,1.,1.,1.)) REPRESENTATION_ITEM('') );
#2469 = CARTESIAN_POINT('',(0.390935770966,-6.276955726911,-4.27465));
#2470 = CARTESIAN_POINT('',(0.461120268478,-6.295920598801,
    -4.267628432917));
#2471 = CARTESIAN_POINT('',(0.538649857222,-6.289425503225,
    -4.260737229879));
#2472 = CARTESIAN_POINT('',(0.609436350733,-6.255893109752,
    -4.254281072925));
#2473 = CARTESIAN_POINT('',(0.666757836093,-6.2067081047,-4.248250896847
    ));
#2474 = CARTESIAN_POINT('',(0.710558441981,-6.14660128662,-4.2426));
#2475 = PCURVE('',#1910,#2476);
#2476 = DEFINITIONAL_REPRESENTATION('',(#2477),#2481);
#2477 = LINE('',#2478,#2479);
#2478 = CARTESIAN_POINT('',(2.,0.));
#2479 = VECTOR('',#2480,1.);
#2480 = DIRECTION('',(0.,1.));
#2481 = ( GEOMETRIC_REPRESENTATION_CONTEXT(2) 
PARAMETRIC_REPRESENTATION_CONTEXT() REPRESENTATION_CONTEXT('2D SPACE',''
  ) );
#2482 = PCURVE('',#2483,#2496);
#2483 = ( BOUNDED_SURFACE() B_SPLINE_SURFACE(1,5,(
    (#2484,#2485,#2486,#2487,#2488,#2489)
    ,(#2490,#2491,#2492,#2493,#2494,#2495
)),.UNSPECIFIED.,.F.,.F.,.F.) B_SPLINE_SURFACE_WITH_KNOTS((2,2),(6,6),(
    1.,2.),(0.,1.),.PIECEWISE_BEZIER_KNOTS.) 
GEOMETRIC_REPRESENTATION_ITEM() RATIONAL_B_SPLINE_SURFACE((
    (1.,1.,1.,1.,1.,1.)
,(1.,1.,1.,1.,1.,1.))) REPRESENTATION_ITEM('') SURFACE() );
#2484 = CARTESIAN_POINT('',(0.397642618684,-6.280937961671,-4.27465));
#2485 = CARTESIAN_POINT('',(0.468390636976,-6.298954287493,
    -4.267628432917));
#2486 = CARTESIAN_POINT('',(0.546304762798,-6.291426673709,
    -4.260737229879));
#2487 = CARTESIAN_POINT('',(0.617264040629,-6.256874614998,
    -4.254281072925));
#2488 = CARTESIAN_POINT('',(0.674608484908,-6.206735283641,
    -4.248250896847));
#2489 = CARTESIAN_POINT('',(0.718311337434,-6.145745358994,-4.2426));
#2490 = CARTESIAN_POINT('',(0.390935770966,-6.276955726911,-4.27465));
#2491 = CARTESIAN_POINT('',(0.461120268478,-6.295920598801,
    -4.267628432917));
#2492 = CARTESIAN_POINT('',(0.538649857222,-6.289425503225,
    -4.260737229879));
#2493 = CARTESIAN_POINT('',(0.609436350733,-6.255893109752,
    -4.254281072925));
#2494 = CARTESIAN_POINT('',(0.666757836093,-6.2067081047,-4.248250896847
    ));
#2495 = CARTESIAN_POINT('',(0.710558441981,-6.14660128662,-4.2426));
#2496 = DEFINITIONAL_REPRESENTATION('',(#2497),#2501);
#2497 = LINE('',#2498,#2499);
#2498 = CARTESIAN_POINT('',(2.,0.));
#2499 = VECTOR('',#2500,1.);
#2500 = DIRECTION('',(0.,1.));
#2501 = ( GEOMETRIC_REPRESENTATION_CONTEXT(2) 
PARAMETRIC_REPRESENTATION_CONTEXT() REPRESENTATION_CONTEXT('2D SPACE',''
  ) );
#2502 = ORIENTED_EDGE('',*,*,#2503,.T.);
#2503 = EDGE_CURVE('',#2463,#1885,#2504,.T.);
#2504 = SURFACE_CURVE('',#2505,(#2508,#2515),.PCURVE_S1.);
#2505 = B_SPLINE_CURVE_WITH_KNOTS('',1,(#2506,#2507),.UNSPECIFIED.,.F.,
  .F.,(2,2),(2.,3.),.PIECEWISE_BEZIER_KNOTS.);
#2506 = CARTESIAN_POINT('',(0.390935770966,-6.276955726911,-4.27465));
#2507 = CARTESIAN_POINT('',(0.353176747097,-6.340549170886,-4.31735));
#2508 = PCURVE('',#1910,#2509);
#2509 = DEFINITIONAL_REPRESENTATION('',(#2510),#2514);
#2510 = LINE('',#2511,#2512);
#2511 = CARTESIAN_POINT('',(0.,0.));
#2512 = VECTOR('',#2513,1.);
#2513 = DIRECTION('',(1.,0.));
#2514 = ( GEOMETRIC_REPRESENTATION_CONTEXT(2) 
PARAMETRIC_REPRESENTATION_CONTEXT() REPRESENTATION_CONTEXT('2D SPACE',''
  ) );
#2515 = PCURVE('',#1952,#2516);
#2516 = DEFINITIONAL_REPRESENTATION('',(#2517),#2520);
#2517 = B_SPLINE_CURVE_WITH_KNOTS('',1,(#2518,#2519),.UNSPECIFIED.,.F.,
  .F.,(2,2),(2.,3.),.PIECEWISE_BEZIER_KNOTS.);
#2518 = CARTESIAN_POINT('',(8.575546629807E-02,-4.440892098501E-16));
#2519 = CARTESIAN_POINT('',(7.094591473447E-04,-7.767668100418E-03));
#2520 = ( GEOMETRIC_REPRESENTATION_CONTEXT(2) 
PARAMETRIC_REPRESENTATION_CONTEXT() REPRESENTATION_CONTEXT('2D SPACE',''
  ) );
#2521 = ORIENTED_EDGE('',*,*,#1884,.T.);
#2522 = ORIENTED_EDGE('',*,*,#2523,.T.);
#2523 = EDGE_CURVE('',#1887,#2524,#2526,.T.);
#2524 = VERTEX_POINT('',#2525);
#2525 = CARTESIAN_POINT('',(0.353176747097,-6.340549170886,-4.31735));
#2526 = SURFACE_CURVE('',#2527,(#2530,#2537),.PCURVE_S1.);
#2527 = B_SPLINE_CURVE_WITH_KNOTS('',1,(#2528,#2529),.UNSPECIFIED.,.F.,
  .F.,(2,2),(2.,3.),.PIECEWISE_BEZIER_KNOTS.);
#2528 = CARTESIAN_POINT('',(0.390935770966,-6.276955726911,-4.27465));
#2529 = CARTESIAN_POINT('',(0.353176747097,-6.340549170886,-4.31735));
#2530 = PCURVE('',#1910,#2531);
#2531 = DEFINITIONAL_REPRESENTATION('',(#2532),#2536);
#2532 = LINE('',#2533,#2534);
#2533 = CARTESIAN_POINT('',(0.,0.));
#2534 = VECTOR('',#2535,1.);
#2535 = DIRECTION('',(1.,0.));
#2536 = ( GEOMETRIC_REPRESENTATION_CONTEXT(2) 
PARAMETRIC_REPRESENTATION_CONTEXT() REPRESENTATION_CONTEXT('2D SPACE',''
  ) );
#2537 = PCURVE('',#1952,#2538);
#2538 = DEFINITIONAL_REPRESENTATION('',(#2539),#2542);
#2539 = B_SPLINE_CURVE_WITH_KNOTS('',1,(#2540,#2541),.UNSPECIFIED.,.F.,
  .F.,(2,2),(2.,3.),.PIECEWISE_BEZIER_KNOTS.);
#2540 = CARTESIAN_POINT('',(8.575546629807E-02,-4.440892098501E-16));
#2541 = CARTESIAN_POINT('',(7.094591473447E-04,-7.767668100418E-03));
#2542 = ( GEOMETRIC_REPRESENTATION_CONTEXT(2) 
PARAMETRIC_REPRESENTATION_CONTEXT() REPRESENTATION_CONTEXT('2D SPACE',''
  ) );
#2543 = ORIENTED_EDGE('',*,*,#2544,.T.);
#2544 = EDGE_CURVE('',#2524,#2545,#2547,.T.);
#2545 = VERTEX_POINT('',#2546);
#2546 = CARTESIAN_POINT('',(0.73085742693,-6.330467192133,-4.3494));
#2547 = SURFACE_CURVE('',#2548,(#2555,#2562),.PCURVE_S1.);
#2548 = ( BOUNDED_CURVE() B_SPLINE_CURVE(5,(#2549,#2550,#2551,#2552,
#2553,#2554),.UNSPECIFIED.,.F.,.F.) B_SPLINE_CURVE_WITH_KNOTS((6,6),(0.,
1.),.PIECEWISE_BEZIER_KNOTS.) CURVE() GEOMETRIC_REPRESENTATION_ITEM() 
RATIONAL_B_SPLINE_CURVE((1.,1.,1.,1.,1.,1.)) REPRESENTATION_ITEM('') );
#2549 = CARTESIAN_POINT('',(0.353176747097,-6.340549170886,-4.31735));
#2550 = CARTESIAN_POINT('',(0.419932829811,-6.385752154716,
    -4.324371567083));
#2551 = CARTESIAN_POINT('',(0.502480076847,-6.407923300477,
    -4.33126277012));
#2552 = CARTESIAN_POINT('',(0.587290957982,-6.400785363216,
    -4.337718927075));
#2553 = CARTESIAN_POINT('',(0.663955997604,-6.373408876489,
    -4.343749103153));
#2554 = CARTESIAN_POINT('',(0.73085742693,-6.330467192133,-4.3494));
#2555 = PCURVE('',#1910,#2556);
#2556 = DEFINITIONAL_REPRESENTATION('',(#2557),#2561);
#2557 = LINE('',#2558,#2559);
#2558 = CARTESIAN_POINT('',(3.,0.));
#2559 = VECTOR('',#2560,1.);
#2560 = DIRECTION('',(0.,1.));
#2561 = ( GEOMETRIC_REPRESENTATION_CONTEXT(2) 
PARAMETRIC_REPRESENTATION_CONTEXT() REPRESENTATION_CONTEXT('2D SPACE',''
  ) );
#2562 = PCURVE('',#2563,#2576);
#2563 = ( BOUNDED_SURFACE() B_SPLINE_SURFACE(1,5,(
    (#2564,#2565,#2566,#2567,#2568,#2569)
    ,(#2570,#2571,#2572,#2573,#2574,#2575
)),.UNSPECIFIED.,.F.,.F.,.F.) B_SPLINE_SURFACE_WITH_KNOTS((2,2),(6,6),(
    3.,4.),(0.,1.),.PIECEWISE_BEZIER_KNOTS.) 
GEOMETRIC_REPRESENTATION_ITEM() RATIONAL_B_SPLINE_SURFACE((
    (1.,1.,1.,1.,1.,1.)
,(1.,1.,1.,1.,1.,1.))) REPRESENTATION_ITEM('') SURFACE() );
#2564 = CARTESIAN_POINT('',(0.353176747097,-6.340549170886,-4.31735));
#2565 = CARTESIAN_POINT('',(0.419932829811,-6.385752154716,
    -4.324371567083));
#2566 = CARTESIAN_POINT('',(0.502480076847,-6.407923300477,
    -4.33126277012));
#2567 = CARTESIAN_POINT('',(0.587290957982,-6.400785363216,
    -4.337718927075));
#2568 = CARTESIAN_POINT('',(0.663955997604,-6.373408876489,
    -4.343749103153));
#2569 = CARTESIAN_POINT('',(0.73085742693,-6.330467192133,-4.3494));
#2570 = CARTESIAN_POINT('',(0.359883594816,-6.344531405645,-4.31735));
#2571 = CARTESIAN_POINT('',(0.427203198309,-6.388785843407,
    -4.324371567083));
#2572 = CARTESIAN_POINT('',(0.510134982422,-6.409924470962,
    -4.33126277012));
#2573 = CARTESIAN_POINT('',(0.595118647877,-6.401766868462,
    -4.337718927075));
#2574 = CARTESIAN_POINT('',(0.671806646419,-6.37343605543,
    -4.343749103153));
#2575 = CARTESIAN_POINT('',(0.738610322383,-6.329611264507,-4.3494));
#2576 = DEFINITIONAL_REPRESENTATION('',(#2577),#2581);
#2577 = LINE('',#2578,#2579);
#2578 = CARTESIAN_POINT('',(3.,0.));
#2579 = VECTOR('',#2580,1.);
#2580 = DIRECTION('',(0.,1.));
#2581 = ( GEOMETRIC_REPRESENTATION_CONTEXT(2) 
PARAMETRIC_REPRESENTATION_CONTEXT() REPRESENTATION_CONTEXT('2D SPACE',''
  ) );
#2582 = ORIENTED_EDGE('',*,*,#2583,.F.);
#2583 = EDGE_CURVE('',#2465,#2545,#2584,.T.);
#2584 = SURFACE_CURVE('',#2585,(#2588,#2595),.PCURVE_S1.);
#2585 = B_SPLINE_CURVE_WITH_KNOTS('',1,(#2586,#2587),.UNSPECIFIED.,.F.,
  .F.,(2,2),(2.,3.),.PIECEWISE_BEZIER_KNOTS.);
#2586 = CARTESIAN_POINT('',(0.710558441981,-6.14660128662,-4.2426));
#2587 = CARTESIAN_POINT('',(0.73085742693,-6.330467192133,-4.3494));
#2588 = PCURVE('',#1910,#2589);
#2589 = DEFINITIONAL_REPRESENTATION('',(#2590),#2594);
#2590 = LINE('',#2591,#2592);
#2591 = CARTESIAN_POINT('',(0.,1.));
#2592 = VECTOR('',#2593,1.);
#2593 = DIRECTION('',(1.,0.));
#2594 = ( GEOMETRIC_REPRESENTATION_CONTEXT(2) 
PARAMETRIC_REPRESENTATION_CONTEXT() REPRESENTATION_CONTEXT('2D SPACE',''
  ) );
#2595 = PCURVE('',#2596,#2601);
#2596 = PLANE('',#2597);
#2597 = AXIS2_PLACEMENT_3D('',#2598,#2599,#2600);
#2598 = CARTESIAN_POINT('',(0.738610322383,-6.329611264507,-4.3494));
#2599 = DIRECTION('',(-5.486715554553E-02,0.496980477728,-0.866025403784
    ));
#2600 = DIRECTION('',(-0.131241553215,0.856217601381,0.499666962882));
#2601 = DEFINITIONAL_REPRESENTATION('',(#2602),#2605);
#2602 = B_SPLINE_CURVE_WITH_KNOTS('',1,(#2603,#2604),.UNSPECIFIED.,.F.,
  .F.,(2,2),(2.,3.),.PIECEWISE_BEZIER_KNOTS.);
#2603 = CARTESIAN_POINT('',(0.213742368285,-2.775557561563E-17));
#2604 = CARTESIAN_POINT('',(2.846417417768E-04,-7.794804620954E-03));
#2605 = ( GEOMETRIC_REPRESENTATION_CONTEXT(2) 
PARAMETRIC_REPRESENTATION_CONTEXT() REPRESENTATION_CONTEXT('2D SPACE',''
  ) );
#2606 = ADVANCED_FACE('',(#2607),#1952,.F.);
#2607 = FACE_BOUND('',#2608,.F.);
#2608 = EDGE_LOOP('',(#2609,#2645,#2664,#2665,#2666,#2667));
#2609 = ORIENTED_EDGE('',*,*,#2610,.F.);
#2610 = EDGE_CURVE('',#2611,#2613,#2615,.T.);
#2611 = VERTEX_POINT('',#2612);
#2612 = CARTESIAN_POINT('',(0.359883594816,-6.344531405645,-4.31735));
#2613 = VERTEX_POINT('',#2614);
#2614 = CARTESIAN_POINT('',(0.397642618684,-6.280937961671,-4.27465));
#2615 = SURFACE_CURVE('',#2616,(#2619,#2625),.PCURVE_S1.);
#2616 = B_SPLINE_CURVE_WITH_KNOTS('',1,(#2617,#2618),.UNSPECIFIED.,.F.,
  .F.,(2,2),(0.,1.),.PIECEWISE_BEZIER_KNOTS.);
#2617 = CARTESIAN_POINT('',(0.359883594816,-6.344531405645,-4.31735));
#2618 = CARTESIAN_POINT('',(0.397642618684,-6.280937961671,-4.27465));
#2619 = PCURVE('',#1952,#2620);
#2620 = DEFINITIONAL_REPRESENTATION('',(#2621),#2624);
#2621 = B_SPLINE_CURVE_WITH_KNOTS('',1,(#2622,#2623),.UNSPECIFIED.,.F.,
  .F.,(2,2),(0.,1.),.PIECEWISE_BEZIER_KNOTS.);
#2622 = CARTESIAN_POINT('',(0.,0.));
#2623 = CARTESIAN_POINT('',(8.504600715073E-02,7.767668100418E-03));
#2624 = ( GEOMETRIC_REPRESENTATION_CONTEXT(2) 
PARAMETRIC_REPRESENTATION_CONTEXT() REPRESENTATION_CONTEXT('2D SPACE',''
  ) );
#2625 = PCURVE('',#2626,#2639);
#2626 = ( BOUNDED_SURFACE() B_SPLINE_SURFACE(1,5,(
    (#2627,#2628,#2629,#2630,#2631,#2632)
    ,(#2633,#2634,#2635,#2636,#2637,#2638
)),.UNSPECIFIED.,.F.,.F.,.F.) B_SPLINE_SURFACE_WITH_KNOTS((2,2),(6,6),(
    0.,1.),(0.,1.),.PIECEWISE_BEZIER_KNOTS.) 
GEOMETRIC_REPRESENTATION_ITEM() RATIONAL_B_SPLINE_SURFACE((
    (1.,1.,1.,1.,1.,1.)
,(1.,1.,1.,1.,1.,1.))) REPRESENTATION_ITEM('') SURFACE() );
#2627 = CARTESIAN_POINT('',(0.359883594816,-6.344531405645,-4.31735));
#2628 = CARTESIAN_POINT('',(0.427203198309,-6.388785843407,
    -4.324371567083));
#2629 = CARTESIAN_POINT('',(0.510134982422,-6.409924470962,
    -4.33126277012));
#2630 = CARTESIAN_POINT('',(0.595118647877,-6.401766868462,
    -4.337718927075));
#2631 = CARTESIAN_POINT('',(0.671806646419,-6.37343605543,
    -4.343749103153));
#2632 = CARTESIAN_POINT('',(0.738610322383,-6.329611264507,-4.3494));
#2633 = CARTESIAN_POINT('',(0.397642618684,-6.280937961671,-4.27465));
#2634 = CARTESIAN_POINT('',(0.468390636976,-6.298954287493,
    -4.267628432917));
#2635 = CARTESIAN_POINT('',(0.546304762798,-6.291426673709,
    -4.260737229879));
#2636 = CARTESIAN_POINT('',(0.617264040629,-6.256874614998,
    -4.254281072925));
#2637 = CARTESIAN_POINT('',(0.674608484908,-6.206735283641,
    -4.248250896847));
#2638 = CARTESIAN_POINT('',(0.718311337434,-6.145745358994,-4.2426));
#2639 = DEFINITIONAL_REPRESENTATION('',(#2640),#2644);
#2640 = LINE('',#2641,#2642);
#2641 = CARTESIAN_POINT('',(0.,0.));
#2642 = VECTOR('',#2643,1.);
#2643 = DIRECTION('',(1.,0.));
#2644 = ( GEOMETRIC_REPRESENTATION_CONTEXT(2) 
PARAMETRIC_REPRESENTATION_CONTEXT() REPRESENTATION_CONTEXT('2D SPACE',''
  ) );
#2645 = ORIENTED_EDGE('',*,*,#2646,.F.);
#2646 = EDGE_CURVE('',#2524,#2611,#2647,.T.);
#2647 = SURFACE_CURVE('',#2648,(#2651,#2657),.PCURVE_S1.);
#2648 = B_SPLINE_CURVE_WITH_KNOTS('',1,(#2649,#2650),.UNSPECIFIED.,.F.,
  .F.,(2,2),(3.,4.),.PIECEWISE_BEZIER_KNOTS.);
#2649 = CARTESIAN_POINT('',(0.353176747097,-6.340549170886,-4.31735));
#2650 = CARTESIAN_POINT('',(0.359883594816,-6.344531405645,-4.31735));
#2651 = PCURVE('',#1952,#2652);
#2652 = DEFINITIONAL_REPRESENTATION('',(#2653),#2656);
#2653 = B_SPLINE_CURVE_WITH_KNOTS('',1,(#2654,#2655),.UNSPECIFIED.,.F.,
  .F.,(2,2),(3.,4.),.PIECEWISE_BEZIER_KNOTS.);
#2654 = CARTESIAN_POINT('',(7.094591473447E-04,-7.767668100418E-03));
#2655 = CARTESIAN_POINT('',(0.,0.));
#2656 = ( GEOMETRIC_REPRESENTATION_CONTEXT(2) 
PARAMETRIC_REPRESENTATION_CONTEXT() REPRESENTATION_CONTEXT('2D SPACE',''
  ) );
#2657 = PCURVE('',#2563,#2658);
#2658 = DEFINITIONAL_REPRESENTATION('',(#2659),#2663);
#2659 = LINE('',#2660,#2661);
#2660 = CARTESIAN_POINT('',(0.,0.));
#2661 = VECTOR('',#2662,1.);
#2662 = DIRECTION('',(1.,0.));
#2663 = ( GEOMETRIC_REPRESENTATION_CONTEXT(2) 
PARAMETRIC_REPRESENTATION_CONTEXT() REPRESENTATION_CONTEXT('2D SPACE',''
  ) );
#2664 = ORIENTED_EDGE('',*,*,#2523,.F.);
#2665 = ORIENTED_EDGE('',*,*,#1934,.F.);
#2666 = ORIENTED_EDGE('',*,*,#2503,.F.);
#2667 = ORIENTED_EDGE('',*,*,#2668,.F.);
#2668 = EDGE_CURVE('',#2613,#2463,#2669,.T.);
#2669 = SURFACE_CURVE('',#2670,(#2673,#2679),.PCURVE_S1.);
#2670 = B_SPLINE_CURVE_WITH_KNOTS('',1,(#2671,#2672),.UNSPECIFIED.,.F.,
  .F.,(2,2),(1.,2.),.PIECEWISE_BEZIER_KNOTS.);
#2671 = CARTESIAN_POINT('',(0.397642618684,-6.280937961671,-4.27465));
#2672 = CARTESIAN_POINT('',(0.390935770966,-6.276955726911,-4.27465));
#2673 = PCURVE('',#1952,#2674);
#2674 = DEFINITIONAL_REPRESENTATION('',(#2675),#2678);
#2675 = B_SPLINE_CURVE_WITH_KNOTS('',1,(#2676,#2677),.UNSPECIFIED.,.F.,
  .F.,(2,2),(1.,2.),.PIECEWISE_BEZIER_KNOTS.);
#2676 = CARTESIAN_POINT('',(8.504600715073E-02,7.767668100418E-03));
#2677 = CARTESIAN_POINT('',(8.575546629807E-02,-4.440892098501E-16));
#2678 = ( GEOMETRIC_REPRESENTATION_CONTEXT(2) 
PARAMETRIC_REPRESENTATION_CONTEXT() REPRESENTATION_CONTEXT('2D SPACE',''
  ) );
#2679 = PCURVE('',#2483,#2680);
#2680 = DEFINITIONAL_REPRESENTATION('',(#2681),#2685);
#2681 = LINE('',#2682,#2683);
#2682 = CARTESIAN_POINT('',(0.,0.));
#2683 = VECTOR('',#2684,1.);
#2684 = DIRECTION('',(1.,0.));
#2685 = ( GEOMETRIC_REPRESENTATION_CONTEXT(2) 
PARAMETRIC_REPRESENTATION_CONTEXT() REPRESENTATION_CONTEXT('2D SPACE',''
  ) );
#2686 = ADVANCED_FACE('',(#2687),#1991,.T.);
#2687 = FACE_BOUND('',#2688,.F.);
#2688 = EDGE_LOOP('',(#2689,#2718,#2739,#2740));
#2689 = ORIENTED_EDGE('',*,*,#2690,.F.);
#2690 = EDGE_CURVE('',#2691,#2691,#2693,.T.);
#2691 = VERTEX_POINT('',#2692);
#2692 = CARTESIAN_POINT('',(0.3619,-6.282,-4.86));
#2693 = SURFACE_CURVE('',#2694,(#2699,#2706),.PCURVE_S1.);
#2694 = CIRCLE('',#2695,3.49E-02);
#2695 = AXIS2_PLACEMENT_3D('',#2696,#2697,#2698);
#2696 = CARTESIAN_POINT('',(0.327,-6.282,-4.86));
#2697 = DIRECTION('',(0.,0.,1.));
#2698 = DIRECTION('',(1.,0.,0.));
#2699 = PCURVE('',#1991,#2700);
#2700 = DEFINITIONAL_REPRESENTATION('',(#2701),#2705);
#2701 = LINE('',#2702,#2703);
#2702 = CARTESIAN_POINT('',(-0.,0.));
#2703 = VECTOR('',#2704,1.);
#2704 = DIRECTION('',(-1.,0.));
#2705 = ( GEOMETRIC_REPRESENTATION_CONTEXT(2) 
PARAMETRIC_REPRESENTATION_CONTEXT() REPRESENTATION_CONTEXT('2D SPACE',''
  ) );
#2706 = PCURVE('',#2707,#2712);
#2707 = PLANE('',#2708);
#2708 = AXIS2_PLACEMENT_3D('',#2709,#2710,#2711);
#2709 = CARTESIAN_POINT('',(0.327,-6.282,-4.86));
#2710 = DIRECTION('',(0.,0.,1.));
#2711 = DIRECTION('',(1.,0.,-0.));
#2712 = DEFINITIONAL_REPRESENTATION('',(#2713),#2717);
#2713 = CIRCLE('',#2714,3.49E-02);
#2714 = AXIS2_PLACEMENT_2D('',#2715,#2716);
#2715 = CARTESIAN_POINT('',(0.,0.));
#2716 = DIRECTION('',(1.,0.));
#2717 = ( GEOMETRIC_REPRESENTATION_CONTEXT(2) 
PARAMETRIC_REPRESENTATION_CONTEXT() REPRESENTATION_CONTEXT('2D SPACE',''
  ) );
#2718 = ORIENTED_EDGE('',*,*,#2719,.T.);
#2719 = EDGE_CURVE('',#2691,#1971,#2720,.T.);
#2720 = SEAM_CURVE('',#2721,(#2725,#2732),.PCURVE_S1.);
#2721 = LINE('',#2722,#2723);
#2722 = CARTESIAN_POINT('',(0.3619,-6.282,-4.86));
#2723 = VECTOR('',#2724,1.);
#2724 = DIRECTION('',(0.,0.,1.));
#2725 = PCURVE('',#1991,#2726);
#2726 = DEFINITIONAL_REPRESENTATION('',(#2727),#2731);
#2727 = LINE('',#2728,#2729);
#2728 = CARTESIAN_POINT('',(-6.28318530718,0.));
#2729 = VECTOR('',#2730,1.);
#2730 = DIRECTION('',(-0.,-1.));
#2731 = ( GEOMETRIC_REPRESENTATION_CONTEXT(2) 
PARAMETRIC_REPRESENTATION_CONTEXT() REPRESENTATION_CONTEXT('2D SPACE',''
  ) );
#2732 = PCURVE('',#1991,#2733);
#2733 = DEFINITIONAL_REPRESENTATION('',(#2734),#2738);
#2734 = LINE('',#2735,#2736);
#2735 = CARTESIAN_POINT('',(-0.,0.));
#2736 = VECTOR('',#2737,1.);
#2737 = DIRECTION('',(-0.,-1.));
#2738 = ( GEOMETRIC_REPRESENTATION_CONTEXT(2) 
PARAMETRIC_REPRESENTATION_CONTEXT() REPRESENTATION_CONTEXT('2D SPACE',''
  ) );
#2739 = ORIENTED_EDGE('',*,*,#1970,.F.);
#2740 = ORIENTED_EDGE('',*,*,#2719,.F.);
#2741 = ADVANCED_FACE('',(#2742),#2027,.F.);
#2742 = FACE_BOUND('',#2743,.F.);
#2743 = EDGE_LOOP('',(#2744,#2745,#2746,#2767));
#2744 = ORIENTED_EDGE('',*,*,#2212,.T.);
#2745 = ORIENTED_EDGE('',*,*,#2006,.T.);
#2746 = ORIENTED_EDGE('',*,*,#2747,.F.);
#2747 = EDGE_CURVE('',#2748,#2009,#2750,.T.);
#2748 = VERTEX_POINT('',#2749);
#2749 = CARTESIAN_POINT('',(1.334435078826E-02,-6.011241761496,-4.2426)
  );
#2750 = SURFACE_CURVE('',#2751,(#2754,#2761),.PCURVE_S1.);
#2751 = B_SPLINE_CURVE_WITH_KNOTS('',1,(#2752,#2753),.UNSPECIFIED.,.F.,
  .F.,(2,2),(1.,2.),.PIECEWISE_BEZIER_KNOTS.);
#2752 = CARTESIAN_POINT('',(1.334435078826E-02,-6.011241761496,-4.2426)
  );
#2753 = CARTESIAN_POINT('',(1.796205358289E-02,-6.017528002098,-4.2426)
  );
#2754 = PCURVE('',#2027,#2755);
#2755 = DEFINITIONAL_REPRESENTATION('',(#2756),#2760);
#2756 = LINE('',#2757,#2758);
#2757 = CARTESIAN_POINT('',(0.,1.));
#2758 = VECTOR('',#2759,1.);
#2759 = DIRECTION('',(1.,0.));
#2760 = ( GEOMETRIC_REPRESENTATION_CONTEXT(2) 
PARAMETRIC_REPRESENTATION_CONTEXT() REPRESENTATION_CONTEXT('2D SPACE',''
  ) );
#2761 = PCURVE('',#2140,#2762);
#2762 = DEFINITIONAL_REPRESENTATION('',(#2763),#2766);
#2763 = B_SPLINE_CURVE_WITH_KNOTS('',1,(#2764,#2765),.UNSPECIFIED.,.F.,
  .F.,(2,2),(1.,2.),.PIECEWISE_BEZIER_KNOTS.);
#2764 = CARTESIAN_POINT('',(0.213457726543,-7.794804620953E-03));
#2765 = CARTESIAN_POINT('',(0.213742368285,0.));
#2766 = ( GEOMETRIC_REPRESENTATION_CONTEXT(2) 
PARAMETRIC_REPRESENTATION_CONTEXT() REPRESENTATION_CONTEXT('2D SPACE',''
  ) );
#2767 = ORIENTED_EDGE('',*,*,#2768,.F.);
#2768 = EDGE_CURVE('',#2157,#2748,#2769,.T.);
#2769 = SURFACE_CURVE('',#2770,(#2777,#2784),.PCURVE_S1.);
#2770 = ( BOUNDED_CURVE() B_SPLINE_CURVE(5,(#2771,#2772,#2773,#2774,
#2775,#2776),.UNSPECIFIED.,.F.,.F.) B_SPLINE_CURVE_WITH_KNOTS((6,6),(0.,
1.),.PIECEWISE_BEZIER_KNOTS.) CURVE() GEOMETRIC_REPRESENTATION_ITEM() 
RATIONAL_B_SPLINE_CURVE((1.,1.,1.,1.,1.,1.)) REPRESENTATION_ITEM('') );
#2771 = CARTESIAN_POINT('',(0.290758938485,-6.221352716794,-4.27465));
#2772 = CARTESIAN_POINT('',(0.270987525184,-6.151074972775,
    -4.267628432917));
#2773 = CARTESIAN_POINT('',(0.225511357507,-6.087363167391,
    -4.260737229879));
#2774 = CARTESIAN_POINT('',(0.160108757993,-6.043186659511,
    -4.254281072925));
#2775 = CARTESIAN_POINT('',(8.801460117065E-02,-6.018594579678,
    -4.248250896847));
#2776 = CARTESIAN_POINT('',(1.334435078826E-02,-6.011241761496,-4.2426)
  );
#2777 = PCURVE('',#2027,#2778);
#2778 = DEFINITIONAL_REPRESENTATION('',(#2779),#2783);
#2779 = LINE('',#2780,#2781);
#2780 = CARTESIAN_POINT('',(1.,0.));
#2781 = VECTOR('',#2782,1.);
#2782 = DIRECTION('',(0.,1.));
#2783 = ( GEOMETRIC_REPRESENTATION_CONTEXT(2) 
PARAMETRIC_REPRESENTATION_CONTEXT() REPRESENTATION_CONTEXT('2D SPACE',''
  ) );
#2784 = PCURVE('',#2170,#2785);
#2785 = DEFINITIONAL_REPRESENTATION('',(#2786),#2790);
#2786 = LINE('',#2787,#2788);
#2787 = CARTESIAN_POINT('',(1.,0.));
#2788 = VECTOR('',#2789,1.);
#2789 = DIRECTION('',(0.,1.));
#2790 = ( GEOMETRIC_REPRESENTATION_CONTEXT(2) 
PARAMETRIC_REPRESENTATION_CONTEXT() REPRESENTATION_CONTEXT('2D SPACE',''
  ) );
#2791 = ADVANCED_FACE('',(#2792),#2140,.F.);
#2792 = FACE_BOUND('',#2793,.F.);
#2793 = EDGE_LOOP('',(#2794,#2815,#2816,#2817));
#2794 = ORIENTED_EDGE('',*,*,#2795,.T.);
#2795 = EDGE_CURVE('',#2796,#2748,#2798,.T.);
#2796 = VERTEX_POINT('',#2797);
#2797 = CARTESIAN_POINT('',(0.162427403378,-5.901729372103,-4.3494));
#2798 = SURFACE_CURVE('',#2799,(#2802,#2808),.PCURVE_S1.);
#2799 = B_SPLINE_CURVE_WITH_KNOTS('',1,(#2800,#2801),.UNSPECIFIED.,.F.,
  .F.,(2,2),(0.,1.),.PIECEWISE_BEZIER_KNOTS.);
#2800 = CARTESIAN_POINT('',(0.162427403378,-5.901729372103,-4.3494));
#2801 = CARTESIAN_POINT('',(1.334435078826E-02,-6.011241761496,-4.2426)
  );
#2802 = PCURVE('',#2140,#2803);
#2803 = DEFINITIONAL_REPRESENTATION('',(#2804),#2807);
#2804 = B_SPLINE_CURVE_WITH_KNOTS('',1,(#2805,#2806),.UNSPECIFIED.,.F.,
  .F.,(2,2),(0.,1.),.PIECEWISE_BEZIER_KNOTS.);
#2805 = CARTESIAN_POINT('',(0.,0.));
#2806 = CARTESIAN_POINT('',(0.213457726543,-7.794804620953E-03));
#2807 = ( GEOMETRIC_REPRESENTATION_CONTEXT(2) 
PARAMETRIC_REPRESENTATION_CONTEXT() REPRESENTATION_CONTEXT('2D SPACE',''
  ) );
#2808 = PCURVE('',#2170,#2809);
#2809 = DEFINITIONAL_REPRESENTATION('',(#2810),#2814);
#2810 = LINE('',#2811,#2812);
#2811 = CARTESIAN_POINT('',(0.,1.));
#2812 = VECTOR('',#2813,1.);
#2813 = DIRECTION('',(1.,0.));
#2814 = ( GEOMETRIC_REPRESENTATION_CONTEXT(2) 
PARAMETRIC_REPRESENTATION_CONTEXT() REPRESENTATION_CONTEXT('2D SPACE',''
  ) );
#2815 = ORIENTED_EDGE('',*,*,#2747,.T.);
#2816 = ORIENTED_EDGE('',*,*,#2127,.T.);
#2817 = ORIENTED_EDGE('',*,*,#2818,.T.);
#2818 = EDGE_CURVE('',#2089,#2796,#2819,.T.);
#2819 = SURFACE_CURVE('',#2820,(#2823,#2829),.PCURVE_S1.);
#2820 = B_SPLINE_CURVE_WITH_KNOTS('',1,(#2821,#2822),.UNSPECIFIED.,.F.,
  .F.,(2,2),(3.,4.),.PIECEWISE_BEZIER_KNOTS.);
#2821 = CARTESIAN_POINT('',(0.167045106172,-5.908015612705,-4.3494));
#2822 = CARTESIAN_POINT('',(0.162427403378,-5.901729372103,-4.3494));
#2823 = PCURVE('',#2140,#2824);
#2824 = DEFINITIONAL_REPRESENTATION('',(#2825),#2828);
#2825 = B_SPLINE_CURVE_WITH_KNOTS('',1,(#2826,#2827),.UNSPECIFIED.,.F.,
  .F.,(2,2),(3.,4.),.PIECEWISE_BEZIER_KNOTS.);
#2826 = CARTESIAN_POINT('',(2.846417417759E-04,7.794804620953E-03));
#2827 = CARTESIAN_POINT('',(0.,0.));
#2828 = ( GEOMETRIC_REPRESENTATION_CONTEXT(2) 
PARAMETRIC_REPRESENTATION_CONTEXT() REPRESENTATION_CONTEXT('2D SPACE',''
  ) );
#2829 = PCURVE('',#2107,#2830);
#2830 = DEFINITIONAL_REPRESENTATION('',(#2831),#2835);
#2831 = LINE('',#2832,#2833);
#2832 = CARTESIAN_POINT('',(0.,1.));
#2833 = VECTOR('',#2834,1.);
#2834 = DIRECTION('',(1.,0.));
#2835 = ( GEOMETRIC_REPRESENTATION_CONTEXT(2) 
PARAMETRIC_REPRESENTATION_CONTEXT() REPRESENTATION_CONTEXT('2D SPACE',''
  ) );
#2836 = ADVANCED_FACE('',(#2837),#2107,.F.);
#2837 = FACE_BOUND('',#2838,.F.);
#2838 = EDGE_LOOP('',(#2839,#2840,#2864,#2865));
#2839 = ORIENTED_EDGE('',*,*,#2190,.T.);
#2840 = ORIENTED_EDGE('',*,*,#2841,.T.);
#2841 = EDGE_CURVE('',#2155,#2796,#2842,.T.);
#2842 = SURFACE_CURVE('',#2843,(#2850,#2857),.PCURVE_S1.);
#2843 = ( BOUNDED_CURVE() B_SPLINE_CURVE(5,(#2844,#2845,#2846,#2847,
#2848,#2849),.UNSPECIFIED.,.F.,.F.) B_SPLINE_CURVE_WITH_KNOTS((6,6),(0.,
1.),.PIECEWISE_BEZIER_KNOTS.) CURVE() GEOMETRIC_REPRESENTATION_ITEM() 
RATIONAL_B_SPLINE_CURVE((1.,1.,1.,1.,1.,1.)) REPRESENTATION_ITEM('') );
#2844 = CARTESIAN_POINT('',(0.364711988415,-6.222256268699,-4.31735));
#2845 = CARTESIAN_POINT('',(0.369377654001,-6.14182856302,
    -4.324371567083));
#2846 = CARTESIAN_POINT('',(0.346218350408,-6.05943821742,
    -4.331262770121));
#2847 = CARTESIAN_POINT('',(0.296661826681,-5.989919005479,
    -4.337718927075));
#2848 = CARTESIAN_POINT('',(0.233782623615,-5.937670657092,
    -4.343749103153));
#2849 = CARTESIAN_POINT('',(0.162427403378,-5.901729372103,-4.3494));
#2850 = PCURVE('',#2107,#2851);
#2851 = DEFINITIONAL_REPRESENTATION('',(#2852),#2856);
#2852 = LINE('',#2853,#2854);
#2853 = CARTESIAN_POINT('',(4.,0.));
#2854 = VECTOR('',#2855,1.);
#2855 = DIRECTION('',(0.,1.));
#2856 = ( GEOMETRIC_REPRESENTATION_CONTEXT(2) 
PARAMETRIC_REPRESENTATION_CONTEXT() REPRESENTATION_CONTEXT('2D SPACE',''
  ) );
#2857 = PCURVE('',#2170,#2858);
#2858 = DEFINITIONAL_REPRESENTATION('',(#2859),#2863);
#2859 = LINE('',#2860,#2861);
#2860 = CARTESIAN_POINT('',(0.,0.));
#2861 = VECTOR('',#2862,1.);
#2862 = DIRECTION('',(0.,1.));
#2863 = ( GEOMETRIC_REPRESENTATION_CONTEXT(2) 
PARAMETRIC_REPRESENTATION_CONTEXT() REPRESENTATION_CONTEXT('2D SPACE',''
  ) );
#2864 = ORIENTED_EDGE('',*,*,#2818,.F.);
#2865 = ORIENTED_EDGE('',*,*,#2088,.F.);
#2866 = ADVANCED_FACE('',(#2867),#2170,.F.);
#2867 = FACE_BOUND('',#2868,.F.);
#2868 = EDGE_LOOP('',(#2869,#2870,#2871,#2872));
#2869 = ORIENTED_EDGE('',*,*,#2154,.T.);
#2870 = ORIENTED_EDGE('',*,*,#2768,.T.);
#2871 = ORIENTED_EDGE('',*,*,#2795,.F.);
#2872 = ORIENTED_EDGE('',*,*,#2841,.F.);
#2873 = ADVANCED_FACE('',(#2874),#2255,.F.);
#2874 = FACE_BOUND('',#2875,.F.);
#2875 = EDGE_LOOP('',(#2876,#2877,#2878,#2899));
#2876 = ORIENTED_EDGE('',*,*,#2437,.T.);
#2877 = ORIENTED_EDGE('',*,*,#2234,.T.);
#2878 = ORIENTED_EDGE('',*,*,#2879,.F.);
#2879 = EDGE_CURVE('',#2880,#2237,#2882,.T.);
#2880 = VERTEX_POINT('',#2881);
#2881 = CARTESIAN_POINT('',(0.249344311778,-6.68901287951,-4.2426));
#2882 = SURFACE_CURVE('',#2883,(#2886,#2893),.PCURVE_S1.);
#2883 = B_SPLINE_CURVE_WITH_KNOTS('',1,(#2884,#2885),.UNSPECIFIED.,.F.,
  .F.,(2,2),(1.,2.),.PIECEWISE_BEZIER_KNOTS.);
#2884 = CARTESIAN_POINT('',(0.249344311778,-6.68901287951,-4.2426));
#2885 = CARTESIAN_POINT('',(0.252479504436,-6.681870711282,-4.2426));
#2886 = PCURVE('',#2255,#2887);
#2887 = DEFINITIONAL_REPRESENTATION('',(#2888),#2892);
#2888 = LINE('',#2889,#2890);
#2889 = CARTESIAN_POINT('',(0.,1.));
#2890 = VECTOR('',#2891,1.);
#2891 = DIRECTION('',(1.,0.));
#2892 = ( GEOMETRIC_REPRESENTATION_CONTEXT(2) 
PARAMETRIC_REPRESENTATION_CONTEXT() REPRESENTATION_CONTEXT('2D SPACE',''
  ) );
#2893 = PCURVE('',#2368,#2894);
#2894 = DEFINITIONAL_REPRESENTATION('',(#2895),#2898);
#2895 = B_SPLINE_CURVE_WITH_KNOTS('',1,(#2896,#2897),.UNSPECIFIED.,.F.,
  .F.,(2,2),(1.,2.),.PIECEWISE_BEZIER_KNOTS.);
#2896 = CARTESIAN_POINT('',(0.213457726543,7.794804620953E-03));
#2897 = CARTESIAN_POINT('',(0.213742368285,0.));
#2898 = ( GEOMETRIC_REPRESENTATION_CONTEXT(2) 
PARAMETRIC_REPRESENTATION_CONTEXT() REPRESENTATION_CONTEXT('2D SPACE',''
  ) );
#2899 = ORIENTED_EDGE('',*,*,#2900,.F.);
#2900 = EDGE_CURVE('',#2404,#2880,#2901,.T.);
#2901 = SURFACE_CURVE('',#2902,(#2909,#2916),.PCURVE_S1.);
#2902 = ( BOUNDED_CURVE() B_SPLINE_CURVE(5,(#2903,#2904,#2905,#2906,
#2907,#2908),.UNSPECIFIED.,.F.,.F.) B_SPLINE_CURVE_WITH_KNOTS((6,6),(0.,
1.),.PIECEWISE_BEZIER_KNOTS.) CURVE() GEOMETRIC_REPRESENTATION_ITEM() 
RATIONAL_B_SPLINE_CURVE((1.,1.,1.,1.,1.,1.)) REPRESENTATION_ITEM('') );
#2903 = CARTESIAN_POINT('',(0.29259844283,-6.343709321535,-4.27465));
#2904 = CARTESIAN_POINT('',(0.24162183784,-6.395970739732,
    -4.267628432917));
#2905 = CARTESIAN_POINT('',(0.209183879695,-6.467210158899,
    -4.260737229879));
#2906 = CARTESIAN_POINT('',(0.203627201378,-6.545938725491,
    -4.254281072925));
#2907 = CARTESIAN_POINT('',(0.218376913921,-6.620670136681,
    -4.248250896847));
#2908 = CARTESIAN_POINT('',(0.249344311778,-6.68901287951,-4.2426));
#2909 = PCURVE('',#2255,#2910);
#2910 = DEFINITIONAL_REPRESENTATION('',(#2911),#2915);
#2911 = LINE('',#2912,#2913);
#2912 = CARTESIAN_POINT('',(1.,0.));
#2913 = VECTOR('',#2914,1.);
#2914 = DIRECTION('',(0.,1.));
#2915 = ( GEOMETRIC_REPRESENTATION_CONTEXT(2) 
PARAMETRIC_REPRESENTATION_CONTEXT() REPRESENTATION_CONTEXT('2D SPACE',''
  ) );
#2916 = PCURVE('',#2417,#2917);
#2917 = DEFINITIONAL_REPRESENTATION('',(#2918),#2922);
#2918 = LINE('',#2919,#2920);
#2919 = CARTESIAN_POINT('',(1.,0.));
#2920 = VECTOR('',#2921,1.);
#2921 = DIRECTION('',(0.,1.));
#2922 = ( GEOMETRIC_REPRESENTATION_CONTEXT(2) 
PARAMETRIC_REPRESENTATION_CONTEXT() REPRESENTATION_CONTEXT('2D SPACE',''
  ) );
#2923 = ADVANCED_FACE('',(#2924),#2368,.T.);
#2924 = FACE_BOUND('',#2925,.F.);
#2925 = EDGE_LOOP('',(#2926,#2947,#2948,#2949));
#2926 = ORIENTED_EDGE('',*,*,#2927,.T.);
#2927 = EDGE_CURVE('',#2928,#2880,#2930,.T.);
#2928 = VERTEX_POINT('',#2929);
#2929 = CARTESIAN_POINT('',(7.996227423947E-02,-6.61465936339,-4.3494));
#2930 = SURFACE_CURVE('',#2931,(#2934,#2940),.PCURVE_S1.);
#2931 = B_SPLINE_CURVE_WITH_KNOTS('',1,(#2932,#2933),.UNSPECIFIED.,.F.,
  .F.,(2,2),(0.,1.),.PIECEWISE_BEZIER_KNOTS.);
#2932 = CARTESIAN_POINT('',(7.996227423947E-02,-6.61465936339,-4.3494));
#2933 = CARTESIAN_POINT('',(0.249344311778,-6.68901287951,-4.2426));
#2934 = PCURVE('',#2368,#2935);
#2935 = DEFINITIONAL_REPRESENTATION('',(#2936),#2939);
#2936 = B_SPLINE_CURVE_WITH_KNOTS('',1,(#2937,#2938),.UNSPECIFIED.,.F.,
  .F.,(2,2),(0.,1.),.PIECEWISE_BEZIER_KNOTS.);
#2937 = CARTESIAN_POINT('',(0.,0.));
#2938 = CARTESIAN_POINT('',(0.213457726543,7.794804620953E-03));
#2939 = ( GEOMETRIC_REPRESENTATION_CONTEXT(2) 
PARAMETRIC_REPRESENTATION_CONTEXT() REPRESENTATION_CONTEXT('2D SPACE',''
  ) );
#2940 = PCURVE('',#2417,#2941);
#2941 = DEFINITIONAL_REPRESENTATION('',(#2942),#2946);
#2942 = LINE('',#2943,#2944);
#2943 = CARTESIAN_POINT('',(0.,1.));
#2944 = VECTOR('',#2945,1.);
#2945 = DIRECTION('',(1.,0.));
#2946 = ( GEOMETRIC_REPRESENTATION_CONTEXT(2) 
PARAMETRIC_REPRESENTATION_CONTEXT() REPRESENTATION_CONTEXT('2D SPACE',''
  ) );
#2947 = ORIENTED_EDGE('',*,*,#2879,.T.);
#2948 = ORIENTED_EDGE('',*,*,#2355,.T.);
#2949 = ORIENTED_EDGE('',*,*,#2950,.T.);
#2950 = EDGE_CURVE('',#2317,#2928,#2951,.T.);
#2951 = SURFACE_CURVE('',#2952,(#2955,#2961),.PCURVE_S1.);
#2952 = B_SPLINE_CURVE_WITH_KNOTS('',1,(#2953,#2954),.UNSPECIFIED.,.F.,
  .F.,(2,2),(3.,4.),.PIECEWISE_BEZIER_KNOTS.);
#2953 = CARTESIAN_POINT('',(8.309746689739E-02,-6.607517195162,-4.3494)
  );
#2954 = CARTESIAN_POINT('',(7.996227423947E-02,-6.61465936339,-4.3494));
#2955 = PCURVE('',#2368,#2956);
#2956 = DEFINITIONAL_REPRESENTATION('',(#2957),#2960);
#2957 = B_SPLINE_CURVE_WITH_KNOTS('',1,(#2958,#2959),.UNSPECIFIED.,.F.,
  .F.,(2,2),(3.,4.),.PIECEWISE_BEZIER_KNOTS.);
#2958 = CARTESIAN_POINT('',(2.846417417763E-04,-7.794804620953E-03));
#2959 = CARTESIAN_POINT('',(0.,0.));
#2960 = ( GEOMETRIC_REPRESENTATION_CONTEXT(2) 
PARAMETRIC_REPRESENTATION_CONTEXT() REPRESENTATION_CONTEXT('2D SPACE',''
  ) );
#2961 = PCURVE('',#2335,#2962);
#2962 = DEFINITIONAL_REPRESENTATION('',(#2963),#2967);
#2963 = LINE('',#2964,#2965);
#2964 = CARTESIAN_POINT('',(0.,1.));
#2965 = VECTOR('',#2966,1.);
#2966 = DIRECTION('',(1.,0.));
#2967 = ( GEOMETRIC_REPRESENTATION_CONTEXT(2) 
PARAMETRIC_REPRESENTATION_CONTEXT() REPRESENTATION_CONTEXT('2D SPACE',''
  ) );
#2968 = ADVANCED_FACE('',(#2969),#2335,.F.);
#2969 = FACE_BOUND('',#2970,.F.);
#2970 = EDGE_LOOP('',(#2971,#2972,#2996,#2997));
#2971 = ORIENTED_EDGE('',*,*,#2382,.T.);
#2972 = ORIENTED_EDGE('',*,*,#2973,.T.);
#2973 = EDGE_CURVE('',#2383,#2928,#2974,.T.);
#2974 = SURFACE_CURVE('',#2975,(#2982,#2989),.PCURVE_S1.);
#2975 = ( BOUNDED_CURVE() B_SPLINE_CURVE(5,(#2976,#2977,#2978,#2979,
#2980,#2981),.UNSPECIFIED.,.F.,.F.) B_SPLINE_CURVE_WITH_KNOTS((6,6),(0.,
1.),.PIECEWISE_BEZIER_KNOTS.) CURVE() GEOMETRIC_REPRESENTATION_ITEM() 
RATIONAL_B_SPLINE_CURVE((1.,1.,1.,1.,1.,1.)) REPRESENTATION_ITEM('') );
#2976 = CARTESIAN_POINT('',(0.256404416769,-6.279212325656,-4.31735));
#2977 = CARTESIAN_POINT('',(0.18441914769,-6.315385593572,
    -4.324371567083));
#2978 = CARTESIAN_POINT('',(0.12464666717,-6.376637311618,
    -4.331262770121));
#2979 = CARTESIAN_POINT('',(8.921952544153E-02,-6.454314126059,
    -4.337718927075));
#2980 = CARTESIAN_POINT('',(7.541072996612E-02,-6.534893287477,
    -4.343749103153));
#2981 = CARTESIAN_POINT('',(7.996227423947E-02,-6.61465936339,-4.3494));
#2982 = PCURVE('',#2335,#2983);
#2983 = DEFINITIONAL_REPRESENTATION('',(#2984),#2988);
#2984 = LINE('',#2985,#2986);
#2985 = CARTESIAN_POINT('',(4.,0.));
#2986 = VECTOR('',#2987,1.);
#2987 = DIRECTION('',(0.,1.));
#2988 = ( GEOMETRIC_REPRESENTATION_CONTEXT(2) 
PARAMETRIC_REPRESENTATION_CONTEXT() REPRESENTATION_CONTEXT('2D SPACE',''
  ) );
#2989 = PCURVE('',#2417,#2990);
#2990 = DEFINITIONAL_REPRESENTATION('',(#2991),#2995);
#2991 = LINE('',#2992,#2993);
#2992 = CARTESIAN_POINT('',(0.,0.));
#2993 = VECTOR('',#2994,1.);
#2994 = DIRECTION('',(0.,1.));
#2995 = ( GEOMETRIC_REPRESENTATION_CONTEXT(2) 
PARAMETRIC_REPRESENTATION_CONTEXT() REPRESENTATION_CONTEXT('2D SPACE',''
  ) );
#2996 = ORIENTED_EDGE('',*,*,#2950,.F.);
#2997 = ORIENTED_EDGE('',*,*,#2316,.F.);
#2998 = ADVANCED_FACE('',(#2999),#2417,.F.);
#2999 = FACE_BOUND('',#3000,.F.);
#3000 = EDGE_LOOP('',(#3001,#3002,#3003,#3004));
#3001 = ORIENTED_EDGE('',*,*,#2403,.T.);
#3002 = ORIENTED_EDGE('',*,*,#2900,.T.);
#3003 = ORIENTED_EDGE('',*,*,#2927,.F.);
#3004 = ORIENTED_EDGE('',*,*,#2973,.F.);
#3005 = ADVANCED_FACE('',(#3006),#2483,.F.);
#3006 = FACE_BOUND('',#3007,.F.);
#3007 = EDGE_LOOP('',(#3008,#3009,#3010,#3031));
#3008 = ORIENTED_EDGE('',*,*,#2668,.T.);
#3009 = ORIENTED_EDGE('',*,*,#2462,.T.);
#3010 = ORIENTED_EDGE('',*,*,#3011,.F.);
#3011 = EDGE_CURVE('',#3012,#2465,#3014,.T.);
#3012 = VERTEX_POINT('',#3013);
#3013 = CARTESIAN_POINT('',(0.718311337434,-6.145745358994,-4.2426));
#3014 = SURFACE_CURVE('',#3015,(#3018,#3025),.PCURVE_S1.);
#3015 = B_SPLINE_CURVE_WITH_KNOTS('',1,(#3016,#3017),.UNSPECIFIED.,.F.,
  .F.,(2,2),(1.,2.),.PIECEWISE_BEZIER_KNOTS.);
#3016 = CARTESIAN_POINT('',(0.718311337434,-6.145745358994,-4.2426));
#3017 = CARTESIAN_POINT('',(0.710558441981,-6.14660128662,-4.2426));
#3018 = PCURVE('',#2483,#3019);
#3019 = DEFINITIONAL_REPRESENTATION('',(#3020),#3024);
#3020 = LINE('',#3021,#3022);
#3021 = CARTESIAN_POINT('',(0.,1.));
#3022 = VECTOR('',#3023,1.);
#3023 = DIRECTION('',(1.,0.));
#3024 = ( GEOMETRIC_REPRESENTATION_CONTEXT(2) 
PARAMETRIC_REPRESENTATION_CONTEXT() REPRESENTATION_CONTEXT('2D SPACE',''
  ) );
#3025 = PCURVE('',#2596,#3026);
#3026 = DEFINITIONAL_REPRESENTATION('',(#3027),#3030);
#3027 = B_SPLINE_CURVE_WITH_KNOTS('',1,(#3028,#3029),.UNSPECIFIED.,.F.,
  .F.,(2,2),(1.,2.),.PIECEWISE_BEZIER_KNOTS.);
#3028 = CARTESIAN_POINT('',(0.213457726543,7.794804620954E-03));
#3029 = CARTESIAN_POINT('',(0.213742368285,-2.775557561563E-17));
#3030 = ( GEOMETRIC_REPRESENTATION_CONTEXT(2) 
PARAMETRIC_REPRESENTATION_CONTEXT() REPRESENTATION_CONTEXT('2D SPACE',''
  ) );
#3031 = ORIENTED_EDGE('',*,*,#3032,.F.);
#3032 = EDGE_CURVE('',#2613,#3012,#3033,.T.);
#3033 = SURFACE_CURVE('',#3034,(#3041,#3048),.PCURVE_S1.);
#3034 = ( BOUNDED_CURVE() B_SPLINE_CURVE(5,(#3035,#3036,#3037,#3038,
#3039,#3040),.UNSPECIFIED.,.F.,.F.) B_SPLINE_CURVE_WITH_KNOTS((6,6),(0.,
1.),.PIECEWISE_BEZIER_KNOTS.) CURVE() GEOMETRIC_REPRESENTATION_ITEM() 
RATIONAL_B_SPLINE_CURVE((1.,1.,1.,1.,1.,1.)) REPRESENTATION_ITEM('') );
#3035 = CARTESIAN_POINT('',(0.397642618684,-6.280937961671,-4.27465));
#3036 = CARTESIAN_POINT('',(0.468390636976,-6.298954287493,
    -4.267628432917));
#3037 = CARTESIAN_POINT('',(0.546304762798,-6.291426673709,
    -4.260737229879));
#3038 = CARTESIAN_POINT('',(0.617264040629,-6.256874614998,
    -4.254281072925));
#3039 = CARTESIAN_POINT('',(0.674608484908,-6.206735283641,
    -4.248250896847));
#3040 = CARTESIAN_POINT('',(0.718311337434,-6.145745358994,-4.2426));
#3041 = PCURVE('',#2483,#3042);
#3042 = DEFINITIONAL_REPRESENTATION('',(#3043),#3047);
#3043 = LINE('',#3044,#3045);
#3044 = CARTESIAN_POINT('',(1.,0.));
#3045 = VECTOR('',#3046,1.);
#3046 = DIRECTION('',(0.,1.));
#3047 = ( GEOMETRIC_REPRESENTATION_CONTEXT(2) 
PARAMETRIC_REPRESENTATION_CONTEXT() REPRESENTATION_CONTEXT('2D SPACE',''
  ) );
#3048 = PCURVE('',#2626,#3049);
#3049 = DEFINITIONAL_REPRESENTATION('',(#3050),#3054);
#3050 = LINE('',#3051,#3052);
#3051 = CARTESIAN_POINT('',(1.,0.));
#3052 = VECTOR('',#3053,1.);
#3053 = DIRECTION('',(0.,1.));
#3054 = ( GEOMETRIC_REPRESENTATION_CONTEXT(2) 
PARAMETRIC_REPRESENTATION_CONTEXT() REPRESENTATION_CONTEXT('2D SPACE',''
  ) );
#3055 = ADVANCED_FACE('',(#3056),#2596,.T.);
#3056 = FACE_BOUND('',#3057,.F.);
#3057 = EDGE_LOOP('',(#3058,#3079,#3080,#3081));
#3058 = ORIENTED_EDGE('',*,*,#3059,.T.);
#3059 = EDGE_CURVE('',#3060,#3012,#3062,.T.);
#3060 = VERTEX_POINT('',#3061);
#3061 = CARTESIAN_POINT('',(0.738610322383,-6.329611264507,-4.3494));
#3062 = SURFACE_CURVE('',#3063,(#3066,#3072),.PCURVE_S1.);
#3063 = B_SPLINE_CURVE_WITH_KNOTS('',1,(#3064,#3065),.UNSPECIFIED.,.F.,
  .F.,(2,2),(0.,1.),.PIECEWISE_BEZIER_KNOTS.);
#3064 = CARTESIAN_POINT('',(0.738610322383,-6.329611264507,-4.3494));
#3065 = CARTESIAN_POINT('',(0.718311337434,-6.145745358994,-4.2426));
#3066 = PCURVE('',#2596,#3067);
#3067 = DEFINITIONAL_REPRESENTATION('',(#3068),#3071);
#3068 = B_SPLINE_CURVE_WITH_KNOTS('',1,(#3069,#3070),.UNSPECIFIED.,.F.,
  .F.,(2,2),(0.,1.),.PIECEWISE_BEZIER_KNOTS.);
#3069 = CARTESIAN_POINT('',(0.,0.));
#3070 = CARTESIAN_POINT('',(0.213457726543,7.794804620954E-03));
#3071 = ( GEOMETRIC_REPRESENTATION_CONTEXT(2) 
PARAMETRIC_REPRESENTATION_CONTEXT() REPRESENTATION_CONTEXT('2D SPACE',''
  ) );
#3072 = PCURVE('',#2626,#3073);
#3073 = DEFINITIONAL_REPRESENTATION('',(#3074),#3078);
#3074 = LINE('',#3075,#3076);
#3075 = CARTESIAN_POINT('',(0.,1.));
#3076 = VECTOR('',#3077,1.);
#3077 = DIRECTION('',(1.,0.));
#3078 = ( GEOMETRIC_REPRESENTATION_CONTEXT(2) 
PARAMETRIC_REPRESENTATION_CONTEXT() REPRESENTATION_CONTEXT('2D SPACE',''
  ) );
#3079 = ORIENTED_EDGE('',*,*,#3011,.T.);
#3080 = ORIENTED_EDGE('',*,*,#2583,.T.);
#3081 = ORIENTED_EDGE('',*,*,#3082,.T.);
#3082 = EDGE_CURVE('',#2545,#3060,#3083,.T.);
#3083 = SURFACE_CURVE('',#3084,(#3087,#3093),.PCURVE_S1.);
#3084 = B_SPLINE_CURVE_WITH_KNOTS('',1,(#3085,#3086),.UNSPECIFIED.,.F.,
  .F.,(2,2),(3.,4.),.PIECEWISE_BEZIER_KNOTS.);
#3085 = CARTESIAN_POINT('',(0.73085742693,-6.330467192133,-4.3494));
#3086 = CARTESIAN_POINT('',(0.738610322383,-6.329611264507,-4.3494));
#3087 = PCURVE('',#2596,#3088);
#3088 = DEFINITIONAL_REPRESENTATION('',(#3089),#3092);
#3089 = B_SPLINE_CURVE_WITH_KNOTS('',1,(#3090,#3091),.UNSPECIFIED.,.F.,
  .F.,(2,2),(3.,4.),.PIECEWISE_BEZIER_KNOTS.);
#3090 = CARTESIAN_POINT('',(2.846417417768E-04,-7.794804620954E-03));
#3091 = CARTESIAN_POINT('',(0.,0.));
#3092 = ( GEOMETRIC_REPRESENTATION_CONTEXT(2) 
PARAMETRIC_REPRESENTATION_CONTEXT() REPRESENTATION_CONTEXT('2D SPACE',''
  ) );
#3093 = PCURVE('',#2563,#3094);
#3094 = DEFINITIONAL_REPRESENTATION('',(#3095),#3099);
#3095 = LINE('',#3096,#3097);
#3096 = CARTESIAN_POINT('',(0.,1.));
#3097 = VECTOR('',#3098,1.);
#3098 = DIRECTION('',(1.,0.));
#3099 = ( GEOMETRIC_REPRESENTATION_CONTEXT(2) 
PARAMETRIC_REPRESENTATION_CONTEXT() REPRESENTATION_CONTEXT('2D SPACE',''
  ) );
#3100 = ADVANCED_FACE('',(#3101),#2563,.F.);
#3101 = FACE_BOUND('',#3102,.F.);
#3102 = EDGE_LOOP('',(#3103,#3104,#3128,#3129));
#3103 = ORIENTED_EDGE('',*,*,#2646,.T.);
#3104 = ORIENTED_EDGE('',*,*,#3105,.T.);
#3105 = EDGE_CURVE('',#2611,#3060,#3106,.T.);
#3106 = SURFACE_CURVE('',#3107,(#3114,#3121),.PCURVE_S1.);
#3107 = ( BOUNDED_CURVE() B_SPLINE_CURVE(5,(#3108,#3109,#3110,#3111,
#3112,#3113),.UNSPECIFIED.,.F.,.F.) B_SPLINE_CURVE_WITH_KNOTS((6,6),(0.,
1.),.PIECEWISE_BEZIER_KNOTS.) CURVE() GEOMETRIC_REPRESENTATION_ITEM() 
RATIONAL_B_SPLINE_CURVE((1.,1.,1.,1.,1.,1.)) REPRESENTATION_ITEM('') );
#3108 = CARTESIAN_POINT('',(0.359883594816,-6.344531405645,-4.31735));
#3109 = CARTESIAN_POINT('',(0.427203198309,-6.388785843407,
    -4.324371567083));
#3110 = CARTESIAN_POINT('',(0.510134982422,-6.409924470962,
    -4.33126277012));
#3111 = CARTESIAN_POINT('',(0.595118647877,-6.401766868462,
    -4.337718927075));
#3112 = CARTESIAN_POINT('',(0.671806646419,-6.37343605543,
    -4.343749103153));
#3113 = CARTESIAN_POINT('',(0.738610322383,-6.329611264507,-4.3494));
#3114 = PCURVE('',#2563,#3115);
#3115 = DEFINITIONAL_REPRESENTATION('',(#3116),#3120);
#3116 = LINE('',#3117,#3118);
#3117 = CARTESIAN_POINT('',(4.,0.));
#3118 = VECTOR('',#3119,1.);
#3119 = DIRECTION('',(0.,1.));
#3120 = ( GEOMETRIC_REPRESENTATION_CONTEXT(2) 
PARAMETRIC_REPRESENTATION_CONTEXT() REPRESENTATION_CONTEXT('2D SPACE',''
  ) );
#3121 = PCURVE('',#2626,#3122);
#3122 = DEFINITIONAL_REPRESENTATION('',(#3123),#3127);
#3123 = LINE('',#3124,#3125);
#3124 = CARTESIAN_POINT('',(0.,0.));
#3125 = VECTOR('',#3126,1.);
#3126 = DIRECTION('',(0.,1.));
#3127 = ( GEOMETRIC_REPRESENTATION_CONTEXT(2) 
PARAMETRIC_REPRESENTATION_CONTEXT() REPRESENTATION_CONTEXT('2D SPACE',''
  ) );
#3128 = ORIENTED_EDGE('',*,*,#3082,.F.);
#3129 = ORIENTED_EDGE('',*,*,#2544,.F.);
#3130 = ADVANCED_FACE('',(#3131),#2626,.F.);
#3131 = FACE_BOUND('',#3132,.F.);
#3132 = EDGE_LOOP('',(#3133,#3134,#3135,#3136));
#3133 = ORIENTED_EDGE('',*,*,#2610,.T.);
#3134 = ORIENTED_EDGE('',*,*,#3032,.T.);
#3135 = ORIENTED_EDGE('',*,*,#3059,.F.);
#3136 = ORIENTED_EDGE('',*,*,#3105,.F.);
#3137 = ADVANCED_FACE('',(#3138),#2707,.F.);
#3138 = FACE_BOUND('',#3139,.F.);
#3139 = EDGE_LOOP('',(#3140));
#3140 = ORIENTED_EDGE('',*,*,#2690,.T.);
#3141 = ( GEOMETRIC_REPRESENTATION_CONTEXT(3) 
GLOBAL_UNCERTAINTY_ASSIGNED_CONTEXT((#3145)) 
GLOBAL_UNIT_ASSIGNED_CONTEXT((#3142,#3143,#3144)) REPRESENTATION_CONTEXT
('Context #1','3D Context with UNIT and UNCERTAINTY') );
#3142 = ( LENGTH_UNIT() NAMED_UNIT(*) SI_UNIT($,.METRE.) );
#3143 = ( NAMED_UNIT(*) PLANE_ANGLE_UNIT() SI_UNIT($,.RADIAN.) );
#3144 = ( NAMED_UNIT(*) SI_UNIT($,.STERADIAN.) SOLID_ANGLE_UNIT() );
#3145 = UNCERTAINTY_MEASURE_WITH_UNIT(LENGTH_MEASURE(1.E-06),#3142,
  'distance_accuracy_value','confusion accuracy');
#3146 = PRODUCT_RELATED_PRODUCT_CATEGORY('part',$,(#7));
ENDSEC;
END-ISO-10303-21;
