ISO-10303-21;
HEADER;
FILE_DESCRIPTION(('Open CASCADE Model'),'2;1');
FILE_NAME('Open CASCADE Shape Model','2026-07-03T18:08:41',('Author'),(
    'Open CASCADE'),'Open CASCADE STEP processor 7.8','Open CASCADE 7.8'
  ,'Unknown');
FILE_SCHEMA(('AUTOMOTIVE_DESIGN { 1 0 10303 214 1 1 1 1 }'));
ENDSEC;
DATA;
#1 = APPLICATION_PROTOCOL_DEFINITION('international standard',
  'automotive_design',2000,#2);
#2 = APPLICATION_CONTEXT(
  'core data for automotive mechanical design processes');
#3 = SHAPE_DEFINITION_REPRESENTATION(#4,#10);
#4 = PRODUCT_DEFINITION_SHAPE('','',#5);
#5 = PRODUCT_DEFINITION('design','',#6,#9);
#6 = PRODUCT_DEFINITION_FORMATION('','',#7);
#7 = PRODUCT('Open CASCADE STEP translator 7.8 1',
  'Open CASCADE STEP translator 7.8 1','',(#8));
#8 = PRODUCT_CONTEXT('',#2,'mechanical');
#9 = PRODUCT_DEFINITION_CONTEXT('part definition',#2,'design');
#10 = ADVANCED_BREP_SHAPE_REPRESENTATION('',(#11,#15),#4025);
#11 = AXIS2_PLACEMENT_3D('',#12,#13,#14);
#12 = CARTESIAN_POINT('',(0.,0.,0.));
#13 = DIRECTION('',(0.,0.,1.));
#14 = DIRECTION('',(1.,0.,-0.));
#15 = MANIFOLD_SOLID_BREP('',#16);
#16 = CLOSED_SHELL('',(#17,#163,#294,#344,#389,#419,#460,#793,#832,#871,
    #1019,#1099,#1247,#1327,#1475,#1555,#1610,#1669,#1719,#1764,#1794,
    #1801,#1851,#1896,#1926,#1933,#1983,#2028,#2058,#2065,#2069,#2104,
    #2487,#2526,#2674,#2754,#2902,#2982,#3130,#3210,#3358,#3438,#3493,
    #3543,#3588,#3618,#3625,#3675,#3720,#3750,#3757,#3807,#3852,#3882,
    #3889,#3939,#3984,#4014,#4021));
#17 = ADVANCED_FACE('',(#18),#31,.F.);
#18 = FACE_BOUND('',#19,.F.);
#19 = EDGE_LOOP('',(#20,#61,#100,#126));
#20 = ORIENTED_EDGE('',*,*,#21,.T.);
#21 = EDGE_CURVE('',#22,#24,#26,.T.);
#22 = VERTEX_POINT('',#23);
#23 = CARTESIAN_POINT('',(0.329787674344,-6.211404416769,-0.76135));
#24 = VERTEX_POINT('',#25);
#25 = CARTESIAN_POINT('',(0.265290678465,-6.24759844283,-0.71865));
#26 = SURFACE_CURVE('',#27,(#30,#50),.PCURVE_S1.);
#27 = B_SPLINE_CURVE_WITH_KNOTS('',1,(#28,#29),.UNSPECIFIED.,.F.,.F.,(2,
    2),(0.,1.),.PIECEWISE_BEZIER_KNOTS.);
#28 = CARTESIAN_POINT('',(0.329787674344,-6.211404416769,-0.76135));
#29 = CARTESIAN_POINT('',(0.265290678465,-6.24759844283,-0.71865));
#30 = PCURVE('',#31,#44);
#31 = ( BOUNDED_SURFACE() B_SPLINE_SURFACE(1,5,(
    (#32,#33,#34,#35,#36,#37)
    ,(#38,#39,#40,#41,#42,#43
)),.UNSPECIFIED.,.F.,.F.,.F.) B_SPLINE_SURFACE_WITH_KNOTS((2,2),(6,6),(
    0.,1.),(0.,1.),.PIECEWISE_BEZIER_KNOTS.) 
GEOMETRIC_REPRESENTATION_ITEM() RATIONAL_B_SPLINE_SURFACE((
    (1.,1.,1.,1.,1.,1.)
,(1.,1.,1.,1.,1.,1.))) REPRESENTATION_ITEM('') SURFACE() );
#32 = CARTESIAN_POINT('',(0.329787674344,-6.211404416769,-0.76135));
#33 = CARTESIAN_POINT('',(0.293614406428,-6.13941914769,-0.768371567083)
  );
#34 = CARTESIAN_POINT('',(0.232362688382,-6.07964666717,-0.775262770121)
  );
#35 = CARTESIAN_POINT('',(0.154685873941,-6.044219525442,-0.781718927075
    ));
#36 = CARTESIAN_POINT('',(7.410671252256E-02,-6.030410729966,
    -0.787749103153));
#37 = CARTESIAN_POINT('',(-5.65936339004E-03,-6.034962274239,-0.7934));
#38 = CARTESIAN_POINT('',(0.265290678465,-6.24759844283,-0.71865));
#39 = CARTESIAN_POINT('',(0.213029260268,-6.19662183784,-0.711628432917)
  );
#40 = CARTESIAN_POINT('',(0.141789841101,-6.164183879695,-0.704737229879
    ));
#41 = CARTESIAN_POINT('',(6.306127450881E-02,-6.158627201378,
    -0.698281072925));
#42 = CARTESIAN_POINT('',(-1.167013668071E-02,-6.173376913921,
    -0.692250896847));
#43 = CARTESIAN_POINT('',(-8.001287950966E-02,-6.204344311778,-0.6866));
#44 = DEFINITIONAL_REPRESENTATION('',(#45),#49);
#45 = LINE('',#46,#47);
#46 = CARTESIAN_POINT('',(0.,0.));
#47 = VECTOR('',#48,1.);
#48 = DIRECTION('',(1.,0.));
#49 = ( GEOMETRIC_REPRESENTATION_CONTEXT(2) 
PARAMETRIC_REPRESENTATION_CONTEXT() REPRESENTATION_CONTEXT('2D SPACE',''
  ) );
#50 = PCURVE('',#51,#56);
#51 = PLANE('',#52);
#52 = AXIS2_PLACEMENT_3D('',#53,#54,#55);
#53 = CARTESIAN_POINT('',(0.329787674344,-6.211404416769,-0.76135));
#54 = DIRECTION('',(-0.436034636216,-0.244691225874,-0.866025403784));
#55 = DIRECTION('',(-0.707591193601,-0.501381057588,0.497927442334));
#56 = DEFINITIONAL_REPRESENTATION('',(#57),#60);
#57 = B_SPLINE_CURVE_WITH_KNOTS('',1,(#58,#59),.UNSPECIFIED.,.F.,.F.,(2,
    2),(0.,1.),.PIECEWISE_BEZIER_KNOTS.);
#58 = CARTESIAN_POINT('',(0.,0.));
#59 = CARTESIAN_POINT('',(8.504600715073E-02,7.767668100418E-03));
#60 = ( GEOMETRIC_REPRESENTATION_CONTEXT(2) 
PARAMETRIC_REPRESENTATION_CONTEXT() REPRESENTATION_CONTEXT('2D SPACE',''
  ) );
#61 = ORIENTED_EDGE('',*,*,#62,.T.);
#62 = EDGE_CURVE('',#24,#63,#65,.T.);
#63 = VERTEX_POINT('',#64);
#64 = CARTESIAN_POINT('',(-8.001287950966E-02,-6.204344311778,-0.6866));
#65 = SURFACE_CURVE('',#66,(#73,#80),.PCURVE_S1.);
#66 = ( BOUNDED_CURVE() B_SPLINE_CURVE(5,(#67,#68,#69,#70,#71,#72),
.UNSPECIFIED.,.F.,.F.) B_SPLINE_CURVE_WITH_KNOTS((6,6),(0.,1.),
.PIECEWISE_BEZIER_KNOTS.) CURVE() GEOMETRIC_REPRESENTATION_ITEM() 
RATIONAL_B_SPLINE_CURVE((1.,1.,1.,1.,1.,1.)) REPRESENTATION_ITEM('') );
#67 = CARTESIAN_POINT('',(0.265290678465,-6.24759844283,-0.71865));
#68 = CARTESIAN_POINT('',(0.213029260268,-6.19662183784,-0.711628432917)
  );
#69 = CARTESIAN_POINT('',(0.141789841101,-6.164183879695,-0.704737229879
    ));
#70 = CARTESIAN_POINT('',(6.306127450881E-02,-6.158627201378,
    -0.698281072925));
#71 = CARTESIAN_POINT('',(-1.167013668071E-02,-6.173376913921,
    -0.692250896847));
#72 = CARTESIAN_POINT('',(-8.001287950966E-02,-6.204344311778,-0.6866));
#73 = PCURVE('',#31,#74);
#74 = DEFINITIONAL_REPRESENTATION('',(#75),#79);
#75 = LINE('',#76,#77);
#76 = CARTESIAN_POINT('',(1.,0.));
#77 = VECTOR('',#78,1.);
#78 = DIRECTION('',(0.,1.));
#79 = ( GEOMETRIC_REPRESENTATION_CONTEXT(2) 
PARAMETRIC_REPRESENTATION_CONTEXT() REPRESENTATION_CONTEXT('2D SPACE',''
  ) );
#80 = PCURVE('',#81,#94);
#81 = ( BOUNDED_SURFACE() B_SPLINE_SURFACE(1,5,(
    (#82,#83,#84,#85,#86,#87)
    ,(#88,#89,#90,#91,#92,#93
)),.UNSPECIFIED.,.F.,.F.,.F.) B_SPLINE_SURFACE_WITH_KNOTS((2,2),(6,6),(
    1.,2.),(0.,1.),.PIECEWISE_BEZIER_KNOTS.) 
GEOMETRIC_REPRESENTATION_ITEM() RATIONAL_B_SPLINE_SURFACE((
    (1.,1.,1.,1.,1.,1.)
,(1.,1.,1.,1.,1.,1.))) REPRESENTATION_ITEM('') SURFACE() );
#82 = CARTESIAN_POINT('',(0.265290678465,-6.24759844283,-0.71865));
#83 = CARTESIAN_POINT('',(0.213029260268,-6.19662183784,-0.711628432917)
  );
#84 = CARTESIAN_POINT('',(0.141789841101,-6.164183879695,-0.704737229879
    ));
#85 = CARTESIAN_POINT('',(6.306127450881E-02,-6.158627201378,
    -0.698281072925));
#86 = CARTESIAN_POINT('',(-1.167013668071E-02,-6.173376913921,
    -0.692250896847));
#87 = CARTESIAN_POINT('',(-8.001287950966E-02,-6.204344311778,-0.6866));
#88 = CARTESIAN_POINT('',(0.269107861589,-6.254400583155,-0.71865));
#89 = CARTESIAN_POINT('',(0.217808739736,-6.202884273563,-0.711628432917
    ));
#90 = CARTESIAN_POINT('',(0.147418598551,-6.16974439696,-0.704737229879)
  );
#91 = CARTESIAN_POINT('',(6.934950018879E-02,-6.163391054802,
    -0.698281072925));
#92 = CARTESIAN_POINT('',(-4.884864841415E-03,-6.177325775983,
    -0.692250896847));
#93 = CARTESIAN_POINT('',(-7.287071128161E-02,-6.207479504436,-0.6866));
#94 = DEFINITIONAL_REPRESENTATION('',(#95),#99);
#95 = LINE('',#96,#97);
#96 = CARTESIAN_POINT('',(1.,0.));
#97 = VECTOR('',#98,1.);
#98 = DIRECTION('',(0.,1.));
#99 = ( GEOMETRIC_REPRESENTATION_CONTEXT(2) 
PARAMETRIC_REPRESENTATION_CONTEXT() REPRESENTATION_CONTEXT('2D SPACE',''
  ) );
#100 = ORIENTED_EDGE('',*,*,#101,.F.);
#101 = EDGE_CURVE('',#102,#63,#104,.T.);
#102 = VERTEX_POINT('',#103);
#103 = CARTESIAN_POINT('',(-5.65936339004E-03,-6.034962274239,-0.7934));
#104 = SURFACE_CURVE('',#105,(#108,#115),.PCURVE_S1.);
#105 = B_SPLINE_CURVE_WITH_KNOTS('',1,(#106,#107),.UNSPECIFIED.,.F.,.F.,
  (2,2),(0.,1.),.PIECEWISE_BEZIER_KNOTS.);
#106 = CARTESIAN_POINT('',(-5.65936339004E-03,-6.034962274239,-0.7934));
#107 = CARTESIAN_POINT('',(-8.001287950966E-02,-6.204344311778,-0.6866)
  );
#108 = PCURVE('',#31,#109);
#109 = DEFINITIONAL_REPRESENTATION('',(#110),#114);
#110 = LINE('',#111,#112);
#111 = CARTESIAN_POINT('',(0.,1.));
#112 = VECTOR('',#113,1.);
#113 = DIRECTION('',(1.,0.));
#114 = ( GEOMETRIC_REPRESENTATION_CONTEXT(2) 
PARAMETRIC_REPRESENTATION_CONTEXT() REPRESENTATION_CONTEXT('2D SPACE',''
  ) );
#115 = PCURVE('',#116,#121);
#116 = PLANE('',#117);
#117 = AXIS2_PLACEMENT_3D('',#118,#119,#120);
#118 = CARTESIAN_POINT('',(-5.65936339004E-03,-6.034962274239,-0.7934));
#119 = DIRECTION('',(0.200973888328,0.45783129667,0.866025403784));
#120 = DIRECTION('',(-0.314450281575,-0.807126970571,0.499666962882));
#121 = DEFINITIONAL_REPRESENTATION('',(#122),#125);
#122 = B_SPLINE_CURVE_WITH_KNOTS('',1,(#123,#124),.UNSPECIFIED.,.F.,.F.,
  (2,2),(0.,1.),.PIECEWISE_BEZIER_KNOTS.);
#123 = CARTESIAN_POINT('',(0.,0.));
#124 = CARTESIAN_POINT('',(0.213457726543,-7.794804620953E-03));
#125 = ( GEOMETRIC_REPRESENTATION_CONTEXT(2) 
PARAMETRIC_REPRESENTATION_CONTEXT() REPRESENTATION_CONTEXT('2D SPACE',''
  ) );
#126 = ORIENTED_EDGE('',*,*,#127,.F.);
#127 = EDGE_CURVE('',#22,#102,#128,.T.);
#128 = SURFACE_CURVE('',#129,(#136,#143),.PCURVE_S1.);
#129 = ( BOUNDED_CURVE() B_SPLINE_CURVE(5,(#130,#131,#132,#133,#134,#135
),.UNSPECIFIED.,.F.,.F.) B_SPLINE_CURVE_WITH_KNOTS((6,6),(0.,1.),
.PIECEWISE_BEZIER_KNOTS.) CURVE() GEOMETRIC_REPRESENTATION_ITEM() 
RATIONAL_B_SPLINE_CURVE((1.,1.,1.,1.,1.,1.)) REPRESENTATION_ITEM('') );
#130 = CARTESIAN_POINT('',(0.329787674344,-6.211404416769,-0.76135));
#131 = CARTESIAN_POINT('',(0.293614406428,-6.13941914769,-0.768371567083
    ));
#132 = CARTESIAN_POINT('',(0.232362688382,-6.07964666717,-0.775262770121
    ));
#133 = CARTESIAN_POINT('',(0.154685873941,-6.044219525442,
    -0.781718927075));
#134 = CARTESIAN_POINT('',(7.410671252256E-02,-6.030410729966,
    -0.787749103153));
#135 = CARTESIAN_POINT('',(-5.65936339004E-03,-6.034962274239,-0.7934));
#136 = PCURVE('',#31,#137);
#137 = DEFINITIONAL_REPRESENTATION('',(#138),#142);
#138 = LINE('',#139,#140);
#139 = CARTESIAN_POINT('',(0.,0.));
#140 = VECTOR('',#141,1.);
#141 = DIRECTION('',(0.,1.));
#142 = ( GEOMETRIC_REPRESENTATION_CONTEXT(2) 
PARAMETRIC_REPRESENTATION_CONTEXT() REPRESENTATION_CONTEXT('2D SPACE',''
  ) );
#143 = PCURVE('',#144,#157);
#144 = ( BOUNDED_SURFACE() B_SPLINE_SURFACE(1,5,(
    (#145,#146,#147,#148,#149,#150)
    ,(#151,#152,#153,#154,#155,#156
)),.UNSPECIFIED.,.F.,.F.,.F.) B_SPLINE_SURFACE_WITH_KNOTS((2,2),(6,6),(
    3.,4.),(0.,1.),.PIECEWISE_BEZIER_KNOTS.) 
GEOMETRIC_REPRESENTATION_ITEM() RATIONAL_B_SPLINE_SURFACE((
    (1.,1.,1.,1.,1.,1.)
,(1.,1.,1.,1.,1.,1.))) REPRESENTATION_ITEM('') SURFACE() );
#145 = CARTESIAN_POINT('',(0.333604857468,-6.218206557094,-0.76135));
#146 = CARTESIAN_POINT('',(0.298393885896,-6.145681583413,
    -0.768371567083));
#147 = CARTESIAN_POINT('',(0.237991445831,-6.085207184435,
    -0.775262770121));
#148 = CARTESIAN_POINT('',(0.160974099621,-6.048983378866,
    -0.781718927075));
#149 = CARTESIAN_POINT('',(8.089198436185E-02,-6.034359592027,
    -0.787749103153));
#150 = CARTESIAN_POINT('',(1.482804838008E-03,-6.038097466897,-0.7934));
#151 = CARTESIAN_POINT('',(0.329787674344,-6.211404416769,-0.76135));
#152 = CARTESIAN_POINT('',(0.293614406428,-6.13941914769,-0.768371567083
    ));
#153 = CARTESIAN_POINT('',(0.232362688382,-6.07964666717,-0.775262770121
    ));
#154 = CARTESIAN_POINT('',(0.154685873941,-6.044219525442,
    -0.781718927075));
#155 = CARTESIAN_POINT('',(7.410671252256E-02,-6.030410729966,
    -0.787749103153));
#156 = CARTESIAN_POINT('',(-5.65936339004E-03,-6.034962274239,-0.7934));
#157 = DEFINITIONAL_REPRESENTATION('',(#158),#162);
#158 = LINE('',#159,#160);
#159 = CARTESIAN_POINT('',(4.,0.));
#160 = VECTOR('',#161,1.);
#161 = DIRECTION('',(0.,1.));
#162 = ( GEOMETRIC_REPRESENTATION_CONTEXT(2) 
PARAMETRIC_REPRESENTATION_CONTEXT() REPRESENTATION_CONTEXT('2D SPACE',''
  ) );
#163 = ADVANCED_FACE('',(#164),#51,.F.);
#164 = FACE_BOUND('',#165,.F.);
#165 = EDGE_LOOP('',(#166,#167,#188,#222,#254,#275));
#166 = ORIENTED_EDGE('',*,*,#21,.F.);
#167 = ORIENTED_EDGE('',*,*,#168,.F.);
#168 = EDGE_CURVE('',#169,#22,#171,.T.);
#169 = VERTEX_POINT('',#170);
#170 = CARTESIAN_POINT('',(0.333604857468,-6.218206557094,-0.76135));
#171 = SURFACE_CURVE('',#172,(#175,#181),.PCURVE_S1.);
#172 = B_SPLINE_CURVE_WITH_KNOTS('',1,(#173,#174),.UNSPECIFIED.,.F.,.F.,
  (2,2),(3.,4.),.PIECEWISE_BEZIER_KNOTS.);
#173 = CARTESIAN_POINT('',(0.333604857468,-6.218206557094,-0.76135));
#174 = CARTESIAN_POINT('',(0.329787674344,-6.211404416769,-0.76135));
#175 = PCURVE('',#51,#176);
#176 = DEFINITIONAL_REPRESENTATION('',(#177),#180);
#177 = B_SPLINE_CURVE_WITH_KNOTS('',1,(#178,#179),.UNSPECIFIED.,.F.,.F.,
  (2,2),(3.,4.),.PIECEWISE_BEZIER_KNOTS.);
#178 = CARTESIAN_POINT('',(7.094591473451E-04,-7.767668100418E-03));
#179 = CARTESIAN_POINT('',(0.,0.));
#180 = ( GEOMETRIC_REPRESENTATION_CONTEXT(2) 
PARAMETRIC_REPRESENTATION_CONTEXT() REPRESENTATION_CONTEXT('2D SPACE',''
  ) );
#181 = PCURVE('',#144,#182);
#182 = DEFINITIONAL_REPRESENTATION('',(#183),#187);
#183 = LINE('',#184,#185);
#184 = CARTESIAN_POINT('',(0.,0.));
#185 = VECTOR('',#186,1.);
#186 = DIRECTION('',(1.,0.));
#187 = ( GEOMETRIC_REPRESENTATION_CONTEXT(2) 
PARAMETRIC_REPRESENTATION_CONTEXT() REPRESENTATION_CONTEXT('2D SPACE',''
  ) );
#188 = ORIENTED_EDGE('',*,*,#189,.F.);
#189 = EDGE_CURVE('',#190,#169,#192,.T.);
#190 = VERTEX_POINT('',#191);
#191 = CARTESIAN_POINT('',(0.31931188254,-6.226227400545,-0.751887388275
    ));
#192 = SURFACE_CURVE('',#193,(#196,#202),.PCURVE_S1.);
#193 = B_SPLINE_CURVE_WITH_KNOTS('',1,(#194,#195),.UNSPECIFIED.,.F.,.F.,
  (2,2),(2.,3.),.PIECEWISE_BEZIER_KNOTS.);
#194 = CARTESIAN_POINT('',(0.269107861589,-6.254400583155,-0.71865));
#195 = CARTESIAN_POINT('',(0.333604857468,-6.218206557094,-0.76135));
#196 = PCURVE('',#51,#197);
#197 = DEFINITIONAL_REPRESENTATION('',(#198),#201);
#198 = B_SPLINE_CURVE_WITH_KNOTS('',1,(#199,#200),.UNSPECIFIED.,.F.,.F.,
  (2,2),(2.,3.),.PIECEWISE_BEZIER_KNOTS.);
#199 = CARTESIAN_POINT('',(8.575546629807E-02,0.));
#200 = CARTESIAN_POINT('',(7.094591473451E-04,-7.767668100418E-03));
#201 = ( GEOMETRIC_REPRESENTATION_CONTEXT(2) 
PARAMETRIC_REPRESENTATION_CONTEXT() REPRESENTATION_CONTEXT('2D SPACE',''
  ) );
#202 = PCURVE('',#203,#216);
#203 = ( BOUNDED_SURFACE() B_SPLINE_SURFACE(1,5,(
    (#204,#205,#206,#207,#208,#209)
    ,(#210,#211,#212,#213,#214,#215
)),.UNSPECIFIED.,.F.,.F.,.F.) B_SPLINE_SURFACE_WITH_KNOTS((2,2),(6,6),(
    2.,3.),(0.,1.),.PIECEWISE_BEZIER_KNOTS.) 
GEOMETRIC_REPRESENTATION_ITEM() RATIONAL_B_SPLINE_SURFACE((
    (1.,1.,1.,1.,1.,1.)
,(1.,1.,1.,1.,1.,1.))) REPRESENTATION_ITEM('') SURFACE() );
#204 = CARTESIAN_POINT('',(0.269107861589,-6.254400583155,-0.71865));
#205 = CARTESIAN_POINT('',(0.217808739736,-6.202884273563,
    -0.711628432917));
#206 = CARTESIAN_POINT('',(0.147418598551,-6.16974439696,-0.704737229879
    ));
#207 = CARTESIAN_POINT('',(6.934950018879E-02,-6.163391054802,
    -0.698281072925));
#208 = CARTESIAN_POINT('',(-4.884864841415E-03,-6.177325775983,
    -0.692250896847));
#209 = CARTESIAN_POINT('',(-7.287071128161E-02,-6.207479504436,-0.6866)
  );
#210 = CARTESIAN_POINT('',(0.333604857468,-6.218206557094,-0.76135));
#211 = CARTESIAN_POINT('',(0.298393885896,-6.145681583413,
    -0.768371567083));
#212 = CARTESIAN_POINT('',(0.237991445831,-6.085207184435,
    -0.775262770121));
#213 = CARTESIAN_POINT('',(0.160974099621,-6.048983378866,
    -0.781718927075));
#214 = CARTESIAN_POINT('',(8.089198436185E-02,-6.034359592027,
    -0.787749103153));
#215 = CARTESIAN_POINT('',(1.482804838008E-03,-6.038097466897,-0.7934));
#216 = DEFINITIONAL_REPRESENTATION('',(#217),#221);
#217 = LINE('',#218,#219);
#218 = CARTESIAN_POINT('',(0.,0.));
#219 = VECTOR('',#220,1.);
#220 = DIRECTION('',(1.,0.));
#221 = ( GEOMETRIC_REPRESENTATION_CONTEXT(2) 
PARAMETRIC_REPRESENTATION_CONTEXT() REPRESENTATION_CONTEXT('2D SPACE',''
  ) );
#222 = ORIENTED_EDGE('',*,*,#223,.F.);
#223 = EDGE_CURVE('',#224,#190,#226,.T.);
#224 = VERTEX_POINT('',#225);
#225 = CARTESIAN_POINT('',(0.283400836517,-6.246379739704,
    -0.728112611725));
#226 = SURFACE_CURVE('',#227,(#232,#239),.PCURVE_S1.);
#227 = ELLIPSE('',#228,6.500964031075E-02,5.63E-02);
#228 = AXIS2_PLACEMENT_3D('',#229,#230,#231);
#229 = CARTESIAN_POINT('',(0.327,-6.282,-0.74));
#230 = DIRECTION('',(-0.436034636216,-0.244691225874,-0.866025403784));
#231 = DIRECTION('',(0.755234143786,0.423817635381,-0.5));
#232 = PCURVE('',#51,#233);
#233 = DEFINITIONAL_REPRESENTATION('',(#234),#238);
#234 = ELLIPSE('',#235,6.500964031075E-02,5.63E-02);
#235 = AXIS2_PLACEMENT_2D('',#236,#237);
#236 = CARTESIAN_POINT('',(4.799857289205E-02,-5.606663000686E-02));
#237 = DIRECTION('',(-0.995854884669,-9.095630094168E-02));
#238 = ( GEOMETRIC_REPRESENTATION_CONTEXT(2) 
PARAMETRIC_REPRESENTATION_CONTEXT() REPRESENTATION_CONTEXT('2D SPACE',''
  ) );
#239 = PCURVE('',#240,#245);
#240 = CYLINDRICAL_SURFACE('',#241,5.63E-02);
#241 = AXIS2_PLACEMENT_3D('',#242,#243,#244);
#242 = CARTESIAN_POINT('',(0.327,-6.282,-0.8264));
#243 = DIRECTION('',(-0.,-0.,-1.));
#244 = DIRECTION('',(1.,0.,0.));
#245 = DEFINITIONAL_REPRESENTATION('',(#246),#253);
#246 = B_SPLINE_CURVE_WITH_KNOTS('',5,(#247,#248,#249,#250,#251,#252),
  .UNSPECIFIED.,.F.,.F.,(6,6),(4.014100879922,5.200525035485),
  .PIECEWISE_BEZIER_KNOTS.);
#247 = CARTESIAN_POINT('',(-2.780465898092,-0.107297589768));
#248 = CARTESIAN_POINT('',(-2.543181066979,-0.101389940464));
#249 = CARTESIAN_POINT('',(-2.305896235867,-9.401197983937E-02));
#250 = CARTESIAN_POINT('',(-2.068611404754,-8.585306133643E-02));
#251 = CARTESIAN_POINT('',(-1.831326573642,-7.796797462675E-02));
#252 = CARTESIAN_POINT('',(-1.594041742529,-7.115587475959E-02));
#253 = ( GEOMETRIC_REPRESENTATION_CONTEXT(2) 
PARAMETRIC_REPRESENTATION_CONTEXT() REPRESENTATION_CONTEXT('2D SPACE',''
  ) );
#254 = ORIENTED_EDGE('',*,*,#255,.F.);
#255 = EDGE_CURVE('',#256,#224,#258,.T.);
#256 = VERTEX_POINT('',#257);
#257 = CARTESIAN_POINT('',(0.269107861589,-6.254400583155,-0.71865));
#258 = SURFACE_CURVE('',#259,(#262,#268),.PCURVE_S1.);
#259 = B_SPLINE_CURVE_WITH_KNOTS('',1,(#260,#261),.UNSPECIFIED.,.F.,.F.,
  (2,2),(2.,3.),.PIECEWISE_BEZIER_KNOTS.);
#260 = CARTESIAN_POINT('',(0.269107861589,-6.254400583155,-0.71865));
#261 = CARTESIAN_POINT('',(0.333604857468,-6.218206557094,-0.76135));
#262 = PCURVE('',#51,#263);
#263 = DEFINITIONAL_REPRESENTATION('',(#264),#267);
#264 = B_SPLINE_CURVE_WITH_KNOTS('',1,(#265,#266),.UNSPECIFIED.,.F.,.F.,
  (2,2),(2.,3.),.PIECEWISE_BEZIER_KNOTS.);
#265 = CARTESIAN_POINT('',(8.575546629807E-02,0.));
#266 = CARTESIAN_POINT('',(7.094591473451E-04,-7.767668100418E-03));
#267 = ( GEOMETRIC_REPRESENTATION_CONTEXT(2) 
PARAMETRIC_REPRESENTATION_CONTEXT() REPRESENTATION_CONTEXT('2D SPACE',''
  ) );
#268 = PCURVE('',#203,#269);
#269 = DEFINITIONAL_REPRESENTATION('',(#270),#274);
#270 = LINE('',#271,#272);
#271 = CARTESIAN_POINT('',(0.,0.));
#272 = VECTOR('',#273,1.);
#273 = DIRECTION('',(1.,0.));
#274 = ( GEOMETRIC_REPRESENTATION_CONTEXT(2) 
PARAMETRIC_REPRESENTATION_CONTEXT() REPRESENTATION_CONTEXT('2D SPACE',''
  ) );
#275 = ORIENTED_EDGE('',*,*,#276,.F.);
#276 = EDGE_CURVE('',#24,#256,#277,.T.);
#277 = SURFACE_CURVE('',#278,(#281,#287),.PCURVE_S1.);
#278 = B_SPLINE_CURVE_WITH_KNOTS('',1,(#279,#280),.UNSPECIFIED.,.F.,.F.,
  (2,2),(1.,2.),.PIECEWISE_BEZIER_KNOTS.);
#279 = CARTESIAN_POINT('',(0.265290678465,-6.24759844283,-0.71865));
#280 = CARTESIAN_POINT('',(0.269107861589,-6.254400583155,-0.71865));
#281 = PCURVE('',#51,#282);
#282 = DEFINITIONAL_REPRESENTATION('',(#283),#286);
#283 = B_SPLINE_CURVE_WITH_KNOTS('',1,(#284,#285),.UNSPECIFIED.,.F.,.F.,
  (2,2),(1.,2.),.PIECEWISE_BEZIER_KNOTS.);
#284 = CARTESIAN_POINT('',(8.504600715073E-02,7.767668100418E-03));
#285 = CARTESIAN_POINT('',(8.575546629807E-02,0.));
#286 = ( GEOMETRIC_REPRESENTATION_CONTEXT(2) 
PARAMETRIC_REPRESENTATION_CONTEXT() REPRESENTATION_CONTEXT('2D SPACE',''
  ) );
#287 = PCURVE('',#81,#288);
#288 = DEFINITIONAL_REPRESENTATION('',(#289),#293);
#289 = LINE('',#290,#291);
#290 = CARTESIAN_POINT('',(0.,0.));
#291 = VECTOR('',#292,1.);
#292 = DIRECTION('',(1.,0.));
#293 = ( GEOMETRIC_REPRESENTATION_CONTEXT(2) 
PARAMETRIC_REPRESENTATION_CONTEXT() REPRESENTATION_CONTEXT('2D SPACE',''
  ) );
#294 = ADVANCED_FACE('',(#295),#81,.F.);
#295 = FACE_BOUND('',#296,.F.);
#296 = EDGE_LOOP('',(#297,#298,#324,#343));
#297 = ORIENTED_EDGE('',*,*,#276,.T.);
#298 = ORIENTED_EDGE('',*,*,#299,.T.);
#299 = EDGE_CURVE('',#256,#300,#302,.T.);
#300 = VERTEX_POINT('',#301);
#301 = CARTESIAN_POINT('',(-7.287071128161E-02,-6.207479504436,-0.6866)
  );
#302 = SURFACE_CURVE('',#303,(#310,#317),.PCURVE_S1.);
#303 = ( BOUNDED_CURVE() B_SPLINE_CURVE(5,(#304,#305,#306,#307,#308,#309
),.UNSPECIFIED.,.F.,.F.) B_SPLINE_CURVE_WITH_KNOTS((6,6),(0.,1.),
.PIECEWISE_BEZIER_KNOTS.) CURVE() GEOMETRIC_REPRESENTATION_ITEM() 
RATIONAL_B_SPLINE_CURVE((1.,1.,1.,1.,1.,1.)) REPRESENTATION_ITEM('') );
#304 = CARTESIAN_POINT('',(0.269107861589,-6.254400583155,-0.71865));
#305 = CARTESIAN_POINT('',(0.217808739736,-6.202884273563,
    -0.711628432917));
#306 = CARTESIAN_POINT('',(0.147418598551,-6.16974439696,-0.704737229879
    ));
#307 = CARTESIAN_POINT('',(6.934950018879E-02,-6.163391054802,
    -0.698281072925));
#308 = CARTESIAN_POINT('',(-4.884864841415E-03,-6.177325775983,
    -0.692250896847));
#309 = CARTESIAN_POINT('',(-7.287071128161E-02,-6.207479504436,-0.6866)
  );
#310 = PCURVE('',#81,#311);
#311 = DEFINITIONAL_REPRESENTATION('',(#312),#316);
#312 = LINE('',#313,#314);
#313 = CARTESIAN_POINT('',(2.,0.));
#314 = VECTOR('',#315,1.);
#315 = DIRECTION('',(0.,1.));
#316 = ( GEOMETRIC_REPRESENTATION_CONTEXT(2) 
PARAMETRIC_REPRESENTATION_CONTEXT() REPRESENTATION_CONTEXT('2D SPACE',''
  ) );
#317 = PCURVE('',#203,#318);
#318 = DEFINITIONAL_REPRESENTATION('',(#319),#323);
#319 = LINE('',#320,#321);
#320 = CARTESIAN_POINT('',(2.,0.));
#321 = VECTOR('',#322,1.);
#322 = DIRECTION('',(0.,1.));
#323 = ( GEOMETRIC_REPRESENTATION_CONTEXT(2) 
PARAMETRIC_REPRESENTATION_CONTEXT() REPRESENTATION_CONTEXT('2D SPACE',''
  ) );
#324 = ORIENTED_EDGE('',*,*,#325,.F.);
#325 = EDGE_CURVE('',#63,#300,#326,.T.);
#326 = SURFACE_CURVE('',#327,(#330,#337),.PCURVE_S1.);
#327 = B_SPLINE_CURVE_WITH_KNOTS('',1,(#328,#329),.UNSPECIFIED.,.F.,.F.,
  (2,2),(1.,2.),.PIECEWISE_BEZIER_KNOTS.);
#328 = CARTESIAN_POINT('',(-8.001287950966E-02,-6.204344311778,-0.6866)
  );
#329 = CARTESIAN_POINT('',(-7.287071128161E-02,-6.207479504436,-0.6866)
  );
#330 = PCURVE('',#81,#331);
#331 = DEFINITIONAL_REPRESENTATION('',(#332),#336);
#332 = LINE('',#333,#334);
#333 = CARTESIAN_POINT('',(0.,1.));
#334 = VECTOR('',#335,1.);
#335 = DIRECTION('',(1.,0.));
#336 = ( GEOMETRIC_REPRESENTATION_CONTEXT(2) 
PARAMETRIC_REPRESENTATION_CONTEXT() REPRESENTATION_CONTEXT('2D SPACE',''
  ) );
#337 = PCURVE('',#116,#338);
#338 = DEFINITIONAL_REPRESENTATION('',(#339),#342);
#339 = B_SPLINE_CURVE_WITH_KNOTS('',1,(#340,#341),.UNSPECIFIED.,.F.,.F.,
  (2,2),(1.,2.),.PIECEWISE_BEZIER_KNOTS.);
#340 = CARTESIAN_POINT('',(0.213457726543,-7.794804620953E-03));
#341 = CARTESIAN_POINT('',(0.213742368285,4.440892098501E-16));
#342 = ( GEOMETRIC_REPRESENTATION_CONTEXT(2) 
PARAMETRIC_REPRESENTATION_CONTEXT() REPRESENTATION_CONTEXT('2D SPACE',''
  ) );
#343 = ORIENTED_EDGE('',*,*,#62,.F.);
#344 = ADVANCED_FACE('',(#345),#116,.F.);
#345 = FACE_BOUND('',#346,.F.);
#346 = EDGE_LOOP('',(#347,#348,#349,#370));
#347 = ORIENTED_EDGE('',*,*,#101,.T.);
#348 = ORIENTED_EDGE('',*,*,#325,.T.);
#349 = ORIENTED_EDGE('',*,*,#350,.T.);
#350 = EDGE_CURVE('',#300,#351,#353,.T.);
#351 = VERTEX_POINT('',#352);
#352 = CARTESIAN_POINT('',(1.482804838008E-03,-6.038097466897,-0.7934));
#353 = SURFACE_CURVE('',#354,(#357,#363),.PCURVE_S1.);
#354 = B_SPLINE_CURVE_WITH_KNOTS('',1,(#355,#356),.UNSPECIFIED.,.F.,.F.,
  (2,2),(2.,3.),.PIECEWISE_BEZIER_KNOTS.);
#355 = CARTESIAN_POINT('',(-7.287071128161E-02,-6.207479504436,-0.6866)
  );
#356 = CARTESIAN_POINT('',(1.482804838008E-03,-6.038097466897,-0.7934));
#357 = PCURVE('',#116,#358);
#358 = DEFINITIONAL_REPRESENTATION('',(#359),#362);
#359 = B_SPLINE_CURVE_WITH_KNOTS('',1,(#360,#361),.UNSPECIFIED.,.F.,.F.,
  (2,2),(2.,3.),.PIECEWISE_BEZIER_KNOTS.);
#360 = CARTESIAN_POINT('',(0.213742368285,4.440892098501E-16));
#361 = CARTESIAN_POINT('',(2.846417417768E-04,7.794804620953E-03));
#362 = ( GEOMETRIC_REPRESENTATION_CONTEXT(2) 
PARAMETRIC_REPRESENTATION_CONTEXT() REPRESENTATION_CONTEXT('2D SPACE',''
  ) );
#363 = PCURVE('',#203,#364);
#364 = DEFINITIONAL_REPRESENTATION('',(#365),#369);
#365 = LINE('',#366,#367);
#366 = CARTESIAN_POINT('',(0.,1.));
#367 = VECTOR('',#368,1.);
#368 = DIRECTION('',(1.,0.));
#369 = ( GEOMETRIC_REPRESENTATION_CONTEXT(2) 
PARAMETRIC_REPRESENTATION_CONTEXT() REPRESENTATION_CONTEXT('2D SPACE',''
  ) );
#370 = ORIENTED_EDGE('',*,*,#371,.T.);
#371 = EDGE_CURVE('',#351,#102,#372,.T.);
#372 = SURFACE_CURVE('',#373,(#376,#382),.PCURVE_S1.);
#373 = B_SPLINE_CURVE_WITH_KNOTS('',1,(#374,#375),.UNSPECIFIED.,.F.,.F.,
  (2,2),(3.,4.),.PIECEWISE_BEZIER_KNOTS.);
#374 = CARTESIAN_POINT('',(1.482804838008E-03,-6.038097466897,-0.7934));
#375 = CARTESIAN_POINT('',(-5.65936339004E-03,-6.034962274239,-0.7934));
#376 = PCURVE('',#116,#377);
#377 = DEFINITIONAL_REPRESENTATION('',(#378),#381);
#378 = B_SPLINE_CURVE_WITH_KNOTS('',1,(#379,#380),.UNSPECIFIED.,.F.,.F.,
  (2,2),(3.,4.),.PIECEWISE_BEZIER_KNOTS.);
#379 = CARTESIAN_POINT('',(2.846417417768E-04,7.794804620953E-03));
#380 = CARTESIAN_POINT('',(0.,0.));
#381 = ( GEOMETRIC_REPRESENTATION_CONTEXT(2) 
PARAMETRIC_REPRESENTATION_CONTEXT() REPRESENTATION_CONTEXT('2D SPACE',''
  ) );
#382 = PCURVE('',#144,#383);
#383 = DEFINITIONAL_REPRESENTATION('',(#384),#388);
#384 = LINE('',#385,#386);
#385 = CARTESIAN_POINT('',(0.,1.));
#386 = VECTOR('',#387,1.);
#387 = DIRECTION('',(1.,0.));
#388 = ( GEOMETRIC_REPRESENTATION_CONTEXT(2) 
PARAMETRIC_REPRESENTATION_CONTEXT() REPRESENTATION_CONTEXT('2D SPACE',''
  ) );
#389 = ADVANCED_FACE('',(#390),#144,.F.);
#390 = FACE_BOUND('',#391,.F.);
#391 = EDGE_LOOP('',(#392,#393,#394,#395));
#392 = ORIENTED_EDGE('',*,*,#168,.T.);
#393 = ORIENTED_EDGE('',*,*,#127,.T.);
#394 = ORIENTED_EDGE('',*,*,#371,.F.);
#395 = ORIENTED_EDGE('',*,*,#396,.F.);
#396 = EDGE_CURVE('',#169,#351,#397,.T.);
#397 = SURFACE_CURVE('',#398,(#405,#412),.PCURVE_S1.);
#398 = ( BOUNDED_CURVE() B_SPLINE_CURVE(5,(#399,#400,#401,#402,#403,#404
),.UNSPECIFIED.,.F.,.F.) B_SPLINE_CURVE_WITH_KNOTS((6,6),(0.,1.),
.PIECEWISE_BEZIER_KNOTS.) CURVE() GEOMETRIC_REPRESENTATION_ITEM() 
RATIONAL_B_SPLINE_CURVE((1.,1.,1.,1.,1.,1.)) REPRESENTATION_ITEM('') );
#399 = CARTESIAN_POINT('',(0.333604857468,-6.218206557094,-0.76135));
#400 = CARTESIAN_POINT('',(0.298393885896,-6.145681583413,
    -0.768371567083));
#401 = CARTESIAN_POINT('',(0.237991445831,-6.085207184435,
    -0.775262770121));
#402 = CARTESIAN_POINT('',(0.160974099621,-6.048983378866,
    -0.781718927075));
#403 = CARTESIAN_POINT('',(8.089198436185E-02,-6.034359592027,
    -0.787749103153));
#404 = CARTESIAN_POINT('',(1.482804838008E-03,-6.038097466897,-0.7934));
#405 = PCURVE('',#144,#406);
#406 = DEFINITIONAL_REPRESENTATION('',(#407),#411);
#407 = LINE('',#408,#409);
#408 = CARTESIAN_POINT('',(3.,0.));
#409 = VECTOR('',#410,1.);
#410 = DIRECTION('',(0.,1.));
#411 = ( GEOMETRIC_REPRESENTATION_CONTEXT(2) 
PARAMETRIC_REPRESENTATION_CONTEXT() REPRESENTATION_CONTEXT('2D SPACE',''
  ) );
#412 = PCURVE('',#203,#413);
#413 = DEFINITIONAL_REPRESENTATION('',(#414),#418);
#414 = LINE('',#415,#416);
#415 = CARTESIAN_POINT('',(3.,0.));
#416 = VECTOR('',#417,1.);
#417 = DIRECTION('',(0.,1.));
#418 = ( GEOMETRIC_REPRESENTATION_CONTEXT(2) 
PARAMETRIC_REPRESENTATION_CONTEXT() REPRESENTATION_CONTEXT('2D SPACE',''
  ) );
#419 = ADVANCED_FACE('',(#420),#203,.F.);
#420 = FACE_BOUND('',#421,.F.);
#421 = EDGE_LOOP('',(#422,#423,#424,#457,#458,#459));
#422 = ORIENTED_EDGE('',*,*,#299,.F.);
#423 = ORIENTED_EDGE('',*,*,#255,.T.);
#424 = ORIENTED_EDGE('',*,*,#425,.T.);
#425 = EDGE_CURVE('',#224,#190,#426,.T.);
#426 = SURFACE_CURVE('',#427,(#435,#446),.PCURVE_S1.);
#427 = B_SPLINE_CURVE_WITH_KNOTS('',6,(#428,#429,#430,#431,#432,#433,
    #434),.UNSPECIFIED.,.F.,.F.,(7,7),(0.,1.),.PIECEWISE_BEZIER_KNOTS.);
#428 = CARTESIAN_POINT('',(0.283400836517,-6.246379739704,
    -0.728112611725));
#429 = CARTESIAN_POINT('',(0.287802556145,-6.240992039219,
    -0.732000668015));
#430 = CARTESIAN_POINT('',(0.293003681565,-6.236256459506,
    -0.736064047756));
#431 = CARTESIAN_POINT('',(0.298901082388,-6.232300106126,
    -0.740187155159));
#432 = CARTESIAN_POINT('',(0.305365474158,-6.229249189229,
    -0.744260840766));
#433 = CARTESIAN_POINT('',(0.312230849102,-6.227203503817,
    -0.748188734445));
#434 = CARTESIAN_POINT('',(0.31931188254,-6.226227400545,-0.751887388275
    ));
#435 = PCURVE('',#203,#436);
#436 = DEFINITIONAL_REPRESENTATION('',(#437),#445);
#437 = B_SPLINE_CURVE_WITH_KNOTS('',6,(#438,#439,#440,#441,#442,#443,
    #444),.UNSPECIFIED.,.F.,.F.,(7,7),(0.,1.),.PIECEWISE_BEZIER_KNOTS.);
#438 = CARTESIAN_POINT('',(2.221606831968,0.));
#439 = CARTESIAN_POINT('',(2.315881991165,7.033767222281E-03));
#440 = CARTESIAN_POINT('',(2.410331110925,1.119990385079E-02));
#441 = CARTESIAN_POINT('',(2.504233354602,1.247108980145E-02));
#442 = CARTESIAN_POINT('',(2.597158800654,1.091346799044E-02));
#443 = CARTESIAN_POINT('',(2.688711567108,6.688840428556E-03));
#444 = CARTESIAN_POINT('',(2.778393168032,0.));
#445 = ( GEOMETRIC_REPRESENTATION_CONTEXT(2) 
PARAMETRIC_REPRESENTATION_CONTEXT() REPRESENTATION_CONTEXT('2D SPACE',''
  ) );
#446 = PCURVE('',#240,#447);
#447 = DEFINITIONAL_REPRESENTATION('',(#448),#456);
#448 = B_SPLINE_CURVE_WITH_KNOTS('',6,(#449,#450,#451,#452,#453,#454,
    #455),.UNSPECIFIED.,.F.,.F.,(7,7),(0.,1.),.PIECEWISE_BEZIER_KNOTS.);
#449 = CARTESIAN_POINT('',(-2.456574998609,-9.828738827498E-02));
#450 = CARTESIAN_POINT('',(-2.333001515679,-9.439933198548E-02));
#451 = CARTESIAN_POINT('',(-2.209413147051,-9.033595224384E-02));
#452 = CARTESIAN_POINT('',(-2.085329532954,-8.621284484053E-02));
#453 = CARTESIAN_POINT('',(-1.960506596566,-8.213915923441E-02));
#454 = CARTESIAN_POINT('',(-1.834743182346,-7.821126555451E-02));
#455 = CARTESIAN_POINT('',(-1.70778059665,-7.451261172502E-02));
#456 = ( GEOMETRIC_REPRESENTATION_CONTEXT(2) 
PARAMETRIC_REPRESENTATION_CONTEXT() REPRESENTATION_CONTEXT('2D SPACE',''
  ) );
#457 = ORIENTED_EDGE('',*,*,#189,.T.);
#458 = ORIENTED_EDGE('',*,*,#396,.T.);
#459 = ORIENTED_EDGE('',*,*,#350,.F.);
#460 = ADVANCED_FACE('',(#461,#543,#625,#707,#789),#240,.T.);
#461 = FACE_BOUND('',#462,.F.);
#462 = EDGE_LOOP('',(#463,#488,#515,#516));
#463 = ORIENTED_EDGE('',*,*,#464,.F.);
#464 = EDGE_CURVE('',#465,#467,#469,.T.);
#465 = VERTEX_POINT('',#466);
#466 = CARTESIAN_POINT('',(0.3833,-6.282,-0.8264));
#467 = VERTEX_POINT('',#468);
#468 = CARTESIAN_POINT('',(0.3833,-6.282,-0.6536));
#469 = SEAM_CURVE('',#470,(#474,#481),.PCURVE_S1.);
#470 = LINE('',#471,#472);
#471 = CARTESIAN_POINT('',(0.3833,-6.282,-0.8264));
#472 = VECTOR('',#473,1.);
#473 = DIRECTION('',(0.,0.,1.));
#474 = PCURVE('',#240,#475);
#475 = DEFINITIONAL_REPRESENTATION('',(#476),#480);
#476 = LINE('',#477,#478);
#477 = CARTESIAN_POINT('',(-6.28318530718,0.));
#478 = VECTOR('',#479,1.);
#479 = DIRECTION('',(-0.,-1.));
#480 = ( GEOMETRIC_REPRESENTATION_CONTEXT(2) 
PARAMETRIC_REPRESENTATION_CONTEXT() REPRESENTATION_CONTEXT('2D SPACE',''
  ) );
#481 = PCURVE('',#240,#482);
#482 = DEFINITIONAL_REPRESENTATION('',(#483),#487);
#483 = LINE('',#484,#485);
#484 = CARTESIAN_POINT('',(-0.,0.));
#485 = VECTOR('',#486,1.);
#486 = DIRECTION('',(-0.,-1.));
#487 = ( GEOMETRIC_REPRESENTATION_CONTEXT(2) 
PARAMETRIC_REPRESENTATION_CONTEXT() REPRESENTATION_CONTEXT('2D SPACE',''
  ) );
#488 = ORIENTED_EDGE('',*,*,#489,.F.);
#489 = EDGE_CURVE('',#465,#465,#490,.T.);
#490 = SURFACE_CURVE('',#491,(#496,#503),.PCURVE_S1.);
#491 = CIRCLE('',#492,5.63E-02);
#492 = AXIS2_PLACEMENT_3D('',#493,#494,#495);
#493 = CARTESIAN_POINT('',(0.327,-6.282,-0.8264));
#494 = DIRECTION('',(0.,0.,1.));
#495 = DIRECTION('',(1.,0.,0.));
#496 = PCURVE('',#240,#497);
#497 = DEFINITIONAL_REPRESENTATION('',(#498),#502);
#498 = LINE('',#499,#500);
#499 = CARTESIAN_POINT('',(-0.,0.));
#500 = VECTOR('',#501,1.);
#501 = DIRECTION('',(-1.,0.));
#502 = ( GEOMETRIC_REPRESENTATION_CONTEXT(2) 
PARAMETRIC_REPRESENTATION_CONTEXT() REPRESENTATION_CONTEXT('2D SPACE',''
  ) );
#503 = PCURVE('',#504,#509);
#504 = PLANE('',#505);
#505 = AXIS2_PLACEMENT_3D('',#506,#507,#508);
#506 = CARTESIAN_POINT('',(0.327,-6.282,-0.8264));
#507 = DIRECTION('',(0.,0.,1.));
#508 = DIRECTION('',(1.,0.,-0.));
#509 = DEFINITIONAL_REPRESENTATION('',(#510),#514);
#510 = CIRCLE('',#511,5.63E-02);
#511 = AXIS2_PLACEMENT_2D('',#512,#513);
#512 = CARTESIAN_POINT('',(0.,0.));
#513 = DIRECTION('',(1.,0.));
#514 = ( GEOMETRIC_REPRESENTATION_CONTEXT(2) 
PARAMETRIC_REPRESENTATION_CONTEXT() REPRESENTATION_CONTEXT('2D SPACE',''
  ) );
#515 = ORIENTED_EDGE('',*,*,#464,.T.);
#516 = ORIENTED_EDGE('',*,*,#517,.T.);
#517 = EDGE_CURVE('',#467,#467,#518,.T.);
#518 = SURFACE_CURVE('',#519,(#524,#531),.PCURVE_S1.);
#519 = CIRCLE('',#520,5.63E-02);
#520 = AXIS2_PLACEMENT_3D('',#521,#522,#523);
#521 = CARTESIAN_POINT('',(0.327,-6.282,-0.6536));
#522 = DIRECTION('',(0.,0.,1.));
#523 = DIRECTION('',(1.,0.,0.));
#524 = PCURVE('',#240,#525);
#525 = DEFINITIONAL_REPRESENTATION('',(#526),#530);
#526 = LINE('',#527,#528);
#527 = CARTESIAN_POINT('',(-0.,-0.1728));
#528 = VECTOR('',#529,1.);
#529 = DIRECTION('',(-1.,0.));
#530 = ( GEOMETRIC_REPRESENTATION_CONTEXT(2) 
PARAMETRIC_REPRESENTATION_CONTEXT() REPRESENTATION_CONTEXT('2D SPACE',''
  ) );
#531 = PCURVE('',#532,#537);
#532 = PLANE('',#533);
#533 = AXIS2_PLACEMENT_3D('',#534,#535,#536);
#534 = CARTESIAN_POINT('',(0.327,-6.282,-0.6536));
#535 = DIRECTION('',(0.,0.,1.));
#536 = DIRECTION('',(1.,0.,-0.));
#537 = DEFINITIONAL_REPRESENTATION('',(#538),#542);
#538 = CIRCLE('',#539,5.63E-02);
#539 = AXIS2_PLACEMENT_2D('',#540,#541);
#540 = CARTESIAN_POINT('',(0.,0.));
#541 = DIRECTION('',(1.,0.));
#542 = ( GEOMETRIC_REPRESENTATION_CONTEXT(2) 
PARAMETRIC_REPRESENTATION_CONTEXT() REPRESENTATION_CONTEXT('2D SPACE',''
  ) );
#543 = FACE_BOUND('',#544,.F.);
#544 = EDGE_LOOP('',(#545,#595));
#545 = ORIENTED_EDGE('',*,*,#546,.F.);
#546 = EDGE_CURVE('',#547,#549,#551,.T.);
#547 = VERTEX_POINT('',#548);
#548 = CARTESIAN_POINT('',(0.362620260296,-6.238400836517,
    -0.728112611725));
#549 = VERTEX_POINT('',#550);
#550 = CARTESIAN_POINT('',(0.382772599455,-6.27431188254,-0.751887388275
    ));
#551 = SURFACE_CURVE('',#552,(#560,#571),.PCURVE_S1.);
#552 = B_SPLINE_CURVE_WITH_KNOTS('',6,(#553,#554,#555,#556,#557,#558,
    #559),.UNSPECIFIED.,.F.,.F.,(7,7),(0.,1.),.PIECEWISE_BEZIER_KNOTS.);
#553 = CARTESIAN_POINT('',(0.362620260296,-6.238400836517,
    -0.728112611725));
#554 = CARTESIAN_POINT('',(0.368007960781,-6.242802556145,
    -0.732000668015));
#555 = CARTESIAN_POINT('',(0.372743540494,-6.248003681565,
    -0.736064047756));
#556 = CARTESIAN_POINT('',(0.376699893874,-6.253901082388,
    -0.740187155159));
#557 = CARTESIAN_POINT('',(0.379750810771,-6.260365474158,
    -0.744260840766));
#558 = CARTESIAN_POINT('',(0.381796496183,-6.267230849102,
    -0.748188734445));
#559 = CARTESIAN_POINT('',(0.382772599455,-6.27431188254,-0.751887388275
    ));
#560 = PCURVE('',#240,#561);
#561 = DEFINITIONAL_REPRESENTATION('',(#562),#570);
#562 = B_SPLINE_CURVE_WITH_KNOTS('',6,(#563,#564,#565,#566,#567,#568,
    #569),.UNSPECIFIED.,.F.,.F.,(7,7),(0.,1.),.PIECEWISE_BEZIER_KNOTS.);
#563 = CARTESIAN_POINT('',(-0.885778671814,-9.828738827498E-02));
#564 = CARTESIAN_POINT('',(-0.762205188884,-9.439933198549E-02));
#565 = CARTESIAN_POINT('',(-0.638616820256,-9.033595224385E-02));
#566 = CARTESIAN_POINT('',(-0.514533206159,-8.621284484053E-02));
#567 = CARTESIAN_POINT('',(-0.389710269771,-8.213915923441E-02));
#568 = CARTESIAN_POINT('',(-0.263946855551,-7.821126555452E-02));
#569 = CARTESIAN_POINT('',(-0.136984269855,-7.451261172503E-02));
#570 = ( GEOMETRIC_REPRESENTATION_CONTEXT(2) 
PARAMETRIC_REPRESENTATION_CONTEXT() REPRESENTATION_CONTEXT('2D SPACE',''
  ) );
#571 = PCURVE('',#572,#585);
#572 = ( BOUNDED_SURFACE() B_SPLINE_SURFACE(1,5,(
    (#573,#574,#575,#576,#577,#578)
    ,(#579,#580,#581,#582,#583,#584
)),.UNSPECIFIED.,.F.,.F.,.F.) B_SPLINE_SURFACE_WITH_KNOTS((2,2),(6,6),(
    2.,3.),(0.,1.),.PIECEWISE_BEZIER_KNOTS.) 
GEOMETRIC_REPRESENTATION_ITEM() RATIONAL_B_SPLINE_SURFACE((
    (1.,1.,1.,1.,1.,1.)
,(1.,1.,1.,1.,1.,1.))) REPRESENTATION_ITEM('') SURFACE() );
#573 = CARTESIAN_POINT('',(0.354599416845,-6.224107861589,-0.71865));
#574 = CARTESIAN_POINT('',(0.406115726437,-6.172808739736,
    -0.711628432917));
#575 = CARTESIAN_POINT('',(0.43925560304,-6.10241859855,-0.704737229879)
  );
#576 = CARTESIAN_POINT('',(0.445608945198,-6.024349500189,
    -0.698281072925));
#577 = CARTESIAN_POINT('',(0.431674224017,-5.950115135159,
    -0.692250896847));
#578 = CARTESIAN_POINT('',(0.401520495564,-5.882129288718,-0.6866));
#579 = CARTESIAN_POINT('',(0.390793442906,-6.288604857468,-0.76135));
#580 = CARTESIAN_POINT('',(0.463318416587,-6.253393885896,
    -0.768371567083));
#581 = CARTESIAN_POINT('',(0.523792815565,-6.192991445831,
    -0.775262770121));
#582 = CARTESIAN_POINT('',(0.560016621134,-6.115974099621,
    -0.781718927075));
#583 = CARTESIAN_POINT('',(0.574640407973,-6.035891984362,
    -0.787749103153));
#584 = CARTESIAN_POINT('',(0.570902533103,-5.956482804838,-0.7934));
#585 = DEFINITIONAL_REPRESENTATION('',(#586),#594);
#586 = B_SPLINE_CURVE_WITH_KNOTS('',6,(#587,#588,#589,#590,#591,#592,
    #593),.UNSPECIFIED.,.F.,.F.,(7,7),(0.,1.),.PIECEWISE_BEZIER_KNOTS.);
#587 = CARTESIAN_POINT('',(2.221606831968,0.));
#588 = CARTESIAN_POINT('',(2.315881991165,7.03376722228E-03));
#589 = CARTESIAN_POINT('',(2.410331110925,1.119990385079E-02));
#590 = CARTESIAN_POINT('',(2.504233354602,1.247108980146E-02));
#591 = CARTESIAN_POINT('',(2.597158800654,1.091346799043E-02));
#592 = CARTESIAN_POINT('',(2.688711567108,6.688840428554E-03));
#593 = CARTESIAN_POINT('',(2.778393168032,0.));
#594 = ( GEOMETRIC_REPRESENTATION_CONTEXT(2) 
PARAMETRIC_REPRESENTATION_CONTEXT() REPRESENTATION_CONTEXT('2D SPACE',''
  ) );
#595 = ORIENTED_EDGE('',*,*,#596,.F.);
#596 = EDGE_CURVE('',#549,#547,#597,.T.);
#597 = SURFACE_CURVE('',#598,(#603,#613),.PCURVE_S1.);
#598 = ELLIPSE('',#599,6.500964031075E-02,5.63E-02);
#599 = AXIS2_PLACEMENT_3D('',#600,#601,#602);
#600 = CARTESIAN_POINT('',(0.327,-6.282,-0.74));
#601 = DIRECTION('',(0.244691225874,-0.436034636216,0.866025403784));
#602 = DIRECTION('',(0.423817635381,-0.755234143786,-0.5));
#603 = PCURVE('',#240,#604);
#604 = DEFINITIONAL_REPRESENTATION('',(#605),#612);
#605 = B_SPLINE_CURVE_WITH_KNOTS('',5,(#606,#607,#608,#609,#610,#611),
  .UNSPECIFIED.,.F.,.F.,(6,6),(1.082660271691,2.269084427261),
  .PIECEWISE_BEZIER_KNOTS.);
#606 = CARTESIAN_POINT('',(-2.32454157307E-02,-7.11558747595E-02));
#607 = CARTESIAN_POINT('',(-0.260530246845,-7.796797462668E-02));
#608 = CARTESIAN_POINT('',(-0.497815077959,-8.585306133641E-02));
#609 = CARTESIAN_POINT('',(-0.735099909073,-9.40119798394E-02));
#610 = CARTESIAN_POINT('',(-0.972384740187,-0.101389940464));
#611 = CARTESIAN_POINT('',(-1.2096695713,-0.107297589769));
#612 = ( GEOMETRIC_REPRESENTATION_CONTEXT(2) 
PARAMETRIC_REPRESENTATION_CONTEXT() REPRESENTATION_CONTEXT('2D SPACE',''
  ) );
#613 = PCURVE('',#614,#619);
#614 = PLANE('',#615);
#615 = AXIS2_PLACEMENT_3D('',#616,#617,#618);
#616 = CARTESIAN_POINT('',(0.397595583231,-6.284787674344,-0.76135));
#617 = DIRECTION('',(0.244691225874,-0.436034636216,0.866025403784));
#618 = DIRECTION('',(-0.501381057588,0.707591193601,0.497927442334));
#619 = DEFINITIONAL_REPRESENTATION('',(#620),#624);
#620 = ELLIPSE('',#621,6.500964031075E-02,5.63E-02);
#621 = AXIS2_PLACEMENT_2D('',#622,#623);
#622 = CARTESIAN_POINT('',(4.799857289205E-02,5.606663000686E-02));
#623 = DIRECTION('',(-0.995854884669,9.095630094163E-02));
#624 = ( GEOMETRIC_REPRESENTATION_CONTEXT(2) 
PARAMETRIC_REPRESENTATION_CONTEXT() REPRESENTATION_CONTEXT('2D SPACE',''
  ) );
#625 = FACE_BOUND('',#626,.F.);
#626 = EDGE_LOOP('',(#627,#677));
#627 = ORIENTED_EDGE('',*,*,#628,.F.);
#628 = EDGE_CURVE('',#629,#631,#633,.T.);
#629 = VERTEX_POINT('',#630);
#630 = CARTESIAN_POINT('',(0.291379739704,-6.325599163483,
    -0.728112611725));
#631 = VERTEX_POINT('',#632);
#632 = CARTESIAN_POINT('',(0.271227400545,-6.28968811746,-0.751887388275
    ));
#633 = SURFACE_CURVE('',#634,(#642,#653),.PCURVE_S1.);
#634 = B_SPLINE_CURVE_WITH_KNOTS('',6,(#635,#636,#637,#638,#639,#640,
    #641),.UNSPECIFIED.,.F.,.F.,(7,7),(0.,1.),.PIECEWISE_BEZIER_KNOTS.);
#635 = CARTESIAN_POINT('',(0.291379739704,-6.325599163483,
    -0.728112611725));
#636 = CARTESIAN_POINT('',(0.285992039219,-6.321197443855,
    -0.732000668015));
#637 = CARTESIAN_POINT('',(0.281256459506,-6.315996318435,
    -0.736064047756));
#638 = CARTESIAN_POINT('',(0.277300106126,-6.310098917612,
    -0.740187155159));
#639 = CARTESIAN_POINT('',(0.274249189229,-6.303634525842,
    -0.744260840766));
#640 = CARTESIAN_POINT('',(0.272203503817,-6.296769150898,
    -0.748188734445));
#641 = CARTESIAN_POINT('',(0.271227400545,-6.28968811746,-0.751887388275
    ));
#642 = PCURVE('',#240,#643);
#643 = DEFINITIONAL_REPRESENTATION('',(#644),#652);
#644 = B_SPLINE_CURVE_WITH_KNOTS('',6,(#645,#646,#647,#648,#649,#650,
    #651),.UNSPECIFIED.,.F.,.F.,(7,7),(0.,1.),.PIECEWISE_BEZIER_KNOTS.);
#645 = CARTESIAN_POINT('',(-4.027371325403,-9.828738827497E-02));
#646 = CARTESIAN_POINT('',(-3.903797842474,-9.439933198548E-02));
#647 = CARTESIAN_POINT('',(-3.780209473846,-9.033595224385E-02));
#648 = CARTESIAN_POINT('',(-3.656125859749,-8.621284484053E-02));
#649 = CARTESIAN_POINT('',(-3.531302923361,-8.213915923441E-02));
#650 = CARTESIAN_POINT('',(-3.405539509141,-7.821126555452E-02));
#651 = CARTESIAN_POINT('',(-3.278576923445,-7.451261172503E-02));
#652 = ( GEOMETRIC_REPRESENTATION_CONTEXT(2) 
PARAMETRIC_REPRESENTATION_CONTEXT() REPRESENTATION_CONTEXT('2D SPACE',''
  ) );
#653 = PCURVE('',#654,#667);
#654 = ( BOUNDED_SURFACE() B_SPLINE_SURFACE(1,5,(
    (#655,#656,#657,#658,#659,#660)
    ,(#661,#662,#663,#664,#665,#666
)),.UNSPECIFIED.,.F.,.F.,.F.) B_SPLINE_SURFACE_WITH_KNOTS((2,2),(6,6),(
    2.,3.),(0.,1.),.PIECEWISE_BEZIER_KNOTS.) 
GEOMETRIC_REPRESENTATION_ITEM() RATIONAL_B_SPLINE_SURFACE((
    (1.,1.,1.,1.,1.,1.)
,(1.,1.,1.,1.,1.,1.))) REPRESENTATION_ITEM('') SURFACE() );
#655 = CARTESIAN_POINT('',(0.299400583155,-6.339892138411,-0.71865));
#656 = CARTESIAN_POINT('',(0.247884273563,-6.391191260264,
    -0.711628432917));
#657 = CARTESIAN_POINT('',(0.21474439696,-6.46158140145,-0.704737229879)
  );
#658 = CARTESIAN_POINT('',(0.208391054802,-6.539650499811,
    -0.698281072925));
#659 = CARTESIAN_POINT('',(0.222325775983,-6.613884864842,
    -0.692250896847));
#660 = CARTESIAN_POINT('',(0.252479504436,-6.681870711282,-0.6866));
#661 = CARTESIAN_POINT('',(0.263206557094,-6.275395142532,-0.76135));
#662 = CARTESIAN_POINT('',(0.190681583413,-6.310606114104,
    -0.768371567083));
#663 = CARTESIAN_POINT('',(0.130207184435,-6.371008554169,
    -0.775262770121));
#664 = CARTESIAN_POINT('',(9.398337886611E-02,-6.448025900379,
    -0.781718927075));
#665 = CARTESIAN_POINT('',(7.935959202733E-02,-6.528108015638,
    -0.787749103153));
#666 = CARTESIAN_POINT('',(8.309746689739E-02,-6.607517195162,-0.7934));
#667 = DEFINITIONAL_REPRESENTATION('',(#668),#676);
#668 = B_SPLINE_CURVE_WITH_KNOTS('',6,(#669,#670,#671,#672,#673,#674,
    #675),.UNSPECIFIED.,.F.,.F.,(7,7),(0.,1.),.PIECEWISE_BEZIER_KNOTS.);
#669 = CARTESIAN_POINT('',(2.221606831968,0.));
#670 = CARTESIAN_POINT('',(2.315881991165,7.033767222276E-03));
#671 = CARTESIAN_POINT('',(2.410331110925,1.119990385078E-02));
#672 = CARTESIAN_POINT('',(2.504233354602,1.247108980146E-02));
#673 = CARTESIAN_POINT('',(2.597158800654,1.091346799042E-02));
#674 = CARTESIAN_POINT('',(2.688711567107,6.688840428551E-03));
#675 = CARTESIAN_POINT('',(2.778393168032,0.));
#676 = ( GEOMETRIC_REPRESENTATION_CONTEXT(2) 
PARAMETRIC_REPRESENTATION_CONTEXT() REPRESENTATION_CONTEXT('2D SPACE',''
  ) );
#677 = ORIENTED_EDGE('',*,*,#678,.F.);
#678 = EDGE_CURVE('',#631,#629,#679,.T.);
#679 = SURFACE_CURVE('',#680,(#685,#695),.PCURVE_S1.);
#680 = ELLIPSE('',#681,6.500964031075E-02,5.63E-02);
#681 = AXIS2_PLACEMENT_3D('',#682,#683,#684);
#682 = CARTESIAN_POINT('',(0.327,-6.282,-0.74));
#683 = DIRECTION('',(-0.244691225874,0.436034636216,0.866025403784));
#684 = DIRECTION('',(-0.423817635381,0.755234143786,-0.5));
#685 = PCURVE('',#240,#686);
#686 = DEFINITIONAL_REPRESENTATION('',(#687),#694);
#687 = B_SPLINE_CURVE_WITH_KNOTS('',5,(#688,#689,#690,#691,#692,#693),
  .UNSPECIFIED.,.F.,.F.,(6,6),(1.082660271695,2.269084427258),
  .PIECEWISE_BEZIER_KNOTS.);
#688 = CARTESIAN_POINT('',(-3.164838069324,-7.115587475959E-02));
#689 = CARTESIAN_POINT('',(-3.402122900436,-7.796797462675E-02));
#690 = CARTESIAN_POINT('',(-3.639407731549,-8.585306133643E-02));
#691 = CARTESIAN_POINT('',(-3.876692562662,-9.401197983937E-02));
#692 = CARTESIAN_POINT('',(-4.113977393774,-0.101389940464));
#693 = CARTESIAN_POINT('',(-4.351262224887,-0.107297589768));
#694 = ( GEOMETRIC_REPRESENTATION_CONTEXT(2) 
PARAMETRIC_REPRESENTATION_CONTEXT() REPRESENTATION_CONTEXT('2D SPACE',''
  ) );
#695 = PCURVE('',#696,#701);
#696 = PLANE('',#697);
#697 = AXIS2_PLACEMENT_3D('',#698,#699,#700);
#698 = CARTESIAN_POINT('',(0.256404416769,-6.279212325656,-0.76135));
#699 = DIRECTION('',(-0.244691225874,0.436034636216,0.866025403784));
#700 = DIRECTION('',(0.501381057588,-0.707591193601,0.497927442334));
#701 = DEFINITIONAL_REPRESENTATION('',(#702),#706);
#702 = ELLIPSE('',#703,6.500964031075E-02,5.63E-02);
#703 = AXIS2_PLACEMENT_2D('',#704,#705);
#704 = CARTESIAN_POINT('',(4.799857289205E-02,5.606663000686E-02));
#705 = DIRECTION('',(-0.995854884669,9.095630094163E-02));
#706 = ( GEOMETRIC_REPRESENTATION_CONTEXT(2) 
PARAMETRIC_REPRESENTATION_CONTEXT() REPRESENTATION_CONTEXT('2D SPACE',''
  ) );
#707 = FACE_BOUND('',#708,.F.);
#708 = EDGE_LOOP('',(#709,#759));
#709 = ORIENTED_EDGE('',*,*,#710,.F.);
#710 = EDGE_CURVE('',#711,#713,#715,.T.);
#711 = VERTEX_POINT('',#712);
#712 = CARTESIAN_POINT('',(0.370599163483,-6.317620260296,
    -0.728112611725));
#713 = VERTEX_POINT('',#714);
#714 = CARTESIAN_POINT('',(0.33468811746,-6.337772599455,-0.751887388275
    ));
#715 = SURFACE_CURVE('',#716,(#724,#735),.PCURVE_S1.);
#716 = B_SPLINE_CURVE_WITH_KNOTS('',6,(#717,#718,#719,#720,#721,#722,
    #723),.UNSPECIFIED.,.F.,.F.,(7,7),(0.,1.),.PIECEWISE_BEZIER_KNOTS.);
#717 = CARTESIAN_POINT('',(0.370599163483,-6.317620260296,
    -0.728112611725));
#718 = CARTESIAN_POINT('',(0.366197443855,-6.323007960781,
    -0.732000668015));
#719 = CARTESIAN_POINT('',(0.360996318435,-6.327743540494,
    -0.736064047756));
#720 = CARTESIAN_POINT('',(0.355098917612,-6.331699893874,
    -0.740187155159));
#721 = CARTESIAN_POINT('',(0.348634525842,-6.334750810771,
    -0.744260840766));
#722 = CARTESIAN_POINT('',(0.341769150898,-6.336796496183,
    -0.748188734445));
#723 = CARTESIAN_POINT('',(0.33468811746,-6.337772599455,-0.751887388275
    ));
#724 = PCURVE('',#240,#725);
#725 = DEFINITIONAL_REPRESENTATION('',(#726),#734);
#726 = B_SPLINE_CURVE_WITH_KNOTS('',6,(#727,#728,#729,#730,#731,#732,
    #733),.UNSPECIFIED.,.F.,.F.,(7,7),(0.,1.),.PIECEWISE_BEZIER_KNOTS.);
#727 = CARTESIAN_POINT('',(-5.598167652198,-9.828738827497E-02));
#728 = CARTESIAN_POINT('',(-5.474594169269,-9.439933198548E-02));
#729 = CARTESIAN_POINT('',(-5.351005800641,-9.033595224384E-02));
#730 = CARTESIAN_POINT('',(-5.226922186544,-8.621284484053E-02));
#731 = CARTESIAN_POINT('',(-5.102099250156,-8.213915923441E-02));
#732 = CARTESIAN_POINT('',(-4.976335835936,-7.821126555452E-02));
#733 = CARTESIAN_POINT('',(-4.84937325024,-7.451261172503E-02));
#734 = ( GEOMETRIC_REPRESENTATION_CONTEXT(2) 
PARAMETRIC_REPRESENTATION_CONTEXT() REPRESENTATION_CONTEXT('2D SPACE',''
  ) );
#735 = PCURVE('',#736,#749);
#736 = ( BOUNDED_SURFACE() B_SPLINE_SURFACE(1,5,(
    (#737,#738,#739,#740,#741,#742)
    ,(#743,#744,#745,#746,#747,#748
)),.UNSPECIFIED.,.F.,.F.,.F.) B_SPLINE_SURFACE_WITH_KNOTS((2,2),(6,6),(
    2.,3.),(0.,1.),.PIECEWISE_BEZIER_KNOTS.) 
GEOMETRIC_REPRESENTATION_ITEM() RATIONAL_B_SPLINE_SURFACE((
    (1.,1.,1.,1.,1.,1.)
,(1.,1.,1.,1.,1.,1.))) REPRESENTATION_ITEM('') SURFACE() );
#737 = CARTESIAN_POINT('',(0.384892138411,-6.309599416845,-0.71865));
#738 = CARTESIAN_POINT('',(0.436191260264,-6.361115726437,
    -0.711628432917));
#739 = CARTESIAN_POINT('',(0.506581401449,-6.39425560304,-0.704737229879
    ));
#740 = CARTESIAN_POINT('',(0.584650499811,-6.400608945198,
    -0.698281072925));
#741 = CARTESIAN_POINT('',(0.658884864841,-6.386674224017,
    -0.692250896847));
#742 = CARTESIAN_POINT('',(0.726870711282,-6.356520495564,-0.6866));
#743 = CARTESIAN_POINT('',(0.320395142532,-6.345793442906,-0.76135));
#744 = CARTESIAN_POINT('',(0.355606114104,-6.418318416587,
    -0.768371567083));
#745 = CARTESIAN_POINT('',(0.416008554169,-6.478792815565,
    -0.775262770121));
#746 = CARTESIAN_POINT('',(0.493025900379,-6.515016621134,
    -0.781718927075));
#747 = CARTESIAN_POINT('',(0.573108015638,-6.529640407973,
    -0.787749103153));
#748 = CARTESIAN_POINT('',(0.652517195162,-6.525902533103,-0.7934));
#749 = DEFINITIONAL_REPRESENTATION('',(#750),#758);
#750 = B_SPLINE_CURVE_WITH_KNOTS('',6,(#751,#752,#753,#754,#755,#756,
    #757),.UNSPECIFIED.,.F.,.F.,(7,7),(0.,1.),.PIECEWISE_BEZIER_KNOTS.);
#751 = CARTESIAN_POINT('',(2.221606831968,0.));
#752 = CARTESIAN_POINT('',(2.315881991165,7.033767222272E-03));
#753 = CARTESIAN_POINT('',(2.410331110925,1.119990385077E-02));
#754 = CARTESIAN_POINT('',(2.504233354602,1.247108980145E-02));
#755 = CARTESIAN_POINT('',(2.597158800654,1.091346799042E-02));
#756 = CARTESIAN_POINT('',(2.688711567108,6.688840428547E-03));
#757 = CARTESIAN_POINT('',(2.778393168032,0.));
#758 = ( GEOMETRIC_REPRESENTATION_CONTEXT(2) 
PARAMETRIC_REPRESENTATION_CONTEXT() REPRESENTATION_CONTEXT('2D SPACE',''
  ) );
#759 = ORIENTED_EDGE('',*,*,#760,.T.);
#760 = EDGE_CURVE('',#711,#713,#761,.T.);
#761 = SURFACE_CURVE('',#762,(#767,#777),.PCURVE_S1.);
#762 = ELLIPSE('',#763,6.500964031075E-02,5.63E-02);
#763 = AXIS2_PLACEMENT_3D('',#764,#765,#766);
#764 = CARTESIAN_POINT('',(0.327,-6.282,-0.74));
#765 = DIRECTION('',(0.436034636216,0.244691225874,-0.866025403784));
#766 = DIRECTION('',(-0.755234143786,-0.423817635381,-0.5));
#767 = PCURVE('',#240,#768);
#768 = DEFINITIONAL_REPRESENTATION('',(#769),#776);
#769 = B_SPLINE_CURVE_WITH_KNOTS('',5,(#770,#771,#772,#773,#774,#775),
  .UNSPECIFIED.,.F.,.F.,(6,6),(4.014100879922,5.200525035485),
  .PIECEWISE_BEZIER_KNOTS.);
#770 = CARTESIAN_POINT('',(-5.922058551682,-0.107297589768));
#771 = CARTESIAN_POINT('',(-5.684773720569,-0.101389940464));
#772 = CARTESIAN_POINT('',(-5.447488889457,-9.401197983937E-02));
#773 = CARTESIAN_POINT('',(-5.210204058344,-8.585306133643E-02));
#774 = CARTESIAN_POINT('',(-4.972919227231,-7.796797462675E-02));
#775 = CARTESIAN_POINT('',(-4.735634396119,-7.115587475959E-02));
#776 = ( GEOMETRIC_REPRESENTATION_CONTEXT(2) 
PARAMETRIC_REPRESENTATION_CONTEXT() REPRESENTATION_CONTEXT('2D SPACE',''
  ) );
#777 = PCURVE('',#778,#783);
#778 = PLANE('',#779);
#779 = AXIS2_PLACEMENT_3D('',#780,#781,#782);
#780 = CARTESIAN_POINT('',(0.324212325656,-6.352595583231,-0.76135));
#781 = DIRECTION('',(0.436034636216,0.244691225874,-0.866025403784));
#782 = DIRECTION('',(0.707591193601,0.501381057588,0.497927442334));
#783 = DEFINITIONAL_REPRESENTATION('',(#784),#788);
#784 = ELLIPSE('',#785,6.500964031075E-02,5.63E-02);
#785 = AXIS2_PLACEMENT_2D('',#786,#787);
#786 = CARTESIAN_POINT('',(4.799857289205E-02,-5.606663000686E-02));
#787 = DIRECTION('',(-0.995854884669,-9.095630094168E-02));
#788 = ( GEOMETRIC_REPRESENTATION_CONTEXT(2) 
PARAMETRIC_REPRESENTATION_CONTEXT() REPRESENTATION_CONTEXT('2D SPACE',''
  ) );
#789 = FACE_BOUND('',#790,.F.);
#790 = EDGE_LOOP('',(#791,#792));
#791 = ORIENTED_EDGE('',*,*,#425,.F.);
#792 = ORIENTED_EDGE('',*,*,#223,.T.);
#793 = ADVANCED_FACE('',(#794,#797),#532,.T.);
#794 = FACE_BOUND('',#795,.T.);
#795 = EDGE_LOOP('',(#796));
#796 = ORIENTED_EDGE('',*,*,#517,.T.);
#797 = FACE_BOUND('',#798,.T.);
#798 = EDGE_LOOP('',(#799));
#799 = ORIENTED_EDGE('',*,*,#800,.T.);
#800 = EDGE_CURVE('',#801,#801,#803,.T.);
#801 = VERTEX_POINT('',#802);
#802 = CARTESIAN_POINT('',(0.3619,-6.282,-0.6536));
#803 = SURFACE_CURVE('',#804,(#809,#820),.PCURVE_S1.);
#804 = CIRCLE('',#805,3.49E-02);
#805 = AXIS2_PLACEMENT_3D('',#806,#807,#808);
#806 = CARTESIAN_POINT('',(0.327,-6.282,-0.6536));
#807 = DIRECTION('',(0.,0.,-1.));
#808 = DIRECTION('',(1.,0.,0.));
#809 = PCURVE('',#532,#810);
#810 = DEFINITIONAL_REPRESENTATION('',(#811),#819);
#811 = ( BOUNDED_CURVE() B_SPLINE_CURVE(2,(#812,#813,#814,#815,#816,#817
,#818),.UNSPECIFIED.,.T.,.F.) B_SPLINE_CURVE_WITH_KNOTS((1,2,2,2,2,1),(
    -2.094395102393,0.,2.094395102393,4.188790204786,6.28318530718,
8.377580409573),.UNSPECIFIED.) CURVE() GEOMETRIC_REPRESENTATION_ITEM() 
RATIONAL_B_SPLINE_CURVE((1.,0.5,1.,0.5,1.,0.5,1.)) REPRESENTATION_ITEM(
  '') );
#812 = CARTESIAN_POINT('',(3.49E-02,0.));
#813 = CARTESIAN_POINT('',(3.49E-02,-6.044857318415E-02));
#814 = CARTESIAN_POINT('',(-1.745E-02,-3.022428659208E-02));
#815 = CARTESIAN_POINT('',(-6.98E-02,-8.548034658049E-18));
#816 = CARTESIAN_POINT('',(-1.745E-02,3.022428659208E-02));
#817 = CARTESIAN_POINT('',(3.49E-02,6.044857318415E-02));
#818 = CARTESIAN_POINT('',(3.49E-02,0.));
#819 = ( GEOMETRIC_REPRESENTATION_CONTEXT(2) 
PARAMETRIC_REPRESENTATION_CONTEXT() REPRESENTATION_CONTEXT('2D SPACE',''
  ) );
#820 = PCURVE('',#821,#826);
#821 = CYLINDRICAL_SURFACE('',#822,3.49E-02);
#822 = AXIS2_PLACEMENT_3D('',#823,#824,#825);
#823 = CARTESIAN_POINT('',(0.327,-6.282,-4.86));
#824 = DIRECTION('',(-0.,-0.,-1.));
#825 = DIRECTION('',(1.,0.,0.));
#826 = DEFINITIONAL_REPRESENTATION('',(#827),#831);
#827 = LINE('',#828,#829);
#828 = CARTESIAN_POINT('',(-6.28318530718,-4.2064));
#829 = VECTOR('',#830,1.);
#830 = DIRECTION('',(1.,-0.));
#831 = ( GEOMETRIC_REPRESENTATION_CONTEXT(2) 
PARAMETRIC_REPRESENTATION_CONTEXT() REPRESENTATION_CONTEXT('2D SPACE',''
  ) );
#832 = ADVANCED_FACE('',(#833,#836),#504,.F.);
#833 = FACE_BOUND('',#834,.F.);
#834 = EDGE_LOOP('',(#835));
#835 = ORIENTED_EDGE('',*,*,#489,.T.);
#836 = FACE_BOUND('',#837,.F.);
#837 = EDGE_LOOP('',(#838));
#838 = ORIENTED_EDGE('',*,*,#839,.T.);
#839 = EDGE_CURVE('',#840,#840,#842,.T.);
#840 = VERTEX_POINT('',#841);
#841 = CARTESIAN_POINT('',(0.3619,-6.282,-0.8264));
#842 = SURFACE_CURVE('',#843,(#848,#859),.PCURVE_S1.);
#843 = CIRCLE('',#844,3.49E-02);
#844 = AXIS2_PLACEMENT_3D('',#845,#846,#847);
#845 = CARTESIAN_POINT('',(0.327,-6.282,-0.8264));
#846 = DIRECTION('',(0.,0.,-1.));
#847 = DIRECTION('',(1.,0.,0.));
#848 = PCURVE('',#504,#849);
#849 = DEFINITIONAL_REPRESENTATION('',(#850),#858);
#850 = ( BOUNDED_CURVE() B_SPLINE_CURVE(2,(#851,#852,#853,#854,#855,#856
,#857),.UNSPECIFIED.,.T.,.F.) B_SPLINE_CURVE_WITH_KNOTS((1,2,2,2,2,1),(
    -2.094395102393,0.,2.094395102393,4.188790204786,6.28318530718,
8.377580409573),.UNSPECIFIED.) CURVE() GEOMETRIC_REPRESENTATION_ITEM() 
RATIONAL_B_SPLINE_CURVE((1.,0.5,1.,0.5,1.,0.5,1.)) REPRESENTATION_ITEM(
  '') );
#851 = CARTESIAN_POINT('',(3.49E-02,0.));
#852 = CARTESIAN_POINT('',(3.49E-02,-6.044857318415E-02));
#853 = CARTESIAN_POINT('',(-1.745E-02,-3.022428659208E-02));
#854 = CARTESIAN_POINT('',(-6.98E-02,-8.548034658049E-18));
#855 = CARTESIAN_POINT('',(-1.745E-02,3.022428659208E-02));
#856 = CARTESIAN_POINT('',(3.49E-02,6.044857318415E-02));
#857 = CARTESIAN_POINT('',(3.49E-02,0.));
#858 = ( GEOMETRIC_REPRESENTATION_CONTEXT(2) 
PARAMETRIC_REPRESENTATION_CONTEXT() REPRESENTATION_CONTEXT('2D SPACE',''
  ) );
#859 = PCURVE('',#860,#865);
#860 = CYLINDRICAL_SURFACE('',#861,3.49E-02);
#861 = AXIS2_PLACEMENT_3D('',#862,#863,#864);
#862 = CARTESIAN_POINT('',(0.327,-6.282,-4.86));
#863 = DIRECTION('',(-0.,-0.,-1.));
#864 = DIRECTION('',(1.,0.,0.));
#865 = DEFINITIONAL_REPRESENTATION('',(#866),#870);
#866 = LINE('',#867,#868);
#867 = CARTESIAN_POINT('',(-6.28318530718,-4.0336));
#868 = VECTOR('',#869,1.);
#869 = DIRECTION('',(1.,-0.));
#870 = ( GEOMETRIC_REPRESENTATION_CONTEXT(2) 
PARAMETRIC_REPRESENTATION_CONTEXT() REPRESENTATION_CONTEXT('2D SPACE',''
  ) );
#871 = ADVANCED_FACE('',(#872),#572,.F.);
#872 = FACE_BOUND('',#873,.F.);
#873 = EDGE_LOOP('',(#874,#915,#934,#935,#956,#995));
#874 = ORIENTED_EDGE('',*,*,#875,.F.);
#875 = EDGE_CURVE('',#876,#878,#880,.T.);
#876 = VERTEX_POINT('',#877);
#877 = CARTESIAN_POINT('',(0.354599416845,-6.224107861589,-0.71865));
#878 = VERTEX_POINT('',#879);
#879 = CARTESIAN_POINT('',(0.401520495564,-5.882129288718,-0.6866));
#880 = SURFACE_CURVE('',#881,(#888,#895),.PCURVE_S1.);
#881 = ( BOUNDED_CURVE() B_SPLINE_CURVE(5,(#882,#883,#884,#885,#886,#887
),.UNSPECIFIED.,.F.,.F.) B_SPLINE_CURVE_WITH_KNOTS((6,6),(0.,1.),
.PIECEWISE_BEZIER_KNOTS.) CURVE() GEOMETRIC_REPRESENTATION_ITEM() 
RATIONAL_B_SPLINE_CURVE((1.,1.,1.,1.,1.,1.)) REPRESENTATION_ITEM('') );
#882 = CARTESIAN_POINT('',(0.354599416845,-6.224107861589,-0.71865));
#883 = CARTESIAN_POINT('',(0.406115726437,-6.172808739736,
    -0.711628432917));
#884 = CARTESIAN_POINT('',(0.43925560304,-6.10241859855,-0.704737229879)
  );
#885 = CARTESIAN_POINT('',(0.445608945198,-6.024349500189,
    -0.698281072925));
#886 = CARTESIAN_POINT('',(0.431674224017,-5.950115135159,
    -0.692250896847));
#887 = CARTESIAN_POINT('',(0.401520495564,-5.882129288718,-0.6866));
#888 = PCURVE('',#572,#889);
#889 = DEFINITIONAL_REPRESENTATION('',(#890),#894);
#890 = LINE('',#891,#892);
#891 = CARTESIAN_POINT('',(2.,0.));
#892 = VECTOR('',#893,1.);
#893 = DIRECTION('',(0.,1.));
#894 = ( GEOMETRIC_REPRESENTATION_CONTEXT(2) 
PARAMETRIC_REPRESENTATION_CONTEXT() REPRESENTATION_CONTEXT('2D SPACE',''
  ) );
#895 = PCURVE('',#896,#909);
#896 = ( BOUNDED_SURFACE() B_SPLINE_SURFACE(1,5,(
    (#897,#898,#899,#900,#901,#902)
    ,(#903,#904,#905,#906,#907,#908
)),.UNSPECIFIED.,.F.,.F.,.F.) B_SPLINE_SURFACE_WITH_KNOTS((2,2),(6,6),(
    1.,2.),(0.,1.),.PIECEWISE_BEZIER_KNOTS.) 
GEOMETRIC_REPRESENTATION_ITEM() RATIONAL_B_SPLINE_SURFACE((
    (1.,1.,1.,1.,1.,1.)
,(1.,1.,1.,1.,1.,1.))) REPRESENTATION_ITEM('') SURFACE() );
#897 = CARTESIAN_POINT('',(0.36140155717,-6.220290678465,-0.71865));
#898 = CARTESIAN_POINT('',(0.41237816216,-6.168029260268,-0.711628432917
    ));
#899 = CARTESIAN_POINT('',(0.444816120305,-6.096789841101,
    -0.704737229879));
#900 = CARTESIAN_POINT('',(0.450372798622,-6.018061274509,
    -0.698281072925));
#901 = CARTESIAN_POINT('',(0.435623086079,-5.943329863319,
    -0.692250896847));
#902 = CARTESIAN_POINT('',(0.404655688222,-5.87498712049,-0.6866));
#903 = CARTESIAN_POINT('',(0.354599416845,-6.224107861589,-0.71865));
#904 = CARTESIAN_POINT('',(0.406115726437,-6.172808739736,
    -0.711628432917));
#905 = CARTESIAN_POINT('',(0.43925560304,-6.10241859855,-0.704737229879)
  );
#906 = CARTESIAN_POINT('',(0.445608945198,-6.024349500189,
    -0.698281072925));
#907 = CARTESIAN_POINT('',(0.431674224017,-5.950115135159,
    -0.692250896847));
#908 = CARTESIAN_POINT('',(0.401520495564,-5.882129288718,-0.6866));
#909 = DEFINITIONAL_REPRESENTATION('',(#910),#914);
#910 = LINE('',#911,#912);
#911 = CARTESIAN_POINT('',(2.,0.));
#912 = VECTOR('',#913,1.);
#913 = DIRECTION('',(0.,1.));
#914 = ( GEOMETRIC_REPRESENTATION_CONTEXT(2) 
PARAMETRIC_REPRESENTATION_CONTEXT() REPRESENTATION_CONTEXT('2D SPACE',''
  ) );
#915 = ORIENTED_EDGE('',*,*,#916,.T.);
#916 = EDGE_CURVE('',#876,#547,#917,.T.);
#917 = SURFACE_CURVE('',#918,(#921,#928),.PCURVE_S1.);
#918 = B_SPLINE_CURVE_WITH_KNOTS('',1,(#919,#920),.UNSPECIFIED.,.F.,.F.,
  (2,2),(2.,3.),.PIECEWISE_BEZIER_KNOTS.);
#919 = CARTESIAN_POINT('',(0.354599416845,-6.224107861589,-0.71865));
#920 = CARTESIAN_POINT('',(0.390793442906,-6.288604857468,-0.76135));
#921 = PCURVE('',#572,#922);
#922 = DEFINITIONAL_REPRESENTATION('',(#923),#927);
#923 = LINE('',#924,#925);
#924 = CARTESIAN_POINT('',(0.,0.));
#925 = VECTOR('',#926,1.);
#926 = DIRECTION('',(1.,0.));
#927 = ( GEOMETRIC_REPRESENTATION_CONTEXT(2) 
PARAMETRIC_REPRESENTATION_CONTEXT() REPRESENTATION_CONTEXT('2D SPACE',''
  ) );
#928 = PCURVE('',#614,#929);
#929 = DEFINITIONAL_REPRESENTATION('',(#930),#933);
#930 = B_SPLINE_CURVE_WITH_KNOTS('',1,(#931,#932),.UNSPECIFIED.,.F.,.F.,
  (2,2),(2.,3.),.PIECEWISE_BEZIER_KNOTS.);
#931 = CARTESIAN_POINT('',(8.575546629807E-02,4.440892098501E-16));
#932 = CARTESIAN_POINT('',(7.094591473447E-04,7.767668100418E-03));
#933 = ( GEOMETRIC_REPRESENTATION_CONTEXT(2) 
PARAMETRIC_REPRESENTATION_CONTEXT() REPRESENTATION_CONTEXT('2D SPACE',''
  ) );
#934 = ORIENTED_EDGE('',*,*,#546,.T.);
#935 = ORIENTED_EDGE('',*,*,#936,.T.);
#936 = EDGE_CURVE('',#549,#937,#939,.T.);
#937 = VERTEX_POINT('',#938);
#938 = CARTESIAN_POINT('',(0.390793442906,-6.288604857468,-0.76135));
#939 = SURFACE_CURVE('',#940,(#943,#950),.PCURVE_S1.);
#940 = B_SPLINE_CURVE_WITH_KNOTS('',1,(#941,#942),.UNSPECIFIED.,.F.,.F.,
  (2,2),(2.,3.),.PIECEWISE_BEZIER_KNOTS.);
#941 = CARTESIAN_POINT('',(0.354599416845,-6.224107861589,-0.71865));
#942 = CARTESIAN_POINT('',(0.390793442906,-6.288604857468,-0.76135));
#943 = PCURVE('',#572,#944);
#944 = DEFINITIONAL_REPRESENTATION('',(#945),#949);
#945 = LINE('',#946,#947);
#946 = CARTESIAN_POINT('',(0.,0.));
#947 = VECTOR('',#948,1.);
#948 = DIRECTION('',(1.,0.));
#949 = ( GEOMETRIC_REPRESENTATION_CONTEXT(2) 
PARAMETRIC_REPRESENTATION_CONTEXT() REPRESENTATION_CONTEXT('2D SPACE',''
  ) );
#950 = PCURVE('',#614,#951);
#951 = DEFINITIONAL_REPRESENTATION('',(#952),#955);
#952 = B_SPLINE_CURVE_WITH_KNOTS('',1,(#953,#954),.UNSPECIFIED.,.F.,.F.,
  (2,2),(2.,3.),.PIECEWISE_BEZIER_KNOTS.);
#953 = CARTESIAN_POINT('',(8.575546629807E-02,4.440892098501E-16));
#954 = CARTESIAN_POINT('',(7.094591473447E-04,7.767668100418E-03));
#955 = ( GEOMETRIC_REPRESENTATION_CONTEXT(2) 
PARAMETRIC_REPRESENTATION_CONTEXT() REPRESENTATION_CONTEXT('2D SPACE',''
  ) );
#956 = ORIENTED_EDGE('',*,*,#957,.T.);
#957 = EDGE_CURVE('',#937,#958,#960,.T.);
#958 = VERTEX_POINT('',#959);
#959 = CARTESIAN_POINT('',(0.570902533103,-5.956482804838,-0.7934));
#960 = SURFACE_CURVE('',#961,(#968,#975),.PCURVE_S1.);
#961 = ( BOUNDED_CURVE() B_SPLINE_CURVE(5,(#962,#963,#964,#965,#966,#967
),.UNSPECIFIED.,.F.,.F.) B_SPLINE_CURVE_WITH_KNOTS((6,6),(0.,1.),
.PIECEWISE_BEZIER_KNOTS.) CURVE() GEOMETRIC_REPRESENTATION_ITEM() 
RATIONAL_B_SPLINE_CURVE((1.,1.,1.,1.,1.,1.)) REPRESENTATION_ITEM('') );
#962 = CARTESIAN_POINT('',(0.390793442906,-6.288604857468,-0.76135));
#963 = CARTESIAN_POINT('',(0.463318416587,-6.253393885896,
    -0.768371567083));
#964 = CARTESIAN_POINT('',(0.523792815565,-6.192991445831,
    -0.775262770121));
#965 = CARTESIAN_POINT('',(0.560016621134,-6.115974099621,
    -0.781718927075));
#966 = CARTESIAN_POINT('',(0.574640407973,-6.035891984362,
    -0.787749103153));
#967 = CARTESIAN_POINT('',(0.570902533103,-5.956482804838,-0.7934));
#968 = PCURVE('',#572,#969);
#969 = DEFINITIONAL_REPRESENTATION('',(#970),#974);
#970 = LINE('',#971,#972);
#971 = CARTESIAN_POINT('',(3.,0.));
#972 = VECTOR('',#973,1.);
#973 = DIRECTION('',(0.,1.));
#974 = ( GEOMETRIC_REPRESENTATION_CONTEXT(2) 
PARAMETRIC_REPRESENTATION_CONTEXT() REPRESENTATION_CONTEXT('2D SPACE',''
  ) );
#975 = PCURVE('',#976,#989);
#976 = ( BOUNDED_SURFACE() B_SPLINE_SURFACE(1,5,(
    (#977,#978,#979,#980,#981,#982)
    ,(#983,#984,#985,#986,#987,#988
)),.UNSPECIFIED.,.F.,.F.,.F.) B_SPLINE_SURFACE_WITH_KNOTS((2,2),(6,6),(
    3.,4.),(0.,1.),.PIECEWISE_BEZIER_KNOTS.) 
GEOMETRIC_REPRESENTATION_ITEM() RATIONAL_B_SPLINE_SURFACE((
    (1.,1.,1.,1.,1.,1.)
,(1.,1.,1.,1.,1.,1.))) REPRESENTATION_ITEM('') SURFACE() );
#977 = CARTESIAN_POINT('',(0.390793442906,-6.288604857468,-0.76135));
#978 = CARTESIAN_POINT('',(0.463318416587,-6.253393885896,
    -0.768371567083));
#979 = CARTESIAN_POINT('',(0.523792815565,-6.192991445831,
    -0.775262770121));
#980 = CARTESIAN_POINT('',(0.560016621134,-6.115974099621,
    -0.781718927075));
#981 = CARTESIAN_POINT('',(0.574640407973,-6.035891984362,
    -0.787749103153));
#982 = CARTESIAN_POINT('',(0.570902533103,-5.956482804838,-0.7934));
#983 = CARTESIAN_POINT('',(0.397595583231,-6.284787674344,-0.76135));
#984 = CARTESIAN_POINT('',(0.46958085231,-6.248614406428,-0.768371567083
    ));
#985 = CARTESIAN_POINT('',(0.52935333283,-6.187362688382,-0.775262770121
    ));
#986 = CARTESIAN_POINT('',(0.564780474558,-6.109685873941,
    -0.781718927075));
#987 = CARTESIAN_POINT('',(0.578589270034,-6.029106712522,
    -0.787749103153));
#988 = CARTESIAN_POINT('',(0.574037725761,-5.94934063661,-0.7934));
#989 = DEFINITIONAL_REPRESENTATION('',(#990),#994);
#990 = LINE('',#991,#992);
#991 = CARTESIAN_POINT('',(3.,0.));
#992 = VECTOR('',#993,1.);
#993 = DIRECTION('',(0.,1.));
#994 = ( GEOMETRIC_REPRESENTATION_CONTEXT(2) 
PARAMETRIC_REPRESENTATION_CONTEXT() REPRESENTATION_CONTEXT('2D SPACE',''
  ) );
#995 = ORIENTED_EDGE('',*,*,#996,.F.);
#996 = EDGE_CURVE('',#878,#958,#997,.T.);
#997 = SURFACE_CURVE('',#998,(#1001,#1008),.PCURVE_S1.);
#998 = B_SPLINE_CURVE_WITH_KNOTS('',1,(#999,#1000),.UNSPECIFIED.,.F.,.F.
  ,(2,2),(2.,3.),.PIECEWISE_BEZIER_KNOTS.);
#999 = CARTESIAN_POINT('',(0.401520495564,-5.882129288718,-0.6866));
#1000 = CARTESIAN_POINT('',(0.570902533103,-5.956482804838,-0.7934));
#1001 = PCURVE('',#572,#1002);
#1002 = DEFINITIONAL_REPRESENTATION('',(#1003),#1007);
#1003 = LINE('',#1004,#1005);
#1004 = CARTESIAN_POINT('',(0.,1.));
#1005 = VECTOR('',#1006,1.);
#1006 = DIRECTION('',(1.,0.));
#1007 = ( GEOMETRIC_REPRESENTATION_CONTEXT(2) 
PARAMETRIC_REPRESENTATION_CONTEXT() REPRESENTATION_CONTEXT('2D SPACE',''
  ) );
#1008 = PCURVE('',#1009,#1014);
#1009 = PLANE('',#1010);
#1010 = AXIS2_PLACEMENT_3D('',#1011,#1012,#1013);
#1011 = CARTESIAN_POINT('',(0.574037725761,-5.94934063661,-0.7934));
#1012 = DIRECTION('',(0.45783129667,-0.200973888328,0.866025403784));
#1013 = DIRECTION('',(-0.807126970571,0.314450281575,0.499666962882));
#1014 = DEFINITIONAL_REPRESENTATION('',(#1015),#1018);
#1015 = B_SPLINE_CURVE_WITH_KNOTS('',1,(#1016,#1017),.UNSPECIFIED.,.F.,
  .F.,(2,2),(2.,3.),.PIECEWISE_BEZIER_KNOTS.);
#1016 = CARTESIAN_POINT('',(0.213742368285,0.));
#1017 = CARTESIAN_POINT('',(2.846417417759E-04,7.794804620953E-03));
#1018 = ( GEOMETRIC_REPRESENTATION_CONTEXT(2) 
PARAMETRIC_REPRESENTATION_CONTEXT() REPRESENTATION_CONTEXT('2D SPACE',''
  ) );
#1019 = ADVANCED_FACE('',(#1020),#614,.T.);
#1020 = FACE_BOUND('',#1021,.T.);
#1021 = EDGE_LOOP('',(#1022,#1043,#1077,#1096,#1097,#1098));
#1022 = ORIENTED_EDGE('',*,*,#1023,.T.);
#1023 = EDGE_CURVE('',#937,#1024,#1026,.T.);
#1024 = VERTEX_POINT('',#1025);
#1025 = CARTESIAN_POINT('',(0.397595583231,-6.284787674344,-0.76135));
#1026 = SURFACE_CURVE('',#1027,(#1030,#1036),.PCURVE_S1.);
#1027 = B_SPLINE_CURVE_WITH_KNOTS('',1,(#1028,#1029),.UNSPECIFIED.,.F.,
  .F.,(2,2),(3.,4.),.PIECEWISE_BEZIER_KNOTS.);
#1028 = CARTESIAN_POINT('',(0.390793442906,-6.288604857468,-0.76135));
#1029 = CARTESIAN_POINT('',(0.397595583231,-6.284787674344,-0.76135));
#1030 = PCURVE('',#614,#1031);
#1031 = DEFINITIONAL_REPRESENTATION('',(#1032),#1035);
#1032 = B_SPLINE_CURVE_WITH_KNOTS('',1,(#1033,#1034),.UNSPECIFIED.,.F.,
  .F.,(2,2),(3.,4.),.PIECEWISE_BEZIER_KNOTS.);
#1033 = CARTESIAN_POINT('',(7.094591473447E-04,7.767668100418E-03));
#1034 = CARTESIAN_POINT('',(0.,0.));
#1035 = ( GEOMETRIC_REPRESENTATION_CONTEXT(2) 
PARAMETRIC_REPRESENTATION_CONTEXT() REPRESENTATION_CONTEXT('2D SPACE',''
  ) );
#1036 = PCURVE('',#976,#1037);
#1037 = DEFINITIONAL_REPRESENTATION('',(#1038),#1042);
#1038 = LINE('',#1039,#1040);
#1039 = CARTESIAN_POINT('',(0.,0.));
#1040 = VECTOR('',#1041,1.);
#1041 = DIRECTION('',(1.,0.));
#1042 = ( GEOMETRIC_REPRESENTATION_CONTEXT(2) 
PARAMETRIC_REPRESENTATION_CONTEXT() REPRESENTATION_CONTEXT('2D SPACE',''
  ) );
#1043 = ORIENTED_EDGE('',*,*,#1044,.T.);
#1044 = EDGE_CURVE('',#1024,#1045,#1047,.T.);
#1045 = VERTEX_POINT('',#1046);
#1046 = CARTESIAN_POINT('',(0.36140155717,-6.220290678465,-0.71865));
#1047 = SURFACE_CURVE('',#1048,(#1051,#1057),.PCURVE_S1.);
#1048 = B_SPLINE_CURVE_WITH_KNOTS('',1,(#1049,#1050),.UNSPECIFIED.,.F.,
  .F.,(2,2),(0.,1.),.PIECEWISE_BEZIER_KNOTS.);
#1049 = CARTESIAN_POINT('',(0.397595583231,-6.284787674344,-0.76135));
#1050 = CARTESIAN_POINT('',(0.36140155717,-6.220290678465,-0.71865));
#1051 = PCURVE('',#614,#1052);
#1052 = DEFINITIONAL_REPRESENTATION('',(#1053),#1056);
#1053 = B_SPLINE_CURVE_WITH_KNOTS('',1,(#1054,#1055),.UNSPECIFIED.,.F.,
  .F.,(2,2),(0.,1.),.PIECEWISE_BEZIER_KNOTS.);
#1054 = CARTESIAN_POINT('',(0.,0.));
#1055 = CARTESIAN_POINT('',(8.504600715073E-02,-7.767668100418E-03));
#1056 = ( GEOMETRIC_REPRESENTATION_CONTEXT(2) 
PARAMETRIC_REPRESENTATION_CONTEXT() REPRESENTATION_CONTEXT('2D SPACE',''
  ) );
#1057 = PCURVE('',#1058,#1071);
#1058 = ( BOUNDED_SURFACE() B_SPLINE_SURFACE(1,5,(
    (#1059,#1060,#1061,#1062,#1063,#1064)
    ,(#1065,#1066,#1067,#1068,#1069,#1070
)),.UNSPECIFIED.,.F.,.F.,.F.) B_SPLINE_SURFACE_WITH_KNOTS((2,2),(6,6),(
    0.,1.),(0.,1.),.PIECEWISE_BEZIER_KNOTS.) 
GEOMETRIC_REPRESENTATION_ITEM() RATIONAL_B_SPLINE_SURFACE((
    (1.,1.,1.,1.,1.,1.)
,(1.,1.,1.,1.,1.,1.))) REPRESENTATION_ITEM('') SURFACE() );
#1059 = CARTESIAN_POINT('',(0.397595583231,-6.284787674344,-0.76135));
#1060 = CARTESIAN_POINT('',(0.46958085231,-6.248614406428,
    -0.768371567083));
#1061 = CARTESIAN_POINT('',(0.52935333283,-6.187362688382,
    -0.775262770121));
#1062 = CARTESIAN_POINT('',(0.564780474558,-6.109685873941,
    -0.781718927075));
#1063 = CARTESIAN_POINT('',(0.578589270034,-6.029106712522,
    -0.787749103153));
#1064 = CARTESIAN_POINT('',(0.574037725761,-5.94934063661,-0.7934));
#1065 = CARTESIAN_POINT('',(0.36140155717,-6.220290678465,-0.71865));
#1066 = CARTESIAN_POINT('',(0.41237816216,-6.168029260268,
    -0.711628432917));
#1067 = CARTESIAN_POINT('',(0.444816120305,-6.096789841101,
    -0.704737229879));
#1068 = CARTESIAN_POINT('',(0.450372798622,-6.018061274509,
    -0.698281072925));
#1069 = CARTESIAN_POINT('',(0.435623086079,-5.943329863319,
    -0.692250896847));
#1070 = CARTESIAN_POINT('',(0.404655688222,-5.87498712049,-0.6866));
#1071 = DEFINITIONAL_REPRESENTATION('',(#1072),#1076);
#1072 = LINE('',#1073,#1074);
#1073 = CARTESIAN_POINT('',(0.,0.));
#1074 = VECTOR('',#1075,1.);
#1075 = DIRECTION('',(1.,0.));
#1076 = ( GEOMETRIC_REPRESENTATION_CONTEXT(2) 
PARAMETRIC_REPRESENTATION_CONTEXT() REPRESENTATION_CONTEXT('2D SPACE',''
  ) );
#1077 = ORIENTED_EDGE('',*,*,#1078,.T.);
#1078 = EDGE_CURVE('',#1045,#876,#1079,.T.);
#1079 = SURFACE_CURVE('',#1080,(#1083,#1089),.PCURVE_S1.);
#1080 = B_SPLINE_CURVE_WITH_KNOTS('',1,(#1081,#1082),.UNSPECIFIED.,.F.,
  .F.,(2,2),(1.,2.),.PIECEWISE_BEZIER_KNOTS.);
#1081 = CARTESIAN_POINT('',(0.36140155717,-6.220290678465,-0.71865));
#1082 = CARTESIAN_POINT('',(0.354599416845,-6.224107861589,-0.71865));
#1083 = PCURVE('',#614,#1084);
#1084 = DEFINITIONAL_REPRESENTATION('',(#1085),#1088);
#1085 = B_SPLINE_CURVE_WITH_KNOTS('',1,(#1086,#1087),.UNSPECIFIED.,.F.,
  .F.,(2,2),(1.,2.),.PIECEWISE_BEZIER_KNOTS.);
#1086 = CARTESIAN_POINT('',(8.504600715073E-02,-7.767668100418E-03));
#1087 = CARTESIAN_POINT('',(8.575546629807E-02,4.440892098501E-16));
#1088 = ( GEOMETRIC_REPRESENTATION_CONTEXT(2) 
PARAMETRIC_REPRESENTATION_CONTEXT() REPRESENTATION_CONTEXT('2D SPACE',''
  ) );
#1089 = PCURVE('',#896,#1090);
#1090 = DEFINITIONAL_REPRESENTATION('',(#1091),#1095);
#1091 = LINE('',#1092,#1093);
#1092 = CARTESIAN_POINT('',(0.,0.));
#1093 = VECTOR('',#1094,1.);
#1094 = DIRECTION('',(1.,0.));
#1095 = ( GEOMETRIC_REPRESENTATION_CONTEXT(2) 
PARAMETRIC_REPRESENTATION_CONTEXT() REPRESENTATION_CONTEXT('2D SPACE',''
  ) );
#1096 = ORIENTED_EDGE('',*,*,#916,.T.);
#1097 = ORIENTED_EDGE('',*,*,#596,.F.);
#1098 = ORIENTED_EDGE('',*,*,#936,.T.);
#1099 = ADVANCED_FACE('',(#1100),#654,.F.);
#1100 = FACE_BOUND('',#1101,.F.);
#1101 = EDGE_LOOP('',(#1102,#1143,#1162,#1163,#1184,#1223));
#1102 = ORIENTED_EDGE('',*,*,#1103,.F.);
#1103 = EDGE_CURVE('',#1104,#1106,#1108,.T.);
#1104 = VERTEX_POINT('',#1105);
#1105 = CARTESIAN_POINT('',(0.299400583155,-6.339892138411,-0.71865));
#1106 = VERTEX_POINT('',#1107);
#1107 = CARTESIAN_POINT('',(0.252479504436,-6.681870711282,-0.6866));
#1108 = SURFACE_CURVE('',#1109,(#1116,#1123),.PCURVE_S1.);
#1109 = ( BOUNDED_CURVE() B_SPLINE_CURVE(5,(#1110,#1111,#1112,#1113,
#1114,#1115),.UNSPECIFIED.,.F.,.F.) B_SPLINE_CURVE_WITH_KNOTS((6,6),(0.,
1.),.PIECEWISE_BEZIER_KNOTS.) CURVE() GEOMETRIC_REPRESENTATION_ITEM() 
RATIONAL_B_SPLINE_CURVE((1.,1.,1.,1.,1.,1.)) REPRESENTATION_ITEM('') );
#1110 = CARTESIAN_POINT('',(0.299400583155,-6.339892138411,-0.71865));
#1111 = CARTESIAN_POINT('',(0.247884273563,-6.391191260264,
    -0.711628432917));
#1112 = CARTESIAN_POINT('',(0.21474439696,-6.46158140145,-0.704737229879
    ));
#1113 = CARTESIAN_POINT('',(0.208391054802,-6.539650499811,
    -0.698281072925));
#1114 = CARTESIAN_POINT('',(0.222325775983,-6.613884864842,
    -0.692250896847));
#1115 = CARTESIAN_POINT('',(0.252479504436,-6.681870711282,-0.6866));
#1116 = PCURVE('',#654,#1117);
#1117 = DEFINITIONAL_REPRESENTATION('',(#1118),#1122);
#1118 = LINE('',#1119,#1120);
#1119 = CARTESIAN_POINT('',(2.,0.));
#1120 = VECTOR('',#1121,1.);
#1121 = DIRECTION('',(0.,1.));
#1122 = ( GEOMETRIC_REPRESENTATION_CONTEXT(2) 
PARAMETRIC_REPRESENTATION_CONTEXT() REPRESENTATION_CONTEXT('2D SPACE',''
  ) );
#1123 = PCURVE('',#1124,#1137);
#1124 = ( BOUNDED_SURFACE() B_SPLINE_SURFACE(1,5,(
    (#1125,#1126,#1127,#1128,#1129,#1130)
    ,(#1131,#1132,#1133,#1134,#1135,#1136
)),.UNSPECIFIED.,.F.,.F.,.F.) B_SPLINE_SURFACE_WITH_KNOTS((2,2),(6,6),(
    1.,2.),(0.,1.),.PIECEWISE_BEZIER_KNOTS.) 
GEOMETRIC_REPRESENTATION_ITEM() RATIONAL_B_SPLINE_SURFACE((
    (1.,1.,1.,1.,1.,1.)
,(1.,1.,1.,1.,1.,1.))) REPRESENTATION_ITEM('') SURFACE() );
#1125 = CARTESIAN_POINT('',(0.29259844283,-6.343709321535,-0.71865));
#1126 = CARTESIAN_POINT('',(0.24162183784,-6.395970739732,
    -0.711628432917));
#1127 = CARTESIAN_POINT('',(0.209183879695,-6.467210158899,
    -0.704737229879));
#1128 = CARTESIAN_POINT('',(0.203627201378,-6.545938725491,
    -0.698281072925));
#1129 = CARTESIAN_POINT('',(0.218376913921,-6.620670136681,
    -0.692250896847));
#1130 = CARTESIAN_POINT('',(0.249344311778,-6.68901287951,-0.6866));
#1131 = CARTESIAN_POINT('',(0.299400583155,-6.339892138411,-0.71865));
#1132 = CARTESIAN_POINT('',(0.247884273563,-6.391191260264,
    -0.711628432917));
#1133 = CARTESIAN_POINT('',(0.21474439696,-6.46158140145,-0.704737229879
    ));
#1134 = CARTESIAN_POINT('',(0.208391054802,-6.539650499811,
    -0.698281072925));
#1135 = CARTESIAN_POINT('',(0.222325775983,-6.613884864842,
    -0.692250896847));
#1136 = CARTESIAN_POINT('',(0.252479504436,-6.681870711282,-0.6866));
#1137 = DEFINITIONAL_REPRESENTATION('',(#1138),#1142);
#1138 = LINE('',#1139,#1140);
#1139 = CARTESIAN_POINT('',(2.,0.));
#1140 = VECTOR('',#1141,1.);
#1141 = DIRECTION('',(0.,1.));
#1142 = ( GEOMETRIC_REPRESENTATION_CONTEXT(2) 
PARAMETRIC_REPRESENTATION_CONTEXT() REPRESENTATION_CONTEXT('2D SPACE',''
  ) );
#1143 = ORIENTED_EDGE('',*,*,#1144,.T.);
#1144 = EDGE_CURVE('',#1104,#629,#1145,.T.);
#1145 = SURFACE_CURVE('',#1146,(#1149,#1156),.PCURVE_S1.);
#1146 = B_SPLINE_CURVE_WITH_KNOTS('',1,(#1147,#1148),.UNSPECIFIED.,.F.,
  .F.,(2,2),(2.,3.),.PIECEWISE_BEZIER_KNOTS.);
#1147 = CARTESIAN_POINT('',(0.299400583155,-6.339892138411,-0.71865));
#1148 = CARTESIAN_POINT('',(0.263206557094,-6.275395142532,-0.76135));
#1149 = PCURVE('',#654,#1150);
#1150 = DEFINITIONAL_REPRESENTATION('',(#1151),#1155);
#1151 = LINE('',#1152,#1153);
#1152 = CARTESIAN_POINT('',(0.,0.));
#1153 = VECTOR('',#1154,1.);
#1154 = DIRECTION('',(1.,0.));
#1155 = ( GEOMETRIC_REPRESENTATION_CONTEXT(2) 
PARAMETRIC_REPRESENTATION_CONTEXT() REPRESENTATION_CONTEXT('2D SPACE',''
  ) );
#1156 = PCURVE('',#696,#1157);
#1157 = DEFINITIONAL_REPRESENTATION('',(#1158),#1161);
#1158 = B_SPLINE_CURVE_WITH_KNOTS('',1,(#1159,#1160),.UNSPECIFIED.,.F.,
  .F.,(2,2),(2.,3.),.PIECEWISE_BEZIER_KNOTS.);
#1159 = CARTESIAN_POINT('',(8.575546629807E-02,-4.440892098501E-16));
#1160 = CARTESIAN_POINT('',(7.094591473455E-04,7.767668100418E-03));
#1161 = ( GEOMETRIC_REPRESENTATION_CONTEXT(2) 
PARAMETRIC_REPRESENTATION_CONTEXT() REPRESENTATION_CONTEXT('2D SPACE',''
  ) );
#1162 = ORIENTED_EDGE('',*,*,#628,.T.);
#1163 = ORIENTED_EDGE('',*,*,#1164,.T.);
#1164 = EDGE_CURVE('',#631,#1165,#1167,.T.);
#1165 = VERTEX_POINT('',#1166);
#1166 = CARTESIAN_POINT('',(0.263206557094,-6.275395142532,-0.76135));
#1167 = SURFACE_CURVE('',#1168,(#1171,#1178),.PCURVE_S1.);
#1168 = B_SPLINE_CURVE_WITH_KNOTS('',1,(#1169,#1170),.UNSPECIFIED.,.F.,
  .F.,(2,2),(2.,3.),.PIECEWISE_BEZIER_KNOTS.);
#1169 = CARTESIAN_POINT('',(0.299400583155,-6.339892138411,-0.71865));
#1170 = CARTESIAN_POINT('',(0.263206557094,-6.275395142532,-0.76135));
#1171 = PCURVE('',#654,#1172);
#1172 = DEFINITIONAL_REPRESENTATION('',(#1173),#1177);
#1173 = LINE('',#1174,#1175);
#1174 = CARTESIAN_POINT('',(0.,0.));
#1175 = VECTOR('',#1176,1.);
#1176 = DIRECTION('',(1.,0.));
#1177 = ( GEOMETRIC_REPRESENTATION_CONTEXT(2) 
PARAMETRIC_REPRESENTATION_CONTEXT() REPRESENTATION_CONTEXT('2D SPACE',''
  ) );
#1178 = PCURVE('',#696,#1179);
#1179 = DEFINITIONAL_REPRESENTATION('',(#1180),#1183);
#1180 = B_SPLINE_CURVE_WITH_KNOTS('',1,(#1181,#1182),.UNSPECIFIED.,.F.,
  .F.,(2,2),(2.,3.),.PIECEWISE_BEZIER_KNOTS.);
#1181 = CARTESIAN_POINT('',(8.575546629807E-02,-4.440892098501E-16));
#1182 = CARTESIAN_POINT('',(7.094591473455E-04,7.767668100418E-03));
#1183 = ( GEOMETRIC_REPRESENTATION_CONTEXT(2) 
PARAMETRIC_REPRESENTATION_CONTEXT() REPRESENTATION_CONTEXT('2D SPACE',''
  ) );
#1184 = ORIENTED_EDGE('',*,*,#1185,.T.);
#1185 = EDGE_CURVE('',#1165,#1186,#1188,.T.);
#1186 = VERTEX_POINT('',#1187);
#1187 = CARTESIAN_POINT('',(8.309746689739E-02,-6.607517195162,-0.7934)
  );
#1188 = SURFACE_CURVE('',#1189,(#1196,#1203),.PCURVE_S1.);
#1189 = ( BOUNDED_CURVE() B_SPLINE_CURVE(5,(#1190,#1191,#1192,#1193,
#1194,#1195),.UNSPECIFIED.,.F.,.F.) B_SPLINE_CURVE_WITH_KNOTS((6,6),(0.,
1.),.PIECEWISE_BEZIER_KNOTS.) CURVE() GEOMETRIC_REPRESENTATION_ITEM() 
RATIONAL_B_SPLINE_CURVE((1.,1.,1.,1.,1.,1.)) REPRESENTATION_ITEM('') );
#1190 = CARTESIAN_POINT('',(0.263206557094,-6.275395142532,-0.76135));
#1191 = CARTESIAN_POINT('',(0.190681583413,-6.310606114104,
    -0.768371567083));
#1192 = CARTESIAN_POINT('',(0.130207184435,-6.371008554169,
    -0.775262770121));
#1193 = CARTESIAN_POINT('',(9.398337886611E-02,-6.448025900379,
    -0.781718927075));
#1194 = CARTESIAN_POINT('',(7.935959202733E-02,-6.528108015638,
    -0.787749103153));
#1195 = CARTESIAN_POINT('',(8.309746689739E-02,-6.607517195162,-0.7934)
  );
#1196 = PCURVE('',#654,#1197);
#1197 = DEFINITIONAL_REPRESENTATION('',(#1198),#1202);
#1198 = LINE('',#1199,#1200);
#1199 = CARTESIAN_POINT('',(3.,0.));
#1200 = VECTOR('',#1201,1.);
#1201 = DIRECTION('',(0.,1.));
#1202 = ( GEOMETRIC_REPRESENTATION_CONTEXT(2) 
PARAMETRIC_REPRESENTATION_CONTEXT() REPRESENTATION_CONTEXT('2D SPACE',''
  ) );
#1203 = PCURVE('',#1204,#1217);
#1204 = ( BOUNDED_SURFACE() B_SPLINE_SURFACE(1,5,(
    (#1205,#1206,#1207,#1208,#1209,#1210)
    ,(#1211,#1212,#1213,#1214,#1215,#1216
)),.UNSPECIFIED.,.F.,.F.,.F.) B_SPLINE_SURFACE_WITH_KNOTS((2,2),(6,6),(
    3.,4.),(0.,1.),.PIECEWISE_BEZIER_KNOTS.) 
GEOMETRIC_REPRESENTATION_ITEM() RATIONAL_B_SPLINE_SURFACE((
    (1.,1.,1.,1.,1.,1.)
,(1.,1.,1.,1.,1.,1.))) REPRESENTATION_ITEM('') SURFACE() );
#1205 = CARTESIAN_POINT('',(0.263206557094,-6.275395142532,-0.76135));
#1206 = CARTESIAN_POINT('',(0.190681583413,-6.310606114104,
    -0.768371567083));
#1207 = CARTESIAN_POINT('',(0.130207184435,-6.371008554169,
    -0.775262770121));
#1208 = CARTESIAN_POINT('',(9.398337886611E-02,-6.448025900379,
    -0.781718927075));
#1209 = CARTESIAN_POINT('',(7.935959202733E-02,-6.528108015638,
    -0.787749103153));
#1210 = CARTESIAN_POINT('',(8.309746689739E-02,-6.607517195162,-0.7934)
  );
#1211 = CARTESIAN_POINT('',(0.256404416769,-6.279212325656,-0.76135));
#1212 = CARTESIAN_POINT('',(0.18441914769,-6.315385593572,
    -0.768371567083));
#1213 = CARTESIAN_POINT('',(0.12464666717,-6.376637311618,
    -0.775262770121));
#1214 = CARTESIAN_POINT('',(8.921952544151E-02,-6.454314126059,
    -0.781718927075));
#1215 = CARTESIAN_POINT('',(7.541072996613E-02,-6.534893287477,
    -0.787749103153));
#1216 = CARTESIAN_POINT('',(7.996227423947E-02,-6.61465936339,-0.7934));
#1217 = DEFINITIONAL_REPRESENTATION('',(#1218),#1222);
#1218 = LINE('',#1219,#1220);
#1219 = CARTESIAN_POINT('',(3.,0.));
#1220 = VECTOR('',#1221,1.);
#1221 = DIRECTION('',(0.,1.));
#1222 = ( GEOMETRIC_REPRESENTATION_CONTEXT(2) 
PARAMETRIC_REPRESENTATION_CONTEXT() REPRESENTATION_CONTEXT('2D SPACE',''
  ) );
#1223 = ORIENTED_EDGE('',*,*,#1224,.F.);
#1224 = EDGE_CURVE('',#1106,#1186,#1225,.T.);
#1225 = SURFACE_CURVE('',#1226,(#1229,#1236),.PCURVE_S1.);
#1226 = B_SPLINE_CURVE_WITH_KNOTS('',1,(#1227,#1228),.UNSPECIFIED.,.F.,
  .F.,(2,2),(2.,3.),.PIECEWISE_BEZIER_KNOTS.);
#1227 = CARTESIAN_POINT('',(0.252479504436,-6.681870711282,-0.6866));
#1228 = CARTESIAN_POINT('',(8.309746689739E-02,-6.607517195162,-0.7934)
  );
#1229 = PCURVE('',#654,#1230);
#1230 = DEFINITIONAL_REPRESENTATION('',(#1231),#1235);
#1231 = LINE('',#1232,#1233);
#1232 = CARTESIAN_POINT('',(0.,1.));
#1233 = VECTOR('',#1234,1.);
#1234 = DIRECTION('',(1.,0.));
#1235 = ( GEOMETRIC_REPRESENTATION_CONTEXT(2) 
PARAMETRIC_REPRESENTATION_CONTEXT() REPRESENTATION_CONTEXT('2D SPACE',''
  ) );
#1236 = PCURVE('',#1237,#1242);
#1237 = PLANE('',#1238);
#1238 = AXIS2_PLACEMENT_3D('',#1239,#1240,#1241);
#1239 = CARTESIAN_POINT('',(7.996227423947E-02,-6.61465936339,-0.7934));
#1240 = DIRECTION('',(0.45783129667,-0.200973888328,-0.866025403784));
#1241 = DIRECTION('',(0.807126970571,-0.314450281575,0.499666962882));
#1242 = DEFINITIONAL_REPRESENTATION('',(#1243),#1246);
#1243 = B_SPLINE_CURVE_WITH_KNOTS('',1,(#1244,#1245),.UNSPECIFIED.,.F.,
  .F.,(2,2),(2.,3.),.PIECEWISE_BEZIER_KNOTS.);
#1244 = CARTESIAN_POINT('',(0.213742368285,-8.881784197001E-16));
#1245 = CARTESIAN_POINT('',(2.846417417763E-04,-7.794804620953E-03));
#1246 = ( GEOMETRIC_REPRESENTATION_CONTEXT(2) 
PARAMETRIC_REPRESENTATION_CONTEXT() REPRESENTATION_CONTEXT('2D SPACE',''
  ) );
#1247 = ADVANCED_FACE('',(#1248),#696,.T.);
#1248 = FACE_BOUND('',#1249,.T.);
#1249 = EDGE_LOOP('',(#1250,#1271,#1305,#1324,#1325,#1326));
#1250 = ORIENTED_EDGE('',*,*,#1251,.T.);
#1251 = EDGE_CURVE('',#1165,#1252,#1254,.T.);
#1252 = VERTEX_POINT('',#1253);
#1253 = CARTESIAN_POINT('',(0.256404416769,-6.279212325656,-0.76135));
#1254 = SURFACE_CURVE('',#1255,(#1258,#1264),.PCURVE_S1.);
#1255 = B_SPLINE_CURVE_WITH_KNOTS('',1,(#1256,#1257),.UNSPECIFIED.,.F.,
  .F.,(2,2),(3.,4.),.PIECEWISE_BEZIER_KNOTS.);
#1256 = CARTESIAN_POINT('',(0.263206557094,-6.275395142532,-0.76135));
#1257 = CARTESIAN_POINT('',(0.256404416769,-6.279212325656,-0.76135));
#1258 = PCURVE('',#696,#1259);
#1259 = DEFINITIONAL_REPRESENTATION('',(#1260),#1263);
#1260 = B_SPLINE_CURVE_WITH_KNOTS('',1,(#1261,#1262),.UNSPECIFIED.,.F.,
  .F.,(2,2),(3.,4.),.PIECEWISE_BEZIER_KNOTS.);
#1261 = CARTESIAN_POINT('',(7.094591473455E-04,7.767668100418E-03));
#1262 = CARTESIAN_POINT('',(0.,0.));
#1263 = ( GEOMETRIC_REPRESENTATION_CONTEXT(2) 
PARAMETRIC_REPRESENTATION_CONTEXT() REPRESENTATION_CONTEXT('2D SPACE',''
  ) );
#1264 = PCURVE('',#1204,#1265);
#1265 = DEFINITIONAL_REPRESENTATION('',(#1266),#1270);
#1266 = LINE('',#1267,#1268);
#1267 = CARTESIAN_POINT('',(0.,0.));
#1268 = VECTOR('',#1269,1.);
#1269 = DIRECTION('',(1.,0.));
#1270 = ( GEOMETRIC_REPRESENTATION_CONTEXT(2) 
PARAMETRIC_REPRESENTATION_CONTEXT() REPRESENTATION_CONTEXT('2D SPACE',''
  ) );
#1271 = ORIENTED_EDGE('',*,*,#1272,.T.);
#1272 = EDGE_CURVE('',#1252,#1273,#1275,.T.);
#1273 = VERTEX_POINT('',#1274);
#1274 = CARTESIAN_POINT('',(0.29259844283,-6.343709321535,-0.71865));
#1275 = SURFACE_CURVE('',#1276,(#1279,#1285),.PCURVE_S1.);
#1276 = B_SPLINE_CURVE_WITH_KNOTS('',1,(#1277,#1278),.UNSPECIFIED.,.F.,
  .F.,(2,2),(0.,1.),.PIECEWISE_BEZIER_KNOTS.);
#1277 = CARTESIAN_POINT('',(0.256404416769,-6.279212325656,-0.76135));
#1278 = CARTESIAN_POINT('',(0.29259844283,-6.343709321535,-0.71865));
#1279 = PCURVE('',#696,#1280);
#1280 = DEFINITIONAL_REPRESENTATION('',(#1281),#1284);
#1281 = B_SPLINE_CURVE_WITH_KNOTS('',1,(#1282,#1283),.UNSPECIFIED.,.F.,
  .F.,(2,2),(0.,1.),.PIECEWISE_BEZIER_KNOTS.);
#1282 = CARTESIAN_POINT('',(0.,0.));
#1283 = CARTESIAN_POINT('',(8.504600715073E-02,-7.767668100418E-03));
#1284 = ( GEOMETRIC_REPRESENTATION_CONTEXT(2) 
PARAMETRIC_REPRESENTATION_CONTEXT() REPRESENTATION_CONTEXT('2D SPACE',''
  ) );
#1285 = PCURVE('',#1286,#1299);
#1286 = ( BOUNDED_SURFACE() B_SPLINE_SURFACE(1,5,(
    (#1287,#1288,#1289,#1290,#1291,#1292)
    ,(#1293,#1294,#1295,#1296,#1297,#1298
)),.UNSPECIFIED.,.F.,.F.,.F.) B_SPLINE_SURFACE_WITH_KNOTS((2,2),(6,6),(
    0.,1.),(0.,1.),.PIECEWISE_BEZIER_KNOTS.) 
GEOMETRIC_REPRESENTATION_ITEM() RATIONAL_B_SPLINE_SURFACE((
    (1.,1.,1.,1.,1.,1.)
,(1.,1.,1.,1.,1.,1.))) REPRESENTATION_ITEM('') SURFACE() );
#1287 = CARTESIAN_POINT('',(0.256404416769,-6.279212325656,-0.76135));
#1288 = CARTESIAN_POINT('',(0.18441914769,-6.315385593572,
    -0.768371567083));
#1289 = CARTESIAN_POINT('',(0.12464666717,-6.376637311618,
    -0.775262770121));
#1290 = CARTESIAN_POINT('',(8.921952544151E-02,-6.454314126059,
    -0.781718927075));
#1291 = CARTESIAN_POINT('',(7.541072996613E-02,-6.534893287477,
    -0.787749103153));
#1292 = CARTESIAN_POINT('',(7.996227423947E-02,-6.61465936339,-0.7934));
#1293 = CARTESIAN_POINT('',(0.29259844283,-6.343709321535,-0.71865));
#1294 = CARTESIAN_POINT('',(0.24162183784,-6.395970739732,
    -0.711628432917));
#1295 = CARTESIAN_POINT('',(0.209183879695,-6.467210158899,
    -0.704737229879));
#1296 = CARTESIAN_POINT('',(0.203627201378,-6.545938725491,
    -0.698281072925));
#1297 = CARTESIAN_POINT('',(0.218376913921,-6.620670136681,
    -0.692250896847));
#1298 = CARTESIAN_POINT('',(0.249344311778,-6.68901287951,-0.6866));
#1299 = DEFINITIONAL_REPRESENTATION('',(#1300),#1304);
#1300 = LINE('',#1301,#1302);
#1301 = CARTESIAN_POINT('',(0.,0.));
#1302 = VECTOR('',#1303,1.);
#1303 = DIRECTION('',(1.,0.));
#1304 = ( GEOMETRIC_REPRESENTATION_CONTEXT(2) 
PARAMETRIC_REPRESENTATION_CONTEXT() REPRESENTATION_CONTEXT('2D SPACE',''
  ) );
#1305 = ORIENTED_EDGE('',*,*,#1306,.T.);
#1306 = EDGE_CURVE('',#1273,#1104,#1307,.T.);
#1307 = SURFACE_CURVE('',#1308,(#1311,#1317),.PCURVE_S1.);
#1308 = B_SPLINE_CURVE_WITH_KNOTS('',1,(#1309,#1310),.UNSPECIFIED.,.F.,
  .F.,(2,2),(1.,2.),.PIECEWISE_BEZIER_KNOTS.);
#1309 = CARTESIAN_POINT('',(0.29259844283,-6.343709321535,-0.71865));
#1310 = CARTESIAN_POINT('',(0.299400583155,-6.339892138411,-0.71865));
#1311 = PCURVE('',#696,#1312);
#1312 = DEFINITIONAL_REPRESENTATION('',(#1313),#1316);
#1313 = B_SPLINE_CURVE_WITH_KNOTS('',1,(#1314,#1315),.UNSPECIFIED.,.F.,
  .F.,(2,2),(1.,2.),.PIECEWISE_BEZIER_KNOTS.);
#1314 = CARTESIAN_POINT('',(8.504600715073E-02,-7.767668100418E-03));
#1315 = CARTESIAN_POINT('',(8.575546629807E-02,-4.440892098501E-16));
#1316 = ( GEOMETRIC_REPRESENTATION_CONTEXT(2) 
PARAMETRIC_REPRESENTATION_CONTEXT() REPRESENTATION_CONTEXT('2D SPACE',''
  ) );
#1317 = PCURVE('',#1124,#1318);
#1318 = DEFINITIONAL_REPRESENTATION('',(#1319),#1323);
#1319 = LINE('',#1320,#1321);
#1320 = CARTESIAN_POINT('',(0.,0.));
#1321 = VECTOR('',#1322,1.);
#1322 = DIRECTION('',(1.,0.));
#1323 = ( GEOMETRIC_REPRESENTATION_CONTEXT(2) 
PARAMETRIC_REPRESENTATION_CONTEXT() REPRESENTATION_CONTEXT('2D SPACE',''
  ) );
#1324 = ORIENTED_EDGE('',*,*,#1144,.T.);
#1325 = ORIENTED_EDGE('',*,*,#678,.F.);
#1326 = ORIENTED_EDGE('',*,*,#1164,.T.);
#1327 = ADVANCED_FACE('',(#1328),#736,.F.);
#1328 = FACE_BOUND('',#1329,.F.);
#1329 = EDGE_LOOP('',(#1330,#1371,#1390,#1391,#1412,#1451));
#1330 = ORIENTED_EDGE('',*,*,#1331,.F.);
#1331 = EDGE_CURVE('',#1332,#1334,#1336,.T.);
#1332 = VERTEX_POINT('',#1333);
#1333 = CARTESIAN_POINT('',(0.384892138411,-6.309599416845,-0.71865));
#1334 = VERTEX_POINT('',#1335);
#1335 = CARTESIAN_POINT('',(0.726870711282,-6.356520495564,-0.6866));
#1336 = SURFACE_CURVE('',#1337,(#1344,#1351),.PCURVE_S1.);
#1337 = ( BOUNDED_CURVE() B_SPLINE_CURVE(5,(#1338,#1339,#1340,#1341,
#1342,#1343),.UNSPECIFIED.,.F.,.F.) B_SPLINE_CURVE_WITH_KNOTS((6,6),(0.,
1.),.PIECEWISE_BEZIER_KNOTS.) CURVE() GEOMETRIC_REPRESENTATION_ITEM() 
RATIONAL_B_SPLINE_CURVE((1.,1.,1.,1.,1.,1.)) REPRESENTATION_ITEM('') );
#1338 = CARTESIAN_POINT('',(0.384892138411,-6.309599416845,-0.71865));
#1339 = CARTESIAN_POINT('',(0.436191260264,-6.361115726437,
    -0.711628432917));
#1340 = CARTESIAN_POINT('',(0.506581401449,-6.39425560304,
    -0.704737229879));
#1341 = CARTESIAN_POINT('',(0.584650499811,-6.400608945198,
    -0.698281072925));
#1342 = CARTESIAN_POINT('',(0.658884864841,-6.386674224017,
    -0.692250896847));
#1343 = CARTESIAN_POINT('',(0.726870711282,-6.356520495564,-0.6866));
#1344 = PCURVE('',#736,#1345);
#1345 = DEFINITIONAL_REPRESENTATION('',(#1346),#1350);
#1346 = LINE('',#1347,#1348);
#1347 = CARTESIAN_POINT('',(2.,0.));
#1348 = VECTOR('',#1349,1.);
#1349 = DIRECTION('',(0.,1.));
#1350 = ( GEOMETRIC_REPRESENTATION_CONTEXT(2) 
PARAMETRIC_REPRESENTATION_CONTEXT() REPRESENTATION_CONTEXT('2D SPACE',''
  ) );
#1351 = PCURVE('',#1352,#1365);
#1352 = ( BOUNDED_SURFACE() B_SPLINE_SURFACE(1,5,(
    (#1353,#1354,#1355,#1356,#1357,#1358)
    ,(#1359,#1360,#1361,#1362,#1363,#1364
)),.UNSPECIFIED.,.F.,.F.,.F.) B_SPLINE_SURFACE_WITH_KNOTS((2,2),(6,6),(
    1.,2.),(0.,1.),.PIECEWISE_BEZIER_KNOTS.) 
GEOMETRIC_REPRESENTATION_ITEM() RATIONAL_B_SPLINE_SURFACE((
    (1.,1.,1.,1.,1.,1.)
,(1.,1.,1.,1.,1.,1.))) REPRESENTATION_ITEM('') SURFACE() );
#1353 = CARTESIAN_POINT('',(0.388709321535,-6.31640155717,-0.71865));
#1354 = CARTESIAN_POINT('',(0.440970739732,-6.36737816216,
    -0.711628432917));
#1355 = CARTESIAN_POINT('',(0.512210158899,-6.399816120305,
    -0.704737229879));
#1356 = CARTESIAN_POINT('',(0.590938725491,-6.405372798623,
    -0.698281072925));
#1357 = CARTESIAN_POINT('',(0.665670136681,-6.390623086078,
    -0.692250896847));
#1358 = CARTESIAN_POINT('',(0.73401287951,-6.359655688222,-0.6866));
#1359 = CARTESIAN_POINT('',(0.384892138411,-6.309599416845,-0.71865));
#1360 = CARTESIAN_POINT('',(0.436191260264,-6.361115726437,
    -0.711628432917));
#1361 = CARTESIAN_POINT('',(0.506581401449,-6.39425560304,
    -0.704737229879));
#1362 = CARTESIAN_POINT('',(0.584650499811,-6.400608945198,
    -0.698281072925));
#1363 = CARTESIAN_POINT('',(0.658884864841,-6.386674224017,
    -0.692250896847));
#1364 = CARTESIAN_POINT('',(0.726870711282,-6.356520495564,-0.6866));
#1365 = DEFINITIONAL_REPRESENTATION('',(#1366),#1370);
#1366 = LINE('',#1367,#1368);
#1367 = CARTESIAN_POINT('',(2.,0.));
#1368 = VECTOR('',#1369,1.);
#1369 = DIRECTION('',(0.,1.));
#1370 = ( GEOMETRIC_REPRESENTATION_CONTEXT(2) 
PARAMETRIC_REPRESENTATION_CONTEXT() REPRESENTATION_CONTEXT('2D SPACE',''
  ) );
#1371 = ORIENTED_EDGE('',*,*,#1372,.T.);
#1372 = EDGE_CURVE('',#1332,#711,#1373,.T.);
#1373 = SURFACE_CURVE('',#1374,(#1377,#1384),.PCURVE_S1.);
#1374 = B_SPLINE_CURVE_WITH_KNOTS('',1,(#1375,#1376),.UNSPECIFIED.,.F.,
  .F.,(2,2),(2.,3.),.PIECEWISE_BEZIER_KNOTS.);
#1375 = CARTESIAN_POINT('',(0.384892138411,-6.309599416845,-0.71865));
#1376 = CARTESIAN_POINT('',(0.320395142532,-6.345793442906,-0.76135));
#1377 = PCURVE('',#736,#1378);
#1378 = DEFINITIONAL_REPRESENTATION('',(#1379),#1383);
#1379 = LINE('',#1380,#1381);
#1380 = CARTESIAN_POINT('',(0.,0.));
#1381 = VECTOR('',#1382,1.);
#1382 = DIRECTION('',(1.,0.));
#1383 = ( GEOMETRIC_REPRESENTATION_CONTEXT(2) 
PARAMETRIC_REPRESENTATION_CONTEXT() REPRESENTATION_CONTEXT('2D SPACE',''
  ) );
#1384 = PCURVE('',#778,#1385);
#1385 = DEFINITIONAL_REPRESENTATION('',(#1386),#1389);
#1386 = B_SPLINE_CURVE_WITH_KNOTS('',1,(#1387,#1388),.UNSPECIFIED.,.F.,
  .F.,(2,2),(2.,3.),.PIECEWISE_BEZIER_KNOTS.);
#1387 = CARTESIAN_POINT('',(8.575546629807E-02,8.881784197001E-16));
#1388 = CARTESIAN_POINT('',(7.094591473451E-04,-7.767668100417E-03));
#1389 = ( GEOMETRIC_REPRESENTATION_CONTEXT(2) 
PARAMETRIC_REPRESENTATION_CONTEXT() REPRESENTATION_CONTEXT('2D SPACE',''
  ) );
#1390 = ORIENTED_EDGE('',*,*,#710,.T.);
#1391 = ORIENTED_EDGE('',*,*,#1392,.T.);
#1392 = EDGE_CURVE('',#713,#1393,#1395,.T.);
#1393 = VERTEX_POINT('',#1394);
#1394 = CARTESIAN_POINT('',(0.320395142532,-6.345793442906,-0.76135));
#1395 = SURFACE_CURVE('',#1396,(#1399,#1406),.PCURVE_S1.);
#1396 = B_SPLINE_CURVE_WITH_KNOTS('',1,(#1397,#1398),.UNSPECIFIED.,.F.,
  .F.,(2,2),(2.,3.),.PIECEWISE_BEZIER_KNOTS.);
#1397 = CARTESIAN_POINT('',(0.384892138411,-6.309599416845,-0.71865));
#1398 = CARTESIAN_POINT('',(0.320395142532,-6.345793442906,-0.76135));
#1399 = PCURVE('',#736,#1400);
#1400 = DEFINITIONAL_REPRESENTATION('',(#1401),#1405);
#1401 = LINE('',#1402,#1403);
#1402 = CARTESIAN_POINT('',(0.,0.));
#1403 = VECTOR('',#1404,1.);
#1404 = DIRECTION('',(1.,0.));
#1405 = ( GEOMETRIC_REPRESENTATION_CONTEXT(2) 
PARAMETRIC_REPRESENTATION_CONTEXT() REPRESENTATION_CONTEXT('2D SPACE',''
  ) );
#1406 = PCURVE('',#778,#1407);
#1407 = DEFINITIONAL_REPRESENTATION('',(#1408),#1411);
#1408 = B_SPLINE_CURVE_WITH_KNOTS('',1,(#1409,#1410),.UNSPECIFIED.,.F.,
  .F.,(2,2),(2.,3.),.PIECEWISE_BEZIER_KNOTS.);
#1409 = CARTESIAN_POINT('',(8.575546629807E-02,8.881784197001E-16));
#1410 = CARTESIAN_POINT('',(7.094591473451E-04,-7.767668100417E-03));
#1411 = ( GEOMETRIC_REPRESENTATION_CONTEXT(2) 
PARAMETRIC_REPRESENTATION_CONTEXT() REPRESENTATION_CONTEXT('2D SPACE',''
  ) );
#1412 = ORIENTED_EDGE('',*,*,#1413,.T.);
#1413 = EDGE_CURVE('',#1393,#1414,#1416,.T.);
#1414 = VERTEX_POINT('',#1415);
#1415 = CARTESIAN_POINT('',(0.652517195162,-6.525902533103,-0.7934));
#1416 = SURFACE_CURVE('',#1417,(#1424,#1431),.PCURVE_S1.);
#1417 = ( BOUNDED_CURVE() B_SPLINE_CURVE(5,(#1418,#1419,#1420,#1421,
#1422,#1423),.UNSPECIFIED.,.F.,.F.) B_SPLINE_CURVE_WITH_KNOTS((6,6),(0.,
1.),.PIECEWISE_BEZIER_KNOTS.) CURVE() GEOMETRIC_REPRESENTATION_ITEM() 
RATIONAL_B_SPLINE_CURVE((1.,1.,1.,1.,1.,1.)) REPRESENTATION_ITEM('') );
#1418 = CARTESIAN_POINT('',(0.320395142532,-6.345793442906,-0.76135));
#1419 = CARTESIAN_POINT('',(0.355606114104,-6.418318416587,
    -0.768371567083));
#1420 = CARTESIAN_POINT('',(0.416008554169,-6.478792815565,
    -0.775262770121));
#1421 = CARTESIAN_POINT('',(0.493025900379,-6.515016621134,
    -0.781718927075));
#1422 = CARTESIAN_POINT('',(0.573108015638,-6.529640407973,
    -0.787749103153));
#1423 = CARTESIAN_POINT('',(0.652517195162,-6.525902533103,-0.7934));
#1424 = PCURVE('',#736,#1425);
#1425 = DEFINITIONAL_REPRESENTATION('',(#1426),#1430);
#1426 = LINE('',#1427,#1428);
#1427 = CARTESIAN_POINT('',(3.,0.));
#1428 = VECTOR('',#1429,1.);
#1429 = DIRECTION('',(0.,1.));
#1430 = ( GEOMETRIC_REPRESENTATION_CONTEXT(2) 
PARAMETRIC_REPRESENTATION_CONTEXT() REPRESENTATION_CONTEXT('2D SPACE',''
  ) );
#1431 = PCURVE('',#1432,#1445);
#1432 = ( BOUNDED_SURFACE() B_SPLINE_SURFACE(1,5,(
    (#1433,#1434,#1435,#1436,#1437,#1438)
    ,(#1439,#1440,#1441,#1442,#1443,#1444
)),.UNSPECIFIED.,.F.,.F.,.F.) B_SPLINE_SURFACE_WITH_KNOTS((2,2),(6,6),(
    3.,4.),(0.,1.),.PIECEWISE_BEZIER_KNOTS.) 
GEOMETRIC_REPRESENTATION_ITEM() RATIONAL_B_SPLINE_SURFACE((
    (1.,1.,1.,1.,1.,1.)
,(1.,1.,1.,1.,1.,1.))) REPRESENTATION_ITEM('') SURFACE() );
#1433 = CARTESIAN_POINT('',(0.320395142532,-6.345793442906,-0.76135));
#1434 = CARTESIAN_POINT('',(0.355606114104,-6.418318416587,
    -0.768371567083));
#1435 = CARTESIAN_POINT('',(0.416008554169,-6.478792815565,
    -0.775262770121));
#1436 = CARTESIAN_POINT('',(0.493025900379,-6.515016621134,
    -0.781718927075));
#1437 = CARTESIAN_POINT('',(0.573108015638,-6.529640407973,
    -0.787749103153));
#1438 = CARTESIAN_POINT('',(0.652517195162,-6.525902533103,-0.7934));
#1439 = CARTESIAN_POINT('',(0.324212325656,-6.352595583231,-0.76135));
#1440 = CARTESIAN_POINT('',(0.360385593572,-6.42458085231,
    -0.768371567083));
#1441 = CARTESIAN_POINT('',(0.421637311618,-6.48435333283,
    -0.775262770121));
#1442 = CARTESIAN_POINT('',(0.499314126059,-6.519780474559,
    -0.781718927075));
#1443 = CARTESIAN_POINT('',(0.579893287477,-6.533589270034,
    -0.787749103153));
#1444 = CARTESIAN_POINT('',(0.65965936339,-6.529037725761,-0.7934));
#1445 = DEFINITIONAL_REPRESENTATION('',(#1446),#1450);
#1446 = LINE('',#1447,#1448);
#1447 = CARTESIAN_POINT('',(3.,0.));
#1448 = VECTOR('',#1449,1.);
#1449 = DIRECTION('',(0.,1.));
#1450 = ( GEOMETRIC_REPRESENTATION_CONTEXT(2) 
PARAMETRIC_REPRESENTATION_CONTEXT() REPRESENTATION_CONTEXT('2D SPACE',''
  ) );
#1451 = ORIENTED_EDGE('',*,*,#1452,.F.);
#1452 = EDGE_CURVE('',#1334,#1414,#1453,.T.);
#1453 = SURFACE_CURVE('',#1454,(#1457,#1464),.PCURVE_S1.);
#1454 = B_SPLINE_CURVE_WITH_KNOTS('',1,(#1455,#1456),.UNSPECIFIED.,.F.,
  .F.,(2,2),(2.,3.),.PIECEWISE_BEZIER_KNOTS.);
#1455 = CARTESIAN_POINT('',(0.726870711282,-6.356520495564,-0.6866));
#1456 = CARTESIAN_POINT('',(0.652517195162,-6.525902533103,-0.7934));
#1457 = PCURVE('',#736,#1458);
#1458 = DEFINITIONAL_REPRESENTATION('',(#1459),#1463);
#1459 = LINE('',#1460,#1461);
#1460 = CARTESIAN_POINT('',(0.,1.));
#1461 = VECTOR('',#1462,1.);
#1462 = DIRECTION('',(1.,0.));
#1463 = ( GEOMETRIC_REPRESENTATION_CONTEXT(2) 
PARAMETRIC_REPRESENTATION_CONTEXT() REPRESENTATION_CONTEXT('2D SPACE',''
  ) );
#1464 = PCURVE('',#1465,#1470);
#1465 = PLANE('',#1466);
#1466 = AXIS2_PLACEMENT_3D('',#1467,#1468,#1469);
#1467 = CARTESIAN_POINT('',(0.65965936339,-6.529037725761,-0.7934));
#1468 = DIRECTION('',(-0.200973888328,-0.45783129667,0.866025403784));
#1469 = DIRECTION('',(0.314450281575,0.807126970571,0.499666962882));
#1470 = DEFINITIONAL_REPRESENTATION('',(#1471),#1474);
#1471 = B_SPLINE_CURVE_WITH_KNOTS('',1,(#1472,#1473),.UNSPECIFIED.,.F.,
  .F.,(2,2),(2.,3.),.PIECEWISE_BEZIER_KNOTS.);
#1472 = CARTESIAN_POINT('',(0.213742368285,-4.440892098501E-16));
#1473 = CARTESIAN_POINT('',(2.846417417768E-04,7.794804620954E-03));
#1474 = ( GEOMETRIC_REPRESENTATION_CONTEXT(2) 
PARAMETRIC_REPRESENTATION_CONTEXT() REPRESENTATION_CONTEXT('2D SPACE',''
  ) );
#1475 = ADVANCED_FACE('',(#1476),#778,.F.);
#1476 = FACE_BOUND('',#1477,.F.);
#1477 = EDGE_LOOP('',(#1478,#1514,#1533,#1534,#1535,#1536));
#1478 = ORIENTED_EDGE('',*,*,#1479,.F.);
#1479 = EDGE_CURVE('',#1480,#1482,#1484,.T.);
#1480 = VERTEX_POINT('',#1481);
#1481 = CARTESIAN_POINT('',(0.324212325656,-6.352595583231,-0.76135));
#1482 = VERTEX_POINT('',#1483);
#1483 = CARTESIAN_POINT('',(0.388709321535,-6.31640155717,-0.71865));
#1484 = SURFACE_CURVE('',#1485,(#1488,#1494),.PCURVE_S1.);
#1485 = B_SPLINE_CURVE_WITH_KNOTS('',1,(#1486,#1487),.UNSPECIFIED.,.F.,
  .F.,(2,2),(0.,1.),.PIECEWISE_BEZIER_KNOTS.);
#1486 = CARTESIAN_POINT('',(0.324212325656,-6.352595583231,-0.76135));
#1487 = CARTESIAN_POINT('',(0.388709321535,-6.31640155717,-0.71865));
#1488 = PCURVE('',#778,#1489);
#1489 = DEFINITIONAL_REPRESENTATION('',(#1490),#1493);
#1490 = B_SPLINE_CURVE_WITH_KNOTS('',1,(#1491,#1492),.UNSPECIFIED.,.F.,
  .F.,(2,2),(0.,1.),.PIECEWISE_BEZIER_KNOTS.);
#1491 = CARTESIAN_POINT('',(0.,0.));
#1492 = CARTESIAN_POINT('',(8.504600715073E-02,7.767668100419E-03));
#1493 = ( GEOMETRIC_REPRESENTATION_CONTEXT(2) 
PARAMETRIC_REPRESENTATION_CONTEXT() REPRESENTATION_CONTEXT('2D SPACE',''
  ) );
#1494 = PCURVE('',#1495,#1508);
#1495 = ( BOUNDED_SURFACE() B_SPLINE_SURFACE(1,5,(
    (#1496,#1497,#1498,#1499,#1500,#1501)
    ,(#1502,#1503,#1504,#1505,#1506,#1507
)),.UNSPECIFIED.,.F.,.F.,.F.) B_SPLINE_SURFACE_WITH_KNOTS((2,2),(6,6),(
    0.,1.),(0.,1.),.PIECEWISE_BEZIER_KNOTS.) 
GEOMETRIC_REPRESENTATION_ITEM() RATIONAL_B_SPLINE_SURFACE((
    (1.,1.,1.,1.,1.,1.)
,(1.,1.,1.,1.,1.,1.))) REPRESENTATION_ITEM('') SURFACE() );
#1496 = CARTESIAN_POINT('',(0.324212325656,-6.352595583231,-0.76135));
#1497 = CARTESIAN_POINT('',(0.360385593572,-6.42458085231,
    -0.768371567083));
#1498 = CARTESIAN_POINT('',(0.421637311618,-6.48435333283,
    -0.775262770121));
#1499 = CARTESIAN_POINT('',(0.499314126059,-6.519780474559,
    -0.781718927075));
#1500 = CARTESIAN_POINT('',(0.579893287477,-6.533589270034,
    -0.787749103153));
#1501 = CARTESIAN_POINT('',(0.65965936339,-6.529037725761,-0.7934));
#1502 = CARTESIAN_POINT('',(0.388709321535,-6.31640155717,-0.71865));
#1503 = CARTESIAN_POINT('',(0.440970739732,-6.36737816216,
    -0.711628432917));
#1504 = CARTESIAN_POINT('',(0.512210158899,-6.399816120305,
    -0.704737229879));
#1505 = CARTESIAN_POINT('',(0.590938725491,-6.405372798623,
    -0.698281072925));
#1506 = CARTESIAN_POINT('',(0.665670136681,-6.390623086078,
    -0.692250896847));
#1507 = CARTESIAN_POINT('',(0.73401287951,-6.359655688222,-0.6866));
#1508 = DEFINITIONAL_REPRESENTATION('',(#1509),#1513);
#1509 = LINE('',#1510,#1511);
#1510 = CARTESIAN_POINT('',(0.,0.));
#1511 = VECTOR('',#1512,1.);
#1512 = DIRECTION('',(1.,0.));
#1513 = ( GEOMETRIC_REPRESENTATION_CONTEXT(2) 
PARAMETRIC_REPRESENTATION_CONTEXT() REPRESENTATION_CONTEXT('2D SPACE',''
  ) );
#1514 = ORIENTED_EDGE('',*,*,#1515,.F.);
#1515 = EDGE_CURVE('',#1393,#1480,#1516,.T.);
#1516 = SURFACE_CURVE('',#1517,(#1520,#1526),.PCURVE_S1.);
#1517 = B_SPLINE_CURVE_WITH_KNOTS('',1,(#1518,#1519),.UNSPECIFIED.,.F.,
  .F.,(2,2),(3.,4.),.PIECEWISE_BEZIER_KNOTS.);
#1518 = CARTESIAN_POINT('',(0.320395142532,-6.345793442906,-0.76135));
#1519 = CARTESIAN_POINT('',(0.324212325656,-6.352595583231,-0.76135));
#1520 = PCURVE('',#778,#1521);
#1521 = DEFINITIONAL_REPRESENTATION('',(#1522),#1525);
#1522 = B_SPLINE_CURVE_WITH_KNOTS('',1,(#1523,#1524),.UNSPECIFIED.,.F.,
  .F.,(2,2),(3.,4.),.PIECEWISE_BEZIER_KNOTS.);
#1523 = CARTESIAN_POINT('',(7.094591473451E-04,-7.767668100417E-03));
#1524 = CARTESIAN_POINT('',(0.,0.));
#1525 = ( GEOMETRIC_REPRESENTATION_CONTEXT(2) 
PARAMETRIC_REPRESENTATION_CONTEXT() REPRESENTATION_CONTEXT('2D SPACE',''
  ) );
#1526 = PCURVE('',#1432,#1527);
#1527 = DEFINITIONAL_REPRESENTATION('',(#1528),#1532);
#1528 = LINE('',#1529,#1530);
#1529 = CARTESIAN_POINT('',(0.,0.));
#1530 = VECTOR('',#1531,1.);
#1531 = DIRECTION('',(1.,0.));
#1532 = ( GEOMETRIC_REPRESENTATION_CONTEXT(2) 
PARAMETRIC_REPRESENTATION_CONTEXT() REPRESENTATION_CONTEXT('2D SPACE',''
  ) );
#1533 = ORIENTED_EDGE('',*,*,#1392,.F.);
#1534 = ORIENTED_EDGE('',*,*,#760,.F.);
#1535 = ORIENTED_EDGE('',*,*,#1372,.F.);
#1536 = ORIENTED_EDGE('',*,*,#1537,.F.);
#1537 = EDGE_CURVE('',#1482,#1332,#1538,.T.);
#1538 = SURFACE_CURVE('',#1539,(#1542,#1548),.PCURVE_S1.);
#1539 = B_SPLINE_CURVE_WITH_KNOTS('',1,(#1540,#1541),.UNSPECIFIED.,.F.,
  .F.,(2,2),(1.,2.),.PIECEWISE_BEZIER_KNOTS.);
#1540 = CARTESIAN_POINT('',(0.388709321535,-6.31640155717,-0.71865));
#1541 = CARTESIAN_POINT('',(0.384892138411,-6.309599416845,-0.71865));
#1542 = PCURVE('',#778,#1543);
#1543 = DEFINITIONAL_REPRESENTATION('',(#1544),#1547);
#1544 = B_SPLINE_CURVE_WITH_KNOTS('',1,(#1545,#1546),.UNSPECIFIED.,.F.,
  .F.,(2,2),(1.,2.),.PIECEWISE_BEZIER_KNOTS.);
#1545 = CARTESIAN_POINT('',(8.504600715073E-02,7.767668100419E-03));
#1546 = CARTESIAN_POINT('',(8.575546629807E-02,8.881784197001E-16));
#1547 = ( GEOMETRIC_REPRESENTATION_CONTEXT(2) 
PARAMETRIC_REPRESENTATION_CONTEXT() REPRESENTATION_CONTEXT('2D SPACE',''
  ) );
#1548 = PCURVE('',#1352,#1549);
#1549 = DEFINITIONAL_REPRESENTATION('',(#1550),#1554);
#1550 = LINE('',#1551,#1552);
#1551 = CARTESIAN_POINT('',(0.,0.));
#1552 = VECTOR('',#1553,1.);
#1553 = DIRECTION('',(1.,0.));
#1554 = ( GEOMETRIC_REPRESENTATION_CONTEXT(2) 
PARAMETRIC_REPRESENTATION_CONTEXT() REPRESENTATION_CONTEXT('2D SPACE',''
  ) );
#1555 = ADVANCED_FACE('',(#1556),#821,.T.);
#1556 = FACE_BOUND('',#1557,.F.);
#1557 = EDGE_LOOP('',(#1558,#1559,#1582,#1609));
#1558 = ORIENTED_EDGE('',*,*,#800,.T.);
#1559 = ORIENTED_EDGE('',*,*,#1560,.T.);
#1560 = EDGE_CURVE('',#801,#1561,#1563,.T.);
#1561 = VERTEX_POINT('',#1562);
#1562 = CARTESIAN_POINT('',(0.3619,-6.282,-0.24));
#1563 = SEAM_CURVE('',#1564,(#1568,#1575),.PCURVE_S1.);
#1564 = LINE('',#1565,#1566);
#1565 = CARTESIAN_POINT('',(0.3619,-6.282,-4.86));
#1566 = VECTOR('',#1567,1.);
#1567 = DIRECTION('',(0.,0.,1.));
#1568 = PCURVE('',#821,#1569);
#1569 = DEFINITIONAL_REPRESENTATION('',(#1570),#1574);
#1570 = LINE('',#1571,#1572);
#1571 = CARTESIAN_POINT('',(-6.28318530718,0.));
#1572 = VECTOR('',#1573,1.);
#1573 = DIRECTION('',(-0.,-1.));
#1574 = ( GEOMETRIC_REPRESENTATION_CONTEXT(2) 
PARAMETRIC_REPRESENTATION_CONTEXT() REPRESENTATION_CONTEXT('2D SPACE',''
  ) );
#1575 = PCURVE('',#821,#1576);
#1576 = DEFINITIONAL_REPRESENTATION('',(#1577),#1581);
#1577 = LINE('',#1578,#1579);
#1578 = CARTESIAN_POINT('',(-0.,0.));
#1579 = VECTOR('',#1580,1.);
#1580 = DIRECTION('',(-0.,-1.));
#1581 = ( GEOMETRIC_REPRESENTATION_CONTEXT(2) 
PARAMETRIC_REPRESENTATION_CONTEXT() REPRESENTATION_CONTEXT('2D SPACE',''
  ) );
#1582 = ORIENTED_EDGE('',*,*,#1583,.T.);
#1583 = EDGE_CURVE('',#1561,#1561,#1584,.T.);
#1584 = SURFACE_CURVE('',#1585,(#1590,#1597),.PCURVE_S1.);
#1585 = CIRCLE('',#1586,3.49E-02);
#1586 = AXIS2_PLACEMENT_3D('',#1587,#1588,#1589);
#1587 = CARTESIAN_POINT('',(0.327,-6.282,-0.24));
#1588 = DIRECTION('',(0.,0.,1.));
#1589 = DIRECTION('',(1.,0.,0.));
#1590 = PCURVE('',#821,#1591);
#1591 = DEFINITIONAL_REPRESENTATION('',(#1592),#1596);
#1592 = LINE('',#1593,#1594);
#1593 = CARTESIAN_POINT('',(-0.,-4.62));
#1594 = VECTOR('',#1595,1.);
#1595 = DIRECTION('',(-1.,0.));
#1596 = ( GEOMETRIC_REPRESENTATION_CONTEXT(2) 
PARAMETRIC_REPRESENTATION_CONTEXT() REPRESENTATION_CONTEXT('2D SPACE',''
  ) );
#1597 = PCURVE('',#1598,#1603);
#1598 = PLANE('',#1599);
#1599 = AXIS2_PLACEMENT_3D('',#1600,#1601,#1602);
#1600 = CARTESIAN_POINT('',(0.327,-6.282,-0.24));
#1601 = DIRECTION('',(0.,0.,1.));
#1602 = DIRECTION('',(1.,0.,-0.));
#1603 = DEFINITIONAL_REPRESENTATION('',(#1604),#1608);
#1604 = CIRCLE('',#1605,3.49E-02);
#1605 = AXIS2_PLACEMENT_2D('',#1606,#1607);
#1606 = CARTESIAN_POINT('',(0.,0.));
#1607 = DIRECTION('',(1.,0.));
#1608 = ( GEOMETRIC_REPRESENTATION_CONTEXT(2) 
PARAMETRIC_REPRESENTATION_CONTEXT() REPRESENTATION_CONTEXT('2D SPACE',''
  ) );
#1609 = ORIENTED_EDGE('',*,*,#1560,.F.);
#1610 = ADVANCED_FACE('',(#1611),#860,.T.);
#1611 = FACE_BOUND('',#1612,.F.);
#1612 = EDGE_LOOP('',(#1613,#1636,#1667,#1668));
#1613 = ORIENTED_EDGE('',*,*,#1614,.F.);
#1614 = EDGE_CURVE('',#1615,#840,#1617,.T.);
#1615 = VERTEX_POINT('',#1616);
#1616 = CARTESIAN_POINT('',(0.3619,-6.282,-4.2096));
#1617 = SEAM_CURVE('',#1618,(#1622,#1629),.PCURVE_S1.);
#1618 = LINE('',#1619,#1620);
#1619 = CARTESIAN_POINT('',(0.3619,-6.282,-4.86));
#1620 = VECTOR('',#1621,1.);
#1621 = DIRECTION('',(0.,0.,1.));
#1622 = PCURVE('',#860,#1623);
#1623 = DEFINITIONAL_REPRESENTATION('',(#1624),#1628);
#1624 = LINE('',#1625,#1626);
#1625 = CARTESIAN_POINT('',(-6.28318530718,0.));
#1626 = VECTOR('',#1627,1.);
#1627 = DIRECTION('',(-0.,-1.));
#1628 = ( GEOMETRIC_REPRESENTATION_CONTEXT(2) 
PARAMETRIC_REPRESENTATION_CONTEXT() REPRESENTATION_CONTEXT('2D SPACE',''
  ) );
#1629 = PCURVE('',#860,#1630);
#1630 = DEFINITIONAL_REPRESENTATION('',(#1631),#1635);
#1631 = LINE('',#1632,#1633);
#1632 = CARTESIAN_POINT('',(-0.,0.));
#1633 = VECTOR('',#1634,1.);
#1634 = DIRECTION('',(-0.,-1.));
#1635 = ( GEOMETRIC_REPRESENTATION_CONTEXT(2) 
PARAMETRIC_REPRESENTATION_CONTEXT() REPRESENTATION_CONTEXT('2D SPACE',''
  ) );
#1636 = ORIENTED_EDGE('',*,*,#1637,.T.);
#1637 = EDGE_CURVE('',#1615,#1615,#1638,.T.);
#1638 = SURFACE_CURVE('',#1639,(#1644,#1651),.PCURVE_S1.);
#1639 = CIRCLE('',#1640,3.49E-02);
#1640 = AXIS2_PLACEMENT_3D('',#1641,#1642,#1643);
#1641 = CARTESIAN_POINT('',(0.327,-6.282,-4.2096));
#1642 = DIRECTION('',(0.,0.,-1.));
#1643 = DIRECTION('',(1.,0.,0.));
#1644 = PCURVE('',#860,#1645);
#1645 = DEFINITIONAL_REPRESENTATION('',(#1646),#1650);
#1646 = LINE('',#1647,#1648);
#1647 = CARTESIAN_POINT('',(-6.28318530718,-0.6504));
#1648 = VECTOR('',#1649,1.);
#1649 = DIRECTION('',(1.,-0.));
#1650 = ( GEOMETRIC_REPRESENTATION_CONTEXT(2) 
PARAMETRIC_REPRESENTATION_CONTEXT() REPRESENTATION_CONTEXT('2D SPACE',''
  ) );
#1651 = PCURVE('',#1652,#1657);
#1652 = PLANE('',#1653);
#1653 = AXIS2_PLACEMENT_3D('',#1654,#1655,#1656);
#1654 = CARTESIAN_POINT('',(0.327,-6.282,-4.2096));
#1655 = DIRECTION('',(0.,0.,1.));
#1656 = DIRECTION('',(1.,0.,-0.));
#1657 = DEFINITIONAL_REPRESENTATION('',(#1658),#1666);
#1658 = ( BOUNDED_CURVE() B_SPLINE_CURVE(2,(#1659,#1660,#1661,#1662,
#1663,#1664,#1665),.UNSPECIFIED.,.T.,.F.) B_SPLINE_CURVE_WITH_KNOTS((1,2
    ,2,2,2,1),(-2.094395102393,0.,2.094395102393,4.188790204786,
6.28318530718,8.377580409573),.UNSPECIFIED.) CURVE() 
GEOMETRIC_REPRESENTATION_ITEM() RATIONAL_B_SPLINE_CURVE((1.,0.5,1.,0.5,
1.,0.5,1.)) REPRESENTATION_ITEM('') );
#1659 = CARTESIAN_POINT('',(3.49E-02,0.));
#1660 = CARTESIAN_POINT('',(3.49E-02,-6.044857318415E-02));
#1661 = CARTESIAN_POINT('',(-1.745E-02,-3.022428659208E-02));
#1662 = CARTESIAN_POINT('',(-6.98E-02,-8.548034658049E-18));
#1663 = CARTESIAN_POINT('',(-1.745E-02,3.022428659208E-02));
#1664 = CARTESIAN_POINT('',(3.49E-02,6.044857318415E-02));
#1665 = CARTESIAN_POINT('',(3.49E-02,0.));
#1666 = ( GEOMETRIC_REPRESENTATION_CONTEXT(2) 
PARAMETRIC_REPRESENTATION_CONTEXT() REPRESENTATION_CONTEXT('2D SPACE',''
  ) );
#1667 = ORIENTED_EDGE('',*,*,#1614,.T.);
#1668 = ORIENTED_EDGE('',*,*,#839,.F.);
#1669 = ADVANCED_FACE('',(#1670),#896,.F.);
#1670 = FACE_BOUND('',#1671,.F.);
#1671 = EDGE_LOOP('',(#1672,#1673,#1674,#1695));
#1672 = ORIENTED_EDGE('',*,*,#1078,.T.);
#1673 = ORIENTED_EDGE('',*,*,#875,.T.);
#1674 = ORIENTED_EDGE('',*,*,#1675,.F.);
#1675 = EDGE_CURVE('',#1676,#878,#1678,.T.);
#1676 = VERTEX_POINT('',#1677);
#1677 = CARTESIAN_POINT('',(0.404655688222,-5.87498712049,-0.6866));
#1678 = SURFACE_CURVE('',#1679,(#1682,#1689),.PCURVE_S1.);
#1679 = B_SPLINE_CURVE_WITH_KNOTS('',1,(#1680,#1681),.UNSPECIFIED.,.F.,
  .F.,(2,2),(1.,2.),.PIECEWISE_BEZIER_KNOTS.);
#1680 = CARTESIAN_POINT('',(0.404655688222,-5.87498712049,-0.6866));
#1681 = CARTESIAN_POINT('',(0.401520495564,-5.882129288718,-0.6866));
#1682 = PCURVE('',#896,#1683);
#1683 = DEFINITIONAL_REPRESENTATION('',(#1684),#1688);
#1684 = LINE('',#1685,#1686);
#1685 = CARTESIAN_POINT('',(0.,1.));
#1686 = VECTOR('',#1687,1.);
#1687 = DIRECTION('',(1.,0.));
#1688 = ( GEOMETRIC_REPRESENTATION_CONTEXT(2) 
PARAMETRIC_REPRESENTATION_CONTEXT() REPRESENTATION_CONTEXT('2D SPACE',''
  ) );
#1689 = PCURVE('',#1009,#1690);
#1690 = DEFINITIONAL_REPRESENTATION('',(#1691),#1694);
#1691 = B_SPLINE_CURVE_WITH_KNOTS('',1,(#1692,#1693),.UNSPECIFIED.,.F.,
  .F.,(2,2),(1.,2.),.PIECEWISE_BEZIER_KNOTS.);
#1692 = CARTESIAN_POINT('',(0.213457726543,-7.794804620953E-03));
#1693 = CARTESIAN_POINT('',(0.213742368285,0.));
#1694 = ( GEOMETRIC_REPRESENTATION_CONTEXT(2) 
PARAMETRIC_REPRESENTATION_CONTEXT() REPRESENTATION_CONTEXT('2D SPACE',''
  ) );
#1695 = ORIENTED_EDGE('',*,*,#1696,.F.);
#1696 = EDGE_CURVE('',#1045,#1676,#1697,.T.);
#1697 = SURFACE_CURVE('',#1698,(#1705,#1712),.PCURVE_S1.);
#1698 = ( BOUNDED_CURVE() B_SPLINE_CURVE(5,(#1699,#1700,#1701,#1702,
#1703,#1704),.UNSPECIFIED.,.F.,.F.) B_SPLINE_CURVE_WITH_KNOTS((6,6),(0.,
1.),.PIECEWISE_BEZIER_KNOTS.) CURVE() GEOMETRIC_REPRESENTATION_ITEM() 
RATIONAL_B_SPLINE_CURVE((1.,1.,1.,1.,1.,1.)) REPRESENTATION_ITEM('') );
#1699 = CARTESIAN_POINT('',(0.36140155717,-6.220290678465,-0.71865));
#1700 = CARTESIAN_POINT('',(0.41237816216,-6.168029260268,
    -0.711628432917));
#1701 = CARTESIAN_POINT('',(0.444816120305,-6.096789841101,
    -0.704737229879));
#1702 = CARTESIAN_POINT('',(0.450372798622,-6.018061274509,
    -0.698281072925));
#1703 = CARTESIAN_POINT('',(0.435623086079,-5.943329863319,
    -0.692250896847));
#1704 = CARTESIAN_POINT('',(0.404655688222,-5.87498712049,-0.6866));
#1705 = PCURVE('',#896,#1706);
#1706 = DEFINITIONAL_REPRESENTATION('',(#1707),#1711);
#1707 = LINE('',#1708,#1709);
#1708 = CARTESIAN_POINT('',(1.,0.));
#1709 = VECTOR('',#1710,1.);
#1710 = DIRECTION('',(0.,1.));
#1711 = ( GEOMETRIC_REPRESENTATION_CONTEXT(2) 
PARAMETRIC_REPRESENTATION_CONTEXT() REPRESENTATION_CONTEXT('2D SPACE',''
  ) );
#1712 = PCURVE('',#1058,#1713);
#1713 = DEFINITIONAL_REPRESENTATION('',(#1714),#1718);
#1714 = LINE('',#1715,#1716);
#1715 = CARTESIAN_POINT('',(1.,0.));
#1716 = VECTOR('',#1717,1.);
#1717 = DIRECTION('',(0.,1.));
#1718 = ( GEOMETRIC_REPRESENTATION_CONTEXT(2) 
PARAMETRIC_REPRESENTATION_CONTEXT() REPRESENTATION_CONTEXT('2D SPACE',''
  ) );
#1719 = ADVANCED_FACE('',(#1720),#1009,.F.);
#1720 = FACE_BOUND('',#1721,.F.);
#1721 = EDGE_LOOP('',(#1722,#1743,#1744,#1745));
#1722 = ORIENTED_EDGE('',*,*,#1723,.T.);
#1723 = EDGE_CURVE('',#1724,#1676,#1726,.T.);
#1724 = VERTEX_POINT('',#1725);
#1725 = CARTESIAN_POINT('',(0.574037725761,-5.94934063661,-0.7934));
#1726 = SURFACE_CURVE('',#1727,(#1730,#1736),.PCURVE_S1.);
#1727 = B_SPLINE_CURVE_WITH_KNOTS('',1,(#1728,#1729),.UNSPECIFIED.,.F.,
  .F.,(2,2),(0.,1.),.PIECEWISE_BEZIER_KNOTS.);
#1728 = CARTESIAN_POINT('',(0.574037725761,-5.94934063661,-0.7934));
#1729 = CARTESIAN_POINT('',(0.404655688222,-5.87498712049,-0.6866));
#1730 = PCURVE('',#1009,#1731);
#1731 = DEFINITIONAL_REPRESENTATION('',(#1732),#1735);
#1732 = B_SPLINE_CURVE_WITH_KNOTS('',1,(#1733,#1734),.UNSPECIFIED.,.F.,
  .F.,(2,2),(0.,1.),.PIECEWISE_BEZIER_KNOTS.);
#1733 = CARTESIAN_POINT('',(0.,0.));
#1734 = CARTESIAN_POINT('',(0.213457726543,-7.794804620953E-03));
#1735 = ( GEOMETRIC_REPRESENTATION_CONTEXT(2) 
PARAMETRIC_REPRESENTATION_CONTEXT() REPRESENTATION_CONTEXT('2D SPACE',''
  ) );
#1736 = PCURVE('',#1058,#1737);
#1737 = DEFINITIONAL_REPRESENTATION('',(#1738),#1742);
#1738 = LINE('',#1739,#1740);
#1739 = CARTESIAN_POINT('',(0.,1.));
#1740 = VECTOR('',#1741,1.);
#1741 = DIRECTION('',(1.,0.));
#1742 = ( GEOMETRIC_REPRESENTATION_CONTEXT(2) 
PARAMETRIC_REPRESENTATION_CONTEXT() REPRESENTATION_CONTEXT('2D SPACE',''
  ) );
#1743 = ORIENTED_EDGE('',*,*,#1675,.T.);
#1744 = ORIENTED_EDGE('',*,*,#996,.T.);
#1745 = ORIENTED_EDGE('',*,*,#1746,.T.);
#1746 = EDGE_CURVE('',#958,#1724,#1747,.T.);
#1747 = SURFACE_CURVE('',#1748,(#1751,#1757),.PCURVE_S1.);
#1748 = B_SPLINE_CURVE_WITH_KNOTS('',1,(#1749,#1750),.UNSPECIFIED.,.F.,
  .F.,(2,2),(3.,4.),.PIECEWISE_BEZIER_KNOTS.);
#1749 = CARTESIAN_POINT('',(0.570902533103,-5.956482804838,-0.7934));
#1750 = CARTESIAN_POINT('',(0.574037725761,-5.94934063661,-0.7934));
#1751 = PCURVE('',#1009,#1752);
#1752 = DEFINITIONAL_REPRESENTATION('',(#1753),#1756);
#1753 = B_SPLINE_CURVE_WITH_KNOTS('',1,(#1754,#1755),.UNSPECIFIED.,.F.,
  .F.,(2,2),(3.,4.),.PIECEWISE_BEZIER_KNOTS.);
#1754 = CARTESIAN_POINT('',(2.846417417759E-04,7.794804620953E-03));
#1755 = CARTESIAN_POINT('',(0.,0.));
#1756 = ( GEOMETRIC_REPRESENTATION_CONTEXT(2) 
PARAMETRIC_REPRESENTATION_CONTEXT() REPRESENTATION_CONTEXT('2D SPACE',''
  ) );
#1757 = PCURVE('',#976,#1758);
#1758 = DEFINITIONAL_REPRESENTATION('',(#1759),#1763);
#1759 = LINE('',#1760,#1761);
#1760 = CARTESIAN_POINT('',(0.,1.));
#1761 = VECTOR('',#1762,1.);
#1762 = DIRECTION('',(1.,0.));
#1763 = ( GEOMETRIC_REPRESENTATION_CONTEXT(2) 
PARAMETRIC_REPRESENTATION_CONTEXT() REPRESENTATION_CONTEXT('2D SPACE',''
  ) );
#1764 = ADVANCED_FACE('',(#1765),#976,.F.);
#1765 = FACE_BOUND('',#1766,.F.);
#1766 = EDGE_LOOP('',(#1767,#1768,#1792,#1793));
#1767 = ORIENTED_EDGE('',*,*,#1023,.T.);
#1768 = ORIENTED_EDGE('',*,*,#1769,.T.);
#1769 = EDGE_CURVE('',#1024,#1724,#1770,.T.);
#1770 = SURFACE_CURVE('',#1771,(#1778,#1785),.PCURVE_S1.);
#1771 = ( BOUNDED_CURVE() B_SPLINE_CURVE(5,(#1772,#1773,#1774,#1775,
#1776,#1777),.UNSPECIFIED.,.F.,.F.) B_SPLINE_CURVE_WITH_KNOTS((6,6),(0.,
1.),.PIECEWISE_BEZIER_KNOTS.) CURVE() GEOMETRIC_REPRESENTATION_ITEM() 
RATIONAL_B_SPLINE_CURVE((1.,1.,1.,1.,1.,1.)) REPRESENTATION_ITEM('') );
#1772 = CARTESIAN_POINT('',(0.397595583231,-6.284787674344,-0.76135));
#1773 = CARTESIAN_POINT('',(0.46958085231,-6.248614406428,
    -0.768371567083));
#1774 = CARTESIAN_POINT('',(0.52935333283,-6.187362688382,
    -0.775262770121));
#1775 = CARTESIAN_POINT('',(0.564780474558,-6.109685873941,
    -0.781718927075));
#1776 = CARTESIAN_POINT('',(0.578589270034,-6.029106712522,
    -0.787749103153));
#1777 = CARTESIAN_POINT('',(0.574037725761,-5.94934063661,-0.7934));
#1778 = PCURVE('',#976,#1779);
#1779 = DEFINITIONAL_REPRESENTATION('',(#1780),#1784);
#1780 = LINE('',#1781,#1782);
#1781 = CARTESIAN_POINT('',(4.,0.));
#1782 = VECTOR('',#1783,1.);
#1783 = DIRECTION('',(0.,1.));
#1784 = ( GEOMETRIC_REPRESENTATION_CONTEXT(2) 
PARAMETRIC_REPRESENTATION_CONTEXT() REPRESENTATION_CONTEXT('2D SPACE',''
  ) );
#1785 = PCURVE('',#1058,#1786);
#1786 = DEFINITIONAL_REPRESENTATION('',(#1787),#1791);
#1787 = LINE('',#1788,#1789);
#1788 = CARTESIAN_POINT('',(0.,0.));
#1789 = VECTOR('',#1790,1.);
#1790 = DIRECTION('',(0.,1.));
#1791 = ( GEOMETRIC_REPRESENTATION_CONTEXT(2) 
PARAMETRIC_REPRESENTATION_CONTEXT() REPRESENTATION_CONTEXT('2D SPACE',''
  ) );
#1792 = ORIENTED_EDGE('',*,*,#1746,.F.);
#1793 = ORIENTED_EDGE('',*,*,#957,.F.);
#1794 = ADVANCED_FACE('',(#1795),#1058,.F.);
#1795 = FACE_BOUND('',#1796,.F.);
#1796 = EDGE_LOOP('',(#1797,#1798,#1799,#1800));
#1797 = ORIENTED_EDGE('',*,*,#1044,.T.);
#1798 = ORIENTED_EDGE('',*,*,#1696,.T.);
#1799 = ORIENTED_EDGE('',*,*,#1723,.F.);
#1800 = ORIENTED_EDGE('',*,*,#1769,.F.);
#1801 = ADVANCED_FACE('',(#1802),#1124,.F.);
#1802 = FACE_BOUND('',#1803,.F.);
#1803 = EDGE_LOOP('',(#1804,#1805,#1806,#1827));
#1804 = ORIENTED_EDGE('',*,*,#1306,.T.);
#1805 = ORIENTED_EDGE('',*,*,#1103,.T.);
#1806 = ORIENTED_EDGE('',*,*,#1807,.F.);
#1807 = EDGE_CURVE('',#1808,#1106,#1810,.T.);
#1808 = VERTEX_POINT('',#1809);
#1809 = CARTESIAN_POINT('',(0.249344311778,-6.68901287951,-0.6866));
#1810 = SURFACE_CURVE('',#1811,(#1814,#1821),.PCURVE_S1.);
#1811 = B_SPLINE_CURVE_WITH_KNOTS('',1,(#1812,#1813),.UNSPECIFIED.,.F.,
  .F.,(2,2),(1.,2.),.PIECEWISE_BEZIER_KNOTS.);
#1812 = CARTESIAN_POINT('',(0.249344311778,-6.68901287951,-0.6866));
#1813 = CARTESIAN_POINT('',(0.252479504436,-6.681870711282,-0.6866));
#1814 = PCURVE('',#1124,#1815);
#1815 = DEFINITIONAL_REPRESENTATION('',(#1816),#1820);
#1816 = LINE('',#1817,#1818);
#1817 = CARTESIAN_POINT('',(0.,1.));
#1818 = VECTOR('',#1819,1.);
#1819 = DIRECTION('',(1.,0.));
#1820 = ( GEOMETRIC_REPRESENTATION_CONTEXT(2) 
PARAMETRIC_REPRESENTATION_CONTEXT() REPRESENTATION_CONTEXT('2D SPACE',''
  ) );
#1821 = PCURVE('',#1237,#1822);
#1822 = DEFINITIONAL_REPRESENTATION('',(#1823),#1826);
#1823 = B_SPLINE_CURVE_WITH_KNOTS('',1,(#1824,#1825),.UNSPECIFIED.,.F.,
  .F.,(2,2),(1.,2.),.PIECEWISE_BEZIER_KNOTS.);
#1824 = CARTESIAN_POINT('',(0.213457726543,7.794804620953E-03));
#1825 = CARTESIAN_POINT('',(0.213742368285,-8.881784197001E-16));
#1826 = ( GEOMETRIC_REPRESENTATION_CONTEXT(2) 
PARAMETRIC_REPRESENTATION_CONTEXT() REPRESENTATION_CONTEXT('2D SPACE',''
  ) );
#1827 = ORIENTED_EDGE('',*,*,#1828,.F.);
#1828 = EDGE_CURVE('',#1273,#1808,#1829,.T.);
#1829 = SURFACE_CURVE('',#1830,(#1837,#1844),.PCURVE_S1.);
#1830 = ( BOUNDED_CURVE() B_SPLINE_CURVE(5,(#1831,#1832,#1833,#1834,
#1835,#1836),.UNSPECIFIED.,.F.,.F.) B_SPLINE_CURVE_WITH_KNOTS((6,6),(0.,
1.),.PIECEWISE_BEZIER_KNOTS.) CURVE() GEOMETRIC_REPRESENTATION_ITEM() 
RATIONAL_B_SPLINE_CURVE((1.,1.,1.,1.,1.,1.)) REPRESENTATION_ITEM('') );
#1831 = CARTESIAN_POINT('',(0.29259844283,-6.343709321535,-0.71865));
#1832 = CARTESIAN_POINT('',(0.24162183784,-6.395970739732,
    -0.711628432917));
#1833 = CARTESIAN_POINT('',(0.209183879695,-6.467210158899,
    -0.704737229879));
#1834 = CARTESIAN_POINT('',(0.203627201378,-6.545938725491,
    -0.698281072925));
#1835 = CARTESIAN_POINT('',(0.218376913921,-6.620670136681,
    -0.692250896847));
#1836 = CARTESIAN_POINT('',(0.249344311778,-6.68901287951,-0.6866));
#1837 = PCURVE('',#1124,#1838);
#1838 = DEFINITIONAL_REPRESENTATION('',(#1839),#1843);
#1839 = LINE('',#1840,#1841);
#1840 = CARTESIAN_POINT('',(1.,0.));
#1841 = VECTOR('',#1842,1.);
#1842 = DIRECTION('',(0.,1.));
#1843 = ( GEOMETRIC_REPRESENTATION_CONTEXT(2) 
PARAMETRIC_REPRESENTATION_CONTEXT() REPRESENTATION_CONTEXT('2D SPACE',''
  ) );
#1844 = PCURVE('',#1286,#1845);
#1845 = DEFINITIONAL_REPRESENTATION('',(#1846),#1850);
#1846 = LINE('',#1847,#1848);
#1847 = CARTESIAN_POINT('',(1.,0.));
#1848 = VECTOR('',#1849,1.);
#1849 = DIRECTION('',(0.,1.));
#1850 = ( GEOMETRIC_REPRESENTATION_CONTEXT(2) 
PARAMETRIC_REPRESENTATION_CONTEXT() REPRESENTATION_CONTEXT('2D SPACE',''
  ) );
#1851 = ADVANCED_FACE('',(#1852),#1237,.T.);
#1852 = FACE_BOUND('',#1853,.F.);
#1853 = EDGE_LOOP('',(#1854,#1875,#1876,#1877));
#1854 = ORIENTED_EDGE('',*,*,#1855,.T.);
#1855 = EDGE_CURVE('',#1856,#1808,#1858,.T.);
#1856 = VERTEX_POINT('',#1857);
#1857 = CARTESIAN_POINT('',(7.996227423947E-02,-6.61465936339,-0.7934));
#1858 = SURFACE_CURVE('',#1859,(#1862,#1868),.PCURVE_S1.);
#1859 = B_SPLINE_CURVE_WITH_KNOTS('',1,(#1860,#1861),.UNSPECIFIED.,.F.,
  .F.,(2,2),(0.,1.),.PIECEWISE_BEZIER_KNOTS.);
#1860 = CARTESIAN_POINT('',(7.996227423947E-02,-6.61465936339,-0.7934));
#1861 = CARTESIAN_POINT('',(0.249344311778,-6.68901287951,-0.6866));
#1862 = PCURVE('',#1237,#1863);
#1863 = DEFINITIONAL_REPRESENTATION('',(#1864),#1867);
#1864 = B_SPLINE_CURVE_WITH_KNOTS('',1,(#1865,#1866),.UNSPECIFIED.,.F.,
  .F.,(2,2),(0.,1.),.PIECEWISE_BEZIER_KNOTS.);
#1865 = CARTESIAN_POINT('',(0.,0.));
#1866 = CARTESIAN_POINT('',(0.213457726543,7.794804620953E-03));
#1867 = ( GEOMETRIC_REPRESENTATION_CONTEXT(2) 
PARAMETRIC_REPRESENTATION_CONTEXT() REPRESENTATION_CONTEXT('2D SPACE',''
  ) );
#1868 = PCURVE('',#1286,#1869);
#1869 = DEFINITIONAL_REPRESENTATION('',(#1870),#1874);
#1870 = LINE('',#1871,#1872);
#1871 = CARTESIAN_POINT('',(0.,1.));
#1872 = VECTOR('',#1873,1.);
#1873 = DIRECTION('',(1.,0.));
#1874 = ( GEOMETRIC_REPRESENTATION_CONTEXT(2) 
PARAMETRIC_REPRESENTATION_CONTEXT() REPRESENTATION_CONTEXT('2D SPACE',''
  ) );
#1875 = ORIENTED_EDGE('',*,*,#1807,.T.);
#1876 = ORIENTED_EDGE('',*,*,#1224,.T.);
#1877 = ORIENTED_EDGE('',*,*,#1878,.T.);
#1878 = EDGE_CURVE('',#1186,#1856,#1879,.T.);
#1879 = SURFACE_CURVE('',#1880,(#1883,#1889),.PCURVE_S1.);
#1880 = B_SPLINE_CURVE_WITH_KNOTS('',1,(#1881,#1882),.UNSPECIFIED.,.F.,
  .F.,(2,2),(3.,4.),.PIECEWISE_BEZIER_KNOTS.);
#1881 = CARTESIAN_POINT('',(8.309746689739E-02,-6.607517195162,-0.7934)
  );
#1882 = CARTESIAN_POINT('',(7.996227423947E-02,-6.61465936339,-0.7934));
#1883 = PCURVE('',#1237,#1884);
#1884 = DEFINITIONAL_REPRESENTATION('',(#1885),#1888);
#1885 = B_SPLINE_CURVE_WITH_KNOTS('',1,(#1886,#1887),.UNSPECIFIED.,.F.,
  .F.,(2,2),(3.,4.),.PIECEWISE_BEZIER_KNOTS.);
#1886 = CARTESIAN_POINT('',(2.846417417763E-04,-7.794804620953E-03));
#1887 = CARTESIAN_POINT('',(0.,0.));
#1888 = ( GEOMETRIC_REPRESENTATION_CONTEXT(2) 
PARAMETRIC_REPRESENTATION_CONTEXT() REPRESENTATION_CONTEXT('2D SPACE',''
  ) );
#1889 = PCURVE('',#1204,#1890);
#1890 = DEFINITIONAL_REPRESENTATION('',(#1891),#1895);
#1891 = LINE('',#1892,#1893);
#1892 = CARTESIAN_POINT('',(0.,1.));
#1893 = VECTOR('',#1894,1.);
#1894 = DIRECTION('',(1.,0.));
#1895 = ( GEOMETRIC_REPRESENTATION_CONTEXT(2) 
PARAMETRIC_REPRESENTATION_CONTEXT() REPRESENTATION_CONTEXT('2D SPACE',''
  ) );
#1896 = ADVANCED_FACE('',(#1897),#1204,.F.);
#1897 = FACE_BOUND('',#1898,.F.);
#1898 = EDGE_LOOP('',(#1899,#1900,#1924,#1925));
#1899 = ORIENTED_EDGE('',*,*,#1251,.T.);
#1900 = ORIENTED_EDGE('',*,*,#1901,.T.);
#1901 = EDGE_CURVE('',#1252,#1856,#1902,.T.);
#1902 = SURFACE_CURVE('',#1903,(#1910,#1917),.PCURVE_S1.);
#1903 = ( BOUNDED_CURVE() B_SPLINE_CURVE(5,(#1904,#1905,#1906,#1907,
#1908,#1909),.UNSPECIFIED.,.F.,.F.) B_SPLINE_CURVE_WITH_KNOTS((6,6),(0.,
1.),.PIECEWISE_BEZIER_KNOTS.) CURVE() GEOMETRIC_REPRESENTATION_ITEM() 
RATIONAL_B_SPLINE_CURVE((1.,1.,1.,1.,1.,1.)) REPRESENTATION_ITEM('') );
#1904 = CARTESIAN_POINT('',(0.256404416769,-6.279212325656,-0.76135));
#1905 = CARTESIAN_POINT('',(0.18441914769,-6.315385593572,
    -0.768371567083));
#1906 = CARTESIAN_POINT('',(0.12464666717,-6.376637311618,
    -0.775262770121));
#1907 = CARTESIAN_POINT('',(8.921952544151E-02,-6.454314126059,
    -0.781718927075));
#1908 = CARTESIAN_POINT('',(7.541072996613E-02,-6.534893287477,
    -0.787749103153));
#1909 = CARTESIAN_POINT('',(7.996227423947E-02,-6.61465936339,-0.7934));
#1910 = PCURVE('',#1204,#1911);
#1911 = DEFINITIONAL_REPRESENTATION('',(#1912),#1916);
#1912 = LINE('',#1913,#1914);
#1913 = CARTESIAN_POINT('',(4.,0.));
#1914 = VECTOR('',#1915,1.);
#1915 = DIRECTION('',(0.,1.));
#1916 = ( GEOMETRIC_REPRESENTATION_CONTEXT(2) 
PARAMETRIC_REPRESENTATION_CONTEXT() REPRESENTATION_CONTEXT('2D SPACE',''
  ) );
#1917 = PCURVE('',#1286,#1918);
#1918 = DEFINITIONAL_REPRESENTATION('',(#1919),#1923);
#1919 = LINE('',#1920,#1921);
#1920 = CARTESIAN_POINT('',(0.,0.));
#1921 = VECTOR('',#1922,1.);
#1922 = DIRECTION('',(0.,1.));
#1923 = ( GEOMETRIC_REPRESENTATION_CONTEXT(2) 
PARAMETRIC_REPRESENTATION_CONTEXT() REPRESENTATION_CONTEXT('2D SPACE',''
  ) );
#1924 = ORIENTED_EDGE('',*,*,#1878,.F.);
#1925 = ORIENTED_EDGE('',*,*,#1185,.F.);
#1926 = ADVANCED_FACE('',(#1927),#1286,.F.);
#1927 = FACE_BOUND('',#1928,.F.);
#1928 = EDGE_LOOP('',(#1929,#1930,#1931,#1932));
#1929 = ORIENTED_EDGE('',*,*,#1272,.T.);
#1930 = ORIENTED_EDGE('',*,*,#1828,.T.);
#1931 = ORIENTED_EDGE('',*,*,#1855,.F.);
#1932 = ORIENTED_EDGE('',*,*,#1901,.F.);
#1933 = ADVANCED_FACE('',(#1934),#1352,.F.);
#1934 = FACE_BOUND('',#1935,.F.);
#1935 = EDGE_LOOP('',(#1936,#1937,#1938,#1959));
#1936 = ORIENTED_EDGE('',*,*,#1537,.T.);
#1937 = ORIENTED_EDGE('',*,*,#1331,.T.);
#1938 = ORIENTED_EDGE('',*,*,#1939,.F.);
#1939 = EDGE_CURVE('',#1940,#1334,#1942,.T.);
#1940 = VERTEX_POINT('',#1941);
#1941 = CARTESIAN_POINT('',(0.73401287951,-6.359655688222,-0.6866));
#1942 = SURFACE_CURVE('',#1943,(#1946,#1953),.PCURVE_S1.);
#1943 = B_SPLINE_CURVE_WITH_KNOTS('',1,(#1944,#1945),.UNSPECIFIED.,.F.,
  .F.,(2,2),(1.,2.),.PIECEWISE_BEZIER_KNOTS.);
#1944 = CARTESIAN_POINT('',(0.73401287951,-6.359655688222,-0.6866));
#1945 = CARTESIAN_POINT('',(0.726870711282,-6.356520495564,-0.6866));
#1946 = PCURVE('',#1352,#1947);
#1947 = DEFINITIONAL_REPRESENTATION('',(#1948),#1952);
#1948 = LINE('',#1949,#1950);
#1949 = CARTESIAN_POINT('',(0.,1.));
#1950 = VECTOR('',#1951,1.);
#1951 = DIRECTION('',(1.,0.));
#1952 = ( GEOMETRIC_REPRESENTATION_CONTEXT(2) 
PARAMETRIC_REPRESENTATION_CONTEXT() REPRESENTATION_CONTEXT('2D SPACE',''
  ) );
#1953 = PCURVE('',#1465,#1954);
#1954 = DEFINITIONAL_REPRESENTATION('',(#1955),#1958);
#1955 = B_SPLINE_CURVE_WITH_KNOTS('',1,(#1956,#1957),.UNSPECIFIED.,.F.,
  .F.,(2,2),(1.,2.),.PIECEWISE_BEZIER_KNOTS.);
#1956 = CARTESIAN_POINT('',(0.213457726543,-7.794804620953E-03));
#1957 = CARTESIAN_POINT('',(0.213742368285,-4.440892098501E-16));
#1958 = ( GEOMETRIC_REPRESENTATION_CONTEXT(2) 
PARAMETRIC_REPRESENTATION_CONTEXT() REPRESENTATION_CONTEXT('2D SPACE',''
  ) );
#1959 = ORIENTED_EDGE('',*,*,#1960,.F.);
#1960 = EDGE_CURVE('',#1482,#1940,#1961,.T.);
#1961 = SURFACE_CURVE('',#1962,(#1969,#1976),.PCURVE_S1.);
#1962 = ( BOUNDED_CURVE() B_SPLINE_CURVE(5,(#1963,#1964,#1965,#1966,
#1967,#1968),.UNSPECIFIED.,.F.,.F.) B_SPLINE_CURVE_WITH_KNOTS((6,6),(0.,
1.),.PIECEWISE_BEZIER_KNOTS.) CURVE() GEOMETRIC_REPRESENTATION_ITEM() 
RATIONAL_B_SPLINE_CURVE((1.,1.,1.,1.,1.,1.)) REPRESENTATION_ITEM('') );
#1963 = CARTESIAN_POINT('',(0.388709321535,-6.31640155717,-0.71865));
#1964 = CARTESIAN_POINT('',(0.440970739732,-6.36737816216,
    -0.711628432917));
#1965 = CARTESIAN_POINT('',(0.512210158899,-6.399816120305,
    -0.704737229879));
#1966 = CARTESIAN_POINT('',(0.590938725491,-6.405372798623,
    -0.698281072925));
#1967 = CARTESIAN_POINT('',(0.665670136681,-6.390623086078,
    -0.692250896847));
#1968 = CARTESIAN_POINT('',(0.73401287951,-6.359655688222,-0.6866));
#1969 = PCURVE('',#1352,#1970);
#1970 = DEFINITIONAL_REPRESENTATION('',(#1971),#1975);
#1971 = LINE('',#1972,#1973);
#1972 = CARTESIAN_POINT('',(1.,0.));
#1973 = VECTOR('',#1974,1.);
#1974 = DIRECTION('',(0.,1.));
#1975 = ( GEOMETRIC_REPRESENTATION_CONTEXT(2) 
PARAMETRIC_REPRESENTATION_CONTEXT() REPRESENTATION_CONTEXT('2D SPACE',''
  ) );
#1976 = PCURVE('',#1495,#1977);
#1977 = DEFINITIONAL_REPRESENTATION('',(#1978),#1982);
#1978 = LINE('',#1979,#1980);
#1979 = CARTESIAN_POINT('',(1.,0.));
#1980 = VECTOR('',#1981,1.);
#1981 = DIRECTION('',(0.,1.));
#1982 = ( GEOMETRIC_REPRESENTATION_CONTEXT(2) 
PARAMETRIC_REPRESENTATION_CONTEXT() REPRESENTATION_CONTEXT('2D SPACE',''
  ) );
#1983 = ADVANCED_FACE('',(#1984),#1465,.F.);
#1984 = FACE_BOUND('',#1985,.F.);
#1985 = EDGE_LOOP('',(#1986,#2007,#2008,#2009));
#1986 = ORIENTED_EDGE('',*,*,#1987,.T.);
#1987 = EDGE_CURVE('',#1988,#1940,#1990,.T.);
#1988 = VERTEX_POINT('',#1989);
#1989 = CARTESIAN_POINT('',(0.65965936339,-6.529037725761,-0.7934));
#1990 = SURFACE_CURVE('',#1991,(#1994,#2000),.PCURVE_S1.);
#1991 = B_SPLINE_CURVE_WITH_KNOTS('',1,(#1992,#1993),.UNSPECIFIED.,.F.,
  .F.,(2,2),(0.,1.),.PIECEWISE_BEZIER_KNOTS.);
#1992 = CARTESIAN_POINT('',(0.65965936339,-6.529037725761,-0.7934));
#1993 = CARTESIAN_POINT('',(0.73401287951,-6.359655688222,-0.6866));
#1994 = PCURVE('',#1465,#1995);
#1995 = DEFINITIONAL_REPRESENTATION('',(#1996),#1999);
#1996 = B_SPLINE_CURVE_WITH_KNOTS('',1,(#1997,#1998),.UNSPECIFIED.,.F.,
  .F.,(2,2),(0.,1.),.PIECEWISE_BEZIER_KNOTS.);
#1997 = CARTESIAN_POINT('',(0.,0.));
#1998 = CARTESIAN_POINT('',(0.213457726543,-7.794804620953E-03));
#1999 = ( GEOMETRIC_REPRESENTATION_CONTEXT(2) 
PARAMETRIC_REPRESENTATION_CONTEXT() REPRESENTATION_CONTEXT('2D SPACE',''
  ) );
#2000 = PCURVE('',#1495,#2001);
#2001 = DEFINITIONAL_REPRESENTATION('',(#2002),#2006);
#2002 = LINE('',#2003,#2004);
#2003 = CARTESIAN_POINT('',(0.,1.));
#2004 = VECTOR('',#2005,1.);
#2005 = DIRECTION('',(1.,0.));
#2006 = ( GEOMETRIC_REPRESENTATION_CONTEXT(2) 
PARAMETRIC_REPRESENTATION_CONTEXT() REPRESENTATION_CONTEXT('2D SPACE',''
  ) );
#2007 = ORIENTED_EDGE('',*,*,#1939,.T.);
#2008 = ORIENTED_EDGE('',*,*,#1452,.T.);
#2009 = ORIENTED_EDGE('',*,*,#2010,.T.);
#2010 = EDGE_CURVE('',#1414,#1988,#2011,.T.);
#2011 = SURFACE_CURVE('',#2012,(#2015,#2021),.PCURVE_S1.);
#2012 = B_SPLINE_CURVE_WITH_KNOTS('',1,(#2013,#2014),.UNSPECIFIED.,.F.,
  .F.,(2,2),(3.,4.),.PIECEWISE_BEZIER_KNOTS.);
#2013 = CARTESIAN_POINT('',(0.652517195162,-6.525902533103,-0.7934));
#2014 = CARTESIAN_POINT('',(0.65965936339,-6.529037725761,-0.7934));
#2015 = PCURVE('',#1465,#2016);
#2016 = DEFINITIONAL_REPRESENTATION('',(#2017),#2020);
#2017 = B_SPLINE_CURVE_WITH_KNOTS('',1,(#2018,#2019),.UNSPECIFIED.,.F.,
  .F.,(2,2),(3.,4.),.PIECEWISE_BEZIER_KNOTS.);
#2018 = CARTESIAN_POINT('',(2.846417417768E-04,7.794804620954E-03));
#2019 = CARTESIAN_POINT('',(0.,0.));
#2020 = ( GEOMETRIC_REPRESENTATION_CONTEXT(2) 
PARAMETRIC_REPRESENTATION_CONTEXT() REPRESENTATION_CONTEXT('2D SPACE',''
  ) );
#2021 = PCURVE('',#1432,#2022);
#2022 = DEFINITIONAL_REPRESENTATION('',(#2023),#2027);
#2023 = LINE('',#2024,#2025);
#2024 = CARTESIAN_POINT('',(0.,1.));
#2025 = VECTOR('',#2026,1.);
#2026 = DIRECTION('',(1.,0.));
#2027 = ( GEOMETRIC_REPRESENTATION_CONTEXT(2) 
PARAMETRIC_REPRESENTATION_CONTEXT() REPRESENTATION_CONTEXT('2D SPACE',''
  ) );
#2028 = ADVANCED_FACE('',(#2029),#1432,.F.);
#2029 = FACE_BOUND('',#2030,.F.);
#2030 = EDGE_LOOP('',(#2031,#2032,#2056,#2057));
#2031 = ORIENTED_EDGE('',*,*,#1515,.T.);
#2032 = ORIENTED_EDGE('',*,*,#2033,.T.);
#2033 = EDGE_CURVE('',#1480,#1988,#2034,.T.);
#2034 = SURFACE_CURVE('',#2035,(#2042,#2049),.PCURVE_S1.);
#2035 = ( BOUNDED_CURVE() B_SPLINE_CURVE(5,(#2036,#2037,#2038,#2039,
#2040,#2041),.UNSPECIFIED.,.F.,.F.) B_SPLINE_CURVE_WITH_KNOTS((6,6),(0.,
1.),.PIECEWISE_BEZIER_KNOTS.) CURVE() GEOMETRIC_REPRESENTATION_ITEM() 
RATIONAL_B_SPLINE_CURVE((1.,1.,1.,1.,1.,1.)) REPRESENTATION_ITEM('') );
#2036 = CARTESIAN_POINT('',(0.324212325656,-6.352595583231,-0.76135));
#2037 = CARTESIAN_POINT('',(0.360385593572,-6.42458085231,
    -0.768371567083));
#2038 = CARTESIAN_POINT('',(0.421637311618,-6.48435333283,
    -0.775262770121));
#2039 = CARTESIAN_POINT('',(0.499314126059,-6.519780474559,
    -0.781718927075));
#2040 = CARTESIAN_POINT('',(0.579893287477,-6.533589270034,
    -0.787749103153));
#2041 = CARTESIAN_POINT('',(0.65965936339,-6.529037725761,-0.7934));
#2042 = PCURVE('',#1432,#2043);
#2043 = DEFINITIONAL_REPRESENTATION('',(#2044),#2048);
#2044 = LINE('',#2045,#2046);
#2045 = CARTESIAN_POINT('',(4.,0.));
#2046 = VECTOR('',#2047,1.);
#2047 = DIRECTION('',(0.,1.));
#2048 = ( GEOMETRIC_REPRESENTATION_CONTEXT(2) 
PARAMETRIC_REPRESENTATION_CONTEXT() REPRESENTATION_CONTEXT('2D SPACE',''
  ) );
#2049 = PCURVE('',#1495,#2050);
#2050 = DEFINITIONAL_REPRESENTATION('',(#2051),#2055);
#2051 = LINE('',#2052,#2053);
#2052 = CARTESIAN_POINT('',(0.,0.));
#2053 = VECTOR('',#2054,1.);
#2054 = DIRECTION('',(0.,1.));
#2055 = ( GEOMETRIC_REPRESENTATION_CONTEXT(2) 
PARAMETRIC_REPRESENTATION_CONTEXT() REPRESENTATION_CONTEXT('2D SPACE',''
  ) );
#2056 = ORIENTED_EDGE('',*,*,#2010,.F.);
#2057 = ORIENTED_EDGE('',*,*,#1413,.F.);
#2058 = ADVANCED_FACE('',(#2059),#1495,.F.);
#2059 = FACE_BOUND('',#2060,.F.);
#2060 = EDGE_LOOP('',(#2061,#2062,#2063,#2064));
#2061 = ORIENTED_EDGE('',*,*,#1479,.T.);
#2062 = ORIENTED_EDGE('',*,*,#1960,.T.);
#2063 = ORIENTED_EDGE('',*,*,#1987,.F.);
#2064 = ORIENTED_EDGE('',*,*,#2033,.F.);
#2065 = ADVANCED_FACE('',(#2066),#1598,.T.);
#2066 = FACE_BOUND('',#2067,.T.);
#2067 = EDGE_LOOP('',(#2068));
#2068 = ORIENTED_EDGE('',*,*,#1583,.T.);
#2069 = ADVANCED_FACE('',(#2070,#2101),#1652,.T.);
#2070 = FACE_BOUND('',#2071,.T.);
#2071 = EDGE_LOOP('',(#2072));
#2072 = ORIENTED_EDGE('',*,*,#2073,.T.);
#2073 = EDGE_CURVE('',#2074,#2074,#2076,.T.);
#2074 = VERTEX_POINT('',#2075);
#2075 = CARTESIAN_POINT('',(0.3833,-6.282,-4.2096));
#2076 = SURFACE_CURVE('',#2077,(#2082,#2089),.PCURVE_S1.);
#2077 = CIRCLE('',#2078,5.63E-02);
#2078 = AXIS2_PLACEMENT_3D('',#2079,#2080,#2081);
#2079 = CARTESIAN_POINT('',(0.327,-6.282,-4.2096));
#2080 = DIRECTION('',(0.,0.,1.));
#2081 = DIRECTION('',(1.,0.,0.));
#2082 = PCURVE('',#1652,#2083);
#2083 = DEFINITIONAL_REPRESENTATION('',(#2084),#2088);
#2084 = CIRCLE('',#2085,5.63E-02);
#2085 = AXIS2_PLACEMENT_2D('',#2086,#2087);
#2086 = CARTESIAN_POINT('',(0.,0.));
#2087 = DIRECTION('',(1.,0.));
#2088 = ( GEOMETRIC_REPRESENTATION_CONTEXT(2) 
PARAMETRIC_REPRESENTATION_CONTEXT() REPRESENTATION_CONTEXT('2D SPACE',''
  ) );
#2089 = PCURVE('',#2090,#2095);
#2090 = CYLINDRICAL_SURFACE('',#2091,5.63E-02);
#2091 = AXIS2_PLACEMENT_3D('',#2092,#2093,#2094);
#2092 = CARTESIAN_POINT('',(0.327,-6.282,-4.3824));
#2093 = DIRECTION('',(-0.,-0.,-1.));
#2094 = DIRECTION('',(1.,0.,0.));
#2095 = DEFINITIONAL_REPRESENTATION('',(#2096),#2100);
#2096 = LINE('',#2097,#2098);
#2097 = CARTESIAN_POINT('',(-0.,-0.1728));
#2098 = VECTOR('',#2099,1.);
#2099 = DIRECTION('',(-1.,0.));
#2100 = ( GEOMETRIC_REPRESENTATION_CONTEXT(2) 
PARAMETRIC_REPRESENTATION_CONTEXT() REPRESENTATION_CONTEXT('2D SPACE',''
  ) );
#2101 = FACE_BOUND('',#2102,.T.);
#2102 = EDGE_LOOP('',(#2103));
#2103 = ORIENTED_EDGE('',*,*,#1637,.T.);
#2104 = ADVANCED_FACE('',(#2105,#2159,#2241,#2323,#2405),#2090,.T.);
#2105 = FACE_BOUND('',#2106,.F.);
#2106 = EDGE_LOOP('',(#2107,#2130,#2157,#2158));
#2107 = ORIENTED_EDGE('',*,*,#2108,.F.);
#2108 = EDGE_CURVE('',#2109,#2074,#2111,.T.);
#2109 = VERTEX_POINT('',#2110);
#2110 = CARTESIAN_POINT('',(0.3833,-6.282,-4.3824));
#2111 = SEAM_CURVE('',#2112,(#2116,#2123),.PCURVE_S1.);
#2112 = LINE('',#2113,#2114);
#2113 = CARTESIAN_POINT('',(0.3833,-6.282,-4.3824));
#2114 = VECTOR('',#2115,1.);
#2115 = DIRECTION('',(0.,0.,1.));
#2116 = PCURVE('',#2090,#2117);
#2117 = DEFINITIONAL_REPRESENTATION('',(#2118),#2122);
#2118 = LINE('',#2119,#2120);
#2119 = CARTESIAN_POINT('',(-6.28318530718,0.));
#2120 = VECTOR('',#2121,1.);
#2121 = DIRECTION('',(-0.,-1.));
#2122 = ( GEOMETRIC_REPRESENTATION_CONTEXT(2) 
PARAMETRIC_REPRESENTATION_CONTEXT() REPRESENTATION_CONTEXT('2D SPACE',''
  ) );
#2123 = PCURVE('',#2090,#2124);
#2124 = DEFINITIONAL_REPRESENTATION('',(#2125),#2129);
#2125 = LINE('',#2126,#2127);
#2126 = CARTESIAN_POINT('',(-0.,0.));
#2127 = VECTOR('',#2128,1.);
#2128 = DIRECTION('',(-0.,-1.));
#2129 = ( GEOMETRIC_REPRESENTATION_CONTEXT(2) 
PARAMETRIC_REPRESENTATION_CONTEXT() REPRESENTATION_CONTEXT('2D SPACE',''
  ) );
#2130 = ORIENTED_EDGE('',*,*,#2131,.F.);
#2131 = EDGE_CURVE('',#2109,#2109,#2132,.T.);
#2132 = SURFACE_CURVE('',#2133,(#2138,#2145),.PCURVE_S1.);
#2133 = CIRCLE('',#2134,5.63E-02);
#2134 = AXIS2_PLACEMENT_3D('',#2135,#2136,#2137);
#2135 = CARTESIAN_POINT('',(0.327,-6.282,-4.3824));
#2136 = DIRECTION('',(0.,0.,1.));
#2137 = DIRECTION('',(1.,0.,0.));
#2138 = PCURVE('',#2090,#2139);
#2139 = DEFINITIONAL_REPRESENTATION('',(#2140),#2144);
#2140 = LINE('',#2141,#2142);
#2141 = CARTESIAN_POINT('',(-0.,0.));
#2142 = VECTOR('',#2143,1.);
#2143 = DIRECTION('',(-1.,0.));
#2144 = ( GEOMETRIC_REPRESENTATION_CONTEXT(2) 
PARAMETRIC_REPRESENTATION_CONTEXT() REPRESENTATION_CONTEXT('2D SPACE',''
  ) );
#2145 = PCURVE('',#2146,#2151);
#2146 = PLANE('',#2147);
#2147 = AXIS2_PLACEMENT_3D('',#2148,#2149,#2150);
#2148 = CARTESIAN_POINT('',(0.327,-6.282,-4.3824));
#2149 = DIRECTION('',(0.,0.,1.));
#2150 = DIRECTION('',(1.,0.,-0.));
#2151 = DEFINITIONAL_REPRESENTATION('',(#2152),#2156);
#2152 = CIRCLE('',#2153,5.63E-02);
#2153 = AXIS2_PLACEMENT_2D('',#2154,#2155);
#2154 = CARTESIAN_POINT('',(0.,0.));
#2155 = DIRECTION('',(1.,0.));
#2156 = ( GEOMETRIC_REPRESENTATION_CONTEXT(2) 
PARAMETRIC_REPRESENTATION_CONTEXT() REPRESENTATION_CONTEXT('2D SPACE',''
  ) );
#2157 = ORIENTED_EDGE('',*,*,#2108,.T.);
#2158 = ORIENTED_EDGE('',*,*,#2073,.T.);
#2159 = FACE_BOUND('',#2160,.F.);
#2160 = EDGE_LOOP('',(#2161,#2211));
#2161 = ORIENTED_EDGE('',*,*,#2162,.F.);
#2162 = EDGE_CURVE('',#2163,#2165,#2167,.T.);
#2163 = VERTEX_POINT('',#2164);
#2164 = CARTESIAN_POINT('',(0.362620260296,-6.238400836517,
    -4.284112611725));
#2165 = VERTEX_POINT('',#2166);
#2166 = CARTESIAN_POINT('',(0.382772599455,-6.27431188254,
    -4.307887388275));
#2167 = SURFACE_CURVE('',#2168,(#2176,#2187),.PCURVE_S1.);
#2168 = B_SPLINE_CURVE_WITH_KNOTS('',6,(#2169,#2170,#2171,#2172,#2173,
    #2174,#2175),.UNSPECIFIED.,.F.,.F.,(7,7),(0.,1.),
  .PIECEWISE_BEZIER_KNOTS.);
#2169 = CARTESIAN_POINT('',(0.362620260296,-6.238400836517,
    -4.284112611725));
#2170 = CARTESIAN_POINT('',(0.368007960781,-6.242802556145,
    -4.288000668015));
#2171 = CARTESIAN_POINT('',(0.372743540494,-6.248003681565,
    -4.292064047756));
#2172 = CARTESIAN_POINT('',(0.376699893874,-6.253901082388,
    -4.296187155159));
#2173 = CARTESIAN_POINT('',(0.379750810771,-6.260365474158,
    -4.300260840766));
#2174 = CARTESIAN_POINT('',(0.381796496183,-6.267230849102,
    -4.304188734445));
#2175 = CARTESIAN_POINT('',(0.382772599455,-6.27431188254,
    -4.307887388275));
#2176 = PCURVE('',#2090,#2177);
#2177 = DEFINITIONAL_REPRESENTATION('',(#2178),#2186);
#2178 = B_SPLINE_CURVE_WITH_KNOTS('',6,(#2179,#2180,#2181,#2182,#2183,
    #2184,#2185),.UNSPECIFIED.,.F.,.F.,(7,7),(0.,1.),
  .PIECEWISE_BEZIER_KNOTS.);
#2179 = CARTESIAN_POINT('',(-0.885778671814,-9.828738827497E-02));
#2180 = CARTESIAN_POINT('',(-0.762205188884,-9.439933198548E-02));
#2181 = CARTESIAN_POINT('',(-0.638616820256,-9.033595224384E-02));
#2182 = CARTESIAN_POINT('',(-0.514533206159,-8.621284484053E-02));
#2183 = CARTESIAN_POINT('',(-0.389710269771,-8.21391592344E-02));
#2184 = CARTESIAN_POINT('',(-0.263946855551,-7.821126555452E-02));
#2185 = CARTESIAN_POINT('',(-0.136984269855,-7.451261172502E-02));
#2186 = ( GEOMETRIC_REPRESENTATION_CONTEXT(2) 
PARAMETRIC_REPRESENTATION_CONTEXT() REPRESENTATION_CONTEXT('2D SPACE',''
  ) );
#2187 = PCURVE('',#2188,#2201);
#2188 = ( BOUNDED_SURFACE() B_SPLINE_SURFACE(1,5,(
    (#2189,#2190,#2191,#2192,#2193,#2194)
    ,(#2195,#2196,#2197,#2198,#2199,#2200
)),.UNSPECIFIED.,.F.,.F.,.F.) B_SPLINE_SURFACE_WITH_KNOTS((2,2),(6,6),(
    2.,3.),(0.,1.),.PIECEWISE_BEZIER_KNOTS.) 
GEOMETRIC_REPRESENTATION_ITEM() RATIONAL_B_SPLINE_SURFACE((
    (1.,1.,1.,1.,1.,1.)
,(1.,1.,1.,1.,1.,1.))) REPRESENTATION_ITEM('') SURFACE() );
#2189 = CARTESIAN_POINT('',(0.354599416845,-6.224107861589,-4.27465));
#2190 = CARTESIAN_POINT('',(0.406115726437,-6.172808739736,
    -4.267628432917));
#2191 = CARTESIAN_POINT('',(0.43925560304,-6.102418598551,
    -4.260737229879));
#2192 = CARTESIAN_POINT('',(0.445608945198,-6.024349500189,
    -4.254281072925));
#2193 = CARTESIAN_POINT('',(0.431674224017,-5.950115135159,
    -4.248250896847));
#2194 = CARTESIAN_POINT('',(0.401520495564,-5.882129288718,-4.2426));
#2195 = CARTESIAN_POINT('',(0.390793442906,-6.288604857468,-4.31735));
#2196 = CARTESIAN_POINT('',(0.463318416587,-6.253393885896,
    -4.324371567083));
#2197 = CARTESIAN_POINT('',(0.523792815565,-6.192991445832,
    -4.331262770121));
#2198 = CARTESIAN_POINT('',(0.560016621134,-6.11597409962,
    -4.337718927075));
#2199 = CARTESIAN_POINT('',(0.574640407973,-6.035891984362,
    -4.343749103153));
#2200 = CARTESIAN_POINT('',(0.570902533103,-5.956482804838,-4.3494));
#2201 = DEFINITIONAL_REPRESENTATION('',(#2202),#2210);
#2202 = B_SPLINE_CURVE_WITH_KNOTS('',6,(#2203,#2204,#2205,#2206,#2207,
    #2208,#2209),.UNSPECIFIED.,.F.,.F.,(7,7),(0.,1.),
  .PIECEWISE_BEZIER_KNOTS.);
#2203 = CARTESIAN_POINT('',(2.221606831968,0.));
#2204 = CARTESIAN_POINT('',(2.315881991165,7.033767222269E-03));
#2205 = CARTESIAN_POINT('',(2.410331110925,1.119990385076E-02));
#2206 = CARTESIAN_POINT('',(2.504233354602,1.247108980145E-02));
#2207 = CARTESIAN_POINT('',(2.597158800654,1.091346799041E-02));
#2208 = CARTESIAN_POINT('',(2.688711567108,6.688840428544E-03));
#2209 = CARTESIAN_POINT('',(2.778393168032,0.));
#2210 = ( GEOMETRIC_REPRESENTATION_CONTEXT(2) 
PARAMETRIC_REPRESENTATION_CONTEXT() REPRESENTATION_CONTEXT('2D SPACE',''
  ) );
#2211 = ORIENTED_EDGE('',*,*,#2212,.F.);
#2212 = EDGE_CURVE('',#2165,#2163,#2213,.T.);
#2213 = SURFACE_CURVE('',#2214,(#2219,#2229),.PCURVE_S1.);
#2214 = ELLIPSE('',#2215,6.500964031075E-02,5.63E-02);
#2215 = AXIS2_PLACEMENT_3D('',#2216,#2217,#2218);
#2216 = CARTESIAN_POINT('',(0.327,-6.282,-4.296));
#2217 = DIRECTION('',(0.244691225874,-0.436034636216,0.866025403784));
#2218 = DIRECTION('',(0.423817635381,-0.755234143786,-0.5));
#2219 = PCURVE('',#2090,#2220);
#2220 = DEFINITIONAL_REPRESENTATION('',(#2221),#2228);
#2221 = B_SPLINE_CURVE_WITH_KNOTS('',5,(#2222,#2223,#2224,#2225,#2226,
    #2227),.UNSPECIFIED.,.F.,.F.,(6,6),(1.082660271691,2.269084427261),
  .PIECEWISE_BEZIER_KNOTS.);
#2222 = CARTESIAN_POINT('',(-2.324541573072E-02,-7.11558747595E-02));
#2223 = CARTESIAN_POINT('',(-0.260530246845,-7.796797462668E-02));
#2224 = CARTESIAN_POINT('',(-0.497815077959,-8.585306133641E-02));
#2225 = CARTESIAN_POINT('',(-0.735099909073,-9.40119798394E-02));
#2226 = CARTESIAN_POINT('',(-0.972384740187,-0.101389940464));
#2227 = CARTESIAN_POINT('',(-1.2096695713,-0.107297589769));
#2228 = ( GEOMETRIC_REPRESENTATION_CONTEXT(2) 
PARAMETRIC_REPRESENTATION_CONTEXT() REPRESENTATION_CONTEXT('2D SPACE',''
  ) );
#2229 = PCURVE('',#2230,#2235);
#2230 = PLANE('',#2231);
#2231 = AXIS2_PLACEMENT_3D('',#2232,#2233,#2234);
#2232 = CARTESIAN_POINT('',(0.397595583231,-6.284787674344,-4.31735));
#2233 = DIRECTION('',(0.244691225874,-0.436034636216,0.866025403784));
#2234 = DIRECTION('',(-0.501381057588,0.707591193601,0.497927442334));
#2235 = DEFINITIONAL_REPRESENTATION('',(#2236),#2240);
#2236 = ELLIPSE('',#2237,6.500964031075E-02,5.63E-02);
#2237 = AXIS2_PLACEMENT_2D('',#2238,#2239);
#2238 = CARTESIAN_POINT('',(4.799857289205E-02,5.606663000686E-02));
#2239 = DIRECTION('',(-0.995854884669,9.095630094163E-02));
#2240 = ( GEOMETRIC_REPRESENTATION_CONTEXT(2) 
PARAMETRIC_REPRESENTATION_CONTEXT() REPRESENTATION_CONTEXT('2D SPACE',''
  ) );
#2241 = FACE_BOUND('',#2242,.F.);
#2242 = EDGE_LOOP('',(#2243,#2293));
#2243 = ORIENTED_EDGE('',*,*,#2244,.F.);
#2244 = EDGE_CURVE('',#2245,#2247,#2249,.T.);
#2245 = VERTEX_POINT('',#2246);
#2246 = CARTESIAN_POINT('',(0.291379739704,-6.325599163483,
    -4.284112611725));
#2247 = VERTEX_POINT('',#2248);
#2248 = CARTESIAN_POINT('',(0.271227400545,-6.28968811746,
    -4.307887388275));
#2249 = SURFACE_CURVE('',#2250,(#2258,#2269),.PCURVE_S1.);
#2250 = B_SPLINE_CURVE_WITH_KNOTS('',6,(#2251,#2252,#2253,#2254,#2255,
    #2256,#2257),.UNSPECIFIED.,.F.,.F.,(7,7),(0.,1.),
  .PIECEWISE_BEZIER_KNOTS.);
#2251 = CARTESIAN_POINT('',(0.291379739704,-6.325599163483,
    -4.284112611725));
#2252 = CARTESIAN_POINT('',(0.285992039219,-6.321197443855,
    -4.288000668015));
#2253 = CARTESIAN_POINT('',(0.281256459506,-6.315996318435,
    -4.292064047756));
#2254 = CARTESIAN_POINT('',(0.277300106126,-6.310098917612,
    -4.296187155159));
#2255 = CARTESIAN_POINT('',(0.274249189229,-6.303634525842,
    -4.300260840766));
#2256 = CARTESIAN_POINT('',(0.272203503817,-6.296769150898,
    -4.304188734445));
#2257 = CARTESIAN_POINT('',(0.271227400545,-6.28968811746,
    -4.307887388275));
#2258 = PCURVE('',#2090,#2259);
#2259 = DEFINITIONAL_REPRESENTATION('',(#2260),#2268);
#2260 = B_SPLINE_CURVE_WITH_KNOTS('',6,(#2261,#2262,#2263,#2264,#2265,
    #2266,#2267),.UNSPECIFIED.,.F.,.F.,(7,7),(0.,1.),
  .PIECEWISE_BEZIER_KNOTS.);
#2261 = CARTESIAN_POINT('',(-4.027371325403,-9.828738827497E-02));
#2262 = CARTESIAN_POINT('',(-3.903797842474,-9.439933198548E-02));
#2263 = CARTESIAN_POINT('',(-3.780209473846,-9.033595224384E-02));
#2264 = CARTESIAN_POINT('',(-3.656125859749,-8.621284484052E-02));
#2265 = CARTESIAN_POINT('',(-3.531302923361,-8.213915923441E-02));
#2266 = CARTESIAN_POINT('',(-3.405539509141,-7.821126555452E-02));
#2267 = CARTESIAN_POINT('',(-3.278576923445,-7.451261172503E-02));
#2268 = ( GEOMETRIC_REPRESENTATION_CONTEXT(2) 
PARAMETRIC_REPRESENTATION_CONTEXT() REPRESENTATION_CONTEXT('2D SPACE',''
  ) );
#2269 = PCURVE('',#2270,#2283);
#2270 = ( BOUNDED_SURFACE() B_SPLINE_SURFACE(1,5,(
    (#2271,#2272,#2273,#2274,#2275,#2276)
    ,(#2277,#2278,#2279,#2280,#2281,#2282
)),.UNSPECIFIED.,.F.,.F.,.F.) B_SPLINE_SURFACE_WITH_KNOTS((2,2),(6,6),(
    2.,3.),(0.,1.),.PIECEWISE_BEZIER_KNOTS.) 
GEOMETRIC_REPRESENTATION_ITEM() RATIONAL_B_SPLINE_SURFACE((
    (1.,1.,1.,1.,1.,1.)
,(1.,1.,1.,1.,1.,1.))) REPRESENTATION_ITEM('') SURFACE() );
#2271 = CARTESIAN_POINT('',(0.299400583155,-6.339892138411,-4.27465));
#2272 = CARTESIAN_POINT('',(0.247884273563,-6.391191260264,
    -4.267628432917));
#2273 = CARTESIAN_POINT('',(0.21474439696,-6.461581401449,
    -4.260737229879));
#2274 = CARTESIAN_POINT('',(0.208391054802,-6.539650499812,
    -4.254281072925));
#2275 = CARTESIAN_POINT('',(0.222325775983,-6.613884864841,
    -4.248250896847));
#2276 = CARTESIAN_POINT('',(0.252479504436,-6.681870711282,-4.2426));
#2277 = CARTESIAN_POINT('',(0.263206557094,-6.275395142532,-4.31735));
#2278 = CARTESIAN_POINT('',(0.190681583413,-6.310606114104,
    -4.324371567083));
#2279 = CARTESIAN_POINT('',(0.130207184435,-6.371008554169,
    -4.331262770121));
#2280 = CARTESIAN_POINT('',(9.398337886613E-02,-6.448025900379,
    -4.337718927075));
#2281 = CARTESIAN_POINT('',(7.935959202732E-02,-6.528108015638,
    -4.343749103153));
#2282 = CARTESIAN_POINT('',(8.309746689739E-02,-6.607517195162,-4.3494)
  );
#2283 = DEFINITIONAL_REPRESENTATION('',(#2284),#2292);
#2284 = B_SPLINE_CURVE_WITH_KNOTS('',6,(#2285,#2286,#2287,#2288,#2289,
    #2290,#2291),.UNSPECIFIED.,.F.,.F.,(7,7),(0.,1.),
  .PIECEWISE_BEZIER_KNOTS.);
#2285 = CARTESIAN_POINT('',(2.221606831968,0.));
#2286 = CARTESIAN_POINT('',(2.315881991165,7.033767222269E-03));
#2287 = CARTESIAN_POINT('',(2.410331110925,1.119990385075E-02));
#2288 = CARTESIAN_POINT('',(2.504233354602,1.247108980146E-02));
#2289 = CARTESIAN_POINT('',(2.597158800654,1.091346799041E-02));
#2290 = CARTESIAN_POINT('',(2.688711567108,6.688840428546E-03));
#2291 = CARTESIAN_POINT('',(2.778393168032,0.));
#2292 = ( GEOMETRIC_REPRESENTATION_CONTEXT(2) 
PARAMETRIC_REPRESENTATION_CONTEXT() REPRESENTATION_CONTEXT('2D SPACE',''
  ) );
#2293 = ORIENTED_EDGE('',*,*,#2294,.F.);
#2294 = EDGE_CURVE('',#2247,#2245,#2295,.T.);
#2295 = SURFACE_CURVE('',#2296,(#2301,#2311),.PCURVE_S1.);
#2296 = ELLIPSE('',#2297,6.500964031075E-02,5.63E-02);
#2297 = AXIS2_PLACEMENT_3D('',#2298,#2299,#2300);
#2298 = CARTESIAN_POINT('',(0.327,-6.282,-4.296));
#2299 = DIRECTION('',(-0.244691225874,0.436034636216,0.866025403784));
#2300 = DIRECTION('',(-0.423817635381,0.755234143786,-0.5));
#2301 = PCURVE('',#2090,#2302);
#2302 = DEFINITIONAL_REPRESENTATION('',(#2303),#2310);
#2303 = B_SPLINE_CURVE_WITH_KNOTS('',5,(#2304,#2305,#2306,#2307,#2308,
    #2309),.UNSPECIFIED.,.F.,.F.,(6,6),(1.082660271695,2.269084427258),
  .PIECEWISE_BEZIER_KNOTS.);
#2304 = CARTESIAN_POINT('',(-3.164838069324,-7.115587475959E-02));
#2305 = CARTESIAN_POINT('',(-3.402122900436,-7.796797462675E-02));
#2306 = CARTESIAN_POINT('',(-3.639407731549,-8.585306133643E-02));
#2307 = CARTESIAN_POINT('',(-3.876692562662,-9.401197983937E-02));
#2308 = CARTESIAN_POINT('',(-4.113977393774,-0.101389940464));
#2309 = CARTESIAN_POINT('',(-4.351262224887,-0.107297589768));
#2310 = ( GEOMETRIC_REPRESENTATION_CONTEXT(2) 
PARAMETRIC_REPRESENTATION_CONTEXT() REPRESENTATION_CONTEXT('2D SPACE',''
  ) );
#2311 = PCURVE('',#2312,#2317);
#2312 = PLANE('',#2313);
#2313 = AXIS2_PLACEMENT_3D('',#2314,#2315,#2316);
#2314 = CARTESIAN_POINT('',(0.256404416769,-6.279212325656,-4.31735));
#2315 = DIRECTION('',(-0.244691225874,0.436034636216,0.866025403784));
#2316 = DIRECTION('',(0.501381057588,-0.707591193601,0.497927442334));
#2317 = DEFINITIONAL_REPRESENTATION('',(#2318),#2322);
#2318 = ELLIPSE('',#2319,6.500964031075E-02,5.63E-02);
#2319 = AXIS2_PLACEMENT_2D('',#2320,#2321);
#2320 = CARTESIAN_POINT('',(4.799857289205E-02,5.606663000686E-02));
#2321 = DIRECTION('',(-0.995854884669,9.095630094163E-02));
#2322 = ( GEOMETRIC_REPRESENTATION_CONTEXT(2) 
PARAMETRIC_REPRESENTATION_CONTEXT() REPRESENTATION_CONTEXT('2D SPACE',''
  ) );
#2323 = FACE_BOUND('',#2324,.F.);
#2324 = EDGE_LOOP('',(#2325,#2375));
#2325 = ORIENTED_EDGE('',*,*,#2326,.F.);
#2326 = EDGE_CURVE('',#2327,#2329,#2331,.T.);
#2327 = VERTEX_POINT('',#2328);
#2328 = CARTESIAN_POINT('',(0.370599163483,-6.317620260296,
    -4.284112611725));
#2329 = VERTEX_POINT('',#2330);
#2330 = CARTESIAN_POINT('',(0.33468811746,-6.337772599455,
    -4.307887388275));
#2331 = SURFACE_CURVE('',#2332,(#2340,#2351),.PCURVE_S1.);
#2332 = B_SPLINE_CURVE_WITH_KNOTS('',6,(#2333,#2334,#2335,#2336,#2337,
    #2338,#2339),.UNSPECIFIED.,.F.,.F.,(7,7),(0.,1.),
  .PIECEWISE_BEZIER_KNOTS.);
#2333 = CARTESIAN_POINT('',(0.370599163483,-6.317620260296,
    -4.284112611725));
#2334 = CARTESIAN_POINT('',(0.366197443855,-6.323007960781,
    -4.288000668015));
#2335 = CARTESIAN_POINT('',(0.360996318435,-6.327743540494,
    -4.292064047756));
#2336 = CARTESIAN_POINT('',(0.355098917612,-6.331699893874,
    -4.296187155159));
#2337 = CARTESIAN_POINT('',(0.348634525842,-6.334750810771,
    -4.300260840766));
#2338 = CARTESIAN_POINT('',(0.341769150898,-6.336796496183,
    -4.304188734445));
#2339 = CARTESIAN_POINT('',(0.33468811746,-6.337772599455,
    -4.307887388275));
#2340 = PCURVE('',#2090,#2341);
#2341 = DEFINITIONAL_REPRESENTATION('',(#2342),#2350);
#2342 = B_SPLINE_CURVE_WITH_KNOTS('',6,(#2343,#2344,#2345,#2346,#2347,
    #2348,#2349),.UNSPECIFIED.,.F.,.F.,(7,7),(0.,1.),
  .PIECEWISE_BEZIER_KNOTS.);
#2343 = CARTESIAN_POINT('',(-5.598167652198,-9.828738827498E-02));
#2344 = CARTESIAN_POINT('',(-5.474594169269,-9.439933198549E-02));
#2345 = CARTESIAN_POINT('',(-5.351005800641,-9.033595224384E-02));
#2346 = CARTESIAN_POINT('',(-5.226922186544,-8.621284484052E-02));
#2347 = CARTESIAN_POINT('',(-5.102099250156,-8.21391592344E-02));
#2348 = CARTESIAN_POINT('',(-4.976335835936,-7.821126555452E-02));
#2349 = CARTESIAN_POINT('',(-4.84937325024,-7.451261172502E-02));
#2350 = ( GEOMETRIC_REPRESENTATION_CONTEXT(2) 
PARAMETRIC_REPRESENTATION_CONTEXT() REPRESENTATION_CONTEXT('2D SPACE',''
  ) );
#2351 = PCURVE('',#2352,#2365);
#2352 = ( BOUNDED_SURFACE() B_SPLINE_SURFACE(1,5,(
    (#2353,#2354,#2355,#2356,#2357,#2358)
    ,(#2359,#2360,#2361,#2362,#2363,#2364
)),.UNSPECIFIED.,.F.,.F.,.F.) B_SPLINE_SURFACE_WITH_KNOTS((2,2),(6,6),(
    2.,3.),(0.,1.),.PIECEWISE_BEZIER_KNOTS.) 
GEOMETRIC_REPRESENTATION_ITEM() RATIONAL_B_SPLINE_SURFACE((
    (1.,1.,1.,1.,1.,1.)
,(1.,1.,1.,1.,1.,1.))) REPRESENTATION_ITEM('') SURFACE() );
#2353 = CARTESIAN_POINT('',(0.384892138411,-6.309599416845,-4.27465));
#2354 = CARTESIAN_POINT('',(0.436191260264,-6.361115726437,
    -4.267628432917));
#2355 = CARTESIAN_POINT('',(0.506581401449,-6.39425560304,
    -4.260737229879));
#2356 = CARTESIAN_POINT('',(0.584650499811,-6.400608945198,
    -4.254281072925));
#2357 = CARTESIAN_POINT('',(0.658884864841,-6.386674224017,
    -4.248250896847));
#2358 = CARTESIAN_POINT('',(0.726870711282,-6.356520495564,-4.2426));
#2359 = CARTESIAN_POINT('',(0.320395142532,-6.345793442906,-4.31735));
#2360 = CARTESIAN_POINT('',(0.355606114104,-6.418318416587,
    -4.324371567083));
#2361 = CARTESIAN_POINT('',(0.416008554169,-6.478792815565,
    -4.331262770121));
#2362 = CARTESIAN_POINT('',(0.493025900379,-6.515016621134,
    -4.337718927075));
#2363 = CARTESIAN_POINT('',(0.573108015638,-6.529640407973,
    -4.343749103153));
#2364 = CARTESIAN_POINT('',(0.652517195162,-6.525902533103,-4.3494));
#2365 = DEFINITIONAL_REPRESENTATION('',(#2366),#2374);
#2366 = B_SPLINE_CURVE_WITH_KNOTS('',6,(#2367,#2368,#2369,#2370,#2371,
    #2372,#2373),.UNSPECIFIED.,.F.,.F.,(7,7),(0.,1.),
  .PIECEWISE_BEZIER_KNOTS.);
#2367 = CARTESIAN_POINT('',(2.221606831968,0.));
#2368 = CARTESIAN_POINT('',(2.315881991165,7.033767222276E-03));
#2369 = CARTESIAN_POINT('',(2.410331110925,1.119990385074E-02));
#2370 = CARTESIAN_POINT('',(2.504233354602,1.24710898015E-02));
#2371 = CARTESIAN_POINT('',(2.597158800654,1.091346799039E-02));
#2372 = CARTESIAN_POINT('',(2.688711567108,6.688840428552E-03));
#2373 = CARTESIAN_POINT('',(2.778393168032,0.));
#2374 = ( GEOMETRIC_REPRESENTATION_CONTEXT(2) 
PARAMETRIC_REPRESENTATION_CONTEXT() REPRESENTATION_CONTEXT('2D SPACE',''
  ) );
#2375 = ORIENTED_EDGE('',*,*,#2376,.T.);
#2376 = EDGE_CURVE('',#2327,#2329,#2377,.T.);
#2377 = SURFACE_CURVE('',#2378,(#2383,#2393),.PCURVE_S1.);
#2378 = ELLIPSE('',#2379,6.500964031075E-02,5.63E-02);
#2379 = AXIS2_PLACEMENT_3D('',#2380,#2381,#2382);
#2380 = CARTESIAN_POINT('',(0.327,-6.282,-4.296));
#2381 = DIRECTION('',(0.436034636216,0.244691225874,-0.866025403784));
#2382 = DIRECTION('',(-0.755234143786,-0.423817635381,-0.5));
#2383 = PCURVE('',#2090,#2384);
#2384 = DEFINITIONAL_REPRESENTATION('',(#2385),#2392);
#2385 = B_SPLINE_CURVE_WITH_KNOTS('',5,(#2386,#2387,#2388,#2389,#2390,
    #2391),.UNSPECIFIED.,.F.,.F.,(6,6),(4.014100879922,5.200525035485),
  .PIECEWISE_BEZIER_KNOTS.);
#2386 = CARTESIAN_POINT('',(-5.922058551682,-0.107297589768));
#2387 = CARTESIAN_POINT('',(-5.684773720569,-0.101389940464));
#2388 = CARTESIAN_POINT('',(-5.447488889457,-9.401197983937E-02));
#2389 = CARTESIAN_POINT('',(-5.210204058344,-8.585306133644E-02));
#2390 = CARTESIAN_POINT('',(-4.972919227231,-7.796797462675E-02));
#2391 = CARTESIAN_POINT('',(-4.735634396119,-7.115587475959E-02));
#2392 = ( GEOMETRIC_REPRESENTATION_CONTEXT(2) 
PARAMETRIC_REPRESENTATION_CONTEXT() REPRESENTATION_CONTEXT('2D SPACE',''
  ) );
#2393 = PCURVE('',#2394,#2399);
#2394 = PLANE('',#2395);
#2395 = AXIS2_PLACEMENT_3D('',#2396,#2397,#2398);
#2396 = CARTESIAN_POINT('',(0.324212325656,-6.352595583231,-4.31735));
#2397 = DIRECTION('',(0.436034636216,0.244691225874,-0.866025403784));
#2398 = DIRECTION('',(0.707591193601,0.501381057588,0.497927442334));
#2399 = DEFINITIONAL_REPRESENTATION('',(#2400),#2404);
#2400 = ELLIPSE('',#2401,6.500964031075E-02,5.63E-02);
#2401 = AXIS2_PLACEMENT_2D('',#2402,#2403);
#2402 = CARTESIAN_POINT('',(4.799857289205E-02,-5.606663000686E-02));
#2403 = DIRECTION('',(-0.995854884669,-9.095630094168E-02));
#2404 = ( GEOMETRIC_REPRESENTATION_CONTEXT(2) 
PARAMETRIC_REPRESENTATION_CONTEXT() REPRESENTATION_CONTEXT('2D SPACE',''
  ) );
#2405 = FACE_BOUND('',#2406,.F.);
#2406 = EDGE_LOOP('',(#2407,#2457));
#2407 = ORIENTED_EDGE('',*,*,#2408,.F.);
#2408 = EDGE_CURVE('',#2409,#2411,#2413,.T.);
#2409 = VERTEX_POINT('',#2410);
#2410 = CARTESIAN_POINT('',(0.283400836517,-6.246379739704,
    -4.284112611725));
#2411 = VERTEX_POINT('',#2412);
#2412 = CARTESIAN_POINT('',(0.31931188254,-6.226227400545,
    -4.307887388275));
#2413 = SURFACE_CURVE('',#2414,(#2422,#2433),.PCURVE_S1.);
#2414 = B_SPLINE_CURVE_WITH_KNOTS('',6,(#2415,#2416,#2417,#2418,#2419,
    #2420,#2421),.UNSPECIFIED.,.F.,.F.,(7,7),(0.,1.),
  .PIECEWISE_BEZIER_KNOTS.);
#2415 = CARTESIAN_POINT('',(0.283400836517,-6.246379739704,
    -4.284112611725));
#2416 = CARTESIAN_POINT('',(0.287802556145,-6.240992039219,
    -4.288000668015));
#2417 = CARTESIAN_POINT('',(0.293003681565,-6.236256459506,
    -4.292064047756));
#2418 = CARTESIAN_POINT('',(0.298901082388,-6.232300106126,
    -4.296187155159));
#2419 = CARTESIAN_POINT('',(0.305365474158,-6.229249189229,
    -4.300260840766));
#2420 = CARTESIAN_POINT('',(0.312230849102,-6.227203503817,
    -4.304188734445));
#2421 = CARTESIAN_POINT('',(0.31931188254,-6.226227400545,
    -4.307887388275));
#2422 = PCURVE('',#2090,#2423);
#2423 = DEFINITIONAL_REPRESENTATION('',(#2424),#2432);
#2424 = B_SPLINE_CURVE_WITH_KNOTS('',6,(#2425,#2426,#2427,#2428,#2429,
    #2430,#2431),.UNSPECIFIED.,.F.,.F.,(7,7),(0.,1.),
  .PIECEWISE_BEZIER_KNOTS.);
#2425 = CARTESIAN_POINT('',(-2.456574998609,-9.828738827498E-02));
#2426 = CARTESIAN_POINT('',(-2.333001515679,-9.439933198548E-02));
#2427 = CARTESIAN_POINT('',(-2.209413147051,-9.033595224384E-02));
#2428 = CARTESIAN_POINT('',(-2.085329532954,-8.621284484052E-02));
#2429 = CARTESIAN_POINT('',(-1.960506596566,-8.21391592344E-02));
#2430 = CARTESIAN_POINT('',(-1.834743182346,-7.821126555451E-02));
#2431 = CARTESIAN_POINT('',(-1.70778059665,-7.451261172502E-02));
#2432 = ( GEOMETRIC_REPRESENTATION_CONTEXT(2) 
PARAMETRIC_REPRESENTATION_CONTEXT() REPRESENTATION_CONTEXT('2D SPACE',''
  ) );
#2433 = PCURVE('',#2434,#2447);
#2434 = ( BOUNDED_SURFACE() B_SPLINE_SURFACE(1,5,(
    (#2435,#2436,#2437,#2438,#2439,#2440)
    ,(#2441,#2442,#2443,#2444,#2445,#2446
)),.UNSPECIFIED.,.F.,.F.,.F.) B_SPLINE_SURFACE_WITH_KNOTS((2,2),(6,6),(
    2.,3.),(0.,1.),.PIECEWISE_BEZIER_KNOTS.) 
GEOMETRIC_REPRESENTATION_ITEM() RATIONAL_B_SPLINE_SURFACE((
    (1.,1.,1.,1.,1.,1.)
,(1.,1.,1.,1.,1.,1.))) REPRESENTATION_ITEM('') SURFACE() );
#2435 = CARTESIAN_POINT('',(0.269107861589,-6.254400583155,-4.27465));
#2436 = CARTESIAN_POINT('',(0.217808739736,-6.202884273563,
    -4.267628432917));
#2437 = CARTESIAN_POINT('',(0.147418598551,-6.16974439696,
    -4.260737229879));
#2438 = CARTESIAN_POINT('',(6.934950018879E-02,-6.163391054803,
    -4.254281072925));
#2439 = CARTESIAN_POINT('',(-4.884864841414E-03,-6.177325775982,
    -4.248250896846));
#2440 = CARTESIAN_POINT('',(-7.287071128161E-02,-6.207479504436,-4.2426)
  );
#2441 = CARTESIAN_POINT('',(0.333604857468,-6.218206557094,-4.31735));
#2442 = CARTESIAN_POINT('',(0.298393885896,-6.145681583413,
    -4.324371567083));
#2443 = CARTESIAN_POINT('',(0.237991445831,-6.085207184435,
    -4.33126277012));
#2444 = CARTESIAN_POINT('',(0.160974099621,-6.048983378867,
    -4.337718927075));
#2445 = CARTESIAN_POINT('',(8.089198436185E-02,-6.034359592027,
    -4.343749103153));
#2446 = CARTESIAN_POINT('',(1.482804838008E-03,-6.038097466897,-4.3494)
  );
#2447 = DEFINITIONAL_REPRESENTATION('',(#2448),#2456);
#2448 = B_SPLINE_CURVE_WITH_KNOTS('',6,(#2449,#2450,#2451,#2452,#2453,
    #2454,#2455),.UNSPECIFIED.,.F.,.F.,(7,7),(0.,1.),
  .PIECEWISE_BEZIER_KNOTS.);
#2449 = CARTESIAN_POINT('',(2.221606831968,0.));
#2450 = CARTESIAN_POINT('',(2.315881991165,7.033767222295E-03));
#2451 = CARTESIAN_POINT('',(2.410331110925,1.119990385081E-02));
#2452 = CARTESIAN_POINT('',(2.504233354602,1.247108980148E-02));
#2453 = CARTESIAN_POINT('',(2.597158800654,1.091346799044E-02));
#2454 = CARTESIAN_POINT('',(2.688711567108,6.688840428569E-03));
#2455 = CARTESIAN_POINT('',(2.778393168032,0.));
#2456 = ( GEOMETRIC_REPRESENTATION_CONTEXT(2) 
PARAMETRIC_REPRESENTATION_CONTEXT() REPRESENTATION_CONTEXT('2D SPACE',''
  ) );
#2457 = ORIENTED_EDGE('',*,*,#2458,.T.);
#2458 = EDGE_CURVE('',#2409,#2411,#2459,.T.);
#2459 = SURFACE_CURVE('',#2460,(#2465,#2475),.PCURVE_S1.);
#2460 = ELLIPSE('',#2461,6.500964031075E-02,5.63E-02);
#2461 = AXIS2_PLACEMENT_3D('',#2462,#2463,#2464);
#2462 = CARTESIAN_POINT('',(0.327,-6.282,-4.296));
#2463 = DIRECTION('',(-0.436034636216,-0.244691225874,-0.866025403784));
#2464 = DIRECTION('',(0.755234143786,0.423817635381,-0.5));
#2465 = PCURVE('',#2090,#2466);
#2466 = DEFINITIONAL_REPRESENTATION('',(#2467),#2474);
#2467 = B_SPLINE_CURVE_WITH_KNOTS('',5,(#2468,#2469,#2470,#2471,#2472,
    #2473),.UNSPECIFIED.,.F.,.F.,(6,6),(4.014100879919,5.200525035488),
  .PIECEWISE_BEZIER_KNOTS.);
#2468 = CARTESIAN_POINT('',(-2.780465898095,-0.107297589769));
#2469 = CARTESIAN_POINT('',(-2.543181066981,-0.101389940464));
#2470 = CARTESIAN_POINT('',(-2.305896235867,-9.40119798394E-02));
#2471 = CARTESIAN_POINT('',(-2.068611404754,-8.585306133641E-02));
#2472 = CARTESIAN_POINT('',(-1.83132657364,-7.796797462668E-02));
#2473 = CARTESIAN_POINT('',(-1.594041742526,-7.11558747595E-02));
#2474 = ( GEOMETRIC_REPRESENTATION_CONTEXT(2) 
PARAMETRIC_REPRESENTATION_CONTEXT() REPRESENTATION_CONTEXT('2D SPACE',''
  ) );
#2475 = PCURVE('',#2476,#2481);
#2476 = PLANE('',#2477);
#2477 = AXIS2_PLACEMENT_3D('',#2478,#2479,#2480);
#2478 = CARTESIAN_POINT('',(0.329787674344,-6.211404416769,-4.31735));
#2479 = DIRECTION('',(-0.436034636216,-0.244691225874,-0.866025403784));
#2480 = DIRECTION('',(-0.707591193601,-0.501381057588,0.497927442334));
#2481 = DEFINITIONAL_REPRESENTATION('',(#2482),#2486);
#2482 = ELLIPSE('',#2483,6.500964031075E-02,5.63E-02);
#2483 = AXIS2_PLACEMENT_2D('',#2484,#2485);
#2484 = CARTESIAN_POINT('',(4.799857289205E-02,-5.606663000686E-02));
#2485 = DIRECTION('',(-0.995854884669,-9.095630094168E-02));
#2486 = ( GEOMETRIC_REPRESENTATION_CONTEXT(2) 
PARAMETRIC_REPRESENTATION_CONTEXT() REPRESENTATION_CONTEXT('2D SPACE',''
  ) );
#2487 = ADVANCED_FACE('',(#2488,#2491),#2146,.F.);
#2488 = FACE_BOUND('',#2489,.F.);
#2489 = EDGE_LOOP('',(#2490));
#2490 = ORIENTED_EDGE('',*,*,#2131,.T.);
#2491 = FACE_BOUND('',#2492,.F.);
#2492 = EDGE_LOOP('',(#2493));
#2493 = ORIENTED_EDGE('',*,*,#2494,.T.);
#2494 = EDGE_CURVE('',#2495,#2495,#2497,.T.);
#2495 = VERTEX_POINT('',#2496);
#2496 = CARTESIAN_POINT('',(0.3619,-6.282,-4.3824));
#2497 = SURFACE_CURVE('',#2498,(#2503,#2514),.PCURVE_S1.);
#2498 = CIRCLE('',#2499,3.49E-02);
#2499 = AXIS2_PLACEMENT_3D('',#2500,#2501,#2502);
#2500 = CARTESIAN_POINT('',(0.327,-6.282,-4.3824));
#2501 = DIRECTION('',(0.,0.,-1.));
#2502 = DIRECTION('',(1.,0.,0.));
#2503 = PCURVE('',#2146,#2504);
#2504 = DEFINITIONAL_REPRESENTATION('',(#2505),#2513);
#2505 = ( BOUNDED_CURVE() B_SPLINE_CURVE(2,(#2506,#2507,#2508,#2509,
#2510,#2511,#2512),.UNSPECIFIED.,.T.,.F.) B_SPLINE_CURVE_WITH_KNOTS((1,2
    ,2,2,2,1),(-2.094395102393,0.,2.094395102393,4.188790204786,
6.28318530718,8.377580409573),.UNSPECIFIED.) CURVE() 
GEOMETRIC_REPRESENTATION_ITEM() RATIONAL_B_SPLINE_CURVE((1.,0.5,1.,0.5,
1.,0.5,1.)) REPRESENTATION_ITEM('') );
#2506 = CARTESIAN_POINT('',(3.49E-02,0.));
#2507 = CARTESIAN_POINT('',(3.49E-02,-6.044857318415E-02));
#2508 = CARTESIAN_POINT('',(-1.745E-02,-3.022428659208E-02));
#2509 = CARTESIAN_POINT('',(-6.98E-02,-8.548034658049E-18));
#2510 = CARTESIAN_POINT('',(-1.745E-02,3.022428659208E-02));
#2511 = CARTESIAN_POINT('',(3.49E-02,6.044857318415E-02));
#2512 = CARTESIAN_POINT('',(3.49E-02,0.));
#2513 = ( GEOMETRIC_REPRESENTATION_CONTEXT(2) 
PARAMETRIC_REPRESENTATION_CONTEXT() REPRESENTATION_CONTEXT('2D SPACE',''
  ) );
#2514 = PCURVE('',#2515,#2520);
#2515 = CYLINDRICAL_SURFACE('',#2516,3.49E-02);
#2516 = AXIS2_PLACEMENT_3D('',#2517,#2518,#2519);
#2517 = CARTESIAN_POINT('',(0.327,-6.282,-4.86));
#2518 = DIRECTION('',(-0.,-0.,-1.));
#2519 = DIRECTION('',(1.,0.,0.));
#2520 = DEFINITIONAL_REPRESENTATION('',(#2521),#2525);
#2521 = LINE('',#2522,#2523);
#2522 = CARTESIAN_POINT('',(-6.28318530718,-0.4776));
#2523 = VECTOR('',#2524,1.);
#2524 = DIRECTION('',(1.,-0.));
#2525 = ( GEOMETRIC_REPRESENTATION_CONTEXT(2) 
PARAMETRIC_REPRESENTATION_CONTEXT() REPRESENTATION_CONTEXT('2D SPACE',''
  ) );
#2526 = ADVANCED_FACE('',(#2527),#2188,.F.);
#2527 = FACE_BOUND('',#2528,.F.);
#2528 = EDGE_LOOP('',(#2529,#2570,#2589,#2590,#2611,#2650));
#2529 = ORIENTED_EDGE('',*,*,#2530,.F.);
#2530 = EDGE_CURVE('',#2531,#2533,#2535,.T.);
#2531 = VERTEX_POINT('',#2532);
#2532 = CARTESIAN_POINT('',(0.354599416845,-6.224107861589,-4.27465));
#2533 = VERTEX_POINT('',#2534);
#2534 = CARTESIAN_POINT('',(0.401520495564,-5.882129288718,-4.2426));
#2535 = SURFACE_CURVE('',#2536,(#2543,#2550),.PCURVE_S1.);
#2536 = ( BOUNDED_CURVE() B_SPLINE_CURVE(5,(#2537,#2538,#2539,#2540,
#2541,#2542),.UNSPECIFIED.,.F.,.F.) B_SPLINE_CURVE_WITH_KNOTS((6,6),(0.,
1.),.PIECEWISE_BEZIER_KNOTS.) CURVE() GEOMETRIC_REPRESENTATION_ITEM() 
RATIONAL_B_SPLINE_CURVE((1.,1.,1.,1.,1.,1.)) REPRESENTATION_ITEM('') );
#2537 = CARTESIAN_POINT('',(0.354599416845,-6.224107861589,-4.27465));
#2538 = CARTESIAN_POINT('',(0.406115726437,-6.172808739736,
    -4.267628432917));
#2539 = CARTESIAN_POINT('',(0.43925560304,-6.102418598551,
    -4.260737229879));
#2540 = CARTESIAN_POINT('',(0.445608945198,-6.024349500189,
    -4.254281072925));
#2541 = CARTESIAN_POINT('',(0.431674224017,-5.950115135159,
    -4.248250896847));
#2542 = CARTESIAN_POINT('',(0.401520495564,-5.882129288718,-4.2426));
#2543 = PCURVE('',#2188,#2544);
#2544 = DEFINITIONAL_REPRESENTATION('',(#2545),#2549);
#2545 = LINE('',#2546,#2547);
#2546 = CARTESIAN_POINT('',(2.,0.));
#2547 = VECTOR('',#2548,1.);
#2548 = DIRECTION('',(0.,1.));
#2549 = ( GEOMETRIC_REPRESENTATION_CONTEXT(2) 
PARAMETRIC_REPRESENTATION_CONTEXT() REPRESENTATION_CONTEXT('2D SPACE',''
  ) );
#2550 = PCURVE('',#2551,#2564);
#2551 = ( BOUNDED_SURFACE() B_SPLINE_SURFACE(1,5,(
    (#2552,#2553,#2554,#2555,#2556,#2557)
    ,(#2558,#2559,#2560,#2561,#2562,#2563
)),.UNSPECIFIED.,.F.,.F.,.F.) B_SPLINE_SURFACE_WITH_KNOTS((2,2),(6,6),(
    1.,2.),(0.,1.),.PIECEWISE_BEZIER_KNOTS.) 
GEOMETRIC_REPRESENTATION_ITEM() RATIONAL_B_SPLINE_SURFACE((
    (1.,1.,1.,1.,1.,1.)
,(1.,1.,1.,1.,1.,1.))) REPRESENTATION_ITEM('') SURFACE() );
#2552 = CARTESIAN_POINT('',(0.36140155717,-6.220290678465,-4.27465));
#2553 = CARTESIAN_POINT('',(0.41237816216,-6.168029260268,
    -4.267628432917));
#2554 = CARTESIAN_POINT('',(0.444816120305,-6.096789841101,
    -4.260737229879));
#2555 = CARTESIAN_POINT('',(0.450372798622,-6.018061274509,
    -4.254281072925));
#2556 = CARTESIAN_POINT('',(0.435623086079,-5.943329863319,
    -4.248250896847));
#2557 = CARTESIAN_POINT('',(0.404655688222,-5.87498712049,-4.2426));
#2558 = CARTESIAN_POINT('',(0.354599416845,-6.224107861589,-4.27465));
#2559 = CARTESIAN_POINT('',(0.406115726437,-6.172808739736,
    -4.267628432917));
#2560 = CARTESIAN_POINT('',(0.43925560304,-6.102418598551,
    -4.260737229879));
#2561 = CARTESIAN_POINT('',(0.445608945198,-6.024349500189,
    -4.254281072925));
#2562 = CARTESIAN_POINT('',(0.431674224017,-5.950115135159,
    -4.248250896847));
#2563 = CARTESIAN_POINT('',(0.401520495564,-5.882129288718,-4.2426));
#2564 = DEFINITIONAL_REPRESENTATION('',(#2565),#2569);
#2565 = LINE('',#2566,#2567);
#2566 = CARTESIAN_POINT('',(2.,0.));
#2567 = VECTOR('',#2568,1.);
#2568 = DIRECTION('',(0.,1.));
#2569 = ( GEOMETRIC_REPRESENTATION_CONTEXT(2) 
PARAMETRIC_REPRESENTATION_CONTEXT() REPRESENTATION_CONTEXT('2D SPACE',''
  ) );
#2570 = ORIENTED_EDGE('',*,*,#2571,.T.);
#2571 = EDGE_CURVE('',#2531,#2163,#2572,.T.);
#2572 = SURFACE_CURVE('',#2573,(#2576,#2583),.PCURVE_S1.);
#2573 = B_SPLINE_CURVE_WITH_KNOTS('',1,(#2574,#2575),.UNSPECIFIED.,.F.,
  .F.,(2,2),(2.,3.),.PIECEWISE_BEZIER_KNOTS.);
#2574 = CARTESIAN_POINT('',(0.354599416845,-6.224107861589,-4.27465));
#2575 = CARTESIAN_POINT('',(0.390793442906,-6.288604857468,-4.31735));
#2576 = PCURVE('',#2188,#2577);
#2577 = DEFINITIONAL_REPRESENTATION('',(#2578),#2582);
#2578 = LINE('',#2579,#2580);
#2579 = CARTESIAN_POINT('',(0.,0.));
#2580 = VECTOR('',#2581,1.);
#2581 = DIRECTION('',(1.,0.));
#2582 = ( GEOMETRIC_REPRESENTATION_CONTEXT(2) 
PARAMETRIC_REPRESENTATION_CONTEXT() REPRESENTATION_CONTEXT('2D SPACE',''
  ) );
#2583 = PCURVE('',#2230,#2584);
#2584 = DEFINITIONAL_REPRESENTATION('',(#2585),#2588);
#2585 = B_SPLINE_CURVE_WITH_KNOTS('',1,(#2586,#2587),.UNSPECIFIED.,.F.,
  .F.,(2,2),(2.,3.),.PIECEWISE_BEZIER_KNOTS.);
#2586 = CARTESIAN_POINT('',(8.575546629807E-02,0.));
#2587 = CARTESIAN_POINT('',(7.094591473447E-04,7.767668100418E-03));
#2588 = ( GEOMETRIC_REPRESENTATION_CONTEXT(2) 
PARAMETRIC_REPRESENTATION_CONTEXT() REPRESENTATION_CONTEXT('2D SPACE',''
  ) );
#2589 = ORIENTED_EDGE('',*,*,#2162,.T.);
#2590 = ORIENTED_EDGE('',*,*,#2591,.T.);
#2591 = EDGE_CURVE('',#2165,#2592,#2594,.T.);
#2592 = VERTEX_POINT('',#2593);
#2593 = CARTESIAN_POINT('',(0.390793442906,-6.288604857468,-4.31735));
#2594 = SURFACE_CURVE('',#2595,(#2598,#2605),.PCURVE_S1.);
#2595 = B_SPLINE_CURVE_WITH_KNOTS('',1,(#2596,#2597),.UNSPECIFIED.,.F.,
  .F.,(2,2),(2.,3.),.PIECEWISE_BEZIER_KNOTS.);
#2596 = CARTESIAN_POINT('',(0.354599416845,-6.224107861589,-4.27465));
#2597 = CARTESIAN_POINT('',(0.390793442906,-6.288604857468,-4.31735));
#2598 = PCURVE('',#2188,#2599);
#2599 = DEFINITIONAL_REPRESENTATION('',(#2600),#2604);
#2600 = LINE('',#2601,#2602);
#2601 = CARTESIAN_POINT('',(0.,0.));
#2602 = VECTOR('',#2603,1.);
#2603 = DIRECTION('',(1.,0.));
#2604 = ( GEOMETRIC_REPRESENTATION_CONTEXT(2) 
PARAMETRIC_REPRESENTATION_CONTEXT() REPRESENTATION_CONTEXT('2D SPACE',''
  ) );
#2605 = PCURVE('',#2230,#2606);
#2606 = DEFINITIONAL_REPRESENTATION('',(#2607),#2610);
#2607 = B_SPLINE_CURVE_WITH_KNOTS('',1,(#2608,#2609),.UNSPECIFIED.,.F.,
  .F.,(2,2),(2.,3.),.PIECEWISE_BEZIER_KNOTS.);
#2608 = CARTESIAN_POINT('',(8.575546629807E-02,0.));
#2609 = CARTESIAN_POINT('',(7.094591473447E-04,7.767668100418E-03));
#2610 = ( GEOMETRIC_REPRESENTATION_CONTEXT(2) 
PARAMETRIC_REPRESENTATION_CONTEXT() REPRESENTATION_CONTEXT('2D SPACE',''
  ) );
#2611 = ORIENTED_EDGE('',*,*,#2612,.T.);
#2612 = EDGE_CURVE('',#2592,#2613,#2615,.T.);
#2613 = VERTEX_POINT('',#2614);
#2614 = CARTESIAN_POINT('',(0.570902533103,-5.956482804838,-4.3494));
#2615 = SURFACE_CURVE('',#2616,(#2623,#2630),.PCURVE_S1.);
#2616 = ( BOUNDED_CURVE() B_SPLINE_CURVE(5,(#2617,#2618,#2619,#2620,
#2621,#2622),.UNSPECIFIED.,.F.,.F.) B_SPLINE_CURVE_WITH_KNOTS((6,6),(0.,
1.),.PIECEWISE_BEZIER_KNOTS.) CURVE() GEOMETRIC_REPRESENTATION_ITEM() 
RATIONAL_B_SPLINE_CURVE((1.,1.,1.,1.,1.,1.)) REPRESENTATION_ITEM('') );
#2617 = CARTESIAN_POINT('',(0.390793442906,-6.288604857468,-4.31735));
#2618 = CARTESIAN_POINT('',(0.463318416587,-6.253393885896,
    -4.324371567083));
#2619 = CARTESIAN_POINT('',(0.523792815565,-6.192991445832,
    -4.331262770121));
#2620 = CARTESIAN_POINT('',(0.560016621134,-6.11597409962,
    -4.337718927075));
#2621 = CARTESIAN_POINT('',(0.574640407973,-6.035891984362,
    -4.343749103153));
#2622 = CARTESIAN_POINT('',(0.570902533103,-5.956482804838,-4.3494));
#2623 = PCURVE('',#2188,#2624);
#2624 = DEFINITIONAL_REPRESENTATION('',(#2625),#2629);
#2625 = LINE('',#2626,#2627);
#2626 = CARTESIAN_POINT('',(3.,0.));
#2627 = VECTOR('',#2628,1.);
#2628 = DIRECTION('',(0.,1.));
#2629 = ( GEOMETRIC_REPRESENTATION_CONTEXT(2) 
PARAMETRIC_REPRESENTATION_CONTEXT() REPRESENTATION_CONTEXT('2D SPACE',''
  ) );
#2630 = PCURVE('',#2631,#2644);
#2631 = ( BOUNDED_SURFACE() B_SPLINE_SURFACE(1,5,(
    (#2632,#2633,#2634,#2635,#2636,#2637)
    ,(#2638,#2639,#2640,#2641,#2642,#2643
)),.UNSPECIFIED.,.F.,.F.,.F.) B_SPLINE_SURFACE_WITH_KNOTS((2,2),(6,6),(
    3.,4.),(0.,1.),.PIECEWISE_BEZIER_KNOTS.) 
GEOMETRIC_REPRESENTATION_ITEM() RATIONAL_B_SPLINE_SURFACE((
    (1.,1.,1.,1.,1.,1.)
,(1.,1.,1.,1.,1.,1.))) REPRESENTATION_ITEM('') SURFACE() );
#2632 = CARTESIAN_POINT('',(0.390793442906,-6.288604857468,-4.31735));
#2633 = CARTESIAN_POINT('',(0.463318416587,-6.253393885896,
    -4.324371567083));
#2634 = CARTESIAN_POINT('',(0.523792815565,-6.192991445832,
    -4.331262770121));
#2635 = CARTESIAN_POINT('',(0.560016621134,-6.11597409962,
    -4.337718927075));
#2636 = CARTESIAN_POINT('',(0.574640407973,-6.035891984362,
    -4.343749103153));
#2637 = CARTESIAN_POINT('',(0.570902533103,-5.956482804838,-4.3494));
#2638 = CARTESIAN_POINT('',(0.397595583231,-6.284787674344,-4.31735));
#2639 = CARTESIAN_POINT('',(0.46958085231,-6.248614406428,
    -4.324371567083));
#2640 = CARTESIAN_POINT('',(0.52935333283,-6.187362688382,
    -4.331262770121));
#2641 = CARTESIAN_POINT('',(0.564780474558,-6.109685873941,
    -4.337718927075));
#2642 = CARTESIAN_POINT('',(0.578589270034,-6.029106712523,
    -4.343749103153));
#2643 = CARTESIAN_POINT('',(0.574037725761,-5.94934063661,-4.3494));
#2644 = DEFINITIONAL_REPRESENTATION('',(#2645),#2649);
#2645 = LINE('',#2646,#2647);
#2646 = CARTESIAN_POINT('',(3.,0.));
#2647 = VECTOR('',#2648,1.);
#2648 = DIRECTION('',(0.,1.));
#2649 = ( GEOMETRIC_REPRESENTATION_CONTEXT(2) 
PARAMETRIC_REPRESENTATION_CONTEXT() REPRESENTATION_CONTEXT('2D SPACE',''
  ) );
#2650 = ORIENTED_EDGE('',*,*,#2651,.F.);
#2651 = EDGE_CURVE('',#2533,#2613,#2652,.T.);
#2652 = SURFACE_CURVE('',#2653,(#2656,#2663),.PCURVE_S1.);
#2653 = B_SPLINE_CURVE_WITH_KNOTS('',1,(#2654,#2655),.UNSPECIFIED.,.F.,
  .F.,(2,2),(2.,3.),.PIECEWISE_BEZIER_KNOTS.);
#2654 = CARTESIAN_POINT('',(0.401520495564,-5.882129288718,-4.2426));
#2655 = CARTESIAN_POINT('',(0.570902533103,-5.956482804838,-4.3494));
#2656 = PCURVE('',#2188,#2657);
#2657 = DEFINITIONAL_REPRESENTATION('',(#2658),#2662);
#2658 = LINE('',#2659,#2660);
#2659 = CARTESIAN_POINT('',(0.,1.));
#2660 = VECTOR('',#2661,1.);
#2661 = DIRECTION('',(1.,0.));
#2662 = ( GEOMETRIC_REPRESENTATION_CONTEXT(2) 
PARAMETRIC_REPRESENTATION_CONTEXT() REPRESENTATION_CONTEXT('2D SPACE',''
  ) );
#2663 = PCURVE('',#2664,#2669);
#2664 = PLANE('',#2665);
#2665 = AXIS2_PLACEMENT_3D('',#2666,#2667,#2668);
#2666 = CARTESIAN_POINT('',(0.574037725761,-5.94934063661,-4.3494));
#2667 = DIRECTION('',(0.45783129667,-0.200973888328,0.866025403784));
#2668 = DIRECTION('',(-0.807126970571,0.314450281575,0.499666962882));
#2669 = DEFINITIONAL_REPRESENTATION('',(#2670),#2673);
#2670 = B_SPLINE_CURVE_WITH_KNOTS('',1,(#2671,#2672),.UNSPECIFIED.,.F.,
  .F.,(2,2),(2.,3.),.PIECEWISE_BEZIER_KNOTS.);
#2671 = CARTESIAN_POINT('',(0.213742368285,-8.881784197001E-16));
#2672 = CARTESIAN_POINT('',(2.846417417759E-04,7.794804620953E-03));
#2673 = ( GEOMETRIC_REPRESENTATION_CONTEXT(2) 
PARAMETRIC_REPRESENTATION_CONTEXT() REPRESENTATION_CONTEXT('2D SPACE',''
  ) );
#2674 = ADVANCED_FACE('',(#2675),#2230,.T.);
#2675 = FACE_BOUND('',#2676,.T.);
#2676 = EDGE_LOOP('',(#2677,#2698,#2732,#2751,#2752,#2753));
#2677 = ORIENTED_EDGE('',*,*,#2678,.T.);
#2678 = EDGE_CURVE('',#2592,#2679,#2681,.T.);
#2679 = VERTEX_POINT('',#2680);
#2680 = CARTESIAN_POINT('',(0.397595583231,-6.284787674344,-4.31735));
#2681 = SURFACE_CURVE('',#2682,(#2685,#2691),.PCURVE_S1.);
#2682 = B_SPLINE_CURVE_WITH_KNOTS('',1,(#2683,#2684),.UNSPECIFIED.,.F.,
  .F.,(2,2),(3.,4.),.PIECEWISE_BEZIER_KNOTS.);
#2683 = CARTESIAN_POINT('',(0.390793442906,-6.288604857468,-4.31735));
#2684 = CARTESIAN_POINT('',(0.397595583231,-6.284787674344,-4.31735));
#2685 = PCURVE('',#2230,#2686);
#2686 = DEFINITIONAL_REPRESENTATION('',(#2687),#2690);
#2687 = B_SPLINE_CURVE_WITH_KNOTS('',1,(#2688,#2689),.UNSPECIFIED.,.F.,
  .F.,(2,2),(3.,4.),.PIECEWISE_BEZIER_KNOTS.);
#2688 = CARTESIAN_POINT('',(7.094591473447E-04,7.767668100418E-03));
#2689 = CARTESIAN_POINT('',(0.,0.));
#2690 = ( GEOMETRIC_REPRESENTATION_CONTEXT(2) 
PARAMETRIC_REPRESENTATION_CONTEXT() REPRESENTATION_CONTEXT('2D SPACE',''
  ) );
#2691 = PCURVE('',#2631,#2692);
#2692 = DEFINITIONAL_REPRESENTATION('',(#2693),#2697);
#2693 = LINE('',#2694,#2695);
#2694 = CARTESIAN_POINT('',(0.,0.));
#2695 = VECTOR('',#2696,1.);
#2696 = DIRECTION('',(1.,0.));
#2697 = ( GEOMETRIC_REPRESENTATION_CONTEXT(2) 
PARAMETRIC_REPRESENTATION_CONTEXT() REPRESENTATION_CONTEXT('2D SPACE',''
  ) );
#2698 = ORIENTED_EDGE('',*,*,#2699,.T.);
#2699 = EDGE_CURVE('',#2679,#2700,#2702,.T.);
#2700 = VERTEX_POINT('',#2701);
#2701 = CARTESIAN_POINT('',(0.36140155717,-6.220290678465,-4.27465));
#2702 = SURFACE_CURVE('',#2703,(#2706,#2712),.PCURVE_S1.);
#2703 = B_SPLINE_CURVE_WITH_KNOTS('',1,(#2704,#2705),.UNSPECIFIED.,.F.,
  .F.,(2,2),(0.,1.),.PIECEWISE_BEZIER_KNOTS.);
#2704 = CARTESIAN_POINT('',(0.397595583231,-6.284787674344,-4.31735));
#2705 = CARTESIAN_POINT('',(0.36140155717,-6.220290678465,-4.27465));
#2706 = PCURVE('',#2230,#2707);
#2707 = DEFINITIONAL_REPRESENTATION('',(#2708),#2711);
#2708 = B_SPLINE_CURVE_WITH_KNOTS('',1,(#2709,#2710),.UNSPECIFIED.,.F.,
  .F.,(2,2),(0.,1.),.PIECEWISE_BEZIER_KNOTS.);
#2709 = CARTESIAN_POINT('',(0.,0.));
#2710 = CARTESIAN_POINT('',(8.504600715073E-02,-7.767668100418E-03));
#2711 = ( GEOMETRIC_REPRESENTATION_CONTEXT(2) 
PARAMETRIC_REPRESENTATION_CONTEXT() REPRESENTATION_CONTEXT('2D SPACE',''
  ) );
#2712 = PCURVE('',#2713,#2726);
#2713 = ( BOUNDED_SURFACE() B_SPLINE_SURFACE(1,5,(
    (#2714,#2715,#2716,#2717,#2718,#2719)
    ,(#2720,#2721,#2722,#2723,#2724,#2725
)),.UNSPECIFIED.,.F.,.F.,.F.) B_SPLINE_SURFACE_WITH_KNOTS((2,2),(6,6),(
    0.,1.),(0.,1.),.PIECEWISE_BEZIER_KNOTS.) 
GEOMETRIC_REPRESENTATION_ITEM() RATIONAL_B_SPLINE_SURFACE((
    (1.,1.,1.,1.,1.,1.)
,(1.,1.,1.,1.,1.,1.))) REPRESENTATION_ITEM('') SURFACE() );
#2714 = CARTESIAN_POINT('',(0.397595583231,-6.284787674344,-4.31735));
#2715 = CARTESIAN_POINT('',(0.46958085231,-6.248614406428,
    -4.324371567083));
#2716 = CARTESIAN_POINT('',(0.52935333283,-6.187362688382,
    -4.331262770121));
#2717 = CARTESIAN_POINT('',(0.564780474558,-6.109685873941,
    -4.337718927075));
#2718 = CARTESIAN_POINT('',(0.578589270034,-6.029106712523,
    -4.343749103153));
#2719 = CARTESIAN_POINT('',(0.574037725761,-5.94934063661,-4.3494));
#2720 = CARTESIAN_POINT('',(0.36140155717,-6.220290678465,-4.27465));
#2721 = CARTESIAN_POINT('',(0.41237816216,-6.168029260268,
    -4.267628432917));
#2722 = CARTESIAN_POINT('',(0.444816120305,-6.096789841101,
    -4.260737229879));
#2723 = CARTESIAN_POINT('',(0.450372798622,-6.018061274509,
    -4.254281072925));
#2724 = CARTESIAN_POINT('',(0.435623086079,-5.943329863319,
    -4.248250896847));
#2725 = CARTESIAN_POINT('',(0.404655688222,-5.87498712049,-4.2426));
#2726 = DEFINITIONAL_REPRESENTATION('',(#2727),#2731);
#2727 = LINE('',#2728,#2729);
#2728 = CARTESIAN_POINT('',(0.,0.));
#2729 = VECTOR('',#2730,1.);
#2730 = DIRECTION('',(1.,0.));
#2731 = ( GEOMETRIC_REPRESENTATION_CONTEXT(2) 
PARAMETRIC_REPRESENTATION_CONTEXT() REPRESENTATION_CONTEXT('2D SPACE',''
  ) );
#2732 = ORIENTED_EDGE('',*,*,#2733,.T.);
#2733 = EDGE_CURVE('',#2700,#2531,#2734,.T.);
#2734 = SURFACE_CURVE('',#2735,(#2738,#2744),.PCURVE_S1.);
#2735 = B_SPLINE_CURVE_WITH_KNOTS('',1,(#2736,#2737),.UNSPECIFIED.,.F.,
  .F.,(2,2),(1.,2.),.PIECEWISE_BEZIER_KNOTS.);
#2736 = CARTESIAN_POINT('',(0.36140155717,-6.220290678465,-4.27465));
#2737 = CARTESIAN_POINT('',(0.354599416845,-6.224107861589,-4.27465));
#2738 = PCURVE('',#2230,#2739);
#2739 = DEFINITIONAL_REPRESENTATION('',(#2740),#2743);
#2740 = B_SPLINE_CURVE_WITH_KNOTS('',1,(#2741,#2742),.UNSPECIFIED.,.F.,
  .F.,(2,2),(1.,2.),.PIECEWISE_BEZIER_KNOTS.);
#2741 = CARTESIAN_POINT('',(8.504600715073E-02,-7.767668100418E-03));
#2742 = CARTESIAN_POINT('',(8.575546629807E-02,0.));
#2743 = ( GEOMETRIC_REPRESENTATION_CONTEXT(2) 
PARAMETRIC_REPRESENTATION_CONTEXT() REPRESENTATION_CONTEXT('2D SPACE',''
  ) );
#2744 = PCURVE('',#2551,#2745);
#2745 = DEFINITIONAL_REPRESENTATION('',(#2746),#2750);
#2746 = LINE('',#2747,#2748);
#2747 = CARTESIAN_POINT('',(0.,0.));
#2748 = VECTOR('',#2749,1.);
#2749 = DIRECTION('',(1.,0.));
#2750 = ( GEOMETRIC_REPRESENTATION_CONTEXT(2) 
PARAMETRIC_REPRESENTATION_CONTEXT() REPRESENTATION_CONTEXT('2D SPACE',''
  ) );
#2751 = ORIENTED_EDGE('',*,*,#2571,.T.);
#2752 = ORIENTED_EDGE('',*,*,#2212,.F.);
#2753 = ORIENTED_EDGE('',*,*,#2591,.T.);
#2754 = ADVANCED_FACE('',(#2755),#2270,.F.);
#2755 = FACE_BOUND('',#2756,.F.);
#2756 = EDGE_LOOP('',(#2757,#2798,#2817,#2818,#2839,#2878));
#2757 = ORIENTED_EDGE('',*,*,#2758,.F.);
#2758 = EDGE_CURVE('',#2759,#2761,#2763,.T.);
#2759 = VERTEX_POINT('',#2760);
#2760 = CARTESIAN_POINT('',(0.299400583155,-6.339892138411,-4.27465));
#2761 = VERTEX_POINT('',#2762);
#2762 = CARTESIAN_POINT('',(0.252479504436,-6.681870711282,-4.2426));
#2763 = SURFACE_CURVE('',#2764,(#2771,#2778),.PCURVE_S1.);
#2764 = ( BOUNDED_CURVE() B_SPLINE_CURVE(5,(#2765,#2766,#2767,#2768,
#2769,#2770),.UNSPECIFIED.,.F.,.F.) B_SPLINE_CURVE_WITH_KNOTS((6,6),(0.,
1.),.PIECEWISE_BEZIER_KNOTS.) CURVE() GEOMETRIC_REPRESENTATION_ITEM() 
RATIONAL_B_SPLINE_CURVE((1.,1.,1.,1.,1.,1.)) REPRESENTATION_ITEM('') );
#2765 = CARTESIAN_POINT('',(0.299400583155,-6.339892138411,-4.27465));
#2766 = CARTESIAN_POINT('',(0.247884273563,-6.391191260264,
    -4.267628432917));
#2767 = CARTESIAN_POINT('',(0.21474439696,-6.461581401449,
    -4.260737229879));
#2768 = CARTESIAN_POINT('',(0.208391054802,-6.539650499812,
    -4.254281072925));
#2769 = CARTESIAN_POINT('',(0.222325775983,-6.613884864841,
    -4.248250896847));
#2770 = CARTESIAN_POINT('',(0.252479504436,-6.681870711282,-4.2426));
#2771 = PCURVE('',#2270,#2772);
#2772 = DEFINITIONAL_REPRESENTATION('',(#2773),#2777);
#2773 = LINE('',#2774,#2775);
#2774 = CARTESIAN_POINT('',(2.,0.));
#2775 = VECTOR('',#2776,1.);
#2776 = DIRECTION('',(0.,1.));
#2777 = ( GEOMETRIC_REPRESENTATION_CONTEXT(2) 
PARAMETRIC_REPRESENTATION_CONTEXT() REPRESENTATION_CONTEXT('2D SPACE',''
  ) );
#2778 = PCURVE('',#2779,#2792);
#2779 = ( BOUNDED_SURFACE() B_SPLINE_SURFACE(1,5,(
    (#2780,#2781,#2782,#2783,#2784,#2785)
    ,(#2786,#2787,#2788,#2789,#2790,#2791
)),.UNSPECIFIED.,.F.,.F.,.F.) B_SPLINE_SURFACE_WITH_KNOTS((2,2),(6,6),(
    1.,2.),(0.,1.),.PIECEWISE_BEZIER_KNOTS.) 
GEOMETRIC_REPRESENTATION_ITEM() RATIONAL_B_SPLINE_SURFACE((
    (1.,1.,1.,1.,1.,1.)
,(1.,1.,1.,1.,1.,1.))) REPRESENTATION_ITEM('') SURFACE() );
#2780 = CARTESIAN_POINT('',(0.29259844283,-6.343709321535,-4.27465));
#2781 = CARTESIAN_POINT('',(0.24162183784,-6.395970739732,
    -4.267628432917));
#2782 = CARTESIAN_POINT('',(0.209183879695,-6.467210158899,
    -4.260737229879));
#2783 = CARTESIAN_POINT('',(0.203627201378,-6.545938725491,
    -4.254281072925));
#2784 = CARTESIAN_POINT('',(0.218376913921,-6.620670136681,
    -4.248250896847));
#2785 = CARTESIAN_POINT('',(0.249344311778,-6.68901287951,-4.2426));
#2786 = CARTESIAN_POINT('',(0.299400583155,-6.339892138411,-4.27465));
#2787 = CARTESIAN_POINT('',(0.247884273563,-6.391191260264,
    -4.267628432917));
#2788 = CARTESIAN_POINT('',(0.21474439696,-6.461581401449,
    -4.260737229879));
#2789 = CARTESIAN_POINT('',(0.208391054802,-6.539650499812,
    -4.254281072925));
#2790 = CARTESIAN_POINT('',(0.222325775983,-6.613884864841,
    -4.248250896847));
#2791 = CARTESIAN_POINT('',(0.252479504436,-6.681870711282,-4.2426));
#2792 = DEFINITIONAL_REPRESENTATION('',(#2793),#2797);
#2793 = LINE('',#2794,#2795);
#2794 = CARTESIAN_POINT('',(2.,0.));
#2795 = VECTOR('',#2796,1.);
#2796 = DIRECTION('',(0.,1.));
#2797 = ( GEOMETRIC_REPRESENTATION_CONTEXT(2) 
PARAMETRIC_REPRESENTATION_CONTEXT() REPRESENTATION_CONTEXT('2D SPACE',''
  ) );
#2798 = ORIENTED_EDGE('',*,*,#2799,.T.);
#2799 = EDGE_CURVE('',#2759,#2245,#2800,.T.);
#2800 = SURFACE_CURVE('',#2801,(#2804,#2811),.PCURVE_S1.);
#2801 = B_SPLINE_CURVE_WITH_KNOTS('',1,(#2802,#2803),.UNSPECIFIED.,.F.,
  .F.,(2,2),(2.,3.),.PIECEWISE_BEZIER_KNOTS.);
#2802 = CARTESIAN_POINT('',(0.299400583155,-6.339892138411,-4.27465));
#2803 = CARTESIAN_POINT('',(0.263206557094,-6.275395142532,-4.31735));
#2804 = PCURVE('',#2270,#2805);
#2805 = DEFINITIONAL_REPRESENTATION('',(#2806),#2810);
#2806 = LINE('',#2807,#2808);
#2807 = CARTESIAN_POINT('',(0.,0.));
#2808 = VECTOR('',#2809,1.);
#2809 = DIRECTION('',(1.,0.));
#2810 = ( GEOMETRIC_REPRESENTATION_CONTEXT(2) 
PARAMETRIC_REPRESENTATION_CONTEXT() REPRESENTATION_CONTEXT('2D SPACE',''
  ) );
#2811 = PCURVE('',#2312,#2812);
#2812 = DEFINITIONAL_REPRESENTATION('',(#2813),#2816);
#2813 = B_SPLINE_CURVE_WITH_KNOTS('',1,(#2814,#2815),.UNSPECIFIED.,.F.,
  .F.,(2,2),(2.,3.),.PIECEWISE_BEZIER_KNOTS.);
#2814 = CARTESIAN_POINT('',(8.575546629807E-02,-4.440892098501E-16));
#2815 = CARTESIAN_POINT('',(7.094591473455E-04,7.767668100418E-03));
#2816 = ( GEOMETRIC_REPRESENTATION_CONTEXT(2) 
PARAMETRIC_REPRESENTATION_CONTEXT() REPRESENTATION_CONTEXT('2D SPACE',''
  ) );
#2817 = ORIENTED_EDGE('',*,*,#2244,.T.);
#2818 = ORIENTED_EDGE('',*,*,#2819,.T.);
#2819 = EDGE_CURVE('',#2247,#2820,#2822,.T.);
#2820 = VERTEX_POINT('',#2821);
#2821 = CARTESIAN_POINT('',(0.263206557094,-6.275395142532,-4.31735));
#2822 = SURFACE_CURVE('',#2823,(#2826,#2833),.PCURVE_S1.);
#2823 = B_SPLINE_CURVE_WITH_KNOTS('',1,(#2824,#2825),.UNSPECIFIED.,.F.,
  .F.,(2,2),(2.,3.),.PIECEWISE_BEZIER_KNOTS.);
#2824 = CARTESIAN_POINT('',(0.299400583155,-6.339892138411,-4.27465));
#2825 = CARTESIAN_POINT('',(0.263206557094,-6.275395142532,-4.31735));
#2826 = PCURVE('',#2270,#2827);
#2827 = DEFINITIONAL_REPRESENTATION('',(#2828),#2832);
#2828 = LINE('',#2829,#2830);
#2829 = CARTESIAN_POINT('',(0.,0.));
#2830 = VECTOR('',#2831,1.);
#2831 = DIRECTION('',(1.,0.));
#2832 = ( GEOMETRIC_REPRESENTATION_CONTEXT(2) 
PARAMETRIC_REPRESENTATION_CONTEXT() REPRESENTATION_CONTEXT('2D SPACE',''
  ) );
#2833 = PCURVE('',#2312,#2834);
#2834 = DEFINITIONAL_REPRESENTATION('',(#2835),#2838);
#2835 = B_SPLINE_CURVE_WITH_KNOTS('',1,(#2836,#2837),.UNSPECIFIED.,.F.,
  .F.,(2,2),(2.,3.),.PIECEWISE_BEZIER_KNOTS.);
#2836 = CARTESIAN_POINT('',(8.575546629807E-02,-4.440892098501E-16));
#2837 = CARTESIAN_POINT('',(7.094591473455E-04,7.767668100418E-03));
#2838 = ( GEOMETRIC_REPRESENTATION_CONTEXT(2) 
PARAMETRIC_REPRESENTATION_CONTEXT() REPRESENTATION_CONTEXT('2D SPACE',''
  ) );
#2839 = ORIENTED_EDGE('',*,*,#2840,.T.);
#2840 = EDGE_CURVE('',#2820,#2841,#2843,.T.);
#2841 = VERTEX_POINT('',#2842);
#2842 = CARTESIAN_POINT('',(8.309746689739E-02,-6.607517195162,-4.3494)
  );
#2843 = SURFACE_CURVE('',#2844,(#2851,#2858),.PCURVE_S1.);
#2844 = ( BOUNDED_CURVE() B_SPLINE_CURVE(5,(#2845,#2846,#2847,#2848,
#2849,#2850),.UNSPECIFIED.,.F.,.F.) B_SPLINE_CURVE_WITH_KNOTS((6,6),(0.,
1.),.PIECEWISE_BEZIER_KNOTS.) CURVE() GEOMETRIC_REPRESENTATION_ITEM() 
RATIONAL_B_SPLINE_CURVE((1.,1.,1.,1.,1.,1.)) REPRESENTATION_ITEM('') );
#2845 = CARTESIAN_POINT('',(0.263206557094,-6.275395142532,-4.31735));
#2846 = CARTESIAN_POINT('',(0.190681583413,-6.310606114104,
    -4.324371567083));
#2847 = CARTESIAN_POINT('',(0.130207184435,-6.371008554169,
    -4.331262770121));
#2848 = CARTESIAN_POINT('',(9.398337886613E-02,-6.448025900379,
    -4.337718927075));
#2849 = CARTESIAN_POINT('',(7.935959202732E-02,-6.528108015638,
    -4.343749103153));
#2850 = CARTESIAN_POINT('',(8.309746689739E-02,-6.607517195162,-4.3494)
  );
#2851 = PCURVE('',#2270,#2852);
#2852 = DEFINITIONAL_REPRESENTATION('',(#2853),#2857);
#2853 = LINE('',#2854,#2855);
#2854 = CARTESIAN_POINT('',(3.,0.));
#2855 = VECTOR('',#2856,1.);
#2856 = DIRECTION('',(0.,1.));
#2857 = ( GEOMETRIC_REPRESENTATION_CONTEXT(2) 
PARAMETRIC_REPRESENTATION_CONTEXT() REPRESENTATION_CONTEXT('2D SPACE',''
  ) );
#2858 = PCURVE('',#2859,#2872);
#2859 = ( BOUNDED_SURFACE() B_SPLINE_SURFACE(1,5,(
    (#2860,#2861,#2862,#2863,#2864,#2865)
    ,(#2866,#2867,#2868,#2869,#2870,#2871
)),.UNSPECIFIED.,.F.,.F.,.F.) B_SPLINE_SURFACE_WITH_KNOTS((2,2),(6,6),(
    3.,4.),(0.,1.),.PIECEWISE_BEZIER_KNOTS.) 
GEOMETRIC_REPRESENTATION_ITEM() RATIONAL_B_SPLINE_SURFACE((
    (1.,1.,1.,1.,1.,1.)
,(1.,1.,1.,1.,1.,1.))) REPRESENTATION_ITEM('') SURFACE() );
#2860 = CARTESIAN_POINT('',(0.263206557094,-6.275395142532,-4.31735));
#2861 = CARTESIAN_POINT('',(0.190681583413,-6.310606114104,
    -4.324371567083));
#2862 = CARTESIAN_POINT('',(0.130207184435,-6.371008554169,
    -4.331262770121));
#2863 = CARTESIAN_POINT('',(9.398337886613E-02,-6.448025900379,
    -4.337718927075));
#2864 = CARTESIAN_POINT('',(7.935959202732E-02,-6.528108015638,
    -4.343749103153));
#2865 = CARTESIAN_POINT('',(8.309746689739E-02,-6.607517195162,-4.3494)
  );
#2866 = CARTESIAN_POINT('',(0.256404416769,-6.279212325656,-4.31735));
#2867 = CARTESIAN_POINT('',(0.18441914769,-6.315385593572,
    -4.324371567083));
#2868 = CARTESIAN_POINT('',(0.12464666717,-6.376637311618,
    -4.331262770121));
#2869 = CARTESIAN_POINT('',(8.921952544153E-02,-6.454314126059,
    -4.337718927075));
#2870 = CARTESIAN_POINT('',(7.541072996612E-02,-6.534893287477,
    -4.343749103153));
#2871 = CARTESIAN_POINT('',(7.996227423947E-02,-6.61465936339,-4.3494));
#2872 = DEFINITIONAL_REPRESENTATION('',(#2873),#2877);
#2873 = LINE('',#2874,#2875);
#2874 = CARTESIAN_POINT('',(3.,0.));
#2875 = VECTOR('',#2876,1.);
#2876 = DIRECTION('',(0.,1.));
#2877 = ( GEOMETRIC_REPRESENTATION_CONTEXT(2) 
PARAMETRIC_REPRESENTATION_CONTEXT() REPRESENTATION_CONTEXT('2D SPACE',''
  ) );
#2878 = ORIENTED_EDGE('',*,*,#2879,.F.);
#2879 = EDGE_CURVE('',#2761,#2841,#2880,.T.);
#2880 = SURFACE_CURVE('',#2881,(#2884,#2891),.PCURVE_S1.);
#2881 = B_SPLINE_CURVE_WITH_KNOTS('',1,(#2882,#2883),.UNSPECIFIED.,.F.,
  .F.,(2,2),(2.,3.),.PIECEWISE_BEZIER_KNOTS.);
#2882 = CARTESIAN_POINT('',(0.252479504436,-6.681870711282,-4.2426));
#2883 = CARTESIAN_POINT('',(8.309746689739E-02,-6.607517195162,-4.3494)
  );
#2884 = PCURVE('',#2270,#2885);
#2885 = DEFINITIONAL_REPRESENTATION('',(#2886),#2890);
#2886 = LINE('',#2887,#2888);
#2887 = CARTESIAN_POINT('',(0.,1.));
#2888 = VECTOR('',#2889,1.);
#2889 = DIRECTION('',(1.,0.));
#2890 = ( GEOMETRIC_REPRESENTATION_CONTEXT(2) 
PARAMETRIC_REPRESENTATION_CONTEXT() REPRESENTATION_CONTEXT('2D SPACE',''
  ) );
#2891 = PCURVE('',#2892,#2897);
#2892 = PLANE('',#2893);
#2893 = AXIS2_PLACEMENT_3D('',#2894,#2895,#2896);
#2894 = CARTESIAN_POINT('',(7.996227423947E-02,-6.61465936339,-4.3494));
#2895 = DIRECTION('',(0.45783129667,-0.200973888328,-0.866025403784));
#2896 = DIRECTION('',(0.807126970571,-0.314450281575,0.499666962882));
#2897 = DEFINITIONAL_REPRESENTATION('',(#2898),#2901);
#2898 = B_SPLINE_CURVE_WITH_KNOTS('',1,(#2899,#2900),.UNSPECIFIED.,.F.,
  .F.,(2,2),(2.,3.),.PIECEWISE_BEZIER_KNOTS.);
#2899 = CARTESIAN_POINT('',(0.213742368285,0.));
#2900 = CARTESIAN_POINT('',(2.846417417763E-04,-7.794804620953E-03));
#2901 = ( GEOMETRIC_REPRESENTATION_CONTEXT(2) 
PARAMETRIC_REPRESENTATION_CONTEXT() REPRESENTATION_CONTEXT('2D SPACE',''
  ) );
#2902 = ADVANCED_FACE('',(#2903),#2312,.T.);
#2903 = FACE_BOUND('',#2904,.T.);
#2904 = EDGE_LOOP('',(#2905,#2926,#2960,#2979,#2980,#2981));
#2905 = ORIENTED_EDGE('',*,*,#2906,.T.);
#2906 = EDGE_CURVE('',#2820,#2907,#2909,.T.);
#2907 = VERTEX_POINT('',#2908);
#2908 = CARTESIAN_POINT('',(0.256404416769,-6.279212325656,-4.31735));
#2909 = SURFACE_CURVE('',#2910,(#2913,#2919),.PCURVE_S1.);
#2910 = B_SPLINE_CURVE_WITH_KNOTS('',1,(#2911,#2912),.UNSPECIFIED.,.F.,
  .F.,(2,2),(3.,4.),.PIECEWISE_BEZIER_KNOTS.);
#2911 = CARTESIAN_POINT('',(0.263206557094,-6.275395142532,-4.31735));
#2912 = CARTESIAN_POINT('',(0.256404416769,-6.279212325656,-4.31735));
#2913 = PCURVE('',#2312,#2914);
#2914 = DEFINITIONAL_REPRESENTATION('',(#2915),#2918);
#2915 = B_SPLINE_CURVE_WITH_KNOTS('',1,(#2916,#2917),.UNSPECIFIED.,.F.,
  .F.,(2,2),(3.,4.),.PIECEWISE_BEZIER_KNOTS.);
#2916 = CARTESIAN_POINT('',(7.094591473455E-04,7.767668100418E-03));
#2917 = CARTESIAN_POINT('',(0.,0.));
#2918 = ( GEOMETRIC_REPRESENTATION_CONTEXT(2) 
PARAMETRIC_REPRESENTATION_CONTEXT() REPRESENTATION_CONTEXT('2D SPACE',''
  ) );
#2919 = PCURVE('',#2859,#2920);
#2920 = DEFINITIONAL_REPRESENTATION('',(#2921),#2925);
#2921 = LINE('',#2922,#2923);
#2922 = CARTESIAN_POINT('',(0.,0.));
#2923 = VECTOR('',#2924,1.);
#2924 = DIRECTION('',(1.,0.));
#2925 = ( GEOMETRIC_REPRESENTATION_CONTEXT(2) 
PARAMETRIC_REPRESENTATION_CONTEXT() REPRESENTATION_CONTEXT('2D SPACE',''
  ) );
#2926 = ORIENTED_EDGE('',*,*,#2927,.T.);
#2927 = EDGE_CURVE('',#2907,#2928,#2930,.T.);
#2928 = VERTEX_POINT('',#2929);
#2929 = CARTESIAN_POINT('',(0.29259844283,-6.343709321535,-4.27465));
#2930 = SURFACE_CURVE('',#2931,(#2934,#2940),.PCURVE_S1.);
#2931 = B_SPLINE_CURVE_WITH_KNOTS('',1,(#2932,#2933),.UNSPECIFIED.,.F.,
  .F.,(2,2),(0.,1.),.PIECEWISE_BEZIER_KNOTS.);
#2932 = CARTESIAN_POINT('',(0.256404416769,-6.279212325656,-4.31735));
#2933 = CARTESIAN_POINT('',(0.29259844283,-6.343709321535,-4.27465));
#2934 = PCURVE('',#2312,#2935);
#2935 = DEFINITIONAL_REPRESENTATION('',(#2936),#2939);
#2936 = B_SPLINE_CURVE_WITH_KNOTS('',1,(#2937,#2938),.UNSPECIFIED.,.F.,
  .F.,(2,2),(0.,1.),.PIECEWISE_BEZIER_KNOTS.);
#2937 = CARTESIAN_POINT('',(0.,0.));
#2938 = CARTESIAN_POINT('',(8.504600715073E-02,-7.767668100418E-03));
#2939 = ( GEOMETRIC_REPRESENTATION_CONTEXT(2) 
PARAMETRIC_REPRESENTATION_CONTEXT() REPRESENTATION_CONTEXT('2D SPACE',''
  ) );
#2940 = PCURVE('',#2941,#2954);
#2941 = ( BOUNDED_SURFACE() B_SPLINE_SURFACE(1,5,(
    (#2942,#2943,#2944,#2945,#2946,#2947)
    ,(#2948,#2949,#2950,#2951,#2952,#2953
)),.UNSPECIFIED.,.F.,.F.,.F.) B_SPLINE_SURFACE_WITH_KNOTS((2,2),(6,6),(
    0.,1.),(0.,1.),.PIECEWISE_BEZIER_KNOTS.) 
GEOMETRIC_REPRESENTATION_ITEM() RATIONAL_B_SPLINE_SURFACE((
    (1.,1.,1.,1.,1.,1.)
,(1.,1.,1.,1.,1.,1.))) REPRESENTATION_ITEM('') SURFACE() );
#2942 = CARTESIAN_POINT('',(0.256404416769,-6.279212325656,-4.31735));
#2943 = CARTESIAN_POINT('',(0.18441914769,-6.315385593572,
    -4.324371567083));
#2944 = CARTESIAN_POINT('',(0.12464666717,-6.376637311618,
    -4.331262770121));
#2945 = CARTESIAN_POINT('',(8.921952544153E-02,-6.454314126059,
    -4.337718927075));
#2946 = CARTESIAN_POINT('',(7.541072996612E-02,-6.534893287477,
    -4.343749103153));
#2947 = CARTESIAN_POINT('',(7.996227423947E-02,-6.61465936339,-4.3494));
#2948 = CARTESIAN_POINT('',(0.29259844283,-6.343709321535,-4.27465));
#2949 = CARTESIAN_POINT('',(0.24162183784,-6.395970739732,
    -4.267628432917));
#2950 = CARTESIAN_POINT('',(0.209183879695,-6.467210158899,
    -4.260737229879));
#2951 = CARTESIAN_POINT('',(0.203627201378,-6.545938725491,
    -4.254281072925));
#2952 = CARTESIAN_POINT('',(0.218376913921,-6.620670136681,
    -4.248250896847));
#2953 = CARTESIAN_POINT('',(0.249344311778,-6.68901287951,-4.2426));
#2954 = DEFINITIONAL_REPRESENTATION('',(#2955),#2959);
#2955 = LINE('',#2956,#2957);
#2956 = CARTESIAN_POINT('',(0.,0.));
#2957 = VECTOR('',#2958,1.);
#2958 = DIRECTION('',(1.,0.));
#2959 = ( GEOMETRIC_REPRESENTATION_CONTEXT(2) 
PARAMETRIC_REPRESENTATION_CONTEXT() REPRESENTATION_CONTEXT('2D SPACE',''
  ) );
#2960 = ORIENTED_EDGE('',*,*,#2961,.T.);
#2961 = EDGE_CURVE('',#2928,#2759,#2962,.T.);
#2962 = SURFACE_CURVE('',#2963,(#2966,#2972),.PCURVE_S1.);
#2963 = B_SPLINE_CURVE_WITH_KNOTS('',1,(#2964,#2965),.UNSPECIFIED.,.F.,
  .F.,(2,2),(1.,2.),.PIECEWISE_BEZIER_KNOTS.);
#2964 = CARTESIAN_POINT('',(0.29259844283,-6.343709321535,-4.27465));
#2965 = CARTESIAN_POINT('',(0.299400583155,-6.339892138411,-4.27465));
#2966 = PCURVE('',#2312,#2967);
#2967 = DEFINITIONAL_REPRESENTATION('',(#2968),#2971);
#2968 = B_SPLINE_CURVE_WITH_KNOTS('',1,(#2969,#2970),.UNSPECIFIED.,.F.,
  .F.,(2,2),(1.,2.),.PIECEWISE_BEZIER_KNOTS.);
#2969 = CARTESIAN_POINT('',(8.504600715073E-02,-7.767668100418E-03));
#2970 = CARTESIAN_POINT('',(8.575546629807E-02,-4.440892098501E-16));
#2971 = ( GEOMETRIC_REPRESENTATION_CONTEXT(2) 
PARAMETRIC_REPRESENTATION_CONTEXT() REPRESENTATION_CONTEXT('2D SPACE',''
  ) );
#2972 = PCURVE('',#2779,#2973);
#2973 = DEFINITIONAL_REPRESENTATION('',(#2974),#2978);
#2974 = LINE('',#2975,#2976);
#2975 = CARTESIAN_POINT('',(0.,0.));
#2976 = VECTOR('',#2977,1.);
#2977 = DIRECTION('',(1.,0.));
#2978 = ( GEOMETRIC_REPRESENTATION_CONTEXT(2) 
PARAMETRIC_REPRESENTATION_CONTEXT() REPRESENTATION_CONTEXT('2D SPACE',''
  ) );
#2979 = ORIENTED_EDGE('',*,*,#2799,.T.);
#2980 = ORIENTED_EDGE('',*,*,#2294,.F.);
#2981 = ORIENTED_EDGE('',*,*,#2819,.T.);
#2982 = ADVANCED_FACE('',(#2983),#2352,.F.);
#2983 = FACE_BOUND('',#2984,.F.);
#2984 = EDGE_LOOP('',(#2985,#3026,#3045,#3046,#3067,#3106));
#2985 = ORIENTED_EDGE('',*,*,#2986,.F.);
#2986 = EDGE_CURVE('',#2987,#2989,#2991,.T.);
#2987 = VERTEX_POINT('',#2988);
#2988 = CARTESIAN_POINT('',(0.384892138411,-6.309599416845,-4.27465));
#2989 = VERTEX_POINT('',#2990);
#2990 = CARTESIAN_POINT('',(0.726870711282,-6.356520495564,-4.2426));
#2991 = SURFACE_CURVE('',#2992,(#2999,#3006),.PCURVE_S1.);
#2992 = ( BOUNDED_CURVE() B_SPLINE_CURVE(5,(#2993,#2994,#2995,#2996,
#2997,#2998),.UNSPECIFIED.,.F.,.F.) B_SPLINE_CURVE_WITH_KNOTS((6,6),(0.,
1.),.PIECEWISE_BEZIER_KNOTS.) CURVE() GEOMETRIC_REPRESENTATION_ITEM() 
RATIONAL_B_SPLINE_CURVE((1.,1.,1.,1.,1.,1.)) REPRESENTATION_ITEM('') );
#2993 = CARTESIAN_POINT('',(0.384892138411,-6.309599416845,-4.27465));
#2994 = CARTESIAN_POINT('',(0.436191260264,-6.361115726437,
    -4.267628432917));
#2995 = CARTESIAN_POINT('',(0.506581401449,-6.39425560304,
    -4.260737229879));
#2996 = CARTESIAN_POINT('',(0.584650499811,-6.400608945198,
    -4.254281072925));
#2997 = CARTESIAN_POINT('',(0.658884864841,-6.386674224017,
    -4.248250896847));
#2998 = CARTESIAN_POINT('',(0.726870711282,-6.356520495564,-4.2426));
#2999 = PCURVE('',#2352,#3000);
#3000 = DEFINITIONAL_REPRESENTATION('',(#3001),#3005);
#3001 = LINE('',#3002,#3003);
#3002 = CARTESIAN_POINT('',(2.,0.));
#3003 = VECTOR('',#3004,1.);
#3004 = DIRECTION('',(0.,1.));
#3005 = ( GEOMETRIC_REPRESENTATION_CONTEXT(2) 
PARAMETRIC_REPRESENTATION_CONTEXT() REPRESENTATION_CONTEXT('2D SPACE',''
  ) );
#3006 = PCURVE('',#3007,#3020);
#3007 = ( BOUNDED_SURFACE() B_SPLINE_SURFACE(1,5,(
    (#3008,#3009,#3010,#3011,#3012,#3013)
    ,(#3014,#3015,#3016,#3017,#3018,#3019
)),.UNSPECIFIED.,.F.,.F.,.F.) B_SPLINE_SURFACE_WITH_KNOTS((2,2),(6,6),(
    1.,2.),(0.,1.),.PIECEWISE_BEZIER_KNOTS.) 
GEOMETRIC_REPRESENTATION_ITEM() RATIONAL_B_SPLINE_SURFACE((
    (1.,1.,1.,1.,1.,1.)
,(1.,1.,1.,1.,1.,1.))) REPRESENTATION_ITEM('') SURFACE() );
#3008 = CARTESIAN_POINT('',(0.388709321535,-6.31640155717,-4.27465));
#3009 = CARTESIAN_POINT('',(0.440970739732,-6.36737816216,
    -4.267628432917));
#3010 = CARTESIAN_POINT('',(0.512210158899,-6.399816120305,
    -4.260737229879));
#3011 = CARTESIAN_POINT('',(0.590938725491,-6.405372798622,
    -4.254281072925));
#3012 = CARTESIAN_POINT('',(0.665670136681,-6.390623086078,
    -4.248250896847));
#3013 = CARTESIAN_POINT('',(0.73401287951,-6.359655688222,-4.2426));
#3014 = CARTESIAN_POINT('',(0.384892138411,-6.309599416845,-4.27465));
#3015 = CARTESIAN_POINT('',(0.436191260264,-6.361115726437,
    -4.267628432917));
#3016 = CARTESIAN_POINT('',(0.506581401449,-6.39425560304,
    -4.260737229879));
#3017 = CARTESIAN_POINT('',(0.584650499811,-6.400608945198,
    -4.254281072925));
#3018 = CARTESIAN_POINT('',(0.658884864841,-6.386674224017,
    -4.248250896847));
#3019 = CARTESIAN_POINT('',(0.726870711282,-6.356520495564,-4.2426));
#3020 = DEFINITIONAL_REPRESENTATION('',(#3021),#3025);
#3021 = LINE('',#3022,#3023);
#3022 = CARTESIAN_POINT('',(2.,0.));
#3023 = VECTOR('',#3024,1.);
#3024 = DIRECTION('',(0.,1.));
#3025 = ( GEOMETRIC_REPRESENTATION_CONTEXT(2) 
PARAMETRIC_REPRESENTATION_CONTEXT() REPRESENTATION_CONTEXT('2D SPACE',''
  ) );
#3026 = ORIENTED_EDGE('',*,*,#3027,.T.);
#3027 = EDGE_CURVE('',#2987,#2327,#3028,.T.);
#3028 = SURFACE_CURVE('',#3029,(#3032,#3039),.PCURVE_S1.);
#3029 = B_SPLINE_CURVE_WITH_KNOTS('',1,(#3030,#3031),.UNSPECIFIED.,.F.,
  .F.,(2,2),(2.,3.),.PIECEWISE_BEZIER_KNOTS.);
#3030 = CARTESIAN_POINT('',(0.384892138411,-6.309599416845,-4.27465));
#3031 = CARTESIAN_POINT('',(0.320395142532,-6.345793442906,-4.31735));
#3032 = PCURVE('',#2352,#3033);
#3033 = DEFINITIONAL_REPRESENTATION('',(#3034),#3038);
#3034 = LINE('',#3035,#3036);
#3035 = CARTESIAN_POINT('',(0.,0.));
#3036 = VECTOR('',#3037,1.);
#3037 = DIRECTION('',(1.,0.));
#3038 = ( GEOMETRIC_REPRESENTATION_CONTEXT(2) 
PARAMETRIC_REPRESENTATION_CONTEXT() REPRESENTATION_CONTEXT('2D SPACE',''
  ) );
#3039 = PCURVE('',#2394,#3040);
#3040 = DEFINITIONAL_REPRESENTATION('',(#3041),#3044);
#3041 = B_SPLINE_CURVE_WITH_KNOTS('',1,(#3042,#3043),.UNSPECIFIED.,.F.,
  .F.,(2,2),(2.,3.),.PIECEWISE_BEZIER_KNOTS.);
#3042 = CARTESIAN_POINT('',(8.575546629807E-02,8.881784197001E-16));
#3043 = CARTESIAN_POINT('',(7.094591473455E-04,-7.767668100418E-03));
#3044 = ( GEOMETRIC_REPRESENTATION_CONTEXT(2) 
PARAMETRIC_REPRESENTATION_CONTEXT() REPRESENTATION_CONTEXT('2D SPACE',''
  ) );
#3045 = ORIENTED_EDGE('',*,*,#2326,.T.);
#3046 = ORIENTED_EDGE('',*,*,#3047,.T.);
#3047 = EDGE_CURVE('',#2329,#3048,#3050,.T.);
#3048 = VERTEX_POINT('',#3049);
#3049 = CARTESIAN_POINT('',(0.320395142532,-6.345793442906,-4.31735));
#3050 = SURFACE_CURVE('',#3051,(#3054,#3061),.PCURVE_S1.);
#3051 = B_SPLINE_CURVE_WITH_KNOTS('',1,(#3052,#3053),.UNSPECIFIED.,.F.,
  .F.,(2,2),(2.,3.),.PIECEWISE_BEZIER_KNOTS.);
#3052 = CARTESIAN_POINT('',(0.384892138411,-6.309599416845,-4.27465));
#3053 = CARTESIAN_POINT('',(0.320395142532,-6.345793442906,-4.31735));
#3054 = PCURVE('',#2352,#3055);
#3055 = DEFINITIONAL_REPRESENTATION('',(#3056),#3060);
#3056 = LINE('',#3057,#3058);
#3057 = CARTESIAN_POINT('',(0.,0.));
#3058 = VECTOR('',#3059,1.);
#3059 = DIRECTION('',(1.,0.));
#3060 = ( GEOMETRIC_REPRESENTATION_CONTEXT(2) 
PARAMETRIC_REPRESENTATION_CONTEXT() REPRESENTATION_CONTEXT('2D SPACE',''
  ) );
#3061 = PCURVE('',#2394,#3062);
#3062 = DEFINITIONAL_REPRESENTATION('',(#3063),#3066);
#3063 = B_SPLINE_CURVE_WITH_KNOTS('',1,(#3064,#3065),.UNSPECIFIED.,.F.,
  .F.,(2,2),(2.,3.),.PIECEWISE_BEZIER_KNOTS.);
#3064 = CARTESIAN_POINT('',(8.575546629807E-02,8.881784197001E-16));
#3065 = CARTESIAN_POINT('',(7.094591473455E-04,-7.767668100418E-03));
#3066 = ( GEOMETRIC_REPRESENTATION_CONTEXT(2) 
PARAMETRIC_REPRESENTATION_CONTEXT() REPRESENTATION_CONTEXT('2D SPACE',''
  ) );
#3067 = ORIENTED_EDGE('',*,*,#3068,.T.);
#3068 = EDGE_CURVE('',#3048,#3069,#3071,.T.);
#3069 = VERTEX_POINT('',#3070);
#3070 = CARTESIAN_POINT('',(0.652517195162,-6.525902533103,-4.3494));
#3071 = SURFACE_CURVE('',#3072,(#3079,#3086),.PCURVE_S1.);
#3072 = ( BOUNDED_CURVE() B_SPLINE_CURVE(5,(#3073,#3074,#3075,#3076,
#3077,#3078),.UNSPECIFIED.,.F.,.F.) B_SPLINE_CURVE_WITH_KNOTS((6,6),(0.,
1.),.PIECEWISE_BEZIER_KNOTS.) CURVE() GEOMETRIC_REPRESENTATION_ITEM() 
RATIONAL_B_SPLINE_CURVE((1.,1.,1.,1.,1.,1.)) REPRESENTATION_ITEM('') );
#3073 = CARTESIAN_POINT('',(0.320395142532,-6.345793442906,-4.31735));
#3074 = CARTESIAN_POINT('',(0.355606114104,-6.418318416587,
    -4.324371567083));
#3075 = CARTESIAN_POINT('',(0.416008554169,-6.478792815565,
    -4.331262770121));
#3076 = CARTESIAN_POINT('',(0.493025900379,-6.515016621134,
    -4.337718927075));
#3077 = CARTESIAN_POINT('',(0.573108015638,-6.529640407973,
    -4.343749103153));
#3078 = CARTESIAN_POINT('',(0.652517195162,-6.525902533103,-4.3494));
#3079 = PCURVE('',#2352,#3080);
#3080 = DEFINITIONAL_REPRESENTATION('',(#3081),#3085);
#3081 = LINE('',#3082,#3083);
#3082 = CARTESIAN_POINT('',(3.,0.));
#3083 = VECTOR('',#3084,1.);
#3084 = DIRECTION('',(0.,1.));
#3085 = ( GEOMETRIC_REPRESENTATION_CONTEXT(2) 
PARAMETRIC_REPRESENTATION_CONTEXT() REPRESENTATION_CONTEXT('2D SPACE',''
  ) );
#3086 = PCURVE('',#3087,#3100);
#3087 = ( BOUNDED_SURFACE() B_SPLINE_SURFACE(1,5,(
    (#3088,#3089,#3090,#3091,#3092,#3093)
    ,(#3094,#3095,#3096,#3097,#3098,#3099
)),.UNSPECIFIED.,.F.,.F.,.F.) B_SPLINE_SURFACE_WITH_KNOTS((2,2),(6,6),(
    3.,4.),(0.,1.),.PIECEWISE_BEZIER_KNOTS.) 
GEOMETRIC_REPRESENTATION_ITEM() RATIONAL_B_SPLINE_SURFACE((
    (1.,1.,1.,1.,1.,1.)
,(1.,1.,1.,1.,1.,1.))) REPRESENTATION_ITEM('') SURFACE() );
#3088 = CARTESIAN_POINT('',(0.320395142532,-6.345793442906,-4.31735));
#3089 = CARTESIAN_POINT('',(0.355606114104,-6.418318416587,
    -4.324371567083));
#3090 = CARTESIAN_POINT('',(0.416008554169,-6.478792815565,
    -4.331262770121));
#3091 = CARTESIAN_POINT('',(0.493025900379,-6.515016621134,
    -4.337718927075));
#3092 = CARTESIAN_POINT('',(0.573108015638,-6.529640407973,
    -4.343749103153));
#3093 = CARTESIAN_POINT('',(0.652517195162,-6.525902533103,-4.3494));
#3094 = CARTESIAN_POINT('',(0.324212325656,-6.352595583231,-4.31735));
#3095 = CARTESIAN_POINT('',(0.360385593572,-6.42458085231,
    -4.324371567083));
#3096 = CARTESIAN_POINT('',(0.421637311618,-6.48435333283,
    -4.331262770121));
#3097 = CARTESIAN_POINT('',(0.499314126059,-6.519780474559,
    -4.337718927075));
#3098 = CARTESIAN_POINT('',(0.579893287477,-6.533589270034,
    -4.343749103153));
#3099 = CARTESIAN_POINT('',(0.65965936339,-6.529037725761,-4.3494));
#3100 = DEFINITIONAL_REPRESENTATION('',(#3101),#3105);
#3101 = LINE('',#3102,#3103);
#3102 = CARTESIAN_POINT('',(3.,0.));
#3103 = VECTOR('',#3104,1.);
#3104 = DIRECTION('',(0.,1.));
#3105 = ( GEOMETRIC_REPRESENTATION_CONTEXT(2) 
PARAMETRIC_REPRESENTATION_CONTEXT() REPRESENTATION_CONTEXT('2D SPACE',''
  ) );
#3106 = ORIENTED_EDGE('',*,*,#3107,.F.);
#3107 = EDGE_CURVE('',#2989,#3069,#3108,.T.);
#3108 = SURFACE_CURVE('',#3109,(#3112,#3119),.PCURVE_S1.);
#3109 = B_SPLINE_CURVE_WITH_KNOTS('',1,(#3110,#3111),.UNSPECIFIED.,.F.,
  .F.,(2,2),(2.,3.),.PIECEWISE_BEZIER_KNOTS.);
#3110 = CARTESIAN_POINT('',(0.726870711282,-6.356520495564,-4.2426));
#3111 = CARTESIAN_POINT('',(0.652517195162,-6.525902533103,-4.3494));
#3112 = PCURVE('',#2352,#3113);
#3113 = DEFINITIONAL_REPRESENTATION('',(#3114),#3118);
#3114 = LINE('',#3115,#3116);
#3115 = CARTESIAN_POINT('',(0.,1.));
#3116 = VECTOR('',#3117,1.);
#3117 = DIRECTION('',(1.,0.));
#3118 = ( GEOMETRIC_REPRESENTATION_CONTEXT(2) 
PARAMETRIC_REPRESENTATION_CONTEXT() REPRESENTATION_CONTEXT('2D SPACE',''
  ) );
#3119 = PCURVE('',#3120,#3125);
#3120 = PLANE('',#3121);
#3121 = AXIS2_PLACEMENT_3D('',#3122,#3123,#3124);
#3122 = CARTESIAN_POINT('',(0.65965936339,-6.529037725761,-4.3494));
#3123 = DIRECTION('',(-0.200973888328,-0.45783129667,0.866025403784));
#3124 = DIRECTION('',(0.314450281575,0.807126970571,0.499666962882));
#3125 = DEFINITIONAL_REPRESENTATION('',(#3126),#3129);
#3126 = B_SPLINE_CURVE_WITH_KNOTS('',1,(#3127,#3128),.UNSPECIFIED.,.F.,
  .F.,(2,2),(2.,3.),.PIECEWISE_BEZIER_KNOTS.);
#3127 = CARTESIAN_POINT('',(0.213742368285,-8.881784197001E-16));
#3128 = CARTESIAN_POINT('',(2.846417417768E-04,7.794804620953E-03));
#3129 = ( GEOMETRIC_REPRESENTATION_CONTEXT(2) 
PARAMETRIC_REPRESENTATION_CONTEXT() REPRESENTATION_CONTEXT('2D SPACE',''
  ) );
#3130 = ADVANCED_FACE('',(#3131),#2394,.F.);
#3131 = FACE_BOUND('',#3132,.F.);
#3132 = EDGE_LOOP('',(#3133,#3169,#3188,#3189,#3190,#3191));
#3133 = ORIENTED_EDGE('',*,*,#3134,.F.);
#3134 = EDGE_CURVE('',#3135,#3137,#3139,.T.);
#3135 = VERTEX_POINT('',#3136);
#3136 = CARTESIAN_POINT('',(0.324212325656,-6.352595583231,-4.31735));
#3137 = VERTEX_POINT('',#3138);
#3138 = CARTESIAN_POINT('',(0.388709321535,-6.31640155717,-4.27465));
#3139 = SURFACE_CURVE('',#3140,(#3143,#3149),.PCURVE_S1.);
#3140 = B_SPLINE_CURVE_WITH_KNOTS('',1,(#3141,#3142),.UNSPECIFIED.,.F.,
  .F.,(2,2),(0.,1.),.PIECEWISE_BEZIER_KNOTS.);
#3141 = CARTESIAN_POINT('',(0.324212325656,-6.352595583231,-4.31735));
#3142 = CARTESIAN_POINT('',(0.388709321535,-6.31640155717,-4.27465));
#3143 = PCURVE('',#2394,#3144);
#3144 = DEFINITIONAL_REPRESENTATION('',(#3145),#3148);
#3145 = B_SPLINE_CURVE_WITH_KNOTS('',1,(#3146,#3147),.UNSPECIFIED.,.F.,
  .F.,(2,2),(0.,1.),.PIECEWISE_BEZIER_KNOTS.);
#3146 = CARTESIAN_POINT('',(0.,0.));
#3147 = CARTESIAN_POINT('',(8.504600715073E-02,7.767668100419E-03));
#3148 = ( GEOMETRIC_REPRESENTATION_CONTEXT(2) 
PARAMETRIC_REPRESENTATION_CONTEXT() REPRESENTATION_CONTEXT('2D SPACE',''
  ) );
#3149 = PCURVE('',#3150,#3163);
#3150 = ( BOUNDED_SURFACE() B_SPLINE_SURFACE(1,5,(
    (#3151,#3152,#3153,#3154,#3155,#3156)
    ,(#3157,#3158,#3159,#3160,#3161,#3162
)),.UNSPECIFIED.,.F.,.F.,.F.) B_SPLINE_SURFACE_WITH_KNOTS((2,2),(6,6),(
    0.,1.),(0.,1.),.PIECEWISE_BEZIER_KNOTS.) 
GEOMETRIC_REPRESENTATION_ITEM() RATIONAL_B_SPLINE_SURFACE((
    (1.,1.,1.,1.,1.,1.)
,(1.,1.,1.,1.,1.,1.))) REPRESENTATION_ITEM('') SURFACE() );
#3151 = CARTESIAN_POINT('',(0.324212325656,-6.352595583231,-4.31735));
#3152 = CARTESIAN_POINT('',(0.360385593572,-6.42458085231,
    -4.324371567083));
#3153 = CARTESIAN_POINT('',(0.421637311618,-6.48435333283,
    -4.331262770121));
#3154 = CARTESIAN_POINT('',(0.499314126059,-6.519780474559,
    -4.337718927075));
#3155 = CARTESIAN_POINT('',(0.579893287477,-6.533589270034,
    -4.343749103153));
#3156 = CARTESIAN_POINT('',(0.65965936339,-6.529037725761,-4.3494));
#3157 = CARTESIAN_POINT('',(0.388709321535,-6.31640155717,-4.27465));
#3158 = CARTESIAN_POINT('',(0.440970739732,-6.36737816216,
    -4.267628432917));
#3159 = CARTESIAN_POINT('',(0.512210158899,-6.399816120305,
    -4.260737229879));
#3160 = CARTESIAN_POINT('',(0.590938725491,-6.405372798622,
    -4.254281072925));
#3161 = CARTESIAN_POINT('',(0.665670136681,-6.390623086078,
    -4.248250896847));
#3162 = CARTESIAN_POINT('',(0.73401287951,-6.359655688222,-4.2426));
#3163 = DEFINITIONAL_REPRESENTATION('',(#3164),#3168);
#3164 = LINE('',#3165,#3166);
#3165 = CARTESIAN_POINT('',(0.,0.));
#3166 = VECTOR('',#3167,1.);
#3167 = DIRECTION('',(1.,0.));
#3168 = ( GEOMETRIC_REPRESENTATION_CONTEXT(2) 
PARAMETRIC_REPRESENTATION_CONTEXT() REPRESENTATION_CONTEXT('2D SPACE',''
  ) );
#3169 = ORIENTED_EDGE('',*,*,#3170,.F.);
#3170 = EDGE_CURVE('',#3048,#3135,#3171,.T.);
#3171 = SURFACE_CURVE('',#3172,(#3175,#3181),.PCURVE_S1.);
#3172 = B_SPLINE_CURVE_WITH_KNOTS('',1,(#3173,#3174),.UNSPECIFIED.,.F.,
  .F.,(2,2),(3.,4.),.PIECEWISE_BEZIER_KNOTS.);
#3173 = CARTESIAN_POINT('',(0.320395142532,-6.345793442906,-4.31735));
#3174 = CARTESIAN_POINT('',(0.324212325656,-6.352595583231,-4.31735));
#3175 = PCURVE('',#2394,#3176);
#3176 = DEFINITIONAL_REPRESENTATION('',(#3177),#3180);
#3177 = B_SPLINE_CURVE_WITH_KNOTS('',1,(#3178,#3179),.UNSPECIFIED.,.F.,
  .F.,(2,2),(3.,4.),.PIECEWISE_BEZIER_KNOTS.);
#3178 = CARTESIAN_POINT('',(7.094591473455E-04,-7.767668100418E-03));
#3179 = CARTESIAN_POINT('',(0.,0.));
#3180 = ( GEOMETRIC_REPRESENTATION_CONTEXT(2) 
PARAMETRIC_REPRESENTATION_CONTEXT() REPRESENTATION_CONTEXT('2D SPACE',''
  ) );
#3181 = PCURVE('',#3087,#3182);
#3182 = DEFINITIONAL_REPRESENTATION('',(#3183),#3187);
#3183 = LINE('',#3184,#3185);
#3184 = CARTESIAN_POINT('',(0.,0.));
#3185 = VECTOR('',#3186,1.);
#3186 = DIRECTION('',(1.,0.));
#3187 = ( GEOMETRIC_REPRESENTATION_CONTEXT(2) 
PARAMETRIC_REPRESENTATION_CONTEXT() REPRESENTATION_CONTEXT('2D SPACE',''
  ) );
#3188 = ORIENTED_EDGE('',*,*,#3047,.F.);
#3189 = ORIENTED_EDGE('',*,*,#2376,.F.);
#3190 = ORIENTED_EDGE('',*,*,#3027,.F.);
#3191 = ORIENTED_EDGE('',*,*,#3192,.F.);
#3192 = EDGE_CURVE('',#3137,#2987,#3193,.T.);
#3193 = SURFACE_CURVE('',#3194,(#3197,#3203),.PCURVE_S1.);
#3194 = B_SPLINE_CURVE_WITH_KNOTS('',1,(#3195,#3196),.UNSPECIFIED.,.F.,
  .F.,(2,2),(1.,2.),.PIECEWISE_BEZIER_KNOTS.);
#3195 = CARTESIAN_POINT('',(0.388709321535,-6.31640155717,-4.27465));
#3196 = CARTESIAN_POINT('',(0.384892138411,-6.309599416845,-4.27465));
#3197 = PCURVE('',#2394,#3198);
#3198 = DEFINITIONAL_REPRESENTATION('',(#3199),#3202);
#3199 = B_SPLINE_CURVE_WITH_KNOTS('',1,(#3200,#3201),.UNSPECIFIED.,.F.,
  .F.,(2,2),(1.,2.),.PIECEWISE_BEZIER_KNOTS.);
#3200 = CARTESIAN_POINT('',(8.504600715073E-02,7.767668100419E-03));
#3201 = CARTESIAN_POINT('',(8.575546629807E-02,8.881784197001E-16));
#3202 = ( GEOMETRIC_REPRESENTATION_CONTEXT(2) 
PARAMETRIC_REPRESENTATION_CONTEXT() REPRESENTATION_CONTEXT('2D SPACE',''
  ) );
#3203 = PCURVE('',#3007,#3204);
#3204 = DEFINITIONAL_REPRESENTATION('',(#3205),#3209);
#3205 = LINE('',#3206,#3207);
#3206 = CARTESIAN_POINT('',(0.,0.));
#3207 = VECTOR('',#3208,1.);
#3208 = DIRECTION('',(1.,0.));
#3209 = ( GEOMETRIC_REPRESENTATION_CONTEXT(2) 
PARAMETRIC_REPRESENTATION_CONTEXT() REPRESENTATION_CONTEXT('2D SPACE',''
  ) );
#3210 = ADVANCED_FACE('',(#3211),#2434,.F.);
#3211 = FACE_BOUND('',#3212,.F.);
#3212 = EDGE_LOOP('',(#3213,#3254,#3273,#3274,#3295,#3334));
#3213 = ORIENTED_EDGE('',*,*,#3214,.F.);
#3214 = EDGE_CURVE('',#3215,#3217,#3219,.T.);
#3215 = VERTEX_POINT('',#3216);
#3216 = CARTESIAN_POINT('',(0.269107861589,-6.254400583155,-4.27465));
#3217 = VERTEX_POINT('',#3218);
#3218 = CARTESIAN_POINT('',(-7.287071128161E-02,-6.207479504436,-4.2426)
  );
#3219 = SURFACE_CURVE('',#3220,(#3227,#3234),.PCURVE_S1.);
#3220 = ( BOUNDED_CURVE() B_SPLINE_CURVE(5,(#3221,#3222,#3223,#3224,
#3225,#3226),.UNSPECIFIED.,.F.,.F.) B_SPLINE_CURVE_WITH_KNOTS((6,6),(0.,
1.),.PIECEWISE_BEZIER_KNOTS.) CURVE() GEOMETRIC_REPRESENTATION_ITEM() 
RATIONAL_B_SPLINE_CURVE((1.,1.,1.,1.,1.,1.)) REPRESENTATION_ITEM('') );
#3221 = CARTESIAN_POINT('',(0.269107861589,-6.254400583155,-4.27465));
#3222 = CARTESIAN_POINT('',(0.217808739736,-6.202884273563,
    -4.267628432917));
#3223 = CARTESIAN_POINT('',(0.147418598551,-6.16974439696,
    -4.260737229879));
#3224 = CARTESIAN_POINT('',(6.934950018879E-02,-6.163391054803,
    -4.254281072925));
#3225 = CARTESIAN_POINT('',(-4.884864841414E-03,-6.177325775982,
    -4.248250896846));
#3226 = CARTESIAN_POINT('',(-7.287071128161E-02,-6.207479504436,-4.2426)
  );
#3227 = PCURVE('',#2434,#3228);
#3228 = DEFINITIONAL_REPRESENTATION('',(#3229),#3233);
#3229 = LINE('',#3230,#3231);
#3230 = CARTESIAN_POINT('',(2.,0.));
#3231 = VECTOR('',#3232,1.);
#3232 = DIRECTION('',(0.,1.));
#3233 = ( GEOMETRIC_REPRESENTATION_CONTEXT(2) 
PARAMETRIC_REPRESENTATION_CONTEXT() REPRESENTATION_CONTEXT('2D SPACE',''
  ) );
#3234 = PCURVE('',#3235,#3248);
#3235 = ( BOUNDED_SURFACE() B_SPLINE_SURFACE(1,5,(
    (#3236,#3237,#3238,#3239,#3240,#3241)
    ,(#3242,#3243,#3244,#3245,#3246,#3247
)),.UNSPECIFIED.,.F.,.F.,.F.) B_SPLINE_SURFACE_WITH_KNOTS((2,2),(6,6),(
    1.,2.),(0.,1.),.PIECEWISE_BEZIER_KNOTS.) 
GEOMETRIC_REPRESENTATION_ITEM() RATIONAL_B_SPLINE_SURFACE((
    (1.,1.,1.,1.,1.,1.)
,(1.,1.,1.,1.,1.,1.))) REPRESENTATION_ITEM('') SURFACE() );
#3236 = CARTESIAN_POINT('',(0.265290678465,-6.24759844283,-4.27465));
#3237 = CARTESIAN_POINT('',(0.213029260268,-6.19662183784,
    -4.267628432917));
#3238 = CARTESIAN_POINT('',(0.141789841101,-6.164183879695,
    -4.260737229879));
#3239 = CARTESIAN_POINT('',(6.306127450882E-02,-6.158627201378,
    -4.254281072925));
#3240 = CARTESIAN_POINT('',(-1.167013668072E-02,-6.173376913921,
    -4.248250896846));
#3241 = CARTESIAN_POINT('',(-8.001287950966E-02,-6.204344311778,-4.2426)
  );
#3242 = CARTESIAN_POINT('',(0.269107861589,-6.254400583155,-4.27465));
#3243 = CARTESIAN_POINT('',(0.217808739736,-6.202884273563,
    -4.267628432917));
#3244 = CARTESIAN_POINT('',(0.147418598551,-6.16974439696,
    -4.260737229879));
#3245 = CARTESIAN_POINT('',(6.934950018879E-02,-6.163391054803,
    -4.254281072925));
#3246 = CARTESIAN_POINT('',(-4.884864841414E-03,-6.177325775982,
    -4.248250896846));
#3247 = CARTESIAN_POINT('',(-7.287071128161E-02,-6.207479504436,-4.2426)
  );
#3248 = DEFINITIONAL_REPRESENTATION('',(#3249),#3253);
#3249 = LINE('',#3250,#3251);
#3250 = CARTESIAN_POINT('',(2.,0.));
#3251 = VECTOR('',#3252,1.);
#3252 = DIRECTION('',(0.,1.));
#3253 = ( GEOMETRIC_REPRESENTATION_CONTEXT(2) 
PARAMETRIC_REPRESENTATION_CONTEXT() REPRESENTATION_CONTEXT('2D SPACE',''
  ) );
#3254 = ORIENTED_EDGE('',*,*,#3255,.T.);
#3255 = EDGE_CURVE('',#3215,#2409,#3256,.T.);
#3256 = SURFACE_CURVE('',#3257,(#3260,#3267),.PCURVE_S1.);
#3257 = B_SPLINE_CURVE_WITH_KNOTS('',1,(#3258,#3259),.UNSPECIFIED.,.F.,
  .F.,(2,2),(2.,3.),.PIECEWISE_BEZIER_KNOTS.);
#3258 = CARTESIAN_POINT('',(0.269107861589,-6.254400583155,-4.27465));
#3259 = CARTESIAN_POINT('',(0.333604857468,-6.218206557094,-4.31735));
#3260 = PCURVE('',#2434,#3261);
#3261 = DEFINITIONAL_REPRESENTATION('',(#3262),#3266);
#3262 = LINE('',#3263,#3264);
#3263 = CARTESIAN_POINT('',(0.,0.));
#3264 = VECTOR('',#3265,1.);
#3265 = DIRECTION('',(1.,0.));
#3266 = ( GEOMETRIC_REPRESENTATION_CONTEXT(2) 
PARAMETRIC_REPRESENTATION_CONTEXT() REPRESENTATION_CONTEXT('2D SPACE',''
  ) );
#3267 = PCURVE('',#2476,#3268);
#3268 = DEFINITIONAL_REPRESENTATION('',(#3269),#3272);
#3269 = B_SPLINE_CURVE_WITH_KNOTS('',1,(#3270,#3271),.UNSPECIFIED.,.F.,
  .F.,(2,2),(2.,3.),.PIECEWISE_BEZIER_KNOTS.);
#3270 = CARTESIAN_POINT('',(8.575546629807E-02,8.881784197001E-16));
#3271 = CARTESIAN_POINT('',(7.094591473451E-04,-7.767668100418E-03));
#3272 = ( GEOMETRIC_REPRESENTATION_CONTEXT(2) 
PARAMETRIC_REPRESENTATION_CONTEXT() REPRESENTATION_CONTEXT('2D SPACE',''
  ) );
#3273 = ORIENTED_EDGE('',*,*,#2408,.T.);
#3274 = ORIENTED_EDGE('',*,*,#3275,.T.);
#3275 = EDGE_CURVE('',#2411,#3276,#3278,.T.);
#3276 = VERTEX_POINT('',#3277);
#3277 = CARTESIAN_POINT('',(0.333604857468,-6.218206557094,-4.31735));
#3278 = SURFACE_CURVE('',#3279,(#3282,#3289),.PCURVE_S1.);
#3279 = B_SPLINE_CURVE_WITH_KNOTS('',1,(#3280,#3281),.UNSPECIFIED.,.F.,
  .F.,(2,2),(2.,3.),.PIECEWISE_BEZIER_KNOTS.);
#3280 = CARTESIAN_POINT('',(0.269107861589,-6.254400583155,-4.27465));
#3281 = CARTESIAN_POINT('',(0.333604857468,-6.218206557094,-4.31735));
#3282 = PCURVE('',#2434,#3283);
#3283 = DEFINITIONAL_REPRESENTATION('',(#3284),#3288);
#3284 = LINE('',#3285,#3286);
#3285 = CARTESIAN_POINT('',(0.,0.));
#3286 = VECTOR('',#3287,1.);
#3287 = DIRECTION('',(1.,0.));
#3288 = ( GEOMETRIC_REPRESENTATION_CONTEXT(2) 
PARAMETRIC_REPRESENTATION_CONTEXT() REPRESENTATION_CONTEXT('2D SPACE',''
  ) );
#3289 = PCURVE('',#2476,#3290);
#3290 = DEFINITIONAL_REPRESENTATION('',(#3291),#3294);
#3291 = B_SPLINE_CURVE_WITH_KNOTS('',1,(#3292,#3293),.UNSPECIFIED.,.F.,
  .F.,(2,2),(2.,3.),.PIECEWISE_BEZIER_KNOTS.);
#3292 = CARTESIAN_POINT('',(8.575546629807E-02,8.881784197001E-16));
#3293 = CARTESIAN_POINT('',(7.094591473451E-04,-7.767668100418E-03));
#3294 = ( GEOMETRIC_REPRESENTATION_CONTEXT(2) 
PARAMETRIC_REPRESENTATION_CONTEXT() REPRESENTATION_CONTEXT('2D SPACE',''
  ) );
#3295 = ORIENTED_EDGE('',*,*,#3296,.T.);
#3296 = EDGE_CURVE('',#3276,#3297,#3299,.T.);
#3297 = VERTEX_POINT('',#3298);
#3298 = CARTESIAN_POINT('',(1.482804838008E-03,-6.038097466897,-4.3494)
  );
#3299 = SURFACE_CURVE('',#3300,(#3307,#3314),.PCURVE_S1.);
#3300 = ( BOUNDED_CURVE() B_SPLINE_CURVE(5,(#3301,#3302,#3303,#3304,
#3305,#3306),.UNSPECIFIED.,.F.,.F.) B_SPLINE_CURVE_WITH_KNOTS((6,6),(0.,
1.),.PIECEWISE_BEZIER_KNOTS.) CURVE() GEOMETRIC_REPRESENTATION_ITEM() 
RATIONAL_B_SPLINE_CURVE((1.,1.,1.,1.,1.,1.)) REPRESENTATION_ITEM('') );
#3301 = CARTESIAN_POINT('',(0.333604857468,-6.218206557094,-4.31735));
#3302 = CARTESIAN_POINT('',(0.298393885896,-6.145681583413,
    -4.324371567083));
#3303 = CARTESIAN_POINT('',(0.237991445831,-6.085207184435,
    -4.33126277012));
#3304 = CARTESIAN_POINT('',(0.160974099621,-6.048983378867,
    -4.337718927075));
#3305 = CARTESIAN_POINT('',(8.089198436185E-02,-6.034359592027,
    -4.343749103153));
#3306 = CARTESIAN_POINT('',(1.482804838008E-03,-6.038097466897,-4.3494)
  );
#3307 = PCURVE('',#2434,#3308);
#3308 = DEFINITIONAL_REPRESENTATION('',(#3309),#3313);
#3309 = LINE('',#3310,#3311);
#3310 = CARTESIAN_POINT('',(3.,0.));
#3311 = VECTOR('',#3312,1.);
#3312 = DIRECTION('',(0.,1.));
#3313 = ( GEOMETRIC_REPRESENTATION_CONTEXT(2) 
PARAMETRIC_REPRESENTATION_CONTEXT() REPRESENTATION_CONTEXT('2D SPACE',''
  ) );
#3314 = PCURVE('',#3315,#3328);
#3315 = ( BOUNDED_SURFACE() B_SPLINE_SURFACE(1,5,(
    (#3316,#3317,#3318,#3319,#3320,#3321)
    ,(#3322,#3323,#3324,#3325,#3326,#3327
)),.UNSPECIFIED.,.F.,.F.,.F.) B_SPLINE_SURFACE_WITH_KNOTS((2,2),(6,6),(
    3.,4.),(0.,1.),.PIECEWISE_BEZIER_KNOTS.) 
GEOMETRIC_REPRESENTATION_ITEM() RATIONAL_B_SPLINE_SURFACE((
    (1.,1.,1.,1.,1.,1.)
,(1.,1.,1.,1.,1.,1.))) REPRESENTATION_ITEM('') SURFACE() );
#3316 = CARTESIAN_POINT('',(0.333604857468,-6.218206557094,-4.31735));
#3317 = CARTESIAN_POINT('',(0.298393885896,-6.145681583413,
    -4.324371567083));
#3318 = CARTESIAN_POINT('',(0.237991445831,-6.085207184435,
    -4.33126277012));
#3319 = CARTESIAN_POINT('',(0.160974099621,-6.048983378867,
    -4.337718927075));
#3320 = CARTESIAN_POINT('',(8.089198436185E-02,-6.034359592027,
    -4.343749103153));
#3321 = CARTESIAN_POINT('',(1.482804838008E-03,-6.038097466897,-4.3494)
  );
#3322 = CARTESIAN_POINT('',(0.329787674344,-6.211404416769,-4.31735));
#3323 = CARTESIAN_POINT('',(0.293614406428,-6.13941914769,
    -4.324371567083));
#3324 = CARTESIAN_POINT('',(0.232362688382,-6.07964666717,-4.33126277012
    ));
#3325 = CARTESIAN_POINT('',(0.154685873941,-6.044219525442,
    -4.337718927075));
#3326 = CARTESIAN_POINT('',(7.410671252255E-02,-6.030410729966,
    -4.343749103153));
#3327 = CARTESIAN_POINT('',(-5.65936339004E-03,-6.034962274239,-4.3494)
  );
#3328 = DEFINITIONAL_REPRESENTATION('',(#3329),#3333);
#3329 = LINE('',#3330,#3331);
#3330 = CARTESIAN_POINT('',(3.,0.));
#3331 = VECTOR('',#3332,1.);
#3332 = DIRECTION('',(0.,1.));
#3333 = ( GEOMETRIC_REPRESENTATION_CONTEXT(2) 
PARAMETRIC_REPRESENTATION_CONTEXT() REPRESENTATION_CONTEXT('2D SPACE',''
  ) );
#3334 = ORIENTED_EDGE('',*,*,#3335,.F.);
#3335 = EDGE_CURVE('',#3217,#3297,#3336,.T.);
#3336 = SURFACE_CURVE('',#3337,(#3340,#3347),.PCURVE_S1.);
#3337 = B_SPLINE_CURVE_WITH_KNOTS('',1,(#3338,#3339),.UNSPECIFIED.,.F.,
  .F.,(2,2),(2.,3.),.PIECEWISE_BEZIER_KNOTS.);
#3338 = CARTESIAN_POINT('',(-7.287071128161E-02,-6.207479504436,-4.2426)
  );
#3339 = CARTESIAN_POINT('',(1.482804838008E-03,-6.038097466897,-4.3494)
  );
#3340 = PCURVE('',#2434,#3341);
#3341 = DEFINITIONAL_REPRESENTATION('',(#3342),#3346);
#3342 = LINE('',#3343,#3344);
#3343 = CARTESIAN_POINT('',(0.,1.));
#3344 = VECTOR('',#3345,1.);
#3345 = DIRECTION('',(1.,0.));
#3346 = ( GEOMETRIC_REPRESENTATION_CONTEXT(2) 
PARAMETRIC_REPRESENTATION_CONTEXT() REPRESENTATION_CONTEXT('2D SPACE',''
  ) );
#3347 = PCURVE('',#3348,#3353);
#3348 = PLANE('',#3349);
#3349 = AXIS2_PLACEMENT_3D('',#3350,#3351,#3352);
#3350 = CARTESIAN_POINT('',(-5.65936339004E-03,-6.034962274239,-4.3494)
  );
#3351 = DIRECTION('',(0.200973888328,0.45783129667,0.866025403784));
#3352 = DIRECTION('',(-0.314450281575,-0.807126970571,0.499666962882));
#3353 = DEFINITIONAL_REPRESENTATION('',(#3354),#3357);
#3354 = B_SPLINE_CURVE_WITH_KNOTS('',1,(#3355,#3356),.UNSPECIFIED.,.F.,
  .F.,(2,2),(2.,3.),.PIECEWISE_BEZIER_KNOTS.);
#3355 = CARTESIAN_POINT('',(0.213742368285,-4.440892098501E-16));
#3356 = CARTESIAN_POINT('',(2.846417417768E-04,7.794804620953E-03));
#3357 = ( GEOMETRIC_REPRESENTATION_CONTEXT(2) 
PARAMETRIC_REPRESENTATION_CONTEXT() REPRESENTATION_CONTEXT('2D SPACE',''
  ) );
#3358 = ADVANCED_FACE('',(#3359),#2476,.F.);
#3359 = FACE_BOUND('',#3360,.F.);
#3360 = EDGE_LOOP('',(#3361,#3397,#3416,#3417,#3418,#3419));
#3361 = ORIENTED_EDGE('',*,*,#3362,.F.);
#3362 = EDGE_CURVE('',#3363,#3365,#3367,.T.);
#3363 = VERTEX_POINT('',#3364);
#3364 = CARTESIAN_POINT('',(0.329787674344,-6.211404416769,-4.31735));
#3365 = VERTEX_POINT('',#3366);
#3366 = CARTESIAN_POINT('',(0.265290678465,-6.24759844283,-4.27465));
#3367 = SURFACE_CURVE('',#3368,(#3371,#3377),.PCURVE_S1.);
#3368 = B_SPLINE_CURVE_WITH_KNOTS('',1,(#3369,#3370),.UNSPECIFIED.,.F.,
  .F.,(2,2),(0.,1.),.PIECEWISE_BEZIER_KNOTS.);
#3369 = CARTESIAN_POINT('',(0.329787674344,-6.211404416769,-4.31735));
#3370 = CARTESIAN_POINT('',(0.265290678465,-6.24759844283,-4.27465));
#3371 = PCURVE('',#2476,#3372);
#3372 = DEFINITIONAL_REPRESENTATION('',(#3373),#3376);
#3373 = B_SPLINE_CURVE_WITH_KNOTS('',1,(#3374,#3375),.UNSPECIFIED.,.F.,
  .F.,(2,2),(0.,1.),.PIECEWISE_BEZIER_KNOTS.);
#3374 = CARTESIAN_POINT('',(0.,0.));
#3375 = CARTESIAN_POINT('',(8.504600715073E-02,7.767668100419E-03));
#3376 = ( GEOMETRIC_REPRESENTATION_CONTEXT(2) 
PARAMETRIC_REPRESENTATION_CONTEXT() REPRESENTATION_CONTEXT('2D SPACE',''
  ) );
#3377 = PCURVE('',#3378,#3391);
#3378 = ( BOUNDED_SURFACE() B_SPLINE_SURFACE(1,5,(
    (#3379,#3380,#3381,#3382,#3383,#3384)
    ,(#3385,#3386,#3387,#3388,#3389,#3390
)),.UNSPECIFIED.,.F.,.F.,.F.) B_SPLINE_SURFACE_WITH_KNOTS((2,2),(6,6),(
    0.,1.),(0.,1.),.PIECEWISE_BEZIER_KNOTS.) 
GEOMETRIC_REPRESENTATION_ITEM() RATIONAL_B_SPLINE_SURFACE((
    (1.,1.,1.,1.,1.,1.)
,(1.,1.,1.,1.,1.,1.))) REPRESENTATION_ITEM('') SURFACE() );
#3379 = CARTESIAN_POINT('',(0.329787674344,-6.211404416769,-4.31735));
#3380 = CARTESIAN_POINT('',(0.293614406428,-6.13941914769,
    -4.324371567083));
#3381 = CARTESIAN_POINT('',(0.232362688382,-6.07964666717,-4.33126277012
    ));
#3382 = CARTESIAN_POINT('',(0.154685873941,-6.044219525442,
    -4.337718927075));
#3383 = CARTESIAN_POINT('',(7.410671252255E-02,-6.030410729966,
    -4.343749103153));
#3384 = CARTESIAN_POINT('',(-5.65936339004E-03,-6.034962274239,-4.3494)
  );
#3385 = CARTESIAN_POINT('',(0.265290678465,-6.24759844283,-4.27465));
#3386 = CARTESIAN_POINT('',(0.213029260268,-6.19662183784,
    -4.267628432917));
#3387 = CARTESIAN_POINT('',(0.141789841101,-6.164183879695,
    -4.260737229879));
#3388 = CARTESIAN_POINT('',(6.306127450882E-02,-6.158627201378,
    -4.254281072925));
#3389 = CARTESIAN_POINT('',(-1.167013668072E-02,-6.173376913921,
    -4.248250896846));
#3390 = CARTESIAN_POINT('',(-8.001287950966E-02,-6.204344311778,-4.2426)
  );
#3391 = DEFINITIONAL_REPRESENTATION('',(#3392),#3396);
#3392 = LINE('',#3393,#3394);
#3393 = CARTESIAN_POINT('',(0.,0.));
#3394 = VECTOR('',#3395,1.);
#3395 = DIRECTION('',(1.,0.));
#3396 = ( GEOMETRIC_REPRESENTATION_CONTEXT(2) 
PARAMETRIC_REPRESENTATION_CONTEXT() REPRESENTATION_CONTEXT('2D SPACE',''
  ) );
#3397 = ORIENTED_EDGE('',*,*,#3398,.F.);
#3398 = EDGE_CURVE('',#3276,#3363,#3399,.T.);
#3399 = SURFACE_CURVE('',#3400,(#3403,#3409),.PCURVE_S1.);
#3400 = B_SPLINE_CURVE_WITH_KNOTS('',1,(#3401,#3402),.UNSPECIFIED.,.F.,
  .F.,(2,2),(3.,4.),.PIECEWISE_BEZIER_KNOTS.);
#3401 = CARTESIAN_POINT('',(0.333604857468,-6.218206557094,-4.31735));
#3402 = CARTESIAN_POINT('',(0.329787674344,-6.211404416769,-4.31735));
#3403 = PCURVE('',#2476,#3404);
#3404 = DEFINITIONAL_REPRESENTATION('',(#3405),#3408);
#3405 = B_SPLINE_CURVE_WITH_KNOTS('',1,(#3406,#3407),.UNSPECIFIED.,.F.,
  .F.,(2,2),(3.,4.),.PIECEWISE_BEZIER_KNOTS.);
#3406 = CARTESIAN_POINT('',(7.094591473451E-04,-7.767668100418E-03));
#3407 = CARTESIAN_POINT('',(0.,0.));
#3408 = ( GEOMETRIC_REPRESENTATION_CONTEXT(2) 
PARAMETRIC_REPRESENTATION_CONTEXT() REPRESENTATION_CONTEXT('2D SPACE',''
  ) );
#3409 = PCURVE('',#3315,#3410);
#3410 = DEFINITIONAL_REPRESENTATION('',(#3411),#3415);
#3411 = LINE('',#3412,#3413);
#3412 = CARTESIAN_POINT('',(0.,0.));
#3413 = VECTOR('',#3414,1.);
#3414 = DIRECTION('',(1.,0.));
#3415 = ( GEOMETRIC_REPRESENTATION_CONTEXT(2) 
PARAMETRIC_REPRESENTATION_CONTEXT() REPRESENTATION_CONTEXT('2D SPACE',''
  ) );
#3416 = ORIENTED_EDGE('',*,*,#3275,.F.);
#3417 = ORIENTED_EDGE('',*,*,#2458,.F.);
#3418 = ORIENTED_EDGE('',*,*,#3255,.F.);
#3419 = ORIENTED_EDGE('',*,*,#3420,.F.);
#3420 = EDGE_CURVE('',#3365,#3215,#3421,.T.);
#3421 = SURFACE_CURVE('',#3422,(#3425,#3431),.PCURVE_S1.);
#3422 = B_SPLINE_CURVE_WITH_KNOTS('',1,(#3423,#3424),.UNSPECIFIED.,.F.,
  .F.,(2,2),(1.,2.),.PIECEWISE_BEZIER_KNOTS.);
#3423 = CARTESIAN_POINT('',(0.265290678465,-6.24759844283,-4.27465));
#3424 = CARTESIAN_POINT('',(0.269107861589,-6.254400583155,-4.27465));
#3425 = PCURVE('',#2476,#3426);
#3426 = DEFINITIONAL_REPRESENTATION('',(#3427),#3430);
#3427 = B_SPLINE_CURVE_WITH_KNOTS('',1,(#3428,#3429),.UNSPECIFIED.,.F.,
  .F.,(2,2),(1.,2.),.PIECEWISE_BEZIER_KNOTS.);
#3428 = CARTESIAN_POINT('',(8.504600715073E-02,7.767668100419E-03));
#3429 = CARTESIAN_POINT('',(8.575546629807E-02,8.881784197001E-16));
#3430 = ( GEOMETRIC_REPRESENTATION_CONTEXT(2) 
PARAMETRIC_REPRESENTATION_CONTEXT() REPRESENTATION_CONTEXT('2D SPACE',''
  ) );
#3431 = PCURVE('',#3235,#3432);
#3432 = DEFINITIONAL_REPRESENTATION('',(#3433),#3437);
#3433 = LINE('',#3434,#3435);
#3434 = CARTESIAN_POINT('',(0.,0.));
#3435 = VECTOR('',#3436,1.);
#3436 = DIRECTION('',(1.,0.));
#3437 = ( GEOMETRIC_REPRESENTATION_CONTEXT(2) 
PARAMETRIC_REPRESENTATION_CONTEXT() REPRESENTATION_CONTEXT('2D SPACE',''
  ) );
#3438 = ADVANCED_FACE('',(#3439),#2515,.T.);
#3439 = FACE_BOUND('',#3440,.F.);
#3440 = EDGE_LOOP('',(#3441,#3470,#3491,#3492));
#3441 = ORIENTED_EDGE('',*,*,#3442,.F.);
#3442 = EDGE_CURVE('',#3443,#3443,#3445,.T.);
#3443 = VERTEX_POINT('',#3444);
#3444 = CARTESIAN_POINT('',(0.3619,-6.282,-4.86));
#3445 = SURFACE_CURVE('',#3446,(#3451,#3458),.PCURVE_S1.);
#3446 = CIRCLE('',#3447,3.49E-02);
#3447 = AXIS2_PLACEMENT_3D('',#3448,#3449,#3450);
#3448 = CARTESIAN_POINT('',(0.327,-6.282,-4.86));
#3449 = DIRECTION('',(0.,0.,1.));
#3450 = DIRECTION('',(1.,0.,0.));
#3451 = PCURVE('',#2515,#3452);
#3452 = DEFINITIONAL_REPRESENTATION('',(#3453),#3457);
#3453 = LINE('',#3454,#3455);
#3454 = CARTESIAN_POINT('',(-0.,0.));
#3455 = VECTOR('',#3456,1.);
#3456 = DIRECTION('',(-1.,0.));
#3457 = ( GEOMETRIC_REPRESENTATION_CONTEXT(2) 
PARAMETRIC_REPRESENTATION_CONTEXT() REPRESENTATION_CONTEXT('2D SPACE',''
  ) );
#3458 = PCURVE('',#3459,#3464);
#3459 = PLANE('',#3460);
#3460 = AXIS2_PLACEMENT_3D('',#3461,#3462,#3463);
#3461 = CARTESIAN_POINT('',(0.327,-6.282,-4.86));
#3462 = DIRECTION('',(0.,0.,1.));
#3463 = DIRECTION('',(1.,0.,-0.));
#3464 = DEFINITIONAL_REPRESENTATION('',(#3465),#3469);
#3465 = CIRCLE('',#3466,3.49E-02);
#3466 = AXIS2_PLACEMENT_2D('',#3467,#3468);
#3467 = CARTESIAN_POINT('',(0.,0.));
#3468 = DIRECTION('',(1.,0.));
#3469 = ( GEOMETRIC_REPRESENTATION_CONTEXT(2) 
PARAMETRIC_REPRESENTATION_CONTEXT() REPRESENTATION_CONTEXT('2D SPACE',''
  ) );
#3470 = ORIENTED_EDGE('',*,*,#3471,.T.);
#3471 = EDGE_CURVE('',#3443,#2495,#3472,.T.);
#3472 = SEAM_CURVE('',#3473,(#3477,#3484),.PCURVE_S1.);
#3473 = LINE('',#3474,#3475);
#3474 = CARTESIAN_POINT('',(0.3619,-6.282,-4.86));
#3475 = VECTOR('',#3476,1.);
#3476 = DIRECTION('',(0.,0.,1.));
#3477 = PCURVE('',#2515,#3478);
#3478 = DEFINITIONAL_REPRESENTATION('',(#3479),#3483);
#3479 = LINE('',#3480,#3481);
#3480 = CARTESIAN_POINT('',(-6.28318530718,0.));
#3481 = VECTOR('',#3482,1.);
#3482 = DIRECTION('',(-0.,-1.));
#3483 = ( GEOMETRIC_REPRESENTATION_CONTEXT(2) 
PARAMETRIC_REPRESENTATION_CONTEXT() REPRESENTATION_CONTEXT('2D SPACE',''
  ) );
#3484 = PCURVE('',#2515,#3485);
#3485 = DEFINITIONAL_REPRESENTATION('',(#3486),#3490);
#3486 = LINE('',#3487,#3488);
#3487 = CARTESIAN_POINT('',(-0.,0.));
#3488 = VECTOR('',#3489,1.);
#3489 = DIRECTION('',(-0.,-1.));
#3490 = ( GEOMETRIC_REPRESENTATION_CONTEXT(2) 
PARAMETRIC_REPRESENTATION_CONTEXT() REPRESENTATION_CONTEXT('2D SPACE',''
  ) );
#3491 = ORIENTED_EDGE('',*,*,#2494,.F.);
#3492 = ORIENTED_EDGE('',*,*,#3471,.F.);
#3493 = ADVANCED_FACE('',(#3494),#2551,.F.);
#3494 = FACE_BOUND('',#3495,.F.);
#3495 = EDGE_LOOP('',(#3496,#3497,#3498,#3519));
#3496 = ORIENTED_EDGE('',*,*,#2733,.T.);
#3497 = ORIENTED_EDGE('',*,*,#2530,.T.);
#3498 = ORIENTED_EDGE('',*,*,#3499,.F.);
#3499 = EDGE_CURVE('',#3500,#2533,#3502,.T.);
#3500 = VERTEX_POINT('',#3501);
#3501 = CARTESIAN_POINT('',(0.404655688222,-5.87498712049,-4.2426));
#3502 = SURFACE_CURVE('',#3503,(#3506,#3513),.PCURVE_S1.);
#3503 = B_SPLINE_CURVE_WITH_KNOTS('',1,(#3504,#3505),.UNSPECIFIED.,.F.,
  .F.,(2,2),(1.,2.),.PIECEWISE_BEZIER_KNOTS.);
#3504 = CARTESIAN_POINT('',(0.404655688222,-5.87498712049,-4.2426));
#3505 = CARTESIAN_POINT('',(0.401520495564,-5.882129288718,-4.2426));
#3506 = PCURVE('',#2551,#3507);
#3507 = DEFINITIONAL_REPRESENTATION('',(#3508),#3512);
#3508 = LINE('',#3509,#3510);
#3509 = CARTESIAN_POINT('',(0.,1.));
#3510 = VECTOR('',#3511,1.);
#3511 = DIRECTION('',(1.,0.));
#3512 = ( GEOMETRIC_REPRESENTATION_CONTEXT(2) 
PARAMETRIC_REPRESENTATION_CONTEXT() REPRESENTATION_CONTEXT('2D SPACE',''
  ) );
#3513 = PCURVE('',#2664,#3514);
#3514 = DEFINITIONAL_REPRESENTATION('',(#3515),#3518);
#3515 = B_SPLINE_CURVE_WITH_KNOTS('',1,(#3516,#3517),.UNSPECIFIED.,.F.,
  .F.,(2,2),(1.,2.),.PIECEWISE_BEZIER_KNOTS.);
#3516 = CARTESIAN_POINT('',(0.213457726543,-7.794804620954E-03));
#3517 = CARTESIAN_POINT('',(0.213742368285,-8.881784197001E-16));
#3518 = ( GEOMETRIC_REPRESENTATION_CONTEXT(2) 
PARAMETRIC_REPRESENTATION_CONTEXT() REPRESENTATION_CONTEXT('2D SPACE',''
  ) );
#3519 = ORIENTED_EDGE('',*,*,#3520,.F.);
#3520 = EDGE_CURVE('',#2700,#3500,#3521,.T.);
#3521 = SURFACE_CURVE('',#3522,(#3529,#3536),.PCURVE_S1.);
#3522 = ( BOUNDED_CURVE() B_SPLINE_CURVE(5,(#3523,#3524,#3525,#3526,
#3527,#3528),.UNSPECIFIED.,.F.,.F.) B_SPLINE_CURVE_WITH_KNOTS((6,6),(0.,
1.),.PIECEWISE_BEZIER_KNOTS.) CURVE() GEOMETRIC_REPRESENTATION_ITEM() 
RATIONAL_B_SPLINE_CURVE((1.,1.,1.,1.,1.,1.)) REPRESENTATION_ITEM('') );
#3523 = CARTESIAN_POINT('',(0.36140155717,-6.220290678465,-4.27465));
#3524 = CARTESIAN_POINT('',(0.41237816216,-6.168029260268,
    -4.267628432917));
#3525 = CARTESIAN_POINT('',(0.444816120305,-6.096789841101,
    -4.260737229879));
#3526 = CARTESIAN_POINT('',(0.450372798622,-6.018061274509,
    -4.254281072925));
#3527 = CARTESIAN_POINT('',(0.435623086079,-5.943329863319,
    -4.248250896847));
#3528 = CARTESIAN_POINT('',(0.404655688222,-5.87498712049,-4.2426));
#3529 = PCURVE('',#2551,#3530);
#3530 = DEFINITIONAL_REPRESENTATION('',(#3531),#3535);
#3531 = LINE('',#3532,#3533);
#3532 = CARTESIAN_POINT('',(1.,0.));
#3533 = VECTOR('',#3534,1.);
#3534 = DIRECTION('',(0.,1.));
#3535 = ( GEOMETRIC_REPRESENTATION_CONTEXT(2) 
PARAMETRIC_REPRESENTATION_CONTEXT() REPRESENTATION_CONTEXT('2D SPACE',''
  ) );
#3536 = PCURVE('',#2713,#3537);
#3537 = DEFINITIONAL_REPRESENTATION('',(#3538),#3542);
#3538 = LINE('',#3539,#3540);
#3539 = CARTESIAN_POINT('',(1.,0.));
#3540 = VECTOR('',#3541,1.);
#3541 = DIRECTION('',(0.,1.));
#3542 = ( GEOMETRIC_REPRESENTATION_CONTEXT(2) 
PARAMETRIC_REPRESENTATION_CONTEXT() REPRESENTATION_CONTEXT('2D SPACE',''
  ) );
#3543 = ADVANCED_FACE('',(#3544),#2664,.F.);
#3544 = FACE_BOUND('',#3545,.F.);
#3545 = EDGE_LOOP('',(#3546,#3567,#3568,#3569));
#3546 = ORIENTED_EDGE('',*,*,#3547,.T.);
#3547 = EDGE_CURVE('',#3548,#3500,#3550,.T.);
#3548 = VERTEX_POINT('',#3549);
#3549 = CARTESIAN_POINT('',(0.574037725761,-5.94934063661,-4.3494));
#3550 = SURFACE_CURVE('',#3551,(#3554,#3560),.PCURVE_S1.);
#3551 = B_SPLINE_CURVE_WITH_KNOTS('',1,(#3552,#3553),.UNSPECIFIED.,.F.,
  .F.,(2,2),(0.,1.),.PIECEWISE_BEZIER_KNOTS.);
#3552 = CARTESIAN_POINT('',(0.574037725761,-5.94934063661,-4.3494));
#3553 = CARTESIAN_POINT('',(0.404655688222,-5.87498712049,-4.2426));
#3554 = PCURVE('',#2664,#3555);
#3555 = DEFINITIONAL_REPRESENTATION('',(#3556),#3559);
#3556 = B_SPLINE_CURVE_WITH_KNOTS('',1,(#3557,#3558),.UNSPECIFIED.,.F.,
  .F.,(2,2),(0.,1.),.PIECEWISE_BEZIER_KNOTS.);
#3557 = CARTESIAN_POINT('',(0.,0.));
#3558 = CARTESIAN_POINT('',(0.213457726543,-7.794804620954E-03));
#3559 = ( GEOMETRIC_REPRESENTATION_CONTEXT(2) 
PARAMETRIC_REPRESENTATION_CONTEXT() REPRESENTATION_CONTEXT('2D SPACE',''
  ) );
#3560 = PCURVE('',#2713,#3561);
#3561 = DEFINITIONAL_REPRESENTATION('',(#3562),#3566);
#3562 = LINE('',#3563,#3564);
#3563 = CARTESIAN_POINT('',(0.,1.));
#3564 = VECTOR('',#3565,1.);
#3565 = DIRECTION('',(1.,0.));
#3566 = ( GEOMETRIC_REPRESENTATION_CONTEXT(2) 
PARAMETRIC_REPRESENTATION_CONTEXT() REPRESENTATION_CONTEXT('2D SPACE',''
  ) );
#3567 = ORIENTED_EDGE('',*,*,#3499,.T.);
#3568 = ORIENTED_EDGE('',*,*,#2651,.T.);
#3569 = ORIENTED_EDGE('',*,*,#3570,.T.);
#3570 = EDGE_CURVE('',#2613,#3548,#3571,.T.);
#3571 = SURFACE_CURVE('',#3572,(#3575,#3581),.PCURVE_S1.);
#3572 = B_SPLINE_CURVE_WITH_KNOTS('',1,(#3573,#3574),.UNSPECIFIED.,.F.,
  .F.,(2,2),(3.,4.),.PIECEWISE_BEZIER_KNOTS.);
#3573 = CARTESIAN_POINT('',(0.570902533103,-5.956482804838,-4.3494));
#3574 = CARTESIAN_POINT('',(0.574037725761,-5.94934063661,-4.3494));
#3575 = PCURVE('',#2664,#3576);
#3576 = DEFINITIONAL_REPRESENTATION('',(#3577),#3580);
#3577 = B_SPLINE_CURVE_WITH_KNOTS('',1,(#3578,#3579),.UNSPECIFIED.,.F.,
  .F.,(2,2),(3.,4.),.PIECEWISE_BEZIER_KNOTS.);
#3578 = CARTESIAN_POINT('',(2.846417417759E-04,7.794804620953E-03));
#3579 = CARTESIAN_POINT('',(0.,0.));
#3580 = ( GEOMETRIC_REPRESENTATION_CONTEXT(2) 
PARAMETRIC_REPRESENTATION_CONTEXT() REPRESENTATION_CONTEXT('2D SPACE',''
  ) );
#3581 = PCURVE('',#2631,#3582);
#3582 = DEFINITIONAL_REPRESENTATION('',(#3583),#3587);
#3583 = LINE('',#3584,#3585);
#3584 = CARTESIAN_POINT('',(0.,1.));
#3585 = VECTOR('',#3586,1.);
#3586 = DIRECTION('',(1.,0.));
#3587 = ( GEOMETRIC_REPRESENTATION_CONTEXT(2) 
PARAMETRIC_REPRESENTATION_CONTEXT() REPRESENTATION_CONTEXT('2D SPACE',''
  ) );
#3588 = ADVANCED_FACE('',(#3589),#2631,.F.);
#3589 = FACE_BOUND('',#3590,.F.);
#3590 = EDGE_LOOP('',(#3591,#3592,#3616,#3617));
#3591 = ORIENTED_EDGE('',*,*,#2678,.T.);
#3592 = ORIENTED_EDGE('',*,*,#3593,.T.);
#3593 = EDGE_CURVE('',#2679,#3548,#3594,.T.);
#3594 = SURFACE_CURVE('',#3595,(#3602,#3609),.PCURVE_S1.);
#3595 = ( BOUNDED_CURVE() B_SPLINE_CURVE(5,(#3596,#3597,#3598,#3599,
#3600,#3601),.UNSPECIFIED.,.F.,.F.) B_SPLINE_CURVE_WITH_KNOTS((6,6),(0.,
1.),.PIECEWISE_BEZIER_KNOTS.) CURVE() GEOMETRIC_REPRESENTATION_ITEM() 
RATIONAL_B_SPLINE_CURVE((1.,1.,1.,1.,1.,1.)) REPRESENTATION_ITEM('') );
#3596 = CARTESIAN_POINT('',(0.397595583231,-6.284787674344,-4.31735));
#3597 = CARTESIAN_POINT('',(0.46958085231,-6.248614406428,
    -4.324371567083));
#3598 = CARTESIAN_POINT('',(0.52935333283,-6.187362688382,
    -4.331262770121));
#3599 = CARTESIAN_POINT('',(0.564780474558,-6.109685873941,
    -4.337718927075));
#3600 = CARTESIAN_POINT('',(0.578589270034,-6.029106712523,
    -4.343749103153));
#3601 = CARTESIAN_POINT('',(0.574037725761,-5.94934063661,-4.3494));
#3602 = PCURVE('',#2631,#3603);
#3603 = DEFINITIONAL_REPRESENTATION('',(#3604),#3608);
#3604 = LINE('',#3605,#3606);
#3605 = CARTESIAN_POINT('',(4.,0.));
#3606 = VECTOR('',#3607,1.);
#3607 = DIRECTION('',(0.,1.));
#3608 = ( GEOMETRIC_REPRESENTATION_CONTEXT(2) 
PARAMETRIC_REPRESENTATION_CONTEXT() REPRESENTATION_CONTEXT('2D SPACE',''
  ) );
#3609 = PCURVE('',#2713,#3610);
#3610 = DEFINITIONAL_REPRESENTATION('',(#3611),#3615);
#3611 = LINE('',#3612,#3613);
#3612 = CARTESIAN_POINT('',(0.,0.));
#3613 = VECTOR('',#3614,1.);
#3614 = DIRECTION('',(0.,1.));
#3615 = ( GEOMETRIC_REPRESENTATION_CONTEXT(2) 
PARAMETRIC_REPRESENTATION_CONTEXT() REPRESENTATION_CONTEXT('2D SPACE',''
  ) );
#3616 = ORIENTED_EDGE('',*,*,#3570,.F.);
#3617 = ORIENTED_EDGE('',*,*,#2612,.F.);
#3618 = ADVANCED_FACE('',(#3619),#2713,.F.);
#3619 = FACE_BOUND('',#3620,.F.);
#3620 = EDGE_LOOP('',(#3621,#3622,#3623,#3624));
#3621 = ORIENTED_EDGE('',*,*,#2699,.T.);
#3622 = ORIENTED_EDGE('',*,*,#3520,.T.);
#3623 = ORIENTED_EDGE('',*,*,#3547,.F.);
#3624 = ORIENTED_EDGE('',*,*,#3593,.F.);
#3625 = ADVANCED_FACE('',(#3626),#2779,.F.);
#3626 = FACE_BOUND('',#3627,.F.);
#3627 = EDGE_LOOP('',(#3628,#3629,#3630,#3651));
#3628 = ORIENTED_EDGE('',*,*,#2961,.T.);
#3629 = ORIENTED_EDGE('',*,*,#2758,.T.);
#3630 = ORIENTED_EDGE('',*,*,#3631,.F.);
#3631 = EDGE_CURVE('',#3632,#2761,#3634,.T.);
#3632 = VERTEX_POINT('',#3633);
#3633 = CARTESIAN_POINT('',(0.249344311778,-6.68901287951,-4.2426));
#3634 = SURFACE_CURVE('',#3635,(#3638,#3645),.PCURVE_S1.);
#3635 = B_SPLINE_CURVE_WITH_KNOTS('',1,(#3636,#3637),.UNSPECIFIED.,.F.,
  .F.,(2,2),(1.,2.),.PIECEWISE_BEZIER_KNOTS.);
#3636 = CARTESIAN_POINT('',(0.249344311778,-6.68901287951,-4.2426));
#3637 = CARTESIAN_POINT('',(0.252479504436,-6.681870711282,-4.2426));
#3638 = PCURVE('',#2779,#3639);
#3639 = DEFINITIONAL_REPRESENTATION('',(#3640),#3644);
#3640 = LINE('',#3641,#3642);
#3641 = CARTESIAN_POINT('',(0.,1.));
#3642 = VECTOR('',#3643,1.);
#3643 = DIRECTION('',(1.,0.));
#3644 = ( GEOMETRIC_REPRESENTATION_CONTEXT(2) 
PARAMETRIC_REPRESENTATION_CONTEXT() REPRESENTATION_CONTEXT('2D SPACE',''
  ) );
#3645 = PCURVE('',#2892,#3646);
#3646 = DEFINITIONAL_REPRESENTATION('',(#3647),#3650);
#3647 = B_SPLINE_CURVE_WITH_KNOTS('',1,(#3648,#3649),.UNSPECIFIED.,.F.,
  .F.,(2,2),(1.,2.),.PIECEWISE_BEZIER_KNOTS.);
#3648 = CARTESIAN_POINT('',(0.213457726543,7.794804620953E-03));
#3649 = CARTESIAN_POINT('',(0.213742368285,0.));
#3650 = ( GEOMETRIC_REPRESENTATION_CONTEXT(2) 
PARAMETRIC_REPRESENTATION_CONTEXT() REPRESENTATION_CONTEXT('2D SPACE',''
  ) );
#3651 = ORIENTED_EDGE('',*,*,#3652,.F.);
#3652 = EDGE_CURVE('',#2928,#3632,#3653,.T.);
#3653 = SURFACE_CURVE('',#3654,(#3661,#3668),.PCURVE_S1.);
#3654 = ( BOUNDED_CURVE() B_SPLINE_CURVE(5,(#3655,#3656,#3657,#3658,
#3659,#3660),.UNSPECIFIED.,.F.,.F.) B_SPLINE_CURVE_WITH_KNOTS((6,6),(0.,
1.),.PIECEWISE_BEZIER_KNOTS.) CURVE() GEOMETRIC_REPRESENTATION_ITEM() 
RATIONAL_B_SPLINE_CURVE((1.,1.,1.,1.,1.,1.)) REPRESENTATION_ITEM('') );
#3655 = CARTESIAN_POINT('',(0.29259844283,-6.343709321535,-4.27465));
#3656 = CARTESIAN_POINT('',(0.24162183784,-6.395970739732,
    -4.267628432917));
#3657 = CARTESIAN_POINT('',(0.209183879695,-6.467210158899,
    -4.260737229879));
#3658 = CARTESIAN_POINT('',(0.203627201378,-6.545938725491,
    -4.254281072925));
#3659 = CARTESIAN_POINT('',(0.218376913921,-6.620670136681,
    -4.248250896847));
#3660 = CARTESIAN_POINT('',(0.249344311778,-6.68901287951,-4.2426));
#3661 = PCURVE('',#2779,#3662);
#3662 = DEFINITIONAL_REPRESENTATION('',(#3663),#3667);
#3663 = LINE('',#3664,#3665);
#3664 = CARTESIAN_POINT('',(1.,0.));
#3665 = VECTOR('',#3666,1.);
#3666 = DIRECTION('',(0.,1.));
#3667 = ( GEOMETRIC_REPRESENTATION_CONTEXT(2) 
PARAMETRIC_REPRESENTATION_CONTEXT() REPRESENTATION_CONTEXT('2D SPACE',''
  ) );
#3668 = PCURVE('',#2941,#3669);
#3669 = DEFINITIONAL_REPRESENTATION('',(#3670),#3674);
#3670 = LINE('',#3671,#3672);
#3671 = CARTESIAN_POINT('',(1.,0.));
#3672 = VECTOR('',#3673,1.);
#3673 = DIRECTION('',(0.,1.));
#3674 = ( GEOMETRIC_REPRESENTATION_CONTEXT(2) 
PARAMETRIC_REPRESENTATION_CONTEXT() REPRESENTATION_CONTEXT('2D SPACE',''
  ) );
#3675 = ADVANCED_FACE('',(#3676),#2892,.T.);
#3676 = FACE_BOUND('',#3677,.F.);
#3677 = EDGE_LOOP('',(#3678,#3699,#3700,#3701));
#3678 = ORIENTED_EDGE('',*,*,#3679,.T.);
#3679 = EDGE_CURVE('',#3680,#3632,#3682,.T.);
#3680 = VERTEX_POINT('',#3681);
#3681 = CARTESIAN_POINT('',(7.996227423947E-02,-6.61465936339,-4.3494));
#3682 = SURFACE_CURVE('',#3683,(#3686,#3692),.PCURVE_S1.);
#3683 = B_SPLINE_CURVE_WITH_KNOTS('',1,(#3684,#3685),.UNSPECIFIED.,.F.,
  .F.,(2,2),(0.,1.),.PIECEWISE_BEZIER_KNOTS.);
#3684 = CARTESIAN_POINT('',(7.996227423947E-02,-6.61465936339,-4.3494));
#3685 = CARTESIAN_POINT('',(0.249344311778,-6.68901287951,-4.2426));
#3686 = PCURVE('',#2892,#3687);
#3687 = DEFINITIONAL_REPRESENTATION('',(#3688),#3691);
#3688 = B_SPLINE_CURVE_WITH_KNOTS('',1,(#3689,#3690),.UNSPECIFIED.,.F.,
  .F.,(2,2),(0.,1.),.PIECEWISE_BEZIER_KNOTS.);
#3689 = CARTESIAN_POINT('',(0.,0.));
#3690 = CARTESIAN_POINT('',(0.213457726543,7.794804620953E-03));
#3691 = ( GEOMETRIC_REPRESENTATION_CONTEXT(2) 
PARAMETRIC_REPRESENTATION_CONTEXT() REPRESENTATION_CONTEXT('2D SPACE',''
  ) );
#3692 = PCURVE('',#2941,#3693);
#3693 = DEFINITIONAL_REPRESENTATION('',(#3694),#3698);
#3694 = LINE('',#3695,#3696);
#3695 = CARTESIAN_POINT('',(0.,1.));
#3696 = VECTOR('',#3697,1.);
#3697 = DIRECTION('',(1.,0.));
#3698 = ( GEOMETRIC_REPRESENTATION_CONTEXT(2) 
PARAMETRIC_REPRESENTATION_CONTEXT() REPRESENTATION_CONTEXT('2D SPACE',''
  ) );
#3699 = ORIENTED_EDGE('',*,*,#3631,.T.);
#3700 = ORIENTED_EDGE('',*,*,#2879,.T.);
#3701 = ORIENTED_EDGE('',*,*,#3702,.T.);
#3702 = EDGE_CURVE('',#2841,#3680,#3703,.T.);
#3703 = SURFACE_CURVE('',#3704,(#3707,#3713),.PCURVE_S1.);
#3704 = B_SPLINE_CURVE_WITH_KNOTS('',1,(#3705,#3706),.UNSPECIFIED.,.F.,
  .F.,(2,2),(3.,4.),.PIECEWISE_BEZIER_KNOTS.);
#3705 = CARTESIAN_POINT('',(8.309746689739E-02,-6.607517195162,-4.3494)
  );
#3706 = CARTESIAN_POINT('',(7.996227423947E-02,-6.61465936339,-4.3494));
#3707 = PCURVE('',#2892,#3708);
#3708 = DEFINITIONAL_REPRESENTATION('',(#3709),#3712);
#3709 = B_SPLINE_CURVE_WITH_KNOTS('',1,(#3710,#3711),.UNSPECIFIED.,.F.,
  .F.,(2,2),(3.,4.),.PIECEWISE_BEZIER_KNOTS.);
#3710 = CARTESIAN_POINT('',(2.846417417763E-04,-7.794804620953E-03));
#3711 = CARTESIAN_POINT('',(0.,0.));
#3712 = ( GEOMETRIC_REPRESENTATION_CONTEXT(2) 
PARAMETRIC_REPRESENTATION_CONTEXT() REPRESENTATION_CONTEXT('2D SPACE',''
  ) );
#3713 = PCURVE('',#2859,#3714);
#3714 = DEFINITIONAL_REPRESENTATION('',(#3715),#3719);
#3715 = LINE('',#3716,#3717);
#3716 = CARTESIAN_POINT('',(0.,1.));
#3717 = VECTOR('',#3718,1.);
#3718 = DIRECTION('',(1.,0.));
#3719 = ( GEOMETRIC_REPRESENTATION_CONTEXT(2) 
PARAMETRIC_REPRESENTATION_CONTEXT() REPRESENTATION_CONTEXT('2D SPACE',''
  ) );
#3720 = ADVANCED_FACE('',(#3721),#2859,.F.);
#3721 = FACE_BOUND('',#3722,.F.);
#3722 = EDGE_LOOP('',(#3723,#3724,#3748,#3749));
#3723 = ORIENTED_EDGE('',*,*,#2906,.T.);
#3724 = ORIENTED_EDGE('',*,*,#3725,.T.);
#3725 = EDGE_CURVE('',#2907,#3680,#3726,.T.);
#3726 = SURFACE_CURVE('',#3727,(#3734,#3741),.PCURVE_S1.);
#3727 = ( BOUNDED_CURVE() B_SPLINE_CURVE(5,(#3728,#3729,#3730,#3731,
#3732,#3733),.UNSPECIFIED.,.F.,.F.) B_SPLINE_CURVE_WITH_KNOTS((6,6),(0.,
1.),.PIECEWISE_BEZIER_KNOTS.) CURVE() GEOMETRIC_REPRESENTATION_ITEM() 
RATIONAL_B_SPLINE_CURVE((1.,1.,1.,1.,1.,1.)) REPRESENTATION_ITEM('') );
#3728 = CARTESIAN_POINT('',(0.256404416769,-6.279212325656,-4.31735));
#3729 = CARTESIAN_POINT('',(0.18441914769,-6.315385593572,
    -4.324371567083));
#3730 = CARTESIAN_POINT('',(0.12464666717,-6.376637311618,
    -4.331262770121));
#3731 = CARTESIAN_POINT('',(8.921952544153E-02,-6.454314126059,
    -4.337718927075));
#3732 = CARTESIAN_POINT('',(7.541072996612E-02,-6.534893287477,
    -4.343749103153));
#3733 = CARTESIAN_POINT('',(7.996227423947E-02,-6.61465936339,-4.3494));
#3734 = PCURVE('',#2859,#3735);
#3735 = DEFINITIONAL_REPRESENTATION('',(#3736),#3740);
#3736 = LINE('',#3737,#3738);
#3737 = CARTESIAN_POINT('',(4.,0.));
#3738 = VECTOR('',#3739,1.);
#3739 = DIRECTION('',(0.,1.));
#3740 = ( GEOMETRIC_REPRESENTATION_CONTEXT(2) 
PARAMETRIC_REPRESENTATION_CONTEXT() REPRESENTATION_CONTEXT('2D SPACE',''
  ) );
#3741 = PCURVE('',#2941,#3742);
#3742 = DEFINITIONAL_REPRESENTATION('',(#3743),#3747);
#3743 = LINE('',#3744,#3745);
#3744 = CARTESIAN_POINT('',(0.,0.));
#3745 = VECTOR('',#3746,1.);
#3746 = DIRECTION('',(0.,1.));
#3747 = ( GEOMETRIC_REPRESENTATION_CONTEXT(2) 
PARAMETRIC_REPRESENTATION_CONTEXT() REPRESENTATION_CONTEXT('2D SPACE',''
  ) );
#3748 = ORIENTED_EDGE('',*,*,#3702,.F.);
#3749 = ORIENTED_EDGE('',*,*,#2840,.F.);
#3750 = ADVANCED_FACE('',(#3751),#2941,.F.);
#3751 = FACE_BOUND('',#3752,.F.);
#3752 = EDGE_LOOP('',(#3753,#3754,#3755,#3756));
#3753 = ORIENTED_EDGE('',*,*,#2927,.T.);
#3754 = ORIENTED_EDGE('',*,*,#3652,.T.);
#3755 = ORIENTED_EDGE('',*,*,#3679,.F.);
#3756 = ORIENTED_EDGE('',*,*,#3725,.F.);
#3757 = ADVANCED_FACE('',(#3758),#3007,.F.);
#3758 = FACE_BOUND('',#3759,.F.);
#3759 = EDGE_LOOP('',(#3760,#3761,#3762,#3783));
#3760 = ORIENTED_EDGE('',*,*,#3192,.T.);
#3761 = ORIENTED_EDGE('',*,*,#2986,.T.);
#3762 = ORIENTED_EDGE('',*,*,#3763,.F.);
#3763 = EDGE_CURVE('',#3764,#2989,#3766,.T.);
#3764 = VERTEX_POINT('',#3765);
#3765 = CARTESIAN_POINT('',(0.73401287951,-6.359655688222,-4.2426));
#3766 = SURFACE_CURVE('',#3767,(#3770,#3777),.PCURVE_S1.);
#3767 = B_SPLINE_CURVE_WITH_KNOTS('',1,(#3768,#3769),.UNSPECIFIED.,.F.,
  .F.,(2,2),(1.,2.),.PIECEWISE_BEZIER_KNOTS.);
#3768 = CARTESIAN_POINT('',(0.73401287951,-6.359655688222,-4.2426));
#3769 = CARTESIAN_POINT('',(0.726870711282,-6.356520495564,-4.2426));
#3770 = PCURVE('',#3007,#3771);
#3771 = DEFINITIONAL_REPRESENTATION('',(#3772),#3776);
#3772 = LINE('',#3773,#3774);
#3773 = CARTESIAN_POINT('',(0.,1.));
#3774 = VECTOR('',#3775,1.);
#3775 = DIRECTION('',(1.,0.));
#3776 = ( GEOMETRIC_REPRESENTATION_CONTEXT(2) 
PARAMETRIC_REPRESENTATION_CONTEXT() REPRESENTATION_CONTEXT('2D SPACE',''
  ) );
#3777 = PCURVE('',#3120,#3778);
#3778 = DEFINITIONAL_REPRESENTATION('',(#3779),#3782);
#3779 = B_SPLINE_CURVE_WITH_KNOTS('',1,(#3780,#3781),.UNSPECIFIED.,.F.,
  .F.,(2,2),(1.,2.),.PIECEWISE_BEZIER_KNOTS.);
#3780 = CARTESIAN_POINT('',(0.213457726543,-7.794804620954E-03));
#3781 = CARTESIAN_POINT('',(0.213742368285,-8.881784197001E-16));
#3782 = ( GEOMETRIC_REPRESENTATION_CONTEXT(2) 
PARAMETRIC_REPRESENTATION_CONTEXT() REPRESENTATION_CONTEXT('2D SPACE',''
  ) );
#3783 = ORIENTED_EDGE('',*,*,#3784,.F.);
#3784 = EDGE_CURVE('',#3137,#3764,#3785,.T.);
#3785 = SURFACE_CURVE('',#3786,(#3793,#3800),.PCURVE_S1.);
#3786 = ( BOUNDED_CURVE() B_SPLINE_CURVE(5,(#3787,#3788,#3789,#3790,
#3791,#3792),.UNSPECIFIED.,.F.,.F.) B_SPLINE_CURVE_WITH_KNOTS((6,6),(0.,
1.),.PIECEWISE_BEZIER_KNOTS.) CURVE() GEOMETRIC_REPRESENTATION_ITEM() 
RATIONAL_B_SPLINE_CURVE((1.,1.,1.,1.,1.,1.)) REPRESENTATION_ITEM('') );
#3787 = CARTESIAN_POINT('',(0.388709321535,-6.31640155717,-4.27465));
#3788 = CARTESIAN_POINT('',(0.440970739732,-6.36737816216,
    -4.267628432917));
#3789 = CARTESIAN_POINT('',(0.512210158899,-6.399816120305,
    -4.260737229879));
#3790 = CARTESIAN_POINT('',(0.590938725491,-6.405372798622,
    -4.254281072925));
#3791 = CARTESIAN_POINT('',(0.665670136681,-6.390623086078,
    -4.248250896847));
#3792 = CARTESIAN_POINT('',(0.73401287951,-6.359655688222,-4.2426));
#3793 = PCURVE('',#3007,#3794);
#3794 = DEFINITIONAL_REPRESENTATION('',(#3795),#3799);
#3795 = LINE('',#3796,#3797);
#3796 = CARTESIAN_POINT('',(1.,0.));
#3797 = VECTOR('',#3798,1.);
#3798 = DIRECTION('',(0.,1.));
#3799 = ( GEOMETRIC_REPRESENTATION_CONTEXT(2) 
PARAMETRIC_REPRESENTATION_CONTEXT() REPRESENTATION_CONTEXT('2D SPACE',''
  ) );
#3800 = PCURVE('',#3150,#3801);
#3801 = DEFINITIONAL_REPRESENTATION('',(#3802),#3806);
#3802 = LINE('',#3803,#3804);
#3803 = CARTESIAN_POINT('',(1.,0.));
#3804 = VECTOR('',#3805,1.);
#3805 = DIRECTION('',(0.,1.));
#3806 = ( GEOMETRIC_REPRESENTATION_CONTEXT(2) 
PARAMETRIC_REPRESENTATION_CONTEXT() REPRESENTATION_CONTEXT('2D SPACE',''
  ) );
#3807 = ADVANCED_FACE('',(#3808),#3120,.F.);
#3808 = FACE_BOUND('',#3809,.F.);
#3809 = EDGE_LOOP('',(#3810,#3831,#3832,#3833));
#3810 = ORIENTED_EDGE('',*,*,#3811,.T.);
#3811 = EDGE_CURVE('',#3812,#3764,#3814,.T.);
#3812 = VERTEX_POINT('',#3813);
#3813 = CARTESIAN_POINT('',(0.65965936339,-6.529037725761,-4.3494));
#3814 = SURFACE_CURVE('',#3815,(#3818,#3824),.PCURVE_S1.);
#3815 = B_SPLINE_CURVE_WITH_KNOTS('',1,(#3816,#3817),.UNSPECIFIED.,.F.,
  .F.,(2,2),(0.,1.),.PIECEWISE_BEZIER_KNOTS.);
#3816 = CARTESIAN_POINT('',(0.65965936339,-6.529037725761,-4.3494));
#3817 = CARTESIAN_POINT('',(0.73401287951,-6.359655688222,-4.2426));
#3818 = PCURVE('',#3120,#3819);
#3819 = DEFINITIONAL_REPRESENTATION('',(#3820),#3823);
#3820 = B_SPLINE_CURVE_WITH_KNOTS('',1,(#3821,#3822),.UNSPECIFIED.,.F.,
  .F.,(2,2),(0.,1.),.PIECEWISE_BEZIER_KNOTS.);
#3821 = CARTESIAN_POINT('',(0.,0.));
#3822 = CARTESIAN_POINT('',(0.213457726543,-7.794804620954E-03));
#3823 = ( GEOMETRIC_REPRESENTATION_CONTEXT(2) 
PARAMETRIC_REPRESENTATION_CONTEXT() REPRESENTATION_CONTEXT('2D SPACE',''
  ) );
#3824 = PCURVE('',#3150,#3825);
#3825 = DEFINITIONAL_REPRESENTATION('',(#3826),#3830);
#3826 = LINE('',#3827,#3828);
#3827 = CARTESIAN_POINT('',(0.,1.));
#3828 = VECTOR('',#3829,1.);
#3829 = DIRECTION('',(1.,0.));
#3830 = ( GEOMETRIC_REPRESENTATION_CONTEXT(2) 
PARAMETRIC_REPRESENTATION_CONTEXT() REPRESENTATION_CONTEXT('2D SPACE',''
  ) );
#3831 = ORIENTED_EDGE('',*,*,#3763,.T.);
#3832 = ORIENTED_EDGE('',*,*,#3107,.T.);
#3833 = ORIENTED_EDGE('',*,*,#3834,.T.);
#3834 = EDGE_CURVE('',#3069,#3812,#3835,.T.);
#3835 = SURFACE_CURVE('',#3836,(#3839,#3845),.PCURVE_S1.);
#3836 = B_SPLINE_CURVE_WITH_KNOTS('',1,(#3837,#3838),.UNSPECIFIED.,.F.,
  .F.,(2,2),(3.,4.),.PIECEWISE_BEZIER_KNOTS.);
#3837 = CARTESIAN_POINT('',(0.652517195162,-6.525902533103,-4.3494));
#3838 = CARTESIAN_POINT('',(0.65965936339,-6.529037725761,-4.3494));
#3839 = PCURVE('',#3120,#3840);
#3840 = DEFINITIONAL_REPRESENTATION('',(#3841),#3844);
#3841 = B_SPLINE_CURVE_WITH_KNOTS('',1,(#3842,#3843),.UNSPECIFIED.,.F.,
  .F.,(2,2),(3.,4.),.PIECEWISE_BEZIER_KNOTS.);
#3842 = CARTESIAN_POINT('',(2.846417417768E-04,7.794804620953E-03));
#3843 = CARTESIAN_POINT('',(0.,0.));
#3844 = ( GEOMETRIC_REPRESENTATION_CONTEXT(2) 
PARAMETRIC_REPRESENTATION_CONTEXT() REPRESENTATION_CONTEXT('2D SPACE',''
  ) );
#3845 = PCURVE('',#3087,#3846);
#3846 = DEFINITIONAL_REPRESENTATION('',(#3847),#3851);
#3847 = LINE('',#3848,#3849);
#3848 = CARTESIAN_POINT('',(0.,1.));
#3849 = VECTOR('',#3850,1.);
#3850 = DIRECTION('',(1.,0.));
#3851 = ( GEOMETRIC_REPRESENTATION_CONTEXT(2) 
PARAMETRIC_REPRESENTATION_CONTEXT() REPRESENTATION_CONTEXT('2D SPACE',''
  ) );
#3852 = ADVANCED_FACE('',(#3853),#3087,.F.);
#3853 = FACE_BOUND('',#3854,.F.);
#3854 = EDGE_LOOP('',(#3855,#3856,#3880,#3881));
#3855 = ORIENTED_EDGE('',*,*,#3170,.T.);
#3856 = ORIENTED_EDGE('',*,*,#3857,.T.);
#3857 = EDGE_CURVE('',#3135,#3812,#3858,.T.);
#3858 = SURFACE_CURVE('',#3859,(#3866,#3873),.PCURVE_S1.);
#3859 = ( BOUNDED_CURVE() B_SPLINE_CURVE(5,(#3860,#3861,#3862,#3863,
#3864,#3865),.UNSPECIFIED.,.F.,.F.) B_SPLINE_CURVE_WITH_KNOTS((6,6),(0.,
1.),.PIECEWISE_BEZIER_KNOTS.) CURVE() GEOMETRIC_REPRESENTATION_ITEM() 
RATIONAL_B_SPLINE_CURVE((1.,1.,1.,1.,1.,1.)) REPRESENTATION_ITEM('') );
#3860 = CARTESIAN_POINT('',(0.324212325656,-6.352595583231,-4.31735));
#3861 = CARTESIAN_POINT('',(0.360385593572,-6.42458085231,
    -4.324371567083));
#3862 = CARTESIAN_POINT('',(0.421637311618,-6.48435333283,
    -4.331262770121));
#3863 = CARTESIAN_POINT('',(0.499314126059,-6.519780474559,
    -4.337718927075));
#3864 = CARTESIAN_POINT('',(0.579893287477,-6.533589270034,
    -4.343749103153));
#3865 = CARTESIAN_POINT('',(0.65965936339,-6.529037725761,-4.3494));
#3866 = PCURVE('',#3087,#3867);
#3867 = DEFINITIONAL_REPRESENTATION('',(#3868),#3872);
#3868 = LINE('',#3869,#3870);
#3869 = CARTESIAN_POINT('',(4.,0.));
#3870 = VECTOR('',#3871,1.);
#3871 = DIRECTION('',(0.,1.));
#3872 = ( GEOMETRIC_REPRESENTATION_CONTEXT(2) 
PARAMETRIC_REPRESENTATION_CONTEXT() REPRESENTATION_CONTEXT('2D SPACE',''
  ) );
#3873 = PCURVE('',#3150,#3874);
#3874 = DEFINITIONAL_REPRESENTATION('',(#3875),#3879);
#3875 = LINE('',#3876,#3877);
#3876 = CARTESIAN_POINT('',(0.,0.));
#3877 = VECTOR('',#3878,1.);
#3878 = DIRECTION('',(0.,1.));
#3879 = ( GEOMETRIC_REPRESENTATION_CONTEXT(2) 
PARAMETRIC_REPRESENTATION_CONTEXT() REPRESENTATION_CONTEXT('2D SPACE',''
  ) );
#3880 = ORIENTED_EDGE('',*,*,#3834,.F.);
#3881 = ORIENTED_EDGE('',*,*,#3068,.F.);
#3882 = ADVANCED_FACE('',(#3883),#3150,.F.);
#3883 = FACE_BOUND('',#3884,.F.);
#3884 = EDGE_LOOP('',(#3885,#3886,#3887,#3888));
#3885 = ORIENTED_EDGE('',*,*,#3134,.T.);
#3886 = ORIENTED_EDGE('',*,*,#3784,.T.);
#3887 = ORIENTED_EDGE('',*,*,#3811,.F.);
#3888 = ORIENTED_EDGE('',*,*,#3857,.F.);
#3889 = ADVANCED_FACE('',(#3890),#3235,.F.);
#3890 = FACE_BOUND('',#3891,.F.);
#3891 = EDGE_LOOP('',(#3892,#3893,#3894,#3915));
#3892 = ORIENTED_EDGE('',*,*,#3420,.T.);
#3893 = ORIENTED_EDGE('',*,*,#3214,.T.);
#3894 = ORIENTED_EDGE('',*,*,#3895,.F.);
#3895 = EDGE_CURVE('',#3896,#3217,#3898,.T.);
#3896 = VERTEX_POINT('',#3897);
#3897 = CARTESIAN_POINT('',(-8.001287950966E-02,-6.204344311778,-4.2426)
  );
#3898 = SURFACE_CURVE('',#3899,(#3902,#3909),.PCURVE_S1.);
#3899 = B_SPLINE_CURVE_WITH_KNOTS('',1,(#3900,#3901),.UNSPECIFIED.,.F.,
  .F.,(2,2),(1.,2.),.PIECEWISE_BEZIER_KNOTS.);
#3900 = CARTESIAN_POINT('',(-8.001287950966E-02,-6.204344311778,-4.2426)
  );
#3901 = CARTESIAN_POINT('',(-7.287071128161E-02,-6.207479504436,-4.2426)
  );
#3902 = PCURVE('',#3235,#3903);
#3903 = DEFINITIONAL_REPRESENTATION('',(#3904),#3908);
#3904 = LINE('',#3905,#3906);
#3905 = CARTESIAN_POINT('',(0.,1.));
#3906 = VECTOR('',#3907,1.);
#3907 = DIRECTION('',(1.,0.));
#3908 = ( GEOMETRIC_REPRESENTATION_CONTEXT(2) 
PARAMETRIC_REPRESENTATION_CONTEXT() REPRESENTATION_CONTEXT('2D SPACE',''
  ) );
#3909 = PCURVE('',#3348,#3910);
#3910 = DEFINITIONAL_REPRESENTATION('',(#3911),#3914);
#3911 = B_SPLINE_CURVE_WITH_KNOTS('',1,(#3912,#3913),.UNSPECIFIED.,.F.,
  .F.,(2,2),(1.,2.),.PIECEWISE_BEZIER_KNOTS.);
#3912 = CARTESIAN_POINT('',(0.213457726543,-7.794804620954E-03));
#3913 = CARTESIAN_POINT('',(0.213742368285,-4.440892098501E-16));
#3914 = ( GEOMETRIC_REPRESENTATION_CONTEXT(2) 
PARAMETRIC_REPRESENTATION_CONTEXT() REPRESENTATION_CONTEXT('2D SPACE',''
  ) );
#3915 = ORIENTED_EDGE('',*,*,#3916,.F.);
#3916 = EDGE_CURVE('',#3365,#3896,#3917,.T.);
#3917 = SURFACE_CURVE('',#3918,(#3925,#3932),.PCURVE_S1.);
#3918 = ( BOUNDED_CURVE() B_SPLINE_CURVE(5,(#3919,#3920,#3921,#3922,
#3923,#3924),.UNSPECIFIED.,.F.,.F.) B_SPLINE_CURVE_WITH_KNOTS((6,6),(0.,
1.),.PIECEWISE_BEZIER_KNOTS.) CURVE() GEOMETRIC_REPRESENTATION_ITEM() 
RATIONAL_B_SPLINE_CURVE((1.,1.,1.,1.,1.,1.)) REPRESENTATION_ITEM('') );
#3919 = CARTESIAN_POINT('',(0.265290678465,-6.24759844283,-4.27465));
#3920 = CARTESIAN_POINT('',(0.213029260268,-6.19662183784,
    -4.267628432917));
#3921 = CARTESIAN_POINT('',(0.141789841101,-6.164183879695,
    -4.260737229879));
#3922 = CARTESIAN_POINT('',(6.306127450882E-02,-6.158627201378,
    -4.254281072925));
#3923 = CARTESIAN_POINT('',(-1.167013668072E-02,-6.173376913921,
    -4.248250896846));
#3924 = CARTESIAN_POINT('',(-8.001287950966E-02,-6.204344311778,-4.2426)
  );
#3925 = PCURVE('',#3235,#3926);
#3926 = DEFINITIONAL_REPRESENTATION('',(#3927),#3931);
#3927 = LINE('',#3928,#3929);
#3928 = CARTESIAN_POINT('',(1.,0.));
#3929 = VECTOR('',#3930,1.);
#3930 = DIRECTION('',(0.,1.));
#3931 = ( GEOMETRIC_REPRESENTATION_CONTEXT(2) 
PARAMETRIC_REPRESENTATION_CONTEXT() REPRESENTATION_CONTEXT('2D SPACE',''
  ) );
#3932 = PCURVE('',#3378,#3933);
#3933 = DEFINITIONAL_REPRESENTATION('',(#3934),#3938);
#3934 = LINE('',#3935,#3936);
#3935 = CARTESIAN_POINT('',(1.,0.));
#3936 = VECTOR('',#3937,1.);
#3937 = DIRECTION('',(0.,1.));
#3938 = ( GEOMETRIC_REPRESENTATION_CONTEXT(2) 
PARAMETRIC_REPRESENTATION_CONTEXT() REPRESENTATION_CONTEXT('2D SPACE',''
  ) );
#3939 = ADVANCED_FACE('',(#3940),#3348,.F.);
#3940 = FACE_BOUND('',#3941,.F.);
#3941 = EDGE_LOOP('',(#3942,#3963,#3964,#3965));
#3942 = ORIENTED_EDGE('',*,*,#3943,.T.);
#3943 = EDGE_CURVE('',#3944,#3896,#3946,.T.);
#3944 = VERTEX_POINT('',#3945);
#3945 = CARTESIAN_POINT('',(-5.65936339004E-03,-6.034962274239,-4.3494)
  );
#3946 = SURFACE_CURVE('',#3947,(#3950,#3956),.PCURVE_S1.);
#3947 = B_SPLINE_CURVE_WITH_KNOTS('',1,(#3948,#3949),.UNSPECIFIED.,.F.,
  .F.,(2,2),(0.,1.),.PIECEWISE_BEZIER_KNOTS.);
#3948 = CARTESIAN_POINT('',(-5.65936339004E-03,-6.034962274239,-4.3494)
  );
#3949 = CARTESIAN_POINT('',(-8.001287950966E-02,-6.204344311778,-4.2426)
  );
#3950 = PCURVE('',#3348,#3951);
#3951 = DEFINITIONAL_REPRESENTATION('',(#3952),#3955);
#3952 = B_SPLINE_CURVE_WITH_KNOTS('',1,(#3953,#3954),.UNSPECIFIED.,.F.,
  .F.,(2,2),(0.,1.),.PIECEWISE_BEZIER_KNOTS.);
#3953 = CARTESIAN_POINT('',(0.,0.));
#3954 = CARTESIAN_POINT('',(0.213457726543,-7.794804620954E-03));
#3955 = ( GEOMETRIC_REPRESENTATION_CONTEXT(2) 
PARAMETRIC_REPRESENTATION_CONTEXT() REPRESENTATION_CONTEXT('2D SPACE',''
  ) );
#3956 = PCURVE('',#3378,#3957);
#3957 = DEFINITIONAL_REPRESENTATION('',(#3958),#3962);
#3958 = LINE('',#3959,#3960);
#3959 = CARTESIAN_POINT('',(0.,1.));
#3960 = VECTOR('',#3961,1.);
#3961 = DIRECTION('',(1.,0.));
#3962 = ( GEOMETRIC_REPRESENTATION_CONTEXT(2) 
PARAMETRIC_REPRESENTATION_CONTEXT() REPRESENTATION_CONTEXT('2D SPACE',''
  ) );
#3963 = ORIENTED_EDGE('',*,*,#3895,.T.);
#3964 = ORIENTED_EDGE('',*,*,#3335,.T.);
#3965 = ORIENTED_EDGE('',*,*,#3966,.T.);
#3966 = EDGE_CURVE('',#3297,#3944,#3967,.T.);
#3967 = SURFACE_CURVE('',#3968,(#3971,#3977),.PCURVE_S1.);
#3968 = B_SPLINE_CURVE_WITH_KNOTS('',1,(#3969,#3970),.UNSPECIFIED.,.F.,
  .F.,(2,2),(3.,4.),.PIECEWISE_BEZIER_KNOTS.);
#3969 = CARTESIAN_POINT('',(1.482804838008E-03,-6.038097466897,-4.3494)
  );
#3970 = CARTESIAN_POINT('',(-5.65936339004E-03,-6.034962274239,-4.3494)
  );
#3971 = PCURVE('',#3348,#3972);
#3972 = DEFINITIONAL_REPRESENTATION('',(#3973),#3976);
#3973 = B_SPLINE_CURVE_WITH_KNOTS('',1,(#3974,#3975),.UNSPECIFIED.,.F.,
  .F.,(2,2),(3.,4.),.PIECEWISE_BEZIER_KNOTS.);
#3974 = CARTESIAN_POINT('',(2.846417417768E-04,7.794804620953E-03));
#3975 = CARTESIAN_POINT('',(0.,0.));
#3976 = ( GEOMETRIC_REPRESENTATION_CONTEXT(2) 
PARAMETRIC_REPRESENTATION_CONTEXT() REPRESENTATION_CONTEXT('2D SPACE',''
  ) );
#3977 = PCURVE('',#3315,#3978);
#3978 = DEFINITIONAL_REPRESENTATION('',(#3979),#3983);
#3979 = LINE('',#3980,#3981);
#3980 = CARTESIAN_POINT('',(0.,1.));
#3981 = VECTOR('',#3982,1.);
#3982 = DIRECTION('',(1.,0.));
#3983 = ( GEOMETRIC_REPRESENTATION_CONTEXT(2) 
PARAMETRIC_REPRESENTATION_CONTEXT() REPRESENTATION_CONTEXT('2D SPACE',''
  ) );
#3984 = ADVANCED_FACE('',(#3985),#3315,.F.);
#3985 = FACE_BOUND('',#3986,.F.);
#3986 = EDGE_LOOP('',(#3987,#3988,#4012,#4013));
#3987 = ORIENTED_EDGE('',*,*,#3398,.T.);
#3988 = ORIENTED_EDGE('',*,*,#3989,.T.);
#3989 = EDGE_CURVE('',#3363,#3944,#3990,.T.);
#3990 = SURFACE_CURVE('',#3991,(#3998,#4005),.PCURVE_S1.);
#3991 = ( BOUNDED_CURVE() B_SPLINE_CURVE(5,(#3992,#3993,#3994,#3995,
#3996,#3997),.UNSPECIFIED.,.F.,.F.) B_SPLINE_CURVE_WITH_KNOTS((6,6),(0.,
1.),.PIECEWISE_BEZIER_KNOTS.) CURVE() GEOMETRIC_REPRESENTATION_ITEM() 
RATIONAL_B_SPLINE_CURVE((1.,1.,1.,1.,1.,1.)) REPRESENTATION_ITEM('') );
#3992 = CARTESIAN_POINT('',(0.329787674344,-6.211404416769,-4.31735));
#3993 = CARTESIAN_POINT('',(0.293614406428,-6.13941914769,
    -4.324371567083));
#3994 = CARTESIAN_POINT('',(0.232362688382,-6.07964666717,-4.33126277012
    ));
#3995 = CARTESIAN_POINT('',(0.154685873941,-6.044219525442,
    -4.337718927075));
#3996 = CARTESIAN_POINT('',(7.410671252255E-02,-6.030410729966,
    -4.343749103153));
#3997 = CARTESIAN_POINT('',(-5.65936339004E-03,-6.034962274239,-4.3494)
  );
#3998 = PCURVE('',#3315,#3999);
#3999 = DEFINITIONAL_REPRESENTATION('',(#4000),#4004);
#4000 = LINE('',#4001,#4002);
#4001 = CARTESIAN_POINT('',(4.,0.));
#4002 = VECTOR('',#4003,1.);
#4003 = DIRECTION('',(0.,1.));
#4004 = ( GEOMETRIC_REPRESENTATION_CONTEXT(2) 
PARAMETRIC_REPRESENTATION_CONTEXT() REPRESENTATION_CONTEXT('2D SPACE',''
  ) );
#4005 = PCURVE('',#3378,#4006);
#4006 = DEFINITIONAL_REPRESENTATION('',(#4007),#4011);
#4007 = LINE('',#4008,#4009);
#4008 = CARTESIAN_POINT('',(0.,0.));
#4009 = VECTOR('',#4010,1.);
#4010 = DIRECTION('',(0.,1.));
#4011 = ( GEOMETRIC_REPRESENTATION_CONTEXT(2) 
PARAMETRIC_REPRESENTATION_CONTEXT() REPRESENTATION_CONTEXT('2D SPACE',''
  ) );
#4012 = ORIENTED_EDGE('',*,*,#3966,.F.);
#4013 = ORIENTED_EDGE('',*,*,#3296,.F.);
#4014 = ADVANCED_FACE('',(#4015),#3378,.F.);
#4015 = FACE_BOUND('',#4016,.F.);
#4016 = EDGE_LOOP('',(#4017,#4018,#4019,#4020));
#4017 = ORIENTED_EDGE('',*,*,#3362,.T.);
#4018 = ORIENTED_EDGE('',*,*,#3916,.T.);
#4019 = ORIENTED_EDGE('',*,*,#3943,.F.);
#4020 = ORIENTED_EDGE('',*,*,#3989,.F.);
#4021 = ADVANCED_FACE('',(#4022),#3459,.F.);
#4022 = FACE_BOUND('',#4023,.F.);
#4023 = EDGE_LOOP('',(#4024));
#4024 = ORIENTED_EDGE('',*,*,#3442,.T.);
#4025 = ( GEOMETRIC_REPRESENTATION_CONTEXT(3) 
GLOBAL_UNCERTAINTY_ASSIGNED_CONTEXT((#4029)) 
GLOBAL_UNIT_ASSIGNED_CONTEXT((#4026,#4027,#4028)) REPRESENTATION_CONTEXT
('Context #1','3D Context with UNIT and UNCERTAINTY') );
#4026 = ( LENGTH_UNIT() NAMED_UNIT(*) SI_UNIT($,.METRE.) );
#4027 = ( NAMED_UNIT(*) PLANE_ANGLE_UNIT() SI_UNIT($,.RADIAN.) );
#4028 = ( NAMED_UNIT(*) SI_UNIT($,.STERADIAN.) SOLID_ANGLE_UNIT() );
#4029 = UNCERTAINTY_MEASURE_WITH_UNIT(LENGTH_MEASURE(1.E-06),#4026,
  'distance_accuracy_value','confusion accuracy');
#4030 = PRODUCT_RELATED_PRODUCT_CATEGORY('part',$,(#7));
ENDSEC;
END-ISO-10303-21;
