ISO-10303-21;
HEADER;
/* Generated by software containing ST-Developer
 * from STEP Tools, Inc. (www.steptools.com) 
 */

FILE_DESCRIPTION(
/* description */ (
'CAx-IF Rec.Pracs.---Representation and Presentation of Product Manufa
cturing Information (PMI)---4.0---2014-10-13',
'CAx-IF Rec.Pracs.---3D Tessellated Geometry---0.4---2014-09-14','2;1'),

/* implementation_level */ '2;1');

FILE_NAME(
/* name */ 'Tanque_wall',
/* time_stamp */ '2026-07-01T19:13:30-03:00',
/* author */ (''),
/* organization */ ('Siemens PLM Software'),
/* preprocessor_version */ 'ST-DEVELOPER v20',
/* originating_system */ 'DEX',
/* authorisation */ $);

FILE_SCHEMA (('AP242_MANAGED_MODEL_BASED_3D_ENGINEERING_MIM_LF { 1 0 10303 442 1 1 4 }'));
ENDSEC;

DATA;
#10=SHAPE_REPRESENTATION_RELATIONSHIP('','',#333,#11);
#11=ADVANCED_BREP_SHAPE_REPRESENTATION('',(#331),#8727);
#12=PLANE('',#337);
#13=PLANE('',#338);
#14=PLANE('',#339);
#15=PLANE('',#340);
#16=PLANE('',#342);
#17=PLANE('',#343);
#18=PLANE('',#344);
#19=PLANE('',#345);
#20=PLANE('',#346);
#21=PLANE('',#347);
#22=PLANE('',#349);
#23=PLANE('',#351);
#24=LINE('',#406,#34);
#25=LINE('',#413,#35);
#26=LINE('',#2956,#36);
#27=LINE('',#4253,#37);
#28=LINE('',#6068,#38);
#29=LINE('',#6070,#39);
#30=LINE('',#6072,#40);
#31=LINE('',#6074,#41);
#32=LINE('',#6077,#42);
#33=LINE('',#6078,#43);
#34=VECTOR('',#356,1.);
#35=VECTOR('',#357,1.);
#36=VECTOR('',#360,1.);
#37=VECTOR('',#361,1.);
#38=VECTOR('',#376,1.);
#39=VECTOR('',#377,1.);
#40=VECTOR('',#378,1.);
#41=VECTOR('',#381,1.);
#42=VECTOR('',#382,1.);
#43=VECTOR('',#383,1.);
#44=ORIENTED_EDGE('',*,*,#138,.F.);
#45=ORIENTED_EDGE('',*,*,#139,.F.);
#46=ORIENTED_EDGE('',*,*,#140,.T.);
#47=ORIENTED_EDGE('',*,*,#141,.F.);
#48=ORIENTED_EDGE('',*,*,#142,.T.);
#49=ORIENTED_EDGE('',*,*,#143,.T.);
#50=ORIENTED_EDGE('',*,*,#144,.T.);
#51=ORIENTED_EDGE('',*,*,#145,.T.);
#52=ORIENTED_EDGE('',*,*,#146,.T.);
#53=ORIENTED_EDGE('',*,*,#147,.T.);
#54=ORIENTED_EDGE('',*,*,#148,.T.);
#55=ORIENTED_EDGE('',*,*,#149,.T.);
#56=ORIENTED_EDGE('',*,*,#150,.T.);
#57=ORIENTED_EDGE('',*,*,#151,.T.);
#58=ORIENTED_EDGE('',*,*,#152,.F.);
#59=ORIENTED_EDGE('',*,*,#153,.F.);
#60=ORIENTED_EDGE('',*,*,#154,.F.);
#61=ORIENTED_EDGE('',*,*,#155,.T.);
#62=ORIENTED_EDGE('',*,*,#145,.F.);
#63=ORIENTED_EDGE('',*,*,#156,.T.);
#64=ORIENTED_EDGE('',*,*,#157,.F.);
#65=ORIENTED_EDGE('',*,*,#158,.F.);
#66=ORIENTED_EDGE('',*,*,#144,.F.);
#67=ORIENTED_EDGE('',*,*,#159,.T.);
#68=ORIENTED_EDGE('',*,*,#160,.F.);
#69=ORIENTED_EDGE('',*,*,#156,.F.);
#70=ORIENTED_EDGE('',*,*,#143,.F.);
#71=ORIENTED_EDGE('',*,*,#161,.T.);
#72=ORIENTED_EDGE('',*,*,#162,.F.);
#73=ORIENTED_EDGE('',*,*,#159,.F.);
#74=ORIENTED_EDGE('',*,*,#142,.F.);
#75=ORIENTED_EDGE('',*,*,#158,.T.);
#76=ORIENTED_EDGE('',*,*,#163,.F.);
#77=ORIENTED_EDGE('',*,*,#161,.F.);
#78=ORIENTED_EDGE('',*,*,#146,.F.);
#79=ORIENTED_EDGE('',*,*,#147,.F.);
#80=ORIENTED_EDGE('',*,*,#164,.T.);
#81=ORIENTED_EDGE('',*,*,#165,.F.);
#82=ORIENTED_EDGE('',*,*,#166,.F.);
#83=ORIENTED_EDGE('',*,*,#164,.F.);
#84=ORIENTED_EDGE('',*,*,#148,.F.);
#85=ORIENTED_EDGE('',*,*,#167,.T.);
#86=ORIENTED_EDGE('',*,*,#168,.F.);
#87=ORIENTED_EDGE('',*,*,#169,.F.);
#88=ORIENTED_EDGE('',*,*,#153,.T.);
#89=ORIENTED_EDGE('',*,*,#170,.F.);
#90=ORIENTED_EDGE('',*,*,#171,.F.);
#91=ORIENTED_EDGE('',*,*,#172,.T.);
#92=ORIENTED_EDGE('',*,*,#173,.T.);
#93=ORIENTED_EDGE('',*,*,#174,.F.);
#94=ORIENTED_EDGE('',*,*,#139,.T.);
#95=ORIENTED_EDGE('',*,*,#175,.T.);
#96=ORIENTED_EDGE('',*,*,#176,.T.);
#97=ORIENTED_EDGE('',*,*,#154,.T.);
#98=ORIENTED_EDGE('',*,*,#172,.F.);
#99=ORIENTED_EDGE('',*,*,#177,.F.);
#100=ORIENTED_EDGE('',*,*,#140,.F.);
#101=ORIENTED_EDGE('',*,*,#174,.T.);
#102=ORIENTED_EDGE('',*,*,#152,.T.);
#103=ORIENTED_EDGE('',*,*,#178,.T.);
#104=ORIENTED_EDGE('',*,*,#175,.F.);
#105=ORIENTED_EDGE('',*,*,#138,.T.);
#106=ORIENTED_EDGE('',*,*,#179,.T.);
#107=ORIENTED_EDGE('',*,*,#170,.T.);
#108=ORIENTED_EDGE('',*,*,#151,.F.);
#109=ORIENTED_EDGE('',*,*,#180,.T.);
#110=ORIENTED_EDGE('',*,*,#181,.F.);
#111=ORIENTED_EDGE('',*,*,#167,.F.);
#112=ORIENTED_EDGE('',*,*,#163,.T.);
#113=ORIENTED_EDGE('',*,*,#157,.T.);
#114=ORIENTED_EDGE('',*,*,#160,.T.);
#115=ORIENTED_EDGE('',*,*,#162,.T.);
#116=ORIENTED_EDGE('',*,*,#165,.T.);
#117=ORIENTED_EDGE('',*,*,#166,.T.);
#118=ORIENTED_EDGE('',*,*,#168,.T.);
#119=ORIENTED_EDGE('',*,*,#181,.T.);
#120=ORIENTED_EDGE('',*,*,#182,.T.);
#121=ORIENTED_EDGE('',*,*,#183,.T.);
#122=ORIENTED_EDGE('',*,*,#171,.T.);
#123=ORIENTED_EDGE('',*,*,#179,.F.);
#124=ORIENTED_EDGE('',*,*,#141,.T.);
#125=ORIENTED_EDGE('',*,*,#177,.T.);
#126=ORIENTED_EDGE('',*,*,#149,.F.);
#127=ORIENTED_EDGE('',*,*,#169,.T.);
#128=ORIENTED_EDGE('',*,*,#183,.F.);
#129=ORIENTED_EDGE('',*,*,#184,.F.);
#130=ORIENTED_EDGE('',*,*,#178,.F.);
#131=ORIENTED_EDGE('',*,*,#155,.F.);
#132=ORIENTED_EDGE('',*,*,#176,.F.);
#133=ORIENTED_EDGE('',*,*,#173,.F.);
#134=ORIENTED_EDGE('',*,*,#150,.F.);
#135=ORIENTED_EDGE('',*,*,#184,.T.);
#136=ORIENTED_EDGE('',*,*,#182,.F.);
#137=ORIENTED_EDGE('',*,*,#180,.F.);
#138=EDGE_CURVE('',#185,#186,#217,.T.);
#139=EDGE_CURVE('',#187,#185,#24,.T.);
#140=EDGE_CURVE('',#187,#188,#218,.F.);
#141=EDGE_CURVE('',#186,#188,#25,.T.);
#142=EDGE_CURVE('',#189,#190,#219,.F.);
#143=EDGE_CURVE('',#190,#191,#220,.F.);
#144=EDGE_CURVE('',#191,#192,#221,.F.);
#145=EDGE_CURVE('',#192,#189,#222,.F.);
#146=EDGE_CURVE('',#193,#194,#223,.T.);
#147=EDGE_CURVE('',#194,#193,#224,.T.);
#148=EDGE_CURVE('',#195,#196,#225,.F.);
#149=EDGE_CURVE('',#196,#197,#226,.F.);
#150=EDGE_CURVE('',#197,#198,#227,.F.);
#151=EDGE_CURVE('',#198,#195,#228,.F.);
#152=EDGE_CURVE('',#199,#200,#229,.T.);
#153=EDGE_CURVE('',#201,#199,#26,.T.);
#154=EDGE_CURVE('',#202,#201,#230,.T.);
#155=EDGE_CURVE('',#202,#200,#27,.T.);
#156=EDGE_CURVE('',#192,#203,#231,.T.);
#157=EDGE_CURVE('',#204,#203,#232,.F.);
#158=EDGE_CURVE('',#189,#204,#233,.F.);
#159=EDGE_CURVE('',#191,#205,#234,.T.);
#160=EDGE_CURVE('',#203,#205,#235,.F.);
#161=EDGE_CURVE('',#190,#206,#236,.T.);
#162=EDGE_CURVE('',#205,#206,#237,.F.);
#163=EDGE_CURVE('',#206,#204,#238,.F.);
#164=EDGE_CURVE('',#194,#207,#239,.T.);
#165=EDGE_CURVE('',#208,#207,#240,.F.);
#166=EDGE_CURVE('',#207,#208,#241,.F.);
#167=EDGE_CURVE('',#195,#209,#242,.T.);
#168=EDGE_CURVE('',#210,#209,#243,.F.);
#169=EDGE_CURVE('',#196,#210,#244,.F.);
#170=EDGE_CURVE('',#211,#199,#28,.T.);
#171=EDGE_CURVE('',#212,#211,#29,.T.);
#172=EDGE_CURVE('',#212,#201,#30,.T.);
#173=EDGE_CURVE('',#213,#214,#31,.F.);
#174=EDGE_CURVE('',#187,#214,#32,.T.);
#175=EDGE_CURVE('',#185,#213,#33,.F.);
#176=EDGE_CURVE('',#214,#202,#245,.T.);
#177=EDGE_CURVE('',#188,#212,#246,.F.);
#178=EDGE_CURVE('',#200,#213,#247,.T.);
#179=EDGE_CURVE('',#186,#211,#248,.T.);
#180=EDGE_CURVE('',#198,#215,#249,.T.);
#181=EDGE_CURVE('',#209,#215,#250,.F.);
#182=EDGE_CURVE('',#215,#216,#251,.F.);
#183=EDGE_CURVE('',#216,#210,#252,.F.);
#184=EDGE_CURVE('',#197,#216,#253,.F.);
#185=VERTEX_POINT('',#404);
#186=VERTEX_POINT('',#405);
#187=VERTEX_POINT('',#407);
#188=VERTEX_POINT('',#412);
#189=VERTEX_POINT('',#419);
#190=VERTEX_POINT('',#420);
#191=VERTEX_POINT('',#440);
#192=VERTEX_POINT('',#445);
#193=VERTEX_POINT('',#753);
#194=VERTEX_POINT('',#754);
#195=VERTEX_POINT('',#1637);
#196=VERTEX_POINT('',#1638);
#197=VERTEX_POINT('',#1643);
#198=VERTEX_POINT('',#1655);
#199=VERTEX_POINT('',#2954);
#200=VERTEX_POINT('',#2955);
#201=VERTEX_POINT('',#2957);
#202=VERTEX_POINT('',#4252);
#203=VERTEX_POINT('',#4259);
#204=VERTEX_POINT('',#4279);
#205=VERTEX_POINT('',#4289);
#206=VERTEX_POINT('',#4299);
#207=VERTEX_POINT('',#4329);
#208=VERTEX_POINT('',#5404);
#209=VERTEX_POINT('',#6050);
#210=VERTEX_POINT('',#6062);
#211=VERTEX_POINT('',#6069);
#212=VERTEX_POINT('',#6071);
#213=VERTEX_POINT('',#6075);
#214=VERTEX_POINT('',#6076);
#215=VERTEX_POINT('',#8697);
#216=VERTEX_POINT('',#8714);
#217=B_SPLINE_CURVE_WITH_KNOTS('',3,(#400,#401,#402,#403),.UNSPECIFIED.,
 .F.,.F.,(4,4),(0.,1.),.UNSPECIFIED.);
#218=B_SPLINE_CURVE_WITH_KNOTS('',3,(#408,#409,#410,#411),.UNSPECIFIED.,
 .F.,.F.,(4,4),(0.,1.),.UNSPECIFIED.);
#219=B_SPLINE_CURVE_WITH_KNOTS('',3,(#415,#416,#417,#418),.UNSPECIFIED.,
 .F.,.F.,(4,4),(-55.8625558743534,0.),.UNSPECIFIED.);
#220=B_SPLINE_CURVE_WITH_KNOTS('',3,(#421,#422,#423,#424,#425,#426,#427,
#428,#429,#430,#431,#432,#433,#434,#435,#436,#437,#438,#439),
 .UNSPECIFIED.,.F.,.F.,(4,1,1,1,1,1,1,1,1,1,1,1,1,1,1,1,4),(0.,7.61888067880732,
15.2377613576146,22.856642036422,30.4755227152293,38.0944033940366,45.7132840728439,
53.3321647516512,60.9510454304586,68.5699261092659,76.1888067880732,83.8076874668805,
91.4265681456878,99.0454488244952,106.664329503302,114.28321018211,121.902090860917),
 .UNSPECIFIED.);
#221=B_SPLINE_CURVE_WITH_KNOTS('',3,(#441,#442,#443,#444),.UNSPECIFIED.,
 .F.,.F.,(4,4),(-55.8625558743533,0.),.UNSPECIFIED.);
#222=B_SPLINE_CURVE_WITH_KNOTS('',3,(#446,#447,#448,#449,#450,#451,#452,
#453,#454,#455,#456,#457,#458,#459,#460,#461,#462,#463,#464),
 .UNSPECIFIED.,.F.,.F.,(4,1,1,1,1,1,1,1,1,1,1,1,1,1,1,1,4),(0.,7.61888067880731,
15.2377613576146,22.8566420364219,30.4755227152292,38.0944033940366,45.7132840728439,
53.3321647516512,60.9510454304585,68.5699261092658,76.1888067880731,83.8076874668804,
91.4265681456878,99.0454488244951,106.664329503302,114.28321018211,121.902090860917),
 .UNSPECIFIED.);
#223=B_SPLINE_CURVE_WITH_KNOTS('',3,(#465,#466,#467,#468,#469,#470,#471,
#472,#473,#474,#475,#476,#477,#478,#479,#480,#481,#482,#483,#484,#485,#486,
#487,#488,#489,#490,#491,#492,#493,#494,#495,#496,#497,#498,#499,#500,#501,
#502,#503,#504,#505,#506,#507,#508,#509,#510,#511,#512,#513,#514,#515,#516,
#517,#518,#519,#520,#521,#522,#523,#524,#525,#526,#527,#528,#529,#530,#531,
#532,#533,#534,#535,#536,#537,#538,#539,#540,#541,#542,#543,#544,#545,#546,
#547,#548,#549,#550,#551,#552,#553,#554,#555,#556,#557,#558,#559,#560,#561,
#562,#563,#564,#565,#566,#567,#568,#569,#570,#571,#572,#573,#574,#575,#576,
#577,#578,#579,#580,#581,#582,#583,#584,#585,#586,#587,#588,#589,#590,#591,
#592,#593,#594,#595,#596,#597,#598,#599,#600,#601,#602,#603,#604,#605,#606,
#607,#608,#609,#610,#611,#612,#613,#614,#615,#616,#617,#618,#619,#620,#621,
#622,#623,#624,#625,#626,#627,#628,#629,#630,#631,#632,#633,#634,#635,#636,
#637,#638,#639,#640,#641,#642,#643,#644,#645,#646,#647,#648,#649,#650,#651,
#652,#653,#654,#655,#656,#657,#658,#659,#660,#661,#662,#663,#664,#665,#666,
#667,#668,#669,#670,#671,#672,#673,#674,#675,#676,#677,#678,#679,#680,#681,
#682,#683,#684,#685,#686,#687,#688,#689,#690,#691,#692,#693,#694,#695,#696,
#697,#698,#699,#700,#701,#702,#703,#704,#705,#706,#707,#708,#709,#710,#711,
#712,#713,#714,#715,#716,#717,#718,#719,#720,#721,#722,#723,#724,#725,#726,
#727,#728,#729,#730,#731,#732,#733,#734,#735,#736,#737,#738,#739,#740,#741,
#742,#743,#744,#745,#746,#747,#748,#749,#750,#751,#752),.UNSPECIFIED.,.F.,
 .F.,(4,1,1,1,1,1,1,1,1,1,1,1,1,1,1,1,1,1,1,1,1,1,1,1,1,1,1,1,1,1,1,1,1,
1,1,1,1,1,1,1,1,1,1,1,1,1,1,1,1,1,1,1,1,1,1,1,1,1,1,1,1,1,1,1,1,1,1,1,1,
1,1,1,1,1,1,1,1,1,1,1,1,1,1,1,1,1,1,1,1,1,1,1,1,1,1,1,1,1,1,1,1,1,1,1,1,
1,1,1,1,1,1,1,1,1,1,1,1,1,1,1,1,1,1,1,1,1,1,1,1,1,1,1,1,1,1,1,1,1,1,1,1,
1,1,1,1,1,1,1,1,1,1,1,1,1,1,1,1,1,1,1,1,1,1,1,1,1,1,1,1,1,1,1,1,1,1,1,1,
1,1,1,1,1,1,1,1,1,1,1,1,1,1,1,1,1,1,1,1,1,1,1,1,1,1,1,1,1,1,1,1,1,1,1,1,
1,1,1,1,1,1,1,1,1,1,1,1,1,1,1,1,1,1,1,1,1,1,1,1,1,1,1,1,1,1,1,1,1,1,1,1,
1,1,1,1,1,1,1,1,1,1,1,1,1,1,1,1,1,1,1,1,1,1,1,1,1,1,1,1,1,1,1,1,1,1,1,1,
4),(0.,0.015625,0.0234375,0.03125,0.0390625,0.04296875,0.046875,0.05078125,
0.0546875,0.056640625,0.05859375,0.0595703125,0.060546875,0.0615234375,
0.06201171875,0.062255859375,0.0625,0.062744140625,0.06298828125,0.0634765625,
0.064453125,0.0654296875,0.06640625,0.068359375,0.0703125,0.07421875,0.078125,
0.08203125,0.0859375,0.09375,0.1015625,0.109375,0.11328125,0.1171875,0.119140625,
0.12109375,0.123046875,0.1240234375,0.12451171875,0.125,0.12548828125,0.1259765625,
0.126953125,0.12890625,0.130859375,0.1328125,0.13671875,0.140625,0.1484375,
0.15625,0.171875,0.1796875,0.18359375,0.1875,0.19140625,0.1953125,0.203125,
0.2109375,0.21875,0.2265625,0.234375,0.23828125,0.2421875,0.24609375,0.248046875,
0.25,0.251953125,0.25390625,0.2578125,0.26171875,0.265625,0.28125,0.2890625,
0.296875,0.30078125,0.3046875,0.306640625,0.30859375,0.310546875,0.3115234375,
0.31201171875,0.3125,0.31298828125,0.3134765625,0.314453125,0.31640625,
0.318359375,0.3203125,0.32421875,0.328125,0.3359375,0.34375,0.3515625,0.35546875,
0.359375,0.36328125,0.3671875,0.369140625,0.37109375,0.3720703125,0.373046875,
0.3740234375,0.37451171875,0.375,0.37548828125,0.3759765625,0.376953125,
0.3779296875,0.37890625,0.380859375,0.3828125,0.38671875,0.390625,0.39453125,
0.3984375,0.40625,0.4140625,0.41796875,0.421875,0.42578125,0.4296875,0.431640625,
0.43359375,0.4345703125,0.435546875,0.4365234375,0.43701171875,0.437255859375,
0.4375,0.437744140625,0.43798828125,0.4384765625,0.439453125,0.4404296875,
0.44140625,0.443359375,0.4453125,0.44921875,0.453125,0.45703125,0.4609375,
0.46875,0.4765625,0.484375,0.4921875,0.49609375,0.5,0.50390625,0.5078125,
0.515625,0.5234375,0.53125,0.5390625,0.54296875,0.546875,0.55078125,0.5546875,
0.556640625,0.55859375,0.5595703125,0.560546875,0.5615234375,0.56201171875,
0.562255859375,0.5625,0.562744140625,0.56298828125,0.5634765625,0.564453125,
0.5654296875,0.56640625,0.568359375,0.5703125,0.57421875,0.578125,0.58203125,
0.5859375,0.59375,0.6015625,0.609375,0.61328125,0.6171875,0.619140625,0.62109375,
0.623046875,0.6240234375,0.62451171875,0.625,0.62548828125,0.6259765625,
0.626953125,0.62890625,0.630859375,0.6328125,0.63671875,0.640625,0.6484375,
0.65625,0.6640625,0.671875,0.67578125,0.6796875,0.68359375,0.685546875,
0.6865234375,0.6875,0.6884765625,0.689453125,0.69140625,0.6953125,0.69921875,
0.703125,0.7109375,0.71875,0.734375,0.7421875,0.74609375,0.748046875,0.75,
0.751953125,0.75390625,0.7578125,0.765625,0.7734375,0.78125,0.7890625,0.796875,
0.80078125,0.8046875,0.80859375,0.810546875,0.8125,0.814453125,0.81640625,
0.8203125,0.828125,0.84375,0.8515625,0.859375,0.86328125,0.8671875,0.869140625,
0.87109375,0.873046875,0.8740234375,0.87451171875,0.875,0.87548828125,0.8759765625,
0.876953125,0.87890625,0.880859375,0.8828125,0.88671875,0.890625,0.8984375,
0.90625,0.9140625,0.91796875,0.921875,0.92578125,0.9296875,0.931640625,
0.93359375,0.9345703125,0.935546875,0.9365234375,0.93701171875,0.937255859375,
0.9375,0.937744140625,0.93798828125,0.9384765625,0.939453125,0.9404296875,
0.94140625,0.943359375,0.9453125,0.94921875,0.953125,0.95703125,0.9609375,
0.96875,0.9765625,0.984375,1.),.UNSPECIFIED.);
#224=B_SPLINE_CURVE_WITH_KNOTS('',3,(#755,#756,#757,#758,#759,#760,#761,
#762,#763,#764,#765,#766,#767,#768,#769,#770,#771,#772,#773,#774,#775,#776,
#777,#778,#779,#780,#781,#782,#783,#784,#785,#786,#787,#788,#789,#790,#791,
#792,#793,#794,#795,#796,#797,#798,#799,#800,#801,#802,#803,#804,#805,#806,
#807,#808,#809,#810,#811,#812,#813,#814,#815,#816,#817,#818,#819,#820,#821,
#822,#823,#824,#825,#826,#827,#828,#829,#830,#831,#832,#833,#834,#835,#836,
#837,#838,#839,#840,#841,#842,#843,#844,#845,#846,#847,#848,#849,#850,#851,
#852,#853,#854,#855,#856,#857,#858,#859,#860,#861,#862,#863,#864,#865,#866,
#867,#868,#869,#870,#871,#872,#873,#874,#875,#876,#877,#878,#879,#880,#881,
#882,#883,#884,#885,#886,#887,#888,#889,#890,#891,#892,#893,#894,#895,#896,
#897,#898,#899,#900,#901,#902,#903,#904,#905,#906,#907,#908,#909,#910,#911,
#912,#913,#914,#915,#916,#917,#918,#919,#920,#921,#922,#923,#924,#925,#926,
#927,#928,#929,#930,#931,#932,#933,#934,#935,#936,#937,#938,#939,#940,#941,
#942,#943,#944,#945,#946,#947,#948,#949,#950,#951,#952,#953,#954,#955,#956,
#957,#958,#959,#960,#961,#962,#963,#964,#965,#966,#967,#968,#969,#970,#971,
#972,#973,#974,#975,#976,#977,#978,#979,#980,#981,#982,#983,#984,#985,#986,
#987,#988,#989,#990,#991,#992,#993,#994,#995,#996,#997,#998,#999,#1000,
#1001,#1002,#1003,#1004,#1005,#1006,#1007,#1008,#1009,#1010,#1011,#1012,
#1013,#1014,#1015,#1016,#1017,#1018,#1019,#1020,#1021,#1022,#1023,#1024,
#1025,#1026,#1027,#1028,#1029,#1030,#1031,#1032,#1033,#1034,#1035,#1036,
#1037,#1038,#1039,#1040,#1041,#1042,#1043,#1044,#1045,#1046,#1047,#1048,
#1049,#1050,#1051,#1052,#1053,#1054,#1055,#1056,#1057,#1058,#1059,#1060,
#1061,#1062,#1063,#1064,#1065,#1066,#1067,#1068,#1069,#1070,#1071,#1072,
#1073,#1074,#1075,#1076,#1077,#1078,#1079,#1080,#1081,#1082,#1083,#1084,
#1085,#1086,#1087,#1088,#1089,#1090,#1091,#1092,#1093,#1094,#1095,#1096,
#1097,#1098,#1099,#1100,#1101,#1102,#1103,#1104,#1105,#1106,#1107,#1108,
#1109,#1110,#1111,#1112,#1113,#1114,#1115,#1116,#1117,#1118,#1119,#1120,
#1121,#1122,#1123,#1124,#1125,#1126,#1127,#1128,#1129,#1130,#1131,#1132,
#1133,#1134,#1135,#1136,#1137,#1138,#1139,#1140,#1141,#1142,#1143,#1144,
#1145,#1146,#1147,#1148,#1149,#1150,#1151,#1152,#1153,#1154,#1155,#1156,
#1157,#1158,#1159,#1160,#1161,#1162,#1163,#1164,#1165,#1166,#1167,#1168,
#1169,#1170,#1171,#1172,#1173,#1174,#1175,#1176,#1177,#1178,#1179,#1180,
#1181,#1182,#1183,#1184,#1185,#1186,#1187,#1188,#1189,#1190,#1191,#1192,
#1193,#1194,#1195,#1196,#1197,#1198,#1199,#1200,#1201,#1202,#1203,#1204,
#1205,#1206,#1207,#1208,#1209,#1210,#1211,#1212,#1213,#1214,#1215,#1216,
#1217,#1218,#1219,#1220,#1221,#1222,#1223,#1224,#1225,#1226,#1227,#1228,
#1229,#1230,#1231,#1232,#1233,#1234,#1235,#1236,#1237,#1238,#1239,#1240,
#1241,#1242,#1243,#1244,#1245,#1246,#1247,#1248,#1249,#1250,#1251,#1252,
#1253,#1254,#1255,#1256,#1257,#1258,#1259,#1260,#1261,#1262,#1263,#1264,
#1265,#1266,#1267,#1268,#1269,#1270,#1271,#1272,#1273,#1274,#1275,#1276,
#1277,#1278,#1279,#1280,#1281,#1282,#1283,#1284,#1285,#1286,#1287,#1288,
#1289,#1290,#1291,#1292,#1293,#1294,#1295,#1296,#1297,#1298,#1299,#1300,
#1301,#1302,#1303,#1304,#1305,#1306,#1307,#1308,#1309,#1310,#1311,#1312,
#1313,#1314,#1315,#1316,#1317,#1318,#1319,#1320,#1321,#1322,#1323,#1324,
#1325,#1326,#1327,#1328,#1329,#1330,#1331,#1332,#1333,#1334,#1335,#1336,
#1337,#1338,#1339,#1340,#1341,#1342,#1343,#1344,#1345,#1346,#1347,#1348,
#1349,#1350,#1351,#1352,#1353,#1354,#1355,#1356,#1357,#1358,#1359,#1360,
#1361,#1362,#1363,#1364,#1365,#1366,#1367,#1368,#1369,#1370,#1371,#1372,
#1373,#1374,#1375,#1376,#1377,#1378,#1379,#1380,#1381,#1382,#1383,#1384,
#1385,#1386,#1387,#1388,#1389,#1390,#1391,#1392,#1393,#1394,#1395,#1396,
#1397,#1398,#1399,#1400,#1401,#1402,#1403,#1404,#1405,#1406,#1407,#1408,
#1409,#1410,#1411,#1412,#1413,#1414,#1415,#1416,#1417,#1418,#1419,#1420,
#1421,#1422,#1423,#1424,#1425,#1426,#1427,#1428,#1429,#1430,#1431,#1432,
#1433,#1434,#1435,#1436,#1437,#1438,#1439,#1440,#1441,#1442,#1443,#1444,
#1445,#1446,#1447,#1448,#1449,#1450,#1451,#1452,#1453,#1454,#1455,#1456,
#1457,#1458,#1459,#1460,#1461,#1462,#1463,#1464,#1465,#1466,#1467,#1468,
#1469,#1470,#1471,#1472,#1473,#1474,#1475,#1476,#1477,#1478,#1479,#1480,
#1481,#1482,#1483,#1484,#1485,#1486,#1487,#1488,#1489,#1490,#1491,#1492,
#1493,#1494,#1495,#1496,#1497,#1498,#1499,#1500,#1501,#1502,#1503,#1504,
#1505,#1506,#1507,#1508,#1509,#1510,#1511,#1512,#1513,#1514,#1515,#1516,
#1517,#1518,#1519,#1520,#1521,#1522,#1523,#1524,#1525,#1526,#1527,#1528,
#1529,#1530,#1531,#1532,#1533,#1534,#1535,#1536,#1537,#1538,#1539,#1540,
#1541,#1542,#1543,#1544,#1545,#1546,#1547,#1548,#1549,#1550,#1551,#1552,
#1553,#1554,#1555,#1556,#1557,#1558,#1559,#1560,#1561,#1562,#1563,#1564,
#1565,#1566,#1567,#1568,#1569,#1570,#1571,#1572,#1573,#1574,#1575,#1576,
#1577,#1578,#1579,#1580,#1581,#1582,#1583,#1584,#1585,#1586,#1587,#1588,
#1589,#1590,#1591,#1592,#1593,#1594,#1595,#1596,#1597,#1598,#1599,#1600,
#1601,#1602,#1603,#1604,#1605,#1606,#1607,#1608,#1609,#1610,#1611,#1612,
#1613,#1614,#1615,#1616,#1617,#1618,#1619,#1620,#1621,#1622,#1623,#1624,
#1625),.UNSPECIFIED.,.F.,.F.,(4,1,1,1,1,1,1,1,1,1,1,1,1,1,1,1,1,1,1,1,1,
1,1,1,1,1,1,1,1,1,1,1,1,1,1,1,1,1,1,1,1,1,1,1,1,1,1,1,1,1,1,1,1,1,1,1,1,
1,1,1,1,1,1,1,1,1,1,1,1,1,1,1,1,1,1,1,1,1,1,1,1,1,1,1,1,1,1,1,1,1,1,1,1,
1,1,1,1,1,1,1,1,1,1,1,1,1,1,1,1,1,1,1,1,1,1,1,1,1,1,1,1,1,1,1,1,1,1,1,1,
1,1,1,1,1,1,1,1,1,1,1,1,1,1,1,1,1,1,1,1,1,1,1,1,1,1,1,1,1,1,1,1,1,1,1,1,
1,1,1,1,1,1,1,1,1,1,1,1,1,1,1,1,1,1,1,1,1,1,1,1,1,1,1,1,1,1,1,1,1,1,1,1,
1,1,1,1,1,1,1,1,1,1,1,1,1,1,1,1,1,1,1,1,1,1,1,1,1,1,1,1,1,1,1,1,1,1,1,1,
1,1,1,1,1,1,1,1,1,1,1,1,1,1,1,1,1,1,1,1,1,1,1,1,1,1,1,1,1,1,1,1,1,1,1,1,
1,1,1,1,1,1,1,1,1,1,1,1,1,1,1,1,1,1,1,1,1,1,1,1,1,1,1,1,1,1,1,1,1,1,1,1,
1,1,1,1,1,1,1,1,1,1,1,1,1,1,1,1,1,1,1,1,1,1,1,1,1,1,1,1,1,1,1,1,1,1,1,1,
1,1,1,1,1,1,1,1,1,1,1,1,1,1,1,1,1,1,1,1,1,1,1,1,1,1,1,1,1,1,1,1,1,1,1,1,
1,1,1,1,1,1,1,1,1,1,1,1,1,1,1,1,1,1,1,1,1,1,1,1,1,1,1,1,1,1,1,1,1,1,1,1,
1,1,1,1,1,1,1,1,1,1,1,1,1,1,1,1,1,1,1,1,1,1,1,1,1,1,1,1,1,1,1,1,1,1,1,1,
1,1,1,1,1,1,1,1,1,1,1,1,1,1,1,1,1,1,1,1,1,1,1,1,1,1,1,1,1,1,1,1,1,1,1,1,
1,1,1,1,1,1,1,1,1,1,1,1,1,1,1,1,1,1,1,1,1,1,1,1,1,1,1,1,1,1,1,1,1,1,1,1,
1,1,1,1,1,1,1,1,1,1,1,1,1,1,1,1,1,1,1,1,1,1,1,1,1,1,1,1,1,1,1,1,1,1,1,1,
1,1,1,1,1,1,1,1,1,1,1,1,1,1,1,1,1,1,1,1,1,1,1,1,1,1,1,1,1,1,1,1,1,1,1,1,
1,1,1,1,1,1,1,1,1,1,1,1,1,1,1,1,1,1,1,1,1,1,1,1,1,1,1,1,1,1,1,1,1,1,1,1,
1,1,1,1,1,1,1,1,1,1,1,1,1,1,1,1,1,1,1,1,1,1,1,1,1,1,1,1,1,1,1,1,1,1,1,1,
1,1,1,1,1,1,1,1,1,1,1,1,1,1,1,1,1,1,1,1,1,1,1,1,1,1,1,1,1,1,1,1,1,1,1,1,
1,1,1,1,1,1,1,1,1,1,1,1,1,1,1,1,1,1,1,1,1,1,1,1,1,1,1,1,1,1,1,1,1,1,1,1,
1,1,1,1,1,1,1,1,1,1,1,1,1,1,1,1,1,1,1,1,1,1,1,1,1,1,1,1,1,1,1,1,1,1,1,1,
1,1,1,1,1,1,1,1,1,1,1,1,1,1,1,1,1,1,1,1,1,1,1,1,1,1,1,1,1,1,1,1,1,1,1,1,
1,1,1,1,1,1,1,1,1,1,1,1,1,1,1,1,1,1,1,1,1,1,1,1,1,1,1,1,1,1,1,1,1,1,1,1,
1,1,1,1,1,1,1,1,1,1,1,1,1,1,1,1,1,1,1,4),(0.,0.0078125,0.01171875,0.015625,
0.01953125,0.021484375,0.0234375,0.025390625,0.02734375,0.0283203125,0.029296875,
0.02978515625,0.0302734375,0.03076171875,0.031005859375,0.03125,0.031494140625,
0.03173828125,0.0322265625,0.03271484375,0.033203125,0.0341796875,0.03515625,
0.037109375,0.0390625,0.041015625,0.04296875,0.0439453125,0.044921875,0.0458984375,
0.04638671875,0.046630859375,0.046875,0.047119140625,0.04736328125,0.0478515625,
0.048828125,0.0498046875,0.05078125,0.052734375,0.0546875,0.05859375,0.060546875,
0.0615234375,0.0625,0.0634765625,0.064453125,0.06640625,0.068359375,0.0703125,
0.07421875,0.076171875,0.078125,0.080078125,0.08203125,0.0859375,0.087890625,
0.08984375,0.091796875,0.0927734375,0.09326171875,0.09375,0.09423828125,
0.0947265625,0.095703125,0.09765625,0.1015625,0.103515625,0.10546875,0.1064453125,
0.107421875,0.1083984375,0.10888671875,0.109130859375,0.109375,0.109619140625,
0.10986328125,0.1103515625,0.111328125,0.1123046875,0.11328125,0.115234375,
0.1171875,0.119140625,0.12109375,0.1220703125,0.123046875,0.1240234375,
0.12451171875,0.124755859375,0.125,0.125244140625,0.12548828125,0.1259765625,
0.126953125,0.1279296875,0.12890625,0.130859375,0.1328125,0.134765625,0.13671875,
0.1376953125,0.138671875,0.13916015625,0.1396484375,0.14013671875,0.140380859375,
0.140625,0.140869140625,0.14111328125,0.1416015625,0.14208984375,0.142578125,
0.1435546875,0.14453125,0.146484375,0.1484375,0.150390625,0.15234375,0.1533203125,
0.154296875,0.15478515625,0.1552734375,0.15576171875,0.156005859375,0.15625,
0.156494140625,0.15673828125,0.1572265625,0.15771484375,0.158203125,0.1591796875,
0.16015625,0.162109375,0.1640625,0.166015625,0.16796875,0.1689453125,0.169921875,
0.17041015625,0.1708984375,0.17138671875,0.171630859375,0.171875,0.172119140625,
0.17236328125,0.1728515625,0.17333984375,0.173828125,0.1748046875,0.17578125,
0.177734375,0.1796875,0.181640625,0.18359375,0.1845703125,0.185546875,0.18603515625,
0.1865234375,0.18701171875,0.187255859375,0.1875,0.187744140625,0.18798828125,
0.1884765625,0.18896484375,0.189453125,0.1904296875,0.19140625,0.193359375,
0.1953125,0.197265625,0.19921875,0.2001953125,0.201171875,0.20166015625,
0.2021484375,0.20263671875,0.202880859375,0.203125,0.203369140625,0.20361328125,
0.2041015625,0.20458984375,0.205078125,0.2060546875,0.20703125,0.208984375,
0.2109375,0.212890625,0.21484375,0.2158203125,0.216796875,0.2177734375,
0.21826171875,0.218505859375,0.21875,0.218994140625,0.21923828125,0.2197265625,
0.220703125,0.2216796875,0.22265625,0.224609375,0.2265625,0.228515625,0.23046875,
0.2314453125,0.232421875,0.2333984375,0.23388671875,0.234130859375,0.234375,
0.234619140625,0.23486328125,0.2353515625,0.236328125,0.2373046875,0.23828125,
0.240234375,0.2421875,0.24609375,0.248046875,0.2490234375,0.24951171875,
0.25,0.25048828125,0.2509765625,0.251953125,0.25390625,0.255859375,0.2578125,
0.26171875,0.265625,0.26953125,0.2734375,0.275390625,0.27734375,0.2783203125,
0.279296875,0.2802734375,0.28076171875,0.281005859375,0.28125,0.281494140625,
0.28173828125,0.2822265625,0.283203125,0.2841796875,0.28515625,0.287109375,
0.2890625,0.29296875,0.296875,0.30078125,0.302734375,0.3046875,0.306640625,
0.30859375,0.3095703125,0.310546875,0.31103515625,0.3115234375,0.31201171875,
0.312255859375,0.3125,0.312744140625,0.31298828125,0.3134765625,0.31396484375,
0.314453125,0.3154296875,0.31640625,0.318359375,0.3203125,0.322265625,0.32421875,
0.3251953125,0.326171875,0.3271484375,0.32763671875,0.327880859375,0.328125,
0.328369140625,0.32861328125,0.3291015625,0.330078125,0.3310546875,0.33203125,
0.333984375,0.3359375,0.337890625,0.3388671875,0.33984375,0.3408203125,
0.341796875,0.34228515625,0.3427734375,0.343017578125,0.34326171875,0.343505859375,
0.34375,0.343994140625,0.34423828125,0.344482421875,0.3447265625,0.34521484375,
0.345703125,0.3466796875,0.34765625,0.3486328125,0.349609375,0.3515625,
0.353515625,0.35546875,0.359375,0.36328125,0.365234375,0.3671875,0.369140625,
0.37109375,0.3720703125,0.373046875,0.37353515625,0.3740234375,0.37451171875,
0.374755859375,0.375,0.375244140625,0.37548828125,0.3759765625,0.37646484375,
0.376953125,0.3779296875,0.37890625,0.380859375,0.3828125,0.38671875,0.388671875,
0.3896484375,0.390625,0.3916015625,0.392578125,0.39453125,0.396484375,0.3984375,
0.40234375,0.404296875,0.4052734375,0.40625,0.4072265625,0.408203125,0.41015625,
0.4140625,0.416015625,0.41796875,0.419921875,0.4208984375,0.42138671875,
0.421875,0.42236328125,0.4228515625,0.423828125,0.42578125,0.4296875,0.431640625,
0.43359375,0.4345703125,0.435546875,0.4365234375,0.43701171875,0.437255859375,
0.4375,0.437744140625,0.43798828125,0.4384765625,0.439453125,0.4404296875,
0.44140625,0.443359375,0.4453125,0.447265625,0.44921875,0.4501953125,0.451171875,
0.45166015625,0.4521484375,0.45263671875,0.452880859375,0.453125,0.453369140625,
0.45361328125,0.4541015625,0.45458984375,0.455078125,0.4560546875,0.45703125,
0.458984375,0.4609375,0.462890625,0.46484375,0.4658203125,0.466796875,0.46728515625,
0.4677734375,0.46826171875,0.468505859375,0.46875,0.468994140625,0.46923828125,
0.4697265625,0.47021484375,0.470703125,0.4716796875,0.47265625,0.474609375,
0.4765625,0.478515625,0.48046875,0.4814453125,0.482421875,0.48291015625,
0.4833984375,0.48388671875,0.484130859375,0.484375,0.484619140625,0.48486328125,
0.4853515625,0.48583984375,0.486328125,0.4873046875,0.48828125,0.490234375,
0.4921875,0.494140625,0.49609375,0.498046875,0.5,0.501953125,0.50390625,
0.505859375,0.5078125,0.509765625,0.51171875,0.5126953125,0.513671875,0.51416015625,
0.5146484375,0.51513671875,0.515380859375,0.515625,0.515869140625,0.51611328125,
0.5166015625,0.51708984375,0.517578125,0.5185546875,0.51953125,0.521484375,
0.5234375,0.525390625,0.52734375,0.5283203125,0.529296875,0.52978515625,
0.5302734375,0.53076171875,0.531005859375,0.53125,0.531494140625,0.53173828125,
0.5322265625,0.53271484375,0.533203125,0.5341796875,0.53515625,0.537109375,
0.5390625,0.541015625,0.54296875,0.5439453125,0.544921875,0.5458984375,
0.54638671875,0.546630859375,0.546875,0.547119140625,0.54736328125,0.5478515625,
0.548828125,0.5498046875,0.55078125,0.552734375,0.5546875,0.556640625,0.55859375,
0.5595703125,0.560546875,0.5615234375,0.56201171875,0.5625,0.56298828125,
0.5634765625,0.564453125,0.5654296875,0.56640625,0.568359375,0.5703125,
0.57421875,0.576171875,0.5771484375,0.578125,0.5791015625,0.580078125,0.58203125,
0.583984375,0.5859375,0.58984375,0.591796875,0.59375,0.59765625,0.6015625,
0.603515625,0.60546875,0.607421875,0.6083984375,0.60888671875,0.609375,
0.60986328125,0.6103515625,0.611328125,0.61328125,0.6171875,0.619140625,
0.62109375,0.6220703125,0.623046875,0.6240234375,0.62451171875,0.624755859375,
0.625,0.625244140625,0.62548828125,0.6259765625,0.626953125,0.6279296875,
0.62890625,0.630859375,0.6328125,0.634765625,0.63671875,0.6376953125,0.638671875,
0.63916015625,0.6396484375,0.64013671875,0.640380859375,0.640625,0.640869140625,
0.64111328125,0.6416015625,0.64208984375,0.642578125,0.6435546875,0.64453125,
0.646484375,0.6484375,0.650390625,0.65234375,0.6533203125,0.654296875,0.6552734375,
0.65576171875,0.656005859375,0.65625,0.656494140625,0.65673828125,0.6572265625,
0.658203125,0.6591796875,0.66015625,0.662109375,0.6640625,0.66796875,0.671875,
0.67578125,0.677734375,0.6796875,0.681640625,0.68359375,0.6845703125,0.685546875,
0.68603515625,0.6865234375,0.68701171875,0.687255859375,0.6875,0.687744140625,
0.68798828125,0.6884765625,0.68896484375,0.689453125,0.6904296875,0.69140625,
0.693359375,0.6953125,0.697265625,0.69921875,0.7001953125,0.701171875,0.7021484375,
0.70263671875,0.702880859375,0.703125,0.703369140625,0.70361328125,0.7041015625,
0.705078125,0.7060546875,0.70703125,0.708984375,0.7109375,0.712890625,0.71484375,
0.716796875,0.7177734375,0.71826171875,0.71875,0.71923828125,0.7197265625,
0.720703125,0.7216796875,0.72265625,0.724609375,0.7265625,0.73046875,0.732421875,
0.7333984375,0.734375,0.7353515625,0.736328125,0.73828125,0.7421875,0.74609375,
0.748046875,0.7490234375,0.75,0.7509765625,0.751953125,0.75390625,0.7578125,
0.759765625,0.76171875,0.763671875,0.7646484375,0.76513671875,0.765625,
0.76611328125,0.7666015625,0.767578125,0.76953125,0.7734375,0.775390625,
0.77734375,0.7783203125,0.779296875,0.7802734375,0.78076171875,0.781005859375,
0.78125,0.781494140625,0.78173828125,0.7822265625,0.783203125,0.7841796875,
0.78515625,0.787109375,0.7890625,0.791015625,0.79296875,0.7939453125,0.794921875,
0.79541015625,0.7958984375,0.79638671875,0.796630859375,0.796875,0.797119140625,
0.79736328125,0.7978515625,0.79833984375,0.798828125,0.7998046875,0.80078125,
0.802734375,0.8046875,0.806640625,0.80859375,0.8095703125,0.810546875,0.81103515625,
0.8115234375,0.81201171875,0.812255859375,0.8125,0.812744140625,0.81298828125,
0.8134765625,0.81396484375,0.814453125,0.8154296875,0.81640625,0.818359375,
0.8203125,0.822265625,0.82421875,0.8251953125,0.826171875,0.8271484375,
0.82763671875,0.827880859375,0.828125,0.828369140625,0.82861328125,0.8291015625,
0.830078125,0.8310546875,0.83203125,0.833984375,0.8359375,0.837890625,0.83984375,
0.8408203125,0.841796875,0.84228515625,0.8427734375,0.84326171875,0.843505859375,
0.84375,0.843994140625,0.84423828125,0.8447265625,0.84521484375,0.845703125,
0.8466796875,0.84765625,0.849609375,0.8515625,0.853515625,0.85546875,0.8564453125,
0.857421875,0.85791015625,0.8583984375,0.85888671875,0.859130859375,0.859375,
0.859619140625,0.85986328125,0.8603515625,0.86083984375,0.861328125,0.8623046875,
0.86328125,0.865234375,0.8671875,0.869140625,0.87109375,0.8720703125,0.873046875,
0.87353515625,0.8740234375,0.87451171875,0.874755859375,0.875,0.875244140625,
0.87548828125,0.8759765625,0.87646484375,0.876953125,0.8779296875,0.87890625,
0.880859375,0.8828125,0.884765625,0.88671875,0.8876953125,0.888671875,0.8896484375,
0.89013671875,0.890380859375,0.890625,0.890869140625,0.89111328125,0.8916015625,
0.892578125,0.8935546875,0.89453125,0.896484375,0.8984375,0.900390625,0.90234375,
0.904296875,0.9052734375,0.90576171875,0.90625,0.90673828125,0.9072265625,
0.908203125,0.91015625,0.912109375,0.9140625,0.91796875,0.919921875,0.9208984375,
0.921875,0.9228515625,0.923828125,0.92578125,0.927734375,0.9296875,0.93359375,
0.935546875,0.9365234375,0.9375,0.9384765625,0.939453125,0.94140625,0.9453125,
0.947265625,0.94921875,0.9501953125,0.951171875,0.9521484375,0.95263671875,
0.952880859375,0.953125,0.953369140625,0.95361328125,0.9541015625,0.955078125,
0.9560546875,0.95703125,0.9609375,0.962890625,0.96484375,0.9658203125,0.966796875,
0.96728515625,0.9677734375,0.96826171875,0.968505859375,0.96875,0.968994140625,
0.96923828125,0.9697265625,0.97021484375,0.970703125,0.9716796875,0.97265625,
0.974609375,0.9765625,0.978515625,0.98046875,0.984375,0.98828125,0.9921875,
1.),.UNSPECIFIED.);
#225=B_SPLINE_CURVE_WITH_KNOTS('',3,(#1626,#1627,#1628,#1629,#1630,#1631,
#1632,#1633,#1634,#1635,#1636),.UNSPECIFIED.,.F.,.F.,(4,1,1,1,1,1,1,1,4),
(0.,10.979975674428,21.959951348856,32.939927023284,43.919902697712,54.8998783721401,
65.8798540465681,76.8598297209961,87.8398053954241),.UNSPECIFIED.);
#226=B_SPLINE_CURVE_WITH_KNOTS('',3,(#1639,#1640,#1641,#1642),
 .UNSPECIFIED.,.F.,.F.,(4,4),(-71.2247587397999,0.),.UNSPECIFIED.);
#227=B_SPLINE_CURVE_WITH_KNOTS('',3,(#1644,#1645,#1646,#1647,#1648,#1649,
#1650,#1651,#1652,#1653,#1654),.UNSPECIFIED.,.F.,.F.,(4,1,1,1,1,1,1,1,4),
(0.,10.979975674428,21.959951348856,32.9399270232839,43.9199026977119,54.8998783721399,
65.8798540465679,76.8598297209959,87.8398053954238),.UNSPECIFIED.);
#228=B_SPLINE_CURVE_WITH_KNOTS('',3,(#1656,#1657,#1658,#1659),
 .UNSPECIFIED.,.F.,.F.,(4,4),(-71.2247587398006,0.),.UNSPECIFIED.);
#229=B_SPLINE_CURVE_WITH_KNOTS('',3,(#1660,#1661,#1662,#1663,#1664,#1665,
#1666,#1667,#1668,#1669,#1670,#1671,#1672,#1673,#1674,#1675,#1676,#1677,
#1678,#1679,#1680,#1681,#1682,#1683,#1684,#1685,#1686,#1687,#1688,#1689,
#1690,#1691,#1692,#1693,#1694,#1695,#1696,#1697,#1698,#1699,#1700,#1701,
#1702,#1703,#1704,#1705,#1706,#1707,#1708,#1709,#1710,#1711,#1712,#1713,
#1714,#1715,#1716,#1717,#1718,#1719,#1720,#1721,#1722,#1723,#1724,#1725,
#1726,#1727,#1728,#1729,#1730,#1731,#1732,#1733,#1734,#1735,#1736,#1737,
#1738,#1739,#1740,#1741,#1742,#1743,#1744,#1745,#1746,#1747,#1748,#1749,
#1750,#1751,#1752,#1753,#1754,#1755,#1756,#1757,#1758,#1759,#1760,#1761,
#1762,#1763,#1764,#1765,#1766,#1767,#1768,#1769,#1770,#1771,#1772,#1773,
#1774,#1775,#1776,#1777,#1778,#1779,#1780,#1781,#1782,#1783,#1784,#1785,
#1786,#1787,#1788,#1789,#1790,#1791,#1792,#1793,#1794,#1795,#1796,#1797,
#1798,#1799,#1800,#1801,#1802,#1803,#1804,#1805,#1806,#1807,#1808,#1809,
#1810,#1811,#1812,#1813,#1814,#1815,#1816,#1817,#1818,#1819,#1820,#1821,
#1822,#1823,#1824,#1825,#1826,#1827,#1828,#1829,#1830,#1831,#1832,#1833,
#1834,#1835,#1836,#1837,#1838,#1839,#1840,#1841,#1842,#1843,#1844,#1845,
#1846,#1847,#1848,#1849,#1850,#1851,#1852,#1853,#1854,#1855,#1856,#1857,
#1858,#1859,#1860,#1861,#1862,#1863,#1864,#1865,#1866,#1867,#1868,#1869,
#1870,#1871,#1872,#1873,#1874,#1875,#1876,#1877,#1878,#1879,#1880,#1881,
#1882,#1883,#1884,#1885,#1886,#1887,#1888,#1889,#1890,#1891,#1892,#1893,
#1894,#1895,#1896,#1897,#1898,#1899,#1900,#1901,#1902,#1903,#1904,#1905,
#1906,#1907,#1908,#1909,#1910,#1911,#1912,#1913,#1914,#1915,#1916,#1917,
#1918,#1919,#1920,#1921,#1922,#1923,#1924,#1925,#1926,#1927,#1928,#1929,
#1930,#1931,#1932,#1933,#1934,#1935,#1936,#1937,#1938,#1939,#1940,#1941,
#1942,#1943,#1944,#1945,#1946,#1947,#1948,#1949,#1950,#1951,#1952,#1953,
#1954,#1955,#1956,#1957,#1958,#1959,#1960,#1961,#1962,#1963,#1964,#1965,
#1966,#1967,#1968,#1969,#1970,#1971,#1972,#1973,#1974,#1975,#1976,#1977,
#1978,#1979,#1980,#1981,#1982,#1983,#1984,#1985,#1986,#1987,#1988,#1989,
#1990,#1991,#1992,#1993,#1994,#1995,#1996,#1997,#1998,#1999,#2000,#2001,
#2002,#2003,#2004,#2005,#2006,#2007,#2008,#2009,#2010,#2011,#2012,#2013,
#2014,#2015,#2016,#2017,#2018,#2019,#2020,#2021,#2022,#2023,#2024,#2025,
#2026,#2027,#2028,#2029,#2030,#2031,#2032,#2033,#2034,#2035,#2036,#2037,
#2038,#2039,#2040,#2041,#2042,#2043,#2044,#2045,#2046,#2047,#2048,#2049,
#2050,#2051,#2052,#2053,#2054,#2055,#2056,#2057,#2058,#2059,#2060,#2061,
#2062,#2063,#2064,#2065,#2066,#2067,#2068,#2069,#2070,#2071,#2072,#2073,
#2074,#2075,#2076,#2077,#2078,#2079,#2080,#2081,#2082,#2083,#2084,#2085,
#2086,#2087,#2088,#2089,#2090,#2091,#2092,#2093,#2094,#2095,#2096,#2097,
#2098,#2099,#2100,#2101,#2102,#2103,#2104,#2105,#2106,#2107,#2108,#2109,
#2110,#2111,#2112,#2113,#2114,#2115,#2116,#2117,#2118,#2119,#2120,#2121,
#2122,#2123,#2124,#2125,#2126,#2127,#2128,#2129,#2130,#2131,#2132,#2133,
#2134,#2135,#2136,#2137,#2138,#2139,#2140,#2141,#2142,#2143,#2144,#2145,
#2146,#2147,#2148,#2149,#2150,#2151,#2152,#2153,#2154,#2155,#2156,#2157,
#2158,#2159,#2160,#2161,#2162,#2163,#2164,#2165,#2166,#2167,#2168,#2169,
#2170,#2171,#2172,#2173,#2174,#2175,#2176,#2177,#2178,#2179,#2180,#2181,
#2182,#2183,#2184,#2185,#2186,#2187,#2188,#2189,#2190,#2191,#2192,#2193,
#2194,#2195,#2196,#2197,#2198,#2199,#2200,#2201,#2202,#2203,#2204,#2205,
#2206,#2207,#2208,#2209,#2210,#2211,#2212,#2213,#2214,#2215,#2216,#2217,
#2218,#2219,#2220,#2221,#2222,#2223,#2224,#2225,#2226,#2227,#2228,#2229,
#2230,#2231,#2232,#2233,#2234,#2235,#2236,#2237,#2238,#2239,#2240,#2241,
#2242,#2243,#2244,#2245,#2246,#2247,#2248,#2249,#2250,#2251,#2252,#2253,
#2254,#2255,#2256,#2257,#2258,#2259,#2260,#2261,#2262,#2263,#2264,#2265,
#2266,#2267,#2268,#2269,#2270,#2271,#2272,#2273,#2274,#2275,#2276,#2277,
#2278,#2279,#2280,#2281,#2282,#2283,#2284,#2285,#2286,#2287,#2288,#2289,
#2290,#2291,#2292,#2293,#2294,#2295,#2296,#2297,#2298,#2299,#2300,#2301,
#2302,#2303,#2304,#2305,#2306,#2307,#2308,#2309,#2310,#2311,#2312,#2313,
#2314,#2315,#2316,#2317,#2318,#2319,#2320,#2321,#2322,#2323,#2324,#2325,
#2326,#2327,#2328,#2329,#2330,#2331,#2332,#2333,#2334,#2335,#2336,#2337,
#2338,#2339,#2340,#2341,#2342,#2343,#2344,#2345,#2346,#2347,#2348,#2349,
#2350,#2351,#2352,#2353,#2354,#2355,#2356,#2357,#2358,#2359,#2360,#2361,
#2362,#2363,#2364,#2365,#2366,#2367,#2368,#2369,#2370,#2371,#2372,#2373,
#2374,#2375,#2376,#2377,#2378,#2379,#2380,#2381,#2382,#2383,#2384,#2385,
#2386,#2387,#2388,#2389,#2390,#2391,#2392,#2393,#2394,#2395,#2396,#2397,
#2398,#2399,#2400,#2401,#2402,#2403,#2404,#2405,#2406,#2407,#2408,#2409,
#2410,#2411,#2412,#2413,#2414,#2415,#2416,#2417,#2418,#2419,#2420,#2421,
#2422,#2423,#2424,#2425,#2426,#2427,#2428,#2429,#2430,#2431,#2432,#2433,
#2434,#2435,#2436,#2437,#2438,#2439,#2440,#2441,#2442,#2443,#2444,#2445,
#2446,#2447,#2448,#2449,#2450,#2451,#2452,#2453,#2454,#2455,#2456,#2457,
#2458,#2459,#2460,#2461,#2462,#2463,#2464,#2465,#2466,#2467,#2468,#2469,
#2470,#2471,#2472,#2473,#2474,#2475,#2476,#2477,#2478,#2479,#2480,#2481,
#2482,#2483,#2484,#2485,#2486,#2487,#2488,#2489,#2490,#2491,#2492,#2493,
#2494,#2495,#2496,#2497,#2498,#2499,#2500,#2501,#2502,#2503,#2504,#2505,
#2506,#2507,#2508,#2509,#2510,#2511,#2512,#2513,#2514,#2515,#2516,#2517,
#2518,#2519,#2520,#2521,#2522,#2523,#2524,#2525,#2526,#2527,#2528,#2529,
#2530,#2531,#2532,#2533,#2534,#2535,#2536,#2537,#2538,#2539,#2540,#2541,
#2542,#2543,#2544,#2545,#2546,#2547,#2548,#2549,#2550,#2551,#2552,#2553,
#2554,#2555,#2556,#2557,#2558,#2559,#2560,#2561,#2562,#2563,#2564,#2565,
#2566,#2567,#2568,#2569,#2570,#2571,#2572,#2573,#2574,#2575,#2576,#2577,
#2578,#2579,#2580,#2581,#2582,#2583,#2584,#2585,#2586,#2587,#2588,#2589,
#2590,#2591,#2592,#2593,#2594,#2595,#2596,#2597,#2598,#2599,#2600,#2601,
#2602,#2603,#2604,#2605,#2606,#2607,#2608,#2609,#2610,#2611,#2612,#2613,
#2614,#2615,#2616,#2617,#2618,#2619,#2620,#2621,#2622,#2623,#2624,#2625,
#2626,#2627,#2628,#2629,#2630,#2631,#2632,#2633,#2634,#2635,#2636,#2637,
#2638,#2639,#2640,#2641,#2642,#2643,#2644,#2645,#2646,#2647,#2648,#2649,
#2650,#2651,#2652,#2653,#2654,#2655,#2656,#2657,#2658,#2659,#2660,#2661,
#2662,#2663,#2664,#2665,#2666,#2667,#2668,#2669,#2670,#2671,#2672,#2673,
#2674,#2675,#2676,#2677,#2678,#2679,#2680,#2681,#2682,#2683,#2684,#2685,
#2686,#2687,#2688,#2689,#2690,#2691,#2692,#2693,#2694,#2695,#2696,#2697,
#2698,#2699,#2700,#2701,#2702,#2703,#2704,#2705,#2706,#2707,#2708,#2709,
#2710,#2711,#2712,#2713,#2714,#2715,#2716,#2717,#2718,#2719,#2720,#2721,
#2722,#2723,#2724,#2725,#2726,#2727,#2728,#2729,#2730,#2731,#2732,#2733,
#2734,#2735,#2736,#2737,#2738,#2739,#2740,#2741,#2742,#2743,#2744,#2745,
#2746,#2747,#2748,#2749,#2750,#2751,#2752,#2753,#2754,#2755,#2756,#2757,
#2758,#2759,#2760,#2761,#2762,#2763,#2764,#2765,#2766,#2767,#2768,#2769,
#2770,#2771,#2772,#2773,#2774,#2775,#2776,#2777,#2778,#2779,#2780,#2781,
#2782,#2783,#2784,#2785,#2786,#2787,#2788,#2789,#2790,#2791,#2792,#2793,
#2794,#2795,#2796,#2797,#2798,#2799,#2800,#2801,#2802,#2803,#2804,#2805,
#2806,#2807,#2808,#2809,#2810,#2811,#2812,#2813,#2814,#2815,#2816,#2817,
#2818,#2819,#2820,#2821,#2822,#2823,#2824,#2825,#2826,#2827,#2828,#2829,
#2830,#2831,#2832,#2833,#2834,#2835,#2836,#2837,#2838,#2839,#2840,#2841,
#2842,#2843,#2844,#2845,#2846,#2847,#2848,#2849,#2850,#2851,#2852,#2853,
#2854,#2855,#2856,#2857,#2858,#2859,#2860,#2861,#2862,#2863,#2864,#2865,
#2866,#2867,#2868,#2869,#2870,#2871,#2872,#2873,#2874,#2875,#2876,#2877,
#2878,#2879,#2880,#2881,#2882,#2883,#2884,#2885,#2886,#2887,#2888,#2889,
#2890,#2891,#2892,#2893,#2894,#2895,#2896,#2897,#2898,#2899,#2900,#2901,
#2902,#2903,#2904,#2905,#2906,#2907,#2908,#2909,#2910,#2911,#2912,#2913,
#2914,#2915,#2916,#2917,#2918,#2919,#2920,#2921,#2922,#2923,#2924,#2925,
#2926,#2927,#2928,#2929,#2930,#2931,#2932,#2933,#2934,#2935,#2936,#2937,
#2938,#2939,#2940,#2941,#2942,#2943,#2944,#2945,#2946,#2947,#2948,#2949,
#2950,#2951,#2952,#2953),.UNSPECIFIED.,.F.,.F.,(4,1,1,1,1,1,1,1,1,1,1,1,
1,1,1,1,1,1,1,1,1,1,1,1,1,1,1,1,1,1,1,1,1,1,1,1,1,1,1,1,1,1,1,1,1,1,1,1,
1,1,1,1,1,1,1,1,1,1,1,1,1,1,1,1,1,1,1,1,1,1,1,1,1,1,1,1,1,1,1,1,1,1,1,1,
1,1,1,1,1,1,1,1,1,1,1,1,1,1,1,1,1,1,1,1,1,1,1,1,1,1,1,1,1,1,1,1,1,1,1,1,
1,1,1,1,1,1,1,1,1,1,1,1,1,1,1,1,1,1,1,1,1,1,1,1,1,1,1,1,1,1,1,1,1,1,1,1,
1,1,1,1,1,1,1,1,1,1,1,1,1,1,1,1,1,1,1,1,1,1,1,1,1,1,1,1,1,1,1,1,1,1,1,1,
1,1,1,1,1,1,1,1,1,1,1,1,1,1,1,1,1,1,1,1,1,1,1,1,1,1,1,1,1,1,1,1,1,1,1,1,
1,1,1,1,1,1,1,1,1,1,1,1,1,1,1,1,1,1,1,1,1,1,1,1,1,1,1,1,1,1,1,1,1,1,1,1,
1,1,1,1,1,1,1,1,1,1,1,1,1,1,1,1,1,1,1,1,1,1,1,1,1,1,1,1,1,1,1,1,1,1,1,1,
1,1,1,1,1,1,1,1,1,1,1,1,1,1,1,1,1,1,1,1,1,1,1,1,1,1,1,1,1,1,1,1,1,1,1,1,
1,1,1,1,1,1,1,1,1,1,1,1,1,1,1,1,1,1,1,1,1,1,1,1,1,1,1,1,1,1,1,1,1,1,1,1,
1,1,1,1,1,1,1,1,1,1,1,1,1,1,1,1,1,1,1,1,1,1,1,1,1,1,1,1,1,1,1,1,1,1,1,1,
1,1,1,1,1,1,1,1,1,1,1,1,1,1,1,1,1,1,1,1,1,1,1,1,1,1,1,1,1,1,1,1,1,1,1,1,
1,1,1,1,1,1,1,1,1,1,1,1,1,1,1,1,1,1,1,1,1,1,1,1,1,1,1,1,1,1,1,1,1,1,1,1,
1,1,1,1,1,1,1,1,1,1,1,1,1,1,1,1,1,1,1,1,1,1,1,1,1,1,1,1,1,1,1,1,1,1,1,1,
1,1,1,1,1,1,1,1,1,1,1,1,1,1,1,1,1,1,1,1,1,1,1,1,1,1,1,1,1,1,1,1,1,1,1,1,
1,1,1,1,1,1,1,1,1,1,1,1,1,1,1,1,1,1,1,1,1,1,1,1,1,1,1,1,1,1,1,1,1,1,1,1,
1,1,1,1,1,1,1,1,1,1,1,1,1,1,1,1,1,1,1,1,1,1,1,1,1,1,1,1,1,1,1,1,1,1,1,1,
1,1,1,1,1,1,1,1,1,1,1,1,1,1,1,1,1,1,1,1,1,1,1,1,1,1,1,1,1,1,1,1,1,1,1,1,
1,1,1,1,1,1,1,1,1,1,1,1,1,1,1,1,1,1,1,1,1,1,1,1,1,1,1,1,1,1,1,1,1,1,1,1,
1,1,1,1,1,1,1,1,1,1,1,1,1,1,1,1,1,1,1,1,1,1,1,1,1,1,1,1,1,1,1,1,1,1,1,1,
1,1,1,1,1,1,1,1,1,1,1,1,1,1,1,1,1,1,1,1,1,1,1,1,1,1,1,1,1,1,1,1,1,1,1,1,
1,1,1,1,1,1,1,1,1,1,1,1,1,1,1,1,1,1,1,1,1,1,1,1,1,1,1,1,1,1,1,1,1,1,1,1,
1,1,1,1,1,1,1,1,1,1,1,1,1,1,1,1,1,1,1,1,1,1,1,1,1,1,1,1,1,1,1,1,1,1,1,1,
1,1,1,1,1,1,1,1,1,1,1,1,1,1,1,1,1,1,1,1,1,1,1,1,1,1,1,1,1,1,1,1,1,1,1,1,
1,1,1,1,1,1,1,1,1,1,1,1,1,1,1,1,1,1,1,1,1,1,1,1,1,1,1,1,1,1,1,1,1,1,1,1,
1,1,1,1,1,1,1,1,1,1,1,1,1,1,1,1,1,1,1,1,1,1,1,1,1,1,1,1,1,1,1,1,1,1,1,1,
1,1,1,1,1,1,1,1,1,1,1,1,1,1,1,1,1,1,1,1,1,1,1,1,1,1,1,1,1,1,1,1,1,1,1,1,
1,1,1,1,1,1,1,1,1,1,1,1,1,1,1,1,1,1,1,1,1,1,1,1,1,1,1,1,1,1,1,1,1,1,1,1,
1,1,1,1,1,1,1,1,1,1,1,1,1,1,1,1,1,1,1,1,1,1,1,1,1,1,1,1,1,1,1,1,1,1,1,1,
1,1,1,1,1,1,1,1,1,1,1,1,1,1,1,1,1,1,1,1,1,1,1,1,1,1,1,1,1,1,1,1,1,1,1,1,
1,1,1,1,1,1,1,1,1,1,1,1,1,1,1,1,1,1,1,1,1,1,1,1,1,1,1,1,1,1,1,1,1,1,1,1,
1,1,1,1,1,1,1,1,1,1,1,1,1,1,1,1,1,1,1,1,1,1,1,1,1,1,1,1,1,1,1,1,1,1,1,1,
1,1,1,1,1,1,1,1,1,1,1,1,1,1,1,1,1,1,1,1,1,1,1,1,1,1,1,1,1,1,1,1,1,1,1,1,
1,1,1,1,1,1,1,1,1,1,1,1,1,1,1,1,1,1,1,1,1,1,1,1,1,1,1,1,1,1,1,1,1,1,1,1,
1,1,1,1,1,1,1,1,1,1,1,1,1,1,1,1,1,1,1,1,1,1,1,1,1,1,1,1,1,1,1,1,1,1,1,1,
1,1,1,1,1,1,1,1,1,1,1,1,1,1,1,1,1,1,1,4),(0.,0.0009765625,0.00146484375,
0.001953125,0.00244140625,0.0029296875,0.00341796875,0.00390625,0.00439453125,
0.0048828125,0.00537109375,0.005859375,0.00634765625,0.0068359375,0.00732421875,
0.0078125,0.00830078125,0.0087890625,0.00927734375,0.009765625,0.01025390625,
0.0107421875,0.01123046875,0.01171875,0.01220703125,0.0126953125,0.01318359375,
0.013671875,0.01416015625,0.0146484375,0.015625,0.01611328125,0.0166015625,
0.017578125,0.0185546875,0.01953125,0.0205078125,0.021484375,0.0224609375,
0.0234375,0.025390625,0.02734375,0.029296875,0.03125,0.0322265625,0.033203125,
0.0341796875,0.03515625,0.0361328125,0.037109375,0.0380859375,0.03857421875,
0.0390625,0.0400390625,0.04052734375,0.041015625,0.04150390625,0.0419921875,
0.04248046875,0.04296875,0.04345703125,0.0439453125,0.04443359375,0.044921875,
0.04541015625,0.0458984375,0.04638671875,0.046875,0.04736328125,0.0478515625,
0.04833984375,0.048828125,0.04931640625,0.0498046875,0.05029296875,0.05078125,
0.05126953125,0.0517578125,0.05224609375,0.052734375,0.05322265625,0.0537109375,
0.05419921875,0.0546875,0.0556640625,0.05615234375,0.056640625,0.05712890625,
0.0576171875,0.05810546875,0.05859375,0.05908203125,0.0595703125,0.06005859375,
0.060546875,0.06103515625,0.0615234375,0.06201171875,0.0625,0.06298828125,
0.0634765625,0.06396484375,0.064453125,0.06494140625,0.0654296875,0.06591796875,
0.06640625,0.06689453125,0.0673828125,0.06787109375,0.068359375,0.06884765625,
0.0693359375,0.0703125,0.0712890625,0.072265625,0.0732421875,0.07421875,
0.0751953125,0.076171875,0.0771484375,0.078125,0.080078125,0.08203125,0.0830078125,
0.083984375,0.0849609375,0.0859375,0.0869140625,0.087890625,0.0888671875,
0.08984375,0.0908203125,0.091796875,0.0927734375,0.09326171875,0.09375,
0.09423828125,0.0947265625,0.09521484375,0.095703125,0.09619140625,0.0966796875,
0.09716796875,0.09765625,0.09814453125,0.0986328125,0.09912109375,0.099609375,
0.10009765625,0.1005859375,0.10107421875,0.1015625,0.10205078125,0.1025390625,
0.10302734375,0.103515625,0.10400390625,0.1044921875,0.10498046875,0.10546875,
0.10595703125,0.1064453125,0.10693359375,0.107421875,0.10791015625,0.1083984375,
0.10888671875,0.109375,0.10986328125,0.1103515625,0.11083984375,0.111328125,
0.11181640625,0.1123046875,0.11279296875,0.11328125,0.11376953125,0.1142578125,
0.11474609375,0.115234375,0.11572265625,0.1162109375,0.11669921875,0.1171875,
0.11767578125,0.1181640625,0.11865234375,0.119140625,0.11962890625,0.1201171875,
0.12060546875,0.12109375,0.12158203125,0.1220703125,0.12255859375,0.123046875,
0.12353515625,0.1240234375,0.125,0.1259765625,0.126953125,0.1279296875,
0.12890625,0.1298828125,0.130859375,0.1318359375,0.1328125,0.134765625,
0.13671875,0.1376953125,0.138671875,0.1396484375,0.140625,0.1416015625,
0.142578125,0.1435546875,0.14453125,0.1455078125,0.146484375,0.1474609375,
0.14794921875,0.1484375,0.14892578125,0.1494140625,0.14990234375,0.150390625,
0.15087890625,0.1513671875,0.15185546875,0.15234375,0.15283203125,0.1533203125,
0.15380859375,0.154296875,0.15478515625,0.1552734375,0.15576171875,0.15625,
0.15673828125,0.1572265625,0.15771484375,0.158203125,0.15869140625,0.1591796875,
0.15966796875,0.16015625,0.16064453125,0.1611328125,0.162109375,0.16259765625,
0.1630859375,0.16357421875,0.1640625,0.16455078125,0.1650390625,0.16552734375,
0.166015625,0.16650390625,0.1669921875,0.16748046875,0.16796875,0.16845703125,
0.1689453125,0.16943359375,0.169921875,0.17041015625,0.1708984375,0.17138671875,
0.171875,0.17236328125,0.1728515625,0.17333984375,0.173828125,0.17431640625,
0.1748046875,0.17529296875,0.17578125,0.17626953125,0.1767578125,0.177734375,
0.17822265625,0.1787109375,0.1796875,0.1806640625,0.181640625,0.1826171875,
0.18359375,0.1845703125,0.185546875,0.1865234375,0.1875,0.19140625,0.1923828125,
0.193359375,0.1943359375,0.1953125,0.1962890625,0.197265625,0.1982421875,
0.19921875,0.2001953125,0.20068359375,0.201171875,0.2021484375,0.20263671875,
0.203125,0.20361328125,0.2041015625,0.20458984375,0.205078125,0.20556640625,
0.2060546875,0.20654296875,0.20703125,0.20751953125,0.2080078125,0.20849609375,
0.208984375,0.20947265625,0.2099609375,0.21044921875,0.2109375,0.21142578125,
0.2119140625,0.21240234375,0.212890625,0.21337890625,0.2138671875,0.21435546875,
0.21484375,0.21533203125,0.2158203125,0.216796875,0.2177734375,0.21826171875,
0.21875,0.21923828125,0.2197265625,0.22021484375,0.220703125,0.22119140625,
0.2216796875,0.22216796875,0.22265625,0.22314453125,0.2236328125,0.22412109375,
0.224609375,0.22509765625,0.2255859375,0.22607421875,0.2265625,0.22705078125,
0.2275390625,0.22802734375,0.228515625,0.22900390625,0.2294921875,0.22998046875,
0.23046875,0.23095703125,0.2314453125,0.232421875,0.23291015625,0.2333984375,
0.234375,0.2353515625,0.236328125,0.2373046875,0.23828125,0.2392578125,
0.240234375,0.2412109375,0.2421875,0.24609375,0.2470703125,0.248046875,
0.2490234375,0.25,0.2509765625,0.251953125,0.2529296875,0.25390625,0.2548828125,
0.25537109375,0.255859375,0.2568359375,0.25732421875,0.2578125,0.25830078125,
0.2587890625,0.25927734375,0.259765625,0.26025390625,0.2607421875,0.26123046875,
0.26171875,0.26220703125,0.2626953125,0.26318359375,0.263671875,0.26416015625,
0.2646484375,0.26513671875,0.265625,0.26611328125,0.2666015625,0.26708984375,
0.267578125,0.26806640625,0.2685546875,0.26904296875,0.26953125,0.27001953125,
0.2705078125,0.27099609375,0.271484375,0.2724609375,0.27294921875,0.2734375,
0.27392578125,0.2744140625,0.27490234375,0.275390625,0.27587890625,0.2763671875,
0.27685546875,0.27734375,0.27783203125,0.2783203125,0.27880859375,0.279296875,
0.27978515625,0.2802734375,0.28076171875,0.28125,0.28173828125,0.2822265625,
0.28271484375,0.283203125,0.28369140625,0.2841796875,0.28466796875,0.28515625,
0.28564453125,0.2861328125,0.287109375,0.2880859375,0.2890625,0.2900390625,
0.291015625,0.2919921875,0.29296875,0.2939453125,0.294921875,0.2958984375,
0.296875,0.298828125,0.30078125,0.3017578125,0.302734375,0.3037109375,0.3046875,
0.3056640625,0.306640625,0.3076171875,0.30859375,0.3095703125,0.31005859375,
0.310546875,0.31103515625,0.3115234375,0.31201171875,0.3125,0.31298828125,
0.3134765625,0.31396484375,0.314453125,0.31494140625,0.3154296875,0.31591796875,
0.31640625,0.31689453125,0.3173828125,0.31787109375,0.318359375,0.31884765625,
0.3193359375,0.31982421875,0.3203125,0.32080078125,0.3212890625,0.32177734375,
0.322265625,0.32275390625,0.3232421875,0.32373046875,0.32421875,0.32470703125,
0.3251953125,0.32568359375,0.326171875,0.32666015625,0.3271484375,0.32763671875,
0.328125,0.32861328125,0.3291015625,0.32958984375,0.330078125,0.33056640625,
0.3310546875,0.33154296875,0.33203125,0.33251953125,0.3330078125,0.33349609375,
0.333984375,0.33447265625,0.3349609375,0.33544921875,0.3359375,0.33642578125,
0.3369140625,0.33740234375,0.337890625,0.33837890625,0.3388671875,0.33935546875,
0.33984375,0.34033203125,0.3408203125,0.341796875,0.3427734375,0.34375,
0.3447265625,0.345703125,0.3466796875,0.34765625,0.3486328125,0.349609375,
0.3505859375,0.3515625,0.353515625,0.35546875,0.3564453125,0.357421875,
0.3583984375,0.359375,0.3603515625,0.361328125,0.3623046875,0.36328125,
0.3642578125,0.36474609375,0.365234375,0.36572265625,0.3662109375,0.36669921875,
0.3671875,0.36767578125,0.3681640625,0.36865234375,0.369140625,0.36962890625,
0.3701171875,0.37060546875,0.37109375,0.37158203125,0.3720703125,0.37255859375,
0.373046875,0.37353515625,0.3740234375,0.37451171875,0.375,0.37548828125,
0.3759765625,0.37646484375,0.376953125,0.37744140625,0.3779296875,0.37890625,
0.37939453125,0.3798828125,0.38037109375,0.380859375,0.38134765625,0.3818359375,
0.38232421875,0.3828125,0.38330078125,0.3837890625,0.38427734375,0.384765625,
0.38525390625,0.3857421875,0.38623046875,0.38671875,0.38720703125,0.3876953125,
0.388671875,0.38916015625,0.3896484375,0.39013671875,0.390625,0.39111328125,
0.3916015625,0.39208984375,0.392578125,0.39453125,0.3984375,0.40625,0.4140625,
0.41796875,0.421875,0.42236328125,0.4228515625,0.42333984375,0.423828125,
0.42431640625,0.4248046875,0.42578125,0.42626953125,0.4267578125,0.427734375,
0.42822265625,0.4287109375,0.42919921875,0.4296875,0.43017578125,0.4306640625,
0.43115234375,0.431640625,0.43212890625,0.4326171875,0.43310546875,0.43359375,
0.43408203125,0.4345703125,0.43505859375,0.435546875,0.43603515625,0.4365234375,
0.43701171875,0.4375,0.43798828125,0.4384765625,0.43896484375,0.439453125,
0.43994140625,0.4404296875,0.44091796875,0.44140625,0.44189453125,0.4423828125,
0.44287109375,0.443359375,0.44384765625,0.4443359375,0.44482421875,0.4453125,
0.447265625,0.4482421875,0.44921875,0.453125,0.45703125,0.4609375,0.46875,
0.470703125,0.47265625,0.4736328125,0.47412109375,0.474609375,0.47509765625,
0.4755859375,0.47607421875,0.4765625,0.47705078125,0.4775390625,0.47802734375,
0.478515625,0.4794921875,0.47998046875,0.48046875,0.4814453125,0.48193359375,
0.482421875,0.48291015625,0.4833984375,0.48388671875,0.484375,0.48486328125,
0.4853515625,0.48583984375,0.486328125,0.48681640625,0.4873046875,0.48828125,
0.48876953125,0.4892578125,0.48974609375,0.490234375,0.49072265625,0.4912109375,
0.49169921875,0.4921875,0.49267578125,0.4931640625,0.49365234375,0.494140625,
0.4951171875,0.49560546875,0.49609375,0.49658203125,0.4970703125,0.49755859375,
0.498046875,0.49853515625,0.4990234375,0.49951171875,0.5,0.50390625,0.5078125,
0.515625,0.5234375,0.52734375,0.529296875,0.53125,0.53173828125,0.5322265625,
0.533203125,0.53369140625,0.5341796875,0.53515625,0.53564453125,0.5361328125,
0.53662109375,0.537109375,0.53759765625,0.5380859375,0.53857421875,0.5390625,
0.53955078125,0.5400390625,0.54052734375,0.541015625,0.54150390625,0.5419921875,
0.54248046875,0.54296875,0.54345703125,0.5439453125,0.54443359375,0.544921875,
0.54541015625,0.5458984375,0.54638671875,0.546875,0.54736328125,0.5478515625,
0.548828125,0.54931640625,0.5498046875,0.55029296875,0.55078125,0.55126953125,
0.5517578125,0.55224609375,0.552734375,0.55322265625,0.5537109375,0.5546875,
0.55517578125,0.5556640625,0.556640625,0.55859375,0.5625,0.5703125,0.57421875,
0.578125,0.580078125,0.5810546875,0.58203125,0.583984375,0.58447265625,
0.5849609375,0.58544921875,0.5859375,0.58642578125,0.5869140625,0.58740234375,
0.587890625,0.5888671875,0.58935546875,0.58984375,0.59033203125,0.5908203125,
0.59130859375,0.591796875,0.59228515625,0.5927734375,0.59326171875,0.59375,
0.59423828125,0.5947265625,0.59521484375,0.595703125,0.59619140625,0.5966796875,
0.59716796875,0.59765625,0.59814453125,0.5986328125,0.59912109375,0.599609375,
0.60009765625,0.6005859375,0.60107421875,0.6015625,0.6025390625,0.60302734375,
0.603515625,0.6044921875,0.60498046875,0.60546875,0.60595703125,0.6064453125,
0.60693359375,0.607421875,0.609375,0.61328125,0.6171875,0.625,0.62890625,
0.630859375,0.6318359375,0.6328125,0.63330078125,0.6337890625,0.634765625,
0.63525390625,0.6357421875,0.63623046875,0.63671875,0.6376953125,0.63818359375,
0.638671875,0.63916015625,0.6396484375,0.640625,0.64111328125,0.6416015625,
0.64208984375,0.642578125,0.6435546875,0.64404296875,0.64453125,0.64501953125,
0.6455078125,0.646484375,0.64697265625,0.6474609375,0.64794921875,0.6484375,
0.64892578125,0.6494140625,0.64990234375,0.650390625,0.65087890625,0.6513671875,
0.65185546875,0.65234375,0.65283203125,0.6533203125,0.65380859375,0.654296875,
0.65478515625,0.6552734375,0.65576171875,0.65625,0.65673828125,0.6572265625,
0.65771484375,0.658203125,0.65869140625,0.6591796875,0.65966796875,0.66015625,
0.66064453125,0.6611328125,0.66162109375,0.662109375,0.66259765625,0.6630859375,
0.66357421875,0.6640625,0.66455078125,0.6650390625,0.66552734375,0.666015625,
0.66650390625,0.6669921875,0.66796875,0.671875,0.6796875,0.68359375,0.685546875,
0.6875,0.6884765625,0.689453125,0.68994140625,0.6904296875,0.69091796875,
0.69140625,0.6923828125,0.69287109375,0.693359375,0.69384765625,0.6943359375,
0.6953125,0.69580078125,0.6962890625,0.69677734375,0.697265625,0.69775390625,
0.6982421875,0.69873046875,0.69921875,0.69970703125,0.7001953125,0.70068359375,
0.701171875,0.70166015625,0.7021484375,0.70263671875,0.703125,0.70361328125,
0.7041015625,0.705078125,0.70556640625,0.7060546875,0.70654296875,0.70703125,
0.70751953125,0.7080078125,0.70849609375,0.708984375,0.70947265625,0.7099609375,
0.71044921875,0.7109375,0.71142578125,0.7119140625,0.71240234375,0.712890625,
0.71337890625,0.7138671875,0.71435546875,0.71484375,0.71533203125,0.7158203125,
0.71630859375,0.716796875,0.7177734375,0.71826171875,0.71875,0.71923828125,
0.7197265625,0.720703125,0.7216796875,0.72216796875,0.72265625,0.724609375,
0.7265625,0.73046875,0.734375,0.73828125,0.7421875,0.7431640625,0.744140625,
0.7451171875,0.74609375,0.74658203125,0.7470703125,0.74755859375,0.748046875,
0.74853515625,0.7490234375,0.74951171875,0.75,0.75048828125,0.7509765625,
0.75146484375,0.751953125,0.75244140625,0.7529296875,0.75341796875,0.75390625,
0.75439453125,0.7548828125,0.75537109375,0.755859375,0.75634765625,0.7568359375,
0.75732421875,0.7578125,0.75830078125,0.7587890625,0.75927734375,0.759765625,
0.76025390625,0.7607421875,0.76123046875,0.76171875,0.76220703125,0.7626953125,
0.76318359375,0.763671875,0.76416015625,0.7646484375,0.76513671875,0.765625,
0.7666015625,0.76708984375,0.767578125,0.76806640625,0.7685546875,0.76953125,
0.77001953125,0.7705078125,0.77099609375,0.771484375,0.7724609375,0.77294921875,
0.7734375,0.77392578125,0.7744140625,0.775390625,0.77587890625,0.7763671875,
0.77734375,0.7783203125,0.77880859375,0.779296875,0.78125,0.7890625,0.79296875,
0.794921875,0.7958984375,0.796875,0.7978515625,0.79833984375,0.798828125,
0.79931640625,0.7998046875,0.80078125,0.80126953125,0.8017578125,0.80224609375,
0.802734375,0.80322265625,0.8037109375,0.80419921875,0.8046875,0.80517578125,
0.8056640625,0.80615234375,0.806640625,0.80712890625,0.8076171875,0.80810546875,
0.80859375,0.80908203125,0.8095703125,0.81005859375,0.810546875,0.81103515625,
0.8115234375,0.81201171875,0.8125,0.8134765625,0.81396484375,0.814453125,
0.81494140625,0.8154296875,0.81591796875,0.81640625,0.81689453125,0.8173828125,
0.81787109375,0.818359375,0.81884765625,0.8193359375,0.81982421875,0.8203125,
0.82080078125,0.8212890625,0.82177734375,0.822265625,0.82275390625,0.8232421875,
0.82373046875,0.82421875,0.82470703125,0.8251953125,0.826171875,0.82666015625,
0.8271484375,0.82763671875,0.828125,0.830078125,0.83203125,0.8359375,0.84375,
0.845703125,0.8466796875,0.84765625,0.8486328125,0.849609375,0.85009765625,
0.8505859375,0.8515625,0.85205078125,0.8525390625,0.85302734375,0.853515625,
0.85400390625,0.8544921875,0.85498046875,0.85546875,0.85595703125,0.8564453125,
0.85693359375,0.857421875,0.85791015625,0.8583984375,0.85888671875,0.859375,
0.85986328125,0.8603515625,0.86083984375,0.861328125,0.86181640625,0.8623046875,
0.86279296875,0.86328125,0.86376953125,0.8642578125,0.86474609375,0.865234375,
0.86572265625,0.8662109375,0.86669921875,0.8671875,0.86767578125,0.8681640625,
0.86865234375,0.869140625,0.86962890625,0.8701171875,0.87060546875,0.87109375,
0.87158203125,0.8720703125,0.87255859375,0.873046875,0.87353515625,0.8740234375,
0.87451171875,0.875,0.87548828125,0.8759765625,0.87646484375,0.876953125,
0.8779296875,0.87841796875,0.87890625,0.87939453125,0.8798828125,0.880859375,
0.88134765625,0.8818359375,0.88232421875,0.8828125,0.8837890625,0.884765625,
0.88671875,0.890625,0.8984375,0.90234375,0.904296875,0.9052734375,0.90625,
0.90673828125,0.9072265625,0.90771484375,0.908203125,0.9091796875,0.90966796875,
0.91015625,0.91064453125,0.9111328125,0.912109375,0.91259765625,0.9130859375,
0.91357421875,0.9140625,0.91455078125,0.9150390625,0.91552734375,0.916015625,
0.91650390625,0.9169921875,0.91748046875,0.91796875,0.91845703125,0.9189453125,
0.91943359375,0.919921875,0.92041015625,0.9208984375,0.92138671875,0.921875,
0.92236328125,0.9228515625,0.92333984375,0.923828125,0.92431640625,0.9248046875,
0.92529296875,0.92578125,0.92626953125,0.9267578125,0.92724609375,0.927734375,
0.92822265625,0.9287109375,0.92919921875,0.9296875,0.93017578125,0.9306640625,
0.93115234375,0.931640625,0.93359375,0.9375,0.94140625,0.9453125,0.953125,
0.95703125,0.958984375,0.9599609375,0.96044921875,0.9609375,0.962890625,
0.9638671875,0.96435546875,0.96484375,0.96533203125,0.9658203125,0.96630859375,
0.966796875,0.9677734375,0.96826171875,0.96875,0.96923828125,0.9697265625,
0.97021484375,0.970703125,0.97119140625,0.9716796875,0.97216796875,0.97265625,
0.97314453125,0.9736328125,0.97412109375,0.974609375,0.97509765625,0.9755859375,
0.9765625,0.9775390625,0.978515625,0.98046875,0.984375,0.98828125,0.9921875,
0.994140625,0.99609375,0.998046875,0.9990234375,1.),.UNSPECIFIED.);
#230=B_SPLINE_CURVE_WITH_KNOTS('',3,(#2958,#2959,#2960,#2961,#2962,#2963,
#2964,#2965,#2966,#2967,#2968,#2969,#2970,#2971,#2972,#2973,#2974,#2975,
#2976,#2977,#2978,#2979,#2980,#2981,#2982,#2983,#2984,#2985,#2986,#2987,
#2988,#2989,#2990,#2991,#2992,#2993,#2994,#2995,#2996,#2997,#2998,#2999,
#3000,#3001,#3002,#3003,#3004,#3005,#3006,#3007,#3008,#3009,#3010,#3011,
#3012,#3013,#3014,#3015,#3016,#3017,#3018,#3019,#3020,#3021,#3022,#3023,
#3024,#3025,#3026,#3027,#3028,#3029,#3030,#3031,#3032,#3033,#3034,#3035,
#3036,#3037,#3038,#3039,#3040,#3041,#3042,#3043,#3044,#3045,#3046,#3047,
#3048,#3049,#3050,#3051,#3052,#3053,#3054,#3055,#3056,#3057,#3058,#3059,
#3060,#3061,#3062,#3063,#3064,#3065,#3066,#3067,#3068,#3069,#3070,#3071,
#3072,#3073,#3074,#3075,#3076,#3077,#3078,#3079,#3080,#3081,#3082,#3083,
#3084,#3085,#3086,#3087,#3088,#3089,#3090,#3091,#3092,#3093,#3094,#3095,
#3096,#3097,#3098,#3099,#3100,#3101,#3102,#3103,#3104,#3105,#3106,#3107,
#3108,#3109,#3110,#3111,#3112,#3113,#3114,#3115,#3116,#3117,#3118,#3119,
#3120,#3121,#3122,#3123,#3124,#3125,#3126,#3127,#3128,#3129,#3130,#3131,
#3132,#3133,#3134,#3135,#3136,#3137,#3138,#3139,#3140,#3141,#3142,#3143,
#3144,#3145,#3146,#3147,#3148,#3149,#3150,#3151,#3152,#3153,#3154,#3155,
#3156,#3157,#3158,#3159,#3160,#3161,#3162,#3163,#3164,#3165,#3166,#3167,
#3168,#3169,#3170,#3171,#3172,#3173,#3174,#3175,#3176,#3177,#3178,#3179,
#3180,#3181,#3182,#3183,#3184,#3185,#3186,#3187,#3188,#3189,#3190,#3191,
#3192,#3193,#3194,#3195,#3196,#3197,#3198,#3199,#3200,#3201,#3202,#3203,
#3204,#3205,#3206,#3207,#3208,#3209,#3210,#3211,#3212,#3213,#3214,#3215,
#3216,#3217,#3218,#3219,#3220,#3221,#3222,#3223,#3224,#3225,#3226,#3227,
#3228,#3229,#3230,#3231,#3232,#3233,#3234,#3235,#3236,#3237,#3238,#3239,
#3240,#3241,#3242,#3243,#3244,#3245,#3246,#3247,#3248,#3249,#3250,#3251,
#3252,#3253,#3254,#3255,#3256,#3257,#3258,#3259,#3260,#3261,#3262,#3263,
#3264,#3265,#3266,#3267,#3268,#3269,#3270,#3271,#3272,#3273,#3274,#3275,
#3276,#3277,#3278,#3279,#3280,#3281,#3282,#3283,#3284,#3285,#3286,#3287,
#3288,#3289,#3290,#3291,#3292,#3293,#3294,#3295,#3296,#3297,#3298,#3299,
#3300,#3301,#3302,#3303,#3304,#3305,#3306,#3307,#3308,#3309,#3310,#3311,
#3312,#3313,#3314,#3315,#3316,#3317,#3318,#3319,#3320,#3321,#3322,#3323,
#3324,#3325,#3326,#3327,#3328,#3329,#3330,#3331,#3332,#3333,#3334,#3335,
#3336,#3337,#3338,#3339,#3340,#3341,#3342,#3343,#3344,#3345,#3346,#3347,
#3348,#3349,#3350,#3351,#3352,#3353,#3354,#3355,#3356,#3357,#3358,#3359,
#3360,#3361,#3362,#3363,#3364,#3365,#3366,#3367,#3368,#3369,#3370,#3371,
#3372,#3373,#3374,#3375,#3376,#3377,#3378,#3379,#3380,#3381,#3382,#3383,
#3384,#3385,#3386,#3387,#3388,#3389,#3390,#3391,#3392,#3393,#3394,#3395,
#3396,#3397,#3398,#3399,#3400,#3401,#3402,#3403,#3404,#3405,#3406,#3407,
#3408,#3409,#3410,#3411,#3412,#3413,#3414,#3415,#3416,#3417,#3418,#3419,
#3420,#3421,#3422,#3423,#3424,#3425,#3426,#3427,#3428,#3429,#3430,#3431,
#3432,#3433,#3434,#3435,#3436,#3437,#3438,#3439,#3440,#3441,#3442,#3443,
#3444,#3445,#3446,#3447,#3448,#3449,#3450,#3451,#3452,#3453,#3454,#3455,
#3456,#3457,#3458,#3459,#3460,#3461,#3462,#3463,#3464,#3465,#3466,#3467,
#3468,#3469,#3470,#3471,#3472,#3473,#3474,#3475,#3476,#3477,#3478,#3479,
#3480,#3481,#3482,#3483,#3484,#3485,#3486,#3487,#3488,#3489,#3490,#3491,
#3492,#3493,#3494,#3495,#3496,#3497,#3498,#3499,#3500,#3501,#3502,#3503,
#3504,#3505,#3506,#3507,#3508,#3509,#3510,#3511,#3512,#3513,#3514,#3515,
#3516,#3517,#3518,#3519,#3520,#3521,#3522,#3523,#3524,#3525,#3526,#3527,
#3528,#3529,#3530,#3531,#3532,#3533,#3534,#3535,#3536,#3537,#3538,#3539,
#3540,#3541,#3542,#3543,#3544,#3545,#3546,#3547,#3548,#3549,#3550,#3551,
#3552,#3553,#3554,#3555,#3556,#3557,#3558,#3559,#3560,#3561,#3562,#3563,
#3564,#3565,#3566,#3567,#3568,#3569,#3570,#3571,#3572,#3573,#3574,#3575,
#3576,#3577,#3578,#3579,#3580,#3581,#3582,#3583,#3584,#3585,#3586,#3587,
#3588,#3589,#3590,#3591,#3592,#3593,#3594,#3595,#3596,#3597,#3598,#3599,
#3600,#3601,#3602,#3603,#3604,#3605,#3606,#3607,#3608,#3609,#3610,#3611,
#3612,#3613,#3614,#3615,#3616,#3617,#3618,#3619,#3620,#3621,#3622,#3623,
#3624,#3625,#3626,#3627,#3628,#3629,#3630,#3631,#3632,#3633,#3634,#3635,
#3636,#3637,#3638,#3639,#3640,#3641,#3642,#3643,#3644,#3645,#3646,#3647,
#3648,#3649,#3650,#3651,#3652,#3653,#3654,#3655,#3656,#3657,#3658,#3659,
#3660,#3661,#3662,#3663,#3664,#3665,#3666,#3667,#3668,#3669,#3670,#3671,
#3672,#3673,#3674,#3675,#3676,#3677,#3678,#3679,#3680,#3681,#3682,#3683,
#3684,#3685,#3686,#3687,#3688,#3689,#3690,#3691,#3692,#3693,#3694,#3695,
#3696,#3697,#3698,#3699,#3700,#3701,#3702,#3703,#3704,#3705,#3706,#3707,
#3708,#3709,#3710,#3711,#3712,#3713,#3714,#3715,#3716,#3717,#3718,#3719,
#3720,#3721,#3722,#3723,#3724,#3725,#3726,#3727,#3728,#3729,#3730,#3731,
#3732,#3733,#3734,#3735,#3736,#3737,#3738,#3739,#3740,#3741,#3742,#3743,
#3744,#3745,#3746,#3747,#3748,#3749,#3750,#3751,#3752,#3753,#3754,#3755,
#3756,#3757,#3758,#3759,#3760,#3761,#3762,#3763,#3764,#3765,#3766,#3767,
#3768,#3769,#3770,#3771,#3772,#3773,#3774,#3775,#3776,#3777,#3778,#3779,
#3780,#3781,#3782,#3783,#3784,#3785,#3786,#3787,#3788,#3789,#3790,#3791,
#3792,#3793,#3794,#3795,#3796,#3797,#3798,#3799,#3800,#3801,#3802,#3803,
#3804,#3805,#3806,#3807,#3808,#3809,#3810,#3811,#3812,#3813,#3814,#3815,
#3816,#3817,#3818,#3819,#3820,#3821,#3822,#3823,#3824,#3825,#3826,#3827,
#3828,#3829,#3830,#3831,#3832,#3833,#3834,#3835,#3836,#3837,#3838,#3839,
#3840,#3841,#3842,#3843,#3844,#3845,#3846,#3847,#3848,#3849,#3850,#3851,
#3852,#3853,#3854,#3855,#3856,#3857,#3858,#3859,#3860,#3861,#3862,#3863,
#3864,#3865,#3866,#3867,#3868,#3869,#3870,#3871,#3872,#3873,#3874,#3875,
#3876,#3877,#3878,#3879,#3880,#3881,#3882,#3883,#3884,#3885,#3886,#3887,
#3888,#3889,#3890,#3891,#3892,#3893,#3894,#3895,#3896,#3897,#3898,#3899,
#3900,#3901,#3902,#3903,#3904,#3905,#3906,#3907,#3908,#3909,#3910,#3911,
#3912,#3913,#3914,#3915,#3916,#3917,#3918,#3919,#3920,#3921,#3922,#3923,
#3924,#3925,#3926,#3927,#3928,#3929,#3930,#3931,#3932,#3933,#3934,#3935,
#3936,#3937,#3938,#3939,#3940,#3941,#3942,#3943,#3944,#3945,#3946,#3947,
#3948,#3949,#3950,#3951,#3952,#3953,#3954,#3955,#3956,#3957,#3958,#3959,
#3960,#3961,#3962,#3963,#3964,#3965,#3966,#3967,#3968,#3969,#3970,#3971,
#3972,#3973,#3974,#3975,#3976,#3977,#3978,#3979,#3980,#3981,#3982,#3983,
#3984,#3985,#3986,#3987,#3988,#3989,#3990,#3991,#3992,#3993,#3994,#3995,
#3996,#3997,#3998,#3999,#4000,#4001,#4002,#4003,#4004,#4005,#4006,#4007,
#4008,#4009,#4010,#4011,#4012,#4013,#4014,#4015,#4016,#4017,#4018,#4019,
#4020,#4021,#4022,#4023,#4024,#4025,#4026,#4027,#4028,#4029,#4030,#4031,
#4032,#4033,#4034,#4035,#4036,#4037,#4038,#4039,#4040,#4041,#4042,#4043,
#4044,#4045,#4046,#4047,#4048,#4049,#4050,#4051,#4052,#4053,#4054,#4055,
#4056,#4057,#4058,#4059,#4060,#4061,#4062,#4063,#4064,#4065,#4066,#4067,
#4068,#4069,#4070,#4071,#4072,#4073,#4074,#4075,#4076,#4077,#4078,#4079,
#4080,#4081,#4082,#4083,#4084,#4085,#4086,#4087,#4088,#4089,#4090,#4091,
#4092,#4093,#4094,#4095,#4096,#4097,#4098,#4099,#4100,#4101,#4102,#4103,
#4104,#4105,#4106,#4107,#4108,#4109,#4110,#4111,#4112,#4113,#4114,#4115,
#4116,#4117,#4118,#4119,#4120,#4121,#4122,#4123,#4124,#4125,#4126,#4127,
#4128,#4129,#4130,#4131,#4132,#4133,#4134,#4135,#4136,#4137,#4138,#4139,
#4140,#4141,#4142,#4143,#4144,#4145,#4146,#4147,#4148,#4149,#4150,#4151,
#4152,#4153,#4154,#4155,#4156,#4157,#4158,#4159,#4160,#4161,#4162,#4163,
#4164,#4165,#4166,#4167,#4168,#4169,#4170,#4171,#4172,#4173,#4174,#4175,
#4176,#4177,#4178,#4179,#4180,#4181,#4182,#4183,#4184,#4185,#4186,#4187,
#4188,#4189,#4190,#4191,#4192,#4193,#4194,#4195,#4196,#4197,#4198,#4199,
#4200,#4201,#4202,#4203,#4204,#4205,#4206,#4207,#4208,#4209,#4210,#4211,
#4212,#4213,#4214,#4215,#4216,#4217,#4218,#4219,#4220,#4221,#4222,#4223,
#4224,#4225,#4226,#4227,#4228,#4229,#4230,#4231,#4232,#4233,#4234,#4235,
#4236,#4237,#4238,#4239,#4240,#4241,#4242,#4243,#4244,#4245,#4246,#4247,
#4248,#4249,#4250,#4251),.UNSPECIFIED.,.F.,.F.,(4,1,1,1,1,1,1,1,1,1,1,1,
1,1,1,1,1,1,1,1,1,1,1,1,1,1,1,1,1,1,1,1,1,1,1,1,1,1,1,1,1,1,1,1,1,1,1,1,
1,1,1,1,1,1,1,1,1,1,1,1,1,1,1,1,1,1,1,1,1,1,1,1,1,1,1,1,1,1,1,1,1,1,1,1,
1,1,1,1,1,1,1,1,1,1,1,1,1,1,1,1,1,1,1,1,1,1,1,1,1,1,1,1,1,1,1,1,1,1,1,1,
1,1,1,1,1,1,1,1,1,1,1,1,1,1,1,1,1,1,1,1,1,1,1,1,1,1,1,1,1,1,1,1,1,1,1,1,
1,1,1,1,1,1,1,1,1,1,1,1,1,1,1,1,1,1,1,1,1,1,1,1,1,1,1,1,1,1,1,1,1,1,1,1,
1,1,1,1,1,1,1,1,1,1,1,1,1,1,1,1,1,1,1,1,1,1,1,1,1,1,1,1,1,1,1,1,1,1,1,1,
1,1,1,1,1,1,1,1,1,1,1,1,1,1,1,1,1,1,1,1,1,1,1,1,1,1,1,1,1,1,1,1,1,1,1,1,
1,1,1,1,1,1,1,1,1,1,1,1,1,1,1,1,1,1,1,1,1,1,1,1,1,1,1,1,1,1,1,1,1,1,1,1,
1,1,1,1,1,1,1,1,1,1,1,1,1,1,1,1,1,1,1,1,1,1,1,1,1,1,1,1,1,1,1,1,1,1,1,1,
1,1,1,1,1,1,1,1,1,1,1,1,1,1,1,1,1,1,1,1,1,1,1,1,1,1,1,1,1,1,1,1,1,1,1,1,
1,1,1,1,1,1,1,1,1,1,1,1,1,1,1,1,1,1,1,1,1,1,1,1,1,1,1,1,1,1,1,1,1,1,1,1,
1,1,1,1,1,1,1,1,1,1,1,1,1,1,1,1,1,1,1,1,1,1,1,1,1,1,1,1,1,1,1,1,1,1,1,1,
1,1,1,1,1,1,1,1,1,1,1,1,1,1,1,1,1,1,1,1,1,1,1,1,1,1,1,1,1,1,1,1,1,1,1,1,
1,1,1,1,1,1,1,1,1,1,1,1,1,1,1,1,1,1,1,1,1,1,1,1,1,1,1,1,1,1,1,1,1,1,1,1,
1,1,1,1,1,1,1,1,1,1,1,1,1,1,1,1,1,1,1,1,1,1,1,1,1,1,1,1,1,1,1,1,1,1,1,1,
1,1,1,1,1,1,1,1,1,1,1,1,1,1,1,1,1,1,1,1,1,1,1,1,1,1,1,1,1,1,1,1,1,1,1,1,
1,1,1,1,1,1,1,1,1,1,1,1,1,1,1,1,1,1,1,1,1,1,1,1,1,1,1,1,1,1,1,1,1,1,1,1,
1,1,1,1,1,1,1,1,1,1,1,1,1,1,1,1,1,1,1,1,1,1,1,1,1,1,1,1,1,1,1,1,1,1,1,1,
1,1,1,1,1,1,1,1,1,1,1,1,1,1,1,1,1,1,1,1,1,1,1,1,1,1,1,1,1,1,1,1,1,1,1,1,
1,1,1,1,1,1,1,1,1,1,1,1,1,1,1,1,1,1,1,1,1,1,1,1,1,1,1,1,1,1,1,1,1,1,1,1,
1,1,1,1,1,1,1,1,1,1,1,1,1,1,1,1,1,1,1,1,1,1,1,1,1,1,1,1,1,1,1,1,1,1,1,1,
1,1,1,1,1,1,1,1,1,1,1,1,1,1,1,1,1,1,1,1,1,1,1,1,1,1,1,1,1,1,1,1,1,1,1,1,
1,1,1,1,1,1,1,1,1,1,1,1,1,1,1,1,1,1,1,1,1,1,1,1,1,1,1,1,1,1,1,1,1,1,1,1,
1,1,1,1,1,1,1,1,1,1,1,1,1,1,1,1,1,1,1,1,1,1,1,1,1,1,1,1,1,1,1,1,1,1,1,1,
1,1,1,1,1,1,1,1,1,1,1,1,1,1,1,1,1,1,1,1,1,1,1,1,1,1,1,1,1,1,1,1,1,1,1,1,
1,1,1,1,1,1,1,1,1,1,1,1,1,1,1,1,1,1,1,1,1,1,1,1,1,1,1,1,1,1,1,1,1,1,1,1,
1,1,1,1,1,1,1,1,1,1,1,1,1,1,1,1,1,1,1,1,1,1,1,1,1,1,1,1,1,1,1,1,1,1,1,1,
1,1,1,1,1,1,1,1,1,1,1,1,1,1,1,1,1,1,1,1,1,1,1,1,1,1,1,1,1,1,1,1,1,1,1,1,
1,1,1,1,1,1,1,1,1,1,1,1,1,1,1,1,1,1,1,1,1,1,1,1,1,1,1,1,1,1,1,1,1,1,1,1,
1,1,1,1,1,1,1,1,1,1,1,1,1,1,1,1,1,1,1,1,1,1,1,1,1,1,1,1,1,1,1,1,1,1,1,1,
1,1,1,1,1,1,1,1,1,1,1,1,1,1,1,1,1,1,1,1,1,1,1,1,1,1,1,1,1,1,1,1,1,1,1,1,
1,1,1,1,1,1,1,1,1,1,1,1,1,1,1,1,1,1,1,1,1,1,1,1,1,1,1,1,1,1,1,1,1,1,1,1,
1,1,1,1,1,1,1,1,1,1,1,1,1,1,1,1,1,1,1,1,1,1,1,1,1,1,1,1,1,1,1,1,1,1,1,1,
1,1,1,1,1,1,1,1,1,1,1,1,1,1,1,1,1,1,1,1,1,1,1,1,1,1,1,1,1,1,1,1,1,1,1,1,
1,1,1,1,1,1,1,1,1,1,1,1,1,1,1,1,1,1,1,1,1,1,1,1,1,1,1,1,1,1,1,1,1,1,1,1,
1,1,1,1,1,1,1,1,1,1,1,1,1,1,1,1,1,1,1,4),(0.,0.0009765625,0.00146484375,
0.001953125,0.00244140625,0.0029296875,0.00341796875,0.00390625,0.00439453125,
0.0048828125,0.00537109375,0.005859375,0.00634765625,0.0068359375,0.00732421875,
0.0078125,0.00830078125,0.0087890625,0.00927734375,0.009765625,0.01025390625,
0.0107421875,0.01123046875,0.01171875,0.01220703125,0.0126953125,0.01318359375,
0.013671875,0.01416015625,0.0146484375,0.015625,0.01611328125,0.0166015625,
0.017578125,0.0185546875,0.01953125,0.0205078125,0.021484375,0.0224609375,
0.0234375,0.025390625,0.02734375,0.029296875,0.03125,0.0322265625,0.033203125,
0.0341796875,0.03515625,0.0361328125,0.037109375,0.0380859375,0.03857421875,
0.0390625,0.0400390625,0.04052734375,0.041015625,0.04150390625,0.0419921875,
0.04248046875,0.04296875,0.04345703125,0.0439453125,0.04443359375,0.044921875,
0.04541015625,0.0458984375,0.04638671875,0.046875,0.04736328125,0.0478515625,
0.04833984375,0.048828125,0.04931640625,0.0498046875,0.05029296875,0.05078125,
0.05126953125,0.0517578125,0.05224609375,0.052734375,0.05322265625,0.0537109375,
0.05419921875,0.0546875,0.0556640625,0.05615234375,0.056640625,0.05712890625,
0.0576171875,0.05810546875,0.05859375,0.05908203125,0.0595703125,0.06005859375,
0.060546875,0.06103515625,0.0615234375,0.06201171875,0.0625,0.06298828125,
0.0634765625,0.06396484375,0.064453125,0.06494140625,0.0654296875,0.06591796875,
0.06640625,0.06689453125,0.0673828125,0.06787109375,0.068359375,0.06884765625,
0.0693359375,0.0703125,0.0712890625,0.072265625,0.0732421875,0.07421875,
0.0751953125,0.076171875,0.0771484375,0.078125,0.080078125,0.08203125,0.0830078125,
0.083984375,0.0849609375,0.0859375,0.0869140625,0.087890625,0.0888671875,
0.08984375,0.0908203125,0.091796875,0.0927734375,0.09326171875,0.09375,
0.09423828125,0.0947265625,0.09521484375,0.095703125,0.09619140625,0.0966796875,
0.09716796875,0.09765625,0.09814453125,0.0986328125,0.09912109375,0.099609375,
0.10009765625,0.1005859375,0.10107421875,0.1015625,0.10205078125,0.1025390625,
0.10302734375,0.103515625,0.10400390625,0.1044921875,0.10498046875,0.10546875,
0.10595703125,0.1064453125,0.10693359375,0.107421875,0.10791015625,0.1083984375,
0.10888671875,0.109375,0.10986328125,0.1103515625,0.11083984375,0.111328125,
0.11181640625,0.1123046875,0.11279296875,0.11328125,0.11376953125,0.1142578125,
0.11474609375,0.115234375,0.11572265625,0.1162109375,0.11669921875,0.1171875,
0.11767578125,0.1181640625,0.11865234375,0.119140625,0.11962890625,0.1201171875,
0.12060546875,0.12109375,0.12158203125,0.1220703125,0.12255859375,0.123046875,
0.12353515625,0.1240234375,0.125,0.1259765625,0.126953125,0.1279296875,
0.12890625,0.1298828125,0.130859375,0.1318359375,0.1328125,0.134765625,
0.13671875,0.1376953125,0.138671875,0.1396484375,0.140625,0.1416015625,
0.142578125,0.1435546875,0.14453125,0.1455078125,0.146484375,0.1474609375,
0.14794921875,0.1484375,0.14892578125,0.1494140625,0.14990234375,0.150390625,
0.15087890625,0.1513671875,0.15185546875,0.15234375,0.15283203125,0.1533203125,
0.15380859375,0.154296875,0.15478515625,0.1552734375,0.15576171875,0.15625,
0.15673828125,0.1572265625,0.15771484375,0.158203125,0.15869140625,0.1591796875,
0.15966796875,0.16015625,0.16064453125,0.1611328125,0.162109375,0.16259765625,
0.1630859375,0.16357421875,0.1640625,0.16455078125,0.1650390625,0.16552734375,
0.166015625,0.16650390625,0.1669921875,0.16748046875,0.16796875,0.16845703125,
0.1689453125,0.16943359375,0.169921875,0.17041015625,0.1708984375,0.17138671875,
0.171875,0.17236328125,0.1728515625,0.17333984375,0.173828125,0.17431640625,
0.1748046875,0.17529296875,0.17578125,0.17626953125,0.1767578125,0.177734375,
0.17822265625,0.1787109375,0.1796875,0.1806640625,0.181640625,0.1826171875,
0.18359375,0.1845703125,0.185546875,0.1865234375,0.1875,0.19140625,0.1923828125,
0.193359375,0.1943359375,0.1953125,0.1962890625,0.197265625,0.1982421875,
0.19921875,0.2001953125,0.20068359375,0.201171875,0.2021484375,0.20263671875,
0.203125,0.20361328125,0.2041015625,0.20458984375,0.205078125,0.20556640625,
0.2060546875,0.20654296875,0.20703125,0.20751953125,0.2080078125,0.20849609375,
0.208984375,0.20947265625,0.2099609375,0.21044921875,0.2109375,0.21142578125,
0.2119140625,0.21240234375,0.212890625,0.21337890625,0.2138671875,0.21435546875,
0.21484375,0.21533203125,0.2158203125,0.216796875,0.2177734375,0.21826171875,
0.21875,0.21923828125,0.2197265625,0.22021484375,0.220703125,0.22119140625,
0.2216796875,0.22216796875,0.22265625,0.22314453125,0.2236328125,0.22412109375,
0.224609375,0.22509765625,0.2255859375,0.22607421875,0.2265625,0.22705078125,
0.2275390625,0.22802734375,0.228515625,0.22900390625,0.2294921875,0.22998046875,
0.23046875,0.23095703125,0.2314453125,0.232421875,0.23291015625,0.2333984375,
0.234375,0.2353515625,0.236328125,0.2373046875,0.23828125,0.2392578125,
0.240234375,0.2412109375,0.2421875,0.24609375,0.2470703125,0.248046875,
0.2490234375,0.25,0.2509765625,0.251953125,0.2529296875,0.25390625,0.2548828125,
0.25537109375,0.255859375,0.2568359375,0.25732421875,0.2578125,0.25830078125,
0.2587890625,0.25927734375,0.259765625,0.26025390625,0.2607421875,0.26123046875,
0.26171875,0.26220703125,0.2626953125,0.26318359375,0.263671875,0.26416015625,
0.2646484375,0.26513671875,0.265625,0.26611328125,0.2666015625,0.26708984375,
0.267578125,0.26806640625,0.2685546875,0.26904296875,0.26953125,0.27001953125,
0.2705078125,0.27099609375,0.271484375,0.2724609375,0.27294921875,0.2734375,
0.27392578125,0.2744140625,0.27490234375,0.275390625,0.27587890625,0.2763671875,
0.27685546875,0.27734375,0.27783203125,0.2783203125,0.27880859375,0.279296875,
0.27978515625,0.2802734375,0.28076171875,0.28125,0.28173828125,0.2822265625,
0.28271484375,0.283203125,0.28369140625,0.2841796875,0.28466796875,0.28515625,
0.28564453125,0.2861328125,0.287109375,0.2880859375,0.2890625,0.2900390625,
0.291015625,0.2919921875,0.29296875,0.2939453125,0.294921875,0.2958984375,
0.296875,0.298828125,0.30078125,0.3017578125,0.302734375,0.3037109375,0.3046875,
0.3056640625,0.306640625,0.3076171875,0.30859375,0.3095703125,0.31005859375,
0.310546875,0.31103515625,0.3115234375,0.31201171875,0.3125,0.31298828125,
0.3134765625,0.31396484375,0.314453125,0.31494140625,0.3154296875,0.31591796875,
0.31640625,0.31689453125,0.3173828125,0.31787109375,0.318359375,0.31884765625,
0.3193359375,0.31982421875,0.3203125,0.32080078125,0.3212890625,0.32177734375,
0.322265625,0.32275390625,0.3232421875,0.32373046875,0.32421875,0.32470703125,
0.3251953125,0.32568359375,0.326171875,0.32666015625,0.3271484375,0.32763671875,
0.328125,0.32861328125,0.3291015625,0.32958984375,0.330078125,0.33056640625,
0.3310546875,0.33154296875,0.33203125,0.33251953125,0.3330078125,0.33349609375,
0.333984375,0.33447265625,0.3349609375,0.33544921875,0.3359375,0.33642578125,
0.3369140625,0.33740234375,0.337890625,0.33837890625,0.3388671875,0.33935546875,
0.33984375,0.34033203125,0.3408203125,0.341796875,0.3427734375,0.34375,
0.3447265625,0.345703125,0.3466796875,0.34765625,0.3486328125,0.349609375,
0.3505859375,0.3515625,0.353515625,0.35546875,0.3564453125,0.357421875,
0.3583984375,0.359375,0.3603515625,0.361328125,0.3623046875,0.36328125,
0.3642578125,0.36474609375,0.365234375,0.36572265625,0.3662109375,0.36669921875,
0.3671875,0.36767578125,0.3681640625,0.36865234375,0.369140625,0.36962890625,
0.3701171875,0.37060546875,0.37109375,0.37158203125,0.3720703125,0.37255859375,
0.373046875,0.37353515625,0.3740234375,0.37451171875,0.375,0.37548828125,
0.3759765625,0.37646484375,0.376953125,0.37744140625,0.3779296875,0.37890625,
0.37939453125,0.3798828125,0.38037109375,0.380859375,0.38134765625,0.3818359375,
0.38232421875,0.3828125,0.38330078125,0.3837890625,0.38427734375,0.384765625,
0.38525390625,0.3857421875,0.38623046875,0.38671875,0.38720703125,0.3876953125,
0.388671875,0.38916015625,0.3896484375,0.39013671875,0.390625,0.39111328125,
0.3916015625,0.39208984375,0.392578125,0.39453125,0.3984375,0.40625,0.4140625,
0.41796875,0.421875,0.42236328125,0.4228515625,0.42333984375,0.423828125,
0.42431640625,0.4248046875,0.42578125,0.42626953125,0.4267578125,0.427734375,
0.42822265625,0.4287109375,0.42919921875,0.4296875,0.43017578125,0.4306640625,
0.43115234375,0.431640625,0.43212890625,0.4326171875,0.43310546875,0.43359375,
0.43408203125,0.4345703125,0.43505859375,0.435546875,0.43603515625,0.4365234375,
0.43701171875,0.4375,0.43798828125,0.4384765625,0.43896484375,0.439453125,
0.43994140625,0.4404296875,0.44091796875,0.44140625,0.44189453125,0.4423828125,
0.44287109375,0.443359375,0.44384765625,0.4443359375,0.44482421875,0.4453125,
0.447265625,0.4482421875,0.44921875,0.453125,0.45703125,0.4609375,0.46875,
0.470703125,0.47265625,0.4736328125,0.47412109375,0.474609375,0.47509765625,
0.4755859375,0.47607421875,0.4765625,0.47705078125,0.4775390625,0.47802734375,
0.478515625,0.4794921875,0.47998046875,0.48046875,0.4814453125,0.48193359375,
0.482421875,0.48291015625,0.4833984375,0.48388671875,0.484375,0.48486328125,
0.4853515625,0.48583984375,0.486328125,0.48681640625,0.4873046875,0.48828125,
0.48876953125,0.4892578125,0.48974609375,0.490234375,0.49072265625,0.4912109375,
0.49169921875,0.4921875,0.49267578125,0.4931640625,0.49365234375,0.494140625,
0.4951171875,0.49560546875,0.49609375,0.49658203125,0.4970703125,0.49755859375,
0.498046875,0.49853515625,0.4990234375,0.49951171875,0.5,0.50390625,0.5078125,
0.515625,0.5234375,0.52734375,0.529296875,0.53125,0.53173828125,0.5322265625,
0.533203125,0.53369140625,0.5341796875,0.53515625,0.53564453125,0.5361328125,
0.53662109375,0.537109375,0.53759765625,0.5380859375,0.53857421875,0.5390625,
0.53955078125,0.5400390625,0.54052734375,0.541015625,0.54150390625,0.5419921875,
0.54248046875,0.54296875,0.54345703125,0.5439453125,0.54443359375,0.544921875,
0.54541015625,0.5458984375,0.54638671875,0.546875,0.54736328125,0.5478515625,
0.548828125,0.54931640625,0.5498046875,0.55029296875,0.55078125,0.55126953125,
0.5517578125,0.55224609375,0.552734375,0.55322265625,0.5537109375,0.5546875,
0.55517578125,0.5556640625,0.556640625,0.55859375,0.5625,0.5703125,0.57421875,
0.578125,0.580078125,0.5810546875,0.58203125,0.583984375,0.58447265625,
0.5849609375,0.58544921875,0.5859375,0.58642578125,0.5869140625,0.58740234375,
0.587890625,0.5888671875,0.58935546875,0.58984375,0.59033203125,0.5908203125,
0.59130859375,0.591796875,0.59228515625,0.5927734375,0.59326171875,0.59375,
0.59423828125,0.5947265625,0.59521484375,0.595703125,0.59619140625,0.5966796875,
0.59716796875,0.59765625,0.59814453125,0.5986328125,0.59912109375,0.599609375,
0.60009765625,0.6005859375,0.60107421875,0.6015625,0.6025390625,0.60302734375,
0.603515625,0.6044921875,0.60498046875,0.60546875,0.60595703125,0.6064453125,
0.60693359375,0.607421875,0.609375,0.61328125,0.6171875,0.625,0.62890625,
0.630859375,0.6318359375,0.6328125,0.63330078125,0.6337890625,0.634765625,
0.63525390625,0.6357421875,0.63623046875,0.63671875,0.6376953125,0.63818359375,
0.638671875,0.63916015625,0.6396484375,0.640625,0.64111328125,0.6416015625,
0.64208984375,0.642578125,0.6435546875,0.64404296875,0.64453125,0.64501953125,
0.6455078125,0.646484375,0.64697265625,0.6474609375,0.64794921875,0.6484375,
0.64892578125,0.6494140625,0.64990234375,0.650390625,0.65087890625,0.6513671875,
0.65185546875,0.65234375,0.65283203125,0.6533203125,0.65380859375,0.654296875,
0.65478515625,0.6552734375,0.65576171875,0.65625,0.65673828125,0.6572265625,
0.65771484375,0.658203125,0.65869140625,0.6591796875,0.65966796875,0.66015625,
0.66064453125,0.6611328125,0.66162109375,0.662109375,0.66259765625,0.6630859375,
0.66357421875,0.6640625,0.66455078125,0.6650390625,0.66552734375,0.666015625,
0.66650390625,0.6669921875,0.66796875,0.671875,0.6796875,0.68359375,0.685546875,
0.6875,0.6884765625,0.689453125,0.68994140625,0.6904296875,0.69091796875,
0.69140625,0.6923828125,0.69287109375,0.693359375,0.69384765625,0.6943359375,
0.6953125,0.69580078125,0.6962890625,0.69677734375,0.697265625,0.69775390625,
0.6982421875,0.69873046875,0.69921875,0.69970703125,0.7001953125,0.70068359375,
0.701171875,0.70166015625,0.7021484375,0.70263671875,0.703125,0.70361328125,
0.7041015625,0.705078125,0.70556640625,0.7060546875,0.70654296875,0.70703125,
0.70751953125,0.7080078125,0.70849609375,0.708984375,0.70947265625,0.7099609375,
0.71044921875,0.7109375,0.71142578125,0.7119140625,0.71240234375,0.712890625,
0.71337890625,0.7138671875,0.71435546875,0.71484375,0.71533203125,0.7158203125,
0.71630859375,0.716796875,0.7177734375,0.71826171875,0.71875,0.71923828125,
0.7197265625,0.720703125,0.7216796875,0.72216796875,0.72265625,0.724609375,
0.7265625,0.73046875,0.734375,0.73828125,0.7421875,0.7431640625,0.744140625,
0.7451171875,0.74609375,0.74658203125,0.7470703125,0.74755859375,0.748046875,
0.74853515625,0.7490234375,0.74951171875,0.75,0.75048828125,0.7509765625,
0.75146484375,0.751953125,0.75244140625,0.7529296875,0.75341796875,0.75390625,
0.75439453125,0.7548828125,0.75537109375,0.755859375,0.75634765625,0.7568359375,
0.75732421875,0.7578125,0.75830078125,0.7587890625,0.75927734375,0.759765625,
0.76025390625,0.7607421875,0.76123046875,0.76171875,0.76220703125,0.7626953125,
0.76318359375,0.763671875,0.76416015625,0.7646484375,0.76513671875,0.765625,
0.7666015625,0.76708984375,0.767578125,0.76806640625,0.7685546875,0.76953125,
0.77001953125,0.7705078125,0.77099609375,0.771484375,0.7724609375,0.77294921875,
0.7734375,0.77392578125,0.7744140625,0.775390625,0.77587890625,0.7763671875,
0.77734375,0.7783203125,0.77880859375,0.779296875,0.78125,0.7890625,0.79296875,
0.794921875,0.7958984375,0.796875,0.7978515625,0.79833984375,0.798828125,
0.79931640625,0.7998046875,0.80078125,0.80126953125,0.8017578125,0.80224609375,
0.802734375,0.80322265625,0.8037109375,0.80419921875,0.8046875,0.80517578125,
0.8056640625,0.80615234375,0.806640625,0.80712890625,0.8076171875,0.80810546875,
0.80859375,0.80908203125,0.8095703125,0.81005859375,0.810546875,0.81103515625,
0.8115234375,0.81201171875,0.8125,0.8134765625,0.81396484375,0.814453125,
0.81494140625,0.8154296875,0.81591796875,0.81640625,0.81689453125,0.8173828125,
0.81787109375,0.818359375,0.81884765625,0.8193359375,0.81982421875,0.8203125,
0.82080078125,0.8212890625,0.82177734375,0.822265625,0.82275390625,0.8232421875,
0.82373046875,0.82421875,0.82470703125,0.8251953125,0.826171875,0.82666015625,
0.8271484375,0.82763671875,0.828125,0.830078125,0.83203125,0.8359375,0.84375,
0.845703125,0.8466796875,0.84765625,0.8486328125,0.849609375,0.85009765625,
0.8505859375,0.8515625,0.85205078125,0.8525390625,0.85302734375,0.853515625,
0.85400390625,0.8544921875,0.85498046875,0.85546875,0.85595703125,0.8564453125,
0.85693359375,0.857421875,0.85791015625,0.8583984375,0.85888671875,0.859375,
0.85986328125,0.8603515625,0.86083984375,0.861328125,0.86181640625,0.8623046875,
0.86279296875,0.86328125,0.86376953125,0.8642578125,0.86474609375,0.865234375,
0.86572265625,0.8662109375,0.86669921875,0.8671875,0.86767578125,0.8681640625,
0.86865234375,0.869140625,0.86962890625,0.8701171875,0.87060546875,0.87109375,
0.87158203125,0.8720703125,0.87255859375,0.873046875,0.87353515625,0.8740234375,
0.87451171875,0.875,0.87548828125,0.8759765625,0.87646484375,0.876953125,
0.8779296875,0.87841796875,0.87890625,0.87939453125,0.8798828125,0.880859375,
0.88134765625,0.8818359375,0.88232421875,0.8828125,0.8837890625,0.884765625,
0.88671875,0.890625,0.8984375,0.90234375,0.904296875,0.9052734375,0.90625,
0.90673828125,0.9072265625,0.90771484375,0.908203125,0.9091796875,0.90966796875,
0.91015625,0.91064453125,0.9111328125,0.912109375,0.91259765625,0.9130859375,
0.91357421875,0.9140625,0.91455078125,0.9150390625,0.91552734375,0.916015625,
0.91650390625,0.9169921875,0.91748046875,0.91796875,0.91845703125,0.9189453125,
0.91943359375,0.919921875,0.92041015625,0.9208984375,0.92138671875,0.921875,
0.92236328125,0.9228515625,0.92333984375,0.923828125,0.92431640625,0.9248046875,
0.92529296875,0.92578125,0.92626953125,0.9267578125,0.92724609375,0.927734375,
0.92822265625,0.9287109375,0.92919921875,0.9296875,0.93017578125,0.9306640625,
0.93115234375,0.931640625,0.93359375,0.9375,0.94140625,0.9453125,0.953125,
0.95703125,0.958984375,0.9599609375,0.96044921875,0.9609375,0.962890625,
0.9638671875,0.96435546875,0.96484375,0.96533203125,0.9658203125,0.96630859375,
0.966796875,0.9677734375,0.96826171875,0.96875,0.96923828125,0.9697265625,
0.97021484375,0.970703125,0.97119140625,0.9716796875,0.97216796875,0.97265625,
0.97314453125,0.9736328125,0.97412109375,0.974609375,0.97509765625,0.9755859375,
0.9765625,0.9775390625,0.978515625,0.98046875,0.984375,0.98828125,0.9921875,
0.994140625,0.99609375,0.998046875,0.9990234375,1.),.UNSPECIFIED.);
#231=B_SPLINE_CURVE_WITH_KNOTS('',3,(#4255,#4256,#4257,#4258),
 .UNSPECIFIED.,.F.,.F.,(4,4),(0.,0.974626802376292),.UNSPECIFIED.);
#232=B_SPLINE_CURVE_WITH_KNOTS('',3,(#4260,#4261,#4262,#4263,#4264,#4265,
#4266,#4267,#4268,#4269,#4270,#4271,#4272,#4273,#4274,#4275,#4276,#4277,
#4278),.UNSPECIFIED.,.F.,.F.,(4,1,1,1,1,1,1,1,1,1,1,1,1,1,1,1,4),(0.,7.6096979364394,
15.2193958728788,22.8290938093182,30.4387917457576,38.048489682197,45.6581876186364,
53.2678855550758,60.8775834915152,68.4872814279546,76.096979364394,83.7066773008334,
91.3163752372728,98.9260731737122,106.535771110152,114.145469046591,121.75516698303),
 .UNSPECIFIED.);
#233=B_SPLINE_CURVE_WITH_KNOTS('',3,(#4280,#4281,#4282,#4283),
 .UNSPECIFIED.,.F.,.F.,(4,4),(-0.974626802376292,0.),.UNSPECIFIED.);
#234=B_SPLINE_CURVE_WITH_KNOTS('',3,(#4285,#4286,#4287,#4288),
 .UNSPECIFIED.,.F.,.F.,(4,4),(0.,0.974626802376292),.UNSPECIFIED.);
#235=B_SPLINE_CURVE_WITH_KNOTS('',3,(#4290,#4291,#4292,#4293),
 .UNSPECIFIED.,.F.,.F.,(4,4),(-55.8625558743537,0.),.UNSPECIFIED.);
#236=B_SPLINE_CURVE_WITH_KNOTS('',3,(#4295,#4296,#4297,#4298),
 .UNSPECIFIED.,.F.,.F.,(4,4),(0.,0.974626802376292),.UNSPECIFIED.);
#237=B_SPLINE_CURVE_WITH_KNOTS('',3,(#4300,#4301,#4302,#4303,#4304,#4305,
#4306,#4307,#4308,#4309,#4310,#4311,#4312,#4313,#4314,#4315,#4316,#4317,
#4318),.UNSPECIFIED.,.F.,.F.,(4,1,1,1,1,1,1,1,1,1,1,1,1,1,1,1,4),(0.,7.60969793643941,
15.2193958728788,22.8290938093182,30.4387917457576,38.048489682197,45.6581876186365,
53.2678855550759,60.8775834915153,68.4872814279547,76.0969793643941,83.7066773008335,
91.3163752372729,98.9260731737123,106.535771110152,114.145469046591,121.755166983031),
 .UNSPECIFIED.);
#238=B_SPLINE_CURVE_WITH_KNOTS('',3,(#4320,#4321,#4322,#4323),
 .UNSPECIFIED.,.F.,.F.,(4,4),(-55.8625558743538,0.),.UNSPECIFIED.);
#239=B_SPLINE_CURVE_WITH_KNOTS('',3,(#4325,#4326,#4327,#4328),
 .UNSPECIFIED.,.F.,.F.,(4,4),(0.,1.),.UNSPECIFIED.);
#240=B_SPLINE_CURVE_WITH_KNOTS('',3,(#4330,#4331,#4332,#4333,#4334,#4335,
#4336,#4337,#4338,#4339,#4340,#4341,#4342,#4343,#4344,#4345,#4346,#4347,
#4348,#4349,#4350,#4351,#4352,#4353,#4354,#4355,#4356,#4357,#4358,#4359,
#4360,#4361,#4362,#4363,#4364,#4365,#4366,#4367,#4368,#4369,#4370,#4371,
#4372,#4373,#4374,#4375,#4376,#4377,#4378,#4379,#4380,#4381,#4382,#4383,
#4384,#4385,#4386,#4387,#4388,#4389,#4390,#4391,#4392,#4393,#4394,#4395,
#4396,#4397,#4398,#4399,#4400,#4401,#4402,#4403,#4404,#4405,#4406,#4407,
#4408,#4409,#4410,#4411,#4412,#4413,#4414,#4415,#4416,#4417,#4418,#4419,
#4420,#4421,#4422,#4423,#4424,#4425,#4426,#4427,#4428,#4429,#4430,#4431,
#4432,#4433,#4434,#4435,#4436,#4437,#4438,#4439,#4440,#4441,#4442,#4443,
#4444,#4445,#4446,#4447,#4448,#4449,#4450,#4451,#4452,#4453,#4454,#4455,
#4456,#4457,#4458,#4459,#4460,#4461,#4462,#4463,#4464,#4465,#4466,#4467,
#4468,#4469,#4470,#4471,#4472,#4473,#4474,#4475,#4476,#4477,#4478,#4479,
#4480,#4481,#4482,#4483,#4484,#4485,#4486,#4487,#4488,#4489,#4490,#4491,
#4492,#4493,#4494,#4495,#4496,#4497,#4498,#4499,#4500,#4501,#4502,#4503,
#4504,#4505,#4506,#4507,#4508,#4509,#4510,#4511,#4512,#4513,#4514,#4515,
#4516,#4517,#4518,#4519,#4520,#4521,#4522,#4523,#4524,#4525,#4526,#4527,
#4528,#4529,#4530,#4531,#4532,#4533,#4534,#4535,#4536,#4537,#4538,#4539,
#4540,#4541,#4542,#4543,#4544,#4545,#4546,#4547,#4548,#4549,#4550,#4551,
#4552,#4553,#4554,#4555,#4556,#4557,#4558,#4559,#4560,#4561,#4562,#4563,
#4564,#4565,#4566,#4567,#4568,#4569,#4570,#4571,#4572,#4573,#4574,#4575,
#4576,#4577,#4578,#4579,#4580,#4581,#4582,#4583,#4584,#4585,#4586,#4587,
#4588,#4589,#4590,#4591,#4592,#4593,#4594,#4595,#4596,#4597,#4598,#4599,
#4600,#4601,#4602,#4603,#4604,#4605,#4606,#4607,#4608,#4609,#4610,#4611,
#4612,#4613,#4614,#4615,#4616,#4617,#4618,#4619,#4620,#4621,#4622,#4623,
#4624,#4625,#4626,#4627,#4628,#4629,#4630,#4631,#4632,#4633,#4634,#4635,
#4636,#4637,#4638,#4639,#4640,#4641,#4642,#4643,#4644,#4645,#4646,#4647,
#4648,#4649,#4650,#4651,#4652,#4653,#4654,#4655,#4656,#4657,#4658,#4659,
#4660,#4661,#4662,#4663,#4664,#4665,#4666,#4667,#4668,#4669,#4670,#4671,
#4672,#4673,#4674,#4675,#4676,#4677,#4678,#4679,#4680,#4681,#4682,#4683,
#4684,#4685,#4686,#4687,#4688,#4689,#4690,#4691,#4692,#4693,#4694,#4695,
#4696,#4697,#4698,#4699,#4700,#4701,#4702,#4703,#4704,#4705,#4706,#4707,
#4708,#4709,#4710,#4711,#4712,#4713,#4714,#4715,#4716,#4717,#4718,#4719,
#4720,#4721,#4722,#4723,#4724,#4725,#4726,#4727,#4728,#4729,#4730,#4731,
#4732,#4733,#4734,#4735,#4736,#4737,#4738,#4739,#4740,#4741,#4742,#4743,
#4744,#4745,#4746,#4747,#4748,#4749,#4750,#4751,#4752,#4753,#4754,#4755,
#4756,#4757,#4758,#4759,#4760,#4761,#4762,#4763,#4764,#4765,#4766,#4767,
#4768,#4769,#4770,#4771,#4772,#4773,#4774,#4775,#4776,#4777,#4778,#4779,
#4780,#4781,#4782,#4783,#4784,#4785,#4786,#4787,#4788,#4789,#4790,#4791,
#4792,#4793,#4794,#4795,#4796,#4797,#4798,#4799,#4800,#4801,#4802,#4803,
#4804,#4805,#4806,#4807,#4808,#4809,#4810,#4811,#4812,#4813,#4814,#4815,
#4816,#4817,#4818,#4819,#4820,#4821,#4822,#4823,#4824,#4825,#4826,#4827,
#4828,#4829,#4830,#4831,#4832,#4833,#4834,#4835,#4836,#4837,#4838,#4839,
#4840,#4841,#4842,#4843,#4844,#4845,#4846,#4847,#4848,#4849,#4850,#4851,
#4852,#4853,#4854,#4855,#4856,#4857,#4858,#4859,#4860,#4861,#4862,#4863,
#4864,#4865,#4866,#4867,#4868,#4869,#4870,#4871,#4872,#4873,#4874,#4875,
#4876,#4877,#4878,#4879,#4880,#4881,#4882,#4883,#4884,#4885,#4886,#4887,
#4888,#4889,#4890,#4891,#4892,#4893,#4894,#4895,#4896,#4897,#4898,#4899,
#4900,#4901,#4902,#4903,#4904,#4905,#4906,#4907,#4908,#4909,#4910,#4911,
#4912,#4913,#4914,#4915,#4916,#4917,#4918,#4919,#4920,#4921,#4922,#4923,
#4924,#4925,#4926,#4927,#4928,#4929,#4930,#4931,#4932,#4933,#4934,#4935,
#4936,#4937,#4938,#4939,#4940,#4941,#4942,#4943,#4944,#4945,#4946,#4947,
#4948,#4949,#4950,#4951,#4952,#4953,#4954,#4955,#4956,#4957,#4958,#4959,
#4960,#4961,#4962,#4963,#4964,#4965,#4966,#4967,#4968,#4969,#4970,#4971,
#4972,#4973,#4974,#4975,#4976,#4977,#4978,#4979,#4980,#4981,#4982,#4983,
#4984,#4985,#4986,#4987,#4988,#4989,#4990,#4991,#4992,#4993,#4994,#4995,
#4996,#4997,#4998,#4999,#5000,#5001,#5002,#5003,#5004,#5005,#5006,#5007,
#5008,#5009,#5010,#5011,#5012,#5013,#5014,#5015,#5016,#5017,#5018,#5019,
#5020,#5021,#5022,#5023,#5024,#5025,#5026,#5027,#5028,#5029,#5030,#5031,
#5032,#5033,#5034,#5035,#5036,#5037,#5038,#5039,#5040,#5041,#5042,#5043,
#5044,#5045,#5046,#5047,#5048,#5049,#5050,#5051,#5052,#5053,#5054,#5055,
#5056,#5057,#5058,#5059,#5060,#5061,#5062,#5063,#5064,#5065,#5066,#5067,
#5068,#5069,#5070,#5071,#5072,#5073,#5074,#5075,#5076,#5077,#5078,#5079,
#5080,#5081,#5082,#5083,#5084,#5085,#5086,#5087,#5088,#5089,#5090,#5091,
#5092,#5093,#5094,#5095,#5096,#5097,#5098,#5099,#5100,#5101,#5102,#5103,
#5104,#5105,#5106,#5107,#5108,#5109,#5110,#5111,#5112,#5113,#5114,#5115,
#5116,#5117,#5118,#5119,#5120,#5121,#5122,#5123,#5124,#5125,#5126,#5127,
#5128,#5129,#5130,#5131,#5132,#5133,#5134,#5135,#5136,#5137,#5138,#5139,
#5140,#5141,#5142,#5143,#5144,#5145,#5146,#5147,#5148,#5149,#5150,#5151,
#5152,#5153,#5154,#5155,#5156,#5157,#5158,#5159,#5160,#5161,#5162,#5163,
#5164,#5165,#5166,#5167,#5168,#5169,#5170,#5171,#5172,#5173,#5174,#5175,
#5176,#5177,#5178,#5179,#5180,#5181,#5182,#5183,#5184,#5185,#5186,#5187,
#5188,#5189,#5190,#5191,#5192,#5193,#5194,#5195,#5196,#5197,#5198,#5199,
#5200,#5201,#5202,#5203,#5204,#5205,#5206,#5207,#5208,#5209,#5210,#5211,
#5212,#5213,#5214,#5215,#5216,#5217,#5218,#5219,#5220,#5221,#5222,#5223,
#5224,#5225,#5226,#5227,#5228,#5229,#5230,#5231,#5232,#5233,#5234,#5235,
#5236,#5237,#5238,#5239,#5240,#5241,#5242,#5243,#5244,#5245,#5246,#5247,
#5248,#5249,#5250,#5251,#5252,#5253,#5254,#5255,#5256,#5257,#5258,#5259,
#5260,#5261,#5262,#5263,#5264,#5265,#5266,#5267,#5268,#5269,#5270,#5271,
#5272,#5273,#5274,#5275,#5276,#5277,#5278,#5279,#5280,#5281,#5282,#5283,
#5284,#5285,#5286,#5287,#5288,#5289,#5290,#5291,#5292,#5293,#5294,#5295,
#5296,#5297,#5298,#5299,#5300,#5301,#5302,#5303,#5304,#5305,#5306,#5307,
#5308,#5309,#5310,#5311,#5312,#5313,#5314,#5315,#5316,#5317,#5318,#5319,
#5320,#5321,#5322,#5323,#5324,#5325,#5326,#5327,#5328,#5329,#5330,#5331,
#5332,#5333,#5334,#5335,#5336,#5337,#5338,#5339,#5340,#5341,#5342,#5343,
#5344,#5345,#5346,#5347,#5348,#5349,#5350,#5351,#5352,#5353,#5354,#5355,
#5356,#5357,#5358,#5359,#5360,#5361,#5362,#5363,#5364,#5365,#5366,#5367,
#5368,#5369,#5370,#5371,#5372,#5373,#5374,#5375,#5376,#5377,#5378,#5379,
#5380,#5381,#5382,#5383,#5384,#5385,#5386,#5387,#5388,#5389,#5390,#5391,
#5392,#5393,#5394,#5395,#5396,#5397,#5398,#5399,#5400,#5401,#5402,#5403),
 .UNSPECIFIED.,.F.,.F.,(4,1,1,1,1,1,1,1,1,1,1,1,1,1,1,1,1,1,1,1,1,1,1,1,
1,1,1,1,1,1,1,1,1,1,1,1,1,1,1,1,1,1,1,1,1,1,1,1,1,1,1,1,1,1,1,1,1,1,1,1,
1,1,1,1,1,1,1,1,1,1,1,1,1,1,1,1,1,1,1,1,1,1,1,1,1,1,1,1,1,1,1,1,1,1,1,1,
1,1,1,1,1,1,1,1,1,1,1,1,1,1,1,1,1,1,1,1,1,1,1,1,1,1,1,1,1,1,1,1,1,1,1,1,
1,1,1,1,1,1,1,1,1,1,1,1,1,1,1,1,1,1,1,1,1,1,1,1,1,1,1,1,1,1,1,1,1,1,1,1,
1,1,1,1,1,1,1,1,1,1,1,1,1,1,1,1,1,1,1,1,1,1,1,1,1,1,1,1,1,1,1,1,1,1,1,1,
1,1,1,1,1,1,1,1,1,1,1,1,1,1,1,1,1,1,1,1,1,1,1,1,1,1,1,1,1,1,1,1,1,1,1,1,
1,1,1,1,1,1,1,1,1,1,1,1,1,1,1,1,1,1,1,1,1,1,1,1,1,1,1,1,1,1,1,1,1,1,1,1,
1,1,1,1,1,1,1,1,1,1,1,1,1,1,1,1,1,1,1,1,1,1,1,1,1,1,1,1,1,1,1,1,1,1,1,1,
1,1,1,1,1,1,1,1,1,1,1,1,1,1,1,1,1,1,1,1,1,1,1,1,1,1,1,1,1,1,1,1,1,1,1,1,
1,1,1,1,1,1,1,1,1,1,1,1,1,1,1,1,1,1,1,1,1,1,1,1,1,1,1,1,1,1,1,1,1,1,1,1,
1,1,1,1,1,1,1,1,1,1,1,1,1,1,1,1,1,1,1,1,1,1,1,1,1,1,1,1,1,1,1,1,1,1,1,1,
1,1,1,1,1,1,1,1,1,1,1,1,1,1,1,1,1,1,1,1,1,1,1,1,1,1,1,1,1,1,1,1,1,1,1,1,
1,1,1,1,1,1,1,1,1,1,1,1,1,1,1,1,1,1,1,1,1,1,1,1,1,1,1,1,1,1,1,1,1,1,1,1,
1,1,1,1,1,1,1,1,1,1,1,1,1,1,1,1,1,1,1,1,1,1,1,1,1,1,1,1,1,1,1,1,1,1,1,1,
1,1,1,1,1,1,1,1,1,1,1,1,1,1,1,1,1,1,1,1,1,1,1,1,1,1,1,1,1,1,1,1,1,1,1,1,
1,1,1,1,1,1,1,1,1,1,1,1,1,1,1,1,1,1,1,1,1,1,1,1,1,1,1,1,1,1,1,1,1,1,1,1,
1,1,1,1,1,1,1,1,1,1,1,1,1,1,1,1,1,1,1,1,1,1,1,1,1,1,1,1,1,1,1,1,1,1,1,1,
1,1,1,1,1,1,1,1,1,1,1,1,1,1,1,1,1,1,1,1,1,1,1,1,1,1,1,1,1,1,1,1,1,1,1,1,
1,1,1,1,1,1,1,1,1,1,1,1,1,1,1,1,1,1,1,1,1,1,1,1,1,1,1,1,1,1,1,1,1,1,1,1,
1,1,1,1,1,1,1,1,1,1,1,1,1,1,1,1,1,1,1,1,1,1,1,1,1,1,1,1,1,1,1,1,1,1,1,1,
1,1,1,1,1,1,1,1,1,1,1,1,1,1,1,1,1,1,1,1,1,1,1,1,1,1,1,1,1,1,1,1,1,1,1,1,
1,1,1,1,1,1,1,1,1,1,1,1,1,1,1,1,1,1,1,1,1,1,1,1,1,1,1,1,1,1,1,1,1,1,1,1,
1,1,1,1,1,1,1,1,1,1,1,1,1,1,1,1,1,1,1,1,1,1,1,1,1,1,1,1,1,1,1,1,1,1,1,1,
1,1,1,1,1,1,1,1,1,1,1,1,1,1,1,1,1,1,1,1,1,1,1,1,1,1,1,1,1,1,1,1,1,1,1,1,
1,1,1,1,1,1,1,1,1,1,1,1,1,1,1,1,1,1,1,1,1,1,1,1,1,1,1,1,1,1,1,1,1,1,1,1,
1,1,1,1,1,1,1,1,1,1,1,1,1,1,1,1,1,1,1,1,1,1,1,1,1,1,1,1,1,1,1,1,1,1,1,1,
1,1,1,1,1,1,1,1,1,1,1,1,1,1,1,1,1,1,1,1,1,1,1,1,1,1,1,1,1,1,1,1,1,1,1,1,
1,1,1,1,1,1,1,1,1,1,1,1,1,1,1,1,1,1,1,1,1,1,1,1,1,1,1,1,1,1,1,1,1,1,1,1,
1,1,1,1,1,1,1,1,1,1,1,1,1,1,1,1,1,1,1,1,1,1,1,1,1,1,1,1,1,1,1,1,1,1,1,1,
1,1,1,4),(0.,0.0078125,0.015625,0.0234375,0.02734375,0.029296875,0.0302734375,
0.03125,0.03173828125,0.0322265625,0.033203125,0.03515625,0.037109375,0.0390625,
0.04296875,0.046875,0.048828125,0.05078125,0.052734375,0.0546875,0.056640625,
0.0576171875,0.05859375,0.0595703125,0.06005859375,0.060546875,0.06103515625,
0.0615234375,0.06201171875,0.0625,0.06298828125,0.0634765625,0.06396484375,
0.064453125,0.06494140625,0.0654296875,0.06640625,0.0673828125,0.068359375,
0.0703125,0.072265625,0.07421875,0.076171875,0.078125,0.080078125,0.08203125,
0.083984375,0.0859375,0.087890625,0.0888671875,0.08984375,0.0908203125,
0.09130859375,0.091796875,0.09228515625,0.0927734375,0.09326171875,0.09375,
0.09423828125,0.0947265625,0.09521484375,0.095703125,0.09619140625,0.0966796875,
0.09765625,0.0986328125,0.099609375,0.1015625,0.103515625,0.1044921875,
0.10546875,0.1064453125,0.10693359375,0.107421875,0.10791015625,0.1083984375,
0.10888671875,0.109375,0.10986328125,0.1103515625,0.11083984375,0.111328125,
0.11181640625,0.1123046875,0.11328125,0.1142578125,0.115234375,0.1171875,
0.1181640625,0.119140625,0.1201171875,0.12109375,0.1220703125,0.12255859375,
0.123046875,0.12353515625,0.1240234375,0.12451171875,0.125,0.12548828125,
0.1259765625,0.12646484375,0.126953125,0.12744140625,0.1279296875,0.12890625,
0.1298828125,0.130859375,0.1318359375,0.1328125,0.1337890625,0.134765625,
0.1357421875,0.13671875,0.13720703125,0.1376953125,0.13818359375,0.138671875,
0.13916015625,0.1396484375,0.14013671875,0.140625,0.14111328125,0.1416015625,
0.14208984375,0.142578125,0.14306640625,0.1435546875,0.14404296875,0.14453125,
0.1455078125,0.146484375,0.1474609375,0.1484375,0.1494140625,0.150390625,
0.1513671875,0.15234375,0.15283203125,0.1533203125,0.15380859375,0.154296875,
0.15478515625,0.1552734375,0.15576171875,0.15625,0.15673828125,0.1572265625,
0.15771484375,0.158203125,0.15869140625,0.1591796875,0.15966796875,0.16015625,
0.16064453125,0.1611328125,0.162109375,0.1630859375,0.1640625,0.1650390625,
0.166015625,0.1669921875,0.16796875,0.16845703125,0.1689453125,0.16943359375,
0.169921875,0.17041015625,0.1708984375,0.17138671875,0.171875,0.17236328125,
0.1728515625,0.17333984375,0.173828125,0.17431640625,0.1748046875,0.17529296875,
0.17578125,0.1767578125,0.177734375,0.1787109375,0.1796875,0.1806640625,
0.181640625,0.1826171875,0.18359375,0.18408203125,0.1845703125,0.18505859375,
0.185546875,0.18603515625,0.1865234375,0.18701171875,0.1875,0.18798828125,
0.1884765625,0.18896484375,0.189453125,0.18994140625,0.1904296875,0.19091796875,
0.19140625,0.1923828125,0.193359375,0.1943359375,0.1953125,0.1962890625,
0.197265625,0.1982421875,0.19921875,0.19970703125,0.2001953125,0.20068359375,
0.201171875,0.20166015625,0.2021484375,0.20263671875,0.203125,0.20361328125,
0.2041015625,0.20458984375,0.205078125,0.20556640625,0.2060546875,0.20654296875,
0.20703125,0.2080078125,0.208984375,0.2099609375,0.2109375,0.212890625,
0.2138671875,0.21484375,0.2158203125,0.21630859375,0.216796875,0.21728515625,
0.2177734375,0.21826171875,0.21875,0.21923828125,0.2197265625,0.22021484375,
0.220703125,0.22119140625,0.2216796875,0.22265625,0.2236328125,0.224609375,
0.2255859375,0.2265625,0.228515625,0.2294921875,0.23046875,0.2314453125,
0.23193359375,0.232421875,0.23291015625,0.2333984375,0.23388671875,0.234375,
0.23486328125,0.2353515625,0.23583984375,0.236328125,0.23681640625,0.2373046875,
0.23828125,0.2392578125,0.240234375,0.2421875,0.244140625,0.2451171875,
0.24609375,0.2470703125,0.24755859375,0.248046875,0.24853515625,0.2490234375,
0.24951171875,0.25,0.25048828125,0.2509765625,0.25146484375,0.251953125,
0.25244140625,0.2529296875,0.25390625,0.2548828125,0.255859375,0.2578125,
0.259765625,0.26171875,0.263671875,0.265625,0.26953125,0.271484375,0.2734375,
0.275390625,0.2763671875,0.27734375,0.2783203125,0.27880859375,0.279296875,
0.27978515625,0.2802734375,0.28076171875,0.28125,0.28173828125,0.2822265625,
0.28271484375,0.283203125,0.28369140625,0.2841796875,0.28515625,0.2861328125,
0.287109375,0.2890625,0.291015625,0.29296875,0.294921875,0.296875,0.30078125,
0.3046875,0.30859375,0.3125,0.314453125,0.31640625,0.3203125,0.328125,0.330078125,
0.33203125,0.3330078125,0.333984375,0.3359375,0.33984375,0.34375,0.34765625,
0.349609375,0.3515625,0.3525390625,0.353515625,0.35400390625,0.3544921875,
0.35498046875,0.35546875,0.3564453125,0.357421875,0.359375,0.361328125,
0.36328125,0.365234375,0.3671875,0.369140625,0.3701171875,0.37109375,0.3720703125,
0.373046875,0.37353515625,0.3740234375,0.37451171875,0.375,0.37548828125,
0.3759765625,0.37646484375,0.376953125,0.3779296875,0.37890625,0.3798828125,
0.380859375,0.3828125,0.384765625,0.38671875,0.390625,0.392578125,0.39453125,
0.396484375,0.3984375,0.400390625,0.4013671875,0.40234375,0.4033203125,
0.40380859375,0.404296875,0.40478515625,0.4052734375,0.40576171875,0.40625,
0.40673828125,0.4072265625,0.40771484375,0.408203125,0.40869140625,0.4091796875,
0.41015625,0.4111328125,0.412109375,0.4140625,0.416015625,0.4169921875,
0.41796875,0.4189453125,0.41943359375,0.419921875,0.42041015625,0.4208984375,
0.42138671875,0.421875,0.42236328125,0.4228515625,0.42333984375,0.423828125,
0.42431640625,0.4248046875,0.42578125,0.4267578125,0.427734375,0.4296875,
0.431640625,0.4326171875,0.43359375,0.4345703125,0.43505859375,0.435546875,
0.43603515625,0.4365234375,0.43701171875,0.4375,0.43798828125,0.4384765625,
0.43896484375,0.439453125,0.43994140625,0.4404296875,0.44140625,0.4423828125,
0.443359375,0.4453125,0.4462890625,0.447265625,0.4482421875,0.44921875,
0.4501953125,0.45068359375,0.451171875,0.45166015625,0.4521484375,0.45263671875,
0.453125,0.45361328125,0.4541015625,0.45458984375,0.455078125,0.45556640625,
0.4560546875,0.45703125,0.4580078125,0.458984375,0.4599609375,0.4609375,
0.4619140625,0.462890625,0.4638671875,0.46484375,0.46533203125,0.4658203125,
0.46630859375,0.466796875,0.46728515625,0.4677734375,0.46826171875,0.46875,
0.46923828125,0.4697265625,0.47021484375,0.470703125,0.47119140625,0.4716796875,
0.47216796875,0.47265625,0.4736328125,0.474609375,0.4755859375,0.4765625,
0.4775390625,0.478515625,0.4794921875,0.48046875,0.48095703125,0.4814453125,
0.48193359375,0.482421875,0.48291015625,0.4833984375,0.48388671875,0.484375,
0.48486328125,0.4853515625,0.48583984375,0.486328125,0.48681640625,0.4873046875,
0.48779296875,0.48828125,0.4892578125,0.48974609375,0.490234375,0.49072265625,
0.4912109375,0.49169921875,0.4921875,0.49267578125,0.4931640625,0.49365234375,
0.494140625,0.49462890625,0.4951171875,0.49609375,0.4970703125,0.49755859375,
0.498046875,0.49853515625,0.4990234375,0.49951171875,0.5,0.50048828125,
0.5009765625,0.50146484375,0.501953125,0.50244140625,0.5029296875,0.50341796875,
0.50390625,0.5048828125,0.505859375,0.5068359375,0.5078125,0.5087890625,
0.509765625,0.5107421875,0.51171875,0.51220703125,0.5126953125,0.51318359375,
0.513671875,0.51416015625,0.5146484375,0.51513671875,0.515625,0.51611328125,
0.5166015625,0.51708984375,0.517578125,0.51806640625,0.5185546875,0.51904296875,
0.51953125,0.5205078125,0.521484375,0.5224609375,0.5234375,0.5244140625,
0.525390625,0.5263671875,0.52734375,0.52783203125,0.5283203125,0.52880859375,
0.529296875,0.52978515625,0.5302734375,0.53076171875,0.53125,0.53173828125,
0.5322265625,0.53271484375,0.533203125,0.53369140625,0.5341796875,0.53466796875,
0.53515625,0.5361328125,0.537109375,0.5380859375,0.5390625,0.541015625,
0.5419921875,0.54296875,0.5439453125,0.54443359375,0.544921875,0.54541015625,
0.5458984375,0.54638671875,0.546875,0.54736328125,0.5478515625,0.54833984375,
0.548828125,0.54931640625,0.5498046875,0.55078125,0.5517578125,0.552734375,
0.5537109375,0.5546875,0.556640625,0.5576171875,0.55859375,0.5595703125,
0.56005859375,0.560546875,0.56103515625,0.5615234375,0.56201171875,0.5625,
0.56298828125,0.5634765625,0.56396484375,0.564453125,0.56494140625,0.5654296875,
0.56640625,0.5673828125,0.568359375,0.5703125,0.572265625,0.5732421875,
0.57421875,0.5751953125,0.57568359375,0.576171875,0.57666015625,0.5771484375,
0.57763671875,0.578125,0.57861328125,0.5791015625,0.57958984375,0.580078125,
0.58056640625,0.5810546875,0.58203125,0.5830078125,0.583984375,0.5859375,
0.587890625,0.5888671875,0.58984375,0.5908203125,0.59130859375,0.591796875,
0.59228515625,0.5927734375,0.59326171875,0.59375,0.59423828125,0.5947265625,
0.59521484375,0.595703125,0.59619140625,0.5966796875,0.59765625,0.5986328125,
0.599609375,0.6015625,0.603515625,0.60546875,0.607421875,0.609375,0.61328125,
0.615234375,0.6171875,0.619140625,0.62109375,0.6220703125,0.623046875,0.62353515625,
0.6240234375,0.62451171875,0.625,0.62548828125,0.6259765625,0.62646484375,
0.626953125,0.6279296875,0.62890625,0.630859375,0.6328125,0.634765625,0.63671875,
0.640625,0.64453125,0.6484375,0.650390625,0.65234375,0.6533203125,0.654296875,
0.6552734375,0.65576171875,0.65625,0.65673828125,0.6572265625,0.658203125,
0.6591796875,0.66015625,0.662109375,0.6640625,0.66796875,0.671875,0.67578125,
0.6796875,0.681640625,0.68359375,0.6845703125,0.685546875,0.6865234375,
0.68701171875,0.6875,0.68798828125,0.6884765625,0.689453125,0.6904296875,
0.69140625,0.693359375,0.6953125,0.69921875,0.703125,0.70703125,0.708984375,
0.7109375,0.712890625,0.7138671875,0.71484375,0.7158203125,0.716796875,
0.71728515625,0.7177734375,0.71826171875,0.71875,0.71923828125,0.7197265625,
0.72021484375,0.720703125,0.7216796875,0.72265625,0.7236328125,0.724609375,
0.7265625,0.728515625,0.73046875,0.734375,0.736328125,0.73828125,0.740234375,
0.7421875,0.744140625,0.7451171875,0.74609375,0.7470703125,0.74755859375,
0.748046875,0.74853515625,0.7490234375,0.74951171875,0.75,0.75048828125,
0.7509765625,0.75146484375,0.751953125,0.75244140625,0.7529296875,0.75390625,
0.7548828125,0.755859375,0.7578125,0.759765625,0.7607421875,0.76171875,
0.7626953125,0.76318359375,0.763671875,0.76416015625,0.7646484375,0.76513671875,
0.765625,0.76611328125,0.7666015625,0.76708984375,0.767578125,0.76806640625,
0.7685546875,0.76953125,0.7705078125,0.771484375,0.7734375,0.7744140625,
0.775390625,0.7763671875,0.77734375,0.7783203125,0.77880859375,0.779296875,
0.77978515625,0.7802734375,0.78076171875,0.78125,0.78173828125,0.7822265625,
0.78271484375,0.783203125,0.78369140625,0.7841796875,0.78515625,0.7861328125,
0.787109375,0.7890625,0.7900390625,0.791015625,0.7919921875,0.79296875,
0.7939453125,0.79443359375,0.794921875,0.79541015625,0.7958984375,0.79638671875,
0.796875,0.79736328125,0.7978515625,0.79833984375,0.798828125,0.79931640625,
0.7998046875,0.80078125,0.8017578125,0.802734375,0.8037109375,0.8046875,
0.8056640625,0.806640625,0.8076171875,0.80859375,0.80908203125,0.8095703125,
0.81005859375,0.810546875,0.81103515625,0.8115234375,0.81201171875,0.8125,
0.81298828125,0.8134765625,0.81396484375,0.814453125,0.81494140625,0.8154296875,
0.81591796875,0.81640625,0.8173828125,0.818359375,0.8193359375,0.8203125,
0.8212890625,0.822265625,0.8232421875,0.82421875,0.82470703125,0.8251953125,
0.82568359375,0.826171875,0.82666015625,0.8271484375,0.82763671875,0.828125,
0.82861328125,0.8291015625,0.82958984375,0.830078125,0.83056640625,0.8310546875,
0.83154296875,0.83203125,0.8330078125,0.833984375,0.8349609375,0.8359375,
0.83642578125,0.8369140625,0.83740234375,0.837890625,0.83837890625,0.8388671875,
0.83984375,0.84033203125,0.8408203125,0.84130859375,0.841796875,0.84228515625,
0.8427734375,0.84326171875,0.84375,0.84423828125,0.8447265625,0.84521484375,
0.845703125,0.84619140625,0.8466796875,0.84716796875,0.84765625,0.8486328125,
0.849609375,0.8505859375,0.8515625,0.8525390625,0.853515625,0.8544921875,
0.85546875,0.85595703125,0.8564453125,0.85693359375,0.857421875,0.85791015625,
0.8583984375,0.85888671875,0.859375,0.85986328125,0.8603515625,0.86083984375,
0.861328125,0.86181640625,0.8623046875,0.86279296875,0.86328125,0.8642578125,
0.865234375,0.8662109375,0.8671875,0.8681640625,0.869140625,0.8701171875,
0.87109375,0.8720703125,0.87255859375,0.873046875,0.87353515625,0.8740234375,
0.87451171875,0.875,0.87548828125,0.8759765625,0.87646484375,0.876953125,
0.87744140625,0.8779296875,0.87890625,0.8798828125,0.880859375,0.8818359375,
0.8828125,0.884765625,0.8857421875,0.88671875,0.8876953125,0.88818359375,
0.888671875,0.88916015625,0.8896484375,0.89013671875,0.890625,0.89111328125,
0.8916015625,0.89208984375,0.892578125,0.89306640625,0.8935546875,0.89453125,
0.8955078125,0.896484375,0.8974609375,0.8984375,0.900390625,0.9013671875,
0.90234375,0.9033203125,0.90380859375,0.904296875,0.90478515625,0.9052734375,
0.90576171875,0.90625,0.90673828125,0.9072265625,0.90771484375,0.908203125,
0.90869140625,0.9091796875,0.91015625,0.9111328125,0.912109375,0.9140625,
0.916015625,0.9169921875,0.91796875,0.9189453125,0.91943359375,0.919921875,
0.92041015625,0.9208984375,0.92138671875,0.921875,0.92236328125,0.9228515625,
0.92333984375,0.923828125,0.92431640625,0.9248046875,0.92578125,0.9267578125,
0.927734375,0.9296875,0.931640625,0.9326171875,0.93359375,0.9345703125,
0.935546875,0.93603515625,0.9365234375,0.93701171875,0.9375,0.93798828125,
0.9384765625,0.93896484375,0.939453125,0.9404296875,0.94140625,0.9423828125,
0.943359375,0.9453125,0.947265625,0.94921875,0.9501953125,0.951171875,0.95166015625,
0.9521484375,0.95263671875,0.953125,0.95361328125,0.9541015625,0.95458984375,
0.955078125,0.9560546875,0.95703125,0.958984375,0.9609375,0.962890625,0.96484375,
0.966796875,0.9677734375,0.96826171875,0.96875,0.96923828125,0.9697265625,
0.970703125,0.97265625,0.974609375,0.9765625,0.98046875,0.984375,0.9921875,
1.),.UNSPECIFIED.);
#241=B_SPLINE_CURVE_WITH_KNOTS('',3,(#5405,#5406,#5407,#5408,#5409,#5410,
#5411,#5412,#5413,#5414,#5415,#5416,#5417,#5418,#5419,#5420,#5421,#5422,
#5423,#5424,#5425,#5426,#5427,#5428,#5429,#5430,#5431,#5432,#5433,#5434,
#5435,#5436,#5437,#5438,#5439,#5440,#5441,#5442,#5443,#5444,#5445,#5446,
#5447,#5448,#5449,#5450,#5451,#5452,#5453,#5454,#5455,#5456,#5457,#5458,
#5459,#5460,#5461,#5462,#5463,#5464,#5465,#5466,#5467,#5468,#5469,#5470,
#5471,#5472,#5473,#5474,#5475,#5476,#5477,#5478,#5479,#5480,#5481,#5482,
#5483,#5484,#5485,#5486,#5487,#5488,#5489,#5490,#5491,#5492,#5493,#5494,
#5495,#5496,#5497,#5498,#5499,#5500,#5501,#5502,#5503,#5504,#5505,#5506,
#5507,#5508,#5509,#5510,#5511,#5512,#5513,#5514,#5515,#5516,#5517,#5518,
#5519,#5520,#5521,#5522,#5523,#5524,#5525,#5526,#5527,#5528,#5529,#5530,
#5531,#5532,#5533,#5534,#5535,#5536,#5537,#5538,#5539,#5540,#5541,#5542,
#5543,#5544,#5545,#5546,#5547,#5548,#5549,#5550,#5551,#5552,#5553,#5554,
#5555,#5556,#5557,#5558,#5559,#5560,#5561,#5562,#5563,#5564,#5565,#5566,
#5567,#5568,#5569,#5570,#5571,#5572,#5573,#5574,#5575,#5576,#5577,#5578,
#5579,#5580,#5581,#5582,#5583,#5584,#5585,#5586,#5587,#5588,#5589,#5590,
#5591,#5592,#5593,#5594,#5595,#5596,#5597,#5598,#5599,#5600,#5601,#5602,
#5603,#5604,#5605,#5606,#5607,#5608,#5609,#5610,#5611,#5612,#5613,#5614,
#5615,#5616,#5617,#5618,#5619,#5620,#5621,#5622,#5623,#5624,#5625,#5626,
#5627,#5628,#5629,#5630,#5631,#5632,#5633,#5634,#5635,#5636,#5637,#5638,
#5639,#5640,#5641,#5642,#5643,#5644,#5645,#5646,#5647,#5648,#5649,#5650,
#5651,#5652,#5653,#5654,#5655,#5656,#5657,#5658,#5659,#5660,#5661,#5662,
#5663,#5664,#5665,#5666,#5667,#5668,#5669,#5670,#5671,#5672,#5673,#5674,
#5675,#5676,#5677,#5678,#5679,#5680,#5681,#5682,#5683,#5684,#5685,#5686,
#5687,#5688,#5689,#5690,#5691,#5692,#5693,#5694,#5695,#5696,#5697,#5698,
#5699,#5700,#5701,#5702,#5703,#5704,#5705,#5706,#5707,#5708,#5709,#5710,
#5711,#5712,#5713,#5714,#5715,#5716,#5717,#5718,#5719,#5720,#5721,#5722,
#5723,#5724,#5725,#5726,#5727,#5728,#5729,#5730,#5731,#5732,#5733,#5734,
#5735,#5736,#5737,#5738,#5739,#5740,#5741,#5742,#5743,#5744,#5745,#5746,
#5747,#5748,#5749,#5750,#5751,#5752,#5753,#5754,#5755,#5756,#5757,#5758,
#5759,#5760,#5761,#5762,#5763,#5764,#5765,#5766,#5767,#5768,#5769,#5770,
#5771,#5772,#5773,#5774,#5775,#5776,#5777,#5778,#5779,#5780,#5781,#5782,
#5783,#5784,#5785,#5786,#5787,#5788,#5789,#5790,#5791,#5792,#5793,#5794,
#5795,#5796,#5797,#5798,#5799,#5800,#5801,#5802,#5803,#5804,#5805,#5806,
#5807,#5808,#5809,#5810,#5811,#5812,#5813,#5814,#5815,#5816,#5817,#5818,
#5819,#5820,#5821,#5822,#5823,#5824,#5825,#5826,#5827,#5828,#5829,#5830,
#5831,#5832,#5833,#5834,#5835,#5836,#5837,#5838,#5839,#5840,#5841,#5842,
#5843,#5844,#5845,#5846,#5847,#5848,#5849,#5850,#5851,#5852,#5853,#5854,
#5855,#5856,#5857,#5858,#5859,#5860,#5861,#5862,#5863,#5864,#5865,#5866,
#5867,#5868,#5869,#5870,#5871,#5872,#5873,#5874,#5875,#5876,#5877,#5878,
#5879,#5880,#5881,#5882,#5883,#5884,#5885,#5886,#5887,#5888,#5889,#5890,
#5891,#5892,#5893,#5894,#5895,#5896,#5897,#5898,#5899,#5900,#5901,#5902,
#5903,#5904,#5905,#5906,#5907,#5908,#5909,#5910,#5911,#5912,#5913,#5914,
#5915,#5916,#5917,#5918,#5919,#5920,#5921,#5922,#5923,#5924,#5925,#5926,
#5927,#5928,#5929,#5930,#5931,#5932,#5933,#5934,#5935,#5936,#5937,#5938,
#5939,#5940,#5941,#5942,#5943,#5944,#5945,#5946,#5947,#5948,#5949,#5950,
#5951,#5952,#5953,#5954,#5955,#5956,#5957,#5958,#5959,#5960,#5961,#5962,
#5963,#5964,#5965,#5966,#5967,#5968,#5969,#5970,#5971,#5972,#5973,#5974,
#5975,#5976,#5977,#5978,#5979,#5980,#5981,#5982,#5983,#5984,#5985,#5986,
#5987,#5988,#5989,#5990,#5991,#5992,#5993,#5994,#5995,#5996,#5997,#5998,
#5999,#6000,#6001,#6002,#6003,#6004,#6005,#6006,#6007,#6008,#6009,#6010,
#6011,#6012,#6013,#6014,#6015,#6016,#6017,#6018,#6019,#6020,#6021,#6022,
#6023,#6024,#6025,#6026,#6027,#6028,#6029,#6030,#6031,#6032,#6033,#6034,
#6035,#6036,#6037,#6038,#6039,#6040,#6041,#6042,#6043,#6044),
 .UNSPECIFIED.,.F.,.F.,(4,1,1,1,1,1,1,1,1,1,1,1,1,1,1,1,1,1,1,1,1,1,1,1,
1,1,1,1,1,1,1,1,1,1,1,1,1,1,1,1,1,1,1,1,1,1,1,1,1,1,1,1,1,1,1,1,1,1,1,1,
1,1,1,1,1,1,1,1,1,1,1,1,1,1,1,1,1,1,1,1,1,1,1,1,1,1,1,1,1,1,1,1,1,1,1,1,
1,1,1,1,1,1,1,1,1,1,1,1,1,1,1,1,1,1,1,1,1,1,1,1,1,1,1,1,1,1,1,1,1,1,1,1,
1,1,1,1,1,1,1,1,1,1,1,1,1,1,1,1,1,1,1,1,1,1,1,1,1,1,1,1,1,1,1,1,1,1,1,1,
1,1,1,1,1,1,1,1,1,1,1,1,1,1,1,1,1,1,1,1,1,1,1,1,1,1,1,1,1,1,1,1,1,1,1,1,
1,1,1,1,1,1,1,1,1,1,1,1,1,1,1,1,1,1,1,1,1,1,1,1,1,1,1,1,1,1,1,1,1,1,1,1,
1,1,1,1,1,1,1,1,1,1,1,1,1,1,1,1,1,1,1,1,1,1,1,1,1,1,1,1,1,1,1,1,1,1,1,1,
1,1,1,1,1,1,1,1,1,1,1,1,1,1,1,1,1,1,1,1,1,1,1,1,1,1,1,1,1,1,1,1,1,1,1,1,
1,1,1,1,1,1,1,1,1,1,1,1,1,1,1,1,1,1,1,1,1,1,1,1,1,1,1,1,1,1,1,1,1,1,1,1,
1,1,1,1,1,1,1,1,1,1,1,1,1,1,1,1,1,1,1,1,1,1,1,1,1,1,1,1,1,1,1,1,1,1,1,1,
1,1,1,1,1,1,1,1,1,1,1,1,1,1,1,1,1,1,1,1,1,1,1,1,1,1,1,1,1,1,1,1,1,1,1,1,
1,1,1,1,1,1,1,1,1,1,1,1,1,1,1,1,1,1,1,1,1,1,1,1,1,1,1,1,1,1,1,1,1,1,1,1,
1,1,1,1,1,1,1,1,1,1,1,1,1,1,1,1,1,1,1,1,1,1,1,1,1,1,1,1,1,1,1,1,1,1,1,1,
1,1,1,1,1,1,1,1,1,1,1,1,1,1,1,1,1,1,1,1,1,1,1,1,1,1,1,1,1,1,1,1,1,1,1,1,
1,1,1,1,1,1,1,1,1,1,1,1,1,1,1,1,1,1,1,1,1,1,1,1,1,1,1,1,1,1,1,1,1,1,1,1,
1,1,1,1,1,1,1,1,1,1,1,1,1,1,1,1,1,1,1,1,1,1,1,1,1,1,1,1,1,1,1,1,1,1,1,1,
1,1,1,1,1,1,1,1,1,1,1,1,1,1,1,1,1,1,1,1,1,1,1,1,1,1,1,1,1,1,1,1,1,1,1,1,
1,4),(0.,0.015625,0.0234375,0.03125,0.0390625,0.046875,0.05078125,0.0546875,
0.056640625,0.05859375,0.060546875,0.0615234375,0.0625,0.0634765625,0.064453125,
0.06640625,0.0703125,0.07421875,0.078125,0.0859375,0.09375,0.1015625,0.109375,
0.11328125,0.1171875,0.119140625,0.12109375,0.123046875,0.1240234375,0.12451171875,
0.125,0.12548828125,0.1259765625,0.126953125,0.12890625,0.130859375,0.1328125,
0.13671875,0.140625,0.1484375,0.15625,0.1640625,0.16796875,0.171875,0.17578125,
0.177734375,0.1796875,0.181640625,0.18359375,0.1845703125,0.185546875,0.18603515625,
0.1865234375,0.18701171875,0.187255859375,0.1873779296875,0.1875,0.1876220703125,
0.187744140625,0.18798828125,0.1884765625,0.18896484375,0.189453125,0.1904296875,
0.19140625,0.193359375,0.1953125,0.197265625,0.19921875,0.203125,0.20703125,
0.2109375,0.21875,0.22265625,0.2265625,0.23046875,0.234375,0.23828125,0.240234375,
0.2421875,0.244140625,0.2451171875,0.24609375,0.2470703125,0.248046875,
0.24853515625,0.2490234375,0.249267578125,0.24951171875,0.249755859375,
0.2498779296875,0.24993896484375,0.25,0.25006103515625,0.2501220703125,
0.250244140625,0.25048828125,0.250732421875,0.2509765625,0.25146484375,
0.251953125,0.2529296875,0.25390625,0.2548828125,0.255859375,0.2578125,
0.259765625,0.26171875,0.265625,0.26953125,0.2734375,0.28125,0.28515625,
0.2890625,0.29296875,0.296875,0.30078125,0.302734375,0.3046875,0.306640625,
0.3076171875,0.30859375,0.3095703125,0.310546875,0.31103515625,0.3115234375,
0.311767578125,0.31201171875,0.312255859375,0.3123779296875,0.31243896484375,
0.3125,0.31256103515625,0.3126220703125,0.312744140625,0.31298828125,0.313232421875,
0.3134765625,0.31396484375,0.314453125,0.3154296875,0.31640625,0.3173828125,
0.318359375,0.3203125,0.322265625,0.32421875,0.326171875,0.328125,0.33203125,
0.3359375,0.33984375,0.34375,0.34765625,0.3515625,0.35546875,0.359375,0.361328125,
0.36328125,0.365234375,0.3671875,0.369140625,0.3701171875,0.37109375,0.3720703125,
0.37255859375,0.373046875,0.37353515625,0.3740234375,0.374267578125,0.37451171875,
0.3746337890625,0.374755859375,0.3748779296875,0.37493896484375,0.374969482421875,
0.375,0.375030517578125,0.37506103515625,0.3751220703125,0.375244140625,
0.3753662109375,0.37548828125,0.375732421875,0.3759765625,0.37646484375,
0.376953125,0.37744140625,0.3779296875,0.37890625,0.3798828125,0.380859375,
0.3828125,0.384765625,0.38671875,0.388671875,0.390625,0.39453125,0.3984375,
0.40234375,0.40625,0.41015625,0.4140625,0.41796875,0.421875,0.423828125,
0.42578125,0.427734375,0.4296875,0.4306640625,0.431640625,0.4326171875,
0.43359375,0.4345703125,0.43505859375,0.435546875,0.43603515625,0.436279296875,
0.4365234375,0.436767578125,0.43701171875,0.4371337890625,0.437255859375,
0.4373779296875,0.43743896484375,0.437469482421875,0.4375,0.437530517578125,
0.43756103515625,0.4376220703125,0.437744140625,0.4378662109375,0.43798828125,
0.438232421875,0.4384765625,0.438720703125,0.43896484375,0.439453125,0.43994140625,
0.4404296875,0.44140625,0.4423828125,0.443359375,0.4443359375,0.4453125,
0.447265625,0.44921875,0.451171875,0.453125,0.455078125,0.45703125,0.458984375,
0.4609375,0.4619140625,0.462890625,0.4638671875,0.46484375,0.46533203125,
0.4658203125,0.46630859375,0.466796875,0.46728515625,0.467529296875,0.4677734375,
0.468017578125,0.4681396484375,0.46826171875,0.4683837890625,0.468505859375,
0.46856689453125,0.4686279296875,0.468658447265625,0.46868896484375,0.468719482421875,
0.468734741210938,0.468742370605469,0.46875,0.468757629394531,0.468765258789062,
0.468780517578125,0.46881103515625,0.468841552734375,0.4688720703125,0.46893310546875,
0.468994140625,0.4691162109375,0.46923828125,0.4693603515625,0.469482421875,
0.4697265625,0.469970703125,0.47021484375,0.470703125,0.47119140625,0.4716796875,
0.47216796875,0.47265625,0.4736328125,0.474609375,0.4755859375,0.4765625,
0.478515625,0.48046875,0.482421875,0.484375,0.486328125,0.48828125,0.490234375,
0.4921875,0.4931640625,0.494140625,0.4951171875,0.49609375,0.4970703125,
0.49755859375,0.498046875,0.49853515625,0.498779296875,0.4990234375,0.499267578125,
0.49951171875,0.4996337890625,0.499755859375,0.49981689453125,0.4998779296875,
0.49993896484375,0.499969482421875,0.499984741210938,0.5,0.500015258789062,
0.500030517578125,0.50006103515625,0.5001220703125,0.50018310546875,0.500244140625,
0.5003662109375,0.50048828125,0.500732421875,0.5009765625,0.501220703125,
0.50146484375,0.501953125,0.50244140625,0.5029296875,0.50390625,0.5048828125,
0.505859375,0.5068359375,0.5078125,0.509765625,0.51171875,0.513671875,0.515625,
0.517578125,0.51953125,0.521484375,0.5234375,0.5244140625,0.525390625,0.5263671875,
0.52734375,0.5283203125,0.52880859375,0.529296875,0.52978515625,0.530029296875,
0.5302734375,0.530517578125,0.53076171875,0.5308837890625,0.531005859375,
0.53106689453125,0.5311279296875,0.53118896484375,0.531219482421875,0.531234741210938,
0.53125,0.531265258789062,0.531280517578125,0.53131103515625,0.5313720703125,
0.53143310546875,0.531494140625,0.5316162109375,0.53173828125,0.531982421875,
0.5322265625,0.532470703125,0.53271484375,0.533203125,0.53369140625,0.5341796875,
0.53515625,0.5361328125,0.537109375,0.5380859375,0.5390625,0.541015625,
0.54296875,0.544921875,0.546875,0.548828125,0.55078125,0.552734375,0.5546875,
0.556640625,0.5576171875,0.55859375,0.5595703125,0.56005859375,0.560546875,
0.56103515625,0.5615234375,0.561767578125,0.56201171875,0.5621337890625,
0.562255859375,0.5623779296875,0.56243896484375,0.562469482421875,0.5625,
0.562530517578125,0.56256103515625,0.5626220703125,0.562744140625,0.5628662109375,
0.56298828125,0.563232421875,0.5634765625,0.56396484375,0.564453125,0.56494140625,
0.5654296875,0.56640625,0.5673828125,0.568359375,0.5703125,0.572265625,
0.57421875,0.576171875,0.578125,0.58203125,0.5859375,0.58984375,0.59375,
0.59765625,0.6015625,0.60546875,0.609375,0.611328125,0.61328125,0.615234375,
0.6171875,0.619140625,0.6201171875,0.62109375,0.6220703125,0.62255859375,
0.623046875,0.62353515625,0.6240234375,0.624267578125,0.62451171875,0.6246337890625,
0.624755859375,0.6248779296875,0.62493896484375,0.624969482421875,0.625,
0.625030517578125,0.62506103515625,0.6251220703125,0.625244140625,0.6253662109375,
0.62548828125,0.625732421875,0.6259765625,0.62646484375,0.626953125,0.62744140625,
0.6279296875,0.62890625,0.6298828125,0.630859375,0.6328125,0.634765625,
0.63671875,0.638671875,0.640625,0.64453125,0.6484375,0.65234375,0.65625,
0.66015625,0.6640625,0.66796875,0.671875,0.67578125,0.677734375,0.6796875,
0.681640625,0.6826171875,0.68359375,0.6845703125,0.685546875,0.68603515625,
0.6865234375,0.686767578125,0.68701171875,0.687255859375,0.6873779296875,
0.68743896484375,0.6875,0.68756103515625,0.6876220703125,0.687744140625,
0.68798828125,0.688232421875,0.6884765625,0.68896484375,0.689453125,0.6904296875,
0.69140625,0.6923828125,0.693359375,0.6953125,0.697265625,0.69921875,0.703125,
0.70703125,0.7109375,0.71484375,0.71875,0.7265625,0.73046875,0.734375,0.73828125,
0.740234375,0.7421875,0.744140625,0.7451171875,0.74609375,0.7470703125,
0.748046875,0.74853515625,0.7490234375,0.74951171875,0.749755859375,0.7498779296875,
0.75,0.7501220703125,0.750244140625,0.75048828125,0.7509765625,0.75146484375,
0.751953125,0.7529296875,0.75390625,0.7548828125,0.755859375,0.7578125,
0.759765625,0.76171875,0.765625,0.76953125,0.7734375,0.78125,0.7890625,
0.79296875,0.796875,0.80078125,0.802734375,0.8046875,0.806640625,0.80859375,
0.8095703125,0.810546875,0.81103515625,0.8115234375,0.81201171875,0.812255859375,
0.8125,0.812744140625,0.81298828125,0.8134765625,0.81396484375,0.814453125,
0.8154296875,0.81640625,0.818359375,0.8203125,0.822265625,0.82421875,0.828125,
0.83203125,0.8359375,0.84375,0.8515625,0.859375,0.86328125,0.8671875,0.869140625,
0.87109375,0.873046875,0.8740234375,0.87451171875,0.875,0.87548828125,0.8759765625,
0.876953125,0.87890625,0.880859375,0.8828125,0.88671875,0.890625,0.8984375,
0.90625,0.9140625,0.921875,0.92578125,0.9296875,0.931640625,0.93359375,
0.935546875,0.9365234375,0.9375,0.9384765625,0.939453125,0.94140625,0.943359375,
0.9453125,0.94921875,0.953125,0.9609375,0.96875,0.9765625,0.984375,1.),
 .UNSPECIFIED.);
#242=B_SPLINE_CURVE_WITH_KNOTS('',3,(#6046,#6047,#6048,#6049),
 .UNSPECIFIED.,.F.,.F.,(4,4),(0.,0.936663463088621),.UNSPECIFIED.);
#243=B_SPLINE_CURVE_WITH_KNOTS('',3,(#6051,#6052,#6053,#6054,#6055,#6056,
#6057,#6058,#6059,#6060,#6061),.UNSPECIFIED.,.F.,.F.,(4,1,1,1,1,1,1,1,4),
(0.,10.973098333489,21.946196666978,32.919295000467,43.892393333956,54.865491667445,
65.8385900009341,76.8116883344231,87.7847866679121),.UNSPECIFIED.);
#244=B_SPLINE_CURVE_WITH_KNOTS('',3,(#6063,#6064,#6065,#6066),
 .UNSPECIFIED.,.F.,.F.,(4,4),(-0.936663463088621,0.),.UNSPECIFIED.);
#245=B_SPLINE_CURVE_WITH_KNOTS('',3,(#6080,#6081,#6082,#6083),
 .UNSPECIFIED.,.F.,.F.,(4,4),(0.,1.),.UNSPECIFIED.);
#246=B_SPLINE_CURVE_WITH_KNOTS('',3,(#6084,#6085,#6086,#6087,#6088,#6089,
#6090,#6091,#6092,#6093,#6094,#6095,#6096,#6097,#6098,#6099,#6100,#6101,
#6102,#6103,#6104,#6105,#6106,#6107,#6108,#6109,#6110,#6111,#6112,#6113,
#6114,#6115,#6116,#6117,#6118,#6119,#6120,#6121,#6122,#6123,#6124,#6125,
#6126,#6127,#6128,#6129,#6130,#6131,#6132,#6133,#6134,#6135,#6136,#6137,
#6138,#6139,#6140,#6141,#6142,#6143,#6144,#6145,#6146,#6147,#6148,#6149,
#6150,#6151,#6152,#6153,#6154,#6155,#6156,#6157,#6158,#6159,#6160,#6161,
#6162,#6163,#6164,#6165,#6166,#6167,#6168,#6169,#6170,#6171,#6172,#6173,
#6174,#6175,#6176,#6177,#6178,#6179,#6180,#6181,#6182,#6183,#6184,#6185,
#6186,#6187,#6188,#6189,#6190,#6191,#6192,#6193,#6194,#6195,#6196,#6197,
#6198,#6199,#6200,#6201,#6202,#6203,#6204,#6205,#6206,#6207,#6208,#6209,
#6210,#6211,#6212,#6213,#6214,#6215,#6216,#6217,#6218,#6219,#6220,#6221,
#6222,#6223,#6224,#6225,#6226,#6227,#6228,#6229,#6230,#6231,#6232,#6233,
#6234,#6235,#6236,#6237,#6238,#6239,#6240,#6241,#6242,#6243,#6244,#6245,
#6246,#6247,#6248,#6249,#6250,#6251,#6252,#6253,#6254,#6255,#6256,#6257,
#6258,#6259,#6260,#6261,#6262,#6263,#6264,#6265,#6266,#6267,#6268,#6269,
#6270,#6271,#6272,#6273,#6274,#6275,#6276,#6277,#6278,#6279,#6280,#6281,
#6282,#6283,#6284,#6285,#6286,#6287,#6288,#6289,#6290,#6291,#6292,#6293,
#6294,#6295,#6296,#6297,#6298,#6299,#6300,#6301,#6302,#6303,#6304,#6305,
#6306,#6307,#6308,#6309,#6310,#6311,#6312,#6313,#6314,#6315,#6316,#6317,
#6318,#6319,#6320,#6321,#6322,#6323,#6324,#6325,#6326,#6327,#6328,#6329,
#6330,#6331,#6332,#6333,#6334,#6335,#6336,#6337,#6338,#6339,#6340,#6341,
#6342,#6343,#6344,#6345,#6346,#6347,#6348,#6349,#6350,#6351,#6352,#6353,
#6354,#6355,#6356,#6357,#6358,#6359,#6360,#6361,#6362,#6363,#6364,#6365,
#6366,#6367,#6368,#6369,#6370,#6371,#6372,#6373,#6374,#6375,#6376,#6377,
#6378,#6379,#6380,#6381,#6382,#6383,#6384,#6385,#6386,#6387,#6388,#6389,
#6390,#6391,#6392,#6393,#6394,#6395,#6396,#6397,#6398,#6399,#6400,#6401,
#6402,#6403,#6404,#6405,#6406,#6407,#6408,#6409,#6410,#6411,#6412,#6413,
#6414,#6415,#6416,#6417,#6418,#6419,#6420,#6421,#6422,#6423,#6424,#6425,
#6426,#6427,#6428,#6429,#6430,#6431,#6432,#6433,#6434,#6435,#6436,#6437,
#6438,#6439,#6440,#6441,#6442,#6443,#6444,#6445,#6446,#6447,#6448,#6449,
#6450,#6451,#6452,#6453,#6454,#6455,#6456,#6457,#6458,#6459,#6460,#6461,
#6462,#6463,#6464,#6465,#6466,#6467,#6468,#6469,#6470,#6471,#6472,#6473,
#6474,#6475,#6476,#6477,#6478,#6479,#6480,#6481,#6482,#6483,#6484,#6485,
#6486,#6487,#6488,#6489,#6490,#6491,#6492,#6493,#6494,#6495,#6496,#6497,
#6498,#6499,#6500,#6501,#6502,#6503,#6504,#6505,#6506,#6507,#6508,#6509,
#6510,#6511,#6512,#6513,#6514,#6515,#6516,#6517,#6518,#6519,#6520,#6521,
#6522,#6523,#6524,#6525,#6526,#6527,#6528,#6529,#6530,#6531,#6532,#6533,
#6534,#6535,#6536,#6537,#6538,#6539,#6540,#6541,#6542,#6543,#6544,#6545,
#6546,#6547,#6548,#6549,#6550,#6551,#6552,#6553,#6554,#6555,#6556,#6557,
#6558,#6559,#6560,#6561,#6562,#6563,#6564,#6565,#6566,#6567,#6568,#6569,
#6570,#6571,#6572,#6573,#6574,#6575,#6576,#6577,#6578,#6579,#6580,#6581,
#6582,#6583,#6584,#6585,#6586,#6587,#6588,#6589,#6590,#6591,#6592,#6593,
#6594,#6595,#6596,#6597,#6598,#6599,#6600,#6601,#6602,#6603,#6604,#6605,
#6606,#6607,#6608,#6609,#6610,#6611,#6612,#6613,#6614,#6615,#6616,#6617,
#6618,#6619,#6620,#6621,#6622,#6623,#6624,#6625,#6626,#6627,#6628,#6629,
#6630,#6631,#6632,#6633,#6634,#6635,#6636,#6637,#6638,#6639,#6640,#6641,
#6642,#6643,#6644,#6645,#6646,#6647,#6648,#6649,#6650,#6651,#6652,#6653,
#6654,#6655,#6656,#6657,#6658,#6659,#6660,#6661,#6662,#6663,#6664,#6665,
#6666,#6667,#6668,#6669,#6670,#6671,#6672,#6673,#6674,#6675,#6676,#6677,
#6678,#6679,#6680,#6681,#6682,#6683,#6684,#6685,#6686,#6687,#6688,#6689,
#6690,#6691,#6692,#6693,#6694,#6695,#6696,#6697,#6698,#6699,#6700,#6701,
#6702,#6703,#6704,#6705,#6706,#6707,#6708,#6709,#6710,#6711,#6712,#6713,
#6714,#6715,#6716,#6717,#6718,#6719,#6720,#6721,#6722,#6723,#6724,#6725,
#6726,#6727,#6728,#6729,#6730,#6731,#6732,#6733,#6734,#6735,#6736,#6737,
#6738,#6739,#6740,#6741,#6742,#6743,#6744,#6745,#6746,#6747,#6748,#6749,
#6750,#6751,#6752,#6753,#6754,#6755,#6756,#6757,#6758,#6759,#6760,#6761,
#6762,#6763,#6764,#6765,#6766,#6767,#6768,#6769,#6770,#6771,#6772,#6773,
#6774,#6775,#6776,#6777,#6778,#6779,#6780,#6781,#6782,#6783,#6784,#6785,
#6786,#6787,#6788,#6789,#6790,#6791,#6792,#6793,#6794,#6795,#6796,#6797,
#6798,#6799,#6800,#6801,#6802,#6803,#6804,#6805,#6806,#6807,#6808,#6809,
#6810,#6811,#6812,#6813,#6814,#6815,#6816,#6817,#6818,#6819,#6820,#6821,
#6822,#6823,#6824,#6825,#6826,#6827,#6828,#6829,#6830,#6831,#6832,#6833,
#6834,#6835,#6836,#6837,#6838,#6839,#6840,#6841,#6842,#6843,#6844,#6845,
#6846,#6847,#6848,#6849,#6850,#6851,#6852,#6853,#6854,#6855,#6856,#6857,
#6858,#6859,#6860,#6861,#6862,#6863,#6864,#6865,#6866,#6867,#6868,#6869,
#6870,#6871,#6872,#6873,#6874,#6875,#6876,#6877,#6878,#6879,#6880,#6881,
#6882,#6883,#6884,#6885,#6886,#6887,#6888,#6889,#6890,#6891,#6892,#6893,
#6894,#6895,#6896,#6897,#6898,#6899,#6900,#6901,#6902,#6903,#6904,#6905,
#6906,#6907,#6908,#6909,#6910,#6911,#6912,#6913,#6914,#6915,#6916,#6917,
#6918,#6919,#6920,#6921,#6922,#6923,#6924,#6925,#6926,#6927,#6928,#6929,
#6930,#6931,#6932,#6933,#6934,#6935,#6936,#6937,#6938,#6939,#6940,#6941,
#6942,#6943,#6944,#6945,#6946,#6947,#6948,#6949,#6950,#6951,#6952,#6953,
#6954,#6955,#6956,#6957,#6958,#6959,#6960,#6961,#6962,#6963,#6964,#6965,
#6966,#6967,#6968,#6969,#6970,#6971,#6972,#6973,#6974,#6975,#6976,#6977,
#6978,#6979,#6980,#6981,#6982,#6983,#6984,#6985,#6986,#6987,#6988,#6989,
#6990,#6991,#6992,#6993,#6994,#6995,#6996,#6997,#6998,#6999,#7000,#7001,
#7002,#7003,#7004,#7005,#7006,#7007,#7008,#7009,#7010,#7011,#7012,#7013,
#7014,#7015,#7016,#7017,#7018,#7019,#7020,#7021,#7022,#7023,#7024,#7025,
#7026,#7027,#7028,#7029,#7030,#7031,#7032,#7033,#7034,#7035,#7036,#7037,
#7038,#7039,#7040,#7041,#7042,#7043,#7044,#7045,#7046,#7047,#7048,#7049,
#7050,#7051,#7052,#7053,#7054,#7055,#7056,#7057,#7058,#7059,#7060,#7061,
#7062,#7063,#7064,#7065,#7066,#7067,#7068,#7069,#7070,#7071,#7072,#7073,
#7074,#7075,#7076,#7077,#7078,#7079,#7080,#7081,#7082,#7083,#7084,#7085,
#7086,#7087,#7088,#7089,#7090,#7091,#7092,#7093,#7094,#7095,#7096,#7097,
#7098,#7099,#7100,#7101,#7102,#7103,#7104,#7105,#7106,#7107,#7108,#7109,
#7110,#7111,#7112,#7113,#7114,#7115,#7116,#7117,#7118,#7119,#7120,#7121,
#7122,#7123,#7124,#7125,#7126,#7127,#7128,#7129,#7130,#7131,#7132,#7133,
#7134,#7135,#7136,#7137,#7138,#7139,#7140,#7141,#7142,#7143,#7144,#7145,
#7146,#7147,#7148,#7149,#7150,#7151,#7152,#7153,#7154,#7155,#7156,#7157,
#7158,#7159,#7160,#7161,#7162,#7163,#7164,#7165,#7166,#7167,#7168,#7169,
#7170,#7171,#7172,#7173,#7174,#7175,#7176,#7177,#7178,#7179,#7180,#7181,
#7182,#7183,#7184,#7185,#7186,#7187,#7188,#7189,#7190,#7191,#7192,#7193,
#7194,#7195,#7196,#7197,#7198,#7199,#7200,#7201,#7202,#7203,#7204,#7205,
#7206,#7207,#7208,#7209,#7210,#7211,#7212,#7213,#7214,#7215,#7216,#7217,
#7218,#7219,#7220,#7221,#7222,#7223,#7224,#7225,#7226,#7227,#7228,#7229,
#7230,#7231,#7232,#7233,#7234,#7235,#7236,#7237,#7238,#7239,#7240,#7241,
#7242,#7243,#7244,#7245,#7246,#7247,#7248,#7249,#7250,#7251,#7252,#7253,
#7254,#7255,#7256,#7257,#7258,#7259,#7260,#7261,#7262,#7263,#7264,#7265,
#7266,#7267,#7268,#7269,#7270,#7271,#7272,#7273,#7274,#7275,#7276,#7277,
#7278,#7279,#7280,#7281,#7282,#7283,#7284,#7285,#7286,#7287,#7288,#7289,
#7290,#7291,#7292,#7293,#7294,#7295,#7296,#7297,#7298,#7299,#7300,#7301,
#7302,#7303,#7304,#7305,#7306,#7307,#7308,#7309,#7310,#7311,#7312,#7313,
#7314,#7315,#7316,#7317,#7318,#7319,#7320,#7321,#7322,#7323,#7324,#7325,
#7326,#7327,#7328,#7329,#7330,#7331,#7332,#7333,#7334,#7335,#7336,#7337,
#7338,#7339,#7340,#7341,#7342,#7343,#7344,#7345,#7346,#7347,#7348,#7349,
#7350,#7351,#7352,#7353,#7354,#7355,#7356,#7357,#7358,#7359,#7360,#7361,
#7362,#7363,#7364,#7365,#7366,#7367,#7368,#7369,#7370,#7371,#7372,#7373,
#7374,#7375,#7376,#7377,#7378,#7379,#7380,#7381,#7382,#7383,#7384,#7385,
#7386,#7387,#7388,#7389,#7390),.UNSPECIFIED.,.F.,.F.,(4,1,1,1,1,1,1,1,1,
1,1,1,1,1,1,1,1,1,1,1,1,1,1,1,1,1,1,1,1,1,1,1,1,1,1,1,1,1,1,1,1,1,1,1,1,
1,1,1,1,1,1,1,1,1,1,1,1,1,1,1,1,1,1,1,1,1,1,1,1,1,1,1,1,1,1,1,1,1,1,1,1,
1,1,1,1,1,1,1,1,1,1,1,1,1,1,1,1,1,1,1,1,1,1,1,1,1,1,1,1,1,1,1,1,1,1,1,1,
1,1,1,1,1,1,1,1,1,1,1,1,1,1,1,1,1,1,1,1,1,1,1,1,1,1,1,1,1,1,1,1,1,1,1,1,
1,1,1,1,1,1,1,1,1,1,1,1,1,1,1,1,1,1,1,1,1,1,1,1,1,1,1,1,1,1,1,1,1,1,1,1,
1,1,1,1,1,1,1,1,1,1,1,1,1,1,1,1,1,1,1,1,1,1,1,1,1,1,1,1,1,1,1,1,1,1,1,1,
1,1,1,1,1,1,1,1,1,1,1,1,1,1,1,1,1,1,1,1,1,1,1,1,1,1,1,1,1,1,1,1,1,1,1,1,
1,1,1,1,1,1,1,1,1,1,1,1,1,1,1,1,1,1,1,1,1,1,1,1,1,1,1,1,1,1,1,1,1,1,1,1,
1,1,1,1,1,1,1,1,1,1,1,1,1,1,1,1,1,1,1,1,1,1,1,1,1,1,1,1,1,1,1,1,1,1,1,1,
1,1,1,1,1,1,1,1,1,1,1,1,1,1,1,1,1,1,1,1,1,1,1,1,1,1,1,1,1,1,1,1,1,1,1,1,
1,1,1,1,1,1,1,1,1,1,1,1,1,1,1,1,1,1,1,1,1,1,1,1,1,1,1,1,1,1,1,1,1,1,1,1,
1,1,1,1,1,1,1,1,1,1,1,1,1,1,1,1,1,1,1,1,1,1,1,1,1,1,1,1,1,1,1,1,1,1,1,1,
1,1,1,1,1,1,1,1,1,1,1,1,1,1,1,1,1,1,1,1,1,1,1,1,1,1,1,1,1,1,1,1,1,1,1,1,
1,1,1,1,1,1,1,1,1,1,1,1,1,1,1,1,1,1,1,1,1,1,1,1,1,1,1,1,1,1,1,1,1,1,1,1,
1,1,1,1,1,1,1,1,1,1,1,1,1,1,1,1,1,1,1,1,1,1,1,1,1,1,1,1,1,1,1,1,1,1,1,1,
1,1,1,1,1,1,1,1,1,1,1,1,1,1,1,1,1,1,1,1,1,1,1,1,1,1,1,1,1,1,1,1,1,1,1,1,
1,1,1,1,1,1,1,1,1,1,1,1,1,1,1,1,1,1,1,1,1,1,1,1,1,1,1,1,1,1,1,1,1,1,1,1,
1,1,1,1,1,1,1,1,1,1,1,1,1,1,1,1,1,1,1,1,1,1,1,1,1,1,1,1,1,1,1,1,1,1,1,1,
1,1,1,1,1,1,1,1,1,1,1,1,1,1,1,1,1,1,1,1,1,1,1,1,1,1,1,1,1,1,1,1,1,1,1,1,
1,1,1,1,1,1,1,1,1,1,1,1,1,1,1,1,1,1,1,1,1,1,1,1,1,1,1,1,1,1,1,1,1,1,1,1,
1,1,1,1,1,1,1,1,1,1,1,1,1,1,1,1,1,1,1,1,1,1,1,1,1,1,1,1,1,1,1,1,1,1,1,1,
1,1,1,1,1,1,1,1,1,1,1,1,1,1,1,1,1,1,1,1,1,1,1,1,1,1,1,1,1,1,1,1,1,1,1,1,
1,1,1,1,1,1,1,1,1,1,1,1,1,1,1,1,1,1,1,1,1,1,1,1,1,1,1,1,1,1,1,1,1,1,1,1,
1,1,1,1,1,1,1,1,1,1,1,1,1,1,1,1,1,1,1,1,1,1,1,1,1,1,1,1,1,1,1,1,1,1,1,1,
1,1,1,1,1,1,1,1,1,1,1,1,1,1,1,1,1,1,1,1,1,1,1,1,1,1,1,1,1,1,1,1,1,1,1,1,
1,1,1,1,1,1,1,1,1,1,1,1,1,1,1,1,1,1,1,1,1,1,1,1,1,1,1,1,1,1,1,1,1,1,1,1,
1,1,1,1,1,1,1,1,1,1,1,1,1,1,1,1,1,1,1,1,1,1,1,1,1,1,1,1,1,1,1,1,1,1,1,1,
1,1,1,1,1,1,1,1,1,1,1,1,1,1,1,1,1,1,1,1,1,1,1,1,1,1,1,1,1,1,1,1,1,1,1,1,
1,1,1,1,1,1,1,1,1,1,1,1,1,1,1,1,1,1,1,1,1,1,1,1,1,1,1,1,1,1,1,1,1,1,1,1,
1,1,1,1,1,1,1,1,1,1,1,1,1,1,1,1,1,1,1,1,1,1,1,1,1,1,1,1,1,1,1,1,1,1,1,1,
1,1,1,1,1,1,1,1,1,1,1,1,1,1,1,1,1,1,1,1,1,1,1,1,1,1,1,1,1,1,1,1,1,1,1,1,
1,1,1,1,1,1,1,1,1,1,1,1,1,1,1,1,1,1,1,1,1,1,1,1,1,1,1,1,1,1,1,1,1,1,1,1,
1,1,1,1,1,1,1,1,1,1,1,1,1,1,1,1,1,1,1,1,1,1,1,1,1,1,1,1,1,1,1,1,1,1,1,1,
1,1,1,1,1,1,1,1,1,1,1,1,1,1,1,1,1,1,1,1,1,1,1,1,1,1,1,1,1,1,1,1,1,1,1,1,
1,1,1,1,1,1,1,1,1,1,1,1,1,1,1,1,1,1,1,1,1,1,1,1,1,1,1,1,1,1,1,1,1,1,1,1,
1,1,1,1,1,1,1,1,1,1,1,1,1,1,1,1,1,1,1,1,1,1,1,1,1,1,1,1,1,1,1,1,1,1,1,4),
(0.,0.0009765625,0.00146484375,0.001953125,0.0029296875,0.00390625,0.0048828125,
0.005859375,0.0068359375,0.0078125,0.0087890625,0.009765625,0.01171875,
0.013671875,0.015625,0.0166015625,0.017578125,0.0185546875,0.01953125,0.0205078125,
0.021484375,0.0224609375,0.0234375,0.02392578125,0.0244140625,0.02490234375,
0.025390625,0.02587890625,0.0263671875,0.02685546875,0.02734375,0.02783203125,
0.0283203125,0.02880859375,0.029296875,0.02978515625,0.0302734375,0.03076171875,
0.03125,0.03173828125,0.0322265625,0.03271484375,0.033203125,0.03369140625,
0.0341796875,0.03466796875,0.03515625,0.03564453125,0.0361328125,0.03662109375,
0.037109375,0.03759765625,0.0380859375,0.03857421875,0.0390625,0.03955078125,
0.0400390625,0.041015625,0.0419921875,0.04296875,0.0439453125,0.044921875,
0.0458984375,0.046875,0.0478515625,0.048828125,0.0498046875,0.05078125,
0.052734375,0.0546875,0.0556640625,0.056640625,0.0576171875,0.05859375,
0.0595703125,0.060546875,0.0615234375,0.0625,0.0634765625,0.06396484375,
0.064453125,0.06494140625,0.0654296875,0.06591796875,0.06640625,0.06689453125,
0.0673828125,0.06787109375,0.068359375,0.06884765625,0.0693359375,0.06982421875,
0.0703125,0.07080078125,0.0712890625,0.07177734375,0.072265625,0.07275390625,
0.0732421875,0.07373046875,0.07421875,0.07470703125,0.0751953125,0.07568359375,
0.076171875,0.07666015625,0.0771484375,0.078125,0.07861328125,0.0791015625,
0.07958984375,0.080078125,0.08056640625,0.0810546875,0.08154296875,0.08203125,
0.08251953125,0.0830078125,0.08349609375,0.083984375,0.08447265625,0.0849609375,
0.08544921875,0.0859375,0.08642578125,0.0869140625,0.08740234375,0.087890625,
0.08837890625,0.0888671875,0.08935546875,0.08984375,0.09033203125,0.0908203125,
0.09130859375,0.091796875,0.09228515625,0.0927734375,0.09326171875,0.09375,
0.09423828125,0.0947265625,0.095703125,0.0966796875,0.09765625,0.0986328125,
0.099609375,0.1005859375,0.1015625,0.103515625,0.10546875,0.107421875,0.109375,
0.1103515625,0.111328125,0.1123046875,0.11328125,0.1142578125,0.115234375,
0.1162109375,0.11669921875,0.1171875,0.1181640625,0.11865234375,0.119140625,
0.11962890625,0.1201171875,0.12060546875,0.12109375,0.12158203125,0.1220703125,
0.12255859375,0.123046875,0.12353515625,0.1240234375,0.12451171875,0.125,
0.12548828125,0.1259765625,0.12646484375,0.126953125,0.12744140625,0.1279296875,
0.12841796875,0.12890625,0.12939453125,0.1298828125,0.13037109375,0.130859375,
0.13134765625,0.1318359375,0.1328125,0.1337890625,0.13427734375,0.134765625,
0.13525390625,0.1357421875,0.13623046875,0.13671875,0.13720703125,0.1376953125,
0.13818359375,0.138671875,0.13916015625,0.1396484375,0.14013671875,0.140625,
0.14111328125,0.1416015625,0.14208984375,0.142578125,0.14306640625,0.1435546875,
0.14404296875,0.14453125,0.14501953125,0.1455078125,0.14599609375,0.146484375,
0.14697265625,0.1474609375,0.1484375,0.14892578125,0.1494140625,0.150390625,
0.1513671875,0.15234375,0.1533203125,0.154296875,0.1552734375,0.15625,0.158203125,
0.16015625,0.162109375,0.1640625,0.1650390625,0.166015625,0.1669921875,
0.16796875,0.1689453125,0.169921875,0.1708984375,0.17138671875,0.171875,
0.1728515625,0.17333984375,0.173828125,0.17431640625,0.1748046875,0.17529296875,
0.17578125,0.17626953125,0.1767578125,0.17724609375,0.177734375,0.17822265625,
0.1787109375,0.17919921875,0.1796875,0.18017578125,0.1806640625,0.18115234375,
0.181640625,0.18212890625,0.1826171875,0.18310546875,0.18359375,0.18408203125,
0.1845703125,0.18505859375,0.185546875,0.18603515625,0.1865234375,0.18701171875,
0.1875,0.1884765625,0.18896484375,0.189453125,0.18994140625,0.1904296875,
0.19091796875,0.19140625,0.19189453125,0.1923828125,0.19287109375,0.193359375,
0.19384765625,0.1943359375,0.19482421875,0.1953125,0.19580078125,0.1962890625,
0.19677734375,0.197265625,0.19775390625,0.1982421875,0.19873046875,0.19921875,
0.19970703125,0.2001953125,0.20068359375,0.201171875,0.20166015625,0.2021484375,
0.203125,0.2041015625,0.205078125,0.2060546875,0.20703125,0.2080078125,
0.208984375,0.2099609375,0.2109375,0.212890625,0.21484375,0.2158203125,
0.216796875,0.2177734375,0.21875,0.2197265625,0.220703125,0.2216796875,
0.22265625,0.2236328125,0.224609375,0.2255859375,0.22607421875,0.2265625,
0.22705078125,0.2275390625,0.22802734375,0.228515625,0.22900390625,0.2294921875,
0.22998046875,0.23046875,0.23095703125,0.2314453125,0.23193359375,0.232421875,
0.23291015625,0.2333984375,0.23388671875,0.234375,0.23486328125,0.2353515625,
0.23583984375,0.236328125,0.23681640625,0.2373046875,0.23779296875,0.23828125,
0.23876953125,0.2392578125,0.23974609375,0.240234375,0.24072265625,0.2412109375,
0.24169921875,0.2421875,0.24267578125,0.2431640625,0.24365234375,0.244140625,
0.24462890625,0.2451171875,0.24560546875,0.24609375,0.24658203125,0.2470703125,
0.24755859375,0.248046875,0.24853515625,0.2490234375,0.24951171875,0.25,
0.25048828125,0.2509765625,0.25146484375,0.251953125,0.25244140625,0.2529296875,
0.25341796875,0.25390625,0.25439453125,0.2548828125,0.25537109375,0.255859375,
0.25634765625,0.2568359375,0.2578125,0.2587890625,0.259765625,0.2607421875,
0.26171875,0.2626953125,0.263671875,0.2646484375,0.265625,0.267578125,0.26953125,
0.2705078125,0.271484375,0.2724609375,0.2734375,0.2744140625,0.275390625,
0.2763671875,0.27734375,0.2783203125,0.279296875,0.2802734375,0.28076171875,
0.28125,0.28173828125,0.2822265625,0.28271484375,0.283203125,0.28369140625,
0.2841796875,0.28466796875,0.28515625,0.28564453125,0.2861328125,0.28662109375,
0.287109375,0.28759765625,0.2880859375,0.28857421875,0.2890625,0.28955078125,
0.2900390625,0.29052734375,0.291015625,0.29150390625,0.2919921875,0.29248046875,
0.29296875,0.29345703125,0.2939453125,0.294921875,0.29541015625,0.2958984375,
0.29638671875,0.296875,0.29736328125,0.2978515625,0.29833984375,0.298828125,
0.29931640625,0.2998046875,0.30029296875,0.30078125,0.30126953125,0.3017578125,
0.30224609375,0.302734375,0.30322265625,0.3037109375,0.30419921875,0.3046875,
0.30517578125,0.3056640625,0.30615234375,0.306640625,0.30712890625,0.3076171875,
0.30810546875,0.30859375,0.30908203125,0.3095703125,0.31005859375,0.310546875,
0.31103515625,0.3115234375,0.3125,0.3134765625,0.314453125,0.3154296875,
0.31640625,0.3173828125,0.318359375,0.3193359375,0.3203125,0.32421875,0.3251953125,
0.326171875,0.3271484375,0.328125,0.3291015625,0.330078125,0.3310546875,
0.33203125,0.3330078125,0.33349609375,0.333984375,0.3349609375,0.33544921875,
0.3359375,0.33642578125,0.3369140625,0.33740234375,0.337890625,0.33837890625,
0.3388671875,0.33935546875,0.33984375,0.34033203125,0.3408203125,0.34130859375,
0.341796875,0.34228515625,0.3427734375,0.34326171875,0.34375,0.34423828125,
0.3447265625,0.34521484375,0.345703125,0.34619140625,0.3466796875,0.34716796875,
0.34765625,0.34814453125,0.3486328125,0.349609375,0.3505859375,0.35107421875,
0.3515625,0.35205078125,0.3525390625,0.35302734375,0.353515625,0.35400390625,
0.3544921875,0.35498046875,0.35546875,0.35595703125,0.3564453125,0.35693359375,
0.357421875,0.35791015625,0.3583984375,0.35888671875,0.359375,0.35986328125,
0.3603515625,0.36083984375,0.361328125,0.36181640625,0.3623046875,0.36279296875,
0.36328125,0.36376953125,0.3642578125,0.365234375,0.36572265625,0.3662109375,
0.3671875,0.3681640625,0.369140625,0.3701171875,0.37109375,0.3720703125,
0.373046875,0.3740234375,0.375,0.37890625,0.3798828125,0.380859375,0.3818359375,
0.3828125,0.3837890625,0.384765625,0.3857421875,0.38671875,0.3876953125,
0.388671875,0.38916015625,0.3896484375,0.390625,0.39111328125,0.3916015625,
0.39208984375,0.392578125,0.3935546875,0.39404296875,0.39453125,0.3955078125,
0.39599609375,0.396484375,0.39697265625,0.3974609375,0.39794921875,0.3984375,
0.39892578125,0.3994140625,0.39990234375,0.400390625,0.40087890625,0.4013671875,
0.40185546875,0.40234375,0.40283203125,0.4033203125,0.404296875,0.40478515625,
0.4052734375,0.40576171875,0.40625,0.40673828125,0.4072265625,0.40771484375,
0.408203125,0.40869140625,0.4091796875,0.40966796875,0.41015625,0.41064453125,
0.4111328125,0.41162109375,0.412109375,0.41259765625,0.4130859375,0.41357421875,
0.4140625,0.41796875,0.419921875,0.421875,0.4296875,0.43359375,0.4375,0.44140625,
0.443359375,0.4443359375,0.44482421875,0.4453125,0.447265625,0.44775390625,
0.4482421875,0.44921875,0.44970703125,0.4501953125,0.45068359375,0.451171875,
0.45166015625,0.4521484375,0.45263671875,0.453125,0.45361328125,0.4541015625,
0.45458984375,0.455078125,0.45556640625,0.4560546875,0.45654296875,0.45703125,
0.45751953125,0.4580078125,0.45849609375,0.458984375,0.45947265625,0.4599609375,
0.46044921875,0.4609375,0.46142578125,0.4619140625,0.46240234375,0.462890625,
0.46337890625,0.4638671875,0.46435546875,0.46484375,0.46533203125,0.4658203125,
0.46630859375,0.466796875,0.46728515625,0.4677734375,0.46875,0.46923828125,
0.4697265625,0.470703125,0.47119140625,0.4716796875,0.47216796875,0.47265625,
0.474609375,0.4765625,0.48046875,0.484375,0.4921875,0.494140625,0.49609375,
0.498046875,0.49853515625,0.4990234375,0.49951171875,0.5,0.5009765625,0.50146484375,
0.501953125,0.5029296875,0.50341796875,0.50390625,0.50439453125,0.5048828125,
0.505859375,0.50634765625,0.5068359375,0.50732421875,0.5078125,0.50830078125,
0.5087890625,0.50927734375,0.509765625,0.51025390625,0.5107421875,0.51123046875,
0.51171875,0.5126953125,0.51318359375,0.513671875,0.51416015625,0.5146484375,
0.51513671875,0.515625,0.5166015625,0.51708984375,0.517578125,0.51806640625,
0.5185546875,0.51904296875,0.51953125,0.52001953125,0.5205078125,0.52099609375,
0.521484375,0.52197265625,0.5224609375,0.52294921875,0.5234375,0.5244140625,
0.525390625,0.52734375,0.53125,0.5390625,0.546875,0.55078125,0.5517578125,
0.55224609375,0.552734375,0.55322265625,0.5537109375,0.5546875,0.55517578125,
0.5556640625,0.556640625,0.55712890625,0.5576171875,0.55810546875,0.55859375,
0.5595703125,0.56005859375,0.560546875,0.56103515625,0.5615234375,0.56201171875,
0.5625,0.56298828125,0.5634765625,0.56396484375,0.564453125,0.56494140625,
0.5654296875,0.56591796875,0.56640625,0.5673828125,0.56787109375,0.568359375,
0.56884765625,0.5693359375,0.56982421875,0.5703125,0.57080078125,0.5712890625,
0.57177734375,0.572265625,0.57275390625,0.5732421875,0.57373046875,0.57421875,
0.57470703125,0.5751953125,0.57568359375,0.576171875,0.57666015625,0.5771484375,
0.578125,0.5791015625,0.580078125,0.58203125,0.5859375,0.59375,0.6015625,
0.60546875,0.60595703125,0.6064453125,0.60693359375,0.607421875,0.609375,
0.6103515625,0.611328125,0.6123046875,0.61328125,0.61376953125,0.6142578125,
0.61474609375,0.615234375,0.61572265625,0.6162109375,0.61669921875,0.6171875,
0.61767578125,0.6181640625,0.61865234375,0.619140625,0.61962890625,0.6201171875,
0.62060546875,0.62109375,0.62158203125,0.6220703125,0.62255859375,0.623046875,
0.62353515625,0.6240234375,0.62451171875,0.625,0.6259765625,0.62646484375,
0.626953125,0.62744140625,0.6279296875,0.62841796875,0.62890625,0.62939453125,
0.6298828125,0.63037109375,0.630859375,0.63134765625,0.6318359375,0.63232421875,
0.6328125,0.63330078125,0.6337890625,0.63427734375,0.634765625,0.63525390625,
0.6357421875,0.63623046875,0.63671875,0.6376953125,0.638671875,0.6396484375,
0.640625,0.642578125,0.64453125,0.6484375,0.65625,0.658203125,0.6591796875,
0.65966796875,0.66015625,0.66064453125,0.6611328125,0.66162109375,0.662109375,
0.66259765625,0.6630859375,0.66357421875,0.6640625,0.66455078125,0.6650390625,
0.66552734375,0.666015625,0.66650390625,0.6669921875,0.66748046875,0.66796875,
0.66845703125,0.6689453125,0.66943359375,0.669921875,0.67041015625,0.6708984375,
0.67138671875,0.671875,0.67236328125,0.6728515625,0.67333984375,0.673828125,
0.67431640625,0.6748046875,0.67529296875,0.67578125,0.67626953125,0.6767578125,
0.67724609375,0.677734375,0.67822265625,0.6787109375,0.67919921875,0.6796875,
0.68017578125,0.6806640625,0.68115234375,0.681640625,0.68212890625,0.6826171875,
0.68310546875,0.68359375,0.68408203125,0.6845703125,0.68505859375,0.685546875,
0.6865234375,0.68701171875,0.6875,0.68798828125,0.6884765625,0.689453125,
0.68994140625,0.6904296875,0.69140625,0.6923828125,0.693359375,0.6953125,
0.69921875,0.703125,0.70703125,0.7080078125,0.708984375,0.7099609375,0.7109375,
0.7119140625,0.712890625,0.71337890625,0.7138671875,0.71484375,0.71533203125,
0.7158203125,0.71630859375,0.716796875,0.7177734375,0.71826171875,0.71875,
0.71923828125,0.7197265625,0.720703125,0.72119140625,0.7216796875,0.72216796875,
0.72265625,0.72314453125,0.7236328125,0.72412109375,0.724609375,0.72509765625,
0.7255859375,0.72607421875,0.7265625,0.72705078125,0.7275390625,0.72802734375,
0.728515625,0.7294921875,0.72998046875,0.73046875,0.73095703125,0.7314453125,
0.73193359375,0.732421875,0.73291015625,0.7333984375,0.73388671875,0.734375,
0.73486328125,0.7353515625,0.73583984375,0.736328125,0.73681640625,0.7373046875,
0.73779296875,0.73828125,0.73876953125,0.7392578125,0.73974609375,0.740234375,
0.74072265625,0.7412109375,0.74169921875,0.7421875,0.7431640625,0.744140625,
0.7451171875,0.74609375,0.75,0.75390625,0.7578125,0.76171875,0.763671875,
0.7646484375,0.765625,0.7666015625,0.767578125,0.76806640625,0.7685546875,
0.76953125,0.77001953125,0.7705078125,0.77099609375,0.771484375,0.77197265625,
0.7724609375,0.77294921875,0.7734375,0.77392578125,0.7744140625,0.77490234375,
0.775390625,0.77587890625,0.7763671875,0.77685546875,0.77734375,0.77783203125,
0.7783203125,0.77880859375,0.779296875,0.77978515625,0.7802734375,0.78076171875,
0.78125,0.78173828125,0.7822265625,0.78271484375,0.783203125,0.7841796875,
0.78466796875,0.78515625,0.78564453125,0.7861328125,0.78662109375,0.787109375,
0.78759765625,0.7880859375,0.78857421875,0.7890625,0.78955078125,0.7900390625,
0.79052734375,0.791015625,0.7919921875,0.79248046875,0.79296875,0.79345703125,
0.7939453125,0.794921875,0.79541015625,0.7958984375,0.79638671875,0.796875,
0.7978515625,0.79833984375,0.798828125,0.7998046875,0.80078125,0.802734375,
0.8046875,0.80859375,0.8125,0.81640625,0.8203125,0.822265625,0.82421875,
0.82470703125,0.8251953125,0.826171875,0.82666015625,0.8271484375,0.82763671875,
0.828125,0.8291015625,0.82958984375,0.830078125,0.83056640625,0.8310546875,
0.83154296875,0.83203125,0.83251953125,0.8330078125,0.83349609375,0.833984375,
0.83447265625,0.8349609375,0.83544921875,0.8359375,0.83642578125,0.8369140625,
0.837890625,0.83837890625,0.8388671875,0.83935546875,0.83984375,0.84033203125,
0.8408203125,0.84130859375,0.841796875,0.84228515625,0.8427734375,0.84326171875,
0.84375,0.84423828125,0.8447265625,0.84521484375,0.845703125,0.84619140625,
0.8466796875,0.84716796875,0.84765625,0.84814453125,0.8486328125,0.84912109375,
0.849609375,0.85009765625,0.8505859375,0.85107421875,0.8515625,0.85205078125,
0.8525390625,0.85302734375,0.853515625,0.8544921875,0.85546875,0.8564453125,
0.857421875,0.8583984375,0.859375,0.86328125,0.8671875,0.87109375,0.873046875,
0.875,0.8759765625,0.87646484375,0.876953125,0.8779296875,0.87841796875,
0.87890625,0.87939453125,0.8798828125,0.88037109375,0.880859375,0.88134765625,
0.8818359375,0.88232421875,0.8828125,0.88330078125,0.8837890625,0.88427734375,
0.884765625,0.88525390625,0.8857421875,0.88623046875,0.88671875,0.88720703125,
0.8876953125,0.88818359375,0.888671875,0.88916015625,0.8896484375,0.89013671875,
0.890625,0.89111328125,0.8916015625,0.89208984375,0.892578125,0.89306640625,
0.8935546875,0.89404296875,0.89453125,0.89501953125,0.8955078125,0.89599609375,
0.896484375,0.89697265625,0.8974609375,0.89794921875,0.8984375,0.89892578125,
0.8994140625,0.89990234375,0.900390625,0.90087890625,0.9013671875,0.90185546875,
0.90234375,0.9033203125,0.90380859375,0.904296875,0.90478515625,0.9052734375,
0.90625,0.9072265625,0.908203125,0.9091796875,0.91015625,0.9140625,0.91796875,
0.921875,0.92578125,0.9296875,0.9306640625,0.931640625,0.93359375,0.9345703125,
0.93505859375,0.935546875,0.93603515625,0.9365234375,0.93701171875,0.9375,
0.9384765625,0.93896484375,0.939453125,0.93994140625,0.9404296875,0.94091796875,
0.94140625,0.94189453125,0.9423828125,0.94287109375,0.943359375,0.94384765625,
0.9443359375,0.94482421875,0.9453125,0.9462890625,0.94677734375,0.947265625,
0.94775390625,0.9482421875,0.94873046875,0.94921875,0.94970703125,0.9501953125,
0.95068359375,0.951171875,0.95166015625,0.9521484375,0.95263671875,0.953125,
0.95361328125,0.9541015625,0.95458984375,0.955078125,0.95556640625,0.9560546875,
0.95654296875,0.95703125,0.95751953125,0.9580078125,0.95849609375,0.958984375,
0.95947265625,0.9599609375,0.96044921875,0.9609375,0.96484375,0.96875,0.9765625,
0.98046875,0.984375,0.98828125,0.98876953125,0.9892578125,0.98974609375,
0.990234375,0.9912109375,0.99169921875,0.9921875,0.9931640625,0.99365234375,
0.994140625,0.99462890625,0.9951171875,0.99560546875,0.99609375,0.99658203125,
0.9970703125,0.99755859375,0.998046875,0.99853515625,0.9990234375,1.),
 .UNSPECIFIED.);
#247=B_SPLINE_CURVE_WITH_KNOTS('',3,(#7392,#7393,#7394,#7395),
 .UNSPECIFIED.,.F.,.F.,(4,4),(0.,1.),.UNSPECIFIED.);
#248=B_SPLINE_CURVE_WITH_KNOTS('',3,(#7396,#7397,#7398,#7399,#7400,#7401,
#7402,#7403,#7404,#7405,#7406,#7407,#7408,#7409,#7410,#7411,#7412,#7413,
#7414,#7415,#7416,#7417,#7418,#7419,#7420,#7421,#7422,#7423,#7424,#7425,
#7426,#7427,#7428,#7429,#7430,#7431,#7432,#7433,#7434,#7435,#7436,#7437,
#7438,#7439,#7440,#7441,#7442,#7443,#7444,#7445,#7446,#7447,#7448,#7449,
#7450,#7451,#7452,#7453,#7454,#7455,#7456,#7457,#7458,#7459,#7460,#7461,
#7462,#7463,#7464,#7465,#7466,#7467,#7468,#7469,#7470,#7471,#7472,#7473,
#7474,#7475,#7476,#7477,#7478,#7479,#7480,#7481,#7482,#7483,#7484,#7485,
#7486,#7487,#7488,#7489,#7490,#7491,#7492,#7493,#7494,#7495,#7496,#7497,
#7498,#7499,#7500,#7501,#7502,#7503,#7504,#7505,#7506,#7507,#7508,#7509,
#7510,#7511,#7512,#7513,#7514,#7515,#7516,#7517,#7518,#7519,#7520,#7521,
#7522,#7523,#7524,#7525,#7526,#7527,#7528,#7529,#7530,#7531,#7532,#7533,
#7534,#7535,#7536,#7537,#7538,#7539,#7540,#7541,#7542,#7543,#7544,#7545,
#7546,#7547,#7548,#7549,#7550,#7551,#7552,#7553,#7554,#7555,#7556,#7557,
#7558,#7559,#7560,#7561,#7562,#7563,#7564,#7565,#7566,#7567,#7568,#7569,
#7570,#7571,#7572,#7573,#7574,#7575,#7576,#7577,#7578,#7579,#7580,#7581,
#7582,#7583,#7584,#7585,#7586,#7587,#7588,#7589,#7590,#7591,#7592,#7593,
#7594,#7595,#7596,#7597,#7598,#7599,#7600,#7601,#7602,#7603,#7604,#7605,
#7606,#7607,#7608,#7609,#7610,#7611,#7612,#7613,#7614,#7615,#7616,#7617,
#7618,#7619,#7620,#7621,#7622,#7623,#7624,#7625,#7626,#7627,#7628,#7629,
#7630,#7631,#7632,#7633,#7634,#7635,#7636,#7637,#7638,#7639,#7640,#7641,
#7642,#7643,#7644,#7645,#7646,#7647,#7648,#7649,#7650,#7651,#7652,#7653,
#7654,#7655,#7656,#7657,#7658,#7659,#7660,#7661,#7662,#7663,#7664,#7665,
#7666,#7667,#7668,#7669,#7670,#7671,#7672,#7673,#7674,#7675,#7676,#7677,
#7678,#7679,#7680,#7681,#7682,#7683,#7684,#7685,#7686,#7687,#7688,#7689,
#7690,#7691,#7692,#7693,#7694,#7695,#7696,#7697,#7698,#7699,#7700,#7701,
#7702,#7703,#7704,#7705,#7706,#7707,#7708,#7709,#7710,#7711,#7712,#7713,
#7714,#7715,#7716,#7717,#7718,#7719,#7720,#7721,#7722,#7723,#7724,#7725,
#7726,#7727,#7728,#7729,#7730,#7731,#7732,#7733,#7734,#7735,#7736,#7737,
#7738,#7739,#7740,#7741,#7742,#7743,#7744,#7745,#7746,#7747,#7748,#7749,
#7750,#7751,#7752,#7753,#7754,#7755,#7756,#7757,#7758,#7759,#7760,#7761,
#7762,#7763,#7764,#7765,#7766,#7767,#7768,#7769,#7770,#7771,#7772,#7773,
#7774,#7775,#7776,#7777,#7778,#7779,#7780,#7781,#7782,#7783,#7784,#7785,
#7786,#7787,#7788,#7789,#7790,#7791,#7792,#7793,#7794,#7795,#7796,#7797,
#7798,#7799,#7800,#7801,#7802,#7803,#7804,#7805,#7806,#7807,#7808,#7809,
#7810,#7811,#7812,#7813,#7814,#7815,#7816,#7817,#7818,#7819,#7820,#7821,
#7822,#7823,#7824,#7825,#7826,#7827,#7828,#7829,#7830,#7831,#7832,#7833,
#7834,#7835,#7836,#7837,#7838,#7839,#7840,#7841,#7842,#7843,#7844,#7845,
#7846,#7847,#7848,#7849,#7850,#7851,#7852,#7853,#7854,#7855,#7856,#7857,
#7858,#7859,#7860,#7861,#7862,#7863,#7864,#7865,#7866,#7867,#7868,#7869,
#7870,#7871,#7872,#7873,#7874,#7875,#7876,#7877,#7878,#7879,#7880,#7881,
#7882,#7883,#7884,#7885,#7886,#7887,#7888,#7889,#7890,#7891,#7892,#7893,
#7894,#7895,#7896,#7897,#7898,#7899,#7900,#7901,#7902,#7903,#7904,#7905,
#7906,#7907,#7908,#7909,#7910,#7911,#7912,#7913,#7914,#7915,#7916,#7917,
#7918,#7919,#7920,#7921,#7922,#7923,#7924,#7925,#7926,#7927,#7928,#7929,
#7930,#7931,#7932,#7933,#7934,#7935,#7936,#7937,#7938,#7939,#7940,#7941,
#7942,#7943,#7944,#7945,#7946,#7947,#7948,#7949,#7950,#7951,#7952,#7953,
#7954,#7955,#7956,#7957,#7958,#7959,#7960,#7961,#7962,#7963,#7964,#7965,
#7966,#7967,#7968,#7969,#7970,#7971,#7972,#7973,#7974,#7975,#7976,#7977,
#7978,#7979,#7980,#7981,#7982,#7983,#7984,#7985,#7986,#7987,#7988,#7989,
#7990,#7991,#7992,#7993,#7994,#7995,#7996,#7997,#7998,#7999,#8000,#8001,
#8002,#8003,#8004,#8005,#8006,#8007,#8008,#8009,#8010,#8011,#8012,#8013,
#8014,#8015,#8016,#8017,#8018,#8019,#8020,#8021,#8022,#8023,#8024,#8025,
#8026,#8027,#8028,#8029,#8030,#8031,#8032,#8033,#8034,#8035,#8036,#8037,
#8038,#8039,#8040,#8041,#8042,#8043,#8044,#8045,#8046,#8047,#8048,#8049,
#8050,#8051,#8052,#8053,#8054,#8055,#8056,#8057,#8058,#8059,#8060,#8061,
#8062,#8063,#8064,#8065,#8066,#8067,#8068,#8069,#8070,#8071,#8072,#8073,
#8074,#8075,#8076,#8077,#8078,#8079,#8080,#8081,#8082,#8083,#8084,#8085,
#8086,#8087,#8088,#8089,#8090,#8091,#8092,#8093,#8094,#8095,#8096,#8097,
#8098,#8099,#8100,#8101,#8102,#8103,#8104,#8105,#8106,#8107,#8108,#8109,
#8110,#8111,#8112,#8113,#8114,#8115,#8116,#8117,#8118,#8119,#8120,#8121,
#8122,#8123,#8124,#8125,#8126,#8127,#8128,#8129,#8130,#8131,#8132,#8133,
#8134,#8135,#8136,#8137,#8138,#8139,#8140,#8141,#8142,#8143,#8144,#8145,
#8146,#8147,#8148,#8149,#8150,#8151,#8152,#8153,#8154,#8155,#8156,#8157,
#8158,#8159,#8160,#8161,#8162,#8163,#8164,#8165,#8166,#8167,#8168,#8169,
#8170,#8171,#8172,#8173,#8174,#8175,#8176,#8177,#8178,#8179,#8180,#8181,
#8182,#8183,#8184,#8185,#8186,#8187,#8188,#8189,#8190,#8191,#8192,#8193,
#8194,#8195,#8196,#8197,#8198,#8199,#8200,#8201,#8202,#8203,#8204,#8205,
#8206,#8207,#8208,#8209,#8210,#8211,#8212,#8213,#8214,#8215,#8216,#8217,
#8218,#8219,#8220,#8221,#8222,#8223,#8224,#8225,#8226,#8227,#8228,#8229,
#8230,#8231,#8232,#8233,#8234,#8235,#8236,#8237,#8238,#8239,#8240,#8241,
#8242,#8243,#8244,#8245,#8246,#8247,#8248,#8249,#8250,#8251,#8252,#8253,
#8254,#8255,#8256,#8257,#8258,#8259,#8260,#8261,#8262,#8263,#8264,#8265,
#8266,#8267,#8268,#8269,#8270,#8271,#8272,#8273,#8274,#8275,#8276,#8277,
#8278,#8279,#8280,#8281,#8282,#8283,#8284,#8285,#8286,#8287,#8288,#8289,
#8290,#8291,#8292,#8293,#8294,#8295,#8296,#8297,#8298,#8299,#8300,#8301,
#8302,#8303,#8304,#8305,#8306,#8307,#8308,#8309,#8310,#8311,#8312,#8313,
#8314,#8315,#8316,#8317,#8318,#8319,#8320,#8321,#8322,#8323,#8324,#8325,
#8326,#8327,#8328,#8329,#8330,#8331,#8332,#8333,#8334,#8335,#8336,#8337,
#8338,#8339,#8340,#8341,#8342,#8343,#8344,#8345,#8346,#8347,#8348,#8349,
#8350,#8351,#8352,#8353,#8354,#8355,#8356,#8357,#8358,#8359,#8360,#8361,
#8362,#8363,#8364,#8365,#8366,#8367,#8368,#8369,#8370,#8371,#8372,#8373,
#8374,#8375,#8376,#8377,#8378,#8379,#8380,#8381,#8382,#8383,#8384,#8385,
#8386,#8387,#8388,#8389,#8390,#8391,#8392,#8393,#8394,#8395,#8396,#8397,
#8398,#8399,#8400,#8401,#8402,#8403,#8404,#8405,#8406,#8407,#8408,#8409,
#8410,#8411,#8412,#8413,#8414,#8415,#8416,#8417,#8418,#8419,#8420,#8421,
#8422,#8423,#8424,#8425,#8426,#8427,#8428,#8429,#8430,#8431,#8432,#8433,
#8434,#8435,#8436,#8437,#8438,#8439,#8440,#8441,#8442,#8443,#8444,#8445,
#8446,#8447,#8448,#8449,#8450,#8451,#8452,#8453,#8454,#8455,#8456,#8457,
#8458,#8459,#8460,#8461,#8462,#8463,#8464,#8465,#8466,#8467,#8468,#8469,
#8470,#8471,#8472,#8473,#8474,#8475,#8476,#8477,#8478,#8479,#8480,#8481,
#8482,#8483,#8484,#8485,#8486,#8487,#8488,#8489,#8490,#8491,#8492,#8493,
#8494,#8495,#8496,#8497,#8498,#8499,#8500,#8501,#8502,#8503,#8504,#8505,
#8506,#8507,#8508,#8509,#8510,#8511,#8512,#8513,#8514,#8515,#8516,#8517,
#8518,#8519,#8520,#8521,#8522,#8523,#8524,#8525,#8526,#8527,#8528,#8529,
#8530,#8531,#8532,#8533,#8534,#8535,#8536,#8537,#8538,#8539,#8540,#8541,
#8542,#8543,#8544,#8545,#8546,#8547,#8548,#8549,#8550,#8551,#8552,#8553,
#8554,#8555,#8556,#8557,#8558,#8559,#8560,#8561,#8562,#8563,#8564,#8565,
#8566,#8567,#8568,#8569,#8570,#8571,#8572,#8573,#8574,#8575,#8576,#8577,
#8578,#8579,#8580,#8581,#8582,#8583,#8584,#8585,#8586,#8587,#8588,#8589,
#8590,#8591,#8592,#8593,#8594,#8595,#8596,#8597,#8598,#8599,#8600,#8601,
#8602,#8603,#8604,#8605,#8606,#8607,#8608,#8609,#8610,#8611,#8612,#8613,
#8614,#8615,#8616,#8617,#8618,#8619,#8620,#8621,#8622,#8623,#8624,#8625,
#8626,#8627,#8628,#8629,#8630,#8631,#8632,#8633,#8634,#8635,#8636,#8637,
#8638,#8639,#8640,#8641,#8642,#8643,#8644,#8645,#8646,#8647,#8648,#8649,
#8650,#8651,#8652,#8653,#8654,#8655,#8656,#8657,#8658,#8659,#8660,#8661,
#8662,#8663,#8664,#8665,#8666,#8667,#8668,#8669,#8670,#8671,#8672,#8673,
#8674,#8675,#8676,#8677,#8678,#8679,#8680,#8681,#8682,#8683,#8684,#8685,
#8686,#8687,#8688,#8689,#8690,#8691),.UNSPECIFIED.,.F.,.F.,(4,1,1,1,1,1,
1,1,1,1,1,1,1,1,1,1,1,1,1,1,1,1,1,1,1,1,1,1,1,1,1,1,1,1,1,1,1,1,1,1,1,1,
1,1,1,1,1,1,1,1,1,1,1,1,1,1,1,1,1,1,1,1,1,1,1,1,1,1,1,1,1,1,1,1,1,1,1,1,
1,1,1,1,1,1,1,1,1,1,1,1,1,1,1,1,1,1,1,1,1,1,1,1,1,1,1,1,1,1,1,1,1,1,1,1,
1,1,1,1,1,1,1,1,1,1,1,1,1,1,1,1,1,1,1,1,1,1,1,1,1,1,1,1,1,1,1,1,1,1,1,1,
1,1,1,1,1,1,1,1,1,1,1,1,1,1,1,1,1,1,1,1,1,1,1,1,1,1,1,1,1,1,1,1,1,1,1,1,
1,1,1,1,1,1,1,1,1,1,1,1,1,1,1,1,1,1,1,1,1,1,1,1,1,1,1,1,1,1,1,1,1,1,1,1,
1,1,1,1,1,1,1,1,1,1,1,1,1,1,1,1,1,1,1,1,1,1,1,1,1,1,1,1,1,1,1,1,1,1,1,1,
1,1,1,1,1,1,1,1,1,1,1,1,1,1,1,1,1,1,1,1,1,1,1,1,1,1,1,1,1,1,1,1,1,1,1,1,
1,1,1,1,1,1,1,1,1,1,1,1,1,1,1,1,1,1,1,1,1,1,1,1,1,1,1,1,1,1,1,1,1,1,1,1,
1,1,1,1,1,1,1,1,1,1,1,1,1,1,1,1,1,1,1,1,1,1,1,1,1,1,1,1,1,1,1,1,1,1,1,1,
1,1,1,1,1,1,1,1,1,1,1,1,1,1,1,1,1,1,1,1,1,1,1,1,1,1,1,1,1,1,1,1,1,1,1,1,
1,1,1,1,1,1,1,1,1,1,1,1,1,1,1,1,1,1,1,1,1,1,1,1,1,1,1,1,1,1,1,1,1,1,1,1,
1,1,1,1,1,1,1,1,1,1,1,1,1,1,1,1,1,1,1,1,1,1,1,1,1,1,1,1,1,1,1,1,1,1,1,1,
1,1,1,1,1,1,1,1,1,1,1,1,1,1,1,1,1,1,1,1,1,1,1,1,1,1,1,1,1,1,1,1,1,1,1,1,
1,1,1,1,1,1,1,1,1,1,1,1,1,1,1,1,1,1,1,1,1,1,1,1,1,1,1,1,1,1,1,1,1,1,1,1,
1,1,1,1,1,1,1,1,1,1,1,1,1,1,1,1,1,1,1,1,1,1,1,1,1,1,1,1,1,1,1,1,1,1,1,1,
1,1,1,1,1,1,1,1,1,1,1,1,1,1,1,1,1,1,1,1,1,1,1,1,1,1,1,1,1,1,1,1,1,1,1,1,
1,1,1,1,1,1,1,1,1,1,1,1,1,1,1,1,1,1,1,1,1,1,1,1,1,1,1,1,1,1,1,1,1,1,1,1,
1,1,1,1,1,1,1,1,1,1,1,1,1,1,1,1,1,1,1,1,1,1,1,1,1,1,1,1,1,1,1,1,1,1,1,1,
1,1,1,1,1,1,1,1,1,1,1,1,1,1,1,1,1,1,1,1,1,1,1,1,1,1,1,1,1,1,1,1,1,1,1,1,
1,1,1,1,1,1,1,1,1,1,1,1,1,1,1,1,1,1,1,1,1,1,1,1,1,1,1,1,1,1,1,1,1,1,1,1,
1,1,1,1,1,1,1,1,1,1,1,1,1,1,1,1,1,1,1,1,1,1,1,1,1,1,1,1,1,1,1,1,1,1,1,1,
1,1,1,1,1,1,1,1,1,1,1,1,1,1,1,1,1,1,1,1,1,1,1,1,1,1,1,1,1,1,1,1,1,1,1,1,
1,1,1,1,1,1,1,1,1,1,1,1,1,1,1,1,1,1,1,1,1,1,1,1,1,1,1,1,1,1,1,1,1,1,1,1,
1,1,1,1,1,1,1,1,1,1,1,1,1,1,1,1,1,1,1,1,1,1,1,1,1,1,1,1,1,1,1,1,1,1,1,1,
1,1,1,1,1,1,1,1,1,1,1,1,1,1,1,1,1,1,1,1,1,1,1,1,1,1,1,1,1,1,1,1,1,1,1,1,
1,1,1,1,1,1,1,1,1,1,1,1,1,1,1,1,1,1,1,1,1,1,1,1,1,1,1,1,1,1,1,1,1,1,1,1,
1,1,1,1,1,1,1,1,1,1,1,1,1,1,1,1,1,1,1,1,1,1,1,1,1,1,1,1,1,1,1,1,1,1,1,1,
1,1,1,1,1,1,1,1,1,1,1,1,1,1,1,1,1,1,1,1,1,1,1,1,1,1,1,1,1,1,1,1,1,1,1,1,
1,1,1,1,1,1,1,1,1,1,1,1,1,1,1,1,1,1,1,1,1,1,1,1,1,1,1,1,1,1,1,1,1,1,1,1,
1,1,1,1,1,1,1,1,1,1,1,1,1,1,1,1,1,1,1,1,1,1,1,1,1,1,1,1,1,1,1,1,1,1,1,1,
1,1,1,1,1,1,1,1,1,1,1,1,1,1,1,1,1,1,1,1,1,1,1,1,1,1,1,1,1,1,1,1,1,1,1,1,
1,1,1,1,1,1,1,1,1,1,1,1,1,1,1,1,1,1,1,1,1,1,1,1,1,1,1,1,1,1,1,1,1,1,1,1,
1,1,1,1,1,1,1,1,1,1,1,1,1,1,1,1,1,1,1,1,1,1,1,1,1,1,1,1,1,1,1,1,1,1,1,1,
1,1,1,1,1,1,1,1,1,1,1,1,1,1,1,1,1,1,1,1,1,1,1,1,1,1,1,1,1,1,1,1,1,1,1,1,
1,1,1,1,1,1,1,1,1,1,1,1,1,1,1,1,1,1,1,1,1,1,1,1,1,1,1,4),(0.,0.0009765625,
0.00146484375,0.001953125,0.00244140625,0.0029296875,0.00341796875,0.00390625,
0.00439453125,0.0048828125,0.00537109375,0.005859375,0.00634765625,0.0068359375,
0.00732421875,0.0078125,0.00830078125,0.0087890625,0.00927734375,0.009765625,
0.01025390625,0.0107421875,0.01123046875,0.01171875,0.01220703125,0.0126953125,
0.01318359375,0.013671875,0.01416015625,0.0146484375,0.015625,0.01611328125,
0.0166015625,0.017578125,0.0185546875,0.01953125,0.0205078125,0.021484375,
0.0224609375,0.0234375,0.025390625,0.02734375,0.029296875,0.03125,0.0322265625,
0.033203125,0.0341796875,0.03515625,0.0361328125,0.037109375,0.0380859375,
0.03857421875,0.0390625,0.0400390625,0.04052734375,0.041015625,0.04150390625,
0.0419921875,0.04248046875,0.04296875,0.04345703125,0.0439453125,0.04443359375,
0.044921875,0.04541015625,0.0458984375,0.04638671875,0.046875,0.04736328125,
0.0478515625,0.04833984375,0.048828125,0.04931640625,0.0498046875,0.05029296875,
0.05078125,0.05126953125,0.0517578125,0.05224609375,0.052734375,0.05322265625,
0.0537109375,0.05419921875,0.0546875,0.0556640625,0.05615234375,0.056640625,
0.05712890625,0.0576171875,0.05810546875,0.05859375,0.05908203125,0.0595703125,
0.06005859375,0.060546875,0.06103515625,0.0615234375,0.06201171875,0.0625,
0.06298828125,0.0634765625,0.06396484375,0.064453125,0.06494140625,0.0654296875,
0.06591796875,0.06640625,0.06689453125,0.0673828125,0.06787109375,0.068359375,
0.06884765625,0.0693359375,0.0703125,0.0712890625,0.072265625,0.0732421875,
0.07421875,0.0751953125,0.076171875,0.0771484375,0.078125,0.080078125,0.08203125,
0.0830078125,0.083984375,0.0849609375,0.0859375,0.0869140625,0.087890625,
0.0888671875,0.08984375,0.0908203125,0.091796875,0.0927734375,0.09326171875,
0.09375,0.09423828125,0.0947265625,0.09521484375,0.095703125,0.09619140625,
0.0966796875,0.09716796875,0.09765625,0.09814453125,0.0986328125,0.09912109375,
0.099609375,0.10009765625,0.1005859375,0.10107421875,0.1015625,0.10205078125,
0.1025390625,0.10302734375,0.103515625,0.10400390625,0.1044921875,0.10498046875,
0.10546875,0.10595703125,0.1064453125,0.10693359375,0.107421875,0.10791015625,
0.1083984375,0.10888671875,0.109375,0.10986328125,0.1103515625,0.11083984375,
0.111328125,0.11181640625,0.1123046875,0.11279296875,0.11328125,0.11376953125,
0.1142578125,0.11474609375,0.115234375,0.11572265625,0.1162109375,0.11669921875,
0.1171875,0.11767578125,0.1181640625,0.11865234375,0.119140625,0.11962890625,
0.1201171875,0.12060546875,0.12109375,0.12158203125,0.1220703125,0.12255859375,
0.123046875,0.12353515625,0.1240234375,0.125,0.1259765625,0.126953125,0.1279296875,
0.12890625,0.1298828125,0.130859375,0.1318359375,0.1328125,0.134765625,
0.13671875,0.1376953125,0.138671875,0.1396484375,0.140625,0.1416015625,
0.142578125,0.1435546875,0.14453125,0.1455078125,0.146484375,0.1474609375,
0.14794921875,0.1484375,0.14892578125,0.1494140625,0.14990234375,0.150390625,
0.15087890625,0.1513671875,0.15185546875,0.15234375,0.15283203125,0.1533203125,
0.15380859375,0.154296875,0.15478515625,0.1552734375,0.15576171875,0.15625,
0.15673828125,0.1572265625,0.15771484375,0.158203125,0.15869140625,0.1591796875,
0.15966796875,0.16015625,0.16064453125,0.1611328125,0.162109375,0.16259765625,
0.1630859375,0.16357421875,0.1640625,0.16455078125,0.1650390625,0.16552734375,
0.166015625,0.16650390625,0.1669921875,0.16748046875,0.16796875,0.16845703125,
0.1689453125,0.16943359375,0.169921875,0.17041015625,0.1708984375,0.17138671875,
0.171875,0.17236328125,0.1728515625,0.17333984375,0.173828125,0.17431640625,
0.1748046875,0.17529296875,0.17578125,0.17626953125,0.1767578125,0.177734375,
0.17822265625,0.1787109375,0.1796875,0.1806640625,0.181640625,0.1826171875,
0.18359375,0.1845703125,0.185546875,0.1865234375,0.1875,0.19140625,0.1923828125,
0.193359375,0.1943359375,0.1953125,0.1962890625,0.197265625,0.1982421875,
0.19921875,0.2001953125,0.20068359375,0.201171875,0.2021484375,0.20263671875,
0.203125,0.20361328125,0.2041015625,0.20458984375,0.205078125,0.20556640625,
0.2060546875,0.20654296875,0.20703125,0.20751953125,0.2080078125,0.20849609375,
0.208984375,0.20947265625,0.2099609375,0.21044921875,0.2109375,0.21142578125,
0.2119140625,0.21240234375,0.212890625,0.21337890625,0.2138671875,0.21435546875,
0.21484375,0.21533203125,0.2158203125,0.216796875,0.2177734375,0.21826171875,
0.21875,0.21923828125,0.2197265625,0.22021484375,0.220703125,0.22119140625,
0.2216796875,0.22216796875,0.22265625,0.22314453125,0.2236328125,0.22412109375,
0.224609375,0.22509765625,0.2255859375,0.22607421875,0.2265625,0.22705078125,
0.2275390625,0.22802734375,0.228515625,0.22900390625,0.2294921875,0.22998046875,
0.23046875,0.23095703125,0.2314453125,0.232421875,0.23291015625,0.2333984375,
0.234375,0.2353515625,0.236328125,0.2373046875,0.23828125,0.2392578125,
0.240234375,0.2412109375,0.2421875,0.24609375,0.2470703125,0.248046875,
0.2490234375,0.25,0.2509765625,0.251953125,0.2529296875,0.25390625,0.2548828125,
0.25537109375,0.255859375,0.2568359375,0.25732421875,0.2578125,0.25830078125,
0.2587890625,0.25927734375,0.259765625,0.26025390625,0.2607421875,0.26123046875,
0.26171875,0.26220703125,0.2626953125,0.26318359375,0.263671875,0.26416015625,
0.2646484375,0.26513671875,0.265625,0.26611328125,0.2666015625,0.26708984375,
0.267578125,0.26806640625,0.2685546875,0.26904296875,0.26953125,0.27001953125,
0.2705078125,0.27099609375,0.271484375,0.2724609375,0.27294921875,0.2734375,
0.27392578125,0.2744140625,0.27490234375,0.275390625,0.27587890625,0.2763671875,
0.27685546875,0.27734375,0.27783203125,0.2783203125,0.27880859375,0.279296875,
0.27978515625,0.2802734375,0.28076171875,0.28125,0.28173828125,0.2822265625,
0.28271484375,0.283203125,0.28369140625,0.2841796875,0.28466796875,0.28515625,
0.28564453125,0.2861328125,0.287109375,0.2880859375,0.2890625,0.2900390625,
0.291015625,0.2919921875,0.29296875,0.2939453125,0.294921875,0.2958984375,
0.296875,0.298828125,0.30078125,0.3017578125,0.302734375,0.3037109375,0.3046875,
0.3056640625,0.306640625,0.3076171875,0.30859375,0.3095703125,0.31005859375,
0.310546875,0.31103515625,0.3115234375,0.31201171875,0.3125,0.31298828125,
0.3134765625,0.31396484375,0.314453125,0.31494140625,0.3154296875,0.31591796875,
0.31640625,0.31689453125,0.3173828125,0.31787109375,0.318359375,0.31884765625,
0.3193359375,0.31982421875,0.3203125,0.32080078125,0.3212890625,0.32177734375,
0.322265625,0.32275390625,0.3232421875,0.32373046875,0.32421875,0.32470703125,
0.3251953125,0.32568359375,0.326171875,0.32666015625,0.3271484375,0.32763671875,
0.328125,0.32861328125,0.3291015625,0.32958984375,0.330078125,0.33056640625,
0.3310546875,0.33154296875,0.33203125,0.33251953125,0.3330078125,0.33349609375,
0.333984375,0.33447265625,0.3349609375,0.33544921875,0.3359375,0.33642578125,
0.3369140625,0.33740234375,0.337890625,0.33837890625,0.3388671875,0.33935546875,
0.33984375,0.34033203125,0.3408203125,0.341796875,0.3427734375,0.34375,
0.3447265625,0.345703125,0.3466796875,0.34765625,0.3486328125,0.349609375,
0.3505859375,0.3515625,0.353515625,0.35546875,0.3564453125,0.357421875,
0.3583984375,0.359375,0.3603515625,0.361328125,0.3623046875,0.36328125,
0.3642578125,0.36474609375,0.365234375,0.36572265625,0.3662109375,0.36669921875,
0.3671875,0.36767578125,0.3681640625,0.36865234375,0.369140625,0.36962890625,
0.3701171875,0.37060546875,0.37109375,0.37158203125,0.3720703125,0.37255859375,
0.373046875,0.37353515625,0.3740234375,0.37451171875,0.375,0.37548828125,
0.3759765625,0.37646484375,0.376953125,0.37744140625,0.3779296875,0.37890625,
0.37939453125,0.3798828125,0.38037109375,0.380859375,0.38134765625,0.3818359375,
0.38232421875,0.3828125,0.38330078125,0.3837890625,0.38427734375,0.384765625,
0.38525390625,0.3857421875,0.38623046875,0.38671875,0.38720703125,0.3876953125,
0.388671875,0.38916015625,0.3896484375,0.39013671875,0.390625,0.39111328125,
0.3916015625,0.39208984375,0.392578125,0.39453125,0.3984375,0.40625,0.4140625,
0.41796875,0.421875,0.42236328125,0.4228515625,0.42333984375,0.423828125,
0.42431640625,0.4248046875,0.42578125,0.42626953125,0.4267578125,0.427734375,
0.42822265625,0.4287109375,0.42919921875,0.4296875,0.43017578125,0.4306640625,
0.43115234375,0.431640625,0.43212890625,0.4326171875,0.43310546875,0.43359375,
0.43408203125,0.4345703125,0.43505859375,0.435546875,0.43603515625,0.4365234375,
0.43701171875,0.4375,0.43798828125,0.4384765625,0.43896484375,0.439453125,
0.43994140625,0.4404296875,0.44091796875,0.44140625,0.44189453125,0.4423828125,
0.44287109375,0.443359375,0.44384765625,0.4443359375,0.44482421875,0.4453125,
0.447265625,0.4482421875,0.44921875,0.453125,0.45703125,0.4609375,0.46484375,
0.46875,0.470703125,0.47265625,0.4736328125,0.47412109375,0.474609375,0.47509765625,
0.4755859375,0.47607421875,0.4765625,0.47705078125,0.4775390625,0.47802734375,
0.478515625,0.4794921875,0.47998046875,0.48046875,0.4814453125,0.48193359375,
0.482421875,0.48291015625,0.4833984375,0.48388671875,0.484375,0.48486328125,
0.4853515625,0.48583984375,0.486328125,0.48681640625,0.4873046875,0.48828125,
0.48876953125,0.4892578125,0.48974609375,0.490234375,0.49072265625,0.4912109375,
0.49169921875,0.4921875,0.49267578125,0.4931640625,0.49365234375,0.494140625,
0.4951171875,0.49560546875,0.49609375,0.49658203125,0.4970703125,0.49755859375,
0.498046875,0.49853515625,0.4990234375,0.49951171875,0.5,0.50390625,0.5078125,
0.515625,0.5234375,0.52734375,0.529296875,0.53125,0.53173828125,0.5322265625,
0.533203125,0.53369140625,0.5341796875,0.53515625,0.53564453125,0.5361328125,
0.53662109375,0.537109375,0.53759765625,0.5380859375,0.53857421875,0.5390625,
0.53955078125,0.5400390625,0.54052734375,0.541015625,0.54150390625,0.5419921875,
0.54248046875,0.54296875,0.54345703125,0.5439453125,0.54443359375,0.544921875,
0.54541015625,0.5458984375,0.54638671875,0.546875,0.54736328125,0.5478515625,
0.548828125,0.54931640625,0.5498046875,0.55029296875,0.55078125,0.55126953125,
0.5517578125,0.55224609375,0.552734375,0.55322265625,0.5537109375,0.5546875,
0.55517578125,0.5556640625,0.556640625,0.55859375,0.5625,0.5703125,0.578125,
0.580078125,0.5810546875,0.58203125,0.583984375,0.58447265625,0.5849609375,
0.58544921875,0.5859375,0.58642578125,0.5869140625,0.58740234375,0.587890625,
0.5888671875,0.58935546875,0.58984375,0.59033203125,0.5908203125,0.59130859375,
0.591796875,0.59228515625,0.5927734375,0.59326171875,0.59375,0.59423828125,
0.5947265625,0.59521484375,0.595703125,0.59619140625,0.5966796875,0.59716796875,
0.59765625,0.59814453125,0.5986328125,0.59912109375,0.599609375,0.60009765625,
0.6005859375,0.60107421875,0.6015625,0.6025390625,0.60302734375,0.603515625,
0.6044921875,0.60498046875,0.60546875,0.60595703125,0.6064453125,0.60693359375,
0.607421875,0.609375,0.61328125,0.6171875,0.625,0.62890625,0.630859375,
0.6318359375,0.6328125,0.63330078125,0.6337890625,0.634765625,0.63525390625,
0.6357421875,0.63623046875,0.63671875,0.6376953125,0.63818359375,0.638671875,
0.63916015625,0.6396484375,0.640625,0.64111328125,0.6416015625,0.64208984375,
0.642578125,0.6435546875,0.64404296875,0.64453125,0.64501953125,0.6455078125,
0.646484375,0.64697265625,0.6474609375,0.64794921875,0.6484375,0.64892578125,
0.6494140625,0.64990234375,0.650390625,0.65087890625,0.6513671875,0.65185546875,
0.65234375,0.65283203125,0.6533203125,0.65380859375,0.654296875,0.65478515625,
0.6552734375,0.65576171875,0.65625,0.65673828125,0.6572265625,0.65771484375,
0.658203125,0.65869140625,0.6591796875,0.65966796875,0.66015625,0.66064453125,
0.6611328125,0.66162109375,0.662109375,0.66259765625,0.6630859375,0.66357421875,
0.6640625,0.66455078125,0.6650390625,0.66552734375,0.666015625,0.66650390625,
0.6669921875,0.66796875,0.671875,0.6796875,0.68359375,0.685546875,0.6875,
0.6884765625,0.689453125,0.68994140625,0.6904296875,0.69091796875,0.69140625,
0.6923828125,0.69287109375,0.693359375,0.69384765625,0.6943359375,0.6953125,
0.69580078125,0.6962890625,0.69677734375,0.697265625,0.69775390625,0.6982421875,
0.69873046875,0.69921875,0.69970703125,0.7001953125,0.70068359375,0.701171875,
0.70166015625,0.7021484375,0.70263671875,0.703125,0.70361328125,0.7041015625,
0.705078125,0.70556640625,0.7060546875,0.70654296875,0.70703125,0.70751953125,
0.7080078125,0.70849609375,0.708984375,0.70947265625,0.7099609375,0.71044921875,
0.7109375,0.71142578125,0.7119140625,0.71240234375,0.712890625,0.71337890625,
0.7138671875,0.71435546875,0.71484375,0.71533203125,0.7158203125,0.71630859375,
0.716796875,0.7177734375,0.71826171875,0.71875,0.71923828125,0.7197265625,
0.720703125,0.7216796875,0.72216796875,0.72265625,0.724609375,0.7265625,
0.73046875,0.734375,0.73828125,0.7421875,0.7431640625,0.744140625,0.7451171875,
0.74609375,0.74658203125,0.7470703125,0.74755859375,0.748046875,0.74853515625,
0.7490234375,0.74951171875,0.75,0.75048828125,0.7509765625,0.75146484375,
0.751953125,0.75244140625,0.7529296875,0.75341796875,0.75390625,0.75439453125,
0.7548828125,0.75537109375,0.755859375,0.75634765625,0.7568359375,0.75732421875,
0.7578125,0.75830078125,0.7587890625,0.75927734375,0.759765625,0.76025390625,
0.7607421875,0.76123046875,0.76171875,0.76220703125,0.7626953125,0.76318359375,
0.763671875,0.76416015625,0.7646484375,0.76513671875,0.765625,0.7666015625,
0.76708984375,0.767578125,0.76806640625,0.7685546875,0.76953125,0.77001953125,
0.7705078125,0.77099609375,0.771484375,0.7724609375,0.77294921875,0.7734375,
0.77392578125,0.7744140625,0.775390625,0.77587890625,0.7763671875,0.77734375,
0.7783203125,0.77880859375,0.779296875,0.78125,0.7890625,0.79296875,0.7939453125,
0.794921875,0.7958984375,0.796875,0.7978515625,0.79833984375,0.798828125,
0.79931640625,0.7998046875,0.80078125,0.80126953125,0.8017578125,0.80224609375,
0.802734375,0.80322265625,0.8037109375,0.80419921875,0.8046875,0.80517578125,
0.8056640625,0.80615234375,0.806640625,0.80712890625,0.8076171875,0.80810546875,
0.80859375,0.80908203125,0.8095703125,0.81005859375,0.810546875,0.81103515625,
0.8115234375,0.81201171875,0.8125,0.8134765625,0.81396484375,0.814453125,
0.81494140625,0.8154296875,0.81591796875,0.81640625,0.81689453125,0.8173828125,
0.81787109375,0.818359375,0.81884765625,0.8193359375,0.81982421875,0.8203125,
0.82080078125,0.8212890625,0.82177734375,0.822265625,0.82275390625,0.8232421875,
0.82373046875,0.82421875,0.82470703125,0.8251953125,0.82568359375,0.826171875,
0.82666015625,0.8271484375,0.82763671875,0.828125,0.830078125,0.83203125,
0.8359375,0.84375,0.845703125,0.8466796875,0.84765625,0.8486328125,0.849609375,
0.85009765625,0.8505859375,0.8515625,0.85205078125,0.8525390625,0.85302734375,
0.853515625,0.85400390625,0.8544921875,0.85498046875,0.85546875,0.85595703125,
0.8564453125,0.85693359375,0.857421875,0.85791015625,0.8583984375,0.85888671875,
0.859375,0.85986328125,0.8603515625,0.86083984375,0.861328125,0.86181640625,
0.8623046875,0.86279296875,0.86328125,0.86376953125,0.8642578125,0.86474609375,
0.865234375,0.86572265625,0.8662109375,0.86669921875,0.8671875,0.86767578125,
0.8681640625,0.86865234375,0.869140625,0.86962890625,0.8701171875,0.87060546875,
0.87109375,0.87158203125,0.8720703125,0.87255859375,0.873046875,0.87353515625,
0.8740234375,0.87451171875,0.875,0.87548828125,0.8759765625,0.87646484375,
0.876953125,0.8779296875,0.87841796875,0.87890625,0.87939453125,0.8798828125,
0.880859375,0.88134765625,0.8818359375,0.88232421875,0.8828125,0.8837890625,
0.884765625,0.88671875,0.890625,0.8984375,0.90234375,0.904296875,0.9052734375,
0.90625,0.90673828125,0.9072265625,0.90771484375,0.908203125,0.9091796875,
0.90966796875,0.91015625,0.91064453125,0.9111328125,0.912109375,0.91259765625,
0.9130859375,0.91357421875,0.9140625,0.91455078125,0.9150390625,0.91552734375,
0.916015625,0.91650390625,0.9169921875,0.91748046875,0.91796875,0.91845703125,
0.9189453125,0.91943359375,0.919921875,0.92041015625,0.9208984375,0.92138671875,
0.921875,0.92236328125,0.9228515625,0.92333984375,0.923828125,0.92431640625,
0.9248046875,0.92529296875,0.92578125,0.92626953125,0.9267578125,0.92724609375,
0.927734375,0.92822265625,0.9287109375,0.92919921875,0.9296875,0.93017578125,
0.9306640625,0.93115234375,0.931640625,0.93359375,0.9375,0.94140625,0.9453125,
0.953125,0.95703125,0.958984375,0.9599609375,0.96044921875,0.9609375,0.962890625,
0.9638671875,0.96435546875,0.96484375,0.96533203125,0.9658203125,0.96630859375,
0.966796875,0.9677734375,0.96826171875,0.96875,0.96923828125,0.9697265625,
0.97021484375,0.970703125,0.97119140625,0.9716796875,0.97216796875,0.97265625,
0.97314453125,0.9736328125,0.97412109375,0.974609375,0.97509765625,0.9755859375,
0.9765625,0.9775390625,0.978515625,0.98046875,0.984375,0.98828125,0.9921875,
0.994140625,0.99609375,0.998046875,0.9990234375,1.),.UNSPECIFIED.);
#249=B_SPLINE_CURVE_WITH_KNOTS('',3,(#8693,#8694,#8695,#8696),
 .UNSPECIFIED.,.F.,.F.,(4,4),(0.,0.936663463088621),.UNSPECIFIED.);
#250=B_SPLINE_CURVE_WITH_KNOTS('',3,(#8698,#8699,#8700,#8701),
 .UNSPECIFIED.,.F.,.F.,(4,4),(-71.2247587398011,0.),.UNSPECIFIED.);
#251=B_SPLINE_CURVE_WITH_KNOTS('',3,(#8703,#8704,#8705,#8706,#8707,#8708,
#8709,#8710,#8711,#8712,#8713),.UNSPECIFIED.,.F.,.F.,(4,1,1,1,1,1,1,1,4),
(0.,10.973098333489,21.946196666978,32.919295000467,43.892393333956,54.865491667445,
65.8385900009341,76.8116883344231,87.7847866679121),.UNSPECIFIED.);
#252=B_SPLINE_CURVE_WITH_KNOTS('',3,(#8715,#8716,#8717,#8718),
 .UNSPECIFIED.,.F.,.F.,(4,4),(-71.2247587398012,0.),.UNSPECIFIED.);
#253=B_SPLINE_CURVE_WITH_KNOTS('',3,(#8720,#8721,#8722,#8723),
 .UNSPECIFIED.,.F.,.F.,(4,4),(-0.936663463088621,0.),.UNSPECIFIED.);
#254=EDGE_LOOP('',(#44,#45,#46,#47));
#255=EDGE_LOOP('',(#48,#49,#50,#51));
#256=EDGE_LOOP('',(#52,#53));
#257=EDGE_LOOP('',(#54,#55,#56,#57));
#258=EDGE_LOOP('',(#58,#59,#60,#61));
#259=EDGE_LOOP('',(#62,#63,#64,#65));
#260=EDGE_LOOP('',(#66,#67,#68,#69));
#261=EDGE_LOOP('',(#70,#71,#72,#73));
#262=EDGE_LOOP('',(#74,#75,#76,#77));
#263=EDGE_LOOP('',(#78,#79,#80,#81,#82,#83));
#264=EDGE_LOOP('',(#84,#85,#86,#87));
#265=EDGE_LOOP('',(#88,#89,#90,#91));
#266=EDGE_LOOP('',(#92,#93,#94,#95));
#267=EDGE_LOOP('',(#96,#97,#98,#99,#100,#101));
#268=EDGE_LOOP('',(#102,#103,#104,#105,#106,#107));
#269=EDGE_LOOP('',(#108,#109,#110,#111));
#270=EDGE_LOOP('',(#112,#113,#114,#115));
#271=EDGE_LOOP('',(#116,#117));
#272=EDGE_LOOP('',(#118,#119,#120,#121));
#273=EDGE_LOOP('',(#122,#123,#124,#125));
#274=EDGE_LOOP('',(#126,#127,#128,#129));
#275=EDGE_LOOP('',(#130,#131,#132,#133));
#276=EDGE_LOOP('',(#134,#135,#136,#137));
#277=FACE_BOUND('',#254,.T.);
#278=FACE_BOUND('',#255,.T.);
#279=FACE_BOUND('',#256,.T.);
#280=FACE_BOUND('',#257,.T.);
#281=FACE_BOUND('',#258,.T.);
#282=FACE_BOUND('',#259,.T.);
#283=FACE_BOUND('',#260,.T.);
#284=FACE_BOUND('',#261,.T.);
#285=FACE_BOUND('',#262,.T.);
#286=FACE_BOUND('',#263,.T.);
#287=FACE_BOUND('',#264,.T.);
#288=FACE_BOUND('',#265,.T.);
#289=FACE_BOUND('',#266,.T.);
#290=FACE_BOUND('',#267,.T.);
#291=FACE_BOUND('',#268,.T.);
#292=FACE_BOUND('',#269,.T.);
#293=FACE_BOUND('',#270,.T.);
#294=FACE_BOUND('',#271,.T.);
#295=FACE_BOUND('',#272,.T.);
#296=FACE_BOUND('',#273,.T.);
#297=FACE_BOUND('',#274,.T.);
#298=FACE_BOUND('',#275,.T.);
#299=FACE_BOUND('',#276,.T.);
#300=CYLINDRICAL_SURFACE('',#335,25.56256);
#301=CYLINDRICAL_SURFACE('',#336,25.4);
#302=CYLINDRICAL_SURFACE('',#341,8.001);
#303=CYLINDRICAL_SURFACE('',#348,25.56256);
#304=CYLINDRICAL_SURFACE('',#350,25.4);
#305=ADVANCED_FACE('',(#277),#300,.T.);
#306=ADVANCED_FACE('',(#278,#279,#280,#281),#301,.F.);
#307=ADVANCED_FACE('',(#282),#12,.T.);
#308=ADVANCED_FACE('',(#283),#13,.T.);
#309=ADVANCED_FACE('',(#284),#14,.T.);
#310=ADVANCED_FACE('',(#285),#15,.T.);
#311=ADVANCED_FACE('',(#286),#302,.F.);
#312=ADVANCED_FACE('',(#287),#16,.T.);
#313=ADVANCED_FACE('',(#288),#17,.T.);
#314=ADVANCED_FACE('',(#289),#18,.T.);
#315=ADVANCED_FACE('',(#290),#19,.T.);
#316=ADVANCED_FACE('',(#291),#20,.T.);
#317=ADVANCED_FACE('',(#292),#21,.T.);
#318=ADVANCED_FACE('',(#293,#294,#295,#296),#303,.T.);
#319=ADVANCED_FACE('',(#297),#22,.T.);
#320=ADVANCED_FACE('',(#298),#304,.F.);
#321=ADVANCED_FACE('',(#299),#23,.T.);
#322=CLOSED_SHELL('',(#305,#306,#307,#308,#309,#310,#311,#312,#313,#314,
#315,#316,#317,#318,#319,#320,#321));
#323=STYLED_ITEM('',(#324),#331);
#324=PRESENTATION_STYLE_ASSIGNMENT((#325));
#325=SURFACE_STYLE_USAGE(.BOTH.,#326);
#326=SURFACE_SIDE_STYLE('',(#327));
#327=SURFACE_STYLE_FILL_AREA(#328);
#328=FILL_AREA_STYLE('',(#329));
#329=FILL_AREA_STYLE_COLOUR('',#330);
#330=COLOUR_RGB('',0.,0.650980392156863,0.32156862745098);
#331=MANIFOLD_SOLID_BREP('tanque_wall',#322);
#332=SHAPE_DEFINITION_REPRESENTATION(#8732,#333);
#333=SHAPE_REPRESENTATION('tanque_wall',(#334),#8727);
#334=AXIS2_PLACEMENT_3D('',#398,#352,#353);
#335=AXIS2_PLACEMENT_3D('',#399,#354,#355);
#336=AXIS2_PLACEMENT_3D('',#414,#358,#359);
#337=AXIS2_PLACEMENT_3D('',#4254,#362,#363);
#338=AXIS2_PLACEMENT_3D('',#4284,#364,#365);
#339=AXIS2_PLACEMENT_3D('',#4294,#366,#367);
#340=AXIS2_PLACEMENT_3D('',#4319,#368,#369);
#341=AXIS2_PLACEMENT_3D('',#4324,#370,#371);
#342=AXIS2_PLACEMENT_3D('',#6045,#372,#373);
#343=AXIS2_PLACEMENT_3D('',#6067,#374,#375);
#344=AXIS2_PLACEMENT_3D('',#6073,#379,#380);
#345=AXIS2_PLACEMENT_3D('',#6079,#384,#385);
#346=AXIS2_PLACEMENT_3D('',#7391,#386,#387);
#347=AXIS2_PLACEMENT_3D('',#8692,#388,#389);
#348=AXIS2_PLACEMENT_3D('',#8702,#390,#391);
#349=AXIS2_PLACEMENT_3D('',#8719,#392,#393);
#350=AXIS2_PLACEMENT_3D('',#8724,#394,#395);
#351=AXIS2_PLACEMENT_3D('',#8725,#396,#397);
#352=DIRECTION('',(0.,0.,1.));
#353=DIRECTION('',(1.,0.,0.));
#354=DIRECTION('',(2.94341332973799E-16,-3.11685616839823E-16,1.));
#355=DIRECTION('',(0.,-1.,-3.11685616839823E-16));
#356=DIRECTION('',(0.,0.,-1.));
#357=DIRECTION('',(0.,0.,1.));
#358=DIRECTION('',(7.40562793762081E-17,-7.8420101196899E-17,-1.));
#359=DIRECTION('',(0.,1.,-7.8420101196899E-17));
#360=DIRECTION('',(0.,0.,-1.));
#361=DIRECTION('',(0.,0.,-1.));
#362=DIRECTION('',(-1.33551215047445E-15,0.,-1.));
#363=DIRECTION('',(1.,0.,-1.33551215047445E-15));
#364=DIRECTION('',(-1.,0.,0.));
#365=DIRECTION('',(0.,0.,-1.));
#366=DIRECTION('',(1.74888495895463E-15,5.46873181220465E-16,1.));
#367=DIRECTION('',(-1.,0.,1.74888495895463E-15));
#368=DIRECTION('',(1.,6.80741157607114E-29,-2.41658062118666E-15));
#369=DIRECTION('',(2.41658062118666E-15,0.,1.));
#370=DIRECTION('',(0.707106781186544,0.707106781186551,1.56989622165606E-16));
#371=DIRECTION('',(-0.707106781186551,0.707106781186544,0.));
#372=DIRECTION('',(0.,0.,-1.));
#373=DIRECTION('',(-1.,0.,0.));
#374=DIRECTION('',(8.7781887589546E-8,-0.999999999999996,0.));
#375=DIRECTION('',(-0.999999999999996,-8.7781887589546E-8,0.));
#376=DIRECTION('',(-0.999999999999996,-8.77827994021731E-8,0.));
#377=DIRECTION('',(0.,0.,-1.));
#378=DIRECTION('',(-0.999999999999996,-8.7781887589546E-8,0.));
#379=DIRECTION('',(8.72663246134996E-8,0.999999999999996,0.));
#380=DIRECTION('',(0.999999999999996,-8.72663246134996E-8,0.));
#381=DIRECTION('',(0.,0.,-1.));
#382=DIRECTION('',(-0.999999999999996,8.72656277947966E-8,0.));
#383=DIRECTION('',(0.999999999999996,-8.72663246134996E-8,0.));
#384=DIRECTION('',(0.,-4.54984854454031E-16,1.));
#385=DIRECTION('',(-1.,0.,0.));
#386=DIRECTION('',(0.,0.,-1.));
#387=DIRECTION('',(1.,0.,0.));
#388=DIRECTION('',(1.,0.,0.));
#389=DIRECTION('',(0.,0.,-1.));
#390=DIRECTION('',(2.94341332973799E-16,-3.11685616839823E-16,1.));
#391=DIRECTION('',(0.,-1.,-3.11685616839823E-16));
#392=DIRECTION('',(-1.,0.,0.));
#393=DIRECTION('',(0.,0.,1.));
#394=DIRECTION('',(7.40562793762081E-17,-7.8420101196899E-17,-1.));
#395=DIRECTION('',(0.,1.,-7.8420101196899E-17));
#396=DIRECTION('',(3.39174862622855E-16,0.,1.));
#397=DIRECTION('',(1.,0.,-3.39174862622855E-16));
#398=CARTESIAN_POINT('',(0.,0.,0.));
#399=CARTESIAN_POINT('',(1.99999999999961,-62.8226239999998,-56.3768240000002));
#400=CARTESIAN_POINT('',(27.5625599999996,-62.8226262307538,-56.3768240000002));
#401=CARTESIAN_POINT('',(27.5625599574478,-63.3102340203422,-56.3768240000002));
#402=CARTESIAN_POINT('',(27.5486060404805,-63.7977980760162,-56.3768240000002));
#403=CARTESIAN_POINT('',(27.5207185902794,-64.2846077171981,-56.3768240000002));
#404=CARTESIAN_POINT('',(27.5625599999996,-62.8226262307538,-56.3768240000003));
#405=CARTESIAN_POINT('',(27.5207185902809,-64.2846077171724,-56.3768240000002));
#406=CARTESIAN_POINT('',(27.5625599999996,-62.8226262307537,12.2034299999998));
#407=CARTESIAN_POINT('',(27.5625599999996,-62.8226262307536,12.2031759999998));
#408=CARTESIAN_POINT('',(27.5207185902794,-64.2846077171981,12.2031759999998));
#409=CARTESIAN_POINT('',(27.5486060404778,-63.7977980760642,12.2031759999998));
#410=CARTESIAN_POINT('',(27.5625599574478,-63.3102340203356,12.2031759999998));
#411=CARTESIAN_POINT('',(27.5625599999996,-62.8226262307537,12.2031759999998));
#412=CARTESIAN_POINT('',(27.5207185902794,-64.2846077171981,12.203176));
#413=CARTESIAN_POINT('',(27.5207185902823,-64.2846077171468,-22.0868240000002));
#414=CARTESIAN_POINT('',(1.99999999999973,-62.8226239999996,12.2031759999999));
#415=CARTESIAN_POINT('',(-8.16000000000025,-86.102108530375,0.684275999999915));
#416=CARTESIAN_POINT('',(-8.16000000000025,-86.102108530375,4.07094266666658));
#417=CARTESIAN_POINT('',(-8.16000000000024,-86.102108530375,7.45760933333324));
#418=CARTESIAN_POINT('',(-8.16000000000023,-86.102108530375,10.8442759999999));
#419=CARTESIAN_POINT('',(-8.16000000100235,-86.1021085299379,10.8442759999999));
#420=CARTESIAN_POINT('',(-8.16000000100238,-86.1021085299379,0.684275999999914));
#421=CARTESIAN_POINT('',(12.1599999999997,-86.1021085303753,0.684275999999878));
#422=CARTESIAN_POINT('',(11.7720085911602,-86.2714418637086,0.684275999999879));
#423=CARTESIAN_POINT('',(10.9834982270971,-86.5924683859481,0.684275999999881));
#424=CARTESIAN_POINT('',(9.76674477895305,-87.0175812569704,0.684275999999883));
#425=CARTESIAN_POINT('',(8.52000744290813,-87.3830809934341,0.684275999999885));
#426=CARTESIAN_POINT('',(7.2476625770933,-87.6861611914425,0.684275999999888));
#427=CARTESIAN_POINT('',(5.95441366644533,-87.9244468483658,0.68427599999989));
#428=CARTESIAN_POINT('',(4.6452372820663,-88.0960400879441,0.684275999999893));
#429=CARTESIAN_POINT('',(3.32532175780595,-88.1995573964977,0.684275999999895));
#430=CARTESIAN_POINT('',(1.99999999999973,-88.2341573017505,0.684275999999897));
#431=CARTESIAN_POINT('',(0.674678242193542,-88.1995573964977,0.6842759999999));
#432=CARTESIAN_POINT('',(-0.645237282066842,-88.0960400879441,0.684275999999902));
#433=CARTESIAN_POINT('',(-1.95441366644584,-87.9244468483659,0.684275999999904));
#434=CARTESIAN_POINT('',(-3.24766257709384,-87.6861611914425,0.684275999999906));
#435=CARTESIAN_POINT('',(-4.52000744290863,-87.3830809934341,0.684275999999908));
#436=CARTESIAN_POINT('',(-5.76674477895357,-87.0175812569704,0.68427599999991));
#437=CARTESIAN_POINT('',(-6.98349822709758,-86.5924683859481,0.684275999999912));
#438=CARTESIAN_POINT('',(-7.77200859116066,-86.2714418637086,0.684275999999913));
#439=CARTESIAN_POINT('',(-8.16000000000025,-86.1021085303753,0.684275999999914));
#440=CARTESIAN_POINT('',(12.1600000010019,-86.1021085299379,0.684275999999894));
#441=CARTESIAN_POINT('',(12.1599999999997,-86.1021085303753,10.8442759999998));
#442=CARTESIAN_POINT('',(12.1599999999997,-86.1021085303753,7.45760933333319));
#443=CARTESIAN_POINT('',(12.1599999999997,-86.1021085303753,4.07094266666653));
#444=CARTESIAN_POINT('',(12.1599999999997,-86.1021085303753,0.684275999999878));
#445=CARTESIAN_POINT('',(12.1600000010019,-86.1021085299379,10.8442759999998));
#446=CARTESIAN_POINT('',(-8.16000000000023,-86.1021085303753,10.8442759999999));
#447=CARTESIAN_POINT('',(-7.77200859116063,-86.2714418637086,10.8442759999999));
#448=CARTESIAN_POINT('',(-6.98349822709757,-86.5924683859481,10.8442759999999));
#449=CARTESIAN_POINT('',(-5.76674477895354,-87.0175812569704,10.8442759999999));
#450=CARTESIAN_POINT('',(-4.52000744290862,-87.383080993434,10.8442759999999));
#451=CARTESIAN_POINT('',(-3.2476625770938,-87.6861611914425,10.8442759999999));
#452=CARTESIAN_POINT('',(-1.95441366644583,-87.9244468483659,10.8442759999999));
#453=CARTESIAN_POINT('',(-0.645237282066813,-88.0960400879441,10.8442759999999));
#454=CARTESIAN_POINT('',(0.674678242193548,-88.1995573964977,10.8442759999999));
#455=CARTESIAN_POINT('',(1.99999999999976,-88.2341573017505,10.8442759999999));
#456=CARTESIAN_POINT('',(3.32532175780596,-88.1995573964977,10.8442759999999));
#457=CARTESIAN_POINT('',(4.64523728206633,-88.0960400879441,10.8442759999999));
#458=CARTESIAN_POINT('',(5.95441366644533,-87.9244468483659,10.8442759999999));
#459=CARTESIAN_POINT('',(7.24766257709331,-87.6861611914425,10.8442759999999));
#460=CARTESIAN_POINT('',(8.52000744290813,-87.3830809934341,10.8442759999999));
#461=CARTESIAN_POINT('',(9.76674477895305,-87.0175812569704,10.8442759999999));
#462=CARTESIAN_POINT('',(10.9834982270971,-86.5924683859481,10.8442759999999));
#463=CARTESIAN_POINT('',(11.7720085911601,-86.2714418637086,10.8442759999998));
#464=CARTESIAN_POINT('',(12.1599999999997,-86.1021085303753,10.8442759999998));
#465=CARTESIAN_POINT('',(24.703733932544,-51.4340127800026,-13.1968240000003));
#466=CARTESIAN_POINT('',(24.703733932544,-51.4340127800026,-13.2610057187852));
#467=CARTESIAN_POINT('',(24.7031877806845,-51.4329238523605,-13.3572304465458));
#468=CARTESIAN_POINT('',(24.701366604948,-51.4292944294684,-13.4854343826467));
#469=CARTESIAN_POINT('',(24.6994538130979,-51.4254838151149,-13.5815394844258));
#470=CARTESIAN_POINT('',(24.6974036126769,-51.4214014059758,-13.6615871934607));
#471=CARTESIAN_POINT('',(24.6954893722838,-51.4175915190234,-13.7256014364212));
#472=CARTESIAN_POINT('',(24.6939165474799,-51.4144621768955,-13.7736001534448));
#473=CARTESIAN_POINT('',(24.6922064655418,-51.4110609631114,-13.8215869177445));
#474=CARTESIAN_POINT('',(24.6906669161267,-51.4080001134808,-13.8615658883669));
#475=CARTESIAN_POINT('',(24.689366517762,-51.4054155562675,-13.8935431525099));
#476=CARTESIAN_POINT('',(24.6885251131512,-51.4037436166532,-13.9135262934112));
#477=CARTESIAN_POINT('',(24.6878347662895,-51.4023720734086,-13.9295116703166));
#478=CARTESIAN_POINT('',(24.6873084455701,-51.4013265272909,-13.9414989709889));
#479=CARTESIAN_POINT('',(24.6868625281501,-51.4004408063864,-13.9514908965134));
#480=CARTESIAN_POINT('',(24.6865469004592,-51.39981393396,-13.9584787720931));
#481=CARTESIAN_POINT('',(24.686365025698,-51.3994527261802,-13.9624813455928));
#482=CARTESIAN_POINT('',(24.6862293198031,-51.399183218832,-13.9654561991626));
#483=CARTESIAN_POINT('',(24.686088341659,-51.3989032494165,-13.9685343277088));
#484=CARTESIAN_POINT('',(24.6859012742169,-51.3985317624448,-13.9726022311874));
#485=CARTESIAN_POINT('',(24.6855711928879,-51.3978763020363,-13.979737361277));
#486=CARTESIAN_POINT('',(24.6850944855726,-51.3969297660367,-13.9899201638588));
#487=CARTESIAN_POINT('',(24.6845133614169,-51.3957760478952,-14.0021409630572));
#488=CARTESIAN_POINT('',(24.6837267137246,-51.394214498729,-14.0184309481372));
#489=CARTESIAN_POINT('',(24.6827211104717,-51.3922186925456,-14.0387880665402));
#490=CARTESIAN_POINT('',(24.6810646110481,-51.3889319385771,-14.0713468040188));
#491=CARTESIAN_POINT('',(24.6789047778048,-51.3846482292262,-14.1120220610777));
#492=CARTESIAN_POINT('',(24.6761700608791,-51.3792274632908,-14.1607951308987));
#493=CARTESIAN_POINT('',(24.673292223581,-51.3735264803057,-14.2095310088635));
#494=CARTESIAN_POINT('',(24.6692639977311,-51.3655516918395,-14.274462574092));
#495=CARTESIAN_POINT('',(24.6638698354838,-51.3548832140088,-14.3555340254079));
#496=CARTESIAN_POINT('',(24.6568207347825,-51.3409620149547,-14.4526709697755));
#497=CARTESIAN_POINT('',(24.6504646772247,-51.3284293791065,-14.5334943873541));
#498=CARTESIAN_POINT('',(24.6450896206883,-51.3178448437388,-14.5980787863338));
#499=CARTESIAN_POINT('',(24.6416090594261,-51.3109969919933,-14.6384128787875));
#500=CARTESIAN_POINT('',(24.6387517252665,-51.3053791952156,-14.670661908043));
#501=CARTESIAN_POINT('',(24.6365723515105,-51.3010963234428,-14.6948384044583));
#502=CARTESIAN_POINT('',(24.6347254937279,-51.2974686195704,-14.7149808364121));
#503=CARTESIAN_POINT('',(24.6334172786149,-51.2948998753241,-14.7290703823396));
#504=CARTESIAN_POINT('',(24.6326642604624,-51.2934215563465,-14.7371298940248));
#505=CARTESIAN_POINT('',(24.6320997348073,-51.2923134178769,-14.7431471703903));
#506=CARTESIAN_POINT('',(24.6315232747086,-51.291181991049,-14.7492662173996));
#507=CARTESIAN_POINT('',(24.6307549631308,-51.2896742015591,-14.7573877062359));
#508=CARTESIAN_POINT('',(24.6294008150171,-51.2870172164328,-14.7716133954419));
#509=CARTESIAN_POINT('',(24.6274441628842,-51.2831794857245,-14.7919167190987));
#510=CARTESIAN_POINT('',(24.6250590287383,-51.2785037100335,-14.8162678792969));
#511=CARTESIAN_POINT('',(24.6218298463292,-51.272176531992,-14.8487126971555));
#512=CARTESIAN_POINT('',(24.6177011049414,-51.2640930626791,-14.8892277511056));
#513=CARTESIAN_POINT('',(24.6108979240776,-51.2507877281528,-14.9539632154692));
#514=CARTESIAN_POINT('',(24.602023217977,-51.2334593047046,-15.0347170565331));
#515=CARTESIAN_POINT('',(24.5870288051506,-51.2042498319029,-15.1635691341558));
#516=CARTESIAN_POINT('',(24.5708350146648,-51.1728165273655,-15.2918942981201));
#517=CARTESIAN_POINT('',(24.5556053595704,-51.1433760786144,-15.403706864248));
#518=CARTESIAN_POINT('',(24.5465957587894,-51.1259965811434,-15.4674794440939));
#519=CARTESIAN_POINT('',(24.5396906259692,-51.1126955989421,-15.5152082512224));
#520=CARTESIAN_POINT('',(24.5326124194291,-51.0990811220398,-15.5630021158935));
#521=CARTESIAN_POINT('',(24.5229828427513,-51.0805868396469,-15.6265409178728));
#522=CARTESIAN_POINT('',(24.5105665192607,-51.0567940698753,-15.7057407656629));
#523=CARTESIAN_POINT('',(24.4950615517751,-51.0271760625742,-15.8003832806352));
#524=CARTESIAN_POINT('',(24.4789454150818,-50.9964907473644,-15.894639024295));
#525=CARTESIAN_POINT('',(24.4622140627759,-50.9647412447294,-15.988505327271));
#526=CARTESIAN_POINT('',(24.4477547934821,-50.9373985993228,-16.0664028345323));
#527=CARTESIAN_POINT('',(24.4358749078662,-50.9149945288312,-16.1285272350533));
#528=CARTESIAN_POINT('',(24.4268087539921,-50.8979279597441,-16.1750208128231));
#529=CARTESIAN_POINT('',(24.4191208644247,-50.8834826638979,-16.21369232434));
#530=CARTESIAN_POINT('',(24.4128952047575,-50.871801359466,-16.2445631942241));
#531=CARTESIAN_POINT('',(24.4081764234,-50.8629558243557,-16.2677404501964));
#532=CARTESIAN_POINT('',(24.4034560085829,-50.8541156303948,-16.290708597327));
#533=CARTESIAN_POINT('',(24.3970990558688,-50.8422219236665,-16.3213529592897));
#534=CARTESIAN_POINT('',(24.3890624163013,-50.8272071546202,-16.3595585552664));
#535=CARTESIAN_POINT('',(24.379264341007,-50.8089371024099,-16.4052886706447));
#536=CARTESIAN_POINT('',(24.3593633791667,-50.7719017687101,-16.4964928079446));
#537=CARTESIAN_POINT('',(24.3352498459149,-50.7272456623315,-16.6021659623696));
#538=CARTESIAN_POINT('',(24.3064428413117,-50.6742369509628,-16.7219288850113));
#539=CARTESIAN_POINT('',(24.2879135612162,-50.6402867850437,-16.7963618191433));
#540=CARTESIAN_POINT('',(24.2727724701452,-50.6126364842487,-16.8556566751385));
#541=CARTESIAN_POINT('',(24.2631762872269,-50.5951510582537,-16.8926113643387));
#542=CARTESIAN_POINT('',(24.2554193060124,-50.581040751562,-16.9221119103058));
#543=CARTESIAN_POINT('',(24.2495611524622,-50.5703965289699,-16.9442068623386));
#544=CARTESIAN_POINT('',(24.2446466546225,-50.5614770516828,-16.9625900543663));
#545=CARTESIAN_POINT('',(24.2411872211408,-50.5552038017556,-16.9754505843119));
#546=CARTESIAN_POINT('',(24.2392079117925,-50.551616109903,-16.9827860927483));
#547=CARTESIAN_POINT('',(24.2377136999897,-50.5489084854664,-16.9883123458648));
#548=CARTESIAN_POINT('',(24.2362445007662,-50.5462469453668,-16.9937350101046));
#549=CARTESIAN_POINT('',(24.234272883406,-50.5426762540457,-17.0009973977954));
#550=CARTESIAN_POINT('',(24.2308187546403,-50.5364233381692,-17.0136818759006));
#551=CARTESIAN_POINT('',(24.2258583740984,-50.5274513593214,-17.0317875935285));
#552=CARTESIAN_POINT('',(24.2198690914106,-50.5166307926041,-17.0534730663663));
#553=CARTESIAN_POINT('',(24.2118324923106,-50.5021281465225,-17.0823380404847));
#554=CARTESIAN_POINT('',(24.2016918854107,-50.483860317164,-17.1183245511149));
#555=CARTESIAN_POINT('',(24.1852633162123,-50.4543341077638,-17.175702111893));
#556=CARTESIAN_POINT('',(24.1643442795047,-50.4168694905987,-17.2470469114768));
#557=CARTESIAN_POINT('',(24.1386224562223,-50.3710242726406,-17.3320574005645));
#558=CARTESIAN_POINT('',(24.1166670307888,-50.3320831027755,-17.4023967097829));
#559=CARTESIAN_POINT('',(24.0987874298039,-50.3004898499928,-17.4583665074657));
#560=CARTESIAN_POINT('',(24.0852193619244,-50.2765752114048,-17.5001930231038));
#561=CARTESIAN_POINT('',(24.071492173193,-50.2524413163438,-17.5418687336091));
#562=CARTESIAN_POINT('',(24.0599196522549,-50.2321474627813,-17.5764727362639));
#563=CARTESIAN_POINT('',(24.0505812722382,-50.2158031355693,-17.6040806753558));
#564=CARTESIAN_POINT('',(24.0447113613364,-50.2055427074223,-17.6213038727695));
#565=CARTESIAN_POINT('',(24.0399949868189,-50.1973066615261,-17.6350643612442));
#566=CARTESIAN_POINT('',(24.0364483534779,-50.1911173201275,-17.6453731546356));
#567=CARTESIAN_POINT('',(24.0334820264099,-50.1859440679634,-17.6539627879258));
#568=CARTESIAN_POINT('',(24.0311092272701,-50.1818079443346,-17.6608144679119));
#569=CARTESIAN_POINT('',(24.0293125483631,-50.1786771137404,-17.66599271455));
#570=CARTESIAN_POINT('',(24.0275688632922,-50.1756396137188,-17.6710088879095));
#571=CARTESIAN_POINT('',(24.025221564006,-50.1715519185193,-17.6777492233328));
#572=CARTESIAN_POINT('',(24.0222883064547,-50.1664462825479,-17.6861488389695));
#573=CARTESIAN_POINT('',(24.0187563334443,-50.1603024786373,-17.6962258330901));
#574=CARTESIAN_POINT('',(24.0140357094516,-50.1520963453524,-17.7096446743003));
#575=CARTESIAN_POINT('',(24.0081114683863,-50.1418078772263,-17.7263924005133));
#576=CARTESIAN_POINT('',(23.9985834313318,-50.1252822826041,-17.7531310358142));
#577=CARTESIAN_POINT('',(23.9865804031513,-50.1045046079116,-17.7864473047903));
#578=CARTESIAN_POINT('',(23.9720274381126,-50.0793789806009,-17.8262552068628));
#579=CARTESIAN_POINT('',(23.9573244092171,-50.0540613217168,-17.8658915901328));
#580=CARTESIAN_POINT('',(23.9375193613812,-50.0200490270952,-17.9185113732541));
#581=CARTESIAN_POINT('',(23.9123843878373,-49.977055885907,-17.9838572538575));
#582=CARTESIAN_POINT('',(23.8867397689706,-49.9334288184776,-18.0486313329409));
#583=CARTESIAN_POINT('',(23.865915388431,-49.898148715052,-18.1001075148183));
#584=CARTESIAN_POINT('',(23.8501420264736,-49.871499895581,-18.1385431135494));
#585=CARTESIAN_POINT('',(23.8342128574829,-49.8446628325705,-18.1768071618451));
#586=CARTESIAN_POINT('',(23.8208080756769,-49.8221421268085,-18.2085509500753));
#587=CARTESIAN_POINT('',(23.8100056319283,-49.8040319857962,-18.2338601397971));
#588=CARTESIAN_POINT('',(23.8032211854716,-49.7926740709947,-18.2496428067962));
#589=CARTESIAN_POINT('',(23.7977740335579,-49.7835646645843,-18.2622471291663));
#590=CARTESIAN_POINT('',(23.793678337824,-49.7767202086847,-18.2716906591551));
#591=CARTESIAN_POINT('',(23.7902584125572,-49.7710091271156,-18.2795481217751));
#592=CARTESIAN_POINT('',(23.7878573687259,-49.7670016720523,-18.2850499571635));
#593=CARTESIAN_POINT('',(23.7864884117193,-49.7647174278376,-18.2881826827184));
#594=CARTESIAN_POINT('',(23.7854489382232,-49.7629832750934,-18.2905592768705));
#595=CARTESIAN_POINT('',(23.7844552327987,-49.761325769891,-18.2928292407937));
#596=CARTESIAN_POINT('',(23.783113405089,-49.7590879789994,-18.2958918299527));
#597=CARTESIAN_POINT('',(23.7807708132859,-49.7551822218183,-18.301231604738));
#598=CARTESIAN_POINT('',(23.777414827823,-49.7495897740021,-18.3088615807844));
#599=CARTESIAN_POINT('',(23.7733805350777,-49.7428716867942,-18.3180020656465));
#600=CARTESIAN_POINT('',(23.7679891502472,-49.7338999847568,-18.3301752108519));
#601=CARTESIAN_POINT('',(23.7612280841235,-49.7226608275858,-18.3453620945036));
#602=CARTESIAN_POINT('',(23.7503631475824,-49.7046250151047,-18.3695993130362));
#603=CARTESIAN_POINT('',(23.7366934683418,-49.6819811281078,-18.3997793987726));
#604=CARTESIAN_POINT('',(23.7201475154364,-49.6546501853116,-18.4358093818706));
#605=CARTESIAN_POINT('',(23.7034585987507,-49.6271614535691,-18.4716531941162));
#606=CARTESIAN_POINT('',(23.6810152061154,-49.5903000088043,-18.5191967481948));
#607=CARTESIAN_POINT('',(23.6526003210588,-49.5438310706536,-18.5781607100858));
#608=CARTESIAN_POINT('',(23.6179198624488,-49.4874442145436,-18.6481732154773));
#609=CARTESIAN_POINT('',(23.5826524541484,-49.4304385964987,-18.7174396859833));
#610=CARTESIAN_POINT('',(23.5527663040285,-49.3824166929792,-18.774545568815));
#611=CARTESIAN_POINT('',(23.5285634652107,-49.3437016029338,-18.8198482149752));
#612=CARTESIAN_POINT('',(23.5102463963135,-49.3144895052829,-18.8536656606421));
#613=CARTESIAN_POINT('',(23.4918341251085,-49.2852141012176,-18.8871953422924));
#614=CARTESIAN_POINT('',(23.4670831113001,-49.2459790539156,-18.9316539979259));
#615=CARTESIAN_POINT('',(23.4357992151967,-49.1966132517923,-18.9867004211204));
#616=CARTESIAN_POINT('',(23.3976907668932,-49.136845895124,-19.0519327645025));
#617=CARTESIAN_POINT('',(23.3590124241178,-49.0765585167542,-19.1163364708204));
#618=CARTESIAN_POINT('',(23.3263007481384,-49.0258879024009,-19.1693168791544));
#619=CARTESIAN_POINT('',(23.2998411630928,-48.9850948860293,-19.2112873924754));
#620=CARTESIAN_POINT('',(23.2798507017628,-48.9543723357602,-19.2425584022787));
#621=CARTESIAN_POINT('',(23.2597138311219,-48.9235224998623,-19.2736225372486));
#622=CARTESIAN_POINT('',(23.2428105855763,-48.8977086844424,-19.2993368932774));
#623=CARTESIAN_POINT('',(23.2292141126169,-48.8769944494789,-19.3198049898597));
#624=CARTESIAN_POINT('',(23.2206855637779,-48.8640219248931,-19.3325543316767));
#625=CARTESIAN_POINT('',(23.2138439994118,-48.853627907662,-19.3427282164212));
#626=CARTESIAN_POINT('',(23.2087040518712,-48.8458253105858,-19.3503449570237));
#627=CARTESIAN_POINT('',(23.2044114105741,-48.8393141724601,-19.356683829223));
#628=CARTESIAN_POINT('',(23.2014056517951,-48.8347577335958,-19.361110744805));
#629=CARTESIAN_POINT('',(23.1996819795719,-48.8321456034963,-19.3636460365647));
#630=CARTESIAN_POINT('',(23.1984025388695,-48.8302070652855,-19.3655262965242));
#631=CARTESIAN_POINT('',(23.1970694017161,-48.8281875793934,-19.3674837303097));
#632=CARTESIAN_POINT('',(23.1953096794565,-48.8255224414563,-19.3700651654935));
#633=CARTESIAN_POINT('',(23.1922195812075,-48.8208438556589,-19.374592129119));
#634=CARTESIAN_POINT('',(23.1878041013682,-48.8141626935466,-19.3810433255617));
#635=CARTESIAN_POINT('',(23.1824946734074,-48.8061354837851,-19.3887727878269));
#636=CARTESIAN_POINT('',(23.1754042059561,-48.7954243879948,-19.3990579936978));
#637=CARTESIAN_POINT('',(23.1665185449028,-48.7820179897882,-19.4118778062036));
#638=CARTESIAN_POINT('',(23.1522538458932,-48.76053138543,-19.432310309385));
#639=CARTESIAN_POINT('',(23.134333170698,-48.7336046652753,-19.4577028654264));
#640=CARTESIAN_POINT('',(23.1126841671509,-48.7011837025336,-19.4879368838381));
#641=CARTESIAN_POINT('',(23.0908903439059,-48.6686543174589,-19.5179338887384));
#642=CARTESIAN_POINT('',(23.0616380231135,-48.6251379424048,-19.5576138650369));
#643=CARTESIAN_POINT('',(23.0247075647971,-48.5704740289673,-19.6066212820536));
#644=CARTESIAN_POINT('',(22.9798020572335,-48.5044520166008,-19.6644821072581));
#645=CARTESIAN_POINT('',(22.941885967064,-48.4490828451789,-19.7119093649226));
#646=CARTESIAN_POINT('',(22.9112536790165,-48.4045790852297,-19.7493771895565));
#647=CARTESIAN_POINT('',(22.8919833705905,-48.3766780510347,-19.7725969250834));
#648=CARTESIAN_POINT('',(22.8764913964401,-48.354305297235,-19.7910545177858));
#649=CARTESIAN_POINT('',(22.8648353543627,-48.3375011000015,-19.8048375953065));
#650=CARTESIAN_POINT('',(22.8550880523026,-48.3234728501321,-19.8162768553187));
#651=CARTESIAN_POINT('',(22.8482529754239,-48.3136485544046,-19.8242530331699));
#652=CARTESIAN_POINT('',(22.8443352197685,-48.3080210793099,-19.8288118425955));
#653=CARTESIAN_POINT('',(22.841414943844,-48.3038281793674,-19.83220358211));
#654=CARTESIAN_POINT('',(22.8384142469161,-48.299521684757,-19.8356820743763));
#655=CARTESIAN_POINT('',(22.8344376519122,-48.2938171376142,-19.8402829081692));
#656=CARTESIAN_POINT('',(22.827458160468,-48.2838114031976,-19.8483347849158));
#657=CARTESIAN_POINT('',(22.8174719702156,-48.2695141263432,-19.8597887539492));
#658=CARTESIAN_POINT('',(22.8054502165526,-48.2523327148137,-19.8734712325969));
#659=CARTESIAN_POINT('',(22.789374807507,-48.2293982184583,-19.8916259323052));
#660=CARTESIAN_POINT('',(22.7691911669874,-48.2006784446542,-19.9141557313649));
#661=CARTESIAN_POINT('',(22.7367068639002,-48.1546186226837,-19.9498533843011));
#662=CARTESIAN_POINT('',(22.6957425638895,-48.0968416982697,-19.9938196455814));
#663=CARTESIAN_POINT('',(22.6460069549866,-48.027190398332,-20.0455297022642));
#664=CARTESIAN_POINT('',(22.5956884699171,-47.9572242655356,-20.0961903959657));
#665=CARTESIAN_POINT('',(22.5532672418815,-47.8986606714542,-20.1375329995165));
#666=CARTESIAN_POINT('',(22.5190341827233,-47.8516563528498,-20.1700826636191));
#667=CARTESIAN_POINT('',(22.4932118443145,-47.8163283553637,-20.1942317732982));
#668=CARTESIAN_POINT('',(22.4715662991415,-47.7868217505847,-20.2141399008689));
#669=CARTESIAN_POINT('',(22.4563544846442,-47.7661418136245,-20.2279559099522));
#670=CARTESIAN_POINT('',(22.4476347427045,-47.7543037983151,-20.2358256301023));
#671=CARTESIAN_POINT('',(22.4411096618895,-47.7454532872505,-20.2416899674039));
#672=CARTESIAN_POINT('',(22.4344830969147,-47.7364733278772,-20.2476203045688));
#673=CARTESIAN_POINT('',(22.4256687982361,-47.724539672011,-20.2554747712379));
#674=CARTESIAN_POINT('',(22.4101989252225,-47.703623798964,-20.2691720300662));
#675=CARTESIAN_POINT('',(22.3880219115771,-47.6737220739743,-20.2885563058488));
#676=CARTESIAN_POINT('',(22.3612695198198,-47.6377837144015,-20.3115386648494));
#677=CARTESIAN_POINT('',(22.3254181316011,-47.5897992299338,-20.34180500093));
#678=CARTESIAN_POINT('',(22.2802598406154,-47.5296913604483,-20.3789337362251));
#679=CARTESIAN_POINT('',(22.2072687825481,-47.4332538820753,-20.4368366194755));
#680=CARTESIAN_POINT('',(22.1331647669716,-47.3364281692383,-20.4924844644651));
#681=CARTESIAN_POINT('',(22.0673347112325,-47.2513767888142,-20.5392051226812));
#682=CARTESIAN_POINT('',(22.0341744342,-47.208775252816,-20.5620702969974));
#683=CARTESIAN_POINT('',(22.0151497721331,-47.1844029138806,-20.5749983933411));
#684=CARTESIAN_POINT('',(22.000859173324,-47.1661297369574,-20.5846150134424));
#685=CARTESIAN_POINT('',(21.9864812002666,-47.1477794853442,-20.5941955825398));
#686=CARTESIAN_POINT('',(21.9672881265915,-47.123330139112,-20.606858228336));
#687=CARTESIAN_POINT('',(21.9335808797389,-47.0805131896513,-20.6287659334705));
#688=CARTESIAN_POINT('',(21.8851165679079,-47.0192991302696,-20.6593221717225));
#689=CARTESIAN_POINT('',(21.8264494749349,-46.9457583399948,-20.6948113834429));
#690=CARTESIAN_POINT('',(21.76727258151,-46.8721406071549,-20.7291205680232));
#691=CARTESIAN_POINT('',(21.7075826138714,-46.7984485991977,-20.7622502380872));
#692=CARTESIAN_POINT('',(21.6574118133707,-46.7369803488456,-20.7888751197634));
#693=CARTESIAN_POINT('',(21.6170157344005,-46.6877718144305,-20.8095854578386));
#694=CARTESIAN_POINT('',(21.5865903984753,-46.6508510172716,-20.8248226077465));
#695=CARTESIAN_POINT('',(21.5611228787914,-46.6200649741696,-20.8372766692632));
#696=CARTESIAN_POINT('',(21.5406942020931,-46.5954411597042,-20.8470875353195));
#697=CARTESIAN_POINT('',(21.525311317797,-46.5769350391026,-20.8543854195088));
#698=CARTESIAN_POINT('',(21.5100054973167,-46.5585569715613,-20.8615581881097));
#699=CARTESIAN_POINT('',(21.4895238149104,-46.5340111348673,-20.8710389444041));
#700=CARTESIAN_POINT('',(21.4535999263771,-46.4910826799252,-20.8873588161436));
#701=CARTESIAN_POINT('',(21.3813474958212,-46.4052375471991,-20.9189508636217));
#702=CARTESIAN_POINT('',(21.2978784444263,-46.3072013284728,-20.9526456940755));
#703=CARTESIAN_POINT('',(21.2135019228417,-46.2092412423878,-20.983933501163));
#704=CARTESIAN_POINT('',(21.1603882778412,-46.1480515911471,-21.0024850027149));
#705=CARTESIAN_POINT('',(21.1176695886127,-46.0991225232479,-21.0167242366326));
#706=CARTESIAN_POINT('',(21.0908752352606,-46.0685514757233,-21.0253729712844));
#707=CARTESIAN_POINT('',(21.0693829253922,-46.04410101029,-21.0321413810311));
#708=CARTESIAN_POINT('',(21.0532343232247,-46.0257653396625,-21.0371426760547));
#709=CARTESIAN_POINT('',(21.0397558391786,-46.010491058436,-21.0412469713862));
#710=CARTESIAN_POINT('',(21.0303034386257,-45.9997948675233,-21.0440885201317));
#711=CARTESIAN_POINT('',(21.0249062018962,-45.9936918714198,-21.045700573138));
#712=CARTESIAN_POINT('',(21.0208347545037,-45.9890902778865,-21.0469113421571));
#713=CARTESIAN_POINT('',(21.016844580472,-45.9845827159134,-21.0480928212634));
#714=CARTESIAN_POINT('',(21.011493519374,-45.9785406852951,-21.0496704810258));
#715=CARTESIAN_POINT('',(21.0021374499275,-45.9679841048301,-21.0524110260538));
#716=CARTESIAN_POINT('',(20.9887498596589,-45.9529004070331,-21.0562814417842));
#717=CARTESIAN_POINT('',(20.9726641611637,-45.9348115303751,-21.0608502612482));
#718=CARTESIAN_POINT('',(20.9511840382021,-45.9107027654139,-21.0668426209838));
#719=CARTESIAN_POINT('',(20.9242752163877,-45.8805877874962,-21.0741460031452));
#720=CARTESIAN_POINT('',(20.8810949127259,-45.8324478515258,-21.0854326254958));
#721=CARTESIAN_POINT('',(20.8268832619687,-45.7723566847151,-21.0987930411253));
#722=CARTESIAN_POINT('',(20.7614507533229,-45.7003833623708,-21.1136290018456));
#723=CARTESIAN_POINT('',(20.7066079685749,-45.6405208932347,-21.1249951781103));
#724=CARTESIAN_POINT('',(20.6625441540423,-45.5927012162206,-21.1334898460262));
#725=CARTESIAN_POINT('',(20.629401458189,-45.5568718880474,-21.1395617104632));
#726=CARTESIAN_POINT('',(20.5961638965529,-45.5210782810749,-21.1453344371885));
#727=CARTESIAN_POINT('',(20.5683868126869,-45.4912802482182,-21.1498957653656));
#728=CARTESIAN_POINT('',(20.5461177209995,-45.4674600153441,-21.153395252459));
#729=CARTESIAN_POINT('',(20.5321796384728,-45.4525798354053,-21.1555201278958));
#730=CARTESIAN_POINT('',(20.5210175623664,-45.4406805416527,-21.1571825991666));
#731=CARTESIAN_POINT('',(20.5126393468266,-45.4317575949039,-21.1584108578541));
#732=CARTESIAN_POINT('',(20.5056548463806,-45.4243261546869,-21.1594185045402));
#733=CARTESIAN_POINT('',(20.5007585959249,-45.4191203695846,-21.1601163099762));
#734=CARTESIAN_POINT('',(20.4979670257797,-45.4161533903962,-21.1605117316888));
#735=CARTESIAN_POINT('',(20.4958531744884,-45.4139072636274,-21.1608099105561));
#736=CARTESIAN_POINT('',(20.4938146472127,-45.4117416919866,-21.1610962902009));
#737=CARTESIAN_POINT('',(20.491069849102,-45.4088265143465,-21.1614803452098));
#738=CARTESIAN_POINT('',(20.4862777259676,-45.403738739202,-21.1621467537392));
#739=CARTESIAN_POINT('',(20.4794225113121,-45.3964657427146,-21.1630883760722));
#740=CARTESIAN_POINT('',(20.4711943649828,-45.3877444005019,-21.1641998605928));
#741=CARTESIAN_POINT('',(20.4602163591994,-45.3761193691589,-21.1656578764906));
#742=CARTESIAN_POINT('',(20.4464825893934,-45.3615967715754,-21.1674351643413));
#743=CARTESIAN_POINT('',(20.4244836567289,-45.3383782452726,-21.1701824548601));
#744=CARTESIAN_POINT('',(20.3969387304629,-45.3093886301836,-21.1734358166476));
#745=CARTESIAN_POINT('',(20.3638107423843,-45.2746547961309,-21.1770506666705));
#746=CARTESIAN_POINT('',(20.3306087805175,-45.2399748740815,-21.1803763277354));
#747=CARTESIAN_POINT('',(20.2862409460388,-45.1938070764305,-21.1844249589286));
#748=CARTESIAN_POINT('',(20.2305965466387,-45.1362329485729,-21.1887627779545));
#749=CARTESIAN_POINT('',(20.16352845452,-45.0673623555891,-21.1928114090884));
#750=CARTESIAN_POINT('',(20.0737120033499,-44.9758278743307,-21.1966672482495));
#751=CARTESIAN_POINT('',(20.0059091516883,-44.9075086674115,-21.1978240000003));
#752=CARTESIAN_POINT('',(19.9605122421381,-44.8621117578613,-21.1978240000003));
#753=CARTESIAN_POINT('',(24.703733932544,-51.4340127800025,-13.1968240000003));
#754=CARTESIAN_POINT('',(19.9605122421381,-44.8621117578613,-21.1978240000003));
#755=CARTESIAN_POINT('',(19.9605122421381,-44.8621117578613,-21.1978240000003));
#756=CARTESIAN_POINT('',(19.8919692004532,-44.7935687161764,-21.1978240000003));
#757=CARTESIAN_POINT('',(19.7886835898626,-44.6914602377802,-21.1951937059647));
#758=CARTESIAN_POINT('',(19.6500488681039,-44.5567330017521,-21.1864260591297));
#759=CARTESIAN_POINT('',(19.5456179099511,-44.456397519506,-21.1772200300425));
#760=CARTESIAN_POINT('',(19.458217482963,-44.3733772487412,-21.1673564271706));
#761=CARTESIAN_POINT('',(19.3880750463839,-44.3073171996783,-21.1581503984401));
#762=CARTESIAN_POINT('',(19.3353578307213,-44.2579503803437,-21.1505883017719));
#763=CARTESIAN_POINT('',(19.2825309343353,-44.2087619546427,-21.142368637736));
#764=CARTESIAN_POINT('',(19.2384175546579,-44.1679202648781,-21.1349709206437));
#765=CARTESIAN_POINT('',(19.2030728785096,-44.1353364293202,-21.1287240030705));
#766=CARTESIAN_POINT('',(19.1809594559907,-44.115008314441,-21.1246825875337));
#767=CARTESIAN_POINT('',(19.1632563789131,-44.0987691950694,-21.1213674818745));
#768=CARTESIAN_POINT('',(19.1499692705648,-44.0865982215572,-21.1188394424516));
#769=CARTESIAN_POINT('',(19.1389008829771,-44.0764739948705,-21.1167004406511));
#770=CARTESIAN_POINT('',(19.1300208537115,-44.068360159589,-21.1149643247419));
#771=CARTESIAN_POINT('',(19.1234191875176,-44.0623323470431,-21.1136638913102));
#772=CARTESIAN_POINT('',(19.1165867148389,-44.0560982764098,-21.1123076535958));
#773=CARTESIAN_POINT('',(19.1075557288138,-44.0478642909817,-21.1105010332936));
#774=CARTESIAN_POINT('',(19.0962370128001,-44.0375556601586,-21.1082108962261));
#775=CARTESIAN_POINT('',(19.0826624574268,-44.0252104676815,-21.1054227458587));
#776=CARTESIAN_POINT('',(19.0645537738362,-44.0087656435626,-21.1016479936624));
#777=CARTESIAN_POINT('',(19.0419096995978,-43.9882468758765,-21.0968240658582));
#778=CARTESIAN_POINT('',(19.0056580311069,-43.9554928267696,-21.0888799943777));
#779=CARTESIAN_POINT('',(18.9603058738716,-43.9146942286265,-21.0785268974242));
#780=CARTESIAN_POINT('',(18.9058237209935,-43.8659654706829,-21.0654262657148));
#781=CARTESIAN_POINT('',(18.8512831744679,-43.8174660600808,-21.0516487311645));
#782=CARTESIAN_POINT('',(18.8057850921805,-43.7772408747713,-21.0396034109247));
#783=CARTESIAN_POINT('',(18.7693582076645,-43.7451748383488,-21.0296286173952));
#784=CARTESIAN_POINT('',(18.7420249461822,-43.7211831799148,-21.0219785429548));
#785=CARTESIAN_POINT('',(18.7192331037106,-43.7012354304631,-21.0154616823592));
#786=CARTESIAN_POINT('',(18.7032780023089,-43.6873014724254,-21.010827372312));
#787=CARTESIAN_POINT('',(18.6941510392433,-43.6793393184343,-21.0081556564837));
#788=CARTESIAN_POINT('',(18.6873276837314,-43.673391053642,-21.0061480135427));
#789=CARTESIAN_POINT('',(18.6804166575303,-43.6673707225615,-21.0041041052027));
#790=CARTESIAN_POINT('',(18.6712320155469,-43.6593756356214,-21.0013737608011));
#791=CARTESIAN_POINT('',(18.6551436219111,-43.6453861736194,-20.9965544815679));
#792=CARTESIAN_POINT('',(18.6321646133101,-43.6254485819896,-20.9895662636927));
#793=CARTESIAN_POINT('',(18.6045819711874,-43.6015860334674,-20.9810103200538));
#794=CARTESIAN_POINT('',(18.567800260154,-43.5698572881149,-20.9693771985286));
#795=CARTESIAN_POINT('',(18.5218118479614,-43.5303588814546,-20.9544127784691));
#796=CARTESIAN_POINT('',(18.4482099692075,-43.4675088871119,-20.9295678980201));
#797=CARTESIAN_POINT('',(18.3745754342765,-43.4051748973951,-20.9033684900241));
#798=CARTESIAN_POINT('',(18.3101327312841,-43.3510914454973,-20.8792633373539));
#799=CARTESIAN_POINT('',(18.2732901765854,-43.3203047157791,-20.8651455966324));
#800=CARTESIAN_POINT('',(18.2456917778619,-43.2973088799877,-20.854402409666));
#801=CARTESIAN_POINT('',(18.217953348462,-43.2742628907327,-20.8434355528144));
#802=CARTESIAN_POINT('',(18.1810291380806,-43.24367355795,-20.8286108265245));
#803=CARTESIAN_POINT('',(18.1348739224128,-43.2056018743464,-20.8096565201149));
#804=CARTESIAN_POINT('',(18.0795247789906,-43.1602084351676,-20.7862476988793));
#805=CARTESIAN_POINT('',(18.005765534375,-43.1000626850999,-20.7541465089414));
#806=CARTESIAN_POINT('',(17.9320693309631,-43.0404838600461,-20.7207109496955));
#807=CARTESIAN_POINT('',(17.8584538200867,-42.9814771597258,-20.6859468849869));
#808=CARTESIAN_POINT('',(17.8032547620638,-42.9374840110477,-20.659195037547));
#809=CARTESIAN_POINT('',(17.7481888690008,-42.8938461435756,-20.6318235154028));
#810=CARTESIAN_POINT('',(17.6748524027703,-42.8360583448498,-20.5944561071544));
#811=CARTESIAN_POINT('',(17.6016815766145,-42.7788899962862,-20.5557975301558));
#812=CARTESIAN_POINT('',(17.5286760407894,-42.7223301251368,-20.5158444005785));
#813=CARTESIAN_POINT('',(17.4740064560745,-42.6802133780943,-20.4852322870106));
#814=CARTESIAN_POINT('',(17.4285233803839,-42.6453699239201,-20.4591846478552));
#815=CARTESIAN_POINT('',(17.3967187558834,-42.6211072413796,-20.4406652125517));
#816=CARTESIAN_POINT('',(17.3785639276759,-42.6072865215736,-20.4300066162291));
#817=CARTESIAN_POINT('',(17.3649306339054,-42.5969224381722,-20.4219587131714));
#818=CARTESIAN_POINT('',(17.3513900374585,-42.5866431700129,-20.4139220771058));
#819=CARTESIAN_POINT('',(17.3333170401689,-42.5729421873044,-20.4031375073047));
#820=CARTESIAN_POINT('',(17.3017311694888,-42.5490471561993,-20.3841371104617));
#821=CARTESIAN_POINT('',(17.2386629900771,-42.5015339187454,-20.3455885224299));
#822=CARTESIAN_POINT('',(17.1668519698134,-42.4478827490856,-20.3002965424734));
#823=CARTESIAN_POINT('',(17.095309437947,-42.3948705020734,-20.253764812079));
#824=CARTESIAN_POINT('',(17.0507093293976,-42.3620031963825,-20.2241662711159));
#825=CARTESIAN_POINT('',(17.0150987463598,-42.3358679196654,-20.2001778941912));
#826=CARTESIAN_POINT('',(16.98842483997,-42.3163448616513,-20.1820311812776));
#827=CARTESIAN_POINT('',(16.9662283843307,-42.3001431789296,-20.1667816711125));
#828=CARTESIAN_POINT('',(16.9507012216572,-42.2888326920275,-20.1560357168604));
#829=CARTESIAN_POINT('',(16.9418409059076,-42.2823851261973,-20.1498813465119));
#830=CARTESIAN_POINT('',(16.9351755562497,-42.2775381290768,-20.145240302773));
#831=CARTESIAN_POINT('',(16.9285977719439,-42.2727580493551,-20.1406491609599));
#832=CARTESIAN_POINT('',(16.9198015129515,-42.2663700963946,-20.1344948751328));
#833=CARTESIAN_POINT('',(16.9044315600992,-42.255219553778,-20.1237025154924));
#834=CARTESIAN_POINT('',(16.8824951237827,-42.2393373322243,-20.1081885486515));
#835=CARTESIAN_POINT('',(16.8562192695623,-42.2203644586851,-20.0894278641718));
#836=CARTESIAN_POINT('',(16.8212437449436,-42.1951775980117,-20.0642181061655));
#837=CARTESIAN_POINT('',(16.7776378426773,-42.1639019994614,-20.032340990968));
#838=CARTESIAN_POINT('',(16.7254934404813,-42.1267016168848,-19.9935040433515));
#839=CARTESIAN_POINT('',(16.6735338303777,-42.0898299090679,-19.95408289177));
#840=CARTESIAN_POINT('',(16.63038936354,-42.0593756240186,-19.9207448616631));
#841=CARTESIAN_POINT('',(16.5959683793685,-42.0351749455578,-19.8937826537604));
#842=CARTESIAN_POINT('',(16.5701987303548,-42.0171045852479,-19.8734139503886));
#843=CARTESIAN_POINT('',(16.548767456081,-42.0021159201426,-19.8563214094463));
#844=CARTESIAN_POINT('',(16.5337789215448,-41.9916538423962,-19.8442866321141));
#845=CARTESIAN_POINT('',(16.5252317791994,-41.9856937483624,-19.8374008705137));
#846=CARTESIAN_POINT('',(16.5187913060421,-41.9812056428209,-19.8322006218071));
#847=CARTESIAN_POINT('',(16.5124803943591,-41.9768106912173,-19.827093679401));
#848=CARTESIAN_POINT('',(16.5040265662603,-41.9709271906665,-19.8202376597323));
#849=CARTESIAN_POINT('',(16.489265171449,-41.960663900188,-19.8082265820986));
#850=CARTESIAN_POINT('',(16.4682020255352,-41.9460475394926,-19.7909747376095));
#851=CARTESIAN_POINT('',(16.4429875011979,-41.9285955588947,-19.7701409990602));
#852=CARTESIAN_POINT('',(16.4094423988582,-41.905437403618,-19.7421810872282));
#853=CARTESIAN_POINT('',(16.3676543925464,-41.8766999534495,-19.7068935750343));
#854=CARTESIAN_POINT('',(16.3177389040932,-41.8425485868912,-19.6640074723217));
#855=CARTESIAN_POINT('',(16.2680556153527,-41.80872894388,-19.6205804960842));
#856=CARTESIAN_POINT('',(16.2268478888872,-41.7808206626756,-19.5839406496271));
#857=CARTESIAN_POINT('',(16.1939994144481,-41.7586577523322,-19.5543581774005));
#858=CARTESIAN_POINT('',(16.1735187661117,-41.7448742185907,-19.5357567754291));
#859=CARTESIAN_POINT('',(16.1571631136173,-41.7338875466373,-19.5208072812973));
#860=CARTESIAN_POINT('',(16.1449134829859,-41.7256693593473,-19.5095634341767));
#861=CARTESIAN_POINT('',(16.1347107466754,-41.7188330135293,-19.5001587728337));
#862=CARTESIAN_POINT('',(16.1265719980299,-41.7133847477476,-19.4926329805743));
#863=CARTESIAN_POINT('',(16.1204280091886,-41.7092744185284,-19.4869396346094));
#864=CARTESIAN_POINT('',(16.1144544148196,-41.705280564561,-19.4813926176044));
#865=CARTESIAN_POINT('',(16.106437103555,-41.6999235810024,-19.4739325453765));
#866=CARTESIAN_POINT('',(16.0964458016201,-41.6932538041386,-19.4646066953925));
#867=CARTESIAN_POINT('',(16.0844644023684,-41.6852653305478,-19.453377025548));
#868=CARTESIAN_POINT('',(16.0685144734251,-41.6746439323729,-19.4383658932733));
#869=CARTESIAN_POINT('',(16.0486179086246,-41.6614187445293,-19.4195241603666));
#870=CARTESIAN_POINT('',(16.016873585466,-41.6403699187118,-19.3892139210792));
#871=CARTESIAN_POINT('',(15.9773615555622,-41.6142663865093,-19.3510184486499));
#872=CARTESIAN_POINT('',(15.9302186724807,-41.5832722892604,-19.3046919816064));
#873=CARTESIAN_POINT('',(15.8833489318954,-41.5526061218288,-19.2578734830292));
#874=CARTESIAN_POINT('',(15.8445199757806,-41.527322575468,-19.2184481649686));
#875=CARTESIAN_POINT('',(15.8135949315948,-41.5072575027049,-19.1866617377985));
#876=CARTESIAN_POINT('',(15.7943249597831,-41.4947843097124,-19.1666931322362));
#877=CARTESIAN_POINT('',(15.7789428803739,-41.4848453944359,-19.1506558148914));
#878=CARTESIAN_POINT('',(15.7674261544726,-41.477412833888,-19.138599637214));
#879=CARTESIAN_POINT('',(15.7578357279455,-41.4712307855161,-19.1285190564727));
#880=CARTESIAN_POINT('',(15.7501893678985,-41.466306244053,-19.1204574779707));
#881=CARTESIAN_POINT('',(15.7444118400846,-41.462587520424,-19.1143537100517));
#882=CARTESIAN_POINT('',(15.738818573619,-41.4589895027632,-19.1084327116733));
#883=CARTESIAN_POINT('',(15.7313044508804,-41.4541586114894,-19.1004626118235));
#884=CARTESIAN_POINT('',(15.7219451092071,-41.4481466576049,-19.0905054948717));
#885=CARTESIAN_POINT('',(15.7107235834863,-41.4409468447238,-19.0785196697629));
#886=CARTESIAN_POINT('',(15.6957899942536,-41.4313764007731,-19.0625052270636));
#887=CARTESIAN_POINT('',(15.6771692735012,-41.4194636196049,-19.0424171212489));
#888=CARTESIAN_POINT('',(15.6474780611993,-41.4005119706768,-19.0101298390528));
#889=CARTESIAN_POINT('',(15.6105543340967,-41.3770248621901,-18.9694949587107));
#890=CARTESIAN_POINT('',(15.5665523706514,-41.3491623914618,-18.92029230324));
#891=CARTESIAN_POINT('',(15.522858427315,-41.3216197957698,-18.8706487536799));
#892=CARTESIAN_POINT('',(15.4867047692446,-41.2989324099834,-18.8289116631563));
#893=CARTESIAN_POINT('',(15.4579375479092,-41.2809404094246,-18.7953016886756));
#894=CARTESIAN_POINT('',(15.4400227515774,-41.2697607873413,-18.7742032756982));
#895=CARTESIAN_POINT('',(15.4257306268601,-41.2608566740622,-18.7572701834458));
#896=CARTESIAN_POINT('',(15.4150293963786,-41.2541970974774,-18.7445407571159));
#897=CARTESIAN_POINT('',(15.4061334570153,-41.2486670948311,-18.7339164652514));
#898=CARTESIAN_POINT('',(15.3990143448251,-41.2442452939869,-18.7253886164423));
#899=CARTESIAN_POINT('',(15.3937131687054,-41.2409544438274,-18.7190258377149));
#900=CARTESIAN_POINT('',(15.3882899829135,-41.2375897194597,-18.7125035017771));
#901=CARTESIAN_POINT('',(15.3811110085775,-41.233138149153,-18.7038518653389));
#902=CARTESIAN_POINT('',(15.3721358624827,-41.2275774411333,-18.6930027450391));
#903=CARTESIAN_POINT('',(15.3613944291058,-41.2209298081312,-18.6799656842465));
#904=CARTESIAN_POINT('',(15.3470998662424,-41.2120930364831,-18.662545569371));
#905=CARTESIAN_POINT('',(15.3292880736269,-41.2011002625371,-18.6407064437504));
#906=CARTESIAN_POINT('',(15.3009077190692,-41.183623602724,-18.6056248192338));
#907=CARTESIAN_POINT('',(15.2656559777088,-41.1619872426796,-18.5615132861311));
#908=CARTESIAN_POINT('',(15.2237131324683,-41.1363562595246,-18.5081638650983));
#909=CARTESIAN_POINT('',(15.1821312538678,-41.1110557114402,-18.4543990020512));
#910=CARTESIAN_POINT('',(15.1477817055254,-41.0902453287896,-18.4092485979979));
#911=CARTESIAN_POINT('',(15.1204842709658,-41.0737600704692,-18.3729207538043));
#912=CARTESIAN_POINT('',(15.1034990101771,-41.0635242222185,-18.3501287758227));
#913=CARTESIAN_POINT('',(15.0899573616761,-41.0553765162007,-18.3318444331426));
#914=CARTESIAN_POINT('',(15.0798216516591,-41.0492845237933,-18.3181019861849));
#915=CARTESIAN_POINT('',(15.0714017803814,-41.0442291409248,-18.3066385547526));
#916=CARTESIAN_POINT('',(15.0646605875604,-41.0401848551863,-18.2974318407532));
#917=CARTESIAN_POINT('',(15.0596562148143,-41.037184108,-18.2905831181825));
#918=CARTESIAN_POINT('',(15.0544828039422,-41.0340836444249,-18.2834881756486));
#919=CARTESIAN_POINT('',(15.0476548433216,-41.029993807772,-18.2741040343714));
#920=CARTESIAN_POINT('',(15.0391150247484,-41.0248826763491,-18.2623298843269));
#921=CARTESIAN_POINT('',(15.0289021359851,-41.018776720795,-18.2481889145559));
#922=CARTESIAN_POINT('',(15.0153163627059,-41.0106628472271,-18.2292975738383));
#923=CARTESIAN_POINT('',(14.9984000815757,-41.0005759647517,-18.2056240995208));
#924=CARTESIAN_POINT('',(14.971472074137,-40.9845531135427,-18.1676160705991));
#925=CARTESIAN_POINT('',(14.9380727501327,-40.9647423776326,-18.1198632316885));
#926=CARTESIAN_POINT('',(14.8984118738482,-40.9413153056271,-18.0621707574044));
#927=CARTESIAN_POINT('',(14.859171058048,-40.9182316900091,-18.0040894034293));
#928=CARTESIAN_POINT('',(14.8268216598328,-40.8992794937999,-17.9553640683548));
#929=CARTESIAN_POINT('',(14.8011538456554,-40.8842871234035,-17.9161895191343));
#930=CARTESIAN_POINT('',(14.7851995125831,-40.8749870376447,-17.8916239713827));
#931=CARTESIAN_POINT('',(14.7724897522524,-40.8675893614191,-17.8719238899361));
#932=CARTESIAN_POINT('',(14.7629823077541,-40.8620611034595,-17.8571218530487));
#933=CARTESIAN_POINT('',(14.7550869795254,-40.8574747961129,-17.8447750495411));
#934=CARTESIAN_POINT('',(14.748771952148,-40.8538092036513,-17.8348664232024));
#935=CARTESIAN_POINT('',(14.744075325636,-40.8510843595109,-17.8274808731493));
#936=CARTESIAN_POINT('',(14.7392594455716,-40.8482917214177,-17.8198907730201));
#937=CARTESIAN_POINT('',(14.7328922349166,-40.8446013649394,-17.8098327556235));
#938=CARTESIAN_POINT('',(14.724936346523,-40.8399936879802,-17.7972225131691));
#939=CARTESIAN_POINT('',(14.7154250680922,-40.8344907131429,-17.7820782373633));
#940=CARTESIAN_POINT('',(14.702780189997,-40.8271820049577,-17.761852712882));
#941=CARTESIAN_POINT('',(14.6870482341441,-40.8181025463414,-17.7365165446566));
#942=CARTESIAN_POINT('',(14.6620334536492,-40.8036941521559,-17.6958596292445));
#943=CARTESIAN_POINT('',(14.6310595939128,-40.7859060603261,-17.6448167810511));
#944=CARTESIAN_POINT('',(14.5943636442638,-40.7649135132966,-17.5832101898803));
#945=CARTESIAN_POINT('',(14.5581419587854,-40.7442716663962,-17.5212484562543));
#946=CARTESIAN_POINT('',(14.5283538572588,-40.7273604161566,-17.4693179957863));
#947=CARTESIAN_POINT('',(14.5047617451403,-40.7140041766559,-17.427595555463));
#948=CARTESIAN_POINT('',(14.4871879580044,-40.7040736000932,-17.3962163897491));
#949=CARTESIAN_POINT('',(14.4726403842588,-40.6958682686907,-17.3699885327679));
#950=CARTESIAN_POINT('',(14.462514428702,-40.6901647283801,-17.3515991715819));
#951=CARTESIAN_POINT('',(14.4567355127591,-40.6869119374797,-17.3410658515561));
#952=CARTESIAN_POINT('',(14.4524303804982,-40.6844897991594,-17.3331997991888));
#953=CARTESIAN_POINT('',(14.4480503612893,-40.6820266593173,-17.3251772629976));
#954=CARTESIAN_POINT('',(14.442249995626,-40.6787662882473,-17.3145267549591));
#955=CARTESIAN_POINT('',(14.4321140596603,-40.6730728294744,-17.2958463151433));
#956=CARTESIAN_POINT('',(14.4177217774681,-40.6649996796626,-17.2691230491668));
#957=CARTESIAN_POINT('',(14.4005771401723,-40.6554001261639,-17.2369699461338));
#958=CARTESIAN_POINT('',(14.3778910845015,-40.6427207971731,-17.1939948355109));
#959=CARTESIAN_POINT('',(14.3498568807555,-40.6270946880216,-17.1400760992512));
#960=CARTESIAN_POINT('',(14.3167354291495,-40.6086982110633,-17.0750552175444));
#961=CARTESIAN_POINT('',(14.2841347785889,-40.5906540520982,-17.0097155142251));
#962=CARTESIAN_POINT('',(14.2574028777682,-40.5759089485099,-16.9550003560275));
#963=CARTESIAN_POINT('',(14.2362790162897,-40.5642865985685,-16.9110685277299));
#964=CARTESIAN_POINT('',(14.220567643555,-40.5556567015448,-16.8780409407979));
#965=CARTESIAN_POINT('',(14.2075827982508,-40.548536297961,-16.8504485107832));
#966=CARTESIAN_POINT('',(14.1985536631012,-40.5435911746712,-16.8311049300744));
#967=CARTESIAN_POINT('',(14.1934062799016,-40.5407737694847,-16.8200321626863));
#968=CARTESIAN_POINT('',(14.189566117143,-40.5386727272479,-16.8117489000681));
#969=CARTESIAN_POINT('',(14.1856877207237,-40.5365516392012,-16.8033601544329));
#970=CARTESIAN_POINT('',(14.1805445294018,-40.5337400001629,-16.792204844345));
#971=CARTESIAN_POINT('',(14.1715668441212,-40.5288351749061,-16.772651803064));
#972=CARTESIAN_POINT('',(14.1588328505808,-40.5218867083134,-16.7446852250819));
#973=CARTESIAN_POINT('',(14.1436901731724,-40.5136373096386,-16.7110540268623));
#974=CARTESIAN_POINT('',(14.1236871832638,-40.5027576398765,-16.6661235423566));
#975=CARTESIAN_POINT('',(14.0990336557684,-40.4893807327131,-16.6097909931482));
#976=CARTESIAN_POINT('',(14.0603372417478,-40.4684498905233,-16.5192981562203));
#977=CARTESIAN_POINT('',(14.0227679568578,-40.4482232292821,-16.4282661462203));
#978=CARTESIAN_POINT('',(13.9908829870135,-40.4311321439621,-16.3481350651202));
#979=CARTESIAN_POINT('',(13.9751908970568,-40.42273900653,-16.3079574466996));
#980=CARTESIAN_POINT('',(13.9662910757008,-40.417983926635,-16.2849549301117));
#981=CARTESIAN_POINT('',(13.9596625411866,-40.4144448964527,-16.2677145438744));
#982=CARTESIAN_POINT('',(13.9530280379062,-40.4109052023465,-16.25034865589));
#983=CARTESIAN_POINT('',(13.9442461168234,-40.4062231329821,-16.227214051709));
#984=CARTESIAN_POINT('',(13.9289998818057,-40.398103248574,-16.1866607587588));
#985=CARTESIAN_POINT('',(13.9075923422962,-40.3867259782392,-16.1285950345858));
#986=CARTESIAN_POINT('',(13.882493626097,-40.3734233963684,-16.0586853581385));
#987=CARTESIAN_POINT('',(13.849819461153,-40.3561519678399,-15.965170191083));
#988=CARTESIAN_POINT('',(13.810463899248,-40.3354311204431,-15.8477156236796));
#989=CARTESIAN_POINT('',(13.7656111800868,-40.311933170159,-15.7058289229349));
#990=CARTESIAN_POINT('',(13.7231889063289,-40.2898132566182,-15.5631566903642));
#991=CARTESIAN_POINT('',(13.6898928258942,-40.2725292785488,-15.4436847564924));
#992=CARTESIAN_POINT('',(13.6644887719211,-40.2593828741728,-15.3477469977057));
#993=CARTESIAN_POINT('',(13.6491261257118,-40.2514489977414,-15.287637409956));
#994=CARTESIAN_POINT('',(13.63714537028,-40.2452707203407,-15.2394608766594));
#995=CARTESIAN_POINT('',(13.6283142726249,-40.2407210801827,-15.2032826927535));
#996=CARTESIAN_POINT('',(13.6210849305054,-40.2370001833777,-15.173100808718));
#997=CARTESIAN_POINT('',(13.6160904544582,-40.2344313542901,-15.1519465606574));
#998=CARTESIAN_POINT('',(13.6132585244201,-40.232975300856,-15.1398644192556));
#999=CARTESIAN_POINT('',(13.611136703195,-40.2318846069959,-15.1307674145849));
#1000=CARTESIAN_POINT('',(13.6090534737462,-40.2308139958444,-15.1217922764542));
#1001=CARTESIAN_POINT('',(13.6062787885985,-40.2293883545821,-15.1097801910474));
#1002=CARTESIAN_POINT('',(13.6014619367324,-40.226914284077,-15.0887734381838));
#1003=CARTESIAN_POINT('',(13.5946759010435,-40.2234311352372,-15.0587370926133));
#1004=CARTESIAN_POINT('',(13.5866900054643,-40.2193357207,-15.0226720386799));
#1005=CARTESIAN_POINT('',(13.5762502920442,-40.2139865244248,-14.9745491578211));
#1006=CARTESIAN_POINT('',(13.5635919524644,-40.2075088287341,-14.914331268221));
#1007=CARTESIAN_POINT('',(13.5441739256004,-40.197588091768,-14.8178440499841));
#1008=CARTESIAN_POINT('',(13.5214693541946,-40.1860158859804,-14.6969758278477));
#1009=CARTESIAN_POINT('',(13.4967372636441,-40.1734460280966,-14.5515190324065));
#1010=CARTESIAN_POINT('',(13.4782252301252,-40.1640615824166,-14.4299593115551));
#1011=CARTESIAN_POINT('',(13.4646763183662,-40.157204579774,-14.3325040864561));
#1012=CARTESIAN_POINT('',(13.4551454206096,-40.1523862664787,-14.2593089586627));
#1013=CARTESIAN_POINT('',(13.4462457106192,-40.1478915887215,-14.1860100649461));
#1014=CARTESIAN_POINT('',(13.4393556061703,-40.1444151078731,-14.1248413590599));
#1015=CARTESIAN_POINT('',(13.4341594541458,-40.1417950100658,-14.0758542210019));
#1016=CARTESIAN_POINT('',(13.4310436073888,-40.1402245393597,-14.0452163634383));
#1017=CARTESIAN_POINT('',(13.4286298130181,-40.1390082843348,-14.0206914810392));
#1018=CARTESIAN_POINT('',(13.426859390083,-40.1381163843839,-14.0022958029878));
#1019=CARTESIAN_POINT('',(13.4254156928252,-40.1373892215561,-13.9869464611171));
#1020=CARTESIAN_POINT('',(13.4242833747484,-40.1368189740204,-13.9746956124457));
#1021=CARTESIAN_POINT('',(13.423436162696,-40.1363923489998,-13.9654187817976));
#1022=CARTESIAN_POINT('',(13.4226288218057,-40.1359858385538,-13.9564726914715));
#1023=CARTESIAN_POINT('',(13.4215546015835,-40.1354449970356,-13.9444280772371));
#1024=CARTESIAN_POINT('',(13.4202394677369,-40.1347829499135,-13.9294105872036));
#1025=CARTESIAN_POINT('',(13.4186981810395,-40.1340071885093,-13.9113703166985));
#1026=CARTESIAN_POINT('',(13.4166949150702,-40.1329990719566,-13.8873195100954));
#1027=CARTESIAN_POINT('',(13.4142867328706,-40.1317874864536,-13.8572482527481));
#1028=CARTESIAN_POINT('',(13.4106387679055,-40.1299527182008,-13.809123180817));
#1029=CARTESIAN_POINT('',(13.4064632648627,-40.127853567299,-13.7489435896782));
#1030=CARTESIAN_POINT('',(13.4020680638502,-40.1256451081565,-13.6766916377567));
#1031=CARTESIAN_POINT('',(13.3982884282072,-40.1237468051017,-13.6044031397517));
#1032=CARTESIAN_POINT('',(13.3956518290796,-40.1224230910617,-13.5441319819354));
#1033=CARTESIAN_POINT('',(13.393850488091,-40.1215189226663,-13.4958973523415));
#1034=CARTESIAN_POINT('',(13.3926534233664,-40.1209181500805,-13.4597106165072));
#1035=CARTESIAN_POINT('',(13.3917843054747,-40.1204820182575,-13.4295525255287));
#1036=CARTESIAN_POINT('',(13.3912430773752,-40.1202104455004,-13.4084277644706));
#1037=CARTESIAN_POINT('',(13.3909533985142,-40.1200650981519,-13.3963710927792));
#1038=CARTESIAN_POINT('',(13.3907447960911,-40.1199604336396,-13.3872836108469));
#1039=CARTESIAN_POINT('',(13.3905495218758,-40.119862458618,-13.3783653014257));
#1040=CARTESIAN_POINT('',(13.390300375805,-40.1197374570559,-13.3664154702525));
#1041=CARTESIAN_POINT('',(13.3898980210362,-40.1195355938665,-13.3455312697549));
#1042=CARTESIAN_POINT('',(13.3894172366184,-40.1192943958846,-13.3156838664066));
#1043=CARTESIAN_POINT('',(13.3889913852498,-40.119080768212,-13.279875576937));
#1044=CARTESIAN_POINT('',(13.3886248038812,-40.1188968805357,-13.2321323071042));
#1045=CARTESIAN_POINT('',(13.3885439829611,-40.1188563404574,-13.1724600758776));
#1046=CARTESIAN_POINT('',(13.3890508171915,-40.1191105774233,-13.1008628711689));
#1047=CARTESIAN_POINT('',(13.3899763524842,-40.1195748832688,-13.0412067677956));
#1048=CARTESIAN_POINT('',(13.3910186613122,-40.1200978373912,-12.9934867581021));
#1049=CARTESIAN_POINT('',(13.3919513242732,-40.120565823535,-12.9576992195175));
#1050=CARTESIAN_POINT('',(13.3930349134585,-40.1211096007438,-12.9219140550422));
#1051=CARTESIAN_POINT('',(13.3940636541337,-40.1216259190855,-12.8920953515057));
#1052=CARTESIAN_POINT('',(13.394962119695,-40.1220769032694,-12.868241103836));
#1053=CARTESIAN_POINT('',(13.3955550438679,-40.1223745438125,-12.8533338668869));
#1054=CARTESIAN_POINT('',(13.3960483648609,-40.1226221999087,-12.8414057313803));
#1055=CARTESIAN_POINT('',(13.3964274545914,-40.1228125176475,-12.8324670436376));
#1056=CARTESIAN_POINT('',(13.3968172382895,-40.1230082124935,-12.8235007911543));
#1057=CARTESIAN_POINT('',(13.3972117264443,-40.1232062776859,-12.8146383015806));
#1058=CARTESIAN_POINT('',(13.3976332806561,-40.1234179417352,-12.8053892429439));
#1059=CARTESIAN_POINT('',(13.398060027341,-40.1236322230356,-12.7962452042654));
#1060=CARTESIAN_POINT('',(13.3984978246402,-40.1238520635361,-12.7870745212145));
#1061=CARTESIAN_POINT('',(13.3990942076528,-40.1241515526561,-12.7748581757184));
#1062=CARTESIAN_POINT('',(13.399864368227,-40.1245383371543,-12.7595872814844));
#1063=CARTESIAN_POINT('',(13.4011488783409,-40.1251835014822,-12.7351618116173));
#1064=CARTESIAN_POINT('',(13.4028526678185,-40.1260393909469,-12.7046407809068));
#1065=CARTESIAN_POINT('',(13.4050541792919,-40.1271455662726,-12.6680341276691));
#1066=CARTESIAN_POINT('',(13.4074126472986,-40.1283309029791,-12.6314457117312));
#1067=CARTESIAN_POINT('',(13.4107665082569,-40.1300169631665,-12.5826855965371));
#1068=CARTESIAN_POINT('',(13.4153510913269,-40.1323226897264,-12.5217812197643));
#1069=CARTESIAN_POINT('',(13.4214799722207,-40.1354070578546,-12.4487692129672));
#1070=CARTESIAN_POINT('',(13.430487977675,-40.1399435597782,-12.3515175246436));
#1071=CARTESIAN_POINT('',(13.4433150978872,-40.1464105834573,-12.2301360189372));
#1072=CARTESIAN_POINT('',(13.4582295608573,-40.1539437033618,-12.1089986504152));
#1073=CARTESIAN_POINT('',(13.4714120217338,-40.1606128407511,-12.0122352414508));
#1074=CARTESIAN_POINT('',(13.4819238915521,-40.1659368458597,-11.9397359189976));
#1075=CARTESIAN_POINT('',(13.4930603360053,-40.1715838688689,-11.8673098659643));
#1076=CARTESIAN_POINT('',(13.5028608123949,-40.17655968324,-11.807015769668));
#1077=CARTESIAN_POINT('',(13.5110129616409,-40.1807027767211,-11.7588173076791));
#1078=CARTESIAN_POINT('',(13.5162380008127,-40.1833600498646,-11.7287080853124));
#1079=CARTESIAN_POINT('',(13.520495729542,-40.1855265164449,-11.704630875532));
#1080=CARTESIAN_POINT('',(13.5237284739237,-40.1871720166356,-11.686574772416));
#1081=CARTESIAN_POINT('',(13.526453230823,-40.1885594382469,-11.6715406570323));
#1082=CARTESIAN_POINT('',(13.5286561607788,-40.189681454553,-11.6594958660991));
#1083=CARTESIAN_POINT('',(13.5303080687855,-40.1905229703074,-11.650517486046));
#1084=CARTESIAN_POINT('',(13.5320079408313,-40.1913890784887,-11.6413338691162));
#1085=CARTESIAN_POINT('',(13.5342741997358,-40.1925439841847,-11.6291645876867));
#1086=CARTESIAN_POINT('',(13.5371361323836,-40.1940028560838,-11.6139338336506));
#1087=CARTESIAN_POINT('',(13.5406077450098,-40.1957731807968,-11.5956767248523));
#1088=CARTESIAN_POINT('',(13.5452895664695,-40.1981615531359,-11.5713423958372));
#1089=CARTESIAN_POINT('',(13.5512396888456,-40.2011986791092,-11.5409486306319));
#1090=CARTESIAN_POINT('',(13.5609691421355,-40.2061688065832,-11.4923667165386));
#1091=CARTESIAN_POINT('',(13.5735228746138,-40.2125893308943,-11.4317309390875));
#1092=CARTESIAN_POINT('',(13.5944438983569,-40.2233072118443,-11.33490957953));
#1093=CARTESIAN_POINT('',(13.6166175755277,-40.2346959909162,-11.2383766290458));
#1094=CARTESIAN_POINT('',(13.637109187196,-40.2452510590977,-11.1541776294269));
#1095=CARTESIAN_POINT('',(13.6491348192062,-40.2514544955113,-11.1061202587206));
#1096=CARTESIAN_POINT('',(13.6582975212762,-40.2561857531348,-11.0701612357292));
#1097=CARTESIAN_POINT('',(13.6676629362106,-40.2610265550187,-11.0340576313772));
#1098=CARTESIAN_POINT('',(13.680337690343,-40.2675846176779,-10.9860509639714));
#1099=CARTESIAN_POINT('',(13.6965705511533,-40.2759966928201,-10.9261398091618));
#1100=CARTESIAN_POINT('',(13.7166602302004,-40.2864297962849,-10.8544488712733));
#1101=CARTESIAN_POINT('',(13.7442633836076,-40.300796583683,-10.7591136791388));
#1102=CARTESIAN_POINT('',(13.7730874849319,-40.3158493644417,-10.6641668858092));
#1103=CARTESIAN_POINT('',(13.7993766584104,-40.3296286406216,-10.5814187484162));
#1104=CARTESIAN_POINT('',(13.8146999409855,-40.3376752050262,-10.534239775724));
#1105=CARTESIAN_POINT('',(13.8263531354283,-40.3438021914061,-10.4988771995154));
#1106=CARTESIAN_POINT('',(13.8381243272125,-40.3499990497252,-10.4636638770506));
#1107=CARTESIAN_POINT('',(13.8540259558071,-40.3583810500772,-10.4167614836983));
#1108=CARTESIAN_POINT('',(13.8823641731142,-40.3733474241602,-10.3349065436111));
#1109=CARTESIAN_POINT('',(13.9159282885885,-40.3911434598452,-10.2418308352631));
#1110=CARTESIAN_POINT('',(13.9506624941359,-40.4096375178452,-10.1492370662381));
#1111=CARTESIAN_POINT('',(13.9772981448999,-40.4238597516368,-10.080029733789));
#1112=CARTESIAN_POINT('',(13.9999787333043,-40.4360052166777,-10.0225609492411));
#1113=CARTESIAN_POINT('',(14.0161131738575,-40.4446644728309,-9.98242930365255));
#1114=CARTESIAN_POINT('',(14.0254001844714,-40.4496543391676,-9.95953987812473));
#1115=CARTESIAN_POINT('',(14.0324167899428,-40.4534271594796,-9.94235119431453));
#1116=CARTESIAN_POINT('',(14.0394122250906,-40.4571914216112,-9.92531735609247));
#1117=CARTESIAN_POINT('',(14.0488050685652,-40.4622495303197,-9.9025820141299));
#1118=CARTESIAN_POINT('',(14.0653545394383,-40.4711716253698,-9.86288070317426));
#1119=CARTESIAN_POINT('',(14.0989435604396,-40.4893213017676,-9.78371573388427));
#1120=CARTESIAN_POINT('',(14.1384312533525,-40.5107569968959,-9.69382752165926));
#1121=CARTESIAN_POINT('',(14.1790177296761,-40.5328968713722,-9.60451627610361));
#1122=CARTESIAN_POINT('',(14.2048405756097,-40.547029411601,-9.5489382029991));
#1123=CARTESIAN_POINT('',(14.2257717913502,-40.5585135985568,-9.50462090491265));
#1124=CARTESIAN_POINT('',(14.2416071223717,-40.567216458539,-9.47145424814607));
#1125=CARTESIAN_POINT('',(14.2549150220544,-40.5745426636768,-9.4438792009089));
#1126=CARTESIAN_POINT('',(14.2642934339493,-40.5797122531047,-9.42460148736987));
#1127=CARTESIAN_POINT('',(14.2696642589001,-40.5826746723878,-9.41360541218211));
#1128=CARTESIAN_POINT('',(14.2737156892672,-40.5849103083228,-9.40533271058772));
#1129=CARTESIAN_POINT('',(14.2777189679338,-40.5871203194041,-9.39717986221459));
#1130=CARTESIAN_POINT('',(14.2830869049986,-40.5900849506802,-9.38627631888784));
#1131=CARTESIAN_POINT('',(14.2924996163699,-40.5952867900154,-9.36723191187911));
#1132=CARTESIAN_POINT('',(14.3060309081569,-40.602774337132,-9.34006775560802));
#1133=CARTESIAN_POINT('',(14.3223939111049,-40.6118445016671,-9.30755794957004));
#1134=CARTESIAN_POINT('',(14.344381723245,-40.6240538160616,-9.26432076678142));
#1135=CARTESIAN_POINT('',(14.3721841114412,-40.6395323725485,-9.21048231517448));
#1136=CARTESIAN_POINT('',(14.4060542458708,-40.6584563467708,-9.14620801040942));
#1137=CARTESIAN_POINT('',(14.4404300822912,-40.6777323727316,-9.08226578608484));
#1138=CARTESIAN_POINT('',(14.4694967777169,-40.6940911276627,-9.02925736012645));
#1139=CARTESIAN_POINT('',(14.4930015872197,-40.7073566727564,-8.9870164888403));
#1140=CARTESIAN_POINT('',(14.5077964641705,-40.7157221545245,-8.96068547512682));
#1141=CARTESIAN_POINT('',(14.519695483044,-40.7224597430678,-8.93966135678149));
#1142=CARTESIAN_POINT('',(14.5286497640679,-40.7275347133516,-8.92391624715122));
#1143=CARTESIAN_POINT('',(14.5361418097076,-40.7317849645917,-8.91080553427488));
#1144=CARTESIAN_POINT('',(14.5421419168925,-40.7351912569931,-8.90034322455521));
#1145=CARTESIAN_POINT('',(14.5466748223033,-40.7377658435714,-8.89245827730928));
#1146=CARTESIAN_POINT('',(14.5511200502584,-40.7402918266609,-8.88474418884889));
#1147=CARTESIAN_POINT('',(14.5570897808066,-40.7436856892418,-8.87440875741194));
#1148=CARTESIAN_POINT('',(14.5645585897715,-40.7479348063763,-8.86152367034803));
#1149=CARTESIAN_POINT('',(14.5735548344392,-40.7530577450368,-8.84607616301878));
#1150=CARTESIAN_POINT('',(14.58558650468,-40.7599157247553,-8.82551319948026));
#1151=CARTESIAN_POINT('',(14.6006985749031,-40.7685417984119,-8.79986614752687));
#1152=CARTESIAN_POINT('',(14.6250307007666,-40.7824573672495,-8.75895445014131));
#1153=CARTESIAN_POINT('',(14.6557326381227,-40.8000664568651,-8.7080452938493));
#1154=CARTESIAN_POINT('',(14.6930320560412,-40.8215430517869,-8.64732345561897));
#1155=CARTESIAN_POINT('',(14.7307871022524,-40.8433678263484,-8.58697062479328));
#1156=CARTESIAN_POINT('',(14.7626279285983,-40.8618472957503,-8.53698424114707));
#1157=CARTESIAN_POINT('',(14.7883269293141,-40.8768075150232,-8.49717946432171));
#1158=CARTESIAN_POINT('',(14.8044825873986,-40.8862313076863,-8.47237881673991));
#1159=CARTESIAN_POINT('',(14.8174641496668,-40.8938152029604,-8.45258339878347));
#1160=CARTESIAN_POINT('',(14.8272265846837,-40.8995242876501,-8.43776272748393));
#1161=CARTESIAN_POINT('',(14.835391377408,-40.9043039645518,-8.42542239982691));
#1162=CARTESIAN_POINT('',(14.8419238134218,-40.9081309943758,-8.41558183381356));
#1163=CARTESIAN_POINT('',(14.8468669025485,-40.9110284067643,-8.40815208072501));
#1164=CARTESIAN_POINT('',(14.8516767667048,-40.9138491674266,-8.40093839310368));
#1165=CARTESIAN_POINT('',(14.8581471291265,-40.9176456363158,-8.39125518118262));
#1166=CARTESIAN_POINT('',(14.8662342035599,-40.9223943268939,-8.37919193173607));
#1167=CARTESIAN_POINT('',(14.8759711866536,-40.9281176420643,-8.36473025997005));
#1168=CARTESIAN_POINT('',(14.8889850770098,-40.9357748978288,-8.34548511158601));
#1169=CARTESIAN_POINT('',(14.9053165122618,-40.9453988746275,-8.32148986611416));
#1170=CARTESIAN_POINT('',(14.9315809345089,-40.9609080746814,-8.28323147797216));
#1171=CARTESIAN_POINT('',(14.9646635285704,-40.9805037456098,-8.23565815301507));
#1172=CARTESIAN_POINT('',(15.0047640379048,-41.0043553697536,-8.17897013290973));
#1173=CARTESIAN_POINT('',(15.04526447378,-41.0285462546713,-8.1226819048397));
#1174=CARTESIAN_POINT('',(15.0793466385719,-41.0489899605113,-8.07610837292823));
#1175=CARTESIAN_POINT('',(15.1068108633366,-41.0655170540807,-8.03904923570919));
#1176=CARTESIAN_POINT('',(15.1240580463077,-41.0759181641507,-8.01597111919039));
#1177=CARTESIAN_POINT('',(15.1379061083427,-41.0842829351955,-7.99755736868448));
#1178=CARTESIAN_POINT('',(15.1483142209043,-41.0905766339528,-7.98377543935932));
#1179=CARTESIAN_POINT('',(15.1570164202703,-41.0958444932951,-7.9723005315162));
#1180=CARTESIAN_POINT('',(15.1639719884521,-41.1000584484453,-7.96315730638024));
#1181=CARTESIAN_POINT('',(15.1692453467737,-41.1032550121124,-7.95623999371288));
#1182=CARTESIAN_POINT('',(15.1743319598184,-41.1063400355287,-7.94958139210904));
#1183=CARTESIAN_POINT('',(15.1811884653703,-41.1105006838537,-7.94062397743686));
#1184=CARTESIAN_POINT('',(15.1897496109466,-41.115699910225,-7.92947390483636));
#1185=CARTESIAN_POINT('',(15.2000544914299,-41.121964792518,-7.91610725224043));
#1186=CARTESIAN_POINT('',(15.2138197212551,-41.1303423738152,-7.89832472311352));
#1187=CARTESIAN_POINT('',(15.2310814379544,-41.1408648210747,-7.87616093546818));
#1188=CARTESIAN_POINT('',(15.2588144789981,-41.1578068480872,-7.84084036261366));
#1189=CARTESIAN_POINT('',(15.2936960217452,-41.1791848776272,-7.79695306648705));
#1190=CARTESIAN_POINT('',(15.3358964552616,-41.2051613402169,-7.74471014874433));
#1191=CARTESIAN_POINT('',(15.3784373070491,-41.2314624541803,-7.69288972118592));
#1192=CARTESIAN_POINT('',(15.421319590272,-41.2580920760238,-7.64148880780861));
#1193=CARTESIAN_POINT('',(15.4645318374353,-41.2850462355184,-7.59051866005019));
#1194=CARTESIAN_POINT('',(15.5081091933563,-41.3123503288383,-7.53993724816267));
#1195=CARTESIAN_POINT('',(15.551912699898,-41.3399202040448,-7.48990143970026));
#1196=CARTESIAN_POINT('',(15.5960379773464,-41.367818774378,-7.44029811007774));
#1197=CARTESIAN_POINT('',(15.6404574028017,-41.3960318250937,-7.39115757324487));
#1198=CARTESIAN_POINT('',(15.6851763614579,-41.4245658296989,-7.34247169798775));
#1199=CARTESIAN_POINT('',(15.7301913280284,-41.4534217068657,-7.29424269521226));
#1200=CARTESIAN_POINT('',(15.767949628654,-41.4777385975158,-7.25443199295936));
#1201=CARTESIAN_POINT('',(15.7983026298805,-41.4973551762205,-7.22281183055935));
#1202=CARTESIAN_POINT('',(15.817334566079,-41.5096840323012,-7.20314388622385));
#1203=CARTESIAN_POINT('',(15.8325955924732,-41.5195875636982,-7.18746754265685));
#1204=CARTESIAN_POINT('',(15.8440621576485,-41.5270374789334,-7.17573617168878));
#1205=CARTESIAN_POINT('',(15.8536244706707,-41.5332575034246,-7.16599218896035));
#1206=CARTESIAN_POINT('',(15.8613019880526,-41.5382559644442,-7.15819244827284));
#1207=CARTESIAN_POINT('',(15.8670138341362,-41.5419768443518,-7.15240118960203));
#1208=CARTESIAN_POINT('',(15.8729241972623,-41.5458293443746,-7.14642080692264));
#1209=CARTESIAN_POINT('',(15.8807423580081,-41.5509284957738,-7.13852640403705));
#1210=CARTESIAN_POINT('',(15.8905487721683,-41.5573301907225,-7.12865465684652));
#1211=CARTESIAN_POINT('',(15.9023231484452,-41.5650258966827,-7.11685047024462));
#1212=CARTESIAN_POINT('',(15.9180479621612,-41.5753160375822,-7.10115042424433));
#1213=CARTESIAN_POINT('',(15.9377442771217,-41.5882285142935,-7.0816060768478));
#1214=CARTESIAN_POINT('',(15.9693472771137,-41.6089971555667,-7.05050404731077));
#1215=CARTESIAN_POINT('',(16.0090156949499,-41.6351614156031,-7.01194474749298));
#1216=CARTESIAN_POINT('',(16.0568800157153,-41.6668864559911,-6.9661822898683));
#1217=CARTESIAN_POINT('',(16.1050046634681,-41.6989414220791,-6.92092868385064));
#1218=CARTESIAN_POINT('',(16.1453241171444,-41.7259306590063,-6.88364128801472));
#1219=CARTESIAN_POINT('',(16.1777079497517,-41.7476890372551,-6.85406590331299));
#1220=CARTESIAN_POINT('',(16.1980014913863,-41.7613580861607,-6.83568699907561));
#1221=CARTESIAN_POINT('',(16.2142674529491,-41.7723348536629,-6.82104814076098));
#1222=CARTESIAN_POINT('',(16.226484888141,-41.7805898731861,-6.81009897879091));
#1223=CARTESIAN_POINT('',(16.2366727874609,-41.7874821979615,-6.80100696287731));
#1224=CARTESIAN_POINT('',(16.2448456836575,-41.7930165501352,-6.79373627475344));
#1225=CARTESIAN_POINT('',(16.2509392851512,-41.7971454555168,-6.78832666433073));
#1226=CARTESIAN_POINT('',(16.2571896400116,-41.8013832519507,-6.78278966954249));
#1227=CARTESIAN_POINT('',(16.2654745715354,-41.8070041177993,-6.77546613018489));
#1228=CARTESIAN_POINT('',(16.2758578307428,-41.8140552967297,-6.76631712443922));
#1229=CARTESIAN_POINT('',(16.2883238167498,-41.8225316584925,-6.7553800607235));
#1230=CARTESIAN_POINT('',(16.3049664232278,-41.8338624074185,-6.74084122129217));
#1231=CARTESIAN_POINT('',(16.3258034461759,-41.8480760449173,-6.72275541358452));
#1232=CARTESIAN_POINT('',(16.3592169515266,-41.8709270044791,-6.69400305627421));
#1233=CARTESIAN_POINT('',(16.4011213726904,-41.8996951709544,-6.65841039445246));
#1234=CARTESIAN_POINT('',(16.4516253013946,-41.9345463300908,-6.61625534718393));
#1235=CARTESIAN_POINT('',(16.502346022606,-41.9697288172424,-6.57465647863006));
#1236=CARTESIAN_POINT('',(16.5447922311478,-41.9993251788685,-6.54045438843056));
#1237=CARTESIAN_POINT('',(16.5788561340812,-42.023170187412,-6.51337051733002));
#1238=CARTESIAN_POINT('',(16.6044560304322,-42.0411372581326,-6.49319748895422));
#1239=CARTESIAN_POINT('',(16.6258366898937,-42.0561824924554,-6.4764998863033));
#1240=CARTESIAN_POINT('',(16.6408194659466,-42.066746431343,-6.46487754373267));
#1241=CARTESIAN_POINT('',(16.6493980484747,-42.072800932867,-6.45824555376198));
#1242=CARTESIAN_POINT('',(16.6558058520376,-42.0773263227278,-6.45330288027911));
#1243=CARTESIAN_POINT('',(16.6623293390503,-42.0819364599686,-6.44828240059028));
#1244=CARTESIAN_POINT('',(16.6709915846402,-42.0880621498122,-6.44163125010935));
#1245=CARTESIAN_POINT('',(16.686178455759,-42.0988125633101,-6.43001020749456));
#1246=CARTESIAN_POINT('',(16.7078917130631,-42.1142135744051,-6.4135093518166));
#1247=CARTESIAN_POINT('',(16.7339952256138,-42.1327779976929,-6.39385432557959));
#1248=CARTESIAN_POINT('',(16.7688561755042,-42.1576369263973,-6.36784762256015));
#1249=CARTESIAN_POINT('',(16.8125404824025,-42.1889128205445,-6.33571179090391));
#1250=CARTESIAN_POINT('',(16.8651318890906,-42.2267685764855,-6.29774561474521));
#1251=CARTESIAN_POINT('',(16.9178918672972,-42.26495090144,-6.26037613713618));
#1252=CARTESIAN_POINT('',(16.9619978012854,-42.2970433855078,-6.2297319434839));
#1253=CARTESIAN_POINT('',(16.9973643347291,-42.3228819599452,-6.20551537946152));
#1254=CARTESIAN_POINT('',(17.023932121507,-42.3423450518464,-6.18750088410343));
#1255=CARTESIAN_POINT('',(17.0460999307157,-42.3586290372941,-6.17261706232915));
#1256=CARTESIAN_POINT('',(17.0638678790689,-42.3717077515153,-6.16077573027917));
#1257=CARTESIAN_POINT('',(17.0771672410948,-42.3815105260607,-6.15195623126144));
#1258=CARTESIAN_POINT('',(17.0906167786367,-42.3914375812979,-6.14308162330832));
#1259=CARTESIAN_POINT('',(17.1085101382943,-42.4046628390997,-6.13133426055695));
#1260=CARTESIAN_POINT('',(17.1309132845166,-42.4212554894112,-6.11673709123675));
#1261=CARTESIAN_POINT('',(17.1578205610781,-42.4412390854512,-6.09938269731399));
#1262=CARTESIAN_POINT('',(17.1937402510803,-42.4679897338181,-6.07645164067843));
#1263=CARTESIAN_POINT('',(17.2387150066672,-42.501622913999,-6.04818176497567));
#1264=CARTESIAN_POINT('',(17.3108342407674,-42.5558549413719,-6.0037892170713));
#1265=CARTESIAN_POINT('',(17.3831922612035,-42.6107206588985,-5.960654070213));
#1266=CARTESIAN_POINT('',(17.4466985759119,-42.6592804935774,-5.92401639272332));
#1267=CARTESIAN_POINT('',(17.4830552873338,-42.6871976858001,-5.903389182577));
#1268=CARTESIAN_POINT('',(17.5103196629342,-42.7081918370774,-5.8880933690443));
#1269=CARTESIAN_POINT('',(17.5377306155162,-42.7293582681241,-5.87288906950498));
#1270=CARTESIAN_POINT('',(17.5742576832453,-42.7576437572461,-5.85285997328755));
#1271=CARTESIAN_POINT('',(17.6199763542274,-42.793196790216,-5.828223955653));
#1272=CARTESIAN_POINT('',(17.6749017698988,-42.836151561707,-5.79931878074009));
#1273=CARTESIAN_POINT('',(17.7482282153185,-42.8938226063815,-5.76164989285528));
#1274=CARTESIAN_POINT('',(17.8216882958479,-42.9520916811666,-5.72528935690509));
#1275=CARTESIAN_POINT('',(17.8952697364237,-43.0109589691186,-5.69023964347137));
#1276=CARTESIAN_POINT('',(17.9689501426338,-43.0702430950767,-5.65605468715176));
#1277=CARTESIAN_POINT('',(18.0610767395409,-43.1450070988213,-5.61501493078356));
#1278=CARTESIAN_POINT('',(18.1532813614841,-43.2206978209833,-5.57620555222322));
#1279=CARTESIAN_POINT('',(18.2270764214756,-43.2818022012949,-5.54650076023733));
#1280=CARTESIAN_POINT('',(18.2824396303581,-43.3279094789365,-5.52489238359574));
#1281=CARTESIAN_POINT('',(18.3285840887902,-43.3665617106484,-5.50744553605326));
#1282=CARTESIAN_POINT('',(18.3608970810193,-43.3937459732326,-5.49552391158102));
#1283=CARTESIAN_POINT('',(18.3793532345981,-43.4093064734073,-5.48879894039241));
#1284=CARTESIAN_POINT('',(18.3932239453239,-43.4210179385173,-5.48378714999379));
#1285=CARTESIAN_POINT('',(18.4069887917422,-43.4326568221902,-5.47885543882335));
#1286=CARTESIAN_POINT('',(18.4253762407474,-43.448226729972,-5.47232314498119));
#1287=CARTESIAN_POINT('',(18.4575318562643,-43.475514084946,-5.46104600272663));
#1288=CARTESIAN_POINT('',(18.5218325970401,-43.5303164050461,-5.43908037999854));
#1289=CARTESIAN_POINT('',(18.5952600453402,-43.5934413752457,-5.41533414065687));
#1290=CARTESIAN_POINT('',(18.6686303244882,-43.6570680466261,-5.39294272437098));
#1291=CARTESIAN_POINT('',(18.714461114762,-43.6970435522569,-5.37951289685103));
#1292=CARTESIAN_POINT('',(18.7511094441065,-43.7291492512134,-5.36910797997291));
#1293=CARTESIAN_POINT('',(18.7785885411799,-43.7532922646897,-5.36147346426764));
#1294=CARTESIAN_POINT('',(18.8014776778353,-43.7734610519456,-5.35525339639593));
#1295=CARTESIAN_POINT('',(18.8175026336094,-43.7876123037772,-5.35097183635811));
#1296=CARTESIAN_POINT('',(18.8266489043063,-43.7956979523515,-5.34854896931428));
#1297=CARTESIAN_POINT('',(18.8335356189024,-43.801790518571,-5.34673519799648));
#1298=CARTESIAN_POINT('',(18.8403164924224,-43.8077937935071,-5.34495957863743));
#1299=CARTESIAN_POINT('',(18.8493927977373,-43.8158350347881,-5.3425965111511));
#1300=CARTESIAN_POINT('',(18.8652555951352,-43.8299040639007,-5.33850252647046));
#1301=CARTESIAN_POINT('',(18.887915006646,-43.8500446231367,-5.33275704895072));
#1302=CARTESIAN_POINT('',(18.9150853575199,-43.8742644610574,-5.32603214878071));
#1303=CARTESIAN_POINT('',(18.9512908163434,-43.9066315071829,-5.31729015611765));
#1304=CARTESIAN_POINT('',(18.996503739141,-43.9472263843665,-5.30678445724199));
#1305=CARTESIAN_POINT('',(19.0506889369692,-43.9961589606914,-5.29485224284807));
#1306=CARTESIAN_POINT('',(19.1048026144691,-44.0453102630642,-5.28359471360496));
#1307=CARTESIAN_POINT('',(19.1498368877775,-44.0864520837669,-5.27477567627173));
#1308=CARTESIAN_POINT('',(19.1858277161302,-44.1194752457427,-5.26805775959495));
#1309=CARTESIAN_POINT('',(19.2083062268013,-44.1401600744073,-5.26399967558671));
#1310=CARTESIAN_POINT('',(19.2262805161557,-44.156736085332,-5.26083741285019));
#1311=CARTESIAN_POINT('',(19.2397543979081,-44.1691797965066,-5.25850823866097));
#1312=CARTESIAN_POINT('',(19.2509856139748,-44.1795673690981,-5.25660126799802));
#1313=CARTESIAN_POINT('',(19.2599527908937,-44.1878699632758,-5.25509931278946));
#1314=CARTESIAN_POINT('',(19.2667191993752,-44.1941394725386,-5.25397645387639));
#1315=CARTESIAN_POINT('',(19.2733233381534,-44.2002630353274,-5.25289060509933));
#1316=CARTESIAN_POINT('',(19.2821827925057,-44.2084836231986,-5.25144726614637));
#1317=CARTESIAN_POINT('',(19.2932337728469,-44.2187487357914,-5.24967212320931));
#1318=CARTESIAN_POINT('',(19.3064966417637,-44.231086048339,-5.24758191700127));
#1319=CARTESIAN_POINT('',(19.3241688431528,-44.2475485197748,-5.24485056509137));
#1320=CARTESIAN_POINT('',(19.3462436542891,-44.2681563710091,-5.24153954602676));
#1321=CARTESIAN_POINT('',(19.3815276400124,-44.3011899515243,-5.23646245384791));
#1322=CARTESIAN_POINT('',(19.4255666549545,-44.3425974342335,-5.23052939537907));
#1323=CARTESIAN_POINT('',(19.4783068449896,-44.3924707912149,-5.22407107828277));
#1324=CARTESIAN_POINT('',(19.5309397158818,-44.4425284465862,-5.21827410208129));
#1325=CARTESIAN_POINT('',(19.5747106166631,-44.4843968568234,-5.21399439468175));
#1326=CARTESIAN_POINT('',(19.6096725691658,-44.5179832518519,-5.21090132565445));
#1327=CARTESIAN_POINT('',(19.6358678756872,-44.5432201457386,-5.20874678603383));
#1328=CARTESIAN_POINT('',(19.6576709555524,-44.5642857890299,-5.20708934797189));
#1329=CARTESIAN_POINT('',(19.6729280509151,-44.5790586057605,-5.20600101954094));
#1330=CARTESIAN_POINT('',(19.6816321029668,-44.5874954294835,-5.2054004963621));
#1331=CARTESIAN_POINT('',(19.6881889896897,-44.5938555942398,-5.20495843203123));
#1332=CARTESIAN_POINT('',(19.694627310029,-44.6001052059994,-5.20453436678347));
#1333=CARTESIAN_POINT('',(19.7032490969959,-44.6084801905402,-5.2039797153264));
#1334=CARTESIAN_POINT('',(19.718310021042,-44.6231255985392,-5.20304582309087));
#1335=CARTESIAN_POINT('',(19.7398117141305,-44.644078596282,-5.20181236487362));
#1336=CARTESIAN_POINT('',(19.7655714224511,-44.6692522914065,-5.20049464792088));
#1337=CARTESIAN_POINT('',(19.7998683234894,-44.7028641638358,-5.19895378791333));
#1338=CARTESIAN_POINT('',(19.8426434915292,-44.7449637006549,-5.1974331143016));
#1339=CARTESIAN_POINT('',(19.9108799674509,-44.8125043136271,-5.19586480074009));
#1340=CARTESIAN_POINT('',(19.9957919974566,-44.8972682892337,-5.19552588412157));
#1341=CARTESIAN_POINT('',(20.0970703016078,-44.9995224660135,-5.19771353131767));
#1342=CARTESIAN_POINT('',(20.1809532376923,-45.0851788019292,-5.20169852981368));
#1343=CARTESIAN_POINT('',(20.2477489145002,-45.1539686168718,-5.20618370308603));
#1344=CARTESIAN_POINT('',(20.2976900250928,-45.2056928658172,-5.2101961716463));
#1345=CARTESIAN_POINT('',(20.3474751345965,-45.257548469459,-5.2148572235662));
#1346=CARTESIAN_POINT('',(20.3888325768437,-45.3008706446881,-5.21928193598026));
#1347=CARTESIAN_POINT('',(20.42184002604,-45.3355933660955,-5.22314597078847));
#1348=CARTESIAN_POINT('',(20.4424374871919,-45.3573226735363,-5.22569618068001));
#1349=CARTESIAN_POINT('',(20.4588947804161,-45.3747212287462,-5.22781727147429));
#1350=CARTESIAN_POINT('',(20.4712308443146,-45.387781344855,-5.22944903851576));
#1351=CARTESIAN_POINT('',(20.4814934723225,-45.3986617016989,-5.23084131362557));
#1352=CARTESIAN_POINT('',(20.4897193976182,-45.4073920725995,-5.23197834321686));
#1353=CARTESIAN_POINT('',(20.4958297309343,-45.4138816560026,-5.23283321297253));
#1354=CARTESIAN_POINT('',(20.5021538591536,-45.420603113054,-5.23372889280614));
#1355=CARTESIAN_POINT('',(20.5105058913631,-45.4294863736219,-5.23492653012913));
#1356=CARTESIAN_POINT('',(20.520963835197,-45.4406215069522,-5.23645343850447));
#1357=CARTESIAN_POINT('',(20.5334892625293,-45.4539773216621,-5.2383261381772));
#1358=CARTESIAN_POINT('',(20.5501764273088,-45.471796490785,-5.24087956755488));
#1359=CARTESIAN_POINT('',(20.5710016290092,-45.4940826645137,-5.24417608062677));
#1360=CARTESIAN_POINT('',(20.6042535398057,-45.5297702509031,-5.2496744183592));
#1361=CARTESIAN_POINT('',(20.6456885342806,-45.5744334060782,-5.25696695503881));
#1362=CARTESIAN_POINT('',(20.6952032773787,-45.6281146925678,-5.26638944941321));
#1363=CARTESIAN_POINT('',(20.7445107874458,-45.6818805094234,-5.27648339279966));
#1364=CARTESIAN_POINT('',(20.7854275735517,-45.7267548416972,-5.28545450167413));
#1365=CARTESIAN_POINT('',(20.8180578456644,-45.762696085202,-5.29296720657682));
#1366=CARTESIAN_POINT('',(20.8424777462291,-45.7896714178647,-5.29876932583931));
#1367=CARTESIAN_POINT('',(20.8627878708884,-45.8121716107851,-5.30374516453643));
#1368=CARTESIAN_POINT('',(20.8769757928932,-45.8279233743337,-5.30730000999633));
#1369=CARTESIAN_POINT('',(20.8850869104472,-45.836938270617,-5.30935495631704));
#1370=CARTESIAN_POINT('',(20.8911382840773,-45.8436687278283,-5.31089926659354));
#1371=CARTESIAN_POINT('',(20.8972962527639,-45.8505226974544,-5.31248231909828));
#1372=CARTESIAN_POINT('',(20.9054633546704,-45.8596195307648,-5.3145973611671));
#1373=CARTESIAN_POINT('',(20.9197605280963,-45.8755616107534,-5.31834033536096));
#1374=CARTESIAN_POINT('',(20.9401380102261,-45.8983331744376,-5.32379098054982));
#1375=CARTESIAN_POINT('',(20.9645347745893,-45.9256755171076,-5.33050226827213));
#1376=CARTESIAN_POINT('',(20.9969821508266,-45.9621462180546,-5.33967627933456));
#1377=CARTESIAN_POINT('',(21.0373915495471,-46.0077644218543,-5.35156764686208));
#1378=CARTESIAN_POINT('',(21.0856424270164,-46.0625516029608,-5.36651516080881));
#1379=CARTESIAN_POINT('',(21.1336539692103,-46.1173837096019,-5.38214076627535));
#1380=CARTESIAN_POINT('',(21.1814250505974,-46.1722577929712,-5.39844388184266));
#1381=CARTESIAN_POINT('',(21.2210388270971,-46.2180255547221,-5.41259615912454));
#1382=CARTESIAN_POINT('',(21.2486570960978,-46.250072717759,-5.42279665273213));
#1383=CARTESIAN_POINT('',(21.2644201923648,-46.2684032805971,-5.42871447715262));
#1384=CARTESIAN_POINT('',(21.2761966212433,-46.28211754461,-5.43318331286557));
#1385=CARTESIAN_POINT('',(21.2880767091198,-46.2959725599751,-5.43774002784134));
#1386=CARTESIAN_POINT('',(21.3038520840724,-46.3143972091572,-5.44385586051308));
#1387=CARTESIAN_POINT('',(21.3235434013607,-46.3374454726543,-5.45161148766355));
#1388=CARTESIAN_POINT('',(21.347099116058,-46.365096997342,-5.46108446259402));
#1389=CARTESIAN_POINT('',(21.378418775855,-46.4019690529984,-5.47394066930159));
#1390=CARTESIAN_POINT('',(21.4173989224357,-46.4480594605588,-5.49043208980184));
#1391=CARTESIAN_POINT('',(21.4794083445952,-46.5218048383198,-5.51771740851583));
#1392=CARTESIAN_POINT('',(21.5408821835622,-46.5955499231738,-5.54635199375437));
#1393=CARTESIAN_POINT('',(21.5942010096949,-46.6600658681194,-5.57258532221514));
#1394=CARTESIAN_POINT('',(21.6245413766587,-46.6969363513386,-5.58791584278964));
#1395=CARTESIAN_POINT('',(21.647214580676,-46.724568659588,-5.59957411271771));
#1396=CARTESIAN_POINT('',(21.6698811511219,-46.7522723575471,-5.6114322486699));
#1397=CARTESIAN_POINT('',(21.699981130814,-46.789167291633,-5.62745128931706));
#1398=CARTESIAN_POINT('',(21.7524086561463,-46.8537074814238,-5.65606842526207));
#1399=CARTESIAN_POINT('',(21.8265645783539,-46.9457854064934,-5.69859956132808));
#1400=CARTESIAN_POINT('',(21.8997472703232,-47.0376977472772,-5.74333309991996));
#1401=CARTESIAN_POINT('',(21.9504718202797,-47.101948844841,-5.77580561105162));
#1402=CARTESIAN_POINT('',(21.9793065849283,-47.138628445248,-5.79468744047773));
#1403=CARTESIAN_POINT('',(22.0008786886767,-47.1661474703721,-5.80902620618752));
#1404=CARTESIAN_POINT('',(22.0223098885413,-47.19356422005,-5.82348359133569));
#1405=CARTESIAN_POINT('',(22.0508013444975,-47.2301160540823,-5.84298739108092));
#1406=CARTESIAN_POINT('',(22.1003760807297,-47.293985738878,-5.8776713278704));
#1407=CARTESIAN_POINT('',(22.1564111579103,-47.366791796715,-5.91859078826477));
#1408=CARTESIAN_POINT('',(22.2118238723564,-47.4393950216313,-5.96078668337692));
#1409=CARTESIAN_POINT('',(22.2530755772706,-47.4937468326123,-5.9930732716715));
#1410=CARTESIAN_POINT('',(22.2871931866507,-47.5389501231611,-6.02050893903073));
#1411=CARTESIAN_POINT('',(22.3109467087839,-47.5705531191044,-6.03999766020819));
#1412=CARTESIAN_POINT('',(22.3244740864599,-47.5885881354354,-6.05120728952806));
#1413=CARTESIAN_POINT('',(22.3346228221604,-47.6021374992489,-6.05967314019662));
#1414=CARTESIAN_POINT('',(22.3446674318468,-47.615566404107,-6.06810743614984));
#1415=CARTESIAN_POINT('',(22.3580618394974,-47.6334983740402,-6.07942813810165));
#1416=CARTESIAN_POINT('',(22.3814163803657,-47.6648293942027,-6.09936117957027));
#1417=CARTESIAN_POINT('',(22.4278473023335,-47.727376054945,-6.13976768839313));
#1418=CARTESIAN_POINT('',(22.480252702686,-47.7985556292358,-6.18716002380764));
#1419=CARTESIAN_POINT('',(22.5320119761003,-47.869432982166,-6.23577043043386));
#1420=CARTESIAN_POINT('',(22.5640930862871,-47.9136030601615,-6.26665895418936));
#1421=CARTESIAN_POINT('',(22.5895975896884,-47.9488610148834,-6.29167377677046));
#1422=CARTESIAN_POINT('',(22.6086467665336,-47.9752662940956,-6.31058769754782));
#1423=CARTESIAN_POINT('',(22.6244525468526,-47.9972349025911,-6.32647385408913));
#1424=CARTESIAN_POINT('',(22.635486058964,-48.0126015154382,-6.33766504396024));
#1425=CARTESIAN_POINT('',(22.6417744108722,-48.0213682711205,-6.34407226205298));
#1426=CARTESIAN_POINT('',(22.6465042970732,-48.0279667906863,-6.34890623090045));
#1427=CARTESIAN_POINT('',(22.6511582181155,-48.0344636841622,-6.35367689517437));
#1428=CARTESIAN_POINT('',(22.6573810613723,-48.0431565628493,-6.36007485724519));
#1429=CARTESIAN_POINT('',(22.66824108488,-48.0583424610682,-6.37129075385672));
#1430=CARTESIAN_POINT('',(22.6837087280533,-48.0800145762161,-6.38740874177388));
#1431=CARTESIAN_POINT('',(22.7021832813396,-48.1059686485217,-6.40689032854117));
#1432=CARTESIAN_POINT('',(22.7267051762626,-48.1405098453732,-6.43305686519979));
#1433=CARTESIAN_POINT('',(22.7571483297005,-48.1835625446657,-6.46612129146175));
#1434=CARTESIAN_POINT('',(22.7933479254018,-48.2350267239802,-6.50636924446373));
#1435=CARTESIAN_POINT('',(22.8292171133883,-48.2862898031686,-6.54718768820875));
#1436=CARTESIAN_POINT('',(22.8588343565451,-48.328839919925,-6.58167844210936));
#1437=CARTESIAN_POINT('',(22.8823649729753,-48.3627778050697,-6.60955641068468));
#1438=CARTESIAN_POINT('',(22.897003574579,-48.3839458577074,-6.62709874328668));
#1439=CARTESIAN_POINT('',(22.9086743508208,-48.4008551804557,-6.64120450579719));
#1440=CARTESIAN_POINT('',(22.917405882758,-48.4135223610308,-6.65181788942873));
#1441=CARTESIAN_POINT('',(22.924669411671,-48.4240735295971,-6.66069716443682));
#1442=CARTESIAN_POINT('',(22.9304609188378,-48.4324945523505,-6.66780703160622));
#1443=CARTESIAN_POINT('',(22.9348246876451,-48.4388437376073,-6.6731794454006));
#1444=CARTESIAN_POINT('',(22.9390872852242,-48.4450497072674,-6.67844206734101));
#1445=CARTESIAN_POINT('',(22.9447971731732,-48.4533680703722,-6.68551106295342));
#1446=CARTESIAN_POINT('',(22.9519098089267,-48.463739951288,-6.69435369039629));
#1447=CARTESIAN_POINT('',(22.9604287473514,-48.4761783640066,-6.70500373691617));
#1448=CARTESIAN_POINT('',(22.9717574679063,-48.4927403773451,-6.71924547165281));
#1449=CARTESIAN_POINT('',(22.985866264305,-48.5134061068788,-6.73713046470165));
#1450=CARTESIAN_POINT('',(23.0083279474805,-48.5463901852734,-6.7659211968207));
#1451=CARTESIAN_POINT('',(23.0361957010719,-48.5874687338581,-6.80223815485153));
#1452=CARTESIAN_POINT('',(23.069303892181,-48.636518362207,-6.84634388263482));
#1453=CARTESIAN_POINT('',(23.1020811269476,-48.6853216930464,-6.89097509434355));
#1454=CARTESIAN_POINT('',(23.1291213381387,-48.7257842974301,-6.9286055634956));
#1455=CARTESIAN_POINT('',(23.1505901913211,-48.7580296235427,-6.95897282686795));
#1456=CARTESIAN_POINT('',(23.1639400875376,-48.7781303309524,-6.9780614578354));
#1457=CARTESIAN_POINT('',(23.1745799893903,-48.7941803360946,-6.99339890447354));
#1458=CARTESIAN_POINT('',(23.1825380444919,-48.8061996597516,-7.00493247139895));
#1459=CARTESIAN_POINT('',(23.1891579928151,-48.8162103429952,-7.01457864621246));
#1460=CARTESIAN_POINT('',(23.1944324123504,-48.8241936545201,-7.02229518017331));
#1461=CARTESIAN_POINT('',(23.1984144310821,-48.8302245457189,-7.02813676747721));
#1462=CARTESIAN_POINT('',(23.202272120414,-48.836070697924,-7.03381107078555));
#1463=CARTESIAN_POINT('',(23.2074503627356,-48.8439227765767,-7.0414477187605));
#1464=CARTESIAN_POINT('',(23.2138958680762,-48.8537053655423,-7.05099112748182));
#1465=CARTESIAN_POINT('',(23.221615782831,-48.8654362745185,-7.0624818371797));
#1466=CARTESIAN_POINT('',(23.2318791773219,-48.8810509492834,-7.07783919658262));
#1467=CARTESIAN_POINT('',(23.2446573146489,-48.9005266342202,-7.09711111118179));
#1468=CARTESIAN_POINT('',(23.2649916999541,-48.9315934575048,-7.12810374920181));
#1469=CARTESIAN_POINT('',(23.2902038157474,-48.9702510539351,-7.16714132326167));
#1470=CARTESIAN_POINT('',(23.3201308351203,-49.0163565587378,-7.2144608602267));
#1471=CARTESIAN_POINT('',(23.3497324926686,-49.062176810327,-7.26225487896655));
#1472=CARTESIAN_POINT('',(23.374131291027,-49.1001214458768,-7.30247884575878));
#1473=CARTESIAN_POINT('',(23.3934895247869,-49.1303325023652,-7.33489485378515));
#1474=CARTESIAN_POINT('',(23.4079288513912,-49.1529195112017,-7.35932665404797));
#1475=CARTESIAN_POINT('',(23.419893029703,-49.1716782162851,-7.37978164166898));
#1476=CARTESIAN_POINT('',(23.4282373550679,-49.1847840643025,-7.39415930285664));
#1477=CARTESIAN_POINT('',(23.4329890935629,-49.1922537429062,-7.40237858758615));
#1478=CARTESIAN_POINT('',(23.4365663269855,-49.1978803831664,-7.40858243974671));
#1479=CARTESIAN_POINT('',(23.4400683281418,-49.2033918526131,-7.41467148448219));
#1480=CARTESIAN_POINT('',(23.4447552514658,-49.2107723376694,-7.42284154778113));
#1481=CARTESIAN_POINT('',(23.4529279904927,-49.2236529601124,-7.43714290213066));
#1482=CARTESIAN_POINT('',(23.4645579816834,-49.2420136878712,-7.45765085527591));
#1483=CARTESIAN_POINT('',(23.4784296078997,-49.2639631024101,-7.48236337450903));
#1484=CARTESIAN_POINT('',(23.4968172781502,-49.2931241832915,-7.51545813754378));
#1485=CARTESIAN_POINT('',(23.5195983868137,-49.3293754076446,-7.55709454718306));
#1486=CARTESIAN_POINT('',(23.546612943482,-49.3725560475926,-7.60748805451097));
#1487=CARTESIAN_POINT('',(23.5733066939415,-49.4154139762973,-7.65831104931801));
#1488=CARTESIAN_POINT('',(23.5952860286211,-49.4508588418597,-7.70102164015578));
#1489=CARTESIAN_POINT('',(23.6127111423805,-49.4790516845511,-7.73540468062765));
#1490=CARTESIAN_POINT('',(23.6235363670966,-49.4966045862213,-7.75698407629693));
#1491=CARTESIAN_POINT('',(23.6321566911683,-49.5106050883268,-7.7743001469679));
#1492=CARTESIAN_POINT('',(23.6386038468274,-49.5210874795577,-7.78731717907825));
#1493=CARTESIAN_POINT('',(23.643955295025,-49.5297977914134,-7.79817712166682));
#1494=CARTESIAN_POINT('',(23.6482375837029,-49.5367735628819,-7.80690083443837));
#1495=CARTESIAN_POINT('',(23.6514146182582,-49.5419516614583,-7.81338930310154));
#1496=CARTESIAN_POINT('',(23.654700514607,-49.5473101139921,-7.82011742919942));
#1497=CARTESIAN_POINT('',(23.6590346423262,-49.5543819030589,-7.82901530932572));
#1498=CARTESIAN_POINT('',(23.664452575235,-49.5632293613873,-7.84018160327823));
#1499=CARTESIAN_POINT('',(23.6709268032371,-49.5738133872706,-7.85359477063316));
#1500=CARTESIAN_POINT('',(23.6795326289543,-49.5878975584527,-7.87151728076055));
#1501=CARTESIAN_POINT('',(23.6902358188595,-49.6054430658467,-7.89398293888317));
#1502=CARTESIAN_POINT('',(23.7072478095134,-49.633391300842,-7.93006522197777));
#1503=CARTESIAN_POINT('',(23.7283005821388,-49.6680910766415,-7.97542360585171));
#1504=CARTESIAN_POINT('',(23.7532269981614,-49.709352791412,-8.03026308244233));
#1505=CARTESIAN_POINT('',(23.7778187510126,-49.7502347296994,-8.08551178741213));
#1506=CARTESIAN_POINT('',(23.798034989313,-49.7839853147644,-8.13189355046793));
#1507=CARTESIAN_POINT('',(23.8140428830889,-49.8107941923509,-8.16920339540654));
#1508=CARTESIAN_POINT('',(23.8239794968134,-49.8274701432254,-8.19260779326643));
#1509=CARTESIAN_POINT('',(23.8318873700918,-49.8407620909525,-8.21138138299452));
#1510=CARTESIAN_POINT('',(23.8377990585336,-49.8507090799449,-8.22549013974571));
#1511=CARTESIAN_POINT('',(23.8427045355565,-49.8589715621027,-8.23725926222102));
#1512=CARTESIAN_POINT('',(23.8466275179929,-49.8655843311131,-8.24670863941519));
#1513=CARTESIAN_POINT('',(23.8495406468924,-49.8704973511942,-8.25374389596933));
#1514=CARTESIAN_POINT('',(23.8525403666465,-49.8755590413461,-8.26100758922243));
#1515=CARTESIAN_POINT('',(23.856500414354,-49.8822447182405,-8.27062275095795));
#1516=CARTESIAN_POINT('',(23.8614476676827,-49.8906036222163,-8.2826832731029));
#1517=CARTESIAN_POINT('',(23.8673575259768,-49.9005994051718,-8.29716833834671));
#1518=CARTESIAN_POINT('',(23.8752095484853,-49.9138939577325,-8.31651754652876));
#1519=CARTESIAN_POINT('',(23.8849689107129,-49.9304437382486,-8.34076231998674));
#1520=CARTESIAN_POINT('',(23.900467076224,-49.9567797362492,-8.37968192726302));
#1521=CARTESIAN_POINT('',(23.9196208359371,-49.9894286915823,-8.42856968569034));
#1522=CARTESIAN_POINT('',(23.9422577322675,-50.0281725248965,-8.48761673479051));
#1523=CARTESIAN_POINT('',(23.9645493942925,-50.0664797329906,-8.54704534953804));
#1524=CARTESIAN_POINT('',(23.9828401518003,-50.0980373258298,-8.59688729428706));
#1525=CARTESIAN_POINT('',(23.9973025040554,-50.1230634481956,-8.63695148962405));
#1526=CARTESIAN_POINT('',(24.0062709409901,-50.1386132455484,-8.66207150096722));
#1527=CARTESIAN_POINT('',(24.0134031327935,-50.1509973993491,-8.68221433100522));
#1528=CARTESIAN_POINT('',(24.0187320242593,-50.1602593740744,-8.6973477183883));
#1529=CARTESIAN_POINT('',(24.0231525612282,-50.1679500281212,-8.70997107256828));
#1530=CARTESIAN_POINT('',(24.0266844536254,-50.1740991342668,-8.72009890198571));
#1531=CARTESIAN_POINT('',(24.0293118085218,-50.1786756161839,-8.7276536823369));
#1532=CARTESIAN_POINT('',(24.0319961931836,-50.1833537116655,-8.73539403338213));
#1533=CARTESIAN_POINT('',(24.0355459520601,-50.1895429508671,-8.74565872901731));
#1534=CARTESIAN_POINT('',(24.0399765639583,-50.1972736661553,-8.75852463999648));
#1535=CARTESIAN_POINT('',(24.0452675651469,-50.2065146300443,-8.77397600289832));
#1536=CARTESIAN_POINT('',(24.0522933861004,-50.2187974460124,-8.79460973312379));
#1537=CARTESIAN_POINT('',(24.0610191831111,-50.2340744362984,-8.82045457384292));
#1538=CARTESIAN_POINT('',(24.0748614275236,-50.2583558962561,-8.86192167403224));
#1539=CARTESIAN_POINT('',(24.0919413644834,-50.288403168471,-8.913970474438));
#1540=CARTESIAN_POINT('',(24.1120833418155,-50.3239713102675,-8.97677332120537));
#1541=CARTESIAN_POINT('',(24.1318738227105,-50.3590493219276,-9.03992042211397));
#1542=CARTESIAN_POINT('',(24.1480749404947,-50.3878711973768,-9.09282965344475));
#1543=CARTESIAN_POINT('',(24.1608626298936,-50.4106823819314,-9.13532959782891));
#1544=CARTESIAN_POINT('',(24.1703666688056,-50.4276666741831,-9.1672893696394));
#1545=CARTESIAN_POINT('',(24.1782161082956,-50.4417192644677,-9.19399816792659));
#1546=CARTESIAN_POINT('',(24.183670955382,-50.4514979058053,-9.21272423502583));
#1547=CARTESIAN_POINT('',(24.1867807893194,-50.4570764675748,-9.2234476868731));
#1548=CARTESIAN_POINT('',(24.1890980051624,-50.461235025453,-9.2314616092907));
#1549=CARTESIAN_POINT('',(24.1914473836538,-50.4654531760517,-9.23961104653432));
#1550=CARTESIAN_POINT('',(24.1945591882717,-50.4710427128612,-9.25043778739348));
#1551=CARTESIAN_POINT('',(24.1999912828729,-50.4808065409324,-9.26942266573282));
#1552=CARTESIAN_POINT('',(24.2076919966725,-50.4946665117133,-9.29658092991579));
#1553=CARTESIAN_POINT('',(24.21684460097,-50.5111686156598,-9.32925258500205));
#1554=CARTESIAN_POINT('',(24.2289284960481,-50.5329938780742,-9.37291577302391));
#1555=CARTESIAN_POINT('',(24.2438109883517,-50.5599440390477,-9.42768781172559));
#1556=CARTESIAN_POINT('',(24.2613162026325,-50.5917518875377,-9.49372183844133));
#1557=CARTESIAN_POINT('',(24.2784702078205,-50.6230263948535,-9.56006427121106));
#1558=CARTESIAN_POINT('',(24.2952748475125,-50.653765334505,-9.62671311251896));
#1559=CARTESIAN_POINT('',(24.3089908828561,-50.6789363036566,-9.68251512429311));
#1560=CARTESIAN_POINT('',(24.318439230238,-50.6963168231606,-9.72170205706241));
#1561=CARTESIAN_POINT('',(24.3237987436814,-50.7061875154807,-9.74414743940678));
#1562=CARTESIAN_POINT('',(24.3277874294545,-50.7135393141735,-9.76096027773568));
#1563=CARTESIAN_POINT('',(24.3317911218283,-50.7209245864596,-9.77794696092967));
#1564=CARTESIAN_POINT('',(24.3370864492294,-50.7307001332726,-9.80056242737222));
#1565=CARTESIAN_POINT('',(24.34628107977,-50.7476940318146,-9.84022170671478));
#1566=CARTESIAN_POINT('',(24.3591901409003,-50.7716089618213,-9.897026059917));
#1567=CARTESIAN_POINT('',(24.3743279522385,-50.7997382517494,-9.96545582724621));
#1568=CARTESIAN_POINT('',(24.3940414328277,-50.8364796162412,-10.0570377251813));
#1569=CARTESIAN_POINT('',(24.4130556078525,-50.8720752762057,-10.1491413148411));
#1570=CARTESIAN_POINT('',(24.4290858872662,-50.9022100590273,-10.230174959071));
#1571=CARTESIAN_POINT('',(24.4380768182758,-50.919146496367,-10.2766236289564));
#1572=CARTESIAN_POINT('',(24.4447267033885,-50.9316900625602,-10.311484373218));
#1573=CARTESIAN_POINT('',(24.4513201478282,-50.9441439207897,-10.3465642883863));
#1574=CARTESIAN_POINT('',(24.4599827193756,-50.9605278486716,-10.3933477665382));
#1575=CARTESIAN_POINT('',(24.4705950356847,-50.9806393417646,-10.4519762107141));
#1576=CARTESIAN_POINT('',(24.4829785631803,-51.0041679062551,-10.5225280435529));
#1577=CARTESIAN_POINT('',(24.4990269940867,-51.0347363317661,-10.6168757932679));
#1578=CARTESIAN_POINT('',(24.5143833003731,-51.0640954122854,-10.71163297402));
#1579=CARTESIAN_POINT('',(24.5272221710707,-51.0887257663625,-10.7949132059297));
#1580=CARTESIAN_POINT('',(24.5343870418989,-51.1024940859417,-10.8425956034943));
#1581=CARTESIAN_POINT('',(24.5396796509402,-51.1126759068461,-10.8784356389589));
#1582=CARTESIAN_POINT('',(24.5448727758692,-51.1226772826819,-10.914225461735));
#1583=CARTESIAN_POINT('',(24.5516874217367,-51.1358156585977,-10.9620329342857));
#1584=CARTESIAN_POINT('',(24.5633116243093,-51.1582626792591,-11.045827078606));
#1585=CARTESIAN_POINT('',(24.5759166876848,-51.1826802487787,-11.1419321108888));
#1586=CARTESIAN_POINT('',(24.5878467981225,-51.2058559531884,-11.2383686342089));
#1587=CARTESIAN_POINT('',(24.5950232766003,-51.2198230781086,-11.2987809621367));
#1588=CARTESIAN_POINT('',(24.6005971748183,-51.2306856479666,-11.3471938730239));
#1589=CARTESIAN_POINT('',(24.604694250652,-51.2386771690052,-11.383546252556));
#1590=CARTESIAN_POINT('',(24.6080387506156,-51.2452063869438,-11.4138716121124));
#1591=CARTESIAN_POINT('',(24.6103441737191,-51.2497099351893,-11.4351236264873));
#1592=CARTESIAN_POINT('',(24.6116501803404,-51.2522619631561,-11.4472634713568));
#1593=CARTESIAN_POINT('',(24.6126273083486,-51.2541717386504,-11.4563973842542));
#1594=CARTESIAN_POINT('',(24.6135885073527,-51.2560507694672,-11.4654329094478));
#1595=CARTESIAN_POINT('',(24.6148668905691,-51.2585503682484,-11.4775175306842));
#1596=CARTESIAN_POINT('',(24.6170840796053,-51.2628869275381,-11.4986554526372));
#1597=CARTESIAN_POINT('',(24.6202003351775,-51.2689856629316,-11.5288784423477));
#1598=CARTESIAN_POINT('',(24.6238562985592,-51.2761463006146,-11.5651703153157));
#1599=CARTESIAN_POINT('',(24.6310024146512,-51.290153645614,-11.6378117803402));
#1600=CARTESIAN_POINT('',(24.6388561650435,-51.3055781837355,-11.722722385122));
#1601=CARTESIAN_POINT('',(24.6471735096865,-51.3219461069453,-11.8199868145954));
#1602=CARTESIAN_POINT('',(24.6520983494955,-51.3316505215677,-11.8808700036234));
#1603=CARTESIAN_POINT('',(24.6558746369345,-51.3390985334263,-11.929632679144));
#1604=CARTESIAN_POINT('',(24.658166701999,-51.3436219237266,-11.9601319980011));
#1605=CARTESIAN_POINT('',(24.6599596664058,-51.3471618819305,-11.9845468371182));
#1606=CARTESIAN_POINT('',(24.6612837414436,-51.3497768374171,-12.0028610516796));
#1607=CARTESIAN_POINT('',(24.6623710222863,-51.3519247522918,-12.0181411060064));
#1608=CARTESIAN_POINT('',(24.6632287508085,-51.353619541436,-12.0303408473653));
#1609=CARTESIAN_POINT('',(24.6638722077767,-51.3548911290026,-12.0395683407046));
#1610=CARTESIAN_POINT('',(24.6644905526239,-51.3561132573874,-12.0485077066999));
#1611=CARTESIAN_POINT('',(24.6653154563639,-51.3577438558233,-12.0605286031667));
#1612=CARTESIAN_POINT('',(24.6663318010119,-51.3597532827719,-12.0755217415689));
#1613=CARTESIAN_POINT('',(24.667532671217,-51.362128158949,-12.0935309250193));
#1614=CARTESIAN_POINT('',(24.6691071162133,-51.3652426317533,-12.1175414667245));
#1615=CARTESIAN_POINT('',(24.6710259122923,-51.3690397365491,-12.1475629241761));
#1616=CARTESIAN_POINT('',(24.6739906885568,-51.374909612657,-12.1956101510796));
#1617=CARTESIAN_POINT('',(24.6774996059017,-51.381861849238,-12.2556955591681));
#1618=CARTESIAN_POINT('',(24.6813956564685,-51.3895879183603,-12.327839558715));
#1619=CARTESIAN_POINT('',(24.6849777012362,-51.3966970785743,-12.4000252527194));
#1620=CARTESIAN_POINT('',(24.6893358531532,-51.4053530148688,-12.4963283717709));
#1621=CARTESIAN_POINT('',(24.6940013183315,-51.4146292377587,-12.6168114139864));
#1622=CARTESIAN_POINT('',(24.6983519893642,-51.4232889369844,-12.7615576846154));
#1623=CARTESIAN_POINT('',(24.7024927438532,-51.4315376464775,-12.9547748754487));
#1624=CARTESIAN_POINT('',(24.703733932544,-51.4340127800026,-13.0999377013706));
#1625=CARTESIAN_POINT('',(24.703733932544,-51.4340127800026,-13.1968240000003));
#1626=CARTESIAN_POINT('',(9.61999999999977,-38.592568284009,10.8442759999998));
#1627=CARTESIAN_POINT('',(9.01424860710001,-38.402068284009,10.8442759999998));
#1628=CARTESIAN_POINT('',(7.78143688198767,-38.0643586561556,10.8442759999998));
#1629=CARTESIAN_POINT('',(5.88261378689668,-37.696138100352,10.8442759999998));
#1630=CARTESIAN_POINT('',(3.94990431394636,-37.4725944691982,10.8442759999998));
#1631=CARTESIAN_POINT('',(1.99999999999977,-37.3976387654001,10.8442759999998));
#1632=CARTESIAN_POINT('',(0.050095686053145,-37.4725944691982,10.8442759999998));
#1633=CARTESIAN_POINT('',(-1.88261378689714,-37.696138100352,10.8442759999998));
#1634=CARTESIAN_POINT('',(-3.78143688198816,-38.0643586561556,10.8442759999998));
#1635=CARTESIAN_POINT('',(-5.01424860710049,-38.402068284009,10.8442759999998));
#1636=CARTESIAN_POINT('',(-5.62000000000025,-38.592568284009,10.8442759999998));
#1637=CARTESIAN_POINT('',(-5.62000000054047,-38.592568284179,10.8442759999998));
#1638=CARTESIAN_POINT('',(9.62000000115194,-38.5925682843714,10.8442759999998));
#1639=CARTESIAN_POINT('',(9.61999999999975,-38.592568284009,-2.10972400000014));
#1640=CARTESIAN_POINT('',(9.61999999999975,-38.592568284009,2.20827599999985));
#1641=CARTESIAN_POINT('',(9.61999999999975,-38.592568284009,6.52627599999985));
#1642=CARTESIAN_POINT('',(9.61999999999975,-38.592568284009,10.8442759999998));
#1643=CARTESIAN_POINT('',(9.62000000053998,-38.5925682841789,-2.10972400000014));
#1644=CARTESIAN_POINT('',(-5.62000000000023,-38.592568284009,-2.10972400000014));
#1645=CARTESIAN_POINT('',(-5.01424860710046,-38.402068284009,-2.10972400000014));
#1646=CARTESIAN_POINT('',(-3.78143688198812,-38.0643586561556,-2.10972400000014));
#1647=CARTESIAN_POINT('',(-1.88261378689713,-37.696138100352,-2.10972400000014));
#1648=CARTESIAN_POINT('',(0.0500956860531677,-37.4725944691982,-2.10972400000014));
#1649=CARTESIAN_POINT('',(1.99999999999976,-37.3976387654001,-2.10972400000014));
#1650=CARTESIAN_POINT('',(3.94990431394637,-37.4725944691982,-2.10972400000014));
#1651=CARTESIAN_POINT('',(5.88261378689665,-37.696138100352,-2.10972400000014));
#1652=CARTESIAN_POINT('',(7.78143688198767,-38.0643586561556,-2.10972400000014));
#1653=CARTESIAN_POINT('',(9.01424860709999,-38.402068284009,-2.10972400000015));
#1654=CARTESIAN_POINT('',(9.61999999999975,-38.592568284009,-2.10972400000015));
#1655=CARTESIAN_POINT('',(-5.62000000054046,-38.592568284179,-2.10972400000014));
#1656=CARTESIAN_POINT('',(-5.62000000000025,-38.592568284009,10.8442759999998));
#1657=CARTESIAN_POINT('',(-5.62000000000025,-38.592568284009,6.52627599999985));
#1658=CARTESIAN_POINT('',(-5.62000000000025,-38.592568284009,2.20827599999985));
#1659=CARTESIAN_POINT('',(-5.62000000000025,-38.592568284009,-2.10972400000014));
#1660=CARTESIAN_POINT('',(27.3999999999996,-62.8226217703441,-56.3768240000002));
#1661=CARTESIAN_POINT('',(27.3999999954429,-62.7707121349739,-56.3768240000002));
#1662=CARTESIAN_POINT('',(27.3997612044796,-62.6928422336931,-56.3768240000002));
#1663=CARTESIAN_POINT('',(27.3989658321394,-62.5890462720973,-56.3768240000002));
#1664=CARTESIAN_POINT('',(27.3981296429548,-62.511131647831,-56.3768240000002));
#1665=CARTESIAN_POINT('',(27.3970584647807,-62.4334811296635,-56.3768240000003));
#1666=CARTESIAN_POINT('',(27.395748708057,-62.3557610773275,-56.3768240000002));
#1667=CARTESIAN_POINT('',(27.3942018711706,-62.2780812771585,-56.3768240000002));
#1668=CARTESIAN_POINT('',(27.392415550134,-62.2003362240817,-56.3768240000003));
#1669=CARTESIAN_POINT('',(27.3903978625102,-62.122838152061,-56.3768240000002));
#1670=CARTESIAN_POINT('',(27.3881417462012,-62.0452791694215,-56.3768240000003));
#1671=CARTESIAN_POINT('',(27.3856498095541,-61.9677603536611,-56.3768240000002));
#1672=CARTESIAN_POINT('',(27.3829186812788,-61.8901852864624,-56.3768240000003));
#1673=CARTESIAN_POINT('',(27.3799592381885,-61.8128385635977,-56.3768240000002));
#1674=CARTESIAN_POINT('',(27.3767616255926,-61.7354399239807,-56.3768240000003));
#1675=CARTESIAN_POINT('',(27.3733293364671,-61.6580812564691,-56.3768240000003));
#1676=CARTESIAN_POINT('',(27.3696582535986,-61.5806752667186,-56.3768240000002));
#1677=CARTESIAN_POINT('',(27.3657613528653,-61.5034792432482,-56.3768240000002));
#1678=CARTESIAN_POINT('',(27.3616266479735,-61.4262401967924,-56.3768240000003));
#1679=CARTESIAN_POINT('',(27.3572582971802,-61.3490409462902,-56.3768240000002));
#1680=CARTESIAN_POINT('',(27.3526516537511,-61.2718032052514,-56.3768240000003));
#1681=CARTESIAN_POINT('',(27.3478211463663,-61.1947573006979,-56.3768240000002));
#1682=CARTESIAN_POINT('',(27.3427533042346,-61.1176771737044,-56.3768240000003));
#1683=CARTESIAN_POINT('',(27.3374527359262,-61.0406366843715,-56.3768240000002));
#1684=CARTESIAN_POINT('',(27.3319144779515,-60.963566451222,-56.3768240000003));
#1685=CARTESIAN_POINT('',(27.3261537756985,-60.8866701400644,-56.3768240000002));
#1686=CARTESIAN_POINT('',(27.3201563156172,-60.8097483755128,-56.3768240000003));
#1687=CARTESIAN_POINT('',(27.313926920863,-60.7328659102177,-56.3768240000002));
#1688=CARTESIAN_POINT('',(27.3074606123639,-60.6559631089635,-56.3768240000003));
#1689=CARTESIAN_POINT('',(27.3007724832531,-60.5792137599616,-56.3768240000003));
#1690=CARTESIAN_POINT('',(27.2915415572659,-60.4768727143665,-56.3768240000003));
#1691=CARTESIAN_POINT('',(27.2818405576605,-60.3745325573696,-56.3768240000003));
#1692=CARTESIAN_POINT('',(27.2716891658808,-60.2723884034333,-56.3768240000003));
#1693=CARTESIAN_POINT('',(27.2612264720318,-60.1702567840857,-56.3768240000002));
#1694=CARTESIAN_POINT('',(27.2475632339618,-60.0426153567263,-56.3768240000003));
#1695=CARTESIAN_POINT('',(27.2302625292275,-59.8897505093297,-56.3768240000002));
#1696=CARTESIAN_POINT('',(27.212024802985,-59.7368995529637,-56.3768240000003));
#1697=CARTESIAN_POINT('',(27.1928831776955,-59.5843341171734,-56.3768240000002));
#1698=CARTESIAN_POINT('',(27.1728083992518,-59.4318128758629,-56.3768240000002));
#1699=CARTESIAN_POINT('',(27.1518278670718,-59.2795417409007,-56.3768240000003));
#1700=CARTESIAN_POINT('',(27.1226173663234,-59.0766286737037,-56.3768240000002));
#1701=CARTESIAN_POINT('',(27.0838206288598,-58.8234457264245,-56.3768240000003));
#1702=CARTESIAN_POINT('',(27.0335942748794,-58.5202236615388,-56.3768240000002));
#1703=CARTESIAN_POINT('',(26.9797012066157,-58.217625222984,-56.3768240000003));
#1704=CARTESIAN_POINT('',(26.9317396311293,-57.9660051398112,-56.3768240000002));
#1705=CARTESIAN_POINT('',(26.8915233755249,-57.7649622553576,-56.3768240000003));
#1706=CARTESIAN_POINT('',(26.8604589019503,-57.6144124296175,-56.3768240000002));
#1707=CARTESIAN_POINT('',(26.8284546921568,-57.4639185794268,-56.3768240000003));
#1708=CARTESIAN_POINT('',(26.7955570620481,-57.313700118715,-56.3768240000002));
#1709=CARTESIAN_POINT('',(26.7617093477551,-57.1635033046816,-56.3768240000003));
#1710=CARTESIAN_POINT('',(26.7269746676594,-57.0136117027581,-56.3768240000002));
#1711=CARTESIAN_POINT('',(26.6972312087226,-56.8887056177386,-56.3768240000003));
#1712=CARTESIAN_POINT('',(26.6729893910279,-56.7889211457704,-56.3768240000002));
#1713=CARTESIAN_POINT('',(26.6484500369622,-56.6892296341712,-56.3768240000003));
#1714=CARTESIAN_POINT('',(26.6234188993644,-56.589497375469,-56.3768240000003));
#1715=CARTESIAN_POINT('',(26.5979445866891,-56.4899230965577,-56.3768240000002));
#1716=CARTESIAN_POINT('',(26.5786195772236,-56.4153279415134,-56.3768240000003));
#1717=CARTESIAN_POINT('',(26.5590328659839,-56.3406574109562,-56.3768240000003));
#1718=CARTESIAN_POINT('',(26.5392298593727,-56.2660865647293,-56.3768240000002));
#1719=CARTESIAN_POINT('',(26.5191947934902,-56.1915554472503,-56.3768240000003));
#1720=CARTESIAN_POINT('',(26.4989453175329,-56.1171288210054,-56.3768240000003));
#1721=CARTESIAN_POINT('',(26.4784265986143,-56.0426075916325,-56.3768240000002));
#1722=CARTESIAN_POINT('',(26.4576940060166,-55.9681952211903,-56.3768240000003));
#1723=CARTESIAN_POINT('',(26.4367284655265,-55.8938225186553,-56.3768240000002));
#1724=CARTESIAN_POINT('',(26.415550904715,-55.819562786063,-56.3768240000003));
#1725=CARTESIAN_POINT('',(26.3940966875114,-55.7451920062952,-56.3768240000002));
#1726=CARTESIAN_POINT('',(26.3724309539051,-55.6709385507254,-56.3768240000002));
#1727=CARTESIAN_POINT('',(26.3505313245295,-55.5967249227801,-56.3768240000003));
#1728=CARTESIAN_POINT('',(26.3284221768624,-55.52263273738,-56.3768240000002));
#1729=CARTESIAN_POINT('',(26.306028380359,-55.4484130314163,-56.3768240000002));
#1730=CARTESIAN_POINT('',(26.283425550034,-55.3743191631747,-56.3768240000003));
#1731=CARTESIAN_POINT('',(26.260587764954,-55.3002653023025,-56.3768240000002));
#1732=CARTESIAN_POINT('',(26.2375430938379,-55.2263414119251,-56.3768240000003));
#1733=CARTESIAN_POINT('',(26.2142051827439,-55.1522734698932,-56.3768240000002));
#1734=CARTESIAN_POINT('',(26.1906608507342,-55.0783399372724,-56.3768240000003));
#1735=CARTESIAN_POINT('',(26.1668803934994,-55.0044466179442,-56.3768240000002));
#1736=CARTESIAN_POINT('',(26.1428958092148,-54.9306918353178,-56.3768240000003));
#1737=CARTESIAN_POINT('',(26.1186088094887,-54.8567764918741,-56.3768240000002));
#1738=CARTESIAN_POINT('',(26.0941180161905,-54.7830038437276,-56.3768240000003));
#1739=CARTESIAN_POINT('',(26.0693902646703,-54.709272955209,-56.3768240000002));
#1740=CARTESIAN_POINT('',(26.0444595916586,-54.6356843128809,-56.3768240000003));
#1741=CARTESIAN_POINT('',(26.0192230148832,-54.5619369061624,-56.3768240000002));
#1742=CARTESIAN_POINT('',(25.9937818198542,-54.4883300872035,-56.3768240000003));
#1743=CARTESIAN_POINT('',(25.9681111210843,-54.4147899551526,-56.3768240000003));
#1744=CARTESIAN_POINT('',(25.9335751929889,-54.3168203633036,-56.3768240000003));
#1745=CARTESIAN_POINT('',(25.8986404897515,-54.2191544394374,-56.3768240000003));
#1746=CARTESIAN_POINT('',(25.8632476284632,-54.1216220396271,-56.3768240000003));
#1747=CARTESIAN_POINT('',(25.8364577575684,-54.0484974763885,-56.3768240000002));
#1748=CARTESIAN_POINT('',(25.8095322159312,-53.9756931891586,-56.3768240000002));
#1749=CARTESIAN_POINT('',(25.7823594953095,-53.9029049242149,-56.3768240000003));
#1750=CARTESIAN_POINT('',(25.7549766243245,-53.8302328200306,-56.3768240000002));
#1751=CARTESIAN_POINT('',(25.7273469967337,-53.7575805764357,-56.3768240000003));
#1752=CARTESIAN_POINT('',(25.6995800088859,-53.6852332556368,-56.3768240000002));
#1753=CARTESIAN_POINT('',(25.6715686742302,-53.6129095026498,-56.3768240000003));
#1754=CARTESIAN_POINT('',(25.6433483720132,-53.540701562894,-56.3768240000003));
#1755=CARTESIAN_POINT('',(25.6148845717991,-53.4685218096759,-56.3768240000002));
#1756=CARTESIAN_POINT('',(25.5862800160848,-53.3966285043508,-56.3768240000003));
#1757=CARTESIAN_POINT('',(25.5574343507561,-53.3247671313182,-56.3768240000002));
#1758=CARTESIAN_POINT('',(25.5283807075734,-53.2530210238969,-56.3768240000003));
#1759=CARTESIAN_POINT('',(25.4990869136095,-53.1813113644125,-56.3768240000002));
#1760=CARTESIAN_POINT('',(25.4696485288126,-53.1098700902439,-56.3768240000002));
#1761=CARTESIAN_POINT('',(25.439972339794,-53.0384689882079,-56.3768240000003));
#1762=CARTESIAN_POINT('',(25.4100890622972,-52.9671826581976,-56.3768240000002));
#1763=CARTESIAN_POINT('',(25.3799690467369,-52.8959409138238,-56.3768240000003));
#1764=CARTESIAN_POINT('',(25.3497001757108,-52.8249499007504,-56.3768240000002));
#1765=CARTESIAN_POINT('',(25.3191968734734,-52.7540071794713,-56.3768240000003));
#1766=CARTESIAN_POINT('',(25.2884872739508,-52.6831787900746,-56.3768240000002));
#1767=CARTESIAN_POINT('',(25.2575444171843,-52.6124030117139,-56.3768240000003));
#1768=CARTESIAN_POINT('',(25.226448009083,-52.5418606876871,-56.3768240000002));
#1769=CARTESIAN_POINT('',(25.1951206306032,-52.4713747038694,-56.3768240000003));
#1770=CARTESIAN_POINT('',(25.1635875790945,-52.4010025142821,-56.3768240000002));
#1771=CARTESIAN_POINT('',(25.1318250842028,-52.3306914169645,-56.3768240000003));
#1772=CARTESIAN_POINT('',(25.099902929995,-52.2605947657378,-56.3768240000003));
#1773=CARTESIAN_POINT('',(25.0570417212303,-52.167228724885,-56.3768240000003));
#1774=CARTESIAN_POINT('',(25.002917953817,-52.0507313429003,-56.3768240000002));
#1775=CARTESIAN_POINT('',(24.937223054563,-51.9115424199709,-56.3768240000003));
#1776=CARTESIAN_POINT('',(24.8706378736238,-51.7726547442749,-56.3768240000002));
#1777=CARTESIAN_POINT('',(24.8033031386462,-51.6343597574515,-56.3768240000003));
#1778=CARTESIAN_POINT('',(24.7350908888645,-51.4963920392364,-56.3768240000003));
#1779=CARTESIAN_POINT('',(24.666117543267,-51.3589859335583,-56.3768240000003));
#1780=CARTESIAN_POINT('',(24.5962819454768,-51.2219376657287,-56.3768240000002));
#1781=CARTESIAN_POINT('',(24.5256712511146,-51.0854177571152,-56.3768240000003));
#1782=CARTESIAN_POINT('',(24.4303994268879,-50.9039175693475,-56.3768240000002));
#1783=CARTESIAN_POINT('',(24.3093028694781,-50.6782225240801,-56.3768240000002));
#1784=CARTESIAN_POINT('',(24.1854898899288,-50.4540181905605,-56.3768240000003));
#1785=CARTESIAN_POINT('',(24.08480461786,-50.2755415952324,-56.3768240000003));
#1786=CARTESIAN_POINT('',(24.0084914664618,-50.1421595540423,-56.3768240000003));
#1787=CARTESIAN_POINT('',(23.9313415948558,-50.0091884367919,-56.3768240000002));
#1788=CARTESIAN_POINT('',(23.8534099215316,-49.8767229381062,-56.3768240000003));
#1789=CARTESIAN_POINT('',(23.7746229868308,-49.7446396611104,-56.3768240000002));
#1790=CARTESIAN_POINT('',(23.6950715300709,-49.6130911762829,-56.3768240000002));
#1791=CARTESIAN_POINT('',(23.6146453376532,-49.4818970543895,-56.3768240000003));
#1792=CARTESIAN_POINT('',(23.533472085396,-49.3512664338652,-56.3768240000002));
#1793=CARTESIAN_POINT('',(23.451404190658,-49.2209638796333,-56.3768240000002));
#1794=CARTESIAN_POINT('',(23.3686045263506,-49.091249582905,-56.3768240000002));
#1795=CARTESIAN_POINT('',(23.2988497741507,-48.9834181875877,-56.3768240000002));
#1796=CARTESIAN_POINT('',(23.2426699056358,-48.8974327474895,-56.3768240000003));
#1797=CARTESIAN_POINT('',(23.200354291931,-48.8330937005758,-56.3768240000002));
#1798=CARTESIAN_POINT('',(23.1577749397117,-48.7687795981453,-56.3768240000002));
#1799=CARTESIAN_POINT('',(23.1150210017352,-48.7046259074681,-56.3768240000003));
#1800=CARTESIAN_POINT('',(23.0720617029586,-48.6405862048306,-56.3768240000002));
#1801=CARTESIAN_POINT('',(23.0289309907968,-48.5767107178171,-56.3768240000003));
#1802=CARTESIAN_POINT('',(22.9855238506329,-48.5128449598035,-56.3768240000002));
#1803=CARTESIAN_POINT('',(22.9419472481032,-48.4491473225547,-56.3768240000003));
#1804=CARTESIAN_POINT('',(22.8981645258235,-48.3855639105311,-56.3768240000002));
#1805=CARTESIAN_POINT('',(22.8542153476947,-48.3221519141262,-56.3768240000003));
#1806=CARTESIAN_POINT('',(22.8099777154971,-48.2587364673053,-56.3768240000002));
#1807=CARTESIAN_POINT('',(22.7655755489715,-48.1954963465601,-56.3768240000002));
#1808=CARTESIAN_POINT('',(22.7209664940248,-48.1323708754027,-56.3768240000003));
#1809=CARTESIAN_POINT('',(22.6761960472882,-48.0694239832925,-56.3768240000002));
#1810=CARTESIAN_POINT('',(22.63112457633,-48.00646062888,-56.3768240000002));
#1811=CARTESIAN_POINT('',(22.5858936288782,-47.9436798062989,-56.3768240000003));
#1812=CARTESIAN_POINT('',(22.5404549274165,-47.8810141123,-56.3768240000002));
#1813=CARTESIAN_POINT('',(22.4948600342818,-47.8185341657466,-56.3768240000003));
#1814=CARTESIAN_POINT('',(22.4489509776432,-47.7560248944341,-56.3768240000002));
#1815=CARTESIAN_POINT('',(22.4028876404453,-47.693705369552,-56.3768240000003));
#1816=CARTESIAN_POINT('',(22.3566155843892,-47.6315015073965,-56.3768240000002));
#1817=CARTESIAN_POINT('',(22.3101926797255,-47.5694905715934,-56.3768240000003));
#1818=CARTESIAN_POINT('',(22.2634418837509,-47.507437591343,-56.3768240000002));
#1819=CARTESIAN_POINT('',(22.2165421439358,-47.4455815812159,-56.3768240000003));
#1820=CARTESIAN_POINT('',(22.1694326355887,-47.3838418453528,-56.3768240000002));
#1821=CARTESIAN_POINT('',(22.1221777100055,-47.3223021526199,-56.3768240000003));
#1822=CARTESIAN_POINT('',(22.0745807866942,-47.2607081234117,-56.3768240000002));
#1823=CARTESIAN_POINT('',(22.0268395380176,-47.1993172109325,-56.3768240000003));
#1824=CARTESIAN_POINT('',(21.978890618254,-47.138047338689,-56.3768240000002));
#1825=CARTESIAN_POINT('',(21.9307897379274,-47.07696935945,-56.3768240000003));
#1826=CARTESIAN_POINT('',(21.8823774006638,-47.0158819386336,-56.3768240000002));
#1827=CARTESIAN_POINT('',(21.8338096580311,-46.954983480375,-56.3768240000003));
#1828=CARTESIAN_POINT('',(21.7850555658412,-46.8942341892957,-56.3768240000002));
#1829=CARTESIAN_POINT('',(21.7360828492786,-46.8335948427744,-56.3768240000003));
#1830=CARTESIAN_POINT('',(21.6870515517931,-46.7732621266744,-56.3768240000002));
#1831=CARTESIAN_POINT('',(21.6377995407728,-46.7130353621346,-56.3768240000003));
#1832=CARTESIAN_POINT('',(21.5883839012397,-46.6529846836757,-56.3768240000002));
#1833=CARTESIAN_POINT('',(21.5387384257173,-46.5930302320762,-56.3768240000003));
#1834=CARTESIAN_POINT('',(21.4890708590901,-46.5334213097014,-56.3768240000002));
#1835=CARTESIAN_POINT('',(21.4391762260885,-46.4739103676283,-56.3768240000003));
#1836=CARTESIAN_POINT('',(21.3891221101674,-46.4145785502847,-56.3768240000002));
#1837=CARTESIAN_POINT('',(21.338843152777,-46.3553488288825,-56.3768240000003));
#1838=CARTESIAN_POINT('',(21.2885332046609,-46.2964481741463,-56.3768240000002));
#1839=CARTESIAN_POINT('',(21.2380019419639,-46.2376523613719,-56.3768240000003));
#1840=CARTESIAN_POINT('',(21.187312022899,-46.1790347835209,-56.3768240000002));
#1841=CARTESIAN_POINT('',(21.1364031384701,-46.120526093451,-56.3768240000003));
#1842=CARTESIAN_POINT('',(21.0854538664481,-46.06233028677,-56.3768240000002));
#1843=CARTESIAN_POINT('',(21.0342891108199,-46.0042461101913,-56.3768240000003));
#1844=CARTESIAN_POINT('',(20.9829664314781,-45.9463393447683,-56.3768240000002));
#1845=CARTESIAN_POINT('',(20.931430684865,-45.888548119574,-56.3768240000003));
#1846=CARTESIAN_POINT('',(20.8798448853189,-45.8310541372631,-56.3768240000002));
#1847=CARTESIAN_POINT('',(20.8280494542781,-45.7736784314498,-56.3768240000003));
#1848=CARTESIAN_POINT('',(20.7760967565906,-45.7164793977518,-56.3768240000002));
#1849=CARTESIAN_POINT('',(20.7239369114264,-45.6594024200847,-56.3768240000003));
#1850=CARTESIAN_POINT('',(20.6717170772575,-45.6026075671681,-56.3768240000002));
#1851=CARTESIAN_POINT('',(20.619293488738,-45.5459375033421,-56.3768240000003));
#1852=CARTESIAN_POINT('',(20.56671321607,-45.4894434551472,-56.3768240000002));
#1853=CARTESIAN_POINT('',(20.5139317437918,-45.4330778520814,-56.3768240000003));
#1854=CARTESIAN_POINT('',(20.4610800635474,-45.376979749612,-56.3768240000002));
#1855=CARTESIAN_POINT('',(20.4080305651506,-45.3210128529327,-56.3768240000003));
#1856=CARTESIAN_POINT('',(20.3548247804276,-45.2652212838665,-56.3768240000002));
#1857=CARTESIAN_POINT('',(20.30142419226,-45.2095648499275,-56.3768240000003));
#1858=CARTESIAN_POINT('',(20.2479413372949,-45.1541601992367,-56.3768240000003));
#1859=CARTESIAN_POINT('',(20.1763828290343,-45.0804785140993,-56.3768240000003));
#1860=CARTESIAN_POINT('',(20.086490469895,-44.9887583161973,-56.3768240000002));
#1861=CARTESIAN_POINT('',(19.9781117819592,-44.8795084261658,-56.3768240000003));
#1862=CARTESIAN_POINT('',(19.8689986314259,-44.7708434062267,-56.3768240000002));
#1863=CARTESIAN_POINT('',(19.7593689455913,-44.662979093667,-56.3768240000003));
#1864=CARTESIAN_POINT('',(19.649025619189,-44.5557200255864,-56.3768240000003));
#1865=CARTESIAN_POINT('',(19.5381443798337,-44.4492363919438,-56.3768240000003));
#1866=CARTESIAN_POINT('',(19.4265740097797,-44.3433816461497,-56.3768240000002));
#1867=CARTESIAN_POINT('',(19.3144415756497,-44.2382760811704,-56.3768240000003));
#1868=CARTESIAN_POINT('',(19.1640519065378,-44.0990105433742,-56.3768240000002));
#1869=CARTESIAN_POINT('',(18.9745564996703,-43.9267008360234,-56.3768240000002));
#1870=CARTESIAN_POINT('',(18.7829951668615,-43.7567003162966,-56.3768240000003));
#1871=CARTESIAN_POINT('',(18.6284921510705,-43.6220739781243,-56.3768240000003));
#1872=CARTESIAN_POINT('',(18.5120234195568,-43.521821977735,-56.3768240000003));
#1873=CARTESIAN_POINT('',(18.3948948040538,-43.4222296589796,-56.3768240000002));
#1874=CARTESIAN_POINT('',(18.27720221565,-43.3233786558745,-56.3768240000003));
#1875=CARTESIAN_POINT('',(18.158822261182,-43.2251663726465,-56.3768240000002));
#1876=CARTESIAN_POINT('',(18.0399044500779,-43.1277172121695,-56.3768240000002));
#1877=CARTESIAN_POINT('',(17.9202714353518,-43.0308871317311,-56.3768240000003));
#1878=CARTESIAN_POINT('',(17.8001266271456,-42.9348414212892,-56.3768240000002));
#1879=CARTESIAN_POINT('',(17.6792389381949,-42.839396806616,-56.3768240000002));
#1880=CARTESIAN_POINT('',(17.5578620094301,-42.7447547020854,-56.3768240000002));
#1881=CARTESIAN_POINT('',(17.4560836977388,-42.6663818362711,-56.3768240000002));
#1882=CARTESIAN_POINT('',(17.3744009381972,-42.604073786811,-56.3768240000003));
#1883=CARTESIAN_POINT('',(17.3130194086821,-42.5575452274937,-56.3768240000002));
#1884=CARTESIAN_POINT('',(17.2513935649921,-42.5111253288886,-56.3768240000002));
#1885=CARTESIAN_POINT('',(17.1896577755764,-42.4649158840536,-56.3768240000003));
#1886=CARTESIAN_POINT('',(17.1277658170781,-42.4188821176953,-56.3768240000002));
#1887=CARTESIAN_POINT('',(17.0657682144756,-42.3730613379288,-56.3768240000003));
#1888=CARTESIAN_POINT('',(17.0035090912127,-42.3273390875874,-56.3768240000002));
#1889=CARTESIAN_POINT('',(16.9411474600876,-42.2818328736888,-56.3768240000003));
#1890=CARTESIAN_POINT('',(16.8786289979743,-42.2365028294943,-56.3768240000002));
#1891=CARTESIAN_POINT('',(16.8160119845784,-42.1913909149416,-56.3768240000003));
#1892=CARTESIAN_POINT('',(16.7531176242036,-42.1463691570178,-56.3768240000002));
#1893=CARTESIAN_POINT('',(16.690127821937,-42.1015685930299,-56.3768240000002));
#1894=CARTESIAN_POINT('',(16.6269805853414,-42.0569448743047,-56.3768240000003));
#1895=CARTESIAN_POINT('',(16.5637419790788,-42.0125443582282,-56.3768240000002));
#1896=CARTESIAN_POINT('',(16.5002097369384,-41.9682259639299,-56.3768240000002));
#1897=CARTESIAN_POINT('',(16.436589243413,-41.9241338792818,-56.3768240000003));
#1898=CARTESIAN_POINT('',(16.372810638521,-41.8802193995173,-56.3768240000002));
#1899=CARTESIAN_POINT('',(16.308947977696,-41.8365331558308,-56.3768240000003));
#1900=CARTESIAN_POINT('',(16.2447748991852,-41.7929213282108,-56.3768240000002));
#1901=CARTESIAN_POINT('',(16.1805208948887,-41.7495408892177,-56.3768240000003));
#1902=CARTESIAN_POINT('',(16.1161080274346,-41.7063389007535,-56.3768240000002));
#1903=CARTESIAN_POINT('',(16.0516185544106,-41.6633701426496,-56.3768240000003));
#1904=CARTESIAN_POINT('',(15.9868013828373,-41.6204684336787,-56.3768240000002));
#1905=CARTESIAN_POINT('',(15.921910693907,-41.5778031202829,-56.3768240000003));
#1906=CARTESIAN_POINT('',(15.8568605414507,-41.5353173344897,-56.3768240000002));
#1907=CARTESIAN_POINT('',(15.7917405289524,-41.493069201747,-56.3768240000003));
#1908=CARTESIAN_POINT('',(15.7262781886451,-41.4508830882358,-56.3768240000003));
#1909=CARTESIAN_POINT('',(15.6388912484643,-41.3949467730876,-56.3768240000003));
#1910=CARTESIAN_POINT('',(15.5512729142072,-41.3394277894025,-56.3768240000003));
#1911=CARTESIAN_POINT('',(15.4632724007667,-41.2842322245227,-56.3768240000003));
#1912=CARTESIAN_POINT('',(15.3971596383882,-41.2430472048733,-56.3768240000002));
#1913=CARTESIAN_POINT('',(15.3309315276442,-41.20207150718,-56.3768240000002));
#1914=CARTESIAN_POINT('',(15.2645212405105,-41.1612645150521,-56.3768240000003));
#1915=CARTESIAN_POINT('',(15.1981990601509,-41.1207910261071,-56.3768240000002));
#1916=CARTESIAN_POINT('',(15.131693474142,-41.0804842315069,-56.3768240000003));
#1917=CARTESIAN_POINT('',(15.065095162114,-41.0403994624311,-56.3768240000002));
#1918=CARTESIAN_POINT('',(14.9983129179691,-41.0004822029992,-56.3768240000003));
#1919=CARTESIAN_POINT('',(14.9316208864684,-40.9608951855539,-56.3768240000003));
#1920=CARTESIAN_POINT('',(14.8647489140214,-40.9214769205706,-56.3768240000002));
#1921=CARTESIAN_POINT('',(14.7977858772721,-40.882280189985,-56.3768240000003));
#1922=CARTESIAN_POINT('',(14.7306464232347,-40.843255355579,-56.3768240000002));
#1923=CARTESIAN_POINT('',(14.6635830872085,-40.8045481882891,-56.3768240000003));
#1924=CARTESIAN_POINT('',(14.5963475623017,-40.766014345424,-56.3768240000002));
#1925=CARTESIAN_POINT('',(14.5290214306271,-40.7277009405155,-56.3768240000002));
#1926=CARTESIAN_POINT('',(14.4615266706256,-40.6895638621275,-56.3768240000003));
#1927=CARTESIAN_POINT('',(14.3940937864206,-40.6517324424726,-56.3768240000002));
#1928=CARTESIAN_POINT('',(14.3264964553522,-40.6140787868413,-56.3768240000003));
#1929=CARTESIAN_POINT('',(14.258808925193,-40.5766445758298,-56.3768240000002));
#1930=CARTESIAN_POINT('',(14.1909605275129,-40.5393909817628,-56.3768240000003));
#1931=CARTESIAN_POINT('',(14.1231596882596,-40.5024316347449,-56.3768240000002));
#1932=CARTESIAN_POINT('',(14.0552021187698,-40.4656543521713,-56.3768240000003));
#1933=CARTESIAN_POINT('',(13.9871547139416,-40.4290956248762,-56.3768240000002));
#1934=CARTESIAN_POINT('',(13.9189541828461,-40.3927216721283,-56.3768240000003));
#1935=CARTESIAN_POINT('',(13.8507867943005,-40.3566311260186,-56.3768240000002));
#1936=CARTESIAN_POINT('',(13.7824704227438,-40.320726836581,-56.3768240000003));
#1937=CARTESIAN_POINT('',(13.7140643515169,-40.2850402225273,-56.3768240000002));
#1938=CARTESIAN_POINT('',(13.645513572817,-40.2495427589759,-56.3768240000003));
#1939=CARTESIAN_POINT('',(13.5769788345143,-40.2143171267418,-56.3768240000003));
#1940=CARTESIAN_POINT('',(13.4854237421218,-40.1676098256079,-56.3768240000003));
#1941=CARTESIAN_POINT('',(13.3936172794505,-40.1213002294941,-56.3768240000003));
#1942=CARTESIAN_POINT('',(13.3017425555449,-40.07547932598,-56.3768240000003));
#1943=CARTESIAN_POINT('',(13.2097118468249,-40.0299283053689,-56.3768240000002));
#1944=CARTESIAN_POINT('',(13.0943796211234,-39.973496207823,-56.3768240000003));
#1945=CARTESIAN_POINT('',(12.9557664956087,-39.9067108098558,-56.3768240000002));
#1946=CARTESIAN_POINT('',(12.8166609505513,-39.8407237706867,-56.3768240000003));
#1947=CARTESIAN_POINT('',(12.6773258149453,-39.7756589128757,-56.3768240000002));
#1948=CARTESIAN_POINT('',(12.537525286018,-39.7114049697613,-56.3768240000002));
#1949=CARTESIAN_POINT('',(12.3974663868268,-39.6480566535654,-56.3768240000003));
#1950=CARTESIAN_POINT('',(12.256973037162,-39.5855333416576,-56.3768240000003));
#1951=CARTESIAN_POINT('',(12.1161900015576,-39.523899264101,-56.3768240000002));
#1952=CARTESIAN_POINT('',(11.8338265713578,-39.4023127208682,-56.3768240000003));
#1953=CARTESIAN_POINT('',(11.5497719684919,-39.2850588344103,-56.3768240000003));
#1954=CARTESIAN_POINT('',(11.2638777150002,-39.1720755183517,-56.3768240000002));
#1955=CARTESIAN_POINT('',(11.1206167978141,-39.1164596924809,-56.3768240000002));
#1956=CARTESIAN_POINT('',(10.9769438128112,-39.0616821550283,-56.3768240000002));
#1957=CARTESIAN_POINT('',(10.8329918632632,-39.007793804102,-56.3768240000002));
#1958=CARTESIAN_POINT('',(10.6885946294299,-38.9547332746942,-56.3768240000003));
#1959=CARTESIAN_POINT('',(10.5439501710148,-38.9025737179505,-56.3768240000002));
#1960=CARTESIAN_POINT('',(10.3988284534228,-38.8512332421726,-56.3768240000003));
#1961=CARTESIAN_POINT('',(10.2534876436931,-38.8008039386963,-56.3768240000003));
#1962=CARTESIAN_POINT('',(10.1319568254721,-38.7594593507754,-56.3768240000002));
#1963=CARTESIAN_POINT('',(10.0346114731687,-38.7268361236984,-56.3768240000002));
#1964=CARTESIAN_POINT('',(9.93718557819416,-38.6945138622731,-56.3768240000003));
#1965=CARTESIAN_POINT('',(9.83946952197125,-38.6625879676823,-56.3768240000002));
#1966=CARTESIAN_POINT('',(9.74164945162765,-38.631120501164,-56.3768240000003));
#1967=CARTESIAN_POINT('',(9.66823909843204,-38.6077506531011,-56.3768240000002));
#1968=CARTESIAN_POINT('',(9.59463028468288,-38.5845635189508,-56.3768240000003));
#1969=CARTESIAN_POINT('',(9.52098933196878,-38.5616119928678,-56.3768240000002));
#1970=CARTESIAN_POINT('',(9.44725912392706,-38.5388781198153,-56.3768240000003));
#1971=CARTESIAN_POINT('',(9.37350180441981,-38.5163808257863,-56.3768240000003));
#1972=CARTESIAN_POINT('',(9.2995259143613,-38.4940623618453,-56.3768240000002));
#1973=CARTESIAN_POINT('',(9.22552689414563,-38.4719823279887,-56.3768240000003));
#1974=CARTESIAN_POINT('',(9.15143811444805,-38.4501206453926,-56.3768240000002));
#1975=CARTESIAN_POINT('',(9.07733065217346,-38.4284980293559,-56.3768240000003));
#1976=CARTESIAN_POINT('',(9.00298682902702,-38.407051697507,-56.3768240000002));
#1977=CARTESIAN_POINT('',(8.9286282770968,-38.3858463037914,-56.3768240000002));
#1978=CARTESIAN_POINT('',(8.85417960921152,-38.3648601242322,-56.3768240000003));
#1979=CARTESIAN_POINT('',(8.77972074196822,-38.3441154007916,-56.3768240000002));
#1980=CARTESIAN_POINT('',(8.70500739614999,-38.3235448895974,-56.3768240000002));
#1981=CARTESIAN_POINT('',(8.63028782821829,-38.3032177438634,-56.3768240000003));
#1982=CARTESIAN_POINT('',(8.55547774608744,-38.2831107794666,-56.3768240000002));
#1983=CARTESIAN_POINT('',(8.48066606163857,-38.263247579685,-56.3768240000003));
#1984=CARTESIAN_POINT('',(8.40558141943299,-38.24355699553,-56.3768240000002));
#1985=CARTESIAN_POINT('',(8.3304991795828,-38.2241121248579,-56.3768240000003));
#1986=CARTESIAN_POINT('',(8.25532598431444,-38.2048885090534,-56.3768240000002));
#1987=CARTESIAN_POINT('',(8.18015990461008,-38.1859108847208,-56.3768240000003));
#1988=CARTESIAN_POINT('',(8.10470201431459,-38.1671047640585,-56.3768240000002));
#1989=CARTESIAN_POINT('',(8.02925524236052,-38.1485466174876,-56.3768240000003));
#1990=CARTESIAN_POINT('',(7.95371716314897,-38.1302109383548,-56.3768240000002));
#1991=CARTESIAN_POINT('',(7.87819455014293,-38.1121232828518,-56.3768240000003));
#1992=CARTESIAN_POINT('',(7.80236273508936,-38.0942069328654,-56.3768240000003));
#1993=CARTESIAN_POINT('',(7.70127099927389,-38.0706499064853,-56.3768240000003));
#1994=CARTESIAN_POINT('',(7.57474198278981,-38.0417777942514,-56.3768240000002));
#1995=CARTESIAN_POINT('',(7.44804144459762,-38.0136829352628,-56.3768240000003));
#1996=CARTESIAN_POINT('',(7.34660177764558,-37.9916781189193,-56.3768240000003));
#1997=CARTESIAN_POINT('',(7.27040402966355,-37.9753936077433,-56.3768240000002));
#1998=CARTESIAN_POINT('',(7.19441214429412,-37.9593962671977,-56.3768240000002));
#1999=CARTESIAN_POINT('',(7.11830012118932,-37.9436164379326,-56.3768240000003));
#2000=CARTESIAN_POINT('',(7.04217531413611,-37.9280767350539,-56.3768240000002));
#2001=CARTESIAN_POINT('',(6.96593430833462,-37.9127563574879,-56.3768240000002));
#2002=CARTESIAN_POINT('',(6.88988340919734,-37.8977158944231,-56.3768240000003));
#2003=CARTESIAN_POINT('',(6.81372077641912,-37.8828946796127,-56.3768240000002));
#2004=CARTESIAN_POINT('',(6.73754556419196,-37.8683123462921,-56.3768240000002));
#2005=CARTESIAN_POINT('',(6.66126299605304,-37.8539510277664,-56.3768240000003));
#2006=CARTESIAN_POINT('',(6.58515302366159,-37.83986255758,-56.3768240000002));
#2007=CARTESIAN_POINT('',(6.50894014852393,-37.8259950566161,-56.3768240000002));
#2008=CARTESIAN_POINT('',(6.43271475503737,-37.8123652788865,-56.3768240000003));
#2009=CARTESIAN_POINT('',(6.35639080410626,-37.7989580874612,-56.3768240000002));
#2010=CARTESIAN_POINT('',(6.28022206771599,-37.7858172760478,-56.3768240000002));
#2011=CARTESIAN_POINT('',(6.20395918536445,-37.7728990293364,-56.3768240000003));
#2012=CARTESIAN_POINT('',(6.12768383902974,-37.7602174620896,-56.3768240000002));
#2013=CARTESIAN_POINT('',(6.05131866130155,-37.7477599305665,-56.3768240000003));
#2014=CARTESIAN_POINT('',(5.97509143984308,-37.7355628949686,-56.3768240000002));
#2015=CARTESIAN_POINT('',(5.89877876113504,-37.7235898975755,-56.3768240000003));
#2016=CARTESIAN_POINT('',(5.8224536658888,-37.7118526479885,-56.3768240000002));
#2017=CARTESIAN_POINT('',(5.74604740477822,-37.7003407655232,-56.3768240000003));
#2018=CARTESIAN_POINT('',(5.66976193439638,-37.6890840633161,-56.3768240000002));
#2019=CARTESIAN_POINT('',(5.59339968834163,-37.678052761023,-56.3768240000003));
#2020=CARTESIAN_POINT('',(5.51702486944219,-37.6672563604485,-56.3768240000002));
#2021=CARTESIAN_POINT('',(5.44057823278679,-37.6566866347185,-56.3768240000003));
#2022=CARTESIAN_POINT('',(5.36423255519234,-37.6463669895253,-56.3768240000003));
#2023=CARTESIAN_POINT('',(5.26236117714914,-37.6329113586258,-56.3768240000003));
#2024=CARTESIAN_POINT('',(5.1603875213045,-37.6199145348779,-56.3768240000003));
#2025=CARTESIAN_POINT('',(5.05850614941485,-37.607400125937,-56.3768240000003));
#2026=CARTESIAN_POINT('',(4.9565686946749,-37.5951921797257,-56.3768240000002));
#2027=CARTESIAN_POINT('',(4.82904106854047,-37.580507925847,-56.3768240000003));
#2028=CARTESIAN_POINT('',(4.67610662948854,-37.5638364698872,-56.3768240000002));
#2029=CARTESIAN_POINT('',(4.52298011520084,-37.5480822376309,-56.3768240000003));
#2030=CARTESIAN_POINT('',(4.36993380015257,-37.5332725247423,-56.3768240000002));
#2031=CARTESIAN_POINT('',(4.21672520350193,-37.5193828668501,-56.3768240000002));
#2032=CARTESIAN_POINT('',(4.06356416897168,-37.506431939142,-56.3768240000003));
#2033=CARTESIAN_POINT('',(3.9102745784399,-37.494404008242,-56.3768240000003));
#2034=CARTESIAN_POINT('',(3.75699806497446,-37.4833100474824,-56.3768240000002));
#2035=CARTESIAN_POINT('',(3.45026220435059,-37.46297380655,-56.3768240000003));
#2036=CARTESIAN_POINT('',(3.14335935246261,-37.4472844939959,-56.3768240000003));
#2037=CARTESIAN_POINT('',(2.83612874482104,-37.4362346700939,-56.3768240000002));
#2038=CARTESIAN_POINT('',(2.68251373502956,-37.4316403013262,-56.3768240000002));
#2039=CARTESIAN_POINT('',(2.52877939175968,-37.4279735524105,-56.3768240000002));
#2040=CARTESIAN_POINT('',(2.37508448512155,-37.4252383885649,-56.3768240000002));
#2041=CARTESIAN_POINT('',(2.2212349116772,-37.4234322518958,-56.3768240000003));
#2042=CARTESIAN_POINT('',(2.06745877457158,-37.4225582196091,-56.3768240000002));
#2043=CARTESIAN_POINT('',(1.91349487301175,-37.4226158546808,-56.3768240000003));
#2044=CARTESIAN_POINT('',(1.75963420392023,-37.4236058220722,-56.3768240000003));
#2045=CARTESIAN_POINT('',(1.63124522094281,-37.4252100236454,-56.3768240000002));
#2046=CARTESIAN_POINT('',(1.52857291439091,-37.426960351732,-56.3768240000002));
#2047=CARTESIAN_POINT('',(1.42592601014418,-37.4290213656102,-56.3768240000003));
#2048=CARTESIAN_POINT('',(1.3231313268741,-37.4315532340123,-56.3768240000002));
#2049=CARTESIAN_POINT('',(1.22039353019643,-37.4345521475204,-56.3768240000003));
#2050=CARTESIAN_POINT('',(1.14337553882814,-37.4370340393552,-56.3768240000002));
#2051=CARTESIAN_POINT('',(1.06622650419969,-37.4397547128521,-56.3768240000003));
#2052=CARTESIAN_POINT('',(0.989127271030412,-37.442708287523,-56.3768240000002));
#2053=CARTESIAN_POINT('',(0.912015856400432,-37.4458969850686,-56.3768240000003));
#2054=CARTESIAN_POINT('',(0.834959347269895,-37.4493177991741,-56.3768240000003));
#2055=CARTESIAN_POINT('',(0.757751378718177,-37.4529805333981,-56.3768240000002));
#2056=CARTESIAN_POINT('',(0.680602694706693,-37.4568758197482,-56.3768240000003));
#2057=CARTESIAN_POINT('',(0.603441574673585,-37.4610070829503,-56.3768240000002));
#2058=CARTESIAN_POINT('',(0.526344156904828,-37.4653699920935,-56.3768240000003));
#2059=CARTESIAN_POINT('',(0.449077608818356,-37.4699784460953,-56.3768240000002));
#2060=CARTESIAN_POINT('',(0.371879121780781,-37.4748190103423,-56.3768240000002));
#2061=CARTESIAN_POINT('',(0.294668146446995,-37.4798965116414,-56.3768240000003));
#2062=CARTESIAN_POINT('',(0.21752968883084,-37.4852050773784,-56.3768240000002));
#2063=CARTESIAN_POINT('',(0.140204274222015,-37.4907633712035,-56.3768240000002));
#2064=CARTESIAN_POINT('',(0.0629557717818127,-37.4965532217294,-56.3768240000003));
#2065=CARTESIAN_POINT('',(-0.0143052760805218,-37.5025810823103,-56.3768240000002));
#2066=CARTESIAN_POINT('',(-0.0914849081632368,-37.5088393109164,-56.3768240000003));
#2067=CARTESIAN_POINT('',(-0.168869511682606,-37.5153520223126,-56.3768240000002));
#2068=CARTESIAN_POINT('',(-0.246168266574625,-37.522095622482,-56.3768240000003));
#2069=CARTESIAN_POINT('',(-0.323479622767443,-37.5290784202103,-56.3768240000002));
#2070=CARTESIAN_POINT('',(-0.400700600612389,-37.536290774372,-56.3768240000003));
#2071=CARTESIAN_POINT('',(-0.478144668776076,-37.5437629406834,-56.3768240000002));
#2072=CARTESIAN_POINT('',(-0.555494236825143,-37.5514652520404,-56.3768240000003));
#2073=CARTESIAN_POINT('',(-0.632855045401976,-37.5594079096061,-56.3768240000002));
#2074=CARTESIAN_POINT('',(-0.710121722370439,-37.5675797758325,-56.3768240000003));
#2075=CARTESIAN_POINT('',(-0.78761001563262,-37.5760151997478,-56.3768240000002));
#2076=CARTESIAN_POINT('',(-0.865006185852294,-37.5846811240643,-56.3768240000003));
#2077=CARTESIAN_POINT('',(-0.942387569006855,-37.5935855827513,-56.3768240000003));
#2078=CARTESIAN_POINT('',(-1.04554889102832,-37.6057774687082,-56.3768240000003));
#2079=CARTESIAN_POINT('',(-1.14849959440495,-37.6184248270067,-56.3768240000003));
#2080=CARTESIAN_POINT('',(-1.25142124672237,-37.6315485495896,-56.3768240000003));
#2081=CARTESIAN_POINT('',(-1.32864206707728,-37.6416360002986,-56.3768240000002));
#2082=CARTESIAN_POINT('',(-1.40558029469063,-37.6519261164223,-56.3768240000002));
#2083=CARTESIAN_POINT('',(-1.48255711382031,-37.6624608948295,-56.3768240000003));
#2084=CARTESIAN_POINT('',(-1.55946674017526,-37.6732261929786,-56.3768240000002));
#2085=CARTESIAN_POINT('',(-1.63641112666187,-37.6842365841668,-56.3768240000003));
#2086=CARTESIAN_POINT('',(-1.71308824594562,-37.6954479177472,-56.3768240000002));
#2087=CARTESIAN_POINT('',(-1.78979598010614,-37.7069028073304,-56.3768240000003));
#2088=CARTESIAN_POINT('',(-1.86643659914359,-37.7185869865989,-56.3768240000003));
#2089=CARTESIAN_POINT('',(-1.94310314097768,-37.7305149072119,-56.3768240000002));
#2090=CARTESIAN_POINT('',(-2.01952118392944,-37.7426430288506,-56.3768240000003));
#2091=CARTESIAN_POINT('',(-2.09596097110897,-37.7550133840931,-56.3768240000002));
#2092=CARTESIAN_POINT('',(-2.17233396005039,-37.7676119436204,-56.3768240000003));
#2093=CARTESIAN_POINT('',(-2.24872407750712,-37.7804527921309,-56.3768240000002));
#2094=CARTESIAN_POINT('',(-2.32488415893132,-37.7934936201497,-56.3768240000002));
#2095=CARTESIAN_POINT('',(-2.40105722049964,-37.8067752654769,-56.3768240000003));
#2096=CARTESIAN_POINT('',(-2.47716377003334,-37.8202841394267,-56.3768240000002));
#2097=CARTESIAN_POINT('',(-2.55327876007071,-37.8340337589426,-56.3768240000003));
#2098=CARTESIAN_POINT('',(-2.62918187263742,-37.8479836449363,-56.3768240000002));
#2099=CARTESIAN_POINT('',(-2.70508930363794,-37.862172839596,-56.3768240000003));
#2100=CARTESIAN_POINT('',(-2.78093047822337,-37.8765883947284,-56.3768240000002));
#2101=CARTESIAN_POINT('',(-2.85677149988475,-37.8912430609191,-56.3768240000003));
#2102=CARTESIAN_POINT('',(-2.93241852950688,-37.9060987840189,-56.3768240000002));
#2103=CARTESIAN_POINT('',(-3.00806126608006,-37.9211922058279,-56.3768240000003));
#2104=CARTESIAN_POINT('',(-3.0836381335363,-37.9365112613984,-56.3768240000002));
#2105=CARTESIAN_POINT('',(-3.15920573715718,-37.9520675687214,-56.3768240000003));
#2106=CARTESIAN_POINT('',(-3.23459923188439,-37.9678267207803,-56.3768240000003));
#2107=CARTESIAN_POINT('',(-3.33509553479735,-37.9891510852554,-56.3768240000003));
#2108=CARTESIAN_POINT('',(-3.46063095614992,-38.0163865722129,-56.3768240000002));
#2109=CARTESIAN_POINT('',(-3.61084430590615,-38.0499307908346,-56.3768240000003));
#2110=CARTESIAN_POINT('',(-3.76095908042805,-38.084409680198,-56.3768240000002));
#2111=CARTESIAN_POINT('',(-3.9106602689987,-38.1197499575524,-56.3768240000003));
#2112=CARTESIAN_POINT('',(-4.06023472884412,-38.156018171009,-56.3768240000003));
#2113=CARTESIAN_POINT('',(-4.20942831373803,-38.1931521767644,-56.3768240000003));
#2114=CARTESIAN_POINT('',(-4.3584625191692,-38.2312060801205,-56.3768240000002));
#2115=CARTESIAN_POINT('',(-4.50714941302703,-38.2701316070357,-56.3768240000003));
#2116=CARTESIAN_POINT('',(-4.65564399137643,-38.309968510564,-56.3768240000003));
#2117=CARTESIAN_POINT('',(-4.80382505790663,-38.3506842132329,-56.3768240000002));
#2118=CARTESIAN_POINT('',(-5.00109685535656,-38.4061743100055,-56.3768240000003));
#2119=CARTESIAN_POINT('',(-5.24700612701452,-38.4777604185754,-56.3768240000002));
#2120=CARTESIAN_POINT('',(-5.49203752899425,-38.5523180180594,-56.3768240000002));
#2121=CARTESIAN_POINT('',(-5.68757971512039,-38.6137621350691,-56.3768240000003));
#2122=CARTESIAN_POINT('',(-5.83392110282678,-38.6607209316518,-56.3768240000002));
#2123=CARTESIAN_POINT('',(-5.98007569696896,-38.7085975340724,-56.3768240000002));
#2124=CARTESIAN_POINT('',(-6.1258767277615,-38.7573375156018,-56.3768240000003));
#2125=CARTESIAN_POINT('',(-6.27152404103902,-38.8070086930836,-56.3768240000002));
#2126=CARTESIAN_POINT('',(-6.4167855141708,-38.8575323796196,-56.3768240000002));
#2127=CARTESIAN_POINT('',(-6.56192340996526,-38.9090009507551,-56.3768240000003));
#2128=CARTESIAN_POINT('',(-6.70664792798044,-38.9613125380258,-56.3768240000002));
#2129=CARTESIAN_POINT('',(-6.8271600994665,-39.0057001048334,-56.3768240000003));
#2130=CARTESIAN_POINT('',(-6.92337949844532,-39.0416384342979,-56.3768240000002));
#2131=CARTESIAN_POINT('',(-6.99543732088814,-39.0688014124497,-56.3768240000003));
#2132=CARTESIAN_POINT('',(-7.06752875457628,-39.0962271987506,-56.3768240000002));
#2133=CARTESIAN_POINT('',(-7.13950198656548,-39.1238585153628,-56.3768240000003));
#2134=CARTESIAN_POINT('',(-7.2114090904228,-39.151715208428,-56.3768240000002));
#2135=CARTESIAN_POINT('',(-7.28319358482424,-39.1797751712173,-56.3768240000003));
#2136=CARTESIAN_POINT('',(-7.35502932149876,-39.2081069845043,-56.3768240000002));
#2137=CARTESIAN_POINT('',(-7.42673821040576,-39.2366410213801,-56.3768240000003));
#2138=CARTESIAN_POINT('',(-7.49838090637181,-39.2654012276102,-56.3768240000002));
#2139=CARTESIAN_POINT('',(-7.56989288013112,-39.2943614470414,-56.3768240000003));
#2140=CARTESIAN_POINT('',(-7.6414715939204,-39.3236023585208,-56.3768240000002));
#2141=CARTESIAN_POINT('',(-7.71291534848883,-39.3530422670179,-56.3768240000002));
#2142=CARTESIAN_POINT('',(-7.78429266473564,-39.382709188309,-56.3768240000003));
#2143=CARTESIAN_POINT('',(-7.85553115831477,-39.4125727543195,-56.3768240000002));
#2144=CARTESIAN_POINT('',(-7.92685184571131,-39.4427264215712,-56.3768240000002));
#2145=CARTESIAN_POINT('',(-7.99802943348427,-39.47307573272,-56.3768240000003));
#2146=CARTESIAN_POINT('',(-8.06914030552882,-39.5036530066557,-56.3768240000002));
#2147=CARTESIAN_POINT('',(-8.14010421970529,-39.5344234251631,-56.3768240000003));
#2148=CARTESIAN_POINT('',(-8.21116576067719,-39.5654939422133,-56.3768240000002));
#2149=CARTESIAN_POINT('',(-8.28207602265623,-39.5967566172318,-56.3768240000003));
#2150=CARTESIAN_POINT('',(-8.35291925948043,-39.6282483139823,-56.3768240000002));
#2151=CARTESIAN_POINT('',(-8.42360736158607,-39.6599295179844,-56.3768240000003));
#2152=CARTESIAN_POINT('',(-8.49440851338994,-39.6919214233958,-56.3768240000002));
#2153=CARTESIAN_POINT('',(-8.56505016711573,-39.7241018655135,-56.3768240000003));
#2154=CARTESIAN_POINT('',(-8.63562442905052,-39.7565124879062,-56.3768240000002));
#2155=CARTESIAN_POINT('',(-8.70603542182229,-39.7891088810024,-56.3768240000003));
#2156=CARTESIAN_POINT('',(-8.77657454863204,-39.8220270395191,-56.3768240000002));
#2157=CARTESIAN_POINT('',(-8.84694718348737,-39.855130585884,-56.3768240000003));
#2158=CARTESIAN_POINT('',(-8.91724725344477,-39.8884632823125,-56.3768240000002));
#2159=CARTESIAN_POINT('',(-8.98739367627072,-39.9219864575151,-56.3768240000003));
#2160=CARTESIAN_POINT('',(-9.05761685384282,-39.955811034434,-56.3768240000002));
#2161=CARTESIAN_POINT('',(-9.12769001638978,-39.9898288117169,-56.3768240000003));
#2162=CARTESIAN_POINT('',(-9.19765843317786,-40.0240610775926,-56.3768240000002));
#2163=CARTESIAN_POINT('',(-9.26756779691329,-40.0585308804982,-56.3768240000003));
#2164=CARTESIAN_POINT('',(-9.33719006750489,-40.0931247384564,-56.3768240000002));
#2165=CARTESIAN_POINT('',(-9.40675762535405,-40.1279572842442,-56.3768240000003));
#2166=CARTESIAN_POINT('',(-9.47618925203821,-40.1629880871115,-56.3768240000002));
#2167=CARTESIAN_POINT('',(-9.54557744084619,-40.1982642372816,-56.3768240000003));
#2168=CARTESIAN_POINT('',(-9.61463343704525,-40.2336378046118,-56.3768240000002));
#2169=CARTESIAN_POINT('',(-9.68364366131815,-40.2692543947015,-56.3768240000003));
#2170=CARTESIAN_POINT('',(-9.75251414154924,-40.3050658950352,-56.3768240000002));
#2171=CARTESIAN_POINT('',(-9.82133434551829,-40.3411191500754,-56.3768240000003));
#2172=CARTESIAN_POINT('',(-9.88984037422191,-40.3772748944872,-56.3768240000002));
#2173=CARTESIAN_POINT('',(-9.95829267340138,-40.4136695556675,-56.3768240000003));
#2174=CARTESIAN_POINT('',(-10.0266059152836,-40.4502581258559,-56.3768240000002));
#2175=CARTESIAN_POINT('',(-10.0948609652197,-40.487084208697,-56.3768240000003));
#2176=CARTESIAN_POINT('',(-10.1628196895782,-40.524018397373,-56.3768240000002));
#2177=CARTESIAN_POINT('',(-10.230716782311,-40.5611873040108,-56.3768240000003));
#2178=CARTESIAN_POINT('',(-10.2984754603629,-40.5985492243612,-56.3768240000002));
#2179=CARTESIAN_POINT('',(-10.3661681620027,-40.6361443632938,-56.3768240000003));
#2180=CARTESIAN_POINT('',(-10.4335819172106,-40.6738536055797,-56.3768240000002));
#2181=CARTESIAN_POINT('',(-10.5009262723141,-40.7117933152793,-56.3768240000003));
#2182=CARTESIAN_POINT('',(-10.5681327892888,-40.7499252357319,-56.3768240000002));
#2183=CARTESIAN_POINT('',(-10.6352656739049,-40.7882860295201,-56.3768240000003));
#2184=CARTESIAN_POINT('',(-10.7021365411061,-40.8267673029742,-56.3768240000002));
#2185=CARTESIAN_POINT('',(-10.7689303647389,-40.8654747394926,-56.3768240000003));
#2186=CARTESIAN_POINT('',(-10.8355868626252,-40.9043736746706,-56.3768240000002));
#2187=CARTESIAN_POINT('',(-10.9021621896306,-40.9434970827287,-56.3768240000003));
#2188=CARTESIAN_POINT('',(-10.968492008471,-40.9827477311897,-56.3768240000002));
#2189=CARTESIAN_POINT('',(-11.0347372208646,-41.0222201597057,-56.3768240000003));
#2190=CARTESIAN_POINT('',(-11.1008456911135,-41.0618835479841,-56.3768240000002));
#2191=CARTESIAN_POINT('',(-11.1668650602909,-41.101766637543,-56.3768240000003));
#2192=CARTESIAN_POINT('',(-11.2326568998026,-41.1417852826026,-56.3768240000003));
#2193=CARTESIAN_POINT('',(-11.3202472538866,-41.1954274119941,-56.3768240000003));
#2194=CARTESIAN_POINT('',(-11.4294600781221,-41.2629972705176,-56.3768240000002));
#2195=CARTESIAN_POINT('',(-11.5598325648524,-41.3447553786652,-56.3768240000003));
#2196=CARTESIAN_POINT('',(-11.6897955806225,-41.427358364376,-56.3768240000002));
#2197=CARTESIAN_POINT('',(-11.8190909052815,-41.5106411030489,-56.3768240000003));
#2198=CARTESIAN_POINT('',(-11.9479523362691,-41.5947528941291,-56.3768240000003));
#2199=CARTESIAN_POINT('',(-12.076175323587,-41.6795596809114,-56.3768240000003));
#2200=CARTESIAN_POINT('',(-12.2039363430676,-41.7651770553391,-56.3768240000002));
#2201=CARTESIAN_POINT('',(-12.3310884430534,-41.8515062641463,-56.3768240000003));
#2202=CARTESIAN_POINT('',(-12.4577504692057,-41.9386270994605,-56.3768240000003));
#2203=CARTESIAN_POINT('',(-12.5838326108606,-42.0264777644968,-56.3768240000002));
#2204=CARTESIAN_POINT('',(-12.7512505297486,-42.1446410446509,-56.3768240000003));
#2205=CARTESIAN_POINT('',(-12.9591512869017,-42.2942223441086,-56.3768240000002));
#2206=CARTESIAN_POINT('',(-13.1652358146016,-42.4463141231837,-56.3768240000002));
#2207=CARTESIAN_POINT('',(-13.3290572724611,-42.5695284620376,-56.3768240000003));
#2208=CARTESIAN_POINT('',(-13.4513303896906,-42.662656975792,-56.3768240000002));
#2209=CARTESIAN_POINT('',(-13.5731295887113,-42.7565950688483,-56.3768240000002));
#2210=CARTESIAN_POINT('',(-13.6943027261263,-42.8512256976185,-56.3768240000003));
#2211=CARTESIAN_POINT('',(-13.8150288432753,-42.9466899704753,-56.3768240000002));
#2212=CARTESIAN_POINT('',(-13.935102012792,-43.0428256892485,-56.3768240000002));
#2213=CARTESIAN_POINT('',(-14.054751897539,-43.1398181966537,-56.3768240000003));
#2214=CARTESIAN_POINT('',(-14.1737261570389,-43.2374641056073,-56.3768240000002));
#2215=CARTESIAN_POINT('',(-14.2725264543639,-43.3195600289923,-56.3768240000003));
#2216=CARTESIAN_POINT('',(-14.3512430353562,-43.385576175253,-56.3768240000002));
#2217=CARTESIAN_POINT('',(-14.4101091369463,-43.4352492629834,-56.3768240000003));
#2218=CARTESIAN_POINT('',(-14.4689228995119,-43.4851846016295,-56.3768240000002));
#2219=CARTESIAN_POINT('',(-14.5275554542819,-43.535273383776,-56.3768240000003));
#2220=CARTESIAN_POINT('',(-14.5860508959745,-43.5855530923525,-56.3768240000002));
#2221=CARTESIAN_POINT('',(-14.6443617144878,-43.6359826030565,-56.3768240000003));
#2222=CARTESIAN_POINT('',(-14.7026338555112,-43.6866889301681,-56.3768240000002));
#2223=CARTESIAN_POINT('',(-14.7607177092826,-43.7375426691556,-56.3768240000003));
#2224=CARTESIAN_POINT('',(-14.8186641158873,-43.788588088539,-56.3768240000002));
#2225=CARTESIAN_POINT('',(-14.8764193247466,-43.8397775187706,-56.3768240000003));
#2226=CARTESIAN_POINT('',(-14.9341474980899,-43.8912573695212,-56.3768240000002));
#2227=CARTESIAN_POINT('',(-14.9916808014259,-43.9428788702448,-56.3768240000002));
#2228=CARTESIAN_POINT('',(-15.0490761307377,-43.9946927885947,-56.3768240000003));
#2229=CARTESIAN_POINT('',(-15.1062737365843,-44.0466448245039,-56.3768240000002));
#2230=CARTESIAN_POINT('',(-15.1634557207469,-44.098901410587,-56.3768240000002));
#2231=CARTESIAN_POINT('',(-15.2204362655528,-44.1512937540469,-56.3768240000003));
#2232=CARTESIAN_POINT('',(-15.2772782436384,-44.2038793427214,-56.3768240000002));
#2233=CARTESIAN_POINT('',(-15.333915982131,-44.2565970180562,-56.3768240000003));
#2234=CARTESIAN_POINT('',(-15.3905492998847,-44.3096339264308,-56.3768240000002));
#2235=CARTESIAN_POINT('',(-15.4469746150993,-44.3628005596958,-56.3768240000003));
#2236=CARTESIAN_POINT('',(-15.5032607033819,-44.4161613575909,-56.3768240000002));
#2237=CARTESIAN_POINT('',(-15.5593360441044,-44.4696480693068,-56.3768240000003));
#2238=CARTESIAN_POINT('',(-15.615417944172,-44.5234692583407,-56.3768240000002));
#2239=CARTESIAN_POINT('',(-15.671285330275,-44.5774140428165,-56.3768240000003));
#2240=CARTESIAN_POINT('',(-15.7270125713823,-44.6315538155897,-56.3768240000002));
#2241=CARTESIAN_POINT('',(-15.7825232649275,-44.6858138871141,-56.3768240000003));
#2242=CARTESIAN_POINT('',(-15.8380486522078,-44.7404216227189,-56.3768240000003));
#2243=CARTESIAN_POINT('',(-15.9118009497277,-44.8134015665944,-56.3768240000003));
#2244=CARTESIAN_POINT('',(-15.9851973459425,-44.8866993391578,-56.3768240000003));
#2245=CARTESIAN_POINT('',(-16.0583607399939,-44.9604396048029,-56.3768240000003));
#2246=CARTESIAN_POINT('',(-16.1130516434853,-45.0159010790605,-56.3768240000002));
#2247=CARTESIAN_POINT('',(-16.1675635778938,-45.0715209604432,-56.3768240000002));
#2248=CARTESIAN_POINT('',(-16.2219509923272,-45.1273556920626,-56.3768240000003));
#2249=CARTESIAN_POINT('',(-16.2759934173905,-45.1831773693716,-56.3768240000002));
#2250=CARTESIAN_POINT('',(-16.329913542835,-45.2392146406084,-56.3768240000003));
#2251=CARTESIAN_POINT('',(-16.3836373930286,-45.2953910873547,-56.3768240000002));
#2252=CARTESIAN_POINT('',(-16.4372381807481,-45.3517837350454,-56.3768240000003));
#2253=CARTESIAN_POINT('',(-16.4904970305184,-45.4081609003593,-56.3768240000003));
#2254=CARTESIAN_POINT('',(-16.5436307229642,-45.4647506394041,-56.3768240000002));
#2255=CARTESIAN_POINT('',(-16.5965682791344,-45.5214778508045,-56.3768240000003));
#2256=CARTESIAN_POINT('',(-16.6493768342087,-45.5784148839536,-56.3768240000002));
#2257=CARTESIAN_POINT('',(-16.701858826419,-45.6353474426545,-56.3768240000003));
#2258=CARTESIAN_POINT('',(-16.7542094497721,-45.6924859590583,-56.3768240000002));
#2259=CARTESIAN_POINT('',(-16.8063650904031,-45.7497614708838,-56.3768240000002));
#2260=CARTESIAN_POINT('',(-16.8583850097652,-45.8072393951051,-56.3768240000003));
#2261=CARTESIAN_POINT('',(-16.9100957759102,-45.864727026107,-56.3768240000003));
#2262=CARTESIAN_POINT('',(-16.9788474781237,-45.9416285006856,-56.3768240000003));
#2263=CARTESIAN_POINT('',(-17.0472825564792,-46.0188841246721,-56.3768240000003));
#2264=CARTESIAN_POINT('',(-17.1152313612659,-46.0962998473225,-56.3768240000003));
#2265=CARTESIAN_POINT('',(-17.1660407711944,-46.1545445645284,-56.3768240000002));
#2266=CARTESIAN_POINT('',(-17.2166398450569,-46.2129057554461,-56.3768240000002));
#2267=CARTESIAN_POINT('',(-17.2670397594705,-46.2713954300631,-56.3768240000003));
#2268=CARTESIAN_POINT('',(-17.3172756080416,-46.3300544977946,-56.3768240000002));
#2269=CARTESIAN_POINT('',(-17.3672759007054,-46.3887988651777,-56.3768240000003));
#2270=CARTESIAN_POINT('',(-17.4171207102347,-46.4477222387988,-56.3768240000002));
#2271=CARTESIAN_POINT('',(-17.5163798178981,-46.5657855898027,-56.3768240000002));
#2272=CARTESIAN_POINT('',(-17.7294103874364,-46.8231154489821,-56.3768240000003));
#2273=CARTESIAN_POINT('',(-18.1774305460505,-47.3848159528867,-56.3768240000002));
#2274=CARTESIAN_POINT('',(-18.7869445183758,-48.2087087650139,-56.3768240000002));
#2275=CARTESIAN_POINT('',(-19.3558650350387,-49.0610254369964,-56.3768240000003));
#2276=CARTESIAN_POINT('',(-19.7865746266946,-49.7600149044325,-56.3768240000002));
#2277=CARTESIAN_POINT('',(-20.0066906729908,-50.1374398075038,-56.3768240000003));
#2278=CARTESIAN_POINT('',(-20.1332759708799,-50.3614810769934,-56.3768240000002));
#2279=CARTESIAN_POINT('',(-20.1710665291199,-50.428843449628,-56.3768240000002));
#2280=CARTESIAN_POINT('',(-20.2086390602631,-50.4962968468397,-56.3768240000002));
#2281=CARTESIAN_POINT('',(-20.2460546733271,-50.5639518494449,-56.3768240000002));
#2282=CARTESIAN_POINT('',(-20.2832430872948,-50.6316818928992,-56.3768240000003));
#2283=CARTESIAN_POINT('',(-20.3326004404834,-50.7222269120374,-56.3768240000003));
#2284=CARTESIAN_POINT('',(-20.381538212035,-50.8129858480118,-56.3768240000003));
#2285=CARTESIAN_POINT('',(-20.4301265598774,-50.9040913496933,-56.3768240000002));
#2286=CARTESIAN_POINT('',(-20.4784146413089,-50.9953023159093,-56.3768240000003));
#2287=CARTESIAN_POINT('',(-20.5263528914706,-51.0868625229359,-56.3768240000003));
#2288=CARTESIAN_POINT('',(-20.5738645818564,-51.1786280069617,-56.3768240000003));
#2289=CARTESIAN_POINT('',(-20.6093323330134,-51.2476468029885,-56.3768240000003));
#2290=CARTESIAN_POINT('',(-20.6445637600307,-51.3167238063505,-56.3768240000002));
#2291=CARTESIAN_POINT('',(-20.6796413571483,-51.386021395281,-56.3768240000003));
#2292=CARTESIAN_POINT('',(-20.714495682438,-51.4554037893437,-56.3768240000002));
#2293=CARTESIAN_POINT('',(-20.7491559219763,-51.524928669409,-56.3768240000002));
#2294=CARTESIAN_POINT('',(-20.7836392011721,-51.5946322684456,-56.3768240000003));
#2295=CARTESIAN_POINT('',(-20.817882324566,-51.6643865453464,-56.3768240000002));
#2296=CARTESIAN_POINT('',(-20.8519827458582,-51.7343912617462,-56.3768240000003));
#2297=CARTESIAN_POINT('',(-20.8858450493671,-51.804451936406,-56.3768240000003));
#2298=CARTESIAN_POINT('',(-20.9195220808997,-51.874677575052,-56.3768240000002));
#2299=CARTESIAN_POINT('',(-20.9530002390748,-51.9450413126841,-56.3768240000002));
#2300=CARTESIAN_POINT('',(-20.9862656354374,-52.0155146041931,-56.3768240000003));
#2301=CARTESIAN_POINT('',(-21.0192734972328,-52.086001249276,-56.3768240000002));
#2302=CARTESIAN_POINT('',(-21.0520850027788,-52.1566314431453,-56.3768240000002));
#2303=CARTESIAN_POINT('',(-21.0846415283152,-52.2272787713142,-56.3768240000003));
#2304=CARTESIAN_POINT('',(-21.1169681388971,-52.2979957019408,-56.3768240000002));
#2305=CARTESIAN_POINT('',(-21.1490842986164,-52.3688252432207,-56.3768240000003));
#2306=CARTESIAN_POINT('',(-21.1809318656085,-52.4396374948796,-56.3768240000002));
#2307=CARTESIAN_POINT('',(-21.2125864554676,-52.5105999240649,-56.3768240000003));
#2308=CARTESIAN_POINT('',(-21.2439807812914,-52.5815613909154,-56.3768240000002));
#2309=CARTESIAN_POINT('',(-21.2751568529176,-52.6526150956194,-56.3768240000003));
#2310=CARTESIAN_POINT('',(-21.3061114952576,-52.7237542544608,-56.3768240000002));
#2311=CARTESIAN_POINT('',(-21.3368116017582,-52.7949010624611,-56.3768240000003));
#2312=CARTESIAN_POINT('',(-21.3673148018824,-52.8661888684469,-56.3768240000002));
#2313=CARTESIAN_POINT('',(-21.39755632677,-52.9374656353858,-56.3768240000003));
#2314=CARTESIAN_POINT('',(-21.4275877840075,-53.0088515287074,-56.3768240000002));
#2315=CARTESIAN_POINT('',(-21.4573897241184,-53.0803007420779,-56.3768240000003));
#2316=CARTESIAN_POINT('',(-21.4869484702349,-53.1517787651202,-56.3768240000002));
#2317=CARTESIAN_POINT('',(-21.5163065910029,-53.223388714583,-56.3768240000003));
#2318=CARTESIAN_POINT('',(-21.5454032507696,-53.2949812302352,-56.3768240000002));
#2319=CARTESIAN_POINT('',(-21.5742954698261,-53.3666954181704,-56.3768240000003));
#2320=CARTESIAN_POINT('',(-21.6029521928248,-53.4384545560657,-56.3768240000002));
#2321=CARTESIAN_POINT('',(-21.6313759801888,-53.5102634695743,-56.3768240000003));
#2322=CARTESIAN_POINT('',(-21.659590537922,-53.5821823053084,-56.3768240000003));
#2323=CARTESIAN_POINT('',(-21.7155204588936,-53.7260321062149,-56.3768240000002));
#2324=CARTESIAN_POINT('',(-21.7794918593089,-53.8943395035767,-56.3768240000003));
#2325=CARTESIAN_POINT('',(-21.8507675695986,-54.0871329888078,-56.3768240000003));
#2326=CARTESIAN_POINT('',(-21.9558770013779,-54.3768350757203,-56.3768240000003));
#2327=CARTESIAN_POINT('',(-22.1067910439162,-54.8133269759579,-56.3768240000003));
#2328=CARTESIAN_POINT('',(-22.2936294985115,-55.3993110574968,-56.3768240000003));
#2329=CARTESIAN_POINT('',(-22.5236477773512,-56.186019878703,-56.3768240000002));
#2330=CARTESIAN_POINT('',(-22.6998586968979,-56.8814132322861,-56.3768240000002));
#2331=CARTESIAN_POINT('',(-22.8329415649855,-57.482527486922,-56.3768240000003));
#2332=CARTESIAN_POINT('',(-22.885393364469,-57.7338458551938,-56.3768240000003));
#2333=CARTESIAN_POINT('',(-22.920523965314,-57.9101796722505,-56.3768240000003));
#2334=CARTESIAN_POINT('',(-22.9401537509656,-58.0111053209963,-56.3768240000002));
#2335=CARTESIAN_POINT('',(-22.9546406209551,-58.0868142384202,-56.3768240000002));
#2336=CARTESIAN_POINT('',(-22.9689130975126,-58.1626493749869,-56.3768240000003));
#2337=CARTESIAN_POINT('',(-22.9829503807816,-58.2385020507516,-56.3768240000002));
#2338=CARTESIAN_POINT('',(-22.9967638953299,-58.3144334513984,-56.3768240000003));
#2339=CARTESIAN_POINT('',(-23.0103533820792,-58.390445101675,-56.3768240000003));
#2340=CARTESIAN_POINT('',(-23.0237065021362,-58.4664672561058,-56.3768240000002));
#2341=CARTESIAN_POINT('',(-23.0368457087076,-58.5426301639438,-56.3768240000003));
#2342=CARTESIAN_POINT('',(-23.0497459729356,-58.6187903587564,-56.3768240000002));
#2343=CARTESIAN_POINT('',(-23.06665240048,-58.7204799161085,-56.3768240000003));
#2344=CARTESIAN_POINT('',(-23.083093155287,-58.8222370484903,-56.3768240000002));
#2345=CARTESIAN_POINT('',(-23.0990901445152,-58.9242050224241,-56.3768240000002));
#2346=CARTESIAN_POINT('',(-23.1147692683121,-59.0261750942578,-56.3768240000003));
#2347=CARTESIAN_POINT('',(-23.130002949638,-59.1283554984402,-56.3768240000002));
#2348=CARTESIAN_POINT('',(-23.14476614947,-59.2305858020374,-56.3768240000002));
#2349=CARTESIAN_POINT('',(-23.1556184285915,-59.3073906240934,-56.3768240000002));
#2350=CARTESIAN_POINT('',(-23.1662287749309,-59.3841745594472,-56.3768240000003));
#2351=CARTESIAN_POINT('',(-23.1766203231564,-59.4611067004454,-56.3768240000002));
#2352=CARTESIAN_POINT('',(-23.1867745645979,-59.5380548168512,-56.3768240000003));
#2353=CARTESIAN_POINT('',(-23.1966976420725,-59.6150640480225,-56.3768240000002));
#2354=CARTESIAN_POINT('',(-23.2063958620956,-59.6921895823003,-56.3768240000003));
#2355=CARTESIAN_POINT('',(-23.21585091644,-59.7692852751465,-56.3768240000002));
#2356=CARTESIAN_POINT('',(-23.2250880015716,-59.8465604936684,-56.3768240000003));
#2357=CARTESIAN_POINT('',(-23.234083009295,-59.9238187564494,-56.3768240000003));
#2358=CARTESIAN_POINT('',(-23.242848811193,-60.0011693483512,-56.3768240000003));
#2359=CARTESIAN_POINT('',(-23.2542289726983,-60.1044189171552,-56.3768240000002));
#2360=CARTESIAN_POINT('',(-23.2651308243702,-60.2076889870636,-56.3768240000002));
#2361=CARTESIAN_POINT('',(-23.2755610889758,-60.311044081641,-56.3768240000003));
#2362=CARTESIAN_POINT('',(-23.283138492342,-60.3885071099895,-56.3768240000002));
#2363=CARTESIAN_POINT('',(-23.2904744064543,-60.4659477559603,-56.3768240000002));
#2364=CARTESIAN_POINT('',(-23.2975753292848,-60.5434362462339,-56.3768240000003));
#2365=CARTESIAN_POINT('',(-23.3044270265993,-60.620809903191,-56.3768240000002));
#2366=CARTESIAN_POINT('',(-23.3110470874943,-60.6982634343951,-56.3768240000003));
#2367=CARTESIAN_POINT('',(-23.3174217929618,-60.7756356327278,-56.3768240000002));
#2368=CARTESIAN_POINT('',(-23.3235591304023,-60.853014304144,-56.3768240000003));
#2369=CARTESIAN_POINT('',(-23.329459710758,-60.9304095068362,-56.3768240000003));
#2370=CARTESIAN_POINT('',(-23.3351164539219,-61.0077193645456,-56.3768240000002));
#2371=CARTESIAN_POINT('',(-23.3405408540589,-61.085099298773,-56.3768240000003));
#2372=CARTESIAN_POINT('',(-23.3474487043861,-61.1881481169802,-56.3768240000002));
#2373=CARTESIAN_POINT('',(-23.3538867504155,-61.2912565984763,-56.3768240000002));
#2374=CARTESIAN_POINT('',(-23.3598451687621,-61.3942508424174,-56.3768240000003));
#2375=CARTESIAN_POINT('',(-23.3640810939706,-61.4715556690297,-56.3768240000002));
#2376=CARTESIAN_POINT('',(-23.3680757233336,-61.5487612306512,-56.3768240000002));
#2377=CARTESIAN_POINT('',(-23.3718368362707,-61.6260082724495,-56.3768240000003));
#2378=CARTESIAN_POINT('',(-23.3753608699459,-61.7032267032214,-56.3768240000002));
#2379=CARTESIAN_POINT('',(-23.3786479915771,-61.7804067238017,-56.3768240000003));
#2380=CARTESIAN_POINT('',(-23.3817016514684,-61.857632003804,-56.3768240000002));
#2381=CARTESIAN_POINT('',(-23.3845167077624,-61.9347626410827,-56.3768240000003));
#2382=CARTESIAN_POINT('',(-23.3870986641638,-62.0119401626037,-56.3768240000002));
#2383=CARTESIAN_POINT('',(-23.3949178234379,-62.2690502511211,-56.3768240000003));
#2384=CARTESIAN_POINT('',(-23.4022223259753,-62.7058199147515,-56.3768240000002));
#2385=CARTESIAN_POINT('',(-23.3960388210482,-63.5266690444193,-56.3768240000003));
#2386=CARTESIAN_POINT('',(-23.3511035187754,-64.5503748788244,-56.3768240000002));
#2387=CARTESIAN_POINT('',(-23.2567134466878,-65.5709296105817,-56.3768240000002));
#2388=CARTESIAN_POINT('',(-23.1645599936819,-66.2836711354144,-56.3768240000002));
#2389=CARTESIAN_POINT('',(-23.1044125966163,-66.690467511997,-56.3768240000003));
#2390=CARTESIAN_POINT('',(-23.0677575334481,-66.9191407261846,-56.3768240000002));
#2391=CARTESIAN_POINT('',(-23.0421499201065,-67.0714729360989,-56.3768240000002));
#2392=CARTESIAN_POINT('',(-23.0247584778193,-67.1730386636708,-56.3768240000003));
#2393=CARTESIAN_POINT('',(-23.0069038492531,-67.2745241371406,-56.3768240000003));
#2394=CARTESIAN_POINT('',(-22.9885618114296,-67.3760593822479,-56.3768240000002));
#2395=CARTESIAN_POINT('',(-22.9699187911598,-67.4774937142469,-56.3768240000003));
#2396=CARTESIAN_POINT('',(-22.9507871737589,-67.5789759102821,-56.3768240000003));
#2397=CARTESIAN_POINT('',(-22.9311958556258,-67.680347197235,-56.3768240000003));
#2398=CARTESIAN_POINT('',(-22.9162508046909,-67.7564307082704,-56.3768240000003));
#2399=CARTESIAN_POINT('',(-22.9010839056863,-67.8324167936302,-56.3768240000002));
#2400=CARTESIAN_POINT('',(-22.8856637607295,-67.9084618761669,-56.3768240000002));
#2401=CARTESIAN_POINT('',(-22.8700126339809,-67.9844528982956,-56.3768240000003));
#2402=CARTESIAN_POINT('',(-22.8541252070857,-68.0604165799095,-56.3768240000003));
#2403=CARTESIAN_POINT('',(-22.8379863536662,-68.136421546708,-56.3768240000002));
#2404=CARTESIAN_POINT('',(-22.8216274892642,-68.2123198667709,-56.3768240000003));
#2405=CARTESIAN_POINT('',(-22.8050063315654,-68.2883058145358,-56.3768240000003));
#2406=CARTESIAN_POINT('',(-22.7881599261354,-68.3642070387185,-56.3768240000003));
#2407=CARTESIAN_POINT('',(-22.7710698273894,-68.4401074426814,-56.3768240000002));
#2408=CARTESIAN_POINT('',(-22.7537303615337,-68.5160283633351,-56.3768240000002));
#2409=CARTESIAN_POINT('',(-22.7361685200315,-68.5918517225448,-56.3768240000003));
#2410=CARTESIAN_POINT('',(-22.718349904087,-68.6677248132406,-56.3768240000002));
#2411=CARTESIAN_POINT('',(-22.7003017495591,-68.7435290268154,-56.3768240000002));
#2412=CARTESIAN_POINT('',(-22.6820331248998,-68.8192280436817,-56.3768240000003));
#2413=CARTESIAN_POINT('',(-22.6635447059306,-68.8948215518941,-56.3768240000002));
#2414=CARTESIAN_POINT('',(-22.6448162794267,-68.9703916421504,-56.3768240000003));
#2415=CARTESIAN_POINT('',(-22.6258923318717,-69.0457615444489,-56.3768240000002));
#2416=CARTESIAN_POINT('',(-22.6067228955883,-69.1211319855545,-56.3768240000003));
#2417=CARTESIAN_POINT('',(-22.5873468273729,-69.1963501743249,-56.3768240000002));
#2418=CARTESIAN_POINT('',(-22.5677465899509,-69.2714873611947,-56.3768240000003));
#2419=CARTESIAN_POINT('',(-22.5479148254863,-69.346571001615,-56.3768240000002));
#2420=CARTESIAN_POINT('',(-22.5278829472928,-69.421484821741,-56.3768240000003));
#2421=CARTESIAN_POINT('',(-22.507607991817,-69.4963901855387,-56.3768240000003));
#2422=CARTESIAN_POINT('',(-22.480307695263,-69.5960431050239,-56.3768240000003));
#2423=CARTESIAN_POINT('',(-22.4525447053709,-69.6955942663543,-56.3768240000003));
#2424=CARTESIAN_POINT('',(-22.4243669584199,-69.7948759239108,-56.3768240000003));
#2425=CARTESIAN_POINT('',(-22.4029941961383,-69.8693162157765,-56.3768240000002));
#2426=CARTESIAN_POINT('',(-22.3814249381896,-69.943586827775,-56.3768240000002));
#2427=CARTESIAN_POINT('',(-22.3596232159213,-70.0178134924195,-56.3768240000003));
#2428=CARTESIAN_POINT('',(-22.3376049821074,-70.0919413439919,-56.3768240000002));
#2429=CARTESIAN_POINT('',(-22.3153777914135,-70.1659471481844,-56.3768240000003));
#2430=CARTESIAN_POINT('',(-22.2929132123218,-70.2399252098167,-56.3768240000002));
#2431=CARTESIAN_POINT('',(-22.2702560754952,-70.3137292252767,-56.3768240000003));
#2432=CARTESIAN_POINT('',(-22.2473627372056,-70.3875025846989,-56.3768240000002));
#2433=CARTESIAN_POINT('',(-22.2165613323401,-70.485703755901,-56.3768240000003));
#2434=CARTESIAN_POINT('',(-22.1853133561419,-70.5837608035659,-56.3768240000002));
#2435=CARTESIAN_POINT('',(-22.1536512590119,-70.6815751523289,-56.3768240000003));
#2436=CARTESIAN_POINT('',(-22.1216830419219,-70.7793213752238,-56.3768240000002));
#2437=CARTESIAN_POINT('',(-22.0650021661994,-70.9499941362384,-56.3768240000003));
#2438=CARTESIAN_POINT('',(-21.9485958896299,-71.2901244462255,-56.3768240000002));
#2439=CARTESIAN_POINT('',(-21.7037388591576,-71.9652234256759,-56.3768240000003));
#2440=CARTESIAN_POINT('',(-21.3964456463805,-72.7251581733723,-56.3768240000003));
#2441=CARTESIAN_POINT('',(-21.0617698492197,-73.4734852753109,-56.3768240000002));
#2442=CARTESIAN_POINT('',(-20.841168719022,-73.9363418253231,-56.3768240000002));
#2443=CARTESIAN_POINT('',(-20.6807247506925,-74.2577969747619,-56.3768240000003));
#2444=CARTESIAN_POINT('',(-20.5873225467324,-74.440746625298,-56.3768240000002));
#2445=CARTESIAN_POINT('',(-20.4927735567171,-74.6232013667801,-56.3768240000003));
#2446=CARTESIAN_POINT('',(-20.4084983730889,-74.7822681219538,-56.3768240000002));
#2447=CARTESIAN_POINT('',(-20.335229113224,-74.9180581197244,-56.3768240000003));
#2448=CARTESIAN_POINT('',(-20.2983464803949,-74.9859184726535,-56.3768240000002));
#2449=CARTESIAN_POINT('',(-20.2612725218878,-75.0536392056362,-56.3768240000003));
#2450=CARTESIAN_POINT('',(-20.2239709896005,-75.1212867109098,-56.3768240000002));
#2451=CARTESIAN_POINT('',(-20.186445441632,-75.1888533525333,-56.3768240000003));
#2452=CARTESIAN_POINT('',(-20.1487283325747,-75.2562809812762,-56.3768240000002));
#2453=CARTESIAN_POINT('',(-20.1107540467391,-75.323685937667,-56.3768240000002));
#2454=CARTESIAN_POINT('',(-20.0598769275311,-75.4133540397899,-56.3768240000003));
#2455=CARTESIAN_POINT('',(-20.0085232026855,-75.5029065992755,-56.3768240000003));
#2456=CARTESIAN_POINT('',(-19.9567744545745,-75.5921993784974,-56.3768240000003));
#2457=CARTESIAN_POINT('',(-19.9177061211254,-75.6591406539321,-56.3768240000002));
#2458=CARTESIAN_POINT('',(-19.87845951587,-75.7259185783211,-56.3768240000003));
#2459=CARTESIAN_POINT('',(-19.838959133039,-75.7926613940635,-56.3768240000002));
#2460=CARTESIAN_POINT('',(-19.7992541408282,-75.859284739414,-56.3768240000003));
#2461=CARTESIAN_POINT('',(-19.7593397318154,-75.925797028376,-56.3768240000003));
#2462=CARTESIAN_POINT('',(-19.7191718978359,-75.9922702003461,-56.3768240000002));
#2463=CARTESIAN_POINT('',(-19.6788307072616,-76.0585716395571,-56.3768240000003));
#2464=CARTESIAN_POINT('',(-19.6382185820644,-76.1248610880119,-56.3768240000003));
#2465=CARTESIAN_POINT('',(-19.5974162939327,-76.1910054486826,-56.3768240000002));
#2466=CARTESIAN_POINT('',(-19.556390445675,-76.2570592205864,-56.3768240000003));
#2467=CARTESIAN_POINT('',(-19.5151169952302,-76.3230594886229,-56.3768240000002));
#2468=CARTESIAN_POINT('',(-19.4736734457298,-76.3888824797359,-56.3768240000003));
#2469=CARTESIAN_POINT('',(-19.4319457615172,-76.454708436377,-56.3768240000002));
#2470=CARTESIAN_POINT('',(-19.3900326090104,-76.5203803016407,-56.3768240000002));
#2471=CARTESIAN_POINT('',(-19.3479247886834,-76.5859131546408,-56.3768240000003));
#2472=CARTESIAN_POINT('',(-19.3056346264706,-76.6512882870371,-56.3768240000002));
#2473=CARTESIAN_POINT('',(-19.2631234844582,-76.7165650581003,-56.3768240000003));
#2474=CARTESIAN_POINT('',(-19.2204979931456,-76.7815810027985,-56.3768240000002));
#2475=CARTESIAN_POINT('',(-19.1776398548066,-76.8465174231911,-56.3768240000003));
#2476=CARTESIAN_POINT('',(-19.1346331208493,-76.9112468561269,-56.3768240000002));
#2477=CARTESIAN_POINT('',(-19.0914465201906,-76.975817867725,-56.3768240000003));
#2478=CARTESIAN_POINT('',(-19.048053448177,-77.0402698910316,-56.3768240000002));
#2479=CARTESIAN_POINT('',(-19.0045323436241,-77.1044876221419,-56.3768240000003));
#2480=CARTESIAN_POINT('',(-18.9607833093796,-77.1686188910193,-56.3768240000003));
#2481=CARTESIAN_POINT('',(-18.9022691036824,-77.2538339833365,-56.3768240000003));
#2482=CARTESIAN_POINT('',(-18.8433538844828,-77.33879654562,-56.3768240000003));
#2483=CARTESIAN_POINT('',(-18.7841356875318,-77.4233672426688,-56.3768240000003));
#2484=CARTESIAN_POINT('',(-18.7246316156301,-77.5077971055865,-56.3768240000002));
#2485=CARTESIAN_POINT('',(-18.6648264884221,-77.5918352553651,-56.3768240000003));
#2486=CARTESIAN_POINT('',(-18.6046329344183,-77.6756066903911,-56.3768240000002));
#2487=CARTESIAN_POINT('',(-18.5593394137506,-77.7382384938436,-56.3768240000002));
#2488=CARTESIAN_POINT('',(-18.513828650789,-77.8007689180339,-56.3768240000003));
#2489=CARTESIAN_POINT('',(-18.4681918950131,-77.8630730986705,-56.3768240000003));
#2490=CARTESIAN_POINT('',(-18.4223456528877,-77.9252657310097,-56.3768240000003));
#2491=CARTESIAN_POINT('',(-18.3303309835507,-78.0492963898183,-56.3768240000002));
#2492=CARTESIAN_POINT('',(-18.1290596364333,-78.3163323979543,-56.3768240000003));
#2493=CARTESIAN_POINT('',(-17.8124681872383,-78.7208166385869,-56.3768240000002));
#2494=CARTESIAN_POINT('',(-17.2911719698502,-79.3545627068668,-56.3768240000003));
#2495=CARTESIAN_POINT('',(-16.7478085445832,-79.9682795039831,-56.3768240000002));
#2496=CARTESIAN_POINT('',(-16.2531543566125,-80.4877292429825,-56.3768240000003));
#2497=CARTESIAN_POINT('',(-16.0009606840343,-80.7431099759695,-56.3768240000002));
#2498=CARTESIAN_POINT('',(-15.8555165797658,-80.8877402102087,-56.3768240000002));
#2499=CARTESIAN_POINT('',(-15.7639902252136,-80.9776579388166,-56.3768240000003));
#2500=CARTESIAN_POINT('',(-15.6904759850192,-81.0492264047696,-56.3768240000002));
#2501=CARTESIAN_POINT('',(-15.6166706982918,-81.1206437483556,-56.3768240000003));
#2502=CARTESIAN_POINT('',(-15.5425885415283,-81.1916795831415,-56.3768240000002));
#2503=CARTESIAN_POINT('',(-15.4680946426503,-81.2624626736801,-56.3768240000003));
#2504=CARTESIAN_POINT('',(-15.4120722263084,-81.3153717312276,-56.3768240000003));
#2505=CARTESIAN_POINT('',(-15.3559004274638,-81.368100588985,-56.3768240000002));
#2506=CARTESIAN_POINT('',(-15.2807014015773,-81.4382621771154,-56.3768240000003));
#2507=CARTESIAN_POINT('',(-15.2052398487012,-81.5080287671551,-56.3768240000002));
#2508=CARTESIAN_POINT('',(-15.1293498564911,-81.577552967338,-56.3768240000003));
#2509=CARTESIAN_POINT('',(-15.0722861440996,-81.6295118226621,-56.3768240000002));
#2510=CARTESIAN_POINT('',(-15.0150740015751,-81.6812889840112,-56.3768240000003));
#2511=CARTESIAN_POINT('',(-14.9384752093215,-81.7501885314954,-56.3768240000003));
#2512=CARTESIAN_POINT('',(-14.8616273837842,-81.8186806568272,-56.3768240000002));
#2513=CARTESIAN_POINT('',(-14.7843344447324,-81.8869391453723,-56.3768240000003));
#2514=CARTESIAN_POINT('',(-14.7262246887544,-81.9379424308661,-56.3768240000002));
#2515=CARTESIAN_POINT('',(-14.6679657007648,-81.9887638238236,-56.3768240000003));
#2516=CARTESIAN_POINT('',(-14.5899600827483,-82.0563933898982,-56.3768240000002));
#2517=CARTESIAN_POINT('',(-14.5117174610503,-82.1236046302465,-56.3768240000003));
#2518=CARTESIAN_POINT('',(-14.4330132916278,-82.190589248007,-56.3768240000002));
#2519=CARTESIAN_POINT('',(-14.3738516786738,-82.240630617027,-56.3768240000002));
#2520=CARTESIAN_POINT('',(-14.3145381732773,-82.2904911162906,-56.3768240000003));
#2521=CARTESIAN_POINT('',(-14.2351172227546,-82.3568414515334,-56.3768240000002));
#2522=CARTESIAN_POINT('',(-14.1554697740858,-82.4227639706145,-56.3768240000003));
#2523=CARTESIAN_POINT('',(-14.0753445387139,-82.4884652463149,-56.3768240000002));
#2524=CARTESIAN_POINT('',(-14.0151243257057,-82.5375372146478,-56.3768240000002));
#2525=CARTESIAN_POINT('',(-13.9547468173578,-82.5864310710561,-56.3768240000003));
#2526=CARTESIAN_POINT('',(-13.894114353839,-82.6352247397905,-56.3768240000003));
#2527=CARTESIAN_POINT('',(-13.8333624648335,-82.6838084841166,-56.3768240000002));
#2528=CARTESIAN_POINT('',(-13.772449504414,-82.7322161188584,-56.3768240000003));
#2529=CARTESIAN_POINT('',(-13.7112881679594,-82.7805158852047,-56.3768240000003));
#2530=CARTESIAN_POINT('',(-13.6500053159976,-82.828607020527,-56.3768240000002));
#2531=CARTESIAN_POINT('',(-13.5885709560517,-82.8765133206351,-56.3768240000003));
#2532=CARTESIAN_POINT('',(-13.527043237592,-82.9241898066044,-56.3768240000002));
#2533=CARTESIAN_POINT('',(-13.4653528717162,-82.9716905296918,-56.3768240000003));
#2534=CARTESIAN_POINT('',(-13.4035320539507,-83.0189904097384,-56.3768240000002));
#2535=CARTESIAN_POINT('',(-13.3416685922009,-83.0660233707152,-56.3768240000003));
#2536=CARTESIAN_POINT('',(-13.2796308804831,-83.1128900382482,-56.3768240000002));
#2537=CARTESIAN_POINT('',(-13.2174712929137,-83.1595504533199,-56.3768240000002));
#2538=CARTESIAN_POINT('',(-13.1552612451489,-83.2059521046995,-56.3768240000003));
#2539=CARTESIAN_POINT('',(-13.0928810996779,-83.2521846950578,-56.3768240000002));
#2540=CARTESIAN_POINT('',(-13.0303830078002,-83.2982092537701,-56.3768240000003));
#2541=CARTESIAN_POINT('',(-12.9678281150888,-83.3439817671973,-56.3768240000002));
#2542=CARTESIAN_POINT('',(-12.9051069553517,-83.3895827313697,-56.3768240000003));
#2543=CARTESIAN_POINT('',(-12.8422714387044,-83.434974144492,-56.3768240000002));
#2544=CARTESIAN_POINT('',(-12.7793731033274,-83.4801197138269,-56.3768240000003));
#2545=CARTESIAN_POINT('',(-12.7163123212046,-83.5250912821825,-56.3768240000002));
#2546=CARTESIAN_POINT('',(-12.6531403469798,-83.5698520888502,-56.3768240000003));
#2547=CARTESIAN_POINT('',(-12.5898998828421,-83.6143727393717,-56.3768240000002));
#2548=CARTESIAN_POINT('',(-12.5265007777372,-83.658716976417,-56.3768240000003));
#2549=CARTESIAN_POINT('',(-12.4629932200445,-83.702849533667,-56.3768240000002));
#2550=CARTESIAN_POINT('',(-12.3994118495294,-83.7467471283613,-56.3768240000003));
#2551=CARTESIAN_POINT('',(-12.3356756312734,-83.7904659343932,-56.3768240000002));
#2552=CARTESIAN_POINT('',(-12.2718332720702,-83.8339724205918,-56.3768240000003));
#2553=CARTESIAN_POINT('',(-12.2079121276385,-83.8772486624259,-56.3768240000002));
#2554=CARTESIAN_POINT('',(-12.1438399179704,-83.9203437759709,-56.3768240000003));
#2555=CARTESIAN_POINT('',(-12.0796634481855,-83.96322619372,-56.3768240000002));
#2556=CARTESIAN_POINT('',(-12.0154035738585,-84.0058826277103,-56.3768240000003));
#2557=CARTESIAN_POINT('',(-11.9509964074315,-84.0483556279619,-56.3768240000002));
#2558=CARTESIAN_POINT('',(-11.8864864293624,-84.090615805876,-56.3768240000003));
#2559=CARTESIAN_POINT('',(-11.8218887768427,-84.1326538242147,-56.3768240000002));
#2560=CARTESIAN_POINT('',(-11.7571476216992,-84.1745061210592,-56.3768240000003));
#2561=CARTESIAN_POINT('',(-11.6923045781742,-84.2161457608342,-56.3768240000002));
#2562=CARTESIAN_POINT('',(-11.6273702756572,-84.2575664378873,-56.3768240000003));
#2563=CARTESIAN_POINT('',(-11.5622950354392,-84.2987998959135,-56.3768240000003));
#2564=CARTESIAN_POINT('',(-11.4753989064268,-84.3534910377718,-56.3768240000003));
#2565=CARTESIAN_POINT('',(-11.2358215027298,-84.502760899178,-56.3768240000002));
#2566=CARTESIAN_POINT('',(-10.6647332807043,-84.8466734045126,-56.3768240000003));
#2567=CARTESIAN_POINT('',(-9.94769969420258,-85.2437387419393,-56.3768240000002));
#2568=CARTESIAN_POINT('',(-9.30789742019342,-85.5682836821499,-56.3768240000003));
#2569=CARTESIAN_POINT('',(-8.93879010857619,-85.747161947872,-56.3768240000002));
#2570=CARTESIAN_POINT('',(-8.70657788467415,-85.8562434608085,-56.3768240000003));
#2571=CARTESIAN_POINT('',(-8.5199719755017,-85.9418389555885,-56.3768240000002));
#2572=CARTESIAN_POINT('',(-8.40291622122255,-85.9946750577755,-56.3768240000002));
#2573=CARTESIAN_POINT('',(-8.30911214761153,-86.0365031640495,-56.3768240000003));
#2574=CARTESIAN_POINT('',(-8.23860204262681,-86.0676882217448,-56.3768240000002));
#2575=CARTESIAN_POINT('',(-8.16799377343858,-86.0986606666133,-56.3768240000003));
#2576=CARTESIAN_POINT('',(-8.07374649158214,-86.1396619188411,-56.3768240000002));
#2577=CARTESIAN_POINT('',(-7.97918653710102,-86.180287969966,-56.3768240000003));
#2578=CARTESIAN_POINT('',(-7.88450255076445,-86.2204571137293,-56.3768240000002));
#2579=CARTESIAN_POINT('',(-7.81331324783393,-86.2504039331027,-56.3768240000003));
#2580=CARTESIAN_POINT('',(-7.74203417002653,-86.2801336014495,-56.3768240000002));
#2581=CARTESIAN_POINT('',(-7.6469010761354,-86.3194736071053,-56.3768240000003));
#2582=CARTESIAN_POINT('',(-7.55143009945077,-86.3584441446236,-56.3768240000003));
#2583=CARTESIAN_POINT('',(-7.45586130104545,-86.3969464637612,-56.3768240000003));
#2584=CARTESIAN_POINT('',(-7.38398830396891,-86.4256484114514,-56.3768240000002));
#2585=CARTESIAN_POINT('',(-7.31203418933458,-86.4541286829591,-56.3768240000003));
#2586=CARTESIAN_POINT('',(-7.24002109545023,-86.4823790249673,-56.3768240000003));
#2587=CARTESIAN_POINT('',(-7.16780495531953,-86.510455362321,-56.3768240000002));
#2588=CARTESIAN_POINT('',(-7.09551209091603,-86.5383078078041,-56.3768240000003));
#2589=CARTESIAN_POINT('',(-7.02316464759975,-86.5659283642699,-56.3768240000003));
#2590=CARTESIAN_POINT('',(-6.95060298897171,-86.5933773237527,-56.3768240000002));
#2591=CARTESIAN_POINT('',(-6.87797056271464,-86.620599585423,-56.3768240000003));
#2592=CARTESIAN_POINT('',(-6.80528772248929,-86.6475881261534,-56.3768240000002));
#2593=CARTESIAN_POINT('',(-6.7323788987267,-86.6744074066228,-56.3768240000003));
#2594=CARTESIAN_POINT('',(-6.65940579003022,-86.7009970517089,-56.3768240000002));
#2595=CARTESIAN_POINT('',(-6.58638646354382,-86.7273511568412,-56.3768240000003));
#2596=CARTESIAN_POINT('',(-6.51312876271836,-86.7535382630001,-56.3768240000002));
#2597=CARTESIAN_POINT('',(-6.43981355608866,-86.7794927548089,-56.3768240000002));
#2598=CARTESIAN_POINT('',(-6.3664573423681,-86.8052095723822,-56.3768240000003));
#2599=CARTESIAN_POINT('',(-6.2928460432535,-86.830762794538,-56.3768240000003));
#2600=CARTESIAN_POINT('',(-6.19464908091555,-86.8645133427133,-56.3768240000003));
#2601=CARTESIAN_POINT('',(-6.09627799623812,-86.8978186720803,-56.3768240000003));
#2602=CARTESIAN_POINT('',(-5.99778314674152,-86.9306618398135,-56.3768240000003));
#2603=CARTESIAN_POINT('',(-5.92378770523149,-86.9550836251346,-56.3768240000002));
#2604=CARTESIAN_POINT('',(-5.84990165025003,-86.979218484356,-56.3768240000002));
#2605=CARTESIAN_POINT('',(-5.77590372044512,-87.0031397111642,-56.3768240000003));
#2606=CARTESIAN_POINT('',(-5.70180441444898,-87.0268430876421,-56.3768240000002));
#2607=CARTESIAN_POINT('',(-5.62779842666805,-87.0502672826819,-56.3768240000003));
#2608=CARTESIAN_POINT('',(-5.55368610009045,-87.073476338498,-56.3768240000002));
#2609=CARTESIAN_POINT('',(-5.47947991150639,-87.0964656342245,-56.3768240000003));
#2610=CARTESIAN_POINT('',(-5.40535548716176,-87.119181637808,-56.3768240000003));
#2611=CARTESIAN_POINT('',(-5.33112915883803,-87.1416813962195,-56.3768240000002));
#2612=CARTESIAN_POINT('',(-5.25681624890149,-87.1639596303195,-56.3768240000003));
#2613=CARTESIAN_POINT('',(-5.18257399020302,-87.1859700187004,-56.3768240000002));
#2614=CARTESIAN_POINT('',(-5.10823425306184,-87.2077630830933,-56.3768240000003));
#2615=CARTESIAN_POINT('',(-5.033814694139,-87.2293330871291,-56.3768240000002));
#2616=CARTESIAN_POINT('',(-4.9594551858053,-87.2506402440104,-56.3768240000002));
#2617=CARTESIAN_POINT('',(-4.88500259680471,-87.2717290311146,-56.3768240000003));
#2618=CARTESIAN_POINT('',(-4.8104764352018,-87.2925934315482,-56.3768240000002));
#2619=CARTESIAN_POINT('',(-4.73600022928454,-87.3131995566235,-56.3768240000003));
#2620=CARTESIAN_POINT('',(-4.66143531103967,-87.3335862988935,-56.3768240000002));
#2621=CARTESIAN_POINT('',(-4.58680257924713,-87.3537475179522,-56.3768240000003));
#2622=CARTESIAN_POINT('',(-4.51221014651744,-87.3736546412151,-56.3768240000002));
#2623=CARTESIAN_POINT('',(-4.43753357300559,-87.3933413461504,-56.3768240000003));
#2624=CARTESIAN_POINT('',(-4.36279359880109,-87.4128017675909,-56.3768240000003));
#2625=CARTESIAN_POINT('',(-4.26318601151952,-87.4384142713691,-56.3768240000003));
#2626=CARTESIAN_POINT('',(-4.16339574968557,-87.4635894513508,-56.3768240000003));
#2627=CARTESIAN_POINT('',(-4.06362812595946,-87.4882761105272,-56.3768240000003));
#2628=CARTESIAN_POINT('',(-3.98872976636185,-87.5065681385492,-56.3768240000002));
#2629=CARTESIAN_POINT('',(-3.913776817232,-87.5246324759323,-56.3768240000003));
#2630=CARTESIAN_POINT('',(-3.81386004828499,-87.5483928944465,-56.3768240000002));
#2631=CARTESIAN_POINT('',(-3.68877935251171,-87.5775366187354,-56.3768240000003));
#2632=CARTESIAN_POINT('',(-3.56365691860518,-87.6058911736217,-56.3768240000003));
#2633=CARTESIAN_POINT('',(-3.46343121904441,-87.6281252916929,-56.3768240000002));
#2634=CARTESIAN_POINT('',(-3.31309324447257,-87.6609986222398,-56.3768240000002));
#2635=CARTESIAN_POINT('',(-3.08722627288723,-87.7085976439465,-56.3768240000003));
#2636=CARTESIAN_POINT('',(-2.68496046941481,-87.788294187254,-56.3768240000002));
#2637=CARTESIAN_POINT('',(-2.18066258705645,-87.878721163366,-56.3768240000002));
#2638=CARTESIAN_POINT('',(-1.57315829394401,-87.9725448463559,-56.3768240000003));
#2639=CARTESIAN_POINT('',(-0.963315233849879,-88.051672746105,-56.3768240000002));
#2640=CARTESIAN_POINT('',(-0.504198007418177,-88.0999725638239,-56.3768240000003));
#2641=CARTESIAN_POINT('',(-0.19734090316973,-88.1275564431144,-56.3768240000002));
#2642=CARTESIAN_POINT('',(-0.0437919452124576,-88.1404207262823,-56.3768240000003));
#2643=CARTESIAN_POINT('',(0.109908055896919,-88.1523591361692,-56.3768240000002));
#2644=CARTESIAN_POINT('',(0.238151987025098,-88.1615371540947,-56.3768240000002));
#2645=CARTESIAN_POINT('',(0.34076965778504,-88.1684113952835,-56.3768240000002));
#2646=CARTESIAN_POINT('',(0.417795874600031,-88.1733363661137,-56.3768240000003));
#2647=CARTESIAN_POINT('',(0.494873599801102,-88.1780293701344,-56.3768240000002));
#2648=CARTESIAN_POINT('',(0.57194101841758,-88.1824866765696,-56.3768240000003));
#2649=CARTESIAN_POINT('',(0.649081896492963,-88.1867130140668,-56.3768240000002));
#2650=CARTESIAN_POINT('',(0.726271693188492,-88.1907064416711,-56.3768240000002));
#2651=CARTESIAN_POINT('',(0.803447087593706,-88.1944637518114,-56.3768240000002));
#2652=CARTESIAN_POINT('',(0.88070230312943,-88.1979893782492,-56.3768240000003));
#2653=CARTESIAN_POINT('',(0.958004604493674,-88.2012811771693,-56.3768240000002));
#2654=CARTESIAN_POINT('',(1.03528804097936,-88.2043364379491,-56.3768240000003));
#2655=CARTESIAN_POINT('',(1.11265831468088,-88.2071591481786,-56.3768240000002));
#2656=CARTESIAN_POINT('',(1.19007331165895,-88.2097470659414,-56.3768240000002));
#2657=CARTESIAN_POINT('',(1.26746495495747,-88.2120980473019,-56.3768240000003));
#2658=CARTESIAN_POINT('',(1.34495102338426,-88.2142154369554,-56.3768240000002));
#2659=CARTESIAN_POINT('',(1.4224789408702,-88.2160970364701,-56.3768240000002));
#2660=CARTESIAN_POINT('',(1.49997898033853,-88.2177413236311,-56.3768240000003));
#2661=CARTESIAN_POINT('',(1.57758161707464,-88.219150787156,-56.3768240000002));
#2662=CARTESIAN_POINT('',(1.65522270721446,-88.220323443272,-56.3768240000003));
#2663=CARTESIAN_POINT('',(1.73283136492526,-88.2212584337275,-56.3768240000002));
#2664=CARTESIAN_POINT('',(1.81055135723548,-88.2219571609801,-56.3768240000003));
#2665=CARTESIAN_POINT('',(1.88830598918047,-88.2224180563533,-56.3768240000002));
#2666=CARTESIAN_POINT('',(1.966023186963,-88.2226409594464,-56.3768240000003));
#2667=CARTESIAN_POINT('',(2.04386258045405,-88.2226259210331,-56.3768240000002));
#2668=CARTESIAN_POINT('',(2.12172659947954,-88.222372082636,-56.3768240000003));
#2669=CARTESIAN_POINT('',(2.19956928075238,-88.2218797661215,-56.3768240000002));
#2670=CARTESIAN_POINT('',(2.27746673574532,-88.221148268449,-56.3768240000003));
#2671=CARTESIAN_POINT('',(2.35535860626649,-88.2201779082448,-56.3768240000002));
#2672=CARTESIAN_POINT('',(2.43327892493789,-88.2189680487346,-56.3768240000003));
#2673=CARTESIAN_POINT('',(2.51107197682556,-88.2175215469871,-56.3768240000002));
#2674=CARTESIAN_POINT('',(2.58883750439768,-88.2158374469618,-56.3768240000003));
#2675=CARTESIAN_POINT('',(2.66663556813427,-88.2139140990161,-56.3768240000002));
#2676=CARTESIAN_POINT('',(2.74429895061431,-88.2117561106394,-56.3768240000003));
#2677=CARTESIAN_POINT('',(2.82193812786485,-88.2093613025444,-56.3768240000002));
#2678=CARTESIAN_POINT('',(2.89960529751685,-88.2067276972955,-56.3768240000003));
#2679=CARTESIAN_POINT('',(2.97713973318093,-88.2038612218627,-56.3768240000002));
#2680=CARTESIAN_POINT('',(3.05465292115092,-88.2007585864958,-56.3768240000003));
#2681=CARTESIAN_POINT('',(3.13218962596109,-88.1974176263817,-56.3768240000002));
#2682=CARTESIAN_POINT('',(3.20959571660928,-88.1938454563379,-56.3768240000003));
#2683=CARTESIAN_POINT('',(3.2869841199553,-88.1900376478167,-56.3768240000003));
#2684=CARTESIAN_POINT('',(3.39018840199523,-88.1846436915249,-56.3768240000003));
#2685=CARTESIAN_POINT('',(3.49316850781963,-88.1787890844666,-56.3768240000003));
#2686=CARTESIAN_POINT('',(3.59620835490631,-88.1724586174943,-56.3768240000003));
#2687=CARTESIAN_POINT('',(3.67335970780617,-88.1674826169757,-56.3768240000002));
#2688=CARTESIAN_POINT('',(3.75049785113029,-88.1622718214838,-56.3768240000003));
#2689=CARTESIAN_POINT('',(3.85335573302275,-88.1550087846449,-56.3768240000002));
#2690=CARTESIAN_POINT('',(3.95600621615689,-88.1472894622,-56.3768240000003));
#2691=CARTESIAN_POINT('',(4.05870109990672,-88.1390956726509,-56.3768240000003));
#2692=CARTESIAN_POINT('',(4.13560143371309,-88.1327245580262,-56.3768240000003));
#2693=CARTESIAN_POINT('',(4.21248987192945,-88.1261193201275,-56.3768240000002));
#2694=CARTESIAN_POINT('',(4.31500302867619,-88.1169986786781,-56.3768240000003));
#2695=CARTESIAN_POINT('',(4.4173267312842,-88.1074249049319,-56.3768240000002));
#2696=CARTESIAN_POINT('',(4.51967742309851,-88.0973783444563,-56.3768240000003));
#2697=CARTESIAN_POINT('',(4.59632943145651,-88.0896192969213,-56.3768240000002));
#2698=CARTESIAN_POINT('',(4.67296866179606,-88.0816267338413,-56.3768240000003));
#2699=CARTESIAN_POINT('',(4.77513839632732,-88.0706580323778,-56.3768240000002));
#2700=CARTESIAN_POINT('',(4.8771375205125,-88.0592381286647,-56.3768240000003));
#2701=CARTESIAN_POINT('',(4.9791451814509,-88.0473473812514,-56.3768240000002));
#2702=CARTESIAN_POINT('',(5.08101699496439,-88.0351593862636,-56.3768240000002));
#2703=CARTESIAN_POINT('',(5.20834379699869,-88.0193385555141,-56.3768240000002));
#2704=CARTESIAN_POINT('',(5.33544645871675,-88.0027629945361,-56.3768240000003));
#2705=CARTESIAN_POINT('',(5.43710825465794,-87.9890353216401,-56.3768240000003));
#2706=CARTESIAN_POINT('',(5.58943753504931,-87.9679959882207,-56.3768240000002));
#2707=CARTESIAN_POINT('',(6.12203965695015,-87.8903210312246,-56.3768240000003));
#2708=CARTESIAN_POINT('',(6.82818000640162,-87.7654113415902,-56.3768240000002));
#2709=CARTESIAN_POINT('',(7.52974871492259,-87.6148708329903,-56.3768240000003));
#2710=CARTESIAN_POINT('',(7.87933589885102,-87.5331852179445,-56.3768240000002));
#2711=CARTESIAN_POINT('',(8.07878655530273,-87.4846648537705,-56.3768240000002));
#2712=CARTESIAN_POINT('',(8.22821527848658,-87.4473522333772,-56.3768240000002));
#2713=CARTESIAN_POINT('',(8.35255465873828,-87.4155024048869,-56.3768240000003));
#2714=CARTESIAN_POINT('',(8.45199910560452,-87.3895466470106,-56.3768240000003));
#2715=CARTESIAN_POINT('',(8.52650872719902,-87.3698573090098,-56.3768240000002));
#2716=CARTESIAN_POINT('',(8.60096932272842,-87.349939114073,-56.3768240000002));
#2717=CARTESIAN_POINT('',(8.70025363836374,-87.323057227621,-56.3768240000003));
#2718=CARTESIAN_POINT('',(8.79936923796848,-87.2957359947261,-56.3768240000002));
#2719=CARTESIAN_POINT('',(8.89848670881038,-87.2679276075909,-56.3768240000003));
#2720=CARTESIAN_POINT('',(8.9727399146424,-87.2468513910576,-56.3768240000002));
#2721=CARTESIAN_POINT('',(9.04694865587459,-87.2255439875337,-56.3768240000003));
#2722=CARTESIAN_POINT('',(9.12116305548667,-87.203990397059,-56.3768240000002));
#2723=CARTESIAN_POINT('',(9.1952874431795,-87.1822181655083,-56.3768240000002));
#2724=CARTESIAN_POINT('',(9.26937011965222,-87.1602132668617,-56.3768240000002));
#2725=CARTESIAN_POINT('',(9.3434596612482,-87.1379606174938,-56.3768240000002));
#2726=CARTESIAN_POINT('',(9.41745486830057,-87.1154903722204,-56.3768240000002));
#2727=CARTESIAN_POINT('',(9.49141137132574,-87.0927857894508,-56.3768240000003));
#2728=CARTESIAN_POINT('',(9.56537552072897,-87.0698319247161,-56.3768240000002));
#2729=CARTESIAN_POINT('',(9.63924097464367,-87.0466615453134,-56.3768240000003));
#2730=CARTESIAN_POINT('',(9.7130712092755,-87.0232548774352,-56.3768240000002));
#2731=CARTESIAN_POINT('',(9.78690938635686,-86.9995974614437,-56.3768240000003));
#2732=CARTESIAN_POINT('',(9.8606444822875,-86.9757246439238,-56.3768240000002));
#2733=CARTESIAN_POINT('',(9.93434831939568,-86.9516132905759,-56.3768240000002));
#2734=CARTESIAN_POINT('',(10.008059909871,-86.9272498008913,-56.3768240000003));
#2735=CARTESIAN_POINT('',(10.0816640076171,-86.9026720554943,-56.3768240000002));
#2736=CARTESIAN_POINT('',(10.1552412801783,-86.8778532146649,-56.3768240000003));
#2737=CARTESIAN_POINT('',(10.2288256508483,-86.8527809333409,-56.3768240000002));
#2738=CARTESIAN_POINT('',(10.302298013544,-86.8274956029684,-56.3768240000003));
#2739=CARTESIAN_POINT('',(10.3757487424149,-86.8019661864549,-56.3768240000002));
#2740=CARTESIAN_POINT('',(10.4492043965204,-86.7761824977318,-56.3768240000003));
#2741=CARTESIAN_POINT('',(10.5225473390772,-86.7501856303402,-56.3768240000003));
#2742=CARTESIAN_POINT('',(10.6202975260544,-86.7152000632835,-56.3768240000003));
#2743=CARTESIAN_POINT('',(10.7179857521643,-86.6797287240704,-56.3768240000003));
#2744=CARTESIAN_POINT('',(10.8154188224488,-86.6438416368373,-56.3768240000003));
#2745=CARTESIAN_POINT('',(10.8883454173953,-86.6167269368595,-56.3768240000002));
#2746=CARTESIAN_POINT('',(10.9612212418529,-86.5893766736613,-56.3768240000002));
#2747=CARTESIAN_POINT('',(11.0339476493372,-86.561827924452,-56.3768240000003));
#2748=CARTESIAN_POINT('',(11.1065171783591,-86.5340844760566,-56.3768240000002));
#2749=CARTESIAN_POINT('',(11.1790360115784,-86.5061058158446,-56.3768240000003));
#2750=CARTESIAN_POINT('',(11.251403050534,-86.4779309983859,-56.3768240000002));
#2751=CARTESIAN_POINT('',(11.3236202437247,-86.4495601814022,-56.3768240000003));
#2752=CARTESIAN_POINT('',(11.3957824904988,-86.4209561219375,-56.3768240000003));
#2753=CARTESIAN_POINT('',(11.4677921969688,-86.392157584803,-56.3768240000002));
#2754=CARTESIAN_POINT('',(11.5396581756153,-86.3631619024893,-56.3768240000003));
#2755=CARTESIAN_POINT('',(11.6114650862766,-86.3339349234995,-56.3768240000002));
#2756=CARTESIAN_POINT('',(11.6831191367969,-86.3045149276706,-56.3768240000003));
#2757=CARTESIAN_POINT('',(11.754634997736,-86.2748966899769,-56.3768240000002));
#2758=CARTESIAN_POINT('',(11.8260877097691,-86.2450491100229,-56.3768240000002));
#2759=CARTESIAN_POINT('',(11.8973876808524,-86.2150097372669,-56.3768240000003));
#2760=CARTESIAN_POINT('',(11.9685544288971,-86.184771089183,-56.3768240000002));
#2761=CARTESIAN_POINT('',(12.0396539871382,-86.1543050616927,-56.3768240000003));
#2762=CARTESIAN_POINT('',(12.1106013514955,-86.1236482197282,-56.3768240000002));
#2763=CARTESIAN_POINT('',(12.1814199053341,-86.0927911418092,-56.3768240000003));
#2764=CARTESIAN_POINT('',(12.252167250716,-86.0617086642004,-56.3768240000002));
#2765=CARTESIAN_POINT('',(12.3227634250787,-86.0304360658847,-56.3768240000003));
#2766=CARTESIAN_POINT('',(12.3932344474696,-85.9989624640645,-56.3768240000003));
#2767=CARTESIAN_POINT('',(12.4870965925342,-85.9566992510463,-56.3768240000003));
#2768=CARTESIAN_POINT('',(12.5806534516288,-85.9140596218714,-56.3768240000003));
#2769=CARTESIAN_POINT('',(12.674046700938,-85.8709798992464,-56.3768240000003));
#2770=CARTESIAN_POINT('',(12.7439439548268,-85.8384804412714,-56.3768240000002));
#2771=CARTESIAN_POINT('',(12.8137235814472,-85.8057778876826,-56.3768240000003));
#2772=CARTESIAN_POINT('',(12.9531065755158,-85.739938744301,-56.3768240000003));
#2773=CARTESIAN_POINT('',(13.1612317359195,-85.6396901207819,-56.3768240000002));
#2774=CARTESIAN_POINT('',(13.5288283441309,-85.4571063177305,-56.3768240000002));
#2775=CARTESIAN_POINT('',(14.1656555246023,-85.1262310181602,-56.3768240000003));
#2776=CARTESIAN_POINT('',(14.7896315896999,-84.7726998814761,-56.3768240000003));
#2777=CARTESIAN_POINT('',(15.2714337331475,-84.4801270896981,-56.3768240000002));
#2778=CARTESIAN_POINT('',(15.4457348869472,-84.3721042774487,-56.3768240000003));
#2779=CARTESIAN_POINT('',(15.5759957656331,-84.2902793321198,-56.3768240000002));
#2780=CARTESIAN_POINT('',(15.7057661848524,-84.2076624553428,-56.3768240000003));
#2781=CARTESIAN_POINT('',(15.8135787503011,-84.1381030736153,-56.3768240000002));
#2782=CARTESIAN_POINT('',(15.8995374694864,-84.0820885729413,-56.3768240000002));
#2783=CARTESIAN_POINT('',(15.9854110305483,-84.0257580002038,-56.3768240000003));
#2784=CARTESIAN_POINT('',(16.0709749408819,-83.9690724008215,-56.3768240000003));
#2785=CARTESIAN_POINT('',(16.1563816924733,-83.9119302515282,-56.3768240000002));
#2786=CARTESIAN_POINT('',(16.2202984939628,-83.8688846842985,-56.3768240000003));
#2787=CARTESIAN_POINT('',(16.284067611051,-83.8256569528982,-56.3768240000003));
#2788=CARTESIAN_POINT('',(16.3477829161435,-83.7821828968839,-56.3768240000002));
#2789=CARTESIAN_POINT('',(16.4113497351537,-83.7385265527233,-56.3768240000003));
#2790=CARTESIAN_POINT('',(16.474769101194,-83.6946877061551,-56.3768240000003));
#2791=CARTESIAN_POINT('',(16.5381384894867,-83.6505983693109,-56.3768240000002));
#2792=CARTESIAN_POINT('',(16.6013557829714,-83.6063289924642,-56.3768240000003));
#2793=CARTESIAN_POINT('',(16.664424465938,-83.5618776615846,-56.3768240000002));
#2794=CARTESIAN_POINT('',(16.7274470136335,-83.5171714744718,-56.3768240000003));
#2795=CARTESIAN_POINT('',(16.7903137234522,-83.4722876135332,-56.3768240000002));
#2796=CARTESIAN_POINT('',(16.8530310789353,-83.4272220050355,-56.3768240000002));
#2797=CARTESIAN_POINT('',(16.9157056712732,-83.381897309468,-56.3768240000003));
#2798=CARTESIAN_POINT('',(16.9782206763347,-83.336397338648,-56.3768240000002));
#2799=CARTESIAN_POINT('',(17.0405859571359,-83.2907154945141,-56.3768240000002));
#2800=CARTESIAN_POINT('',(17.1029113913668,-83.2447704713125,-56.3768240000003));
#2801=CARTESIAN_POINT('',(17.1650734782986,-83.1986526071882,-56.3768240000002));
#2802=CARTESIAN_POINT('',(17.2270858408513,-83.1523523970818,-56.3768240000003));
#2803=CARTESIAN_POINT('',(17.2890608227503,-83.1057850650876,-56.3768240000002));
#2804=CARTESIAN_POINT('',(17.350868684943,-83.059047363986,-56.3768240000003));
#2805=CARTESIAN_POINT('',(17.4125271879327,-83.0121264825506,-56.3768240000002));
#2806=CARTESIAN_POINT('',(17.474150330235,-82.9649346960391,-56.3768240000003));
#2807=CARTESIAN_POINT('',(17.5356025661687,-82.9175750516061,-56.3768240000002));
#2808=CARTESIAN_POINT('',(17.5969061693194,-82.8700310152725,-56.3768240000003));
#2809=CARTESIAN_POINT('',(17.6581759894398,-82.8222124616143,-56.3768240000002));
#2810=CARTESIAN_POINT('',(17.7192711029124,-82.7742286004784,-56.3768240000003));
#2811=CARTESIAN_POINT('',(17.7802186580715,-82.7260587502426,-56.3768240000002));
#2812=CARTESIAN_POINT('',(17.8411336038937,-82.6776109240407,-56.3768240000003));
#2813=CARTESIAN_POINT('',(17.9018698989009,-82.6290004881008,-56.3768240000002));
#2814=CARTESIAN_POINT('',(17.9624605335916,-82.580201667891,-56.3768240000003));
#2815=CARTESIAN_POINT('',(18.0230091316051,-82.5311298509401,-56.3768240000002));
#2816=CARTESIAN_POINT('',(18.0833772992538,-82.481896565718,-56.3768240000003));
#2817=CARTESIAN_POINT('',(18.1436037163234,-82.4324705197201,-56.3768240000002));
#2818=CARTESIAN_POINT('',(18.2036183701799,-82.3829095516729,-56.3768240000003));
#2819=CARTESIAN_POINT('',(18.2634968969039,-82.3331516792373,-56.3768240000002));
#2820=CARTESIAN_POINT('',(18.3232174204218,-82.2832146672022,-56.3768240000003));
#2821=CARTESIAN_POINT('',(18.38267782025,-82.2331850501942,-56.3768240000002));
#2822=CARTESIAN_POINT('',(18.4420143216836,-82.1829489189133,-56.3768240000003));
#2823=CARTESIAN_POINT('',(18.5011849140152,-82.1325413150384,-56.3768240000002));
#2824=CARTESIAN_POINT('',(18.5601057106639,-82.082034855044,-56.3768240000003));
#2825=CARTESIAN_POINT('',(18.6188989856245,-82.0313253290838,-56.3768240000002));
#2826=CARTESIAN_POINT('',(18.6775231437373,-81.9804481662881,-56.3768240000003));
#2827=CARTESIAN_POINT('',(18.735906061262,-81.9294670418813,-56.3768240000002));
#2828=CARTESIAN_POINT('',(18.794158185762,-81.8782860402307,-56.3768240000003));
#2829=CARTESIAN_POINT('',(18.852238325394,-81.8269409701792,-56.3768240000002));
#2830=CARTESIAN_POINT('',(18.9100851911569,-81.7754870284601,-56.3768240000003));
#2831=CARTESIAN_POINT('',(18.9677980301235,-81.7238363963776,-56.3768240000002));
#2832=CARTESIAN_POINT('',(19.0253364251524,-81.6720249227231,-56.3768240000003));
#2833=CARTESIAN_POINT('',(19.082648918825,-81.6200998890922,-56.3768240000002));
#2834=CARTESIAN_POINT('',(19.1398242057635,-81.5679813397863,-56.3768240000003));
#2835=CARTESIAN_POINT('',(19.1968229356123,-81.5157048555079,-56.3768240000003));
#2836=CARTESIAN_POINT('',(19.2725293369992,-81.4458453890758,-56.3768240000003));
#2837=CARTESIAN_POINT('',(19.347953763263,-81.3756059266028,-56.3768240000003));
#2838=CARTESIAN_POINT('',(19.4229512480558,-81.3051226357,-56.3768240000003));
#2839=CARTESIAN_POINT('',(19.4790560858958,-81.2520728794753,-56.3768240000002));
#2840=CARTESIAN_POINT('',(19.534981177483,-81.1988700485596,-56.3768240000003));
#2841=CARTESIAN_POINT('',(19.6092726741808,-81.1277638286514,-56.3768240000002));
#2842=CARTESIAN_POINT('',(19.6832661978779,-81.0562939336446,-56.3768240000003));
#2843=CARTESIAN_POINT('',(19.756850952235,-80.9845683940109,-56.3768240000003));
#2844=CARTESIAN_POINT('',(19.8118906939633,-80.9305927118385,-56.3768240000003));
#2845=CARTESIAN_POINT('',(19.866748585247,-80.876467719257,-56.3768240000002));
#2846=CARTESIAN_POINT('',(19.9396321986792,-80.8041203547943,-56.3768240000003));
#2847=CARTESIAN_POINT('',(20.0303363181111,-80.7132606313458,-56.3768240000002));
#2848=CARTESIAN_POINT('',(20.1744794339426,-80.5671084149195,-56.3768240000002));
#2849=CARTESIAN_POINT('',(20.4242946821214,-80.3091621280361,-56.3768240000003));
#2850=CARTESIAN_POINT('',(20.9140464595521,-79.7847242022764,-56.3768240000002));
#2851=CARTESIAN_POINT('',(21.4513484655165,-79.1657900923574,-56.3768240000002));
#2852=CARTESIAN_POINT('',(21.9018174547913,-78.6071525843508,-56.3768240000003));
#2853=CARTESIAN_POINT('',(22.1221525141304,-78.3235082975604,-56.3768240000002));
#2854=CARTESIAN_POINT('',(22.246620264809,-78.1602339335422,-56.3768240000002));
#2855=CARTESIAN_POINT('',(22.3238573671938,-78.0576309922633,-56.3768240000002));
#2856=CARTESIAN_POINT('',(22.3852556148988,-77.9752915082584,-56.3768240000003));
#2857=CARTESIAN_POINT('',(22.4311534341882,-77.9133480286106,-56.3768240000002));
#2858=CARTESIAN_POINT('',(22.4768691035864,-77.8512570783979,-56.3768240000003));
#2859=CARTESIAN_POINT('',(22.537556975528,-77.7683049503286,-56.3768240000003));
#2860=CARTESIAN_POINT('',(22.5979444246108,-77.6849695711337,-56.3768240000003));
#2861=CARTESIAN_POINT('',(22.6579177518314,-77.6014067382009,-56.3768240000003));
#2862=CARTESIAN_POINT('',(22.7027561203519,-77.5385296260066,-56.3768240000003));
#2863=CARTESIAN_POINT('',(22.7474068344071,-77.475510963817,-56.3768240000002));
#2864=CARTESIAN_POINT('',(22.8066686075447,-77.3913296108407,-56.3768240000003));
#2865=CARTESIAN_POINT('',(22.865640516876,-77.306742648433,-56.3768240000002));
#2866=CARTESIAN_POINT('',(22.9241822924005,-77.2219499542438,-56.3768240000003));
#2867=CARTESIAN_POINT('',(22.9679557890632,-77.1581333289326,-56.3768240000002));
#2868=CARTESIAN_POINT('',(23.0115358347213,-77.0941816069804,-56.3768240000003));
#2869=CARTESIAN_POINT('',(23.0549044581642,-77.0301218728445,-56.3768240000003));
#2870=CARTESIAN_POINT('',(23.0981428541267,-76.9658333357592,-56.3768240000002));
#2871=CARTESIAN_POINT('',(23.1411848099937,-76.9014131472079,-56.3768240000003));
#2872=CARTESIAN_POINT('',(23.1840125145852,-76.8368887338279,-56.3768240000003));
#2873=CARTESIAN_POINT('',(23.2267144576689,-76.7721258056688,-56.3768240000002));
#2874=CARTESIAN_POINT('',(23.2692162431907,-76.7072357718887,-56.3768240000003));
#2875=CARTESIAN_POINT('',(23.3115010550407,-76.6422452003073,-56.3768240000002));
#2876=CARTESIAN_POINT('',(23.3536647208394,-76.5770056918254,-56.3768240000003));
#2877=CARTESIAN_POINT('',(23.3956240104275,-76.5116444851121,-56.3768240000002));
#2878=CARTESIAN_POINT('',(23.4373645298112,-76.4461850237369,-56.3768240000003));
#2879=CARTESIAN_POINT('',(23.4789851583221,-76.3804709510483,-56.3768240000002));
#2880=CARTESIAN_POINT('',(23.520389675485,-76.314652865444,-56.3768240000002));
#2881=CARTESIAN_POINT('',(23.561604327327,-76.2486896553844,-56.3768240000003));
#2882=CARTESIAN_POINT('',(23.60267525027,-76.1825058733231,-56.3768240000002));
#2883=CARTESIAN_POINT('',(23.6435212498399,-76.1162318323617,-56.3768240000003));
#2884=CARTESIAN_POINT('',(23.6841925090406,-76.049786140209,-56.3768240000002));
#2885=CARTESIAN_POINT('',(23.7246594336652,-75.9832165923984,-56.3768240000003));
#2886=CARTESIAN_POINT('',(23.7649369936519,-75.9164980624051,-56.3768240000002));
#2887=CARTESIAN_POINT('',(23.8049301686815,-75.84978936265,-56.3768240000003));
#2888=CARTESIAN_POINT('',(23.844746368452,-75.7829123916578,-56.3768240000002));
#2889=CARTESIAN_POINT('',(23.8843264758275,-75.7159659882168,-56.3768240000003));
#2890=CARTESIAN_POINT('',(23.9236628441015,-75.648964930621,-56.3768240000002));
#2891=CARTESIAN_POINT('',(23.9628205507565,-75.5817981609164,-56.3768240000003));
#2892=CARTESIAN_POINT('',(24.0017055216161,-75.5146278335011,-56.3768240000002));
#2893=CARTESIAN_POINT('',(24.0403926754401,-75.4473259975787,-56.3768240000003));
#2894=CARTESIAN_POINT('',(24.0788697481449,-75.3799133394135,-56.3768240000002));
#2895=CARTESIAN_POINT('',(24.1170878432368,-75.3124770466581,-56.3768240000003));
#2896=CARTESIAN_POINT('',(24.1551229404875,-75.244883515678,-56.3768240000002));
#2897=CARTESIAN_POINT('',(24.1929122244556,-75.1772444291366,-56.3768240000003));
#2898=CARTESIAN_POINT('',(24.2304787801486,-75.1095200465018,-56.3768240000002));
#2899=CARTESIAN_POINT('',(24.2678567936509,-75.0416481674865,-56.3768240000003));
#2900=CARTESIAN_POINT('',(24.3049652058687,-74.9737771127966,-56.3768240000002));
#2901=CARTESIAN_POINT('',(24.3418869312903,-74.9057562559351,-56.3768240000003));
#2902=CARTESIAN_POINT('',(24.3785823223468,-74.8376581421354,-56.3768240000002));
#2903=CARTESIAN_POINT('',(24.4150414950431,-74.7695025735125,-56.3768240000003));
#2904=CARTESIAN_POINT('',(24.4513104659739,-74.7012034418181,-56.3768240000003));
#2905=CARTESIAN_POINT('',(24.5233510076586,-74.5645395241952,-56.3768240000002));
#2906=CARTESIAN_POINT('',(24.6771410163164,-74.2673354517275,-56.3768240000003));
#2907=CARTESIAN_POINT('',(24.9049335025045,-73.8067270579975,-56.3768240000002));
#2908=CARTESIAN_POINT('',(25.1643971522691,-73.2484046817725,-56.3768240000003));
#2909=CARTESIAN_POINT('',(25.4918597001498,-72.4966342408781,-56.3768240000002));
#2910=CARTESIAN_POINT('',(25.7916838051513,-71.7338479751324,-56.3768240000003));
#2911=CARTESIAN_POINT('',(26.0298353781169,-71.0567417388026,-56.3768240000002));
#2912=CARTESIAN_POINT('',(26.142830098049,-70.7157987724935,-56.3768240000003));
#2913=CARTESIAN_POINT('',(26.1978178996272,-70.5446847749862,-56.3768240000002));
#2914=CARTESIAN_POINT('',(26.2287909838619,-70.446774214284,-56.3768240000003));
#2915=CARTESIAN_POINT('',(26.2748400495521,-70.2996556517703,-56.3768240000002));
#2916=CARTESIAN_POINT('',(26.3272632912275,-70.1276076148325,-56.3768240000003));
#2917=CARTESIAN_POINT('',(26.3781877161574,-69.9548463315324,-56.3768240000002));
#2918=CARTESIAN_POINT('',(26.4068270863098,-69.8560284872872,-56.3768240000003));
#2919=CARTESIAN_POINT('',(26.4281094800417,-69.7817516126778,-56.3768240000002));
#2920=CARTESIAN_POINT('',(26.4491563427499,-69.7074436976473,-56.3768240000003));
#2921=CARTESIAN_POINT('',(26.4699866569359,-69.6330384756184,-56.3768240000002));
#2922=CARTESIAN_POINT('',(26.4906056546888,-69.5585149021695,-56.3768240000003));
#2923=CARTESIAN_POINT('',(26.5177834709648,-69.4591098029392,-56.3768240000002));
#2924=CARTESIAN_POINT('',(26.5445467531632,-69.3594337596974,-56.3768240000003));
#2925=CARTESIAN_POINT('',(26.5708429769891,-69.2596787191517,-56.3768240000003));
#2926=CARTESIAN_POINT('',(26.5903642582839,-69.1846980443383,-56.3768240000003));
#2927=CARTESIAN_POINT('',(26.6096455081116,-69.1097018200833,-56.3768240000003));
#2928=CARTESIAN_POINT('',(26.6287156821015,-69.0345776952319,-56.3768240000002));
#2929=CARTESIAN_POINT('',(26.647566991673,-68.9593530897442,-56.3768240000003));
#2930=CARTESIAN_POINT('',(26.6661771979667,-68.8841179126533,-56.3768240000003));
#2931=CARTESIAN_POINT('',(26.6845929451182,-68.8086812197844,-56.3768240000002));
#2932=CARTESIAN_POINT('',(26.702767455251,-68.7332320354999,-56.3768240000003));
#2933=CARTESIAN_POINT('',(26.7207207039732,-68.6576887724568,-56.3768240000003));
#2934=CARTESIAN_POINT('',(26.7384630132279,-68.5820042138718,-56.3768240000002));
#2935=CARTESIAN_POINT('',(26.7559618418663,-68.5063171096654,-56.3768240000003));
#2936=CARTESIAN_POINT('',(26.7732561518537,-68.4304577268103,-56.3768240000002));
#2937=CARTESIAN_POINT('',(26.7903193072475,-68.3545391611495,-56.3768240000003));
#2938=CARTESIAN_POINT('',(26.8071471891892,-68.2785812741214,-56.3768240000002));
#2939=CARTESIAN_POINT('',(26.8237715254309,-68.2024373626249,-56.3768240000002));
#2940=CARTESIAN_POINT('',(26.8456149936911,-68.10089410472,-56.3768240000003));
#2941=CARTESIAN_POINT('',(26.8723420503522,-67.973807820591,-56.3768240000002));
#2942=CARTESIAN_POINT('',(26.9034669252676,-67.821165948008,-56.3768240000003));
#2943=CARTESIAN_POINT('',(26.9437039769528,-67.6174637309694,-56.3768240000002));
#2944=CARTESIAN_POINT('',(27.0107956149587,-67.2605762785934,-56.3768240000003));
#2945=CARTESIAN_POINT('',(27.0971931981518,-66.7494278771102,-56.3768240000003));
#2946=CARTESIAN_POINT('',(27.1857778931525,-66.1340309553294,-56.3768240000002));
#2947=CARTESIAN_POINT('',(27.247031970134,-65.619515354317,-56.3768240000002));
#2948=CARTESIAN_POINT('',(27.2884885220888,-65.2068656185222,-56.3768240000003));
#2949=CARTESIAN_POINT('',(27.3157989836335,-64.8968998753974,-56.3768240000002));
#2950=CARTESIAN_POINT('',(27.3354060894757,-64.6381313627925,-56.3768240000003));
#2951=CARTESIAN_POINT('',(27.3491926906696,-64.4308911534305,-56.3768240000002));
#2952=CARTESIAN_POINT('',(27.3554537136929,-64.3271722505041,-56.3768240000002));
#2953=CARTESIAN_POINT('',(27.3584246723791,-64.275310523397,-56.3768240000002));
#2954=CARTESIAN_POINT('',(27.4000000001246,-62.8226217703228,-56.3768240000002));
#2955=CARTESIAN_POINT('',(27.3584246723791,-64.275310523397,-56.3768240000003));
#2956=CARTESIAN_POINT('',(27.3999999999996,-62.8226217703229,12.2034299999998));
#2957=CARTESIAN_POINT('',(27.3999999999996,-62.8226217703229,12.2031759999999));
#2958=CARTESIAN_POINT('',(27.3584246723762,-64.2753105234479,12.2031759999998));
#2959=CARTESIAN_POINT('',(27.3554558366348,-64.3271351919486,12.2031759999998));
#2960=CARTESIAN_POINT('',(27.3507638781437,-64.4048639773952,12.2031759999998));
#2961=CARTESIAN_POINT('',(27.3440334784013,-64.5084445547551,12.2031759999998));
#2962=CARTESIAN_POINT('',(27.3387425417098,-64.5861838234103,12.2031759999998));
#2963=CARTESIAN_POINT('',(27.3332321054975,-64.6636459786891,12.2031759999998));
#2964=CARTESIAN_POINT('',(27.327479504426,-64.7411639094698,12.2031759999998));
#2965=CARTESIAN_POINT('',(27.3214925133625,-64.8186280948083,12.2031759999998));
#2966=CARTESIAN_POINT('',(27.3152626981767,-64.8961437296027,12.2031759999998));
#2967=CARTESIAN_POINT('',(27.3088160205228,-64.9733995552054,12.2031759999998));
#2968=CARTESIAN_POINT('',(27.3021278208294,-65.0507025554475,12.2031759999998));
#2969=CARTESIAN_POINT('',(27.2952064840287,-65.1279519674482,12.2031759999998));
#2970=CARTESIAN_POINT('',(27.2880431299635,-65.2052438588996,12.2031759999998));
#2971=CARTESIAN_POINT('',(27.2806648943305,-65.2822947219142,12.2031759999998));
#2972=CARTESIAN_POINT('',(27.2730459097933,-65.3593837952456,12.2031759999998));
#2973=CARTESIAN_POINT('',(27.2651949189458,-65.4364195402076,12.2031759999998));
#2974=CARTESIAN_POINT('',(27.257102818749,-65.5134888727916,12.2031759999998));
#2975=CARTESIAN_POINT('',(27.2487972787647,-65.5903356677181,12.2031759999998));
#2976=CARTESIAN_POINT('',(27.2402518632802,-65.667211814647,12.2031759999998));
#2977=CARTESIAN_POINT('',(27.2314754603519,-65.7440348680141,12.2031759999998));
#2978=CARTESIAN_POINT('',(27.2224589534668,-65.8208827204166,12.2031759999998));
#2979=CARTESIAN_POINT('',(27.2132299206206,-65.8975262470303,12.2031759999998));
#2980=CARTESIAN_POINT('',(27.2037619842409,-65.9741903663521,12.2031759999998));
#2981=CARTESIAN_POINT('',(27.1940639695837,-66.0508016027468,12.2031759999998));
#2982=CARTESIAN_POINT('',(27.1841269531973,-66.1274289402583,12.2031759999998));
#2983=CARTESIAN_POINT('',(27.1739778036327,-66.2038699183462,12.2031759999998));
#2984=CARTESIAN_POINT('',(27.1635908280306,-66.2803227674454,12.2031759999998));
#2985=CARTESIAN_POINT('',(27.1529745450053,-66.3567231167361,12.2031759999998));
#2986=CARTESIAN_POINT('',(27.1421205729589,-66.4331302190624,12.2031759999998));
#2987=CARTESIAN_POINT('',(27.1310539196689,-66.509371433868,12.2031759999998));
#2988=CARTESIAN_POINT('',(27.1159849837299,-66.6110170279222,12.2031759999998));
#2989=CARTESIAN_POINT('',(27.1004467944178,-66.7126348502479,12.2031759999998));
#2990=CARTESIAN_POINT('',(27.0844701600085,-66.8140312313569,12.2031759999998));
#2991=CARTESIAN_POINT('',(27.0681834499563,-66.9153972943164,12.2031759999998));
#2992=CARTESIAN_POINT('',(27.047242469919,-67.0420483638987,12.2031759999998));
#2993=CARTESIAN_POINT('',(27.0212273918057,-67.1936735322716,12.2031759999998));
#2994=CARTESIAN_POINT('',(26.9942776203761,-67.3452312419496,12.2031759999998));
#2995=CARTESIAN_POINT('',(26.9664417589992,-67.4964522023116,12.2031759999998));
#2996=CARTESIAN_POINT('',(26.9376767994517,-67.6475756713747,12.2031759999998));
#2997=CARTESIAN_POINT('',(26.9080218728828,-67.7983976413083,12.2031759999998));
#2998=CARTESIAN_POINT('',(26.8672541203666,-67.9993079610356,12.2031759999998));
#2999=CARTESIAN_POINT('',(26.8140407722452,-68.2498576192576,12.2031759999998));
#3000=CARTESIAN_POINT('',(26.7465546638308,-68.5497108040996,12.2031759999998));
#3001=CARTESIAN_POINT('',(26.6754435095078,-68.8487316755397,12.2031759999998));
#3002=CARTESIAN_POINT('',(26.6131697083405,-69.0971968696044,12.2031759999998));
#3003=CARTESIAN_POINT('',(26.5615211754596,-69.2956106232643,12.2031759999998));
#3004=CARTESIAN_POINT('',(26.5218972587181,-69.4441373776415,12.2031759999998));
#3005=CARTESIAN_POINT('',(26.4813383453125,-69.5925545023967,12.2031759999998));
#3006=CARTESIAN_POINT('',(26.4399032241127,-69.7406455916881,12.2031759999998));
#3007=CARTESIAN_POINT('',(26.3975208118749,-69.8886607322141,12.2031759999998));
#3008=CARTESIAN_POINT('',(26.354270341415,-70.0363204326088,12.2031759999998));
#3009=CARTESIAN_POINT('',(26.3174319014537,-70.1593209722473,12.2031759999998));
#3010=CARTESIAN_POINT('',(26.2875228602518,-70.2575556698709,12.2031759999998));
#3011=CARTESIAN_POINT('',(26.2573220863083,-70.3556805424987,12.2031759999998));
#3012=CARTESIAN_POINT('',(26.2266280033776,-70.4538179692917,12.2031759999998));
#3013=CARTESIAN_POINT('',(26.1955005059932,-70.5517723286809,12.2031759999998));
#3014=CARTESIAN_POINT('',(26.1719408599467,-70.6251401432836,12.2031759999998));
#3015=CARTESIAN_POINT('',(26.1481156295891,-70.6985682426883,12.2031759999998));
#3016=CARTESIAN_POINT('',(26.1240801590714,-70.7718844505021,12.2031759999998));
#3017=CARTESIAN_POINT('',(26.0998152813003,-70.8451477225932,12.2031759999998));
#3018=CARTESIAN_POINT('',(26.0753423204976,-70.9182944118825,12.2031759999998));
#3019=CARTESIAN_POINT('',(26.0505951468696,-70.9915201508171,12.2031759999998));
#3020=CARTESIAN_POINT('',(26.0256406755263,-71.0646249770804,12.2031759999998));
#3021=CARTESIAN_POINT('',(26.0004559062836,-71.1376768775395,12.2031759999998));
#3022=CARTESIAN_POINT('',(25.9750659247677,-71.2106038670421,12.2031759999998));
#3023=CARTESIAN_POINT('',(25.9493933886578,-71.28362589933,12.2031759999998));
#3024=CARTESIAN_POINT('',(25.9235163923985,-71.3565187023537,12.2031759999998));
#3025=CARTESIAN_POINT('',(25.897408161049,-71.4293583659061,12.2031759999998));
#3026=CARTESIAN_POINT('',(25.8710976999284,-71.5020648028648,12.2031759999998));
#3027=CARTESIAN_POINT('',(25.8444957627009,-71.5748822719271,12.2031759999998));
#3028=CARTESIAN_POINT('',(25.8176923307497,-71.64756215412,12.2031759999998));
#3029=CARTESIAN_POINT('',(25.7906566167363,-71.7201886568253,12.2031759999998));
#3030=CARTESIAN_POINT('',(25.7634217886317,-71.7926735694896,12.2031759999998));
#3031=CARTESIAN_POINT('',(25.7358859618899,-71.865285526944,12.2031759999998));
#3032=CARTESIAN_POINT('',(25.7081517392879,-71.9377514893082,12.2031759999998));
#3033=CARTESIAN_POINT('',(25.6801840778466,-72.0101637996569,12.2031759999998));
#3034=CARTESIAN_POINT('',(25.6520205467055,-72.0824261255718,12.2031759999998));
#3035=CARTESIAN_POINT('',(25.6235459122855,-72.154831453651,12.2031759999998));
#3036=CARTESIAN_POINT('',(25.5948759789378,-72.2270826645793,12.2031759999998));
#3037=CARTESIAN_POINT('',(25.5659718635536,-72.299278632052,12.2031759999998));
#3038=CARTESIAN_POINT('',(25.5368732942171,-72.3713209806031,12.2031759999998));
#3039=CARTESIAN_POINT('',(25.5074602417006,-72.4435043384012,12.2031759999998));
#3040=CARTESIAN_POINT('',(25.4778509463983,-72.5155356359495,12.2031759999998));
#3041=CARTESIAN_POINT('',(25.4480163369826,-72.5874872299135,12.2031759999998));
#3042=CARTESIAN_POINT('',(25.4079338321661,-72.6833212741995,12.2031759999998));
#3043=CARTESIAN_POINT('',(25.3674705722768,-72.7788293409765,12.2031759999998));
#3044=CARTESIAN_POINT('',(25.3265575408476,-72.8741778990387,12.2031759999998));
#3045=CARTESIAN_POINT('',(25.2956293584725,-72.9456505964951,12.2031759999998));
#3046=CARTESIAN_POINT('',(25.2645840447493,-73.0167957828405,12.2031759999998));
#3047=CARTESIAN_POINT('',(25.2332928729779,-73.0879108363958,12.2031759999998));
#3048=CARTESIAN_POINT('',(25.2017985383221,-73.1588979003423,12.2031759999998));
#3049=CARTESIAN_POINT('',(25.1700589868269,-73.2298510236342,12.2031759999998));
#3050=CARTESIAN_POINT('',(25.1381997391479,-73.3004918672733,12.2031759999998));
#3051=CARTESIAN_POINT('',(25.1060978925078,-73.3710952069251,12.2031759999998));
#3052=CARTESIAN_POINT('',(25.0737940439733,-73.4415709715747,12.2031759999998));
#3053=CARTESIAN_POINT('',(25.0412487080547,-73.5120046696166,12.2031759999998));
#3054=CARTESIAN_POINT('',(25.0085792296441,-73.5821443384878,12.2031759999998));
#3055=CARTESIAN_POINT('',(24.9756708625514,-73.6522383377242,12.2031759999998));
#3056=CARTESIAN_POINT('',(24.9425614503319,-73.7222053652857,12.2031759999998));
#3057=CARTESIAN_POINT('',(24.909214364954,-73.7921222697971,12.2031759999998));
#3058=CARTESIAN_POINT('',(24.8757382749889,-73.8617629587988,12.2031759999998));
#3059=CARTESIAN_POINT('',(24.8420270675792,-73.931349940856,12.2031759999998));
#3060=CARTESIAN_POINT('',(24.8081156747337,-74.0008104948813,12.2031759999998));
#3061=CARTESIAN_POINT('',(24.773970481275,-74.0702129966583,12.2031759999998));
#3062=CARTESIAN_POINT('',(24.7396910159034,-74.1393566641403,12.2031759999998));
#3063=CARTESIAN_POINT('',(24.7051802649587,-74.2084387112167,12.2031759999998));
#3064=CARTESIAN_POINT('',(24.6704700933034,-74.2773948149343,12.2031759999998));
#3065=CARTESIAN_POINT('',(24.6355300551479,-74.3462850532165,12.2031759999998));
#3066=CARTESIAN_POINT('',(24.6004500687878,-74.4149334373227,12.2031759999998));
#3067=CARTESIAN_POINT('',(24.56514271233,-74.4835123637159,12.2031759999998));
#3068=CARTESIAN_POINT('',(24.5296365276462,-74.551965919225,12.2031759999998));
#3069=CARTESIAN_POINT('',(24.4939047691419,-74.6203453600707,12.2031759999998));
#3070=CARTESIAN_POINT('',(24.4580258773242,-74.688501574542,12.2031759999998));
#3071=CARTESIAN_POINT('',(24.4098950063899,-74.7792634612392,12.2031759999998));
#3072=CARTESIAN_POINT('',(24.3491970770742,-74.8924746956881,12.2031759999998));
#3073=CARTESIAN_POINT('',(24.2756491744577,-75.0276785495418,12.2031759999998));
#3074=CARTESIAN_POINT('',(24.2012296764,-75.1625307320067,12.2031759999998));
#3075=CARTESIAN_POINT('',(24.1260957484364,-75.2967483269854,12.2031759999998));
#3076=CARTESIAN_POINT('',(24.0501044592383,-75.4305890019588,12.2031759999998));
#3077=CARTESIAN_POINT('',(23.9733854399221,-75.5638254548146,12.2031759999998));
#3078=CARTESIAN_POINT('',(23.895826045325,-75.6966553413662,12.2031759999998));
#3079=CARTESIAN_POINT('',(23.8175230409369,-75.8289134039565,12.2031759999998));
#3080=CARTESIAN_POINT('',(23.7120267470673,-76.0046676945274,12.2031759999998));
#3081=CARTESIAN_POINT('',(23.5782203850938,-76.2230675278365,12.2031759999998));
#3082=CARTESIAN_POINT('',(23.4417873045031,-76.4398237309967,12.2031759999998));
#3083=CARTESIAN_POINT('',(23.3310593498475,-76.6122497706413,12.2031759999998));
#3084=CARTESIAN_POINT('',(23.2472426841663,-76.7410489652982,12.2031759999998));
#3085=CARTESIAN_POINT('',(23.1626141695337,-76.8693900546534,12.2031759999998));
#3086=CARTESIAN_POINT('',(23.0772340503297,-76.9971816400264,12.2031759999998));
#3087=CARTESIAN_POINT('',(22.9910219298077,-77.1245427149544,12.2031759999998));
#3088=CARTESIAN_POINT('',(22.9040771245954,-77.2513261483116,12.2031759999998));
#3089=CARTESIAN_POINT('',(22.8162792823532,-77.3777057706022,12.2031759999998));
#3090=CARTESIAN_POINT('',(22.7277678310034,-77.5034800878165,12.2031759999998));
#3091=CARTESIAN_POINT('',(22.6383819644212,-77.6288757090443,12.2031759999998));
#3092=CARTESIAN_POINT('',(22.5482991698314,-77.7536421840721,12.2031759999998));
#3093=CARTESIAN_POINT('',(22.4724914685587,-77.8573076444905,12.2031759999998));
#3094=CARTESIAN_POINT('',(22.4114858516589,-77.9399392863298,12.2031759999998));
#3095=CARTESIAN_POINT('',(22.3655598031989,-78.0017528947755,12.2031759999998));
#3096=CARTESIAN_POINT('',(22.3193718745546,-78.063526515749,12.2031759999998));
#3097=CARTESIAN_POINT('',(22.2730188202335,-78.1251300025763,12.2031759999998));
#3098=CARTESIAN_POINT('',(22.2264672604894,-78.1866079428851,12.2031759999998));
#3099=CARTESIAN_POINT('',(22.1797539597995,-78.2479121328388,12.2031759999998));
#3100=CARTESIAN_POINT('',(22.1327652400016,-78.3091908001557,12.2031759999998));
#3101=CARTESIAN_POINT('',(22.0856169504273,-78.3702919299527,12.2031759999998));
#3102=CARTESIAN_POINT('',(22.0382694112875,-78.4312672330281,12.2031759999998));
#3103=CARTESIAN_POINT('',(21.9907654924073,-78.492061881072,12.2031759999998));
#3104=CARTESIAN_POINT('',(21.9429733942756,-78.5528434765252,12.2031759999998));
#3105=CARTESIAN_POINT('',(21.8950270584279,-78.6134406227862,12.2031759999998));
#3106=CARTESIAN_POINT('',(21.8468807298725,-78.673911474695,12.2031759999998));
#3107=CARTESIAN_POINT('',(21.7985834870407,-78.7341948094935,12.2031759999998));
#3108=CARTESIAN_POINT('',(21.7499847711996,-78.7944773633739,12.2031759999998));
#3109=CARTESIAN_POINT('',(21.7012372793117,-78.8545685633706,12.2031759999998));
#3110=CARTESIAN_POINT('',(21.6522889579387,-78.9145329413001,12.2031759999998));
#3111=CARTESIAN_POINT('',(21.6031953238709,-78.9743029428617,12.2031759999998));
#3112=CARTESIAN_POINT('',(21.5537863633856,-79.0340842534423,12.2031759999998));
#3113=CARTESIAN_POINT('',(21.5042342269023,-79.0936673045165,12.2031759999998));
#3114=CARTESIAN_POINT('',(21.4544803282143,-79.1531229450713,12.2031759999998));
#3115=CARTESIAN_POINT('',(21.4045868617294,-79.2123773476839,12.2031759999998));
#3116=CARTESIAN_POINT('',(21.3543636360226,-79.2716549730583,12.2031759999998));
#3117=CARTESIAN_POINT('',(21.3040029754404,-79.3307274322775,12.2031759999998));
#3118=CARTESIAN_POINT('',(21.2534395396727,-79.3896718104079,12.2031759999998));
#3119=CARTESIAN_POINT('',(21.2027423656138,-79.4484081561004,12.2031759999998));
#3120=CARTESIAN_POINT('',(21.1517006459959,-79.507179189685,12.2031759999998));
#3121=CARTESIAN_POINT('',(21.1005264539593,-79.5657391847079,12.2031759999998));
#3122=CARTESIAN_POINT('',(21.0491518533185,-79.6241664604373,12.2031759999998));
#3123=CARTESIAN_POINT('',(20.9976365156749,-79.6823934662534,12.2031759999998));
#3124=CARTESIAN_POINT('',(20.9458096908084,-79.7406120853675,12.2031759999998));
#3125=CARTESIAN_POINT('',(20.893838522174,-79.7986331631995,12.2031759999998));
#3126=CARTESIAN_POINT('',(20.8416898402021,-79.8564946602688,12.2031759999998));
#3127=CARTESIAN_POINT('',(20.7893291797161,-79.9142338890783,12.2031759999998));
#3128=CARTESIAN_POINT('',(20.7369275709914,-79.9716636390969,12.2031759999998));
#3129=CARTESIAN_POINT('',(20.6843116696389,-80.0289749878354,12.2031759999998));
#3130=CARTESIAN_POINT('',(20.6315424783643,-80.0861011804306,12.2031759999998));
#3131=CARTESIAN_POINT('',(20.5785493307344,-80.1431181588246,12.2031759999998));
#3132=CARTESIAN_POINT('',(20.5255538897761,-80.1997889101125,12.2031759999998));
#3133=CARTESIAN_POINT('',(20.4723373578253,-80.2563488550299,12.2031759999998));
#3134=CARTESIAN_POINT('',(20.4189718485547,-80.3127208472169,12.2031759999998));
#3135=CARTESIAN_POINT('',(20.3653877049379,-80.3689780513778,12.2031759999998));
#3136=CARTESIAN_POINT('',(20.3117914414076,-80.4249049550553,12.2031759999998));
#3137=CARTESIAN_POINT('',(20.2579802216983,-80.4807145308914,12.2031759999998));
#3138=CARTESIAN_POINT('',(20.204020798978,-80.5363370896189,12.2031759999998));
#3139=CARTESIAN_POINT('',(20.14984899684,-80.591838415665,12.2031759999998));
#3140=CARTESIAN_POINT('',(20.095654767743,-80.647025060588,12.2031759999998));
#3141=CARTESIAN_POINT('',(20.0412517921265,-80.702087934127,12.2031759999998));
#3142=CARTESIAN_POINT('',(19.9867012978411,-80.756964654879,12.2031759999998));
#3143=CARTESIAN_POINT('',(19.9319446930451,-80.8117138387167,12.2031759999998));
#3144=CARTESIAN_POINT('',(19.8771551172546,-80.8661634035527,12.2031759999998));
#3145=CARTESIAN_POINT('',(19.8221630175999,-80.9204828961843,12.2031759999998));
#3146=CARTESIAN_POINT('',(19.7670240130002,-80.9746170114389,12.2031759999998));
#3147=CARTESIAN_POINT('',(19.7116851806484,-81.0286174232087,12.2031759999998));
#3148=CARTESIAN_POINT('',(19.6563025928533,-81.0823327410977,12.2031759999998));
#3149=CARTESIAN_POINT('',(19.6007237211887,-81.1359118209764,12.2031759999998));
#3150=CARTESIAN_POINT('',(19.5449984885778,-81.1893062122022,12.2031759999998));
#3151=CARTESIAN_POINT('',(19.4890797317534,-81.2425608614747,12.2031759999998));
#3152=CARTESIAN_POINT('',(19.4331061808613,-81.2955444326384,12.2031759999998));
#3153=CARTESIAN_POINT('',(19.3769426395673,-81.3483856990997,12.2031759999998));
#3154=CARTESIAN_POINT('',(19.3206330951493,-81.4010429865521,12.2031759999998));
#3155=CARTESIAN_POINT('',(19.2641367948303,-81.4535542188149,12.2031759999998));
#3156=CARTESIAN_POINT('',(19.2075727624398,-81.5058093749181,12.2031759999998));
#3157=CARTESIAN_POINT('',(19.1319173577604,-81.5752778611824,12.2031759999998));
#3158=CARTESIAN_POINT('',(19.0369264474323,-81.6617067794315,12.2031759999998));
#3159=CARTESIAN_POINT('',(18.9224769037568,-81.7645794212966,12.2031759999998));
#3160=CARTESIAN_POINT('',(18.8073275497212,-81.8668261447996,12.2031759999998));
#3161=CARTESIAN_POINT('',(18.691708300169,-81.9682439296806,12.2031759999998));
#3162=CARTESIAN_POINT('',(18.5754111934611,-82.0690166460232,12.2031759999998));
#3163=CARTESIAN_POINT('',(18.4586214031608,-82.1689844326796,12.2031759999998));
#3164=CARTESIAN_POINT('',(18.3411795776729,-82.2682849479051,12.2031759999998));
#3165=CARTESIAN_POINT('',(18.2232194554945,-82.3668053628387,12.2031759999998));
#3166=CARTESIAN_POINT('',(18.0651110312304,-82.4972418178301,12.2031759999998));
#3167=CARTESIAN_POINT('',(17.8660710063308,-82.6584318081395,12.2031759999998));
#3168=CARTESIAN_POINT('',(17.6651005047852,-82.817198235493,12.2031759999998));
#3169=CARTESIAN_POINT('',(17.503150793166,-82.9427678326143,12.2031759999998));
#3170=CARTESIAN_POINT('',(17.3811390578579,-83.0361946245449,12.2031759999998));
#3171=CARTESIAN_POINT('',(17.2585062473978,-83.128925074326,12.2031759999998));
#3172=CARTESIAN_POINT('',(17.1353527846918,-83.2208831669594,12.2031759999998));
#3173=CARTESIAN_POINT('',(17.0115496108907,-83.3121642731276,12.2031759999998));
#3174=CARTESIAN_POINT('',(16.8872531055616,-83.4026527443889,12.2031759999998));
#3175=CARTESIAN_POINT('',(16.7622779738973,-83.492482244783,12.2031759999998));
#3176=CARTESIAN_POINT('',(16.6368367463759,-83.5814993884166,12.2031759999998));
#3177=CARTESIAN_POINT('',(16.5106882321418,-83.6698739330955,12.2031759999998));
#3178=CARTESIAN_POINT('',(16.3840971762745,-83.7574193004575,12.2031759999998));
#3179=CARTESIAN_POINT('',(16.2780031332096,-83.8298429487901,12.2031759999998));
#3180=CARTESIAN_POINT('',(16.1928905332252,-83.8873773867248,12.2031759999998));
#3181=CARTESIAN_POINT('',(16.1289483990799,-83.9303192366349,12.2031759999998));
#3182=CARTESIAN_POINT('',(16.064768565222,-83.9731386307967,12.2031759999998));
#3183=CARTESIAN_POINT('',(16.0004910019311,-84.0157416276169,12.2031759999998));
#3184=CARTESIAN_POINT('',(15.9360675726347,-84.0581603018454,12.2031759999998));
#3185=CARTESIAN_POINT('',(15.8715508533435,-84.1003602960759,12.2031759999998));
#3186=CARTESIAN_POINT('',(15.8067786765874,-84.1424469651834,12.2031759999998));
#3187=CARTESIAN_POINT('',(15.7419165153739,-84.1843120888024,12.2031759999998));
#3188=CARTESIAN_POINT('',(15.6769078554276,-84.2259923615503,12.2031759999998));
#3189=CARTESIAN_POINT('',(15.6118132808422,-84.2674492253225,12.2031759999998));
#3190=CARTESIAN_POINT('',(15.5464469695182,-84.3088002179204,12.2031759999998));
#3191=CARTESIAN_POINT('',(15.4809980231101,-84.3499249200976,12.2031759999998));
#3192=CARTESIAN_POINT('',(15.4154020142526,-84.3908640624447,12.2031759999998));
#3193=CARTESIAN_POINT('',(15.3497275507523,-84.4315751418466,12.2031759999998));
#3194=CARTESIAN_POINT('',(15.2837646287476,-84.4721874401722,12.2031759999998));
#3195=CARTESIAN_POINT('',(15.2177265429741,-84.512568751979,12.2031759999998));
#3196=CARTESIAN_POINT('',(15.1515407622661,-84.5527637068569,12.2031759999998));
#3197=CARTESIAN_POINT('',(15.085284116551,-84.5927259918886,12.2031759999998));
#3198=CARTESIAN_POINT('',(15.0187218172845,-84.6325962291532,12.2031759999998));
#3199=CARTESIAN_POINT('',(14.9520919583372,-84.6722308282029,12.2031759999998));
#3200=CARTESIAN_POINT('',(14.8853137022597,-84.7116781830656,12.2031759999998));
#3201=CARTESIAN_POINT('',(14.8184723049791,-84.7508883080774,12.2031759999998));
#3202=CARTESIAN_POINT('',(14.751307580236,-84.7900127518659,12.2031759999998));
#3203=CARTESIAN_POINT('',(14.6840829784736,-84.8288969823917,12.2031759999998));
#3204=CARTESIAN_POINT('',(14.6167094417957,-84.8675928590833,12.2031759999998));
#3205=CARTESIAN_POINT('',(14.5492797513437,-84.906047476266,12.2031759999998));
#3206=CARTESIAN_POINT('',(14.4815118404483,-84.9444205972106,12.2031759999998));
#3207=CARTESIAN_POINT('',(14.3910688106913,-84.9952674950107,12.2031759999998));
#3208=CARTESIAN_POINT('',(14.3004186338487,-85.0456845104335,12.2031759999998));
#3209=CARTESIAN_POINT('',(14.2094054001721,-85.0957567788753,12.2031759999998));
#3210=CARTESIAN_POINT('',(14.1410453865734,-85.133093245499,12.2031759999998));
#3211=CARTESIAN_POINT('',(14.0725821850023,-85.1702141357585,12.2031759999998));
#3212=CARTESIAN_POINT('',(14.0039467539079,-85.2071561774971,12.2031759999998));
#3213=CARTESIAN_POINT('',(13.9354183591249,-85.2437703009978,12.2031759999998));
#3214=CARTESIAN_POINT('',(13.866716392543,-85.2802075136026,12.2031759999998));
#3215=CARTESIAN_POINT('',(13.7979345498638,-85.3164177608857,12.2031759999998));
#3216=CARTESIAN_POINT('',(13.7289786563913,-85.352450253208,12.2031759999998));
#3217=CARTESIAN_POINT('',(13.6601317152076,-85.3881582035527,12.2031759999998));
#3218=CARTESIAN_POINT('',(13.5911147789458,-85.423687386418,12.2031759999998));
#3219=CARTESIAN_POINT('',(13.5220195974991,-85.4589901893199,12.2031759999998));
#3220=CARTESIAN_POINT('',(13.4527581186609,-85.4941112876965,12.2031759999998));
#3221=CARTESIAN_POINT('',(13.3835908013647,-85.5289195922786,12.2031759999998));
#3222=CARTESIAN_POINT('',(13.3142614898486,-85.5635450082603,12.2031759999998));
#3223=CARTESIAN_POINT('',(13.2448543272257,-85.5979451650921,12.2031759999998));
#3224=CARTESIAN_POINT('',(13.1752888968056,-85.6321596397778,12.2031759999998));
#3225=CARTESIAN_POINT('',(13.1058027222369,-85.6660724948518,12.2031759999998));
#3226=CARTESIAN_POINT('',(13.036162536704,-85.6997984717773,12.2031759999998));
#3227=CARTESIAN_POINT('',(12.9664448502627,-85.73330020458,12.2031759999998));
#3228=CARTESIAN_POINT('',(12.8965768895056,-85.7666124156938,12.2031759999998));
#3229=CARTESIAN_POINT('',(12.8267732380064,-85.7996335813574,12.2031759999998));
#3230=CARTESIAN_POINT('',(12.7568235254893,-85.8324640168225,12.2031759999998));
#3231=CARTESIAN_POINT('',(12.6867966243572,-85.8650711168546,12.2031759999998));
#3232=CARTESIAN_POINT('',(12.6166274152745,-85.8974849871404,12.2031759999998));
#3233=CARTESIAN_POINT('',(12.5465075031801,-85.9296178101667,12.2031759999998));
#3234=CARTESIAN_POINT('',(12.4762495043765,-85.9615561607099,12.2031759999998));
#3235=CARTESIAN_POINT('',(12.4059144020814,-85.9932720620332,12.2031759999998));
#3236=CARTESIAN_POINT('',(12.3354456471219,-86.0247908463075,12.2031759999998));
#3237=CARTESIAN_POINT('',(12.2650084529713,-86.0560391615856,12.2031759999998));
#3238=CARTESIAN_POINT('',(12.1709319218663,-86.0974337654682,12.2031759999998));
#3239=CARTESIAN_POINT('',(12.0766271775877,-86.13841693886,12.2031759999998));
#3240=CARTESIAN_POINT('',(11.9822822332718,-86.1789083155301,12.2031759999998));
#3241=CARTESIAN_POINT('',(11.8877969946813,-86.2191213299175,12.2031759999998));
#3242=CARTESIAN_POINT('',(11.7694260656906,-86.2688649436525,12.2031759999998));
#3243=CARTESIAN_POINT('',(11.6272202144958,-86.3276134232289,12.2031759999998));
#3244=CARTESIAN_POINT('',(11.4845684097213,-86.3855366881754,12.2031759999998));
#3245=CARTESIAN_POINT('',(11.3417401318874,-86.4425261503873,12.2031759999998));
#3246=CARTESIAN_POINT('',(11.1984936005579,-86.4986794083149,12.2031759999998));
#3247=CARTESIAN_POINT('',(11.0550409167776,-86.5539137448722,12.2031759999998));
#3248=CARTESIAN_POINT('',(10.9112016775139,-86.6082995803094,12.2031759999998));
#3249=CARTESIAN_POINT('',(10.7671240838505,-86.6617810690983,12.2031759999998));
#3250=CARTESIAN_POINT('',(10.4782690178985,-86.7670195845016,12.2031759999998));
#3251=CARTESIAN_POINT('',(10.187973342046,-86.8678358128428,12.2031759999998));
#3252=CARTESIAN_POINT('',(9.89608527050782,-86.9642832470796,12.2031759999998));
#3253=CARTESIAN_POINT('',(9.7498780487612,-87.0116146192248,12.2031759999998));
#3254=CARTESIAN_POINT('',(9.60330737734087,-87.0580855079665,12.2031759999998));
#3255=CARTESIAN_POINT('',(9.45650905259404,-87.1036527110014,12.2031759999998));
#3256=CARTESIAN_POINT('',(9.30931351745117,-87.1483679806732,12.2031759999998));
#3257=CARTESIAN_POINT('',(9.16192269106941,-87.1921696130733,12.2031759999998));
#3258=CARTESIAN_POINT('',(9.01410223184245,-87.2351262096404,12.2031759999998));
#3259=CARTESIAN_POINT('',(8.86611515111707,-87.2771605949511,12.2031759999998));
#3260=CARTESIAN_POINT('',(8.74241866500501,-87.3114868828041,12.2031759999998));
#3261=CARTESIAN_POINT('',(8.64336685221315,-87.3384893074161,12.2031759999998));
#3262=CARTESIAN_POINT('',(8.54425184149814,-87.3651866525832,12.2031759999998));
#3263=CARTESIAN_POINT('',(8.44486981361953,-87.3914716847055,12.2031759999998));
#3264=CARTESIAN_POINT('',(8.34541016042343,-87.4172930903137,12.2031759999998));
#3265=CARTESIAN_POINT('',(8.27078339146252,-87.4364261795575,12.2031759999998));
#3266=CARTESIAN_POINT('',(8.19596893662908,-87.4553655035418,12.2031759999998));
#3267=CARTESIAN_POINT('',(8.1211358704002,-87.4740677670059,12.2031759999998));
#3268=CARTESIAN_POINT('',(8.04622614301661,-87.4925476289812,12.2031759999998));
#3269=CARTESIAN_POINT('',(7.97130287903834,-87.5107897486039,12.2031759999998));
#3270=CARTESIAN_POINT('',(7.89617162998444,-87.5288408302969,12.2031759999998));
#3271=CARTESIAN_POINT('',(7.82103092499318,-87.546652549307,12.2031759999998));
#3272=CARTESIAN_POINT('',(7.7458130954512,-87.5642411409071,12.2031759999998));
#3273=CARTESIAN_POINT('',(7.67059028667363,-87.5815899887583,12.2031759999998));
#3274=CARTESIAN_POINT('',(7.59514158601333,-87.5987493229436,12.2031759999998));
#3275=CARTESIAN_POINT('',(7.51969196047954,-87.6156672709959,12.2031759999998));
#3276=CARTESIAN_POINT('',(7.44416490385697,-87.6323612097673,12.2031759999998));
#3277=CARTESIAN_POINT('',(7.36864147399764,-87.6488135043163,12.2031759999998));
#3278=CARTESIAN_POINT('',(7.29287394570866,-87.6650773175568,12.2031759999998));
#3279=CARTESIAN_POINT('',(7.21711412411628,-87.6810978078264,12.2031759999998));
#3280=CARTESIAN_POINT('',(7.14127652915761,-87.6968933004412,12.2031759999998));
#3281=CARTESIAN_POINT('',(7.06545127595802,-87.7124453358001,12.2031759999998));
#3282=CARTESIAN_POINT('',(6.98936338407888,-87.7278094269905,12.2031759999998));
#3283=CARTESIAN_POINT('',(6.91329194353879,-87.7429283442836,12.2031759999998));
#3284=CARTESIAN_POINT('',(6.83714235053405,-87.757821166914,12.2031759999998));
#3285=CARTESIAN_POINT('',(6.76101393026082,-87.7724688076724,12.2031759999998));
#3286=CARTESIAN_POINT('',(6.68460398573818,-87.7869285361616,12.2031759999998));
#3287=CARTESIAN_POINT('',(6.60821932356143,-87.8011413323328,12.2031759999998));
#3288=CARTESIAN_POINT('',(6.53175622700566,-87.8151268031334,12.2031759999998));
#3289=CARTESIAN_POINT('',(6.45532275637516,-87.8288655408232,12.2031759999998));
#3290=CARTESIAN_POINT('',(6.37859038717777,-87.8424155694151,12.2031759999998));
#3291=CARTESIAN_POINT('',(6.27631683990899,-87.8601523687874,12.2031759999998));
#3292=CARTESIAN_POINT('',(6.14834366639552,-87.881740737688,12.2031759999998));
#3293=CARTESIAN_POINT('',(6.0202437042957,-87.9025433159328,12.2031759999998));
#3294=CARTESIAN_POINT('',(5.91771156964725,-87.9187105470076,12.2031759999998));
#3295=CARTESIAN_POINT('',(5.84070719491022,-87.9306104792999,12.2031759999998));
#3296=CARTESIAN_POINT('',(5.76392476978808,-87.9422354847606,12.2031759999998));
#3297=CARTESIAN_POINT('',(5.68703484353987,-87.9536364640146,12.2031759999998));
#3298=CARTESIAN_POINT('',(5.61014588764951,-87.9647969787815,12.2031759999998));
#3299=CARTESIAN_POINT('',(5.53315346692217,-87.9757318815582,12.2031759999998));
#3300=CARTESIAN_POINT('',(5.45636685065339,-87.9863982006375,12.2031759999998));
#3301=CARTESIAN_POINT('',(5.37948122293859,-87.9968392400285,12.2031759999998));
#3302=CARTESIAN_POINT('',(5.30259669854727,-88.0070410694873,12.2031759999998));
#3303=CARTESIAN_POINT('',(5.22561763430596,-88.0170161059814,12.2031759999998));
#3304=CARTESIAN_POINT('',(5.14882648813913,-88.0267286118845,12.2031759999998));
#3305=CARTESIAN_POINT('',(5.07194524539286,-88.0362146250073,12.2031759999998));
#3306=CARTESIAN_POINT('',(4.99506510072714,-88.0454625880521,12.2031759999998));
#3307=CARTESIAN_POINT('',(4.918099290156,-88.0544826923994,12.2031759999998));
#3308=CARTESIAN_POINT('',(4.84130367496324,-88.0632457298248,12.2031759999998));
#3309=CARTESIAN_POINT('',(4.76442679689198,-88.0717811824227,12.2031759999998));
#3310=CARTESIAN_POINT('',(4.68755101148237,-88.0800796301129,12.2031759999998));
#3311=CARTESIAN_POINT('',(4.61059835483082,-88.0881492711218,12.2031759999998));
#3312=CARTESIAN_POINT('',(4.53379832701144,-88.0959667326243,12.2031759999998));
#3313=CARTESIAN_POINT('',(4.45692579507603,-88.1035556351355,12.2031759999998));
#3314=CARTESIAN_POINT('',(4.38005434988575,-88.1109084655863,12.2031759999998));
#3315=CARTESIAN_POINT('',(4.30311476094404,-88.1180316557386,12.2031759999998));
#3316=CARTESIAN_POINT('',(4.22631035937603,-88.1249069916142,12.2031759999998));
#3317=CARTESIAN_POINT('',(4.1494421989374,-88.1315529055375,12.2031759999998));
#3318=CARTESIAN_POINT('',(4.07257492080348,-88.1379635831635,12.2031759999998));
#3319=CARTESIAN_POINT('',(3.99564890651727,-88.1441438495484,12.2031759999998));
#3320=CARTESIAN_POINT('',(3.91883798873147,-88.1500802188123,12.2031759999998));
#3321=CARTESIAN_POINT('',(3.81636379720791,-88.1576875673435,12.2031759999998));
#3322=CARTESIAN_POINT('',(3.71381373552374,-88.1648310102046,12.2031759999998));
#3323=CARTESIAN_POINT('',(3.61138339716721,-88.1714981058142,12.2031759999998));
#3324=CARTESIAN_POINT('',(3.50891459506258,-88.1778560328111,12.2031759999998));
#3325=CARTESIAN_POINT('',(3.38075588230252,-88.1852226535677,12.2031759999998));
#3326=CARTESIAN_POINT('',(3.2271182903367,-88.1931201497654,12.2031759999998));
#3327=CARTESIAN_POINT('',(3.07334139564761,-88.2000909383646,12.2031759999998));
#3328=CARTESIAN_POINT('',(2.91969858818097,-88.2061233403803,12.2031759999998));
#3329=CARTESIAN_POINT('',(2.76594638478071,-88.2112279121054,12.2031759999998));
#3330=CARTESIAN_POINT('',(2.61229535381122,-88.2153980103631,12.2031759999998));
#3331=CARTESIAN_POINT('',(2.45856876555517,-88.2186392701785,12.2031759999998));
#3332=CARTESIAN_POINT('',(2.3049086488829,-88.2209488365,12.2031759999998));
#3333=CARTESIAN_POINT('',(1.99751178295384,-88.223708862743,12.2031759999998));
#3334=CARTESIAN_POINT('',(1.69021396763937,-88.2218200161723,12.2031759999998));
#3335=CARTESIAN_POINT('',(1.38285427610234,-88.2152805298496,12.2031759999998));
#3336=CARTESIAN_POINT('',(1.2292279437699,-88.2110817834517,12.2031759999998));
#3337=CARTESIAN_POINT('',(1.07553552602264,-88.2059501105931,12.2031759999998));
#3338=CARTESIAN_POINT('',(0.921935759831009,-88.1998906329715,12.2031759999998));
#3339=CARTESIAN_POINT('',(0.768234713215841,-88.1928948030746,12.2031759999998));
#3340=CARTESIAN_POINT('',(0.614660291916914,-88.1849725944739,12.2031759999998));
#3341=CARTESIAN_POINT('',(0.460951697716583,-88.1761095048072,12.2031759999998));
#3342=CARTESIAN_POINT('',(0.307399489228172,-88.1663215129818,12.2031759999998));
#3343=CARTESIAN_POINT('',(0.179312403791153,-88.1573770765621,12.2031759999998));
#3344=CARTESIAN_POINT('',(0.0769082585330521,-88.1497575485653,12.2031759999998));
#3345=CARTESIAN_POINT('',(-0.0254527571678059,-88.1418292961295,12.2031759999998));
#3346=CARTESIAN_POINT('',(-0.127934380737673,-88.1334225080534,12.2031759999998));
#3347=CARTESIAN_POINT('',(-0.230332499451194,-88.1245526928146,12.2031759999998));
#3348=CARTESIAN_POINT('',(-0.307082481189607,-88.1176700276792,12.2031759999998));
#3349=CARTESIAN_POINT('',(-0.383949635211946,-88.1105414770605,12.2031759999998));
#3350=CARTESIAN_POINT('',(-0.460753749141345,-88.1031832547445,12.2031759999998));
#3351=CARTESIAN_POINT('',(-0.537556577374084,-88.0955895977223,12.2031759999998));
#3352=CARTESIAN_POINT('',(-0.614291314701871,-88.0877673442443,12.2031759999998));
#3353=CARTESIAN_POINT('',(-0.691163427561655,-88.0796949043167,12.2031759999998));
#3354=CARTESIAN_POINT('',(-0.767963052732287,-88.0713936835277,12.2031759999998));
#3355=CARTESIAN_POINT('',(-0.844761597509486,-88.0628561608939,12.2031759999998));
#3356=CARTESIAN_POINT('',(-0.92148329593159,-88.0540910147601,12.2031759999998));
#3357=CARTESIAN_POINT('',(-0.99835980454953,-88.0450710527308,12.2031759999998));
#3358=CARTESIAN_POINT('',(-1.07515508860845,-88.0358232529463,12.2031759999998));
#3359=CARTESIAN_POINT('',(-1.15194928954732,-88.0263381896988,12.2031759999998));
#3360=CARTESIAN_POINT('',(-1.22865787636502,-88.0166265876787,12.2031759999998));
#3361=CARTESIAN_POINT('',(-1.30553883162717,-88.0066549738324,12.2031759999998));
#3362=CARTESIAN_POINT('',(-1.38232975735519,-87.9964565810853,12.2031759999998));
#3363=CARTESIAN_POINT('',(-1.45911959562728,-87.9860198503616,12.2031759999998));
#3364=CARTESIAN_POINT('',(-1.53581497610925,-87.9753577850388,12.2031759999998));
#3365=CARTESIAN_POINT('',(-1.61270043805958,-87.9644299306835,12.2031759999998));
#3366=CARTESIAN_POINT('',(-1.68948698684694,-87.9532764753576,12.2031759999998));
#3367=CARTESIAN_POINT('',(-1.76627243605044,-87.9418834932994,12.2031759999998));
#3368=CARTESIAN_POINT('',(-1.842954525985,-87.9302664994949,12.2031759999998));
#3369=CARTESIAN_POINT('',(-1.91984448181184,-87.9183773597615,12.2031759999998));
#3370=CARTESIAN_POINT('',(-1.99662692968349,-87.9062638563665,12.2031759999998));
#3371=CARTESIAN_POINT('',(-2.07340685373707,-87.8939097572945,12.2031759999998));
#3372=CARTESIAN_POINT('',(-2.15007969127142,-87.8813322083408,12.2031759999998));
#3373=CARTESIAN_POINT('',(-2.22695870895412,-87.8684788583389,12.2031759999998));
#3374=CARTESIAN_POINT('',(-2.30373257151365,-87.8554006539554,12.2031759999998));
#3375=CARTESIAN_POINT('',(-2.38047802889891,-87.8420851513426,12.2031759999998));
#3376=CARTESIAN_POINT('',(-2.48277321248142,-87.8240131885187,12.2031759999998));
#3377=CARTESIAN_POINT('',(-2.58483207296228,-87.8054985445874,12.2031759999998));
#3378=CARTESIAN_POINT('',(-2.68683468545946,-87.7865099776086,12.2031759999998));
#3379=CARTESIAN_POINT('',(-2.76335218495131,-87.772022602249,12.2031759999998));
#3380=CARTESIAN_POINT('',(-2.83957596333665,-87.7573490553316,12.2031759999998));
#3381=CARTESIAN_POINT('',(-2.91582427727927,-87.7424290394596,12.2031759999998));
#3382=CARTESIAN_POINT('',(-2.99199232447475,-87.7272827240735,12.2031759999998));
#3383=CARTESIAN_POINT('',(-3.06818105747694,-87.7118897288082,12.2031759999998));
#3384=CARTESIAN_POINT('',(-3.14409146837485,-87.6963114056838,12.2031759999998));
#3385=CARTESIAN_POINT('',(-3.22001851451459,-87.6804881742775,12.2031759999998));
#3386=CARTESIAN_POINT('',(-3.29586544178099,-87.6644398669594,12.2031759999998));
#3387=CARTESIAN_POINT('',(-3.37172430928858,-87.6481467346721,12.2031759999998));
#3388=CARTESIAN_POINT('',(-3.44732363469453,-87.6316679412754,12.2031759999998));
#3389=CARTESIAN_POINT('',(-3.52293081484423,-87.6149460671638,12.2031759999998));
#3390=CARTESIAN_POINT('',(-3.59845825456398,-87.5980001826412,12.2031759999998));
#3391=CARTESIAN_POINT('',(-3.67398893770312,-87.5808114260981,12.2031759999998));
#3392=CARTESIAN_POINT('',(-3.74927852403801,-87.563436173668,12.2031759999998));
#3393=CARTESIAN_POINT('',(-3.82456729637952,-87.5458197557383,12.2031759999998));
#3394=CARTESIAN_POINT('',(-3.89977666982637,-87.5279802850942,12.2031759999998));
#3395=CARTESIAN_POINT('',(-3.9749807011729,-87.5098999802079,12.2031759999998));
#3396=CARTESIAN_POINT('',(-4.04996174814292,-87.4916318544051,12.2031759999998));
#3397=CARTESIAN_POINT('',(-4.12493341986947,-87.4731245646588,12.2031759999998));
#3398=CARTESIAN_POINT('',(-4.19982599755393,-87.4543950743076,12.2031759999998));
#3399=CARTESIAN_POINT('',(-4.2747047472578,-87.4354268730244,12.2031759999998));
#3400=CARTESIAN_POINT('',(-4.34937832353369,-87.4162690387787,12.2031759999998));
#3401=CARTESIAN_POINT('',(-4.42403401925673,-87.3968741404215,12.2031759999998));
#3402=CARTESIAN_POINT('',(-4.49861104916456,-87.3772577448305,12.2031759999998));
#3403=CARTESIAN_POINT('',(-4.57316526143146,-87.3574050156438,12.2031759999998));
#3404=CARTESIAN_POINT('',(-4.64753404862274,-87.3373597314312,12.2031759999998));
#3405=CARTESIAN_POINT('',(-4.74664626799225,-87.3103226568218,12.2031759999998));
#3406=CARTESIAN_POINT('',(-4.87041855065168,-87.2759520905041,12.2031759999998));
#3407=CARTESIAN_POINT('',(-5.01846755756383,-87.2338717314031,12.2031759999998));
#3408=CARTESIAN_POINT('',(-5.16636469463731,-87.1908638691872,12.2031759999998));
#3409=CARTESIAN_POINT('',(-5.31379965794402,-87.1470196828525,12.2031759999998));
#3410=CARTESIAN_POINT('',(-5.46105502917329,-87.1022563271814,12.2031759999998));
#3411=CARTESIAN_POINT('',(-5.60788063220236,-87.0566503794759,12.2031759999998));
#3412=CARTESIAN_POINT('',(-5.75449450559877,-87.0101351551489,12.2031759999998));
#3413=CARTESIAN_POINT('',(-5.90071178573166,-86.962769597506,12.2031759999998));
#3414=CARTESIAN_POINT('',(-6.04668494143494,-86.914505153969,12.2031759999998));
#3415=CARTESIAN_POINT('',(-6.19229483791578,-86.865381280195,12.2031759999998));
#3416=CARTESIAN_POINT('',(-6.38607013118704,-86.7986995837333,12.2031759999998));
#3417=CARTESIAN_POINT('',(-6.62748272004383,-86.7131665329453,12.2031759999998));
#3418=CARTESIAN_POINT('',(-6.86784892974028,-86.6247170624207,12.2031759999998));
#3419=CARTESIAN_POINT('',(-7.05955691860804,-86.5521900118363,12.2031759999998));
#3420=CARTESIAN_POINT('',(-7.20297309058949,-86.496938478426,12.2031759999998));
#3421=CARTESIAN_POINT('',(-7.34615028330814,-86.4407813246218,12.2031759999998));
#3422=CARTESIAN_POINT('',(-7.48892511277837,-86.3837824259979,12.2031759999998));
#3423=CARTESIAN_POINT('',(-7.63149321908223,-86.3258626470888,12.2031759999998));
#3424=CARTESIAN_POINT('',(-7.77362735985233,-86.267113821608,12.2031759999998));
#3425=CARTESIAN_POINT('',(-7.91558408541859,-86.2074287258136,12.2031759999998));
#3426=CARTESIAN_POINT('',(-8.057079895811,-86.1469256357698,12.2031759999998));
#3427=CARTESIAN_POINT('',(-8.17485618381136,-86.0957183556821,12.2031759999998));
#3428=CARTESIAN_POINT('',(-8.26886269346427,-86.0543358424825,12.2031759999998));
#3429=CARTESIAN_POINT('',(-8.33924905720316,-86.0230961729521,12.2031759999998));
#3430=CARTESIAN_POINT('',(-8.40965394655965,-85.9915922031427,12.2031759999998));
#3431=CARTESIAN_POINT('',(-8.47992907294557,-85.959889799663,12.2031759999998));
#3432=CARTESIAN_POINT('',(-8.55012528964169,-85.927966170651,12.2031759999998));
#3433=CARTESIAN_POINT('',(-8.62018747211318,-85.8958466169454,12.2031759999998));
#3434=CARTESIAN_POINT('',(-8.69028526521854,-85.8634527270541,12.2031759999998));
#3435=CARTESIAN_POINT('',(-8.76024485255483,-85.8308641992915,12.2031759999998));
#3436=CARTESIAN_POINT('',(-8.83012542014999,-85.7980536581001,12.2031759999998));
#3437=CARTESIAN_POINT('',(-8.8998640402953,-85.7650509073952,12.2031759999998));
#3438=CARTESIAN_POINT('',(-8.96965323779761,-85.7317641070733,12.2031759999998));
#3439=CARTESIAN_POINT('',(-9.03929631588933,-85.6982863540824,12.2031759999998));
#3440=CARTESIAN_POINT('',(-9.10886008102277,-85.6645857596376,12.2031759999998));
#3441=CARTESIAN_POINT('',(-9.17827400415628,-85.630696781931,12.2031759999998));
#3442=CARTESIAN_POINT('',(-9.24775339500425,-85.5965134769789,12.2031759999998));
#3443=CARTESIAN_POINT('',(-9.31707873113682,-85.5621430325579,12.2031759999998));
#3444=CARTESIAN_POINT('',(-9.38632442302632,-85.5275488141104,12.2031759999998));
#3445=CARTESIAN_POINT('',(-9.45541235121327,-85.4927701720904,12.2031759999998));
#3446=CARTESIAN_POINT('',(-9.52458058306327,-85.4576863392398,12.2031759999998));
#3447=CARTESIAN_POINT('',(-9.59358679358443,-85.4224193149403,12.2031759999998));
#3448=CARTESIAN_POINT('',(-9.66251299037877,-85.3869274770998,12.2031759999998));
#3449=CARTESIAN_POINT('',(-9.73127346803031,-85.351255314706,12.2031759999998));
#3450=CARTESIAN_POINT('',(-9.8001290406008,-85.3152664938992,12.2031759999998));
#3451=CARTESIAN_POINT('',(-9.8688145933193,-85.2790985670464,12.2031759999998));
#3452=CARTESIAN_POINT('',(-9.93741970001563,-85.2427046909743,12.2031759999998));
#3453=CARTESIAN_POINT('',(-10.0058511801414,-85.2061346860085,12.2031759999998));
#3454=CARTESIAN_POINT('',(-10.0743921820605,-85.1692361140198,12.2031759999998));
#3455=CARTESIAN_POINT('',(-10.1427563617859,-85.1321619796869,12.2031759999998));
#3456=CARTESIAN_POINT('',(-10.2110349897793,-85.0948632205164,12.2031759999998));
#3457=CARTESIAN_POINT('',(-10.2791493281805,-85.0573830818031,12.2031759999998));
#3458=CARTESIAN_POINT('',(-10.3473230579687,-85.0195976448617,12.2031759999998));
#3459=CARTESIAN_POINT('',(-10.4153359686697,-84.9816279035143,12.2031759999998));
#3460=CARTESIAN_POINT('',(-10.483232037985,-84.9434500152933,12.2031759999998));
#3461=CARTESIAN_POINT('',(-10.5510555655828,-84.9050383562474,12.2031759999998));
#3462=CARTESIAN_POINT('',(-10.6185853750885,-84.866519264649,12.2031759999998));
#3463=CARTESIAN_POINT('',(-10.6860469102679,-84.8277650050755,12.2031759999998));
#3464=CARTESIAN_POINT('',(-10.7533613980076,-84.7888205871436,12.2031759999998));
#3465=CARTESIAN_POINT('',(-10.8206184869958,-84.7496337078091,12.2031759999998));
#3466=CARTESIAN_POINT('',(-10.887538355593,-84.7103685696319,12.2031759999998));
#3467=CARTESIAN_POINT('',(-10.9543986281575,-84.6708634242789,12.2031759999998));
#3468=CARTESIAN_POINT('',(-11.0211082380502,-84.6311716799976,12.2031759999998));
#3469=CARTESIAN_POINT('',(-11.08775382747,-84.591241452131,12.2031759999998));
#3470=CARTESIAN_POINT('',(-11.1540798942602,-84.5512268710593,12.2031759999998));
#3471=CARTESIAN_POINT('',(-11.2203386552754,-84.5109768371957,12.2031759999998));
#3472=CARTESIAN_POINT('',(-11.2864474965018,-84.4705411647244,12.2031759999998));
#3473=CARTESIAN_POINT('',(-11.3524846571398,-84.429871696495,12.2031759999998));
#3474=CARTESIAN_POINT('',(-11.4182197944011,-84.3891112469257,12.2031759999998));
#3475=CARTESIAN_POINT('',(-11.4838799768602,-84.3481199884373,12.2031759999998));
#3476=CARTESIAN_POINT('',(-11.5493909322994,-84.3069439484187,12.2031759999998));
#3477=CARTESIAN_POINT('',(-11.6148226810152,-84.2655388448943,12.2031759999998));
#3478=CARTESIAN_POINT('',(-11.679969414039,-84.2240357783771,12.2031759999998));
#3479=CARTESIAN_POINT('',(-11.7450336795974,-84.1823065908279,12.2031759999998));
#3480=CARTESIAN_POINT('',(-11.8099493396675,-84.1403933904193,12.2031759999998));
#3481=CARTESIAN_POINT('',(-11.8747783981138,-84.0982559025003,12.2031759999998));
#3482=CARTESIAN_POINT('',(-11.9393389775013,-84.0560131175026,12.2031759999998));
#3483=CARTESIAN_POINT('',(-12.0038097046441,-84.0135489459251,12.2031759999998));
#3484=CARTESIAN_POINT('',(-12.0681323785682,-83.9709014431121,12.2031759999998));
#3485=CARTESIAN_POINT('',(-12.132361176356,-83.9280344771878,12.2031759999998));
#3486=CARTESIAN_POINT('',(-12.1963375906515,-83.8850545203112,12.2031759999998));
#3487=CARTESIAN_POINT('',(-12.2602168528777,-83.8418579852283,12.2031759999998));
#3488=CARTESIAN_POINT('',(-12.323948675353,-83.7984786235473,12.2031759999998));
#3489=CARTESIAN_POINT('',(-12.387578977381,-83.7548850160895,12.2031759999998));
#3490=CARTESIAN_POINT('',(-12.4509743694285,-83.7111690879609,12.2031759999998));
#3491=CARTESIAN_POINT('',(-12.5353534375005,-83.6526052675825,12.2031759999998));
#3492=CARTESIAN_POINT('',(-12.6405230248715,-83.578899876531,12.2031759999998));
#3493=CARTESIAN_POINT('',(-12.7660061816289,-83.4898192897876,12.2031759999998));
#3494=CARTESIAN_POINT('',(-12.8910322171797,-83.3999186269676,12.2031759999998));
#3495=CARTESIAN_POINT('',(-13.0153527778564,-83.3093775106191,12.2031759999998));
#3496=CARTESIAN_POINT('',(-13.139192739664,-83.2180335142407,12.2031759999998));
#3497=CARTESIAN_POINT('',(-13.2623555543991,-83.1260321738153,12.2031759999998));
#3498=CARTESIAN_POINT('',(-13.3850107980973,-83.0332479935218,12.2031759999998));
#3499=CARTESIAN_POINT('',(-13.5070174075298,-82.9397879695111,12.2031759999998));
#3500=CARTESIAN_POINT('',(-13.6284894703613,-82.8455656431836,12.2031759999998));
#3501=CARTESIAN_POINT('',(-13.7493408572053,-82.7506478466729,12.2031759999998));
#3502=CARTESIAN_POINT('',(-13.9097267140767,-82.6231029633099,12.2031759999998));
#3503=CARTESIAN_POINT('',(-14.1087322774748,-82.4618761798214,12.2031759999998));
#3504=CARTESIAN_POINT('',(-14.3057810041599,-82.2982469002529,12.2031759999998));
#3505=CARTESIAN_POINT('',(-14.4622874050689,-82.1658649157592,12.2031759999998));
#3506=CARTESIAN_POINT('',(-14.5790341498678,-82.0658957562792,12.2031759999998));
#3507=CARTESIAN_POINT('',(-14.6952614504587,-81.9651454471187,12.2031759999998));
#3508=CARTESIAN_POINT('',(-14.8108241064963,-81.8637395416921,12.2031759999998));
#3509=CARTESIAN_POINT('',(-14.9258927959227,-81.7615269228343,12.2031759999998));
#3510=CARTESIAN_POINT('',(-15.0402712049481,-81.6586813006635,12.2031759999998));
#3511=CARTESIAN_POINT('',(-15.1541780203181,-81.5550045009126,12.2031759999998));
#3512=CARTESIAN_POINT('',(-15.2673729467933,-81.4507140096635,12.2031759999998));
#3513=CARTESIAN_POINT('',(-15.3613162715756,-81.3631018466867,12.2031759999998));
#3514=CARTESIAN_POINT('',(-15.4361283928074,-81.2926917749782,12.2031759999998));
#3515=CARTESIAN_POINT('',(-15.4920572233189,-81.2397333056457,12.2031759999998));
#3516=CARTESIAN_POINT('',(-15.5479188017354,-81.1865160080517,12.2031759999998));
#3517=CARTESIAN_POINT('',(-15.6035906931772,-81.1331558818043,12.2031759999998));
#3518=CARTESIAN_POINT('',(-15.6591147764489,-81.0796129834519,12.2031759999998));
#3519=CARTESIAN_POINT('',(-15.714445971211,-81.0259310871923,12.2031759999998));
#3520=CARTESIAN_POINT('',(-15.7697227200175,-80.971975039686,12.2031759999998));
#3521=CARTESIAN_POINT('',(-15.8248030589432,-80.9178825901682,12.2031759999998));
#3522=CARTESIAN_POINT('',(-15.8797352130356,-80.8636066349211,12.2031759999998));
#3523=CARTESIAN_POINT('',(-15.9344682460304,-80.8091978395809,12.2031759999998));
#3524=CARTESIAN_POINT('',(-15.9891576779367,-80.7545006453199,12.2031759999998));
#3525=CARTESIAN_POINT('',(-16.0436444575185,-80.6996731780016,12.2031759999998));
#3526=CARTESIAN_POINT('',(-16.0979824841081,-80.6446614990623,12.2031759999998));
#3527=CARTESIAN_POINT('',(-16.1521152116124,-80.5895232368936,12.2031759999998));
#3528=CARTESIAN_POINT('',(-16.2062149250713,-80.5340818164929,12.2031759999998));
#3529=CARTESIAN_POINT('',(-16.2601057646196,-80.4785163817031,12.2031759999998));
#3530=CARTESIAN_POINT('',(-16.3138472121178,-80.4227659429564,12.2031759999998));
#3531=CARTESIAN_POINT('',(-16.367377199989,-80.3668953146808,12.2031759999998));
#3532=CARTESIAN_POINT('',(-16.42088451668,-80.3107062287321,12.2031759999998));
#3533=CARTESIAN_POINT('',(-16.4741767520324,-80.2543995263701,12.2031759999998));
#3534=CARTESIAN_POINT('',(-16.5273188836203,-80.1979069398997,12.2031759999998));
#3535=CARTESIAN_POINT('',(-16.5802434113057,-80.1413006988412,12.2031759999998));
#3536=CARTESIAN_POINT('',(-16.6331553580664,-80.0843601528086,12.2031759999998));
#3537=CARTESIAN_POINT('',(-16.6858460732787,-80.0273084821811,12.2031759999998));
#3538=CARTESIAN_POINT('',(-16.7383857210582,-79.9700701576323,12.2031759999998));
#3539=CARTESIAN_POINT('',(-16.7907022955663,-79.9127241160886,12.2031759999998));
#3540=CARTESIAN_POINT('',(-16.8430136560417,-79.8550301391712,12.2031759999998));
#3541=CARTESIAN_POINT('',(-16.9124713438401,-79.777951587131,12.2031759999998));
#3542=CARTESIAN_POINT('',(-16.981555535455,-79.7005760815268,12.2031759999998));
#3543=CARTESIAN_POINT('',(-17.0503817993008,-79.6227721328178,12.2031759999998));
#3544=CARTESIAN_POINT('',(-17.1018112146969,-79.5642735406137,12.2031759999998));
#3545=CARTESIAN_POINT('',(-17.1530528942933,-79.5056270362088,12.2031759999998));
#3546=CARTESIAN_POINT('',(-17.2041579699396,-79.4467731548364,12.2031759999998));
#3547=CARTESIAN_POINT('',(-17.2549193675487,-79.387952037092,12.2031759999998));
#3548=CARTESIAN_POINT('',(-17.3055463353984,-79.328922672916,12.2031759999998));
#3549=CARTESIAN_POINT('',(-17.3559693894996,-79.2697655864643,12.2031759999998));
#3550=CARTESIAN_POINT('',(-17.4062572175307,-79.2103996911732,12.2031759999998));
#3551=CARTESIAN_POINT('',(-17.4562045527678,-79.1510688091418,12.2031759999998));
#3552=CARTESIAN_POINT('',(-17.5060147779621,-79.0915328593565,12.2031759999998));
#3553=CARTESIAN_POINT('',(-17.5556213255592,-79.0318708797177,12.2031759999998));
#3554=CARTESIAN_POINT('',(-17.6050870830256,-78.9720067996371,12.2031759999998));
#3555=CARTESIAN_POINT('',(-17.6542270680496,-78.912165863568,12.2031759999998));
#3556=CARTESIAN_POINT('',(-17.7032241200509,-78.8521268201957,12.2031759999998));
#3557=CARTESIAN_POINT('',(-17.7520186733973,-78.7919621571489,12.2031759999998));
#3558=CARTESIAN_POINT('',(-17.8006661511979,-78.7316031752273,12.2031759999998));
#3559=CARTESIAN_POINT('',(-17.8490044266484,-78.6712521836042,12.2031759999998));
#3560=CARTESIAN_POINT('',(-17.9132454229798,-78.590544515081,12.2031759999998));
#3561=CARTESIAN_POINT('',(-17.9771500590935,-78.5095013852695,12.2031759999998));
#3562=CARTESIAN_POINT('',(-18.0405600611613,-78.4283262299583,12.2031759999998));
#3563=CARTESIAN_POINT('',(-18.0879551562522,-78.367270941975,12.2031759999998));
#3564=CARTESIAN_POINT('',(-18.1351335981574,-78.3061114005318,12.2031759999998));
#3565=CARTESIAN_POINT('',(-18.1821058583226,-78.2448349760809,12.2031759999998));
#3566=CARTESIAN_POINT('',(-18.2289046332114,-78.1833988190815,12.2031759999998));
#3567=CARTESIAN_POINT('',(-18.2754633592689,-78.1218909740376,12.2031759999998));
#3568=CARTESIAN_POINT('',(-18.3218566189118,-78.0602133081939,12.2031759999998));
#3569=CARTESIAN_POINT('',(-18.4142009433988,-77.9366663492278,12.2031759999998));
#3570=CARTESIAN_POINT('',(-18.6121655352667,-77.6675739849883,12.2031759999998));
#3571=CARTESIAN_POINT('',(-19.0273274250396,-77.0811695815313,12.2031759999998));
#3572=CARTESIAN_POINT('',(-19.5887234123609,-76.2237658293381,12.2031759999998));
#3573=CARTESIAN_POINT('',(-20.1079667621819,-75.3403063751895,12.2031759999998));
#3574=CARTESIAN_POINT('',(-20.49799454796,-74.6178277569503,12.2031759999998));
#3575=CARTESIAN_POINT('',(-20.6961645074869,-74.2284316883343,12.2031759999998));
#3576=CARTESIAN_POINT('',(-20.8097291736244,-73.997517430213,12.2031759999998));
#3577=CARTESIAN_POINT('',(-20.8436052668256,-73.9281039888556,12.2031759999998));
#3578=CARTESIAN_POINT('',(-20.8772584838982,-73.8586121413794,12.2031759999998));
#3579=CARTESIAN_POINT('',(-20.9107435094594,-73.7889279930142,12.2031759999998));
#3580=CARTESIAN_POINT('',(-20.9439974160517,-73.7191819206622,12.2031759999998));
#3581=CARTESIAN_POINT('',(-20.9880955026762,-73.6259622470635,12.2031759999998));
#3582=CARTESIAN_POINT('',(-21.0317624600482,-73.5325530036098,12.2031759999998));
#3583=CARTESIAN_POINT('',(-21.075060744764,-73.4388177460642,12.2031759999998));
#3584=CARTESIAN_POINT('',(-21.1180532227925,-73.3449943695356,12.2031759999998));
#3585=CARTESIAN_POINT('',(-21.1606764682756,-73.2508423315007,12.2031759999998));
#3586=CARTESIAN_POINT('',(-21.2028621119226,-73.1565097483992,12.2031759999998));
#3587=CARTESIAN_POINT('',(-21.2343244653947,-73.0855754416037,12.2031759999998));
#3588=CARTESIAN_POINT('',(-21.2655475525373,-73.0145965386662,12.2031759999998));
#3589=CARTESIAN_POINT('',(-21.2966044457745,-72.9434062091099,12.2031759999998));
#3590=CARTESIAN_POINT('',(-21.3274335824403,-72.8721439826588,12.2031759999998));
#3591=CARTESIAN_POINT('',(-21.3580608019363,-72.8007506036402,12.2031759999998));
#3592=CARTESIAN_POINT('',(-21.3885011293923,-72.7291889189533,12.2031759999998));
#3593=CARTESIAN_POINT('',(-21.418698795756,-72.6575903744122,12.2031759999998));
#3594=CARTESIAN_POINT('',(-21.4487396703833,-72.5857499617632,12.2031759999998));
#3595=CARTESIAN_POINT('',(-21.4785396165998,-72.5138673009567,12.2031759999998));
#3596=CARTESIAN_POINT('',(-21.508145159444,-72.4418305422711,12.2031759999998));
#3597=CARTESIAN_POINT('',(-21.5375442562697,-72.369667284624,12.2031759999998));
#3598=CARTESIAN_POINT('',(-21.566724673883,-72.2974068207935,12.2031759999998));
#3599=CARTESIAN_POINT('',(-21.5956472148077,-72.2251477540831,12.2031759999998));
#3600=CARTESIAN_POINT('',(-21.6243655109801,-72.1527566036567,12.2031759999998));
#3601=CARTESIAN_POINT('',(-21.6528282645517,-72.0803629298607,12.2031759999998));
#3602=CARTESIAN_POINT('',(-21.6810574987717,-72.0079129169012,12.2031759999998));
#3603=CARTESIAN_POINT('',(-21.7090701861374,-71.9353625137776,12.2031759999998));
#3604=CARTESIAN_POINT('',(-21.7368157092444,-71.8628447334141,12.2031759999998));
#3605=CARTESIAN_POINT('',(-21.7643599820892,-71.7901880581425,12.2031759999998));
#3606=CARTESIAN_POINT('',(-21.7916444719396,-71.7175472287329,12.2031759999998));
#3607=CARTESIAN_POINT('',(-21.8187057895403,-71.6448267949038,12.2031759999998));
#3608=CARTESIAN_POINT('',(-21.8455411529757,-71.5720337108592,12.2031759999998));
#3609=CARTESIAN_POINT('',(-21.8721219597254,-71.49924754767,12.2031759999998));
#3610=CARTESIAN_POINT('',(-21.8984981184009,-71.4263318788088,12.2031759999998));
#3611=CARTESIAN_POINT('',(-21.924613661501,-71.3534421967374,12.2031759999998));
#3612=CARTESIAN_POINT('',(-21.950513239605,-71.2804555811543,12.2031759999998));
#3613=CARTESIAN_POINT('',(-21.9761800548402,-71.2074188757795,12.2031759999998));
#3614=CARTESIAN_POINT('',(-22.0016024264527,-71.1343673167147,12.2031759999998));
#3615=CARTESIAN_POINT('',(-22.0268169559302,-71.0611955213895,12.2031759999998));
#3616=CARTESIAN_POINT('',(-22.0517714494474,-70.9880560849014,12.2031759999998));
#3617=CARTESIAN_POINT('',(-22.0765148781701,-70.9148068677168,12.2031759999998));
#3618=CARTESIAN_POINT('',(-22.1010206255068,-70.8415262427093,12.2031759999998));
#3619=CARTESIAN_POINT('',(-22.1252909716994,-70.7682092456885,12.2031759999998));
#3620=CARTESIAN_POINT('',(-22.1493461440277,-70.6947944726869,12.2031759999998));
#3621=CARTESIAN_POINT('',(-22.1969574175659,-70.5479813671893,12.2031759999998));
#3622=CARTESIAN_POINT('',(-22.251198222024,-70.3762907872049,12.2031759999998));
#3623=CARTESIAN_POINT('',(-22.3113309649492,-70.1797364483956,12.2031759999998));
#3624=CARTESIAN_POINT('',(-22.3996996243206,-69.8844971014945,12.2031759999998));
#3625=CARTESIAN_POINT('',(-22.525402674229,-69.4400885387321,12.2031759999998));
#3626=CARTESIAN_POINT('',(-22.6784215334135,-68.844377886741,12.2031759999998));
#3627=CARTESIAN_POINT('',(-22.8630696306436,-68.0458014919309,12.2031759999998));
#3628=CARTESIAN_POINT('',(-22.9992209826477,-67.341468464433,12.2031759999998));
#3629=CARTESIAN_POINT('',(-23.0977069140797,-66.7337268104485,12.2031759999998));
#3630=CARTESIAN_POINT('',(-23.1356993850733,-66.4798199661224,12.2031759999998));
#3631=CARTESIAN_POINT('',(-23.1606875477083,-66.3017655759654,12.2031759999998));
#3632=CARTESIAN_POINT('',(-23.1745130334249,-66.1998824517795,12.2031759999998));
#3633=CARTESIAN_POINT('',(-23.1846462242517,-66.1234689188313,12.2031759999998));
#3634=CARTESIAN_POINT('',(-23.1945581538066,-66.0469416349967,12.2031759999998));
#3635=CARTESIAN_POINT('',(-23.2042342719354,-65.9704102919143,12.2031759999998));
#3636=CARTESIAN_POINT('',(-23.2136824851557,-65.8938131506575,12.2031759999998));
#3637=CARTESIAN_POINT('',(-23.2229024476092,-65.8171487037923,12.2031759999998));
#3638=CARTESIAN_POINT('',(-23.2318858295037,-65.7404872883177,12.2031759999998));
#3639=CARTESIAN_POINT('',(-23.2406475980392,-65.6636975840348,12.2031759999998));
#3640=CARTESIAN_POINT('',(-23.2491709705014,-65.5869242539938,12.2031759999998));
#3641=CARTESIAN_POINT('',(-23.2602338660692,-65.4844342267015,12.2031759999998));
#3642=CARTESIAN_POINT('',(-23.2708279863508,-65.3819033678824,12.2031759999998));
#3643=CARTESIAN_POINT('',(-23.2809670089052,-65.2791873926001,12.2031759999998));
#3644=CARTESIAN_POINT('',(-23.2907885663334,-65.1764875023027,12.2031759999998));
#3645=CARTESIAN_POINT('',(-23.3001533810094,-65.0736030998175,12.2031759999998));
#3646=CARTESIAN_POINT('',(-23.3090456304233,-64.9706957875106,12.2031759999998));
#3647=CARTESIAN_POINT('',(-23.3154875022494,-64.8933960143526,12.2031759999998));
#3648=CARTESIAN_POINT('',(-23.3216890318526,-64.8161309303977,12.2031759999998));
#3649=CARTESIAN_POINT('',(-23.3276636452538,-64.738730396956,12.2031759999998));
#3650=CARTESIAN_POINT('',(-23.3334004266295,-64.6613274863751,12.2031759999998));
#3651=CARTESIAN_POINT('',(-23.3389029271183,-64.5838767818625,12.2031759999998));
#3652=CARTESIAN_POINT('',(-23.3441742865651,-64.5063228247282,12.2031759999998));
#3653=CARTESIAN_POINT('',(-23.349204585052,-64.4288125673801,12.2031759999998));
#3654=CARTESIAN_POINT('',(-23.354007003617,-64.3511355443741,12.2031759999998));
#3655=CARTESIAN_POINT('',(-23.3585687107487,-64.2734892943178,12.2031759999998));
#3656=CARTESIAN_POINT('',(-23.3628963067097,-64.1957639750721,12.2031759999998));
#3657=CARTESIAN_POINT('',(-23.3683527611046,-64.092032549687,12.2031759999998));
#3658=CARTESIAN_POINT('',(-23.3733305160759,-63.9883080122443,12.2031759999998));
#3659=CARTESIAN_POINT('',(-23.377832593132,-63.8845255603242,12.2031759999998));
#3660=CARTESIAN_POINT('',(-23.3809673052636,-63.806755955746,12.2031759999998));
#3661=CARTESIAN_POINT('',(-23.3838622035146,-63.7290225082323,12.2031759999998));
#3662=CARTESIAN_POINT('',(-23.3865197587958,-63.6512547344205,12.2031759999998));
#3663=CARTESIAN_POINT('',(-23.3889350640784,-63.5736158597494,12.2031759999998));
#3664=CARTESIAN_POINT('',(-23.3911145438963,-63.4959104893845,12.2031759999998));
#3665=CARTESIAN_POINT('',(-23.3930537215022,-63.418300351209,12.2031759999998));
#3666=CARTESIAN_POINT('',(-23.3947555493985,-63.3406973261692,12.2031759999998));
#3667=CARTESIAN_POINT('',(-23.3962200622763,-63.2630913375932,12.2031759999998));
#3668=CARTESIAN_POINT('',(-23.3974460181547,-63.1855844999185,12.2031759999998));
#3669=CARTESIAN_POINT('',(-23.3984360034722,-63.1080209886588,12.2031759999998));
#3670=CARTESIAN_POINT('',(-23.3994389484438,-63.0047457667959,12.2031759999998));
#3671=CARTESIAN_POINT('',(-23.3999694458209,-62.9014378484819,12.2031759999998));
#3672=CARTESIAN_POINT('',(-23.4000276340861,-62.7982714117559,12.2031759999998));
#3673=CARTESIAN_POINT('',(-23.3998353853679,-62.7208508567897,12.2031759999998));
#3674=CARTESIAN_POINT('',(-23.3994079129542,-62.6435432046048,12.2031759999998));
#3675=CARTESIAN_POINT('',(-23.3987449339918,-62.5662074954786,12.2031759999998));
#3676=CARTESIAN_POINT('',(-23.3978469001532,-62.4889139096579,12.2031759999998));
#3677=CARTESIAN_POINT('',(-23.3967145388194,-62.4116722207041,12.2031759999998));
#3678=CARTESIAN_POINT('',(-23.3953465093897,-62.3343986986201,12.2031759999998));
#3679=CARTESIAN_POINT('',(-23.3937456797479,-62.257233310642,12.2031759999998));
#3680=CARTESIAN_POINT('',(-23.391909450338,-62.1800344466772,12.2031759999998));
#3681=CARTESIAN_POINT('',(-23.3850110949067,-61.9228980049676,12.2031759999998));
#3682=CARTESIAN_POINT('',(-23.3673237816232,-61.4864254926539,12.2031759999998));
#3683=CARTESIAN_POINT('',(-23.3142041519649,-60.6672735928424,12.2031759999998));
#3684=CARTESIAN_POINT('',(-23.2107943140208,-59.6478133323964,12.2031759999998));
#3685=CARTESIAN_POINT('',(-23.0581908735955,-58.63432744895,12.2031759999998));
#3686=CARTESIAN_POINT('',(-22.9254249352452,-57.9280230206994,12.2031759999998));
#3687=CARTESIAN_POINT('',(-22.8421103700411,-57.5253324640251,12.2031759999998));
#3688=CARTESIAN_POINT('',(-22.7924369585653,-57.2991299338126,12.2031759999998));
#3689=CARTESIAN_POINT('',(-22.7581590315092,-57.1485116224225,12.2031759999998));
#3690=CARTESIAN_POINT('',(-22.7349872787765,-57.048106796126,12.2031759999998));
#3691=CARTESIAN_POINT('',(-22.7113576878338,-56.9478085832571,12.2031759999998));
#3692=CARTESIAN_POINT('',(-22.6872386388827,-56.8474885562798,12.2031759999998));
#3693=CARTESIAN_POINT('',(-22.6628248715913,-56.7472864911085,12.2031759999998));
#3694=CARTESIAN_POINT('',(-22.6379205694621,-56.647064584244,12.2031759999998));
#3695=CARTESIAN_POINT('',(-22.6125636621932,-56.5469796962637,12.2031759999998));
#3696=CARTESIAN_POINT('',(-22.5932916829733,-56.4718754619902,12.2031759999998));
#3697=CARTESIAN_POINT('',(-22.5738037908063,-56.396881181921,12.2031759999998));
#3698=CARTESIAN_POINT('',(-22.5540596930231,-56.3218424849665,12.2031759999998));
#3699=CARTESIAN_POINT('',(-22.5340880833624,-56.2468709703104,12.2031759999998));
#3700=CARTESIAN_POINT('',(-22.5138821240028,-56.1719402659659,12.2031759999998));
#3701=CARTESIAN_POINT('',(-22.4934227884661,-56.0969827236781,12.2031759999998));
#3702=CARTESIAN_POINT('',(-22.4727499014362,-56.0221442364949,12.2031759999998));
#3703=CARTESIAN_POINT('',(-22.4518101388088,-55.9472332662022,12.2031759999998));
#3704=CARTESIAN_POINT('',(-22.4306503426762,-55.872419763247,12.2031759999998));
#3705=CARTESIAN_POINT('',(-22.4092472990217,-55.7976210165554,12.2031759999998));
#3706=CARTESIAN_POINT('',(-22.3875941230273,-55.7228160486222,12.2031759999998));
#3707=CARTESIAN_POINT('',(-22.3657245151519,-55.6481212006621,12.2031759999998));
#3708=CARTESIAN_POINT('',(-22.3435957088182,-55.5733913879613,12.2031759999998));
#3709=CARTESIAN_POINT('',(-22.3212416788721,-55.49874346754,12.2031759999998));
#3710=CARTESIAN_POINT('',(-22.2986735560869,-55.4242131807709,12.2031759999998));
#3711=CARTESIAN_POINT('',(-22.2758920330282,-55.3498008004696,12.2031759999998));
#3712=CARTESIAN_POINT('',(-22.2528722346122,-55.2754255263836,12.2031759999998));
#3713=CARTESIAN_POINT('',(-22.229668684387,-55.2012612948849,12.2031759999998));
#3714=CARTESIAN_POINT('',(-22.2062200164372,-55.1271105655232,12.2031759999998));
#3715=CARTESIAN_POINT('',(-22.1825737624361,-55.0531236570466,12.2031759999998));
#3716=CARTESIAN_POINT('',(-22.158708338837,-54.9792304386374,12.2031759999998));
#3717=CARTESIAN_POINT('',(-22.1346148296068,-54.905403920594,12.2031759999998));
#3718=CARTESIAN_POINT('',(-22.1103312466116,-54.8317583898494,12.2031759999998));
#3719=CARTESIAN_POINT('',(-22.0858054678431,-54.7581352037373,12.2031759999998));
#3720=CARTESIAN_POINT('',(-22.0528504776838,-54.6602067645689,12.2031759999998));
#3721=CARTESIAN_POINT('',(-22.0194393713132,-54.56240637949,12.2031759999998));
#3722=CARTESIAN_POINT('',(-21.9856296003071,-54.4648987779721,12.2031759999998));
#3723=CARTESIAN_POINT('',(-21.9600344101752,-54.3918026886521,12.2031759999998));
#3724=CARTESIAN_POINT('',(-21.9342527503873,-54.3188872395096,12.2031759999998));
#3725=CARTESIAN_POINT('',(-21.9082415202309,-54.2460289609534,12.2031759999998));
#3726=CARTESIAN_POINT('',(-21.8820197842658,-54.1732817165247,12.2031759999998));
#3727=CARTESIAN_POINT('',(-21.855596413616,-54.1006682704339,12.2031759999998));
#3728=CARTESIAN_POINT('',(-21.8289376297894,-54.0280960982781,12.2031759999998));
#3729=CARTESIAN_POINT('',(-21.8020965575123,-53.9557087002378,12.2031759999998));
#3730=CARTESIAN_POINT('',(-21.7750214236794,-53.8833654169596,12.2031759999998));
#3731=CARTESIAN_POINT('',(-21.7386540847088,-53.7870865862738,12.2031759999998));
#3732=CARTESIAN_POINT('',(-21.7018491481164,-53.6909771836589,12.2031759999998));
#3733=CARTESIAN_POINT('',(-21.6646446489433,-53.5951337672275,12.2031759999998));
#3734=CARTESIAN_POINT('',(-21.6271384271465,-53.499375872855,12.2031759999998));
#3735=CARTESIAN_POINT('',(-21.56078916073,-53.3322241815379,12.2031759999998));
#3736=CARTESIAN_POINT('',(-21.4251205868791,-52.9993081452651,12.2031759999998));
#3737=CARTESIAN_POINT('',(-21.1420538825646,-52.3393181159664,12.2031759999998));
#3738=CARTESIAN_POINT('',(-20.7918012403838,-51.5982020479485,12.2031759999998));
#3739=CARTESIAN_POINT('',(-20.4148747021487,-50.8702406991158,12.2031759999998));
#3740=CARTESIAN_POINT('',(-20.1681628275075,-50.4207584465915,12.2031759999998));
#3741=CARTESIAN_POINT('',(-19.9895967190568,-50.1090056199852,12.2031759999998));
#3742=CARTESIAN_POINT('',(-19.8858840871519,-49.9316973114196,12.2031759999998));
#3743=CARTESIAN_POINT('',(-19.7810548512636,-49.7549486891666,12.2031759999998));
#3744=CARTESIAN_POINT('',(-19.6878202180305,-49.600962188756,12.2031759999998));
#3745=CARTESIAN_POINT('',(-19.6069047450378,-49.4695848918537,12.2031759999998));
#3746=CARTESIAN_POINT('',(-19.5662013930665,-49.4039450165107,12.2031759999998));
#3747=CARTESIAN_POINT('',(-19.5253150137667,-49.3384554749337,12.2031759999998));
#3748=CARTESIAN_POINT('',(-19.4842056212458,-49.2730520566737,12.2031759999998));
#3749=CARTESIAN_POINT('',(-19.4428772044966,-49.2077421816783,12.2031759999998));
#3750=CARTESIAN_POINT('',(-19.4013654906752,-49.1425820478424,12.2031759999998));
#3751=CARTESIAN_POINT('',(-19.3595983177151,-49.0774592577841,12.2031759999998));
#3752=CARTESIAN_POINT('',(-19.3036761505818,-48.990847705401,12.2031759999998));
#3753=CARTESIAN_POINT('',(-19.2472847660818,-48.9043787647098,12.2031759999998));
#3754=CARTESIAN_POINT('',(-19.1905138623281,-48.8181917713561,12.2031759999998));
#3755=CARTESIAN_POINT('',(-19.1476809514955,-48.7535944743907,12.2031759999998));
#3756=CARTESIAN_POINT('',(-19.1046794030756,-48.6891704568668,12.2031759999998));
#3757=CARTESIAN_POINT('',(-19.0614265004152,-48.6247960046486,12.2031759999998));
#3758=CARTESIAN_POINT('',(-19.01797615607,-48.5605525293515,12.2031759999998));
#3759=CARTESIAN_POINT('',(-18.9743230892705,-48.4964319056912,12.2031759999998));
#3760=CARTESIAN_POINT('',(-18.9304192495084,-48.4323648289545,12.2031759999998));
#3761=CARTESIAN_POINT('',(-18.886352158695,-48.3684791185412,12.2031759999998));
#3762=CARTESIAN_POINT('',(-18.8420152625126,-48.3046208746357,12.2031759999998));
#3763=CARTESIAN_POINT('',(-18.7974968125603,-48.2409183568843,12.2031759999998));
#3764=CARTESIAN_POINT('',(-18.7527603493913,-48.1773190655415,12.2031759999998));
#3765=CARTESIAN_POINT('',(-18.7077797493242,-48.1137873514269,12.2031759999998));
#3766=CARTESIAN_POINT('',(-18.6626394675062,-48.0504423524327,12.2031759999998));
#3767=CARTESIAN_POINT('',(-18.6172153464113,-47.9871106430294,12.2031759999998));
#3768=CARTESIAN_POINT('',(-18.5716148734628,-47.9239433801729,12.2031759999998));
#3769=CARTESIAN_POINT('',(-18.5258280017058,-47.8609260354656,12.2031759999998));
#3770=CARTESIAN_POINT('',(-18.4798681068787,-47.7980765816874,12.2031759999998));
#3771=CARTESIAN_POINT('',(-18.433693219477,-47.7353379666005,12.2031759999998));
#3772=CARTESIAN_POINT('',(-18.3874190872035,-47.6728662908539,12.2031759999998));
#3773=CARTESIAN_POINT('',(-18.3409172368813,-47.6104873148631,12.2031759999998));
#3774=CARTESIAN_POINT('',(-18.2942788722548,-47.5483234860562,12.2031759999998));
#3775=CARTESIAN_POINT('',(-18.2474699958164,-47.4863281062708,12.2031759999998));
#3776=CARTESIAN_POINT('',(-18.2004617911915,-47.4244633285846,12.2031759999998));
#3777=CARTESIAN_POINT('',(-18.1533391633056,-47.3628397820812,12.2031759999998));
#3778=CARTESIAN_POINT('',(-18.1059939237789,-47.3013155921075,12.2031759999998));
#3779=CARTESIAN_POINT('',(-18.04270184844,-47.2195865431303,12.2031759999998));
#3780=CARTESIAN_POINT('',(-17.9790238587541,-47.1381325457205,12.2031759999998));
#3781=CARTESIAN_POINT('',(-17.9150657989122,-47.057087100132,12.2031759999998));
#3782=CARTESIAN_POINT('',(-17.8508303866741,-46.9761986080024,12.2031759999998));
#3783=CARTESIAN_POINT('',(-17.7863168148792,-46.8957184058974,12.2031759999998));
#3784=CARTESIAN_POINT('',(-17.7214307060993,-46.8155266969996,12.2031759999998));
#3785=CARTESIAN_POINT('',(-17.6726292660726,-46.7555878508389,12.2031759999998));
#3786=CARTESIAN_POINT('',(-17.6236167374487,-46.6957626425843,12.2031759999998));
#3787=CARTESIAN_POINT('',(-17.5744913616315,-46.6361705133891,12.2031759999998));
#3788=CARTESIAN_POINT('',(-17.525163222056,-46.5767017309088,12.2031759999998));
#3789=CARTESIAN_POINT('',(-17.4262055659023,-46.4581366178994,12.2031759999998));
#3790=CARTESIAN_POINT('',(-17.2099912610953,-46.2030488695494,12.2031759999998));
#3791=CARTESIAN_POINT('',(-16.8707846323471,-45.8173332878812,12.2031759999998));
#3792=CARTESIAN_POINT('',(-16.3140962898067,-45.2144386742531,12.2031759999998));
#3793=CARTESIAN_POINT('',(-15.7365223795257,-44.6328026219264,12.2031759999998));
#3794=CARTESIAN_POINT('',(-15.2129693279227,-44.1424935366449,12.2031759999998));
#3795=CARTESIAN_POINT('',(-14.946582640416,-43.9019543507872,12.2031759999998));
#3796=CARTESIAN_POINT('',(-14.7931048667412,-43.7658791322821,12.2031759999998));
#3797=CARTESIAN_POINT('',(-14.6965857229799,-43.6813431850629,12.2031759999998));
#3798=CARTESIAN_POINT('',(-14.6190986474502,-43.6140963119016,12.2031759999998));
#3799=CARTESIAN_POINT('',(-14.5413296448196,-43.547016959372,12.2031759999998));
#3800=CARTESIAN_POINT('',(-14.463306044701,-43.4803343260125,12.2031759999998));
#3801=CARTESIAN_POINT('',(-14.3848858314478,-43.4139275716876,12.2031759999998));
#3802=CARTESIAN_POINT('',(-14.3259291232257,-43.3643091673007,12.2031759999998));
#3803=CARTESIAN_POINT('',(-14.2668335830511,-43.3148792112762,12.2031759999998));
#3804=CARTESIAN_POINT('',(-14.1877449421083,-43.2491332699072,12.2031759999998));
#3805=CARTESIAN_POINT('',(-14.1084167947299,-43.1837966946069,12.2031759999998));
#3806=CARTESIAN_POINT('',(-14.0286747721362,-43.1187266158508,12.2031759999998));
#3807=CARTESIAN_POINT('',(-13.9687328165321,-43.0701164124948,12.2031759999998));
#3808=CARTESIAN_POINT('',(-13.9086530652426,-43.0216960947724,12.2031759999998));
#3809=CARTESIAN_POINT('',(-13.8282391281115,-42.9572901841773,12.2031759999998));
#3810=CARTESIAN_POINT('',(-13.7475998667208,-42.8933052716378,12.2031759999998));
#3811=CARTESIAN_POINT('',(-13.6665295826203,-42.8295790705348,12.2031759999998));
#3812=CARTESIAN_POINT('',(-13.6055979468543,-42.7819826985528,12.2031759999998));
#3813=CARTESIAN_POINT('',(-13.5445277261942,-42.7345764563029,12.2031759999998));
#3814=CARTESIAN_POINT('',(-13.4627818991807,-42.6715189079868,12.2031759999998));
#3815=CARTESIAN_POINT('',(-13.3808233814246,-42.6088925554559,12.2031759999998));
#3816=CARTESIAN_POINT('',(-13.2984170324885,-42.546518851552,12.2031759999998));
#3817=CARTESIAN_POINT('',(-13.236490275666,-42.4999429796799,12.2031759999998));
#3818=CARTESIAN_POINT('',(-13.174422219378,-42.4535563685902,12.2031759999998));
#3819=CARTESIAN_POINT('',(-13.0913365386639,-42.391856903359,12.2031759999998));
#3820=CARTESIAN_POINT('',(-13.0080491983216,-42.3305975079748,12.2031759999998));
#3821=CARTESIAN_POINT('',(-12.9242975067542,-42.2695863195612,12.2031759999998));
#3822=CARTESIAN_POINT('',(-12.8613693248742,-42.2240388054138,12.2031759999998));
#3823=CARTESIAN_POINT('',(-12.7982942917492,-42.1786781077359,12.2031759999998));
#3824=CARTESIAN_POINT('',(-12.7349704507356,-42.1334320152163,12.2031759999998));
#3825=CARTESIAN_POINT('',(-12.6715393857727,-42.0884023337145,12.2031759999998));
#3826=CARTESIAN_POINT('',(-12.6079575851516,-42.0435576855806,12.2031759999998));
#3827=CARTESIAN_POINT('',(-12.5441339842397,-41.9988349344457,12.2031759999998));
#3828=CARTESIAN_POINT('',(-12.4802009988209,-41.9543274226042,12.2031759999998));
#3829=CARTESIAN_POINT('',(-12.4161273245469,-41.9100131085156,12.2031759999998));
#3830=CARTESIAN_POINT('',(-12.3519735880477,-41.8659335717067,12.2031759999998));
#3831=CARTESIAN_POINT('',(-12.2876675226707,-41.8220388122891,12.2031759999998));
#3832=CARTESIAN_POINT('',(-12.223242705596,-41.7783520280061,12.2031759999998));
#3833=CARTESIAN_POINT('',(-12.1587905800592,-41.7349341648079,12.2031759999998));
#3834=CARTESIAN_POINT('',(-12.0941740004713,-41.6916922886159,12.2031759999998));
#3835=CARTESIAN_POINT('',(-12.0294475405727,-41.6486632976479,12.2031759999998));
#3836=CARTESIAN_POINT('',(-11.9646855023665,-41.6058955327603,12.2031759999998));
#3837=CARTESIAN_POINT('',(-11.8997633138603,-41.5633062804501,12.2031759999998));
#3838=CARTESIAN_POINT('',(-11.8347352698135,-41.5209314649032,12.2031759999998));
#3839=CARTESIAN_POINT('',(-11.7696649329571,-41.4788115306616,12.2031759999998));
#3840=CARTESIAN_POINT('',(-11.704438412518,-41.436872374072,12.2031759999998));
#3841=CARTESIAN_POINT('',(-11.6391097070569,-41.3951489658708,12.2031759999998));
#3842=CARTESIAN_POINT('',(-11.5737323460639,-41.353674591806,12.2031759999998));
#3843=CARTESIAN_POINT('',(-11.5082027557343,-41.3123832246138,12.2031759999998));
#3844=CARTESIAN_POINT('',(-11.4425742092501,-41.2713086334637,12.2031759999998));
#3845=CARTESIAN_POINT('',(-11.3768910200444,-41.2304777224662,12.2031759999998));
#3846=CARTESIAN_POINT('',(-11.3110595390272,-41.1898320092281,12.2031759999998));
#3847=CARTESIAN_POINT('',(-11.2451318893941,-41.1494038319575,12.2031759999998));
#3848=CARTESIAN_POINT('',(-11.1791439858088,-41.109214454179,12.2031759999998));
#3849=CARTESIAN_POINT('',(-11.1130117132731,-41.0692124285157,12.2031759999998));
#3850=CARTESIAN_POINT('',(-11.0467856165836,-41.0294284456022,12.2031759999998));
#3851=CARTESIAN_POINT('',(-10.9804940318294,-40.9898788360951,12.2031759999998));
#3852=CARTESIAN_POINT('',(-10.9140619882474,-40.9505186981706,12.2031759999998));
#3853=CARTESIAN_POINT('',(-10.8475380197669,-40.9113768707749,12.2031759999998));
#3854=CARTESIAN_POINT('',(-10.7809437077949,-40.8724654273426,12.2031759999998));
#3855=CARTESIAN_POINT('',(-10.7142128358078,-40.8337455413735,12.2031759999998));
#3856=CARTESIAN_POINT('',(-10.6473914922626,-40.7952440094256,12.2031759999998));
#3857=CARTESIAN_POINT('',(-10.5804953235942,-40.7569692877238,12.2031759999998));
#3858=CARTESIAN_POINT('',(-10.513466509026,-40.7188881907673,12.2031759999998));
#3859=CARTESIAN_POINT('',(-10.4463481351976,-40.6810252300313,12.2031759999998));
#3860=CARTESIAN_POINT('',(-10.3791511747356,-40.6433860929283,12.2031759999998));
#3861=CARTESIAN_POINT('',(-10.3118242147462,-40.6059419289583,12.2031759999998));
#3862=CARTESIAN_POINT('',(-10.2219424069647,-40.5563100956642,12.2031759999998));
#3863=CARTESIAN_POINT('',(-9.97422006194331,-40.4209865436114,12.2031759999998));
#3864=CARTESIAN_POINT('',(-9.38439746204331,-40.1102988070515,12.2031759999999));
#3865=CARTESIAN_POINT('',(-8.64582845142804,-39.7548921904606,12.2031759999998));
#3866=CARTESIAN_POINT('',(-7.98851194780643,-39.4674702323551,12.2031759999998));
#3867=CARTESIAN_POINT('',(-7.60977833945081,-39.309994852464,12.2031759999998));
#3868=CARTESIAN_POINT('',(-7.37170758285312,-39.2143726363888,12.2031759999998));
#3869=CARTESIAN_POINT('',(-7.18051171099213,-39.1395896662744,12.2031759999998));
#3870=CARTESIAN_POINT('',(-7.06062573786623,-39.0935347345376,12.2031759999998));
#3871=CARTESIAN_POINT('',(-6.96458295915758,-39.0571399636177,12.2031759999998));
#3872=CARTESIAN_POINT('',(-6.89240472144298,-39.0300385849927,12.2031759999998));
#3873=CARTESIAN_POINT('',(-6.82014064001868,-39.0031550854221,12.2031759999998));
#3874=CARTESIAN_POINT('',(-6.72370266820511,-38.967611163237,12.2031759999998));
#3875=CARTESIAN_POINT('',(-6.62697399417907,-38.9324597104875,12.2031759999998));
#3876=CARTESIAN_POINT('',(-6.53014762288855,-38.8977715108881,12.2031759999998));
#3877=CARTESIAN_POINT('',(-6.45736211665366,-38.8719451887047,12.2031759999998));
#3878=CARTESIAN_POINT('',(-6.38449940185388,-38.8463407965422,12.2031759999998));
#3879=CARTESIAN_POINT('',(-6.28727207843742,-38.8125060633956,12.2031759999998));
#3880=CARTESIAN_POINT('',(-6.18972855602289,-38.7790595179299,12.2031759999998));
#3881=CARTESIAN_POINT('',(-6.09211415047955,-38.7460860191015,12.2031759999998));
#3882=CARTESIAN_POINT('',(-6.01871726626186,-38.721541633011,12.2031759999998));
#3883=CARTESIAN_POINT('',(-5.94525207543109,-38.6972231995584,12.2031759999998));
#3884=CARTESIAN_POINT('',(-5.87174115208418,-38.6731376924105,12.2031759999998));
#3885=CARTESIAN_POINT('',(-5.79803746657167,-38.6492375177853,12.2031759999998));
#3886=CARTESIAN_POINT('',(-5.72426998726034,-38.6255652565971,12.2031759999998));
#3887=CARTESIAN_POINT('',(-5.65046128063656,-38.6021276263587,12.2031759999998));
#3888=CARTESIAN_POINT('',(-5.57644852336375,-38.5788735636969,12.2031759999998));
#3889=CARTESIAN_POINT('',(-5.50237807966417,-38.5558498751471,12.2031759999998));
#3890=CARTESIAN_POINT('',(-5.42827067155041,-38.533062408268,12.2031759999998));
#3891=CARTESIAN_POINT('',(-5.35394733018494,-38.510456849121,12.2031759999998));
#3892=CARTESIAN_POINT('',(-5.27957294248109,-38.4880842260877,12.2031759999998));
#3893=CARTESIAN_POINT('',(-5.20516588370541,-38.4659494007721,12.2031759999998));
#3894=CARTESIAN_POINT('',(-5.1305303918291,-38.4439949342604,12.2031759999998));
#3895=CARTESIAN_POINT('',(-5.05585079202277,-38.4222759902395,12.2031759999998));
#3896=CARTESIAN_POINT('',(-4.98114384538429,-38.4007966767141,12.2031759999998));
#3897=CARTESIAN_POINT('',(-4.90619158727376,-38.3794952797479,12.2031759999998));
#3898=CARTESIAN_POINT('',(-4.80622508437234,-38.3514160848292,12.2031759999998));
#3899=CARTESIAN_POINT('',(-4.70611020710398,-38.3237913383983,12.2031759999998));
#3900=CARTESIAN_POINT('',(-4.60589819955056,-38.2966350754855,12.2031759999998));
#3901=CARTESIAN_POINT('',(-4.53062713712779,-38.2764852333388,12.2031759999998));
#3902=CARTESIAN_POINT('',(-4.45548169215463,-38.2566155915809,12.2031759999998));
#3903=CARTESIAN_POINT('',(-4.38023677360489,-38.236965630937,12.2031759999998));
#3904=CARTESIAN_POINT('',(-4.30490310415801,-38.2175389619793,12.2031759999998));
#3905=CARTESIAN_POINT('',(-4.2296785672162,-38.1983856804098,12.2031759999998));
#3906=CARTESIAN_POINT('',(-4.15436016983877,-38.1794532676798,12.2031759999998));
#3907=CARTESIAN_POINT('',(-4.07896063267157,-38.1607456235155,12.2031759999998));
#3908=CARTESIAN_POINT('',(-4.00365835612473,-38.1423061478826,12.2031759999998));
#3909=CARTESIAN_POINT('',(-3.92826670995243,-38.1240883915899,12.2031759999998));
#3910=CARTESIAN_POINT('',(-3.85280129336845,-38.106096748815,12.2031759999998));
#3911=CARTESIAN_POINT('',(-3.77742173109799,-38.0883684726398,12.2031759999998));
#3912=CARTESIAN_POINT('',(-3.7019572791957,-38.0708627397487,12.2031759999998));
#3913=CARTESIAN_POINT('',(-3.62642589349904,-38.0535842672964,12.2031759999998));
#3914=CARTESIAN_POINT('',(-3.55096949293753,-38.0365647773364,12.2031759999998));
#3915=CARTESIAN_POINT('',(-3.47543265313331,-38.0197686232187,12.2031759999998));
#3916=CARTESIAN_POINT('',(-3.39983519434033,-38.0032006962778,12.2031759999998));
#3917=CARTESIAN_POINT('',(-3.32430238083252,-37.9868877648667,12.2031759999998));
#3918=CARTESIAN_POINT('',(-3.24869354720651,-37.9707989308324,12.2031759999998));
#3919=CARTESIAN_POINT('',(-3.17302990921998,-37.9549391292815,12.2031759999998));
#3920=CARTESIAN_POINT('',(-3.09742103666334,-37.9393307028233,12.2031759999998));
#3921=CARTESIAN_POINT('',(-3.02174076727655,-37.9239471461126,12.2031759999998));
#3922=CARTESIAN_POINT('',(-2.94601014264533,-37.9087931285431,12.2031759999998));
#3923=CARTESIAN_POINT('',(-2.84510075699635,-37.8889193343567,12.2031759999998));
#3924=CARTESIAN_POINT('',(-2.74403400734338,-37.8694925957229,12.2031759999998));
#3925=CARTESIAN_POINT('',(-2.64301779838146,-37.8505522835517,12.2031759999998));
#3926=CARTESIAN_POINT('',(-2.56719587071582,-37.8365738053797,12.2031759999998));
#3927=CARTESIAN_POINT('',(-2.49133246502242,-37.8228257672593,12.2031759999998));
#3928=CARTESIAN_POINT('',(-2.39022032879937,-37.804818709622,12.2031759999998));
#3929=CARTESIAN_POINT('',(-2.26367757090992,-37.7828763404455,12.2031759999998));
#3930=CARTESIAN_POINT('',(-2.13713827762578,-37.7617242360468,12.2031759999998));
#3931=CARTESIAN_POINT('',(-2.03580500908392,-37.7452586490285,12.2031759999998));
#3932=CARTESIAN_POINT('',(-1.88383300924998,-37.7210373000421,12.2031759999998));
#3933=CARTESIAN_POINT('',(-1.65561344358585,-37.6864340399067,12.2031759999998));
#3934=CARTESIAN_POINT('',(-1.24944804799723,-37.6298744501359,12.2031759999998));
#3935=CARTESIAN_POINT('',(-0.740803883507734,-37.5684374401626,12.2031759999998));
#3936=CARTESIAN_POINT('',(-0.128927973079152,-37.5095118946696,12.2031759999998));
#3937=CARTESIAN_POINT('',(0.484442390514006,-37.4653918375412,12.2031759999998));
#3938=CARTESIAN_POINT('',(0.94557050251561,-37.4434290460177,12.2031759999998));
#3939=CARTESIAN_POINT('',(1.25350292249955,-37.4334401787613,12.2031759999998));
#3940=CARTESIAN_POINT('',(1.40753628644393,-37.4293787694899,12.2031759999998));
#3941=CARTESIAN_POINT('',(1.56166749347799,-37.4262503565168,12.2031759999998));
#3942=CARTESIAN_POINT('',(1.69022642436446,-37.424421926163,12.2031759999998));
#3943=CARTESIAN_POINT('',(1.79306928215946,-37.4234278770221,12.2031759999998));
#3944=CARTESIAN_POINT('',(1.87025109134774,-37.4229162736381,12.2031759999998));
#3945=CARTESIAN_POINT('',(1.94747105789695,-37.4226392032585,12.2031759999998));
#3946=CARTESIAN_POINT('',(2.02466725464867,-37.4225968552127,12.2031759999998));
#3947=CARTESIAN_POINT('',(2.10192358097282,-37.4227892993652,12.2031759999998));
#3948=CARTESIAN_POINT('',(2.1792154251907,-37.4232170699473,12.2031759999998));
#3949=CARTESIAN_POINT('',(2.25647938659303,-37.4238797478115,12.2031759999998));
#3950=CARTESIAN_POINT('',(2.33380978794597,-37.4247782953073,12.2031759999998));
#3951=CARTESIAN_POINT('',(2.41117382492264,-37.4259129805336,12.2031759999998));
#3952=CARTESIAN_POINT('',(2.48850549974182,-37.4272827378043,12.2031759999998));
#3953=CARTESIAN_POINT('',(2.56591056953585,-37.4288896314013,12.2031759999998));
#3954=CARTESIAN_POINT('',(2.64334686108006,-37.4307334909789,12.2031759999998));
#3955=CARTESIAN_POINT('',(2.72074628623523,-37.4328125634857,12.2031759999998));
#3956=CARTESIAN_POINT('',(2.79822662231193,-37.4351302457416,12.2031759999998));
#3957=CARTESIAN_POINT('',(2.87573525356702,-37.437685725634,12.2031759999998));
#3958=CARTESIAN_POINT('',(2.95320247999843,-37.4404765350345,12.2031759999998));
#3959=CARTESIAN_POINT('',(3.03075870565705,-37.44350765148,12.2031759999998));
#3960=CARTESIAN_POINT('',(3.10833977821732,-37.4467773869614,12.2031759999998));
#3961=CARTESIAN_POINT('',(3.185874878792,-37.4502825442024,12.2031759999998));
#3962=CARTESIAN_POINT('',(3.26350761928991,-37.4540299454068,12.2031759999998));
#3963=CARTESIAN_POINT('',(3.34116134057178,-37.4580167703225,12.2031759999998));
#3964=CARTESIAN_POINT('',(3.41876407764306,-37.4622390570221,12.2031759999998));
#3965=CARTESIAN_POINT('',(3.49647520198237,-37.4667058844133,12.2031759999998));
#3966=CARTESIAN_POINT('',(3.57419725403735,-37.4714125293068,12.2031759999998));
#3967=CARTESIAN_POINT('',(3.65188436411475,-37.4763560416139,12.2031759999998));
#3968=CARTESIAN_POINT('',(3.72961247908339,-37.4815414762268,12.2031759999998));
#3969=CARTESIAN_POINT('',(3.80732135764876,-37.48696506301,12.2031759999998));
#3970=CARTESIAN_POINT('',(3.88504494026944,-37.4926293840964,12.2031759999998));
#3971=CARTESIAN_POINT('',(3.96262793034609,-37.4985226814036,12.2031759999998));
#3972=CARTESIAN_POINT('',(4.04016985237218,-37.5046516139051,12.2031759999998));
#3973=CARTESIAN_POINT('',(4.11773057417056,-37.5110212635402,12.2031759999998));
#3974=CARTESIAN_POINT('',(4.19514341553109,-37.5176174668121,12.2031759999998));
#3975=CARTESIAN_POINT('',(4.27251854701667,-37.5244487178191,12.2031759999998));
#3976=CARTESIAN_POINT('',(4.34990796772825,-37.5315199760625,12.2031759999998));
#3977=CARTESIAN_POINT('',(4.42715155332853,-37.5388161319622,12.2031759999998));
#3978=CARTESIAN_POINT('',(4.5043604194837,-37.5463468460409,12.2031759999998));
#3979=CARTESIAN_POINT('',(4.58157913364712,-37.5541168397549,12.2031759999998));
#3980=CARTESIAN_POINT('',(4.65865422400963,-37.562110194826,12.2031759999998));
#3981=CARTESIAN_POINT('',(4.73569817931403,-37.5703377911001,12.2031759999998));
#3982=CARTESIAN_POINT('',(4.83842504198619,-37.5816254082759,12.2031759999998));
#3983=CARTESIAN_POINT('',(4.94090174969101,-37.5933601010634,12.2031759999998));
#3984=CARTESIAN_POINT('',(5.04341088536235,-37.6055732916105,12.2031759999998));
#3985=CARTESIAN_POINT('',(5.12015136663509,-37.6149536103046,12.2031759999998));
#3986=CARTESIAN_POINT('',(5.19686523149229,-37.6245675841698,12.2031759999998));
#3987=CARTESIAN_POINT('',(5.29913936399384,-37.6377014111288,12.2031759999998));
#3988=CARTESIAN_POINT('',(5.40118034117954,-37.6512789152253,12.2031759999998));
#3989=CARTESIAN_POINT('',(5.50323851044223,-37.6653326491829,12.2031759999998));
#3990=CARTESIAN_POINT('',(5.57964859370712,-37.6760914420768,12.2031759999998));
#3991=CARTESIAN_POINT('',(5.6560334108067,-37.6870832946917,12.2031759999998));
#3992=CARTESIAN_POINT('',(5.75785714172933,-37.7020519700774,12.2031759999998));
#3993=CARTESIAN_POINT('',(5.85946581292745,-37.7174622007461,12.2031759999998));
#3994=CARTESIAN_POINT('',(5.96107438940108,-37.7333459878539,12.2031759999998));
#3995=CARTESIAN_POINT('',(6.03715717460258,-37.7454762395611,12.2031759999998));
#3996=CARTESIAN_POINT('',(6.11321384741234,-37.7578388937869,12.2031759999998));
#3997=CARTESIAN_POINT('',(6.21458902343129,-37.7746329631425,12.2031759999998));
#3998=CARTESIAN_POINT('',(6.31576806306141,-37.7918677386131,12.2031759999998));
#3999=CARTESIAN_POINT('',(6.41692869683934,-37.8095730753347,12.2031759999998));
#4000=CARTESIAN_POINT('',(6.51793670527128,-37.8275674036636,12.2031759999998));
#4001=CARTESIAN_POINT('',(6.64415026681888,-37.8506444506921,12.2031759999998));
#4002=CARTESIAN_POINT('',(6.77009689015307,-37.8744621734902,12.2031759999998));
#4003=CARTESIAN_POINT('',(6.8708071670599,-37.8939816481675,12.2031759999998));
#4004=CARTESIAN_POINT('',(7.02168382427346,-37.9236986052546,12.2031759999998));
#4005=CARTESIAN_POINT('',(7.54897176399831,-38.0317071604546,12.2031759999998));
#4006=CARTESIAN_POINT('',(8.24681241773445,-38.1967981831946,12.2031759999998));
#4007=CARTESIAN_POINT('',(8.93862302794648,-38.387216609204,12.2031759999998));
#4008=CARTESIAN_POINT('',(9.28296621302415,-38.4887622132371,12.2031759999998));
#4009=CARTESIAN_POINT('',(9.47931541379201,-38.5486101992495,12.2031759999998));
#4010=CARTESIAN_POINT('',(9.62636555474214,-38.5944079173344,12.2031759999998));
#4011=CARTESIAN_POINT('',(9.74867984909282,-38.6333168680024,12.2031759999998));
#4012=CARTESIAN_POINT('',(9.84647705398548,-38.6649175971927,12.2031759999998));
#4013=CARTESIAN_POINT('',(9.91973863834961,-38.688836083607,12.2031759999998));
#4014=CARTESIAN_POINT('',(9.99293818804012,-38.7129802484461,12.2031759999998));
#4015=CARTESIAN_POINT('',(10.0905225563809,-38.745496432031,12.2031759999998));
#4016=CARTESIAN_POINT('',(10.1879133576224,-38.7784415936726,12.2031759999998));
#4017=CARTESIAN_POINT('',(10.2852781655585,-38.8118732191876,12.2031759999998));
#4018=CARTESIAN_POINT('',(10.3582044350912,-38.8371616490551,12.2031759999998));
#4019=CARTESIAN_POINT('',(10.4310730906888,-38.8626783444689,12.2031759999998));
#4020=CARTESIAN_POINT('',(10.5039333154033,-38.8884411474839,12.2031759999998));
#4021=CARTESIAN_POINT('',(10.5766911709477,-38.9144170857108,12.2031759999998));
#4022=CARTESIAN_POINT('',(10.6493940767792,-38.9406229246385,12.2031759999998));
#4023=CARTESIAN_POINT('',(10.722089667061,-38.9670765013949,12.2031759999998));
#4024=CARTESIAN_POINT('',(10.7946786323989,-38.9937419226826,12.2031759999998));
#4025=CARTESIAN_POINT('',(10.8672155547596,-39.0206390843252,12.2031759999998));
#4026=CARTESIAN_POINT('',(10.9397458539714,-39.0477855572156,12.2031759999998));
#4027=CARTESIAN_POINT('',(11.0121652362722,-39.0751425457575,12.2031759999998));
#4028=CARTESIAN_POINT('',(11.0845359430562,-39.102733421741,12.2031759999998));
#4029=CARTESIAN_POINT('',(11.1569002384248,-39.1305750896533,12.2031759999998));
#4030=CARTESIAN_POINT('',(11.2291493020613,-39.1586259110733,12.2031759999998));
#4031=CARTESIAN_POINT('',(11.3013535156263,-39.1869130901161,12.2031759999998));
#4032=CARTESIAN_POINT('',(11.3735510496081,-39.215452436225,12.2031759999998));
#4033=CARTESIAN_POINT('',(11.4456290130332,-39.2441995395932,12.2031759999998));
#4034=CARTESIAN_POINT('',(11.5176664063778,-39.273185809569,12.2031759999998));
#4035=CARTESIAN_POINT('',(11.589696391365,-39.302425511158,12.2031759999998));
#4036=CARTESIAN_POINT('',(11.661602366953,-39.3318715070801,12.2031759999998));
#4037=CARTESIAN_POINT('',(11.7334727842777,-39.361559952329,12.2031759999998));
#4038=CARTESIAN_POINT('',(11.8053335763639,-39.3915025352749,12.2031759999998));
#4039=CARTESIAN_POINT('',(11.8770696491989,-39.4216515017159,12.2031759999998));
#4040=CARTESIAN_POINT('',(11.9726589318838,-39.4621703613001,12.2031759999998));
#4041=CARTESIAN_POINT('',(12.0681585727625,-39.5031706542641,12.2031759999998));
#4042=CARTESIAN_POINT('',(12.1633796979042,-39.544571421809,12.2031759999998));
#4043=CARTESIAN_POINT('',(12.2346361733774,-39.5758125793463,12.2031759999998));
#4044=CARTESIAN_POINT('',(12.3058284890476,-39.6072860108429,12.2031759999998));
#4045=CARTESIAN_POINT('',(12.376860280444,-39.6389490579666,12.2031759999998));
#4046=CARTESIAN_POINT('',(12.447724314862,-39.6707975133483,12.2031759999998));
#4047=CARTESIAN_POINT('',(12.5185242841542,-39.702877896139,12.2031759999998));
#4048=CARTESIAN_POINT('',(12.5891614889556,-39.735145433639,12.2031759999998));
#4049=CARTESIAN_POINT('',(12.6596378835973,-39.7676000798244,12.2031759999998));
#4050=CARTESIAN_POINT('',(12.7300460820881,-39.8002844442047,12.2031759999998));
#4051=CARTESIAN_POINT('',(12.8002908673279,-39.8331542437986,12.2031759999998));
#4052=CARTESIAN_POINT('',(12.8703808848121,-39.8662126457558,12.2031759999998));
#4053=CARTESIAN_POINT('',(12.9403987026083,-39.8994985875658,12.2031759999998));
#4054=CARTESIAN_POINT('',(13.010252871389,-39.932968487858,12.2031759999998));
#4055=CARTESIAN_POINT('',(13.0799577388692,-39.9666284021485,12.2031759999998));
#4056=CARTESIAN_POINT('',(13.1495864441973,-40.0005136716775,12.2031759999998));
#4057=CARTESIAN_POINT('',(13.2190516895099,-40.0345816844713,12.2031759999998));
#4058=CARTESIAN_POINT('',(13.2883725328306,-40.0688410270835,12.2031759999998));
#4059=CARTESIAN_POINT('',(13.357613291977,-40.1033235341855,12.2031759999998));
#4060=CARTESIAN_POINT('',(13.4266911932319,-40.1379878391139,12.2031759999998));
#4061=CARTESIAN_POINT('',(13.495629042851,-40.1728446852766,12.2031759999998));
#4062=CARTESIAN_POINT('',(13.5644829094441,-40.2079224896164,12.2031759999998));
#4063=CARTESIAN_POINT('',(13.6331749790146,-40.2431814576511,12.2031759999998));
#4064=CARTESIAN_POINT('',(13.7017306056105,-40.2786339424547,12.2031759999998));
#4065=CARTESIAN_POINT('',(13.7930219852312,-40.3261961698285,12.2031759999998));
#4066=CARTESIAN_POINT('',(13.8839870504664,-40.3741167372244,12.2031759999998));
#4067=CARTESIAN_POINT('',(13.9747636037657,-40.4224673205011,12.2031759999998));
#4068=CARTESIAN_POINT('',(14.0426877299379,-40.4589111671782,12.2031759999998));
#4069=CARTESIAN_POINT('',(14.1104828058704,-40.4955510496645,12.2031759999998));
#4070=CARTESIAN_POINT('',(14.2458721635443,-40.5692540597383,12.2031759999998));
#4071=CARTESIAN_POINT('',(14.4479232119347,-40.6812417501748,12.2031759999998));
#4072=CARTESIAN_POINT('',(14.8044757443692,-40.8845503905863,12.2031759999998));
#4073=CARTESIAN_POINT('',(15.4213370363007,-41.2513057157128,12.2031759999998));
#4074=CARTESIAN_POINT('',(16.0240725083083,-41.6399448095737,12.2031759999998));
#4075=CARTESIAN_POINT('',(16.4883531192284,-41.9595940832745,12.2031759999998));
#4076=CARTESIAN_POINT('',(16.6561909009552,-42.0774087648426,12.2031759999998));
#4077=CARTESIAN_POINT('',(16.7815588096736,-42.1665496962178,12.2031759999998));
#4078=CARTESIAN_POINT('',(16.9063917693434,-42.256453212291,12.2031759999998));
#4079=CARTESIAN_POINT('',(17.0100496043868,-42.3320647860014,12.2031759999998));
#4080=CARTESIAN_POINT('',(17.0926640268048,-42.3929037775439,12.2031759999998));
#4081=CARTESIAN_POINT('',(17.1751753535936,-42.4540534534029,12.2031759999998));
#4082=CARTESIAN_POINT('',(17.2573572317145,-42.5155398651614,12.2031759999998));
#4083=CARTESIAN_POINT('',(17.339356097185,-42.5774730912632,12.2031759999998));
#4084=CARTESIAN_POINT('',(17.4007064036107,-42.6241037492819,12.2031759999998));
#4085=CARTESIAN_POINT('',(17.4618988489824,-42.6709078268927,12.2031759999998));
#4086=CARTESIAN_POINT('',(17.5230234825628,-42.7179547482923,12.2031759999998));
#4087=CARTESIAN_POINT('',(17.583989447629,-42.7651751672059,12.2031759999998));
#4088=CARTESIAN_POINT('',(17.6447977633482,-42.8125693566302,12.2031759999998));
#4089=CARTESIAN_POINT('',(17.7055418570041,-42.8602107679758,12.2031759999998));
#4090=CARTESIAN_POINT('',(17.7661238079049,-42.9080232259816,12.2031759999998));
#4091=CARTESIAN_POINT('',(17.8265469851693,-42.9560088408188,12.2031759999998));
#4092=CARTESIAN_POINT('',(17.8869095268593,-43.004246256149,12.2031759999998));
#4093=CARTESIAN_POINT('',(17.9471063241772,-43.0526521417591,12.2031759999998));
#4094=CARTESIAN_POINT('',(18.0071436170649,-43.1012309355225,12.2031759999998));
#4095=CARTESIAN_POINT('',(18.0671233990142,-43.1500659465506,12.2031759999998));
#4096=CARTESIAN_POINT('',(18.1269338305103,-43.1990668187756,12.2031759999998));
#4097=CARTESIAN_POINT('',(18.1865843810668,-43.2482407035478,12.2031759999998));
#4098=CARTESIAN_POINT('',(18.2461800984536,-43.2976750576887,12.2031759999998));
#4099=CARTESIAN_POINT('',(18.3056028507435,-43.347272627637,12.2031759999998));
#4100=CARTESIAN_POINT('',(18.3648656949412,-43.3970436820188,12.2031759999998));
#4101=CARTESIAN_POINT('',(18.4240759423515,-43.4470792831683,12.2031759999998));
#4102=CARTESIAN_POINT('',(18.4831095998015,-43.497275416603,12.2031759999998));
#4103=CARTESIAN_POINT('',(18.5419836660193,-43.5476458883428,12.2031759999998));
#4104=CARTESIAN_POINT('',(18.6008069357399,-43.598284799372,12.2031759999998));
#4105=CARTESIAN_POINT('',(18.659449978657,-43.6490815190433,12.2031759999998));
#4106=CARTESIAN_POINT('',(18.7179340862807,-43.7000538281493,12.2031759999998));
#4107=CARTESIAN_POINT('',(18.776368765891,-43.7512982731117,12.2031759999998));
#4108=CARTESIAN_POINT('',(18.8346195705025,-43.8026977630985,12.2031759999998));
#4109=CARTESIAN_POINT('',(18.8927124211819,-43.8542744985545,12.2031759999998));
#4110=CARTESIAN_POINT('',(18.9507568178134,-43.9061268899741,12.2031759999998));
#4111=CARTESIAN_POINT('',(19.0086135560268,-43.9581314075199,12.2031759999998));
#4112=CARTESIAN_POINT('',(19.0663140982123,-44.0103156703345,12.2031759999998));
#4113=CARTESIAN_POINT('',(19.1239570592602,-44.0627700789085,12.2031759999998));
#4114=CARTESIAN_POINT('',(19.181410650524,-44.1153753722239,12.2031759999998));
#4115=CARTESIAN_POINT('',(19.2387116988001,-44.1681650037611,12.2031759999998));
#4116=CARTESIAN_POINT('',(19.2957936140906,-44.2210772253839,12.2031759999998));
#4117=CARTESIAN_POINT('',(19.3527283636194,-44.2741782436472,12.2031759999998));
#4118=CARTESIAN_POINT('',(19.4094951231668,-44.3274490717321,12.2031759999998));
#4119=CARTESIAN_POINT('',(19.4659968885022,-44.3807974761359,12.2031759999998));
#4120=CARTESIAN_POINT('',(19.5223631472186,-44.4343449707549,12.2031759999998));
#4121=CARTESIAN_POINT('',(19.5785539614844,-44.4880541685761,12.2031759999998));
#4122=CARTESIAN_POINT('',(19.6344897351241,-44.5418477743144,12.2031759999998));
#4123=CARTESIAN_POINT('',(19.6902865819976,-44.5958368203797,12.2031759999998));
#4124=CARTESIAN_POINT('',(19.7459050013005,-44.6499835567083,12.2031759999998));
#4125=CARTESIAN_POINT('',(19.8012766290752,-44.7042202873753,12.2031759999998));
#4126=CARTESIAN_POINT('',(19.8565062464719,-44.7586490877712,12.2031759999998));
#4127=CARTESIAN_POINT('',(19.9115547770591,-44.8132318518077,12.2031759999998));
#4128=CARTESIAN_POINT('',(19.9663641889796,-44.8679099678372,12.2031759999998));
#4129=CARTESIAN_POINT('',(20.0210285443088,-44.9227767869849,12.2031759999998));
#4130=CARTESIAN_POINT('',(20.0755095423337,-44.9777942075864,12.2031759999998));
#4131=CARTESIAN_POINT('',(20.1297585140025,-45.0329120824667,12.2031759999998));
#4132=CARTESIAN_POINT('',(20.1838594359144,-45.0882153091049,12.2031759999998));
#4133=CARTESIAN_POINT('',(20.2377750570638,-45.1436661144985,12.2031759999998));
#4134=CARTESIAN_POINT('',(20.3093621175776,-45.217741056581,12.2031759999998));
#4135=CARTESIAN_POINT('',(20.3806459316645,-45.2921792459162,12.2031759999998));
#4136=CARTESIAN_POINT('',(20.4514895579917,-45.366836446809,12.2031759999998));
#4137=CARTESIAN_POINT('',(20.5044685250675,-45.4230081347026,12.2031759999998));
#4138=CARTESIAN_POINT('',(20.5572592854088,-45.4793223666308,12.2031759999998));
#4139=CARTESIAN_POINT('',(20.6273624524721,-45.5545610998249,12.2031759999998));
#4140=CARTESIAN_POINT('',(20.6971473348487,-45.6301458710884,12.2031759999998));
#4141=CARTESIAN_POINT('',(20.7665094960579,-45.7059624900724,12.2031759999998));
#4142=CARTESIAN_POINT('',(20.8183721545531,-45.7629976730433,12.2031759999998));
#4143=CARTESIAN_POINT('',(20.8700447208532,-45.8201715215833,12.2031759999998));
#4144=CARTESIAN_POINT('',(20.9386713251842,-45.8965688477192,12.2031759999998));
#4145=CARTESIAN_POINT('',(21.0240305022743,-45.9924674271208,12.2031759999998));
#4146=CARTESIAN_POINT('',(21.1595789012139,-46.1466242946051,12.2031759999998));
#4147=CARTESIAN_POINT('',(21.3942327068564,-46.4184358777765,12.2031759999998));
#4148=CARTESIAN_POINT('',(21.8531890405241,-46.9700254222418,12.2031759999998));
#4149=CARTESIAN_POINT('',(22.3542133177954,-47.6186759843371,12.2031759999998));
#4150=CARTESIAN_POINT('',(22.7719952092897,-48.202162459431,12.2031759999998));
#4151=CARTESIAN_POINT('',(22.9757473520523,-48.4979439396579,12.2031759999998));
#4152=CARTESIAN_POINT('',(23.0906733358176,-48.6680696494484,12.2031759999998));
#4153=CARTESIAN_POINT('',(23.1619159172666,-48.7749220154436,12.2031759999998));
#4154=CARTESIAN_POINT('',(23.2185044830201,-48.8606382313255,12.2031759999998));
#4155=CARTESIAN_POINT('',(23.2607844860674,-48.9251053223352,12.2031759999998));
#4156=CARTESIAN_POINT('',(23.3028742031896,-48.9897092249559,12.2031759999998));
#4157=CARTESIAN_POINT('',(23.3587185174133,-49.0759964540887,12.2031759999998));
#4158=CARTESIAN_POINT('',(23.4142409814999,-49.1626491251539,12.2031759999998));
#4159=CARTESIAN_POINT('',(23.4693369929668,-49.2495051930777,12.2031759999998));
#4160=CARTESIAN_POINT('',(23.5105058827812,-49.3148437960154,12.2031759999998));
#4161=CARTESIAN_POINT('',(23.551479329718,-49.3803129848672,12.2031759999998));
#4162=CARTESIAN_POINT('',(23.6058295772043,-49.4677458650131,12.2031759999998));
#4163=CARTESIAN_POINT('',(23.6598672375992,-49.5555671126953,12.2031759999998));
#4164=CARTESIAN_POINT('',(23.7134637019679,-49.6435691550761,12.2031759999998));
#4165=CARTESIAN_POINT('',(23.7535157300118,-49.7097848308431,12.2031759999998));
#4166=CARTESIAN_POINT('',(23.7933668972086,-49.7761243182151,12.2031759999998));
#4167=CARTESIAN_POINT('',(23.8330008107865,-49.8425595492541,12.2031759999998));
#4168=CARTESIAN_POINT('',(23.8724916242736,-49.9092157607183,12.2031759999998));
#4169=CARTESIAN_POINT('',(23.911778789753,-49.9759921732992,12.2031759999998));
#4170=CARTESIAN_POINT('',(23.9508460937918,-50.0428603865914,12.2031759999998));
#4171=CARTESIAN_POINT('',(23.9897742009605,-50.1099595316614,12.2031759999998));
#4172=CARTESIAN_POINT('',(24.0284952087272,-50.177174126833,12.2031759999998));
#4173=CARTESIAN_POINT('',(24.0669938479821,-50.2444766860222,12.2031759999998));
#4174=CARTESIAN_POINT('',(24.1053573022041,-50.3120208460208,12.2031759999998));
#4175=CARTESIAN_POINT('',(24.1435097545416,-50.3796748163081,12.2031759999998));
#4176=CARTESIAN_POINT('',(24.1814381753534,-50.447414368463,12.2031759999998));
#4177=CARTESIAN_POINT('',(24.2192323397238,-50.5154012583388,12.2031759999998));
#4178=CARTESIAN_POINT('',(24.256804797745,-50.5834796309768,12.2031759999998));
#4179=CARTESIAN_POINT('',(24.294179401218,-50.6516920316901,12.2031759999998));
#4180=CARTESIAN_POINT('',(24.3313978960335,-50.7201164231868,12.2031759999998));
#4181=CARTESIAN_POINT('',(24.3683866735064,-50.7886180619333,12.2031759999998));
#4182=CARTESIAN_POINT('',(24.4051911795653,-50.8572810772223,12.2031759999998));
#4183=CARTESIAN_POINT('',(24.4417846019327,-50.9260560591057,12.2031759999998));
#4184=CARTESIAN_POINT('',(24.478180448974,-50.9949689490969,12.2031759999998));
#4185=CARTESIAN_POINT('',(24.5142929387875,-51.0638557603674,12.2031759999998));
#4186=CARTESIAN_POINT('',(24.5502191191924,-51.1329004458105,12.2031759999998));
#4187=CARTESIAN_POINT('',(24.5859056226424,-51.2020009473904,12.2031759999998));
#4188=CARTESIAN_POINT('',(24.621345660148,-51.2711420736631,12.2031759999998));
#4189=CARTESIAN_POINT('',(24.6565978510164,-51.3404384227382,12.2031759999998));
#4190=CARTESIAN_POINT('',(24.6915775490311,-51.4097227253085,12.2031759999998));
#4191=CARTESIAN_POINT('',(24.7263522325278,-51.4791270075215,12.2031759999998));
#4192=CARTESIAN_POINT('',(24.7609108405912,-51.5486299155602,12.2031759999998));
#4193=CARTESIAN_POINT('',(24.7952095432217,-51.6181416079744,12.2031759999998));
#4194=CARTESIAN_POINT('',(24.8293165547307,-51.6877998151782,12.2031759999998));
#4195=CARTESIAN_POINT('',(24.8631755498792,-51.7574894447465,12.2031759999998));
#4196=CARTESIAN_POINT('',(24.8968073030382,-51.8272514924521,12.2031759999998));
#4197=CARTESIAN_POINT('',(24.9302423869605,-51.897150011956,12.2031759999998));
#4198=CARTESIAN_POINT('',(24.9634083580285,-51.9670322893609,12.2031759999998));
#4199=CARTESIAN_POINT('',(24.9963793803426,-52.037053446693,12.2031759999998));
#4200=CARTESIAN_POINT('',(25.0291200202564,-52.1071387899228,12.2031759999998));
#4201=CARTESIAN_POINT('',(25.0616215424822,-52.1772679840605,12.2031759999998));
#4202=CARTESIAN_POINT('',(25.0939249635677,-52.24752962821,12.2031759999998));
#4203=CARTESIAN_POINT('',(25.158031464794,-52.3880900158116,12.2031759999998));
#4204=CARTESIAN_POINT('',(25.2945719639641,-52.6936032228953,12.2031759999998));
#4205=CARTESIAN_POINT('',(25.4956483437663,-53.1664856595927,12.2031759999998));
#4206=CARTESIAN_POINT('',(25.7227555601785,-53.7387334852148,12.2031759999998));
#4207=CARTESIAN_POINT('',(26.0066866338779,-54.5080017491052,12.2031759999998));
#4208=CARTESIAN_POINT('',(26.2623944834372,-55.286687100763,12.2031759999998));
#4209=CARTESIAN_POINT('',(26.4614309852628,-55.9763054718372,12.2031759999998));
#4210=CARTESIAN_POINT('',(26.5547414423214,-56.3231528035768,12.2031759999998));
#4211=CARTESIAN_POINT('',(26.5998528364626,-56.4971315969936,12.2031759999998));
#4212=CARTESIAN_POINT('',(26.6251754936172,-56.5966533175923,12.2031759999998));
#4213=CARTESIAN_POINT('',(26.6627351369782,-56.7461647253753,12.2031759999998));
#4214=CARTESIAN_POINT('',(26.7052327490772,-56.92092935629,12.2031759999998));
#4215=CARTESIAN_POINT('',(26.7461932055227,-57.0963203453226,12.2031759999998));
#4216=CARTESIAN_POINT('',(26.7691340788322,-57.1966143939241,12.2031759999998));
#4217=CARTESIAN_POINT('',(26.7861335721531,-57.2719868796478,12.2031759999998));
#4218=CARTESIAN_POINT('',(26.8028961446998,-57.3473768844278,12.2031759999998));
#4219=CARTESIAN_POINT('',(26.8194369579643,-57.4228516520229,12.2031759999998));
#4220=CARTESIAN_POINT('',(26.8357600318926,-57.4984324916428,12.2031759999998));
#4221=CARTESIAN_POINT('',(26.8572081571633,-57.5992292443651,12.2031759999998));
#4222=CARTESIAN_POINT('',(26.8782269309624,-57.7002727894491,12.2031759999998));
#4223=CARTESIAN_POINT('',(26.8987748928429,-57.801368490394,12.2031759999998));
#4224=CARTESIAN_POINT('',(26.9139759043995,-57.8773429022523,12.2031759999998));
#4225=CARTESIAN_POINT('',(26.9289363880696,-57.953319110153,12.2031759999998));
#4226=CARTESIAN_POINT('',(26.9436788264658,-58.0294109373846,12.2031759999998));
#4227=CARTESIAN_POINT('',(26.9581970119667,-58.1055905634228,12.2031759999998));
#4228=CARTESIAN_POINT('',(26.9724738842186,-58.1817669545125,12.2031759999998));
#4229=CARTESIAN_POINT('',(26.9865450904719,-58.258133409963,12.2031759999998));
#4230=CARTESIAN_POINT('',(27.0003747401559,-58.3344985394867,12.2031759999998));
#4231=CARTESIAN_POINT('',(27.0139781100141,-58.4109449393294,12.2031759999998));
#4232=CARTESIAN_POINT('',(27.0273628046577,-58.4875203393221,12.2031759999998));
#4233=CARTESIAN_POINT('',(27.0405042716296,-58.5640843555555,12.2031759999998));
#4234=CARTESIAN_POINT('',(27.0534317016988,-58.6408086715533,12.2031759999998));
#4235=CARTESIAN_POINT('',(27.0661249707324,-58.7175788532234,12.2031759999998));
#4236=CARTESIAN_POINT('',(27.0785811025345,-58.7943748360648,12.2031759999998));
#4237=CARTESIAN_POINT('',(27.0908233826431,-58.8713448976724,12.2031759999998));
#4238=CARTESIAN_POINT('',(27.1068236050605,-58.9739712256528,12.2031759999998));
#4239=CARTESIAN_POINT('',(27.126238558045,-59.1023780743296,12.2031759999998));
#4240=CARTESIAN_POINT('',(27.1485825480749,-59.2565502028718,12.2031759999998));
#4241=CARTESIAN_POINT('',(27.1771035415704,-59.4622202456008,12.2031759999998));
#4242=CARTESIAN_POINT('',(27.2236741499987,-59.8223606624105,12.2031759999998));
#4243=CARTESIAN_POINT('',(27.2806965654245,-60.3376136818992,12.2031759999998));
#4244=CARTESIAN_POINT('',(27.3339403005339,-60.9570696708025,12.2031759999998));
#4245=CARTESIAN_POINT('',(27.3656677872727,-61.4742463622917,12.2031759999998));
#4246=CARTESIAN_POINT('',(27.3834560966841,-61.8885916586373,12.2031759999998));
#4247=CARTESIAN_POINT('',(27.392994203569,-62.1996119903599,12.2031759999998));
#4248=CARTESIAN_POINT('',(27.3977696509174,-62.4590783196419,12.2031759999998));
#4249=CARTESIAN_POINT('',(27.3996811426924,-62.6667678003988,12.2031759999998));
#4250=CARTESIAN_POINT('',(27.3999999954396,-62.7706750158599,12.2031759999998));
#4251=CARTESIAN_POINT('',(27.3999999999996,-62.8226217703228,12.2031759999998));
#4252=CARTESIAN_POINT('',(27.3584246723762,-64.2753105234479,12.203176));
#4253=CARTESIAN_POINT('',(27.3584246723791,-64.275310523397,-22.0868240000002));
#4254=CARTESIAN_POINT('',(-8.16025400000023,-86.1018545303753,10.8442759999999));
#4255=CARTESIAN_POINT('',(12.1599999999997,-86.1021085303753,10.8442759999998));
#4256=CARTESIAN_POINT('',(12.1599999999997,-86.1611952666047,10.8442759999998));
#4257=CARTESIAN_POINT('',(12.1599999999997,-86.2202820028341,10.8442759999998));
#4258=CARTESIAN_POINT('',(12.1599999999997,-86.2793687390635,10.8442759999998));
#4259=CARTESIAN_POINT('',(12.160000001007,-86.2793687386272,10.8442759999998));
#4260=CARTESIAN_POINT('',(12.1599999999997,-86.2793687390635,10.8442759999998));
#4261=CARTESIAN_POINT('',(11.7715403958155,-86.4476252308493,10.8442759999998));
#4262=CARTESIAN_POINT('',(10.9822500890663,-86.7665637520037,10.8442759999999));
#4263=CARTESIAN_POINT('',(9.76476600069505,-87.1888071858245,10.8442759999999));
#4264=CARTESIAN_POINT('',(8.51769706051107,-87.5517615869742,10.8442759999999));
#4265=CARTESIAN_POINT('',(7.24536981342437,-87.8526762605085,10.8442759999999));
#4266=CARTESIAN_POINT('',(5.9524292938107,-88.0892244246153,10.8442759999999));
#4267=CARTESIAN_POINT('',(4.6437862537525,-88.25954742756,10.8442759999999));
#4268=CARTESIAN_POINT('',(3.32455739993981,-88.3622907295446,10.8442759999999));
#4269=CARTESIAN_POINT('',(1.99999999999976,-88.3966306352271,10.8442759999999));
#4270=CARTESIAN_POINT('',(0.675442600059706,-88.3622907295446,10.8442759999999));
#4271=CARTESIAN_POINT('',(-0.643786253752983,-88.25954742756,10.8442759999999));
#4272=CARTESIAN_POINT('',(-1.95242929381117,-88.0892244246153,10.8442759999999));
#4273=CARTESIAN_POINT('',(-3.24536981342487,-87.8526762605085,10.8442759999999));
#4274=CARTESIAN_POINT('',(-4.51769706051155,-87.5517615869742,10.8442759999999));
#4275=CARTESIAN_POINT('',(-5.76476600069553,-87.1888071858245,10.8442759999999));
#4276=CARTESIAN_POINT('',(-6.98225008906673,-86.7665637520037,10.8442759999999));
#4277=CARTESIAN_POINT('',(-7.77154039581594,-86.4476252308493,10.8442759999999));
#4278=CARTESIAN_POINT('',(-8.16000000000023,-86.2793687390635,10.8442759999999));
#4279=CARTESIAN_POINT('',(-8.1600000010075,-86.2793687386272,10.8442759999999));
#4280=CARTESIAN_POINT('',(-8.16000000000023,-86.2793687390635,10.8442759999999));
#4281=CARTESIAN_POINT('',(-8.16000000000023,-86.2202820028341,10.8442759999999));
#4282=CARTESIAN_POINT('',(-8.16000000000023,-86.1611952666047,10.8442759999999));
#4283=CARTESIAN_POINT('',(-8.16000000000023,-86.1021085303753,10.8442759999999));
#4284=CARTESIAN_POINT('',(12.1599999999997,-86.1018545303753,10.8445299999998));
#4285=CARTESIAN_POINT('',(12.1599999999997,-86.1021085303753,0.684275999999878));
#4286=CARTESIAN_POINT('',(12.1599999999997,-86.1611952666047,0.684275999999878));
#4287=CARTESIAN_POINT('',(12.1599999999997,-86.2202820028341,0.684275999999878));
#4288=CARTESIAN_POINT('',(12.1599999999997,-86.2793687390635,0.684275999999878));
#4289=CARTESIAN_POINT('',(12.160000001007,-86.2793687386272,0.68427599999989));
#4290=CARTESIAN_POINT('',(12.1599999999998,-86.2793687390635,0.684275999999878));
#4291=CARTESIAN_POINT('',(12.1599999999998,-86.2793687390635,4.07094266666653));
#4292=CARTESIAN_POINT('',(12.1599999999998,-86.2793687390635,7.45760933333319));
#4293=CARTESIAN_POINT('',(12.1599999999998,-86.2793687390635,10.8442759999998));
#4294=CARTESIAN_POINT('',(12.1602539999997,-86.1018545303753,0.684275999999878));
#4295=CARTESIAN_POINT('',(-8.16000000000025,-86.1021085303753,0.684275999999914));
#4296=CARTESIAN_POINT('',(-8.16000000000025,-86.1611952666047,0.684275999999914));
#4297=CARTESIAN_POINT('',(-8.16000000000025,-86.2202820028341,0.684275999999914));
#4298=CARTESIAN_POINT('',(-8.16000000000025,-86.2793687390635,0.684275999999914));
#4299=CARTESIAN_POINT('',(-8.16000000100752,-86.2793687386272,0.684275999999908));
#4300=CARTESIAN_POINT('',(-8.16000000000025,-86.2793687390635,0.684275999999914));
#4301=CARTESIAN_POINT('',(-7.77154039581597,-86.4476252308493,0.684275999999913));
#4302=CARTESIAN_POINT('',(-6.98225008906677,-86.7665637520037,0.684275999999912));
#4303=CARTESIAN_POINT('',(-5.76476600069556,-87.1888071858245,0.68427599999991));
#4304=CARTESIAN_POINT('',(-4.51769706051158,-87.5517615869742,0.684275999999908));
#4305=CARTESIAN_POINT('',(-3.24536981342489,-87.8526762605085,0.684275999999906));
#4306=CARTESIAN_POINT('',(-1.95242929381119,-88.0892244246153,0.684275999999904));
#4307=CARTESIAN_POINT('',(-0.64378625375302,-88.25954742756,0.684275999999902));
#4308=CARTESIAN_POINT('',(0.675442600059688,-88.3622907295446,0.684275999999899));
#4309=CARTESIAN_POINT('',(1.99999999999974,-88.3966306352271,0.684275999999897));
#4310=CARTESIAN_POINT('',(3.32455739993979,-88.3622907295446,0.684275999999895));
#4311=CARTESIAN_POINT('',(4.64378625375251,-88.25954742756,0.684275999999892));
#4312=CARTESIAN_POINT('',(5.95242929381067,-88.0892244246154,0.68427599999989));
#4313=CARTESIAN_POINT('',(7.24536981342438,-87.8526762605085,0.684275999999888));
#4314=CARTESIAN_POINT('',(8.51769706051105,-87.5517615869742,0.684275999999886));
#4315=CARTESIAN_POINT('',(9.76476600069507,-87.1888071858245,0.684275999999883));
#4316=CARTESIAN_POINT('',(10.9822500890662,-86.7665637520037,0.684275999999881));
#4317=CARTESIAN_POINT('',(11.7715403958155,-86.4476252308494,0.684275999999879));
#4318=CARTESIAN_POINT('',(12.1599999999997,-86.2793687390635,0.684275999999878));
#4319=CARTESIAN_POINT('',(-8.16000000000025,-86.101854530375,0.684021999999916));
#4320=CARTESIAN_POINT('',(-8.16000000000023,-86.2793687390635,10.8442759999999));
#4321=CARTESIAN_POINT('',(-8.16000000000024,-86.2793687390635,7.45760933333324));
#4322=CARTESIAN_POINT('',(-8.16000000000025,-86.2793687390635,4.07094266666658));
#4323=CARTESIAN_POINT('',(-8.16000000000025,-86.2793687390635,0.684275999999914));
#4324=CARTESIAN_POINT('',(19.0357767781338,-45.7868472218655,-13.1968240000002));
#4325=CARTESIAN_POINT('',(19.9605122421382,-44.8621117578612,-21.1978240000002));
#4326=CARTESIAN_POINT('',(19.998828001588,-44.8237959984114,-21.1978240000002));
#4327=CARTESIAN_POINT('',(20.0371437610379,-44.7854802389615,-21.1978240000002));
#4328=CARTESIAN_POINT('',(20.0754595204878,-44.7471644795116,-21.1978240000002));
#4329=CARTESIAN_POINT('',(20.0754595205161,-44.7471644795399,-21.1978240000002));
#4330=CARTESIAN_POINT('',(20.0754595205166,-44.7471644795404,-21.1978240000002));
#4331=CARTESIAN_POINT('',(20.0074681715924,-44.6791731306162,-21.1978240000007));
#4332=CARTESIAN_POINT('',(19.8704878935974,-44.5437376379696,-21.1943568971913));
#4333=CARTESIAN_POINT('',(19.6622945486381,-44.3424956463331,-21.1786588502788));
#4334=CARTESIAN_POINT('',(19.4867530303696,-44.1766091871133,-21.1567590968658));
#4335=CARTESIAN_POINT('',(19.3629305952912,-44.0615721124549,-21.1367718096776));
#4336=CARTESIAN_POINT('',(19.3007862203636,-44.0043282295725,-21.1256081924781));
#4337=CARTESIAN_POINT('',(19.2652310602258,-43.9717166661379,-21.1188983497105));
#4338=CARTESIAN_POINT('',(19.2429433848184,-43.9513326237927,-21.1145573132134));
#4339=CARTESIAN_POINT('',(19.2251915818446,-43.9351318067059,-21.1110194601933));
#4340=CARTESIAN_POINT('',(19.2074028864991,-43.9189204680966,-21.1074208072368));
#4341=CARTESIAN_POINT('',(19.1762332728349,-43.8905755482541,-21.1009744395734));
#4342=CARTESIAN_POINT('',(19.1315650661751,-43.8501288870757,-21.0913333284217));
#4343=CARTESIAN_POINT('',(19.0777529409755,-43.8016798624311,-21.0790700561549));
#4344=CARTESIAN_POINT('',(19.005726432907,-43.7372007614279,-21.0617872355468));
#4345=CARTESIAN_POINT('',(18.9151879141351,-43.656840010112,-21.038425922191));
#4346=CARTESIAN_POINT('',(18.8240092359508,-43.5768304779861,-21.0126922177662));
#4347=CARTESIAN_POINT('',(18.7507032752277,-43.51305465537,-20.9906652146163));
#4348=CARTESIAN_POINT('',(18.6955476429941,-43.4653440383785,-20.9734208934444));
#4349=CARTESIAN_POINT('',(18.6402212613093,-43.4177600830607,-20.9554485092557));
#4350=CARTESIAN_POINT('',(18.5847296003995,-43.370308260759,-20.9367441383278));
#4351=CARTESIAN_POINT('',(18.5383534535658,-43.3308798196934,-20.920543971571));
#4352=CARTESIAN_POINT('',(18.5011754386967,-43.2994086808924,-20.9072140184834));
#4353=CARTESIAN_POINT('',(18.4732541973833,-43.2758419337637,-20.8970312232784));
#4354=CARTESIAN_POINT('',(18.4499552702669,-43.2562337625002,-20.8883905862102));
#4355=CARTESIAN_POINT('',(18.4312985981962,-43.2405667594178,-20.881385198365));
#4356=CARTESIAN_POINT('',(18.4172952567782,-43.2288245643166,-20.87608380955));
#4357=CARTESIAN_POINT('',(18.4032899712474,-43.2170978439227,-20.8707384873641));
#4358=CARTESIAN_POINT('',(18.3892497806316,-43.2053591778625,-20.865336145099));
#4359=CARTESIAN_POINT('',(18.375298176927,-43.1937113714941,-20.8599253795522));
#4360=CARTESIAN_POINT('',(18.360974695979,-43.1817711666164,-20.8543245566031));
#4361=CARTESIAN_POINT('',(18.3479982467638,-43.1709693350294,-20.849211284145));
#4362=CARTESIAN_POINT('',(18.3346384933981,-43.1598633428369,-20.8439092300377));
#4363=CARTESIAN_POINT('',(18.3213591988027,-43.1488398368195,-20.8385994471623));
#4364=CARTESIAN_POINT('',(18.3080362243862,-43.1377953409591,-20.833233254915));
#4365=CARTESIAN_POINT('',(18.294702941894,-43.1267576928482,-20.827823522792));
#4366=CARTESIAN_POINT('',(18.2768998011458,-43.11204023776,-20.8205476985021));
#4367=CARTESIAN_POINT('',(18.2546038793572,-43.0936470927032,-20.8113368723068));
#4368=CARTESIAN_POINT('',(18.2277806649088,-43.07158056568,-20.8000964810591));
#4369=CARTESIAN_POINT('',(18.1919272424175,-43.0421670993962,-20.7848582557298));
#4370=CARTESIAN_POINT('',(18.1469450722495,-43.0054181202408,-20.765337037976));
#4371=CARTESIAN_POINT('',(18.0927084977917,-42.9613545536319,-20.7411457381582));
#4372=CARTESIAN_POINT('',(18.0382206382908,-42.9173328845188,-20.71618028023));
#4373=CARTESIAN_POINT('',(17.9834883431043,-42.87335996121,-20.6904324220416));
#4374=CARTESIAN_POINT('',(17.9285185901526,-42.8294427619169,-20.66389398845));
#4375=CARTESIAN_POINT('',(17.8733184965578,-42.7855884036469,-20.6365568790063));
#4376=CARTESIAN_POINT('',(17.8178953157227,-42.7418041399702,-20.6084130701919));
#4377=CARTESIAN_POINT('',(17.7622564422015,-42.698097364886,-20.5794546216716));
#4378=CARTESIAN_POINT('',(17.7064093987296,-42.6544756031829,-20.5496736722698));
#4379=CARTESIAN_POINT('',(17.6597031386074,-42.6182013909294,-20.5241643398566));
#4380=CARTESIAN_POINT('',(17.6222417433975,-42.5892322361409,-20.5033378783086));
#4381=CARTESIAN_POINT('',(17.5940986467188,-42.567531584417,-20.4875076758813));
#4382=CARTESIAN_POINT('',(17.570607173077,-42.5494699923639,-20.474139450242));
#4383=CARTESIAN_POINT('',(17.5517923240153,-42.5350354766353,-20.463339257438));
#4384=CARTESIAN_POINT('',(17.5376675154815,-42.5242148421528,-20.4551844292693));
#4385=CARTESIAN_POINT('',(17.5235412293987,-42.5134087630269,-20.4469819716493));
#4386=CARTESIAN_POINT('',(17.5093682891353,-42.5025829171893,-20.4387048485159));
#4387=CARTESIAN_POINT('',(17.4953179737907,-42.4918660566315,-20.4304534554594));
#4388=CARTESIAN_POINT('',(17.4807591136634,-42.4807782655204,-20.4218525541435));
#4389=CARTESIAN_POINT('',(17.468047881831,-42.4711112285679,-20.414302012816));
#4390=CARTESIAN_POINT('',(17.454814084285,-42.4610595917753,-20.4064019465702));
#4391=CARTESIAN_POINT('',(17.4416929886773,-42.4511072747033,-20.39852720102));
#4392=CARTESIAN_POINT('',(17.4285145593698,-42.4411247940682,-20.3905770883311));
#4393=CARTESIAN_POINT('',(17.4153245174728,-42.4311470096546,-20.382578325133));
#4394=CARTESIAN_POINT('',(17.3977063150516,-42.4178374195571,-20.371838618127));
#4395=CARTESIAN_POINT('',(17.3756323496255,-42.401195447764,-20.358277849143));
#4396=CARTESIAN_POINT('',(17.3490604722753,-42.3812164851786,-20.3417841513147));
#4397=CARTESIAN_POINT('',(17.313522875653,-42.3545686066074,-20.3194965804857));
#4398=CARTESIAN_POINT('',(17.2689001535029,-42.3212440596712,-20.291078008353));
#4399=CARTESIAN_POINT('',(17.2240179884238,-42.2879080743162,-20.2619036149078));
#4400=CARTESIAN_POINT('',(17.1879614700574,-42.2612373239041,-20.2381043384875));
#4401=CARTESIAN_POINT('',(17.160845116033,-42.2412346634538,-20.2200235695673));
#4402=CARTESIAN_POINT('',(17.1381870324766,-42.2245667795748,-20.204761835916));
#4403=CARTESIAN_POINT('',(17.1200257680268,-42.211234613265,-20.1924358863895));
#4404=CARTESIAN_POINT('',(17.1063844475108,-42.2012344388506,-20.1831307573274));
#4405=CARTESIAN_POINT('',(17.0927356889853,-42.1912426743808,-20.1737737055932));
#4406=CARTESIAN_POINT('',(17.0790317110356,-42.1812245833136,-20.1643309941385));
#4407=CARTESIAN_POINT('',(17.0654516926301,-42.1713106396698,-20.1549276835385));
#4408=CARTESIAN_POINT('',(17.0513276923938,-42.1610146769912,-20.1450961275237));
#4409=CARTESIAN_POINT('',(17.039153295559,-42.1521518857909,-20.1365807119818));
#4410=CARTESIAN_POINT('',(17.0264207431477,-42.142894030859,-20.1276361582677));
#4411=CARTESIAN_POINT('',(17.0138022104967,-42.1337312100887,-20.118729781131));
#4412=CARTESIAN_POINT('',(17.0011178207152,-42.1245323325959,-20.1097360376468));
#4413=CARTESIAN_POINT('',(16.9884159790444,-42.1153327370389,-20.1006882225035));
#4414=CARTESIAN_POINT('',(16.9714400363063,-42.1030534079847,-20.0885401098115));
#4415=CARTESIAN_POINT('',(16.9501531616913,-42.0876856990653,-20.0732016323263));
#4416=CARTESIAN_POINT('',(16.9245007997807,-42.0692144440302,-20.0545463192217));
#4417=CARTESIAN_POINT('',(16.8901563771925,-42.0445487366408,-20.0293382220788));
#4418=CARTESIAN_POINT('',(16.8556027459859,-42.0198297672265,-20.0036242271653));
#4419=CARTESIAN_POINT('',(16.8208461646082,-41.9950637774849,-19.9773960893066));
#4420=CARTESIAN_POINT('',(16.7946788443328,-41.9764673639595,-19.9574658534245));
#4421=CARTESIAN_POINT('',(16.7684131764087,-41.9578505852034,-19.9372743691889));
#4422=CARTESIAN_POINT('',(16.7420510348824,-41.939215239582,-19.9168197804041));
#4423=CARTESIAN_POINT('',(16.7200027780944,-41.9236711377703,-19.8995526896199));
#4424=CARTESIAN_POINT('',(16.7023188729135,-41.9112291227845,-19.8856064514615));
#4425=CARTESIAN_POINT('',(16.6890290439065,-41.9018913425353,-19.8750766158296));
#4426=CARTESIAN_POINT('',(16.6757306902982,-41.8925601799901,-19.8644911016806));
#4427=CARTESIAN_POINT('',(16.662355830632,-41.883188260912,-19.853794336649));
#4428=CARTESIAN_POINT('',(16.6491592938283,-41.8739534741492,-19.8431926011854));
#4429=CARTESIAN_POINT('',(16.6351910325364,-41.8641929254195,-19.8319148175269));
#4430=CARTESIAN_POINT('',(16.6239977023978,-41.8563815981636,-19.822837490214));
#4431=CARTESIAN_POINT('',(16.6120044131372,-41.848021308787,-19.8130748687845));
#4432=CARTESIAN_POINT('',(16.6001693707941,-41.8397817612793,-19.8033996978773));
#4433=CARTESIAN_POINT('',(16.5882361547063,-41.8314838364977,-19.7936044385909));
#4434=CARTESIAN_POINT('',(16.5762737679607,-41.8231758335014,-19.7837441873757));
#4435=CARTESIAN_POINT('',(16.5602609555859,-41.8120683421716,-19.7704903098526));
#4436=CARTESIAN_POINT('',(16.5401387778601,-41.7981359474927,-19.7537306756116));
#4437=CARTESIAN_POINT('',(16.5158208916533,-41.7813398743507,-19.7333055011933));
#4438=CARTESIAN_POINT('',(16.4913348306542,-41.7644694151075,-19.712564362365));
#4439=CARTESIAN_POINT('',(16.4666825309857,-41.7475265821318,-19.6915039337421));
#4440=CARTESIAN_POINT('',(16.4418662866319,-41.730513649142,-19.6701211421709));
#4441=CARTESIAN_POINT('',(16.4168883456619,-41.7134328690242,-19.6484128418066));
#4442=CARTESIAN_POINT('',(16.3917510077075,-41.6962865424085,-19.6263758917506));
#4443=CARTESIAN_POINT('',(16.3664566400744,-41.6790770277895,-19.6040071749869));
#4444=CARTESIAN_POINT('',(16.345249038389,-41.6646850335508,-19.5850874038658));
#4445=CARTESIAN_POINT('',(16.328206983919,-41.6531423389118,-19.5697826896859));
#4446=CARTESIAN_POINT('',(16.3153872676205,-41.6444707428206,-19.5582188506155));
#4447=CARTESIAN_POINT('',(16.3025317014825,-41.6357862318946,-19.5465711921267));
#4448=CARTESIAN_POINT('',(16.2896330229027,-41.6270840414513,-19.5348322707565));
#4449=CARTESIAN_POINT('',(16.2767198225628,-41.6183834358228,-19.5230280138374));
#4450=CARTESIAN_POINT('',(16.263686881226,-41.6096140032508,-19.5110597928441));
#4451=CARTESIAN_POINT('',(16.2509283811212,-41.6010400223998,-19.4992938318894));
#4452=CARTESIAN_POINT('',(16.2369747236766,-41.5916767014772,-19.4863615005525));
#4453=CARTESIAN_POINT('',(16.2273120472674,-41.5852008553057,-19.4773687342331));
#4454=CARTESIAN_POINT('',(16.2163998071908,-41.5778944016188,-19.4671815988702));
#4455=CARTESIAN_POINT('',(16.2057230886378,-41.5707540982749,-19.4571749632652));
#4456=CARTESIAN_POINT('',(16.1948844711609,-41.5635133717202,-19.4469796636237));
#4457=CARTESIAN_POINT('',(16.1839909560528,-41.5562441630052,-19.4366938438739));
#4458=CARTESIAN_POINT('',(16.1730143925662,-41.5489277154579,-19.4262904301682));
#4459=CARTESIAN_POINT('',(16.1619628458624,-41.5415695781803,-19.4157758928769));
#4460=CARTESIAN_POINT('',(16.1471253169794,-41.5317018800644,-19.4016050016228));
#4461=CARTESIAN_POINT('',(16.128389218128,-41.5192625673208,-19.3836069132883));
#4462=CARTESIAN_POINT('',(16.1056062691169,-41.5041710870545,-19.3615486680744));
#4463=CARTESIAN_POINT('',(16.0825273426907,-41.4889189200441,-19.3390249176301));
#4464=CARTESIAN_POINT('',(16.0591560388688,-41.47350967611,-19.3160305269068));
#4465=CARTESIAN_POINT('',(16.0354960848538,-41.4579470779947,-19.2925603593762));
#4466=CARTESIAN_POINT('',(16.0115512571127,-41.4422349102054,-19.2686092017513));
#4467=CARTESIAN_POINT('',(15.9873255196499,-41.4263771090455,-19.2441719093646));
#4468=CARTESIAN_POINT('',(15.9669063829322,-41.413044068509,-19.2233977449238));
#4469=CARTESIAN_POINT('',(15.9504350324653,-41.4023090928681,-19.2065304848271));
#4470=CARTESIAN_POINT('',(15.938012639921,-41.394223218957,-19.1937539497411));
#4471=CARTESIAN_POINT('',(15.9255274939383,-41.386106839755,-19.1808566033571));
#4472=CARTESIAN_POINT('',(15.9129590795176,-41.3779469091547,-19.1678154544842));
#4473=CARTESIAN_POINT('',(15.9003864953823,-41.3697946396755,-19.1547131760729));
#4474=CARTESIAN_POINT('',(15.8875170609337,-41.3614614266441,-19.141238043809));
#4475=CARTESIAN_POINT('',(15.8754456336674,-41.3536537100575,-19.1285502481185));
#4476=CARTESIAN_POINT('',(15.8600887327634,-41.3437376031648,-19.1123167079863));
#4477=CARTESIAN_POINT('',(15.8566887275208,-41.3415455164872,-19.1087055041152));
#4478=CARTESIAN_POINT('',(15.8496623562338,-41.3370149857305,-19.1012467573488));
#4479=CARTESIAN_POINT('',(15.8431863402013,-41.3328434389856,-19.0943517292124));
#4480=CARTESIAN_POINT('',(15.8361427968439,-41.3283093690932,-19.0868365014482));
#4481=CARTESIAN_POINT('',(15.8288325964625,-41.3236074378819,-19.0790162853054));
#4482=CARTESIAN_POINT('',(15.8211765242324,-41.3186868889966,-19.0708045077206));
#4483=CARTESIAN_POINT('',(15.8131972777173,-41.3135627945939,-19.0622221603404));
#4484=CARTESIAN_POINT('',(15.8048903171681,-41.3082326580838,-19.0532613204405));
#4485=CARTESIAN_POINT('',(15.7962584692621,-41.302698758915,-19.0439217215776));
#4486=CARTESIAN_POINT('',(15.7843173961093,-41.2950499780159,-19.0309606975696));
#4487=CARTESIAN_POINT('',(15.7685848718888,-41.2849859057656,-19.0138016926408));
#4488=CARTESIAN_POINT('',(15.748427687984,-41.2721158309004,-18.9916612927878));
#4489=CARTESIAN_POINT('',(15.7270051401761,-41.2584653514736,-18.9679530310237));
#4490=CARTESIAN_POINT('',(15.7043309272383,-41.2440481675632,-18.942657547036));
#4491=CARTESIAN_POINT('',(15.6804197057962,-41.2288789379096,-18.9157544248249));
#4492=CARTESIAN_POINT('',(15.655287142471,-41.2129733193708,-18.8872222628791));
#4493=CARTESIAN_POINT('',(15.6333393299257,-41.1991187857606,-18.862069149376));
#4494=CARTESIAN_POINT('',(15.6151876963767,-41.1876842013329,-18.8411093884105));
#4495=CARTESIAN_POINT('',(15.6012791314455,-41.1789348121133,-18.824967349088));
#4496=CARTESIAN_POINT('',(15.5870799867287,-41.1700155158113,-18.8084023135388));
#4497=CARTESIAN_POINT('',(15.5725855860049,-41.1609243249906,-18.7914025777032));
#4498=CARTESIAN_POINT('',(15.5578249872907,-41.1516802586952,-18.7739970041077));
#4499=CARTESIAN_POINT('',(15.5427016494737,-41.1422242429178,-18.7560627892566));
#4500=CARTESIAN_POINT('',(15.5275880995999,-41.1327889752566,-18.7380429083969));
#4501=CARTESIAN_POINT('',(15.5111066014138,-41.1225185701423,-18.7182685766247));
#4502=CARTESIAN_POINT('',(15.4984118182905,-41.114620117653,-18.702951967465));
#4503=CARTESIAN_POINT('',(15.4849637279568,-41.1062626275027,-18.6866524643727));
#4504=CARTESIAN_POINT('',(15.4719773664363,-41.0982032019793,-18.6708301272699));
#4505=CARTESIAN_POINT('',(15.4591257186456,-41.0902375289547,-18.6550959464623));
#4506=CARTESIAN_POINT('',(15.44649497294,-41.0824189186989,-18.639556330056));
#4507=CARTESIAN_POINT('',(15.4340606137539,-41.0747316650324,-18.6241849019967));
#4508=CARTESIAN_POINT('',(15.4218277978871,-41.0671785652959,-18.6089908241065));
#4509=CARTESIAN_POINT('',(15.4057824114849,-41.0572837858149,-18.5889680072956));
#4510=CARTESIAN_POINT('',(15.3862209172042,-41.0452432619866,-18.5643871152395));
#4511=CARTESIAN_POINT('',(15.3635306061153,-41.031310575395,-18.5356182387507));
#4512=CARTESIAN_POINT('',(15.3416154715664,-41.0178854929383,-18.5075895592978));
#4513=CARTESIAN_POINT('',(15.3204672858905,-41.0049597953141,-18.4803125053297));
#4514=CARTESIAN_POINT('',(15.30007804099,-40.9925254733265,-18.4537980925149));
#4515=CARTESIAN_POINT('',(15.2804399349521,-40.9805747210912,-18.4280569142847));
#4516=CARTESIAN_POINT('',(15.2615453193223,-40.9690999071373,-18.403099064718));
#4517=CARTESIAN_POINT('',(15.246413351038,-40.9599280935087,-18.3829619294035));
#4518=CARTESIAN_POINT('',(15.2346720168436,-40.9528211944272,-18.3672531096056));
#4519=CARTESIAN_POINT('',(15.2260480261615,-40.9476058813192,-18.3556741111217));
#4520=CARTESIAN_POINT('',(15.2176020724912,-40.9425026961447,-18.3442945578914));
#4521=CARTESIAN_POINT('',(15.2093449810914,-40.9375178098879,-18.3331315776976));
#4522=CARTESIAN_POINT('',(15.2012323316846,-40.9326241796872,-18.3221262970881));
#4523=CARTESIAN_POINT('',(15.193425973392,-40.9279187992745,-18.311503401013));
#4524=CARTESIAN_POINT('',(15.1853180095743,-40.9230358161519,-18.3004291956486));
#4525=CARTESIAN_POINT('',(15.1791733443496,-40.919336813261,-18.292019798689));
#4526=CARTESIAN_POINT('',(15.1665355124762,-40.9117365659244,-18.2746503165614));
#4527=CARTESIAN_POINT('',(15.1557571501397,-40.9052632878267,-18.2597549752722));
#4528=CARTESIAN_POINT('',(15.1445996447541,-40.8985691426963,-18.2442708016268));
#4529=CARTESIAN_POINT('',(15.133662301016,-40.8920147524734,-18.2290193270657));
#4530=CARTESIAN_POINT('',(15.1227840073196,-40.8855029602632,-18.2137812258013));
#4531=CARTESIAN_POINT('',(15.1120074042636,-40.879059270577,-18.1986160586542));
#4532=CARTESIAN_POINT('',(15.1013205444304,-40.8726763256358,-18.1835086597917));
#4533=CARTESIAN_POINT('',(15.0871945984971,-40.8642486382989,-18.1634489082798));
#4534=CARTESIAN_POINT('',(15.0697652465333,-40.8538673077907,-18.1385296206701));
#4535=CARTESIAN_POINT('',(15.0492122460816,-40.8416520146488,-18.1088807122657));
#4536=CARTESIAN_POINT('',(15.0290180259752,-40.829675646574,-18.0794905074159));
#4537=CARTESIAN_POINT('',(15.00917936256,-40.8179349628504,-18.0503636546548));
#4538=CARTESIAN_POINT('',(14.9896929941986,-40.8064267069289,-18.0215046318844));
#4539=CARTESIAN_POINT('',(14.9705556985578,-40.7951476531848,-17.9929178540678));
#4540=CARTESIAN_POINT('',(14.9517642455879,-40.7840945796463,-17.9646076018885));
#4541=CARTESIAN_POINT('',(14.9363903029471,-40.7750693769606,-17.941249772406));
#4542=CARTESIAN_POINT('',(14.9242607965921,-40.7679589708278,-17.922705797732));
#4543=CARTESIAN_POINT('',(14.915248426213,-40.762680842125,-17.9088699884752));
#4544=CARTESIAN_POINT('',(14.9063190822803,-40.7574562167284,-17.8951047355844));
#4545=CARTESIAN_POINT('',(14.8974774059068,-40.7522876319699,-17.8814184896572));
#4546=CARTESIAN_POINT('',(14.8887042192347,-40.7471637647649,-17.8677820474614));
#4547=CARTESIAN_POINT('',(14.8800692552006,-40.7421250327379,-17.854306722737));
#4548=CARTESIAN_POINT('',(14.8713104316686,-40.7370187602285,-17.8405793830179));
#4549=CARTESIAN_POINT('',(14.8634040253007,-40.7324129133085,-17.828144131761));
#4550=CARTESIAN_POINT('',(14.8527047021064,-40.7261859938733,-17.8112405432262));
#4551=CARTESIAN_POINT('',(14.8428382618396,-40.720450225465,-17.7955709376736));
#4552=CARTESIAN_POINT('',(14.8328328639954,-40.714639329098,-17.7796078719105));
#4553=CARTESIAN_POINT('',(14.8229486018553,-40.7089047281891,-17.763761108294));
#4554=CARTESIAN_POINT('',(14.8131154730941,-40.7032055383517,-17.7479213331973));
#4555=CARTESIAN_POINT('',(14.8033519233909,-40.6975524033761,-17.732118314211));
#4556=CARTESIAN_POINT('',(14.7936527014644,-40.6919421615976,-17.7163445529406));
#4557=CARTESIAN_POINT('',(14.7808076267188,-40.6845197388387,-17.6953551712685));
#4558=CARTESIAN_POINT('',(14.7649133909054,-40.6753491818578,-17.6691973905896));
#4559=CARTESIAN_POINT('',(14.746097974138,-40.6645146545131,-17.6379376830598));
#4560=CARTESIAN_POINT('',(14.7275381907344,-40.6538482643899,-17.6068103609459));
#4561=CARTESIAN_POINT('',(14.7031300681056,-40.6398479928775,-17.5654875814237));
#4562=CARTESIAN_POINT('',(14.679225374278,-40.6261761526193,-17.524440802421));
#4563=CARTESIAN_POINT('',(14.6558163294223,-40.6128249368846,-17.4836809878339));
#4564=CARTESIAN_POINT('',(14.638505272628,-40.6029698007904,-17.4532569895123));
#4565=CARTESIAN_POINT('',(14.6242830069501,-40.5948877207776,-17.4280282521401));
#4566=CARTESIAN_POINT('',(14.6130253239065,-40.5884988002962,-17.407919347033));
#4567=CARTESIAN_POINT('',(14.6046445939013,-40.5837467685652,-17.3928800083501));
#4568=CARTESIAN_POINT('',(14.5963151124318,-40.5790279192723,-17.3778630398893));
#4569=CARTESIAN_POINT('',(14.5880780853701,-40.574365408753,-17.3629449085834));
#4570=CARTESIAN_POINT('',(14.5797785127021,-40.5696716275896,-17.3478415862652));
#4571=CARTESIAN_POINT('',(14.5719937297136,-40.5652723982189,-17.333614573041));
#4572=CARTESIAN_POINT('',(14.5625679378143,-40.5599505828506,-17.3163037358285));
#4573=CARTESIAN_POINT('',(14.5536550487898,-40.5549233958879,-17.2998449806331));
#4574=CARTESIAN_POINT('',(14.5446776862513,-40.5498644476964,-17.2831840580661));
#4575=CARTESIAN_POINT('',(14.5357903139809,-40.5448609524234,-17.2666038133672));
#4576=CARTESIAN_POINT('',(14.5269513219745,-40.5398893118492,-17.2500288569416));
#4577=CARTESIAN_POINT('',(14.5152449646426,-40.5333109923365,-17.2279632239908));
#4578=CARTESIAN_POINT('',(14.5007528314125,-40.5251785442759,-17.2004338483291));
#4579=CARTESIAN_POINT('',(14.4835881838198,-40.5155640150887,-17.1674890002567));
#4580=CARTESIAN_POINT('',(14.466647361206,-40.5060920547262,-17.1346357364103));
#4581=CARTESIAN_POINT('',(14.4499289956316,-40.496761229105,-17.1018765270604));
#4582=CARTESIAN_POINT('',(14.4279323692703,-40.4845062488593,-17.0583257726474));
#4583=CARTESIAN_POINT('',(14.4063744949823,-40.4725274067894,-17.0149715931248));
#4584=CARTESIAN_POINT('',(14.3852493015798,-40.4608186165945,-16.9718224108513));
#4585=CARTESIAN_POINT('',(14.3696201315387,-40.4521704738186,-16.9395648687386));
#4586=CARTESIAN_POINT('',(14.3567737835664,-40.4450737855294,-16.9127728613471));
#4587=CARTESIAN_POINT('',(14.3466020484667,-40.4394613616806,-16.8913923633738));
#4588=CARTESIAN_POINT('',(14.3390274320771,-40.4352852520213,-16.8753874880193));
#4589=CARTESIAN_POINT('',(14.3314998689319,-40.4311383480076,-16.8593982922138));
#4590=CARTESIAN_POINT('',(14.3240452253597,-40.4270347679917,-16.8434815679311));
#4591=CARTESIAN_POINT('',(14.3165660205681,-40.4229208939777,-16.827426417));
#4592=CARTESIAN_POINT('',(14.3094251642424,-40.4189959324414,-16.8120210806449));
#4593=CARTESIAN_POINT('',(14.3012673513349,-40.4145155283766,-16.7943249220615));
#4594=CARTESIAN_POINT('',(14.2934458651036,-40.4102235325094,-16.7772569392271));
#4595=CARTESIAN_POINT('',(14.2855979315109,-40.4059204673973,-16.7600352651802));
#4596=CARTESIAN_POINT('',(14.2778205885777,-40.4016596172133,-16.7428696670282));
#4597=CARTESIAN_POINT('',(14.2700876818522,-40.397426546302,-16.7257042332449));
#4598=CARTESIAN_POINT('',(14.2598454569976,-40.3918243981691,-16.7028374229025));
#4599=CARTESIAN_POINT('',(14.2471661900376,-40.3848976978178,-16.6742835757576));
#4600=CARTESIAN_POINT('',(14.2321489836124,-40.376706923245,-16.6400709810583));
#4601=CARTESIAN_POINT('',(14.2123880553123,-40.3659459203547,-16.5945247349028));
#4602=CARTESIAN_POINT('',(14.188175766003,-40.3527922185113,-16.5377287864016));
#4603=CARTESIAN_POINT('',(14.1646081958322,-40.3400281752089,-16.4811258978989));
#4604=CARTESIAN_POINT('',(14.1461367582398,-40.3300465060289,-16.4359657954949));
#4605=CARTESIAN_POINT('',(14.1324733541026,-40.3226739333417,-16.4021581842297));
#4606=CARTESIAN_POINT('',(14.1212449983172,-40.3166240862657,-16.3740390954981));
#4607=CARTESIAN_POINT('',(14.1123559568927,-40.3118397777475,-16.3515755928817));
#4608=CARTESIAN_POINT('',(14.1057371627786,-40.30827989338,-16.3347474455247));
#4609=CARTESIAN_POINT('',(14.0991609298004,-40.3047453851675,-16.3179250819653));
#4610=CARTESIAN_POINT('',(14.0926469901389,-40.3012467683844,-16.3011608026454));
#4611=CARTESIAN_POINT('',(14.0861210343192,-40.2977441462288,-16.2842602073641));
#4612=CARTESIAN_POINT('',(14.0798597606852,-40.2943857832592,-16.267949695387));
#4613=CARTESIAN_POINT('',(14.0728298771819,-40.2906177098893,-16.2495191619192));
#4614=CARTESIAN_POINT('',(14.0660653767187,-40.2869944250442,-16.2316611992513));
#4615=CARTESIAN_POINT('',(14.0592891000717,-40.2833672492427,-16.2136545481192));
#4616=CARTESIAN_POINT('',(14.0525752069393,-40.2797759171967,-16.1956926795632));
#4617=CARTESIAN_POINT('',(14.0459037318463,-40.2762096836347,-16.1777239905287));
#4618=CARTESIAN_POINT('',(14.0370719420347,-40.2714918486852,-16.1537752559667));
#4619=CARTESIAN_POINT('',(14.0261478306096,-40.2656622501599,-16.1238491372313));
#4620=CARTESIAN_POINT('',(14.0132242611313,-40.25877493409,-16.087957466185));
#4621=CARTESIAN_POINT('',(13.9962387430389,-40.2497350390897,-16.0401289546782));
#4622=CARTESIAN_POINT('',(13.9754664281444,-40.2387020854863,-15.9803977552892));
#4623=CARTESIAN_POINT('',(13.9512695625888,-40.2258842096376,-15.9088176469979));
#4624=CARTESIAN_POINT('',(13.9277971936351,-40.2134825800446,-15.8373450748042));
#4625=CARTESIAN_POINT('',(13.9050438323815,-40.2014917095442,-15.7659900167353));
#4626=CARTESIAN_POINT('',(13.8756573040198,-40.1860441701087,-15.6710196762343));
#4627=CARTESIAN_POINT('',(13.8476865434536,-40.1713959004833,-15.5763232571771));
#4628=CARTESIAN_POINT('',(13.821108888572,-40.1575242388054,-15.4819381052949));
#4629=CARTESIAN_POINT('',(13.8018664566223,-40.1475030522033,-15.4113138983359));
#4630=CARTESIAN_POINT('',(13.7864019559908,-40.1394660504069,-15.3526049977366));
#4631=CARTESIAN_POINT('',(13.7743699733756,-40.1332219382112,-15.305729033669));
#4632=CARTESIAN_POINT('',(13.7655150366523,-40.1286308534329,-15.2706185869818));
#4633=CARTESIAN_POINT('',(13.7582762818212,-40.1248810538426,-15.2413999455082));
#4634=CARTESIAN_POINT('',(13.7525689132602,-40.1219263994919,-15.218048674143));
#4635=CARTESIAN_POINT('',(13.7483306547149,-40.1197331893325,-15.2005495191225));
#4636=CARTESIAN_POINT('',(13.7441323635934,-40.1175615273106,-15.1830552321827));
#4637=CARTESIAN_POINT('',(13.7399822383011,-40.1154156021704,-15.1656018332599));
#4638=CARTESIAN_POINT('',(13.7358492317187,-40.1132793374517,-15.1480554447154));
#4639=CARTESIAN_POINT('',(13.7318487792098,-40.1112122955428,-15.1309163247015));
#4640=CARTESIAN_POINT('',(13.7275496309839,-40.1089917478953,-15.1123180816363));
#4641=CARTESIAN_POINT('',(13.723383882578,-40.1068410038766,-15.0941110812288));
#4642=CARTESIAN_POINT('',(13.7192357081758,-40.104700181633,-15.075799672989));
#4643=CARTESIAN_POINT('',(13.7151360955851,-40.1025852792924,-15.0575168140038));
#4644=CARTESIAN_POINT('',(13.7110766982798,-40.1004919650844,-15.0392270453678));
#4645=CARTESIAN_POINT('',(13.7057206902518,-40.0977311391927,-15.0148442684535));
#4646=CARTESIAN_POINT('',(13.699130206063,-40.0943360479708,-14.9843669913877));
#4647=CARTESIAN_POINT('',(13.6913889909217,-40.0903513629116,-14.9477989420458));
#4648=CARTESIAN_POINT('',(13.6812899670094,-40.085157196947,-14.8990483948113));
#4649=CARTESIAN_POINT('',(13.6690828564284,-40.0788864085623,-14.8381257018883));
#4650=CARTESIAN_POINT('',(13.6550984739797,-40.0717140229577,-14.7650506019037));
#4651=CARTESIAN_POINT('',(13.6417756995323,-40.0648916526648,-14.692015008998));
#4652=CARTESIAN_POINT('',(13.629111939113,-40.0584167047126,-14.6190262029209));
#4653=CARTESIAN_POINT('',(13.6131020863783,-40.0502431448704,-14.5217797000612));
#4654=CARTESIAN_POINT('',(13.5947240316725,-40.0408814828839,-14.4003746333283));
#4655=CARTESIAN_POINT('',(13.5752631217351,-40.0309938453961,-14.254987283838));
#4656=CARTESIAN_POINT('',(13.5583726523669,-40.0224303922176,-14.1099603687144));
#4657=CARTESIAN_POINT('',(13.5464188637474,-40.0163767961771,-13.9894271582368));
#4658=CARTESIAN_POINT('',(13.5381191758575,-40.0121748561962,-13.8932696503392));
#4659=CARTESIAN_POINT('',(13.5306366897077,-40.0083898618941,-13.79706594033));
#4660=CARTESIAN_POINT('',(13.5197001557919,-40.0028638503302,-13.6287597261174));
#4661=CARTESIAN_POINT('',(13.5130622195033,-39.9995196571508,-13.4605804830235));
#4662=CARTESIAN_POINT('',(13.5104248510926,-39.9981929574169,-13.3166524225798));
#4663=CARTESIAN_POINT('',(13.5098336907437,-39.9978958535201,-13.2567153424066));
#4664=CARTESIAN_POINT('',(13.5096648855434,-39.9978110538157,-13.2088119552264));
#4665=CARTESIAN_POINT('',(13.5096986359302,-39.9978279859305,-13.1608595841367));
#4666=CARTESIAN_POINT('',(13.5102906415687,-39.9981259551985,-13.0768688587521));
#4667=CARTESIAN_POINT('',(13.5126606567292,-39.9993198820295,-12.9568211062549));
#4668=CARTESIAN_POINT('',(13.5179491150587,-40.0019874008101,-12.8126707577324));
#4669=CARTESIAN_POINT('',(13.5243973746201,-40.0052434619976,-12.692515688312));
#4670=CARTESIAN_POINT('',(13.5307826205799,-40.0084702175801,-12.5963984501693));
#4671=CARTESIAN_POINT('',(13.5352853970234,-40.0107467168659,-12.5363276599455));
#4672=CARTESIAN_POINT('',(13.5391938069519,-40.0127233812367,-12.4882890364875));
#4673=CARTESIAN_POINT('',(13.5417668190006,-40.0140249494994,-12.458244011616));
#4674=CARTESIAN_POINT('',(13.5438969676472,-40.015102661734,-12.4342667575643));
#4675=CARTESIAN_POINT('',(13.5455469769375,-40.0159375427343,-12.4161313128377));
#4676=CARTESIAN_POINT('',(13.5472406719869,-40.0167947001147,-12.3979477113926));
#4677=CARTESIAN_POINT('',(13.5495503222701,-40.0179638126693,-12.3737130506575));
#4678=CARTESIAN_POINT('',(13.5525369995893,-40.0194760926031,-12.3434048291857));
#4679=CARTESIAN_POINT('',(13.557527217643,-40.0220039767029,-12.2948951745956));
#4680=CARTESIAN_POINT('',(13.564162865507,-40.0253677242643,-12.2342226521693));
#4681=CARTESIAN_POINT('',(13.5727640684537,-40.0297323680381,-12.1613674745455));
#4682=CARTESIAN_POINT('',(13.5820057214951,-40.0344271580618,-12.088470182544));
#4683=CARTESIAN_POINT('',(13.5918897441961,-40.039454020274,-12.0155375631129));
#4684=CARTESIAN_POINT('',(13.6024180275978,-40.0448148452563,-11.9425762940553));
#4685=CARTESIAN_POINT('',(13.6117300284938,-40.0495620454143,-11.8817569578417));
#4686=CARTESIAN_POINT('',(13.6195035702726,-40.0535286046702,-11.833094033599));
#4687=CARTESIAN_POINT('',(13.6254959668305,-40.0565881694938,-11.7965937074716));
#4688=CARTESIAN_POINT('',(13.6316506229093,-40.0597324962582,-11.7600921843024));
#4689=CARTESIAN_POINT('',(13.6369155228466,-40.0624239028067,-11.7296706084247));
#4690=CARTESIAN_POINT('',(13.6412077635946,-40.0646190991805,-11.7053391319268));
#4691=CARTESIAN_POINT('',(13.6444706933677,-40.06628838307,-11.6870743206503));
#4692=CARTESIAN_POINT('',(13.6477628926933,-40.067973149777,-11.6688716132919));
#4693=CARTESIAN_POINT('',(13.6511388483906,-40.0697013204197,-11.6504375291488));
#4694=CARTESIAN_POINT('',(13.6543952487581,-40.0713687702332,-11.6328683391072));
#4695=CARTESIAN_POINT('',(13.657735210184,-40.0730794817039,-11.6150545280403));
#4696=CARTESIAN_POINT('',(13.6611044253011,-40.074805698961,-11.5972934092627));
#4697=CARTESIAN_POINT('',(13.6656551289272,-40.0771379787881,-11.5735767830008));
#4698=CARTESIAN_POINT('',(13.6714443317966,-40.0801064440412,-11.5439140171217));
#4699=CARTESIAN_POINT('',(13.6785560742073,-40.0837556060269,-11.5082772137571));
#4700=CARTESIAN_POINT('',(13.6858323563373,-40.0874919774241,-11.4726039618103));
#4701=CARTESIAN_POINT('',(13.6957544986855,-40.0925910021011,-11.4249908564719));
#4702=CARTESIAN_POINT('',(13.7085718258879,-40.0991859230978,-11.3653861161161));
#4703=CARTESIAN_POINT('',(13.7246207362533,-40.1074583127059,-11.2937266868486));
#4704=CARTESIAN_POINT('',(13.7469162191852,-40.1189722635344,-11.1980132013517));
#4705=CARTESIAN_POINT('',(13.7705662436657,-40.1312214967958,-11.1020645098733));
#4706=CARTESIAN_POINT('',(13.7955887576949,-40.1442239610503,-11.0059139915786));
#4707=CARTESIAN_POINT('',(13.8150462929694,-40.1543568295529,-10.9337087791768));
#4708=CARTESIAN_POINT('',(13.8351988464465,-40.1648750871504,-10.8614199346318));
#4709=CARTESIAN_POINT('',(13.856050733943,-40.17578304849,-10.7890562946066));
#4710=CARTESIAN_POINT('',(13.8740136285292,-40.1852013163357,-10.7286984402402));
#4711=CARTESIAN_POINT('',(13.8887378560904,-40.1929350214319,-10.6803837780611));
#4712=CARTESIAN_POINT('',(13.8999584583592,-40.19883534198,-10.64413488005));
#4713=CARTESIAN_POINT('',(13.9094573993597,-40.2038361532026,-10.6139172357657));
#4714=CARTESIAN_POINT('',(13.9171455368797,-40.207887207843,-10.5897385761213));
#4715=CARTESIAN_POINT('',(13.922957050688,-40.2109512171558,-10.5715998885553));
#4716=CARTESIAN_POINT('',(13.9288105588441,-40.214039168679,-10.5534671135505));
#4717=CARTESIAN_POINT('',(13.9347191894287,-40.2171580325065,-10.5353011378185));
#4718=CARTESIAN_POINT('',(13.9406342261072,-40.2202820840531,-10.5172487000389));
#4719=CARTESIAN_POINT('',(13.946737784355,-40.2235076297833,-10.4987628530594));
#4720=CARTESIAN_POINT('',(13.9523504953612,-40.2264755451796,-10.4818855444457));
#4721=CARTESIAN_POINT('',(13.9581507922059,-40.2295444904109,-10.4645610771436));
#4722=CARTESIAN_POINT('',(13.9639570262319,-40.2326184995244,-10.4473404716257));
#4723=CARTESIAN_POINT('',(13.9698180048902,-40.2357234220642,-10.4300762873685));
#4724=CARTESIAN_POINT('',(13.9757207919725,-40.238852470745,-10.4128082155729));
#4725=CARTESIAN_POINT('',(13.9836516944326,-40.2430592952457,-10.3897651105636));
#4726=CARTESIAN_POINT('',(13.9936769314393,-40.2483821401771,-10.3609324534841));
#4727=CARTESIAN_POINT('',(14.0058873133118,-40.2548736646826,-10.3262864927722));
#4728=CARTESIAN_POINT('',(14.0224088487662,-40.2636688533613,-10.2800319873617));
#4729=CARTESIAN_POINT('',(14.0435149263501,-40.2749271877554,-10.2221045294456));
#4730=CARTESIAN_POINT('',(14.0652321317912,-40.2865435893538,-10.1640403979343));
#4731=CARTESIAN_POINT('',(14.0829759486343,-40.2960549132193,-10.1175125244583));
#4732=CARTESIAN_POINT('',(14.0964696062239,-40.3032983047426,-10.0825798887128));
#4733=CARTESIAN_POINT('',(14.1078700488488,-40.3094268495295,-10.0534394180849));
#4734=CARTESIAN_POINT('',(14.1170837823974,-40.3143852748413,-10.0301109355324));
#4735=CARTESIAN_POINT('',(14.124042072083,-40.3181326383092,-10.0126037821715));
#4736=CARTESIAN_POINT('',(14.1310435790887,-40.3219060138351,-9.99509790140537));
#4737=CARTESIAN_POINT('',(14.1381067071627,-40.3257153961122,-9.9775488597354));
#4738=CARTESIAN_POINT('',(14.1451632267867,-40.3295239520635,-9.96012341685572));
#4739=CARTESIAN_POINT('',(14.1524682640726,-40.3334696310912,-9.94220006273163));
#4740=CARTESIAN_POINT('',(14.159070154374,-40.3370380789465,-9.92609917856059));
#4741=CARTESIAN_POINT('',(14.1659213202236,-40.3407437853168,-9.90948331533343));
#4742=CARTESIAN_POINT('',(14.1727667564873,-40.3444490885615,-9.89297904166144));
#4743=CARTESIAN_POINT('',(14.1796749845218,-40.3481910689082,-9.8764187282562));
#4744=CARTESIAN_POINT('',(14.1866278468299,-40.3519599898835,-9.85984752781591));
#4745=CARTESIAN_POINT('',(14.1959645500591,-40.3570248558535,-9.83772238542854));
#4746=CARTESIAN_POINT('',(14.2077569811925,-40.3634290259908,-9.81001717859403));
#4747=CARTESIAN_POINT('',(14.2221045480426,-40.3712327045132,-9.77669223107705));
#4748=CARTESIAN_POINT('',(14.2414981347769,-40.3817972936949,-9.7321570917724));
#4749=CARTESIAN_POINT('',(14.2662373919426,-40.3953055815143,-9.6763009960866));
#4750=CARTESIAN_POINT('',(14.2916477479024,-40.4092253655405,-9.62020700511129));
#4751=CARTESIAN_POINT('',(14.3123835927483,-40.4206129700904,-9.57519608269016));
#4752=CARTESIAN_POINT('',(14.328140361609,-40.4292807133664,-9.54137205033979));
#4753=CARTESIAN_POINT('',(14.3414430917048,-40.4366108966283,-9.51313130874492));
#4754=CARTESIAN_POINT('',(14.3521883502631,-40.4425394499118,-9.49050880332633));
#4755=CARTESIAN_POINT('',(14.3603009712222,-40.4470193218553,-9.47352315032045));
#4756=CARTESIAN_POINT('',(14.3684593164336,-40.4515283063329,-9.4565354583072));
#4757=CARTESIAN_POINT('',(14.3766939557255,-40.4560834259625,-9.43948401759904));
#4758=CARTESIAN_POINT('',(14.3848914596375,-40.4606218317839,-9.42260035280819));
#4759=CARTESIAN_POINT('',(14.393475871801,-40.4653787926384,-9.4050215046082));
#4760=CARTESIAN_POINT('',(14.4008653412883,-40.4694769762581,-9.38996922378701));
#4761=CARTESIAN_POINT('',(14.408643016235,-40.4737936395057,-9.37420086613342));
#4762=CARTESIAN_POINT('',(14.4163849523864,-40.4780939807065,-9.3585856176065));
#4763=CARTESIAN_POINT('',(14.4242049999175,-40.4824411709893,-9.34289091412135));
#4764=CARTESIAN_POINT('',(14.4320729239829,-40.486818549113,-9.32717937325173));
#4765=CARTESIAN_POINT('',(14.4426384062008,-40.4927015646566,-9.30618640582766));
#4766=CARTESIAN_POINT('',(14.4559812596065,-40.5001402942549,-9.27987309062612));
#4767=CARTESIAN_POINT('',(14.4722134760002,-40.5092052010305,-9.24818067621121));
#4768=CARTESIAN_POINT('',(14.494152439542,-40.5214781842784,-9.20577290194666));
#4769=CARTESIAN_POINT('',(14.5165388791322,-40.5340342014077,-9.16314225590625));
#4770=CARTESIAN_POINT('',(14.5393792704208,-40.5468797455261,-9.12029780475632));
#4771=CARTESIAN_POINT('',(14.556738162112,-40.556660291321,-9.08805987302224));
#4772=CARTESIAN_POINT('',(14.5743273235354,-40.5665888767354,-9.05571959566939));
#4773=CARTESIAN_POINT('',(14.5921482003966,-40.5766670240151,-9.02327964462933));
#4774=CARTESIAN_POINT('',(14.6071939353173,-40.5851917841684,-8.9961643214778));
#4775=CARTESIAN_POINT('',(14.6193470896914,-40.5920874735229,-8.97442622182885));
#4776=CARTESIAN_POINT('',(14.6285236168361,-40.5972991958861,-8.9580945227255));
#4777=CARTESIAN_POINT('',(14.6377490755601,-40.602543695363,-8.94175744842134));
#4778=CARTESIAN_POINT('',(14.647072219169,-40.607848882468,-8.92533106022891));
#4779=CARTESIAN_POINT('',(14.6563119754412,-40.6131115045942,-8.90913023078751));
#4780=CARTESIAN_POINT('',(14.6661450900201,-40.618717871717,-8.89198128820951));
#4781=CARTESIAN_POINT('',(14.6740468614033,-40.6232272053909,-8.87826594035918));
#4782=CARTESIAN_POINT('',(14.6825478925534,-40.628082326074,-8.86356978718023));
#4783=CARTESIAN_POINT('',(14.6909704656504,-40.6328969857479,-8.84907610233273));
#4784=CARTESIAN_POINT('',(14.6994965233837,-40.6377750304004,-8.83446828361954));
#4785=CARTESIAN_POINT('',(14.7080776900667,-40.6426890013498,-8.81983157726093));
#4786=CARTESIAN_POINT('',(14.7196103777086,-40.6492990893851,-8.80024778154474));
#4787=CARTESIAN_POINT('',(14.7341898549638,-40.6576668528786,-8.77565497014366));
#4788=CARTESIAN_POINT('',(14.7519517651998,-40.6678800902407,-8.74596126000762));
#4789=CARTESIAN_POINT('',(14.769981802301,-40.6782671257537,-8.71608936142429));
#4790=CARTESIAN_POINT('',(14.7882824095333,-40.6888303256553,-8.68604199399331));
#4791=CARTESIAN_POINT('',(14.8068558086232,-40.6995719321398,-8.65582232586289));
#4792=CARTESIAN_POINT('',(14.825704284764,-40.7104942255573,-8.62543347526836));
#4793=CARTESIAN_POINT('',(14.8448301189332,-40.7215994857905,-8.59487863071305));
#4794=CARTESIAN_POINT('',(14.8642355704336,-40.7328899813641,-8.56416107198614));
#4795=CARTESIAN_POINT('',(14.880641771048,-40.7424550372202,-8.53843015297782));
#4796=CARTESIAN_POINT('',(14.8939087069376,-40.7502019153853,-8.51776756901294));
#4797=CARTESIAN_POINT('',(14.9039305980513,-40.7560600214908,-8.50223150919121));
#4798=CARTESIAN_POINT('',(14.9140227732581,-40.7619653652677,-8.48665929235403));
#4799=CARTESIAN_POINT('',(14.9241918687035,-40.7679219724455,-8.47104182643587));
#4800=CARTESIAN_POINT('',(14.9344144626485,-40.7739161676554,-8.4554151058256));
#4801=CARTESIAN_POINT('',(14.9447793240433,-40.7800003447825,-8.43964685725481));
#4802=CARTESIAN_POINT('',(14.9549565172548,-40.7859803220849,-8.42423281299124));
#4803=CARTESIAN_POINT('',(14.9661787344715,-40.7925821512509,-8.40732497227567));
#4804=CARTESIAN_POINT('',(14.9738468612438,-40.7970975259405,-8.39582228247873));
#4805=CARTESIAN_POINT('',(14.9825934319271,-40.8022515164157,-8.38274375220625));
#4806=CARTESIAN_POINT('',(14.9911777682437,-40.8073145478563,-8.36996067596112));
#4807=CARTESIAN_POINT('',(14.9999329183908,-40.8124827187227,-8.3569723954005));
#4808=CARTESIAN_POINT('',(15.0087702559779,-40.8177040981149,-8.34391382462911));
#4809=CARTESIAN_POINT('',(15.0177141449147,-40.8229932177171,-8.33074958812649));
#4810=CARTESIAN_POINT('',(15.0267586806621,-40.8283468064012,-8.31748994410407));
#4811=CARTESIAN_POINT('',(15.0389551865487,-40.8355728773404,-8.29968062331304));
#4812=CARTESIAN_POINT('',(15.0544581214627,-40.8447710013625,-8.27717876757014));
#4813=CARTESIAN_POINT('',(15.0734776587885,-40.8560778029051,-8.24979690042978));
#4814=CARTESIAN_POINT('',(15.0929171721066,-40.8676576540182,-8.22204084530937));
#4815=CARTESIAN_POINT('',(15.1127807765249,-40.8795146598263,-8.19391601900078));
#4816=CARTESIAN_POINT('',(15.1330725949793,-40.8916529469079,-8.16542802503518));
#4817=CARTESIAN_POINT('',(15.1537968103219,-40.9040766935281,-8.13658257713369));
#4818=CARTESIAN_POINT('',(15.1749575939722,-40.9167900858112,-8.10738559518501));
#4819=CARTESIAN_POINT('',(15.1929590400382,-40.9276295583408,-8.08276669081644));
#4820=CARTESIAN_POINT('',(15.2075825542069,-40.936450106353,-8.06290213515627));
#4821=CARTESIAN_POINT('',(15.2186625657199,-40.9431409418666,-8.04791892536059));
#4822=CARTESIAN_POINT('',(15.2298528102488,-40.9499061083871,-8.03285522654371));
#4823=CARTESIAN_POINT('',(15.2411639015,-40.9567522798465,-8.01769865647556));
#4824=CARTESIAN_POINT('',(15.2525587784442,-40.96365710494,-8.00249925286703));
#4825=CARTESIAN_POINT('',(15.2641783335391,-40.9707065770023,-7.98707411620726));
#4826=CARTESIAN_POINT('',(15.2754993307969,-40.9775823468122,-7.97210973259726));
#4827=CARTESIAN_POINT('',(15.2884771049292,-40.985475101138,-7.95504803996041));
#4828=CARTESIAN_POINT('',(15.2958168463357,-40.9899437353867,-7.9454398407502));
#4829=CARTESIAN_POINT('',(15.3049399104404,-40.9955016650512,-7.93352720332462));
#4830=CARTESIAN_POINT('',(15.3138590461314,-41.0009408191652,-7.92192644419595));
#4831=CARTESIAN_POINT('',(15.3231080563764,-41.0065862200453,-7.90993825475017));
#4832=CARTESIAN_POINT('',(15.3325452555996,-41.0123521245744,-7.89775178965174));
#4833=CARTESIAN_POINT('',(15.3422099782617,-41.0182628780295,-7.88531818836939));
#4834=CARTESIAN_POINT('',(15.3520930858297,-41.0243133561535,-7.872652402566));
#4835=CARTESIAN_POINT('',(15.3655668766551,-41.0325706701782,-7.85545235506924));
#4836=CARTESIAN_POINT('',(15.3794861041104,-41.0411144793234,-7.83778862580011));
#4837=CARTESIAN_POINT('',(15.3938556331364,-41.0499495772976,-7.81966740589666));
#4838=CARTESIAN_POINT('',(15.4048593452331,-41.0567228804136,-7.80584916867725));
#4839=CARTESIAN_POINT('',(15.4160898069093,-41.0636437386296,-7.79180656500116));
#4840=CARTESIAN_POINT('',(15.4275521702622,-41.0707158185144,-7.77753657130865));
#4841=CARTESIAN_POINT('',(15.4392330529325,-41.0779312886103,-7.76305877979329));
#4842=CARTESIAN_POINT('',(15.4511883475109,-41.0853253234298,-7.74830853217987));
#4843=CARTESIAN_POINT('',(15.4632154845063,-41.0927726748928,-7.73353579165673));
#4844=CARTESIAN_POINT('',(15.4760765693201,-41.1007468808349,-7.71781652358654));
#4845=CARTESIAN_POINT('',(15.4869335695948,-41.1074868577513,-7.70460830297294));
#4846=CARTESIAN_POINT('',(15.4974440174967,-41.1140187151087,-7.69186981000439));
#4847=CARTESIAN_POINT('',(15.5080721383634,-41.1206310711052,-7.67904036866959));
#4848=CARTESIAN_POINT('',(15.522234883474,-41.1294522771091,-7.66201244605437));
#4849=CARTESIAN_POINT('',(15.5399992771285,-41.1405349424185,-7.64078188575091));
#4850=CARTESIAN_POINT('',(15.5578235549111,-41.1516790572638,-7.6196495925881));
#4851=CARTESIAN_POINT('',(15.5721244921582,-41.1606346428537,-7.60279612064766));
#4852=CARTESIAN_POINT('',(15.5828645498681,-41.1673674305745,-7.59018959967452));
#4853=CARTESIAN_POINT('',(15.5936426236322,-41.1741312160386,-7.57758944969648));
#4854=CARTESIAN_POINT('',(15.604370199774,-41.1808701794213,-7.5650974635026));
#4855=CARTESIAN_POINT('',(15.6153773999221,-41.1877924290087,-7.55233402755573));
#4856=CARTESIAN_POINT('',(15.6254319789366,-41.1941210791787,-7.54071614794999));
#4857=CARTESIAN_POINT('',(15.6391325229444,-41.20275529133,-7.52495575768183));
#4858=CARTESIAN_POINT('',(15.6517270092965,-41.2107046721479,-7.51054179587984));
#4859=CARTESIAN_POINT('',(15.6644876151888,-41.2187693716759,-7.49600216155628));
#4860=CARTESIAN_POINT('',(15.6770723538995,-41.2267338824667,-7.48172996563373));
#4861=CARTESIAN_POINT('',(15.689571767737,-41.2346548568839,-7.46761854442584));
#4862=CARTESIAN_POINT('',(15.7019605194842,-41.2425160382151,-7.45369515472623));
#4863=CARTESIAN_POINT('',(15.7142443331457,-41.2503207183907,-7.43995118099518));
#4864=CARTESIAN_POINT('',(15.7304794076041,-41.2606490611641,-7.4218664230442));
#4865=CARTESIAN_POINT('',(15.7505035188671,-41.2734120718911,-7.3997076869129));
#4866=CARTESIAN_POINT('',(15.7740941875167,-41.2884852472562,-7.37382501782668));
#4867=CARTESIAN_POINT('',(15.7972405148337,-41.3033098751287,-7.34864205786439));
#4868=CARTESIAN_POINT('',(15.8199364886225,-41.3178799525417,-7.3241509477945));
#4869=CARTESIAN_POINT('',(15.8421763100765,-41.3321896772927,-7.30034390793655));
#4870=CARTESIAN_POINT('',(15.863954334284,-41.3462334088249,-7.27721330465055));
#4871=CARTESIAN_POINT('',(15.8852651430031,-41.360005714872,-7.25475157812133));
#4872=CARTESIAN_POINT('',(15.9026302714671,-41.3712519592314,-7.23658483904334));
#4873=CARTESIAN_POINT('',(15.9162837677742,-41.3801081726541,-7.22237836156967));
#4874=CARTESIAN_POINT('',(15.9264032538467,-41.3866788546622,-7.2118867877866));
#4875=CARTESIAN_POINT('',(15.9364043824502,-41.3931793360532,-7.20155468577117));
#4876=CARTESIAN_POINT('',(15.9462756863024,-41.3996019086335,-7.1913921712598));
#4877=CARTESIAN_POINT('',(15.9560571315343,-41.4059725034252,-7.18135734065825));
#4878=CARTESIAN_POINT('',(15.9655967572741,-41.4121915409046,-7.17160249395843));
#4879=CARTESIAN_POINT('',(15.9754589374698,-41.4186279047361,-7.16155519138402));
#4880=CARTESIAN_POINT('',(15.9835346935597,-41.4239021961445,-7.15334780456974));
#4881=CARTESIAN_POINT('',(15.9976921815176,-41.4331597422402,-7.13901825586553));
#4882=CARTESIAN_POINT('',(16.0101538530265,-41.4413208182832,-7.12646996329548));
#4883=CARTESIAN_POINT('',(16.0230031231285,-41.4497459596747,-7.11358450795738));
#4884=CARTESIAN_POINT('',(16.0356811752312,-41.4580700448078,-7.10092881484574));
#4885=CARTESIAN_POINT('',(16.0483371815436,-41.4663903455909,-7.08835027461306));
#4886=CARTESIAN_POINT('',(16.0609306161879,-41.4746802423633,-7.07588907600422));
#4887=CARTESIAN_POINT('',(16.0734717821739,-41.4829463135673,-7.06353375465708));
#4888=CARTESIAN_POINT('',(16.0901192596085,-41.4939329114819,-7.04720430279769));
#4889=CARTESIAN_POINT('',(16.1107904015414,-41.5076009327681,-7.0270599080957));
#4890=CARTESIAN_POINT('',(16.1353707366102,-41.5238944802395,-7.00331067560984));
#4891=CARTESIAN_POINT('',(16.1597228953833,-41.5400767573326,-6.97998096123642));
#4892=CARTESIAN_POINT('',(16.1838436129623,-41.556144513021,-6.95706645181622));
#4893=CARTESIAN_POINT('',(16.2077297407602,-41.5720945944902,-6.93456280199221));
#4894=CARTESIAN_POINT('',(16.2313781715639,-41.5879238975656,-6.91246570934145));
#4895=CARTESIAN_POINT('',(16.2547858945586,-41.6036294035057,-6.89077086443909));
#4896=CARTESIAN_POINT('',(16.2740891870959,-41.6166116312829,-6.87302354723928));
#4897=CARTESIAN_POINT('',(16.289408646074,-41.6269326547499,-6.85902245999876));
#4898=CARTESIAN_POINT('',(16.300835869866,-41.6346403960852,-6.84861987772085));
#4899=CARTESIAN_POINT('',(16.3122020993734,-41.6423159334407,-6.83831347012631));
#4900=CARTESIAN_POINT('',(16.3235004839688,-41.6499544956477,-6.82810846980844));
#4901=CARTESIAN_POINT('',(16.3347549433041,-41.6575722383947,-6.8179828642506));
#4902=CARTESIAN_POINT('',(16.345874564771,-41.6651072254686,-6.80801634132578));
#4903=CARTESIAN_POINT('',(16.357197016454,-41.6727889833366,-6.79790904370229));
#4904=CARTESIAN_POINT('',(16.3674604977175,-41.6797593014375,-6.78877760595087));
#4905=CARTESIAN_POINT('',(16.3813725237624,-41.6892194762917,-6.77645225193724));
#4906=CARTESIAN_POINT('',(16.3942697760611,-41.6980024778048,-6.76508222861381));
#4907=CARTESIAN_POINT('',(16.4074014403884,-41.7069565624788,-6.75355533140621));
#4908=CARTESIAN_POINT('',(16.4204324543344,-41.7158540965618,-6.74216915704759));
#4909=CARTESIAN_POINT('',(16.4334522557495,-41.7247557325452,-6.73084354707689));
#4910=CARTESIAN_POINT('',(16.4464365414075,-41.7336448799803,-6.7195995611296));
#4911=CARTESIAN_POINT('',(16.459391483861,-41.7425256456696,-6.70843114039447));
#4912=CARTESIAN_POINT('',(16.476622979131,-41.7543535874948,-6.69364226068488));
#4913=CARTESIAN_POINT('',(16.4980844443727,-41.7691140522906,-6.67534630082303));
#4914=CARTESIAN_POINT('',(16.5237111581398,-41.7867851778067,-6.65369302297767));
#4915=CARTESIAN_POINT('',(16.5492088801567,-41.8044128951591,-6.63233889406054));
#4916=CARTESIAN_POINT('',(16.5830311449544,-41.8278559434292,-6.60426209085438));
#4917=CARTESIAN_POINT('',(16.6165874364522,-41.8512041908728,-6.57677301445043));
#4918=CARTESIAN_POINT('',(16.6498699388825,-41.8744498479083,-6.54986114970303));
#4919=CARTESIAN_POINT('',(16.6746932449523,-41.8918310598287,-6.52996305593242));
#4920=CARTESIAN_POINT('',(16.6952616205517,-41.9062691736216,-6.5136178078814));
#4921=CARTESIAN_POINT('',(16.7116463251683,-41.9177921083311,-6.50068099840491));
#4922=CARTESIAN_POINT('',(16.7238956874878,-41.9264175117021,-6.49105078861284));
#4923=CARTESIAN_POINT('',(16.7361217128318,-41.935037269126,-6.48148029848142));
#4924=CARTESIAN_POINT('',(16.7482639071468,-41.9436084476502,-6.47201555871561));
#4925=CARTESIAN_POINT('',(16.760547082473,-41.9522902923645,-6.46248314838549));
#4926=CARTESIAN_POINT('',(16.7721311602348,-41.9604874313947,-6.45352874615383));
#4927=CARTESIAN_POINT('',(16.7861503287165,-41.9704207931689,-6.4427410854564));
#4928=CARTESIAN_POINT('',(16.7994913187739,-41.9798874662299,-6.43252697768722));
#4929=CARTESIAN_POINT('',(16.8129880760265,-41.9894774671275,-6.42224122830969));
#4930=CARTESIAN_POINT('',(16.8264169033215,-41.9990324573007,-6.41205641808524));
#4931=CARTESIAN_POINT('',(16.8398374670911,-42.0085945978844,-6.40192603015462));
#4932=CARTESIAN_POINT('',(16.8576990168914,-42.0213383521484,-6.38850753734579));
#4933=CARTESIAN_POINT('',(16.8799742582109,-42.0372636776453,-6.3718925668003));
#4934=CARTESIAN_POINT('',(16.906617235975,-42.0563633806152,-6.35220814631087));
#4935=CARTESIAN_POINT('',(16.933172218699,-42.0754514720574,-6.33277476401085));
#4936=CARTESIAN_POINT('',(16.9596374987518,-42.0945263086257,-6.31359071548403));
#4937=CARTESIAN_POINT('',(16.9948030532738,-42.1199398469529,-6.28834186521427));
#4938=CARTESIAN_POINT('',(17.0297834620764,-42.1453211053392,-6.26358408036931));
#4939=CARTESIAN_POINT('',(17.0645729797059,-42.1706643529386,-6.23930984090731));
#4940=CARTESIAN_POINT('',(17.0905684287501,-42.189651501583,-6.22134394218409));
#4941=CARTESIAN_POINT('',(17.1121490836964,-42.2054557039926,-6.20657092431361));
#4942=CARTESIAN_POINT('',(17.1293647168649,-42.2180881623789,-6.19486995952343));
#4943=CARTESIAN_POINT('',(17.1422489736782,-42.2275547749511,-6.18615460744659));
#4944=CARTESIAN_POINT('',(17.1551172199334,-42.2370220874695,-6.17749171525885));
#4945=CARTESIAN_POINT('',(17.1679256465389,-42.2464576529855,-6.16890985530448));
#4946=CARTESIAN_POINT('',(17.1808370373259,-42.2559818330996,-6.16030122162609));
#4947=CARTESIAN_POINT('',(17.1932430777181,-42.2651446400149,-6.15206703674947));
#4948=CARTESIAN_POINT('',(17.20741326051,-42.2756246816394,-6.14270878687149));
#4949=CARTESIAN_POINT('',(17.2210906537546,-42.2857551254945,-6.13372468243905));
#4950=CARTESIAN_POINT('',(17.2348798034996,-42.2959824013001,-6.12471306096562));
#4951=CARTESIAN_POINT('',(17.2486185324386,-42.3061866975918,-6.11578132469282));
#4952=CARTESIAN_POINT('',(17.2623500836771,-42.3163999104349,-6.10690048751576));
#4953=CARTESIAN_POINT('',(17.2806336347875,-42.3300178324464,-6.09513723704141));
#4954=CARTESIAN_POINT('',(17.3034475729085,-42.3470456700285,-6.08057402465829));
#4955=CARTESIAN_POINT('',(17.3307560735988,-42.3674849295352,-6.06332360958228));
#4956=CARTESIAN_POINT('',(17.3670756551094,-42.394744088527,-6.04062124288554));
#4957=CARTESIAN_POINT('',(17.4122997930507,-42.4288276054248,-6.01279910467208));
#4958=CARTESIAN_POINT('',(17.4572825818292,-42.4629162862895,-5.98570852916023));
#4959=CARTESIAN_POINT('',(17.49311944731,-42.4901857872093,-5.96446932567402));
#4960=CARTESIAN_POINT('',(17.5199214193698,-42.5106361718848,-5.94875505439053));
#4961=CARTESIAN_POINT('',(17.5421920589879,-42.5276755173926,-5.93583810614125));
#4962=CARTESIAN_POINT('',(17.5599702409448,-42.5413054968804,-5.92561034026516));
#4963=CARTESIAN_POINT('',(17.5732825070682,-42.5515254977745,-5.91799338411396));
#4964=CARTESIAN_POINT('',(17.5865817056869,-42.5617494031348,-5.91042542129299));
#4965=CARTESIAN_POINT('',(17.5998360324367,-42.571952596991,-5.90292389329846));
#4966=CARTESIAN_POINT('',(17.613163608179,-42.5822263612805,-5.89542282136959));
#4967=CARTESIAN_POINT('',(17.6261229647908,-42.592229395182,-5.88816758999739));
#4968=CARTESIAN_POINT('',(17.640361069563,-42.603234835704,-5.88024154960325));
#4969=CARTESIAN_POINT('',(17.6542402067144,-42.6139786477163,-5.87256174214143));
#4970=CARTESIAN_POINT('',(17.6681990425024,-42.6247993702683,-5.86488228705088));
#4971=CARTESIAN_POINT('',(17.6821198836008,-42.6356061382146,-5.85726890489136));
#4972=CARTESIAN_POINT('',(17.6960340964284,-42.6464231324581,-5.84970383206437));
#4973=CARTESIAN_POINT('',(17.7145661964622,-42.6608506323161,-5.83968757373664));
#4974=CARTESIAN_POINT('',(17.7376983219186,-42.6788977536279,-5.82729624447601));
#4975=CARTESIAN_POINT('',(17.7654014903772,-42.7005724794692,-5.81263291558533));
#4976=CARTESIAN_POINT('',(17.8022645036339,-42.7294955213488,-5.79335513125048));
#4977=CARTESIAN_POINT('',(17.8482008542335,-42.7656906290663,-5.76976793156547));
#4978=CARTESIAN_POINT('',(17.8939411667527,-42.8019346412786,-5.74685374752389));
#4979=CARTESIAN_POINT('',(17.930412080883,-42.8309554903704,-5.72892200382096));
#4980=CARTESIAN_POINT('',(17.9577037904129,-42.8527331207994,-5.71567189007149));
#4981=CARTESIAN_POINT('',(17.9803945955787,-42.8708901441423,-5.70479495841951));
#4982=CARTESIAN_POINT('',(17.9985161236731,-42.8854212837276,-5.69619145586839));
#4983=CARTESIAN_POINT('',(18.0120898218335,-42.8963208494124,-5.68978852804603));
#4984=CARTESIAN_POINT('',(18.025653211429,-42.9072273792404,-5.68343185704405));
#4985=CARTESIAN_POINT('',(18.0391789693306,-42.918118754443,-5.67713372553504));
#4986=CARTESIAN_POINT('',(18.0527685964124,-42.9290770446512,-5.67084763483194));
#4987=CARTESIAN_POINT('',(18.0660427633483,-42.9397954411509,-5.66474648520294));
#4988=CARTESIAN_POINT('',(18.0804166409423,-42.9514184635411,-5.65818436093745));
#4989=CARTESIAN_POINT('',(18.0944843054145,-42.9628110516467,-5.65180763774445));
#4990=CARTESIAN_POINT('',(18.108622343981,-42.9742772151598,-5.6454430280311));
#4991=CARTESIAN_POINT('',(18.1227297258267,-42.9857353697573,-5.6391368700825));
#4992=CARTESIAN_POINT('',(18.1368333832592,-42.9972072393024,-5.63287665992207));
#4993=CARTESIAN_POINT('',(18.1556235604091,-43.0125134681304,-5.62459529296438));
#4994=CARTESIAN_POINT('',(18.1790878918528,-43.0316690790474,-5.61436432879457));
#4995=CARTESIAN_POINT('',(18.2072054856175,-43.054690419169,-5.60228040427072));
#4996=CARTESIAN_POINT('',(18.2446422480489,-43.0854310298395,-5.58642511876015));
#4997=CARTESIAN_POINT('',(18.2913359607781,-43.1239399461181,-5.56708575206494));
#4998=CARTESIAN_POINT('',(18.3471987056671,-43.1702775507555,-5.54464114791471));
#4999=CARTESIAN_POINT('',(18.4028856129462,-43.2167359369419,-5.5229541900259));
#5000=CARTESIAN_POINT('',(18.4583906622594,-43.2633090833535,-5.50201980275337));
#5001=CARTESIAN_POINT('',(18.5321470064646,-43.3255517148802,-5.47510384221431));
#5002=CARTESIAN_POINT('',(18.6055160180539,-43.3880002508984,-5.4496723049022));
#5003=CARTESIAN_POINT('',(18.6784748129231,-43.4506318059557,-5.42570387890615));
#5004=CARTESIAN_POINT('',(18.7329831977752,-43.497691382038,-5.40845367804257));
#5005=CARTESIAN_POINT('',(18.7872754701394,-43.5448314537122,-5.39192407865673));
#5006=CARTESIAN_POINT('',(18.8323340586317,-43.5841770890522,-5.37874537849947));
#5007=CARTESIAN_POINT('',(18.8682680797495,-43.6156889849517,-5.36855698129001));
#5008=CARTESIAN_POINT('',(18.8906775693896,-43.6353966055007,-5.36233682242259));
#5009=CARTESIAN_POINT('',(18.9085794334252,-43.6511736767182,-5.35744780712907));
#5010=CARTESIAN_POINT('',(18.9219822033691,-43.6630024170243,-5.35382730027103));
#5011=CARTESIAN_POINT('',(18.9354047818251,-43.6748655866065,-5.35024160198966));
#5012=CARTESIAN_POINT('',(18.9486837010271,-43.6866182807979,-5.34673326146543));
#5013=CARTESIAN_POINT('',(18.9624289118042,-43.6988011422422,-5.34314299048087));
#5014=CARTESIAN_POINT('',(18.9760392568173,-43.7108821314357,-5.3396297186948));
#5015=CARTESIAN_POINT('',(18.989675651275,-43.72300365147,-5.33615084770056));
#5016=CARTESIAN_POINT('',(19.007834970939,-43.7391690212751,-5.3315733061069));
#5017=CARTESIAN_POINT('',(19.0305179873472,-43.7594051043951,-5.3259586434023));
#5018=CARTESIAN_POINT('',(19.0667646592683,-43.7918350163257,-5.31720663054435));
#5019=CARTESIAN_POINT('',(19.1119900070925,-43.832473209759,-5.30669872111378));
#5020=CARTESIAN_POINT('',(19.1661213118566,-43.8813941840065,-5.2947792856718));
#5021=CARTESIAN_POINT('',(19.22010921359,-43.9304659612903,-5.28354799813043));
#5022=CARTESIAN_POINT('',(19.2918954880935,-43.9960896952098,-5.26948803665296));
#5023=CARTESIAN_POINT('',(19.381246256819,-44.0784728280026,-5.25362409318263));
#5024=CARTESIAN_POINT('',(19.4878190295897,-44.1778613027019,-5.23730893389211));
#5025=CARTESIAN_POINT('',(19.5760591695426,-44.2610952511479,-5.22596678114371));
#5026=CARTESIAN_POINT('',(19.6462913349255,-44.3279108903401,-5.21823636249906));
#5027=CARTESIAN_POINT('',(19.6900322431564,-44.3697616629291,-5.21396264984607));
#5028=CARTESIAN_POINT('',(19.7249315628685,-44.4032959526449,-5.21087708665671));
#5029=CARTESIAN_POINT('',(19.7510554503044,-44.4284697028575,-5.20872953184138));
#5030=CARTESIAN_POINT('',(19.7727941187452,-44.449477627074,-5.20707775843395));
#5031=CARTESIAN_POINT('',(19.7901403948411,-44.4662766640991,-5.20584056087631));
#5032=CARTESIAN_POINT('',(19.8031931065691,-44.4789357522118,-5.20495049490883));
#5033=CARTESIAN_POINT('',(19.8160224460118,-44.4913958982605,-5.20411548458968));
#5034=CARTESIAN_POINT('',(19.833194883345,-44.5080976102776,-5.2030506191254));
#5035=CARTESIAN_POINT('',(19.8546173700667,-44.5289771479684,-5.20182195629998));
#5036=CARTESIAN_POINT('',(19.8803076087021,-44.5540869850887,-5.20050792404709));
#5037=CARTESIAN_POINT('',(19.9145195505147,-44.5876204743579,-5.19897110065382));
#5038=CARTESIAN_POINT('',(19.95721360218,-44.6296451049097,-5.19745324413356));
#5039=CARTESIAN_POINT('',(20.0253638432733,-44.6971054890266,-5.19588591556376));
#5040=CARTESIAN_POINT('',(20.1102425818719,-44.781836637887,-5.19554305049235));
#5041=CARTESIAN_POINT('',(20.2115691481713,-44.8841296831172,-5.19772209099332));
#5042=CARTESIAN_POINT('',(20.3123348818451,-44.9870054761369,-5.2024950977266));
#5043=CARTESIAN_POINT('',(20.3958114409101,-45.0731934088035,-5.20863648768138));
#5044=CARTESIAN_POINT('',(20.4622789443095,-45.1424017915512,-5.21484879814456));
#5045=CARTESIAN_POINT('',(20.5036874098573,-45.1857615780092,-5.21927300609708));
#5046=CARTESIAN_POINT('',(20.5367307260241,-45.2205088417821,-5.22313716629315));
#5047=CARTESIAN_POINT('',(20.5614738946088,-45.2466016010146,-5.22619810738235));
#5048=CARTESIAN_POINT('',(20.5820500561115,-45.2683614866957,-5.22888315960498));
#5049=CARTESIAN_POINT('',(20.5985072437941,-45.2858025038062,-5.23111495953795));
#5050=CARTESIAN_POINT('',(20.6107910572515,-45.2988390162377,-5.23282253425188));
#5051=CARTESIAN_POINT('',(20.6232484035669,-45.3120785397659,-5.23459703563545));
#5052=CARTESIAN_POINT('',(20.6397882661873,-45.3296822145539,-5.23701056536819));
#5053=CARTESIAN_POINT('',(20.6604704948006,-45.3517418835644,-5.24013596701477));
#5054=CARTESIAN_POINT('',(20.6852569305237,-45.3782548709328,-5.24405442968553));
#5055=CARTESIAN_POINT('',(20.7182772146005,-45.4136763317178,-5.24950573572931));
#5056=CARTESIAN_POINT('',(20.7594909641587,-45.4580769450338,-5.25674499056396));
#5057=CARTESIAN_POINT('',(20.8252983045229,-45.5293789527753,-5.26923961721171));
#5058=CARTESIAN_POINT('',(20.9072919331451,-45.6189827425024,-5.28657566893299));
#5059=CARTESIAN_POINT('',(21.0052217574904,-45.7272317094183,-5.31015319820507));
#5060=CARTESIAN_POINT('',(21.0864120096851,-45.8180103652415,-5.3321336780072));
#5061=CARTESIAN_POINT('',(21.1510936444602,-45.8909561956181,-5.35112947515747));
#5062=CARTESIAN_POINT('',(21.1994645364521,-45.9458219684889,-5.36608488888858));
#5063=CARTESIAN_POINT('',(21.2396524853527,-45.9916696034411,-5.37914056812197));
#5064=CARTESIAN_POINT('',(21.2717275144346,-46.0284207372316,-5.38994214780139));
#5065=CARTESIAN_POINT('',(21.2957457129775,-46.0560202313037,-5.39822227742339));
#5066=CARTESIAN_POINT('',(21.3197242282283,-46.0836541000206,-5.4066813151601));
#5067=CARTESIAN_POINT('',(21.3396757262468,-46.1067139385239,-5.413881032711));
#5068=CARTESIAN_POINT('',(21.3556114895623,-46.1251725869578,-5.41972869084916));
#5069=CARTESIAN_POINT('',(21.3675677187236,-46.1390419281562,-5.42416501724568));
#5070=CARTESIAN_POINT('',(21.3794582124676,-46.1528549107442,-5.42862508930443));
#5071=CARTESIAN_POINT('',(21.3915459226184,-46.1669179302782,-5.43320985352217));
#5072=CARTESIAN_POINT('',(21.4028486905851,-46.1800866246294,-5.43754259809655));
#5073=CARTESIAN_POINT('',(21.4143586929797,-46.1935152321859,-5.44199947838899));
#5074=CARTESIAN_POINT('',(21.425810079708,-46.2068944970899,-5.44647988680751));
#5075=CARTESIAN_POINT('',(21.4410947063142,-46.2247774069865,-5.45252105100331));
#5076=CARTESIAN_POINT('',(21.460187015523,-46.2471625576652,-5.46018247187646));
#5077=CARTESIAN_POINT('',(21.4830891564296,-46.2740903158127,-5.46955816731107));
#5078=CARTESIAN_POINT('',(21.5059782958649,-46.3010786833091,-5.47911534135541));
#5079=CARTESIAN_POINT('',(21.5364801435765,-46.3371445280909,-5.49210186175519));
#5080=CARTESIAN_POINT('',(21.5745731457779,-46.3823768534121,-5.50879374167964));
#5081=CARTESIAN_POINT('',(21.6202241152255,-46.4368899640642,-5.52956491628057));
#5082=CARTESIAN_POINT('',(21.6810030974087,-46.509878394924,-5.55825676133488));
#5083=CARTESIAN_POINT('',(21.7416363925558,-46.5833110333967,-5.58845756701788));
#5084=CARTESIAN_POINT('',(21.8020987418259,-46.657162619738,-5.62019390820528));
#5085=CARTESIAN_POINT('',(21.8473535280777,-46.7127542809031,-5.64477044882942));
#5086=CARTESIAN_POINT('',(21.8925097575299,-46.768542331953,-5.67012773455744));
#5087=CARTESIAN_POINT('',(21.9375607369101,-46.8245200810806,-5.69627214380061));
#5088=CARTESIAN_POINT('',(21.9750098240261,-46.8713205952477,-5.71872032169374));
#5089=CARTESIAN_POINT('',(22.0049096331891,-46.9088490275475,-5.73707869277961));
#5090=CARTESIAN_POINT('',(22.0273037899982,-46.9370383666133,-5.75104808897507));
#5091=CARTESIAN_POINT('',(22.0459395865908,-46.9605649985322,-5.76285728219331));
#5092=CARTESIAN_POINT('',(22.0608314646345,-46.9794062573648,-5.77240535254019));
#5093=CARTESIAN_POINT('',(22.0719937033625,-46.9935493917206,-5.77961808099586));
#5094=CARTESIAN_POINT('',(22.0831417426428,-47.007695135345,-5.78687759498986));
#5095=CARTESIAN_POINT('',(22.0943033182662,-47.0218789255363,-5.79420269879807));
#5096=CARTESIAN_POINT('',(22.105374341156,-47.0359679185072,-5.80152362468786));
#5097=CARTESIAN_POINT('',(22.1167427536851,-47.0504573739656,-5.80910119626642));
#5098=CARTESIAN_POINT('',(22.1269601947097,-47.0634984161385,-5.8159624415105));
#5099=CARTESIAN_POINT('',(22.1374860280633,-47.0769507696541,-5.8230797027631));
#5100=CARTESIAN_POINT('',(22.1479290658862,-47.0903159705376,-5.83019264726145));
#5101=CARTESIAN_POINT('',(22.1583939692035,-47.1037274234803,-5.83737123351841));
#5102=CARTESIAN_POINT('',(22.1688525510927,-47.1171492430098,-5.84459692859464));
#5103=CARTESIAN_POINT('',(22.1827987008699,-47.1350713610383,-5.85430085393343));
#5104=CARTESIAN_POINT('',(22.2002290655066,-47.1575172734025,-5.86655872756216));
#5105=CARTESIAN_POINT('',(22.2211422282342,-47.1845224282411,-5.88147516425876));
#5106=CARTESIAN_POINT('',(22.24902021913,-47.2206207145887,-5.90164109287002));
#5107=CARTESIAN_POINT('',(22.2838537267495,-47.2659127313778,-5.92737187381759));
#5108=CARTESIAN_POINT('',(22.3186615978632,-47.3114232748398,-5.95380886655976));
#5109=CARTESIAN_POINT('',(22.3464883178601,-47.3479586465853,-5.97538724991835));
#5110=CARTESIAN_POINT('',(22.3673473895497,-47.3754224306062,-5.99178659509551));
#5111=CARTESIAN_POINT('',(22.3847202366703,-47.3983603360667,-6.0056336635397));
#5112=CARTESIAN_POINT('',(22.398611384279,-47.4167399575798,-6.01681987379539));
#5113=CARTESIAN_POINT('',(22.4090279594233,-47.4305417433758,-6.02526557283698));
#5114=CARTESIAN_POINT('',(22.4194347990366,-47.4443500363043,-6.03376091266013));
#5115=CARTESIAN_POINT('',(22.4298610877336,-47.4582038296115,-6.04233065393539));
#5116=CARTESIAN_POINT('',(22.4401971969491,-47.4719568727665,-6.05088307427665));
#5117=CARTESIAN_POINT('',(22.450851611951,-47.4861543302687,-6.05976121998341));
#5118=CARTESIAN_POINT('',(22.4602991715466,-47.4987609459648,-6.06768554333385));
#5119=CARTESIAN_POINT('',(22.4700766492376,-47.5118243761715,-6.07593626270673));
#5120=CARTESIAN_POINT('',(22.479772075573,-47.5247957611018,-6.08417062649255));
#5121=CARTESIAN_POINT('',(22.489495639631,-47.5378219683631,-6.09248075281097));
#5122=CARTESIAN_POINT('',(22.4992176332995,-47.5508634660624,-6.10084224993777));
#5123=CARTESIAN_POINT('',(22.512188485771,-47.5682862938038,-6.1120684431298));
#5124=CARTESIAN_POINT('',(22.5284121917052,-47.5901220558929,-6.12624308168558));
#5125=CARTESIAN_POINT('',(22.5478971153933,-47.6164172902204,-6.14348271194769));
#5126=CARTESIAN_POINT('',(22.5738967341478,-47.6515982685459,-6.16677753916875));
#5127=CARTESIAN_POINT('',(22.5999235449171,-47.6869579227924,-6.19053903201699));
#5128=CARTESIAN_POINT('',(22.6259722188344,-47.7224909114717,-6.21477417288514));
#5129=CARTESIAN_POINT('',(22.6455183017507,-47.7492259647412,-6.23318909492998));
#5130=CARTESIAN_POINT('',(22.665072634855,-47.7760450167913,-6.25184436358815));
#5131=CARTESIAN_POINT('',(22.684633694452,-47.8029464880436,-6.27074157081048));
#5132=CARTESIAN_POINT('',(22.7009394607453,-47.8254325156586,-6.28669275734466));
#5133=CARTESIAN_POINT('',(22.7139853032738,-47.8434601277092,-6.29957566041466));
#5134=CARTESIAN_POINT('',(22.7237726509916,-47.8570035782195,-6.30930162480532));
#5135=CARTESIAN_POINT('',(22.7335524838642,-47.8705552363887,-6.31908102546468));
#5136=CARTESIAN_POINT('',(22.7433632956493,-47.8841688131435,-6.32895374546261));
#5137=CARTESIAN_POINT('',(22.7530605076619,-47.89764291427,-6.33877189104354));
#5138=CARTESIAN_POINT('',(22.7631828500606,-47.9117283148731,-6.34908843955402));
#5139=CARTESIAN_POINT('',(22.7717188835536,-47.9236222114044,-6.35784065839164));
#5140=CARTESIAN_POINT('',(22.7806948528395,-47.9361439485093,-6.3670930976533));
#5141=CARTESIAN_POINT('',(22.7895675798523,-47.9485378380999,-6.37629293427463));
#5142=CARTESIAN_POINT('',(22.7984823537483,-47.9610061094734,-6.38558866254039));
#5143=CARTESIAN_POINT('',(22.8074000087294,-47.9734943462894,-6.39494088091863));
#5144=CARTESIAN_POINT('',(22.8193076273886,-47.9901909359093,-6.40750031187495));
#5145=CARTESIAN_POINT('',(22.834217920928,-48.0111378151879,-6.42336222709736));
#5146=CARTESIAN_POINT('',(22.8521518689857,-48.0363970437236,-6.44266110201604));
#5147=CARTESIAN_POINT('',(22.8761163342421,-48.0702367752652,-6.46874809803078));
#5148=CARTESIAN_POINT('',(22.9001565047744,-48.1043146527349,-6.49537277927642));
#5149=CARTESIAN_POINT('',(22.9242654419321,-48.1386237179287,-6.52254443705839));
#5150=CARTESIAN_POINT('',(22.9423797591789,-48.1644693395459,-6.54319899464034));
#5151=CARTESIAN_POINT('',(22.9605249576666,-48.1904270733423,-6.56413175872595));
#5152=CARTESIAN_POINT('',(22.9786990326429,-48.2164948263912,-6.58534481634271));
#5153=CARTESIAN_POINT('',(22.9938672373113,-48.2383089901762,-6.60325862940397));
#5154=CARTESIAN_POINT('',(23.0060133950117,-48.2558120354837,-6.61773091877015));
#5155=CARTESIAN_POINT('',(23.0151320431904,-48.2689699800654,-6.62866032797234));
#5156=CARTESIAN_POINT('',(23.0242453625787,-48.2821378316243,-6.63964777872279));
#5157=CARTESIAN_POINT('',(23.03340613518,-48.2953923813435,-6.65075903702231));
#5158=CARTESIAN_POINT('',(23.0424161620621,-48.3084457885019,-6.66174992390271));
#5159=CARTESIAN_POINT('',(23.0520140175447,-48.322371185395,-6.67353312175161));
#5160=CARTESIAN_POINT('',(23.0594421540481,-48.3331624343287,-6.68270381051808));
#5161=CARTESIAN_POINT('',(23.0674849478461,-48.3448590603779,-6.69267942380803));
#5162=CARTESIAN_POINT('',(23.0753959681824,-48.3563783174198,-6.7025448163107));
#5163=CARTESIAN_POINT('',(23.083374849979,-48.368009953042,-6.71254574553039));
#5164=CARTESIAN_POINT('',(23.0913677562574,-48.3796759949691,-6.7226169429016));
#5165=CARTESIAN_POINT('',(23.102062288778,-48.3953037888153,-6.7361628156118));
#5166=CARTESIAN_POINT('',(23.1154909414247,-48.414962097002,-6.75330602621646));
#5167=CARTESIAN_POINT('',(23.1317024502822,-48.4387513574516,-6.7742221655695));
#5168=CARTESIAN_POINT('',(23.1480079004689,-48.4627363922727,-6.79548522534962));
#5169=CARTESIAN_POINT('',(23.1644049963016,-48.4869149946585,-6.81709899787206));
#5170=CARTESIAN_POINT('',(23.1808911465813,-48.5112845498055,-6.83906698151734));
#5171=CARTESIAN_POINT('',(23.1974637787857,-48.5358424907337,-6.86139276508848));
#5172=CARTESIAN_POINT('',(23.2141202634528,-48.5605861894158,-6.88407993707564));
#5173=CARTESIAN_POINT('',(23.2308578994296,-48.5855129334185,-6.90713205837336));
#5174=CARTESIAN_POINT('',(23.2448713544709,-48.606435593229,-6.92664938986837));
#5175=CARTESIAN_POINT('',(23.2561198255395,-48.6232623152288,-6.94244916287301));
#5176=CARTESIAN_POINT('',(23.2645750875113,-48.6359269173398,-6.95439299729322));
#5177=CARTESIAN_POINT('',(23.2730472454411,-48.648633218846,-6.96642884943029));
#5178=CARTESIAN_POINT('',(23.2815421677726,-48.6613902738222,-6.97856632855683));
#5179=CARTESIAN_POINT('',(23.2900362477071,-48.6741625814485,-6.99077169867737));
#5180=CARTESIAN_POINT('',(23.2986158796836,-48.6870809266183,-7.00317301035212));
#5181=CARTESIAN_POINT('',(23.306956909766,-48.6996554875986,-7.01529451468686));
#5182=CARTESIAN_POINT('',(23.316267357522,-48.7137125646903,-7.02891387534192));
#5183=CARTESIAN_POINT('',(23.3220370780283,-48.7224345578349,-7.03739890629659));
#5184=CARTESIAN_POINT('',(23.328838476863,-48.7327246344976,-7.04743641862381));
#5185=CARTESIAN_POINT('',(23.3354457430504,-48.7427324579447,-7.05723566576308));
#5186=CARTESIAN_POINT('',(23.3421866829877,-48.7529531757193,-7.06727746478763));
#5187=CARTESIAN_POINT('',(23.3489728027298,-48.7632534550501,-7.07743397837473));
#5188=CARTESIAN_POINT('',(23.3558271445601,-48.7736683523792,-7.08774046512664));
#5189=CARTESIAN_POINT('',(23.3627428580573,-48.784187799477,-7.09818849577736));
#5190=CARTESIAN_POINT('',(23.3720471525017,-48.7983557856247,-7.11231228473674));
#5191=CARTESIAN_POINT('',(23.3838313767525,-48.8163291862142,-7.1303295726698));
#5192=CARTESIAN_POINT('',(23.3982144149089,-48.8383146998981,-7.15253746873632));
#5193=CARTESIAN_POINT('',(23.4128346714311,-48.8607128515031,-7.17533908690566));
#5194=CARTESIAN_POINT('',(23.4276873714585,-48.8835188784454,-7.19874125848788));
#5195=CARTESIAN_POINT('',(23.4427675683684,-48.906727829361,-7.22275086066802));
#5196=CARTESIAN_POINT('',(23.4580701960943,-48.9303346448718,-7.24737489600356));
#5197=CARTESIAN_POINT('',(23.4735899949358,-48.9543340432654,-7.27262036764677));
#5198=CARTESIAN_POINT('',(23.4866997853071,-48.9746564108687,-7.29418229266045));
#5199=CARTESIAN_POINT('',(23.4972905678335,-48.9911048500316,-7.31174940713277));
#5200=CARTESIAN_POINT('',(23.505285103946,-49.0035368127462,-7.32508562301989));
#5201=CARTESIAN_POINT('',(23.5133276124324,-49.0160593574036,-7.33857882917394));
#5202=CARTESIAN_POINT('',(23.521427752216,-49.0286880544516,-7.35224798889342));
#5203=CARTESIAN_POINT('',(23.5295460334004,-49.0413613424518,-7.3660266629793));
#5204=CARTESIAN_POINT('',(23.5378263684964,-49.0543055085587,-7.38016719558783));
#5205=CARTESIAN_POINT('',(23.5457281516949,-49.0666725199295,-7.39373222560704));
#5206=CARTESIAN_POINT('',(23.5552653901387,-49.0816237171979,-7.41022445451304));
#5207=CARTESIAN_POINT('',(23.5589180991544,-49.0873572087618,-7.41657606277333));
#5208=CARTESIAN_POINT('',(23.564483114826,-49.0960955878874,-7.42626878609508));
#5209=CARTESIAN_POINT('',(23.569869172099,-49.1045617118204,-7.43569325646249));
#5210=CARTESIAN_POINT('',(23.5756343931612,-49.1136314563653,-7.44581980149775));
#5211=CARTESIAN_POINT('',(23.5816268903862,-49.1230677971288,-7.45639179544666));
#5212=CARTESIAN_POINT('',(23.5878848615536,-49.1329317253417,-7.46748144928563));
#5213=CARTESIAN_POINT('',(23.5943956011923,-49.1432044984948,-7.47907329236111));
#5214=CARTESIAN_POINT('',(23.6034139395267,-49.1574487897418,-7.49520816710076));
#5215=CARTESIAN_POINT('',(23.6153163045043,-49.1762787193684,-7.51666285477187));
#5216=CARTESIAN_POINT('',(23.6305668152623,-49.2004624041841,-7.54445427034737));
#5217=CARTESIAN_POINT('',(23.6468356240392,-49.2263272057004,-7.57445513698038));
#5218=CARTESIAN_POINT('',(23.6610013202748,-49.2489095883898,-7.60090267669863));
#5219=CARTESIAN_POINT('',(23.673182578915,-49.2683724259472,-7.62388335669902));
#5220=CARTESIAN_POINT('',(23.6817834079181,-49.2821345056572,-7.64022135992359));
#5221=CARTESIAN_POINT('',(23.6901104526359,-49.2954766829298,-7.65614037707792));
#5222=CARTESIAN_POINT('',(23.6980978101625,-49.3082918419014,-7.67150628038849));
#5223=CARTESIAN_POINT('',(23.705767120906,-49.3206126594812,-7.68634930569447));
#5224=CARTESIAN_POINT('',(23.7155662679067,-49.3363748453909,-7.70542488619685));
#5225=CARTESIAN_POINT('',(23.7247337449618,-49.3511482974108,-7.72342390888875));
#5226=CARTESIAN_POINT('',(23.7332803771177,-49.3649437182193,-7.740330770369));
#5227=CARTESIAN_POINT('',(23.7393818835829,-49.3748028332556,-7.75246005044071));
#5228=CARTESIAN_POINT('',(23.7451802490792,-49.3841815949533,-7.7640408702408));
#5229=CARTESIAN_POINT('',(23.7506671554134,-49.3930649926865,-7.77504814232979));
#5230=CARTESIAN_POINT('',(23.7558848295414,-49.4015202525933,-7.78556058871965));
#5231=CARTESIAN_POINT('',(23.760686293468,-49.4093070923829,-7.79527020486515));
#5232=CARTESIAN_POINT('',(23.7656301682251,-49.417332351087,-7.80531309170222));
#5233=CARTESIAN_POINT('',(23.7686412020254,-49.4222212092146,-7.81143665461838));
#5234=CARTESIAN_POINT('',(23.7774733479916,-49.4365776727036,-7.82949996710601));
#5235=CARTESIAN_POINT('',(23.7846243706103,-49.4482189962523,-7.84423317617802));
#5236=CARTESIAN_POINT('',(23.7921053824224,-49.4604104312055,-7.85972644332931));
#5237=CARTESIAN_POINT('',(23.7993783980469,-49.4722779467555,-7.87488244820175));
#5238=CARTESIAN_POINT('',(23.8065884562098,-49.4840566245307,-7.88999386920687));
#5239=CARTESIAN_POINT('',(23.8136975770189,-49.495684358456,-7.90498095673614));
#5240=CARTESIAN_POINT('',(23.8207168102596,-49.5071786601455,-7.91986375906518));
#5241=CARTESIAN_POINT('',(23.8299531757362,-49.5223214291555,-7.93955960683847));
#5242=CARTESIAN_POINT('',(23.8412721406004,-49.5409112906823,-7.96390305637746));
#5243=CARTESIAN_POINT('',(23.8544974066036,-49.5626819286045,-7.99266406670418));
#5244=CARTESIAN_POINT('',(23.867370684382,-49.5839209631548,-8.02096659007089));
#5245=CARTESIAN_POINT('',(23.8798972303113,-49.6046336266626,-8.04880311021645));
#5246=CARTESIAN_POINT('',(23.8920822812511,-49.6248251632437,-8.07616642280759));
#5247=CARTESIAN_POINT('',(23.9039309831215,-49.6445007138395,-8.10304948782715));
#5248=CARTESIAN_POINT('',(23.9154484333023,-49.6636653884886,-8.12944553021555));
#5249=CARTESIAN_POINT('',(23.9247743783462,-49.6792142956616,-8.15103072640985));
#5250=CARTESIAN_POINT('',(23.9320745612256,-49.6914030982705,-8.16804907168615));
#5251=CARTESIAN_POINT('',(23.9374697007173,-49.7004196109904,-8.18068637358266));
#5252=CARTESIAN_POINT('',(23.9427867390425,-49.7093138128421,-8.19319957512171));
#5253=CARTESIAN_POINT('',(23.9480214164106,-49.7180781331482,-8.20557616258869));
#5254=CARTESIAN_POINT('',(23.953192459181,-49.7267436599472,-8.21785926726468));
#5255=CARTESIAN_POINT('',(23.9582327735726,-49.7351971636294,-8.22988438154661));
#5256=CARTESIAN_POINT('',(23.9633955279859,-49.7438639942304,-8.2422619784894));
#5257=CARTESIAN_POINT('',(23.9677386296139,-49.751159468231,-8.25271031695834));
#5258=CARTESIAN_POINT('',(23.9747807352903,-49.7630004236788,-8.26974160092196));
#5259=CARTESIAN_POINT('',(23.9810273240905,-49.773516971981,-8.28494855824271));
#5260=CARTESIAN_POINT('',(23.987415202174,-49.7842823971383,-8.30058321718952));
#5261=CARTESIAN_POINT('',(23.9936938048368,-49.7948755907501,-8.31604146146141));
#5262=CARTESIAN_POINT('',(23.9999307218166,-49.8054098394992,-8.33148448214094));
#5263=CARTESIAN_POINT('',(24.0061082938544,-49.8158552400427,-8.34686841470138));
#5264=CARTESIAN_POINT('',(24.0122317009799,-49.8262202518007,-8.36220433886722));
#5265=CARTESIAN_POINT('',(24.0203227832017,-49.8399306770657,-8.38258340972061));
#5266=CARTESIAN_POINT('',(24.0303005720645,-49.8568654376475,-8.40792879928099));
#5267=CARTESIAN_POINT('',(24.0420587965644,-49.8768643285973,-8.43813307369181));
#5268=CARTESIAN_POINT('',(24.0536047840446,-49.8965433278869,-8.46812331294302));
#5269=CARTESIAN_POINT('',(24.0649413270115,-49.9159052164094,-8.49789554869136));
#5270=CARTESIAN_POINT('',(24.0760712273276,-49.9349527975084,-8.52744593191627));
#5271=CARTESIAN_POINT('',(24.086997281186,-49.9536888730664,-8.55677070434346));
#5272=CARTESIAN_POINT('',(24.0977222325826,-49.9721161628398,-8.58586606206982));
#5273=CARTESIAN_POINT('',(24.1082489698769,-49.9902376464573,-8.61472872452086));
#5274=CARTESIAN_POINT('',(24.1168579796432,-50.005085667417,-8.63858294564688));
#5275=CARTESIAN_POINT('',(24.1236494569319,-50.0168150232551,-8.65754826457563));
#5276=CARTESIAN_POINT('',(24.1286933384986,-50.0255340272346,-8.67170645072276));
#5277=CARTESIAN_POINT('',(24.1336967987253,-50.034190924967,-8.68582423893302));
#5278=CARTESIAN_POINT('',(24.1386265177755,-50.0427276115434,-8.6998042231913));
#5279=CARTESIAN_POINT('',(24.1436085034738,-50.0513626334859,-8.71400808818822));
#5280=CARTESIAN_POINT('',(24.1481740720442,-50.0592819373009,-8.72708399213093));
#5281=CARTESIAN_POINT('',(24.1540739724734,-50.0695252121479,-8.74407513350647));
#5282=CARTESIAN_POINT('',(24.1595642869066,-50.0790675810249,-8.75998746525656));
#5283=CARTESIAN_POINT('',(24.1651125638552,-50.0887198236562,-8.77615870718263));
#5284=CARTESIAN_POINT('',(24.170593796328,-50.0982649673461,-8.79223000420916));
#5285=CARTESIAN_POINT('',(24.1760417341559,-50.1077613935306,-8.80829704800179));
#5286=CARTESIAN_POINT('',(24.1832496306082,-50.1203379630236,-8.82967956024227));
#5287=CARTESIAN_POINT('',(24.1921604776484,-50.1359087205657,-8.85634718413499));
#5288=CARTESIAN_POINT('',(24.2026950349335,-50.1543524169892,-8.88824398251997));
#5289=CARTESIAN_POINT('',(24.213073296132,-50.1725574025247,-8.92003519333811));
#5290=CARTESIAN_POINT('',(24.2232968417176,-50.1905251671809,-8.95171794192676));
#5291=CARTESIAN_POINT('',(24.2367242641001,-50.2141682388999,-8.99381379986048));
#5292=CARTESIAN_POINT('',(24.2498491340368,-50.2373437893799,-9.03568301705164));
#5293=CARTESIAN_POINT('',(24.2626782555504,-50.2600586029813,-9.07731592202933));
#5294=CARTESIAN_POINT('',(24.2721539953788,-50.276866169132,-9.10842033682315));
#5295=CARTESIAN_POINT('',(24.2799298949557,-50.2906830466993,-9.13423776730762));
#5296=CARTESIAN_POINT('',(24.2860796379437,-50.3016246399513,-9.15483055979045));
#5297=CARTESIAN_POINT('',(24.2906553948009,-50.3097728130328,-9.17023987711102));
#5298=CARTESIAN_POINT('',(24.2952000075173,-50.3178724644479,-9.1856316381573));
#5299=CARTESIAN_POINT('',(24.2996941925171,-50.3258889402388,-9.20093798756512));
#5300=CARTESIAN_POINT('',(24.3042109568007,-50.3339526349858,-9.21641096535677));
#5301=CARTESIAN_POINT('',(24.3084788344194,-50.3415779028026,-9.2311086188017));
#5302=CARTESIAN_POINT('',(24.3135119601267,-50.3505782106126,-9.24854508340037));
#5303=CARTESIAN_POINT('',(24.318295480292,-50.359140327605,-9.26522587684772));
#5304=CARTESIAN_POINT('',(24.3231015364039,-50.3677503193178,-9.28208700520696));
#5305=CARTESIAN_POINT('',(24.3278574237831,-50.3762781620542,-9.29887734065909));
#5306=CARTESIAN_POINT('',(24.3325828287078,-50.3847588941129,-9.31566381261992));
#5307=CARTESIAN_POINT('',(24.338836018639,-50.3959915638387,-9.33801641645162));
#5308=CARTESIAN_POINT('',(24.3465673387108,-50.4098979510325,-9.36591246660605));
#5309=CARTESIAN_POINT('',(24.3557090063666,-50.4263700591195,-9.39931070910876));
#5310=CARTESIAN_POINT('',(24.3647163821886,-50.4426284463311,-9.43263084332721));
#5311=CARTESIAN_POINT('',(24.3735907535064,-50.4586743436227,-9.465870633712));
#5312=CARTESIAN_POINT('',(24.3852477495319,-50.4797874129571,-9.51008069849602));
#5313=CARTESIAN_POINT('',(24.3966442204579,-50.500481012567,-9.55412238596382));
#5314=CARTESIAN_POINT('',(24.4077856199913,-50.5207605831062,-9.59798803745627));
#5315=CARTESIAN_POINT('',(24.4160155450836,-50.5357646915667,-9.6307975767591));
#5316=CARTESIAN_POINT('',(24.4227697172292,-50.5480976970915,-9.65806199609538));
#5317=CARTESIAN_POINT('',(24.428111592908,-50.5578631076944,-9.67982782446089));
#5318=CARTESIAN_POINT('',(24.4320866481126,-50.5651353854502,-9.69612576500528));
#5319=CARTESIAN_POINT('',(24.4360337497112,-50.572361979633,-9.7124107082201));
#5320=CARTESIAN_POINT('',(24.439940957292,-50.5795208178835,-9.72863116402269));
#5321=CARTESIAN_POINT('',(24.443853665768,-50.5866951242303,-9.74497833496071));
#5322=CARTESIAN_POINT('',(24.4476032674447,-50.5935751064634,-9.76073758578795));
#5323=CARTESIAN_POINT('',(24.451819830028,-50.6013177412357,-9.77857494901498));
#5324=CARTESIAN_POINT('',(24.4558731478725,-50.6087667453425,-9.79584231930388));
#5325=CARTESIAN_POINT('',(24.4599322363705,-50.6162320959227,-9.81324899532376));
#5326=CARTESIAN_POINT('',(24.4639519623619,-50.6236308903894,-9.83060467086099));
#5327=CARTESIAN_POINT('',(24.4679445673538,-50.6309854862104,-9.84796006187988));
#5328=CARTESIAN_POINT('',(24.4732277364911,-50.6407249470353,-9.87108185558258));
#5329=CARTESIAN_POINT('',(24.479758413122,-50.6527782123902,-9.89995681330488));
#5330=CARTESIAN_POINT('',(24.4874783216947,-50.6670482670464,-9.93455892073018));
#5331=CARTESIAN_POINT('',(24.4976171869546,-50.685818231006,-9.98063012956942));
#5332=CARTESIAN_POINT('',(24.5100037181774,-50.7088014946109,-10.0380930995981));
#5333=CARTESIAN_POINT('',(24.5220141200181,-50.7311524670249,-10.0953780572576));
#5334=CARTESIAN_POINT('',(24.5314007203287,-50.7486578148953,-10.1410932403583));
#5335=CARTESIAN_POINT('',(24.5383308307288,-50.7616001522217,-10.175321910946));
#5336=CARTESIAN_POINT('',(24.5440151445363,-50.7722305588066,-10.2037960986746));
#5337=CARTESIAN_POINT('',(24.5485088040306,-50.7806427880728,-10.2265458393043));
#5338=CARTESIAN_POINT('',(24.5518518336832,-50.7869052018198,-10.2435908133566));
#5339=CARTESIAN_POINT('',(24.5551695846465,-50.7931243857862,-10.2606278546813));
#5340=CARTESIAN_POINT('',(24.5584553846328,-50.7992876901213,-10.2776208470303));
#5341=CARTESIAN_POINT('',(24.5617347410197,-50.8054429403109,-10.2947038148825));
#5342=CARTESIAN_POINT('',(24.5649130519362,-50.8114122396145,-10.3113757410358));
#5343=CARTESIAN_POINT('',(24.5683439736643,-50.8178601056842,-10.3295056405552));
#5344=CARTESIAN_POINT('',(24.5716737838286,-50.8241221103012,-10.347238356353));
#5345=CARTESIAN_POINT('',(24.574997364941,-50.8303763891738,-10.3650707720123));
#5346=CARTESIAN_POINT('',(24.5782893974862,-50.8365753158446,-10.3828695498072));
#5347=CARTESIAN_POINT('',(24.581556766589,-50.8427317500101,-10.4006702008466));
#5348=CARTESIAN_POINT('',(24.5858780674642,-50.8508792437594,-10.424394021686));
#5349=CARTESIAN_POINT('',(24.5912150280937,-50.8609513714757,-10.4540347737803));
#5350=CARTESIAN_POINT('',(24.5975162280626,-50.8728583471105,-10.4895781587395));
#5351=CARTESIAN_POINT('',(24.6057813010076,-50.8884959963934,-10.5369343132213));
#5352=CARTESIAN_POINT('',(24.6158582675166,-50.9075977766101,-10.5960604762969));
#5353=CARTESIAN_POINT('',(24.6256005600817,-50.9261103458261,-10.6550865480783));
#5354=CARTESIAN_POINT('',(24.6331963244018,-50.9405696234265,-10.702242714068));
#5355=CARTESIAN_POINT('',(24.6387947524866,-50.9512392910652,-10.7375760148142));
#5356=CARTESIAN_POINT('',(24.6442956579464,-50.9617352105499,-10.7728756012791));
#5357=CARTESIAN_POINT('',(24.6487984716734,-50.9703364829211,-10.8022588982739));
#5358=CARTESIAN_POINT('',(24.6523536051654,-50.9771331428095,-10.8257540531566));
#5359=CARTESIAN_POINT('',(24.6549931684635,-50.9821821938472,-10.8433468479263));
#5360=CARTESIAN_POINT('',(24.6576195300685,-50.9872087513887,-10.8610033164696));
#5361=CARTESIAN_POINT('',(24.6601820999407,-50.9921158011736,-10.8783764657759));
#5362=CARTESIAN_POINT('',(24.662870176524,-50.9972659732745,-10.8967611844908));
#5363=CARTESIAN_POINT('',(24.665493490192,-51.0022948819373,-10.9148677533636));
#5364=CARTESIAN_POINT('',(24.6681030928208,-51.007300213375,-10.9330414244096));
#5365=CARTESIAN_POINT('',(24.6715462728008,-51.0139079818927,-10.9572396052266));
#5366=CARTESIAN_POINT('',(24.6757907213051,-51.0220600739088,-10.9874808756114));
#5367=CARTESIAN_POINT('',(24.6807867814266,-51.031665965409,-11.0237412294426));
#5368=CARTESIAN_POINT('',(24.6856868480502,-51.0410971635214,-11.0599760538318));
#5369=CARTESIAN_POINT('',(24.6920928134427,-51.0534394771739,-11.1082519713121));
#5370=CARTESIAN_POINT('',(24.69986287369,-51.0684328986864,-11.1685251757624));
#5371=CARTESIAN_POINT('',(24.7088118473902,-51.0857345699138,-11.2407296391148));
#5372=CARTESIAN_POINT('',(24.7159607068342,-51.0995811937179,-11.3007897967626));
#5373=CARTESIAN_POINT('',(24.7214971499347,-51.1103182555146,-11.3487686194558));
#5374=CARTESIAN_POINT('',(24.7248816124871,-51.1168872318273,-11.3787235771012));
#5375=CARTESIAN_POINT('',(24.7275445408102,-51.1220587590319,-11.4026730404435));
#5376=CARTESIAN_POINT('',(24.7295181054433,-51.1258929539531,-11.420614708286));
#5377=CARTESIAN_POINT('',(24.7314737677422,-51.1296937754231,-11.4385889926128));
#5378=CARTESIAN_POINT('',(24.7333903830019,-51.1334200005231,-11.4563961372638));
#5379=CARTESIAN_POINT('',(24.7353472633365,-51.1372259064661,-11.4747813743803));
#5380=CARTESIAN_POINT('',(24.7372652705504,-51.1409576981598,-11.4930099059919));
#5381=CARTESIAN_POINT('',(24.7391656492395,-51.1446566158658,-11.5112783884077));
#5382=CARTESIAN_POINT('',(24.7416685034161,-51.149530093759,-11.5356195984635));
#5383=CARTESIAN_POINT('',(24.744742539273,-51.1555192496898,-11.5660465485554));
#5384=CARTESIAN_POINT('',(24.7495436383403,-51.1648804419095,-11.6147160046712));
#5385=CARTESIAN_POINT('',(24.7553264149383,-51.1761687733841,-11.6755310409153));
#5386=CARTESIAN_POINT('',(24.7619183505281,-51.1890558882682,-11.748465141188));
#5387=CARTESIAN_POINT('',(24.7681655225097,-51.2012867769254,-11.8213481953611));
#5388=CARTESIAN_POINT('',(24.774070674379,-51.2128642751514,-11.8941745269387));
#5389=CARTESIAN_POINT('',(24.7787085290174,-51.2219692822063,-11.9548051361407));
#5390=CARTESIAN_POINT('',(24.7818082532177,-51.2280602641959,-11.9972226718274));
#5391=CARTESIAN_POINT('',(24.7835368019486,-51.231458373732,-12.0214400189673));
#5392=CARTESIAN_POINT('',(24.7848145879436,-51.2339711124978,-12.0396315236995));
#5393=CARTESIAN_POINT('',(24.7860627663338,-51.2364261854616,-12.0576907716746));
#5394=CARTESIAN_POINT('',(24.7877034902064,-51.2396538676599,-12.0818189818079));
#5395=CARTESIAN_POINT('',(24.7905028472529,-51.2451623092142,-12.124027538293));
#5396=CARTESIAN_POINT('',(24.7943018939684,-51.2526418823406,-12.1843520331542));
#5397=CARTESIAN_POINT('',(24.7985397769935,-51.2609914915216,-12.2567545305681));
#5398=CARTESIAN_POINT('',(24.8037639202898,-51.2712919477372,-12.3533085565266));
#5399=CARTESIAN_POINT('',(24.8094963627268,-51.2826082985318,-12.474014307667));
#5400=CARTESIAN_POINT('',(24.8169757365103,-51.2973975347212,-12.6671074513577));
#5401=CARTESIAN_POINT('',(24.8231698460591,-51.3096831905014,-12.9082829568807));
#5402=CARTESIAN_POINT('',(24.8248044773105,-51.3129422352359,-13.1007624678642));
#5403=CARTESIAN_POINT('',(24.8248044773105,-51.3129422352359,-13.1968240000003));
#5404=CARTESIAN_POINT('',(24.8248044768003,-51.3129422327524,-13.1968240000003));
#5405=CARTESIAN_POINT('',(24.8248044792838,-51.3129422332626,-13.1968240000003));
#5406=CARTESIAN_POINT('',(24.8248044792838,-51.3129422332626,-13.2607704372255));
#5407=CARTESIAN_POINT('',(24.8242601741961,-51.3118602053213,-13.3567656334481));
#5408=CARTESIAN_POINT('',(24.8224386377416,-51.3082462595322,-13.4848548882859));
#5409=CARTESIAN_POINT('',(24.82052298089,-51.3044485725595,-13.5809557116362));
#5410=CARTESIAN_POINT('',(24.8180563037266,-51.2995621435758,-13.6770763866314));
#5411=CARTESIAN_POINT('',(24.8155403916942,-51.2945816658369,-13.757181873672));
#5412=CARTESIAN_POINT('',(24.8132508287607,-51.2900515967708,-13.8212619390378));
#5413=CARTESIAN_POINT('',(24.8117043611829,-51.2869927694117,-13.8613091717864));
#5414=CARTESIAN_POINT('',(24.8103978755024,-51.284409221456,-13.893343241414));
#5415=CARTESIAN_POINT('',(24.8093832026002,-51.2824030321787,-13.9173696522539));
#5416=CARTESIAN_POINT('',(24.808509083202,-51.280674999002,-13.937382215507));
#5417=CARTESIAN_POINT('',(24.8077916033648,-51.2792567852649,-13.9534089610097));
#5418=CARTESIAN_POINT('',(24.8072470547339,-51.2781804676478,-13.9653800269017));
#5419=CARTESIAN_POINT('',(24.8066852531123,-51.2770701612084,-13.9775354451986));
#5420=CARTESIAN_POINT('',(24.8059271057406,-51.2755720231648,-13.9936812385279));
#5421=CARTESIAN_POINT('',(24.8045675505232,-51.2728860181731,-14.0219719086996));
#5422=CARTESIAN_POINT('',(24.8025359868244,-51.2688740848941,-14.0623877632205));
#5423=CARTESIAN_POINT('',(24.7999531442699,-51.263776693063,-14.1109173245227));
#5424=CARTESIAN_POINT('',(24.7963157964554,-51.2566029688941,-14.1756503811414));
#5425=CARTESIAN_POINT('',(24.7914045157629,-51.2469266564974,-14.2566175961794));
#5426=CARTESIAN_POINT('',(24.7849231920664,-51.2341760680636,-14.353842473327));
#5427=CARTESIAN_POINT('',(24.7778496943809,-51.2202820614636,-14.4511161938327));
#5428=CARTESIAN_POINT('',(24.7714581026616,-51.2077473410123,-14.5322049902299));
#5429=CARTESIAN_POINT('',(24.766044588267,-51.1971437123659,-14.5970842519247));
#5430=CARTESIAN_POINT('',(24.7625355997428,-51.1902760384499,-14.6376358070015));
#5431=CARTESIAN_POINT('',(24.7596529052095,-51.1846375408617,-14.6700765327595));
#5432=CARTESIAN_POINT('',(24.7574529008957,-51.1803360935313,-14.6944083730141));
#5433=CARTESIAN_POINT('',(24.7555884426541,-51.1766921617025,-14.7146796210603));
#5434=CARTESIAN_POINT('',(24.7542658111309,-51.1741079633071,-14.7288787313744));
#5435=CARTESIAN_POINT('',(24.7535066851749,-51.1726249819121,-14.7369774628432));
#5436=CARTESIAN_POINT('',(24.7529309882975,-51.171500447082,-14.7430935265728));
#5437=CARTESIAN_POINT('',(24.7523681186307,-51.1704010852759,-14.7490486981225));
#5438=CARTESIAN_POINT('',(24.7516091178313,-51.1689188234867,-14.7570464871797));
#5439=CARTESIAN_POINT('',(24.750274937818,-51.1663137374706,-14.771019307276));
#5440=CARTESIAN_POINT('',(24.7483436181845,-51.1625440152413,-14.7910026411024));
#5441=CARTESIAN_POINT('',(24.7459879503061,-51.1579482474834,-14.8149899533509));
#5442=CARTESIAN_POINT('',(24.742795149372,-51.1517224034224,-14.8469923131008));
#5443=CARTESIAN_POINT('',(24.7387068711282,-51.1437565236611,-14.8870261541328));
#5444=CARTESIAN_POINT('',(24.7319563385878,-51.1306175572808,-14.9511450935366));
#5445=CARTESIAN_POINT('',(24.7231228855097,-51.1134531312199,-15.0314087100711));
#5446=CARTESIAN_POINT('',(24.7118809123734,-51.0916612768513,-15.1278907556318));
#5447=CARTESIAN_POINT('',(24.7019700848162,-51.0724982924102,-15.2084147609785));
#5448=CARTESIAN_POINT('',(24.6937113900135,-51.0565615176173,-15.2728977232135));
#5449=CARTESIAN_POINT('',(24.6873512384715,-51.0443046290215,-15.32128937337));
#5450=CARTESIAN_POINT('',(24.6819117475405,-51.0338360428811,-15.3616382182564));
#5451=CARTESIAN_POINT('',(24.677475988339,-51.0253079190962,-15.3939295282859));
#5452=CARTESIAN_POINT('',(24.6741069492901,-51.0188350619502,-15.4181538172215));
#5453=CARTESIAN_POINT('',(24.6706955571716,-51.0122853089094,-15.4423835837743));
#5454=CARTESIAN_POINT('',(24.667817317641,-51.0067629771852,-15.4625793992895));
#5455=CARTESIAN_POINT('',(24.665493425376,-51.0023065491625,-15.4787384030171));
#5456=CARTESIAN_POINT('',(24.6640320737104,-50.9995051428457,-15.4888389298052));
#5457=CARTESIAN_POINT('',(24.6628577055245,-50.9972544657571,-15.4969195248874));
#5458=CARTESIAN_POINT('',(24.6619740969026,-50.9955613217284,-15.5029813256952));
#5459=CARTESIAN_POINT('',(24.6612360289702,-50.9941473021283,-15.5080296307001));
#5460=CARTESIAN_POINT('',(24.660717222516,-50.9931534815079,-15.5115702799745));
#5461=CARTESIAN_POINT('',(24.6604219679335,-50.9925879310111,-15.5135830511419));
#5462=CARTESIAN_POINT('',(24.660196017926,-50.992155150364,-15.5151221971463));
#5463=CARTESIAN_POINT('',(24.6599864960485,-50.9917538526547,-15.5165484003266));
#5464=CARTESIAN_POINT('',(24.6597011263653,-50.9912073049301,-15.5184895549991));
#5465=CARTESIAN_POINT('',(24.6592038497061,-50.9902549656719,-15.5218685270756));
#5466=CARTESIAN_POINT('',(24.6584903968666,-50.9888887914363,-15.5267061512494));
#5467=CARTESIAN_POINT('',(24.6576322166388,-50.9872457516492,-15.532508651453));
#5468=CARTESIAN_POINT('',(24.6564842401629,-50.9850482411168,-15.5402486966124));
#5469=CARTESIAN_POINT('',(24.6550427221468,-50.9822895058971,-15.5499268901761));
#5470=CARTESIAN_POINT('',(24.6527220908588,-50.9778498433433,-15.5654199594081));
#5471=CARTESIAN_POINT('',(24.6497946860229,-50.9722521993123,-15.5848005041939));
#5472=CARTESIAN_POINT('',(24.6462389455048,-50.9654578258768,-15.6080797398967));
#5473=CARTESIAN_POINT('',(24.6426401167844,-50.9585860252397,-15.6313811612432));
#5474=CARTESIAN_POINT('',(24.637783904205,-50.9493200623275,-15.6624788584109));
#5475=CARTESIAN_POINT('',(24.6316047125753,-50.9375428318254,-15.7014047260478));
#5476=CARTESIAN_POINT('',(24.6240134859657,-50.9230965966856,-15.7481989335674));
#5477=CARTESIAN_POINT('',(24.6136543811123,-50.9034143314063,-15.8106982631059));
#5478=CARTESIAN_POINT('',(24.602935272476,-50.883097338719,-15.8733523645809));
#5479=CARTESIAN_POINT('',(24.5918486249147,-50.8621380834918,-15.9361493332436));
#5480=CARTESIAN_POINT('',(24.5833480027812,-50.8460956437995,-15.9833154446049));
#5481=CARTESIAN_POINT('',(24.5746598844164,-50.8297283460676,-16.0305468632389));
#5482=CARTESIAN_POINT('',(24.5657824214187,-50.8130343418926,-16.0778404660477));
#5483=CARTESIAN_POINT('',(24.5582252169255,-50.7988488849147,-16.1173009852577));
#5484=CARTESIAN_POINT('',(24.5520829491415,-50.7873353342305,-16.1488973068948));
#5485=CARTESIAN_POINT('',(24.547427769205,-50.7786173516886,-16.1726080957485));
#5486=CARTESIAN_POINT('',(24.5435078645016,-50.7712831610341,-16.1923780372368));
#5487=CARTESIAN_POINT('',(24.5403474752899,-50.7653741729917,-16.2082003546641));
#5488=CARTESIAN_POINT('',(24.5379649219442,-50.7609215849831,-16.2200702261528));
#5489=CARTESIAN_POINT('',(24.5355700814475,-50.7564481263396,-16.2319431678026));
#5490=CARTESIAN_POINT('',(24.5335641109368,-50.752702814704,-16.2418398373515));
#5491=CARTESIAN_POINT('',(24.5319531751377,-50.7496961248139,-16.2497585966879));
#5492=CARTESIAN_POINT('',(24.5309437355442,-50.7478125244724,-16.254708581535));
#5493=CARTESIAN_POINT('',(24.5301347057656,-50.746303152217,-16.2586686009046));
#5494=CARTESIAN_POINT('',(24.5295269720706,-50.7451694628381,-16.2616397115952));
#5495=CARTESIAN_POINT('',(24.5290204789949,-50.7442247423817,-16.2641128796128));
#5496=CARTESIAN_POINT('',(24.5286644236956,-50.7435606802101,-16.265849883836));
#5497=CARTESIAN_POINT('',(24.5284626954798,-50.7431844626439,-16.2668335679783));
#5498=CARTESIAN_POINT('',(24.5283061990968,-50.7428926101852,-16.2675964480665));
#5499=CARTESIAN_POINT('',(24.5281693470154,-50.7426373997779,-16.2682633724428));
#5500=CARTESIAN_POINT('',(24.5279799462523,-50.7422842019632,-16.269186138282));
#5501=CARTESIAN_POINT('',(24.5276515303386,-50.74167179066,-16.2707855087686));
#5502=CARTESIAN_POINT('',(24.5271802206608,-50.7407929876485,-16.2730788534655));
#5503=CARTESIAN_POINT('',(24.5266146109054,-50.7397384636582,-16.2758279728499));
#5504=CARTESIAN_POINT('',(24.5258592077979,-50.7383302363677,-16.2794954793736));
#5505=CARTESIAN_POINT('',(24.5249131503796,-50.7365668686917,-16.2840809328297));
#5506=CARTESIAN_POINT('',(24.5233953729733,-50.7337384647103,-16.2914210565402));
#5507=CARTESIAN_POINT('',(24.5214905831002,-50.7301899893997,-16.3006020479355));
#5508=CARTESIAN_POINT('',(24.5191926484439,-50.7259109598473,-16.3116286835259));
#5509=CARTESIAN_POINT('',(24.5168824914161,-50.7216110432714,-16.3226646659349));
#5510=CARTESIAN_POINT('',(24.5137859230848,-50.7158499065988,-16.3373917125508));
#5511=CARTESIAN_POINT('',(24.5098844299282,-50.7085960375083,-16.3558236299786));
#5512=CARTESIAN_POINT('',(24.5051530298226,-50.6998071210739,-16.3779784561934));
#5513=CARTESIAN_POINT('',(24.4987778785352,-50.6879757278783,-16.4075663160751));
#5514=CARTESIAN_POINT('',(24.4906831436006,-50.6729740277376,-16.444640165373));
#5515=CARTESIAN_POINT('',(24.4807653529252,-50.6546292183218,-16.4892674991068));
#5516=CARTESIAN_POINT('',(24.4672657151923,-50.6297086749371,-16.548950499738));
#5517=CARTESIAN_POINT('',(24.4533465523971,-50.604091285496,-16.6088956490089));
#5518=CARTESIAN_POINT('',(24.4389966166297,-50.5777658020878,-16.6690871103315));
#5519=CARTESIAN_POINT('',(24.4280159806442,-50.5576648448743,-16.7143497856168));
#5520=CARTESIAN_POINT('',(24.4168143695851,-50.5372042520904,-16.7597274163652));
#5521=CARTESIAN_POINT('',(24.4053890031302,-50.5163812434113,-16.8052158044703));
#5522=CARTESIAN_POINT('',(24.3956790932963,-50.4987244146493,-16.843211538171));
#5523=CARTESIAN_POINT('',(24.3877965236762,-50.4844149796233,-16.8736592027997));
#5524=CARTESIAN_POINT('',(24.3818269321268,-50.4735905739357,-16.8965199405109));
#5525=CARTESIAN_POINT('',(24.3768039329036,-50.4644930085314,-16.9155909199177));
#5526=CARTESIAN_POINT('',(24.3727563591949,-50.4571684496048,-16.9308596418434));
#5527=CARTESIAN_POINT('',(24.3697060479126,-50.4516517323381,-16.9423170866504));
#5528=CARTESIAN_POINT('',(24.3666410677289,-50.4461116829037,-16.9537803470554));
#5529=CARTESIAN_POINT('',(24.3640746432031,-50.4414754693773,-16.9633379060896));
#5530=CARTESIAN_POINT('',(24.3620141508695,-50.437754833733,-16.970986700883));
#5531=CARTESIAN_POINT('',(24.3607232046401,-50.4354244445791,-16.9757685946255));
#5532=CARTESIAN_POINT('',(24.3596887340449,-50.4335574460137,-16.9795943091723));
#5533=CARTESIAN_POINT('',(24.3589115819149,-50.4321550560278,-16.9824653209597));
#5534=CARTESIAN_POINT('',(24.3582643713743,-50.4309873176681,-16.9848537443554));
#5535=CARTESIAN_POINT('',(24.3578085866559,-50.4301650521585,-16.9865343827918));
#5536=CARTESIAN_POINT('',(24.357551663205,-50.4297015700485,-16.9874813785208));
#5537=CARTESIAN_POINT('',(24.3573486562414,-50.4293353658427,-16.9882294301789));
#5538=CARTESIAN_POINT('',(24.3571847964876,-50.4290397892542,-16.9888330770088));
#5539=CARTESIAN_POINT('',(24.3569525657252,-50.4286208941113,-16.9896884124299));
#5540=CARTESIAN_POINT('',(24.3565523332546,-50.4278989936399,-16.9911619852885));
#5541=CARTESIAN_POINT('',(24.3559766697187,-50.4268607626183,-16.993279975561));
#5542=CARTESIAN_POINT('',(24.3552863833436,-50.4256159592076,-16.9958172871083));
#5543=CARTESIAN_POINT('',(24.3543642809521,-50.4239533240744,-16.9992035056015));
#5544=CARTESIAN_POINT('',(24.353209528683,-50.4218715873057,-17.0034380874001));
#5545=CARTESIAN_POINT('',(24.3513569235359,-50.4185326249547,-17.0102189557382));
#5546=CARTESIAN_POINT('',(24.3490319806761,-50.4143439392728,-17.0187046210541));
#5547=CARTESIAN_POINT('',(24.3462272206712,-50.4092933604406,-17.0289029150081));
#5548=CARTESIAN_POINT('',(24.3434075858819,-50.4042185936676,-17.0391165619242));
#5549=CARTESIAN_POINT('',(24.3396281481245,-50.3974198906507,-17.0527551482559));
#5550=CARTESIAN_POINT('',(24.3348663349308,-50.3888607058159,-17.0698414078675));
#5551=CARTESIAN_POINT('',(24.3290916199755,-50.3784918800519,-17.0904051370703));
#5552=CARTESIAN_POINT('',(24.3232558531142,-50.3680247377385,-17.111028447765));
#5553=CARTESIAN_POINT('',(24.3173585209036,-50.35745876538,-17.1317106984511));
#5554=CARTESIAN_POINT('',(24.3094126392273,-50.3432383439308,-17.1593647540148));
#5555=CARTESIAN_POINT('',(24.2993238046622,-50.3252131729366,-17.1940764163501));
#5556=CARTESIAN_POINT('',(24.2869627166582,-50.3031794224792,-17.2359556389127));
#5557=CARTESIAN_POINT('',(24.2743430247826,-50.2807380094113,-17.2780546551223));
#5558=CARTESIAN_POINT('',(24.2614606104127,-50.2578848151103,-17.3203679208991));
#5559=CARTESIAN_POINT('',(24.2483113549161,-50.2346157209438,-17.3628897796999));
#5560=CARTESIAN_POINT('',(24.2348911410053,-50.2109266096242,-17.4056144617032));
#5561=CARTESIAN_POINT('',(24.2211958541307,-50.186813366602,-17.4485360821323));
#5562=CARTESIAN_POINT('',(24.2095504621822,-50.1663621289149,-17.4844632148708));
#5563=CARTESIAN_POINT('',(24.2000925045469,-50.1497849653193,-17.5132973301817));
#5564=CARTESIAN_POINT('',(24.1929277019019,-50.1372434935192,-17.5349683439063));
#5565=CARTESIAN_POINT('',(24.1856910528322,-50.1245929106102,-17.5566840021029));
#5566=CARTESIAN_POINT('',(24.1783820458891,-50.1118327051411,-17.5784435140034));
#5567=CARTESIAN_POINT('',(24.1722304828171,-50.101107422733,-17.5966123202541));
#5568=CARTESIAN_POINT('',(24.1672725428484,-50.0924718749395,-17.6111684901742));
#5569=CARTESIAN_POINT('',(24.1635356794659,-50.0859674895542,-17.6220960783828));
#5570=CARTESIAN_POINT('',(24.1604062330421,-50.0805240112011,-17.6312110348899));
#5571=CARTESIAN_POINT('',(24.1578934083808,-50.0761553031747,-17.6385081273938));
#5572=CARTESIAN_POINT('',(24.1560041470148,-50.0728717995209,-17.6439835009063));
#5573=CARTESIAN_POINT('',(24.1541102395559,-50.069581323484,-17.6494614021166));
#5574=CARTESIAN_POINT('',(24.1525280901971,-50.0668334175336,-17.654028457904));
#5575=CARTESIAN_POINT('',(24.1512600639632,-50.0646316407069,-17.6576832838444));
#5576=CARTESIAN_POINT('',(24.1504665152628,-50.0632539689511,-17.6599682429196));
#5577=CARTESIAN_POINT('',(24.1498312282528,-50.0621511924886,-17.6617961315856));
#5578=CARTESIAN_POINT('',(24.1493540979668,-50.0613230254122,-17.6631682748138));
#5579=CARTESIAN_POINT('',(24.1489574317066,-50.0606345792573,-17.6643084512838));
#5580=CARTESIAN_POINT('',(24.1486773099976,-50.0601484365284,-17.6651133272159));
#5581=CARTESIAN_POINT('',(24.1485208378762,-50.0598768921375,-17.6655628387481));
#5582=CARTESIAN_POINT('',(24.1483932284809,-50.0596554417466,-17.6659293833433));
#5583=CARTESIAN_POINT('',(24.1483047318763,-50.0595018697193,-17.6661835512402));
#5584=CARTESIAN_POINT('',(24.1481730598544,-50.0592733766459,-17.6665616893606));
#5585=CARTESIAN_POINT('',(24.1479489237158,-50.0588844387642,-17.667205265758));
#5586=CARTESIAN_POINT('',(24.1476252046156,-50.0583227241961,-17.6681345045075));
#5587=CARTESIAN_POINT('',(24.1472378452252,-50.057650625955,-17.6692459718957));
#5588=CARTESIAN_POINT('',(24.1467204424787,-50.056752951359,-17.6707299811418));
#5589=CARTESIAN_POINT('',(24.1460730591268,-50.0556298761756,-17.6725856748588));
#5590=CARTESIAN_POINT('',(24.1450354416093,-50.0538300637784,-17.6755575538238));
#5591=CARTESIAN_POINT('',(24.1437352439946,-50.0515752378304,-17.6792769836618));
#5592=CARTESIAN_POINT('',(24.142169846881,-50.0488612224451,-17.6837478044981));
#5593=CARTESIAN_POINT('',(24.1405992949056,-50.0461390009692,-17.6882260643692));
#5594=CARTESIAN_POINT('',(24.1384983293058,-50.0424984030984,-17.6942069941965));
#5595=CARTESIAN_POINT('',(24.1358591630201,-50.03792706185,-17.7017017040349));
#5596=CARTESIAN_POINT('',(24.1326713263122,-50.0324083991192,-17.7107249126991));
#5597=CARTESIAN_POINT('',(24.1283929592523,-50.0250059761762,-17.7227951020885));
#5598=CARTESIAN_POINT('',(24.1229923992137,-50.015669806451,-17.7379561141911));
#5599=CARTESIAN_POINT('',(24.1164267474423,-50.0043325593573,-17.7562655705545));
#5600=CARTESIAN_POINT('',(24.1097752942728,-49.9928606471582,-17.7746902557911));
#5601=CARTESIAN_POINT('',(24.1030372145528,-49.9812532447037,-17.7932291433077));
#5602=CARTESIAN_POINT('',(24.0939365009963,-49.9655949492269,-17.818098540702));
#5603=CARTESIAN_POINT('',(24.0823398918696,-49.9456792034364,-17.8494655585026));
#5604=CARTESIAN_POINT('',(24.068064118515,-49.9212250112632,-17.8875458059538));
#5605=CARTESIAN_POINT('',(24.0534217563179,-49.8962087754258,-17.926057030871));
#5606=CARTESIAN_POINT('',(24.0384060129069,-49.8706237035524,-17.9649901493735));
#5607=CARTESIAN_POINT('',(24.0230100527162,-49.8444629600776,-18.0043358357785));
#5608=CARTESIAN_POINT('',(24.007227000631,-49.8177196698864,-18.0440845196083));
#5609=CARTESIAN_POINT('',(23.99104994543,-49.7903869217575,-18.0842263807058));
#5610=CARTESIAN_POINT('',(23.9772349439946,-49.7671126305307,-18.1179971871088));
#5611=CARTESIAN_POINT('',(23.9659789831869,-49.7481915104788,-18.14520021739));
#5612=CARTESIAN_POINT('',(23.9574341585306,-49.7338489526839,-18.1656943636913));
#5613=CARTESIAN_POINT('',(23.9487856046085,-49.7193538019179,-18.1862790524911));
#5614=CARTESIAN_POINT('',(23.9414913047646,-49.7071466182826,-18.2035072880428));
#5615=CARTESIAN_POINT('',(23.9356031230444,-49.697303697677,-18.2173337906485));
#5616=CARTESIAN_POINT('',(23.931160505993,-49.6898828105341,-18.2277254522462));
#5617=CARTESIAN_POINT('',(23.926691298308,-49.6824231168351,-18.2381387252645));
#5618=CARTESIAN_POINT('',(23.9221953900203,-49.6749245065928,-18.2485734354241));
#5619=CARTESIAN_POINT('',(23.9184264577013,-49.6686431427504,-18.2572867451739));
#5620=CARTESIAN_POINT('',(23.9153978513871,-49.6635984831557,-18.2642679359376));
#5621=CARTESIAN_POINT('',(23.9131196531436,-49.6598051912398,-18.2695090772241));
#5622=CARTESIAN_POINT('',(23.9112155219139,-49.6566359361074,-18.2738810536869));
#5623=CARTESIAN_POINT('',(23.9096888341145,-49.6540956241189,-18.2773812305482));
#5624=CARTESIAN_POINT('',(23.9085421157441,-49.652187918854,-18.2800076796617));
#5625=CARTESIAN_POINT('',(23.9073937313759,-49.6502778041632,-18.2826353552452));
#5626=CARTESIAN_POINT('',(23.9064352349831,-49.6486838337457,-18.2848263774469));
#5627=CARTESIAN_POINT('',(23.9056677994032,-49.647407777188,-18.2865793581567));
#5628=CARTESIAN_POINT('',(23.9050912199863,-49.6464491587005,-18.2878957327814));
#5629=CARTESIAN_POINT('',(23.9046122198491,-49.6456528501585,-18.2889887907962));
#5630=CARTESIAN_POINT('',(23.9042731281696,-49.6450891716634,-18.28976229276));
#5631=CARTESIAN_POINT('',(23.9040849378008,-49.6447763498759,-18.2901914980674));
#5632=CARTESIAN_POINT('',(23.9039279099779,-49.6445153353898,-18.2905495812598));
#5633=CARTESIAN_POINT('',(23.9038314745339,-49.6443550421495,-18.290769465952));
#5634=CARTESIAN_POINT('',(23.9036816902221,-49.6441060769711,-18.291110967538));
#5635=CARTESIAN_POINT('',(23.9034292792289,-49.6436865422624,-18.2916863673488));
#5636=CARTESIAN_POINT('',(23.9030631333974,-49.6430780004199,-18.2925208093243));
#5637=CARTESIAN_POINT('',(23.9026253120069,-49.6423503861071,-18.2935182212311));
#5638=CARTESIAN_POINT('',(23.9020399106208,-49.6413775800679,-18.2948513398079));
#5639=CARTESIAN_POINT('',(23.9013067923415,-49.6401594360282,-18.2965199079644));
#5640=CARTESIAN_POINT('',(23.9004243244126,-49.6386933501819,-18.2985268802254));
#5641=CARTESIAN_POINT('',(23.8995392707991,-49.6372231867527,-18.3005382112236));
#5642=CARTESIAN_POINT('',(23.8983556963105,-49.6352574428695,-18.3032259081889));
#5643=CARTESIAN_POINT('',(23.8968696752524,-49.6327899325453,-18.306596569519));
#5644=CARTESIAN_POINT('',(23.8950759312521,-49.6298123525103,-18.3106590099168));
#5645=CARTESIAN_POINT('',(23.8926702145431,-49.6258201242673,-18.3160990743106));
#5646=CARTESIAN_POINT('',(23.8896366415261,-49.6207882919954,-18.3229430908398));
#5647=CARTESIAN_POINT('',(23.8859538547872,-49.614683402661,-18.3312259280155));
#5648=CARTESIAN_POINT('',(23.8822283510276,-49.6085116047493,-18.3395784997752));
#5649=CARTESIAN_POINT('',(23.8784599108835,-49.6022726789144,-18.3480005197475));
#5650=CARTESIAN_POINT('',(23.8733777806613,-49.5938643123798,-18.3593220906738));
#5651=CARTESIAN_POINT('',(23.8669166682994,-49.5831849257717,-18.3736462185584));
#5652=CARTESIAN_POINT('',(23.8589880145255,-49.5700975767325,-18.3911082483596));
#5653=CARTESIAN_POINT('',(23.8508822163035,-49.5567363170751,-18.4088409099604));
#5654=CARTESIAN_POINT('',(23.8425974237851,-49.5430992969517,-18.4268417024268));
#5655=CARTESIAN_POINT('',(23.8341317629687,-49.5291846423603,-18.4451080671461));
#5656=CARTESIAN_POINT('',(23.8254833362898,-49.5149904557365,-18.463637387399));
#5657=CARTESIAN_POINT('',(23.8166502230422,-49.5005148163743,-18.4824269874739));
#5658=CARTESIAN_POINT('',(23.8091337706272,-49.4882156203888,-18.4982996085094));
#5659=CARTESIAN_POINT('',(23.8030263109561,-49.4782335827764,-18.5111250794872));
#5660=CARTESIAN_POINT('',(23.7983983193702,-49.4706754661921,-18.5208075138923));
#5661=CARTESIAN_POINT('',(23.7937226820226,-49.4630455123035,-18.5305529207491));
#5662=CARTESIAN_POINT('',(23.7897864041615,-49.4566271443729,-18.5387262678383));
#5663=CARTESIAN_POINT('',(23.7866133080148,-49.4514562803995,-18.5452960669728));
#5664=CARTESIAN_POINT('',(23.7842214173884,-49.4475600160173,-18.5502389308094));
#5665=CARTESIAN_POINT('',(23.7818174266027,-49.4436456035906,-18.555197262706));
#5666=CARTESIAN_POINT('',(23.7794013039247,-49.4397130113841,-18.5601710159853));
#5667=CARTESIAN_POINT('',(23.7773777319591,-49.436420674913,-18.5643286224072));
#5668=CARTESIAN_POINT('',(23.7757527765749,-49.4337776839673,-18.5676623712278));
#5669=CARTESIAN_POINT('',(23.7745310072113,-49.4317908760003,-18.5701665086111));
#5670=CARTESIAN_POINT('',(23.7735103184723,-49.4301313949914,-18.5722564734703));
#5671=CARTESIAN_POINT('',(23.772692237483,-49.4288015244789,-18.5739303514536));
#5672=CARTESIAN_POINT('',(23.7720779098011,-49.4278029759012,-18.5751867151825));
#5673=CARTESIAN_POINT('',(23.7714628205427,-49.4268032906571,-18.5764440214397));
#5674=CARTESIAN_POINT('',(23.7709495927479,-49.4259692421709,-18.577492598912));
#5675=CARTESIAN_POINT('',(23.7705386593164,-49.4253014834406,-18.5783318699972));
#5676=CARTESIAN_POINT('',(23.7702815922246,-49.4248837756828,-18.5788567629784));
#5677=CARTESIAN_POINT('',(23.7700760116152,-49.4245497408825,-18.5792764511653));
#5678=CARTESIAN_POINT('',(23.7699213153608,-49.4242983912509,-18.5795922210466));
#5679=CARTESIAN_POINT('',(23.7697938340755,-49.4240912654996,-18.5798524078031));
#5680=CARTESIAN_POINT('',(23.7697016869069,-49.42394155198,-18.5800404602592));
#5681=CARTESIAN_POINT('',(23.7696535367305,-49.4238633219776,-18.5801387204607));
#5682=CARTESIAN_POINT('',(23.7696047125525,-49.4237839975817,-18.5802383520921));
#5683=CARTESIAN_POINT('',(23.7696044638783,-49.4237835936086,-18.5802388592187));
#5684=CARTESIAN_POINT('',(23.7695871696807,-49.4237554958758,-18.5802741495249));
#5685=CARTESIAN_POINT('',(23.7695647616063,-49.4237190897422,-18.5803198742707));
#5686=CARTESIAN_POINT('',(23.7695285091735,-49.4236601909162,-18.5803938477645));
#5687=CARTESIAN_POINT('',(23.7694865929781,-49.4235920904435,-18.5804793753727));
#5688=CARTESIAN_POINT('',(23.769429847139,-49.4234998967515,-18.580595158559));
#5689=CARTESIAN_POINT('',(23.7693586753881,-49.4233842660727,-18.5807403692909));
#5690=CARTESIAN_POINT('',(23.769243720701,-49.4231975035856,-18.5809748950144));
#5691=CARTESIAN_POINT('',(23.7690982643105,-49.422961188264,-18.581271620796));
#5692=CARTESIAN_POINT('',(23.7689208128247,-49.4226728960096,-18.5816335683528));
#5693=CARTESIAN_POINT('',(23.7687404787836,-49.4223799249048,-18.582001346612));
#5694=CARTESIAN_POINT('',(23.768496181138,-49.4219830445623,-18.582499506524));
#5695=CARTESIAN_POINT('',(23.7681835877452,-49.4214752251504,-18.5831368007308));
#5696=CARTESIAN_POINT('',(23.7677969139972,-49.4208470832369,-18.583924898716));
#5697=CARTESIAN_POINT('',(23.7672659249971,-49.4199845410102,-18.5850068103827));
#5698=CARTESIAN_POINT('',(23.7665732516381,-49.4188594341161,-18.5864175178956));
#5699=CARTESIAN_POINT('',(23.7656956875638,-49.4174341626331,-18.5882036021316));
#5700=CARTESIAN_POINT('',(23.7647717074637,-49.415933687948,-18.5900828440034));
#5701=CARTESIAN_POINT('',(23.7638012483508,-49.4143579470764,-18.59205516189));
#5702=CARTESIAN_POINT('',(23.7624452423997,-49.4121565158812,-18.5948089056948));
#5703=CARTESIAN_POINT('',(23.7606337001184,-49.4092162241093,-18.5984833377762));
#5704=CARTESIAN_POINT('',(23.7582728034723,-49.4053856793773,-18.6032634922857));
#5705=CARTESIAN_POINT('',(23.7557242206342,-49.4012522997564,-18.6084136477572));
#5706=CARTESIAN_POINT('',(23.7520749385012,-49.3953364236503,-18.6157726482498));
#5707=CARTESIAN_POINT('',(23.7470405672611,-49.3871809382014,-18.6258917481996));
#5708=CARTESIAN_POINT('',(23.7402364161009,-49.3761708552027,-18.6394986908084));
#5709=CARTESIAN_POINT('',(23.7326620837698,-49.3639299962451,-18.6545599941503));
#5710=CARTESIAN_POINT('',(23.7243095373571,-49.350450328418,-18.6710649032999));
#5711=CARTESIAN_POINT('',(23.7151699871814,-49.3357230620399,-18.6890015435858));
#5712=CARTESIAN_POINT('',(23.705233900505,-49.3197386643732,-18.7083569092598));
#5713=CARTESIAN_POINT('',(23.6944910106264,-49.3024868687163,-18.7291168420188));
#5714=CARTESIAN_POINT('',(23.6848571165081,-49.2870450574595,-18.7475744961485));
#5715=CARTESIAN_POINT('',(23.6767352556728,-49.2740465655194,-18.7630269742081));
#5716=CARTESIAN_POINT('',(23.670434952008,-49.2639736398289,-18.7749573174082));
#5717=CARTESIAN_POINT('',(23.6639241740578,-49.2535750911566,-18.7872263965688));
#5718=CARTESIAN_POINT('',(23.6572013102286,-49.2428493079061,-18.7998318806005));
#5719=CARTESIAN_POINT('',(23.651420808834,-49.2336370830866,-18.8106147825991));
#5720=CARTESIAN_POINT('',(23.6466886914659,-49.2261020126141,-18.8194068595608));
#5721=CARTESIAN_POINT('',(23.6430855293814,-49.2203678485709,-18.8260834756616));
#5722=CARTESIAN_POINT('',(23.6400376507677,-49.2155201455403,-18.8317158526574));
#5723=CARTESIAN_POINT('',(23.6375720921297,-49.2116003340946,-18.8362627070371));
#5724=CARTESIAN_POINT('',(23.6357092657325,-49.2086396204427,-18.8396932858325));
#5725=CARTESIAN_POINT('',(23.6338327609933,-49.2056580349202,-18.8431442480271));
#5726=CARTESIAN_POINT('',(23.6322575630573,-49.2031559288335,-18.8460370411019));
#5727=CARTESIAN_POINT('',(23.6309905733618,-49.201143836996,-18.8483613591146));
#5728=CARTESIAN_POINT('',(23.6301957509933,-49.1998817746031,-18.8498184460523));
#5729=CARTESIAN_POINT('',(23.6295583742347,-49.1988698249807,-18.850986278849));
#5730=CARTESIAN_POINT('',(23.6290789269967,-49.1981086731432,-18.851864432594));
#5731=CARTESIAN_POINT('',(23.6286804311179,-49.1974760829572,-18.852594058731));
#5732=CARTESIAN_POINT('',(23.6283976503369,-49.1970272094744,-18.8531116754786));
#5733=CARTESIAN_POINT('',(23.6282413507409,-49.1967791130581,-18.8533977382724));
#5734=CARTESIAN_POINT('',(23.6281088681995,-49.1965688262007,-18.8536401859049));
#5735=CARTESIAN_POINT('',(23.628034448994,-49.19645070416,-18.8537763645368));
#5736=CARTESIAN_POINT('',(23.6279149900621,-49.1962610947812,-18.8539949502988));
#5737=CARTESIAN_POINT('',(23.6277154125719,-49.1959443258181,-18.8543600985324));
#5738=CARTESIAN_POINT('',(23.6274254873264,-49.195484176515,-18.8548904470542));
#5739=CARTESIAN_POINT('',(23.627079876954,-49.1949356796277,-18.8555224923907));
#5740=CARTESIAN_POINT('',(23.6266185774544,-49.1942036216686,-18.8563658901979));
#5741=CARTESIAN_POINT('',(23.6260426778527,-49.1932897784493,-18.8574184029852));
#5742=CARTESIAN_POINT('',(23.6251221060768,-49.1918291738477,-18.8590999687203));
#5743=CARTESIAN_POINT('',(23.6239733332861,-49.1900068131604,-18.8611967532188));
#5744=CARTESIAN_POINT('',(23.6225978217601,-49.1878252634831,-18.8637048070003));
#5745=CARTESIAN_POINT('',(23.6212253593151,-49.1856490456632,-18.866204733876));
#5746=CARTESIAN_POINT('',(23.6193994747146,-49.182754525444,-18.8695271627262));
#5747=CARTESIAN_POINT('',(23.6171247630117,-49.1791497183967,-18.8736599498928));
#5748=CARTESIAN_POINT('',(23.6144073930133,-49.1748453518787,-18.8785869691344));
#5749=CARTESIAN_POINT('',(23.6108006848804,-49.1691348058594,-18.8851133202193));
#5750=CARTESIAN_POINT('',(23.6063232822815,-49.1620504010347,-18.893190794359));
#5751=CARTESIAN_POINT('',(23.6010004000216,-49.1536355883564,-18.9027555748354));
#5752=CARTESIAN_POINT('',(23.5957279409838,-49.1453076711417,-18.9121927171441));
#5753=CARTESIAN_POINT('',(23.5905063216962,-49.1370670659216,-18.9215027669291));
#5754=CARTESIAN_POINT('',(23.5836124957687,-49.1261965550758,-18.9337474305463));
#5755=CARTESIAN_POINT('',(23.5751243522716,-49.1128287360405,-18.9487382221195));
#5756=CARTESIAN_POINT('',(23.5651483696925,-49.0971430317909,-18.9662273404984));
#5757=CARTESIAN_POINT('',(23.5553852473146,-49.0818160767178,-18.9832207728391));
#5758=CARTESIAN_POINT('',(23.5458379641149,-49.0668508497983,-18.999722582407));
#5759=CARTESIAN_POINT('',(23.5365094074534,-49.0522502383923,-19.0157367476167));
#5760=CARTESIAN_POINT('',(23.527402374508,-49.0380170396777,-19.0312671606654));
#5761=CARTESIAN_POINT('',(23.5185195729877,-49.0241539613637,-19.0463176255599));
#5762=CARTESIAN_POINT('',(23.5113062814648,-49.0129120133255,-19.0584628189466));
#5763=CARTESIAN_POINT('',(23.5056503391894,-49.0041060903254,-19.0679426678191));
#5764=CARTESIAN_POINT('',(23.5014660352777,-48.9975957731143,-19.074934844629));
#5765=CARTESIAN_POINT('',(23.4973396875767,-48.9911798843572,-19.0818097503904));
#5766=CARTESIAN_POINT('',(23.4932715937775,-48.9848587217474,-19.088567817594));
#5767=CARTESIAN_POINT('',(23.4899303043016,-48.9796702684609,-19.0941025304411));
#5768=CARTESIAN_POINT('',(23.4872866894936,-48.9755671587372,-19.098472305065));
#5769=CARTESIAN_POINT('',(23.4853187220502,-48.9725136881382,-19.1017206902614));
#5770=CARTESIAN_POINT('',(23.4836910650373,-48.9699890436414,-19.1044035991553));
#5771=CARTESIAN_POINT('',(23.4823963458219,-48.9679812932564,-19.1065355054437));
#5772=CARTESIAN_POINT('',(23.48142901517,-48.9664814693241,-19.1081272290624));
#5773=CARTESIAN_POINT('',(23.4804653924748,-48.9649876306445,-19.1097117612977));
#5774=CARTESIAN_POINT('',(23.4796654830374,-48.9637477810624,-19.1110261911152));
#5775=CARTESIAN_POINT('',(23.4790273875679,-48.962758857753,-19.1120741885062));
#5776=CARTESIAN_POINT('',(23.4786294176103,-48.9621421305424,-19.1127275853274));
#5777=CARTESIAN_POINT('',(23.4783113602983,-48.961649271643,-19.1132496464351));
#5778=CARTESIAN_POINT('',(23.478073452502,-48.9612806261504,-19.1136400837027));
#5779=CARTESIAN_POINT('',(23.4778741102558,-48.9609717514352,-19.1139671738009));
#5780=CARTESIAN_POINT('',(23.477737184301,-48.9607595949227,-19.1141918205699));
#5781=CARTESIAN_POINT('',(23.4776550482426,-48.9606323332769,-19.1143265673416));
#5782=CARTESIAN_POINT('',(23.4776045084929,-48.9605540275188,-19.1144094768782));
#5783=CARTESIAN_POINT('',(23.4775117532863,-48.9604103153499,-19.114561631866));
#5784=CARTESIAN_POINT('',(23.4774028120781,-48.9602415276701,-19.1147403260523));
#5785=CARTESIAN_POINT('',(23.4772053184501,-48.9599355474294,-19.1150642438105));
#5786=CARTESIAN_POINT('',(23.4769268146218,-48.9595040744189,-19.1155209468505));
#5787=CARTESIAN_POINT('',(23.476591142912,-48.9589840615725,-19.116071266535));
#5788=CARTESIAN_POINT('',(23.4761442081093,-48.9582917204833,-19.1168038226014));
#5789=CARTESIAN_POINT('',(23.4755855270377,-48.9574263442769,-19.11771921209));
#5790=CARTESIAN_POINT('',(23.4746921053539,-48.9560426157923,-19.1191823729096));
#5791=CARTESIAN_POINT('',(23.4735759790262,-48.9543142410465,-19.1210089565698));
#5792=CARTESIAN_POINT('',(23.4722377429069,-48.9522423622096,-19.123196955508));
#5793=CARTESIAN_POINT('',(23.4709006059067,-48.9501726273629,-19.1253810879145));
#5794=CARTESIAN_POINT('',(23.4691192325603,-48.947415853783,-19.1282881026375));
#5795=CARTESIAN_POINT('',(23.4668952871509,-48.9439752755406,-19.131912206582));
#5796=CARTESIAN_POINT('',(23.4642310097734,-48.9398552272373,-19.1362456947592));
#5797=CARTESIAN_POINT('',(23.4606846117386,-48.9343733857417,-19.1420031350272));
#5798=CARTESIAN_POINT('',(23.4562628663251,-48.9275428069155,-19.1491614854722));
#5799=CARTESIAN_POINT('',(23.4509749495343,-48.9193810434636,-19.1576902108011));
#5800=CARTESIAN_POINT('',(23.445705383384,-48.9112543840935,-19.1661578648395));
#5801=CARTESIAN_POINT('',(23.4404543394629,-48.9031630003919,-19.1745646709589));
#5802=CARTESIAN_POINT('',(23.4334778707164,-48.8924217498579,-19.1856929121826));
#5803=CARTESIAN_POINT('',(23.424804438529,-48.8790842240355,-19.1994522064007));
#5804=CARTESIAN_POINT('',(23.4144731011159,-48.8632229880195,-19.2157235176771));
#5805=CARTESIAN_POINT('',(23.4042198580154,-48.8475068600752,-19.2317567464397));
#5806=CARTESIAN_POINT('',(23.3940460013267,-48.8319371323018,-19.2475536413831));
#5807=CARTESIAN_POINT('',(23.3839528020944,-48.8165150757438,-19.2631159401728));
#5808=CARTESIAN_POINT('',(23.3739415105647,-48.8012419406476,-19.2784453691341));
#5809=CARTESIAN_POINT('',(23.3640133563733,-48.7861189566483,-19.293543642927));
#5810=CARTESIAN_POINT('',(23.3541695486908,-48.7711473329189,-19.3084124641721));
#5811=CARTESIAN_POINT('',(23.3460376552861,-48.7587981042681,-19.3206133467983));
#5812=CARTESIAN_POINT('',(23.3395754925975,-48.7489955802763,-19.3302610104794));
#5813=CARTESIAN_POINT('',(23.3347506904964,-48.7416822605989,-19.337440445492));
#5814=CARTESIAN_POINT('',(23.3307483248924,-48.7356200916705,-19.3433765533804));
#5815=CARTESIAN_POINT('',(23.3275574842815,-48.7307897848448,-19.3480974913303));
#5816=CARTESIAN_POINT('',(23.3251698990967,-48.7271767891112,-19.3516242438254));
#5817=CARTESIAN_POINT('',(23.3227878696249,-48.7235735345785,-19.3551370814878));
#5818=CARTESIAN_POINT('',(23.3208075115756,-48.7205789882246,-19.3580528393495));
#5819=CARTESIAN_POINT('',(23.3192259839925,-48.7181881841431,-19.3603785672681));
#5820=CARTESIAN_POINT('',(23.3182387862401,-48.7166961067678,-19.3618291289616));
#5821=CARTESIAN_POINT('',(23.3174495251751,-48.7155033610855,-19.3629881474714));
#5822=CARTESIAN_POINT('',(23.3168584905408,-48.7146102607844,-19.3638557251437));
#5823=CARTESIAN_POINT('',(23.3163644728815,-48.7138638299941,-19.3645805984726));
#5824=CARTESIAN_POINT('',(23.3160223107349,-48.713346878806,-19.3650825049034));
#5825=CARTESIAN_POINT('',(23.315821374192,-48.7130433074272,-19.3653772056764));
#5826=CARTESIAN_POINT('',(23.3156860726813,-48.7128389002873,-19.3655756267747));
#5827=CARTESIAN_POINT('',(23.3154920071871,-48.7125457230296,-19.3658601932894));
#5828=CARTESIAN_POINT('',(23.3152537590323,-48.7121858098061,-19.3662094991888));
#5829=CARTESIAN_POINT('',(23.3148272910652,-48.7115415861124,-19.3668346504853));
#5830=CARTESIAN_POINT('',(23.31422309393,-48.7106289636296,-19.3677199989635));
#5831=CARTESIAN_POINT('',(23.3134959993858,-48.7095308332256,-19.3687849086643));
#5832=CARTESIAN_POINT('',(23.3125273925678,-48.7080681148213,-19.3702028366161));
#5833=CARTESIAN_POINT('',(23.3113165777997,-48.7062399455241,-19.3719740153837));
#5834=CARTESIAN_POINT('',(23.3093798445288,-48.7033164043903,-19.3748042682392));
#5835=CARTESIAN_POINT('',(23.3069596845687,-48.6996643715943,-19.3783357415734));
#5836=CARTESIAN_POINT('',(23.3040568157471,-48.6952859253525,-19.3825632305324));
#5837=CARTESIAN_POINT('',(23.30115525646,-48.6909114450235,-19.3867804946932));
#5838=CARTESIAN_POINT('',(23.2972882835878,-48.6850841240979,-19.3923898868821));
#5839=CARTESIAN_POINT('',(23.2924579196679,-48.6778099728912,-19.3993761214218));
#5840=CARTESIAN_POINT('',(23.2866669511839,-48.6690970968091,-19.4077189132579));
#5841=CARTESIAN_POINT('',(23.2789530873811,-48.6575015388221,-19.4187885456493));
#5842=CARTESIAN_POINT('',(23.2693249403805,-48.6430478666054,-19.4325244708381));
#5843=CARTESIAN_POINT('',(23.2577946681506,-48.6257695121031,-19.4488467693475));
#5844=CARTESIAN_POINT('',(23.2462887029601,-48.6085580126366,-19.4650092289541));
#5845=CARTESIAN_POINT('',(23.2348078392945,-48.5914141626889,-19.4810128225579));
#5846=CARTESIAN_POINT('',(23.2195345368656,-48.5686469425432,-19.5021404230734));
#5847=CARTESIAN_POINT('',(23.2005095736424,-48.5403609521601,-19.5281576224064));
#5848=CARTESIAN_POINT('',(23.1777924022706,-48.5067007401741,-19.5587583563736));
#5849=CARTESIAN_POINT('',(23.1551939982158,-48.4733294874828,-19.5887469529403));
#5850=CARTESIAN_POINT('',(23.1327202138057,-48.4402530464137,-19.6181311673125));
#5851=CARTESIAN_POINT('',(23.1103767710098,-48.4074771389366,-19.6469187383963));
#5852=CARTESIAN_POINT('',(23.0881692636739,-48.3750073588973,-19.6751173852865));
#5853=CARTESIAN_POINT('',(23.0661031587727,-48.3428491732702,-19.7027348036911));
#5854=CARTESIAN_POINT('',(23.0478370260852,-48.3163147999593,-19.7252713530706));
#5855=CARTESIAN_POINT('',(23.0333001008421,-48.2952483782062,-19.7430176320863));
#5856=CARTESIAN_POINT('',(23.0224360367806,-48.2795297397568,-19.7561868124754));
#5857=CARTESIAN_POINT('',(23.0116112365226,-48.2638929131048,-19.7692164137327));
#5858=CARTESIAN_POINT('',(23.0008263259698,-48.2483385241542,-19.7821073831686));
#5859=CARTESIAN_POINT('',(22.9918726574914,-48.2354457470012,-19.7927351187055));
#5860=CARTESIAN_POINT('',(22.9847302824533,-48.2251733590319,-19.8011689349249));
#5861=CARTESIAN_POINT('',(22.9793838565867,-48.2174900604347,-19.8074602286237));
#5862=CARTESIAN_POINT('',(22.9749371942373,-48.2111048684062,-19.8126746805075));
#5863=CARTESIAN_POINT('',(22.9713851166369,-48.2060072853434,-19.816829325658));
#5864=CARTESIAN_POINT('',(22.9687236955141,-48.2021893949702,-19.8199368640874));
#5865=CARTESIAN_POINT('',(22.966064914097,-48.1983768012747,-19.8230359794226));
#5866=CARTESIAN_POINT('',(22.9638514912001,-48.195204091282,-19.8256115443528));
#5867=CARTESIAN_POINT('',(22.9620820478272,-48.1926685319685,-19.8276678389237));
#5868=CARTESIAN_POINT('',(22.9609767853093,-48.1910850371724,-19.8289511775329));
#5869=CARTESIAN_POINT('',(22.9600927175835,-48.189818633184,-19.8299770224496));
#5870=CARTESIAN_POINT('',(22.9594303591047,-48.1888699155456,-19.8307452738874));
#5871=CARTESIAN_POINT('',(22.9588768626204,-48.1880772033362,-19.8313869824479));
#5872=CARTESIAN_POINT('',(22.9584927667069,-48.1875271452377,-19.8318321513087));
#5873=CARTESIAN_POINT('',(22.9582681853872,-48.1872055380226,-19.8320923985897));
#5874=CARTESIAN_POINT('',(22.9581141798477,-48.1869850022562,-19.8322708450747));
#5875=CARTESIAN_POINT('',(22.957905064319,-48.1866855572288,-19.8325131187134));
#5876=CARTESIAN_POINT('',(22.9576454674382,-48.186313836675,-19.8328138365112));
#5877=CARTESIAN_POINT('',(22.9571822182337,-48.1856505314281,-19.8333503663128));
#5878=CARTESIAN_POINT('',(22.9565251212479,-48.1847097473957,-19.8341111140581));
#5879=CARTESIAN_POINT('',(22.9557346088397,-48.183578079813,-19.8350258574875));
#5880=CARTESIAN_POINT('',(22.9546813035018,-48.1820703834953,-19.8362440694661));
#5881=CARTESIAN_POINT('',(22.9533644533676,-48.1801857788971,-19.8377659223309));
#5882=CARTESIAN_POINT('',(22.9512576737692,-48.1771713706926,-19.840198194862));
#5883=CARTESIAN_POINT('',(22.948624243286,-48.173404735833,-19.8432338351014));
#5884=CARTESIAN_POINT('',(22.9454642984376,-48.1688871162314,-19.8468689837772));
#5885=CARTESIAN_POINT('',(22.9423045083749,-48.1643718111234,-19.8504965509175));
#5886=CARTESIAN_POINT('',(22.9380916808956,-48.1583545136927,-19.8553232002979));
#5887=CARTESIAN_POINT('',(22.9328260860993,-48.1508387361475,-19.8613375893531));
#5888=CARTESIAN_POINT('',(22.9265081407105,-48.1418292195177,-19.8685246516806));
#5889=CARTESIAN_POINT('',(22.9180853222343,-48.1298291699343,-19.8780672270096));
#5890=CARTESIAN_POINT('',(22.907559036462,-48.1148529651444,-19.8899203022856));
#5891=CARTESIAN_POINT('',(22.8949315761824,-48.0969201938018,-19.9040243505457));
#5892=CARTESIAN_POINT('',(22.8823086971731,-48.0790265954953,-19.9180093460923));
#5893=CARTESIAN_POINT('',(22.8696908939427,-48.0611726647313,-19.9318758794838));
#5894=CARTESIAN_POINT('',(22.8528745773562,-48.037420967119,-19.9502074301785));
#5895=CARTESIAN_POINT('',(22.8318693134682,-48.0078329563588,-19.972828674161));
#5896=CARTESIAN_POINT('',(22.8066910481782,-47.9724937618788,-19.9995098106831));
#5897=CARTESIAN_POINT('',(22.7815446064058,-47.9373247579727,-20.0257313616137));
#5898=CARTESIAN_POINT('',(22.7564336953986,-47.9023296518883,-20.0514981112113));
#5899=CARTESIAN_POINT('',(22.7313619573093,-47.8675120857781,-20.0768148560007));
#5900=CARTESIAN_POINT('',(22.7063329699529,-47.8328756374574,-20.1016864032147));
#5901=CARTESIAN_POINT('',(22.6813502473729,-47.798423820969,-20.1261175693307));
#5902=CARTESIAN_POINT('',(22.6564172402627,-47.7641600870085,-20.1501131786139));
#5903=CARTESIAN_POINT('',(22.6356839877145,-47.7357665346266,-20.1697505811801));
#5904=CARTESIAN_POINT('',(22.6191256000159,-47.7131490906016,-20.1852475579217));
#5905=CARTESIAN_POINT('',(22.6067213254832,-47.6962351155544,-20.1967644227712));
#5906=CARTESIAN_POINT('',(22.596396865983,-47.6821813988696,-20.2062740908477));
#5907=CARTESIAN_POINT('',(22.5881449601945,-47.6709633829747,-20.2138294970656));
#5908=CARTESIAN_POINT('',(22.5819599138629,-47.6625624026623,-20.2194699612822));
#5909=CARTESIAN_POINT('',(22.57577879128,-47.654173991528,-20.2250844187481));
#5910=CARTESIAN_POINT('',(22.5706311949065,-47.6471942024698,-20.2297414988958));
#5911=CARTESIAN_POINT('',(22.566515082951,-47.6416166428153,-20.233454276569));
#5912=CARTESIAN_POINT('',(22.5639434705986,-47.6381334671976,-20.2357692813996));
#5913=CARTESIAN_POINT('',(22.5618864317028,-47.6353481673216,-20.2376182938092));
#5914=CARTESIAN_POINT('',(22.5603446168951,-47.6332609474216,-20.2390028079563));
#5915=CARTESIAN_POINT('',(22.5590577304632,-47.6315192114045,-20.2401572477924));
#5916=CARTESIAN_POINT('',(22.5581614467886,-47.6303063311343,-20.2409606897038));
#5917=CARTESIAN_POINT('',(22.5576424087017,-47.6296040098867,-20.2414257854455));
#5918=CARTESIAN_POINT('',(22.5572726067133,-47.629103648271,-20.241757077881));
#5919=CARTESIAN_POINT('',(22.5568284330741,-47.6285026921282,-20.2421548920602));
#5920=CARTESIAN_POINT('',(22.5562621311729,-47.6277365474604,-20.2426619396087));
#5921=CARTESIAN_POINT('',(22.5552589922894,-47.626379528677,-20.2435597508425));
#5922=CARTESIAN_POINT('',(22.5538321839347,-47.6244497278408,-20.2448356804246));
#5923=CARTESIAN_POINT('',(22.5521171961,-47.6221307053318,-20.2463676238461));
#5924=CARTESIAN_POINT('',(22.5498313401438,-47.6190404848397,-20.2484072431612));
#5925=CARTESIAN_POINT('',(22.546973417024,-47.615178269715,-20.2509530733517));
#5926=CARTESIAN_POINT('',(22.5424003315808,-47.6090011069835,-20.2550177490758));
#5927=CARTESIAN_POINT('',(22.5366828220698,-47.601283590393,-20.2600827443196));
#5928=CARTESIAN_POINT('',(22.5298201372206,-47.5920290847265,-20.2661353147189));
#5929=CARTESIAN_POINT('',(22.5229557901273,-47.5827810925946,-20.2721625394084));
#5930=CARTESIAN_POINT('',(22.5138011826246,-47.5704591969711,-20.2801650980923));
#5931=CARTESIAN_POINT('',(22.5023540079373,-47.5550733575571,-20.2901051575395));
#5932=CARTESIAN_POINT('',(22.4886114904828,-47.5366371557199,-20.3019325912247));
#5933=CARTESIAN_POINT('',(22.4702807257617,-47.5120917626573,-20.3175688365609));
#5934=CARTESIAN_POINT('',(22.4473542559646,-47.4814787903498,-20.3368644899467));
#5935=CARTESIAN_POINT('',(22.4198244406492,-47.4448560246569,-20.3596229527115));
#5936=CARTESIAN_POINT('',(22.3922793038463,-47.4083487901199,-20.3819882375271));
#5937=CARTESIAN_POINT('',(22.3647215378254,-47.3719597790062,-20.4039635051807));
#5938=CARTESIAN_POINT('',(22.3279645444389,-47.3236022623513,-20.432748078082));
#5939=CARTESIAN_POINT('',(22.2911928400807,-47.2754917400092,-20.4607653568154));
#5940=CARTESIAN_POINT('',(22.2544166513102,-47.2276384385345,-20.4880282112525));
#5941=CARTESIAN_POINT('',(22.2268347576572,-47.1918795630046,-20.5081013824295));
#5942=CARTESIAN_POINT('',(22.2038521065551,-47.1621918041759,-20.5245200930221));
#5943=CARTESIAN_POINT('',(22.1854685534105,-47.1385095912394,-20.5374713346697));
#5944=CARTESIAN_POINT('',(22.1716824707035,-47.1207822266614,-20.5470933123597));
#5945=CARTESIAN_POINT('',(22.1601956374188,-47.1060382533809,-20.5550357555397));
#5946=CARTESIAN_POINT('',(22.1510072534095,-47.0942605126176,-20.5613443965776));
#5947=CARTESIAN_POINT('',(22.1441165590303,-47.085435982618,-20.5660532614972));
#5948=CARTESIAN_POINT('',(22.137226430844,-47.0766201831505,-20.5707396047458));
#5949=CARTESIAN_POINT('',(22.1314853595298,-47.0692812444673,-20.5746260318325));
#5950=CARTESIAN_POINT('',(22.1268924937331,-47.0634140765992,-20.5777241835904));
#5951=CARTESIAN_POINT('',(22.1234489869241,-47.0590171536988,-20.5800415449084));
#5952=CARTESIAN_POINT('',(22.1205764774263,-47.0553509888536,-20.5819700666338));
#5953=CARTESIAN_POINT('',(22.1185718300416,-47.0527933369712,-20.5833135533215));
#5954=CARTESIAN_POINT('',(22.1174169286297,-47.0513200970081,-20.5840868556023));
#5955=CARTESIAN_POINT('',(22.1165772785301,-47.0502491212259,-20.5846487515061));
#5956=CARTESIAN_POINT('',(22.1156362898648,-47.0490490286599,-20.5852780769713));
#5957=CARTESIAN_POINT('',(22.1144169034215,-47.047494075107,-20.5860930582354));
#5958=CARTESIAN_POINT('',(22.1122663436261,-47.0447521857962,-20.5875290454165));
#5959=CARTESIAN_POINT('',(22.109202230737,-47.0408469680779,-20.5895711362235));
#5960=CARTESIAN_POINT('',(22.1055208306275,-47.0361572761203,-20.5920184184906));
#5961=CARTESIAN_POINT('',(22.1006125484508,-47.0299076911422,-20.5952730163629));
#5962=CARTESIAN_POINT('',(22.0944748233844,-47.0220983380583,-20.5993273491444));
#5963=CARTESIAN_POINT('',(22.0871066875948,-47.012732496216,-20.6041697175555));
#5964=CARTESIAN_POINT('',(22.0797354803571,-47.003371764394,-20.6089894475144));
#5965=CARTESIAN_POINT('',(22.0699032394165,-46.9908977561067,-20.6153855551555));
#5966=CARTESIAN_POINT('',(22.0576055503492,-46.9753183447325,-20.6233241730028));
#5967=CARTESIAN_POINT('',(22.0428367859515,-46.9566442959596,-20.6327603367138));
#5968=CARTESIAN_POINT('',(22.023130071179,-46.9317742440067,-20.6452219989532));
#5969=CARTESIAN_POINT('',(21.998469170433,-46.9007411260645,-20.6605749310925));
#5970=CARTESIAN_POINT('',(21.9688342012496,-46.8635906229186,-20.67864190542));
#5971=CARTESIAN_POINT('',(21.9292678541624,-46.8141783995075,-20.7022586213535));
#5972=CARTESIAN_POINT('',(21.8797156398207,-46.7526466565288,-20.730898720943));
#5973=CARTESIAN_POINT('',(21.8300513124724,-46.6914398895849,-20.758378728072));
#5974=CARTESIAN_POINT('',(21.7902605316413,-46.64267741048,-20.7796753881491));
#5975=CARTESIAN_POINT('',(21.7603897345251,-46.606208966413,-20.7953064110769));
#5976=CARTESIAN_POINT('',(21.7354759181155,-46.5759063829932,-20.8080495461755));
#5977=CARTESIAN_POINT('',(21.715532927456,-46.5517179424003,-20.8180755356939));
#5978=CARTESIAN_POINT('',(21.7005699460584,-46.533603654356,-20.8255110504815));
#5979=CARTESIAN_POINT('',(21.6856014816716,-46.5155166683365,-20.83286285812));
#5980=CARTESIAN_POINT('',(21.6731233204213,-46.5004670467298,-20.8389198736008));
#5981=CARTESIAN_POINT('',(21.6631383898711,-46.4884413620096,-20.8437238629365));
#5982=CARTESIAN_POINT('',(21.6568965185659,-46.4809307958699,-20.8467091901089));
#5983=CARTESIAN_POINT('',(21.6519030267955,-46.4749265673093,-20.8490868097894));
#5984=CARTESIAN_POINT('',(21.6481559519613,-46.4704231564305,-20.8508656316934));
#5985=CARTESIAN_POINT('',(21.6450384234935,-46.4666781124239,-20.852341190498));
#5986=CARTESIAN_POINT('',(21.6425324177316,-46.4636687477255,-20.8535246280207));
#5987=CARTESIAN_POINT('',(21.6406851889887,-46.461450990521,-20.8543956872239));
#5988=CARTESIAN_POINT('',(21.638714417622,-46.4590854742646,-20.8553235825904));
#5989=CARTESIAN_POINT('',(21.6361294647233,-46.4559835246381,-20.8565387174165));
#5990=CARTESIAN_POINT('',(21.6328828847641,-46.4520890280913,-20.858061329));
#5991=CARTESIAN_POINT('',(21.6289923380035,-46.4474243200213,-20.8598802413409));
#5992=CARTESIAN_POINT('',(21.6238014367122,-46.4412035201937,-20.8622995180125));
#5993=CARTESIAN_POINT('',(21.6173111442901,-46.433431180804,-20.8653101727488));
#5994=CARTESIAN_POINT('',(21.6069211227732,-46.4210008381789,-20.8700995328707));
#5995=CARTESIAN_POINT('',(21.5939241889995,-46.4054742299647,-20.8760339265768));
#5996=CARTESIAN_POINT('',(21.5783127413974,-46.3868602771074,-20.8830718076135));
#5997=CARTESIAN_POINT('',(21.5626864628416,-46.3682646131822,-20.8900264211427));
#5998=CARTESIAN_POINT('',(21.5418319106027,-46.3434950346831,-20.8991884451329));
#5999=CARTESIAN_POINT('',(21.5157276831723,-46.3125798161971,-20.9104336371648));
#6000=CARTESIAN_POINT('',(21.484346660017,-46.2755580698049,-20.9235974429046));
#6001=CARTESIAN_POINT('',(21.4424329589206,-46.2263000260085,-20.9407103907211));
#6002=CARTESIAN_POINT('',(21.3899094179955,-46.1649272224231,-20.9612821895201));
#6003=CARTESIAN_POINT('',(21.3266841851418,-46.0916127380126,-20.9846682458602));
#6004=CARTESIAN_POINT('',(21.2738432461025,-46.0308056468147,-21.0030824763574));
#6005=CARTESIAN_POINT('',(21.2314848733107,-45.9823392768714,-21.0171750678303));
#6006=CARTESIAN_POINT('',(21.2049766913768,-45.9521240029974,-21.0257179250468));
#6007=CARTESIAN_POINT('',(21.183750009565,-45.9279978400002,-21.032394045833));
#6008=CARTESIAN_POINT('',(21.1678211483496,-45.9099275959642,-21.0373219333622));
#6009=CARTESIAN_POINT('',(21.1545364060341,-45.8948856103262,-21.0413636850604));
#6010=CARTESIAN_POINT('',(21.1452384121193,-45.8843727307866,-21.0441569325616));
#6011=CARTESIAN_POINT('',(21.1399156744932,-45.8783588252961,-21.0457457611857));
#6012=CARTESIAN_POINT('',(21.1359468336575,-45.8738767406568,-21.0469254426669));
#6013=CARTESIAN_POINT('',(21.1318864972653,-45.8692935245413,-21.0481271248827));
#6014=CARTESIAN_POINT('',(21.1265028124491,-45.8632194919988,-21.0497134827942));
#6015=CARTESIAN_POINT('',(21.1170629005201,-45.8525767785803,-21.0524768991405));
#6016=CARTESIAN_POINT('',(21.103574280194,-45.8373914575946,-21.0563735810798));
#6017=CARTESIAN_POINT('',(21.0873676878003,-45.8191813486447,-21.0609726247079));
#6018=CARTESIAN_POINT('',(21.0657376756865,-45.7949240624449,-21.0670005155711));
#6019=CARTESIAN_POINT('',(21.0386582759191,-45.7646428931279,-21.0743410314497));
#6020=CARTESIAN_POINT('',(20.995244868073,-45.716282413487,-21.085671840152));
#6021=CARTESIAN_POINT('',(20.9408192772498,-45.6560024688063,-21.0990609386308));
#6022=CARTESIAN_POINT('',(20.8752660120827,-45.5839511766319,-21.1138944305414));
#6023=CARTESIAN_POINT('',(20.8094814127771,-45.5121957412171,-21.1275003940449));
#6024=CARTESIAN_POINT('',(20.7544775187747,-45.4526554817804,-21.1378208024594));
#6025=CARTESIAN_POINT('',(20.7103697224363,-45.4051821818705,-21.1454695473067));
#6026=CARTESIAN_POINT('',(20.6827602104576,-45.3755790796837,-21.149997474705));
#6027=CARTESIAN_POINT('',(20.6606471686895,-45.3519370245476,-21.1534688145376));
#6028=CARTESIAN_POINT('',(20.644051966499,-45.334228122359,-21.1559966246323));
#6029=CARTESIAN_POINT('',(20.6302068705714,-45.3194820496952,-21.1580411459878));
#6030=CARTESIAN_POINT('',(20.6191376800638,-45.3077093406676,-21.1596373564439));
#6031=CARTESIAN_POINT('',(20.6107977879578,-45.2988478936416,-21.1608206036779));
#6032=CARTESIAN_POINT('',(20.6025887528967,-45.2901337607025,-21.1619664190856));
#6033=CARTESIAN_POINT('',(20.5915901668833,-45.2784693936951,-21.1634766141673));
#6034=CARTESIAN_POINT('',(20.577847075243,-45.2639150474007,-21.1653165459259));
#6035=CARTESIAN_POINT('',(20.5613308556159,-45.2464568169221,-21.1674526557975));
#6036=CARTESIAN_POINT('',(20.5392884397485,-45.2232011110599,-21.1702034244679));
#6037=CARTESIAN_POINT('',(20.5116914542909,-45.1941672847959,-21.1734601151337));
#6038=CARTESIAN_POINT('',(20.4674463879521,-45.1477935927411,-21.1782829507399));
#6039=CARTESIAN_POINT('',(20.4119736074554,-45.089979314845,-21.1835848271514));
#6040=CARTESIAN_POINT('',(20.3451502484892,-45.0208570348209,-21.1887859169073));
#6041=CARTESIAN_POINT('',(20.2780807158598,-44.9519994515366,-21.1928275820501));
#6042=CARTESIAN_POINT('',(20.1883396665073,-44.8605554971081,-21.196673102525));
#6043=CARTESIAN_POINT('',(20.1206942921166,-44.7923992511403,-21.1978239999996));
#6044=CARTESIAN_POINT('',(20.0754595205439,-44.7471644795677,-21.1978240000002));
#6045=CARTESIAN_POINT('',(9.62025399999977,-38.592822284009,10.8442759999998));
#6046=CARTESIAN_POINT('',(-5.62000000000025,-38.592568284009,10.8442759999998));
#6047=CARTESIAN_POINT('',(-5.62000000000025,-38.5357830746917,10.8442759999998));
#6048=CARTESIAN_POINT('',(-5.62000000000025,-38.4789978653744,10.8442759999998));
#6049=CARTESIAN_POINT('',(-5.62000000000025,-38.422212656057,10.8442759999998));
#6050=CARTESIAN_POINT('',(-5.62000000053139,-38.4222126562228,10.8442759999998));
#6051=CARTESIAN_POINT('',(-5.62000000000025,-38.422212656057,10.8442759999998));
#6052=CARTESIAN_POINT('',(-5.01386895508912,-38.2329241027979,10.8442759999998));
#6053=CARTESIAN_POINT('',(-3.78056643605231,-37.8974181777278,10.8442759999998));
#6054=CARTESIAN_POINT('',(-1.88165403373947,-37.5316846066912,10.8442759999998));
#6055=CARTESIAN_POINT('',(0.0506920711473638,-37.3096853468842,10.8442759999998));
#6056=CARTESIAN_POINT('',(1.99999999999975,-37.2352533265571,10.8442759999998));
#6057=CARTESIAN_POINT('',(3.94930792885214,-37.3096853468842,10.8442759999999));
#6058=CARTESIAN_POINT('',(5.88165403373898,-37.5316846066912,10.8442759999998));
#6059=CARTESIAN_POINT('',(7.78056643605182,-37.8974181777278,10.8442759999998));
#6060=CARTESIAN_POINT('',(9.01386895508862,-38.2329241027979,10.8442759999998));
#6061=CARTESIAN_POINT('',(9.61999999999975,-38.422212656057,10.8442759999998));
#6062=CARTESIAN_POINT('',(9.62000000053088,-38.4222126562228,10.8442759999998));
#6063=CARTESIAN_POINT('',(9.61999999999975,-38.422212656057,10.8442759999998));
#6064=CARTESIAN_POINT('',(9.61999999999975,-38.4789978653744,10.8442759999998));
#6065=CARTESIAN_POINT('',(9.61999999999975,-38.5357830746917,10.8442759999998));
#6066=CARTESIAN_POINT('',(9.61999999999975,-38.592568284009,10.8442759999998));
#6067=CARTESIAN_POINT('',(27.5628139999996,-62.8226217560307,12.2034299999998));
#6068=CARTESIAN_POINT('',(27.5625599999996,-62.8226217560528,-56.3768240000002));
#6069=CARTESIAN_POINT('',(27.5625599999995,-62.8226217560529,-56.3768240000002));
#6070=CARTESIAN_POINT('',(27.5625599999996,-62.822621756053,12.2034299999998));
#6071=CARTESIAN_POINT('',(27.5625599999995,-62.822621756053,12.2031759999999));
#6072=CARTESIAN_POINT('',(27.5628139999996,-62.8226217560307,12.2031759999998));
#6073=CARTESIAN_POINT('',(27.3997459999996,-62.8226262165456,12.2034299999998));
#6074=CARTESIAN_POINT('',(27.3999999999996,-62.8226262165677,12.2034299999998));
#6075=CARTESIAN_POINT('',(27.3999999999996,-62.8226262163259,-56.3768240000003));
#6076=CARTESIAN_POINT('',(27.3999999999996,-62.8226262165677,12.2031759999998));
#6077=CARTESIAN_POINT('',(27.5625599999996,-62.8226262307535,12.2031759999998));
#6078=CARTESIAN_POINT('',(27.3997459999996,-62.8226262165456,-56.3768240000003));
#6079=CARTESIAN_POINT('',(27.5628139999996,-37.2598088747283,12.2031759999998));
#6080=CARTESIAN_POINT('',(27.3999999999996,-62.8226262165677,12.2031759999998));
#6081=CARTESIAN_POINT('',(27.3999999577184,-63.3071331617263,12.2031759999998));
#6082=CARTESIAN_POINT('',(27.3861347778987,-63.7915966511051,12.2031759999998));
#6083=CARTESIAN_POINT('',(27.3584246723762,-64.2753105234479,12.2031759999998));
#6084=CARTESIAN_POINT('',(27.5625599999996,-62.822621756053,12.2031759999998));
#6085=CARTESIAN_POINT('',(27.5625599954111,-62.7703499793072,12.2031759999998));
#6086=CARTESIAN_POINT('',(27.5623194650934,-62.691941736893,12.2031759999998));
#6087=CARTESIAN_POINT('',(27.5615179139626,-62.5874085747861,12.2031759999998));
#6088=CARTESIAN_POINT('',(27.5603952592603,-62.4828500115468,12.2031759999998));
#6089=CARTESIAN_POINT('',(27.5583939282694,-62.3523504944269,12.2031759999998));
#6090=CARTESIAN_POINT('',(27.5550297537375,-62.1956411008856,12.2031759999998));
#6091=CARTESIAN_POINT('',(27.5507109464192,-62.0391597212587,12.2031759999998));
#6092=CARTESIAN_POINT('',(27.5454307738643,-61.8826183411789,12.2031759999998));
#6093=CARTESIAN_POINT('',(27.5391980271716,-61.7262653470416,12.2031759999998));
#6094=CARTESIAN_POINT('',(27.5320052615285,-61.5698891071125,12.2031759999998));
#6095=CARTESIAN_POINT('',(27.5238606880626,-61.4136640675993,12.2031759999998));
#6096=CARTESIAN_POINT('',(27.5117239672793,-61.2053873444552,12.2031759999998));
#6097=CARTESIAN_POINT('',(27.4941694488184,-60.9452802183294,12.2031759999998));
#6098=CARTESIAN_POINT('',(27.469284548682,-60.6334138569343,12.2031759999998));
#6099=CARTESIAN_POINT('',(27.4453684674374,-60.3737990676794,12.2031759999998));
#6100=CARTESIAN_POINT('',(27.4243198402952,-60.1661987178176,12.2031759999998));
#6101=CARTESIAN_POINT('',(27.4075853657276,-60.0106413654022,12.2031759999998));
#6102=CARTESIAN_POINT('',(27.3898843793553,-59.8550639019002,12.2031759999998));
#6103=CARTESIAN_POINT('',(27.3712400735111,-59.6996726362136,12.2031759999998));
#6104=CARTESIAN_POINT('',(27.3516221928019,-59.5442244633948,12.2031759999998));
#6105=CARTESIAN_POINT('',(27.3310651836121,-59.3889970324351,12.2031759999998));
#6106=CARTESIAN_POINT('',(27.3095270956462,-59.233682089359,12.2031759999998));
#6107=CARTESIAN_POINT('',(27.2907978040851,-59.1044524393618,12.2031759999998));
#6108=CARTESIAN_POINT('',(27.2753241249553,-59.001038579118,12.2031759999998));
#6109=CARTESIAN_POINT('',(27.2634824966216,-58.9235248406798,12.2031759999998));
#6110=CARTESIAN_POINT('',(27.2514051533969,-58.8460596787724,12.2031759999998));
#6111=CARTESIAN_POINT('',(27.239080724945,-58.7685736873834,12.2031759999998));
#6112=CARTESIAN_POINT('',(27.2265540385159,-58.6913425707763,12.2031759999998));
#6113=CARTESIAN_POINT('',(27.2137809091264,-58.6140887412378,12.2031759999998));
#6114=CARTESIAN_POINT('',(27.2007768790965,-58.5369077278056,12.2031759999998));
#6115=CARTESIAN_POINT('',(27.1875239641292,-58.4596950020429,12.2031759999998));
#6116=CARTESIAN_POINT('',(27.1740785590931,-58.382773148659,12.2031759999998));
#6117=CARTESIAN_POINT('',(27.1603858541515,-58.3058227935568,12.2031759999998));
#6118=CARTESIAN_POINT('',(27.1464641594081,-58.2289488182919,12.2031759999998));
#6119=CARTESIAN_POINT('',(27.1322950442851,-58.152051070739,12.2031759999998));
#6120=CARTESIAN_POINT('',(27.1179339209899,-58.0754252778437,12.2031759999998));
#6121=CARTESIAN_POINT('',(27.1033270794341,-57.9987798791303,12.2031759999998));
#6122=CARTESIAN_POINT('',(27.088492416401,-57.9222104914541,12.2031759999998));
#6123=CARTESIAN_POINT('',(27.0734120548464,-57.8456262078699,12.2031759999998));
#6124=CARTESIAN_POINT('',(27.0581396061634,-57.7692950393027,12.2031759999998));
#6125=CARTESIAN_POINT('',(27.0426231232849,-57.6929531138799,12.2031759999998));
#6126=CARTESIAN_POINT('',(27.0268798731154,-57.6166868472444,12.2031759999998));
#6127=CARTESIAN_POINT('',(27.010892735104,-57.5404144486972,12.2031759999998));
#6128=CARTESIAN_POINT('',(26.9947129245498,-57.4643766653913,12.2031759999998));
#6129=CARTESIAN_POINT('',(26.9782908533616,-57.3883368608174,12.2031759999998));
#6130=CARTESIAN_POINT('',(26.9616429605981,-57.3123723988713,12.2031759999998));
#6131=CARTESIAN_POINT('',(26.9447530781156,-57.2364104604796,12.2031759999998));
#6132=CARTESIAN_POINT('',(26.9276694394297,-57.1606649580401,12.2031759999998));
#6133=CARTESIAN_POINT('',(26.9103454025981,-57.0849260655506,12.2031759999998));
#6134=CARTESIAN_POINT('',(26.8927963834127,-57.0092622342011,12.2031759999998));
#6135=CARTESIAN_POINT('',(26.8750073606482,-56.9336094852338,12.2031759999998));
#6136=CARTESIAN_POINT('',(26.8570230034135,-56.8581552824901,12.2031759999998));
#6137=CARTESIAN_POINT('',(26.8388002101546,-56.7827162668198,12.2031759999998));
#6138=CARTESIAN_POINT('',(26.8203531282841,-56.7073519102196,12.2031759999998));
#6139=CARTESIAN_POINT('',(26.8016682697057,-56.6320076838529,12.2031759999998));
#6140=CARTESIAN_POINT('',(26.7827854393918,-56.5568422310698,12.2031759999998));
#6141=CARTESIAN_POINT('',(26.7572960010407,-56.4566639682384,12.2031759999998));
#6142=CARTESIAN_POINT('',(26.7248550227037,-56.3315514930287,12.2031759999998));
#6143=CARTESIAN_POINT('',(26.6850744984324,-56.1818731281379,12.2031759999998));
#6144=CARTESIAN_POINT('',(26.6443596896315,-56.032336415153,12.2031759999998));
#6145=CARTESIAN_POINT('',(26.6027928252741,-55.8832401021978,12.2031759999998));
#6146=CARTESIAN_POINT('',(26.5602996152314,-55.734313619287,12.2031759999998));
#6147=CARTESIAN_POINT('',(26.5169484206112,-55.5857948761277,12.2031759999998));
#6148=CARTESIAN_POINT('',(26.4726802729607,-55.4374784516033,12.2031759999998));
#6149=CARTESIAN_POINT('',(26.4275467584353,-55.2895363605468,12.2031759999998));
#6150=CARTESIAN_POINT('',(26.3815061536206,-55.1418292624095,12.2031759999998));
#6151=CARTESIAN_POINT('',(26.3345915335306,-54.9944631919853,12.2031759999998));
#6152=CARTESIAN_POINT('',(26.2708433539244,-54.7983331316423,12.2031759999998));
#6153=CARTESIAN_POINT('',(26.1889454623577,-54.5539314141114,12.2031759999998));
#6154=CARTESIAN_POINT('',(26.1040934775431,-54.3105285655083,12.2031759999998));
#6155=CARTESIAN_POINT('',(26.0344193904959,-54.1163541278923,12.2031759999998));
#6156=CARTESIAN_POINT('',(25.9812971445923,-53.9710793146089,12.2031759999998));
#6157=CARTESIAN_POINT('',(25.9272558318048,-53.8260198944144,12.2031759999998));
#6158=CARTESIAN_POINT('',(25.8723621989495,-53.6813557004317,12.2031759999998));
#6159=CARTESIAN_POINT('',(25.8165344002605,-53.5368739009587,12.2031759999998));
#6160=CARTESIAN_POINT('',(25.7598665477979,-53.3928194450595,12.2031759999998));
#6161=CARTESIAN_POINT('',(25.7022493633822,-53.2489176706248,12.2031759999998));
#6162=CARTESIAN_POINT('',(25.6438027249109,-53.1054704244836,12.2031759999998));
#6163=CARTESIAN_POINT('',(25.594298463733,-52.9860476453969,12.2031759999998));
#6164=CARTESIAN_POINT('',(25.554272370898,-52.8907193945123,12.2031759999998));
#6165=CARTESIAN_POINT('',(25.5240470045428,-52.8193399033105,12.2031759999998));
#6166=CARTESIAN_POINT('',(25.4935541097974,-52.7479330178925,12.2031759999998));
#6167=CARTESIAN_POINT('',(25.4628597119862,-52.6766545364816,12.2031759999998));
#6168=CARTESIAN_POINT('',(25.431940975665,-52.6054510712014,12.2031759999998));
#6169=CARTESIAN_POINT('',(25.4008232172865,-52.5343803753338,12.2031759999998));
#6170=CARTESIAN_POINT('',(25.3694280064839,-52.4632648236278,12.2031759999998));
#6171=CARTESIAN_POINT('',(25.3378349818256,-52.392286274291,12.2031759999998));
#6172=CARTESIAN_POINT('',(25.3060167967892,-52.3213828378121,12.2031759999998));
#6173=CARTESIAN_POINT('',(25.2740031988961,-52.250620214029,12.2031759999998));
#6174=CARTESIAN_POINT('',(25.2417025445826,-52.1797974931016,12.2031759999998));
#6175=CARTESIAN_POINT('',(25.2092076549764,-52.1091198170155,12.2031759999998));
#6176=CARTESIAN_POINT('',(25.1764867416337,-52.0385175402661,12.2031759999998));
#6177=CARTESIAN_POINT('',(25.1435741372019,-51.9680641028861,12.2031759999998));
#6178=CARTESIAN_POINT('',(25.1103642995352,-51.8975353902496,12.2031759999998));
#6179=CARTESIAN_POINT('',(25.0769639346726,-51.8271597907869,12.2031759999998));
#6180=CARTESIAN_POINT('',(25.0433365762978,-51.7568599135401,12.2031759999998));
#6181=CARTESIAN_POINT('',(25.0095213836368,-51.6867169339112,12.2031759999998));
#6182=CARTESIAN_POINT('',(24.9753981861018,-51.6164835412498,12.2031759999998));
#6183=CARTESIAN_POINT('',(24.9410883056685,-51.5464113656257,12.2031759999998));
#6184=CARTESIAN_POINT('',(24.9065503536488,-51.4764152727167,12.2031759999998));
#6185=CARTESIAN_POINT('',(24.8718285628197,-51.406584169742,12.2031759999998));
#6186=CARTESIAN_POINT('',(24.8367873907609,-51.3366475621473,12.2031759999998));
#6187=CARTESIAN_POINT('',(24.8015634873597,-51.2668802520417,12.2031759999998));
#6188=CARTESIAN_POINT('',(24.7661104542883,-51.1971896702961,12.2031759999998));
#6189=CARTESIAN_POINT('',(24.7304772349701,-51.127671291318,12.2031759999998));
#6190=CARTESIAN_POINT('',(24.6945144540397,-51.0580357866063,12.2031759999998));
#6191=CARTESIAN_POINT('',(24.6463167929465,-50.9654078314697,12.2031759999998));
#6192=CARTESIAN_POINT('',(24.5977095388005,-50.8730309119054,12.2031759999998));
#6193=CARTESIAN_POINT('',(24.5486022021576,-50.7807361654999,12.2031759999998));
#6194=CARTESIAN_POINT('',(24.5115681046089,-50.7116445903139,12.2031759999998));
#6195=CARTESIAN_POINT('',(24.4743281499122,-50.6426773860867,12.2031759999998));
#6196=CARTESIAN_POINT('',(24.4368449402115,-50.5737666094171,12.2031759999998));
#6197=CARTESIAN_POINT('',(24.3992703290128,-50.5051891475689,12.2031759999998));
#6198=CARTESIAN_POINT('',(24.3614523481217,-50.436665666262,12.2031759999998));
#6199=CARTESIAN_POINT('',(24.323442042836,-50.3682893104329,12.2031759999998));
#6200=CARTESIAN_POINT('',(24.2851872001586,-50.2999668346151,12.2031759999998));
#6201=CARTESIAN_POINT('',(24.2468456267808,-50.2319780757386,12.2031759999998));
#6202=CARTESIAN_POINT('',(24.2082623554078,-50.1640462430665,12.2031759999998));
#6203=CARTESIAN_POINT('',(24.1694885431661,-50.0962620971118,12.2031759999998));
#6204=CARTESIAN_POINT('',(24.1304745288442,-50.028539386559,12.2031759999998));
#6205=CARTESIAN_POINT('',(24.0913678001622,-49.9611323561573,12.2031759999998));
#6206=CARTESIAN_POINT('',(24.0520238441049,-49.8937901273484,12.2031759999998));
#6207=CARTESIAN_POINT('',(24.0124902981294,-49.8265948573769,12.2031759999998));
#6208=CARTESIAN_POINT('',(23.9727211254225,-49.7594687958229,12.2031759999998));
#6209=CARTESIAN_POINT('',(23.9328528357803,-49.6926407871209,12.2031759999998));
#6210=CARTESIAN_POINT('',(23.8927518485656,-49.6258853377163,12.2031759999998));
#6211=CARTESIAN_POINT('',(23.8524621267168,-49.559276183472,12.2031759999998));
#6212=CARTESIAN_POINT('',(23.8119413991175,-49.492743874491,12.2031759999998));
#6213=CARTESIAN_POINT('',(23.7713147872946,-49.426492474499,12.2031759999998));
#6214=CARTESIAN_POINT('',(23.7304600551212,-49.3603212569471,12.2031759999998));
#6215=CARTESIAN_POINT('',(23.6894173536933,-49.2942957405285,12.2031759999998));
#6216=CARTESIAN_POINT('',(23.648148314754,-49.2283545770198,12.2031759999998));
#6217=CARTESIAN_POINT('',(23.6067662602346,-49.1626776406209,12.2031759999998));
#6218=CARTESIAN_POINT('',(23.5651607126059,-49.0970883840271,12.2031759999998));
#6219=CARTESIAN_POINT('',(23.5233678725266,-49.0316443022146,12.2031759999998));
#6220=CARTESIAN_POINT('',(23.4813534148914,-48.9662919625832,12.2031759999998));
#6221=CARTESIAN_POINT('',(23.4392184394624,-48.9011876005571,12.2031759999998));
#6222=CARTESIAN_POINT('',(23.3968646739723,-48.8361783320221,12.2031759999998));
#6223=CARTESIAN_POINT('',(23.3543241197751,-48.771313652379,12.2031759999998));
#6224=CARTESIAN_POINT('',(23.3115670437225,-48.7065484641381,12.2031759999998));
#6225=CARTESIAN_POINT('',(23.2686803770533,-48.6420136618575,12.2031759999998));
#6226=CARTESIAN_POINT('',(23.2112187724737,-48.5561125681207,12.2031759999998));
#6227=CARTESIAN_POINT('',(23.1388839052231,-48.4490349398016,12.2031759999998));
#6228=CARTESIAN_POINT('',(23.0514262265123,-48.321247303611,12.2031759999998));
#6229=CARTESIAN_POINT('',(22.9631386320521,-48.1939095574682,12.2031759999998));
#6230=CARTESIAN_POINT('',(22.8741884742218,-48.0672616908782,12.2031759999998));
#6231=CARTESIAN_POINT('',(22.7844258221686,-47.9410883628608,12.2031759999998));
#6232=CARTESIAN_POINT('',(22.6939822802141,-47.8155739680756,12.2031759999998));
#6233=CARTESIAN_POINT('',(22.5723421038294,-47.6489020366157,12.2031759999998));
#6234=CARTESIAN_POINT('',(22.4184860478822,-47.4420586069949,12.2031759999998));
#6235=CARTESIAN_POINT('',(22.2308818867752,-47.196114881837,12.2031759999998));
#6236=CARTESIAN_POINT('',(22.0403197631866,-46.9524650232735,12.2031759999998));
#6237=CARTESIAN_POINT('',(21.8790670382968,-46.7513518770394,12.2031759999998));
#6238=CARTESIAN_POINT('',(21.7485497799131,-46.5915663212209,12.2031759999998));
#6239=CARTESIAN_POINT('',(21.6499664066307,-46.4723555653665,12.2031759999998));
#6240=CARTESIAN_POINT('',(21.5505814422696,-46.3536463654843,12.2031759999998));
#6241=CARTESIAN_POINT('',(21.4505282796642,-46.2355985096772,12.2031759999998));
#6242=CARTESIAN_POINT('',(21.3496485604229,-46.1180267353524,12.2031759999998));
#6243=CARTESIAN_POINT('',(21.2481204727487,-46.0011398030092,12.2031759999998));
#6244=CARTESIAN_POINT('',(21.1628124548528,-45.9041203297267,12.2031759999998));
#6245=CARTESIAN_POINT('',(21.09423377027,-45.8268389138338,12.2031759999998));
#6246=CARTESIAN_POINT('',(21.0254338469449,-45.7497796698642,12.2031759999998));
#6247=CARTESIAN_POINT('',(20.9561822839992,-45.672921097413,12.2031759999998));
#6248=CARTESIAN_POINT('',(20.8866099961931,-45.5964102631071,12.2031759999998));
#6249=CARTESIAN_POINT('',(20.8342754938205,-45.5392057086212,12.2031759999998));
#6250=CARTESIAN_POINT('',(20.7816764328035,-45.4820613048873,12.2031759999998));
#6251=CARTESIAN_POINT('',(20.7289311160436,-45.4251062877175,12.2031759999998));
#6252=CARTESIAN_POINT('',(20.6759988102575,-45.368296456094,12.2031759999998));
#6253=CARTESIAN_POINT('',(20.6229241456767,-45.311679378276,12.2031759999998));
#6254=CARTESIAN_POINT('',(20.5695693346582,-45.2551089822445,12.2031759999998));
#6255=CARTESIAN_POINT('',(20.5160747111785,-45.1987349504117,12.2031759999998));
#6256=CARTESIAN_POINT('',(20.462392310603,-45.1425064599659,12.2031759999998));
#6257=CARTESIAN_POINT('',(20.4085736574929,-45.0864771197419,12.2031759999998));
#6258=CARTESIAN_POINT('',(20.3544606182385,-45.0304833172124,12.2031759999998));
#6259=CARTESIAN_POINT('',(20.3002138385507,-44.9746922794501,12.2031759999998));
#6260=CARTESIAN_POINT('',(20.2457785396356,-44.9190473562195,12.2031759999998));
#6261=CARTESIAN_POINT('',(20.1912131909577,-44.8636079213905,12.2031759999998));
#6262=CARTESIAN_POINT('',(20.136338693453,-44.8081931297187,12.2031759999998));
#6263=CARTESIAN_POINT('',(20.0813366597767,-44.7529874856512,12.2031759999998));
#6264=CARTESIAN_POINT('',(20.0261452760405,-44.6979285993001,12.2031759999998));
#6265=CARTESIAN_POINT('',(19.9708301851421,-44.6430815257697,12.2031759999998));
#6266=CARTESIAN_POINT('',(19.9151906293792,-44.5882484345307,12.2031759999998));
#6267=CARTESIAN_POINT('',(19.8594298841152,-44.533630863491,12.2031759999998));
#6268=CARTESIAN_POINT('',(19.8034788672095,-44.4791607646185,12.2031759999998));
#6269=CARTESIAN_POINT('',(19.7474106318611,-44.424908792134,12.2031759999998));
#6270=CARTESIAN_POINT('',(19.6910020474144,-44.3706603771861,12.2031759999998));
#6271=CARTESIAN_POINT('',(19.6344787420441,-44.3166338230492,12.2031759999998));
#6272=CARTESIAN_POINT('',(19.5777642578732,-44.2627556272267,12.2031759999998));
#6273=CARTESIAN_POINT('',(19.5209387982347,-44.2091014964308,12.2031759999998));
#6274=CARTESIAN_POINT('',(19.4637580076737,-44.1554421063099,12.2031759999998));
#6275=CARTESIAN_POINT('',(19.3873653529598,-44.0841936392822,12.2031759999998));
#6276=CARTESIAN_POINT('',(19.291446400562,-43.9955545037262,12.2031759999998));
#6277=CARTESIAN_POINT('',(19.1949760189212,-43.9074965405902,12.2031759999998));
#6278=CARTESIAN_POINT('',(19.1174968424991,-43.837423827188,12.2031759999998));
#6279=CARTESIAN_POINT('',(19.0591742160331,-43.7850009427323,12.2031759999998));
#6280=CARTESIAN_POINT('',(19.0008875250372,-43.7329321775849,12.2031759999998));
#6281=CARTESIAN_POINT('',(18.9423868256063,-43.6809928836602,12.2031759999998));
#6282=CARTESIAN_POINT('',(18.8837545859179,-43.6292567531138,12.2031759999998));
#6283=CARTESIAN_POINT('',(18.8249108771675,-43.577653665409,12.2031759999998));
#6284=CARTESIAN_POINT('',(18.7660929463956,-43.5263904105373,12.2031759999998));
#6285=CARTESIAN_POINT('',(18.7070674835187,-43.4752623704863,12.2031759999998));
#6286=CARTESIAN_POINT('',(18.6479112805564,-43.4243365049949,12.2031759999998));
#6287=CARTESIAN_POINT('',(18.5885504795138,-43.3735495931202,12.2031759999998));
#6288=CARTESIAN_POINT('',(18.5292037203504,-43.323087558895,12.2031759999998));
#6289=CARTESIAN_POINT('',(18.4696562729319,-43.2727666709115,12.2031759999998));
#6290=CARTESIAN_POINT('',(18.4099787204492,-43.222646975653,12.2031759999998));
#6291=CARTESIAN_POINT('',(18.3501034602731,-43.1726720185934,12.2031759999998));
#6292=CARTESIAN_POINT('',(18.2902303197294,-43.1230075713545,12.2031759999998));
#6293=CARTESIAN_POINT('',(18.2301633328584,-43.0734900549183,12.2031759999998));
#6294=CARTESIAN_POINT('',(18.1699668126695,-43.0241728459582,12.2031759999998));
#6295=CARTESIAN_POINT('',(18.1095794730848,-42.9750060167984,12.2031759999998));
#6296=CARTESIAN_POINT('',(18.0491821454066,-42.9261359014689,12.2031759999998));
#6297=CARTESIAN_POINT('',(17.9885978149788,-42.8774183608043,12.2031759999998));
#6298=CARTESIAN_POINT('',(17.927884460715,-42.8289003367631,12.2031759999998));
#6299=CARTESIAN_POINT('',(17.8669871816168,-42.7805382006766,12.2031759999998));
#6300=CARTESIAN_POINT('',(17.8060676027644,-42.7324595252609,12.2031759999998));
#6301=CARTESIAN_POINT('',(17.744967914584,-42.6845389672202,12.2031759999998));
#6302=CARTESIAN_POINT('',(17.6837394908891,-42.6368171071314,12.2031759999998));
#6303=CARTESIAN_POINT('',(17.6223346459991,-42.5892569659826,12.2031759999998));
#6304=CARTESIAN_POINT('',(17.5608927488235,-42.5419658792443,12.2031759999998));
#6305=CARTESIAN_POINT('',(17.4787504320477,-42.4791375300915,12.2031759999998));
#6306=CARTESIAN_POINT('',(17.3962886770112,-42.4166581621977,12.2031759999998));
#6307=CARTESIAN_POINT('',(17.3136658776013,-42.3546462924551,12.2031759999998));
#6308=CARTESIAN_POINT('',(17.2308404066768,-42.2928736764703,12.2031759999998));
#6309=CARTESIAN_POINT('',(17.126927435258,-42.2161070941688,12.2031759999998));
#6310=CARTESIAN_POINT('',(17.0018423445814,-42.1248657701705,12.2031759999998));
#6311=CARTESIAN_POINT('',(16.8761294079408,-42.0343282771395,12.2031759999998));
#6312=CARTESIAN_POINT('',(16.7500132645496,-41.9446555172335,12.2031759999998));
#6313=CARTESIAN_POINT('',(16.6232943687587,-41.8557043487705,12.2031759999998));
#6314=CARTESIAN_POINT('',(16.4961447432574,-41.7675951588193,12.2031759999998));
#6315=CARTESIAN_POINT('',(16.3258552455119,-41.6511109267015,12.2031759999998));
#6316=CARTESIAN_POINT('',(16.1117791826754,-41.5075108021954,12.2031759999998));
#6317=CARTESIAN_POINT('',(15.8528325570714,-41.3383181175561,12.2031759999998));
#6318=CARTESIAN_POINT('',(15.5918526228097,-41.1722681984673,12.2031759999998));
#6319=CARTESIAN_POINT('',(15.3726970532688,-41.0365258872407,12.2031759999998));
#6320=CARTESIAN_POINT('',(15.1963034442761,-40.9294737350173,12.2031759999998));
#6321=CARTESIAN_POINT('',(15.0635660226208,-40.8500114505956,12.2031759999998));
#6322=CARTESIAN_POINT('',(14.93023088042,-40.7712841207879,12.2031759999998));
#6323=CARTESIAN_POINT('',(14.79649140049,-40.6934063194958,12.2031759999998));
#6324=CARTESIAN_POINT('',(14.6621217337606,-40.6162477744148,12.2031759999998));
#6325=CARTESIAN_POINT('',(14.5273742303353,-40.5399542762297,12.2031759999998));
#6326=CARTESIAN_POINT('',(14.4145445656618,-40.4769704428899,12.2031759999998));
#6327=CARTESIAN_POINT('',(14.3240804935512,-40.4270102622016,12.2031759999998));
#6328=CARTESIAN_POINT('',(14.2334827374965,-40.3773338772501,12.2031759999998));
#6329=CARTESIAN_POINT('',(14.142520317258,-40.3279944370169,12.2031759999998));
#6330=CARTESIAN_POINT('',(14.0513732150304,-40.2790909724024,12.2031759999998));
#6331=CARTESIAN_POINT('',(13.9829269827917,-40.2426341154116,12.2031759999998));
#6332=CARTESIAN_POINT('',(13.9142469700065,-40.2063200467609,12.2031759999998));
#6333=CARTESIAN_POINT('',(13.8454935339948,-40.170234118331,12.2031759999998));
#6334=CARTESIAN_POINT('',(13.7766116076949,-40.1343472545552,12.2031759999998));
#6335=CARTESIAN_POINT('',(13.7076611020339,-40.0986904058195,12.2031759999998));
#6336=CARTESIAN_POINT('',(13.6384574403651,-40.0631688461465,12.2031759999998));
#6337=CARTESIAN_POINT('',(13.5691888020708,-40.0278798760996,12.2031759999998));
#6338=CARTESIAN_POINT('',(13.4997910248066,-39.9927905869839,12.2031759999998));
#6339=CARTESIAN_POINT('',(13.4303325785683,-39.9579353130155,12.2031759999998));
#6340=CARTESIAN_POINT('',(13.3606037457169,-39.9232096260252,12.2031759999998));
#6341=CARTESIAN_POINT('',(13.2908178146164,-39.8887205437115,12.2031759999998));
#6342=CARTESIAN_POINT('',(13.2209022186292,-39.8544319524376,12.2031759999998));
#6343=CARTESIAN_POINT('',(13.1509339359417,-39.8203812890529,12.2031759999998));
#6344=CARTESIAN_POINT('',(13.080677620446,-39.7864549197961,12.2031759999998));
#6345=CARTESIAN_POINT('',(13.0103722060274,-39.7527691101971,12.2031759999998));
#6346=CARTESIAN_POINT('',(12.9399365400403,-39.7192846977165,12.2031759999998));
#6347=CARTESIAN_POINT('',(12.8694562991823,-39.6860420669812,12.2031759999998));
#6348=CARTESIAN_POINT('',(12.7986699293085,-39.6529188420237,12.2031759999998));
#6349=CARTESIAN_POINT('',(12.727842591708,-39.6200400747311,12.2031759999998));
#6350=CARTESIAN_POINT('',(12.6568843587581,-39.5873637107895,12.2031759999998));
#6351=CARTESIAN_POINT('',(12.5858897796604,-39.5549329155668,12.2031759999998));
#6352=CARTESIAN_POINT('',(12.5145705852309,-39.5226170819054,12.2031759999998));
#6353=CARTESIAN_POINT('',(12.4432183856066,-39.4905494132733,12.2031759999998));
#6354=CARTESIAN_POINT('',(12.3717357451739,-39.4586857618178,12.2031759999998));
#6355=CARTESIAN_POINT('',(12.3002207962502,-39.4270695154821,12.2031759999998));
#6356=CARTESIAN_POINT('',(12.2283784451795,-39.3955712703458,12.2031759999998));
#6357=CARTESIAN_POINT('',(12.1565014662422,-39.3643205943278,12.2031759999998));
#6358=CARTESIAN_POINT('',(12.0845173232962,-39.3332852688428,12.2031759999998));
#6359=CARTESIAN_POINT('',(11.9883920744072,-39.2921910441369,12.2031759999998));
#6360=CARTESIAN_POINT('',(11.8922133480568,-39.2515961191321,12.2031759999998));
#6361=CARTESIAN_POINT('',(11.7958241808713,-39.2114327781695,12.2031759999998));
#6362=CARTESIAN_POINT('',(11.7233832928032,-39.1815087182869,12.2031759999998));
#6363=CARTESIAN_POINT('',(11.6510878007713,-39.1519034148041,12.2031759999998));
#6364=CARTESIAN_POINT('',(11.578635807761,-39.1224922007081,12.2031759999998));
#6365=CARTESIAN_POINT('',(11.5061268945362,-39.0933158614518,12.2031759999998));
#6366=CARTESIAN_POINT('',(11.4334646350557,-39.0643359222367,12.2031759999998));
#6367=CARTESIAN_POINT('',(11.3609351527206,-39.035665496804,12.2031759999998));
#6368=CARTESIAN_POINT('',(11.2882567148678,-39.0071922086701,12.2031759999998));
#6369=CARTESIAN_POINT('',(11.2155218983972,-38.9789526777935,12.2031759999998));
#6370=CARTESIAN_POINT('',(11.1426421283723,-38.950912800824,12.2031759999998));
#6371=CARTESIAN_POINT('',(11.0698791276389,-38.9231723712041,12.2031759999998));
#6372=CARTESIAN_POINT('',(10.996975576475,-38.8956323741903,12.2031759999998));
#6373=CARTESIAN_POINT('',(10.9240159146966,-38.8683250264397,12.2031759999998));
#6374=CARTESIAN_POINT('',(10.8509197027621,-38.841220476067,12.2031759999998));
#6375=CARTESIAN_POINT('',(10.7779242590219,-38.8144059139564,12.2031759999998));
#6376=CARTESIAN_POINT('',(10.7047966237343,-38.7877949442379,12.2031759999998));
#6377=CARTESIAN_POINT('',(10.6316131176276,-38.7614156269921,12.2031759999998));
#6378=CARTESIAN_POINT('',(10.5583014175308,-38.7352421177666,12.2031759999998));
#6379=CARTESIAN_POINT('',(10.4850744953995,-38.7093497342902,12.2031759999998));
#6380=CARTESIAN_POINT('',(10.4117236974327,-38.6836639709953,12.2031759999998));
#6381=CARTESIAN_POINT('',(10.3383172412251,-38.6582089725723,12.2031759999998));
#6382=CARTESIAN_POINT('',(10.2647909101993,-38.6329626658272,12.2031759999998));
#6383=CARTESIAN_POINT('',(10.1913333530698,-38.6079891988455,12.2031759999998));
#6384=CARTESIAN_POINT('',(10.1177602427745,-38.5832252662093,12.2031759999998));
#6385=CARTESIAN_POINT('',(10.0441315005227,-38.5586912681106,12.2031759999998));
#6386=CARTESIAN_POINT('',(9.97039176853893,-38.5343689091995,12.2031759999998));
#6387=CARTESIAN_POINT('',(9.89670255671605,-38.510310970684,12.2031759999998));
#6388=CARTESIAN_POINT('',(9.79831837864392,-38.4785202972415,12.2031759999998));
#6389=CARTESIAN_POINT('',(9.6751212883646,-38.4393306527015,12.2031759999998));
#6390=CARTESIAN_POINT('',(9.52722784688085,-38.3932703646308,12.2031759999998));
#6391=CARTESIAN_POINT('',(9.37895133131954,-38.3480749773979,12.2031759999998));
#6392=CARTESIAN_POINT('',(9.23060445694313,-38.303838850789,12.2031759999998));
#6393=CARTESIAN_POINT('',(9.08190247963523,-38.2604758735651,12.2031759999998));
#6394=CARTESIAN_POINT('',(8.93309925350263,-38.2180595451529,12.2031759999998));
#6395=CARTESIAN_POINT('',(8.78397397920015,-38.176525865047,12.2031759999998));
#6396=CARTESIAN_POINT('',(8.63471325883963,-38.1359265574064,12.2031759999998));
#6397=CARTESIAN_POINT('',(8.43532347851928,-38.0829857022181,12.2031759999998));
#6398=CARTESIAN_POINT('',(8.18559568517558,-38.0191007454339,12.2031759999998));
#6399=CARTESIAN_POINT('',(7.93512383107877,-37.9582441358445,12.2031759999998));
#6400=CARTESIAN_POINT('',(7.7342913835574,-37.911374552745,12.2031759999998));
#6401=CARTESIAN_POINT('',(7.5834751417332,-37.8771383288728,12.2031759999998));
#6402=CARTESIAN_POINT('',(7.43239446660716,-37.8438021650871,12.2031759999998));
#6403=CARTESIAN_POINT('',(7.28115605020449,-37.8113896215471,12.2031759999998));
#6404=CARTESIAN_POINT('',(7.12961932662049,-37.7798713356683,12.2031759999998));
#6405=CARTESIAN_POINT('',(6.9779582429352,-37.7492837207696,12.2031759999998));
#6406=CARTESIAN_POINT('',(6.82596495086038,-37.7195858227574,12.2031759999998));
#6407=CARTESIAN_POINT('',(6.67388046489546,-37.6908251961583,12.2031759999998));
#6408=CARTESIAN_POINT('',(6.52143072948975,-37.66295112903,12.2031759999998));
#6409=CARTESIAN_POINT('',(6.36891856736618,-37.6360198540329,12.2031759999998));
#6410=CARTESIAN_POINT('',(6.24150716278475,-37.614316457503,12.2031759999998));
#6411=CARTESIAN_POINT('',(6.13952925379425,-37.597422855467,12.2031759999998));
#6412=CARTESIAN_POINT('',(6.06303395109792,-37.5849887236533,12.2031759999998));
#6413=CARTESIAN_POINT('',(5.98637786580029,-37.5727670986311,12.2031759999998));
#6414=CARTESIAN_POINT('',(5.90972175366623,-37.5607840630014,12.2031759999998));
#6415=CARTESIAN_POINT('',(5.83301037044985,-37.5490308429477,12.2031759999998));
#6416=CARTESIAN_POINT('',(5.75630393736986,-37.5375164511356,12.2031759999998));
#6417=CARTESIAN_POINT('',(5.67941681379728,-37.5262136107187,12.2031759999998));
#6418=CARTESIAN_POINT('',(5.60253886291191,-37.5151508097225,12.2031759999998));
#6419=CARTESIAN_POINT('',(5.5256053009629,-37.504318546965,12.2031759999998));
#6420=CARTESIAN_POINT('',(5.44868539977397,-37.4937263391484,12.2031759999998));
#6421=CARTESIAN_POINT('',(5.37156685580102,-37.4833456206461,12.2031759999998));
#6422=CARTESIAN_POINT('',(5.29446617905003,-37.473206193747,12.2031759999998));
#6423=CARTESIAN_POINT('',(5.21730968300288,-37.4632981622873,12.2031759999998));
#6424=CARTESIAN_POINT('',(5.140175603726,-37.4536313086335,12.2031759999998));
#6425=CARTESIAN_POINT('',(5.06282468347188,-37.4441763994834,12.2031759999998));
#6426=CARTESIAN_POINT('',(4.98550041353606,-37.434963938211,12.2031759999998));
#6427=CARTESIAN_POINT('',(4.90812009061011,-37.4259838385823,12.2031759999998));
#6428=CARTESIAN_POINT('',(4.83077103663211,-37.4172459421592,12.2031759999998));
#6429=CARTESIAN_POINT('',(4.75318666715822,-37.408720968928,12.2031759999998));
#6430=CARTESIAN_POINT('',(4.67563783152924,-37.4004395035058,12.2031759999998));
#6431=CARTESIAN_POINT('',(4.59803268254222,-37.3923914770205,12.2031759999998));
#6432=CARTESIAN_POINT('',(4.52046775966816,-37.3845865803431,12.2031759999998));
#6433=CARTESIAN_POINT('',(4.44264875222595,-37.376996118862,12.2031759999998));
#6434=CARTESIAN_POINT('',(4.36487426496969,-37.3696501269886,12.2031759999998));
#6435=CARTESIAN_POINT('',(4.28704320221955,-37.3625387667715,12.2031759999998));
#6436=CARTESIAN_POINT('',(4.20926134194078,-37.3556713556048,12.2031759999998));
#6437=CARTESIAN_POINT('',(4.13120666795221,-37.3490204618642,12.2031759999998));
#6438=CARTESIAN_POINT('',(4.05320428655496,-37.3426148040078,12.2031759999998));
#6439=CARTESIAN_POINT('',(3.97515001494553,-37.3364454460523,12.2031759999998));
#6440=CARTESIAN_POINT('',(3.8971354780368,-37.3305194134726,12.2031759999998));
#6441=CARTESIAN_POINT('',(3.81889835898079,-37.3248175403524,12.2031759999998));
#6442=CARTESIAN_POINT('',(3.74069652607626,-37.3193595712588,12.2031759999998));
#6443=CARTESIAN_POINT('',(3.66247788518145,-37.3141412399987,12.2031759999998));
#6444=CARTESIAN_POINT('',(3.58419294456456,-37.3091598667777,12.2031759999998));
#6445=CARTESIAN_POINT('',(3.5060917652946,-37.3044304369662,12.2031759999998));
#6446=CARTESIAN_POINT('',(3.42791983503837,-37.2999368066248,12.2031759999998));
#6447=CARTESIAN_POINT('',(3.34976679054253,-37.2956843303603,12.2031759999998));
#6448=CARTESIAN_POINT('',(3.27152859715358,-37.2916677336844,12.2031759999998));
#6449=CARTESIAN_POINT('',(3.19353175673889,-37.2879027599436,12.2031759999998));
#6450=CARTESIAN_POINT('',(3.11545288266259,-37.2843728008911,12.2031759999998));
#6451=CARTESIAN_POINT('',(3.03739825006443,-37.281083008095,12.2031759999998));
#6452=CARTESIAN_POINT('',(2.9592661450212,-37.2780293835296,12.2031759999998));
#6453=CARTESIAN_POINT('',(2.88135714808604,-37.2752227677298,12.2031759999998));
#6454=CARTESIAN_POINT('',(2.80337511516876,-37.2726515741578,12.2031759999998));
#6455=CARTESIAN_POINT('',(2.72541722795668,-37.2703193269428,12.2031759999998));
#6456=CARTESIAN_POINT('',(2.64739090379067,-37.2682235161055,12.2031759999998));
#6457=CARTESIAN_POINT('',(2.56956929161998,-37.266370657434,12.2031759999998));
#6458=CARTESIAN_POINT('',(2.49168364579886,-37.2647535201082,12.2031759999998));
#6459=CARTESIAN_POINT('',(2.41382203351623,-37.2633742237374,12.2031759999998));
#6460=CARTESIAN_POINT('',(2.33590093166222,-37.2622315207044,12.2031759999998));
#6461=CARTESIAN_POINT('',(2.25816636548727,-37.2613282818688,12.2031759999998));
#6462=CARTESIAN_POINT('',(2.18037667720539,-37.2606609513143,12.2031759999998));
#6463=CARTESIAN_POINT('',(2.10261092165475,-37.2602304700495,12.2031759999998));
#6464=CARTESIAN_POINT('',(2.0247945372687,-37.2600366299564,12.2031759999998));
#6465=CARTESIAN_POINT('',(1.94714671547567,-37.2600793224984,12.2031759999998));
#6466=CARTESIAN_POINT('',(1.86945260084647,-37.2603580005964,12.2031759999998));
#6467=CARTESIAN_POINT('',(1.79178232858943,-37.260872647819,12.2031759999998));
#6468=CARTESIAN_POINT('',(1.71407021330046,-37.2616238769702,12.2031759999998));
#6469=CARTESIAN_POINT('',(1.63650886138758,-37.262609253266,12.2031759999998));
#6470=CARTESIAN_POINT('',(1.55891001500787,-37.2638305833207,12.2031759999998));
#6471=CARTESIAN_POINT('',(1.48133477116588,-37.2652871177925,12.2031759999998));
#6472=CARTESIAN_POINT('',(1.40372699968623,-37.2669800474344,12.2031759999998));
#6473=CARTESIAN_POINT('',(1.32625012426593,-37.2689053585762,12.2031759999998));
#6474=CARTESIAN_POINT('',(1.22292040200668,-37.2717864466547,12.2031759999998));
#6475=CARTESIAN_POINT('',(1.09373881958283,-37.2759770807611,12.2031759999998));
#6476=CARTESIAN_POINT('',(0.938979392670045,-37.281936648929,12.2031759999998));
#6477=CARTESIAN_POINT('',(0.784153187863434,-37.2888388028484,12.2031759999998));
#6478=CARTESIAN_POINT('',(0.629569472354483,-37.2966688991128,12.2031759999998));
#6479=CARTESIAN_POINT('',(0.474948247496984,-37.3054400174915,12.2031759999998));
#6480=CARTESIAN_POINT('',(0.320536223980867,-37.3151377078011,12.2031759999998));
#6481=CARTESIAN_POINT('',(0.166120907496971,-37.3257743479345,12.2031759999998));
#6482=CARTESIAN_POINT('',(0.011878869216765,-37.3373375793947,12.2031759999998));
#6483=CARTESIAN_POINT('',(-0.193727665052435,-37.3540031588564,12.2031759999998));
#6484=CARTESIAN_POINT('',(-0.450448221592749,-37.3771595291813,12.2031759999998));
#6485=CARTESIAN_POINT('',(-0.706863328351766,-37.4034191895061,12.2031759999998));
#6486=CARTESIAN_POINT('',(-0.911829910938316,-37.4262917108192,12.2031759999998));
#6487=CARTESIAN_POINT('',(-1.06542571375638,-37.4443731512898,12.2031759999998));
#6488=CARTESIAN_POINT('',(-1.21898117420813,-37.4633927173254,12.2031759999998));
#6489=CARTESIAN_POINT('',(-1.37237139065936,-37.4833349998854,12.2031759999998));
#6490=CARTESIAN_POINT('',(-1.52575549100842,-37.5042214948595,12.2031759999998));
#6491=CARTESIAN_POINT('',(-1.67894041102661,-37.5260261945679,12.2031759999998));
#6492=CARTESIAN_POINT('',(-1.8321527211045,-37.5487823587471,12.2031759999998));
#6493=CARTESIAN_POINT('',(-1.98513236056773,-37.572451873544,12.2031759999998));
#6494=CARTESIAN_POINT('',(-2.13817156319478,-37.5970811134405,12.2031759999998));
#6495=CARTESIAN_POINT('',(-2.29094928749236,-37.6226193341317,12.2031759999998));
#6496=CARTESIAN_POINT('',(-2.41832573200728,-37.6447060532601,12.2031759999998));
#6497=CARTESIAN_POINT('',(-2.5201147842086,-37.6628338903082,12.2031759999998));
#6498=CARTESIAN_POINT('',(-2.59638787482982,-37.6766561580429,12.2031759999998));
#6499=CARTESIAN_POINT('',(-2.67274647514109,-37.6907334326542,12.2031759999998));
#6500=CARTESIAN_POINT('',(-2.74902400797965,-37.705035477112,12.2031759999998));
#6501=CARTESIAN_POINT('',(-2.82527760038098,-37.7195728580156,12.2031759999998));
#6502=CARTESIAN_POINT('',(-2.90144532136587,-37.7343335459982,12.2031759999998));
#6503=CARTESIAN_POINT('',(-2.97771776781577,-37.7493550919275,12.2031759999998));
#6504=CARTESIAN_POINT('',(-3.05389994778534,-37.7645996954858,12.2031759999998));
#6505=CARTESIAN_POINT('',(-3.13005827342608,-37.7800804589417,12.2031759999998));
#6506=CARTESIAN_POINT('',(-3.20612208807732,-37.7957827735392,12.2031759999998));
#6507=CARTESIAN_POINT('',(-3.28230760623023,-37.8117519720333,12.2031759999998));
#6508=CARTESIAN_POINT('',(-3.35839422585788,-37.8279425019364,12.2031759999998));
#6509=CARTESIAN_POINT('',(-3.43445690115042,-37.8443700973038,12.2031759999998));
#6510=CARTESIAN_POINT('',(-3.51041641737415,-37.8610173744017,12.2031759999998));
#6511=CARTESIAN_POINT('',(-3.58651467927372,-37.8779381341099,12.2031759999998));
#6512=CARTESIAN_POINT('',(-3.66250535691166,-37.8950783782969,12.2031759999998));
#6513=CARTESIAN_POINT('',(-3.73847198805463,-37.9124567053346,12.2031759999998));
#6514=CARTESIAN_POINT('',(-3.81432675157352,-37.9300527198668,12.2031759999998));
#6515=CARTESIAN_POINT('',(-3.89033739421812,-37.9479294049461,12.2031759999998));
#6516=CARTESIAN_POINT('',(-3.96623170227301,-37.9660236024802,12.2031759999998));
#6517=CARTESIAN_POINT('',(-4.04210184875171,-37.9843570141775,12.2031759999998));
#6518=CARTESIAN_POINT('',(-4.11785135531562,-38.002905991297,12.2031759999998));
#6519=CARTESIAN_POINT('',(-4.19377396230563,-38.0217434270944,12.2031759999998));
#6520=CARTESIAN_POINT('',(-4.26957148322223,-38.0407962934132,12.2031759999998));
#6521=CARTESIAN_POINT('',(-4.34534444647651,-38.0600895487289,12.2031759999998));
#6522=CARTESIAN_POINT('',(-4.42098892492354,-38.0795963872958,12.2031759999998));
#6523=CARTESIAN_POINT('',(-4.49682009873187,-38.0993990736211,12.2031759999998));
#6524=CARTESIAN_POINT('',(-4.59776842972891,-38.1260920290487,12.2031759999998));
#6525=CARTESIAN_POINT('',(-4.69856237775275,-38.1532398682988,12.2031759999998));
#6526=CARTESIAN_POINT('',(-4.79938410270543,-38.1808931418132,12.2031759999998));
#6527=CARTESIAN_POINT('',(-4.87491900383301,-38.2018602126797,12.2031759999998));
#6528=CARTESIAN_POINT('',(-4.95037765282594,-38.2230553903613,12.2031759999998));
#6529=CARTESIAN_POINT('',(-5.02583476892639,-38.2445003119218,12.2031759999998));
#6530=CARTESIAN_POINT('',(-5.10098633471333,-38.2661074380222,12.2031759999998));
#6531=CARTESIAN_POINT('',(-5.17613876331923,-38.2879638762473,12.2031759999998));
#6532=CARTESIAN_POINT('',(-5.25118983998879,-38.3100402301085,12.2031759999998));
#6533=CARTESIAN_POINT('',(-5.32624201061067,-38.3323669779752,12.2031759999998));
#6534=CARTESIAN_POINT('',(-5.40098770638557,-38.3548516028593,12.2031759999998));
#6535=CARTESIAN_POINT('',(-5.47573089215736,-38.3775845179531,12.2031759999998));
#6536=CARTESIAN_POINT('',(-5.55037182226607,-38.4005357422466,12.2031759999998));
#6537=CARTESIAN_POINT('',(-5.62500551450786,-38.4237347865878,12.2031759999998));
#6538=CARTESIAN_POINT('',(-5.69935164335794,-38.4470935885949,12.2031759999998));
#6539=CARTESIAN_POINT('',(-5.77368659730873,-38.4706980475739,12.2031759999998));
#6540=CARTESIAN_POINT('',(-5.84791979698399,-38.4945197286308,12.2031759999998));
#6541=CARTESIAN_POINT('',(-5.92213717139624,-38.5185864720352,12.2031759999998));
#6542=CARTESIAN_POINT('',(-5.99608558387162,-38.5428153516026,12.2031759999998));
#6543=CARTESIAN_POINT('',(-6.07001425901974,-38.567287171522,12.2031759999998));
#6544=CARTESIAN_POINT('',(-6.14384163946517,-38.5919752337648,12.2031759999998));
#6545=CARTESIAN_POINT('',(-6.21764473009996,-38.6169055262564,12.2031759999998));
#6546=CARTESIAN_POINT('',(-6.29119706873143,-38.6420007953243,12.2031759999998));
#6547=CARTESIAN_POINT('',(-6.36472122844918,-38.6673362123223,12.2031759999998));
#6548=CARTESIAN_POINT('',(-6.43814450482397,-38.6928869948826,12.2031759999998));
#6549=CARTESIAN_POINT('',(-6.51153514248311,-38.7186771011233,12.2031759999998));
#6550=CARTESIAN_POINT('',(-6.58469286734668,-38.7446354809395,12.2031759999998));
#6551=CARTESIAN_POINT('',(-6.65781408341062,-38.7708311398524,12.2031759999998));
#6552=CARTESIAN_POINT('',(-6.73083478091368,-38.7972413888309,12.2031759999998));
#6553=CARTESIAN_POINT('',(-6.80381459490479,-38.8238879784782,12.2031759999998));
#6554=CARTESIAN_POINT('',(-6.87657899494966,-38.8507065954123,12.2031759999998));
#6555=CARTESIAN_POINT('',(-6.94929862130036,-38.8777595302867,12.2031759999998));
#6556=CARTESIAN_POINT('',(-7.02191818985996,-38.9050264354655,12.2031759999998));
#6557=CARTESIAN_POINT('',(-7.09448819676397,-38.9325264108388,12.2031759999998));
#6558=CARTESIAN_POINT('',(-7.16686194156727,-38.9602034044822,12.2031759999998));
#6559=CARTESIAN_POINT('',(-7.26327980172335,-38.9974105164542,12.2031759999998));
#6560=CARTESIAN_POINT('',(-7.38362211757281,-39.0444804404151,12.2031759999998));
#6561=CARTESIAN_POINT('',(-7.52748864707195,-39.101759084949,12.2031759999998));
#6562=CARTESIAN_POINT('',(-7.6710983862561,-39.1599461407224,12.2031759999998));
#6563=CARTESIAN_POINT('',(-7.81418043894974,-39.2189309892593,12.2031759999998));
#6564=CARTESIAN_POINT('',(-7.95697849122576,-39.2788129526246,12.2031759999998));
#6565=CARTESIAN_POINT('',(-8.09928059500416,-39.3395027118547,12.2031759999998));
#6566=CARTESIAN_POINT('',(-8.24126721794056,-39.4010762520696,12.2031759999998));
#6567=CARTESIAN_POINT('',(-8.3827913827267,-39.463469638573,12.2031759999998));
#6568=CARTESIAN_POINT('',(-8.66513644188928,-39.5899923763606,12.2031759999998));
#6569=CARTESIAN_POINT('',(-8.9454203422188,-39.7207177307365,12.2031759999998));
#6570=CARTESIAN_POINT('',(-9.22379021669472,-39.855713415423,12.2031759999998));
#6571=CARTESIAN_POINT('',(-9.36253976825307,-39.9240401617029,12.2031759999998));
#6572=CARTESIAN_POINT('',(-9.50094795497871,-39.9932427435962,12.2031759999998));
#6573=CARTESIAN_POINT('',(-9.63888724160745,-40.0632575507077,12.2031759999998));
#6574=CARTESIAN_POINT('',(-9.77651551327446,-40.1341656662389,12.2031759999998));
#6575=CARTESIAN_POINT('',(-9.91364454863486,-40.2058705076287,12.2031759999998));
#6576=CARTESIAN_POINT('',(-10.050490818344,-40.2784863968048,12.2031759999998));
#6577=CARTESIAN_POINT('',(-10.1868111340597,-40.3518850994028,12.2031759999998));
#6578=CARTESIAN_POINT('',(-10.3001885437215,-40.4138197160187,12.2031759999998));
#6579=CARTESIAN_POINT('',(-10.390637359617,-40.463764910122,12.2031759999998));
#6580=CARTESIAN_POINT('',(-10.4809179671219,-40.5139747062781,12.2031759999998));
#6581=CARTESIAN_POINT('',(-10.5711019983297,-40.5646692194959,12.2031759999998));
#6582=CARTESIAN_POINT('',(-10.6610171379727,-40.6157529484285,12.2031759999998));
#6583=CARTESIAN_POINT('',(-10.7283133445623,-40.6542564320295,12.2031759999998));
#6584=CARTESIAN_POINT('',(-10.7956089900818,-40.6930312609058,12.2031759999998));
#6585=CARTESIAN_POINT('',(-10.8627519486601,-40.7319903372702,12.2031759999998));
#6586=CARTESIAN_POINT('',(-10.9297943091834,-40.7711637148576,12.2031759999998));
#6587=CARTESIAN_POINT('',(-10.9966798419783,-40.8105182765154,12.2031759999998));
#6588=CARTESIAN_POINT('',(-11.0635813768519,-40.8501564371189,12.2031759999998));
#6589=CARTESIAN_POINT('',(-11.130322002545,-40.8899740901346,12.2031759999998));
#6590=CARTESIAN_POINT('',(-11.1969618559552,-40.9300068917391,12.2031759999998));
#6591=CARTESIAN_POINT('',(-11.2634373007516,-40.9702163237594,12.2031759999998));
#6592=CARTESIAN_POINT('',(-11.3299427453596,-41.0107208027109,12.2031759999998));
#6593=CARTESIAN_POINT('',(-11.3962797033769,-41.0514002547388,12.2031759999998));
#6594=CARTESIAN_POINT('',(-11.4625154926955,-41.0922957055486,12.2031759999998));
#6595=CARTESIAN_POINT('',(-11.5285793281501,-41.1333631261736,12.2031759999998));
#6596=CARTESIAN_POINT('',(-11.5946870325096,-41.1747376067748,12.2031759999998));
#6597=CARTESIAN_POINT('',(-11.6606186611204,-41.2162824081956,12.2031759999998));
#6598=CARTESIAN_POINT('',(-11.7264486757524,-41.2580441605105,12.2031759999998));
#6599=CARTESIAN_POINT('',(-11.7920991739793,-41.2999730825783,12.2031759999998));
#6600=CARTESIAN_POINT('',(-11.8578073037367,-41.3422216688891,12.2031759999998));
#6601=CARTESIAN_POINT('',(-11.9233317472944,-41.3846357825549,12.2031759999998));
#6602=CARTESIAN_POINT('',(-11.9887540819904,-41.4272679034198,12.2031759999998));
#6603=CARTESIAN_POINT('',(-12.053989316203,-41.4700622489952,12.2031759999998));
#6604=CARTESIAN_POINT('',(-12.1192958390808,-41.5131894693918,12.2031759999998));
#6605=CARTESIAN_POINT('',(-12.1844110693565,-41.5564772974417,12.2031759999998));
#6606=CARTESIAN_POINT('',(-12.2494235265955,-41.5999842135861,12.2031759999998));
#6607=CARTESIAN_POINT('',(-12.3142417138036,-41.6436485632279,12.2031759999998));
#6608=CARTESIAN_POINT('',(-12.3791430993922,-41.6876584843143,12.2031759999998));
#6609=CARTESIAN_POINT('',(-12.4654212941924,-41.7465514725586,12.2031759999998));
#6610=CARTESIAN_POINT('',(-12.5729525265758,-41.820678397255,12.2031759999998));
#6611=CARTESIAN_POINT('',(-12.6800351258573,-41.8954690165299,12.2031759999998));
#6612=CARTESIAN_POINT('',(-12.7654036968789,-41.9556793888567,12.2031759999998));
#6613=CARTESIAN_POINT('',(-12.8293484027897,-42.0010740451487,12.2031759999998));
#6614=CARTESIAN_POINT('',(-12.892939800706,-42.0465114044762,12.2031759999998));
#6615=CARTESIAN_POINT('',(-12.9564518381308,-42.0921859551813,12.2031759999998));
#6616=CARTESIAN_POINT('',(-13.0197945463336,-42.1380334323642,12.2031759999998));
#6617=CARTESIAN_POINT('',(-13.0830538527336,-42.1841164072821,12.2031759999998));
#6618=CARTESIAN_POINT('',(-13.1459760163843,-42.2302488598062,12.2031759999998));
#6619=CARTESIAN_POINT('',(-13.2088117950609,-42.2766134461042,12.2031759999998));
#6620=CARTESIAN_POINT('',(-13.2714790332376,-42.3231499614496,12.2031759999998));
#6621=CARTESIAN_POINT('',(-13.3340555952419,-42.3699165685808,12.2031759999998));
#6622=CARTESIAN_POINT('',(-13.3963121792896,-42.4167408212705,12.2031759999998));
#6623=CARTESIAN_POINT('',(-13.458475089788,-42.4637918327755,12.2031759999998));
#6624=CARTESIAN_POINT('',(-13.5204702779939,-42.5110139385516,12.2031759999998));
#6625=CARTESIAN_POINT('',(-13.5823676344729,-42.5584606835189,12.2031759999998));
#6626=CARTESIAN_POINT('',(-13.6439616457053,-42.6059735525414,12.2031759999998));
#6627=CARTESIAN_POINT('',(-13.7054548384813,-42.653707775046,12.2031759999998));
#6628=CARTESIAN_POINT('',(-13.7667810468387,-42.7016123399729,12.2031759999998));
#6629=CARTESIAN_POINT('',(-13.8280024078364,-42.7497360621348,12.2031759999998));
#6630=CARTESIAN_POINT('',(-13.8889365392009,-42.7979346933406,12.2031759999998));
#6631=CARTESIAN_POINT('',(-13.9497628440766,-42.8463492401868,12.2031759999998));
#6632=CARTESIAN_POINT('',(-14.0104228239867,-42.8949334590675,12.2031759999998));
#6633=CARTESIAN_POINT('',(-14.0709710696946,-42.9437313178101,12.2031759999998));
#6634=CARTESIAN_POINT('',(-14.1312477166232,-42.992613188711,12.2031759999998));
#6635=CARTESIAN_POINT('',(-14.1914096167727,-43.0417054665847,12.2031759999998));
#6636=CARTESIAN_POINT('',(-14.2514059270096,-43.0909669556909,12.2031759999998));
#6637=CARTESIAN_POINT('',(-14.3112831678677,-43.1404360441767,12.2031759999998));
#6638=CARTESIAN_POINT('',(-14.370906100345,-43.1900003751938,12.2031759999998));
#6639=CARTESIAN_POINT('',(-14.450230656715,-43.2563502618156,12.2031759999998));
#6640=CARTESIAN_POINT('',(-14.5292848327205,-43.3230883724136,12.2031759999998));
#6641=CARTESIAN_POINT('',(-14.607918325976,-43.3900862626089,12.2031759999998));
#6642=CARTESIAN_POINT('',(-14.6863628728129,-43.457334384554,12.2031759999998));
#6643=CARTESIAN_POINT('',(-14.7840639547073,-43.5418649448073,12.2031759999998));
#6644=CARTESIAN_POINT('',(-14.9005336966613,-43.6438745564723,12.2031759999998));
#6645=CARTESIAN_POINT('',(-15.0164545481266,-43.7466511607669,12.2031759999998));
#6646=CARTESIAN_POINT('',(-15.1316202312086,-43.8500109060343,12.2031759999998));
#6647=CARTESIAN_POINT('',(-15.2462146483889,-43.9541174921505,12.2031759999998));
#6648=CARTESIAN_POINT('',(-15.3600804152497,-44.0588274624866,12.2031759999998));
#6649=CARTESIAN_POINT('',(-15.4733497709331,-44.1642612726942,12.2031759999998));
#6650=CARTESIAN_POINT('',(-15.5859175089084,-44.2703207993471,12.2031759999998));
#6651=CARTESIAN_POINT('',(-15.8098052349303,-44.4838362052902,12.2031759999998));
#6652=CARTESIAN_POINT('',(-16.0303614542649,-44.7006381075706,12.2031759999998));
#6653=CARTESIAN_POINT('',(-16.2477011822367,-44.9208405447622,12.2031759999998));
#6654=CARTESIAN_POINT('',(-16.3556812524171,-45.0315751609805,12.2031759999998));
#6655=CARTESIAN_POINT('',(-16.4630545869521,-45.1430292887401,12.2031759999998));
#6656=CARTESIAN_POINT('',(-16.5697107662667,-45.255088565218,12.2031759999998));
#6657=CARTESIAN_POINT('',(-16.6757832630949,-45.3678945363266,12.2031759999998));
#6658=CARTESIAN_POINT('',(-16.7811148744395,-45.4812805770031,12.2031759999998));
#6659=CARTESIAN_POINT('',(-16.8858841513221,-45.5954405179801,12.2031759999998));
#6660=CARTESIAN_POINT('',(-16.989889223928,-45.7101552902359,12.2031759999998));
#6661=CARTESIAN_POINT('',(-17.0933526337313,-45.8256722225976,12.2031759999998));
#6662=CARTESIAN_POINT('',(-17.1789154848133,-45.9223769200892,12.2031759999998));
#6663=CARTESIAN_POINT('',(-17.2471061479201,-46.000157337961,12.2031759999998));
#6664=CARTESIAN_POINT('',(-17.3150347158045,-46.0781148380893,12.2031759999998));
#6665=CARTESIAN_POINT('',(-17.3826678095976,-46.1564502839511,12.2031759999998));
#6666=CARTESIAN_POINT('',(-17.449926834496,-46.2350735708507,12.2031759999998));
#6667=CARTESIAN_POINT('',(-17.5002441825881,-46.2942556226228,12.2031759999998));
#6668=CARTESIAN_POINT('',(-17.5503575750996,-46.3535619858228,12.2031759999998));
#6669=CARTESIAN_POINT('',(-17.6169921053313,-46.4329079858696,12.2031759999998));
#6670=CARTESIAN_POINT('',(-17.6832564618496,-46.5125475705216,12.2031759999998));
#6671=CARTESIAN_POINT('',(-17.7492339216245,-46.5925824196551,12.2031759999998));
#6672=CARTESIAN_POINT('',(-17.814941109896,-46.6727853505892,12.2031759999998));
#6673=CARTESIAN_POINT('',(-17.8803628384626,-46.7533875140169,12.2031759999998));
#6674=CARTESIAN_POINT('',(-17.9454089478471,-46.8342795512046,12.2031759999998));
#6675=CARTESIAN_POINT('',(-17.9940602899039,-46.8951618675087,12.2031759999998));
#6676=CARTESIAN_POINT('',(-18.0424948369289,-46.9561530908528,12.2031759999998));
#6677=CARTESIAN_POINT('',(-18.090815683006,-47.0173835034022,12.2031759999998));
#6678=CARTESIAN_POINT('',(-18.1389327781324,-47.0787398888392,12.2031759999998));
#6679=CARTESIAN_POINT('',(-18.1868879506082,-47.1402753146175,12.2031759999998));
#6680=CARTESIAN_POINT('',(-18.2346971241679,-47.2020114570525,12.2031759999998));
#6681=CARTESIAN_POINT('',(-18.2822842661558,-47.2638498799921,12.2031759999998));
#6682=CARTESIAN_POINT('',(-18.3297738849924,-47.3259532508757,12.2031759999998));
#6683=CARTESIAN_POINT('',(-18.3770397991014,-47.3881574404263,12.2031759999998));
#6684=CARTESIAN_POINT('',(-18.4241598494307,-47.4505646363898,12.2031759999998));
#6685=CARTESIAN_POINT('',(-18.4711181798077,-47.5131552563111,12.2031759999998));
#6686=CARTESIAN_POINT('',(-18.5178639560111,-47.5758612085343,12.2031759999998));
#6687=CARTESIAN_POINT('',(-18.5645055428387,-47.6388289743452,12.2031759999998));
#6688=CARTESIAN_POINT('',(-18.6109179325519,-47.7018905330372,12.2031759999998));
#6689=CARTESIAN_POINT('',(-18.6726174270377,-47.7862631601302,12.2031759999998));
#6690=CARTESIAN_POINT('',(-18.7339629670775,-47.8709675805605,12.2031759999998));
#6691=CARTESIAN_POINT('',(-18.7948448401864,-47.9558506737921,12.2031759999998));
#6692=CARTESIAN_POINT('',(-18.8403372591006,-48.0196897497769,12.2031759999998));
#6693=CARTESIAN_POINT('',(-18.8855649187613,-48.0835706775869,12.2031759999998));
#6694=CARTESIAN_POINT('',(-18.9305972199991,-48.1475902134743,12.2031759999998));
#6695=CARTESIAN_POINT('',(-18.9754233693873,-48.21173333784,12.2031759999998));
#6696=CARTESIAN_POINT('',(-19.0199951121016,-48.2759296305658,12.2031759999998));
#6697=CARTESIAN_POINT('',(-19.0644035569275,-48.3403102194769,12.2031759999998));
#6698=CARTESIAN_POINT('',(-19.1085401812443,-48.4047171815719,12.2031759999998));
#6699=CARTESIAN_POINT('',(-19.1524950101802,-48.4692807581117,12.2031759999998));
#6700=CARTESIAN_POINT('',(-19.1962299987769,-48.533945401627,12.2031759999998));
#6701=CARTESIAN_POINT('',(-19.23972734735,-48.5986834169201,12.2031759999998));
#6702=CARTESIAN_POINT('',(-19.2830558395313,-48.6635973815551,12.2031759999998));
#6703=CARTESIAN_POINT('',(-19.3261109215379,-48.7285298285785,12.2031759999998));
#6704=CARTESIAN_POINT('',(-19.3689934850718,-48.7936320034479,12.2031759999998));
#6705=CARTESIAN_POINT('',(-19.4116455430933,-48.8588161550542,12.2031759999998));
#6706=CARTESIAN_POINT('',(-19.4540759466354,-48.9240945426446,12.2031759999998));
#6707=CARTESIAN_POINT('',(-19.4963227531227,-48.9895259794895,12.2031759999998));
#6708=CARTESIAN_POINT('',(-19.5383116476518,-49.0549944896253,12.2031759999998));
#6709=CARTESIAN_POINT('',(-19.5801244159077,-49.1206270140843,12.2031759999998));
#6710=CARTESIAN_POINT('',(-19.7187170048815,-49.339640795245,12.2031759999998));
#6711=CARTESIAN_POINT('',(-19.8947719485327,-49.6264762700025,12.2031759999998));
#6712=CARTESIAN_POINT('',(-20.1046616399181,-49.9828245017802,12.2031759999998));
#6713=CARTESIAN_POINT('',(-20.4127264510525,-50.5206663330375,12.2031759999998));
#6714=CARTESIAN_POINT('',(-20.7524744964614,-51.1578491913601,12.2031759999998));
#6715=CARTESIAN_POINT('',(-21.113912573217,-51.8992949954183,12.2031759999998));
#6716=CARTESIAN_POINT('',(-21.3715532496218,-52.4619898141284,12.2031759999998));
#6717=CARTESIAN_POINT('',(-21.5750462967837,-52.9364519449852,12.2031759999998));
#6718=CARTESIAN_POINT('',(-21.711568625451,-53.2714612279188,12.2031759999998));
#6719=CARTESIAN_POINT('',(-21.7783622668469,-53.4397330415964,12.2031759999998));
#6720=CARTESIAN_POINT('',(-21.8160878838961,-53.5360508901341,12.2031759999998));
#6721=CARTESIAN_POINT('',(-21.8722890281517,-53.6808321100392,12.2031759999998));
#6722=CARTESIAN_POINT('',(-21.9273838820366,-53.8260201693474,12.2031759999998));
#6723=CARTESIAN_POINT('',(-21.9814571653346,-53.9718499497982,12.2031759999998));
#6724=CARTESIAN_POINT('',(-22.0171974119176,-54.0691443976834,12.2031759999998));
#6725=CARTESIAN_POINT('',(-22.052535336809,-54.1667168769641,12.2031759999998));
#6726=CARTESIAN_POINT('',(-22.0874225692139,-54.2644367647027,12.2031759999998));
#6727=CARTESIAN_POINT('',(-22.1133930448509,-54.337886441438,12.2031759999998));
#6728=CARTESIAN_POINT('',(-22.1391236885935,-54.4113693789409,12.2031759999998));
#6729=CARTESIAN_POINT('',(-22.1646656515475,-54.485032362239,12.2031759999998));
#6730=CARTESIAN_POINT('',(-22.1899767173502,-54.5587553414537,12.2031759999998));
#6731=CARTESIAN_POINT('',(-22.215073347635,-54.6325857614556,12.2031759999998));
#6732=CARTESIAN_POINT('',(-22.2399679786734,-54.7065624603776,12.2031759999998));
#6733=CARTESIAN_POINT('',(-22.2646198734406,-54.7805640851346,12.2031759999998));
#6734=CARTESIAN_POINT('',(-22.2890897046227,-54.8547742226216,12.2031759999998));
#6735=CARTESIAN_POINT('',(-22.313318465988,-54.9290156801601,12.2031759999998));
#6736=CARTESIAN_POINT('',(-22.3373395575996,-55.0033902796819,12.2031759999998));
#6737=CARTESIAN_POINT('',(-22.3611506369123,-55.0778934987909,12.2031759999998));
#6738=CARTESIAN_POINT('',(-22.3847204911756,-55.1524270366595,12.2031759999998));
#6739=CARTESIAN_POINT('',(-22.4081079444065,-55.2271790323258,12.2031759999998));
#6740=CARTESIAN_POINT('',(-22.4312477563372,-55.3019425143376,12.2031759999998));
#6741=CARTESIAN_POINT('',(-22.4541866663213,-55.3768683823717,12.2031759999998));
#6742=CARTESIAN_POINT('',(-22.4769049021273,-55.4518948402691,12.2031759999998));
#6743=CARTESIAN_POINT('',(-22.4993908393291,-55.5269835059983,12.2031759999998));
#6744=CARTESIAN_POINT('',(-22.5216508708487,-55.60215569195,12.2031759999998));
#6745=CARTESIAN_POINT('',(-22.543686474648,-55.6774175351462,12.2031759999998));
#6746=CARTESIAN_POINT('',(-22.565461671637,-55.7526445242229,12.2031759999998));
#6747=CARTESIAN_POINT('',(-22.5870033720181,-55.827927172642,12.2031759999998));
#6748=CARTESIAN_POINT('',(-22.6083122670799,-55.9032684739496,12.2031759999998));
#6749=CARTESIAN_POINT('',(-22.6293604600299,-55.9785669793758,12.2031759999998));
#6750=CARTESIAN_POINT('',(-22.6501940982942,-56.0539873158899,12.2031759999998));
#6751=CARTESIAN_POINT('',(-22.6707632858154,-56.1293478046497,12.2031759999998));
#6752=CARTESIAN_POINT('',(-22.6911069197257,-56.2047883861343,12.2031759999998));
#6753=CARTESIAN_POINT('',(-22.711211574228,-56.2802600087007,12.2031759999998));
#6754=CARTESIAN_POINT('',(-22.7310652606165,-56.3557146914511,12.2031759999998));
#6755=CARTESIAN_POINT('',(-22.7507018598489,-56.4312814285801,12.2031759999998));
#6756=CARTESIAN_POINT('',(-22.7700747796112,-56.5067792840594,12.2031759999998));
#6757=CARTESIAN_POINT('',(-22.7892270869081,-56.5823739217881,12.2031759999998));
#6758=CARTESIAN_POINT('',(-22.8081362704788,-56.6579771600482,12.2031759999998));
#6759=CARTESIAN_POINT('',(-22.8268027367138,-56.7335876926873,12.2031759999998));
#6760=CARTESIAN_POINT('',(-22.8452473719176,-56.8092907099392,12.2031759999998));
#6761=CARTESIAN_POINT('',(-22.8634338634698,-56.8849351554811,12.2031759999998));
#6762=CARTESIAN_POINT('',(-22.8814007911621,-56.9606800499209,12.2031759999998));
#6763=CARTESIAN_POINT('',(-22.9050279020885,-57.061654980879,12.2031759999998));
#6764=CARTESIAN_POINT('',(-22.9281946079457,-57.1627402347988,12.2031759999998));
#6765=CARTESIAN_POINT('',(-22.9508739275595,-57.2638132771795,12.2031759999998));
#6766=CARTESIAN_POINT('',(-22.973254095617,-57.3649918060443,12.2031759999998));
#6767=CARTESIAN_POINT('',(-22.9951498328464,-57.4661655093702,12.2031759999998));
#6768=CARTESIAN_POINT('',(-23.016587577898,-57.567452476186,12.2031759999998));
#6769=CARTESIAN_POINT('',(-23.0324218429902,-57.6434022785833,12.2031759999998));
#6770=CARTESIAN_POINT('',(-23.0480319814729,-57.7194314586155,12.2031759999998));
#6771=CARTESIAN_POINT('',(-23.0787653009997,-57.8714588000603,12.2031759999998));
#6772=CARTESIAN_POINT('',(-23.12312748301,-58.0998099215049,12.2031759999998));
#6773=CARTESIAN_POINT('',(-23.1969852639162,-58.5062568578603,12.2031759999998));
#6774=CARTESIAN_POINT('',(-23.2799939187847,-59.0155168447383,12.2031759999998));
#6775=CARTESIAN_POINT('',(-23.3929588257376,-59.8326911849268,12.2031759999998));
#6776=CARTESIAN_POINT('',(-23.4658072306622,-60.5508707268248,12.2031759999998));
#6777=CARTESIAN_POINT('',(-23.5096279072092,-61.1687357559125,12.2031759999998));
#6778=CARTESIAN_POINT('',(-23.5278027234492,-61.478076357677,12.2031759999998));
#6779=CARTESIAN_POINT('',(-23.5386315980701,-61.7105061452616,12.2031759999998));
#6780=CARTESIAN_POINT('',(-23.5446749195592,-61.8655115335052,12.2031759999998));
#6781=CARTESIAN_POINT('',(-23.5474640887395,-61.9431008225214,12.2031759999998));
#6782=CARTESIAN_POINT('',(-23.5500165144408,-62.0206646605083,12.2031759999998));
#6783=CARTESIAN_POINT('',(-23.5531078811404,-62.1241671713079,12.2031759999998));
#6784=CARTESIAN_POINT('',(-23.5557275293346,-62.2276762233271,12.2031759999998));
#6785=CARTESIAN_POINT('',(-23.5578774878918,-62.3313134642806,12.2031759999998));
#6786=CARTESIAN_POINT('',(-23.5597116029481,-62.434917107381,12.2031759999998));
#6787=CARTESIAN_POINT('',(-23.5610746717298,-62.5386479554094,12.2031759999998));
#6788=CARTESIAN_POINT('',(-23.5619639406027,-62.6423663286688,12.2031759999998));
#6789=CARTESIAN_POINT('',(-23.562394499703,-62.7202442036757,12.2031759999998));
#6790=CARTESIAN_POINT('',(-23.5625877611063,-62.7980761317397,12.2031759999998));
#6791=CARTESIAN_POINT('',(-23.5625291893652,-62.9019860491275,12.2031759999998));
#6792=CARTESIAN_POINT('',(-23.5619957713972,-63.0058658795417,12.2031759999998));
#6793=CARTESIAN_POINT('',(-23.5609854913677,-63.1098908401854,12.2031759999998));
#6794=CARTESIAN_POINT('',(-23.5599903965911,-63.1878557939689,12.2031759999998));
#6795=CARTESIAN_POINT('',(-23.5587552720875,-63.2659477971612,12.2031759999998));
#6796=CARTESIAN_POINT('',(-23.557282179484,-63.3440000217696,12.2031759999998));
#6797=CARTESIAN_POINT('',(-23.5555696571805,-63.4220990433945,12.2031759999998));
#6798=CARTESIAN_POINT('',(-23.5536165692405,-63.5002591057345,12.2031759999998));
#6799=CARTESIAN_POINT('',(-23.5514261021667,-63.578360030784,12.2031759999998));
#6800=CARTESIAN_POINT('',(-23.5489917630364,-63.6566119672983,12.2031759999998));
#6801=CARTESIAN_POINT('',(-23.5463198746866,-63.7347948117129,12.2031759999998));
#6802=CARTESIAN_POINT('',(-23.5434055374828,-63.8130552448021,12.2031759999998));
#6803=CARTESIAN_POINT('',(-23.5402495657797,-63.8913479520282,12.2031759999998));
#6804=CARTESIAN_POINT('',(-23.5357229213945,-63.9957001127031,12.2031759999998));
#6805=CARTESIAN_POINT('',(-23.5307075242584,-64.1002110299138,12.2031759999998));
#6806=CARTESIAN_POINT('',(-23.5252194189918,-64.2045400848921,12.2031759999998));
#6807=CARTESIAN_POINT('',(-23.5208646065748,-64.282757701556,12.2031759999998));
#6808=CARTESIAN_POINT('',(-23.5162698976102,-64.3609627258135,12.2031759999998));
#6809=CARTESIAN_POINT('',(-23.5114433263472,-64.4390318625496,12.2031759999998));
#6810=CARTESIAN_POINT('',(-23.5063737882515,-64.5171473191593,12.2031759999998));
#6811=CARTESIAN_POINT('',(-23.499307003357,-64.6211143511622,12.2031759999998));
#6812=CARTESIAN_POINT('',(-23.4917609952543,-64.7250795783968,12.2031759999998));
#6813=CARTESIAN_POINT('',(-23.4837515128734,-64.8288430350524,12.2031759999998));
#6814=CARTESIAN_POINT('',(-23.4775024775928,-64.9066997752784,12.2031759999998));
#6815=CARTESIAN_POINT('',(-23.4710264002742,-64.9844090747634,12.2031759999998));
#6816=CARTESIAN_POINT('',(-23.4643106402759,-65.0621297184495,12.2031759999998));
#6817=CARTESIAN_POINT('',(-23.4573615583728,-65.1397860354209,12.2031759999998));
#6818=CARTESIAN_POINT('',(-23.4501814988616,-65.2173599823898,12.2031759999998));
#6819=CARTESIAN_POINT('',(-23.4427605807199,-65.294956891503,12.2031759999998));
#6820=CARTESIAN_POINT('',(-23.4351156574664,-65.372405309515,12.2031759999998));
#6821=CARTESIAN_POINT('',(-23.4272303270684,-65.4498758561941,12.2031759999998));
#6822=CARTESIAN_POINT('',(-23.4191151493086,-65.5272635803218,12.2031759999998));
#6823=CARTESIAN_POINT('',(-23.410768155966,-65.6045933120089,12.2031759999998));
#6824=CARTESIAN_POINT('',(-23.4021835059546,-65.6819179344802,12.2031759999998));
#6825=CARTESIAN_POINT('',(-23.3933744198397,-65.7591223888889,12.2031759999998));
#6826=CARTESIAN_POINT('',(-23.3813105355323,-65.8620727097432,12.2031759999998));
#6827=CARTESIAN_POINT('',(-23.3656585065387,-65.9905698766159,12.2031759999998));
#6828=CARTESIAN_POINT('',(-23.3393760993036,-66.1959371036386,12.2031759999998));
#6829=CARTESIAN_POINT('',(-23.29014663028,-66.5546213302713,12.2031759999998));
#6830=CARTESIAN_POINT('',(-23.1787941788229,-67.2691077686385,12.2031759999998));
#6831=CARTESIAN_POINT('',(-22.9830426996254,-68.2817567413525,12.2031759999998));
#6832=CARTESIAN_POINT('',(-22.7385764941466,-69.283707250512,12.2031759999998));
#6833=CARTESIAN_POINT('',(-22.5558678746552,-69.9296594415284,12.2031759999998));
#6834=CARTESIAN_POINT('',(-22.4743289451338,-70.2020801290787,12.2031759999998));
#6835=CARTESIAN_POINT('',(-22.4442327826018,-70.300990378687,12.2031759999998));
#6836=CARTESIAN_POINT('',(-22.4214124223462,-70.3751796422165,12.2031759999998));
#6837=CARTESIAN_POINT('',(-22.3983764376376,-70.4492686619303,12.2031759999998));
#6838=CARTESIAN_POINT('',(-22.3673418224795,-70.5480245729874,12.2031759999998));
#6839=CARTESIAN_POINT('',(-22.3358589563034,-70.6466343884344,12.2031759999998));
#6840=CARTESIAN_POINT('',(-22.3038912503024,-70.7452092247892,12.2031759999998));
#6841=CARTESIAN_POINT('',(-22.271636069957,-70.8436497203094,12.2031759999998));
#6842=CARTESIAN_POINT('',(-22.2388958301896,-70.942051709599,12.2031759999998));
#6843=CARTESIAN_POINT('',(-22.2057134822476,-71.0402834421542,12.2031759999998));
#6844=CARTESIAN_POINT('',(-22.1805737253007,-71.113965703543,12.2031759999998));
#6845=CARTESIAN_POINT('',(-22.1552246333639,-71.1875278880287,12.2031759999998));
#6846=CARTESIAN_POINT('',(-22.1210863718921,-71.2856249637983,12.2031759999998));
#6847=CARTESIAN_POINT('',(-22.0865083827046,-71.3835419220103,12.2031759999998));
#6848=CARTESIAN_POINT('',(-22.0514334449761,-71.4814373901648,12.2031759999998));
#6849=CARTESIAN_POINT('',(-22.0249198736355,-71.5547329459233,12.2031759999998));
#6850=CARTESIAN_POINT('',(-21.9981414701954,-71.6280604635106,12.2031759999998));
#6851=CARTESIAN_POINT('',(-21.97114830978,-71.7012811261325,12.2031759999998));
#6852=CARTESIAN_POINT('',(-21.9439173385904,-71.774457969436,12.2031759999998));
#6853=CARTESIAN_POINT('',(-21.9164368358844,-71.8476202066694,12.2031759999998));
#6854=CARTESIAN_POINT('',(-21.8887532600344,-71.9206445786092,12.2031759999998));
#6855=CARTESIAN_POINT('',(-21.8607906219634,-71.993729996774,12.2031759999998));
#6856=CARTESIAN_POINT('',(-21.8326245807625,-72.0666771302421,12.2031759999998));
#6857=CARTESIAN_POINT('',(-21.8042082805463,-72.1396077745967,12.2031759999998));
#6858=CARTESIAN_POINT('',(-21.7755492337352,-72.2125002234007,12.2031759999998));
#6859=CARTESIAN_POINT('',(-21.7466803739201,-72.2852711785506,12.2031759999998));
#6860=CARTESIAN_POINT('',(-21.7175346241264,-72.3580881307236,12.2031759999998));
#6861=CARTESIAN_POINT('',(-21.6783920397354,-72.4550173963801,12.2031759999998));
#6862=CARTESIAN_POINT('',(-21.6388157623965,-72.551737201507,12.2031759999998));
#6863=CARTESIAN_POINT('',(-21.5987924136618,-72.6482799272251,12.2031759999998));
#6864=CARTESIAN_POINT('',(-21.5686033998461,-72.720474788217,12.2031759999998));
#6865=CARTESIAN_POINT('',(-21.5381694063432,-72.7926338683027,12.2031759999998));
#6866=CARTESIAN_POINT('',(-21.5075606062892,-72.8645911999484,12.2031759999998));
#6867=CARTESIAN_POINT('',(-21.4767319705329,-72.9364545677058,12.2031759999998));
#6868=CARTESIAN_POINT('',(-21.4456894599149,-73.0082095784949,12.2031759999998));
#6869=CARTESIAN_POINT('',(-21.4144673559527,-73.0797788838272,12.2031759999998));
#6870=CARTESIAN_POINT('',(-21.3830041165281,-73.1513037116472,12.2031759999998));
#6871=CARTESIAN_POINT('',(-21.3513731707932,-73.2226179063546,12.2031759999998));
#6872=CARTESIAN_POINT('',(-21.3195150686036,-73.2938570153735,12.2031759999998));
#6873=CARTESIAN_POINT('',(-21.2874544731411,-73.3649654482093,12.2031759999998));
#6874=CARTESIAN_POINT('',(-21.2552061756513,-73.4359121751488,12.2031759999998));
#6875=CARTESIAN_POINT('',(-21.2227208931624,-73.5068053841055,12.2031759999998));
#6876=CARTESIAN_POINT('',(-21.1900733652919,-73.5774829886651,12.2031759999998));
#6877=CARTESIAN_POINT('',(-21.1571927807424,-73.6480994379127,12.2031759999998));
#6878=CARTESIAN_POINT('',(-21.1241198157029,-73.7185670216665,12.2031759999998));
#6879=CARTESIAN_POINT('',(-21.0908502843866,-73.7888962029406,12.2031759999998));
#6880=CARTESIAN_POINT('',(-21.0573545862774,-73.8591492477867,12.2031759999998));
#6881=CARTESIAN_POINT('',(-21.0236897564723,-73.9292075573718,12.2031759999998));
#6882=CARTESIAN_POINT('',(-20.9784974805822,-74.0225270992051,12.2031759999998));
#6883=CARTESIAN_POINT('',(-20.9215294406741,-74.1388073360498,12.2031759999998));
#6884=CARTESIAN_POINT('',(-20.8523464750507,-74.2778748697662,12.2031759999998));
#6885=CARTESIAN_POINT('',(-20.7590303969737,-74.4626302544564,12.2031759999998));
#6886=CARTESIAN_POINT('',(-20.5929083306273,-74.7842200587029,12.2031759999998));
#6887=CARTESIAN_POINT('',(-20.2494635464,-75.4204090162147,12.2031759999998));
#6888=CARTESIAN_POINT('',(-19.7268782825827,-76.3095515577442,12.2031759999998));
#6889=CARTESIAN_POINT('',(-19.1619366859854,-77.1723774690587,12.2031759999998));
#6890=CARTESIAN_POINT('',(-18.7888073546264,-77.6994083919682,12.2031759999998));
#6891=CARTESIAN_POINT('',(-18.6366131717515,-77.9082686933457,12.2031759999998));
#6892=CARTESIAN_POINT('',(-18.5907252423037,-77.9708421946503,12.2031759999998));
#6893=CARTESIAN_POINT('',(-18.5446617718705,-78.0332568935223,12.2031759999998));
#6894=CARTESIAN_POINT('',(-18.4521090564176,-78.1578698592093,12.2031759999998));
#6895=CARTESIAN_POINT('',(-18.3429730876822,-78.302504761242,12.2031759999998));
#6896=CARTESIAN_POINT('',(-18.2166122045331,-78.4668282312251,12.2031759999998));
#6897=CARTESIAN_POINT('',(-18.1210398963203,-78.5895609102862,12.2031759999998));
#6898=CARTESIAN_POINT('',(-18.0246532532683,-78.7117968800372,12.2031759999998));
#6899=CARTESIAN_POINT('',(-17.943677592337,-78.8132125777264,12.2031759999998));
#6900=CARTESIAN_POINT('',(-17.8784481719978,-78.8941452940359,12.2031759999998));
#6901=CARTESIAN_POINT('',(-17.8293684690938,-78.9546618770656,12.2031759999998));
#6902=CARTESIAN_POINT('',(-17.7800347459402,-79.0151138973665,12.2031759999998));
#6903=CARTESIAN_POINT('',(-17.7305276765382,-79.0754015974822,12.2031759999998));
#6904=CARTESIAN_POINT('',(-17.680816476283,-79.1355627244682,12.2031759999998));
#6905=CARTESIAN_POINT('',(-17.6308712035944,-79.1956323299597,12.2031759999998));
#6906=CARTESIAN_POINT('',(-17.5807786448777,-79.2555061709117,12.2031759999998));
#6907=CARTESIAN_POINT('',(-17.5304094008048,-79.3153381824034,12.2031759999998));
#6908=CARTESIAN_POINT('',(-17.4798867989696,-79.3749809640024,12.2031759999998));
#6909=CARTESIAN_POINT('',(-17.4291410042438,-79.4345172215098,12.2031759999998));
#6910=CARTESIAN_POINT('',(-17.3781722668501,-79.4939453145886,12.2031759999998));
#6911=CARTESIAN_POINT('',(-17.327052773925,-79.553181363811,12.2031759999998));
#6912=CARTESIAN_POINT('',(-17.2756480897396,-79.6123801920143,12.2031759999998));
#6913=CARTESIAN_POINT('',(-17.2240966712315,-79.6713814561654,12.2031759999998));
#6914=CARTESIAN_POINT('',(-17.172330892481,-79.7302628444758,12.2031759999998));
#6915=CARTESIAN_POINT('',(-17.120377807969,-79.7889929970192,12.2031759999998));
#6916=CARTESIAN_POINT('',(-17.0682392814225,-79.8475695320605,12.2031759999998));
#6917=CARTESIAN_POINT('',(-17.0160083502697,-79.9058890480198,12.2031759999998));
#6918=CARTESIAN_POINT('',(-16.9635586015739,-79.9640931031885,12.2031759999998));
#6919=CARTESIAN_POINT('',(-16.9110056249332,-80.022053613739,12.2031759999998));
#6920=CARTESIAN_POINT('',(-16.8582821916845,-80.0798458905374,12.2031759999998));
#6921=CARTESIAN_POINT('',(-16.8053864241927,-80.1374717123563,12.2031759999998));
#6922=CARTESIAN_POINT('',(-16.7523865405495,-80.1948578334672,12.2031759999998));
#6923=CARTESIAN_POINT('',(-16.6814429475947,-80.2712030662446,12.2031759999998));
#6924=CARTESIAN_POINT('',(-16.610266976789,-80.3470975647677,12.2031759999998));
#6925=CARTESIAN_POINT('',(-16.5387357497788,-80.4226745250249,12.2031759999998));
#6926=CARTESIAN_POINT('',(-16.4849753569665,-80.4791295220538,12.2031759999998));
#6927=CARTESIAN_POINT('',(-16.4310047700009,-80.5354600996297,12.2031759999998));
#6928=CARTESIAN_POINT('',(-16.3769543029843,-80.5915306935844,12.2031759999998));
#6929=CARTESIAN_POINT('',(-16.3227210971231,-80.6474491102883,12.2031759999998));
#6930=CARTESIAN_POINT('',(-16.2682974350473,-80.7032225190418,12.2031759999998));
#6931=CARTESIAN_POINT('',(-16.2137960223015,-80.7587363114377,12.2031759999998));
#6932=CARTESIAN_POINT('',(-16.1591117221486,-80.8140985278594,12.2031759999998));
#6933=CARTESIAN_POINT('',(-16.1042404513948,-80.8693125614585,12.2031759999998));
#6934=CARTESIAN_POINT('',(-16.0492888347704,-80.9242719659283,12.2031759999998));
#6935=CARTESIAN_POINT('',(-15.9941550613507,-80.9790794310386,12.2031759999998));
#6936=CARTESIAN_POINT('',(-15.9388376095533,-81.0337357644755,12.2031759999998));
#6937=CARTESIAN_POINT('',(-15.8834369731023,-81.0881424728767,12.2031759999998));
#6938=CARTESIAN_POINT('',(-15.8278546598833,-81.1423970510574,12.2031759999998));
#6939=CARTESIAN_POINT('',(-15.7720940562954,-81.1964955521651,12.2031759999998));
#6940=CARTESIAN_POINT('',(-15.7162436804782,-81.2503528309508,12.2031759999998));
#6941=CARTESIAN_POINT('',(-15.6602145377903,-81.3040553679364,12.2031759999998));
#6942=CARTESIAN_POINT('',(-15.6040119113586,-81.3575975487238,12.2031759999998));
#6943=CARTESIAN_POINT('',(-15.5477126206213,-81.4109068429692,12.2031759999998));
#6944=CARTESIAN_POINT('',(-15.4912379612897,-81.4640583466269,12.2031759999998));
#6945=CARTESIAN_POINT('',(-15.4345937995759,-81.517046046464,12.2031759999998));
#6946=CARTESIAN_POINT('',(-15.3589323820376,-81.5873944791644,12.2031759999998));
#6947=CARTESIAN_POINT('',(-15.2639126809465,-81.6749394816489,12.2031759999998));
#6948=CARTESIAN_POINT('',(-15.1493623906522,-81.779201697786,12.2031759999998));
#6949=CARTESIAN_POINT('',(-15.0341935213711,-81.8827583178847,12.2031759999998));
#6950=CARTESIAN_POINT('',(-14.8798391594016,-82.0198671649714,12.2031759999998));
#6951=CARTESIAN_POINT('',(-14.6854551471683,-82.1893991818135,12.2031759999998));
#6952=CARTESIAN_POINT('',(-14.3712679849247,-82.4567909487678,12.2031759999998));
#6953=CARTESIAN_POINT('',(-13.813223417562,-82.9145134459676,12.2031759999998));
#6954=CARTESIAN_POINT('',(-13.2387047567826,-83.3518773741112,12.2031759999998));
#6955=CARTESIAN_POINT('',(-12.7765148660018,-83.6821007767296,12.2031759999998));
#6956=CARTESIAN_POINT('',(-12.6283987679791,-83.7859037230527,12.2031759999998));
#6957=CARTESIAN_POINT('',(-12.5434846798269,-83.8448391959004,12.2031759999998));
#6958=CARTESIAN_POINT('',(-12.4796229728214,-83.8888765872127,12.2031759999998));
#6959=CARTESIAN_POINT('',(-12.4156441920882,-83.9327088225257,12.2031759999998));
#6960=CARTESIAN_POINT('',(-12.3515104427149,-83.9763619611572,12.2031759999998));
#6961=CARTESIAN_POINT('',(-12.2872026407695,-84.0198484184297,12.2031759999998));
#6962=CARTESIAN_POINT('',(-12.2227803023843,-84.0631278124611,12.2031759999998));
#6963=CARTESIAN_POINT('',(-12.1582001450755,-84.1062292799758,12.2031759999998));
#6964=CARTESIAN_POINT('',(-12.0934445042942,-84.1491639828554,12.2031759999998));
#6965=CARTESIAN_POINT('',(-12.0285779340791,-84.1918889907257,12.2031759999998));
#6966=CARTESIAN_POINT('',(-11.9635499080892,-84.2344376256725,12.2031759999998));
#6967=CARTESIAN_POINT('',(-11.8983454057509,-84.2768190265027,12.2031759999998));
#6968=CARTESIAN_POINT('',(-11.8330335950498,-84.3189881197931,12.2031759999998));
#6969=CARTESIAN_POINT('',(-11.7675561751766,-84.3609825682127,12.2031759999998));
#6970=CARTESIAN_POINT('',(-11.7019016580919,-84.4028089888749,12.2031759999998));
#6971=CARTESIAN_POINT('',(-11.6361434903466,-84.4444204933219,12.2031759999998));
#6972=CARTESIAN_POINT('',(-11.5702150239235,-84.4858592498638,12.2031759999998));
#6973=CARTESIAN_POINT('',(-11.5041092233074,-84.5271288681737,12.2031759999998));
#6974=CARTESIAN_POINT('',(-11.4379034682657,-84.5681809646909,12.2031759999998));
#6975=CARTESIAN_POINT('',(-11.3715221741985,-84.6090623696959,12.2031759999998));
#6976=CARTESIAN_POINT('',(-11.3049637037116,-84.6497732173484,12.2031759999998));
#6977=CARTESIAN_POINT('',(-11.2383090159745,-84.6902639396938,12.2031759999998));
#6978=CARTESIAN_POINT('',(-11.1714729822896,-84.7305861769556,12.2031759999998));
#6979=CARTESIAN_POINT('',(-11.1044603365919,-84.7707361368402,12.2031759999998));
#6980=CARTESIAN_POINT('',(-11.0373552526022,-84.810663369891,12.2031759999998));
#6981=CARTESIAN_POINT('',(-10.9700624387481,-84.8504244613644,12.2031759999998));
#6982=CARTESIAN_POINT('',(-10.902593973492,-84.8900112751451,12.2031759999998));
#6983=CARTESIAN_POINT('',(-10.8350369769892,-84.9293727138954,12.2031759999998));
#6984=CARTESIAN_POINT('',(-10.7672849598286,-84.9685706599606,12.2031759999998));
#6985=CARTESIAN_POINT('',(-10.6993598272889,-85.0075913913137,12.2031759999998));
#6986=CARTESIAN_POINT('',(-10.6313458474795,-85.0463865303452,12.2031759999998));
#6987=CARTESIAN_POINT('',(-10.5631448797137,-85.0850118711901,12.2031759999998));
#6988=CARTESIAN_POINT('',(-10.4947934095953,-85.1234459986154,12.2031759999998));
#6989=CARTESIAN_POINT('',(-10.4263183453635,-85.1616735535808,12.2031759999998));
#6990=CARTESIAN_POINT('',(-10.3577824599221,-85.1996597981236,12.2031759999998));
#6991=CARTESIAN_POINT('',(-10.2891702616376,-85.2374140676812,12.2031759999998));
#6992=CARTESIAN_POINT('',(-10.2204111405843,-85.2749750957522,12.2031759999998));
#6993=CARTESIAN_POINT('',(-10.1516233415412,-85.3122785668576,12.2031759999998));
#6994=CARTESIAN_POINT('',(-10.0827666324473,-85.3493473345238,12.2031759999998));
#6995=CARTESIAN_POINT('',(-10.0137640837643,-85.386222667825,12.2031759999998));
#6996=CARTESIAN_POINT('',(-9.94473461433017,-85.4228412958796,12.2031759999998));
#6997=CARTESIAN_POINT('',(-9.87563202984082,-85.4592286963399,12.2031759999998));
#6998=CARTESIAN_POINT('',(-9.80638788689926,-85.4954207362018,12.2031759999998));
#6999=CARTESIAN_POINT('',(-9.73711724960944,-85.5313575699215,12.2031759999998));
#7000=CARTESIAN_POINT('',(-9.66776994777642,-85.5670661272297,12.2031759999998));
#7001=CARTESIAN_POINT('',(-9.59828528271899,-85.6025774708147,12.2031759999998));
#7002=CARTESIAN_POINT('',(-9.52877409866093,-85.6378352567037,12.2031759999998));
#7003=CARTESIAN_POINT('',(-9.45918311998657,-85.6728673411266,12.2031759999998));
#7004=CARTESIAN_POINT('',(-9.38945895325666,-85.7077003951386,12.2031759999998));
#7005=CARTESIAN_POINT('',(-9.31970777195225,-85.7422816863129,12.2031759999998));
#7006=CARTESIAN_POINT('',(-9.24987409676329,-85.7766394866804,12.2031759999998));
#7007=CARTESIAN_POINT('',(-9.17991136514511,-85.81079648809,12.2031759999998));
#7008=CARTESIAN_POINT('',(-9.10992074224572,-85.844703607929,12.2031759999998));
#7009=CARTESIAN_POINT('',(-9.03984501772352,-85.8783892759541,12.2031759999998));
#7010=CARTESIAN_POINT('',(-8.9462457879242,-85.9230325993133,12.2031759999998));
#7011=CARTESIAN_POINT('',(-8.85257878843264,-85.9671849562137,12.2031759999998));
#7012=CARTESIAN_POINT('',(-8.75866124397224,-86.0109334136903,12.2031759999998));
#7013=CARTESIAN_POINT('',(-8.68819307076722,-86.0434984478666,12.2031759999998));
#7014=CARTESIAN_POINT('',(-8.61763608955137,-86.0758450081338,12.2031759999998));
#7015=CARTESIAN_POINT('',(-8.52340679046321,-86.118698080345,12.2031759999998));
#7016=CARTESIAN_POINT('',(-8.42909817935186,-86.1610700694531,12.2031759999998));
#7017=CARTESIAN_POINT('',(-8.33455064761418,-86.2030333488418,12.2031759999998));
#7018=CARTESIAN_POINT('',(-8.23996164545392,-86.2446719963993,12.2031759999998));
#7019=CARTESIAN_POINT('',(-8.12146372038471,-86.2961932638587,12.2031759999998));
#7020=CARTESIAN_POINT('',(-7.97901381380998,-86.357104153342,12.2031759999998));
#7021=CARTESIAN_POINT('',(-7.78860778162443,-86.4371596217037,12.2031759999998));
#7022=CARTESIAN_POINT('',(-7.45433396045614,-86.5741414727596,12.2031759999998));
#7023=CARTESIAN_POINT('',(-6.97362511655006,-86.7610057880558,12.2031759999998));
#7024=CARTESIAN_POINT('',(-6.39176922926348,-86.971127855401,12.2031759999998));
#7025=CARTESIAN_POINT('',(-5.95161412675675,-87.1181417701399,12.2031759999998));
#7026=CARTESIAN_POINT('',(-5.65659191497583,-87.2117416063699,12.2031759999998));
#7027=CARTESIAN_POINT('',(-5.50879128157783,-87.2576503908711,12.2031759999998));
#7028=CARTESIAN_POINT('',(-5.36064083097559,-87.3026860105088,12.2031759999998));
#7029=CARTESIAN_POINT('',(-5.21218485969445,-87.3468336308901,12.2031759999998));
#7030=CARTESIAN_POINT('',(-5.06345223722856,-87.3900846355444,12.2031759999998));
#7031=CARTESIAN_POINT('',(-4.93917949438154,-87.4254070186466,12.2031759999998));
#7032=CARTESIAN_POINT('',(-4.83967170352316,-87.453201914152,12.2031759999998));
#7033=CARTESIAN_POINT('',(-4.73997806970429,-87.4807230251337,12.2031759999998));
#7034=CARTESIAN_POINT('',(-4.64022125666632,-87.507773726305,12.2031759999998));
#7035=CARTESIAN_POINT('',(-4.54021530485619,-87.5344039122537,12.2031759999998));
#7036=CARTESIAN_POINT('',(-4.46516575670742,-87.5541446097688,12.2031759999998));
#7037=CARTESIAN_POINT('',(-4.39006096752782,-87.5736563984671,12.2031759999998));
#7038=CARTESIAN_POINT('',(-4.28972621146958,-87.5993976021645,12.2031759999998));
#7039=CARTESIAN_POINT('',(-4.18934403074808,-87.6246640660995,12.2031759999998));
#7040=CARTESIAN_POINT('',(-4.08869507053563,-87.6495102725598,12.2031759999998));
#7041=CARTESIAN_POINT('',(-4.01317173919676,-87.6679103188421,12.2031759999998));
#7042=CARTESIAN_POINT('',(-3.93759176807989,-87.6860810290959,12.2031759999998));
#7043=CARTESIAN_POINT('',(-3.83661296236953,-87.7100331176542,12.2031759999998));
#7044=CARTESIAN_POINT('',(-3.73560156990463,-87.7335064511496,12.2031759999998));
#7045=CARTESIAN_POINT('',(-3.63430636992761,-87.7565585001906,12.2031759999998));
#7046=CARTESIAN_POINT('',(-3.55830752328837,-87.7736102018659,12.2031759999998));
#7047=CARTESIAN_POINT('',(-3.48224767906643,-87.7904324743653,12.2031759999998));
#7048=CARTESIAN_POINT('',(-3.40603052088478,-87.8070458708446,12.2031759999998));
#7049=CARTESIAN_POINT('',(-3.32979360415936,-87.8234199833425,12.2031759999998));
#7050=CARTESIAN_POINT('',(-3.25349229854426,-87.8395647257379,12.2031759999998));
#7051=CARTESIAN_POINT('',(-3.17703133793102,-87.8554994585316,12.2031759999998));
#7052=CARTESIAN_POINT('',(-3.10055496118149,-87.8711936946147,12.2031759999998));
#7053=CARTESIAN_POINT('',(-3.02401116487192,-87.8866584276081,12.2031759999998));
#7054=CARTESIAN_POINT('',(-2.94730557241321,-87.9019118707181,12.2031759999998));
#7055=CARTESIAN_POINT('',(-2.87058900987231,-87.9169236061023,12.2031759999998));
#7056=CARTESIAN_POINT('',(-2.79380143608725,-87.9317056942668,12.2031759999998));
#7057=CARTESIAN_POINT('',(-2.71685032920984,-87.9462750311595,12.2031759999998));
#7058=CARTESIAN_POINT('',(-2.63989292602795,-87.9606014363236,12.2031759999998));
#7059=CARTESIAN_POINT('',(-2.56285966488622,-87.9746981283273,12.2031759999998));
#7060=CARTESIAN_POINT('',(-2.45994660925598,-87.9932047480505,12.2031759999998));
#7061=CARTESIAN_POINT('',(-2.35697510803714,-88.0112328715263,12.2031759999998));
#7062=CARTESIAN_POINT('',(-2.25399661955201,-88.0287746947817,12.2031759999998));
#7063=CARTESIAN_POINT('',(-2.17670544876359,-88.0416971897437,12.2031759999998));
#7064=CARTESIAN_POINT('',(-2.09940790523342,-88.0543772137764,12.2031759999998));
#7065=CARTESIAN_POINT('',(-2.02218448800129,-88.0668024466626,12.2031759999998));
#7066=CARTESIAN_POINT('',(-1.9448851970112,-88.0789973743552,12.2031759999998));
#7067=CARTESIAN_POINT('',(-1.86758982783987,-88.090949201175,12.2031759999998));
#7068=CARTESIAN_POINT('',(-1.79035840154273,-88.1026495409038,12.2031759999998));
#7069=CARTESIAN_POINT('',(-1.71305617250253,-88.1141190797885,12.2031759999998));
#7070=CARTESIAN_POINT('',(-1.63576128843413,-88.1253460684232,12.2031759999998));
#7071=CARTESIAN_POINT('',(-1.5585224248592,-88.1363242682093,12.2031759999998));
#7072=CARTESIAN_POINT('',(-1.48121733751615,-88.1470712798039,12.2031759999998));
#7073=CARTESIAN_POINT('',(-1.4039226196938,-88.1575763397473,12.2031759999998));
#7074=CARTESIAN_POINT('',(-1.32667651995743,-88.1678350220494,12.2031759999998));
#7075=CARTESIAN_POINT('',(-1.24936875030097,-88.1778621559639,12.2031759999998));
#7076=CARTESIAN_POINT('',(-1.17207385694999,-88.1876479919963,12.2031759999998));
#7077=CARTESIAN_POINT('',(-1.09482072496352,-88.1971895873336,12.2031759999998));
#7078=CARTESIAN_POINT('',(-1.01751044541986,-88.2064993019642,12.2031759999998));
#7079=CARTESIAN_POINT('',(-0.940215038240154,-88.2155684132271,12.2031759999998));
#7080=CARTESIAN_POINT('',(-0.862955073946586,-88.2243951644742,12.2031759999998));
#7081=CARTESIAN_POINT('',(-0.785642454813303,-88.2329897298584,12.2031759999998));
#7082=CARTESIAN_POINT('',(-0.708346200582282,-88.2413444131541,12.2031759999998));
#7083=CARTESIAN_POINT('',(-0.631079591052281,-88.2494583790258,12.2031759999998));
#7084=CARTESIAN_POINT('',(-0.553764835239263,-88.2573398771198,12.2031759999998));
#7085=CARTESIAN_POINT('',(-0.476467276319375,-88.2649822397366,12.2031759999998));
#7086=CARTESIAN_POINT('',(-0.399194677935233,-88.2723852610461,12.2031759999998));
#7087=CARTESIAN_POINT('',(-0.296103403884309,-88.2819458781033,12.2031759999998));
#7088=CARTESIAN_POINT('',(-0.167303617662365,-88.2932991346208,12.2031759999998));
#7089=CARTESIAN_POINT('',(-0.0126785475355419,-88.3059836335361,12.2031759999998));
#7090=CARTESIAN_POINT('',(0.141923194846076,-88.3177222155378,12.2031759999998));
#7091=CARTESIAN_POINT('',(0.451123230382396,-88.3393143690978,12.2031759999998));
#7092=CARTESIAN_POINT('',(0.91500856602743,-88.3646484395664,12.2031759999998));
#7093=CARTESIAN_POINT('',(1.53355071481258,-88.3834235623103,12.2031759999998));
#7094=CARTESIAN_POINT('',(2.15217292912847,-88.3872262409863,12.2031759999998));
#7095=CARTESIAN_POINT('',(2.66774585742486,-88.3779188983982,12.2031759999998));
#7096=CARTESIAN_POINT('',(3.02867908205166,-88.3648427962556,12.2031759999998));
#7097=CARTESIAN_POINT('',(3.23493812535565,-88.3554929179124,12.2031759999998));
#7098=CARTESIAN_POINT('',(3.38961297256821,-88.3475422383813,12.2031759999998));
#7099=CARTESIAN_POINT('',(3.54434006840721,-88.3386482736807,12.2031759999998));
#7100=CARTESIAN_POINT('',(3.67324534964735,-88.3304541664041,12.2031759999998));
#7101=CARTESIAN_POINT('',(3.77639868815942,-88.3234256509841,12.2031759999998));
#7102=CARTESIAN_POINT('',(3.8794989111316,-88.3160865978009,12.2031759999998));
#7103=CARTESIAN_POINT('',(3.98269555034581,-88.3082684688034,12.2031759999998));
#7104=CARTESIAN_POINT('',(4.08578966231843,-88.2999857655598,12.2031759999998));
#7105=CARTESIAN_POINT('',(4.1631808337464,-88.293531597051,12.2031759999998));
#7106=CARTESIAN_POINT('',(4.24054597024496,-88.2868427413832,12.2031759999998));
#7107=CARTESIAN_POINT('',(4.31786779621202,-88.27992106542,12.2031759999998));
#7108=CARTESIAN_POINT('',(4.39526650113454,-88.2727553757485,12.2031759999998));
#7109=CARTESIAN_POINT('',(4.47263472359054,-88.2653550488856,12.2031759999998));
#7110=CARTESIAN_POINT('',(4.54995494183256,-88.2577221614261,12.2031759999998));
#7111=CARTESIAN_POINT('',(4.62736226111617,-88.2498428858309,12.2031759999998));
#7112=CARTESIAN_POINT('',(4.70473321870943,-88.2417291679316,12.2031759999998));
#7113=CARTESIAN_POINT('',(4.78205169601876,-88.2333831604952,12.2031759999998));
#7114=CARTESIAN_POINT('',(4.85946798742038,-88.2247880804688,12.2031759999998));
#7115=CARTESIAN_POINT('',(4.93684152420878,-88.2159588565872,12.2031759999998));
#7116=CARTESIAN_POINT('',(5.01415807226454,-88.2068976412902,12.2031759999998));
#7117=CARTESIAN_POINT('',(5.09158371350667,-88.1975843364323,12.2031759999998));
#7118=CARTESIAN_POINT('',(5.16895966895067,-88.1880373060041,12.2031759999998));
#7119=CARTESIAN_POINT('',(5.24627409867714,-88.1782586095434,12.2031759999998));
#7120=CARTESIAN_POINT('',(5.32370946892163,-88.1682244558208,12.2031759999998));
#7121=CARTESIAN_POINT('',(5.40108769889929,-88.1579571269801,12.2031759999998));
#7122=CARTESIAN_POINT('',(5.47839975446155,-88.1474584973306,12.2031759999998));
#7123=CARTESIAN_POINT('',(5.55584547672198,-88.1367006280947,12.2031759999998));
#7124=CARTESIAN_POINT('',(5.63322495128964,-88.1257104465048,12.2031759999998));
#7125=CARTESIAN_POINT('',(5.710537676163,-88.1144887571991,12.2031759999998));
#7126=CARTESIAN_POINT('',(5.78799097069612,-88.1030045896744,12.2031759999998));
#7127=CARTESIAN_POINT('',(5.86537207961707,-88.0912886142018,12.2031759999998));
#7128=CARTESIAN_POINT('',(5.94268624059378,-88.0793408140921,12.2031759999998));
#7129=CARTESIAN_POINT('',(6.02014820696207,-88.0671270034034,12.2031759999998));
#7130=CARTESIAN_POINT('',(6.09752192475348,-88.054683666274,12.2031759999998));
#7131=CARTESIAN_POINT('',(6.20065545067913,-88.0377731273725,12.2031759999998));
#7132=CARTESIAN_POINT('',(6.30369984404748,-88.0203902633231,12.2031759999998));
#7133=CARTESIAN_POINT('',(6.40670796530735,-88.0025255798485,12.2031759999998));
#7134=CARTESIAN_POINT('',(6.48374941458584,-87.9889209954033,12.2031759999998));
#7135=CARTESIAN_POINT('',(6.56078783517182,-87.9750738323708,12.2031759999998));
#7136=CARTESIAN_POINT('',(6.63779899280607,-87.9609877664315,12.2031759999998));
#7137=CARTESIAN_POINT('',(6.71460873988965,-87.9466955735217,12.2031759999998));
#7138=CARTESIAN_POINT('',(6.79141084106544,-87.932161918179,12.2031759999998));
#7139=CARTESIAN_POINT('',(6.868178759962,-87.9173912313124,12.2031759999998));
#7140=CARTESIAN_POINT('',(6.94475746566085,-87.9024142019956,12.2031759999998));
#7141=CARTESIAN_POINT('',(7.02132405178299,-87.8871968380262,12.2031759999998));
#7142=CARTESIAN_POINT('',(7.09785005600905,-87.8717442742283,12.2031759999998));
#7143=CARTESIAN_POINT('',(7.17419845788413,-87.8560849778939,12.2031759999998));
#7144=CARTESIAN_POINT('',(7.25053002005344,-87.840186558959,12.2031759999998));
#7145=CARTESIAN_POINT('',(7.32681622658744,-87.8240544596646,12.2031759999998));
#7146=CARTESIAN_POINT('',(7.42830363771131,-87.8022699083623,12.2031759999998));
#7147=CARTESIAN_POINT('',(7.52977788207293,-87.780002487154,12.2031759999998));
#7148=CARTESIAN_POINT('',(7.63096785951607,-87.7573124979029,12.2031759999998));
#7149=CARTESIAN_POINT('',(7.70683099659478,-87.740059114676,12.2031759999998));
#7150=CARTESIAN_POINT('',(7.78263938229972,-87.7225751976524,12.2031759999998));
#7151=CARTESIAN_POINT('',(7.88351774770105,-87.6989860817159,12.2031759999998));
#7152=CARTESIAN_POINT('',(7.98435485626449,-87.674920943746,12.2031759999998));
#7153=CARTESIAN_POINT('',(8.08493404882131,-87.6504322031982,12.2031759999998));
#7154=CARTESIAN_POINT('',(8.16033200352272,-87.6318318583659,12.2031759999998));
#7155=CARTESIAN_POINT('',(8.23566659196102,-87.6130040525912,12.2031759999998));
#7156=CARTESIAN_POINT('',(8.33593792787376,-87.5876204013769,12.2031759999998));
#7157=CARTESIAN_POINT('',(8.43614328176044,-87.5617672952637,12.2031759999998));
#7158=CARTESIAN_POINT('',(8.53611255686652,-87.5354892739043,12.2031759999998));
#7159=CARTESIAN_POINT('',(8.63603139233459,-87.5089002945695,12.2031759999998));
#7160=CARTESIAN_POINT('',(8.76069881067219,-87.4751174268729,12.2031759999998));
#7161=CARTESIAN_POINT('',(8.95981171638178,-87.4198630411068,12.2031759999998));
#7162=CARTESIAN_POINT('',(9.20787239361763,-87.3485899844882,12.2031759999998));
#7163=CARTESIAN_POINT('',(9.60319440094733,-87.2298038009005,12.2031759999998));
#7164=CARTESIAN_POINT('',(10.0942546379966,-87.0724710287196,12.2031759999998));
#7165=CARTESIAN_POINT('',(10.6786531695527,-86.869516354993,12.2031759999998));
#7166=CARTESIAN_POINT('',(11.2581461373566,-86.6524150719076,12.2031759999998));
#7167=CARTESIAN_POINT('',(11.7369964015136,-86.4596730955785,12.2031759999998));
#7168=CARTESIAN_POINT('',(12.1175921901031,-86.2983745235536,12.2031759999998));
#7169=CARTESIAN_POINT('',(12.330745666957,-86.2049727610274,12.2031759999998));
#7170=CARTESIAN_POINT('',(12.4725007491944,-86.1415693117174,12.2031759999998));
#7171=CARTESIAN_POINT('',(12.5668470560842,-86.0990263511947,12.2031759999998));
#7172=CARTESIAN_POINT('',(12.6611164969541,-86.0560000914998,12.2031759999998));
#7173=CARTESIAN_POINT('',(12.7551503586489,-86.0125620598926,12.2031759999998));
#7174=CARTESIAN_POINT('',(12.8256393121991,-85.9797400625854,12.2031759999998));
#7175=CARTESIAN_POINT('',(12.8960524880939,-85.9466921792733,12.2031759999998));
#7176=CARTESIAN_POINT('',(12.9897702512305,-85.9023581932525,12.2031759999998));
#7177=CARTESIAN_POINT('',(13.0834292694029,-85.857527588996,12.2031759999998));
#7178=CARTESIAN_POINT('',(13.1768307576276,-85.8122944783996,12.2031759999998));
#7179=CARTESIAN_POINT('',(13.2468588717433,-85.7781171366042,12.2031759999998));
#7180=CARTESIAN_POINT('',(13.316804852758,-85.7437152831235,12.2031759999998));
#7181=CARTESIAN_POINT('',(13.3866177456619,-85.7091142478394,12.2031759999998));
#7182=CARTESIAN_POINT('',(13.4564146749633,-85.6742556108995,12.2031759999998));
#7183=CARTESIAN_POINT('',(13.5261256794859,-85.6391734582189,12.2031759999998));
#7184=CARTESIAN_POINT('',(13.5956994058289,-85.6038939341776,12.2031759999998));
#7185=CARTESIAN_POINT('',(13.6652645939403,-85.5683513305327,12.2031759999998));
#7186=CARTESIAN_POINT('',(13.7347396038519,-85.532586434514,12.2031759999998));
#7187=CARTESIAN_POINT('',(13.8040731289692,-85.4966260164547,12.2031759999998));
#7188=CARTESIAN_POINT('',(13.8734059367325,-85.4603965728495,12.2031759999998));
#7189=CARTESIAN_POINT('',(13.9426439703994,-85.4239462537654,12.2031759999998));
#7190=CARTESIAN_POINT('',(14.0117358065021,-85.3873025643236,12.2031759999998));
#7191=CARTESIAN_POINT('',(14.0808369733082,-85.3503824164745,12.2031759999998));
#7192=CARTESIAN_POINT('',(14.1498315955852,-85.3132467472817,12.2031759999998));
#7193=CARTESIAN_POINT('',(14.2416565249425,-85.2634594206527,12.2031759999998));
#7194=CARTESIAN_POINT('',(14.3333343850562,-85.2132051281248,12.2031759999998));
#7195=CARTESIAN_POINT('',(14.4248005599852,-85.1625177309796,12.2031759999998));
#7196=CARTESIAN_POINT('',(14.4931689047174,-85.1243559136192,12.2031759999998));
#7197=CARTESIAN_POINT('',(14.5614119907565,-85.0859896000323,12.2031759999998));
#7198=CARTESIAN_POINT('',(14.6295709970121,-85.0473951306473,12.2031759999998));
#7199=CARTESIAN_POINT('',(14.6974857092391,-85.0086638975928,12.2031759999998));
#7200=CARTESIAN_POINT('',(14.7652796996522,-84.9697264643007,12.2031759999998));
#7201=CARTESIAN_POINT('',(14.8329852307834,-84.93056374331,12.2031759999998));
#7202=CARTESIAN_POINT('',(14.9004500540121,-84.8912644823051,12.2031759999998));
#7203=CARTESIAN_POINT('',(14.9677962052399,-84.8517585623141,12.2031759999998));
#7204=CARTESIAN_POINT('',(15.035050092107,-84.812029935119,12.2031759999998));
#7205=CARTESIAN_POINT('',(15.1020670537486,-84.7721647304957,12.2031759999998));
#7206=CARTESIAN_POINT('',(15.1689669262212,-84.7320925705771,12.2031759999998));
#7207=CARTESIAN_POINT('',(15.2357707636456,-84.6918002900763,12.2031759999998));
#7208=CARTESIAN_POINT('',(15.3023417901025,-84.6513710473663,12.2031759999998));
#7209=CARTESIAN_POINT('',(15.3687968182302,-84.6107347462654,12.2031759999998));
#7210=CARTESIAN_POINT('',(15.4351520828569,-84.5698809126857,12.2031759999998));
#7211=CARTESIAN_POINT('',(15.5012789710422,-84.5288893781869,12.2031759999998));
#7212=CARTESIAN_POINT('',(15.5672904733745,-84.4876908847477,12.2031759999998));
#7213=CARTESIAN_POINT('',(15.633198523387,-84.4462774495244,12.2031759999998));
#7214=CARTESIAN_POINT('',(15.6988829436863,-84.4047252123945,12.2031759999998));
#7215=CARTESIAN_POINT('',(15.7644521244429,-84.362966328089,12.2031759999998));
#7216=CARTESIAN_POINT('',(15.8299142013634,-84.3209950963129,12.2031759999998));
#7217=CARTESIAN_POINT('',(15.8951576997792,-84.2788835907772,12.2031759999998));
#7218=CARTESIAN_POINT('',(15.9602856503646,-84.2365659719619,12.2031759999998));
#7219=CARTESIAN_POINT('',(16.0253028807613,-84.1940386045685,12.2031759999998));
#7220=CARTESIAN_POINT('',(16.0901068805851,-84.1513691121308,12.2031759999998));
#7221=CARTESIAN_POINT('',(16.1547945821604,-84.1084942711993,12.2031759999998));
#7222=CARTESIAN_POINT('',(16.2193679746736,-84.0654122903649,12.2031759999998));
#7223=CARTESIAN_POINT('',(16.283733794786,-84.0221859291691,12.2031759999998));
#7224=CARTESIAN_POINT('',(16.347982057892,-83.9787552827204,12.2031759999998));
#7225=CARTESIAN_POINT('',(16.4121127345171,-83.9351199008856,12.2031759999998));
#7226=CARTESIAN_POINT('',(16.4973491789063,-83.8767450014,12.2031759999998));
#7227=CARTESIAN_POINT('',(16.6036163852001,-83.8032547969415,12.2031759999998));
#7228=CARTESIAN_POINT('',(16.7304747144551,-83.7143827273835,12.2031759999998));
#7229=CARTESIAN_POINT('',(16.8567836592336,-83.6247500673507,12.2031759999998));
#7230=CARTESIAN_POINT('',(16.9825191482218,-83.5343738394002,12.2031759999998));
#7231=CARTESIAN_POINT('',(17.1076418580858,-83.4432839031927,12.2031759999998));
#7232=CARTESIAN_POINT('',(17.3567610581478,-83.2596061670614,12.2031759999998));
#7233=CARTESIAN_POINT('',(17.7260616208157,-82.9785913153529,12.2031759999998));
#7234=CARTESIAN_POINT('',(18.2091650707177,-82.5921720903567,12.2031759999998));
#7235=CARTESIAN_POINT('',(18.6040053359146,-82.2603715371752,12.2031759999998));
#7236=CARTESIAN_POINT('',(18.9152148550637,-81.9890518583812,12.2031759999998));
#7237=CARTESIAN_POINT('',(19.1077609362637,-81.8170357580598,12.2031759999998));
#7238=CARTESIAN_POINT('',(19.2415462225832,-81.6953087841404,12.2031759999998));
#7239=CARTESIAN_POINT('',(19.3176783245933,-81.6254029430431,12.2031759999998));
#7240=CARTESIAN_POINT('',(19.3936533296722,-81.555215306458,12.2031759999998));
#7241=CARTESIAN_POINT('',(19.4692810417043,-81.4847079704547,12.2031759999998));
#7242=CARTESIAN_POINT('',(19.5446706297916,-81.4137782246515,12.2031759999998));
#7243=CARTESIAN_POINT('',(19.601035779764,-81.3604237893365,12.2031759999998));
#7244=CARTESIAN_POINT('',(19.6572570818139,-81.3068810130119,12.2031759999998));
#7245=CARTESIAN_POINT('',(19.7133592787885,-81.2531255926323,12.2031759999998));
#7246=CARTESIAN_POINT('',(19.769281269718,-81.1992158534452,12.2031759999998));
#7247=CARTESIAN_POINT('',(19.8250612222612,-81.1451151264238,12.2031759999998));
#7248=CARTESIAN_POINT('',(19.8807222952811,-81.090800147175,12.2031759999998));
#7249=CARTESIAN_POINT('',(19.9361998128197,-81.0363338079673,12.2031759999998));
#7250=CARTESIAN_POINT('',(19.9915374440256,-80.9816733451231,12.2031759999998));
#7251=CARTESIAN_POINT('',(20.0467560037358,-80.9267973106586,12.2031759999998));
#7252=CARTESIAN_POINT('',(20.1017876580862,-80.8717729090388,12.2031759999998));
#7253=CARTESIAN_POINT('',(20.1566818647557,-80.8165507756253,12.2031759999998));
#7254=CARTESIAN_POINT('',(20.2114564097581,-80.7611120429884,12.2031759999998));
#7255=CARTESIAN_POINT('',(20.2660406939986,-80.7055279742602,12.2031759999998));
#7256=CARTESIAN_POINT('',(20.3204902507101,-80.6497420764707,12.2031759999998));
#7257=CARTESIAN_POINT('',(20.3748191628325,-80.5937388558301,12.2031759999998));
#7258=CARTESIAN_POINT('',(20.4289544518006,-80.5375933704909,12.2031759999998));
#7259=CARTESIAN_POINT('',(20.4829580090322,-80.4812414527501,12.2031759999998));
#7260=CARTESIAN_POINT('',(20.5368395510959,-80.4246718053378,12.2031759999998));
#7261=CARTESIAN_POINT('',(20.5905241002959,-80.3679630058203,12.2031759999998));
#7262=CARTESIAN_POINT('',(20.6440801789691,-80.3110426516568,12.2031759999998));
#7263=CARTESIAN_POINT('',(20.6975125058367,-80.2539044727128,12.2031759999998));
#7264=CARTESIAN_POINT('',(20.7507443998087,-80.1966303652136,12.2031759999998));
#7265=CARTESIAN_POINT('',(20.8038515736513,-80.1391387915292,12.2031759999998));
#7266=CARTESIAN_POINT('',(20.8568320413885,-80.0814305631988,12.2031759999998));
#7267=CARTESIAN_POINT('',(20.9096117607162,-80.0235862349976,12.2031759999998));
#7268=CARTESIAN_POINT('',(20.9622590648962,-79.965530813081,12.2031759999998));
#7269=CARTESIAN_POINT('',(21.0147593270223,-79.9072794522203,12.2031759999998));
#7270=CARTESIAN_POINT('',(21.0670821267827,-79.8488655663891,12.2031759999998));
#7271=CARTESIAN_POINT('',(21.1191884204523,-79.7903331185463,12.2031759999998));
#7272=CARTESIAN_POINT('',(21.1710781015418,-79.7316832135756,12.2031759999998));
#7273=CARTESIAN_POINT('',(21.2228112245859,-79.672847944303,12.2031759999998));
#7274=CARTESIAN_POINT('',(21.2743074202319,-79.6139189476701,12.2031759999998));
#7275=CARTESIAN_POINT('',(21.3255819060952,-79.554880191098,12.2031759999998));
#7276=CARTESIAN_POINT('',(21.3766997755619,-79.4956566661725,12.2031759999998));
#7277=CARTESIAN_POINT('',(21.427580501635,-79.4363419115073,12.2031759999998));
#7278=CARTESIAN_POINT('',(21.4782444179813,-79.3769135431513,12.2031759999998));
#7279=CARTESIAN_POINT('',(21.5287488882944,-79.3173041666407,12.2031759999998));
#7280=CARTESIAN_POINT('',(21.5790170395429,-79.2576047909239,12.2031759999998));
#7281=CARTESIAN_POINT('',(21.6290725830683,-79.1977884995631,12.2031759999998));
#7282=CARTESIAN_POINT('',(21.6789659484546,-79.1377948843351,12.2031759999998));
#7283=CARTESIAN_POINT('',(21.7286240766497,-79.0777120984788,12.2031759999998));
#7284=CARTESIAN_POINT('',(21.7780733257765,-79.0175094179165,12.2031759999998));
#7285=CARTESIAN_POINT('',(21.8273577048249,-78.9571330860113,12.2031759999998));
#7286=CARTESIAN_POINT('',(21.8764081880606,-78.8966679893941,12.2031759999998));
#7287=CARTESIAN_POINT('',(21.9252530606476,-78.8360803509039,12.2031759999998));
#7288=CARTESIAN_POINT('',(21.9739304129889,-78.7753227206047,12.2031759999998));
#7289=CARTESIAN_POINT('',(22.0223754480869,-78.7144763115266,12.2031759999998));
#7290=CARTESIAN_POINT('',(22.0706177330853,-78.6535050249622,12.2031759999998));
#7291=CARTESIAN_POINT('',(22.1347137634044,-78.5719883068551,12.2031759999998));
#7292=CARTESIAN_POINT('',(22.1983497493398,-78.4902924710337,12.2031759999998));
#7293=CARTESIAN_POINT('',(22.261641296363,-78.4082705122494,12.2031759999998));
#7294=CARTESIAN_POINT('',(22.3088812543688,-78.3466641838753,12.2031759999998));
#7295=CARTESIAN_POINT('',(22.3559233625939,-78.2849287116057,12.2031759999998));
#7296=CARTESIAN_POINT('',(22.4184099379184,-78.2024060030524,12.2031759999998));
#7297=CARTESIAN_POINT('',(22.495970464427,-78.0990007382049,12.2031759999998));
#7298=CARTESIAN_POINT('',(22.5882815995885,-77.974361567873,12.2031759999998));
#7299=CARTESIAN_POINT('',(22.6797923047858,-77.8492227273112,12.2031759999998));
#7300=CARTESIAN_POINT('',(22.7704875566444,-77.7236078887269,12.2031759999998));
#7301=CARTESIAN_POINT('',(22.9503242118435,-77.4713226967772,12.2031759999998));
#7302=CARTESIAN_POINT('',(23.2140990382542,-77.089162785056,12.2031759999998));
#7303=CARTESIAN_POINT('',(23.5531313173021,-76.5716080707959,12.2031759999998));
#7304=CARTESIAN_POINT('',(23.8795089646961,-76.0460565490631,12.2031759999998));
#7305=CARTESIAN_POINT('',(24.1932234871271,-75.5125058088679,12.2031759999998));
#7306=CARTESIAN_POINT('',(24.4189829163152,-75.106343440477,12.2031759999998));
#7307=CARTESIAN_POINT('',(24.5655161512548,-74.8330350292619,12.2031759999998));
#7308=CARTESIAN_POINT('',(24.6621371404747,-74.6501651849248,12.2031759999998));
#7309=CARTESIAN_POINT('',(24.7571469418201,-74.4663138214805,12.2031759999998));
#7310=CARTESIAN_POINT('',(24.8389124379666,-74.3044899479482,12.2031759999998));
#7311=CARTESIAN_POINT('',(24.8851981113658,-74.2118379753462,12.2031759999998));
#7312=CARTESIAN_POINT('',(24.9197481643214,-74.1421484846523,12.2031759999998));
#7313=CARTESIAN_POINT('',(24.9540707927587,-74.0723850025846,12.2031759999998));
#7314=CARTESIAN_POINT('',(24.9881954356101,-74.0024881995912,12.2031759999998));
#7315=CARTESIAN_POINT('',(25.0221344537742,-73.9324312642253,12.2031759999998));
#7316=CARTESIAN_POINT('',(25.0670815727684,-73.838927120239,12.2031759999998));
#7317=CARTESIAN_POINT('',(25.111668752306,-73.7450761625915,12.2031759999998));
#7318=CARTESIAN_POINT('',(25.1558059319824,-73.6510657395408,12.2031759999998));
#7319=CARTESIAN_POINT('',(25.1887420511113,-73.5803534843358,12.2031759999998));
#7320=CARTESIAN_POINT('',(25.2214428175086,-73.5095830566621,12.2031759999998));
#7321=CARTESIAN_POINT('',(25.2539567749553,-73.438649631318,12.2031759999998));
#7322=CARTESIAN_POINT('',(25.2862741436889,-73.3675725635801,12.2031759999998));
#7323=CARTESIAN_POINT('',(25.3183541770203,-73.2964420973865,12.2031759999998));
#7324=CARTESIAN_POINT('',(25.3502776424906,-73.2250778075094,12.2031759999998));
#7325=CARTESIAN_POINT('',(25.3819662575708,-73.1536531076487,12.2031759999998));
#7326=CARTESIAN_POINT('',(25.4134507148912,-73.0820996167268,12.2031759999998));
#7327=CARTESIAN_POINT('',(25.444754470011,-73.0103618295537,12.2031759999998));
#7328=CARTESIAN_POINT('',(25.4758169491202,-72.9385784295229,12.2031759999998));
#7329=CARTESIAN_POINT('',(25.5067073441182,-72.8665888936942,12.2031759999998));
#7330=CARTESIAN_POINT('',(25.5373808518195,-72.7944954946194,12.2031759999998));
#7331=CARTESIAN_POINT('',(25.5779795679387,-72.6982572290758,12.2031759999998));
#7332=CARTESIAN_POINT('',(25.6181990428834,-72.6016797316878,12.2031759999998));
#7333=CARTESIAN_POINT('',(25.6579266711737,-72.505031945291,12.2031759999998));
#7334=CARTESIAN_POINT('',(25.6874782068349,-72.4325093623671,12.2031759999998));
#7335=CARTESIAN_POINT('',(25.7168274765507,-72.3598464148582,12.2031759999998));
#7336=CARTESIAN_POINT('',(25.7458958229112,-72.2872393576044,12.2031759999998));
#7337=CARTESIAN_POINT('',(25.7747539490668,-72.2145135766996,12.2031759999998));
#7338=CARTESIAN_POINT('',(25.8033801883547,-72.1417227296507,12.2031759999998));
#7339=CARTESIAN_POINT('',(25.8317462032621,-72.0689412100497,12.2031759999998));
#7340=CARTESIAN_POINT('',(25.8599078515298,-71.9960260866237,12.2031759999998));
#7341=CARTESIAN_POINT('',(25.887811090277,-71.9231176481678,12.2031759999998));
#7342=CARTESIAN_POINT('',(25.9154838873883,-71.8501450486788,12.2031759999998));
#7343=CARTESIAN_POINT('',(25.9429431695991,-71.7770627970192,12.2031759999998));
#7344=CARTESIAN_POINT('',(25.9701337068593,-71.7040196796194,12.2031759999998));
#7345=CARTESIAN_POINT('',(25.9971172229486,-71.630851161796,12.2031759999998));
#7346=CARTESIAN_POINT('',(26.0238592391852,-71.557650216127,12.2031759999998));
#7347=CARTESIAN_POINT('',(26.0503585460866,-71.4844223550958,12.2031759999998));
#7348=CARTESIAN_POINT('',(26.0766486857955,-71.4110745536537,12.2031759999998));
#7349=CARTESIAN_POINT('',(26.102678646101,-71.33775015012,12.2031759999998));
#7350=CARTESIAN_POINT('',(26.1284907689724,-71.264331562391,12.2031759999998));
#7351=CARTESIAN_POINT('',(26.154075676898,-71.1908446966514,12.2031759999998));
#7352=CARTESIAN_POINT('',(26.1794107363281,-71.1173563768533,12.2031759999998));
#7353=CARTESIAN_POINT('',(26.2045338827734,-71.0437570262413,12.2031759999998));
#7354=CARTESIAN_POINT('',(26.2294122877114,-70.9701429552894,12.2031759999998));
#7355=CARTESIAN_POINT('',(26.2540599156311,-70.8964746485404,12.2031759999998));
#7356=CARTESIAN_POINT('',(26.2784913361888,-70.822707901502,12.2031759999998));
#7357=CARTESIAN_POINT('',(26.3026688688888,-70.7489578159019,12.2031759999998));
#7358=CARTESIAN_POINT('',(26.3266320990894,-70.6751047513718,12.2031759999998));
#7359=CARTESIAN_POINT('',(26.3503611939595,-70.6012093217169,12.2031759999998));
#7360=CARTESIAN_POINT('',(26.3738530794821,-70.5272827523896,12.2031759999998));
#7361=CARTESIAN_POINT('',(26.3971284123031,-70.4532599171838,12.2031759999998));
#7362=CARTESIAN_POINT('',(26.4739014393492,-70.2064832019833,12.2031759999998));
#7363=CARTESIAN_POINT('',(26.5986032077471,-69.7854613954635,12.2031759999998));
#7364=CARTESIAN_POINT('',(26.8137677082153,-68.9885957791897,12.2031759999998));
#7365=CARTESIAN_POINT('',(26.9997477210128,-68.184981984951,12.2031759999998));
#7366=CARTESIAN_POINT('',(27.1565336402544,-67.374670895865,12.2031759999998));
#7367=CARTESIAN_POINT('',(27.2594841793692,-66.7635807026877,12.2031759999998));
#7368=CARTESIAN_POINT('',(27.3219978455906,-66.3283117036622,12.2031759999998));
#7369=CARTESIAN_POINT('',(27.3553008052242,-66.0715020391606,12.2031759999998));
#7370=CARTESIAN_POINT('',(27.3650638238405,-65.994378090851,12.2031759999998));
#7371=CARTESIAN_POINT('',(27.3745877606566,-65.9172621183506,12.2031759999998));
#7372=CARTESIAN_POINT('',(27.3869893796957,-65.8142708210988,12.2031759999998));
#7373=CARTESIAN_POINT('',(27.3989154061183,-65.7112713924311,12.2031759999998));
#7374=CARTESIAN_POINT('',(27.4103874879731,-65.6080686930167,12.2031759999998));
#7375=CARTESIAN_POINT('',(27.4215396329616,-65.5048829325701,12.2031759999998));
#7376=CARTESIAN_POINT('',(27.4322364483929,-65.4014891452564,12.2031759999998));
#7377=CARTESIAN_POINT('',(27.4424538100683,-65.2981127032497,12.2031759999998));
#7378=CARTESIAN_POINT('',(27.4498932557928,-65.2204224122069,12.2031759999998));
#7379=CARTESIAN_POINT('',(27.4570911321754,-65.1427560648936,12.2031759999998));
#7380=CARTESIAN_POINT('',(27.4640564658085,-65.0650190508075,12.2031759999998));
#7381=CARTESIAN_POINT('',(27.4707904454682,-64.9871887126015,12.2031759999998));
#7382=CARTESIAN_POINT('',(27.4772825329059,-64.9093877692254,12.2031759999998));
#7383=CARTESIAN_POINT('',(27.483547011655,-64.8314407830779,12.2031759999998));
#7384=CARTESIAN_POINT('',(27.4895722107235,-64.753483618758,12.2031759999998));
#7385=CARTESIAN_POINT('',(27.4953592413622,-64.6755063059266,12.2031759999998));
#7386=CARTESIAN_POINT('',(27.5009164308758,-64.5973854820635,12.2031759999998));
#7387=CARTESIAN_POINT('',(27.5062304502449,-64.5193046875289,12.2031759999998));
#7388=CARTESIAN_POINT('',(27.5130056554404,-64.4150421668798,12.2031759999998));
#7389=CARTESIAN_POINT('',(27.5177297340936,-64.3367818671057,12.2031759999998));
#7390=CARTESIAN_POINT('',(27.5207185902794,-64.2846077171981,12.2031759999998));
#7391=CARTESIAN_POINT('',(-23.5628140065965,-37.2598088747283,-56.3768240000002));
#7392=CARTESIAN_POINT('',(27.3584246723791,-64.275310523397,-56.3768240000002));
#7393=CARTESIAN_POINT('',(27.3861347790649,-63.7915966307303,-56.3768240000002));
#7394=CARTESIAN_POINT('',(27.3999999577323,-63.3071331420571,-56.3768240000002));
#7395=CARTESIAN_POINT('',(27.3999999999996,-62.8226262158424,-56.3768240000002));
#7396=CARTESIAN_POINT('',(27.5207185902794,-64.2846077171981,-56.3768240000002));
#7397=CARTESIAN_POINT('',(27.5177307539895,-64.3367640635733,-56.3768240000002));
#7398=CARTESIAN_POINT('',(27.5130087669644,-64.414990313241,-56.3768240000002));
#7399=CARTESIAN_POINT('',(27.5062352926642,-64.5192338062886,-56.3768240000002));
#7400=CARTESIAN_POINT('',(27.5009104939783,-64.5974706062579,-56.3768240000002));
#7401=CARTESIAN_POINT('',(27.4953647909748,-64.6754285193244,-56.3768240000003));
#7402=CARTESIAN_POINT('',(27.4895753732569,-64.7534425648565,-56.3768240000002));
#7403=CARTESIAN_POINT('',(27.4835500654512,-64.8314025209757,-56.3768240000002));
#7404=CARTESIAN_POINT('',(27.4772803794487,-64.9094142558274,-56.3768240000003));
#7405=CARTESIAN_POINT('',(27.4707924430584,-64.9871645187089,-56.3768240000002));
#7406=CARTESIAN_POINT('',(27.4640614388876,-65.0649622581471,-56.3768240000003));
#7407=CARTESIAN_POINT('',(27.4570958055321,-65.1427060663789,-56.3768240000002));
#7408=CARTESIAN_POINT('',(27.4498866060016,-65.2204926259297,-56.3768240000003));
#7409=CARTESIAN_POINT('',(27.4424611496614,-65.2980366144616,-56.3768240000002));
#7410=CARTESIAN_POINT('',(27.4347934036239,-65.3756190578567,-56.3768240000003));
#7411=CARTESIAN_POINT('',(27.4268921664358,-65.453147831581,-56.3768240000003));
#7412=CARTESIAN_POINT('',(27.4187482767985,-65.5307104078885,-56.3768240000002));
#7413=CARTESIAN_POINT('',(27.4103895813592,-65.6080490222971,-56.3768240000002));
#7414=CARTESIAN_POINT('',(27.4017894752165,-65.6854171765609,-56.3768240000003));
#7415=CARTESIAN_POINT('',(27.3929569033104,-65.7627318974641,-56.3768240000002));
#7416=CARTESIAN_POINT('',(27.3838826907822,-65.8400715761163,-56.3768240000003));
#7417=CARTESIAN_POINT('',(27.3745945921268,-65.9172056212947,-56.3768240000002));
#7418=CARTESIAN_POINT('',(27.3650660609553,-65.9943603909746,-56.3768240000003));
#7419=CARTESIAN_POINT('',(27.3553059790054,-66.0714619392768,-56.3768240000002));
#7420=CARTESIAN_POINT('',(27.3453053657152,-66.1485796917431,-56.3768240000003));
#7421=CARTESIAN_POINT('',(27.3350912615945,-66.2255098920859,-56.3768240000002));
#7422=CARTESIAN_POINT('',(27.3246378093497,-66.302452039414,-56.3768240000003));
#7423=CARTESIAN_POINT('',(27.3139535821143,-66.3793413509346,-56.3768240000002));
#7424=CARTESIAN_POINT('',(27.3030301446481,-66.4562374587099,-56.3768240000003));
#7425=CARTESIAN_POINT('',(27.2918926647784,-66.5329666172844,-56.3768240000003));
#7426=CARTESIAN_POINT('',(27.2767272876511,-66.6352627431331,-56.3768240000003));
#7427=CARTESIAN_POINT('',(27.2610896539292,-66.737530919515,-56.3768240000003));
#7428=CARTESIAN_POINT('',(27.2450107690614,-66.8395762374567,-56.3768240000003));
#7429=CARTESIAN_POINT('',(27.2286198240667,-66.9415910432121,-56.3768240000002));
#7430=CARTESIAN_POINT('',(27.2075448217598,-67.06905267963,-56.3768240000003));
#7431=CARTESIAN_POINT('',(27.1813632471498,-67.2216482490691,-56.3768240000002));
#7432=CARTESIAN_POINT('',(27.1542409971861,-67.3741759280792,-56.3768240000003));
#7433=CARTESIAN_POINT('',(27.1262269862999,-67.5263647025767,-56.3768240000002));
#7434=CARTESIAN_POINT('',(27.0972779310146,-67.6784553618315,-56.3768240000002));
#7435=CARTESIAN_POINT('',(27.0674332129195,-67.8302425923614,-56.3768240000003));
#7436=CARTESIAN_POINT('',(27.026404546792,-68.0324387381215,-56.3768240000002));
#7437=CARTESIAN_POINT('',(26.9728506332493,-68.2845919141384,-56.3768240000003));
#7438=CARTESIAN_POINT('',(26.9049326137494,-68.5863641593427,-56.3768240000002));
#7439=CARTESIAN_POINT('',(26.8333663480477,-68.887298764339,-56.3768240000003));
#7440=CARTESIAN_POINT('',(26.7706939945607,-69.1373541356293,-56.3768240000002));
#7441=CARTESIAN_POINT('',(26.7187149110763,-69.3370377372975,-56.3768240000003));
#7442=CARTESIAN_POINT('',(26.6788374012724,-69.4865150628935,-56.3768240000002));
#7443=CARTESIAN_POINT('',(26.6380189108263,-69.6358820572366,-56.3768240000003));
#7444=CARTESIAN_POINT('',(26.5963186048562,-69.7849209294894,-56.3768240000002));
#7445=CARTESIAN_POINT('',(26.5536649451855,-69.9338833669047,-56.3768240000003));
#7446=CARTESIAN_POINT('',(26.5101376717203,-70.0824880893716,-56.3768240000002));
#7447=CARTESIAN_POINT('',(26.473063465748,-70.2062758324557,-56.3768240000003));
#7448=CARTESIAN_POINT('',(26.4429630066862,-70.3051392321373,-56.3768240000002));
#7449=CARTESIAN_POINT('',(26.4125689477935,-70.4038921039433,-56.3768240000003));
#7450=CARTESIAN_POINT('',(26.3816784227365,-70.5026576102594,-56.3768240000003));
#7451=CARTESIAN_POINT('',(26.3503517093728,-70.6012388775425,-56.3768240000002));
#7452=CARTESIAN_POINT('',(26.3266412815942,-70.6750762461548,-56.3768240000003));
#7453=CARTESIAN_POINT('',(26.3026635697656,-70.7489742853907,-56.3768240000003));
#7454=CARTESIAN_POINT('',(26.2784742722396,-70.8227597169297,-56.3768240000002));
#7455=CARTESIAN_POINT('',(26.254054099254,-70.8964918739571,-56.3768240000003));
#7456=CARTESIAN_POINT('',(26.2294245115055,-70.9701067020524,-56.3768240000003));
#7457=CARTESIAN_POINT('',(26.2045189559694,-71.043801085712,-56.3768240000002));
#7458=CARTESIAN_POINT('',(26.1794047760128,-71.1173737828584,-56.3768240000003));
#7459=CARTESIAN_POINT('',(26.1540588242502,-71.1908932154754,-56.3768240000002));
#7460=CARTESIAN_POINT('',(26.1285063468563,-71.2642869377053,-56.3768240000003));
#7461=CARTESIAN_POINT('',(26.1026695065184,-71.3377763109956,-56.3768240000002));
#7462=CARTESIAN_POINT('',(26.0766268974865,-71.4111356279537,-56.3768240000002));
#7463=CARTESIAN_POINT('',(26.0503515734599,-71.4844414653479,-56.3768240000003));
#7464=CARTESIAN_POINT('',(26.0238727253917,-71.5576132234978,-56.3768240000002));
#7465=CARTESIAN_POINT('',(25.9971005357697,-71.6308967243568,-56.3768240000002));
#7466=CARTESIAN_POINT('',(25.9701255618576,-71.7040417577908,-56.3768240000003));
#7467=CARTESIAN_POINT('',(25.942916819278,-71.7771330701086,-56.3768240000002));
#7468=CARTESIAN_POINT('',(25.9155076882771,-71.8500818862096,-56.3768240000003));
#7469=CARTESIAN_POINT('',(25.8877956322477,-71.9231585601871,-56.3768240000002));
#7470=CARTESIAN_POINT('',(25.8598839106248,-71.9960883047057,-56.3768240000003));
#7471=CARTESIAN_POINT('',(25.831737256154,-72.0689640538356,-56.3768240000002));
#7472=CARTESIAN_POINT('',(25.8033934784176,-72.1416888586312,-56.3768240000003));
#7473=CARTESIAN_POINT('',(25.7747366063411,-72.2145575808054,-56.3768240000002));
#7474=CARTESIAN_POINT('',(25.7458831854238,-72.2872711994788,-56.3768240000003));
#7475=CARTESIAN_POINT('',(25.7167940837051,-72.3599292211385,-56.3768240000002));
#7476=CARTESIAN_POINT('',(25.6875092835287,-72.4324326407156,-56.3768240000003));
#7477=CARTESIAN_POINT('',(25.6579079874801,-72.5050779719988,-56.3768240000002));
#7478=CARTESIAN_POINT('',(25.6281091926919,-72.5775702698467,-56.3768240000003));
#7479=CARTESIAN_POINT('',(25.5980836417798,-72.6499823540074,-56.3768240000003));
#7480=CARTESIAN_POINT('',(25.5577446089377,-72.746429736171,-56.3768240000003));
#7481=CARTESIAN_POINT('',(25.5170223841907,-72.8425490545693,-56.3768240000003));
#7482=CARTESIAN_POINT('',(25.4758475093654,-72.9385078433977,-56.3768240000003));
#7483=CARTESIAN_POINT('',(25.4447213866267,-73.0104379661144,-56.3768240000002));
#7484=CARTESIAN_POINT('',(25.4134773828998,-73.0820384816482,-56.3768240000002));
#7485=CARTESIAN_POINT('',(25.381985947633,-73.1536086715423,-56.3768240000003));
#7486=CARTESIAN_POINT('',(25.3502900492393,-73.225050052694,-56.3768240000002));
#7487=CARTESIAN_POINT('',(25.3183473646187,-73.2964572759707,-56.3768240000003));
#7488=CARTESIAN_POINT('',(25.2862842177584,-73.3675502210059,-56.3768240000002));
#7489=CARTESIAN_POINT('',(25.2539769193038,-73.4386054220276,-56.3768240000003));
#7490=CARTESIAN_POINT('',(25.2214663261429,-73.5095322315669,-56.3768240000003));
#7491=CARTESIAN_POINT('',(25.1887127000788,-73.5804167052716,-56.3768240000002));
#7492=CARTESIAN_POINT('',(25.1558341370108,-73.6510052680191,-56.3768240000003));
#7493=CARTESIAN_POINT('',(25.122715156373,-73.7215478688466,-56.3768240000002));
#7494=CARTESIAN_POINT('',(25.0893938439194,-73.7919626853806,-56.3768240000003));
#7495=CARTESIAN_POINT('',(25.0558333371992,-73.8623270580776,-56.3768240000002));
#7496=CARTESIAN_POINT('',(25.0221430002622,-73.9324134474858,-56.3768240000002));
#7497=CARTESIAN_POINT('',(24.9882160411294,-74.0024457862245,-56.3768240000003));
#7498=CARTESIAN_POINT('',(24.954087615374,-74.0723508877916,-56.3768240000002));
#7499=CARTESIAN_POINT('',(24.919723892682,-74.1421975655753,-56.3768240000003));
#7500=CARTESIAN_POINT('',(24.8852250387364,-74.2117837525254,-56.3768240000002));
#7501=CARTESIAN_POINT('',(24.8504934189901,-74.2813079246992,-56.3768240000003));
#7502=CARTESIAN_POINT('',(24.8155611022406,-74.3507053474768,-56.3768240000002));
#7503=CARTESIAN_POINT('',(24.7803974478453,-74.4200364832806,-56.3768240000003));
#7504=CARTESIAN_POINT('',(24.7450929495772,-74.4891242170411,-56.3768240000002));
#7505=CARTESIAN_POINT('',(24.7095596260425,-74.5581420485595,-56.3768240000003));
#7506=CARTESIAN_POINT('',(24.6738262017813,-74.6270337068202,-56.3768240000002));
#7507=CARTESIAN_POINT('',(24.6378657600271,-74.6958507760839,-56.3768240000003));
#7508=CARTESIAN_POINT('',(24.6017572433064,-74.7644431903239,-56.3768240000003));
#7509=CARTESIAN_POINT('',(24.5533183348044,-74.8557859530911,-56.3768240000003));
#7510=CARTESIAN_POINT('',(24.4922319387486,-74.9697217394347,-56.3768240000002));
#7511=CARTESIAN_POINT('',(24.4182133295654,-75.105790897945,-56.3768240000003));
#7512=CARTESIAN_POINT('',(24.3433175467292,-75.2415061343715,-56.3768240000002));
#7513=CARTESIAN_POINT('',(24.2677027616365,-75.3765827219507,-56.3768240000003));
#7514=CARTESIAN_POINT('',(24.1912251281973,-75.5112799772369,-56.3768240000003));
#7515=CARTESIAN_POINT('',(24.114015107167,-75.645369143385,-56.3768240000003));
#7516=CARTESIAN_POINT('',(24.0359593324549,-75.779049141203,-56.3768240000002));
#7517=CARTESIAN_POINT('',(23.9571551888492,-75.9121536553865,-56.3768240000003));
#7518=CARTESIAN_POINT('',(23.8509837187119,-76.0890327734092,-56.3768240000002));
#7519=CARTESIAN_POINT('',(23.7163209960395,-76.3088303656398,-56.3768240000002));
#7520=CARTESIAN_POINT('',(23.5790147437504,-76.5269738084902,-56.3768240000003));
#7521=CARTESIAN_POINT('',(23.4675781302,-76.7005033747792,-56.3768240000003));
#7522=CARTESIAN_POINT('',(23.3832250378688,-76.8301268842764,-56.3768240000003));
#7523=CARTESIAN_POINT('',(23.298054900754,-76.9592893565968,-56.3768240000002));
#7524=CARTESIAN_POINT('',(23.2121283487981,-77.0878988081104,-56.3768240000003));
#7525=CARTESIAN_POINT('',(23.1253644707157,-77.2160749939124,-56.3768240000002));
#7526=CARTESIAN_POINT('',(23.0378632187618,-77.3436698412364,-56.3768240000002));
#7527=CARTESIAN_POINT('',(22.9495034703406,-77.4708582931041,-56.3768240000003));
#7528=CARTESIAN_POINT('',(22.8604255457141,-77.5974375659422,-56.3768240000002));
#7529=CARTESIAN_POINT('',(22.7704676095963,-77.723635719142,-56.3768240000002));
#7530=CARTESIAN_POINT('',(22.6798082851342,-77.8492006996028,-56.3768240000002));
#7531=CARTESIAN_POINT('',(22.6035154145836,-77.9535296189626,-56.3768240000002));
#7532=CARTESIAN_POINT('',(22.5421193617437,-78.0366901033062,-56.3768240000003));
#7533=CARTESIAN_POINT('',(22.495899386579,-78.098899318844,-56.3768240000002));
#7534=CARTESIAN_POINT('',(22.4494158551979,-78.1610682909884,-56.3768240000002));
#7535=CARTESIAN_POINT('',(22.4027661413353,-78.2230660401287,-56.3768240000003));
#7536=CARTESIAN_POINT('',(22.355916651615,-78.2849374392528,-56.3768240000002));
#7537=CARTESIAN_POINT('',(22.3089043858066,-78.3466339760198,-56.3768240000003));
#7538=CARTESIAN_POINT('',(22.2616149382078,-78.4083048268055,-56.3768240000002));
#7539=CARTESIAN_POINT('',(22.2141648995864,-78.4697970038307,-56.3768240000003));
#7540=CARTESIAN_POINT('',(22.1665143362026,-78.531162548843,-56.3768240000002));
#7541=CARTESIAN_POINT('',(22.1187063922482,-78.5923462826314,-56.3768240000003));
#7542=CARTESIAN_POINT('',(22.0706084246953,-78.6535168802922,-56.3768240000002));
#7543=CARTESIAN_POINT('',(22.0223552323047,-78.7145018482866,-56.3768240000002));
#7544=CARTESIAN_POINT('',(21.9739007672529,-78.7753597136451,-56.3768240000003));
#7545=CARTESIAN_POINT('',(21.9252944220727,-78.8360288617846,-56.3768240000002));
#7546=CARTESIAN_POINT('',(21.8763846744566,-78.8966972240075,-56.3768240000002));
#7547=CARTESIAN_POINT('',(21.827325198627,-78.9571730076818,-56.3768240000003));
#7548=CARTESIAN_POINT('',(21.7780636080039,-79.0175211576277,-56.3768240000002));
#7549=CARTESIAN_POINT('',(21.7286557746849,-79.0776736871964,-56.3768240000003));
#7550=CARTESIAN_POINT('',(21.6789305968592,-79.1378375981623,-56.3768240000002));
#7551=CARTESIAN_POINT('',(21.6290613267091,-79.1978019807609,-56.3768240000003));
#7552=CARTESIAN_POINT('',(21.5789890030761,-79.257638137413,-56.3768240000002));
#7553=CARTESIAN_POINT('',(21.5287762184124,-79.3172717682,-56.3768240000003));
#7554=CARTESIAN_POINT('',(21.4782315640675,-79.3769287703749,-56.3768240000002));
#7555=CARTESIAN_POINT('',(21.4275485952643,-79.4363792933308,-56.3768240000003));
#7556=CARTESIAN_POINT('',(21.3766615535145,-79.4957009154789,-56.3768240000002));
#7557=CARTESIAN_POINT('',(21.3256399175488,-79.5548131737812,-56.3768240000003));
#7558=CARTESIAN_POINT('',(21.2742715309322,-79.6139603419786,-56.3768240000002));
#7559=CARTESIAN_POINT('',(21.2227698240735,-79.6728951209673,-56.3768240000003));
#7560=CARTESIAN_POINT('',(21.1710664259955,-79.7316963312592,-56.3768240000002));
#7561=CARTESIAN_POINT('',(21.1192213901979,-79.7902959899105,-56.3768240000003));
#7562=CARTESIAN_POINT('',(21.0670628736591,-79.848887208185,-56.3768240000002));
#7563=CARTESIAN_POINT('',(21.0147590895521,-79.9072796209134,-56.3768240000003));
#7564=CARTESIAN_POINT('',(20.9622766560221,-79.9655114315624,-56.3768240000002));
#7565=CARTESIAN_POINT('',(20.9095808873155,-80.0236201914349,-56.3768240000003));
#7566=CARTESIAN_POINT('',(20.856843908301,-80.0814174918527,-56.3768240000002));
#7567=CARTESIAN_POINT('',(20.8038912651861,-80.1390956332221,-56.3768240000003));
#7568=CARTESIAN_POINT('',(20.7507843510936,-80.1965874334489,-56.3768240000002));
#7569=CARTESIAN_POINT('',(20.6974520473253,-80.2539693205034,-56.3768240000003));
#7570=CARTESIAN_POINT('',(20.6441174355511,-80.3110027645987,-56.3768240000002));
#7571=CARTESIAN_POINT('',(20.5905603178021,-80.3679246931626,-56.3768240000003));
#7572=CARTESIAN_POINT('',(20.5368532692786,-80.4246574660986,-56.3768240000002));
#7573=CARTESIAN_POINT('',(20.482926187149,-80.4812747163652,-56.3768240000003));
#7574=CARTESIAN_POINT('',(20.4289869075388,-80.5375595522249,-56.3768240000002));
#7575=CARTESIAN_POINT('',(20.3748312960298,-80.5937263093455,-56.3768240000003));
#7576=CARTESIAN_POINT('',(20.3205265330104,-80.649704852448,-56.3768240000002));
#7577=CARTESIAN_POINT('',(20.2660080313448,-80.7055613869804,-56.3768240000003));
#7578=CARTESIAN_POINT('',(20.2114669591884,-80.7611012264298,-56.3768240000002));
#7579=CARTESIAN_POINT('',(20.1567158045344,-80.8165165023586,-56.3768240000003));
#7580=CARTESIAN_POINT('',(20.101816187092,-80.8717444341228,-56.3768240000002));
#7581=CARTESIAN_POINT('',(20.0467091400317,-80.9268440127364,-56.3768240000003));
#7582=CARTESIAN_POINT('',(19.9915689109624,-80.981642054787,-56.3768240000002));
#7583=CARTESIAN_POINT('',(19.9362248618764,-81.0363091921707,-56.3768240000003));
#7584=CARTESIAN_POINT('',(19.8807329676538,-81.0907897657622,-56.3768240000002));
#7585=CARTESIAN_POINT('',(19.8250399667819,-81.1451357801664,-56.3768240000003));
#7586=CARTESIAN_POINT('',(19.7693029304315,-81.1991948760894,-56.3768240000002));
#7587=CARTESIAN_POINT('',(19.7133683539948,-81.2531168620787,-56.3768240000003));
#7588=CARTESIAN_POINT('',(19.6572864799019,-81.3068529774077,-56.3768240000002));
#7589=CARTESIAN_POINT('',(19.6010098430404,-81.3604484564351,-56.3768240000003));
#7590=CARTESIAN_POINT('',(19.5446780614296,-81.4137711224533,-56.3768240000002));
#7591=CARTESIAN_POINT('',(19.4881550734782,-81.4669505730194,-56.3768240000003));
#7592=CARTESIAN_POINT('',(19.4314851479824,-81.5199448671112,-56.3768240000002));
#7593=CARTESIAN_POINT('',(19.374627271348,-81.5727921712602,-56.3768240000003));
#7594=CARTESIAN_POINT('',(19.3177012291561,-81.6253817603627,-56.3768240000003));
#7595=CARTESIAN_POINT('',(19.2415616298956,-81.6952948449389,-56.3768240000003));
#7596=CARTESIAN_POINT('',(19.1459627777536,-81.7822769082634,-56.3768240000002));
#7597=CARTESIAN_POINT('',(19.0307807570139,-81.8858079350343,-56.3768240000003));
#7598=CARTESIAN_POINT('',(18.9148944471244,-81.9887090375687,-56.3768240000002));
#7599=CARTESIAN_POINT('',(18.7985352343886,-82.0907758962727,-56.3768240000003));
#7600=CARTESIAN_POINT('',(18.6814938262124,-82.1921935579991,-56.3768240000003));
#7601=CARTESIAN_POINT('',(18.5639565812678,-82.2928011384903,-56.3768240000003));
#7602=CARTESIAN_POINT('',(18.4457631281108,-82.392737177013,-56.3768240000002));
#7603=CARTESIAN_POINT('',(18.327048061166,-82.491888122601,-56.3768240000003));
#7604=CARTESIAN_POINT('',(18.1679277430039,-82.6231593709059,-56.3768240000002));
#7605=CARTESIAN_POINT('',(17.9676138619694,-82.7853809771531,-56.3768240000002));
#7606=CARTESIAN_POINT('',(17.765357149239,-82.9451635096418,-56.3768240000003));
#7607=CARTESIAN_POINT('',(17.6023709594828,-83.0715367521871,-56.3768240000003));
#7608=CARTESIAN_POINT('',(17.4795783490854,-83.1655614755853,-56.3768240000003));
#7609=CARTESIAN_POINT('',(17.3561606886522,-83.2588854002466,-56.3768240000002));
#7610=CARTESIAN_POINT('',(17.2322190438001,-83.3514320246735,-56.3768240000003));
#7611=CARTESIAN_POINT('',(17.107623529703,-83.4432973299212,-56.3768240000002));
#7612=CARTESIAN_POINT('',(16.9825315267538,-83.5343649274005,-56.3768240000002));
#7613=CARTESIAN_POINT('',(16.8567565542605,-83.6247693365995,-56.3768240000003));
#7614=CARTESIAN_POINT('',(16.7305125028998,-83.7143561899526,-56.3768240000002));
#7615=CARTESIAN_POINT('',(16.6035566381906,-83.8032963317185,-56.3768240000002));
#7616=CARTESIAN_POINT('',(16.4761553995799,-83.8914019894342,-56.3768240000002));
#7617=CARTESIAN_POINT('',(16.369382354654,-83.9642891491164,-56.3768240000002));
#7618=CARTESIAN_POINT('',(16.2837250340397,-84.0221918074553,-56.3768240000003));
#7619=CARTESIAN_POINT('',(16.2193736702429,-84.0654084852063,-56.3768240000002));
#7620=CARTESIAN_POINT('',(16.154783085456,-84.1085019234918,-56.3768240000002));
#7621=CARTESIAN_POINT('',(16.0900941457678,-84.1513775794927,-56.3768240000003));
#7622=CARTESIAN_POINT('',(16.0252584065319,-84.1940677332372,-56.3768240000002));
#7623=CARTESIAN_POINT('',(15.9603287802455,-84.2365378074315,-56.3768240000003));
#7624=CARTESIAN_POINT('',(15.8951420615658,-84.2788938312228,-56.3768240000002));
#7625=CARTESIAN_POINT('',(15.8298647825284,-84.321026891634,-56.3768240000003));
#7626=CARTESIAN_POINT('',(15.7644400671665,-84.3629739181286,-56.3768240000002));
#7627=CARTESIAN_POINT('',(15.6989288873119,-84.40469610583,-56.3768240000003));
#7628=CARTESIAN_POINT('',(15.6331442316046,-84.446311744781,-56.3768240000002));
#7629=CARTESIAN_POINT('',(15.5672764119477,-84.4876996450534,-56.3768240000002));
#7630=CARTESIAN_POINT('',(15.5012605886412,-84.5289007979129,-56.3768240000003));
#7631=CARTESIAN_POINT('',(15.4351658085821,-84.5698724282246,-56.3768240000002));
#7632=CARTESIAN_POINT('',(15.368780723883,-84.6107446452619,-56.3768240000002));
#7633=CARTESIAN_POINT('',(15.3023199943685,-84.6513843974658,-56.3768240000003));
#7634=CARTESIAN_POINT('',(15.2357106246724,-84.691836600056,-56.3768240000002));
#7635=CARTESIAN_POINT('',(15.1690299364345,-84.7320546437125,-56.3768240000003));
#7636=CARTESIAN_POINT('',(15.1020416384623,-84.7721800504963,-56.3768240000002));
#7637=CARTESIAN_POINT('',(15.0349853484263,-84.8120683109812,-56.3768240000003));
#7638=CARTESIAN_POINT('',(14.9677797115178,-84.8517681289166,-56.3768240000002));
#7639=CARTESIAN_POINT('',(14.9005105293014,-84.891229198731,-56.3768240000003));
#7640=CARTESIAN_POINT('',(14.8329159503278,-84.9306040389616,-56.3768240000002));
#7641=CARTESIAN_POINT('',(14.7652611111223,-84.9697371285646,-56.3768240000003));
#7642=CARTESIAN_POINT('',(14.6974563838182,-85.0086806588686,-56.3768240000002));
#7643=CARTESIAN_POINT('',(14.6295951433568,-85.0473813856024,-56.3768240000003));
#7644=CARTESIAN_POINT('',(14.5613935178396,-85.086000094523,-56.3768240000003));
#7645=CARTESIAN_POINT('',(14.4703716527034,-85.1371724124713,-56.3768240000003));
#7646=CARTESIAN_POINT('',(14.3791413147412,-85.1879120967947,-56.3768240000003));
#7647=CARTESIAN_POINT('',(14.2875455963791,-85.2383048277579,-56.3768240000003));
#7648=CARTESIAN_POINT('',(14.2187480787008,-85.2758802477705,-56.3768240000002));
#7649=CARTESIAN_POINT('',(14.1498467126469,-85.3132387117303,-56.3768240000002));
#7650=CARTESIAN_POINT('',(14.0807720148001,-85.3504171825391,-56.3768240000003));
#7651=CARTESIAN_POINT('',(14.0118050382983,-85.3872656364325,-56.3768240000002));
#7652=CARTESIAN_POINT('',(13.9426633791373,-85.4239360472008,-56.3768240000003));
#7653=CARTESIAN_POINT('',(13.8734413326716,-85.4603780400696,-56.3768240000002));
#7654=CARTESIAN_POINT('',(13.8040441214871,-85.4966411403461,-56.3768240000003));
#7655=CARTESIAN_POINT('',(13.7347565598862,-85.5325776215763,-56.3768240000003));
#7656=CARTESIAN_POINT('',(13.665297915239,-85.5683341912151,-56.3768240000002));
#7657=CARTESIAN_POINT('',(13.5957605246382,-85.6038629320585,-56.3768240000003));
#7658=CARTESIAN_POINT('',(13.526055772343,-85.6392088054675,-56.3768240000002));
#7659=CARTESIAN_POINT('',(13.4564457842237,-85.6742398832018,-56.3768240000003));
#7660=CARTESIAN_POINT('',(13.386672765121,-85.7090869018488,-56.3768240000002));
#7661=CARTESIAN_POINT('',(13.3168213966641,-85.7437072196875,-56.3768240000002));
#7662=CARTESIAN_POINT('',(13.2468107474956,-85.7781406670147,-56.3768240000003));
#7663=CARTESIAN_POINT('',(13.1768798614161,-85.8122705643646,-56.3768240000002));
#7664=CARTESIAN_POINT('',(13.1067939787027,-85.8462123875458,-56.3768240000003));
#7665=CARTESIAN_POINT('',(13.0366300990753,-85.8799285314416,-56.3768240000002));
#7666=CARTESIAN_POINT('',(12.9663149833771,-85.9134539407095,-56.3768240000003));
#7667=CARTESIAN_POINT('',(12.8960645885151,-85.9466864418367,-56.3768240000002));
#7668=CARTESIAN_POINT('',(12.825667197845,-85.9797269920922,-56.3768240000003));
#7669=CARTESIAN_POINT('',(12.7551921245526,-86.0125427775677,-56.3768240000002));
#7670=CARTESIAN_POINT('',(12.684573832539,-86.0451640966268,-56.3768240000003));
#7671=CARTESIAN_POINT('',(12.614005153014,-86.077502569724,-56.3768240000002));
#7672=CARTESIAN_POINT('',(12.5432975030252,-86.1096453257141,-56.3768240000003));
#7673=CARTESIAN_POINT('',(12.4725122560825,-86.1415642088093,-56.3768240000002));
#7674=CARTESIAN_POINT('',(12.4015925010984,-86.1732847133065,-56.3768240000003));
#7675=CARTESIAN_POINT('',(12.330704508913,-86.2047330178056,-56.3768240000003));
#7676=CARTESIAN_POINT('',(12.2360258880187,-86.2463925471576,-56.3768240000003));
#7677=CARTESIAN_POINT('',(12.1411175933852,-86.2876380128644,-56.3768240000003));
#7678=CARTESIAN_POINT('',(12.0461688414355,-86.3283885343499,-56.3768240000003));
#7679=CARTESIAN_POINT('',(11.9510788973276,-86.3688589120343,-56.3768240000002));
#7680=CARTESIAN_POINT('',(11.8319503944032,-86.4189208849034,-56.3768240000003));
#7681=CARTESIAN_POINT('',(11.6888344257748,-86.4780453547567,-56.3768240000002));
#7682=CARTESIAN_POINT('',(11.5452696494646,-86.5363393286064,-56.3768240000003));
#7683=CARTESIAN_POINT('',(11.4015272706662,-86.5936935233845,-56.3768240000002));
#7684=CARTESIAN_POINT('',(11.2573639615519,-86.6502061621703,-56.3768240000002));
#7685=CARTESIAN_POINT('',(11.1129931806073,-86.7057939984906,-56.3768240000003));
#7686=CARTESIAN_POINT('',(10.9682333702288,-86.760527903282,-56.3768240000003));
#7687=CARTESIAN_POINT('',(10.8232336799829,-86.8143516736065,-56.3768240000002));
#7688=CARTESIAN_POINT('',(10.5325299416332,-86.9202637155269,-56.3768240000003));
#7689=CARTESIAN_POINT('',(10.2403763734869,-87.0217251677461,-56.3768240000003));
#7690=CARTESIAN_POINT('',(9.94662021832183,-87.1187898655796,-56.3768240000002));
#7691=CARTESIAN_POINT('',(9.79947727037035,-87.166424158516,-56.3768240000002));
#7692=CARTESIAN_POINT('',(9.65196854666724,-87.213192460955,-56.3768240000002));
#7693=CARTESIAN_POINT('',(9.50423071265794,-87.2590512940984,-56.3768240000002));
#7694=CARTESIAN_POINT('',(9.35609312610458,-87.304052741506,-56.3768240000003));
#7695=CARTESIAN_POINT('',(9.20775899844965,-87.3481347043629,-56.3768240000002));
#7696=CARTESIAN_POINT('',(9.05899248829832,-87.391366223158,-56.3768240000003));
#7697=CARTESIAN_POINT('',(8.91005829027206,-87.4336696285445,-56.3768240000003));
#7698=CARTESIAN_POINT('',(8.78557014666073,-87.4682156046484,-56.3768240000002));
#7699=CARTESIAN_POINT('',(8.68588440227742,-87.4953908447847,-56.3768240000002));
#7700=CARTESIAN_POINT('',(8.58613505550449,-87.5222590529676,-56.3768240000003));
#7701=CARTESIAN_POINT('',(8.48611698265882,-87.548712309302,-56.3768240000002));
#7702=CARTESIAN_POINT('',(8.38602078769224,-87.5746989719132,-56.3768240000003));
#7703=CARTESIAN_POINT('',(8.31091640741652,-87.5939545129338,-56.3768240000002));
#7704=CARTESIAN_POINT('',(8.23562314008026,-87.6130150485967,-56.3768240000003));
#7705=CARTESIAN_POINT('',(8.16031114223521,-87.6318370065525,-56.3768240000002));
#7706=CARTESIAN_POINT('',(8.08492199260402,-87.6504351396497,-56.3768240000003));
#7707=CARTESIAN_POINT('',(8.00951921974431,-87.6687940088434,-56.3768240000003));
#7708=CARTESIAN_POINT('',(7.93390713070298,-87.686960617465,-56.3768240000002));
#7709=CARTESIAN_POINT('',(7.85828552520739,-87.7048863314823,-56.3768240000003));
#7710=CARTESIAN_POINT('',(7.78258630156441,-87.7225874900742,-56.3768240000002));
#7711=CARTESIAN_POINT('',(7.70688206681929,-87.7400473705571,-56.3768240000003));
#7712=CARTESIAN_POINT('',(7.63095049448405,-87.7573165244865,-56.3768240000002));
#7713=CARTESIAN_POINT('',(7.55501799135495,-87.7743427474119,-56.3768240000002));
#7714=CARTESIAN_POINT('',(7.47900756157765,-87.7911435273972,-56.3768240000003));
#7715=CARTESIAN_POINT('',(7.40300078177328,-87.8077011166374,-56.3768240000002));
#7716=CARTESIAN_POINT('',(7.32674834131167,-87.8240690182883,-56.3768240000002));
#7717=CARTESIAN_POINT('',(7.25050365686886,-87.8401920397016,-56.3768240000003));
#7718=CARTESIAN_POINT('',(7.17418070131044,-87.8560886234749,-56.3768240000002));
#7719=CARTESIAN_POINT('',(7.09787016649806,-87.871740191866,-56.3768240000003));
#7720=CARTESIAN_POINT('',(7.02129531211948,-87.8872026132458,-56.3768240000002));
#7721=CARTESIAN_POINT('',(6.94473701436797,-87.9024182916156,-56.3768240000003));
#7722=CARTESIAN_POINT('',(6.86810006397577,-87.917406428317,-56.3768240000002));
#7723=CARTESIAN_POINT('',(6.79148442182068,-87.9321478139823,-56.3768240000003));
#7724=CARTESIAN_POINT('',(6.71458545365926,-87.9467000847403,-56.3768240000002));
#7725=CARTESIAN_POINT('',(6.63771192965233,-87.9610038428133,-56.3768240000003));
#7726=CARTESIAN_POINT('',(6.56075946928693,-87.9750788206331,-56.3768240000002));
#7727=CARTESIAN_POINT('',(6.48383682445403,-87.9889054862501,-56.3768240000003));
#7728=CARTESIAN_POINT('',(6.40661336810277,-88.0025422350311,-56.3768240000003));
#7729=CARTESIAN_POINT('',(6.30368527014249,-88.0203925499278,-56.3768240000003));
#7730=CARTESIAN_POINT('',(6.17489306833204,-88.0421190844,-56.3768240000002));
#7731=CARTESIAN_POINT('',(6.04597326648161,-88.0630547991575,-56.3768240000003));
#7732=CARTESIAN_POINT('',(5.94278492617921,-88.0793255005203,-56.3768240000003));
#7733=CARTESIAN_POINT('',(5.86528772345014,-88.0913015923862,-56.3768240000002));
#7734=CARTESIAN_POINT('',(5.78801389081282,-88.1030009978887,-56.3768240000002));
#7735=CARTESIAN_POINT('',(5.71063186904221,-88.114474943417,-56.3768240000003));
#7736=CARTESIAN_POINT('',(5.63325082383971,-88.1257068854854,-56.3768240000002));
#7737=CARTESIAN_POINT('',(5.55576565162469,-88.1367117716469,-56.3768240000002));
#7738=CARTESIAN_POINT('',(5.4784876010184,-88.1474463551752,-56.3768240000003));
#7739=CARTESIAN_POINT('',(5.40110990529184,-88.1579542172255,-56.3768240000002));
#7740=CARTESIAN_POINT('',(5.3237333199498,-88.1682213384,-56.3768240000002));
#7741=CARTESIAN_POINT('',(5.24626158970209,-88.1782602151349,-56.3768240000003));
#7742=CARTESIAN_POINT('',(5.16897898020474,-88.188034881083,-56.3768240000002));
#7743=CARTESIAN_POINT('',(5.09160569751026,-88.197581604697,-56.3768240000002));
#7744=CARTESIAN_POINT('',(5.01423351992439,-88.2068887547125,-56.3768240000003));
#7745=CARTESIAN_POINT('',(4.93677512817163,-88.2159665877348,-56.3768240000002));
#7746=CARTESIAN_POINT('',(4.85948802104818,-88.2247857086069,-56.3768240000002));
#7747=CARTESIAN_POINT('',(4.782119130963,-88.2333757881087,-56.3768240000003));
#7748=CARTESIAN_POINT('',(4.70475134053204,-88.2417273458715,-56.3768240000002));
#7749=CARTESIAN_POINT('',(4.62730618688262,-88.2498486325903,-56.3768240000003));
#7750=CARTESIAN_POINT('',(4.55001463888948,-88.2577161258538,-56.3768240000002));
#7751=CARTESIAN_POINT('',(4.47265012275493,-88.2653535973486,-56.3768240000003));
#7752=CARTESIAN_POINT('',(4.39528670032119,-88.2727534859218,-56.3768240000002));
#7753=CARTESIAN_POINT('',(4.31785469801717,-88.2799222644983,-56.3768240000003));
#7754=CARTESIAN_POINT('',(4.24055874828494,-88.2868416025309,-56.3768240000002));
#7755=CARTESIAN_POINT('',(4.16319863162522,-88.2935300503109,-56.3768240000003));
#7756=CARTESIAN_POINT('',(4.08583940291665,-88.2999817562812,-56.3768240000002));
#7757=CARTESIAN_POINT('',(4.00842106214389,-88.3062015763786,-56.3768240000003));
#7758=CARTESIAN_POINT('',(3.93111855448974,-88.3121759384133,-56.3768240000003));
#7759=CARTESIAN_POINT('',(3.8279885281476,-88.3198319739854,-56.3768240000003));
#7760=CARTESIAN_POINT('',(3.72478214607681,-88.327021134891,-56.3768240000003));
#7761=CARTESIAN_POINT('',(3.621696253561,-88.3337308999228,-56.3768240000003));
#7762=CARTESIAN_POINT('',(3.51857165113014,-88.3401295176628,-56.3768240000002));
#7763=CARTESIAN_POINT('',(3.38959272261795,-88.3475432848053,-56.3768240000003));
#7764=CARTESIAN_POINT('',(3.23497185007803,-88.3554913249941,-56.3768240000002));
#7765=CARTESIAN_POINT('',(3.08021078327049,-88.3625067266563,-56.3768240000003));
#7766=CARTESIAN_POINT('',(2.92558466184704,-88.3685777360608,-56.3768240000002));
#7767=CARTESIAN_POINT('',(2.77084844435703,-88.373714977061,-56.3768240000002));
#7768=CARTESIAN_POINT('',(2.61621404679929,-88.3779117639637,-56.3768240000003));
#7769=CARTESIAN_POINT('',(2.46150360839032,-88.3811737678582,-56.3768240000003));
#7770=CARTESIAN_POINT('',(2.30686006698249,-88.3834981154206,-56.3768240000002));
#7771=CARTESIAN_POINT('',(1.9974958611329,-88.3862758058647,-56.3768240000003));
#7772=CARTESIAN_POINT('',(1.68823133982542,-88.3843748707096,-56.3768240000003));
#7773=CARTESIAN_POINT('',(1.3789045462802,-88.3777935317089,-56.3768240000002));
#7774=CARTESIAN_POINT('',(1.22429500543502,-88.3735679133516,-56.3768240000002));
#7775=CARTESIAN_POINT('',(1.06961895622131,-88.368403397804,-56.3768240000002));
#7776=CARTESIAN_POINT('',(0.915036151539642,-88.3623051395435,-56.3768240000002));
#7777=CARTESIAN_POINT('',(0.760351418240747,-88.3552645363531,-56.3768240000003));
#7778=CARTESIAN_POINT('',(0.605794120651977,-88.3472916256351,-56.3768240000002));
#7779=CARTESIAN_POINT('',(0.451101791462214,-88.3383718122128,-56.3768240000003));
#7780=CARTESIAN_POINT('',(0.296566848849314,-88.3285211772578,-56.3768240000003));
#7781=CARTESIAN_POINT('',(0.16766000607342,-88.3195194964604,-56.3768240000002));
#7782=CARTESIAN_POINT('',(0.06460047429338,-88.3118512034968,-56.3768240000002));
#7783=CARTESIAN_POINT('',(-0.0384156518994383,-88.3038722102579,-56.3768240000003));
#7784=CARTESIAN_POINT('',(-0.141553157851846,-88.2954116187507,-56.3768240000002));
#7785=CARTESIAN_POINT('',(-0.244606624518094,-88.2864850367068,-56.3768240000003));
#7786=CARTESIAN_POINT('',(-0.321847806135161,-88.2795583225239,-56.3768240000002));
#7787=CARTESIAN_POINT('',(-0.399206909938141,-88.2723841491907,-56.3768240000003));
#7788=CARTESIAN_POINT('',(-0.476502570191314,-88.2649788342615,-56.3768240000002));
#7789=CARTESIAN_POINT('',(-0.553796936519163,-88.2573365778439,-56.3768240000003));
#7790=CARTESIAN_POINT('',(-0.631022776159498,-88.2494642619534,-56.3768240000003));
#7791=CARTESIAN_POINT('',(-0.708386870536576,-88.2413401584199,-56.3768240000002));
#7792=CARTESIAN_POINT('',(-0.785678013302795,-88.2329858098275,-56.3768240000003));
#7793=CARTESIAN_POINT('',(-0.862968068760965,-88.2243936470586,-56.3768240000002));
#7794=CARTESIAN_POINT('',(-0.94018078604742,-88.2155724039994,-56.3768240000003));
#7795=CARTESIAN_POINT('',(-1.01754930431402,-88.2064947142231,-56.3768240000002));
#7796=CARTESIAN_POINT('',(-1.09483607818525,-88.1971877285298,-56.3768240000002));
#7797=CARTESIAN_POINT('',(-1.1721217620048,-88.1876419608875,-56.3768240000003));
#7798=CARTESIAN_POINT('',(-1.24932128377347,-88.1778682046243,-56.3768240000002));
#7799=CARTESIAN_POINT('',(-1.32669427714429,-88.1678327724594,-56.3768240000002));
#7800=CARTESIAN_POINT('',(-1.40397666479157,-88.1575691100087,-56.3768240000003));
#7801=CARTESIAN_POINT('',(-1.48125795802312,-88.1470655842186,-56.3768240000002));
#7802=CARTESIAN_POINT('',(-1.55844418893341,-88.136335281688,-56.3768240000003));
#7803=CARTESIAN_POINT('',(-1.63582171783672,-88.1253374890747,-56.3768240000002));
#7804=CARTESIAN_POINT('',(-1.71309970053093,-88.1141126516451,-56.3768240000003));
#7805=CARTESIAN_POINT('',(-1.79037657660364,-88.1026467545121,-56.3768240000002));
#7806=CARTESIAN_POINT('',(-1.86754943190658,-88.0909554119578,-56.3768240000003));
#7807=CARTESIAN_POINT('',(-1.94493148344515,-88.0789901817404,-56.3768240000002));
#7808=CARTESIAN_POINT('',(-2.0222053389775,-88.0667991519342,-56.3768240000003));
#7809=CARTESIAN_POINT('',(-2.09947665453949,-88.0543659866386,-56.3768240000002));
#7810=CARTESIAN_POINT('',(-2.17664019822952,-88.041707941382,-56.3768240000003));
#7811=CARTESIAN_POINT('',(-2.25401124161814,-88.0287723299509,-56.3768240000002));
#7812=CARTESIAN_POINT('',(-2.33127645689299,-88.01561042507,-56.3768240000003));
#7813=CARTESIAN_POINT('',(-2.40851308520134,-88.0022097032509,-56.3768240000003));
#7814=CARTESIAN_POINT('',(-2.51146295795489,-87.9840220798786,-56.3768240000003));
#7815=CARTESIAN_POINT('',(-2.61417499514102,-87.9653889422395,-56.3768240000003));
#7816=CARTESIAN_POINT('',(-2.71683042435499,-87.9462788484457,-56.3768240000003));
#7817=CARTESIAN_POINT('',(-2.79383763584034,-87.9316987538942,-56.3768240000002));
#7818=CARTESIAN_POINT('',(-2.8705492464062,-87.9169312962866,-56.3768240000002));
#7819=CARTESIAN_POINT('',(-2.94728554955585,-87.9019157923233,-56.3768240000003));
#7820=CARTESIAN_POINT('',(-3.02394107225101,-87.8866725405291,-56.3768240000002));
#7821=CARTESIAN_POINT('',(-3.10061741314154,-87.8711810301045,-56.3768240000003));
#7822=CARTESIAN_POINT('',(-3.17701365066627,-87.8555030057225,-56.3768240000002));
#7823=CARTESIAN_POINT('',(-3.25342662989892,-87.8395785056456,-56.3768240000003));
#7824=CARTESIAN_POINT('',(-3.32975897749779,-87.8234274891711,-56.3768240000003));
#7825=CARTESIAN_POINT('',(-3.40610334175596,-87.8070300808474,-56.3768240000002));
#7826=CARTESIAN_POINT('',(-3.48218650284281,-87.7904458231833,-56.3768240000003));
#7827=CARTESIAN_POINT('',(-3.5582775689434,-87.7736169290878,-56.3768240000002));
#7828=CARTESIAN_POINT('',(-3.63428838427509,-87.7565625909147,-56.3768240000003));
#7829=CARTESIAN_POINT('',(-3.71030246378346,-87.7392638263403,-56.3768240000002));
#7830=CARTESIAN_POINT('',(-3.78607390346875,-87.7217773723052,-56.3768240000002));
#7831=CARTESIAN_POINT('',(-3.86184452395104,-87.7040482093114,-56.3768240000003));
#7832=CARTESIAN_POINT('',(-3.9375352373858,-87.6860945660657,-56.3768240000002));
#7833=CARTESIAN_POINT('',(-4.01322057453108,-87.6678985472386,-56.3768240000003));
#7834=CARTESIAN_POINT('',(-4.0886815001992,-87.6495135054414,-56.3768240000002));
#7835=CARTESIAN_POINT('',(-4.16413299062264,-87.6308877690514,-56.3768240000003));
#7836=CARTESIAN_POINT('',(-4.2395048808023,-87.6120384099725,-56.3768240000002));
#7837=CARTESIAN_POINT('',(-4.31486285450216,-87.5929488122118,-56.3768240000003));
#7838=CARTESIAN_POINT('',(-4.39001434166535,-87.5736683678373,-56.3768240000002));
#7839=CARTESIAN_POINT('',(-4.4651478338391,-87.5541493421413,-56.3768240000003));
#7840=CARTESIAN_POINT('',(-4.54020215673605,-87.5344074016293,-56.3768240000002));
#7841=CARTESIAN_POINT('',(-4.61523351595836,-87.5144276149869,-56.3768240000003));
#7842=CARTESIAN_POINT('',(-4.69007826338474,-87.4942540409663,-56.3768240000003));
#7843=CARTESIAN_POINT('',(-4.78982480095502,-87.4670439290941,-56.3768240000003));
#7844=CARTESIAN_POINT('',(-4.91438922622217,-87.4324533911693,-56.3768240000002));
#7845=CARTESIAN_POINT('',(-5.06338574677273,-87.3901037177925,-56.3768240000003));
#7846=CARTESIAN_POINT('',(-5.21222942552108,-87.3468206052799,-56.3768240000002));
#7847=CARTESIAN_POINT('',(-5.36060797258742,-87.3026958161751,-56.3768240000003));
#7848=CARTESIAN_POINT('',(-5.50880577818969,-87.2576459750495,-56.3768240000003));
#7849=CARTESIAN_POINT('',(-5.65657106507547,-87.2117481493006,-56.3768240000003));
#7850=CARTESIAN_POINT('',(-5.80412326725625,-87.1649352275608,-56.3768240000002));
#7851=CARTESIAN_POINT('',(-5.95127633797873,-87.1172665303714,-56.3768240000003));
#7852=CARTESIAN_POINT('',(-6.09818372187459,-87.0686931944184,-56.3768240000003));
#7853=CARTESIAN_POINT('',(-6.24472552168886,-87.0192549278751,-56.3768240000002));
#7854=CARTESIAN_POINT('',(-6.43974097683272,-86.9521464685863,-56.3768240000003));
#7855=CARTESIAN_POINT('',(-6.68269860625138,-86.8660660063119,-56.3768240000002));
#7856=CARTESIAN_POINT('',(-6.92460315968613,-86.7770504592141,-56.3768240000002));
#7857=CARTESIAN_POINT('',(-7.11753807967396,-86.7040592355388,-56.3768240000003));
#7858=CARTESIAN_POINT('',(-7.26187211515569,-86.6484540923372,-56.3768240000002));
#7859=CARTESIAN_POINT('',(-7.40596564190492,-86.5919375327722,-56.3768240000002));
#7860=CARTESIAN_POINT('',(-7.54965423027918,-86.5345738412215,-56.3768240000003));
#7861=CARTESIAN_POINT('',(-7.69313477246102,-86.4762833757511,-56.3768240000002));
#7862=CARTESIAN_POINT('',(-7.83617857172833,-86.4171585578116,-56.3768240000002));
#7863=CARTESIAN_POINT('',(-7.97904382033461,-86.3570914774287,-56.3768240000003));
#7864=CARTESIAN_POINT('',(-8.12144520391139,-86.2962011676327,-56.3768240000002));
#7865=CARTESIAN_POINT('',(-8.23997526015084,-86.2446661609736,-56.3768240000003));
#7866=CARTESIAN_POINT('',(-8.33458341146397,-86.2030187997059,-56.3768240000002));
#7867=CARTESIAN_POINT('',(-8.40542024792985,-86.1715791963026,-56.3768240000003));
#7868=CARTESIAN_POINT('',(-8.47627572857819,-86.1398736010983,-56.3768240000002));
#7869=CARTESIAN_POINT('',(-8.54700061577177,-86.1079683022487,-56.3768240000003));
#7870=CARTESIAN_POINT('',(-8.61764608825307,-86.0758403620238,-56.3768240000002));
#7871=CARTESIAN_POINT('',(-8.68815666868944,-86.0435152431877,-56.3768240000003));
#7872=CARTESIAN_POINT('',(-8.75870308766895,-86.0109140324139,-56.3768240000002));
#7873=CARTESIAN_POINT('',(-8.82911041636263,-85.9781169380862,-56.3768240000003));
#7874=CARTESIAN_POINT('',(-8.89943821958904,-85.9450964094439,-56.3768240000002));
#7875=CARTESIAN_POINT('',(-8.96962316690296,-85.9118824411467,-56.3768240000003));
#7876=CARTESIAN_POINT('',(-9.03985901526669,-85.8783826053161,-56.3768240000002));
#7877=CARTESIAN_POINT('',(-9.10994780905679,-85.844690594719,-56.3768240000002));
#7878=CARTESIAN_POINT('',(-9.17995678228592,-85.8107743164825,-56.3768240000003));
#7879=CARTESIAN_POINT('',(-9.24981495452698,-85.776668449331,-56.3768240000002));
#7880=CARTESIAN_POINT('',(-9.31973901347563,-85.74226637124,-56.3768240000002));
#7881=CARTESIAN_POINT('',(-9.38950803175832,-85.7076759559876,-56.3768240000003));
#7882=CARTESIAN_POINT('',(-9.45919689607453,-85.6728603345552,-56.3768240000002));
#7883=CARTESIAN_POINT('',(-9.52872698699996,-85.6378591092397,-56.3768240000003));
#7884=CARTESIAN_POINT('',(-9.59833789553235,-85.602550739872,-56.3768240000002));
#7885=CARTESIAN_POINT('',(-9.66778574579956,-85.5670580066303,-56.3768240000003));
#7886=CARTESIAN_POINT('',(-9.73715307025226,-85.5313390210407,-56.3768240000002));
#7887=CARTESIAN_POINT('',(-9.80635361495985,-85.4954385568208,-56.3768240000003));
#7888=CARTESIAN_POINT('',(-9.87564986319412,-85.4592194075739,-56.3768240000002));
#7889=CARTESIAN_POINT('',(-9.94477500344898,-85.4228200060025,-56.3768240000003));
#7890=CARTESIAN_POINT('',(-10.0138191828269,-85.386193209137,-56.3768240000002));
#7891=CARTESIAN_POINT('',(-10.0826886244241,-85.3493891561531,-56.3768240000003));
#7892=CARTESIAN_POINT('',(-10.1516682887531,-85.3122544333178,-56.3768240000002));
#7893=CARTESIAN_POINT('',(-10.2204699992274,-85.2749430245389,-56.3768240000003));
#7894=CARTESIAN_POINT('',(-10.2891856104393,-85.2374055533231,-56.3768240000002));
#7895=CARTESIAN_POINT('',(-10.3577358806059,-85.1996855417352,-56.3768240000003));
#7896=CARTESIAN_POINT('',(-10.4263459222662,-85.1616582780097,-56.3768240000002));
#7897=CARTESIAN_POINT('',(-10.4947941155963,-85.1234455303306,-56.3768240000003));
#7898=CARTESIAN_POINT('',(-10.5631247197561,-85.0850233036376,-56.3768240000002));
#7899=CARTESIAN_POINT('',(-10.6313823179301,-85.0463658099874,-56.3768240000003));
#7900=CARTESIAN_POINT('',(-10.6993443182204,-85.0076001962139,-56.3768240000002));
#7901=CARTESIAN_POINT('',(-10.7672376072274,-84.968597909391,-56.3768240000003));
#7902=CARTESIAN_POINT('',(-10.834982907691,-84.9294042471964,-56.3768240000002));
#7903=CARTESIAN_POINT('',(-10.9026704420509,-84.8899665718462,-56.3768240000003));
#7904=CARTESIAN_POINT('',(-10.9700185978084,-84.8504501367974,-56.3768240000002));
#7905=CARTESIAN_POINT('',(-11.0373067761197,-84.8106921585261,-56.3768240000003));
#7906=CARTESIAN_POINT('',(-11.1044433275183,-84.7707463870933,-56.3768240000002));
#7907=CARTESIAN_POINT('',(-11.1715154487143,-84.7305606057796,-56.3768240000003));
#7908=CARTESIAN_POINT('',(-11.2382660023341,-84.6902899314012,-56.3768240000002));
#7909=CARTESIAN_POINT('',(-11.3049488194225,-84.6497822973328,-56.3768240000003));
#7910=CARTESIAN_POINT('',(-11.3714807572352,-84.6090878365698,-56.3768240000002));
#7911=CARTESIAN_POINT('',(-11.4379405557041,-84.5681580837556,-56.3768240000003));
#7912=CARTESIAN_POINT('',(-11.504096397846,-84.5271367673214,-56.3768240000002));
#7913=CARTESIAN_POINT('',(-11.5701768054754,-84.4858831647909,-56.3768240000003));
#7914=CARTESIAN_POINT('',(-11.6361070310322,-84.4444435981281,-56.3768240000002));
#7915=CARTESIAN_POINT('',(-11.7019575429424,-84.4027735019532,-56.3768240000003));
#7916=CARTESIAN_POINT('',(-11.7675212150616,-84.3610048158216,-56.3768240000002));
#7917=CARTESIAN_POINT('',(-11.8330018919224,-84.3190085614842,-56.3768240000003));
#7918=CARTESIAN_POINT('',(-11.8983330122194,-84.2768271166053,-56.3768240000002));
#7919=CARTESIAN_POINT('',(-11.9635769766413,-84.2344199487765,-56.3768240000003));
#7920=CARTESIAN_POINT('',(-12.0285507437387,-84.1919068099676,-56.3768240000002));
#7921=CARTESIAN_POINT('',(-12.0934340835378,-84.1491708677044,-56.3768240000003));
#7922=CARTESIAN_POINT('',(-12.1581684225778,-84.1062504208855,-56.3768240000002));
#7923=CARTESIAN_POINT('',(-12.2228082846755,-84.0631091063907,-56.3768240000003));
#7924=CARTESIAN_POINT('',(-12.2871941480251,-84.0198540778025,-56.3768240000002));
#7925=CARTESIAN_POINT('',(-12.3514822375324,-83.9763810849073,-56.3768240000003));
#7926=CARTESIAN_POINT('',(-12.4156219436743,-83.9327240953238,-56.3768240000002));
#7927=CARTESIAN_POINT('',(-12.4796594796379,-83.8888514887909,-56.3768240000003));
#7928=CARTESIAN_POINT('',(-12.5434606021975,-83.8448557787344,-56.3768240000003));
#7929=CARTESIAN_POINT('',(-12.628379696309,-83.7859171499221,-56.3768240000003));
#7930=CARTESIAN_POINT('',(-12.7342223690435,-83.7117400443889,-56.3768240000002));
#7931=CARTESIAN_POINT('',(-12.8605086180111,-83.6220893419144,-56.3768240000003));
#7932=CARTESIAN_POINT('',(-12.9863348201946,-83.5316133148779,-56.3768240000002));
#7933=CARTESIAN_POINT('',(-13.1114510324644,-83.4404927354106,-56.3768240000003));
#7934=CARTESIAN_POINT('',(-13.2360835700349,-83.3485641374797,-56.3768240000003));
#7935=CARTESIAN_POINT('',(-13.3600346267904,-83.2559739885008,-56.3768240000003));
#7936=CARTESIAN_POINT('',(-13.4834748640543,-83.1625959894789,-56.3768240000002));
#7937=CARTESIAN_POINT('',(-13.6062623157927,-83.0685378213405,-56.3768240000003));
#7938=CARTESIAN_POINT('',(-13.7285117998335,-82.9737124721494,-56.3768240000003));
#7939=CARTESIAN_POINT('',(-13.8501366355595,-82.8781872017668,-56.3768240000002));
#7940=CARTESIAN_POINT('',(-14.0115489619235,-82.7498260311846,-56.3768240000003));
#7941=CARTESIAN_POINT('',(-14.2118281609383,-82.5875673963251,-56.3768240000002));
#7942=CARTESIAN_POINT('',(-14.410137999486,-82.4228908894104,-56.3768240000002));
#7943=CARTESIAN_POINT('',(-14.5676460413691,-82.2896616602517,-56.3768240000003));
#7944=CARTESIAN_POINT('',(-14.6851399653423,-82.189052698177,-56.3768240000002));
#7945=CARTESIAN_POINT('',(-14.8021111206646,-82.0876575870639,-56.3768240000002));
#7946=CARTESIAN_POINT('',(-14.9184133777076,-81.9856026838696,-56.3768240000003));
#7947=CARTESIAN_POINT('',(-15.0342185067529,-81.8827359042785,-56.3768240000002));
#7948=CARTESIAN_POINT('',(-15.1493289376042,-81.7792320701519,-56.3768240000002));
#7949=CARTESIAN_POINT('',(-15.2639647566003,-81.6748917389095,-56.3768240000003));
#7950=CARTESIAN_POINT('',(-15.3778841306121,-81.5699337885439,-56.3768240000002));
#7951=CARTESIAN_POINT('',(-15.4724286926799,-81.4817609077464,-56.3768240000003));
#7952=CARTESIAN_POINT('',(-15.5477196114927,-81.4109002115972,-56.3768240000002));
#7953=CARTESIAN_POINT('',(-15.6040063865231,-81.3576028080749,-56.3768240000003));
#7954=CARTESIAN_POINT('',(-15.6602254790453,-81.3040449197903,-56.3768240000002));
#7955=CARTESIAN_POINT('',(-15.7162536705962,-81.2503432887487,-56.3768240000003));
#7956=CARTESIAN_POINT('',(-15.772133108005,-81.1964577158605,-56.3768240000002));
#7957=CARTESIAN_POINT('',(-15.8278184224177,-81.1424322554786,-56.3768240000003));
#7958=CARTESIAN_POINT('',(-15.8834489424212,-81.0881308892816,-56.3768240000002));
#7959=CARTESIAN_POINT('',(-15.9388817955202,-81.0336922481008,-56.3768240000003));
#7960=CARTESIAN_POINT('',(-15.9941655154028,-80.979068926754,-56.3768240000002));
#7961=CARTESIAN_POINT('',(-16.0492488398124,-80.9243119151383,-56.3768240000003));
#7962=CARTESIAN_POINT('',(-16.1042882840867,-80.8692646588482,-56.3768240000002));
#7963=CARTESIAN_POINT('',(-16.159123779062,-80.8140862957533,-56.3768240000002));
#7964=CARTESIAN_POINT('',(-16.213809569026,-80.7587225420828,-56.3768240000003));
#7965=CARTESIAN_POINT('',(-16.2682887459912,-80.7032313950498,-56.3768240000002));
#7966=CARTESIAN_POINT('',(-16.3227346976201,-80.6474351495732,-56.3768240000002));
#7967=CARTESIAN_POINT('',(-16.3769704385459,-80.5915140960148,-56.3768240000003));
#7968=CARTESIAN_POINT('',(-16.4310558313124,-80.5354068544744,-56.3768240000002));
#7969=CARTESIAN_POINT('',(-16.4849284111107,-80.4791786541918,-56.3768240000003));
#7970=CARTESIAN_POINT('',(-16.5387781746326,-80.4226299581078,-56.3768240000002));
#7971=CARTESIAN_POINT('',(-16.5924114802957,-80.365962892865,-56.3768240000003));
#7972=CARTESIAN_POINT('',(-16.6458937215302,-80.3091087538555,-56.3768240000002));
#7973=CARTESIAN_POINT('',(-16.6991569661977,-80.2521402328684,-56.3768240000003));
#7974=CARTESIAN_POINT('',(-16.752407549422,-80.1948352673558,-56.3768240000002));
#7975=CARTESIAN_POINT('',(-16.8054354852163,-80.1374184660507,-56.3768240000003));
#7976=CARTESIAN_POINT('',(-16.8583113867462,-80.0798138162395,-56.3768240000002));
#7977=CARTESIAN_POINT('',(-16.910962787336,-80.0221007600443,-56.3768240000003));
#7978=CARTESIAN_POINT('',(-16.9636089405225,-79.9640375416899,-56.3768240000003));
#7979=CARTESIAN_POINT('',(-17.0335111575293,-79.8864656869361,-56.3768240000003));
#7980=CARTESIAN_POINT('',(-17.1030374879757,-79.808594978117,-56.3768240000003));
#7981=CARTESIAN_POINT('',(-17.1723042399207,-79.7302930841514,-56.3768240000003));
#7982=CARTESIAN_POINT('',(-17.2240628035823,-79.6714201009695,-56.3768240000002));
#7983=CARTESIAN_POINT('',(-17.2756324299354,-79.6123982589486,-56.3768240000002));
#7984=CARTESIAN_POINT('',(-17.3270645780723,-79.5531677127485,-56.3768240000003));
#7985=CARTESIAN_POINT('',(-17.3781508486349,-79.4939701398609,-56.3768240000002));
#7986=CARTESIAN_POINT('',(-17.4291018290867,-79.4345629877657,-56.3768240000003));
#7987=CARTESIAN_POINT('',(-17.4798475907421,-79.3750272959723,-56.3768240000002));
#7988=CARTESIAN_POINT('',(-17.53045726088,-79.3152814589633,-56.3768240000003));
#7989=CARTESIAN_POINT('',(-17.5807242590703,-79.2555708592987,-56.3768240000003));
#7990=CARTESIAN_POINT('',(-17.6308532697138,-79.1956538794462,-56.3768240000002));
#7991=CARTESIAN_POINT('',(-17.6807772992234,-79.1356100631494,-56.3768240000003));
#7992=CARTESIAN_POINT('',(-17.7305596375463,-79.0753628529669,-56.3768240000002));
#7993=CARTESIAN_POINT('',(-17.7800141184815,-79.0151389349196,-56.3768240000003));
#7994=CARTESIAN_POINT('',(-17.8293247516236,-78.9547156416813,-56.3768240000002));
#7995=CARTESIAN_POINT('',(-17.8784315901196,-78.8941659248025,-56.3768240000002));
#7996=CARTESIAN_POINT('',(-17.9273904117869,-78.8334206454071,-56.3768240000003));
#7997=CARTESIAN_POINT('',(-17.9760380522087,-78.7726834074488,-56.3768240000003));
#7998=CARTESIAN_POINT('',(-18.0406901909276,-78.6914592098622,-56.3768240000003));
#7999=CARTESIAN_POINT('',(-18.105003816723,-78.6098974040358,-56.3768240000003));
#8000=CARTESIAN_POINT('',(-18.1688196428141,-78.528202727747,-56.3768240000003));
#8001=CARTESIAN_POINT('',(-18.216518066522,-78.4667566859319,-56.3768240000002));
#8002=CARTESIAN_POINT('',(-18.2639984504641,-78.4052057234342,-56.3768240000002));
#8003=CARTESIAN_POINT('',(-18.3112713331026,-78.3435371298785,-56.3768240000003));
#8004=CARTESIAN_POINT('',(-18.3583696201586,-78.2817077814863,-56.3768240000002));
#8005=CARTESIAN_POINT('',(-18.4052263220695,-78.2198062862481,-56.3768240000003));
#8006=CARTESIAN_POINT('',(-18.4519164985833,-78.1577338833532,-56.3768240000002));
#8007=CARTESIAN_POINT('',(-18.5448518267671,-78.0333962238684,-56.3768240000002));
#8008=CARTESIAN_POINT('',(-18.7440833920537,-77.7625816685557,-56.3768240000003));
#8009=CARTESIAN_POINT('',(-19.1619023180041,-77.1724242770211,-56.3768240000002));
#8010=CARTESIAN_POINT('',(-19.7268912397587,-76.3095331409758,-56.3768240000002));
#8011=CARTESIAN_POINT('',(-20.2494577471415,-75.4204195464835,-56.3768240000003));
#8012=CARTESIAN_POINT('',(-20.6419817108524,-74.6933170652178,-56.3768240000002));
#8013=CARTESIAN_POINT('',(-20.8414199581737,-74.3014288618398,-56.3768240000003));
#8014=CARTESIAN_POINT('',(-20.9557114382098,-74.0690367525053,-56.3768240000002));
#8015=CARTESIAN_POINT('',(-20.9898043384178,-73.9991790651359,-56.3768240000002));
#8016=CARTESIAN_POINT('',(-21.0236729360892,-73.9292424698498,-56.3768240000002));
#8017=CARTESIAN_POINT('',(-21.0573722658247,-73.8591123429467,-56.3768240000002));
#8018=CARTESIAN_POINT('',(-21.0908389974293,-73.7889198957449,-56.3768240000003));
#8019=CARTESIAN_POINT('',(-21.1352193118213,-73.6951036162537,-56.3768240000003));
#8020=CARTESIAN_POINT('',(-21.1791657377347,-73.6010965536582,-56.3768240000003));
#8021=CARTESIAN_POINT('',(-21.2227411314865,-73.5067613904816,-56.3768240000002));
#8022=CARTESIAN_POINT('',(-21.2660087613883,-73.4123375443607,-56.3768240000003));
#8023=CARTESIAN_POINT('',(-21.3089047956568,-73.3175829332991,-56.3768240000003));
#8024=CARTESIAN_POINT('',(-21.3513604274369,-73.2226466216841,-56.3768240000003));
#8025=CARTESIAN_POINT('',(-21.3830241399818,-73.1512583353385,-56.3768240000003));
#8026=CARTESIAN_POINT('',(-21.414447054893,-73.0798251674347,-56.3768240000002));
#8027=CARTESIAN_POINT('',(-21.4457027122575,-73.0081792197827,-56.3768240000003));
#8028=CARTESIAN_POINT('',(-21.4767291554088,-72.9364609150955,-56.3768240000002));
#8029=CARTESIAN_POINT('',(-21.5075523891204,-72.8646106184641,-56.3768240000002));
#8030=CARTESIAN_POINT('',(-21.5381875346832,-72.7925909390082,-56.3768240000003));
#8031=CARTESIAN_POINT('',(-21.5685784661221,-72.720534163796,-56.3768240000002));
#8032=CARTESIAN_POINT('',(-21.5988116023588,-72.6482339725179,-56.3768240000003));
#8033=CARTESIAN_POINT('',(-21.6288022682416,-72.5758912626966,-56.3768240000003));
#8034=CARTESIAN_POINT('',(-21.6585972865716,-72.5033934687676,-56.3768240000002));
#8035=CARTESIAN_POINT('',(-21.6881845376293,-72.4307683662821,-56.3768240000002));
#8036=CARTESIAN_POINT('',(-21.7175517099263,-72.3580454354968,-56.3768240000003));
#8037=CARTESIAN_POINT('',(-21.7466593551261,-72.2853239107678,-56.3768240000002));
#8038=CARTESIAN_POINT('',(-21.7755614484072,-72.2124694569871,-56.3768240000002));
#8039=CARTESIAN_POINT('',(-21.8042063636153,-72.1396124636862,-56.3768240000003));
#8040=CARTESIAN_POINT('',(-21.8326162649475,-72.0666987706523,-56.3768240000002));
#8041=CARTESIAN_POINT('',(-21.8608082335252,-71.9936840449583,-56.3768240000003));
#8042=CARTESIAN_POINT('',(-21.8887313279922,-71.9207021508115,-56.3768240000002));
#8043=CARTESIAN_POINT('',(-21.9164518841972,-71.8475804728246,-56.3768240000003));
#8044=CARTESIAN_POINT('',(-21.9439109947964,-71.7744747421139,-56.3768240000002));
#8045=CARTESIAN_POINT('',(-21.9711455048429,-71.7012888975172,-56.3768240000003));
#8046=CARTESIAN_POINT('',(-21.9981526146173,-71.6280299377439,-56.3768240000002));
#8047=CARTESIAN_POINT('',(-22.0249035385436,-71.5547779431186,-56.3768240000003));
#8048=CARTESIAN_POINT('',(-22.0514485046478,-71.4813956139854,-56.3768240000002));
#8049=CARTESIAN_POINT('',(-22.0777311872368,-71.408039437958,-56.3768240000003));
#8050=CARTESIAN_POINT('',(-22.1037965226541,-71.3345857080437,-56.3768240000002));
#8051=CARTESIAN_POINT('',(-22.1296276055203,-71.2610815677625,-56.3768240000003));
#8052=CARTESIAN_POINT('',(-22.1552126803245,-71.1875624787281,-56.3768240000002));
#8053=CARTESIAN_POINT('',(-22.1805885828038,-71.1139223839222,-56.3768240000003));
#8054=CARTESIAN_POINT('',(-22.205702785093,-71.0403148550484,-56.3768240000002));
#8055=CARTESIAN_POINT('',(-22.2306045717729,-70.9665968428827,-56.3768240000003));
#8056=CARTESIAN_POINT('',(-22.2552671559056,-70.8928472218843,-56.3768240000002));
#8057=CARTESIAN_POINT('',(-22.2796928323278,-70.8190609960924,-56.3768240000003));
#8058=CARTESIAN_POINT('',(-22.3039019577705,-70.7451763685474,-56.3768240000003));
#8059=CARTESIAN_POINT('',(-22.3518179435024,-70.5974236592232,-56.3768240000002));
#8060=CARTESIAN_POINT('',(-22.4064058889363,-70.4246342591545,-56.3768240000003));
#8061=CARTESIAN_POINT('',(-22.4669234819632,-70.2268219735825,-56.3768240000003));
#8062=CARTESIAN_POINT('',(-22.5558576977221,-69.9296930889586,-56.3768240000003));
#8063=CARTESIAN_POINT('',(-22.682365297613,-69.4824404083307,-56.3768240000003));
#8064=CARTESIAN_POINT('',(-22.8363632590938,-68.8829167880297,-56.3768240000003));
#8065=CARTESIAN_POINT('',(-22.9757364498778,-68.2801528769519,-56.3768240000002));
#8066=CARTESIAN_POINT('',(-23.1004895997655,-67.6741734074583,-56.3768240000002));
#8067=CARTESIAN_POINT('',(-23.1922550384055,-67.1665125751711,-56.3768240000002));
#8068=CARTESIAN_POINT('',(-23.2583321806681,-66.7587577644458,-56.3768240000002));
#8069=CARTESIAN_POINT('',(-23.2965678676511,-66.5032260396599,-56.3768240000002));
#8070=CARTESIAN_POINT('',(-23.3217159466489,-66.3240320862084,-56.3768240000002));
#8071=CARTESIAN_POINT('',(-23.3356299162361,-66.2214969114662,-56.3768240000003));
#8072=CARTESIAN_POINT('',(-23.3458279593505,-66.1445943316294,-56.3768240000003));
#8073=CARTESIAN_POINT('',(-23.35580332531,-66.0675772732636,-56.3768240000002));
#8074=CARTESIAN_POINT('',(-23.3655413705996,-65.9905561295742,-56.3768240000003));
#8075=CARTESIAN_POINT('',(-23.3750500524029,-65.9134687666284,-56.3768240000002));
#8076=CARTESIAN_POINT('',(-23.3843290226309,-65.8363136673109,-56.3768240000002));
#8077=CARTESIAN_POINT('',(-23.3933698981853,-65.7591616187867,-56.3768240000002));
#8078=CARTESIAN_POINT('',(-23.4021877420552,-65.6818804604049,-56.3768240000003));
#8079=CARTESIAN_POINT('',(-23.4107656641169,-65.6046157810609,-56.3768240000002));
#8080=CARTESIAN_POINT('',(-23.4218993622372,-65.5014698176079,-56.3768240000003));
#8081=CARTESIAN_POINT('',(-23.4325612849099,-65.3982827613032,-56.3768240000002));
#8082=CARTESIAN_POINT('',(-23.4427651972298,-65.294909403791,-56.3768240000002));
#8083=CARTESIAN_POINT('',(-23.4526496126469,-65.1915522342084,-56.3768240000003));
#8084=CARTESIAN_POINT('',(-23.4620743621582,-65.0880093715597,-56.3768240000002));
#8085=CARTESIAN_POINT('',(-23.4710235219899,-64.9844434524662,-56.3768240000002));
#8086=CARTESIAN_POINT('',(-23.4775066218118,-64.9066489607696,-56.3768240000002));
#8087=CARTESIAN_POINT('',(-23.4837478412208,-64.8288893802864,-56.3768240000003));
#8088=CARTESIAN_POINT('',(-23.4897606921641,-64.7509934834401,-56.3768240000002));
#8089=CARTESIAN_POINT('',(-23.4955341889569,-64.6730951942408,-56.3768240000003));
#8090=CARTESIAN_POINT('',(-23.5010719054653,-64.5951488052282,-56.3768240000002));
#8091=CARTESIAN_POINT('',(-23.506377001629,-64.5170985027774,-56.3768240000003));
#8092=CARTESIAN_POINT('',(-23.5114394940428,-64.439092179792,-56.3768240000002));
#8093=CARTESIAN_POINT('',(-23.5162726481031,-64.3609180238483,-56.3768240000003));
#8094=CARTESIAN_POINT('',(-23.5208635501771,-64.282774837801,-56.3768240000003));
#8095=CARTESIAN_POINT('',(-23.525218842769,-64.2045520765211,-56.3768240000003));
#8096=CARTESIAN_POINT('',(-23.5307102184944,-64.1001567700267,-56.3768240000002));
#8097=CARTESIAN_POINT('',(-23.5357198311201,-63.9957683955527,-56.3768240000002));
#8098=CARTESIAN_POINT('',(-23.5402507214923,-63.8913217359445,-56.3768240000003));
#8099=CARTESIAN_POINT('',(-23.5434054957987,-63.8130544059008,-56.3768240000002));
#8100=CARTESIAN_POINT('',(-23.5463189214157,-63.7348234643266,-56.3768240000002));
#8101=CARTESIAN_POINT('',(-23.5489934850679,-63.6565579767657,-56.3768240000003));
#8102=CARTESIAN_POINT('',(-23.5514242483214,-63.5784222133001,-56.3768240000002));
#8103=CARTESIAN_POINT('',(-23.5536176768274,-63.5002195285684,-56.3768240000003));
#8104=CARTESIAN_POINT('',(-23.5555692651872,-63.4221126855125,-56.3768240000002));
#8105=CARTESIAN_POINT('',(-23.5572819847992,-63.3440130011159,-56.3768240000003));
#8106=CARTESIAN_POINT('',(-23.5587558705767,-63.2659103342164,-56.3768240000003));
#8107=CARTESIAN_POINT('',(-23.5599896725899,-63.1879074527845,-56.3768240000002));
#8108=CARTESIAN_POINT('',(-23.5609859938307,-63.1098475350559,-56.3768240000003));
#8109=CARTESIAN_POINT('',(-23.5619953576731,-63.0059113517766,-56.3768240000002));
#8110=CARTESIAN_POINT('',(-23.5625292502566,-62.9019422627911,-56.3768240000002));
#8111=CARTESIAN_POINT('',(-23.5625878109497,-62.7981155608742,-56.3768240000003));
#8112=CARTESIAN_POINT('',(-23.5623943318571,-62.7201995143601,-56.3768240000002));
#8113=CARTESIAN_POINT('',(-23.5619641236373,-62.6423970932056,-56.3768240000002));
#8114=CARTESIAN_POINT('',(-23.5612969016269,-62.5645664355442,-56.3768240000003));
#8115=CARTESIAN_POINT('',(-23.5603931203891,-62.4867781707768,-56.3768240000002));
#8116=CARTESIAN_POINT('',(-23.5592535119601,-62.4090421350171,-56.3768240000003));
#8117=CARTESIAN_POINT('',(-23.5578767271595,-62.3312740623959,-56.3768240000002));
#8118=CARTESIAN_POINT('',(-23.5562656522254,-62.2536148159384,-56.3768240000003));
#8119=CARTESIAN_POINT('',(-23.5544176709647,-62.1759218792474,-56.3768240000002));
#8120=CARTESIAN_POINT('',(-23.547475166117,-61.917139764324,-56.3768240000003));
#8121=CARTESIAN_POINT('',(-23.5296746541278,-61.4778738279491,-56.3768240000002));
#8122=CARTESIAN_POINT('',(-23.4762150590289,-60.6534793560172,-56.3768240000003));
#8123=CARTESIAN_POINT('',(-23.3721433983625,-59.627494549948,-56.3768240000002));
#8124=CARTESIAN_POINT('',(-23.2185632961666,-58.6075223568928,-56.3768240000002));
#8125=CARTESIAN_POINT('',(-23.0849476559891,-57.8966975803319,-56.3768240000002));
#8126=CARTESIAN_POINT('',(-23.0010998776713,-57.4914298041129,-56.3768240000003));
#8127=CARTESIAN_POINT('',(-22.9511085564206,-57.2637795777161,-56.3768240000002));
#8128=CARTESIAN_POINT('',(-22.9166112506708,-57.1121973091397,-56.3768240000002));
#8129=CARTESIAN_POINT('',(-22.893291198747,-57.0111498919594,-56.3768240000003));
#8130=CARTESIAN_POINT('',(-22.8695103784487,-56.9102097705322,-56.3768240000003));
#8131=CARTESIAN_POINT('',(-22.845236967611,-56.8092476953867,-56.3768240000002));
#8132=CARTESIAN_POINT('',(-22.8206669522354,-56.7084043370022,-56.3768240000003));
#8133=CARTESIAN_POINT('',(-22.7956032625997,-56.6075410099393,-56.3768240000003));
#8134=CARTESIAN_POINT('',(-22.7700840711507,-56.5068155786788,-56.3768240000003));
#8135=CARTESIAN_POINT('',(-22.7506887512839,-56.4312306773087,-56.3768240000003));
#8136=CARTESIAN_POINT('',(-22.7310761366274,-56.3557564338507,-56.3768240000002));
#8137=CARTESIAN_POINT('',(-22.7112056766388,-56.2802374892393,-56.3768240000002));
#8138=CARTESIAN_POINT('',(-22.6911062486966,-56.2047861568926,-56.3768240000003));
#8139=CARTESIAN_POINT('',(-22.6707709712174,-56.1293758960428,-56.3768240000003));
#8140=CARTESIAN_POINT('',(-22.6501806959537,-56.0539386254871,-56.3768240000002));
#8141=CARTESIAN_POINT('',(-22.6293755024675,-55.9786211719896,-56.3768240000003));
#8142=CARTESIAN_POINT('',(-22.60830172538,-55.9032307714903,-56.3768240000003));
#8143=CARTESIAN_POINT('',(-22.5870065065727,-55.8279384621192,-56.3768240000003));
#8144=CARTESIAN_POINT('',(-22.5654664834596,-55.7526610034519,-56.3768240000002));
#8145=CARTESIAN_POINT('',(-22.5436747271595,-55.6773772837269,-56.3768240000002));
#8146=CARTESIAN_POINT('',(-22.521665153815,-55.602204388744,-56.3768240000003));
#8147=CARTESIAN_POINT('',(-22.4993947231401,-55.5269963052397,-56.3768240000002));
#8148=CARTESIAN_POINT('',(-22.4768976274223,-55.4518706381275,-56.3768240000002));
#8149=CARTESIAN_POINT('',(-22.4541850686709,-55.3768633575217,-56.3768240000003));
#8150=CARTESIAN_POINT('',(-22.4312577438837,-55.3019747379834,-56.3768240000002));
#8151=CARTESIAN_POINT('',(-22.4080906187766,-55.2271234621388,-56.3768240000003));
#8152=CARTESIAN_POINT('',(-22.3847385658492,-55.1524845795557,-56.3768240000002));
#8153=CARTESIAN_POINT('',(-22.3611398264437,-55.0778592855228,-56.3768240000003));
#8154=CARTESIAN_POINT('',(-22.3373422364359,-55.0033988608281,-56.3768240000002));
#8155=CARTESIAN_POINT('',(-22.3133240741449,-54.9290327258179,-56.3768240000003));
#8156=CARTESIAN_POINT('',(-22.2890763664749,-54.8547337180563,-56.3768240000002));
#8157=CARTESIAN_POINT('',(-22.2646373685676,-54.7806168559116,-56.3768240000003));
#8158=CARTESIAN_POINT('',(-22.2399546248342,-54.706522481405,-56.3768240000003));
#8159=CARTESIAN_POINT('',(-22.2067887227636,-54.6079673002222,-56.3768240000003));
#8160=CARTESIAN_POINT('',(-22.1731637853376,-54.5095409926739,-56.3768240000003));
#8161=CARTESIAN_POINT('',(-22.1391376318226,-54.4114093425019,-56.3768240000003));
#8162=CARTESIAN_POINT('',(-22.1133786324932,-54.3378454382072,-56.3768240000002));
#8163=CARTESIAN_POINT('',(-22.0874319701018,-54.2644633301866,-56.3768240000002));
#8164=CARTESIAN_POINT('',(-22.0612542680916,-54.1911387586444,-56.3768240000003));
#8165=CARTESIAN_POINT('',(-22.0348647130356,-54.1179259318483,-56.3768240000002));
#8166=CARTESIAN_POINT('',(-22.008272232833,-54.0448477596993,-56.3768240000003));
#8167=CARTESIAN_POINT('',(-21.9814428328091,-53.971811125638,-56.3768240000002));
#8168=CARTESIAN_POINT('',(-21.9544299776892,-53.898960448248,-56.3768240000003));
#8169=CARTESIAN_POINT('',(-21.9271815630179,-53.8261541679527,-56.3768240000002));
#8170=CARTESIAN_POINT('',(-21.8905814731082,-53.7292591527473,-56.3768240000003));
#8171=CARTESIAN_POINT('',(-21.8535409849179,-53.6325346499386,-56.3768240000002));
#8172=CARTESIAN_POINT('',(-21.8160983770456,-53.5360778356688,-56.3768240000003));
#8173=CARTESIAN_POINT('',(-21.7783521151732,-53.439707090642,-56.3768240000002));
#8174=CARTESIAN_POINT('',(-21.7115782165195,-53.2714856298408,-56.3768240000003));
#8175=CARTESIAN_POINT('',(-21.5750413295896,-52.9364389156214,-56.3768240000002));
#8176=CARTESIAN_POINT('',(-21.2901633859343,-52.2722251228968,-56.3768240000003));
#8177=CARTESIAN_POINT('',(-20.8495424378861,-51.3398997156159,-56.3768240000003));
#8178=CARTESIAN_POINT('',(-20.4127291297658,-50.5206707703215,-56.3768240000002));
#8179=CARTESIAN_POINT('',(-20.1303301814946,-50.0276384859775,-56.3768240000003));
#8180=CARTESIAN_POINT('',(-20.0259537412589,-49.8491953830206,-56.3768240000003));
#8181=CARTESIAN_POINT('',(-19.9204536101172,-49.6713155748373,-56.3768240000002));
#8182=CARTESIAN_POINT('',(-19.8266222705645,-49.5163435587112,-56.3768240000003));
#8183=CARTESIAN_POINT('',(-19.74518893896,-49.3841254472661,-56.3768240000002));
#8184=CARTESIAN_POINT('',(-19.7042250855073,-49.318065476694,-56.3768240000003));
#8185=CARTESIAN_POINT('',(-19.6630770334147,-49.2521568020527,-56.3768240000002));
#8186=CARTESIAN_POINT('',(-19.6217045407995,-49.1863348019099,-56.3768240000003));
#8187=CARTESIAN_POINT('',(-19.5801116222054,-49.1206069437106,-56.3768240000002));
#8188=CARTESIAN_POINT('',(-19.5383342334369,-49.0550297850138,-56.3768240000002));
#8189=CARTESIAN_POINT('',(-19.4962997505916,-48.9894902090951,-56.3768240000003));
#8190=CARTESIAN_POINT('',(-19.4400196816172,-48.9023243427705,-56.3768240000003));
#8191=CARTESIAN_POINT('',(-19.3832673922849,-48.8153020008525,-56.3768240000003));
#8192=CARTESIAN_POINT('',(-19.3261331547764,-48.7285634107358,-56.3768240000002));
#8193=CARTESIAN_POINT('',(-19.2830261133367,-48.6635526910659,-56.3768240000002));
#8194=CARTESIAN_POINT('',(-19.2397493550284,-48.5987163598248,-56.3768240000003));
#8195=CARTESIAN_POINT('',(-19.1962196338125,-48.5339299111073,-56.3768240000002));
#8196=CARTESIAN_POINT('',(-19.1524912072854,-48.4692752775637,-56.3768240000003));
#8197=CARTESIAN_POINT('',(-19.1085587608807,-48.4047442819079,-56.3768240000003));
#8198=CARTESIAN_POINT('',(-19.0643739365665,-48.3402671758758,-56.3768240000002));
#8199=CARTESIAN_POINT('',(-19.0200248163936,-48.2759725969106,-56.3768240000003));
#8200=CARTESIAN_POINT('',(-18.9754041640975,-48.211705660239,-56.3768240000003));
#8201=CARTESIAN_POINT('',(-18.9306007960878,-48.1475954463694,-56.3768240000002));
#8202=CARTESIAN_POINT('',(-18.8855780195768,-48.0835891195574,-56.3768240000003));
#8203=CARTESIAN_POINT('',(-18.8403095436914,-48.0196508024672,-56.3768240000002));
#8204=CARTESIAN_POINT('',(-18.7948803640927,-47.9559003954754,-56.3768240000003));
#8205=CARTESIAN_POINT('',(-18.7491655286441,-47.8921633631255,-56.3768240000002));
#8206=CARTESIAN_POINT('',(-18.7032732126908,-47.8285918297812,-56.3768240000002));
#8207=CARTESIAN_POINT('',(-18.6571933049745,-47.7651711740592,-56.3768240000003));
#8208=CARTESIAN_POINT('',(-18.6109392668385,-47.7019194837658,-56.3768240000002));
#8209=CARTESIAN_POINT('',(-18.5644688601756,-47.6387793415313,-56.3768240000003));
#8210=CARTESIAN_POINT('',(-18.5178985734737,-47.5759078470489,-56.3768240000002));
#8211=CARTESIAN_POINT('',(-18.4710991113278,-47.5131296456011,-56.3768240000003));
#8212=CARTESIAN_POINT('',(-18.4241622611863,-47.4505679682796,-56.3768240000002));
#8213=CARTESIAN_POINT('',(-18.377053807957,-47.3881758180528,-56.3768240000003));
#8214=CARTESIAN_POINT('',(-18.3297447508406,-47.3259151057783,-56.3768240000002));
#8215=CARTESIAN_POINT('',(-18.2823205381547,-47.2638971685666,-56.3768240000003));
#8216=CARTESIAN_POINT('',(-18.2346722891134,-47.2019792237664,-56.3768240000003));
#8217=CARTESIAN_POINT('',(-18.1709751445163,-47.1197271088608,-56.3768240000003));
#8218=CARTESIAN_POINT('',(-18.1068896157213,-47.0377518058537,-56.3768240000003));
#8219=CARTESIAN_POINT('',(-18.0425222243218,-46.9561876694001,-56.3768240000003));
#8220=CARTESIAN_POINT('',(-17.9778757054688,-46.8747814909052,-56.3768240000002));
#8221=CARTESIAN_POINT('',(-17.9129492468388,-46.7937862154921,-56.3768240000003));
#8222=CARTESIAN_POINT('',(-17.8476478669876,-46.7130812796434,-56.3768240000002));
#8223=CARTESIAN_POINT('',(-17.798534097763,-46.6527588248564,-56.3768240000002));
#8224=CARTESIAN_POINT('',(-17.7492078889743,-46.5925507352581,-56.3768240000003));
#8225=CARTESIAN_POINT('',(-17.6997681107705,-46.5325772164254,-56.3768240000003));
#8226=CARTESIAN_POINT('',(-17.6501242711201,-46.4727278337262,-56.3768240000003));
#8227=CARTESIAN_POINT('',(-17.5505332860038,-46.3534039039717,-56.3768240000002));
#8228=CARTESIAN_POINT('',(-17.3329352097259,-46.0966835939849,-56.3768240000003));
#8229=CARTESIAN_POINT('',(-16.9915576586775,-45.7084994325211,-56.3768240000002));
#8230=CARTESIAN_POINT('',(-16.4313065109438,-45.1017462932472,-56.3768240000003));
#8231=CARTESIAN_POINT('',(-15.8500361278388,-44.5163877700653,-56.3768240000002));
#8232=CARTESIAN_POINT('',(-15.323132336884,-44.0229407065289,-56.3768240000003));
#8233=CARTESIAN_POINT('',(-15.0550407746683,-43.7808620698273,-56.3768240000002));
#8234=CARTESIAN_POINT('',(-14.9005807432934,-43.6439159698916,-56.3768240000002));
#8235=CARTESIAN_POINT('',(-14.8034438770444,-43.5588389925902,-56.3768240000003));
#8236=CARTESIAN_POINT('',(-14.7254608842574,-43.4911617394246,-56.3768240000002));
#8237=CARTESIAN_POINT('',(-14.6471941600372,-43.4236530790239,-56.3768240000003));
#8238=CARTESIAN_POINT('',(-14.5686712089029,-43.3565436767937,-56.3768240000002));
#8239=CARTESIAN_POINT('',(-14.4897491063111,-43.2897119192249,-56.3768240000003));
#8240=CARTESIAN_POINT('',(-14.4304150751761,-43.2397759570378,-56.3768240000003));
#8241=CARTESIAN_POINT('',(-14.3709413235643,-43.1900296492826,-56.3768240000002));
#8242=CARTESIAN_POINT('',(-14.2913465153459,-43.1238629338726,-56.3768240000003));
#8243=CARTESIAN_POINT('',(-14.2115106678508,-43.0581082044741,-56.3768240000002));
#8244=CARTESIAN_POINT('',(-14.1312582963385,-42.9926216771969,-56.3768240000003));
#8245=CARTESIAN_POINT('',(-14.0709327122385,-42.943700368527,-56.3768240000002));
#8246=CARTESIAN_POINT('',(-14.0104684505612,-42.8949701607592,-56.3768240000003));
#8247=CARTESIAN_POINT('',(-13.9295398642593,-42.8301520523198,-56.3768240000003));
#8248=CARTESIAN_POINT('',(-13.848384511622,-42.765757636323,-56.3768240000002));
#8249=CARTESIAN_POINT('',(-13.7667953777308,-42.7016235875167,-56.3768240000003));
#8250=CARTESIAN_POINT('',(-13.705473779516,-42.6537225987413,-56.3768240000002));
#8251=CARTESIAN_POINT('',(-13.6440127094633,-42.6060129565279,-56.3768240000003));
#8252=CARTESIAN_POINT('',(-13.5617437091842,-42.5425518398859,-56.3768240000002));
#8253=CARTESIAN_POINT('',(-13.4792606569414,-42.4795246786816,-56.3768240000003));
#8254=CARTESIAN_POINT('',(-13.3963269073992,-42.4167517830555,-56.3768240000002));
#8255=CARTESIAN_POINT('',(-13.3340038193535,-42.3698778255906,-56.3768240000002));
#8256=CARTESIAN_POINT('',(-13.2715385275258,-42.323194340177,-56.3768240000003));
#8257=CARTESIAN_POINT('',(-13.1879210984821,-42.2610999983508,-56.3768240000002));
#8258=CARTESIAN_POINT('',(-13.1041007191894,-42.1994485428189,-56.3768240000003));
#8259=CARTESIAN_POINT('',(-13.0198130168238,-42.1380468827822,-56.3768240000002));
#8260=CARTESIAN_POINT('',(-12.9564820946004,-42.0922078645312,-56.3768240000002));
#8261=CARTESIAN_POINT('',(-12.8930033812838,-42.0465568583746,-56.3768240000003));
#8262=CARTESIAN_POINT('',(-12.8292742677087,-42.0010211908498,-56.3768240000003));
#8263=CARTESIAN_POINT('',(-12.7654372439508,-41.9557033193731,-56.3768240000002));
#8264=CARTESIAN_POINT('',(-12.7014485198265,-41.9105716654776,-56.3768240000003));
#8265=CARTESIAN_POINT('',(-12.6372164478878,-41.8655626887207,-56.3768240000003));
#8266=CARTESIAN_POINT('',(-12.5728742913817,-41.8207703287889,-56.3768240000002));
#8267=CARTESIAN_POINT('',(-12.5083905456111,-41.7761724030751,-56.3768240000003));
#8268=CARTESIAN_POINT('',(-12.4438262252119,-41.731810757212,-56.3768240000002));
#8269=CARTESIAN_POINT('',(-12.3791086010313,-41.6876350713163,-56.3768240000003));
#8270=CARTESIAN_POINT('',(-12.3142714651414,-41.6436686915957,-56.3768240000002));
#8271=CARTESIAN_POINT('',(-12.2494068460157,-41.599972954055,-56.3768240000003));
#8272=CARTESIAN_POINT('',(-12.184376720333,-41.5564543298375,-56.3768240000002));
#8273=CARTESIAN_POINT('',(-12.119236011106,-41.5131499533095,-56.3768240000002));
#8274=CARTESIAN_POINT('',(-12.0540594958699,-41.4701084747088,-56.3768240000003));
#8275=CARTESIAN_POINT('',(-11.9887218053718,-41.4272466511658,-56.3768240000002));
#8276=CARTESIAN_POINT('',(-11.9232775818574,-41.3846006367813,-56.3768240000003));
#8277=CARTESIAN_POINT('',(-11.8577907948599,-41.3422111349428,-56.3768240000002));
#8278=CARTESIAN_POINT('',(-11.7921468247045,-41.300003567733,-56.3768240000003));
#8279=CARTESIAN_POINT('',(-11.7264000155427,-41.2580131297011,-56.3768240000002));
#8280=CARTESIAN_POINT('',(-11.6606042394537,-41.2162733196241,-56.3768240000003));
#8281=CARTESIAN_POINT('',(-11.5946552597606,-41.1747176876639,-56.3768240000002));
#8282=CARTESIAN_POINT('',(-11.5286066905942,-41.1333802191127,-56.3768240000003));
#8283=CARTESIAN_POINT('',(-11.4625031289924,-41.0922879902671,-56.3768240000002));
#8284=CARTESIAN_POINT('',(-11.3962503265111,-41.0513821444461,-56.3768240000003));
#8285=CARTESIAN_POINT('',(-11.3299007399343,-41.0106952268226,-56.3768240000002));
#8286=CARTESIAN_POINT('',(-11.2634905137806,-40.9702486370082,-56.3768240000003));
#8287=CARTESIAN_POINT('',(-11.1969349947153,-40.9299905983627,-56.3768240000002));
#8288=CARTESIAN_POINT('',(-11.130285051022,-40.8899519979407,-56.3768240000003));
#8289=CARTESIAN_POINT('',(-11.0635692001402,-40.8501492709148,-56.3768240000002));
#8290=CARTESIAN_POINT('',(-10.9967119914937,-40.8105372280895,-56.3768240000003));
#8291=CARTESIAN_POINT('',(-10.929762269629,-40.7711448929799,-56.3768240000002));
#8292=CARTESIAN_POINT('',(-10.8627417540748,-40.7319844162913,-56.3768240000003));
#8293=CARTESIAN_POINT('',(-10.7955838045217,-40.693016723034,-56.3768240000002));
#8294=CARTESIAN_POINT('',(-10.7283348043933,-40.654268781264,-56.3768240000003));
#8295=CARTESIAN_POINT('',(-10.6610105002604,-40.6157491013253,-56.3768240000002));
#8296=CARTESIAN_POINT('',(-10.5935527012934,-40.57742428533,-56.3768240000003));
#8297=CARTESIAN_POINT('',(-10.5260047698862,-40.5393190016266,-56.3768240000002));
#8298=CARTESIAN_POINT('',(-10.4583777488918,-40.5014389740278,-56.3768240000003));
#8299=CARTESIAN_POINT('',(-10.3906198963732,-40.4637551673903,-56.3768240000003));
#8300=CARTESIAN_POINT('',(-10.3001628450427,-40.4138056903394,-56.3768240000003));
#8301=CARTESIAN_POINT('',(-10.0508550770661,-40.2776160674859,-56.3768240000002));
#8302=CARTESIAN_POINT('',(-9.45725761265428,-39.9649399292528,-56.3768240000003));
#8303=CARTESIAN_POINT('',(-8.71396176053222,-39.6072587101179,-56.3768240000002));
#8304=CARTESIAN_POINT('',(-8.05243843142312,-39.3179972513006,-56.3768240000003));
#8305=CARTESIAN_POINT('',(-7.67128092805862,-39.159514028877,-56.3768240000002));
#8306=CARTESIAN_POINT('',(-7.43168651866876,-39.0632798305538,-56.3768240000003));
#8307=CARTESIAN_POINT('',(-7.23926699326881,-38.9880182493785,-56.3768240000002));
#8308=CARTESIAN_POINT('',(-7.11861374993978,-38.9416685660456,-56.3768240000002));
#8309=CARTESIAN_POINT('',(-7.0219562974681,-38.9050408685655,-56.3768240000003));
#8310=CARTESIAN_POINT('',(-6.94931611904866,-38.877766041098,-56.3768240000002));
#8311=CARTESIAN_POINT('',(-6.8765895475189,-38.8507104871104,-56.3768240000003));
#8312=CARTESIAN_POINT('',(-6.77953437270495,-38.8149390837964,-56.3768240000002));
#8313=CARTESIAN_POINT('',(-6.68218663518608,-38.7795626617228,-56.3768240000003));
#8314=CARTESIAN_POINT('',(-6.58474057514007,-38.7446524576193,-56.3768240000002));
#8315=CARTESIAN_POINT('',(-6.51148924168013,-38.7186608469536,-56.3768240000003));
#8316=CARTESIAN_POINT('',(-6.43816020552111,-38.6928925866611,-56.3768240000002));
#8317=CARTESIAN_POINT('',(-6.34031062725627,-38.6588413111958,-56.3768240000003));
#8318=CARTESIAN_POINT('',(-6.24214282631967,-38.6251807078123,-56.3768240000003));
#8319=CARTESIAN_POINT('',(-6.14390368860106,-38.5919961785641,-56.3768240000003));
#8320=CARTESIAN_POINT('',(-6.07003706434012,-38.5672947083823,-56.3768240000002));
#8321=CARTESIAN_POINT('',(-5.9961016963038,-38.5428206369351,-56.3768240000003));
#8322=CARTESIAN_POINT('',(-5.92212030306299,-38.5185809825209,-56.3768240000003));
#8323=CARTESIAN_POINT('',(-5.84794491397944,-38.4945278467577,-56.3768240000002));
#8324=CARTESIAN_POINT('',(-5.77370532281637,-38.4707040830774,-56.3768240000003));
#8325=CARTESIAN_POINT('',(-5.6994242404855,-38.4471164519847,-56.3768240000003));
#8326=CARTESIAN_POINT('',(-5.6249378015823,-38.4237135633012,-56.3768240000002));
#8327=CARTESIAN_POINT('',(-5.55039330705891,-38.4005425231239,-56.3768240000003));
#8328=CARTESIAN_POINT('',(-5.47581161154884,-38.3776092164359,-56.3768240000002));
#8329=CARTESIAN_POINT('',(-5.4010126008147,-38.3548589816895,-56.3768240000003));
#8330=CARTESIAN_POINT('',(-5.3261622170455,-38.3323431738478,-56.3768240000002));
#8331=CARTESIAN_POINT('',(-5.25127895310954,-38.3100666856292,-56.3768240000003));
#8332=CARTESIAN_POINT('',(-5.17616579410129,-38.2879717105106,-56.3768240000002));
#8333=CARTESIAN_POINT('',(-5.10100824487218,-38.2661137652268,-56.3768240000002));
#8334=CARTESIAN_POINT('',(-5.02582317379139,-38.2444969840738,-56.3768240000003));
#8335=CARTESIAN_POINT('',(-4.95039122124463,-38.2230592581456,-56.3768240000003));
#8336=CARTESIAN_POINT('',(-4.84978493274695,-38.1948003563512,-56.3768240000003));
#8337=CARTESIAN_POINT('',(-4.74902932027938,-38.1669988115128,-56.3768240000003));
#8338=CARTESIAN_POINT('',(-4.64817595588725,-38.1396687484855,-56.3768240000003));
#8339=CARTESIAN_POINT('',(-4.57242315867401,-38.1193899473256,-56.3768240000002));
#8340=CARTESIAN_POINT('',(-4.49679678286186,-38.099393139837,-56.3768240000002));
#8341=CARTESIAN_POINT('',(-4.42107029684145,-38.0796174194213,-56.3768240000003));
#8342=CARTESIAN_POINT('',(-4.34525449191679,-38.0600664197582,-56.3768240000002));
#8343=CARTESIAN_POINT('',(-4.26954851794719,-38.0407905571632,-56.3768240000003));
#8344=CARTESIAN_POINT('',(-4.19374808283434,-38.021736976968,-56.3768240000002));
#8345=CARTESIAN_POINT('',(-4.11786598863723,-38.0029096038573,-56.3768240000003));
#8346=CARTESIAN_POINT('',(-4.04208177752731,-37.9843521155564,-56.3768240000003));
#8347=CARTESIAN_POINT('',(-3.96620762482762,-37.9660177655998,-56.3768240000002));
#8348=CARTESIAN_POINT('',(-3.89025922958649,-37.9479109762877,-56.3768240000003));
#8349=CARTESIAN_POINT('',(-3.81439723812644,-37.9300692391215,-56.3768240000002));
#8350=CARTESIAN_POINT('',(-3.73844981373992,-37.9124514695161,-56.3768240000003));
#8351=CARTESIAN_POINT('',(-3.66243502718151,-37.8950624148162,-56.3768240000002));
#8352=CARTESIAN_POINT('',(-3.58649570566462,-37.8779340000967,-56.3768240000002));
#8353=CARTESIAN_POINT('',(-3.51047543009357,-37.861030350569,-56.3768240000003));
#8354=CARTESIAN_POINT('',(-3.43439414757239,-37.8443563888719,-56.3768240000002));
#8355=CARTESIAN_POINT('',(-3.35837792406632,-37.8279390546761,-56.3768240000003));
#8356=CARTESIAN_POINT('',(-3.28228519391308,-37.8117472520803,-56.3768240000002));
#8357=CARTESIAN_POINT('',(-3.20613730865114,-37.7957859477756,-56.3768240000003));
#8358=CARTESIAN_POINT('',(-3.13004453931864,-37.7800776273644,-56.3768240000002));
#8359=CARTESIAN_POINT('',(-3.05387991621567,-37.764595615867,-56.3768240000003));
#8360=CARTESIAN_POINT('',(-2.97766461559438,-37.7493446125611,-56.3768240000003));
#8361=CARTESIAN_POINT('',(-2.87610940988778,-37.7293436260602,-56.3768240000003));
#8362=CARTESIAN_POINT('',(-2.77439583304805,-37.7097925562674,-56.3768240000003));
#8363=CARTESIAN_POINT('',(-2.67273312035882,-37.6907310260664,-56.3768240000003));
#8364=CARTESIAN_POINT('',(-2.59642593236422,-37.6766630856103,-56.3768240000002));
#8365=CARTESIAN_POINT('',(-2.52007700088288,-37.6628270600222,-56.3768240000003));
#8366=CARTESIAN_POINT('',(-2.41831774699915,-37.6447047571842,-56.3768240000002));
#8367=CARTESIAN_POINT('',(-2.29096511547176,-37.622621956805,-56.3768240000003));
#8368=CARTESIAN_POINT('',(-2.16361597072394,-37.6013344788982,-56.3768240000003));
#8369=CARTESIAN_POINT('',(-2.06163416927434,-37.5847635120911,-56.3768240000002));
#8370=CARTESIAN_POINT('',(-1.90868954865847,-37.5603871464233,-56.3768240000002));
#8371=CARTESIAN_POINT('',(-1.67900937779627,-37.5255624253505,-56.3768240000003));
#8372=CARTESIAN_POINT('',(-1.27024452372018,-37.4686408540767,-56.3768240000002));
#8373=CARTESIAN_POINT('',(-0.75834503663071,-37.4068106470773,-56.3768240000002));
#8374=CARTESIAN_POINT('',(-0.142553120439899,-37.3475079778967,-56.3768240000003));
#8375=CARTESIAN_POINT('',(0.474742813413792,-37.3031055522039,-56.3768240000002));
#8376=CARTESIAN_POINT('',(0.938822145287013,-37.2810021986633,-56.3768240000003));
#8377=CARTESIAN_POINT('',(1.24872533272309,-37.2709494025547,-56.3768240000002));
#8378=CARTESIAN_POINT('',(1.40374451018161,-37.2668620002129,-56.3768240000003));
#8379=CARTESIAN_POINT('',(1.55886215692398,-37.2637135653455,-56.3768240000002));
#8380=CARTESIAN_POINT('',(1.6882438649546,-37.2618734329945,-56.3768240000002));
#8381=CARTESIAN_POINT('',(1.79174491702851,-37.2608730219046,-56.3768240000002));
#8382=CARTESIAN_POINT('',(1.8694206897874,-37.260358144233,-56.3768240000003));
#8383=CARTESIAN_POINT('',(1.94713486411433,-37.2600793005771,-56.3768240000002));
#8384=CARTESIAN_POINT('',(2.02482511651708,-37.2600366814777,-56.3768240000003));
#8385=CARTESIAN_POINT('',(2.10257588332114,-37.2602303572467,-56.3768240000002));
#8386=CARTESIAN_POINT('',(2.18036239533362,-37.2606608655344,-56.3768240000002));
#8387=CARTESIAN_POINT('',(2.25812084608105,-37.2613277845108,-56.3768240000002));
#8388=CARTESIAN_POINT('',(2.33594616199424,-37.2622320826843,-56.3768240000003));
#8389=CARTESIAN_POINT('',(2.41380532879903,-37.2633740298698,-56.3768240000002));
#8390=CARTESIAN_POINT('',(2.49163192632923,-37.2647525535606,-56.3768240000003));
#8391=CARTESIAN_POINT('',(2.56953238856162,-37.2663697312502,-56.3768240000002));
#8392=CARTESIAN_POINT('',(2.64746427236327,-37.2682253915026,-56.3768240000002));
#8393=CARTESIAN_POINT('',(2.72535905383138,-37.2703177700469,-56.3768240000003));
#8394=CARTESIAN_POINT('',(2.8033352640509,-37.2726502854426,-56.3768240000002));
#8395=CARTESIAN_POINT('',(2.88133995053775,-37.2752221203796,-56.3768240000002));
#8396=CARTESIAN_POINT('',(2.95930296720998,-37.2780307909334,-56.3768240000003));
#8397=CARTESIAN_POINT('',(3.03735555270434,-37.2810813064974,-56.3768240000002));
#8398=CARTESIAN_POINT('',(3.11543314412066,-37.284371968259,-56.3768240000003));
#8399=CARTESIAN_POINT('',(3.19346446933071,-37.2878995584793,-56.3768240000002));
#8400=CARTESIAN_POINT('',(3.27159405935994,-37.2916709430244,-56.3768240000003));
#8401=CARTESIAN_POINT('',(3.34974476444983,-37.2956832835925,-56.3768240000002));
#8402=CARTESIAN_POINT('',(3.42784415902965,-37.2999325928998,-56.3768240000003));
#8403=CARTESIAN_POINT('',(3.50605263455637,-37.304428007959,-56.3768240000002));
#8404=CARTESIAN_POINT('',(3.58427210773668,-37.3091647753525,-56.3768240000003));
#8405=CARTESIAN_POINT('',(3.66245641530853,-37.3141399261108,-56.3768240000002));
#8406=CARTESIAN_POINT('',(3.74068199020999,-37.3193585474781,-56.3768240000003));
#8407=CARTESIAN_POINT('',(3.81888820559708,-37.3248168451897,-56.3768240000002));
#8408=CARTESIAN_POINT('',(3.89710921914521,-37.3305174179041,-56.3768240000003));
#8409=CARTESIAN_POINT('',(3.97518874035957,-37.3364484322871,-56.3768240000002));
#8410=CARTESIAN_POINT('',(4.05322693068739,-37.3426165899298,-56.3768240000003));
#8411=CARTESIAN_POINT('',(4.13128404110603,-37.3490270052956,-56.3768240000002));
#8412=CARTESIAN_POINT('',(4.20919232465057,-37.3556654242415,-56.3768240000003));
#8413=CARTESIAN_POINT('',(4.28706265697809,-37.3625403952281,-56.3768240000002));
#8414=CARTESIAN_POINT('',(4.36494736998434,-37.3696569094975,-56.3768240000003));
#8415=CARTESIAN_POINT('',(4.44268531453325,-37.3769997607681,-56.3768240000002));
#8416=CARTESIAN_POINT('',(4.52038831743243,-37.38457867139,-56.3768240000003));
#8417=CARTESIAN_POINT('',(4.59810123136751,-37.3923983930369,-56.3768240000002));
#8418=CARTESIAN_POINT('',(4.67566960230888,-37.4004429055536,-56.3768240000003));
#8419=CARTESIAN_POINT('',(4.75320663892797,-37.408723158417,-56.3768240000003));
#8420=CARTESIAN_POINT('',(4.85659095352248,-37.4200830163069,-56.3768240000003));
#8421=CARTESIAN_POINT('',(4.9597235121579,-37.4318928110925,-56.3768240000003));
#8422=CARTESIAN_POINT('',(5.06288870629801,-37.4441841660231,-56.3768240000003));
#8423=CARTESIAN_POINT('',(5.14012032665285,-37.4536245187301,-56.3768240000002));
#8424=CARTESIAN_POINT('',(5.21732516024606,-37.4633000220012,-56.3768240000003));
#8425=CARTESIAN_POINT('',(5.32025384719523,-37.4765179054167,-56.3768240000002));
#8426=CARTESIAN_POINT('',(5.42294788663612,-37.4901823055035,-56.3768240000003));
#8427=CARTESIAN_POINT('',(5.52565922818351,-37.5043259833226,-56.3768240000003));
#8428=CARTESIAN_POINT('',(5.60255833598095,-37.515153632464,-56.3768240000003));
#8429=CARTESIAN_POINT('',(5.67943201591064,-37.5262158329086,-56.3768240000002));
#8430=CARTESIAN_POINT('',(5.78190741871367,-37.541280307781,-56.3768240000003));
#8431=CARTESIAN_POINT('',(5.88416638540748,-37.5567891638899,-56.3768240000002));
#8432=CARTESIAN_POINT('',(5.98642525677218,-37.5727746071993,-56.3768240000003));
#8433=CARTESIAN_POINT('',(6.0629949718,-37.5849824924904,-56.3768240000002));
#8434=CARTESIAN_POINT('',(6.1395384073169,-37.5974242676763,-56.3768240000003));
#8435=CARTESIAN_POINT('',(6.24156238446148,-37.6143258190392,-56.3768240000002));
#8436=CARTESIAN_POINT('',(6.34338896995528,-37.6316708970395,-56.3768240000003));
#8437=CARTESIAN_POINT('',(6.44519703176954,-37.6494895478737,-56.3768240000002));
#8438=CARTESIAN_POINT('',(6.54685149154218,-37.6675990398935,-56.3768240000002));
#8439=CARTESIAN_POINT('',(6.67387281922919,-37.6908237797806,-56.3768240000002));
#8440=CARTESIAN_POINT('',(6.80062550321613,-37.7147939366393,-56.3768240000003));
#8441=CARTESIAN_POINT('',(6.90198032131281,-37.7344383345406,-56.3768240000003));
#8442=CARTESIAN_POINT('',(7.05382261711957,-37.7643454885095,-56.3768240000002));
#8443=CARTESIAN_POINT('',(7.58448413343049,-37.8730449778144,-56.3768240000003));
#8444=CARTESIAN_POINT('',(8.28680466138833,-38.0391966985968,-56.3768240000003));
#8445=CARTESIAN_POINT('',(8.93328389723681,-38.2171371237572,-56.3768240000002));
#8446=CARTESIAN_POINT('',(9.23057610022208,-38.3038304895419,-56.3768240000003));
#8447=CARTESIAN_POINT('',(9.3789753413848,-38.3480822549533,-56.3768240000003));
#8448=CARTESIAN_POINT('',(9.52718391091785,-38.3932567748864,-56.3768240000003));
#8449=CARTESIAN_POINT('',(9.67517404263451,-38.439347258646,-56.3768240000002));
#8450=CARTESIAN_POINT('',(9.7982714216071,-38.4785053086419,-56.3768240000003));
#8451=CARTESIAN_POINT('',(9.89669449278095,-38.5103082716915,-56.3768240000002));
#8452=CARTESIAN_POINT('',(9.97042495848411,-38.5343798385535,-56.3768240000003));
#8453=CARTESIAN_POINT('',(10.0440929833762,-38.5586785254424,-56.3768240000002));
#8454=CARTESIAN_POINT('',(10.1423018923083,-38.5914028127539,-56.3768240000003));
#8455=CARTESIAN_POINT('',(10.2403159944083,-38.62455882331,-56.3768240000003));
#8456=CARTESIAN_POINT('',(10.3383039371609,-38.6582044112028,-56.3768240000003));
#8457=CARTESIAN_POINT('',(10.4116969348112,-38.6836546869898,-56.3768240000003));
#8458=CARTESIAN_POINT('',(10.4850319498083,-38.7093346892258,-56.3768240000003));
#8459=CARTESIAN_POINT('',(10.558358479961,-38.7352623741506,-56.3768240000003));
#8460=CARTESIAN_POINT('',(10.6315819857827,-38.761404558353,-56.3768240000002));
#8461=CARTESIAN_POINT('',(10.7047501902136,-38.7877781146208,-56.3768240000002));
#8462=CARTESIAN_POINT('',(10.7779110322747,-38.8144009942392,-56.3768240000002));
#8463=CARTESIAN_POINT('',(10.8509645669921,-38.8412370741937,-56.3768240000002));
#8464=CARTESIAN_POINT('',(10.923965725657,-38.8683063776412,-56.3768240000003));
#8465=CARTESIAN_POINT('',(10.9969602187853,-38.8956265879287,-56.3768240000002));
#8466=CARTESIAN_POINT('',(11.0698430851343,-38.9231586611676,-56.3768240000003));
#8467=CARTESIAN_POINT('',(11.1426769644427,-38.9509261187276,-56.3768240000002));
#8468=CARTESIAN_POINT('',(11.2155043913028,-38.9789459732847,-56.3768240000003));
#8469=CARTESIAN_POINT('',(11.2882158489482,-39.0071763199321,-56.3768240000002));
#8470=CARTESIAN_POINT('',(11.360882169482,-39.035644536891,-56.3768240000002));
#8471=CARTESIAN_POINT('',(11.4335417676827,-39.0643665347851,-56.3768240000003));
#8472=CARTESIAN_POINT('',(11.5060810300752,-39.0932976195848,-56.3768240000002));
#8473=CARTESIAN_POINT('',(11.5785794627388,-39.1224694016584,-56.3768240000003));
#8474=CARTESIAN_POINT('',(11.6510704396313,-39.1518962373073,-56.3768240000002));
#8475=CARTESIAN_POINT('',(11.7234366134648,-39.1815306875732,-56.3768240000003));
#8476=CARTESIAN_POINT('',(11.7957670014615,-39.2114091388412,-56.3768240000002));
#8477=CARTESIAN_POINT('',(11.8680877026183,-39.2415433542874,-56.3768240000003));
#8478=CARTESIAN_POINT('',(11.9402828863208,-39.2718852740831,-56.3768240000003));
#8479=CARTESIAN_POINT('',(12.0364839404215,-39.3126634543299,-56.3768240000003));
#8480=CARTESIAN_POINT('',(12.1325947790108,-39.3539261491309,-56.3768240000003));
#8481=CARTESIAN_POINT('',(12.2284253193632,-39.3955918815505,-56.3768240000003));
#8482=CARTESIAN_POINT('',(12.3001378362908,-39.4270329824695,-56.3768240000002));
#8483=CARTESIAN_POINT('',(12.3717857827919,-39.458707843901,-56.3768240000002));
#8484=CARTESIAN_POINT('',(12.4432721776639,-39.4905735344995,-56.3768240000003));
#8485=CARTESIAN_POINT('',(12.5145897419126,-39.5226258199688,-56.3768240000002));
#8486=CARTESIAN_POINT('',(12.5858428310191,-39.5549115171827,-56.3768240000003));
#8487=CARTESIAN_POINT('',(12.6569321139422,-39.5873855668962,-56.3768240000002));
#8488=CARTESIAN_POINT('',(12.7278595575202,-39.6200479227904,-56.3768240000003));
#8489=CARTESIAN_POINT('',(12.7987183684921,-39.6529414670759,-56.3768240000003));
#8490=CARTESIAN_POINT('',(12.869412720368,-39.6860216333606,-56.3768240000002));
#8491=CARTESIAN_POINT('',(12.9399513139748,-39.7192916090637,-56.3768240000003));
#8492=CARTESIAN_POINT('',(13.0104172458154,-39.7527905808744,-56.3768240000002));
#8493=CARTESIAN_POINT('',(13.0807184812875,-39.7864746885021,-56.3768240000003));
#8494=CARTESIAN_POINT('',(13.1508694599294,-39.8203500262169,-56.3768240000002));
#8495=CARTESIAN_POINT('',(13.2209437889862,-39.8544521614465,-56.3768240000002));
#8496=CARTESIAN_POINT('',(13.2908536118633,-39.888738209486,-56.3768240000003));
#8497=CARTESIAN_POINT('',(13.360618108649,-39.9232168118976,-56.3768240000002));
#8498=CARTESIAN_POINT('',(13.4303020084511,-39.9579200068934,-56.3768240000003));
#8499=CARTESIAN_POINT('',(13.4998220090835,-39.992806163814,-56.3768240000002));
#8500=CARTESIAN_POINT('',(13.5692010579708,-40.0278860920216,-56.3768240000003));
#8501=CARTESIAN_POINT('',(13.6384956004418,-40.0631884007904,-56.3768240000002));
#8502=CARTESIAN_POINT('',(13.7076272577638,-40.0986730019057,-56.3768240000003));
#8503=CARTESIAN_POINT('',(13.7766217952771,-40.1343524732295,-56.3768240000002));
#8504=CARTESIAN_POINT('',(13.8455279505435,-40.1702521041354,-56.3768240000003));
#8505=CARTESIAN_POINT('',(13.9142726399248,-40.206333652542,-56.3768240000002));
#8506=CARTESIAN_POINT('',(13.982883484147,-40.2426110262727,-56.3768240000003));
#8507=CARTESIAN_POINT('',(14.0514022046364,-40.2791063847726,-56.3768240000002));
#8508=CARTESIAN_POINT('',(14.119760890459,-40.3157833814727,-56.3768240000003));
#8509=CARTESIAN_POINT('',(14.1879898959127,-40.3526577831873,-56.3768240000003));
#8510=CARTESIAN_POINT('',(14.3242457268371,-40.4268324815522,-56.3768240000002));
#8511=CARTESIAN_POINT('',(14.5275899161616,-40.5395369014321,-56.3768240000002));
#8512=CARTESIAN_POINT('',(14.8864243786948,-40.7441467133904,-56.3768240000003));
#8513=CARTESIAN_POINT('',(15.5072335868906,-41.1132492746246,-56.3768240000003));
#8514=CARTESIAN_POINT('',(16.1138265642375,-41.5043756573874,-56.3768240000002));
#8515=CARTESIAN_POINT('',(16.5810785712879,-41.8260706863182,-56.3768240000003));
#8516=CARTESIAN_POINT('',(16.7499905148401,-41.9446393817698,-56.3768240000003));
#8517=CARTESIAN_POINT('',(16.8761607781979,-42.0343508150506,-56.3768240000003));
#8518=CARTESIAN_POINT('',(17.0017926688328,-42.1248297135713,-56.3768240000002));
#8519=CARTESIAN_POINT('',(17.1061139140385,-42.2009252013061,-56.3768240000003));
#8520=CARTESIAN_POINT('',(17.1892570687761,-42.2621535623577,-56.3768240000003));
#8521=CARTESIAN_POINT('',(17.2722964680721,-42.3236945961051,-56.3768240000003));
#8522=CARTESIAN_POINT('',(17.3550043102281,-42.385574520861,-56.3768240000003));
#8523=CARTESIAN_POINT('',(17.4375279684529,-42.4479041195722,-56.3768240000002));
#8524=CARTESIAN_POINT('',(17.4992709168513,-42.4948332137739,-56.3768240000003));
#8525=CARTESIAN_POINT('',(17.5608549938853,-42.5419368374534,-56.3768240000003));
#8526=CARTESIAN_POINT('',(17.6223708251316,-42.589284859121,-56.3768240000002));
#8527=CARTESIAN_POINT('',(17.6837269723861,-42.6368074886874,-56.3768240000003));
#8528=CARTESIAN_POINT('',(17.7449244613382,-42.684505000896,-56.3768240000003));
#8529=CARTESIAN_POINT('',(17.8060573172053,-42.7324513172457,-56.3768240000002));
#8530=CARTESIAN_POINT('',(17.8670269926038,-42.7805697749542,-56.3768240000003));
#8531=CARTESIAN_POINT('',(17.9278368782145,-42.8288624976978,-56.3768240000002));
#8532=CARTESIAN_POINT('',(17.9885857401827,-42.8774086324572,-56.3768240000003));
#8533=CARTESIAN_POINT('',(18.0491677970154,-42.9261243157065,-56.3768240000002));
#8534=CARTESIAN_POINT('',(18.1095893285899,-42.9750140137216,-56.3768240000002));
#8535=CARTESIAN_POINT('',(18.1699529811561,-43.0241615687918,-56.3768240000003));
#8536=CARTESIAN_POINT('',(18.2301461994258,-43.0734760465702,-56.3768240000002));
#8537=CARTESIAN_POINT('',(18.2901785135173,-43.1229646441756,-56.3768240000002));
#8538=CARTESIAN_POINT('',(18.3501556435074,-43.1727153781539,-56.3768240000003));
#8539=CARTESIAN_POINT('',(18.4099587014241,-43.2226303725209,-56.3768240000002));
#8540=CARTESIAN_POINT('',(18.4696008278371,-43.272719961622,-56.3768240000003));
#8541=CARTESIAN_POINT('',(18.5291900208432,-43.3230757905898,-56.3768240000002));
#8542=CARTESIAN_POINT('',(18.5886014937131,-43.3735931792492,-56.3768240000003));
#8543=CARTESIAN_POINT('',(18.6478523539668,-43.4242860219788,-56.3768240000002));
#8544=CARTESIAN_POINT('',(18.7070520926259,-43.4752490220091,-56.3768240000003));
#8545=CARTESIAN_POINT('',(18.76607045103,-43.526370840657,-56.3768240000002));
#8546=CARTESIAN_POINT('',(18.8249288569551,-43.577669372512,-56.3768240000003));
#8547=CARTESIAN_POINT('',(18.8837375185271,-43.6292417818924,-56.3768240000002));
#8548=CARTESIAN_POINT('',(18.9423611283005,-43.6809702285856,-56.3768240000003));
#8549=CARTESIAN_POINT('',(19.0008257732371,-43.7328770551191,-56.3768240000002));
#8550=CARTESIAN_POINT('',(19.0592416540194,-43.7850613018138,-56.3768240000003));
#8551=CARTESIAN_POINT('',(19.1174686753701,-43.8373986482423,-56.3768240000002));
#8552=CARTESIAN_POINT('',(19.1755385010384,-43.8899168903091,-56.3768240000003));
#8553=CARTESIAN_POINT('',(19.2335503770525,-43.9427070070708,-56.3768240000002));
#8554=CARTESIAN_POINT('',(19.2913716713153,-43.9956489742353,-56.3768240000003));
#8555=CARTESIAN_POINT('',(19.3490394463151,-44.0487764593862,-56.3768240000002));
#8556=CARTESIAN_POINT('',(19.4064866858854,-44.1020273192058,-56.3768240000003));
#8557=CARTESIAN_POINT('',(19.4637858178312,-44.1554681839628,-56.3768240000002));
#8558=CARTESIAN_POINT('',(19.5209158846603,-44.2090799453247,-56.3768240000003));
#8559=CARTESIAN_POINT('',(19.577779261314,-44.2627697794935,-56.3768240000002));
#8560=CARTESIAN_POINT('',(19.6345062641067,-44.3166599780553,-56.3768240000003));
#8561=CARTESIAN_POINT('',(19.6910566996045,-44.3707129147199,-56.3768240000002));
#8562=CARTESIAN_POINT('',(19.7473504622158,-44.4248507995119,-56.3768240000003));
#8563=CARTESIAN_POINT('',(19.8035044089297,-44.4791853754493,-56.3768240000002));
#8564=CARTESIAN_POINT('',(19.8594787861366,-44.5336786508675,-56.3768240000003));
#8565=CARTESIAN_POINT('',(19.9152047923492,-44.5882624965877,-56.3768240000002));
#8566=CARTESIAN_POINT('',(19.9707878793178,-44.6430396412834,-56.3768240000003));
#8567=CARTESIAN_POINT('',(20.0261887205215,-44.6979717349873,-56.3768240000002));
#8568=CARTESIAN_POINT('',(20.0813489126993,-44.7529997909371,-56.3768240000003));
#8569=CARTESIAN_POINT('',(20.1363631199229,-44.8082177577042,-56.3768240000002));
#8570=CARTESIAN_POINT('',(20.1911927963546,-44.8635872897739,-56.3768240000003));
#8571=CARTESIAN_POINT('',(20.2457889614621,-44.9190579190301,-56.3768240000002));
#8572=CARTESIAN_POINT('',(20.3002361292949,-44.9747150862962,-56.3768240000003));
#8573=CARTESIAN_POINT('',(20.3544968104405,-45.030520776822,-56.3768240000003));
#8574=CARTESIAN_POINT('',(20.4265420281683,-45.1050697985028,-56.3768240000003));
#8575=CARTESIAN_POINT('',(20.4982820586932,-45.1799843922198,-56.3768240000003));
#8576=CARTESIAN_POINT('',(20.5695790842563,-45.2551193991681,-56.3768240000003));
#8577=CARTESIAN_POINT('',(20.6228971167417,-45.3116505858413,-56.3768240000002));
#8578=CARTESIAN_POINT('',(20.6760257379692,-45.3683252288305,-56.3768240000003));
#8579=CARTESIAN_POINT('',(20.7465775653284,-45.4440454898859,-56.3768240000002));
#8580=CARTESIAN_POINT('',(20.8168090709804,-45.520114003656,-56.3768240000003));
#8581=CARTESIAN_POINT('',(20.8866151500485,-45.5964158489709,-56.3768240000003));
#8582=CARTESIAN_POINT('',(20.9388097295785,-45.6538160570899,-56.3768240000003));
#8583=CARTESIAN_POINT('',(20.9908130003234,-45.7113558182376,-56.3768240000002));
#8584=CARTESIAN_POINT('',(21.0598788149495,-45.7882420872303,-56.3768240000003));
#8585=CARTESIAN_POINT('',(21.1457842908073,-45.884754417502,-56.3768240000002));
#8586=CARTESIAN_POINT('',(21.2822001995549,-46.039897888877,-56.3768240000002));
#8587=CARTESIAN_POINT('',(21.5183557896493,-46.3134490660733,-56.3768240000003));
#8588=CARTESIAN_POINT('',(21.980249444046,-46.8685687834085,-56.3768240000002));
#8589=CARTESIAN_POINT('',(22.4844802769137,-47.5213707088514,-56.3768240000002));
#8590=CARTESIAN_POINT('',(22.9049359727135,-48.1085914971672,-56.3768240000003));
#8591=CARTESIAN_POINT('',(23.1099921292902,-48.4062659787565,-56.3768240000002));
#8592=CARTESIAN_POINT('',(23.2256536394093,-48.5774804930262,-56.3768240000002));
#8593=CARTESIAN_POINT('',(23.297352173416,-48.6850167141241,-56.3768240000002));
#8594=CARTESIAN_POINT('',(23.3543029060195,-48.7712815137557,-56.3768240000003));
#8595=CARTESIAN_POINT('',(23.3968535011079,-48.8361611941235,-56.3768240000002));
#8596=CARTESIAN_POINT('',(23.4392125924414,-48.9011785616969,-56.3768240000003));
#8597=CARTESIAN_POINT('',(23.4954143103057,-48.9880180290646,-56.3768240000003));
#8598=CARTESIAN_POINT('',(23.551292118192,-49.0752252771926,-56.3768240000003));
#8599=CARTESIAN_POINT('',(23.6067407441616,-49.1626372239187,-56.3768240000003));
#8600=CARTESIAN_POINT('',(23.648173114893,-49.2283939938909,-56.3768240000003));
#8601=CARTESIAN_POINT('',(23.6894087919123,-49.294282185527,-56.3768240000002));
#8602=CARTESIAN_POINT('',(23.7441068810123,-49.3822746360737,-56.3768240000003));
#8603=CARTESIAN_POINT('',(23.7984903824632,-49.4706579397082,-56.3768240000002));
#8604=CARTESIAN_POINT('',(23.852429864234,-49.5592231951281,-56.3768240000003));
#8605=CARTESIAN_POINT('',(23.8927382252797,-49.6258626511954,-56.3768240000002));
#8606=CARTESIAN_POINT('',(23.932844439969,-49.692626711262,-56.3768240000003));
#8607=CARTESIAN_POINT('',(23.9727320106166,-49.7594871277554,-56.3768240000003));
#8608=CARTESIAN_POINT('',(24.0124755653323,-49.826569938948,-56.3768240000002));
#8609=CARTESIAN_POINT('',(24.0520141686934,-49.8937737205448,-56.3768240000003));
#8610=CARTESIAN_POINT('',(24.091331503501,-49.9610698903776,-56.3768240000003));
#8611=CARTESIAN_POINT('',(24.1305087505787,-50.0285984699519,-56.3768240000002));
#8612=CARTESIAN_POINT('',(24.169477572818,-50.0962432385078,-56.3768240000003));
#8613=CARTESIAN_POINT('',(24.2082226033868,-50.1639765340507,-56.3768240000002));
#8614=CARTESIAN_POINT('',(24.2468315837387,-50.2319529766482,-56.3768240000003));
#8615=CARTESIAN_POINT('',(24.2852282117942,-50.3000399323204,-56.3768240000002));
#8616=CARTESIAN_POINT('',(24.3233993745224,-50.3682130175845,-56.3768240000003));
#8617=CARTESIAN_POINT('',(24.3614354215678,-50.4366350235302,-56.3768240000002));
#8618=CARTESIAN_POINT('',(24.3992483433436,-50.5051490977282,-56.3768240000002));
#8619=CARTESIAN_POINT('',(24.4368621443021,-50.573798057781,-56.3768240000003));
#8620=CARTESIAN_POINT('',(24.4743188375079,-50.6426603653583,-56.3768240000002));
#8621=CARTESIAN_POINT('',(24.5115443431793,-50.7116004145662,-56.3768240000003));
#8622=CARTESIAN_POINT('',(24.5485843981036,-50.7807028731337,-56.3768240000002));
#8623=CARTESIAN_POINT('',(24.5854120184019,-50.8499180148839,-56.3768240000003));
#8624=CARTESIAN_POINT('',(24.6220407988915,-50.9192719473527,-56.3768240000002));
#8625=CARTESIAN_POINT('',(24.6583844086691,-50.9885996342009,-56.3768240000003));
#8626=CARTESIAN_POINT('',(24.6945405166571,-51.0580862056151,-56.3768240000002));
#8627=CARTESIAN_POINT('',(24.7304554137578,-51.1276289503895,-56.3768240000003));
#8628=CARTESIAN_POINT('',(24.7661222675321,-51.1972125798547,-56.3768240000002));
#8629=CARTESIAN_POINT('',(24.8016000724509,-51.2669524255489,-56.3768240000003));
#8630=CARTESIAN_POINT('',(24.8368036405613,-51.3366801476398,-56.3768240000002));
#8631=CARTESIAN_POINT('',(24.8718008820611,-51.4065286172436,-56.3768240000003));
#8632=CARTESIAN_POINT('',(24.9065806652449,-51.4764763438786,-56.3768240000002));
#8633=CARTESIAN_POINT('',(24.9410988796008,-51.5464329111087,-56.3768240000003));
#8634=CARTESIAN_POINT('',(24.9754241760122,-51.6165369308232,-56.3768240000002));
#8635=CARTESIAN_POINT('',(25.0094998687583,-51.6866725740055,-56.3768240000003));
#8636=CARTESIAN_POINT('',(25.0433468651662,-51.7568810988011,-56.3768240000002));
#8637=CARTESIAN_POINT('',(25.0769959336542,-51.8272269688143,-56.3768240000003));
#8638=CARTESIAN_POINT('',(25.1103741669655,-51.8975564927789,-56.3768240000002));
#8639=CARTESIAN_POINT('',(25.1435562038511,-51.9680257855026,-56.3768240000003));
#8640=CARTESIAN_POINT('',(25.1765063838891,-52.0385596749137,-56.3768240000002));
#8641=CARTESIAN_POINT('',(25.2092159158856,-52.1091376958782,-56.3768240000003));
#8642=CARTESIAN_POINT('',(25.2417260788948,-52.1798490145353,-56.3768240000003));
#8643=CARTESIAN_POINT('',(25.3062428617863,-52.3213089885868,-56.3768240000002));
#8644=CARTESIAN_POINT('',(25.4436572202753,-52.6287774801292,-56.3768240000003));
#8645=CARTESIAN_POINT('',(25.6460204890992,-53.1046863643181,-56.3768240000002));
#8646=CARTESIAN_POINT('',(25.8745811919266,-53.6805965759006,-56.3768240000003));
#8647=CARTESIAN_POINT('',(26.1603294248065,-54.4547881565148,-56.3768240000002));
#8648=CARTESIAN_POINT('',(26.4176738049146,-55.2384570942554,-56.3768240000003));
#8649=CARTESIAN_POINT('',(26.6179841406301,-55.9324890227596,-56.3768240000002));
#8650=CARTESIAN_POINT('',(26.7118917847531,-56.2815561773451,-56.3768240000003));
#8651=CARTESIAN_POINT('',(26.7572918918879,-56.4566484350051,-56.3768240000002));
#8652=CARTESIAN_POINT('',(26.7827766140884,-56.5568070945936,-56.3768240000003));
#8653=CARTESIAN_POINT('',(26.8205766392275,-56.7072753753542,-56.3768240000002));
#8654=CARTESIAN_POINT('',(26.8633462361148,-56.8831584998691,-56.3768240000003));
#8655=CARTESIAN_POINT('',(26.9045688395532,-57.0596719911949,-56.3768240000002));
#8656=CARTESIAN_POINT('',(26.9276565344928,-57.1606079216856,-56.3768240000003));
#8657=CARTESIAN_POINT('',(26.9447648246016,-57.236462791301,-56.3768240000002));
#8658=CARTESIAN_POINT('',(26.9616346776434,-57.3123352920957,-56.3768240000003));
#8659=CARTESIAN_POINT('',(26.9782813521437,-57.3882930981876,-56.3768240000002));
#8660=CARTESIAN_POINT('',(26.9947088937761,-57.4643576551644,-56.3768240000003));
#8661=CARTESIAN_POINT('',(27.0162942870899,-57.5657995070831,-56.3768240000002));
#8662=CARTESIAN_POINT('',(27.037447581083,-57.6674897308345,-56.3768240000003));
#8663=CARTESIAN_POINT('',(27.0581270499611,-57.7692324442431,-56.3768240000003));
#8664=CARTESIAN_POINT('',(27.0734253480229,-57.8456930923213,-56.3768240000003));
#8665=CARTESIAN_POINT('',(27.0884815788198,-57.9221555479361,-56.3768240000003));
#8666=CARTESIAN_POINT('',(27.1033183688532,-57.9987343628456,-56.3768240000002));
#8667=CARTESIAN_POINT('',(27.1179294707728,-58.0754015384739,-56.3768240000003));
#8668=CARTESIAN_POINT('',(27.1322977150388,-58.1520654584505,-56.3768240000003));
#8669=CARTESIAN_POINT('',(27.1464589770436,-58.2289206591989,-56.3768240000002));
#8670=CARTESIAN_POINT('',(27.1603771365174,-58.3057745255352,-56.3768240000003));
#8671=CARTESIAN_POINT('',(27.1740675679745,-58.3827101823209,-56.3768240000003));
#8672=CARTESIAN_POINT('',(27.1875379246957,-58.4597756648569,-56.3768240000002));
#8673=CARTESIAN_POINT('',(27.2007634970882,-58.5368296907778,-56.3768240000003));
#8674=CARTESIAN_POINT('',(27.2137736627418,-58.6140450423812,-56.3768240000002));
#8675=CARTESIAN_POINT('',(27.2265481687294,-58.6913065531975,-56.3768240000003));
#8676=CARTESIAN_POINT('',(27.2390840198072,-58.7685940303123,-56.3768240000002));
#8677=CARTESIAN_POINT('',(27.2514046505414,-58.8460567003013,-56.3768240000002));
#8678=CARTESIAN_POINT('',(27.2675072744251,-58.9493398367566,-56.3768240000003));
#8679=CARTESIAN_POINT('',(27.2870464831685,-59.0785684892748,-56.3768240000002));
#8680=CARTESIAN_POINT('',(27.3095334748099,-59.2337273194788,-56.3768240000003));
#8681=CARTESIAN_POINT('',(27.338237002769,-59.4407136505754,-56.3768240000002));
#8682=CARTESIAN_POINT('',(27.3851056632917,-59.8031589663711,-56.3768240000003));
#8683=CARTESIAN_POINT('',(27.4424930224823,-60.3217096059806,-56.3768240000003));
#8684=CARTESIAN_POINT('',(27.4960775178596,-60.9451301147707,-56.3768240000002));
#8685=CARTESIAN_POINT('',(27.5280080607753,-61.4656167388658,-56.3768240000002));
#8686=CARTESIAN_POINT('',(27.5459102155317,-61.8826138468491,-56.3768240000003));
#8687=CARTESIAN_POINT('',(27.5555093663953,-62.1956247101262,-56.3768240000002));
#8688=CARTESIAN_POINT('',(27.5603153766583,-62.4567516252589,-56.3768240000003));
#8689=CARTESIAN_POINT('',(27.5622391020019,-62.665770319827,-56.3768240000002));
#8690=CARTESIAN_POINT('',(27.5625599954104,-62.7703425420667,-56.3768240000002));
#8691=CARTESIAN_POINT('',(27.5625599999996,-62.8226217560529,-56.3768240000002));
#8692=CARTESIAN_POINT('',(-5.62000000000025,-38.592822284009,10.8445299999998));
#8693=CARTESIAN_POINT('',(-5.62000000000025,-38.592568284009,-2.10972400000014));
#8694=CARTESIAN_POINT('',(-5.62000000000025,-38.5357830746917,-2.10972400000014));
#8695=CARTESIAN_POINT('',(-5.62000000000025,-38.4789978653744,-2.10972400000014));
#8696=CARTESIAN_POINT('',(-5.62000000000025,-38.422212656057,-2.10972400000014));
#8697=CARTESIAN_POINT('',(-5.62000000053139,-38.4222126562228,-2.10972400000013));
#8698=CARTESIAN_POINT('',(-5.62000000000025,-38.422212656057,-2.10972400000014));
#8699=CARTESIAN_POINT('',(-5.62000000000025,-38.422212656057,2.20827599999986));
#8700=CARTESIAN_POINT('',(-5.62000000000025,-38.422212656057,6.52627599999985));
#8701=CARTESIAN_POINT('',(-5.62000000000025,-38.422212656057,10.8442759999998));
#8702=CARTESIAN_POINT('',(1.99999999999961,-62.8226239999998,-56.3768240000002));
#8703=CARTESIAN_POINT('',(9.61999999999975,-38.422212656057,-2.10972400000015));
#8704=CARTESIAN_POINT('',(9.01386895508862,-38.2329241027979,-2.10972400000014));
#8705=CARTESIAN_POINT('',(7.78056643605181,-37.8974181777278,-2.10972400000014));
#8706=CARTESIAN_POINT('',(5.88165403373897,-37.5316846066912,-2.10972400000014));
#8707=CARTESIAN_POINT('',(3.94930792885214,-37.3096853468842,-2.10972400000014));
#8708=CARTESIAN_POINT('',(1.99999999999975,-37.2352533265571,-2.10972400000014));
#8709=CARTESIAN_POINT('',(0.0506920711473598,-37.3096853468842,-2.10972400000014));
#8710=CARTESIAN_POINT('',(-1.88165403373947,-37.5316846066912,-2.10972400000014));
#8711=CARTESIAN_POINT('',(-3.78056643605232,-37.8974181777278,-2.10972400000014));
#8712=CARTESIAN_POINT('',(-5.01386895508912,-38.2329241027979,-2.10972400000014));
#8713=CARTESIAN_POINT('',(-5.62000000000025,-38.422212656057,-2.10972400000014));
#8714=CARTESIAN_POINT('',(9.62000000124639,-38.4222126564463,-2.10972400000014));
#8715=CARTESIAN_POINT('',(9.61999999999975,-38.422212656057,10.8442759999998));
#8716=CARTESIAN_POINT('',(9.61999999999975,-38.422212656057,6.52627599999985));
#8717=CARTESIAN_POINT('',(9.61999999999975,-38.422212656057,2.20827599999985));
#8718=CARTESIAN_POINT('',(9.61999999999975,-38.422212656057,-2.10972400000015));
#8719=CARTESIAN_POINT('',(9.61999999999975,-38.592822284009,-2.10997800000015));
#8720=CARTESIAN_POINT('',(9.61999999999975,-38.422212656057,-2.10972400000015));
#8721=CARTESIAN_POINT('',(9.61999999999975,-38.4789978653744,-2.10972400000015));
#8722=CARTESIAN_POINT('',(9.61999999999975,-38.5357830746917,-2.10972400000015));
#8723=CARTESIAN_POINT('',(9.61999999999975,-38.592568284009,-2.10972400000015));
#8724=CARTESIAN_POINT('',(1.99999999999973,-62.8226239999996,12.2031759999999));
#8725=CARTESIAN_POINT('',(-5.62025400000025,-38.592822284009,-2.10972400000014));
#8726=MECHANICAL_DESIGN_GEOMETRIC_PRESENTATION_REPRESENTATION('',(#323),
#8727);
#8727=(
GEOMETRIC_REPRESENTATION_CONTEXT(3)
GLOBAL_UNCERTAINTY_ASSIGNED_CONTEXT((#8728))
GLOBAL_UNIT_ASSIGNED_CONTEXT((#8731,#8730,#8729))
REPRESENTATION_CONTEXT('tanque_wall','TOP_LEVEL_ASSEMBLY_PART')
);
#8728=UNCERTAINTY_MEASURE_WITH_UNIT(LENGTH_MEASURE(6.39833691333695E-5),
#8731,'DISTANCE_ACCURACY_VALUE','Maximum Tolerance applied to model');
#8729=(
NAMED_UNIT(*)
SI_UNIT($,.STERADIAN.)
SOLID_ANGLE_UNIT()
);
#8730=(
NAMED_UNIT(*)
PLANE_ANGLE_UNIT()
SI_UNIT($,.RADIAN.)
);
#8731=(
LENGTH_UNIT()
NAMED_UNIT(*)
SI_UNIT($,.METRE.)
);
#8732=PRODUCT_DEFINITION_SHAPE('','',#8733);
#8733=PRODUCT_DEFINITION('','',#8735,#8734);
#8734=PRODUCT_DEFINITION_CONTEXT('',#8741,'design');
#8735=PRODUCT_DEFINITION_FORMATION_WITH_SPECIFIED_SOURCE('','',#8737,
 .NOT_KNOWN.);
#8736=PRODUCT_RELATED_PRODUCT_CATEGORY('','',(#8737));
#8737=PRODUCT('tanque_wall','tanque_wall','tanque_wall',(#8739));
#8738=PRODUCT_CATEGORY('','');
#8739=PRODUCT_CONTEXT('',#8741,'mechanical');
#8740=APPLICATION_PROTOCOL_DEFINITION('international standard',
'ap242_managed_model_based_3d_engineering',2011,#8741);
#8741=APPLICATION_CONTEXT('managed model based 3d engineering');
ENDSEC;
END-ISO-10303-21;
