ISO-10303-21;
HEADER;
FILE_DESCRIPTION(('Open CASCADE Model'),'2;1');
FILE_NAME('Open CASCADE Shape Model','2026-07-14T21:21:10',('Author'),(
    'Open CASCADE'),'Open CASCADE STEP processor 7.9','Open CASCADE 7.9'
  ,'Unknown');
FILE_SCHEMA(('AUTOMOTIVE_DESIGN { 1 0 10303 214 1 1 1 1 }'));
ENDSEC;
DATA;
#1 = APPLICATION_PROTOCOL_DEFINITION('international standard',
  'automotive_design',2000,#2);
#2 = APPLICATION_CONTEXT(
  'core data for automotive mechanical design processes');
#3 = SHAPE_DEFINITION_REPRESENTATION(#4,#10);
#4 = PRODUCT_DEFINITION_SHAPE('','',#5);
#5 = PRODUCT_DEFINITION('design','',#6,#9);
#6 = PRODUCT_DEFINITION_FORMATION('','',#7);
#7 = PRODUCT('Open CASCADE STEP translator 7.9 3',
  'Open CASCADE STEP translator 7.9 3','',(#8));
#8 = PRODUCT_CONTEXT('',#2,'mechanical');
#9 = PRODUCT_DEFINITION_CONTEXT('part definition',#2,'design');
#10 = ADVANCED_BREP_SHAPE_REPRESENTATION('',(#11,#15),#4889);
#11 = AXIS2_PLACEMENT_3D('',#12,#13,#14);
#12 = CARTESIAN_POINT('',(0.,0.,0.));
#13 = DIRECTION('',(0.,0.,1.));
#14 = DIRECTION('',(1.,0.,-0.));
#15 = MANIFOLD_SOLID_BREP('',#16);
#16 = CLOSED_SHELL('',(#17,#109,#113,#148,#943,#1077,#1126,#1223,#1250,
    #1289,#1365,#1470,#1565,#1592,#1668,#1773,#1822,#1895,#1971,#2076,
    #2171,#2198,#2225,#2252,#2259,#2318,#2345,#2372,#2379,#2406,#2433,
    #2440,#2467,#2494,#2501,#2536,#3331,#3465,#3514,#3611,#3638,#3677,
    #3753,#3858,#3953,#3980,#4056,#4161,#4210,#4283,#4359,#4464,#4559,
    #4586,#4613,#4640,#4647,#4702,#4729,#4756,#4763,#4790,#4817,#4824,
    #4851,#4878,#4885));
#17 = ADVANCED_FACE('',(#18),#31,.T.);
#18 = FACE_BOUND('',#19,.F.);
#19 = EDGE_LOOP('',(#20,#54,#77,#108));
#20 = ORIENTED_EDGE('',*,*,#21,.F.);
#21 = EDGE_CURVE('',#22,#22,#24,.T.);
#22 = VERTEX_POINT('',#23);
#23 = CARTESIAN_POINT('',(361.925,-6.282E+03,-5.086E+03));
#24 = SURFACE_CURVE('',#25,(#30,#42),.PCURVE_S1.);
#25 = CIRCLE('',#26,34.925);
#26 = AXIS2_PLACEMENT_3D('',#27,#28,#29);
#27 = CARTESIAN_POINT('',(327.,-6.282E+03,-5.086E+03));
#28 = DIRECTION('',(0.,0.,1.));
#29 = DIRECTION('',(1.,0.,0.));
#30 = PCURVE('',#31,#36);
#31 = CYLINDRICAL_SURFACE('',#32,34.925);
#32 = AXIS2_PLACEMENT_3D('',#33,#34,#35);
#33 = CARTESIAN_POINT('',(327.,-6.282E+03,-5.086E+03));
#34 = DIRECTION('',(-0.,-0.,-1.));
#35 = DIRECTION('',(1.,0.,0.));
#36 = DEFINITIONAL_REPRESENTATION('',(#37),#41);
#37 = LINE('',#38,#39);
#38 = CARTESIAN_POINT('',(-0.,0.));
#39 = VECTOR('',#40,1.);
#40 = DIRECTION('',(-1.,0.));
#41 = ( GEOMETRIC_REPRESENTATION_CONTEXT(2) 
PARAMETRIC_REPRESENTATION_CONTEXT() REPRESENTATION_CONTEXT('2D SPACE',''
  ) );
#42 = PCURVE('',#43,#48);
#43 = PLANE('',#44);
#44 = AXIS2_PLACEMENT_3D('',#45,#46,#47);
#45 = CARTESIAN_POINT('',(327.,-6.282E+03,-5.086E+03));
#46 = DIRECTION('',(0.,0.,1.));
#47 = DIRECTION('',(1.,0.,-0.));
#48 = DEFINITIONAL_REPRESENTATION('',(#49),#53);
#49 = CIRCLE('',#50,34.925);
#50 = AXIS2_PLACEMENT_2D('',#51,#52);
#51 = CARTESIAN_POINT('',(0.,0.));
#52 = DIRECTION('',(1.,0.));
#53 = ( GEOMETRIC_REPRESENTATION_CONTEXT(2) 
PARAMETRIC_REPRESENTATION_CONTEXT() REPRESENTATION_CONTEXT('2D SPACE',''
  ) );
#54 = ORIENTED_EDGE('',*,*,#55,.T.);
#55 = EDGE_CURVE('',#22,#56,#58,.T.);
#56 = VERTEX_POINT('',#57);
#57 = CARTESIAN_POINT('',(361.925,-6.282E+03,-4.386E+03));
#58 = SEAM_CURVE('',#59,(#63,#70),.PCURVE_S1.);
#59 = LINE('',#60,#61);
#60 = CARTESIAN_POINT('',(361.925,-6.282E+03,-5.086E+03));
#61 = VECTOR('',#62,1.);
#62 = DIRECTION('',(0.,0.,1.));
#63 = PCURVE('',#31,#64);
#64 = DEFINITIONAL_REPRESENTATION('',(#65),#69);
#65 = LINE('',#66,#67);
#66 = CARTESIAN_POINT('',(-6.28318530718,0.));
#67 = VECTOR('',#68,1.);
#68 = DIRECTION('',(-0.,-1.));
#69 = ( GEOMETRIC_REPRESENTATION_CONTEXT(2) 
PARAMETRIC_REPRESENTATION_CONTEXT() REPRESENTATION_CONTEXT('2D SPACE',''
  ) );
#70 = PCURVE('',#31,#71);
#71 = DEFINITIONAL_REPRESENTATION('',(#72),#76);
#72 = LINE('',#73,#74);
#73 = CARTESIAN_POINT('',(-0.,0.));
#74 = VECTOR('',#75,1.);
#75 = DIRECTION('',(-0.,-1.));
#76 = ( GEOMETRIC_REPRESENTATION_CONTEXT(2) 
PARAMETRIC_REPRESENTATION_CONTEXT() REPRESENTATION_CONTEXT('2D SPACE',''
  ) );
#77 = ORIENTED_EDGE('',*,*,#78,.F.);
#78 = EDGE_CURVE('',#56,#56,#79,.T.);
#79 = SURFACE_CURVE('',#80,(#85,#92),.PCURVE_S1.);
#80 = CIRCLE('',#81,34.925);
#81 = AXIS2_PLACEMENT_3D('',#82,#83,#84);
#82 = CARTESIAN_POINT('',(327.,-6.282E+03,-4.386E+03));
#83 = DIRECTION('',(0.,0.,-1.));
#84 = DIRECTION('',(1.,0.,0.));
#85 = PCURVE('',#31,#86);
#86 = DEFINITIONAL_REPRESENTATION('',(#87),#91);
#87 = LINE('',#88,#89);
#88 = CARTESIAN_POINT('',(-6.28318530718,-700.));
#89 = VECTOR('',#90,1.);
#90 = DIRECTION('',(1.,-0.));
#91 = ( GEOMETRIC_REPRESENTATION_CONTEXT(2) 
PARAMETRIC_REPRESENTATION_CONTEXT() REPRESENTATION_CONTEXT('2D SPACE',''
  ) );
#92 = PCURVE('',#93,#98);
#93 = PLANE('',#94);
#94 = AXIS2_PLACEMENT_3D('',#95,#96,#97);
#95 = CARTESIAN_POINT('',(327.,-6.282E+03,-4.386E+03));
#96 = DIRECTION('',(0.,0.,1.));
#97 = DIRECTION('',(1.,0.,-0.));
#98 = DEFINITIONAL_REPRESENTATION('',(#99),#107);
#99 = ( BOUNDED_CURVE() B_SPLINE_CURVE(2,(#100,#101,#102,#103,#104,#105,
#106),.UNSPECIFIED.,.T.,.F.) B_SPLINE_CURVE_WITH_KNOTS((1,2,2,2,2,1),(
    -2.094395102393,0.,2.094395102393,4.188790204786,6.28318530718,
8.377580409573),.UNSPECIFIED.) CURVE() GEOMETRIC_REPRESENTATION_ITEM() 
RATIONAL_B_SPLINE_CURVE((1.,0.5,1.,0.5,1.,0.5,1.)) REPRESENTATION_ITEM(
  '') );
#100 = CARTESIAN_POINT('',(34.925,0.));
#101 = CARTESIAN_POINT('',(34.925,-60.49187445434));
#102 = CARTESIAN_POINT('',(-17.4625,-30.24593722717));
#103 = CARTESIAN_POINT('',(-69.85,-8.554157892044E-15));
#104 = CARTESIAN_POINT('',(-17.4625,30.245937227172));
#105 = CARTESIAN_POINT('',(34.925,60.491874454343));
#106 = CARTESIAN_POINT('',(34.925,0.));
#107 = ( GEOMETRIC_REPRESENTATION_CONTEXT(2) 
PARAMETRIC_REPRESENTATION_CONTEXT() REPRESENTATION_CONTEXT('2D SPACE',''
  ) );
#108 = ORIENTED_EDGE('',*,*,#55,.F.);
#109 = ADVANCED_FACE('',(#110),#43,.F.);
#110 = FACE_BOUND('',#111,.F.);
#111 = EDGE_LOOP('',(#112));
#112 = ORIENTED_EDGE('',*,*,#21,.T.);
#113 = ADVANCED_FACE('',(#114,#145),#93,.F.);
#114 = FACE_BOUND('',#115,.F.);
#115 = EDGE_LOOP('',(#116));
#116 = ORIENTED_EDGE('',*,*,#117,.T.);
#117 = EDGE_CURVE('',#118,#118,#120,.T.);
#118 = VERTEX_POINT('',#119);
#119 = CARTESIAN_POINT('',(392.,-6.282E+03,-4.386E+03));
#120 = SURFACE_CURVE('',#121,(#126,#133),.PCURVE_S1.);
#121 = CIRCLE('',#122,65.);
#122 = AXIS2_PLACEMENT_3D('',#123,#124,#125);
#123 = CARTESIAN_POINT('',(327.,-6.282E+03,-4.386E+03));
#124 = DIRECTION('',(0.,0.,1.));
#125 = DIRECTION('',(1.,0.,0.));
#126 = PCURVE('',#93,#127);
#127 = DEFINITIONAL_REPRESENTATION('',(#128),#132);
#128 = CIRCLE('',#129,65.);
#129 = AXIS2_PLACEMENT_2D('',#130,#131);
#130 = CARTESIAN_POINT('',(0.,0.));
#131 = DIRECTION('',(1.,0.));
#132 = ( GEOMETRIC_REPRESENTATION_CONTEXT(2) 
PARAMETRIC_REPRESENTATION_CONTEXT() REPRESENTATION_CONTEXT('2D SPACE',''
  ) );
#133 = PCURVE('',#134,#139);
#134 = CYLINDRICAL_SURFACE('',#135,65.);
#135 = AXIS2_PLACEMENT_3D('',#136,#137,#138);
#136 = CARTESIAN_POINT('',(327.,-6.282E+03,-4.296E+03));
#137 = DIRECTION('',(-0.,-0.,-1.));
#138 = DIRECTION('',(1.,0.,0.));
#139 = DEFINITIONAL_REPRESENTATION('',(#140),#144);
#140 = LINE('',#141,#142);
#141 = CARTESIAN_POINT('',(0.,90.));
#142 = VECTOR('',#143,1.);
#143 = DIRECTION('',(-1.,-0.));
#144 = ( GEOMETRIC_REPRESENTATION_CONTEXT(2) 
PARAMETRIC_REPRESENTATION_CONTEXT() REPRESENTATION_CONTEXT('2D SPACE',''
  ) );
#145 = FACE_BOUND('',#146,.F.);
#146 = EDGE_LOOP('',(#147));
#147 = ORIENTED_EDGE('',*,*,#78,.T.);
#148 = ADVANCED_FACE('',(#149,#475,#631,#787),#134,.T.);
#149 = FACE_BOUND('',#150,.F.);
#150 = EDGE_LOOP('',(#151,#193,#216,#243,#244,#271,#301,#329,#369,#390,
    #391,#392,#419,#449));
#151 = ORIENTED_EDGE('',*,*,#152,.F.);
#152 = EDGE_CURVE('',#153,#155,#157,.T.);
#153 = VERTEX_POINT('',#154);
#154 = CARTESIAN_POINT('',(392.,-6.282E+03,-4.290135861517E+03));
#155 = VERTEX_POINT('',#156);
#156 = CARTESIAN_POINT('',(362.,-6.227227744249E+03,-4.256571380025E+03)
  );
#157 = SURFACE_CURVE('',#158,(#163,#181),.PCURVE_S1.);
#158 = ELLIPSE('',#159,76.233800279911,65.);
#159 = AXIS2_PLACEMENT_3D('',#160,#161,#162);
#160 = CARTESIAN_POINT('',(327.,-6.282E+03,-4.290135861517E+03));
#161 = DIRECTION('',(0.,-0.522498564716,0.852640164354));
#162 = DIRECTION('',(0.,-0.852640164354,-0.522498564716));
#163 = PCURVE('',#134,#164);
#164 = DEFINITIONAL_REPRESENTATION('',(#165),#180);
#165 = B_SPLINE_CURVE_WITH_KNOTS('',7,(#166,#167,#168,#169,#170,#171,
    #172,#173,#174,#175,#176,#177,#178,#179),.UNSPECIFIED.,.F.,.F.,(8,6,
    8),(1.570796326795,2.398552831366,3.226309335937),.UNSPECIFIED.);
#166 = CARTESIAN_POINT('',(0.,-5.86413848307));
#167 = CARTESIAN_POINT('',(-0.118250929224,-10.57431555382));
#168 = CARTESIAN_POINT('',(-0.236501858449,-15.28449250129));
#169 = CARTESIAN_POINT('',(-0.354752787673,-19.88709286891));
#170 = CARTESIAN_POINT('',(-0.473003716898,-24.27453556917));
#171 = CARTESIAN_POINT('',(-0.591254646122,-28.34539464989));
#172 = CARTESIAN_POINT('',(-0.709505575347,-32.01050156218));
#173 = CARTESIAN_POINT('',(-0.946007433796,-38.38365003721));
#174 = CARTESIAN_POINT('',(-1.06425836302,-41.09169143312));
#175 = CARTESIAN_POINT('',(-1.182509292245,-43.24842317829));
#176 = CARTESIAN_POINT('',(-1.30076022147,-44.79745024006));
#177 = CARTESIAN_POINT('',(-1.419011150694,-45.70296325174));
#178 = CARTESIAN_POINT('',(-1.537262079918,-45.95189297437));
#179 = CARTESIAN_POINT('',(-1.655513009142,-45.55333952992));
#180 = ( GEOMETRIC_REPRESENTATION_CONTEXT(2) 
PARAMETRIC_REPRESENTATION_CONTEXT() REPRESENTATION_CONTEXT('2D SPACE',''
  ) );
#181 = PCURVE('',#182,#187);
#182 = PLANE('',#183);
#183 = AXIS2_PLACEMENT_3D('',#184,#185,#186);
#184 = CARTESIAN_POINT('',(362.,-6.355893210564E+03,-4.335417679188E+03)
  );
#185 = DIRECTION('',(0.,-0.522498564716,0.852640164354));
#186 = DIRECTION('',(1.,0.,0.));
#187 = DEFINITIONAL_REPRESENTATION('',(#188),#192);
#188 = ELLIPSE('',#189,76.233800279911,65.);
#189 = AXIS2_PLACEMENT_2D('',#190,#191);
#190 = CARTESIAN_POINT('',(-35.,86.6640039407));
#191 = DIRECTION('',(0.,-1.));
#192 = ( GEOMETRIC_REPRESENTATION_CONTEXT(2) 
PARAMETRIC_REPRESENTATION_CONTEXT() REPRESENTATION_CONTEXT('2D SPACE',''
  ) );
#193 = ORIENTED_EDGE('',*,*,#194,.T.);
#194 = EDGE_CURVE('',#153,#195,#197,.T.);
#195 = VERTEX_POINT('',#196);
#196 = CARTESIAN_POINT('',(392.,-6.282E+03,-4.206E+03));
#197 = SEAM_CURVE('',#198,(#202,#209),.PCURVE_S1.);
#198 = LINE('',#199,#200);
#199 = CARTESIAN_POINT('',(392.,-6.282E+03,-4.296E+03));
#200 = VECTOR('',#201,1.);
#201 = DIRECTION('',(0.,0.,1.));
#202 = PCURVE('',#134,#203);
#203 = DEFINITIONAL_REPRESENTATION('',(#204),#208);
#204 = LINE('',#205,#206);
#205 = CARTESIAN_POINT('',(-6.28318530718,0.));
#206 = VECTOR('',#207,1.);
#207 = DIRECTION('',(-0.,-1.));
#208 = ( GEOMETRIC_REPRESENTATION_CONTEXT(2) 
PARAMETRIC_REPRESENTATION_CONTEXT() REPRESENTATION_CONTEXT('2D SPACE',''
  ) );
#209 = PCURVE('',#134,#210);
#210 = DEFINITIONAL_REPRESENTATION('',(#211),#215);
#211 = LINE('',#212,#213);
#212 = CARTESIAN_POINT('',(-0.,0.));
#213 = VECTOR('',#214,1.);
#214 = DIRECTION('',(-0.,-1.));
#215 = ( GEOMETRIC_REPRESENTATION_CONTEXT(2) 
PARAMETRIC_REPRESENTATION_CONTEXT() REPRESENTATION_CONTEXT('2D SPACE',''
  ) );
#216 = ORIENTED_EDGE('',*,*,#217,.T.);
#217 = EDGE_CURVE('',#195,#195,#218,.T.);
#218 = SURFACE_CURVE('',#219,(#224,#231),.PCURVE_S1.);
#219 = CIRCLE('',#220,65.);
#220 = AXIS2_PLACEMENT_3D('',#221,#222,#223);
#221 = CARTESIAN_POINT('',(327.,-6.282E+03,-4.206E+03));
#222 = DIRECTION('',(0.,0.,1.));
#223 = DIRECTION('',(1.,0.,0.));
#224 = PCURVE('',#134,#225);
#225 = DEFINITIONAL_REPRESENTATION('',(#226),#230);
#226 = LINE('',#227,#228);
#227 = CARTESIAN_POINT('',(-0.,-90.));
#228 = VECTOR('',#229,1.);
#229 = DIRECTION('',(-1.,0.));
#230 = ( GEOMETRIC_REPRESENTATION_CONTEXT(2) 
PARAMETRIC_REPRESENTATION_CONTEXT() REPRESENTATION_CONTEXT('2D SPACE',''
  ) );
#231 = PCURVE('',#232,#237);
#232 = PLANE('',#233);
#233 = AXIS2_PLACEMENT_3D('',#234,#235,#236);
#234 = CARTESIAN_POINT('',(327.,-6.282E+03,-4.206E+03));
#235 = DIRECTION('',(0.,0.,1.));
#236 = DIRECTION('',(1.,0.,-0.));
#237 = DEFINITIONAL_REPRESENTATION('',(#238),#242);
#238 = CIRCLE('',#239,65.);
#239 = AXIS2_PLACEMENT_2D('',#240,#241);
#240 = CARTESIAN_POINT('',(0.,0.));
#241 = DIRECTION('',(1.,0.));
#242 = ( GEOMETRIC_REPRESENTATION_CONTEXT(2) 
PARAMETRIC_REPRESENTATION_CONTEXT() REPRESENTATION_CONTEXT('2D SPACE',''
  ) );
#243 = ORIENTED_EDGE('',*,*,#194,.F.);
#244 = ORIENTED_EDGE('',*,*,#245,.F.);
#245 = EDGE_CURVE('',#246,#153,#248,.T.);
#246 = VERTEX_POINT('',#247);
#247 = CARTESIAN_POINT('',(391.29172965304,-6.291569404277E+03,
    -4.296E+03));
#248 = SURFACE_CURVE('',#249,(#254,#264),.PCURVE_S1.);
#249 = ELLIPSE('',#250,76.233800279911,65.);
#250 = AXIS2_PLACEMENT_3D('',#251,#252,#253);
#251 = CARTESIAN_POINT('',(327.,-6.282E+03,-4.290135861517E+03));
#252 = DIRECTION('',(0.,-0.522498564716,0.852640164354));
#253 = DIRECTION('',(0.,-0.852640164354,-0.522498564716));
#254 = PCURVE('',#134,#255);
#255 = DEFINITIONAL_REPRESENTATION('',(#256),#263);
#256 = B_SPLINE_CURVE_WITH_KNOTS('',5,(#257,#258,#259,#260,#261,#262),
  .UNSPECIFIED.,.F.,.F.,(6,6),(1.423037633912,1.570796326795),
  .PIECEWISE_BEZIER_KNOTS.);
#257 = CARTESIAN_POINT('',(-6.135426614297,5.999999928008E-07));
#258 = CARTESIAN_POINT('',(-6.164978352873,-1.164279461739));
#259 = CARTESIAN_POINT('',(-6.19453009145,-2.334961001774));
#260 = CARTESIAN_POINT('',(-6.224081830026,-3.509925752459));
#261 = CARTESIAN_POINT('',(-6.253633568603,-4.687032118177));
#262 = CARTESIAN_POINT('',(-6.28318530718,-5.86413848307));
#263 = ( GEOMETRIC_REPRESENTATION_CONTEXT(2) 
PARAMETRIC_REPRESENTATION_CONTEXT() REPRESENTATION_CONTEXT('2D SPACE',''
  ) );
#264 = PCURVE('',#182,#265);
#265 = DEFINITIONAL_REPRESENTATION('',(#266),#270);
#266 = ELLIPSE('',#267,76.233800279911,65.);
#267 = AXIS2_PLACEMENT_2D('',#268,#269);
#268 = CARTESIAN_POINT('',(-35.,86.6640039407));
#269 = DIRECTION('',(0.,-1.));
#270 = ( GEOMETRIC_REPRESENTATION_CONTEXT(2) 
PARAMETRIC_REPRESENTATION_CONTEXT() REPRESENTATION_CONTEXT('2D SPACE',''
  ) );
#271 = ORIENTED_EDGE('',*,*,#272,.F.);
#272 = EDGE_CURVE('',#273,#246,#275,.T.);
#273 = VERTEX_POINT('',#274);
#274 = CARTESIAN_POINT('',(362.,-6.336772255751E+03,-4.323700343009E+03)
  );
#275 = SURFACE_CURVE('',#276,(#281,#294),.PCURVE_S1.);
#276 = ELLIPSE('',#277,76.233800279911,65.);
#277 = AXIS2_PLACEMENT_3D('',#278,#279,#280);
#278 = CARTESIAN_POINT('',(327.,-6.282E+03,-4.290135861517E+03));
#279 = DIRECTION('',(0.,-0.522498564716,0.852640164354));
#280 = DIRECTION('',(0.,0.852640164354,0.522498564716));
#281 = PCURVE('',#134,#282);
#282 = DEFINITIONAL_REPRESENTATION('',(#283),#293);
#283 = B_SPLINE_CURVE_WITH_KNOTS('',8,(#284,#285,#286,#287,#288,#289,
    #290,#291,#292),.UNSPECIFIED.,.F.,.F.,(9,9),(3.056875971242,
    4.56463031796),.PIECEWISE_BEZIER_KNOTS.);
#284 = CARTESIAN_POINT('',(-4.627672298037,33.825062563782));
#285 = CARTESIAN_POINT('',(-4.816141591377,34.460280287025));
#286 = CARTESIAN_POINT('',(-5.004610884721,33.484311640779));
#287 = CARTESIAN_POINT('',(-5.19308017804,30.862783282719));
#288 = CARTESIAN_POINT('',(-5.381549471425,26.683367331309));
#289 = CARTESIAN_POINT('',(-5.570018764713,21.159871533033));
#290 = CARTESIAN_POINT('',(-5.758488058078,14.61258052236));
#291 = CARTESIAN_POINT('',(-5.946957351415,7.425316895663));
#292 = CARTESIAN_POINT('',(-6.135426644755,-6.000000167816E-07));
#293 = ( GEOMETRIC_REPRESENTATION_CONTEXT(2) 
PARAMETRIC_REPRESENTATION_CONTEXT() REPRESENTATION_CONTEXT('2D SPACE',''
  ) );
#294 = PCURVE('',#182,#295);
#295 = DEFINITIONAL_REPRESENTATION('',(#296),#300);
#296 = ELLIPSE('',#297,76.233800279911,65.);
#297 = AXIS2_PLACEMENT_2D('',#298,#299);
#298 = CARTESIAN_POINT('',(-35.,86.6640039407));
#299 = DIRECTION('',(0.,1.));
#300 = ( GEOMETRIC_REPRESENTATION_CONTEXT(2) 
PARAMETRIC_REPRESENTATION_CONTEXT() REPRESENTATION_CONTEXT('2D SPACE',''
  ) );
#301 = ORIENTED_EDGE('',*,*,#302,.F.);
#302 = EDGE_CURVE('',#303,#273,#305,.T.);
#303 = VERTEX_POINT('',#304);
#304 = CARTESIAN_POINT('',(362.,-6.336772255751E+03,-4.335428619975E+03)
  );
#305 = SURFACE_CURVE('',#306,(#310,#317),.PCURVE_S1.);
#306 = LINE('',#307,#308);
#307 = CARTESIAN_POINT('',(362.,-6.336772255751E+03,-4.296E+03));
#308 = VECTOR('',#309,1.);
#309 = DIRECTION('',(0.,0.,1.));
#310 = PCURVE('',#134,#311);
#311 = DEFINITIONAL_REPRESENTATION('',(#312),#316);
#312 = LINE('',#313,#314);
#313 = CARTESIAN_POINT('',(-5.280999280649,-0.));
#314 = VECTOR('',#315,1.);
#315 = DIRECTION('',(-0.,-1.));
#316 = ( GEOMETRIC_REPRESENTATION_CONTEXT(2) 
PARAMETRIC_REPRESENTATION_CONTEXT() REPRESENTATION_CONTEXT('2D SPACE',''
  ) );
#317 = PCURVE('',#318,#323);
#318 = PLANE('',#319);
#319 = AXIS2_PLACEMENT_3D('',#320,#321,#322);
#320 = CARTESIAN_POINT('',(362.,-6.350668224916E+03,-4.343944080832E+03)
  );
#321 = DIRECTION('',(1.,0.,0.));
#322 = DIRECTION('',(0.,-0.522498564716,0.852640164354));
#323 = DEFINITIONAL_REPRESENTATION('',(#324),#328);
#324 = LINE('',#325,#326);
#325 = CARTESIAN_POINT('',(33.618425015899,-36.89897485483));
#326 = VECTOR('',#327,1.);
#327 = DIRECTION('',(0.852640164354,-0.522498564716));
#328 = ( GEOMETRIC_REPRESENTATION_CONTEXT(2) 
PARAMETRIC_REPRESENTATION_CONTEXT() REPRESENTATION_CONTEXT('2D SPACE',''
  ) );
#329 = ORIENTED_EDGE('',*,*,#330,.T.);
#330 = EDGE_CURVE('',#303,#331,#333,.T.);
#331 = VERTEX_POINT('',#332);
#332 = CARTESIAN_POINT('',(392.,-6.282E+03,-4.301864138483E+03));
#333 = SURFACE_CURVE('',#334,(#339,#357),.PCURVE_S1.);
#334 = ELLIPSE('',#335,76.233800279911,65.);
#335 = AXIS2_PLACEMENT_3D('',#336,#337,#338);
#336 = CARTESIAN_POINT('',(327.,-6.282E+03,-4.301864138483E+03));
#337 = DIRECTION('',(0.,-0.522498564716,0.852640164354));
#338 = DIRECTION('',(0.,0.852640164354,0.522498564716));
#339 = PCURVE('',#134,#340);
#340 = DEFINITIONAL_REPRESENTATION('',(#341),#356);
#341 = B_SPLINE_CURVE_WITH_KNOTS('',7,(#342,#343,#344,#345,#346,#347,
    #348,#349,#350,#351,#352,#353,#354,#355),.UNSPECIFIED.,.F.,.F.,(8,6,
    8),(3.056875971242,3.884632475813,4.712388980385),.UNSPECIFIED.);
#342 = CARTESIAN_POINT('',(-4.627672298037,45.553339529922));
#343 = CARTESIAN_POINT('',(-4.745923227262,45.951892974371));
#344 = CARTESIAN_POINT('',(-4.864174156486,45.70296325175));
#345 = CARTESIAN_POINT('',(-4.98242508571,44.79745024005));
#346 = CARTESIAN_POINT('',(-5.100676014934,43.248423178302));
#347 = CARTESIAN_POINT('',(-5.21892694416,41.091691433116));
#348 = CARTESIAN_POINT('',(-5.337177873384,38.383650037213));
#349 = CARTESIAN_POINT('',(-5.573679731833,32.010501562186));
#350 = CARTESIAN_POINT('',(-5.691930661058,28.345394649888));
#351 = CARTESIAN_POINT('',(-5.810181590282,24.274535569182));
#352 = CARTESIAN_POINT('',(-5.928432519508,19.88709286891));
#353 = CARTESIAN_POINT('',(-6.046683448731,15.284492501291));
#354 = CARTESIAN_POINT('',(-6.164934377955,10.574315553827));
#355 = CARTESIAN_POINT('',(-6.28318530718,5.86413848307));
#356 = ( GEOMETRIC_REPRESENTATION_CONTEXT(2) 
PARAMETRIC_REPRESENTATION_CONTEXT() REPRESENTATION_CONTEXT('2D SPACE',''
  ) );
#357 = PCURVE('',#358,#363);
#358 = PLANE('',#359);
#359 = AXIS2_PLACEMENT_3D('',#360,#361,#362);
#360 = CARTESIAN_POINT('',(362.,-6.350668224916E+03,-4.343944080832E+03)
  );
#361 = DIRECTION('',(0.,-0.522498564716,0.852640164354));
#362 = DIRECTION('',(1.,0.,0.));
#363 = DEFINITIONAL_REPRESENTATION('',(#364),#368);
#364 = ELLIPSE('',#365,76.233800279911,65.);
#365 = AXIS2_PLACEMENT_2D('',#366,#367);
#366 = CARTESIAN_POINT('',(-35.,80.5359960593));
#367 = DIRECTION('',(0.,1.));
#368 = ( GEOMETRIC_REPRESENTATION_CONTEXT(2) 
PARAMETRIC_REPRESENTATION_CONTEXT() REPRESENTATION_CONTEXT('2D SPACE',''
  ) );
#369 = ORIENTED_EDGE('',*,*,#370,.T.);
#370 = EDGE_CURVE('',#331,#118,#371,.T.);
#371 = SEAM_CURVE('',#372,(#376,#383),.PCURVE_S1.);
#372 = LINE('',#373,#374);
#373 = CARTESIAN_POINT('',(392.,-6.282E+03,-4.296E+03));
#374 = VECTOR('',#375,1.);
#375 = DIRECTION('',(-0.,-0.,-1.));
#376 = PCURVE('',#134,#377);
#377 = DEFINITIONAL_REPRESENTATION('',(#378),#382);
#378 = LINE('',#379,#380);
#379 = CARTESIAN_POINT('',(-0.,-0.));
#380 = VECTOR('',#381,1.);
#381 = DIRECTION('',(0.,1.));
#382 = ( GEOMETRIC_REPRESENTATION_CONTEXT(2) 
PARAMETRIC_REPRESENTATION_CONTEXT() REPRESENTATION_CONTEXT('2D SPACE',''
  ) );
#383 = PCURVE('',#134,#384);
#384 = DEFINITIONAL_REPRESENTATION('',(#385),#389);
#385 = LINE('',#386,#387);
#386 = CARTESIAN_POINT('',(-6.28318530718,-0.));
#387 = VECTOR('',#388,1.);
#388 = DIRECTION('',(0.,1.));
#389 = ( GEOMETRIC_REPRESENTATION_CONTEXT(2) 
PARAMETRIC_REPRESENTATION_CONTEXT() REPRESENTATION_CONTEXT('2D SPACE',''
  ) );
#390 = ORIENTED_EDGE('',*,*,#117,.F.);
#391 = ORIENTED_EDGE('',*,*,#370,.F.);
#392 = ORIENTED_EDGE('',*,*,#393,.T.);
#393 = EDGE_CURVE('',#331,#394,#396,.T.);
#394 = VERTEX_POINT('',#395);
#395 = CARTESIAN_POINT('',(391.29172965304,-6.272430595723E+03,
    -4.296E+03));
#396 = SURFACE_CURVE('',#397,(#402,#412),.PCURVE_S1.);
#397 = ELLIPSE('',#398,76.233800279911,65.);
#398 = AXIS2_PLACEMENT_3D('',#399,#400,#401);
#399 = CARTESIAN_POINT('',(327.,-6.282E+03,-4.301864138483E+03));
#400 = DIRECTION('',(0.,-0.522498564716,0.852640164354));
#401 = DIRECTION('',(0.,0.852640164354,0.522498564716));
#402 = PCURVE('',#134,#403);
#403 = DEFINITIONAL_REPRESENTATION('',(#404),#411);
#404 = B_SPLINE_CURVE_WITH_KNOTS('',5,(#405,#406,#407,#408,#409,#410),
  .UNSPECIFIED.,.F.,.F.,(6,6),(4.712388980385,4.860147673268),
  .PIECEWISE_BEZIER_KNOTS.);
#405 = CARTESIAN_POINT('',(0.,5.86413848307));
#406 = CARTESIAN_POINT('',(-2.955173857662E-02,4.687032118177));
#407 = CARTESIAN_POINT('',(-5.910347715323E-02,3.509925752459));
#408 = CARTESIAN_POINT('',(-8.865521572985E-02,2.334961001774));
#409 = CARTESIAN_POINT('',(-0.118206954306,1.164279461739));
#410 = CARTESIAN_POINT('',(-0.147758692883,-6.000000096762E-07));
#411 = ( GEOMETRIC_REPRESENTATION_CONTEXT(2) 
PARAMETRIC_REPRESENTATION_CONTEXT() REPRESENTATION_CONTEXT('2D SPACE',''
  ) );
#412 = PCURVE('',#358,#413);
#413 = DEFINITIONAL_REPRESENTATION('',(#414),#418);
#414 = ELLIPSE('',#415,76.233800279911,65.);
#415 = AXIS2_PLACEMENT_2D('',#416,#417);
#416 = CARTESIAN_POINT('',(-35.,80.5359960593));
#417 = DIRECTION('',(0.,1.));
#418 = ( GEOMETRIC_REPRESENTATION_CONTEXT(2) 
PARAMETRIC_REPRESENTATION_CONTEXT() REPRESENTATION_CONTEXT('2D SPACE',''
  ) );
#419 = ORIENTED_EDGE('',*,*,#420,.T.);
#420 = EDGE_CURVE('',#394,#421,#423,.T.);
#421 = VERTEX_POINT('',#422);
#422 = CARTESIAN_POINT('',(362.,-6.227227744249E+03,-4.268299656991E+03)
  );
#423 = SURFACE_CURVE('',#424,(#429,#442),.PCURVE_S1.);
#424 = ELLIPSE('',#425,76.233800279911,65.);
#425 = AXIS2_PLACEMENT_3D('',#426,#427,#428);
#426 = CARTESIAN_POINT('',(327.,-6.282E+03,-4.301864138483E+03));
#427 = DIRECTION('',(0.,-0.522498564716,0.852640164354));
#428 = DIRECTION('',(0.,-0.852640164354,-0.522498564716));
#429 = PCURVE('',#134,#430);
#430 = DEFINITIONAL_REPRESENTATION('',(#431),#441);
#431 = B_SPLINE_CURVE_WITH_KNOTS('',8,(#432,#433,#434,#435,#436,#437,
    #438,#439,#440),.UNSPECIFIED.,.F.,.F.,(9,9),(1.71855498922,
    3.226309335937),.PIECEWISE_BEZIER_KNOTS.);
#432 = CARTESIAN_POINT('',(-0.147758662425,5.999999910244E-07));
#433 = CARTESIAN_POINT('',(-0.336227955764,-7.425316895663));
#434 = CARTESIAN_POINT('',(-0.524697249103,-14.61258052236));
#435 = CARTESIAN_POINT('',(-0.713166542449,-21.15987153296));
#436 = CARTESIAN_POINT('',(-0.901635835776,-26.6833673313));
#437 = CARTESIAN_POINT('',(-1.090105129127,-30.86278328264));
#438 = CARTESIAN_POINT('',(-1.278574422462,-33.48431164079));
#439 = CARTESIAN_POINT('',(-1.467043715803,-34.46028028702));
#440 = CARTESIAN_POINT('',(-1.655513009142,-33.82506256378));
#441 = ( GEOMETRIC_REPRESENTATION_CONTEXT(2) 
PARAMETRIC_REPRESENTATION_CONTEXT() REPRESENTATION_CONTEXT('2D SPACE',''
  ) );
#442 = PCURVE('',#358,#443);
#443 = DEFINITIONAL_REPRESENTATION('',(#444),#448);
#444 = ELLIPSE('',#445,76.233800279911,65.);
#445 = AXIS2_PLACEMENT_2D('',#446,#447);
#446 = CARTESIAN_POINT('',(-35.,80.5359960593));
#447 = DIRECTION('',(0.,-1.));
#448 = ( GEOMETRIC_REPRESENTATION_CONTEXT(2) 
PARAMETRIC_REPRESENTATION_CONTEXT() REPRESENTATION_CONTEXT('2D SPACE',''
  ) );
#449 = ORIENTED_EDGE('',*,*,#450,.F.);
#450 = EDGE_CURVE('',#155,#421,#451,.T.);
#451 = SURFACE_CURVE('',#452,(#456,#463),.PCURVE_S1.);
#452 = LINE('',#453,#454);
#453 = CARTESIAN_POINT('',(362.,-6.227227744249E+03,-4.296E+03));
#454 = VECTOR('',#455,1.);
#455 = DIRECTION('',(-0.,-0.,-1.));
#456 = PCURVE('',#134,#457);
#457 = DEFINITIONAL_REPRESENTATION('',(#458),#462);
#458 = LINE('',#459,#460);
#459 = CARTESIAN_POINT('',(-1.002186026531,0.));
#460 = VECTOR('',#461,1.);
#461 = DIRECTION('',(-0.,1.));
#462 = ( GEOMETRIC_REPRESENTATION_CONTEXT(2) 
PARAMETRIC_REPRESENTATION_CONTEXT() REPRESENTATION_CONTEXT('2D SPACE',''
  ) );
#463 = PCURVE('',#464,#469);
#464 = PLANE('',#465);
#465 = AXIS2_PLACEMENT_3D('',#466,#467,#468);
#466 = CARTESIAN_POINT('',(362.,-6.350668224916E+03,-4.343944080832E+03)
  );
#467 = DIRECTION('',(1.,0.,0.));
#468 = DIRECTION('',(0.,-0.522498564716,0.852640164354));
#469 = DEFINITIONAL_REPRESENTATION('',(#470),#474);
#470 = LINE('',#471,#472);
#471 = CARTESIAN_POINT('',(-23.6184250159,-130.3010251451));
#472 = VECTOR('',#473,1.);
#473 = DIRECTION('',(-0.852640164354,0.522498564716));
#474 = ( GEOMETRIC_REPRESENTATION_CONTEXT(2) 
PARAMETRIC_REPRESENTATION_CONTEXT() REPRESENTATION_CONTEXT('2D SPACE',''
  ) );
#475 = FACE_BOUND('',#476,.F.);
#476 = EDGE_LOOP('',(#477,#507,#556,#584));
#477 = ORIENTED_EDGE('',*,*,#478,.F.);
#478 = EDGE_CURVE('',#479,#481,#483,.T.);
#479 = VERTEX_POINT('',#480);
#480 = CARTESIAN_POINT('',(292.,-6.336772255751E+03,-4.256571380025E+03)
  );
#481 = VERTEX_POINT('',#482);
#482 = CARTESIAN_POINT('',(292.,-6.336772255751E+03,-4.268299656991E+03)
  );
#483 = SURFACE_CURVE('',#484,(#488,#495),.PCURVE_S1.);
#484 = LINE('',#485,#486);
#485 = CARTESIAN_POINT('',(292.,-6.336772255751E+03,-4.296E+03));
#486 = VECTOR('',#487,1.);
#487 = DIRECTION('',(-0.,-0.,-1.));
#488 = PCURVE('',#134,#489);
#489 = DEFINITIONAL_REPRESENTATION('',(#490),#494);
#490 = LINE('',#491,#492);
#491 = CARTESIAN_POINT('',(-4.143778680121,0.));
#492 = VECTOR('',#493,1.);
#493 = DIRECTION('',(-0.,1.));
#494 = ( GEOMETRIC_REPRESENTATION_CONTEXT(2) 
PARAMETRIC_REPRESENTATION_CONTEXT() REPRESENTATION_CONTEXT('2D SPACE',''
  ) );
#495 = PCURVE('',#496,#501);
#496 = PLANE('',#497);
#497 = AXIS2_PLACEMENT_3D('',#498,#499,#500);
#498 = CARTESIAN_POINT('',(292.,-6.213331775084E+03,-4.343944080832E+03)
  );
#499 = DIRECTION('',(-1.,1.224646799147E-16,0.));
#500 = DIRECTION('',(6.398761948385E-17,0.522498564716,0.852640164354));
#501 = DEFINITIONAL_REPRESENTATION('',(#502),#506);
#502 = LINE('',#503,#504);
#503 = CARTESIAN_POINT('',(-23.6184250159,-130.3010251451));
#504 = VECTOR('',#505,1.);
#505 = DIRECTION('',(-0.852640164354,0.522498564716));
#506 = ( GEOMETRIC_REPRESENTATION_CONTEXT(2) 
PARAMETRIC_REPRESENTATION_CONTEXT() REPRESENTATION_CONTEXT('2D SPACE',''
  ) );
#507 = ORIENTED_EDGE('',*,*,#508,.F.);
#508 = EDGE_CURVE('',#509,#479,#511,.T.);
#509 = VERTEX_POINT('',#510);
#510 = CARTESIAN_POINT('',(292.,-6.227227744249E+03,-4.323700343009E+03)
  );
#511 = SURFACE_CURVE('',#512,(#517,#544),.PCURVE_S1.);
#512 = ELLIPSE('',#513,76.233800279911,65.);
#513 = AXIS2_PLACEMENT_3D('',#514,#515,#516);
#514 = CARTESIAN_POINT('',(327.,-6.282E+03,-4.290135861517E+03));
#515 = DIRECTION('',(6.398761948385E-17,0.522498564716,0.852640164354));
#516 = DIRECTION('',(1.044183048101E-16,0.852640164354,-0.522498564716)
  );
#517 = PCURVE('',#134,#518);
#518 = DEFINITIONAL_REPRESENTATION('',(#519),#543);
#519 = B_SPLINE_CURVE_WITH_KNOTS('',8,(#520,#521,#522,#523,#524,#525,
    #526,#527,#528,#529,#530,#531,#532,#533,#534,#535,#536,#537,#538,
    #539,#540,#541,#542),.UNSPECIFIED.,.F.,.F.,(9,7,7,9),(6.198468624832
    ,7.026225129403,8.26785988626,9.509494643117),.UNSPECIFIED.);
#520 = CARTESIAN_POINT('',(-1.486079644447,33.825062563782));
#521 = CARTESIAN_POINT('',(-1.589549207519,34.173796827675));
#522 = CARTESIAN_POINT('',(-1.693018770591,34.036918716259));
#523 = CARTESIAN_POINT('',(-1.796488333661,33.408740653313));
#524 = CARTESIAN_POINT('',(-1.899957896733,32.294659743031));
#525 = CARTESIAN_POINT('',(-2.003427459805,30.711371807696));
#526 = CARTESIAN_POINT('',(-2.106897022875,28.686404118007));
#527 = CARTESIAN_POINT('',(-2.210366585947,26.257051291384));
#528 = CARTESIAN_POINT('',(-2.469040493626,19.286420146823));
#529 = CARTESIAN_POINT('',(-2.62424483823,14.296517517428));
#530 = CARTESIAN_POINT('',(-2.779449182843,8.65261247873));
#531 = CARTESIAN_POINT('',(-2.934653527433,2.549709997043));
#532 = CARTESIAN_POINT('',(-3.089857872059,-3.787477625615));
#533 = CARTESIAN_POINT('',(-3.245062216659,-10.12184558313));
#534 = CARTESIAN_POINT('',(-3.400266561268,-16.22298171925));
#535 = CARTESIAN_POINT('',(-3.710675250483,-27.54326141746));
#536 = CARTESIAN_POINT('',(-3.865879595083,-32.76240544428));
#537 = CARTESIAN_POINT('',(-4.02108393971,-37.33279037229));
#538 = CARTESIAN_POINT('',(-4.176288284278,-41.06932337753));
#539 = CARTESIAN_POINT('',(-4.331492628924,-43.82556160708));
#540 = CARTESIAN_POINT('',(-4.48669697351,-45.506914866));
#541 = CARTESIAN_POINT('',(-4.641901318125,-46.07644092576));
#542 = CARTESIAN_POINT('',(-4.797105662732,-45.55333952992));
#543 = ( GEOMETRIC_REPRESENTATION_CONTEXT(2) 
PARAMETRIC_REPRESENTATION_CONTEXT() REPRESENTATION_CONTEXT('2D SPACE',''
  ) );
#544 = PCURVE('',#545,#550);
#545 = PLANE('',#546);
#546 = AXIS2_PLACEMENT_3D('',#547,#548,#549);
#547 = CARTESIAN_POINT('',(292.,-6.208106789436E+03,-4.335417679188E+03)
  );
#548 = DIRECTION('',(6.398761948385E-17,0.522498564716,0.852640164354));
#549 = DIRECTION('',(-1.,1.224646799147E-16,0.));
#550 = DEFINITIONAL_REPRESENTATION('',(#551),#555);
#551 = ELLIPSE('',#552,76.233800279911,65.);
#552 = AXIS2_PLACEMENT_2D('',#553,#554);
#553 = CARTESIAN_POINT('',(-35.,86.6640039407));
#554 = DIRECTION('',(-3.697785493223E-32,-1.));
#555 = ( GEOMETRIC_REPRESENTATION_CONTEXT(2) 
PARAMETRIC_REPRESENTATION_CONTEXT() REPRESENTATION_CONTEXT('2D SPACE',''
  ) );
#556 = ORIENTED_EDGE('',*,*,#557,.T.);
#557 = EDGE_CURVE('',#509,#558,#560,.T.);
#558 = VERTEX_POINT('',#559);
#559 = CARTESIAN_POINT('',(292.,-6.227227744249E+03,-4.335428619975E+03)
  );
#560 = SURFACE_CURVE('',#561,(#565,#572),.PCURVE_S1.);
#561 = LINE('',#562,#563);
#562 = CARTESIAN_POINT('',(292.,-6.227227744249E+03,-4.296E+03));
#563 = VECTOR('',#564,1.);
#564 = DIRECTION('',(-0.,-0.,-1.));
#565 = PCURVE('',#134,#566);
#566 = DEFINITIONAL_REPRESENTATION('',(#567),#571);
#567 = LINE('',#568,#569);
#568 = CARTESIAN_POINT('',(-2.139406627059,0.));
#569 = VECTOR('',#570,1.);
#570 = DIRECTION('',(-0.,1.));
#571 = ( GEOMETRIC_REPRESENTATION_CONTEXT(2) 
PARAMETRIC_REPRESENTATION_CONTEXT() REPRESENTATION_CONTEXT('2D SPACE',''
  ) );
#572 = PCURVE('',#573,#578);
#573 = PLANE('',#574);
#574 = AXIS2_PLACEMENT_3D('',#575,#576,#577);
#575 = CARTESIAN_POINT('',(292.,-6.213331775084E+03,-4.343944080832E+03)
  );
#576 = DIRECTION('',(-1.,1.224646799147E-16,0.));
#577 = DIRECTION('',(6.398761948385E-17,0.522498564716,0.852640164354));
#578 = DEFINITIONAL_REPRESENTATION('',(#579),#583);
#579 = LINE('',#580,#581);
#580 = CARTESIAN_POINT('',(33.618425015899,-36.89897485483));
#581 = VECTOR('',#582,1.);
#582 = DIRECTION('',(-0.852640164354,0.522498564716));
#583 = ( GEOMETRIC_REPRESENTATION_CONTEXT(2) 
PARAMETRIC_REPRESENTATION_CONTEXT() REPRESENTATION_CONTEXT('2D SPACE',''
  ) );
#584 = ORIENTED_EDGE('',*,*,#585,.T.);
#585 = EDGE_CURVE('',#558,#481,#586,.T.);
#586 = SURFACE_CURVE('',#587,(#592,#619),.PCURVE_S1.);
#587 = ELLIPSE('',#588,76.233800279911,65.);
#588 = AXIS2_PLACEMENT_3D('',#589,#590,#591);
#589 = CARTESIAN_POINT('',(327.,-6.282E+03,-4.301864138483E+03));
#590 = DIRECTION('',(6.398761948385E-17,0.522498564716,0.852640164354));
#591 = DIRECTION('',(1.044183048101E-16,0.852640164354,-0.522498564716)
  );
#592 = PCURVE('',#134,#593);
#593 = DEFINITIONAL_REPRESENTATION('',(#594),#618);
#594 = B_SPLINE_CURVE_WITH_KNOTS('',8,(#595,#596,#597,#598,#599,#600,
    #601,#602,#603,#604,#605,#606,#607,#608,#609,#610,#611,#612,#613,
    #614,#615,#616,#617),.UNSPECIFIED.,.F.,.F.,(9,7,7,9),(6.198468624832
    ,7.026225129403,8.26785988626,9.509494643117),.UNSPECIFIED.);
#595 = CARTESIAN_POINT('',(-1.486079644447,45.553339529922));
#596 = CARTESIAN_POINT('',(-1.589549207519,45.902073793815));
#597 = CARTESIAN_POINT('',(-1.693018770591,45.7651956824));
#598 = CARTESIAN_POINT('',(-1.796488333661,45.137017619453));
#599 = CARTESIAN_POINT('',(-1.899957896733,44.022936709176));
#600 = CARTESIAN_POINT('',(-2.003427459805,42.439648773844));
#601 = CARTESIAN_POINT('',(-2.106897022875,40.414681084151));
#602 = CARTESIAN_POINT('',(-2.210366585947,37.985328257524));
#603 = CARTESIAN_POINT('',(-2.469040493626,31.014697112963));
#604 = CARTESIAN_POINT('',(-2.62424483823,26.024794483546));
#605 = CARTESIAN_POINT('',(-2.779449182843,20.380889444968));
#606 = CARTESIAN_POINT('',(-2.934653527433,14.277986963032));
#607 = CARTESIAN_POINT('',(-3.089857872059,7.940799340613));
#608 = CARTESIAN_POINT('',(-3.245062216659,1.606431382985));
#609 = CARTESIAN_POINT('',(-3.400266561268,-4.494704753114));
#610 = CARTESIAN_POINT('',(-3.710675250483,-15.81498445132));
#611 = CARTESIAN_POINT('',(-3.865879595083,-21.03412847808));
#612 = CARTESIAN_POINT('',(-4.02108393971,-25.60451340637));
#613 = CARTESIAN_POINT('',(-4.176288284278,-29.34104641099));
#614 = CARTESIAN_POINT('',(-4.331492628924,-32.09728464123));
#615 = CARTESIAN_POINT('',(-4.48669697351,-33.7786378998));
#616 = CARTESIAN_POINT('',(-4.641901318125,-34.34816395962));
#617 = CARTESIAN_POINT('',(-4.797105662732,-33.82506256378));
#618 = ( GEOMETRIC_REPRESENTATION_CONTEXT(2) 
PARAMETRIC_REPRESENTATION_CONTEXT() REPRESENTATION_CONTEXT('2D SPACE',''
  ) );
#619 = PCURVE('',#620,#625);
#620 = PLANE('',#621);
#621 = AXIS2_PLACEMENT_3D('',#622,#623,#624);
#622 = CARTESIAN_POINT('',(292.,-6.213331775084E+03,-4.343944080832E+03)
  );
#623 = DIRECTION('',(6.398761948385E-17,0.522498564716,0.852640164354));
#624 = DIRECTION('',(-1.,1.224646799147E-16,0.));
#625 = DEFINITIONAL_REPRESENTATION('',(#626),#630);
#626 = ELLIPSE('',#627,76.233800279911,65.);
#627 = AXIS2_PLACEMENT_2D('',#628,#629);
#628 = CARTESIAN_POINT('',(-35.,80.5359960593));
#629 = DIRECTION('',(-3.697785493223E-32,-1.));
#630 = ( GEOMETRIC_REPRESENTATION_CONTEXT(2) 
PARAMETRIC_REPRESENTATION_CONTEXT() REPRESENTATION_CONTEXT('2D SPACE',''
  ) );
#631 = FACE_BOUND('',#632,.F.);
#632 = EDGE_LOOP('',(#633,#663,#712,#740));
#633 = ORIENTED_EDGE('',*,*,#634,.F.);
#634 = EDGE_CURVE('',#635,#637,#639,.T.);
#635 = VERTEX_POINT('',#636);
#636 = CARTESIAN_POINT('',(381.77225575051,-6.317E+03,
    -4.256571380025E+03));
#637 = VERTEX_POINT('',#638);
#638 = CARTESIAN_POINT('',(381.77225575051,-6.317E+03,
    -4.268299656991E+03));
#639 = SURFACE_CURVE('',#640,(#644,#651),.PCURVE_S1.);
#640 = LINE('',#641,#642);
#641 = CARTESIAN_POINT('',(381.77225575051,-6.317E+03,-4.296E+03));
#642 = VECTOR('',#643,1.);
#643 = DIRECTION('',(-0.,-0.,-1.));
#644 = PCURVE('',#134,#645);
#645 = DEFINITIONAL_REPRESENTATION('',(#646),#650);
#646 = LINE('',#647,#648);
#647 = CARTESIAN_POINT('',(-5.714575006915,0.));
#648 = VECTOR('',#649,1.);
#649 = DIRECTION('',(-0.,1.));
#650 = ( GEOMETRIC_REPRESENTATION_CONTEXT(2) 
PARAMETRIC_REPRESENTATION_CONTEXT() REPRESENTATION_CONTEXT('2D SPACE',''
  ) );
#651 = PCURVE('',#652,#657);
#652 = PLANE('',#653);
#653 = AXIS2_PLACEMENT_3D('',#654,#655,#656);
#654 = CARTESIAN_POINT('',(258.33177508357,-6.317E+03,
    -4.343944080832E+03));
#655 = DIRECTION('',(-2.22044604925E-16,-1.,0.));
#656 = DIRECTION('',(-0.522498564716,1.160179873762E-16,0.852640164354)
  );
#657 = DEFINITIONAL_REPRESENTATION('',(#658),#662);
#658 = LINE('',#659,#660);
#659 = CARTESIAN_POINT('',(-23.6184250159,-130.3010251451));
#660 = VECTOR('',#661,1.);
#661 = DIRECTION('',(-0.852640164354,0.522498564716));
#662 = ( GEOMETRIC_REPRESENTATION_CONTEXT(2) 
PARAMETRIC_REPRESENTATION_CONTEXT() REPRESENTATION_CONTEXT('2D SPACE',''
  ) );
#663 = ORIENTED_EDGE('',*,*,#664,.F.);
#664 = EDGE_CURVE('',#665,#635,#667,.T.);
#665 = VERTEX_POINT('',#666);
#666 = CARTESIAN_POINT('',(272.22774424948,-6.317E+03,
    -4.323700343009E+03));
#667 = SURFACE_CURVE('',#668,(#673,#700),.PCURVE_S1.);
#668 = ELLIPSE('',#669,76.233800279911,65.);
#669 = AXIS2_PLACEMENT_3D('',#670,#671,#672);
#670 = CARTESIAN_POINT('',(327.,-6.282E+03,-4.290135861517E+03));
#671 = DIRECTION('',(-0.522498564716,1.160179873762E-16,0.852640164354)
  );
#672 = DIRECTION('',(-0.852640164354,1.893241484372E-16,-0.522498564716)
  );
#673 = PCURVE('',#134,#674);
#674 = DEFINITIONAL_REPRESENTATION('',(#675),#699);
#675 = B_SPLINE_CURVE_WITH_KNOTS('',8,(#676,#677,#678,#679,#680,#681,
    #682,#683,#684,#685,#686,#687,#688,#689,#690,#691,#692,#693,#694,
    #695,#696,#697,#698),.UNSPECIFIED.,.F.,.F.,(9,7,7,9),(6.198468624832
    ,7.005045958816,8.214911959793,9.424777960769),.UNSPECIFIED.);
#676 = CARTESIAN_POINT('',(-3.056875971242,33.825062563782));
#677 = CARTESIAN_POINT('',(-3.15769813799,34.164874031631));
#678 = CARTESIAN_POINT('',(-3.258520304738,34.043605229742));
#679 = CARTESIAN_POINT('',(-3.359342471487,33.455993900345));
#680 = CARTESIAN_POINT('',(-3.460164638235,32.406771359751));
#681 = CARTESIAN_POINT('',(-3.560986804982,30.91084930164));
#682 = CARTESIAN_POINT('',(-3.661808971731,28.992925416071));
#683 = CARTESIAN_POINT('',(-3.762631138479,26.686576117213));
#684 = CARTESIAN_POINT('',(-4.014686555349,20.052397506352));
#685 = CARTESIAN_POINT('',(-4.165919805469,15.290415707586));
#686 = CARTESIAN_POINT('',(-4.317153055585,9.885689213249));
#687 = CARTESIAN_POINT('',(-4.468386305722,4.015067055893));
#688 = CARTESIAN_POINT('',(-4.619619555839,-2.116590845939));
#689 = CARTESIAN_POINT('',(-4.770852805956,-8.291335500204));
#690 = CARTESIAN_POINT('',(-4.922086056081,-14.29481821823));
#691 = CARTESIAN_POINT('',(-5.224552556325,-25.56641986228));
#692 = CARTESIAN_POINT('',(-5.375785806439,-30.83453916814));
#693 = CARTESIAN_POINT('',(-5.527019056583,-35.53855780711));
#694 = CARTESIAN_POINT('',(-5.678252306632,-39.50000394508));
#695 = CARTESIAN_POINT('',(-5.829485556835,-42.57269813452));
#696 = CARTESIAN_POINT('',(-5.98071880693,-44.65502547118));
#697 = CARTESIAN_POINT('',(-6.131952057058,-45.69618971216));
#698 = CARTESIAN_POINT('',(-6.28318530718,-45.69618971216));
#699 = ( GEOMETRIC_REPRESENTATION_CONTEXT(2) 
PARAMETRIC_REPRESENTATION_CONTEXT() REPRESENTATION_CONTEXT('2D SPACE',''
  ) );
#700 = PCURVE('',#701,#706);
#701 = PLANE('',#702);
#702 = AXIS2_PLACEMENT_3D('',#703,#704,#705);
#703 = CARTESIAN_POINT('',(253.10678943641,-6.317E+03,
    -4.335417679188E+03));
#704 = DIRECTION('',(-0.522498564716,1.160179873762E-16,0.852640164354)
  );
#705 = DIRECTION('',(-2.22044604925E-16,-1.,0.));
#706 = DEFINITIONAL_REPRESENTATION('',(#707),#711);
#707 = ELLIPSE('',#708,76.233800279911,65.);
#708 = AXIS2_PLACEMENT_2D('',#709,#710);
#709 = CARTESIAN_POINT('',(-35.,86.6640039407));
#710 = DIRECTION('',(0.,-1.));
#711 = ( GEOMETRIC_REPRESENTATION_CONTEXT(2) 
PARAMETRIC_REPRESENTATION_CONTEXT() REPRESENTATION_CONTEXT('2D SPACE',''
  ) );
#712 = ORIENTED_EDGE('',*,*,#713,.T.);
#713 = EDGE_CURVE('',#665,#714,#716,.T.);
#714 = VERTEX_POINT('',#715);
#715 = CARTESIAN_POINT('',(272.22774424948,-6.317E+03,
    -4.335428619975E+03));
#716 = SURFACE_CURVE('',#717,(#721,#728),.PCURVE_S1.);
#717 = LINE('',#718,#719);
#718 = CARTESIAN_POINT('',(272.22774424948,-6.317E+03,-4.296E+03));
#719 = VECTOR('',#720,1.);
#720 = DIRECTION('',(-0.,-0.,-1.));
#721 = PCURVE('',#134,#722);
#722 = DEFINITIONAL_REPRESENTATION('',(#723),#727);
#723 = LINE('',#724,#725);
#724 = CARTESIAN_POINT('',(-3.710202953854,0.));
#725 = VECTOR('',#726,1.);
#726 = DIRECTION('',(-0.,1.));
#727 = ( GEOMETRIC_REPRESENTATION_CONTEXT(2) 
PARAMETRIC_REPRESENTATION_CONTEXT() REPRESENTATION_CONTEXT('2D SPACE',''
  ) );
#728 = PCURVE('',#729,#734);
#729 = PLANE('',#730);
#730 = AXIS2_PLACEMENT_3D('',#731,#732,#733);
#731 = CARTESIAN_POINT('',(258.33177508357,-6.317E+03,
    -4.343944080832E+03));
#732 = DIRECTION('',(-2.22044604925E-16,-1.,0.));
#733 = DIRECTION('',(-0.522498564716,1.160179873762E-16,0.852640164354)
  );
#734 = DEFINITIONAL_REPRESENTATION('',(#735),#739);
#735 = LINE('',#736,#737);
#736 = CARTESIAN_POINT('',(33.618425015899,-36.89897485483));
#737 = VECTOR('',#738,1.);
#738 = DIRECTION('',(-0.852640164354,0.522498564716));
#739 = ( GEOMETRIC_REPRESENTATION_CONTEXT(2) 
PARAMETRIC_REPRESENTATION_CONTEXT() REPRESENTATION_CONTEXT('2D SPACE',''
  ) );
#740 = ORIENTED_EDGE('',*,*,#741,.T.);
#741 = EDGE_CURVE('',#714,#637,#742,.T.);
#742 = SURFACE_CURVE('',#743,(#748,#775),.PCURVE_S1.);
#743 = ELLIPSE('',#744,76.233800279911,65.);
#744 = AXIS2_PLACEMENT_3D('',#745,#746,#747);
#745 = CARTESIAN_POINT('',(327.,-6.282E+03,-4.301864138483E+03));
#746 = DIRECTION('',(-0.522498564716,1.160179873762E-16,0.852640164354)
  );
#747 = DIRECTION('',(-0.852640164354,1.893241484372E-16,-0.522498564716)
  );
#748 = PCURVE('',#134,#749);
#749 = DEFINITIONAL_REPRESENTATION('',(#750),#774);
#750 = B_SPLINE_CURVE_WITH_KNOTS('',8,(#751,#752,#753,#754,#755,#756,
    #757,#758,#759,#760,#761,#762,#763,#764,#765,#766,#767,#768,#769,
    #770,#771,#772,#773),.UNSPECIFIED.,.F.,.F.,(9,7,7,9),(6.198468624832
    ,7.005045958816,8.214911959793,9.424777960769),.UNSPECIFIED.);
#751 = CARTESIAN_POINT('',(-3.056875971242,45.553339529922));
#752 = CARTESIAN_POINT('',(-3.15769813799,45.893150997771));
#753 = CARTESIAN_POINT('',(-3.258520304738,45.77188219589));
#754 = CARTESIAN_POINT('',(-3.359342471487,45.184270866469));
#755 = CARTESIAN_POINT('',(-3.460164638235,44.135048325885));
#756 = CARTESIAN_POINT('',(-3.560986804982,42.639126267789));
#757 = CARTESIAN_POINT('',(-3.661808971731,40.721202382202));
#758 = CARTESIAN_POINT('',(-3.762631138479,38.414853083353));
#759 = CARTESIAN_POINT('',(-4.014686555349,31.780674472492));
#760 = CARTESIAN_POINT('',(-4.165919805469,27.018692673717));
#761 = CARTESIAN_POINT('',(-4.317153055585,21.6139661794));
#762 = CARTESIAN_POINT('',(-4.468386305722,15.743344022034));
#763 = CARTESIAN_POINT('',(-4.619619555839,9.611686120217));
#764 = CARTESIAN_POINT('',(-4.770852805956,3.436941465921));
#765 = CARTESIAN_POINT('',(-4.922086056081,-2.56654125209));
#766 = CARTESIAN_POINT('',(-5.224552556325,-13.83814289614));
#767 = CARTESIAN_POINT('',(-5.375785806439,-19.10626220205));
#768 = CARTESIAN_POINT('',(-5.527019056583,-23.81028084072));
#769 = CARTESIAN_POINT('',(-5.678252306632,-27.77172697935));
#770 = CARTESIAN_POINT('',(-5.829485556835,-30.8444211682));
#771 = CARTESIAN_POINT('',(-5.98071880693,-32.92674850511));
#772 = CARTESIAN_POINT('',(-6.131952057058,-33.96791274602));
#773 = CARTESIAN_POINT('',(-6.28318530718,-33.96791274602));
#774 = ( GEOMETRIC_REPRESENTATION_CONTEXT(2) 
PARAMETRIC_REPRESENTATION_CONTEXT() REPRESENTATION_CONTEXT('2D SPACE',''
  ) );
#775 = PCURVE('',#776,#781);
#776 = PLANE('',#777);
#777 = AXIS2_PLACEMENT_3D('',#778,#779,#780);
#778 = CARTESIAN_POINT('',(258.33177508357,-6.317E+03,
    -4.343944080832E+03));
#779 = DIRECTION('',(-0.522498564716,1.160179873762E-16,0.852640164354)
  );
#780 = DIRECTION('',(-2.22044604925E-16,-1.,0.));
#781 = DEFINITIONAL_REPRESENTATION('',(#782),#786);
#782 = ELLIPSE('',#783,76.233800279911,65.);
#783 = AXIS2_PLACEMENT_2D('',#784,#785);
#784 = CARTESIAN_POINT('',(-35.,80.5359960593));
#785 = DIRECTION('',(0.,-1.));
#786 = ( GEOMETRIC_REPRESENTATION_CONTEXT(2) 
PARAMETRIC_REPRESENTATION_CONTEXT() REPRESENTATION_CONTEXT('2D SPACE',''
  ) );
#787 = FACE_BOUND('',#788,.F.);
#788 = EDGE_LOOP('',(#789,#819,#868,#896));
#789 = ORIENTED_EDGE('',*,*,#790,.F.);
#790 = EDGE_CURVE('',#791,#793,#795,.T.);
#791 = VERTEX_POINT('',#792);
#792 = CARTESIAN_POINT('',(272.22774424948,-6.247E+03,
    -4.256571380025E+03));
#793 = VERTEX_POINT('',#794);
#794 = CARTESIAN_POINT('',(272.22774424948,-6.247E+03,
    -4.268299656991E+03));
#795 = SURFACE_CURVE('',#796,(#800,#807),.PCURVE_S1.);
#796 = LINE('',#797,#798);
#797 = CARTESIAN_POINT('',(272.22774424948,-6.247E+03,-4.296E+03));
#798 = VECTOR('',#799,1.);
#799 = DIRECTION('',(-0.,-0.,-1.));
#800 = PCURVE('',#134,#801);
#801 = DEFINITIONAL_REPRESENTATION('',(#802),#806);
#802 = LINE('',#803,#804);
#803 = CARTESIAN_POINT('',(-2.572982353326,0.));
#804 = VECTOR('',#805,1.);
#805 = DIRECTION('',(-0.,1.));
#806 = ( GEOMETRIC_REPRESENTATION_CONTEXT(2) 
PARAMETRIC_REPRESENTATION_CONTEXT() REPRESENTATION_CONTEXT('2D SPACE',''
  ) );
#807 = PCURVE('',#808,#813);
#808 = PLANE('',#809);
#809 = AXIS2_PLACEMENT_3D('',#810,#811,#812);
#810 = CARTESIAN_POINT('',(395.66822491642,-6.247E+03,
    -4.343944080832E+03));
#811 = DIRECTION('',(1.110223024625E-16,1.,0.));
#812 = DIRECTION('',(0.522498564716,-5.800899368812E-17,0.852640164354)
  );
#813 = DEFINITIONAL_REPRESENTATION('',(#814),#818);
#814 = LINE('',#815,#816);
#815 = CARTESIAN_POINT('',(-23.6184250159,-130.3010251451));
#816 = VECTOR('',#817,1.);
#817 = DIRECTION('',(-0.852640164354,0.522498564716));
#818 = ( GEOMETRIC_REPRESENTATION_CONTEXT(2) 
PARAMETRIC_REPRESENTATION_CONTEXT() REPRESENTATION_CONTEXT('2D SPACE',''
  ) );
#819 = ORIENTED_EDGE('',*,*,#820,.F.);
#820 = EDGE_CURVE('',#821,#791,#823,.T.);
#821 = VERTEX_POINT('',#822);
#822 = CARTESIAN_POINT('',(381.77225575051,-6.247E+03,
    -4.323700343009E+03));
#823 = SURFACE_CURVE('',#824,(#829,#856),.PCURVE_S1.);
#824 = ELLIPSE('',#825,76.233800279911,65.);
#825 = AXIS2_PLACEMENT_3D('',#826,#827,#828);
#826 = CARTESIAN_POINT('',(327.,-6.282E+03,-4.290135861517E+03));
#827 = DIRECTION('',(0.522498564716,-5.800899368812E-17,0.852640164354)
  );
#828 = DIRECTION('',(0.852640164354,-9.466207421861E-17,-0.522498564716)
  );
#829 = PCURVE('',#134,#830);
#830 = DEFINITIONAL_REPRESENTATION('',(#831),#855);
#831 = B_SPLINE_CURVE_WITH_KNOTS('',8,(#832,#833,#834,#835,#836,#837,
    #838,#839,#840,#841,#842,#843,#844,#845,#846,#847,#848,#849,#850,
    #851,#852,#853,#854),.UNSPECIFIED.,.F.,.F.,(9,7,7,9),(0.,
    0.806577333984,2.016443334961,3.226309335937),.UNSPECIFIED.);
#832 = CARTESIAN_POINT('',(0.,33.967912746026));
#833 = CARTESIAN_POINT('',(-0.100822166748,33.967912746026));
#834 = CARTESIAN_POINT('',(-0.201644333496,33.505172953009));
#835 = CARTESIAN_POINT('',(-0.302466500244,32.579694647154));
#836 = CARTESIAN_POINT('',(-0.403288666992,31.201508807844));
#837 = CARTESIAN_POINT('',(-0.50411083374,29.390691321444));
#838 = CARTESIAN_POINT('',(-0.604933000488,27.176795881118));
#839 = CARTESIAN_POINT('',(-0.705755167236,24.597790147844));
#840 = CARTESIAN_POINT('',(-0.957810584106,17.349766632696));
#841 = CARTESIAN_POINT('',(-1.109043834228,12.280493625761));
#842 = CARTESIAN_POINT('',(-1.260277084351,6.642333375628));
#843 = CARTESIAN_POINT('',(-1.411510334473,0.621977477653));
#844 = CARTESIAN_POINT('',(-1.562743584594,-5.569744242756));
#845 = CARTESIAN_POINT('',(-1.713976834717,-11.71346211941));
#846 = CARTESIAN_POINT('',(-1.865210084839,-17.59783189468));
#847 = CARTESIAN_POINT('',(-2.167676585083,-28.46900212549));
#848 = CARTESIAN_POINT('',(-2.318909835203,-33.4558021295));
#849 = CARTESIAN_POINT('',(-2.470143085325,-37.8043759003));
#850 = CARTESIAN_POINT('',(-2.621376335444,-41.34718609042));
#851 = CARTESIAN_POINT('',(-2.772609585567,-43.95243670535));
#852 = CARTESIAN_POINT('',(-2.923842835692,-45.53534365003));
#853 = CARTESIAN_POINT('',(-3.075076085815,-46.06305673169));
#854 = CARTESIAN_POINT('',(-3.226309335937,-45.55333952992));
#855 = ( GEOMETRIC_REPRESENTATION_CONTEXT(2) 
PARAMETRIC_REPRESENTATION_CONTEXT() REPRESENTATION_CONTEXT('2D SPACE',''
  ) );
#856 = PCURVE('',#857,#862);
#857 = PLANE('',#858);
#858 = AXIS2_PLACEMENT_3D('',#859,#860,#861);
#859 = CARTESIAN_POINT('',(400.89321056358,-6.247E+03,
    -4.335417679188E+03));
#860 = DIRECTION('',(0.522498564716,-5.800899368812E-17,0.852640164354)
  );
#861 = DIRECTION('',(1.110223024625E-16,1.,0.));
#862 = DEFINITIONAL_REPRESENTATION('',(#863),#867);
#863 = ELLIPSE('',#864,76.233800279911,65.);
#864 = AXIS2_PLACEMENT_2D('',#865,#866);
#865 = CARTESIAN_POINT('',(-35.,86.6640039407));
#866 = DIRECTION('',(0.,-1.));
#867 = ( GEOMETRIC_REPRESENTATION_CONTEXT(2) 
PARAMETRIC_REPRESENTATION_CONTEXT() REPRESENTATION_CONTEXT('2D SPACE',''
  ) );
#868 = ORIENTED_EDGE('',*,*,#869,.T.);
#869 = EDGE_CURVE('',#821,#870,#872,.T.);
#870 = VERTEX_POINT('',#871);
#871 = CARTESIAN_POINT('',(381.77225575051,-6.247E+03,
    -4.335428619975E+03));
#872 = SURFACE_CURVE('',#873,(#877,#884),.PCURVE_S1.);
#873 = LINE('',#874,#875);
#874 = CARTESIAN_POINT('',(381.77225575051,-6.247E+03,-4.296E+03));
#875 = VECTOR('',#876,1.);
#876 = DIRECTION('',(-0.,-0.,-1.));
#877 = PCURVE('',#134,#878);
#878 = DEFINITIONAL_REPRESENTATION('',(#879),#883);
#879 = LINE('',#880,#881);
#880 = CARTESIAN_POINT('',(-0.568610300264,0.));
#881 = VECTOR('',#882,1.);
#882 = DIRECTION('',(-0.,1.));
#883 = ( GEOMETRIC_REPRESENTATION_CONTEXT(2) 
PARAMETRIC_REPRESENTATION_CONTEXT() REPRESENTATION_CONTEXT('2D SPACE',''
  ) );
#884 = PCURVE('',#885,#890);
#885 = PLANE('',#886);
#886 = AXIS2_PLACEMENT_3D('',#887,#888,#889);
#887 = CARTESIAN_POINT('',(395.66822491642,-6.247E+03,
    -4.343944080832E+03));
#888 = DIRECTION('',(1.110223024625E-16,1.,0.));
#889 = DIRECTION('',(0.522498564716,-5.800899368812E-17,0.852640164354)
  );
#890 = DEFINITIONAL_REPRESENTATION('',(#891),#895);
#891 = LINE('',#892,#893);
#892 = CARTESIAN_POINT('',(33.618425015899,-36.89897485483));
#893 = VECTOR('',#894,1.);
#894 = DIRECTION('',(-0.852640164354,0.522498564716));
#895 = ( GEOMETRIC_REPRESENTATION_CONTEXT(2) 
PARAMETRIC_REPRESENTATION_CONTEXT() REPRESENTATION_CONTEXT('2D SPACE',''
  ) );
#896 = ORIENTED_EDGE('',*,*,#897,.T.);
#897 = EDGE_CURVE('',#870,#793,#898,.T.);
#898 = SURFACE_CURVE('',#899,(#904,#931),.PCURVE_S1.);
#899 = ELLIPSE('',#900,76.233800279911,65.);
#900 = AXIS2_PLACEMENT_3D('',#901,#902,#903);
#901 = CARTESIAN_POINT('',(327.,-6.282E+03,-4.301864138483E+03));
#902 = DIRECTION('',(0.522498564716,-5.800899368812E-17,0.852640164354)
  );
#903 = DIRECTION('',(0.852640164354,-9.466207421861E-17,-0.522498564716)
  );
#904 = PCURVE('',#134,#905);
#905 = DEFINITIONAL_REPRESENTATION('',(#906),#930);
#906 = B_SPLINE_CURVE_WITH_KNOTS('',8,(#907,#908,#909,#910,#911,#912,
    #913,#914,#915,#916,#917,#918,#919,#920,#921,#922,#923,#924,#925,
    #926,#927,#928,#929),.UNSPECIFIED.,.F.,.F.,(9,7,7,9),(0.,
    0.806577333984,2.016443334961,3.226309335937),.UNSPECIFIED.);
#907 = CARTESIAN_POINT('',(0.,45.696189712166));
#908 = CARTESIAN_POINT('',(-0.100822166748,45.696189712166));
#909 = CARTESIAN_POINT('',(-0.201644333496,45.233449919145));
#910 = CARTESIAN_POINT('',(-0.302466500244,44.307971613299));
#911 = CARTESIAN_POINT('',(-0.403288666992,42.929785773986));
#912 = CARTESIAN_POINT('',(-0.50411083374,41.118968287581));
#913 = CARTESIAN_POINT('',(-0.604933000488,38.905072847262));
#914 = CARTESIAN_POINT('',(-0.705755167236,36.326067113984));
#915 = CARTESIAN_POINT('',(-0.957810584106,29.078043598836));
#916 = CARTESIAN_POINT('',(-1.109043834228,24.0087705919));
#917 = CARTESIAN_POINT('',(-1.260277084351,18.370610341772));
#918 = CARTESIAN_POINT('',(-1.411510334473,12.350254443792));
#919 = CARTESIAN_POINT('',(-1.562743584594,6.15853272338));
#920 = CARTESIAN_POINT('',(-1.713976834717,1.481484672353E-02));
#921 = CARTESIAN_POINT('',(-1.865210084839,-5.86955492854));
#922 = CARTESIAN_POINT('',(-2.167676585083,-16.74072515935));
#923 = CARTESIAN_POINT('',(-2.318909835203,-21.7275251634));
#924 = CARTESIAN_POINT('',(-2.470143085325,-26.07609893415));
#925 = CARTESIAN_POINT('',(-2.621376335444,-29.61890912443));
#926 = CARTESIAN_POINT('',(-2.772609585567,-32.22415973916));
#927 = CARTESIAN_POINT('',(-2.923842835692,-33.80706668391));
#928 = CARTESIAN_POINT('',(-3.075076085815,-34.33477976555));
#929 = CARTESIAN_POINT('',(-3.226309335937,-33.82506256378));
#930 = ( GEOMETRIC_REPRESENTATION_CONTEXT(2) 
PARAMETRIC_REPRESENTATION_CONTEXT() REPRESENTATION_CONTEXT('2D SPACE',''
  ) );
#931 = PCURVE('',#932,#937);
#932 = PLANE('',#933);
#933 = AXIS2_PLACEMENT_3D('',#934,#935,#936);
#934 = CARTESIAN_POINT('',(395.66822491642,-6.247E+03,
    -4.343944080832E+03));
#935 = DIRECTION('',(0.522498564716,-5.800899368812E-17,0.852640164354)
  );
#936 = DIRECTION('',(1.110223024625E-16,1.,0.));
#937 = DEFINITIONAL_REPRESENTATION('',(#938),#942);
#938 = ELLIPSE('',#939,76.233800279911,65.);
#939 = AXIS2_PLACEMENT_2D('',#940,#941);
#940 = CARTESIAN_POINT('',(-35.,80.5359960593));
#941 = DIRECTION('',(0.,-1.));
#942 = ( GEOMETRIC_REPRESENTATION_CONTEXT(2) 
PARAMETRIC_REPRESENTATION_CONTEXT() REPRESENTATION_CONTEXT('2D SPACE',''
  ) );
#943 = ADVANCED_FACE('',(#944),#182,.T.);
#944 = FACE_BOUND('',#945,.T.);
#945 = EDGE_LOOP('',(#946,#969,#997,#1025,#1053,#1074,#1075,#1076));
#946 = ORIENTED_EDGE('',*,*,#947,.F.);
#947 = EDGE_CURVE('',#948,#273,#950,.T.);
#948 = VERTEX_POINT('',#949);
#949 = CARTESIAN_POINT('',(362.,-6.355893210564E+03,-4.335417679188E+03)
  );
#950 = SURFACE_CURVE('',#951,(#955,#962),.PCURVE_S1.);
#951 = LINE('',#952,#953);
#952 = CARTESIAN_POINT('',(362.,-6.355893210564E+03,-4.335417679188E+03)
  );
#953 = VECTOR('',#954,1.);
#954 = DIRECTION('',(0.,0.852640164354,0.522498564716));
#955 = PCURVE('',#182,#956);
#956 = DEFINITIONAL_REPRESENTATION('',(#957),#961);
#957 = LINE('',#958,#959);
#958 = CARTESIAN_POINT('',(0.,0.));
#959 = VECTOR('',#960,1.);
#960 = DIRECTION('',(0.,1.));
#961 = ( GEOMETRIC_REPRESENTATION_CONTEXT(2) 
PARAMETRIC_REPRESENTATION_CONTEXT() REPRESENTATION_CONTEXT('2D SPACE',''
  ) );
#962 = PCURVE('',#318,#963);
#963 = DEFINITIONAL_REPRESENTATION('',(#964),#968);
#964 = LINE('',#965,#966);
#965 = CARTESIAN_POINT('',(10.,6.412648190235E-13));
#966 = VECTOR('',#967,1.);
#967 = DIRECTION('',(0.,-1.));
#968 = ( GEOMETRIC_REPRESENTATION_CONTEXT(2) 
PARAMETRIC_REPRESENTATION_CONTEXT() REPRESENTATION_CONTEXT('2D SPACE',''
  ) );
#969 = ORIENTED_EDGE('',*,*,#970,.T.);
#970 = EDGE_CURVE('',#948,#971,#973,.T.);
#971 = VERTEX_POINT('',#972);
#972 = CARTESIAN_POINT('',(767.,-6.355893210564E+03,-4.335417679188E+03)
  );
#973 = SURFACE_CURVE('',#974,(#978,#985),.PCURVE_S1.);
#974 = LINE('',#975,#976);
#975 = CARTESIAN_POINT('',(362.,-6.355893210564E+03,-4.335417679188E+03)
  );
#976 = VECTOR('',#977,1.);
#977 = DIRECTION('',(1.,0.,0.));
#978 = PCURVE('',#182,#979);
#979 = DEFINITIONAL_REPRESENTATION('',(#980),#984);
#980 = LINE('',#981,#982);
#981 = CARTESIAN_POINT('',(0.,0.));
#982 = VECTOR('',#983,1.);
#983 = DIRECTION('',(1.,0.));
#984 = ( GEOMETRIC_REPRESENTATION_CONTEXT(2) 
PARAMETRIC_REPRESENTATION_CONTEXT() REPRESENTATION_CONTEXT('2D SPACE',''
  ) );
#985 = PCURVE('',#986,#991);
#986 = PLANE('',#987);
#987 = AXIS2_PLACEMENT_3D('',#988,#989,#990);
#988 = CARTESIAN_POINT('',(362.,-6.350668224916E+03,-4.343944080832E+03)
  );
#989 = DIRECTION('',(0.,0.852640164354,0.522498564716));
#990 = DIRECTION('',(0.,-0.522498564716,0.852640164354));
#991 = DEFINITIONAL_REPRESENTATION('',(#992),#996);
#992 = LINE('',#993,#994);
#993 = CARTESIAN_POINT('',(9.999999999999,0.));
#994 = VECTOR('',#995,1.);
#995 = DIRECTION('',(0.,1.));
#996 = ( GEOMETRIC_REPRESENTATION_CONTEXT(2) 
PARAMETRIC_REPRESENTATION_CONTEXT() REPRESENTATION_CONTEXT('2D SPACE',''
  ) );
#997 = ORIENTED_EDGE('',*,*,#998,.T.);
#998 = EDGE_CURVE('',#971,#999,#1001,.T.);
#999 = VERTEX_POINT('',#1000);
#1000 = CARTESIAN_POINT('',(767.,-6.213331775084E+03,-4.248055919168E+03
    ));
#1001 = SURFACE_CURVE('',#1002,(#1006,#1013),.PCURVE_S1.);
#1002 = LINE('',#1003,#1004);
#1003 = CARTESIAN_POINT('',(767.,-6.355893210564E+03,-4.335417679188E+03
    ));
#1004 = VECTOR('',#1005,1.);
#1005 = DIRECTION('',(0.,0.852640164354,0.522498564716));
#1006 = PCURVE('',#182,#1007);
#1007 = DEFINITIONAL_REPRESENTATION('',(#1008),#1012);
#1008 = LINE('',#1009,#1010);
#1009 = CARTESIAN_POINT('',(405.,0.));
#1010 = VECTOR('',#1011,1.);
#1011 = DIRECTION('',(0.,1.));
#1012 = ( GEOMETRIC_REPRESENTATION_CONTEXT(2) 
PARAMETRIC_REPRESENTATION_CONTEXT() REPRESENTATION_CONTEXT('2D SPACE',''
  ) );
#1013 = PCURVE('',#1014,#1019);
#1014 = PLANE('',#1015);
#1015 = AXIS2_PLACEMENT_3D('',#1016,#1017,#1018);
#1016 = CARTESIAN_POINT('',(767.,-6.350668224916E+03,-4.343944080832E+03
    ));
#1017 = DIRECTION('',(1.,0.,0.));
#1018 = DIRECTION('',(0.,-0.522498564716,0.852640164354));
#1019 = DEFINITIONAL_REPRESENTATION('',(#1020),#1024);
#1020 = LINE('',#1021,#1022);
#1021 = CARTESIAN_POINT('',(10.,6.412648190235E-13));
#1022 = VECTOR('',#1023,1.);
#1023 = DIRECTION('',(0.,-1.));
#1024 = ( GEOMETRIC_REPRESENTATION_CONTEXT(2) 
PARAMETRIC_REPRESENTATION_CONTEXT() REPRESENTATION_CONTEXT('2D SPACE',''
  ) );
#1025 = ORIENTED_EDGE('',*,*,#1026,.F.);
#1026 = EDGE_CURVE('',#1027,#999,#1029,.T.);
#1027 = VERTEX_POINT('',#1028);
#1028 = CARTESIAN_POINT('',(362.,-6.213331775084E+03,-4.248055919168E+03
    ));
#1029 = SURFACE_CURVE('',#1030,(#1034,#1041),.PCURVE_S1.);
#1030 = LINE('',#1031,#1032);
#1031 = CARTESIAN_POINT('',(362.,-6.213331775084E+03,-4.248055919168E+03
    ));
#1032 = VECTOR('',#1033,1.);
#1033 = DIRECTION('',(1.,0.,0.));
#1034 = PCURVE('',#182,#1035);
#1035 = DEFINITIONAL_REPRESENTATION('',(#1036),#1040);
#1036 = LINE('',#1037,#1038);
#1037 = CARTESIAN_POINT('',(0.,167.2));
#1038 = VECTOR('',#1039,1.);
#1039 = DIRECTION('',(1.,0.));
#1040 = ( GEOMETRIC_REPRESENTATION_CONTEXT(2) 
PARAMETRIC_REPRESENTATION_CONTEXT() REPRESENTATION_CONTEXT('2D SPACE',''
  ) );
#1041 = PCURVE('',#1042,#1047);
#1042 = PLANE('',#1043);
#1043 = AXIS2_PLACEMENT_3D('',#1044,#1045,#1046);
#1044 = CARTESIAN_POINT('',(362.,-6.208106789436E+03,-4.256582320812E+03
    ));
#1045 = DIRECTION('',(0.,0.852640164354,0.522498564716));
#1046 = DIRECTION('',(0.,-0.522498564716,0.852640164354));
#1047 = DEFINITIONAL_REPRESENTATION('',(#1048),#1052);
#1048 = LINE('',#1049,#1050);
#1049 = CARTESIAN_POINT('',(9.999999999999,0.));
#1050 = VECTOR('',#1051,1.);
#1051 = DIRECTION('',(0.,1.));
#1052 = ( GEOMETRIC_REPRESENTATION_CONTEXT(2) 
PARAMETRIC_REPRESENTATION_CONTEXT() REPRESENTATION_CONTEXT('2D SPACE',''
  ) );
#1053 = ORIENTED_EDGE('',*,*,#1054,.F.);
#1054 = EDGE_CURVE('',#155,#1027,#1055,.T.);
#1055 = SURFACE_CURVE('',#1056,(#1060,#1067),.PCURVE_S1.);
#1056 = LINE('',#1057,#1058);
#1057 = CARTESIAN_POINT('',(362.,-6.355893210564E+03,-4.335417679188E+03
    ));
#1058 = VECTOR('',#1059,1.);
#1059 = DIRECTION('',(0.,0.852640164354,0.522498564716));
#1060 = PCURVE('',#182,#1061);
#1061 = DEFINITIONAL_REPRESENTATION('',(#1062),#1066);
#1062 = LINE('',#1063,#1064);
#1063 = CARTESIAN_POINT('',(0.,0.));
#1064 = VECTOR('',#1065,1.);
#1065 = DIRECTION('',(0.,1.));
#1066 = ( GEOMETRIC_REPRESENTATION_CONTEXT(2) 
PARAMETRIC_REPRESENTATION_CONTEXT() REPRESENTATION_CONTEXT('2D SPACE',''
  ) );
#1067 = PCURVE('',#464,#1068);
#1068 = DEFINITIONAL_REPRESENTATION('',(#1069),#1073);
#1069 = LINE('',#1070,#1071);
#1070 = CARTESIAN_POINT('',(10.,6.412648190235E-13));
#1071 = VECTOR('',#1072,1.);
#1072 = DIRECTION('',(0.,-1.));
#1073 = ( GEOMETRIC_REPRESENTATION_CONTEXT(2) 
PARAMETRIC_REPRESENTATION_CONTEXT() REPRESENTATION_CONTEXT('2D SPACE',''
  ) );
#1074 = ORIENTED_EDGE('',*,*,#152,.F.);
#1075 = ORIENTED_EDGE('',*,*,#245,.F.);
#1076 = ORIENTED_EDGE('',*,*,#272,.F.);
#1077 = ADVANCED_FACE('',(#1078),#464,.F.);
#1078 = FACE_BOUND('',#1079,.F.);
#1079 = EDGE_LOOP('',(#1080,#1081,#1082,#1105));
#1080 = ORIENTED_EDGE('',*,*,#1054,.F.);
#1081 = ORIENTED_EDGE('',*,*,#450,.T.);
#1082 = ORIENTED_EDGE('',*,*,#1083,.T.);
#1083 = EDGE_CURVE('',#421,#1084,#1086,.T.);
#1084 = VERTEX_POINT('',#1085);
#1085 = CARTESIAN_POINT('',(362.,-6.208106789436E+03,-4.256582320812E+03
    ));
#1086 = SURFACE_CURVE('',#1087,(#1091,#1098),.PCURVE_S1.);
#1087 = LINE('',#1088,#1089);
#1088 = CARTESIAN_POINT('',(362.,-6.350668224916E+03,-4.343944080832E+03
    ));
#1089 = VECTOR('',#1090,1.);
#1090 = DIRECTION('',(0.,0.852640164354,0.522498564716));
#1091 = PCURVE('',#464,#1092);
#1092 = DEFINITIONAL_REPRESENTATION('',(#1093),#1097);
#1093 = LINE('',#1094,#1095);
#1094 = CARTESIAN_POINT('',(0.,0.));
#1095 = VECTOR('',#1096,1.);
#1096 = DIRECTION('',(0.,-1.));
#1097 = ( GEOMETRIC_REPRESENTATION_CONTEXT(2) 
PARAMETRIC_REPRESENTATION_CONTEXT() REPRESENTATION_CONTEXT('2D SPACE',''
  ) );
#1098 = PCURVE('',#358,#1099);
#1099 = DEFINITIONAL_REPRESENTATION('',(#1100),#1104);
#1100 = LINE('',#1101,#1102);
#1101 = CARTESIAN_POINT('',(0.,0.));
#1102 = VECTOR('',#1103,1.);
#1103 = DIRECTION('',(0.,1.));
#1104 = ( GEOMETRIC_REPRESENTATION_CONTEXT(2) 
PARAMETRIC_REPRESENTATION_CONTEXT() REPRESENTATION_CONTEXT('2D SPACE',''
  ) );
#1105 = ORIENTED_EDGE('',*,*,#1106,.T.);
#1106 = EDGE_CURVE('',#1084,#1027,#1107,.T.);
#1107 = SURFACE_CURVE('',#1108,(#1112,#1119),.PCURVE_S1.);
#1108 = LINE('',#1109,#1110);
#1109 = CARTESIAN_POINT('',(362.,-6.208106789436E+03,-4.256582320812E+03
    ));
#1110 = VECTOR('',#1111,1.);
#1111 = DIRECTION('',(0.,-0.522498564716,0.852640164354));
#1112 = PCURVE('',#464,#1113);
#1113 = DEFINITIONAL_REPRESENTATION('',(#1114),#1118);
#1114 = LINE('',#1115,#1116);
#1115 = CARTESIAN_POINT('',(-5.826450433233E-13,-167.2));
#1116 = VECTOR('',#1117,1.);
#1117 = DIRECTION('',(1.,0.));
#1118 = ( GEOMETRIC_REPRESENTATION_CONTEXT(2) 
PARAMETRIC_REPRESENTATION_CONTEXT() REPRESENTATION_CONTEXT('2D SPACE',''
  ) );
#1119 = PCURVE('',#1042,#1120);
#1120 = DEFINITIONAL_REPRESENTATION('',(#1121),#1125);
#1121 = LINE('',#1122,#1123);
#1122 = CARTESIAN_POINT('',(0.,0.));
#1123 = VECTOR('',#1124,1.);
#1124 = DIRECTION('',(1.,0.));
#1125 = ( GEOMETRIC_REPRESENTATION_CONTEXT(2) 
PARAMETRIC_REPRESENTATION_CONTEXT() REPRESENTATION_CONTEXT('2D SPACE',''
  ) );
#1126 = ADVANCED_FACE('',(#1127),#358,.F.);
#1127 = FACE_BOUND('',#1128,.F.);
#1128 = EDGE_LOOP('',(#1129,#1152,#1175,#1198,#1219,#1220,#1221,#1222));
#1129 = ORIENTED_EDGE('',*,*,#1130,.F.);
#1130 = EDGE_CURVE('',#1131,#303,#1133,.T.);
#1131 = VERTEX_POINT('',#1132);
#1132 = CARTESIAN_POINT('',(362.,-6.350668224916E+03,-4.343944080832E+03
    ));
#1133 = SURFACE_CURVE('',#1134,(#1138,#1145),.PCURVE_S1.);
#1134 = LINE('',#1135,#1136);
#1135 = CARTESIAN_POINT('',(362.,-6.350668224916E+03,-4.343944080832E+03
    ));
#1136 = VECTOR('',#1137,1.);
#1137 = DIRECTION('',(0.,0.852640164354,0.522498564716));
#1138 = PCURVE('',#358,#1139);
#1139 = DEFINITIONAL_REPRESENTATION('',(#1140),#1144);
#1140 = LINE('',#1141,#1142);
#1141 = CARTESIAN_POINT('',(0.,0.));
#1142 = VECTOR('',#1143,1.);
#1143 = DIRECTION('',(0.,1.));
#1144 = ( GEOMETRIC_REPRESENTATION_CONTEXT(2) 
PARAMETRIC_REPRESENTATION_CONTEXT() REPRESENTATION_CONTEXT('2D SPACE',''
  ) );
#1145 = PCURVE('',#318,#1146);
#1146 = DEFINITIONAL_REPRESENTATION('',(#1147),#1151);
#1147 = LINE('',#1148,#1149);
#1148 = CARTESIAN_POINT('',(0.,0.));
#1149 = VECTOR('',#1150,1.);
#1150 = DIRECTION('',(0.,-1.));
#1151 = ( GEOMETRIC_REPRESENTATION_CONTEXT(2) 
PARAMETRIC_REPRESENTATION_CONTEXT() REPRESENTATION_CONTEXT('2D SPACE',''
  ) );
#1152 = ORIENTED_EDGE('',*,*,#1153,.T.);
#1153 = EDGE_CURVE('',#1131,#1154,#1156,.T.);
#1154 = VERTEX_POINT('',#1155);
#1155 = CARTESIAN_POINT('',(767.,-6.350668224916E+03,-4.343944080832E+03
    ));
#1156 = SURFACE_CURVE('',#1157,(#1161,#1168),.PCURVE_S1.);
#1157 = LINE('',#1158,#1159);
#1158 = CARTESIAN_POINT('',(362.,-6.350668224916E+03,-4.343944080832E+03
    ));
#1159 = VECTOR('',#1160,1.);
#1160 = DIRECTION('',(1.,0.,0.));
#1161 = PCURVE('',#358,#1162);
#1162 = DEFINITIONAL_REPRESENTATION('',(#1163),#1167);
#1163 = LINE('',#1164,#1165);
#1164 = CARTESIAN_POINT('',(0.,0.));
#1165 = VECTOR('',#1166,1.);
#1166 = DIRECTION('',(1.,0.));
#1167 = ( GEOMETRIC_REPRESENTATION_CONTEXT(2) 
PARAMETRIC_REPRESENTATION_CONTEXT() REPRESENTATION_CONTEXT('2D SPACE',''
  ) );
#1168 = PCURVE('',#986,#1169);
#1169 = DEFINITIONAL_REPRESENTATION('',(#1170),#1174);
#1170 = LINE('',#1171,#1172);
#1171 = CARTESIAN_POINT('',(0.,0.));
#1172 = VECTOR('',#1173,1.);
#1173 = DIRECTION('',(0.,1.));
#1174 = ( GEOMETRIC_REPRESENTATION_CONTEXT(2) 
PARAMETRIC_REPRESENTATION_CONTEXT() REPRESENTATION_CONTEXT('2D SPACE',''
  ) );
#1175 = ORIENTED_EDGE('',*,*,#1176,.T.);
#1176 = EDGE_CURVE('',#1154,#1177,#1179,.T.);
#1177 = VERTEX_POINT('',#1178);
#1178 = CARTESIAN_POINT('',(767.,-6.208106789436E+03,-4.256582320812E+03
    ));
#1179 = SURFACE_CURVE('',#1180,(#1184,#1191),.PCURVE_S1.);
#1180 = LINE('',#1181,#1182);
#1181 = CARTESIAN_POINT('',(767.,-6.350668224916E+03,-4.343944080832E+03
    ));
#1182 = VECTOR('',#1183,1.);
#1183 = DIRECTION('',(0.,0.852640164354,0.522498564716));
#1184 = PCURVE('',#358,#1185);
#1185 = DEFINITIONAL_REPRESENTATION('',(#1186),#1190);
#1186 = LINE('',#1187,#1188);
#1187 = CARTESIAN_POINT('',(405.,0.));
#1188 = VECTOR('',#1189,1.);
#1189 = DIRECTION('',(0.,1.));
#1190 = ( GEOMETRIC_REPRESENTATION_CONTEXT(2) 
PARAMETRIC_REPRESENTATION_CONTEXT() REPRESENTATION_CONTEXT('2D SPACE',''
  ) );
#1191 = PCURVE('',#1014,#1192);
#1192 = DEFINITIONAL_REPRESENTATION('',(#1193),#1197);
#1193 = LINE('',#1194,#1195);
#1194 = CARTESIAN_POINT('',(0.,0.));
#1195 = VECTOR('',#1196,1.);
#1196 = DIRECTION('',(0.,-1.));
#1197 = ( GEOMETRIC_REPRESENTATION_CONTEXT(2) 
PARAMETRIC_REPRESENTATION_CONTEXT() REPRESENTATION_CONTEXT('2D SPACE',''
  ) );
#1198 = ORIENTED_EDGE('',*,*,#1199,.F.);
#1199 = EDGE_CURVE('',#1084,#1177,#1200,.T.);
#1200 = SURFACE_CURVE('',#1201,(#1205,#1212),.PCURVE_S1.);
#1201 = LINE('',#1202,#1203);
#1202 = CARTESIAN_POINT('',(362.,-6.208106789436E+03,-4.256582320812E+03
    ));
#1203 = VECTOR('',#1204,1.);
#1204 = DIRECTION('',(1.,0.,0.));
#1205 = PCURVE('',#358,#1206);
#1206 = DEFINITIONAL_REPRESENTATION('',(#1207),#1211);
#1207 = LINE('',#1208,#1209);
#1208 = CARTESIAN_POINT('',(0.,167.2));
#1209 = VECTOR('',#1210,1.);
#1210 = DIRECTION('',(1.,0.));
#1211 = ( GEOMETRIC_REPRESENTATION_CONTEXT(2) 
PARAMETRIC_REPRESENTATION_CONTEXT() REPRESENTATION_CONTEXT('2D SPACE',''
  ) );
#1212 = PCURVE('',#1042,#1213);
#1213 = DEFINITIONAL_REPRESENTATION('',(#1214),#1218);
#1214 = LINE('',#1215,#1216);
#1215 = CARTESIAN_POINT('',(0.,0.));
#1216 = VECTOR('',#1217,1.);
#1217 = DIRECTION('',(0.,1.));
#1218 = ( GEOMETRIC_REPRESENTATION_CONTEXT(2) 
PARAMETRIC_REPRESENTATION_CONTEXT() REPRESENTATION_CONTEXT('2D SPACE',''
  ) );
#1219 = ORIENTED_EDGE('',*,*,#1083,.F.);
#1220 = ORIENTED_EDGE('',*,*,#420,.F.);
#1221 = ORIENTED_EDGE('',*,*,#393,.F.);
#1222 = ORIENTED_EDGE('',*,*,#330,.F.);
#1223 = ADVANCED_FACE('',(#1224),#318,.F.);
#1224 = FACE_BOUND('',#1225,.F.);
#1225 = EDGE_LOOP('',(#1226,#1227,#1248,#1249));
#1226 = ORIENTED_EDGE('',*,*,#947,.F.);
#1227 = ORIENTED_EDGE('',*,*,#1228,.F.);
#1228 = EDGE_CURVE('',#1131,#948,#1229,.T.);
#1229 = SURFACE_CURVE('',#1230,(#1234,#1241),.PCURVE_S1.);
#1230 = LINE('',#1231,#1232);
#1231 = CARTESIAN_POINT('',(362.,-6.350668224916E+03,-4.343944080832E+03
    ));
#1232 = VECTOR('',#1233,1.);
#1233 = DIRECTION('',(0.,-0.522498564716,0.852640164354));
#1234 = PCURVE('',#318,#1235);
#1235 = DEFINITIONAL_REPRESENTATION('',(#1236),#1240);
#1236 = LINE('',#1237,#1238);
#1237 = CARTESIAN_POINT('',(0.,0.));
#1238 = VECTOR('',#1239,1.);
#1239 = DIRECTION('',(1.,0.));
#1240 = ( GEOMETRIC_REPRESENTATION_CONTEXT(2) 
PARAMETRIC_REPRESENTATION_CONTEXT() REPRESENTATION_CONTEXT('2D SPACE',''
  ) );
#1241 = PCURVE('',#986,#1242);
#1242 = DEFINITIONAL_REPRESENTATION('',(#1243),#1247);
#1243 = LINE('',#1244,#1245);
#1244 = CARTESIAN_POINT('',(0.,0.));
#1245 = VECTOR('',#1246,1.);
#1246 = DIRECTION('',(1.,0.));
#1247 = ( GEOMETRIC_REPRESENTATION_CONTEXT(2) 
PARAMETRIC_REPRESENTATION_CONTEXT() REPRESENTATION_CONTEXT('2D SPACE',''
  ) );
#1248 = ORIENTED_EDGE('',*,*,#1130,.T.);
#1249 = ORIENTED_EDGE('',*,*,#302,.T.);
#1250 = ADVANCED_FACE('',(#1251,#1254),#232,.T.);
#1251 = FACE_BOUND('',#1252,.T.);
#1252 = EDGE_LOOP('',(#1253));
#1253 = ORIENTED_EDGE('',*,*,#217,.T.);
#1254 = FACE_BOUND('',#1255,.T.);
#1255 = EDGE_LOOP('',(#1256));
#1256 = ORIENTED_EDGE('',*,*,#1257,.T.);
#1257 = EDGE_CURVE('',#1258,#1258,#1260,.T.);
#1258 = VERTEX_POINT('',#1259);
#1259 = CARTESIAN_POINT('',(361.925,-6.282E+03,-4.206E+03));
#1260 = SURFACE_CURVE('',#1261,(#1266,#1277),.PCURVE_S1.);
#1261 = CIRCLE('',#1262,34.925);
#1262 = AXIS2_PLACEMENT_3D('',#1263,#1264,#1265);
#1263 = CARTESIAN_POINT('',(327.,-6.282E+03,-4.206E+03));
#1264 = DIRECTION('',(0.,0.,-1.));
#1265 = DIRECTION('',(1.,0.,0.));
#1266 = PCURVE('',#232,#1267);
#1267 = DEFINITIONAL_REPRESENTATION('',(#1268),#1276);
#1268 = ( BOUNDED_CURVE() B_SPLINE_CURVE(2,(#1269,#1270,#1271,#1272,
#1273,#1274,#1275),.UNSPECIFIED.,.T.,.F.) B_SPLINE_CURVE_WITH_KNOTS((1,2
    ,2,2,2,1),(-2.094395102393,0.,2.094395102393,4.188790204786,
6.28318530718,8.377580409573),.UNSPECIFIED.) CURVE() 
GEOMETRIC_REPRESENTATION_ITEM() RATIONAL_B_SPLINE_CURVE((1.,0.5,1.,0.5,
1.,0.5,1.)) REPRESENTATION_ITEM('') );
#1269 = CARTESIAN_POINT('',(34.925,0.));
#1270 = CARTESIAN_POINT('',(34.925,-60.49187445434));
#1271 = CARTESIAN_POINT('',(-17.4625,-30.24593722717));
#1272 = CARTESIAN_POINT('',(-69.85,-8.554157892044E-15));
#1273 = CARTESIAN_POINT('',(-17.4625,30.245937227172));
#1274 = CARTESIAN_POINT('',(34.925,60.491874454343));
#1275 = CARTESIAN_POINT('',(34.925,0.));
#1276 = ( GEOMETRIC_REPRESENTATION_CONTEXT(2) 
PARAMETRIC_REPRESENTATION_CONTEXT() REPRESENTATION_CONTEXT('2D SPACE',''
  ) );
#1277 = PCURVE('',#1278,#1283);
#1278 = CYLINDRICAL_SURFACE('',#1279,34.925);
#1279 = AXIS2_PLACEMENT_3D('',#1280,#1281,#1282);
#1280 = CARTESIAN_POINT('',(327.,-6.282E+03,-5.086E+03));
#1281 = DIRECTION('',(-0.,-0.,-1.));
#1282 = DIRECTION('',(1.,0.,0.));
#1283 = DEFINITIONAL_REPRESENTATION('',(#1284),#1288);
#1284 = LINE('',#1285,#1286);
#1285 = CARTESIAN_POINT('',(-6.28318530718,-880.));
#1286 = VECTOR('',#1287,1.);
#1287 = DIRECTION('',(1.,-0.));
#1288 = ( GEOMETRIC_REPRESENTATION_CONTEXT(2) 
PARAMETRIC_REPRESENTATION_CONTEXT() REPRESENTATION_CONTEXT('2D SPACE',''
  ) );
#1289 = ADVANCED_FACE('',(#1290),#496,.F.);
#1290 = FACE_BOUND('',#1291,.F.);
#1291 = EDGE_LOOP('',(#1292,#1315,#1316,#1339));
#1292 = ORIENTED_EDGE('',*,*,#1293,.F.);
#1293 = EDGE_CURVE('',#479,#1294,#1296,.T.);
#1294 = VERTEX_POINT('',#1295);
#1295 = CARTESIAN_POINT('',(292.,-6.350668224916E+03,-4.248055919168E+03
    ));
#1296 = SURFACE_CURVE('',#1297,(#1301,#1308),.PCURVE_S1.);
#1297 = LINE('',#1298,#1299);
#1298 = CARTESIAN_POINT('',(292.,-6.208106789436E+03,-4.335417679188E+03
    ));
#1299 = VECTOR('',#1300,1.);
#1300 = DIRECTION('',(-1.044183048101E-16,-0.852640164354,0.522498564716
    ));
#1301 = PCURVE('',#496,#1302);
#1302 = DEFINITIONAL_REPRESENTATION('',(#1303),#1307);
#1303 = LINE('',#1304,#1305);
#1304 = CARTESIAN_POINT('',(10.,6.412648190235E-13));
#1305 = VECTOR('',#1306,1.);
#1306 = DIRECTION('',(0.,-1.));
#1307 = ( GEOMETRIC_REPRESENTATION_CONTEXT(2) 
PARAMETRIC_REPRESENTATION_CONTEXT() REPRESENTATION_CONTEXT('2D SPACE',''
  ) );
#1308 = PCURVE('',#545,#1309);
#1309 = DEFINITIONAL_REPRESENTATION('',(#1310),#1314);
#1310 = LINE('',#1311,#1312);
#1311 = CARTESIAN_POINT('',(0.,0.));
#1312 = VECTOR('',#1313,1.);
#1313 = DIRECTION('',(0.,1.));
#1314 = ( GEOMETRIC_REPRESENTATION_CONTEXT(2) 
PARAMETRIC_REPRESENTATION_CONTEXT() REPRESENTATION_CONTEXT('2D SPACE',''
  ) );
#1315 = ORIENTED_EDGE('',*,*,#478,.T.);
#1316 = ORIENTED_EDGE('',*,*,#1317,.T.);
#1317 = EDGE_CURVE('',#481,#1318,#1320,.T.);
#1318 = VERTEX_POINT('',#1319);
#1319 = CARTESIAN_POINT('',(292.,-6.355893210564E+03,-4.256582320812E+03
    ));
#1320 = SURFACE_CURVE('',#1321,(#1325,#1332),.PCURVE_S1.);
#1321 = LINE('',#1322,#1323);
#1322 = CARTESIAN_POINT('',(292.,-6.213331775084E+03,-4.343944080832E+03
    ));
#1323 = VECTOR('',#1324,1.);
#1324 = DIRECTION('',(-1.044183048101E-16,-0.852640164354,0.522498564716
    ));
#1325 = PCURVE('',#496,#1326);
#1326 = DEFINITIONAL_REPRESENTATION('',(#1327),#1331);
#1327 = LINE('',#1328,#1329);
#1328 = CARTESIAN_POINT('',(0.,0.));
#1329 = VECTOR('',#1330,1.);
#1330 = DIRECTION('',(0.,-1.));
#1331 = ( GEOMETRIC_REPRESENTATION_CONTEXT(2) 
PARAMETRIC_REPRESENTATION_CONTEXT() REPRESENTATION_CONTEXT('2D SPACE',''
  ) );
#1332 = PCURVE('',#620,#1333);
#1333 = DEFINITIONAL_REPRESENTATION('',(#1334),#1338);
#1334 = LINE('',#1335,#1336);
#1335 = CARTESIAN_POINT('',(0.,0.));
#1336 = VECTOR('',#1337,1.);
#1337 = DIRECTION('',(0.,1.));
#1338 = ( GEOMETRIC_REPRESENTATION_CONTEXT(2) 
PARAMETRIC_REPRESENTATION_CONTEXT() REPRESENTATION_CONTEXT('2D SPACE',''
  ) );
#1339 = ORIENTED_EDGE('',*,*,#1340,.T.);
#1340 = EDGE_CURVE('',#1318,#1294,#1341,.T.);
#1341 = SURFACE_CURVE('',#1342,(#1346,#1353),.PCURVE_S1.);
#1342 = LINE('',#1343,#1344);
#1343 = CARTESIAN_POINT('',(292.,-6.355893210564E+03,-4.256582320812E+03
    ));
#1344 = VECTOR('',#1345,1.);
#1345 = DIRECTION('',(6.398761948385E-17,0.522498564716,0.852640164354)
  );
#1346 = PCURVE('',#496,#1347);
#1347 = DEFINITIONAL_REPRESENTATION('',(#1348),#1352);
#1348 = LINE('',#1349,#1350);
#1349 = CARTESIAN_POINT('',(-5.826450433233E-13,-167.2));
#1350 = VECTOR('',#1351,1.);
#1351 = DIRECTION('',(1.,0.));
#1352 = ( GEOMETRIC_REPRESENTATION_CONTEXT(2) 
PARAMETRIC_REPRESENTATION_CONTEXT() REPRESENTATION_CONTEXT('2D SPACE',''
  ) );
#1353 = PCURVE('',#1354,#1359);
#1354 = PLANE('',#1355);
#1355 = AXIS2_PLACEMENT_3D('',#1356,#1357,#1358);
#1356 = CARTESIAN_POINT('',(292.,-6.355893210564E+03,-4.256582320812E+03
    ));
#1357 = DIRECTION('',(-1.044183048101E-16,-0.852640164354,0.522498564716
    ));
#1358 = DIRECTION('',(6.398761948385E-17,0.522498564716,0.852640164354)
  );
#1359 = DEFINITIONAL_REPRESENTATION('',(#1360),#1364);
#1360 = LINE('',#1361,#1362);
#1361 = CARTESIAN_POINT('',(0.,0.));
#1362 = VECTOR('',#1363,1.);
#1363 = DIRECTION('',(1.,0.));
#1364 = ( GEOMETRIC_REPRESENTATION_CONTEXT(2) 
PARAMETRIC_REPRESENTATION_CONTEXT() REPRESENTATION_CONTEXT('2D SPACE',''
  ) );
#1365 = ADVANCED_FACE('',(#1366),#545,.T.);
#1366 = FACE_BOUND('',#1367,.T.);
#1367 = EDGE_LOOP('',(#1368,#1391,#1419,#1447,#1468,#1469));
#1368 = ORIENTED_EDGE('',*,*,#1369,.F.);
#1369 = EDGE_CURVE('',#1370,#509,#1372,.T.);
#1370 = VERTEX_POINT('',#1371);
#1371 = CARTESIAN_POINT('',(292.,-6.208106789436E+03,-4.335417679188E+03
    ));
#1372 = SURFACE_CURVE('',#1373,(#1377,#1384),.PCURVE_S1.);
#1373 = LINE('',#1374,#1375);
#1374 = CARTESIAN_POINT('',(292.,-6.208106789436E+03,-4.335417679188E+03
    ));
#1375 = VECTOR('',#1376,1.);
#1376 = DIRECTION('',(-1.044183048101E-16,-0.852640164354,0.522498564716
    ));
#1377 = PCURVE('',#545,#1378);
#1378 = DEFINITIONAL_REPRESENTATION('',(#1379),#1383);
#1379 = LINE('',#1380,#1381);
#1380 = CARTESIAN_POINT('',(0.,0.));
#1381 = VECTOR('',#1382,1.);
#1382 = DIRECTION('',(0.,1.));
#1383 = ( GEOMETRIC_REPRESENTATION_CONTEXT(2) 
PARAMETRIC_REPRESENTATION_CONTEXT() REPRESENTATION_CONTEXT('2D SPACE',''
  ) );
#1384 = PCURVE('',#573,#1385);
#1385 = DEFINITIONAL_REPRESENTATION('',(#1386),#1390);
#1386 = LINE('',#1387,#1388);
#1387 = CARTESIAN_POINT('',(10.,6.412648190235E-13));
#1388 = VECTOR('',#1389,1.);
#1389 = DIRECTION('',(0.,-1.));
#1390 = ( GEOMETRIC_REPRESENTATION_CONTEXT(2) 
PARAMETRIC_REPRESENTATION_CONTEXT() REPRESENTATION_CONTEXT('2D SPACE',''
  ) );
#1391 = ORIENTED_EDGE('',*,*,#1392,.T.);
#1392 = EDGE_CURVE('',#1370,#1393,#1395,.T.);
#1393 = VERTEX_POINT('',#1394);
#1394 = CARTESIAN_POINT('',(-113.,-6.208106789436E+03,
    -4.335417679188E+03));
#1395 = SURFACE_CURVE('',#1396,(#1400,#1407),.PCURVE_S1.);
#1396 = LINE('',#1397,#1398);
#1397 = CARTESIAN_POINT('',(292.,-6.208106789436E+03,-4.335417679188E+03
    ));
#1398 = VECTOR('',#1399,1.);
#1399 = DIRECTION('',(-1.,1.224646799147E-16,0.));
#1400 = PCURVE('',#545,#1401);
#1401 = DEFINITIONAL_REPRESENTATION('',(#1402),#1406);
#1402 = LINE('',#1403,#1404);
#1403 = CARTESIAN_POINT('',(0.,0.));
#1404 = VECTOR('',#1405,1.);
#1405 = DIRECTION('',(1.,0.));
#1406 = ( GEOMETRIC_REPRESENTATION_CONTEXT(2) 
PARAMETRIC_REPRESENTATION_CONTEXT() REPRESENTATION_CONTEXT('2D SPACE',''
  ) );
#1407 = PCURVE('',#1408,#1413);
#1408 = PLANE('',#1409);
#1409 = AXIS2_PLACEMENT_3D('',#1410,#1411,#1412);
#1410 = CARTESIAN_POINT('',(292.,-6.213331775084E+03,-4.343944080832E+03
    ));
#1411 = DIRECTION('',(-1.044183048101E-16,-0.852640164354,0.522498564716
    ));
#1412 = DIRECTION('',(6.398761948385E-17,0.522498564716,0.852640164354)
  );
#1413 = DEFINITIONAL_REPRESENTATION('',(#1414),#1418);
#1414 = LINE('',#1415,#1416);
#1415 = CARTESIAN_POINT('',(9.999999999999,6.398761948384E-16));
#1416 = VECTOR('',#1417,1.);
#1417 = DIRECTION('',(0.,1.));
#1418 = ( GEOMETRIC_REPRESENTATION_CONTEXT(2) 
PARAMETRIC_REPRESENTATION_CONTEXT() REPRESENTATION_CONTEXT('2D SPACE',''
  ) );
#1419 = ORIENTED_EDGE('',*,*,#1420,.T.);
#1420 = EDGE_CURVE('',#1393,#1421,#1423,.T.);
#1421 = VERTEX_POINT('',#1422);
#1422 = CARTESIAN_POINT('',(-113.,-6.350668224916E+03,
    -4.248055919168E+03));
#1423 = SURFACE_CURVE('',#1424,(#1428,#1435),.PCURVE_S1.);
#1424 = LINE('',#1425,#1426);
#1425 = CARTESIAN_POINT('',(-113.,-6.208106789436E+03,
    -4.335417679188E+03));
#1426 = VECTOR('',#1427,1.);
#1427 = DIRECTION('',(-1.044183048101E-16,-0.852640164354,0.522498564716
    ));
#1428 = PCURVE('',#545,#1429);
#1429 = DEFINITIONAL_REPRESENTATION('',(#1430),#1434);
#1430 = LINE('',#1431,#1432);
#1431 = CARTESIAN_POINT('',(405.,4.228941344808E-14));
#1432 = VECTOR('',#1433,1.);
#1433 = DIRECTION('',(0.,1.));
#1434 = ( GEOMETRIC_REPRESENTATION_CONTEXT(2) 
PARAMETRIC_REPRESENTATION_CONTEXT() REPRESENTATION_CONTEXT('2D SPACE',''
  ) );
#1435 = PCURVE('',#1436,#1441);
#1436 = PLANE('',#1437);
#1437 = AXIS2_PLACEMENT_3D('',#1438,#1439,#1440);
#1438 = CARTESIAN_POINT('',(-113.,-6.213331775084E+03,
    -4.343944080832E+03));
#1439 = DIRECTION('',(-1.,1.224646799147E-16,0.));
#1440 = DIRECTION('',(6.398761948385E-17,0.522498564716,0.852640164354)
  );
#1441 = DEFINITIONAL_REPRESENTATION('',(#1442),#1446);
#1442 = LINE('',#1443,#1444);
#1443 = CARTESIAN_POINT('',(10.,6.412648190235E-13));
#1444 = VECTOR('',#1445,1.);
#1445 = DIRECTION('',(0.,-1.));
#1446 = ( GEOMETRIC_REPRESENTATION_CONTEXT(2) 
PARAMETRIC_REPRESENTATION_CONTEXT() REPRESENTATION_CONTEXT('2D SPACE',''
  ) );
#1447 = ORIENTED_EDGE('',*,*,#1448,.F.);
#1448 = EDGE_CURVE('',#1294,#1421,#1449,.T.);
#1449 = SURFACE_CURVE('',#1450,(#1454,#1461),.PCURVE_S1.);
#1450 = LINE('',#1451,#1452);
#1451 = CARTESIAN_POINT('',(292.,-6.350668224916E+03,-4.248055919168E+03
    ));
#1452 = VECTOR('',#1453,1.);
#1453 = DIRECTION('',(-1.,1.224646799147E-16,0.));
#1454 = PCURVE('',#545,#1455);
#1455 = DEFINITIONAL_REPRESENTATION('',(#1456),#1460);
#1456 = LINE('',#1457,#1458);
#1457 = CARTESIAN_POINT('',(-1.745874056424E-14,167.2));
#1458 = VECTOR('',#1459,1.);
#1459 = DIRECTION('',(1.,0.));
#1460 = ( GEOMETRIC_REPRESENTATION_CONTEXT(2) 
PARAMETRIC_REPRESENTATION_CONTEXT() REPRESENTATION_CONTEXT('2D SPACE',''
  ) );
#1461 = PCURVE('',#1354,#1462);
#1462 = DEFINITIONAL_REPRESENTATION('',(#1463),#1467);
#1463 = LINE('',#1464,#1465);
#1464 = CARTESIAN_POINT('',(9.999999999999,6.398761948384E-16));
#1465 = VECTOR('',#1466,1.);
#1466 = DIRECTION('',(0.,1.));
#1467 = ( GEOMETRIC_REPRESENTATION_CONTEXT(2) 
PARAMETRIC_REPRESENTATION_CONTEXT() REPRESENTATION_CONTEXT('2D SPACE',''
  ) );
#1468 = ORIENTED_EDGE('',*,*,#1293,.F.);
#1469 = ORIENTED_EDGE('',*,*,#508,.F.);
#1470 = ADVANCED_FACE('',(#1471),#620,.F.);
#1471 = FACE_BOUND('',#1472,.F.);
#1472 = EDGE_LOOP('',(#1473,#1496,#1519,#1542,#1563,#1564));
#1473 = ORIENTED_EDGE('',*,*,#1474,.F.);
#1474 = EDGE_CURVE('',#1475,#558,#1477,.T.);
#1475 = VERTEX_POINT('',#1476);
#1476 = CARTESIAN_POINT('',(292.,-6.213331775084E+03,-4.343944080832E+03
    ));
#1477 = SURFACE_CURVE('',#1478,(#1482,#1489),.PCURVE_S1.);
#1478 = LINE('',#1479,#1480);
#1479 = CARTESIAN_POINT('',(292.,-6.213331775084E+03,-4.343944080832E+03
    ));
#1480 = VECTOR('',#1481,1.);
#1481 = DIRECTION('',(-1.044183048101E-16,-0.852640164354,0.522498564716
    ));
#1482 = PCURVE('',#620,#1483);
#1483 = DEFINITIONAL_REPRESENTATION('',(#1484),#1488);
#1484 = LINE('',#1485,#1486);
#1485 = CARTESIAN_POINT('',(0.,0.));
#1486 = VECTOR('',#1487,1.);
#1487 = DIRECTION('',(0.,1.));
#1488 = ( GEOMETRIC_REPRESENTATION_CONTEXT(2) 
PARAMETRIC_REPRESENTATION_CONTEXT() REPRESENTATION_CONTEXT('2D SPACE',''
  ) );
#1489 = PCURVE('',#573,#1490);
#1490 = DEFINITIONAL_REPRESENTATION('',(#1491),#1495);
#1491 = LINE('',#1492,#1493);
#1492 = CARTESIAN_POINT('',(0.,0.));
#1493 = VECTOR('',#1494,1.);
#1494 = DIRECTION('',(0.,-1.));
#1495 = ( GEOMETRIC_REPRESENTATION_CONTEXT(2) 
PARAMETRIC_REPRESENTATION_CONTEXT() REPRESENTATION_CONTEXT('2D SPACE',''
  ) );
#1496 = ORIENTED_EDGE('',*,*,#1497,.T.);
#1497 = EDGE_CURVE('',#1475,#1498,#1500,.T.);
#1498 = VERTEX_POINT('',#1499);
#1499 = CARTESIAN_POINT('',(-113.,-6.213331775084E+03,
    -4.343944080832E+03));
#1500 = SURFACE_CURVE('',#1501,(#1505,#1512),.PCURVE_S1.);
#1501 = LINE('',#1502,#1503);
#1502 = CARTESIAN_POINT('',(292.,-6.213331775084E+03,-4.343944080832E+03
    ));
#1503 = VECTOR('',#1504,1.);
#1504 = DIRECTION('',(-1.,1.224646799147E-16,0.));
#1505 = PCURVE('',#620,#1506);
#1506 = DEFINITIONAL_REPRESENTATION('',(#1507),#1511);
#1507 = LINE('',#1508,#1509);
#1508 = CARTESIAN_POINT('',(0.,0.));
#1509 = VECTOR('',#1510,1.);
#1510 = DIRECTION('',(1.,0.));
#1511 = ( GEOMETRIC_REPRESENTATION_CONTEXT(2) 
PARAMETRIC_REPRESENTATION_CONTEXT() REPRESENTATION_CONTEXT('2D SPACE',''
  ) );
#1512 = PCURVE('',#1408,#1513);
#1513 = DEFINITIONAL_REPRESENTATION('',(#1514),#1518);
#1514 = LINE('',#1515,#1516);
#1515 = CARTESIAN_POINT('',(0.,0.));
#1516 = VECTOR('',#1517,1.);
#1517 = DIRECTION('',(0.,1.));
#1518 = ( GEOMETRIC_REPRESENTATION_CONTEXT(2) 
PARAMETRIC_REPRESENTATION_CONTEXT() REPRESENTATION_CONTEXT('2D SPACE',''
  ) );
#1519 = ORIENTED_EDGE('',*,*,#1520,.T.);
#1520 = EDGE_CURVE('',#1498,#1521,#1523,.T.);
#1521 = VERTEX_POINT('',#1522);
#1522 = CARTESIAN_POINT('',(-113.,-6.355893210564E+03,
    -4.256582320812E+03));
#1523 = SURFACE_CURVE('',#1524,(#1528,#1535),.PCURVE_S1.);
#1524 = LINE('',#1525,#1526);
#1525 = CARTESIAN_POINT('',(-113.,-6.213331775084E+03,
    -4.343944080832E+03));
#1526 = VECTOR('',#1527,1.);
#1527 = DIRECTION('',(-1.044183048101E-16,-0.852640164354,0.522498564716
    ));
#1528 = PCURVE('',#620,#1529);
#1529 = DEFINITIONAL_REPRESENTATION('',(#1530),#1534);
#1530 = LINE('',#1531,#1532);
#1531 = CARTESIAN_POINT('',(405.,4.228941344808E-14));
#1532 = VECTOR('',#1533,1.);
#1533 = DIRECTION('',(0.,1.));
#1534 = ( GEOMETRIC_REPRESENTATION_CONTEXT(2) 
PARAMETRIC_REPRESENTATION_CONTEXT() REPRESENTATION_CONTEXT('2D SPACE',''
  ) );
#1535 = PCURVE('',#1436,#1536);
#1536 = DEFINITIONAL_REPRESENTATION('',(#1537),#1541);
#1537 = LINE('',#1538,#1539);
#1538 = CARTESIAN_POINT('',(0.,0.));
#1539 = VECTOR('',#1540,1.);
#1540 = DIRECTION('',(0.,-1.));
#1541 = ( GEOMETRIC_REPRESENTATION_CONTEXT(2) 
PARAMETRIC_REPRESENTATION_CONTEXT() REPRESENTATION_CONTEXT('2D SPACE',''
  ) );
#1542 = ORIENTED_EDGE('',*,*,#1543,.F.);
#1543 = EDGE_CURVE('',#1318,#1521,#1544,.T.);
#1544 = SURFACE_CURVE('',#1545,(#1549,#1556),.PCURVE_S1.);
#1545 = LINE('',#1546,#1547);
#1546 = CARTESIAN_POINT('',(292.,-6.355893210564E+03,-4.256582320812E+03
    ));
#1547 = VECTOR('',#1548,1.);
#1548 = DIRECTION('',(-1.,1.224646799147E-16,0.));
#1549 = PCURVE('',#620,#1550);
#1550 = DEFINITIONAL_REPRESENTATION('',(#1551),#1555);
#1551 = LINE('',#1552,#1553);
#1552 = CARTESIAN_POINT('',(-1.745874056424E-14,167.2));
#1553 = VECTOR('',#1554,1.);
#1554 = DIRECTION('',(1.,0.));
#1555 = ( GEOMETRIC_REPRESENTATION_CONTEXT(2) 
PARAMETRIC_REPRESENTATION_CONTEXT() REPRESENTATION_CONTEXT('2D SPACE',''
  ) );
#1556 = PCURVE('',#1354,#1557);
#1557 = DEFINITIONAL_REPRESENTATION('',(#1558),#1562);
#1558 = LINE('',#1559,#1560);
#1559 = CARTESIAN_POINT('',(0.,0.));
#1560 = VECTOR('',#1561,1.);
#1561 = DIRECTION('',(0.,1.));
#1562 = ( GEOMETRIC_REPRESENTATION_CONTEXT(2) 
PARAMETRIC_REPRESENTATION_CONTEXT() REPRESENTATION_CONTEXT('2D SPACE',''
  ) );
#1563 = ORIENTED_EDGE('',*,*,#1317,.F.);
#1564 = ORIENTED_EDGE('',*,*,#585,.F.);
#1565 = ADVANCED_FACE('',(#1566),#573,.F.);
#1566 = FACE_BOUND('',#1567,.F.);
#1567 = EDGE_LOOP('',(#1568,#1569,#1590,#1591));
#1568 = ORIENTED_EDGE('',*,*,#1369,.F.);
#1569 = ORIENTED_EDGE('',*,*,#1570,.F.);
#1570 = EDGE_CURVE('',#1475,#1370,#1571,.T.);
#1571 = SURFACE_CURVE('',#1572,(#1576,#1583),.PCURVE_S1.);
#1572 = LINE('',#1573,#1574);
#1573 = CARTESIAN_POINT('',(292.,-6.213331775084E+03,-4.343944080832E+03
    ));
#1574 = VECTOR('',#1575,1.);
#1575 = DIRECTION('',(6.398761948385E-17,0.522498564716,0.852640164354)
  );
#1576 = PCURVE('',#573,#1577);
#1577 = DEFINITIONAL_REPRESENTATION('',(#1578),#1582);
#1578 = LINE('',#1579,#1580);
#1579 = CARTESIAN_POINT('',(0.,0.));
#1580 = VECTOR('',#1581,1.);
#1581 = DIRECTION('',(1.,0.));
#1582 = ( GEOMETRIC_REPRESENTATION_CONTEXT(2) 
PARAMETRIC_REPRESENTATION_CONTEXT() REPRESENTATION_CONTEXT('2D SPACE',''
  ) );
#1583 = PCURVE('',#1408,#1584);
#1584 = DEFINITIONAL_REPRESENTATION('',(#1585),#1589);
#1585 = LINE('',#1586,#1587);
#1586 = CARTESIAN_POINT('',(0.,0.));
#1587 = VECTOR('',#1588,1.);
#1588 = DIRECTION('',(1.,0.));
#1589 = ( GEOMETRIC_REPRESENTATION_CONTEXT(2) 
PARAMETRIC_REPRESENTATION_CONTEXT() REPRESENTATION_CONTEXT('2D SPACE',''
  ) );
#1590 = ORIENTED_EDGE('',*,*,#1474,.T.);
#1591 = ORIENTED_EDGE('',*,*,#557,.F.);
#1592 = ADVANCED_FACE('',(#1593),#652,.F.);
#1593 = FACE_BOUND('',#1594,.F.);
#1594 = EDGE_LOOP('',(#1595,#1618,#1619,#1642));
#1595 = ORIENTED_EDGE('',*,*,#1596,.F.);
#1596 = EDGE_CURVE('',#635,#1597,#1599,.T.);
#1597 = VERTEX_POINT('',#1598);
#1598 = CARTESIAN_POINT('',(395.66822491642,-6.317E+03,
    -4.248055919168E+03));
#1599 = SURFACE_CURVE('',#1600,(#1604,#1611),.PCURVE_S1.);
#1600 = LINE('',#1601,#1602);
#1601 = CARTESIAN_POINT('',(253.10678943641,-6.317E+03,
    -4.335417679188E+03));
#1602 = VECTOR('',#1603,1.);
#1603 = DIRECTION('',(0.852640164354,-1.893241484372E-16,0.522498564716)
  );
#1604 = PCURVE('',#652,#1605);
#1605 = DEFINITIONAL_REPRESENTATION('',(#1606),#1610);
#1606 = LINE('',#1607,#1608);
#1607 = CARTESIAN_POINT('',(10.,3.01980662698E-13));
#1608 = VECTOR('',#1609,1.);
#1609 = DIRECTION('',(0.,-1.));
#1610 = ( GEOMETRIC_REPRESENTATION_CONTEXT(2) 
PARAMETRIC_REPRESENTATION_CONTEXT() REPRESENTATION_CONTEXT('2D SPACE',''
  ) );
#1611 = PCURVE('',#701,#1612);
#1612 = DEFINITIONAL_REPRESENTATION('',(#1613),#1617);
#1613 = LINE('',#1614,#1615);
#1614 = CARTESIAN_POINT('',(0.,0.));
#1615 = VECTOR('',#1616,1.);
#1616 = DIRECTION('',(0.,1.));
#1617 = ( GEOMETRIC_REPRESENTATION_CONTEXT(2) 
PARAMETRIC_REPRESENTATION_CONTEXT() REPRESENTATION_CONTEXT('2D SPACE',''
  ) );
#1618 = ORIENTED_EDGE('',*,*,#634,.T.);
#1619 = ORIENTED_EDGE('',*,*,#1620,.T.);
#1620 = EDGE_CURVE('',#637,#1621,#1623,.T.);
#1621 = VERTEX_POINT('',#1622);
#1622 = CARTESIAN_POINT('',(400.89321056358,-6.317E+03,
    -4.256582320812E+03));
#1623 = SURFACE_CURVE('',#1624,(#1628,#1635),.PCURVE_S1.);
#1624 = LINE('',#1625,#1626);
#1625 = CARTESIAN_POINT('',(258.33177508357,-6.317E+03,
    -4.343944080832E+03));
#1626 = VECTOR('',#1627,1.);
#1627 = DIRECTION('',(0.852640164354,-1.893241484372E-16,0.522498564716)
  );
#1628 = PCURVE('',#652,#1629);
#1629 = DEFINITIONAL_REPRESENTATION('',(#1630),#1634);
#1630 = LINE('',#1631,#1632);
#1631 = CARTESIAN_POINT('',(0.,0.));
#1632 = VECTOR('',#1633,1.);
#1633 = DIRECTION('',(0.,-1.));
#1634 = ( GEOMETRIC_REPRESENTATION_CONTEXT(2) 
PARAMETRIC_REPRESENTATION_CONTEXT() REPRESENTATION_CONTEXT('2D SPACE',''
  ) );
#1635 = PCURVE('',#776,#1636);
#1636 = DEFINITIONAL_REPRESENTATION('',(#1637),#1641);
#1637 = LINE('',#1638,#1639);
#1638 = CARTESIAN_POINT('',(0.,0.));
#1639 = VECTOR('',#1640,1.);
#1640 = DIRECTION('',(0.,1.));
#1641 = ( GEOMETRIC_REPRESENTATION_CONTEXT(2) 
PARAMETRIC_REPRESENTATION_CONTEXT() REPRESENTATION_CONTEXT('2D SPACE',''
  ) );
#1642 = ORIENTED_EDGE('',*,*,#1643,.T.);
#1643 = EDGE_CURVE('',#1621,#1597,#1644,.T.);
#1644 = SURFACE_CURVE('',#1645,(#1649,#1656),.PCURVE_S1.);
#1645 = LINE('',#1646,#1647);
#1646 = CARTESIAN_POINT('',(400.89321056358,-6.317E+03,
    -4.256582320812E+03));
#1647 = VECTOR('',#1648,1.);
#1648 = DIRECTION('',(-0.522498564716,1.160179873762E-16,0.852640164354)
  );
#1649 = PCURVE('',#652,#1650);
#1650 = DEFINITIONAL_REPRESENTATION('',(#1651),#1655);
#1651 = LINE('',#1652,#1653);
#1652 = CARTESIAN_POINT('',(-4.121147867409E-13,-167.2));
#1653 = VECTOR('',#1654,1.);
#1654 = DIRECTION('',(1.,0.));
#1655 = ( GEOMETRIC_REPRESENTATION_CONTEXT(2) 
PARAMETRIC_REPRESENTATION_CONTEXT() REPRESENTATION_CONTEXT('2D SPACE',''
  ) );
#1656 = PCURVE('',#1657,#1662);
#1657 = PLANE('',#1658);
#1658 = AXIS2_PLACEMENT_3D('',#1659,#1660,#1661);
#1659 = CARTESIAN_POINT('',(400.89321056358,-6.317E+03,
    -4.256582320812E+03));
#1660 = DIRECTION('',(0.852640164354,-1.893241484372E-16,0.522498564716)
  );
#1661 = DIRECTION('',(-0.522498564716,1.160179873762E-16,0.852640164354)
  );
#1662 = DEFINITIONAL_REPRESENTATION('',(#1663),#1667);
#1663 = LINE('',#1664,#1665);
#1664 = CARTESIAN_POINT('',(0.,0.));
#1665 = VECTOR('',#1666,1.);
#1666 = DIRECTION('',(1.,0.));
#1667 = ( GEOMETRIC_REPRESENTATION_CONTEXT(2) 
PARAMETRIC_REPRESENTATION_CONTEXT() REPRESENTATION_CONTEXT('2D SPACE',''
  ) );
#1668 = ADVANCED_FACE('',(#1669),#776,.F.);
#1669 = FACE_BOUND('',#1670,.F.);
#1670 = EDGE_LOOP('',(#1671,#1694,#1722,#1750,#1771,#1772));
#1671 = ORIENTED_EDGE('',*,*,#1672,.F.);
#1672 = EDGE_CURVE('',#1673,#714,#1675,.T.);
#1673 = VERTEX_POINT('',#1674);
#1674 = CARTESIAN_POINT('',(258.33177508357,-6.317E+03,
    -4.343944080832E+03));
#1675 = SURFACE_CURVE('',#1676,(#1680,#1687),.PCURVE_S1.);
#1676 = LINE('',#1677,#1678);
#1677 = CARTESIAN_POINT('',(258.33177508357,-6.317E+03,
    -4.343944080832E+03));
#1678 = VECTOR('',#1679,1.);
#1679 = DIRECTION('',(0.852640164354,-1.893241484372E-16,0.522498564716)
  );
#1680 = PCURVE('',#776,#1681);
#1681 = DEFINITIONAL_REPRESENTATION('',(#1682),#1686);
#1682 = LINE('',#1683,#1684);
#1683 = CARTESIAN_POINT('',(0.,0.));
#1684 = VECTOR('',#1685,1.);
#1685 = DIRECTION('',(0.,1.));
#1686 = ( GEOMETRIC_REPRESENTATION_CONTEXT(2) 
PARAMETRIC_REPRESENTATION_CONTEXT() REPRESENTATION_CONTEXT('2D SPACE',''
  ) );
#1687 = PCURVE('',#729,#1688);
#1688 = DEFINITIONAL_REPRESENTATION('',(#1689),#1693);
#1689 = LINE('',#1690,#1691);
#1690 = CARTESIAN_POINT('',(0.,0.));
#1691 = VECTOR('',#1692,1.);
#1692 = DIRECTION('',(0.,-1.));
#1693 = ( GEOMETRIC_REPRESENTATION_CONTEXT(2) 
PARAMETRIC_REPRESENTATION_CONTEXT() REPRESENTATION_CONTEXT('2D SPACE',''
  ) );
#1694 = ORIENTED_EDGE('',*,*,#1695,.T.);
#1695 = EDGE_CURVE('',#1673,#1696,#1698,.T.);
#1696 = VERTEX_POINT('',#1697);
#1697 = CARTESIAN_POINT('',(258.33177508357,-6.722E+03,
    -4.343944080832E+03));
#1698 = SURFACE_CURVE('',#1699,(#1703,#1710),.PCURVE_S1.);
#1699 = LINE('',#1700,#1701);
#1700 = CARTESIAN_POINT('',(258.33177508357,-6.317E+03,
    -4.343944080832E+03));
#1701 = VECTOR('',#1702,1.);
#1702 = DIRECTION('',(-2.22044604925E-16,-1.,0.));
#1703 = PCURVE('',#776,#1704);
#1704 = DEFINITIONAL_REPRESENTATION('',(#1705),#1709);
#1705 = LINE('',#1706,#1707);
#1706 = CARTESIAN_POINT('',(0.,0.));
#1707 = VECTOR('',#1708,1.);
#1708 = DIRECTION('',(1.,0.));
#1709 = ( GEOMETRIC_REPRESENTATION_CONTEXT(2) 
PARAMETRIC_REPRESENTATION_CONTEXT() REPRESENTATION_CONTEXT('2D SPACE',''
  ) );
#1710 = PCURVE('',#1711,#1716);
#1711 = PLANE('',#1712);
#1712 = AXIS2_PLACEMENT_3D('',#1713,#1714,#1715);
#1713 = CARTESIAN_POINT('',(258.33177508357,-6.317E+03,
    -4.343944080832E+03));
#1714 = DIRECTION('',(0.852640164354,-1.893241484372E-16,0.522498564716)
  );
#1715 = DIRECTION('',(-0.522498564716,1.160179873762E-16,0.852640164354)
  );
#1716 = DEFINITIONAL_REPRESENTATION('',(#1717),#1721);
#1717 = LINE('',#1718,#1719);
#1718 = CARTESIAN_POINT('',(0.,0.));
#1719 = VECTOR('',#1720,1.);
#1720 = DIRECTION('',(0.,1.));
#1721 = ( GEOMETRIC_REPRESENTATION_CONTEXT(2) 
PARAMETRIC_REPRESENTATION_CONTEXT() REPRESENTATION_CONTEXT('2D SPACE',''
  ) );
#1722 = ORIENTED_EDGE('',*,*,#1723,.T.);
#1723 = EDGE_CURVE('',#1696,#1724,#1726,.T.);
#1724 = VERTEX_POINT('',#1725);
#1725 = CARTESIAN_POINT('',(400.89321056358,-6.722E+03,
    -4.256582320812E+03));
#1726 = SURFACE_CURVE('',#1727,(#1731,#1738),.PCURVE_S1.);
#1727 = LINE('',#1728,#1729);
#1728 = CARTESIAN_POINT('',(258.33177508357,-6.722E+03,
    -4.343944080832E+03));
#1729 = VECTOR('',#1730,1.);
#1730 = DIRECTION('',(0.852640164354,-1.893241484372E-16,0.522498564716)
  );
#1731 = PCURVE('',#776,#1732);
#1732 = DEFINITIONAL_REPRESENTATION('',(#1733),#1737);
#1733 = LINE('',#1734,#1735);
#1734 = CARTESIAN_POINT('',(405.,2.820929811715E-14));
#1735 = VECTOR('',#1736,1.);
#1736 = DIRECTION('',(0.,1.));
#1737 = ( GEOMETRIC_REPRESENTATION_CONTEXT(2) 
PARAMETRIC_REPRESENTATION_CONTEXT() REPRESENTATION_CONTEXT('2D SPACE',''
  ) );
#1738 = PCURVE('',#1739,#1744);
#1739 = PLANE('',#1740);
#1740 = AXIS2_PLACEMENT_3D('',#1741,#1742,#1743);
#1741 = CARTESIAN_POINT('',(258.33177508357,-6.722E+03,
    -4.343944080832E+03));
#1742 = DIRECTION('',(-2.22044604925E-16,-1.,0.));
#1743 = DIRECTION('',(-0.522498564716,1.160179873762E-16,0.852640164354)
  );
#1744 = DEFINITIONAL_REPRESENTATION('',(#1745),#1749);
#1745 = LINE('',#1746,#1747);
#1746 = CARTESIAN_POINT('',(0.,0.));
#1747 = VECTOR('',#1748,1.);
#1748 = DIRECTION('',(0.,-1.));
#1749 = ( GEOMETRIC_REPRESENTATION_CONTEXT(2) 
PARAMETRIC_REPRESENTATION_CONTEXT() REPRESENTATION_CONTEXT('2D SPACE',''
  ) );
#1750 = ORIENTED_EDGE('',*,*,#1751,.F.);
#1751 = EDGE_CURVE('',#1621,#1724,#1752,.T.);
#1752 = SURFACE_CURVE('',#1753,(#1757,#1764),.PCURVE_S1.);
#1753 = LINE('',#1754,#1755);
#1754 = CARTESIAN_POINT('',(400.89321056358,-6.317E+03,
    -4.256582320812E+03));
#1755 = VECTOR('',#1756,1.);
#1756 = DIRECTION('',(-2.22044604925E-16,-1.,0.));
#1757 = PCURVE('',#776,#1758);
#1758 = DEFINITIONAL_REPRESENTATION('',(#1759),#1763);
#1759 = LINE('',#1760,#1761);
#1760 = CARTESIAN_POINT('',(-3.16549976187E-14,167.2));
#1761 = VECTOR('',#1762,1.);
#1762 = DIRECTION('',(1.,0.));
#1763 = ( GEOMETRIC_REPRESENTATION_CONTEXT(2) 
PARAMETRIC_REPRESENTATION_CONTEXT() REPRESENTATION_CONTEXT('2D SPACE',''
  ) );
#1764 = PCURVE('',#1657,#1765);
#1765 = DEFINITIONAL_REPRESENTATION('',(#1766),#1770);
#1766 = LINE('',#1767,#1768);
#1767 = CARTESIAN_POINT('',(0.,0.));
#1768 = VECTOR('',#1769,1.);
#1769 = DIRECTION('',(0.,1.));
#1770 = ( GEOMETRIC_REPRESENTATION_CONTEXT(2) 
PARAMETRIC_REPRESENTATION_CONTEXT() REPRESENTATION_CONTEXT('2D SPACE',''
  ) );
#1771 = ORIENTED_EDGE('',*,*,#1620,.F.);
#1772 = ORIENTED_EDGE('',*,*,#741,.F.);
#1773 = ADVANCED_FACE('',(#1774),#729,.F.);
#1774 = FACE_BOUND('',#1775,.F.);
#1775 = EDGE_LOOP('',(#1776,#1799,#1820,#1821));
#1776 = ORIENTED_EDGE('',*,*,#1777,.F.);
#1777 = EDGE_CURVE('',#1778,#665,#1780,.T.);
#1778 = VERTEX_POINT('',#1779);
#1779 = CARTESIAN_POINT('',(253.10678943641,-6.317E+03,
    -4.335417679188E+03));
#1780 = SURFACE_CURVE('',#1781,(#1785,#1792),.PCURVE_S1.);
#1781 = LINE('',#1782,#1783);
#1782 = CARTESIAN_POINT('',(253.10678943641,-6.317E+03,
    -4.335417679188E+03));
#1783 = VECTOR('',#1784,1.);
#1784 = DIRECTION('',(0.852640164354,-1.893241484372E-16,0.522498564716)
  );
#1785 = PCURVE('',#729,#1786);
#1786 = DEFINITIONAL_REPRESENTATION('',(#1787),#1791);
#1787 = LINE('',#1788,#1789);
#1788 = CARTESIAN_POINT('',(10.,3.01980662698E-13));
#1789 = VECTOR('',#1790,1.);
#1790 = DIRECTION('',(0.,-1.));
#1791 = ( GEOMETRIC_REPRESENTATION_CONTEXT(2) 
PARAMETRIC_REPRESENTATION_CONTEXT() REPRESENTATION_CONTEXT('2D SPACE',''
  ) );
#1792 = PCURVE('',#701,#1793);
#1793 = DEFINITIONAL_REPRESENTATION('',(#1794),#1798);
#1794 = LINE('',#1795,#1796);
#1795 = CARTESIAN_POINT('',(0.,0.));
#1796 = VECTOR('',#1797,1.);
#1797 = DIRECTION('',(0.,1.));
#1798 = ( GEOMETRIC_REPRESENTATION_CONTEXT(2) 
PARAMETRIC_REPRESENTATION_CONTEXT() REPRESENTATION_CONTEXT('2D SPACE',''
  ) );
#1799 = ORIENTED_EDGE('',*,*,#1800,.F.);
#1800 = EDGE_CURVE('',#1673,#1778,#1801,.T.);
#1801 = SURFACE_CURVE('',#1802,(#1806,#1813),.PCURVE_S1.);
#1802 = LINE('',#1803,#1804);
#1803 = CARTESIAN_POINT('',(258.33177508357,-6.317E+03,
    -4.343944080832E+03));
#1804 = VECTOR('',#1805,1.);
#1805 = DIRECTION('',(-0.522498564716,1.160179873762E-16,0.852640164354)
  );
#1806 = PCURVE('',#729,#1807);
#1807 = DEFINITIONAL_REPRESENTATION('',(#1808),#1812);
#1808 = LINE('',#1809,#1810);
#1809 = CARTESIAN_POINT('',(0.,0.));
#1810 = VECTOR('',#1811,1.);
#1811 = DIRECTION('',(1.,0.));
#1812 = ( GEOMETRIC_REPRESENTATION_CONTEXT(2) 
PARAMETRIC_REPRESENTATION_CONTEXT() REPRESENTATION_CONTEXT('2D SPACE',''
  ) );
#1813 = PCURVE('',#1711,#1814);
#1814 = DEFINITIONAL_REPRESENTATION('',(#1815),#1819);
#1815 = LINE('',#1816,#1817);
#1816 = CARTESIAN_POINT('',(0.,0.));
#1817 = VECTOR('',#1818,1.);
#1818 = DIRECTION('',(1.,0.));
#1819 = ( GEOMETRIC_REPRESENTATION_CONTEXT(2) 
PARAMETRIC_REPRESENTATION_CONTEXT() REPRESENTATION_CONTEXT('2D SPACE',''
  ) );
#1820 = ORIENTED_EDGE('',*,*,#1672,.T.);
#1821 = ORIENTED_EDGE('',*,*,#713,.F.);
#1822 = ADVANCED_FACE('',(#1823),#701,.T.);
#1823 = FACE_BOUND('',#1824,.T.);
#1824 = EDGE_LOOP('',(#1825,#1826,#1849,#1872,#1893,#1894));
#1825 = ORIENTED_EDGE('',*,*,#1777,.F.);
#1826 = ORIENTED_EDGE('',*,*,#1827,.T.);
#1827 = EDGE_CURVE('',#1778,#1828,#1830,.T.);
#1828 = VERTEX_POINT('',#1829);
#1829 = CARTESIAN_POINT('',(253.10678943641,-6.722E+03,
    -4.335417679188E+03));
#1830 = SURFACE_CURVE('',#1831,(#1835,#1842),.PCURVE_S1.);
#1831 = LINE('',#1832,#1833);
#1832 = CARTESIAN_POINT('',(253.10678943641,-6.317E+03,
    -4.335417679188E+03));
#1833 = VECTOR('',#1834,1.);
#1834 = DIRECTION('',(-2.22044604925E-16,-1.,0.));
#1835 = PCURVE('',#701,#1836);
#1836 = DEFINITIONAL_REPRESENTATION('',(#1837),#1841);
#1837 = LINE('',#1838,#1839);
#1838 = CARTESIAN_POINT('',(0.,0.));
#1839 = VECTOR('',#1840,1.);
#1840 = DIRECTION('',(1.,0.));
#1841 = ( GEOMETRIC_REPRESENTATION_CONTEXT(2) 
PARAMETRIC_REPRESENTATION_CONTEXT() REPRESENTATION_CONTEXT('2D SPACE',''
  ) );
#1842 = PCURVE('',#1711,#1843);
#1843 = DEFINITIONAL_REPRESENTATION('',(#1844),#1848);
#1844 = LINE('',#1845,#1846);
#1845 = CARTESIAN_POINT('',(9.999999999999,1.160179873762E-15));
#1846 = VECTOR('',#1847,1.);
#1847 = DIRECTION('',(0.,1.));
#1848 = ( GEOMETRIC_REPRESENTATION_CONTEXT(2) 
PARAMETRIC_REPRESENTATION_CONTEXT() REPRESENTATION_CONTEXT('2D SPACE',''
  ) );
#1849 = ORIENTED_EDGE('',*,*,#1850,.T.);
#1850 = EDGE_CURVE('',#1828,#1851,#1853,.T.);
#1851 = VERTEX_POINT('',#1852);
#1852 = CARTESIAN_POINT('',(395.66822491642,-6.722E+03,
    -4.248055919168E+03));
#1853 = SURFACE_CURVE('',#1854,(#1858,#1865),.PCURVE_S1.);
#1854 = LINE('',#1855,#1856);
#1855 = CARTESIAN_POINT('',(253.10678943641,-6.722E+03,
    -4.335417679188E+03));
#1856 = VECTOR('',#1857,1.);
#1857 = DIRECTION('',(0.852640164354,-1.893241484372E-16,0.522498564716)
  );
#1858 = PCURVE('',#701,#1859);
#1859 = DEFINITIONAL_REPRESENTATION('',(#1860),#1864);
#1860 = LINE('',#1861,#1862);
#1861 = CARTESIAN_POINT('',(405.,2.820929811715E-14));
#1862 = VECTOR('',#1863,1.);
#1863 = DIRECTION('',(0.,1.));
#1864 = ( GEOMETRIC_REPRESENTATION_CONTEXT(2) 
PARAMETRIC_REPRESENTATION_CONTEXT() REPRESENTATION_CONTEXT('2D SPACE',''
  ) );
#1865 = PCURVE('',#1739,#1866);
#1866 = DEFINITIONAL_REPRESENTATION('',(#1867),#1871);
#1867 = LINE('',#1868,#1869);
#1868 = CARTESIAN_POINT('',(10.,3.01980662698E-13));
#1869 = VECTOR('',#1870,1.);
#1870 = DIRECTION('',(0.,-1.));
#1871 = ( GEOMETRIC_REPRESENTATION_CONTEXT(2) 
PARAMETRIC_REPRESENTATION_CONTEXT() REPRESENTATION_CONTEXT('2D SPACE',''
  ) );
#1872 = ORIENTED_EDGE('',*,*,#1873,.F.);
#1873 = EDGE_CURVE('',#1597,#1851,#1874,.T.);
#1874 = SURFACE_CURVE('',#1875,(#1879,#1886),.PCURVE_S1.);
#1875 = LINE('',#1876,#1877);
#1876 = CARTESIAN_POINT('',(395.66822491642,-6.317E+03,
    -4.248055919168E+03));
#1877 = VECTOR('',#1878,1.);
#1878 = DIRECTION('',(-2.22044604925E-16,-1.,0.));
#1879 = PCURVE('',#701,#1880);
#1880 = DEFINITIONAL_REPRESENTATION('',(#1881),#1885);
#1881 = LINE('',#1882,#1883);
#1882 = CARTESIAN_POINT('',(-3.16549976187E-14,167.2));
#1883 = VECTOR('',#1884,1.);
#1884 = DIRECTION('',(1.,0.));
#1885 = ( GEOMETRIC_REPRESENTATION_CONTEXT(2) 
PARAMETRIC_REPRESENTATION_CONTEXT() REPRESENTATION_CONTEXT('2D SPACE',''
  ) );
#1886 = PCURVE('',#1657,#1887);
#1887 = DEFINITIONAL_REPRESENTATION('',(#1888),#1892);
#1888 = LINE('',#1889,#1890);
#1889 = CARTESIAN_POINT('',(9.999999999999,1.160179873762E-15));
#1890 = VECTOR('',#1891,1.);
#1891 = DIRECTION('',(0.,1.));
#1892 = ( GEOMETRIC_REPRESENTATION_CONTEXT(2) 
PARAMETRIC_REPRESENTATION_CONTEXT() REPRESENTATION_CONTEXT('2D SPACE',''
  ) );
#1893 = ORIENTED_EDGE('',*,*,#1596,.F.);
#1894 = ORIENTED_EDGE('',*,*,#664,.F.);
#1895 = ADVANCED_FACE('',(#1896),#808,.F.);
#1896 = FACE_BOUND('',#1897,.F.);
#1897 = EDGE_LOOP('',(#1898,#1921,#1922,#1945));
#1898 = ORIENTED_EDGE('',*,*,#1899,.F.);
#1899 = EDGE_CURVE('',#791,#1900,#1902,.T.);
#1900 = VERTEX_POINT('',#1901);
#1901 = CARTESIAN_POINT('',(258.33177508357,-6.247E+03,
    -4.248055919168E+03));
#1902 = SURFACE_CURVE('',#1903,(#1907,#1914),.PCURVE_S1.);
#1903 = LINE('',#1904,#1905);
#1904 = CARTESIAN_POINT('',(400.89321056358,-6.247E+03,
    -4.335417679188E+03));
#1905 = VECTOR('',#1906,1.);
#1906 = DIRECTION('',(-0.852640164354,9.466207421861E-17,0.522498564716)
  );
#1907 = PCURVE('',#808,#1908);
#1908 = DEFINITIONAL_REPRESENTATION('',(#1909),#1913);
#1909 = LINE('',#1910,#1911);
#1910 = CARTESIAN_POINT('',(10.,3.508304757815E-13));
#1911 = VECTOR('',#1912,1.);
#1912 = DIRECTION('',(0.,-1.));
#1913 = ( GEOMETRIC_REPRESENTATION_CONTEXT(2) 
PARAMETRIC_REPRESENTATION_CONTEXT() REPRESENTATION_CONTEXT('2D SPACE',''
  ) );
#1914 = PCURVE('',#857,#1915);
#1915 = DEFINITIONAL_REPRESENTATION('',(#1916),#1920);
#1916 = LINE('',#1917,#1918);
#1917 = CARTESIAN_POINT('',(0.,0.));
#1918 = VECTOR('',#1919,1.);
#1919 = DIRECTION('',(0.,1.));
#1920 = ( GEOMETRIC_REPRESENTATION_CONTEXT(2) 
PARAMETRIC_REPRESENTATION_CONTEXT() REPRESENTATION_CONTEXT('2D SPACE',''
  ) );
#1921 = ORIENTED_EDGE('',*,*,#790,.T.);
#1922 = ORIENTED_EDGE('',*,*,#1923,.T.);
#1923 = EDGE_CURVE('',#793,#1924,#1926,.T.);
#1924 = VERTEX_POINT('',#1925);
#1925 = CARTESIAN_POINT('',(253.10678943641,-6.247E+03,
    -4.256582320812E+03));
#1926 = SURFACE_CURVE('',#1927,(#1931,#1938),.PCURVE_S1.);
#1927 = LINE('',#1928,#1929);
#1928 = CARTESIAN_POINT('',(395.66822491642,-6.247E+03,
    -4.343944080832E+03));
#1929 = VECTOR('',#1930,1.);
#1930 = DIRECTION('',(-0.852640164354,9.466207421861E-17,0.522498564716)
  );
#1931 = PCURVE('',#808,#1932);
#1932 = DEFINITIONAL_REPRESENTATION('',(#1933),#1937);
#1933 = LINE('',#1934,#1935);
#1934 = CARTESIAN_POINT('',(0.,0.));
#1935 = VECTOR('',#1936,1.);
#1936 = DIRECTION('',(0.,-1.));
#1937 = ( GEOMETRIC_REPRESENTATION_CONTEXT(2) 
PARAMETRIC_REPRESENTATION_CONTEXT() REPRESENTATION_CONTEXT('2D SPACE',''
  ) );
#1938 = PCURVE('',#932,#1939);
#1939 = DEFINITIONAL_REPRESENTATION('',(#1940),#1944);
#1940 = LINE('',#1941,#1942);
#1941 = CARTESIAN_POINT('',(0.,0.));
#1942 = VECTOR('',#1943,1.);
#1943 = DIRECTION('',(0.,1.));
#1944 = ( GEOMETRIC_REPRESENTATION_CONTEXT(2) 
PARAMETRIC_REPRESENTATION_CONTEXT() REPRESENTATION_CONTEXT('2D SPACE',''
  ) );
#1945 = ORIENTED_EDGE('',*,*,#1946,.T.);
#1946 = EDGE_CURVE('',#1924,#1900,#1947,.T.);
#1947 = SURFACE_CURVE('',#1948,(#1952,#1959),.PCURVE_S1.);
#1948 = LINE('',#1949,#1950);
#1949 = CARTESIAN_POINT('',(253.10678943641,-6.247E+03,
    -4.256582320812E+03));
#1950 = VECTOR('',#1951,1.);
#1951 = DIRECTION('',(0.522498564716,-5.800899368812E-17,0.852640164354)
  );
#1952 = PCURVE('',#808,#1953);
#1953 = DEFINITIONAL_REPRESENTATION('',(#1954),#1958);
#1954 = LINE('',#1955,#1956);
#1955 = CARTESIAN_POINT('',(-3.979039320257E-13,-167.2));
#1956 = VECTOR('',#1957,1.);
#1957 = DIRECTION('',(1.,0.));
#1958 = ( GEOMETRIC_REPRESENTATION_CONTEXT(2) 
PARAMETRIC_REPRESENTATION_CONTEXT() REPRESENTATION_CONTEXT('2D SPACE',''
  ) );
#1959 = PCURVE('',#1960,#1965);
#1960 = PLANE('',#1961);
#1961 = AXIS2_PLACEMENT_3D('',#1962,#1963,#1964);
#1962 = CARTESIAN_POINT('',(253.10678943641,-6.247E+03,
    -4.256582320812E+03));
#1963 = DIRECTION('',(-0.852640164354,9.466207421861E-17,0.522498564716)
  );
#1964 = DIRECTION('',(0.522498564716,-5.800899368812E-17,0.852640164354)
  );
#1965 = DEFINITIONAL_REPRESENTATION('',(#1966),#1970);
#1966 = LINE('',#1967,#1968);
#1967 = CARTESIAN_POINT('',(0.,0.));
#1968 = VECTOR('',#1969,1.);
#1969 = DIRECTION('',(1.,0.));
#1970 = ( GEOMETRIC_REPRESENTATION_CONTEXT(2) 
PARAMETRIC_REPRESENTATION_CONTEXT() REPRESENTATION_CONTEXT('2D SPACE',''
  ) );
#1971 = ADVANCED_FACE('',(#1972),#857,.T.);
#1972 = FACE_BOUND('',#1973,.T.);
#1973 = EDGE_LOOP('',(#1974,#1997,#2025,#2053,#2074,#2075));
#1974 = ORIENTED_EDGE('',*,*,#1975,.F.);
#1975 = EDGE_CURVE('',#1976,#821,#1978,.T.);
#1976 = VERTEX_POINT('',#1977);
#1977 = CARTESIAN_POINT('',(400.89321056358,-6.247E+03,
    -4.335417679188E+03));
#1978 = SURFACE_CURVE('',#1979,(#1983,#1990),.PCURVE_S1.);
#1979 = LINE('',#1980,#1981);
#1980 = CARTESIAN_POINT('',(400.89321056358,-6.247E+03,
    -4.335417679188E+03));
#1981 = VECTOR('',#1982,1.);
#1982 = DIRECTION('',(-0.852640164354,9.466207421861E-17,0.522498564716)
  );
#1983 = PCURVE('',#857,#1984);
#1984 = DEFINITIONAL_REPRESENTATION('',(#1985),#1989);
#1985 = LINE('',#1986,#1987);
#1986 = CARTESIAN_POINT('',(0.,0.));
#1987 = VECTOR('',#1988,1.);
#1988 = DIRECTION('',(0.,1.));
#1989 = ( GEOMETRIC_REPRESENTATION_CONTEXT(2) 
PARAMETRIC_REPRESENTATION_CONTEXT() REPRESENTATION_CONTEXT('2D SPACE',''
  ) );
#1990 = PCURVE('',#885,#1991);
#1991 = DEFINITIONAL_REPRESENTATION('',(#1992),#1996);
#1992 = LINE('',#1993,#1994);
#1993 = CARTESIAN_POINT('',(10.,3.508304757815E-13));
#1994 = VECTOR('',#1995,1.);
#1995 = DIRECTION('',(0.,-1.));
#1996 = ( GEOMETRIC_REPRESENTATION_CONTEXT(2) 
PARAMETRIC_REPRESENTATION_CONTEXT() REPRESENTATION_CONTEXT('2D SPACE',''
  ) );
#1997 = ORIENTED_EDGE('',*,*,#1998,.T.);
#1998 = EDGE_CURVE('',#1976,#1999,#2001,.T.);
#1999 = VERTEX_POINT('',#2000);
#2000 = CARTESIAN_POINT('',(400.89321056358,-5.842E+03,
    -4.335417679188E+03));
#2001 = SURFACE_CURVE('',#2002,(#2006,#2013),.PCURVE_S1.);
#2002 = LINE('',#2003,#2004);
#2003 = CARTESIAN_POINT('',(400.89321056358,-6.247E+03,
    -4.335417679188E+03));
#2004 = VECTOR('',#2005,1.);
#2005 = DIRECTION('',(1.110223024625E-16,1.,0.));
#2006 = PCURVE('',#857,#2007);
#2007 = DEFINITIONAL_REPRESENTATION('',(#2008),#2012);
#2008 = LINE('',#2009,#2010);
#2009 = CARTESIAN_POINT('',(0.,0.));
#2010 = VECTOR('',#2011,1.);
#2011 = DIRECTION('',(1.,0.));
#2012 = ( GEOMETRIC_REPRESENTATION_CONTEXT(2) 
PARAMETRIC_REPRESENTATION_CONTEXT() REPRESENTATION_CONTEXT('2D SPACE',''
  ) );
#2013 = PCURVE('',#2014,#2019);
#2014 = PLANE('',#2015);
#2015 = AXIS2_PLACEMENT_3D('',#2016,#2017,#2018);
#2016 = CARTESIAN_POINT('',(395.66822491642,-6.247E+03,
    -4.343944080832E+03));
#2017 = DIRECTION('',(-0.852640164354,9.466207421861E-17,0.522498564716)
  );
#2018 = DIRECTION('',(0.522498564716,-5.800899368812E-17,0.852640164354)
  );
#2019 = DEFINITIONAL_REPRESENTATION('',(#2020),#2024);
#2020 = LINE('',#2021,#2022);
#2021 = CARTESIAN_POINT('',(9.999999999999,5.800899368812E-16));
#2022 = VECTOR('',#2023,1.);
#2023 = DIRECTION('',(0.,1.));
#2024 = ( GEOMETRIC_REPRESENTATION_CONTEXT(2) 
PARAMETRIC_REPRESENTATION_CONTEXT() REPRESENTATION_CONTEXT('2D SPACE',''
  ) );
#2025 = ORIENTED_EDGE('',*,*,#2026,.T.);
#2026 = EDGE_CURVE('',#1999,#2027,#2029,.T.);
#2027 = VERTEX_POINT('',#2028);
#2028 = CARTESIAN_POINT('',(258.33177508357,-5.842E+03,
    -4.248055919168E+03));
#2029 = SURFACE_CURVE('',#2030,(#2034,#2041),.PCURVE_S1.);
#2030 = LINE('',#2031,#2032);
#2031 = CARTESIAN_POINT('',(400.89321056358,-5.842E+03,
    -4.335417679188E+03));
#2032 = VECTOR('',#2033,1.);
#2033 = DIRECTION('',(-0.852640164354,9.466207421861E-17,0.522498564716)
  );
#2034 = PCURVE('',#857,#2035);
#2035 = DEFINITIONAL_REPRESENTATION('',(#2036),#2040);
#2036 = LINE('',#2037,#2038);
#2037 = CARTESIAN_POINT('',(405.,3.833814005854E-14));
#2038 = VECTOR('',#2039,1.);
#2039 = DIRECTION('',(0.,1.));
#2040 = ( GEOMETRIC_REPRESENTATION_CONTEXT(2) 
PARAMETRIC_REPRESENTATION_CONTEXT() REPRESENTATION_CONTEXT('2D SPACE',''
  ) );
#2041 = PCURVE('',#2042,#2047);
#2042 = PLANE('',#2043);
#2043 = AXIS2_PLACEMENT_3D('',#2044,#2045,#2046);
#2044 = CARTESIAN_POINT('',(395.66822491642,-5.842E+03,
    -4.343944080832E+03));
#2045 = DIRECTION('',(1.110223024625E-16,1.,0.));
#2046 = DIRECTION('',(0.522498564716,-5.800899368812E-17,0.852640164354)
  );
#2047 = DEFINITIONAL_REPRESENTATION('',(#2048),#2052);
#2048 = LINE('',#2049,#2050);
#2049 = CARTESIAN_POINT('',(10.,3.01980662698E-13));
#2050 = VECTOR('',#2051,1.);
#2051 = DIRECTION('',(0.,-1.));
#2052 = ( GEOMETRIC_REPRESENTATION_CONTEXT(2) 
PARAMETRIC_REPRESENTATION_CONTEXT() REPRESENTATION_CONTEXT('2D SPACE',''
  ) );
#2053 = ORIENTED_EDGE('',*,*,#2054,.F.);
#2054 = EDGE_CURVE('',#1900,#2027,#2055,.T.);
#2055 = SURFACE_CURVE('',#2056,(#2060,#2067),.PCURVE_S1.);
#2056 = LINE('',#2057,#2058);
#2057 = CARTESIAN_POINT('',(258.33177508357,-6.247E+03,
    -4.248055919168E+03));
#2058 = VECTOR('',#2059,1.);
#2059 = DIRECTION('',(1.110223024625E-16,1.,0.));
#2060 = PCURVE('',#857,#2061);
#2061 = DEFINITIONAL_REPRESENTATION('',(#2062),#2066);
#2062 = LINE('',#2063,#2064);
#2063 = CARTESIAN_POINT('',(-1.582749880935E-14,167.2));
#2064 = VECTOR('',#2065,1.);
#2065 = DIRECTION('',(1.,0.));
#2066 = ( GEOMETRIC_REPRESENTATION_CONTEXT(2) 
PARAMETRIC_REPRESENTATION_CONTEXT() REPRESENTATION_CONTEXT('2D SPACE',''
  ) );
#2067 = PCURVE('',#1960,#2068);
#2068 = DEFINITIONAL_REPRESENTATION('',(#2069),#2073);
#2069 = LINE('',#2070,#2071);
#2070 = CARTESIAN_POINT('',(9.999999999999,5.800899368812E-16));
#2071 = VECTOR('',#2072,1.);
#2072 = DIRECTION('',(0.,1.));
#2073 = ( GEOMETRIC_REPRESENTATION_CONTEXT(2) 
PARAMETRIC_REPRESENTATION_CONTEXT() REPRESENTATION_CONTEXT('2D SPACE',''
  ) );
#2074 = ORIENTED_EDGE('',*,*,#1899,.F.);
#2075 = ORIENTED_EDGE('',*,*,#820,.F.);
#2076 = ADVANCED_FACE('',(#2077),#932,.F.);
#2077 = FACE_BOUND('',#2078,.F.);
#2078 = EDGE_LOOP('',(#2079,#2102,#2125,#2148,#2169,#2170));
#2079 = ORIENTED_EDGE('',*,*,#2080,.F.);
#2080 = EDGE_CURVE('',#2081,#870,#2083,.T.);
#2081 = VERTEX_POINT('',#2082);
#2082 = CARTESIAN_POINT('',(395.66822491642,-6.247E+03,
    -4.343944080832E+03));
#2083 = SURFACE_CURVE('',#2084,(#2088,#2095),.PCURVE_S1.);
#2084 = LINE('',#2085,#2086);
#2085 = CARTESIAN_POINT('',(395.66822491642,-6.247E+03,
    -4.343944080832E+03));
#2086 = VECTOR('',#2087,1.);
#2087 = DIRECTION('',(-0.852640164354,9.466207421861E-17,0.522498564716)
  );
#2088 = PCURVE('',#932,#2089);
#2089 = DEFINITIONAL_REPRESENTATION('',(#2090),#2094);
#2090 = LINE('',#2091,#2092);
#2091 = CARTESIAN_POINT('',(0.,0.));
#2092 = VECTOR('',#2093,1.);
#2093 = DIRECTION('',(0.,1.));
#2094 = ( GEOMETRIC_REPRESENTATION_CONTEXT(2) 
PARAMETRIC_REPRESENTATION_CONTEXT() REPRESENTATION_CONTEXT('2D SPACE',''
  ) );
#2095 = PCURVE('',#885,#2096);
#2096 = DEFINITIONAL_REPRESENTATION('',(#2097),#2101);
#2097 = LINE('',#2098,#2099);
#2098 = CARTESIAN_POINT('',(0.,0.));
#2099 = VECTOR('',#2100,1.);
#2100 = DIRECTION('',(0.,-1.));
#2101 = ( GEOMETRIC_REPRESENTATION_CONTEXT(2) 
PARAMETRIC_REPRESENTATION_CONTEXT() REPRESENTATION_CONTEXT('2D SPACE',''
  ) );
#2102 = ORIENTED_EDGE('',*,*,#2103,.T.);
#2103 = EDGE_CURVE('',#2081,#2104,#2106,.T.);
#2104 = VERTEX_POINT('',#2105);
#2105 = CARTESIAN_POINT('',(395.66822491642,-5.842E+03,
    -4.343944080832E+03));
#2106 = SURFACE_CURVE('',#2107,(#2111,#2118),.PCURVE_S1.);
#2107 = LINE('',#2108,#2109);
#2108 = CARTESIAN_POINT('',(395.66822491642,-6.247E+03,
    -4.343944080832E+03));
#2109 = VECTOR('',#2110,1.);
#2110 = DIRECTION('',(1.110223024625E-16,1.,0.));
#2111 = PCURVE('',#932,#2112);
#2112 = DEFINITIONAL_REPRESENTATION('',(#2113),#2117);
#2113 = LINE('',#2114,#2115);
#2114 = CARTESIAN_POINT('',(0.,0.));
#2115 = VECTOR('',#2116,1.);
#2116 = DIRECTION('',(1.,0.));
#2117 = ( GEOMETRIC_REPRESENTATION_CONTEXT(2) 
PARAMETRIC_REPRESENTATION_CONTEXT() REPRESENTATION_CONTEXT('2D SPACE',''
  ) );
#2118 = PCURVE('',#2014,#2119);
#2119 = DEFINITIONAL_REPRESENTATION('',(#2120),#2124);
#2120 = LINE('',#2121,#2122);
#2121 = CARTESIAN_POINT('',(0.,0.));
#2122 = VECTOR('',#2123,1.);
#2123 = DIRECTION('',(0.,1.));
#2124 = ( GEOMETRIC_REPRESENTATION_CONTEXT(2) 
PARAMETRIC_REPRESENTATION_CONTEXT() REPRESENTATION_CONTEXT('2D SPACE',''
  ) );
#2125 = ORIENTED_EDGE('',*,*,#2126,.T.);
#2126 = EDGE_CURVE('',#2104,#2127,#2129,.T.);
#2127 = VERTEX_POINT('',#2128);
#2128 = CARTESIAN_POINT('',(253.10678943641,-5.842E+03,
    -4.256582320812E+03));
#2129 = SURFACE_CURVE('',#2130,(#2134,#2141),.PCURVE_S1.);
#2130 = LINE('',#2131,#2132);
#2131 = CARTESIAN_POINT('',(395.66822491642,-5.842E+03,
    -4.343944080832E+03));
#2132 = VECTOR('',#2133,1.);
#2133 = DIRECTION('',(-0.852640164354,9.466207421861E-17,0.522498564716)
  );
#2134 = PCURVE('',#932,#2135);
#2135 = DEFINITIONAL_REPRESENTATION('',(#2136),#2140);
#2136 = LINE('',#2137,#2138);
#2137 = CARTESIAN_POINT('',(405.,-1.012884194139E-14));
#2138 = VECTOR('',#2139,1.);
#2139 = DIRECTION('',(0.,1.));
#2140 = ( GEOMETRIC_REPRESENTATION_CONTEXT(2) 
PARAMETRIC_REPRESENTATION_CONTEXT() REPRESENTATION_CONTEXT('2D SPACE',''
  ) );
#2141 = PCURVE('',#2042,#2142);
#2142 = DEFINITIONAL_REPRESENTATION('',(#2143),#2147);
#2143 = LINE('',#2144,#2145);
#2144 = CARTESIAN_POINT('',(0.,0.));
#2145 = VECTOR('',#2146,1.);
#2146 = DIRECTION('',(0.,-1.));
#2147 = ( GEOMETRIC_REPRESENTATION_CONTEXT(2) 
PARAMETRIC_REPRESENTATION_CONTEXT() REPRESENTATION_CONTEXT('2D SPACE',''
  ) );
#2148 = ORIENTED_EDGE('',*,*,#2149,.F.);
#2149 = EDGE_CURVE('',#1924,#2127,#2150,.T.);
#2150 = SURFACE_CURVE('',#2151,(#2155,#2162),.PCURVE_S1.);
#2151 = LINE('',#2152,#2153);
#2152 = CARTESIAN_POINT('',(253.10678943641,-6.247E+03,
    -4.256582320812E+03));
#2153 = VECTOR('',#2154,1.);
#2154 = DIRECTION('',(1.110223024625E-16,1.,0.));
#2155 = PCURVE('',#932,#2156);
#2156 = DEFINITIONAL_REPRESENTATION('',(#2157),#2161);
#2157 = LINE('',#2158,#2159);
#2158 = CARTESIAN_POINT('',(-1.582749880935E-14,167.2));
#2159 = VECTOR('',#2160,1.);
#2160 = DIRECTION('',(1.,0.));
#2161 = ( GEOMETRIC_REPRESENTATION_CONTEXT(2) 
PARAMETRIC_REPRESENTATION_CONTEXT() REPRESENTATION_CONTEXT('2D SPACE',''
  ) );
#2162 = PCURVE('',#1960,#2163);
#2163 = DEFINITIONAL_REPRESENTATION('',(#2164),#2168);
#2164 = LINE('',#2165,#2166);
#2165 = CARTESIAN_POINT('',(0.,0.));
#2166 = VECTOR('',#2167,1.);
#2167 = DIRECTION('',(0.,1.));
#2168 = ( GEOMETRIC_REPRESENTATION_CONTEXT(2) 
PARAMETRIC_REPRESENTATION_CONTEXT() REPRESENTATION_CONTEXT('2D SPACE',''
  ) );
#2169 = ORIENTED_EDGE('',*,*,#1923,.F.);
#2170 = ORIENTED_EDGE('',*,*,#897,.F.);
#2171 = ADVANCED_FACE('',(#2172),#885,.F.);
#2172 = FACE_BOUND('',#2173,.F.);
#2173 = EDGE_LOOP('',(#2174,#2175,#2196,#2197));
#2174 = ORIENTED_EDGE('',*,*,#1975,.F.);
#2175 = ORIENTED_EDGE('',*,*,#2176,.F.);
#2176 = EDGE_CURVE('',#2081,#1976,#2177,.T.);
#2177 = SURFACE_CURVE('',#2178,(#2182,#2189),.PCURVE_S1.);
#2178 = LINE('',#2179,#2180);
#2179 = CARTESIAN_POINT('',(395.66822491642,-6.247E+03,
    -4.343944080832E+03));
#2180 = VECTOR('',#2181,1.);
#2181 = DIRECTION('',(0.522498564716,-5.800899368812E-17,0.852640164354)
  );
#2182 = PCURVE('',#885,#2183);
#2183 = DEFINITIONAL_REPRESENTATION('',(#2184),#2188);
#2184 = LINE('',#2185,#2186);
#2185 = CARTESIAN_POINT('',(0.,0.));
#2186 = VECTOR('',#2187,1.);
#2187 = DIRECTION('',(1.,0.));
#2188 = ( GEOMETRIC_REPRESENTATION_CONTEXT(2) 
PARAMETRIC_REPRESENTATION_CONTEXT() REPRESENTATION_CONTEXT('2D SPACE',''
  ) );
#2189 = PCURVE('',#2014,#2190);
#2190 = DEFINITIONAL_REPRESENTATION('',(#2191),#2195);
#2191 = LINE('',#2192,#2193);
#2192 = CARTESIAN_POINT('',(0.,0.));
#2193 = VECTOR('',#2194,1.);
#2194 = DIRECTION('',(1.,0.));
#2195 = ( GEOMETRIC_REPRESENTATION_CONTEXT(2) 
PARAMETRIC_REPRESENTATION_CONTEXT() REPRESENTATION_CONTEXT('2D SPACE',''
  ) );
#2196 = ORIENTED_EDGE('',*,*,#2080,.T.);
#2197 = ORIENTED_EDGE('',*,*,#869,.F.);
#2198 = ADVANCED_FACE('',(#2199),#1042,.T.);
#2199 = FACE_BOUND('',#2200,.T.);
#2200 = EDGE_LOOP('',(#2201,#2202,#2203,#2204));
#2201 = ORIENTED_EDGE('',*,*,#1199,.F.);
#2202 = ORIENTED_EDGE('',*,*,#1106,.T.);
#2203 = ORIENTED_EDGE('',*,*,#1026,.T.);
#2204 = ORIENTED_EDGE('',*,*,#2205,.F.);
#2205 = EDGE_CURVE('',#1177,#999,#2206,.T.);
#2206 = SURFACE_CURVE('',#2207,(#2211,#2218),.PCURVE_S1.);
#2207 = LINE('',#2208,#2209);
#2208 = CARTESIAN_POINT('',(767.,-6.208106789436E+03,-4.256582320812E+03
    ));
#2209 = VECTOR('',#2210,1.);
#2210 = DIRECTION('',(0.,-0.522498564716,0.852640164354));
#2211 = PCURVE('',#1042,#2212);
#2212 = DEFINITIONAL_REPRESENTATION('',(#2213),#2217);
#2213 = LINE('',#2214,#2215);
#2214 = CARTESIAN_POINT('',(0.,405.));
#2215 = VECTOR('',#2216,1.);
#2216 = DIRECTION('',(1.,0.));
#2217 = ( GEOMETRIC_REPRESENTATION_CONTEXT(2) 
PARAMETRIC_REPRESENTATION_CONTEXT() REPRESENTATION_CONTEXT('2D SPACE',''
  ) );
#2218 = PCURVE('',#1014,#2219);
#2219 = DEFINITIONAL_REPRESENTATION('',(#2220),#2224);
#2220 = LINE('',#2221,#2222);
#2221 = CARTESIAN_POINT('',(-5.826450433233E-13,-167.2));
#2222 = VECTOR('',#2223,1.);
#2223 = DIRECTION('',(1.,0.));
#2224 = ( GEOMETRIC_REPRESENTATION_CONTEXT(2) 
PARAMETRIC_REPRESENTATION_CONTEXT() REPRESENTATION_CONTEXT('2D SPACE',''
  ) );
#2225 = ADVANCED_FACE('',(#2226),#1014,.T.);
#2226 = FACE_BOUND('',#2227,.T.);
#2227 = EDGE_LOOP('',(#2228,#2249,#2250,#2251));
#2228 = ORIENTED_EDGE('',*,*,#2229,.F.);
#2229 = EDGE_CURVE('',#1154,#971,#2230,.T.);
#2230 = SURFACE_CURVE('',#2231,(#2235,#2242),.PCURVE_S1.);
#2231 = LINE('',#2232,#2233);
#2232 = CARTESIAN_POINT('',(767.,-6.350668224916E+03,-4.343944080832E+03
    ));
#2233 = VECTOR('',#2234,1.);
#2234 = DIRECTION('',(0.,-0.522498564716,0.852640164354));
#2235 = PCURVE('',#1014,#2236);
#2236 = DEFINITIONAL_REPRESENTATION('',(#2237),#2241);
#2237 = LINE('',#2238,#2239);
#2238 = CARTESIAN_POINT('',(0.,0.));
#2239 = VECTOR('',#2240,1.);
#2240 = DIRECTION('',(1.,0.));
#2241 = ( GEOMETRIC_REPRESENTATION_CONTEXT(2) 
PARAMETRIC_REPRESENTATION_CONTEXT() REPRESENTATION_CONTEXT('2D SPACE',''
  ) );
#2242 = PCURVE('',#986,#2243);
#2243 = DEFINITIONAL_REPRESENTATION('',(#2244),#2248);
#2244 = LINE('',#2245,#2246);
#2245 = CARTESIAN_POINT('',(0.,405.));
#2246 = VECTOR('',#2247,1.);
#2247 = DIRECTION('',(1.,0.));
#2248 = ( GEOMETRIC_REPRESENTATION_CONTEXT(2) 
PARAMETRIC_REPRESENTATION_CONTEXT() REPRESENTATION_CONTEXT('2D SPACE',''
  ) );
#2249 = ORIENTED_EDGE('',*,*,#1176,.T.);
#2250 = ORIENTED_EDGE('',*,*,#2205,.T.);
#2251 = ORIENTED_EDGE('',*,*,#998,.F.);
#2252 = ADVANCED_FACE('',(#2253),#986,.F.);
#2253 = FACE_BOUND('',#2254,.F.);
#2254 = EDGE_LOOP('',(#2255,#2256,#2257,#2258));
#2255 = ORIENTED_EDGE('',*,*,#1153,.F.);
#2256 = ORIENTED_EDGE('',*,*,#1228,.T.);
#2257 = ORIENTED_EDGE('',*,*,#970,.T.);
#2258 = ORIENTED_EDGE('',*,*,#2229,.F.);
#2259 = ADVANCED_FACE('',(#2260),#1278,.T.);
#2260 = FACE_BOUND('',#2261,.F.);
#2261 = EDGE_LOOP('',(#2262,#2285,#2286,#2287));
#2262 = ORIENTED_EDGE('',*,*,#2263,.F.);
#2263 = EDGE_CURVE('',#1258,#2264,#2266,.T.);
#2264 = VERTEX_POINT('',#2265);
#2265 = CARTESIAN_POINT('',(361.925,-6.282E+03,-830.));
#2266 = SEAM_CURVE('',#2267,(#2271,#2278),.PCURVE_S1.);
#2267 = LINE('',#2268,#2269);
#2268 = CARTESIAN_POINT('',(361.925,-6.282E+03,-5.086E+03));
#2269 = VECTOR('',#2270,1.);
#2270 = DIRECTION('',(0.,0.,1.));
#2271 = PCURVE('',#1278,#2272);
#2272 = DEFINITIONAL_REPRESENTATION('',(#2273),#2277);
#2273 = LINE('',#2274,#2275);
#2274 = CARTESIAN_POINT('',(-6.28318530718,0.));
#2275 = VECTOR('',#2276,1.);
#2276 = DIRECTION('',(-0.,-1.));
#2277 = ( GEOMETRIC_REPRESENTATION_CONTEXT(2) 
PARAMETRIC_REPRESENTATION_CONTEXT() REPRESENTATION_CONTEXT('2D SPACE',''
  ) );
#2278 = PCURVE('',#1278,#2279);
#2279 = DEFINITIONAL_REPRESENTATION('',(#2280),#2284);
#2280 = LINE('',#2281,#2282);
#2281 = CARTESIAN_POINT('',(-0.,0.));
#2282 = VECTOR('',#2283,1.);
#2283 = DIRECTION('',(-0.,-1.));
#2284 = ( GEOMETRIC_REPRESENTATION_CONTEXT(2) 
PARAMETRIC_REPRESENTATION_CONTEXT() REPRESENTATION_CONTEXT('2D SPACE',''
  ) );
#2285 = ORIENTED_EDGE('',*,*,#1257,.T.);
#2286 = ORIENTED_EDGE('',*,*,#2263,.T.);
#2287 = ORIENTED_EDGE('',*,*,#2288,.F.);
#2288 = EDGE_CURVE('',#2264,#2264,#2289,.T.);
#2289 = SURFACE_CURVE('',#2290,(#2295,#2302),.PCURVE_S1.);
#2290 = CIRCLE('',#2291,34.925);
#2291 = AXIS2_PLACEMENT_3D('',#2292,#2293,#2294);
#2292 = CARTESIAN_POINT('',(327.,-6.282E+03,-830.));
#2293 = DIRECTION('',(0.,0.,-1.));
#2294 = DIRECTION('',(1.,0.,0.));
#2295 = PCURVE('',#1278,#2296);
#2296 = DEFINITIONAL_REPRESENTATION('',(#2297),#2301);
#2297 = LINE('',#2298,#2299);
#2298 = CARTESIAN_POINT('',(-6.28318530718,-4.256E+03));
#2299 = VECTOR('',#2300,1.);
#2300 = DIRECTION('',(1.,-0.));
#2301 = ( GEOMETRIC_REPRESENTATION_CONTEXT(2) 
PARAMETRIC_REPRESENTATION_CONTEXT() REPRESENTATION_CONTEXT('2D SPACE',''
  ) );
#2302 = PCURVE('',#2303,#2308);
#2303 = PLANE('',#2304);
#2304 = AXIS2_PLACEMENT_3D('',#2305,#2306,#2307);
#2305 = CARTESIAN_POINT('',(327.,-6.282E+03,-830.));
#2306 = DIRECTION('',(0.,0.,1.));
#2307 = DIRECTION('',(1.,0.,-0.));
#2308 = DEFINITIONAL_REPRESENTATION('',(#2309),#2317);
#2309 = ( BOUNDED_CURVE() B_SPLINE_CURVE(2,(#2310,#2311,#2312,#2313,
#2314,#2315,#2316),.UNSPECIFIED.,.T.,.F.) B_SPLINE_CURVE_WITH_KNOTS((1,2
    ,2,2,2,1),(-2.094395102393,0.,2.094395102393,4.188790204786,
6.28318530718,8.377580409573),.UNSPECIFIED.) CURVE() 
GEOMETRIC_REPRESENTATION_ITEM() RATIONAL_B_SPLINE_CURVE((1.,0.5,1.,0.5,
1.,0.5,1.)) REPRESENTATION_ITEM('') );
#2310 = CARTESIAN_POINT('',(34.925,0.));
#2311 = CARTESIAN_POINT('',(34.925,-60.49187445434));
#2312 = CARTESIAN_POINT('',(-17.4625,-30.24593722717));
#2313 = CARTESIAN_POINT('',(-69.85,-8.554157892044E-15));
#2314 = CARTESIAN_POINT('',(-17.4625,30.245937227172));
#2315 = CARTESIAN_POINT('',(34.925,60.491874454343));
#2316 = CARTESIAN_POINT('',(34.925,0.));
#2317 = ( GEOMETRIC_REPRESENTATION_CONTEXT(2) 
PARAMETRIC_REPRESENTATION_CONTEXT() REPRESENTATION_CONTEXT('2D SPACE',''
  ) );
#2318 = ADVANCED_FACE('',(#2319),#1354,.T.);
#2319 = FACE_BOUND('',#2320,.T.);
#2320 = EDGE_LOOP('',(#2321,#2322,#2323,#2324));
#2321 = ORIENTED_EDGE('',*,*,#1543,.F.);
#2322 = ORIENTED_EDGE('',*,*,#1340,.T.);
#2323 = ORIENTED_EDGE('',*,*,#1448,.T.);
#2324 = ORIENTED_EDGE('',*,*,#2325,.F.);
#2325 = EDGE_CURVE('',#1521,#1421,#2326,.T.);
#2326 = SURFACE_CURVE('',#2327,(#2331,#2338),.PCURVE_S1.);
#2327 = LINE('',#2328,#2329);
#2328 = CARTESIAN_POINT('',(-113.,-6.355893210564E+03,
    -4.256582320812E+03));
#2329 = VECTOR('',#2330,1.);
#2330 = DIRECTION('',(6.398761948385E-17,0.522498564716,0.852640164354)
  );
#2331 = PCURVE('',#1354,#2332);
#2332 = DEFINITIONAL_REPRESENTATION('',(#2333),#2337);
#2333 = LINE('',#2334,#2335);
#2334 = CARTESIAN_POINT('',(-2.591498589096E-14,405.));
#2335 = VECTOR('',#2336,1.);
#2336 = DIRECTION('',(1.,0.));
#2337 = ( GEOMETRIC_REPRESENTATION_CONTEXT(2) 
PARAMETRIC_REPRESENTATION_CONTEXT() REPRESENTATION_CONTEXT('2D SPACE',''
  ) );
#2338 = PCURVE('',#1436,#2339);
#2339 = DEFINITIONAL_REPRESENTATION('',(#2340),#2344);
#2340 = LINE('',#2341,#2342);
#2341 = CARTESIAN_POINT('',(-5.826450433233E-13,-167.2));
#2342 = VECTOR('',#2343,1.);
#2343 = DIRECTION('',(1.,0.));
#2344 = ( GEOMETRIC_REPRESENTATION_CONTEXT(2) 
PARAMETRIC_REPRESENTATION_CONTEXT() REPRESENTATION_CONTEXT('2D SPACE',''
  ) );
#2345 = ADVANCED_FACE('',(#2346),#1436,.T.);
#2346 = FACE_BOUND('',#2347,.T.);
#2347 = EDGE_LOOP('',(#2348,#2369,#2370,#2371));
#2348 = ORIENTED_EDGE('',*,*,#2349,.F.);
#2349 = EDGE_CURVE('',#1498,#1393,#2350,.T.);
#2350 = SURFACE_CURVE('',#2351,(#2355,#2362),.PCURVE_S1.);
#2351 = LINE('',#2352,#2353);
#2352 = CARTESIAN_POINT('',(-113.,-6.213331775084E+03,
    -4.343944080832E+03));
#2353 = VECTOR('',#2354,1.);
#2354 = DIRECTION('',(6.398761948385E-17,0.522498564716,0.852640164354)
  );
#2355 = PCURVE('',#1436,#2356);
#2356 = DEFINITIONAL_REPRESENTATION('',(#2357),#2361);
#2357 = LINE('',#2358,#2359);
#2358 = CARTESIAN_POINT('',(0.,0.));
#2359 = VECTOR('',#2360,1.);
#2360 = DIRECTION('',(1.,0.));
#2361 = ( GEOMETRIC_REPRESENTATION_CONTEXT(2) 
PARAMETRIC_REPRESENTATION_CONTEXT() REPRESENTATION_CONTEXT('2D SPACE',''
  ) );
#2362 = PCURVE('',#1408,#2363);
#2363 = DEFINITIONAL_REPRESENTATION('',(#2364),#2368);
#2364 = LINE('',#2365,#2366);
#2365 = CARTESIAN_POINT('',(-2.591498589096E-14,405.));
#2366 = VECTOR('',#2367,1.);
#2367 = DIRECTION('',(1.,0.));
#2368 = ( GEOMETRIC_REPRESENTATION_CONTEXT(2) 
PARAMETRIC_REPRESENTATION_CONTEXT() REPRESENTATION_CONTEXT('2D SPACE',''
  ) );
#2369 = ORIENTED_EDGE('',*,*,#1520,.T.);
#2370 = ORIENTED_EDGE('',*,*,#2325,.T.);
#2371 = ORIENTED_EDGE('',*,*,#1420,.F.);
#2372 = ADVANCED_FACE('',(#2373),#1408,.F.);
#2373 = FACE_BOUND('',#2374,.F.);
#2374 = EDGE_LOOP('',(#2375,#2376,#2377,#2378));
#2375 = ORIENTED_EDGE('',*,*,#1497,.F.);
#2376 = ORIENTED_EDGE('',*,*,#1570,.T.);
#2377 = ORIENTED_EDGE('',*,*,#1392,.T.);
#2378 = ORIENTED_EDGE('',*,*,#2349,.F.);
#2379 = ADVANCED_FACE('',(#2380),#1657,.T.);
#2380 = FACE_BOUND('',#2381,.T.);
#2381 = EDGE_LOOP('',(#2382,#2383,#2384,#2385));
#2382 = ORIENTED_EDGE('',*,*,#1751,.F.);
#2383 = ORIENTED_EDGE('',*,*,#1643,.T.);
#2384 = ORIENTED_EDGE('',*,*,#1873,.T.);
#2385 = ORIENTED_EDGE('',*,*,#2386,.F.);
#2386 = EDGE_CURVE('',#1724,#1851,#2387,.T.);
#2387 = SURFACE_CURVE('',#2388,(#2392,#2399),.PCURVE_S1.);
#2388 = LINE('',#2389,#2390);
#2389 = CARTESIAN_POINT('',(400.89321056358,-6.722E+03,
    -4.256582320812E+03));
#2390 = VECTOR('',#2391,1.);
#2391 = DIRECTION('',(-0.522498564716,1.160179873762E-16,0.852640164354)
  );
#2392 = PCURVE('',#1657,#2393);
#2393 = DEFINITIONAL_REPRESENTATION('',(#2394),#2398);
#2394 = LINE('',#2395,#2396);
#2395 = CARTESIAN_POINT('',(-1.728668011906E-14,405.));
#2396 = VECTOR('',#2397,1.);
#2397 = DIRECTION('',(1.,0.));
#2398 = ( GEOMETRIC_REPRESENTATION_CONTEXT(2) 
PARAMETRIC_REPRESENTATION_CONTEXT() REPRESENTATION_CONTEXT('2D SPACE',''
  ) );
#2399 = PCURVE('',#1739,#2400);
#2400 = DEFINITIONAL_REPRESENTATION('',(#2401),#2405);
#2401 = LINE('',#2402,#2403);
#2402 = CARTESIAN_POINT('',(-4.121147867409E-13,-167.2));
#2403 = VECTOR('',#2404,1.);
#2404 = DIRECTION('',(1.,0.));
#2405 = ( GEOMETRIC_REPRESENTATION_CONTEXT(2) 
PARAMETRIC_REPRESENTATION_CONTEXT() REPRESENTATION_CONTEXT('2D SPACE',''
  ) );
#2406 = ADVANCED_FACE('',(#2407),#1739,.T.);
#2407 = FACE_BOUND('',#2408,.T.);
#2408 = EDGE_LOOP('',(#2409,#2430,#2431,#2432));
#2409 = ORIENTED_EDGE('',*,*,#2410,.F.);
#2410 = EDGE_CURVE('',#1696,#1828,#2411,.T.);
#2411 = SURFACE_CURVE('',#2412,(#2416,#2423),.PCURVE_S1.);
#2412 = LINE('',#2413,#2414);
#2413 = CARTESIAN_POINT('',(258.33177508357,-6.722E+03,
    -4.343944080832E+03));
#2414 = VECTOR('',#2415,1.);
#2415 = DIRECTION('',(-0.522498564716,1.160179873762E-16,0.852640164354)
  );
#2416 = PCURVE('',#1739,#2417);
#2417 = DEFINITIONAL_REPRESENTATION('',(#2418),#2422);
#2418 = LINE('',#2419,#2420);
#2419 = CARTESIAN_POINT('',(0.,0.));
#2420 = VECTOR('',#2421,1.);
#2421 = DIRECTION('',(1.,0.));
#2422 = ( GEOMETRIC_REPRESENTATION_CONTEXT(2) 
PARAMETRIC_REPRESENTATION_CONTEXT() REPRESENTATION_CONTEXT('2D SPACE',''
  ) );
#2423 = PCURVE('',#1711,#2424);
#2424 = DEFINITIONAL_REPRESENTATION('',(#2425),#2429);
#2425 = LINE('',#2426,#2427);
#2426 = CARTESIAN_POINT('',(-1.728668011906E-14,405.));
#2427 = VECTOR('',#2428,1.);
#2428 = DIRECTION('',(1.,0.));
#2429 = ( GEOMETRIC_REPRESENTATION_CONTEXT(2) 
PARAMETRIC_REPRESENTATION_CONTEXT() REPRESENTATION_CONTEXT('2D SPACE',''
  ) );
#2430 = ORIENTED_EDGE('',*,*,#1723,.T.);
#2431 = ORIENTED_EDGE('',*,*,#2386,.T.);
#2432 = ORIENTED_EDGE('',*,*,#1850,.F.);
#2433 = ADVANCED_FACE('',(#2434),#1711,.F.);
#2434 = FACE_BOUND('',#2435,.F.);
#2435 = EDGE_LOOP('',(#2436,#2437,#2438,#2439));
#2436 = ORIENTED_EDGE('',*,*,#1695,.F.);
#2437 = ORIENTED_EDGE('',*,*,#1800,.T.);
#2438 = ORIENTED_EDGE('',*,*,#1827,.T.);
#2439 = ORIENTED_EDGE('',*,*,#2410,.F.);
#2440 = ADVANCED_FACE('',(#2441),#1960,.T.);
#2441 = FACE_BOUND('',#2442,.T.);
#2442 = EDGE_LOOP('',(#2443,#2444,#2445,#2446));
#2443 = ORIENTED_EDGE('',*,*,#2149,.F.);
#2444 = ORIENTED_EDGE('',*,*,#1946,.T.);
#2445 = ORIENTED_EDGE('',*,*,#2054,.T.);
#2446 = ORIENTED_EDGE('',*,*,#2447,.F.);
#2447 = EDGE_CURVE('',#2127,#2027,#2448,.T.);
#2448 = SURFACE_CURVE('',#2449,(#2453,#2460),.PCURVE_S1.);
#2449 = LINE('',#2450,#2451);
#2450 = CARTESIAN_POINT('',(253.10678943641,-5.842E+03,
    -4.256582320812E+03));
#2451 = VECTOR('',#2452,1.);
#2452 = DIRECTION('',(0.522498564716,-5.800899368812E-17,0.852640164354)
  );
#2453 = PCURVE('',#1960,#2454);
#2454 = DEFINITIONAL_REPRESENTATION('',(#2455),#2459);
#2455 = LINE('',#2456,#2457);
#2456 = CARTESIAN_POINT('',(-8.643340059531E-15,405.));
#2457 = VECTOR('',#2458,1.);
#2458 = DIRECTION('',(1.,0.));
#2459 = ( GEOMETRIC_REPRESENTATION_CONTEXT(2) 
PARAMETRIC_REPRESENTATION_CONTEXT() REPRESENTATION_CONTEXT('2D SPACE',''
  ) );
#2460 = PCURVE('',#2042,#2461);
#2461 = DEFINITIONAL_REPRESENTATION('',(#2462),#2466);
#2462 = LINE('',#2463,#2464);
#2463 = CARTESIAN_POINT('',(-4.121147867409E-13,-167.2));
#2464 = VECTOR('',#2465,1.);
#2465 = DIRECTION('',(1.,0.));
#2466 = ( GEOMETRIC_REPRESENTATION_CONTEXT(2) 
PARAMETRIC_REPRESENTATION_CONTEXT() REPRESENTATION_CONTEXT('2D SPACE',''
  ) );
#2467 = ADVANCED_FACE('',(#2468),#2042,.T.);
#2468 = FACE_BOUND('',#2469,.T.);
#2469 = EDGE_LOOP('',(#2470,#2491,#2492,#2493));
#2470 = ORIENTED_EDGE('',*,*,#2471,.F.);
#2471 = EDGE_CURVE('',#2104,#1999,#2472,.T.);
#2472 = SURFACE_CURVE('',#2473,(#2477,#2484),.PCURVE_S1.);
#2473 = LINE('',#2474,#2475);
#2474 = CARTESIAN_POINT('',(395.66822491642,-5.842E+03,
    -4.343944080832E+03));
#2475 = VECTOR('',#2476,1.);
#2476 = DIRECTION('',(0.522498564716,-5.800899368812E-17,0.852640164354)
  );
#2477 = PCURVE('',#2042,#2478);
#2478 = DEFINITIONAL_REPRESENTATION('',(#2479),#2483);
#2479 = LINE('',#2480,#2481);
#2480 = CARTESIAN_POINT('',(0.,0.));
#2481 = VECTOR('',#2482,1.);
#2482 = DIRECTION('',(1.,0.));
#2483 = ( GEOMETRIC_REPRESENTATION_CONTEXT(2) 
PARAMETRIC_REPRESENTATION_CONTEXT() REPRESENTATION_CONTEXT('2D SPACE',''
  ) );
#2484 = PCURVE('',#2014,#2485);
#2485 = DEFINITIONAL_REPRESENTATION('',(#2486),#2490);
#2486 = LINE('',#2487,#2488);
#2487 = CARTESIAN_POINT('',(6.206962324629E-15,405.));
#2488 = VECTOR('',#2489,1.);
#2489 = DIRECTION('',(1.,0.));
#2490 = ( GEOMETRIC_REPRESENTATION_CONTEXT(2) 
PARAMETRIC_REPRESENTATION_CONTEXT() REPRESENTATION_CONTEXT('2D SPACE',''
  ) );
#2491 = ORIENTED_EDGE('',*,*,#2126,.T.);
#2492 = ORIENTED_EDGE('',*,*,#2447,.T.);
#2493 = ORIENTED_EDGE('',*,*,#2026,.F.);
#2494 = ADVANCED_FACE('',(#2495),#2014,.F.);
#2495 = FACE_BOUND('',#2496,.F.);
#2496 = EDGE_LOOP('',(#2497,#2498,#2499,#2500));
#2497 = ORIENTED_EDGE('',*,*,#2103,.F.);
#2498 = ORIENTED_EDGE('',*,*,#2176,.T.);
#2499 = ORIENTED_EDGE('',*,*,#1998,.T.);
#2500 = ORIENTED_EDGE('',*,*,#2471,.F.);
#2501 = ADVANCED_FACE('',(#2502,#2533),#2303,.F.);
#2502 = FACE_BOUND('',#2503,.F.);
#2503 = EDGE_LOOP('',(#2504));
#2504 = ORIENTED_EDGE('',*,*,#2505,.T.);
#2505 = EDGE_CURVE('',#2506,#2506,#2508,.T.);
#2506 = VERTEX_POINT('',#2507);
#2507 = CARTESIAN_POINT('',(392.,-6.282E+03,-830.));
#2508 = SURFACE_CURVE('',#2509,(#2514,#2521),.PCURVE_S1.);
#2509 = CIRCLE('',#2510,65.);
#2510 = AXIS2_PLACEMENT_3D('',#2511,#2512,#2513);
#2511 = CARTESIAN_POINT('',(327.,-6.282E+03,-830.));
#2512 = DIRECTION('',(0.,0.,1.));
#2513 = DIRECTION('',(1.,0.,0.));
#2514 = PCURVE('',#2303,#2515);
#2515 = DEFINITIONAL_REPRESENTATION('',(#2516),#2520);
#2516 = CIRCLE('',#2517,65.);
#2517 = AXIS2_PLACEMENT_2D('',#2518,#2519);
#2518 = CARTESIAN_POINT('',(0.,0.));
#2519 = DIRECTION('',(1.,0.));
#2520 = ( GEOMETRIC_REPRESENTATION_CONTEXT(2) 
PARAMETRIC_REPRESENTATION_CONTEXT() REPRESENTATION_CONTEXT('2D SPACE',''
  ) );
#2521 = PCURVE('',#2522,#2527);
#2522 = CYLINDRICAL_SURFACE('',#2523,65.);
#2523 = AXIS2_PLACEMENT_3D('',#2524,#2525,#2526);
#2524 = CARTESIAN_POINT('',(327.,-6.282E+03,-740.));
#2525 = DIRECTION('',(-0.,-0.,-1.));
#2526 = DIRECTION('',(1.,0.,0.));
#2527 = DEFINITIONAL_REPRESENTATION('',(#2528),#2532);
#2528 = LINE('',#2529,#2530);
#2529 = CARTESIAN_POINT('',(0.,90.));
#2530 = VECTOR('',#2531,1.);
#2531 = DIRECTION('',(-1.,-0.));
#2532 = ( GEOMETRIC_REPRESENTATION_CONTEXT(2) 
PARAMETRIC_REPRESENTATION_CONTEXT() REPRESENTATION_CONTEXT('2D SPACE',''
  ) );
#2533 = FACE_BOUND('',#2534,.F.);
#2534 = EDGE_LOOP('',(#2535));
#2535 = ORIENTED_EDGE('',*,*,#2288,.T.);
#2536 = ADVANCED_FACE('',(#2537,#2863,#3019,#3175),#2522,.T.);
#2537 = FACE_BOUND('',#2538,.F.);
#2538 = EDGE_LOOP('',(#2539,#2581,#2604,#2631,#2632,#2659,#2689,#2717,
    #2757,#2778,#2779,#2780,#2807,#2837));
#2539 = ORIENTED_EDGE('',*,*,#2540,.F.);
#2540 = EDGE_CURVE('',#2541,#2543,#2545,.T.);
#2541 = VERTEX_POINT('',#2542);
#2542 = CARTESIAN_POINT('',(392.,-6.282E+03,-734.1358615169));
#2543 = VERTEX_POINT('',#2544);
#2544 = CARTESIAN_POINT('',(362.,-6.227227744249E+03,-700.5713800248));
#2545 = SURFACE_CURVE('',#2546,(#2551,#2569),.PCURVE_S1.);
#2546 = ELLIPSE('',#2547,76.233800279911,65.);
#2547 = AXIS2_PLACEMENT_3D('',#2548,#2549,#2550);
#2548 = CARTESIAN_POINT('',(327.,-6.282E+03,-734.1358615169));
#2549 = DIRECTION('',(0.,-0.522498564716,0.852640164354));
#2550 = DIRECTION('',(0.,-0.852640164354,-0.522498564716));
#2551 = PCURVE('',#2522,#2552);
#2552 = DEFINITIONAL_REPRESENTATION('',(#2553),#2568);
#2553 = B_SPLINE_CURVE_WITH_KNOTS('',7,(#2554,#2555,#2556,#2557,#2558,
    #2559,#2560,#2561,#2562,#2563,#2564,#2565,#2566,#2567),
  .UNSPECIFIED.,.F.,.F.,(8,6,8),(1.570796326795,2.398552831366,
    3.226309335937),.UNSPECIFIED.);
#2554 = CARTESIAN_POINT('',(0.,-5.86413848307));
#2555 = CARTESIAN_POINT('',(-0.118250929224,-10.57431555382));
#2556 = CARTESIAN_POINT('',(-0.236501858449,-15.28449250129));
#2557 = CARTESIAN_POINT('',(-0.354752787673,-19.88709286891));
#2558 = CARTESIAN_POINT('',(-0.473003716898,-24.27453556917));
#2559 = CARTESIAN_POINT('',(-0.591254646122,-28.34539464989));
#2560 = CARTESIAN_POINT('',(-0.709505575347,-32.01050156218));
#2561 = CARTESIAN_POINT('',(-0.946007433796,-38.38365003721));
#2562 = CARTESIAN_POINT('',(-1.06425836302,-41.09169143312));
#2563 = CARTESIAN_POINT('',(-1.182509292245,-43.24842317829));
#2564 = CARTESIAN_POINT('',(-1.30076022147,-44.79745024006));
#2565 = CARTESIAN_POINT('',(-1.419011150694,-45.70296325174));
#2566 = CARTESIAN_POINT('',(-1.537262079918,-45.95189297437));
#2567 = CARTESIAN_POINT('',(-1.655513009142,-45.55333952992));
#2568 = ( GEOMETRIC_REPRESENTATION_CONTEXT(2) 
PARAMETRIC_REPRESENTATION_CONTEXT() REPRESENTATION_CONTEXT('2D SPACE',''
  ) );
#2569 = PCURVE('',#2570,#2575);
#2570 = PLANE('',#2571);
#2571 = AXIS2_PLACEMENT_3D('',#2572,#2573,#2574);
#2572 = CARTESIAN_POINT('',(362.,-6.355893210564E+03,-779.4176791884));
#2573 = DIRECTION('',(0.,-0.522498564716,0.852640164354));
#2574 = DIRECTION('',(1.,0.,0.));
#2575 = DEFINITIONAL_REPRESENTATION('',(#2576),#2580);
#2576 = ELLIPSE('',#2577,76.233800279911,65.);
#2577 = AXIS2_PLACEMENT_2D('',#2578,#2579);
#2578 = CARTESIAN_POINT('',(-35.,86.6640039407));
#2579 = DIRECTION('',(0.,-1.));
#2580 = ( GEOMETRIC_REPRESENTATION_CONTEXT(2) 
PARAMETRIC_REPRESENTATION_CONTEXT() REPRESENTATION_CONTEXT('2D SPACE',''
  ) );
#2581 = ORIENTED_EDGE('',*,*,#2582,.T.);
#2582 = EDGE_CURVE('',#2541,#2583,#2585,.T.);
#2583 = VERTEX_POINT('',#2584);
#2584 = CARTESIAN_POINT('',(392.,-6.282E+03,-650.));
#2585 = SEAM_CURVE('',#2586,(#2590,#2597),.PCURVE_S1.);
#2586 = LINE('',#2587,#2588);
#2587 = CARTESIAN_POINT('',(392.,-6.282E+03,-740.));
#2588 = VECTOR('',#2589,1.);
#2589 = DIRECTION('',(0.,0.,1.));
#2590 = PCURVE('',#2522,#2591);
#2591 = DEFINITIONAL_REPRESENTATION('',(#2592),#2596);
#2592 = LINE('',#2593,#2594);
#2593 = CARTESIAN_POINT('',(-6.28318530718,0.));
#2594 = VECTOR('',#2595,1.);
#2595 = DIRECTION('',(-0.,-1.));
#2596 = ( GEOMETRIC_REPRESENTATION_CONTEXT(2) 
PARAMETRIC_REPRESENTATION_CONTEXT() REPRESENTATION_CONTEXT('2D SPACE',''
  ) );
#2597 = PCURVE('',#2522,#2598);
#2598 = DEFINITIONAL_REPRESENTATION('',(#2599),#2603);
#2599 = LINE('',#2600,#2601);
#2600 = CARTESIAN_POINT('',(-0.,0.));
#2601 = VECTOR('',#2602,1.);
#2602 = DIRECTION('',(-0.,-1.));
#2603 = ( GEOMETRIC_REPRESENTATION_CONTEXT(2) 
PARAMETRIC_REPRESENTATION_CONTEXT() REPRESENTATION_CONTEXT('2D SPACE',''
  ) );
#2604 = ORIENTED_EDGE('',*,*,#2605,.T.);
#2605 = EDGE_CURVE('',#2583,#2583,#2606,.T.);
#2606 = SURFACE_CURVE('',#2607,(#2612,#2619),.PCURVE_S1.);
#2607 = CIRCLE('',#2608,65.);
#2608 = AXIS2_PLACEMENT_3D('',#2609,#2610,#2611);
#2609 = CARTESIAN_POINT('',(327.,-6.282E+03,-650.));
#2610 = DIRECTION('',(0.,0.,1.));
#2611 = DIRECTION('',(1.,0.,0.));
#2612 = PCURVE('',#2522,#2613);
#2613 = DEFINITIONAL_REPRESENTATION('',(#2614),#2618);
#2614 = LINE('',#2615,#2616);
#2615 = CARTESIAN_POINT('',(-0.,-90.));
#2616 = VECTOR('',#2617,1.);
#2617 = DIRECTION('',(-1.,0.));
#2618 = ( GEOMETRIC_REPRESENTATION_CONTEXT(2) 
PARAMETRIC_REPRESENTATION_CONTEXT() REPRESENTATION_CONTEXT('2D SPACE',''
  ) );
#2619 = PCURVE('',#2620,#2625);
#2620 = PLANE('',#2621);
#2621 = AXIS2_PLACEMENT_3D('',#2622,#2623,#2624);
#2622 = CARTESIAN_POINT('',(327.,-6.282E+03,-650.));
#2623 = DIRECTION('',(0.,0.,1.));
#2624 = DIRECTION('',(1.,0.,-0.));
#2625 = DEFINITIONAL_REPRESENTATION('',(#2626),#2630);
#2626 = CIRCLE('',#2627,65.);
#2627 = AXIS2_PLACEMENT_2D('',#2628,#2629);
#2628 = CARTESIAN_POINT('',(0.,0.));
#2629 = DIRECTION('',(1.,0.));
#2630 = ( GEOMETRIC_REPRESENTATION_CONTEXT(2) 
PARAMETRIC_REPRESENTATION_CONTEXT() REPRESENTATION_CONTEXT('2D SPACE',''
  ) );
#2631 = ORIENTED_EDGE('',*,*,#2582,.F.);
#2632 = ORIENTED_EDGE('',*,*,#2633,.F.);
#2633 = EDGE_CURVE('',#2634,#2541,#2636,.T.);
#2634 = VERTEX_POINT('',#2635);
#2635 = CARTESIAN_POINT('',(391.29172965304,-6.291569404277E+03,-740.));
#2636 = SURFACE_CURVE('',#2637,(#2642,#2652),.PCURVE_S1.);
#2637 = ELLIPSE('',#2638,76.233800279911,65.);
#2638 = AXIS2_PLACEMENT_3D('',#2639,#2640,#2641);
#2639 = CARTESIAN_POINT('',(327.,-6.282E+03,-734.1358615169));
#2640 = DIRECTION('',(0.,-0.522498564716,0.852640164354));
#2641 = DIRECTION('',(0.,-0.852640164354,-0.522498564716));
#2642 = PCURVE('',#2522,#2643);
#2643 = DEFINITIONAL_REPRESENTATION('',(#2644),#2651);
#2644 = B_SPLINE_CURVE_WITH_KNOTS('',5,(#2645,#2646,#2647,#2648,#2649,
    #2650),.UNSPECIFIED.,.F.,.F.,(6,6),(1.423037633912,1.570796326795),
  .PIECEWISE_BEZIER_KNOTS.);
#2645 = CARTESIAN_POINT('',(-6.135426614297,5.999999928008E-07));
#2646 = CARTESIAN_POINT('',(-6.164978352873,-1.164279461739));
#2647 = CARTESIAN_POINT('',(-6.19453009145,-2.334961001774));
#2648 = CARTESIAN_POINT('',(-6.224081830026,-3.509925752459));
#2649 = CARTESIAN_POINT('',(-6.253633568603,-4.687032118177));
#2650 = CARTESIAN_POINT('',(-6.28318530718,-5.86413848307));
#2651 = ( GEOMETRIC_REPRESENTATION_CONTEXT(2) 
PARAMETRIC_REPRESENTATION_CONTEXT() REPRESENTATION_CONTEXT('2D SPACE',''
  ) );
#2652 = PCURVE('',#2570,#2653);
#2653 = DEFINITIONAL_REPRESENTATION('',(#2654),#2658);
#2654 = ELLIPSE('',#2655,76.233800279911,65.);
#2655 = AXIS2_PLACEMENT_2D('',#2656,#2657);
#2656 = CARTESIAN_POINT('',(-35.,86.6640039407));
#2657 = DIRECTION('',(0.,-1.));
#2658 = ( GEOMETRIC_REPRESENTATION_CONTEXT(2) 
PARAMETRIC_REPRESENTATION_CONTEXT() REPRESENTATION_CONTEXT('2D SPACE',''
  ) );
#2659 = ORIENTED_EDGE('',*,*,#2660,.F.);
#2660 = EDGE_CURVE('',#2661,#2634,#2663,.T.);
#2661 = VERTEX_POINT('',#2662);
#2662 = CARTESIAN_POINT('',(362.,-6.336772255751E+03,-767.700343009));
#2663 = SURFACE_CURVE('',#2664,(#2669,#2682),.PCURVE_S1.);
#2664 = ELLIPSE('',#2665,76.233800279911,65.);
#2665 = AXIS2_PLACEMENT_3D('',#2666,#2667,#2668);
#2666 = CARTESIAN_POINT('',(327.,-6.282E+03,-734.1358615169));
#2667 = DIRECTION('',(0.,-0.522498564716,0.852640164354));
#2668 = DIRECTION('',(0.,0.852640164354,0.522498564716));
#2669 = PCURVE('',#2522,#2670);
#2670 = DEFINITIONAL_REPRESENTATION('',(#2671),#2681);
#2671 = B_SPLINE_CURVE_WITH_KNOTS('',8,(#2672,#2673,#2674,#2675,#2676,
    #2677,#2678,#2679,#2680),.UNSPECIFIED.,.F.,.F.,(9,9),(3.056875971242
    ,4.56463031796),.PIECEWISE_BEZIER_KNOTS.);
#2672 = CARTESIAN_POINT('',(-4.627672298037,33.825062563782));
#2673 = CARTESIAN_POINT('',(-4.816141591377,34.460280287025));
#2674 = CARTESIAN_POINT('',(-5.004610884721,33.484311640779));
#2675 = CARTESIAN_POINT('',(-5.19308017804,30.862783282719));
#2676 = CARTESIAN_POINT('',(-5.381549471425,26.683367331309));
#2677 = CARTESIAN_POINT('',(-5.570018764713,21.159871533033));
#2678 = CARTESIAN_POINT('',(-5.758488058078,14.61258052236));
#2679 = CARTESIAN_POINT('',(-5.946957351415,7.425316895663));
#2680 = CARTESIAN_POINT('',(-6.135426644755,-6.000000167816E-07));
#2681 = ( GEOMETRIC_REPRESENTATION_CONTEXT(2) 
PARAMETRIC_REPRESENTATION_CONTEXT() REPRESENTATION_CONTEXT('2D SPACE',''
  ) );
#2682 = PCURVE('',#2570,#2683);
#2683 = DEFINITIONAL_REPRESENTATION('',(#2684),#2688);
#2684 = ELLIPSE('',#2685,76.233800279911,65.);
#2685 = AXIS2_PLACEMENT_2D('',#2686,#2687);
#2686 = CARTESIAN_POINT('',(-35.,86.6640039407));
#2687 = DIRECTION('',(0.,1.));
#2688 = ( GEOMETRIC_REPRESENTATION_CONTEXT(2) 
PARAMETRIC_REPRESENTATION_CONTEXT() REPRESENTATION_CONTEXT('2D SPACE',''
  ) );
#2689 = ORIENTED_EDGE('',*,*,#2690,.F.);
#2690 = EDGE_CURVE('',#2691,#2661,#2693,.T.);
#2691 = VERTEX_POINT('',#2692);
#2692 = CARTESIAN_POINT('',(362.,-6.336772255751E+03,-779.4286199751));
#2693 = SURFACE_CURVE('',#2694,(#2698,#2705),.PCURVE_S1.);
#2694 = LINE('',#2695,#2696);
#2695 = CARTESIAN_POINT('',(362.,-6.336772255751E+03,-740.));
#2696 = VECTOR('',#2697,1.);
#2697 = DIRECTION('',(0.,0.,1.));
#2698 = PCURVE('',#2522,#2699);
#2699 = DEFINITIONAL_REPRESENTATION('',(#2700),#2704);
#2700 = LINE('',#2701,#2702);
#2701 = CARTESIAN_POINT('',(-5.280999280649,-0.));
#2702 = VECTOR('',#2703,1.);
#2703 = DIRECTION('',(-0.,-1.));
#2704 = ( GEOMETRIC_REPRESENTATION_CONTEXT(2) 
PARAMETRIC_REPRESENTATION_CONTEXT() REPRESENTATION_CONTEXT('2D SPACE',''
  ) );
#2705 = PCURVE('',#2706,#2711);
#2706 = PLANE('',#2707);
#2707 = AXIS2_PLACEMENT_3D('',#2708,#2709,#2710);
#2708 = CARTESIAN_POINT('',(362.,-6.350668224916E+03,-787.944080832));
#2709 = DIRECTION('',(1.,0.,0.));
#2710 = DIRECTION('',(0.,-0.522498564716,0.852640164354));
#2711 = DEFINITIONAL_REPRESENTATION('',(#2712),#2716);
#2712 = LINE('',#2713,#2714);
#2713 = CARTESIAN_POINT('',(33.6184250159,-36.89897485483));
#2714 = VECTOR('',#2715,1.);
#2715 = DIRECTION('',(0.852640164354,-0.522498564716));
#2716 = ( GEOMETRIC_REPRESENTATION_CONTEXT(2) 
PARAMETRIC_REPRESENTATION_CONTEXT() REPRESENTATION_CONTEXT('2D SPACE',''
  ) );
#2717 = ORIENTED_EDGE('',*,*,#2718,.T.);
#2718 = EDGE_CURVE('',#2691,#2719,#2721,.T.);
#2719 = VERTEX_POINT('',#2720);
#2720 = CARTESIAN_POINT('',(392.,-6.282E+03,-745.864138483));
#2721 = SURFACE_CURVE('',#2722,(#2727,#2745),.PCURVE_S1.);
#2722 = ELLIPSE('',#2723,76.233800279911,65.);
#2723 = AXIS2_PLACEMENT_3D('',#2724,#2725,#2726);
#2724 = CARTESIAN_POINT('',(327.,-6.282E+03,-745.864138483));
#2725 = DIRECTION('',(0.,-0.522498564716,0.852640164354));
#2726 = DIRECTION('',(0.,0.852640164354,0.522498564716));
#2727 = PCURVE('',#2522,#2728);
#2728 = DEFINITIONAL_REPRESENTATION('',(#2729),#2744);
#2729 = B_SPLINE_CURVE_WITH_KNOTS('',7,(#2730,#2731,#2732,#2733,#2734,
    #2735,#2736,#2737,#2738,#2739,#2740,#2741,#2742,#2743),
  .UNSPECIFIED.,.F.,.F.,(8,6,8),(3.056875971242,3.884632475813,
    4.712388980385),.UNSPECIFIED.);
#2730 = CARTESIAN_POINT('',(-4.627672298037,45.553339529922));
#2731 = CARTESIAN_POINT('',(-4.745923227262,45.951892974371));
#2732 = CARTESIAN_POINT('',(-4.864174156486,45.70296325175));
#2733 = CARTESIAN_POINT('',(-4.98242508571,44.79745024005));
#2734 = CARTESIAN_POINT('',(-5.100676014934,43.248423178302));
#2735 = CARTESIAN_POINT('',(-5.21892694416,41.091691433116));
#2736 = CARTESIAN_POINT('',(-5.337177873384,38.383650037213));
#2737 = CARTESIAN_POINT('',(-5.573679731833,32.010501562186));
#2738 = CARTESIAN_POINT('',(-5.691930661058,28.345394649888));
#2739 = CARTESIAN_POINT('',(-5.810181590282,24.274535569182));
#2740 = CARTESIAN_POINT('',(-5.928432519508,19.88709286891));
#2741 = CARTESIAN_POINT('',(-6.046683448731,15.284492501291));
#2742 = CARTESIAN_POINT('',(-6.164934377955,10.574315553827));
#2743 = CARTESIAN_POINT('',(-6.28318530718,5.86413848307));
#2744 = ( GEOMETRIC_REPRESENTATION_CONTEXT(2) 
PARAMETRIC_REPRESENTATION_CONTEXT() REPRESENTATION_CONTEXT('2D SPACE',''
  ) );
#2745 = PCURVE('',#2746,#2751);
#2746 = PLANE('',#2747);
#2747 = AXIS2_PLACEMENT_3D('',#2748,#2749,#2750);
#2748 = CARTESIAN_POINT('',(362.,-6.350668224916E+03,-787.944080832));
#2749 = DIRECTION('',(0.,-0.522498564716,0.852640164354));
#2750 = DIRECTION('',(1.,0.,0.));
#2751 = DEFINITIONAL_REPRESENTATION('',(#2752),#2756);
#2752 = ELLIPSE('',#2753,76.233800279911,65.);
#2753 = AXIS2_PLACEMENT_2D('',#2754,#2755);
#2754 = CARTESIAN_POINT('',(-35.,80.5359960593));
#2755 = DIRECTION('',(0.,1.));
#2756 = ( GEOMETRIC_REPRESENTATION_CONTEXT(2) 
PARAMETRIC_REPRESENTATION_CONTEXT() REPRESENTATION_CONTEXT('2D SPACE',''
  ) );
#2757 = ORIENTED_EDGE('',*,*,#2758,.T.);
#2758 = EDGE_CURVE('',#2719,#2506,#2759,.T.);
#2759 = SEAM_CURVE('',#2760,(#2764,#2771),.PCURVE_S1.);
#2760 = LINE('',#2761,#2762);
#2761 = CARTESIAN_POINT('',(392.,-6.282E+03,-740.));
#2762 = VECTOR('',#2763,1.);
#2763 = DIRECTION('',(-0.,-0.,-1.));
#2764 = PCURVE('',#2522,#2765);
#2765 = DEFINITIONAL_REPRESENTATION('',(#2766),#2770);
#2766 = LINE('',#2767,#2768);
#2767 = CARTESIAN_POINT('',(-0.,-0.));
#2768 = VECTOR('',#2769,1.);
#2769 = DIRECTION('',(0.,1.));
#2770 = ( GEOMETRIC_REPRESENTATION_CONTEXT(2) 
PARAMETRIC_REPRESENTATION_CONTEXT() REPRESENTATION_CONTEXT('2D SPACE',''
  ) );
#2771 = PCURVE('',#2522,#2772);
#2772 = DEFINITIONAL_REPRESENTATION('',(#2773),#2777);
#2773 = LINE('',#2774,#2775);
#2774 = CARTESIAN_POINT('',(-6.28318530718,-0.));
#2775 = VECTOR('',#2776,1.);
#2776 = DIRECTION('',(0.,1.));
#2777 = ( GEOMETRIC_REPRESENTATION_CONTEXT(2) 
PARAMETRIC_REPRESENTATION_CONTEXT() REPRESENTATION_CONTEXT('2D SPACE',''
  ) );
#2778 = ORIENTED_EDGE('',*,*,#2505,.F.);
#2779 = ORIENTED_EDGE('',*,*,#2758,.F.);
#2780 = ORIENTED_EDGE('',*,*,#2781,.T.);
#2781 = EDGE_CURVE('',#2719,#2782,#2784,.T.);
#2782 = VERTEX_POINT('',#2783);
#2783 = CARTESIAN_POINT('',(391.29172965304,-6.272430595723E+03,-740.));
#2784 = SURFACE_CURVE('',#2785,(#2790,#2800),.PCURVE_S1.);
#2785 = ELLIPSE('',#2786,76.233800279911,65.);
#2786 = AXIS2_PLACEMENT_3D('',#2787,#2788,#2789);
#2787 = CARTESIAN_POINT('',(327.,-6.282E+03,-745.864138483));
#2788 = DIRECTION('',(0.,-0.522498564716,0.852640164354));
#2789 = DIRECTION('',(0.,0.852640164354,0.522498564716));
#2790 = PCURVE('',#2522,#2791);
#2791 = DEFINITIONAL_REPRESENTATION('',(#2792),#2799);
#2792 = B_SPLINE_CURVE_WITH_KNOTS('',5,(#2793,#2794,#2795,#2796,#2797,
    #2798),.UNSPECIFIED.,.F.,.F.,(6,6),(4.712388980385,4.860147673268),
  .PIECEWISE_BEZIER_KNOTS.);
#2793 = CARTESIAN_POINT('',(0.,5.86413848307));
#2794 = CARTESIAN_POINT('',(-2.955173857662E-02,4.687032118177));
#2795 = CARTESIAN_POINT('',(-5.910347715323E-02,3.509925752459));
#2796 = CARTESIAN_POINT('',(-8.865521572985E-02,2.334961001774));
#2797 = CARTESIAN_POINT('',(-0.118206954306,1.164279461739));
#2798 = CARTESIAN_POINT('',(-0.147758692883,-6.000000096762E-07));
#2799 = ( GEOMETRIC_REPRESENTATION_CONTEXT(2) 
PARAMETRIC_REPRESENTATION_CONTEXT() REPRESENTATION_CONTEXT('2D SPACE',''
  ) );
#2800 = PCURVE('',#2746,#2801);
#2801 = DEFINITIONAL_REPRESENTATION('',(#2802),#2806);
#2802 = ELLIPSE('',#2803,76.233800279911,65.);
#2803 = AXIS2_PLACEMENT_2D('',#2804,#2805);
#2804 = CARTESIAN_POINT('',(-35.,80.5359960593));
#2805 = DIRECTION('',(0.,1.));
#2806 = ( GEOMETRIC_REPRESENTATION_CONTEXT(2) 
PARAMETRIC_REPRESENTATION_CONTEXT() REPRESENTATION_CONTEXT('2D SPACE',''
  ) );
#2807 = ORIENTED_EDGE('',*,*,#2808,.T.);
#2808 = EDGE_CURVE('',#2782,#2809,#2811,.T.);
#2809 = VERTEX_POINT('',#2810);
#2810 = CARTESIAN_POINT('',(362.,-6.227227744249E+03,-712.2996569909));
#2811 = SURFACE_CURVE('',#2812,(#2817,#2830),.PCURVE_S1.);
#2812 = ELLIPSE('',#2813,76.233800279911,65.);
#2813 = AXIS2_PLACEMENT_3D('',#2814,#2815,#2816);
#2814 = CARTESIAN_POINT('',(327.,-6.282E+03,-745.864138483));
#2815 = DIRECTION('',(0.,-0.522498564716,0.852640164354));
#2816 = DIRECTION('',(0.,-0.852640164354,-0.522498564716));
#2817 = PCURVE('',#2522,#2818);
#2818 = DEFINITIONAL_REPRESENTATION('',(#2819),#2829);
#2819 = B_SPLINE_CURVE_WITH_KNOTS('',8,(#2820,#2821,#2822,#2823,#2824,
    #2825,#2826,#2827,#2828),.UNSPECIFIED.,.F.,.F.,(9,9),(1.71855498922,
    3.226309335937),.PIECEWISE_BEZIER_KNOTS.);
#2820 = CARTESIAN_POINT('',(-0.147758662425,5.999999910244E-07));
#2821 = CARTESIAN_POINT('',(-0.336227955764,-7.425316895663));
#2822 = CARTESIAN_POINT('',(-0.524697249103,-14.61258052236));
#2823 = CARTESIAN_POINT('',(-0.713166542449,-21.15987153296));
#2824 = CARTESIAN_POINT('',(-0.901635835776,-26.6833673313));
#2825 = CARTESIAN_POINT('',(-1.090105129127,-30.86278328264));
#2826 = CARTESIAN_POINT('',(-1.278574422462,-33.48431164079));
#2827 = CARTESIAN_POINT('',(-1.467043715803,-34.46028028702));
#2828 = CARTESIAN_POINT('',(-1.655513009142,-33.82506256378));
#2829 = ( GEOMETRIC_REPRESENTATION_CONTEXT(2) 
PARAMETRIC_REPRESENTATION_CONTEXT() REPRESENTATION_CONTEXT('2D SPACE',''
  ) );
#2830 = PCURVE('',#2746,#2831);
#2831 = DEFINITIONAL_REPRESENTATION('',(#2832),#2836);
#2832 = ELLIPSE('',#2833,76.233800279911,65.);
#2833 = AXIS2_PLACEMENT_2D('',#2834,#2835);
#2834 = CARTESIAN_POINT('',(-35.,80.5359960593));
#2835 = DIRECTION('',(0.,-1.));
#2836 = ( GEOMETRIC_REPRESENTATION_CONTEXT(2) 
PARAMETRIC_REPRESENTATION_CONTEXT() REPRESENTATION_CONTEXT('2D SPACE',''
  ) );
#2837 = ORIENTED_EDGE('',*,*,#2838,.F.);
#2838 = EDGE_CURVE('',#2543,#2809,#2839,.T.);
#2839 = SURFACE_CURVE('',#2840,(#2844,#2851),.PCURVE_S1.);
#2840 = LINE('',#2841,#2842);
#2841 = CARTESIAN_POINT('',(362.,-6.227227744249E+03,-740.));
#2842 = VECTOR('',#2843,1.);
#2843 = DIRECTION('',(-0.,-0.,-1.));
#2844 = PCURVE('',#2522,#2845);
#2845 = DEFINITIONAL_REPRESENTATION('',(#2846),#2850);
#2846 = LINE('',#2847,#2848);
#2847 = CARTESIAN_POINT('',(-1.002186026531,0.));
#2848 = VECTOR('',#2849,1.);
#2849 = DIRECTION('',(-0.,1.));
#2850 = ( GEOMETRIC_REPRESENTATION_CONTEXT(2) 
PARAMETRIC_REPRESENTATION_CONTEXT() REPRESENTATION_CONTEXT('2D SPACE',''
  ) );
#2851 = PCURVE('',#2852,#2857);
#2852 = PLANE('',#2853);
#2853 = AXIS2_PLACEMENT_3D('',#2854,#2855,#2856);
#2854 = CARTESIAN_POINT('',(362.,-6.350668224916E+03,-787.944080832));
#2855 = DIRECTION('',(1.,0.,0.));
#2856 = DIRECTION('',(0.,-0.522498564716,0.852640164354));
#2857 = DEFINITIONAL_REPRESENTATION('',(#2858),#2862);
#2858 = LINE('',#2859,#2860);
#2859 = CARTESIAN_POINT('',(-23.6184250159,-130.3010251451));
#2860 = VECTOR('',#2861,1.);
#2861 = DIRECTION('',(-0.852640164354,0.522498564716));
#2862 = ( GEOMETRIC_REPRESENTATION_CONTEXT(2) 
PARAMETRIC_REPRESENTATION_CONTEXT() REPRESENTATION_CONTEXT('2D SPACE',''
  ) );
#2863 = FACE_BOUND('',#2864,.F.);
#2864 = EDGE_LOOP('',(#2865,#2895,#2944,#2972));
#2865 = ORIENTED_EDGE('',*,*,#2866,.F.);
#2866 = EDGE_CURVE('',#2867,#2869,#2871,.T.);
#2867 = VERTEX_POINT('',#2868);
#2868 = CARTESIAN_POINT('',(292.,-6.336772255751E+03,-700.5713800248));
#2869 = VERTEX_POINT('',#2870);
#2870 = CARTESIAN_POINT('',(292.,-6.336772255751E+03,-712.2996569909));
#2871 = SURFACE_CURVE('',#2872,(#2876,#2883),.PCURVE_S1.);
#2872 = LINE('',#2873,#2874);
#2873 = CARTESIAN_POINT('',(292.,-6.336772255751E+03,-740.));
#2874 = VECTOR('',#2875,1.);
#2875 = DIRECTION('',(-0.,-0.,-1.));
#2876 = PCURVE('',#2522,#2877);
#2877 = DEFINITIONAL_REPRESENTATION('',(#2878),#2882);
#2878 = LINE('',#2879,#2880);
#2879 = CARTESIAN_POINT('',(-4.143778680121,0.));
#2880 = VECTOR('',#2881,1.);
#2881 = DIRECTION('',(-0.,1.));
#2882 = ( GEOMETRIC_REPRESENTATION_CONTEXT(2) 
PARAMETRIC_REPRESENTATION_CONTEXT() REPRESENTATION_CONTEXT('2D SPACE',''
  ) );
#2883 = PCURVE('',#2884,#2889);
#2884 = PLANE('',#2885);
#2885 = AXIS2_PLACEMENT_3D('',#2886,#2887,#2888);
#2886 = CARTESIAN_POINT('',(292.,-6.213331775084E+03,-787.944080832));
#2887 = DIRECTION('',(-1.,1.224646799147E-16,0.));
#2888 = DIRECTION('',(6.398761948385E-17,0.522498564716,0.852640164354)
  );
#2889 = DEFINITIONAL_REPRESENTATION('',(#2890),#2894);
#2890 = LINE('',#2891,#2892);
#2891 = CARTESIAN_POINT('',(-23.6184250159,-130.3010251451));
#2892 = VECTOR('',#2893,1.);
#2893 = DIRECTION('',(-0.852640164354,0.522498564716));
#2894 = ( GEOMETRIC_REPRESENTATION_CONTEXT(2) 
PARAMETRIC_REPRESENTATION_CONTEXT() REPRESENTATION_CONTEXT('2D SPACE',''
  ) );
#2895 = ORIENTED_EDGE('',*,*,#2896,.F.);
#2896 = EDGE_CURVE('',#2897,#2867,#2899,.T.);
#2897 = VERTEX_POINT('',#2898);
#2898 = CARTESIAN_POINT('',(292.,-6.227227744249E+03,-767.700343009));
#2899 = SURFACE_CURVE('',#2900,(#2905,#2932),.PCURVE_S1.);
#2900 = ELLIPSE('',#2901,76.233800279911,65.);
#2901 = AXIS2_PLACEMENT_3D('',#2902,#2903,#2904);
#2902 = CARTESIAN_POINT('',(327.,-6.282E+03,-734.1358615169));
#2903 = DIRECTION('',(6.398761948385E-17,0.522498564716,0.852640164354)
  );
#2904 = DIRECTION('',(1.044183048101E-16,0.852640164354,-0.522498564716)
  );
#2905 = PCURVE('',#2522,#2906);
#2906 = DEFINITIONAL_REPRESENTATION('',(#2907),#2931);
#2907 = B_SPLINE_CURVE_WITH_KNOTS('',8,(#2908,#2909,#2910,#2911,#2912,
    #2913,#2914,#2915,#2916,#2917,#2918,#2919,#2920,#2921,#2922,#2923,
    #2924,#2925,#2926,#2927,#2928,#2929,#2930),.UNSPECIFIED.,.F.,.F.,(9,
    7,7,9),(6.198468624832,7.026225129403,8.26785988626,9.509494643117),
  .UNSPECIFIED.);
#2908 = CARTESIAN_POINT('',(-1.486079644447,33.825062563782));
#2909 = CARTESIAN_POINT('',(-1.589549207519,34.173796827675));
#2910 = CARTESIAN_POINT('',(-1.693018770591,34.036918716259));
#2911 = CARTESIAN_POINT('',(-1.796488333661,33.408740653313));
#2912 = CARTESIAN_POINT('',(-1.899957896733,32.294659743031));
#2913 = CARTESIAN_POINT('',(-2.003427459805,30.711371807696));
#2914 = CARTESIAN_POINT('',(-2.106897022875,28.686404118007));
#2915 = CARTESIAN_POINT('',(-2.210366585947,26.257051291384));
#2916 = CARTESIAN_POINT('',(-2.469040493626,19.286420146823));
#2917 = CARTESIAN_POINT('',(-2.62424483823,14.296517517428));
#2918 = CARTESIAN_POINT('',(-2.779449182843,8.65261247873));
#2919 = CARTESIAN_POINT('',(-2.934653527433,2.549709997043));
#2920 = CARTESIAN_POINT('',(-3.089857872059,-3.787477625615));
#2921 = CARTESIAN_POINT('',(-3.245062216659,-10.12184558313));
#2922 = CARTESIAN_POINT('',(-3.400266561268,-16.22298171925));
#2923 = CARTESIAN_POINT('',(-3.710675250483,-27.54326141746));
#2924 = CARTESIAN_POINT('',(-3.865879595083,-32.76240544428));
#2925 = CARTESIAN_POINT('',(-4.02108393971,-37.33279037229));
#2926 = CARTESIAN_POINT('',(-4.176288284278,-41.06932337753));
#2927 = CARTESIAN_POINT('',(-4.331492628924,-43.82556160708));
#2928 = CARTESIAN_POINT('',(-4.48669697351,-45.506914866));
#2929 = CARTESIAN_POINT('',(-4.641901318125,-46.07644092576));
#2930 = CARTESIAN_POINT('',(-4.797105662732,-45.55333952992));
#2931 = ( GEOMETRIC_REPRESENTATION_CONTEXT(2) 
PARAMETRIC_REPRESENTATION_CONTEXT() REPRESENTATION_CONTEXT('2D SPACE',''
  ) );
#2932 = PCURVE('',#2933,#2938);
#2933 = PLANE('',#2934);
#2934 = AXIS2_PLACEMENT_3D('',#2935,#2936,#2937);
#2935 = CARTESIAN_POINT('',(292.,-6.208106789436E+03,-779.4176791884));
#2936 = DIRECTION('',(6.398761948385E-17,0.522498564716,0.852640164354)
  );
#2937 = DIRECTION('',(-1.,1.224646799147E-16,0.));
#2938 = DEFINITIONAL_REPRESENTATION('',(#2939),#2943);
#2939 = ELLIPSE('',#2940,76.233800279911,65.);
#2940 = AXIS2_PLACEMENT_2D('',#2941,#2942);
#2941 = CARTESIAN_POINT('',(-35.,86.6640039407));
#2942 = DIRECTION('',(-3.697785493223E-32,-1.));
#2943 = ( GEOMETRIC_REPRESENTATION_CONTEXT(2) 
PARAMETRIC_REPRESENTATION_CONTEXT() REPRESENTATION_CONTEXT('2D SPACE',''
  ) );
#2944 = ORIENTED_EDGE('',*,*,#2945,.T.);
#2945 = EDGE_CURVE('',#2897,#2946,#2948,.T.);
#2946 = VERTEX_POINT('',#2947);
#2947 = CARTESIAN_POINT('',(292.,-6.227227744249E+03,-779.4286199751));
#2948 = SURFACE_CURVE('',#2949,(#2953,#2960),.PCURVE_S1.);
#2949 = LINE('',#2950,#2951);
#2950 = CARTESIAN_POINT('',(292.,-6.227227744249E+03,-740.));
#2951 = VECTOR('',#2952,1.);
#2952 = DIRECTION('',(-0.,-0.,-1.));
#2953 = PCURVE('',#2522,#2954);
#2954 = DEFINITIONAL_REPRESENTATION('',(#2955),#2959);
#2955 = LINE('',#2956,#2957);
#2956 = CARTESIAN_POINT('',(-2.139406627059,0.));
#2957 = VECTOR('',#2958,1.);
#2958 = DIRECTION('',(-0.,1.));
#2959 = ( GEOMETRIC_REPRESENTATION_CONTEXT(2) 
PARAMETRIC_REPRESENTATION_CONTEXT() REPRESENTATION_CONTEXT('2D SPACE',''
  ) );
#2960 = PCURVE('',#2961,#2966);
#2961 = PLANE('',#2962);
#2962 = AXIS2_PLACEMENT_3D('',#2963,#2964,#2965);
#2963 = CARTESIAN_POINT('',(292.,-6.213331775084E+03,-787.944080832));
#2964 = DIRECTION('',(-1.,1.224646799147E-16,0.));
#2965 = DIRECTION('',(6.398761948385E-17,0.522498564716,0.852640164354)
  );
#2966 = DEFINITIONAL_REPRESENTATION('',(#2967),#2971);
#2967 = LINE('',#2968,#2969);
#2968 = CARTESIAN_POINT('',(33.6184250159,-36.89897485483));
#2969 = VECTOR('',#2970,1.);
#2970 = DIRECTION('',(-0.852640164354,0.522498564716));
#2971 = ( GEOMETRIC_REPRESENTATION_CONTEXT(2) 
PARAMETRIC_REPRESENTATION_CONTEXT() REPRESENTATION_CONTEXT('2D SPACE',''
  ) );
#2972 = ORIENTED_EDGE('',*,*,#2973,.T.);
#2973 = EDGE_CURVE('',#2946,#2869,#2974,.T.);
#2974 = SURFACE_CURVE('',#2975,(#2980,#3007),.PCURVE_S1.);
#2975 = ELLIPSE('',#2976,76.233800279911,65.);
#2976 = AXIS2_PLACEMENT_3D('',#2977,#2978,#2979);
#2977 = CARTESIAN_POINT('',(327.,-6.282E+03,-745.864138483));
#2978 = DIRECTION('',(6.398761948385E-17,0.522498564716,0.852640164354)
  );
#2979 = DIRECTION('',(1.044183048101E-16,0.852640164354,-0.522498564716)
  );
#2980 = PCURVE('',#2522,#2981);
#2981 = DEFINITIONAL_REPRESENTATION('',(#2982),#3006);
#2982 = B_SPLINE_CURVE_WITH_KNOTS('',8,(#2983,#2984,#2985,#2986,#2987,
    #2988,#2989,#2990,#2991,#2992,#2993,#2994,#2995,#2996,#2997,#2998,
    #2999,#3000,#3001,#3002,#3003,#3004,#3005),.UNSPECIFIED.,.F.,.F.,(9,
    7,7,9),(6.198468624832,7.026225129403,8.26785988626,9.509494643117),
  .UNSPECIFIED.);
#2983 = CARTESIAN_POINT('',(-1.486079644447,45.553339529922));
#2984 = CARTESIAN_POINT('',(-1.589549207519,45.902073793815));
#2985 = CARTESIAN_POINT('',(-1.693018770591,45.7651956824));
#2986 = CARTESIAN_POINT('',(-1.796488333661,45.137017619453));
#2987 = CARTESIAN_POINT('',(-1.899957896733,44.022936709176));
#2988 = CARTESIAN_POINT('',(-2.003427459805,42.439648773844));
#2989 = CARTESIAN_POINT('',(-2.106897022875,40.414681084151));
#2990 = CARTESIAN_POINT('',(-2.210366585947,37.985328257524));
#2991 = CARTESIAN_POINT('',(-2.469040493626,31.014697112963));
#2992 = CARTESIAN_POINT('',(-2.62424483823,26.024794483546));
#2993 = CARTESIAN_POINT('',(-2.779449182843,20.380889444968));
#2994 = CARTESIAN_POINT('',(-2.934653527433,14.277986963032));
#2995 = CARTESIAN_POINT('',(-3.089857872059,7.940799340613));
#2996 = CARTESIAN_POINT('',(-3.245062216659,1.606431382985));
#2997 = CARTESIAN_POINT('',(-3.400266561268,-4.494704753114));
#2998 = CARTESIAN_POINT('',(-3.710675250483,-15.81498445132));
#2999 = CARTESIAN_POINT('',(-3.865879595083,-21.03412847808));
#3000 = CARTESIAN_POINT('',(-4.02108393971,-25.60451340637));
#3001 = CARTESIAN_POINT('',(-4.176288284278,-29.34104641099));
#3002 = CARTESIAN_POINT('',(-4.331492628924,-32.09728464123));
#3003 = CARTESIAN_POINT('',(-4.48669697351,-33.7786378998));
#3004 = CARTESIAN_POINT('',(-4.641901318125,-34.34816395962));
#3005 = CARTESIAN_POINT('',(-4.797105662732,-33.82506256378));
#3006 = ( GEOMETRIC_REPRESENTATION_CONTEXT(2) 
PARAMETRIC_REPRESENTATION_CONTEXT() REPRESENTATION_CONTEXT('2D SPACE',''
  ) );
#3007 = PCURVE('',#3008,#3013);
#3008 = PLANE('',#3009);
#3009 = AXIS2_PLACEMENT_3D('',#3010,#3011,#3012);
#3010 = CARTESIAN_POINT('',(292.,-6.213331775084E+03,-787.944080832));
#3011 = DIRECTION('',(6.398761948385E-17,0.522498564716,0.852640164354)
  );
#3012 = DIRECTION('',(-1.,1.224646799147E-16,0.));
#3013 = DEFINITIONAL_REPRESENTATION('',(#3014),#3018);
#3014 = ELLIPSE('',#3015,76.233800279911,65.);
#3015 = AXIS2_PLACEMENT_2D('',#3016,#3017);
#3016 = CARTESIAN_POINT('',(-35.,80.5359960593));
#3017 = DIRECTION('',(-3.697785493223E-32,-1.));
#3018 = ( GEOMETRIC_REPRESENTATION_CONTEXT(2) 
PARAMETRIC_REPRESENTATION_CONTEXT() REPRESENTATION_CONTEXT('2D SPACE',''
  ) );
#3019 = FACE_BOUND('',#3020,.F.);
#3020 = EDGE_LOOP('',(#3021,#3051,#3100,#3128));
#3021 = ORIENTED_EDGE('',*,*,#3022,.F.);
#3022 = EDGE_CURVE('',#3023,#3025,#3027,.T.);
#3023 = VERTEX_POINT('',#3024);
#3024 = CARTESIAN_POINT('',(381.77225575051,-6.317E+03,-700.5713800248)
  );
#3025 = VERTEX_POINT('',#3026);
#3026 = CARTESIAN_POINT('',(381.77225575051,-6.317E+03,-712.2996569909)
  );
#3027 = SURFACE_CURVE('',#3028,(#3032,#3039),.PCURVE_S1.);
#3028 = LINE('',#3029,#3030);
#3029 = CARTESIAN_POINT('',(381.77225575051,-6.317E+03,-740.));
#3030 = VECTOR('',#3031,1.);
#3031 = DIRECTION('',(-0.,-0.,-1.));
#3032 = PCURVE('',#2522,#3033);
#3033 = DEFINITIONAL_REPRESENTATION('',(#3034),#3038);
#3034 = LINE('',#3035,#3036);
#3035 = CARTESIAN_POINT('',(-5.714575006915,0.));
#3036 = VECTOR('',#3037,1.);
#3037 = DIRECTION('',(-0.,1.));
#3038 = ( GEOMETRIC_REPRESENTATION_CONTEXT(2) 
PARAMETRIC_REPRESENTATION_CONTEXT() REPRESENTATION_CONTEXT('2D SPACE',''
  ) );
#3039 = PCURVE('',#3040,#3045);
#3040 = PLANE('',#3041);
#3041 = AXIS2_PLACEMENT_3D('',#3042,#3043,#3044);
#3042 = CARTESIAN_POINT('',(258.33177508357,-6.317E+03,-787.944080832));
#3043 = DIRECTION('',(-2.22044604925E-16,-1.,0.));
#3044 = DIRECTION('',(-0.522498564716,1.160179873762E-16,0.852640164354)
  );
#3045 = DEFINITIONAL_REPRESENTATION('',(#3046),#3050);
#3046 = LINE('',#3047,#3048);
#3047 = CARTESIAN_POINT('',(-23.6184250159,-130.3010251451));
#3048 = VECTOR('',#3049,1.);
#3049 = DIRECTION('',(-0.852640164354,0.522498564716));
#3050 = ( GEOMETRIC_REPRESENTATION_CONTEXT(2) 
PARAMETRIC_REPRESENTATION_CONTEXT() REPRESENTATION_CONTEXT('2D SPACE',''
  ) );
#3051 = ORIENTED_EDGE('',*,*,#3052,.F.);
#3052 = EDGE_CURVE('',#3053,#3023,#3055,.T.);
#3053 = VERTEX_POINT('',#3054);
#3054 = CARTESIAN_POINT('',(272.22774424948,-6.317E+03,-767.700343009));
#3055 = SURFACE_CURVE('',#3056,(#3061,#3088),.PCURVE_S1.);
#3056 = ELLIPSE('',#3057,76.233800279911,65.);
#3057 = AXIS2_PLACEMENT_3D('',#3058,#3059,#3060);
#3058 = CARTESIAN_POINT('',(327.,-6.282E+03,-734.1358615169));
#3059 = DIRECTION('',(-0.522498564716,1.160179873762E-16,0.852640164354)
  );
#3060 = DIRECTION('',(-0.852640164354,1.893241484372E-16,-0.522498564716
    ));
#3061 = PCURVE('',#2522,#3062);
#3062 = DEFINITIONAL_REPRESENTATION('',(#3063),#3087);
#3063 = B_SPLINE_CURVE_WITH_KNOTS('',8,(#3064,#3065,#3066,#3067,#3068,
    #3069,#3070,#3071,#3072,#3073,#3074,#3075,#3076,#3077,#3078,#3079,
    #3080,#3081,#3082,#3083,#3084,#3085,#3086),.UNSPECIFIED.,.F.,.F.,(9,
    7,7,9),(6.198468624832,7.005045958816,8.214911959793,9.424777960769)
  ,.UNSPECIFIED.);
#3064 = CARTESIAN_POINT('',(-3.056875971242,33.825062563782));
#3065 = CARTESIAN_POINT('',(-3.15769813799,34.164874031631));
#3066 = CARTESIAN_POINT('',(-3.258520304738,34.043605229742));
#3067 = CARTESIAN_POINT('',(-3.359342471487,33.455993900345));
#3068 = CARTESIAN_POINT('',(-3.460164638235,32.406771359751));
#3069 = CARTESIAN_POINT('',(-3.560986804982,30.91084930164));
#3070 = CARTESIAN_POINT('',(-3.661808971731,28.992925416071));
#3071 = CARTESIAN_POINT('',(-3.762631138479,26.686576117213));
#3072 = CARTESIAN_POINT('',(-4.014686555349,20.052397506352));
#3073 = CARTESIAN_POINT('',(-4.165919805469,15.290415707586));
#3074 = CARTESIAN_POINT('',(-4.317153055585,9.885689213249));
#3075 = CARTESIAN_POINT('',(-4.468386305722,4.015067055893));
#3076 = CARTESIAN_POINT('',(-4.619619555839,-2.116590845939));
#3077 = CARTESIAN_POINT('',(-4.770852805956,-8.291335500204));
#3078 = CARTESIAN_POINT('',(-4.922086056081,-14.29481821823));
#3079 = CARTESIAN_POINT('',(-5.224552556325,-25.56641986228));
#3080 = CARTESIAN_POINT('',(-5.375785806439,-30.83453916814));
#3081 = CARTESIAN_POINT('',(-5.527019056583,-35.53855780711));
#3082 = CARTESIAN_POINT('',(-5.678252306632,-39.50000394508));
#3083 = CARTESIAN_POINT('',(-5.829485556835,-42.57269813452));
#3084 = CARTESIAN_POINT('',(-5.98071880693,-44.65502547118));
#3085 = CARTESIAN_POINT('',(-6.131952057058,-45.69618971216));
#3086 = CARTESIAN_POINT('',(-6.28318530718,-45.69618971216));
#3087 = ( GEOMETRIC_REPRESENTATION_CONTEXT(2) 
PARAMETRIC_REPRESENTATION_CONTEXT() REPRESENTATION_CONTEXT('2D SPACE',''
  ) );
#3088 = PCURVE('',#3089,#3094);
#3089 = PLANE('',#3090);
#3090 = AXIS2_PLACEMENT_3D('',#3091,#3092,#3093);
#3091 = CARTESIAN_POINT('',(253.10678943641,-6.317E+03,-779.4176791884)
  );
#3092 = DIRECTION('',(-0.522498564716,1.160179873762E-16,0.852640164354)
  );
#3093 = DIRECTION('',(-2.22044604925E-16,-1.,0.));
#3094 = DEFINITIONAL_REPRESENTATION('',(#3095),#3099);
#3095 = ELLIPSE('',#3096,76.233800279911,65.);
#3096 = AXIS2_PLACEMENT_2D('',#3097,#3098);
#3097 = CARTESIAN_POINT('',(-35.,86.6640039407));
#3098 = DIRECTION('',(0.,-1.));
#3099 = ( GEOMETRIC_REPRESENTATION_CONTEXT(2) 
PARAMETRIC_REPRESENTATION_CONTEXT() REPRESENTATION_CONTEXT('2D SPACE',''
  ) );
#3100 = ORIENTED_EDGE('',*,*,#3101,.T.);
#3101 = EDGE_CURVE('',#3053,#3102,#3104,.T.);
#3102 = VERTEX_POINT('',#3103);
#3103 = CARTESIAN_POINT('',(272.22774424948,-6.317E+03,-779.4286199751)
  );
#3104 = SURFACE_CURVE('',#3105,(#3109,#3116),.PCURVE_S1.);
#3105 = LINE('',#3106,#3107);
#3106 = CARTESIAN_POINT('',(272.22774424948,-6.317E+03,-740.));
#3107 = VECTOR('',#3108,1.);
#3108 = DIRECTION('',(-0.,-0.,-1.));
#3109 = PCURVE('',#2522,#3110);
#3110 = DEFINITIONAL_REPRESENTATION('',(#3111),#3115);
#3111 = LINE('',#3112,#3113);
#3112 = CARTESIAN_POINT('',(-3.710202953854,0.));
#3113 = VECTOR('',#3114,1.);
#3114 = DIRECTION('',(-0.,1.));
#3115 = ( GEOMETRIC_REPRESENTATION_CONTEXT(2) 
PARAMETRIC_REPRESENTATION_CONTEXT() REPRESENTATION_CONTEXT('2D SPACE',''
  ) );
#3116 = PCURVE('',#3117,#3122);
#3117 = PLANE('',#3118);
#3118 = AXIS2_PLACEMENT_3D('',#3119,#3120,#3121);
#3119 = CARTESIAN_POINT('',(258.33177508357,-6.317E+03,-787.944080832));
#3120 = DIRECTION('',(-2.22044604925E-16,-1.,0.));
#3121 = DIRECTION('',(-0.522498564716,1.160179873762E-16,0.852640164354)
  );
#3122 = DEFINITIONAL_REPRESENTATION('',(#3123),#3127);
#3123 = LINE('',#3124,#3125);
#3124 = CARTESIAN_POINT('',(33.6184250159,-36.89897485483));
#3125 = VECTOR('',#3126,1.);
#3126 = DIRECTION('',(-0.852640164354,0.522498564716));
#3127 = ( GEOMETRIC_REPRESENTATION_CONTEXT(2) 
PARAMETRIC_REPRESENTATION_CONTEXT() REPRESENTATION_CONTEXT('2D SPACE',''
  ) );
#3128 = ORIENTED_EDGE('',*,*,#3129,.T.);
#3129 = EDGE_CURVE('',#3102,#3025,#3130,.T.);
#3130 = SURFACE_CURVE('',#3131,(#3136,#3163),.PCURVE_S1.);
#3131 = ELLIPSE('',#3132,76.233800279911,65.);
#3132 = AXIS2_PLACEMENT_3D('',#3133,#3134,#3135);
#3133 = CARTESIAN_POINT('',(327.,-6.282E+03,-745.864138483));
#3134 = DIRECTION('',(-0.522498564716,1.160179873762E-16,0.852640164354)
  );
#3135 = DIRECTION('',(-0.852640164354,1.893241484372E-16,-0.522498564716
    ));
#3136 = PCURVE('',#2522,#3137);
#3137 = DEFINITIONAL_REPRESENTATION('',(#3138),#3162);
#3138 = B_SPLINE_CURVE_WITH_KNOTS('',8,(#3139,#3140,#3141,#3142,#3143,
    #3144,#3145,#3146,#3147,#3148,#3149,#3150,#3151,#3152,#3153,#3154,
    #3155,#3156,#3157,#3158,#3159,#3160,#3161),.UNSPECIFIED.,.F.,.F.,(9,
    7,7,9),(6.198468624832,7.005045958816,8.214911959793,9.424777960769)
  ,.UNSPECIFIED.);
#3139 = CARTESIAN_POINT('',(-3.056875971242,45.553339529922));
#3140 = CARTESIAN_POINT('',(-3.15769813799,45.893150997771));
#3141 = CARTESIAN_POINT('',(-3.258520304738,45.77188219589));
#3142 = CARTESIAN_POINT('',(-3.359342471487,45.184270866469));
#3143 = CARTESIAN_POINT('',(-3.460164638235,44.135048325885));
#3144 = CARTESIAN_POINT('',(-3.560986804982,42.639126267789));
#3145 = CARTESIAN_POINT('',(-3.661808971731,40.721202382202));
#3146 = CARTESIAN_POINT('',(-3.762631138479,38.414853083353));
#3147 = CARTESIAN_POINT('',(-4.014686555349,31.780674472492));
#3148 = CARTESIAN_POINT('',(-4.165919805469,27.018692673717));
#3149 = CARTESIAN_POINT('',(-4.317153055585,21.6139661794));
#3150 = CARTESIAN_POINT('',(-4.468386305722,15.743344022034));
#3151 = CARTESIAN_POINT('',(-4.619619555839,9.611686120217));
#3152 = CARTESIAN_POINT('',(-4.770852805956,3.436941465921));
#3153 = CARTESIAN_POINT('',(-4.922086056081,-2.56654125209));
#3154 = CARTESIAN_POINT('',(-5.224552556325,-13.83814289614));
#3155 = CARTESIAN_POINT('',(-5.375785806439,-19.10626220205));
#3156 = CARTESIAN_POINT('',(-5.527019056583,-23.81028084072));
#3157 = CARTESIAN_POINT('',(-5.678252306632,-27.77172697935));
#3158 = CARTESIAN_POINT('',(-5.829485556835,-30.8444211682));
#3159 = CARTESIAN_POINT('',(-5.98071880693,-32.92674850511));
#3160 = CARTESIAN_POINT('',(-6.131952057058,-33.96791274602));
#3161 = CARTESIAN_POINT('',(-6.28318530718,-33.96791274602));
#3162 = ( GEOMETRIC_REPRESENTATION_CONTEXT(2) 
PARAMETRIC_REPRESENTATION_CONTEXT() REPRESENTATION_CONTEXT('2D SPACE',''
  ) );
#3163 = PCURVE('',#3164,#3169);
#3164 = PLANE('',#3165);
#3165 = AXIS2_PLACEMENT_3D('',#3166,#3167,#3168);
#3166 = CARTESIAN_POINT('',(258.33177508357,-6.317E+03,-787.944080832));
#3167 = DIRECTION('',(-0.522498564716,1.160179873762E-16,0.852640164354)
  );
#3168 = DIRECTION('',(-2.22044604925E-16,-1.,0.));
#3169 = DEFINITIONAL_REPRESENTATION('',(#3170),#3174);
#3170 = ELLIPSE('',#3171,76.233800279911,65.);
#3171 = AXIS2_PLACEMENT_2D('',#3172,#3173);
#3172 = CARTESIAN_POINT('',(-35.,80.5359960593));
#3173 = DIRECTION('',(0.,-1.));
#3174 = ( GEOMETRIC_REPRESENTATION_CONTEXT(2) 
PARAMETRIC_REPRESENTATION_CONTEXT() REPRESENTATION_CONTEXT('2D SPACE',''
  ) );
#3175 = FACE_BOUND('',#3176,.F.);
#3176 = EDGE_LOOP('',(#3177,#3207,#3256,#3284));
#3177 = ORIENTED_EDGE('',*,*,#3178,.F.);
#3178 = EDGE_CURVE('',#3179,#3181,#3183,.T.);
#3179 = VERTEX_POINT('',#3180);
#3180 = CARTESIAN_POINT('',(272.22774424948,-6.247E+03,-700.5713800248)
  );
#3181 = VERTEX_POINT('',#3182);
#3182 = CARTESIAN_POINT('',(272.22774424948,-6.247E+03,-712.2996569909)
  );
#3183 = SURFACE_CURVE('',#3184,(#3188,#3195),.PCURVE_S1.);
#3184 = LINE('',#3185,#3186);
#3185 = CARTESIAN_POINT('',(272.22774424948,-6.247E+03,-740.));
#3186 = VECTOR('',#3187,1.);
#3187 = DIRECTION('',(-0.,-0.,-1.));
#3188 = PCURVE('',#2522,#3189);
#3189 = DEFINITIONAL_REPRESENTATION('',(#3190),#3194);
#3190 = LINE('',#3191,#3192);
#3191 = CARTESIAN_POINT('',(-2.572982353326,0.));
#3192 = VECTOR('',#3193,1.);
#3193 = DIRECTION('',(-0.,1.));
#3194 = ( GEOMETRIC_REPRESENTATION_CONTEXT(2) 
PARAMETRIC_REPRESENTATION_CONTEXT() REPRESENTATION_CONTEXT('2D SPACE',''
  ) );
#3195 = PCURVE('',#3196,#3201);
#3196 = PLANE('',#3197);
#3197 = AXIS2_PLACEMENT_3D('',#3198,#3199,#3200);
#3198 = CARTESIAN_POINT('',(395.66822491642,-6.247E+03,-787.944080832));
#3199 = DIRECTION('',(1.110223024625E-16,1.,0.));
#3200 = DIRECTION('',(0.522498564716,-5.800899368812E-17,0.852640164354)
  );
#3201 = DEFINITIONAL_REPRESENTATION('',(#3202),#3206);
#3202 = LINE('',#3203,#3204);
#3203 = CARTESIAN_POINT('',(-23.6184250159,-130.3010251451));
#3204 = VECTOR('',#3205,1.);
#3205 = DIRECTION('',(-0.852640164354,0.522498564716));
#3206 = ( GEOMETRIC_REPRESENTATION_CONTEXT(2) 
PARAMETRIC_REPRESENTATION_CONTEXT() REPRESENTATION_CONTEXT('2D SPACE',''
  ) );
#3207 = ORIENTED_EDGE('',*,*,#3208,.F.);
#3208 = EDGE_CURVE('',#3209,#3179,#3211,.T.);
#3209 = VERTEX_POINT('',#3210);
#3210 = CARTESIAN_POINT('',(381.77225575051,-6.247E+03,-767.700343009));
#3211 = SURFACE_CURVE('',#3212,(#3217,#3244),.PCURVE_S1.);
#3212 = ELLIPSE('',#3213,76.233800279911,65.);
#3213 = AXIS2_PLACEMENT_3D('',#3214,#3215,#3216);
#3214 = CARTESIAN_POINT('',(327.,-6.282E+03,-734.1358615169));
#3215 = DIRECTION('',(0.522498564716,-5.800899368812E-17,0.852640164354)
  );
#3216 = DIRECTION('',(0.852640164354,-9.466207421861E-17,-0.522498564716
    ));
#3217 = PCURVE('',#2522,#3218);
#3218 = DEFINITIONAL_REPRESENTATION('',(#3219),#3243);
#3219 = B_SPLINE_CURVE_WITH_KNOTS('',8,(#3220,#3221,#3222,#3223,#3224,
    #3225,#3226,#3227,#3228,#3229,#3230,#3231,#3232,#3233,#3234,#3235,
    #3236,#3237,#3238,#3239,#3240,#3241,#3242),.UNSPECIFIED.,.F.,.F.,(9,
    7,7,9),(0.,0.806577333984,2.016443334961,3.226309335937),
  .UNSPECIFIED.);
#3220 = CARTESIAN_POINT('',(0.,33.967912746026));
#3221 = CARTESIAN_POINT('',(-0.100822166748,33.967912746026));
#3222 = CARTESIAN_POINT('',(-0.201644333496,33.505172953009));
#3223 = CARTESIAN_POINT('',(-0.302466500244,32.579694647154));
#3224 = CARTESIAN_POINT('',(-0.403288666992,31.201508807844));
#3225 = CARTESIAN_POINT('',(-0.50411083374,29.390691321444));
#3226 = CARTESIAN_POINT('',(-0.604933000488,27.176795881118));
#3227 = CARTESIAN_POINT('',(-0.705755167236,24.597790147844));
#3228 = CARTESIAN_POINT('',(-0.957810584106,17.349766632696));
#3229 = CARTESIAN_POINT('',(-1.109043834228,12.280493625761));
#3230 = CARTESIAN_POINT('',(-1.260277084351,6.642333375628));
#3231 = CARTESIAN_POINT('',(-1.411510334473,0.621977477653));
#3232 = CARTESIAN_POINT('',(-1.562743584594,-5.569744242756));
#3233 = CARTESIAN_POINT('',(-1.713976834717,-11.71346211941));
#3234 = CARTESIAN_POINT('',(-1.865210084839,-17.59783189468));
#3235 = CARTESIAN_POINT('',(-2.167676585083,-28.46900212549));
#3236 = CARTESIAN_POINT('',(-2.318909835203,-33.4558021295));
#3237 = CARTESIAN_POINT('',(-2.470143085325,-37.8043759003));
#3238 = CARTESIAN_POINT('',(-2.621376335444,-41.34718609042));
#3239 = CARTESIAN_POINT('',(-2.772609585567,-43.95243670535));
#3240 = CARTESIAN_POINT('',(-2.923842835692,-45.53534365003));
#3241 = CARTESIAN_POINT('',(-3.075076085815,-46.06305673169));
#3242 = CARTESIAN_POINT('',(-3.226309335937,-45.55333952992));
#3243 = ( GEOMETRIC_REPRESENTATION_CONTEXT(2) 
PARAMETRIC_REPRESENTATION_CONTEXT() REPRESENTATION_CONTEXT('2D SPACE',''
  ) );
#3244 = PCURVE('',#3245,#3250);
#3245 = PLANE('',#3246);
#3246 = AXIS2_PLACEMENT_3D('',#3247,#3248,#3249);
#3247 = CARTESIAN_POINT('',(400.89321056358,-6.247E+03,-779.4176791884)
  );
#3248 = DIRECTION('',(0.522498564716,-5.800899368812E-17,0.852640164354)
  );
#3249 = DIRECTION('',(1.110223024625E-16,1.,0.));
#3250 = DEFINITIONAL_REPRESENTATION('',(#3251),#3255);
#3251 = ELLIPSE('',#3252,76.233800279911,65.);
#3252 = AXIS2_PLACEMENT_2D('',#3253,#3254);
#3253 = CARTESIAN_POINT('',(-35.,86.6640039407));
#3254 = DIRECTION('',(0.,-1.));
#3255 = ( GEOMETRIC_REPRESENTATION_CONTEXT(2) 
PARAMETRIC_REPRESENTATION_CONTEXT() REPRESENTATION_CONTEXT('2D SPACE',''
  ) );
#3256 = ORIENTED_EDGE('',*,*,#3257,.T.);
#3257 = EDGE_CURVE('',#3209,#3258,#3260,.T.);
#3258 = VERTEX_POINT('',#3259);
#3259 = CARTESIAN_POINT('',(381.77225575051,-6.247E+03,-779.4286199751)
  );
#3260 = SURFACE_CURVE('',#3261,(#3265,#3272),.PCURVE_S1.);
#3261 = LINE('',#3262,#3263);
#3262 = CARTESIAN_POINT('',(381.77225575051,-6.247E+03,-740.));
#3263 = VECTOR('',#3264,1.);
#3264 = DIRECTION('',(-0.,-0.,-1.));
#3265 = PCURVE('',#2522,#3266);
#3266 = DEFINITIONAL_REPRESENTATION('',(#3267),#3271);
#3267 = LINE('',#3268,#3269);
#3268 = CARTESIAN_POINT('',(-0.568610300264,0.));
#3269 = VECTOR('',#3270,1.);
#3270 = DIRECTION('',(-0.,1.));
#3271 = ( GEOMETRIC_REPRESENTATION_CONTEXT(2) 
PARAMETRIC_REPRESENTATION_CONTEXT() REPRESENTATION_CONTEXT('2D SPACE',''
  ) );
#3272 = PCURVE('',#3273,#3278);
#3273 = PLANE('',#3274);
#3274 = AXIS2_PLACEMENT_3D('',#3275,#3276,#3277);
#3275 = CARTESIAN_POINT('',(395.66822491642,-6.247E+03,-787.944080832));
#3276 = DIRECTION('',(1.110223024625E-16,1.,0.));
#3277 = DIRECTION('',(0.522498564716,-5.800899368812E-17,0.852640164354)
  );
#3278 = DEFINITIONAL_REPRESENTATION('',(#3279),#3283);
#3279 = LINE('',#3280,#3281);
#3280 = CARTESIAN_POINT('',(33.6184250159,-36.89897485483));
#3281 = VECTOR('',#3282,1.);
#3282 = DIRECTION('',(-0.852640164354,0.522498564716));
#3283 = ( GEOMETRIC_REPRESENTATION_CONTEXT(2) 
PARAMETRIC_REPRESENTATION_CONTEXT() REPRESENTATION_CONTEXT('2D SPACE',''
  ) );
#3284 = ORIENTED_EDGE('',*,*,#3285,.T.);
#3285 = EDGE_CURVE('',#3258,#3181,#3286,.T.);
#3286 = SURFACE_CURVE('',#3287,(#3292,#3319),.PCURVE_S1.);
#3287 = ELLIPSE('',#3288,76.233800279911,65.);
#3288 = AXIS2_PLACEMENT_3D('',#3289,#3290,#3291);
#3289 = CARTESIAN_POINT('',(327.,-6.282E+03,-745.864138483));
#3290 = DIRECTION('',(0.522498564716,-5.800899368812E-17,0.852640164354)
  );
#3291 = DIRECTION('',(0.852640164354,-9.466207421861E-17,-0.522498564716
    ));
#3292 = PCURVE('',#2522,#3293);
#3293 = DEFINITIONAL_REPRESENTATION('',(#3294),#3318);
#3294 = B_SPLINE_CURVE_WITH_KNOTS('',8,(#3295,#3296,#3297,#3298,#3299,
    #3300,#3301,#3302,#3303,#3304,#3305,#3306,#3307,#3308,#3309,#3310,
    #3311,#3312,#3313,#3314,#3315,#3316,#3317),.UNSPECIFIED.,.F.,.F.,(9,
    7,7,9),(0.,0.806577333984,2.016443334961,3.226309335937),
  .UNSPECIFIED.);
#3295 = CARTESIAN_POINT('',(0.,45.696189712166));
#3296 = CARTESIAN_POINT('',(-0.100822166748,45.696189712166));
#3297 = CARTESIAN_POINT('',(-0.201644333496,45.233449919145));
#3298 = CARTESIAN_POINT('',(-0.302466500244,44.307971613299));
#3299 = CARTESIAN_POINT('',(-0.403288666992,42.929785773986));
#3300 = CARTESIAN_POINT('',(-0.50411083374,41.118968287581));
#3301 = CARTESIAN_POINT('',(-0.604933000488,38.905072847262));
#3302 = CARTESIAN_POINT('',(-0.705755167236,36.326067113984));
#3303 = CARTESIAN_POINT('',(-0.957810584106,29.078043598836));
#3304 = CARTESIAN_POINT('',(-1.109043834228,24.0087705919));
#3305 = CARTESIAN_POINT('',(-1.260277084351,18.370610341772));
#3306 = CARTESIAN_POINT('',(-1.411510334473,12.350254443792));
#3307 = CARTESIAN_POINT('',(-1.562743584594,6.15853272338));
#3308 = CARTESIAN_POINT('',(-1.713976834717,1.481484672353E-02));
#3309 = CARTESIAN_POINT('',(-1.865210084839,-5.86955492854));
#3310 = CARTESIAN_POINT('',(-2.167676585083,-16.74072515935));
#3311 = CARTESIAN_POINT('',(-2.318909835203,-21.7275251634));
#3312 = CARTESIAN_POINT('',(-2.470143085325,-26.07609893415));
#3313 = CARTESIAN_POINT('',(-2.621376335444,-29.61890912443));
#3314 = CARTESIAN_POINT('',(-2.772609585567,-32.22415973916));
#3315 = CARTESIAN_POINT('',(-2.923842835692,-33.80706668391));
#3316 = CARTESIAN_POINT('',(-3.075076085815,-34.33477976555));
#3317 = CARTESIAN_POINT('',(-3.226309335937,-33.82506256378));
#3318 = ( GEOMETRIC_REPRESENTATION_CONTEXT(2) 
PARAMETRIC_REPRESENTATION_CONTEXT() REPRESENTATION_CONTEXT('2D SPACE',''
  ) );
#3319 = PCURVE('',#3320,#3325);
#3320 = PLANE('',#3321);
#3321 = AXIS2_PLACEMENT_3D('',#3322,#3323,#3324);
#3322 = CARTESIAN_POINT('',(395.66822491642,-6.247E+03,-787.944080832));
#3323 = DIRECTION('',(0.522498564716,-5.800899368812E-17,0.852640164354)
  );
#3324 = DIRECTION('',(1.110223024625E-16,1.,0.));
#3325 = DEFINITIONAL_REPRESENTATION('',(#3326),#3330);
#3326 = ELLIPSE('',#3327,76.233800279911,65.);
#3327 = AXIS2_PLACEMENT_2D('',#3328,#3329);
#3328 = CARTESIAN_POINT('',(-35.,80.5359960593));
#3329 = DIRECTION('',(0.,-1.));
#3330 = ( GEOMETRIC_REPRESENTATION_CONTEXT(2) 
PARAMETRIC_REPRESENTATION_CONTEXT() REPRESENTATION_CONTEXT('2D SPACE',''
  ) );
#3331 = ADVANCED_FACE('',(#3332),#2570,.T.);
#3332 = FACE_BOUND('',#3333,.T.);
#3333 = EDGE_LOOP('',(#3334,#3357,#3385,#3413,#3441,#3462,#3463,#3464));
#3334 = ORIENTED_EDGE('',*,*,#3335,.F.);
#3335 = EDGE_CURVE('',#3336,#2661,#3338,.T.);
#3336 = VERTEX_POINT('',#3337);
#3337 = CARTESIAN_POINT('',(362.,-6.355893210564E+03,-779.4176791884));
#3338 = SURFACE_CURVE('',#3339,(#3343,#3350),.PCURVE_S1.);
#3339 = LINE('',#3340,#3341);
#3340 = CARTESIAN_POINT('',(362.,-6.355893210564E+03,-779.4176791884));
#3341 = VECTOR('',#3342,1.);
#3342 = DIRECTION('',(0.,0.852640164354,0.522498564716));
#3343 = PCURVE('',#2570,#3344);
#3344 = DEFINITIONAL_REPRESENTATION('',(#3345),#3349);
#3345 = LINE('',#3346,#3347);
#3346 = CARTESIAN_POINT('',(0.,0.));
#3347 = VECTOR('',#3348,1.);
#3348 = DIRECTION('',(0.,1.));
#3349 = ( GEOMETRIC_REPRESENTATION_CONTEXT(2) 
PARAMETRIC_REPRESENTATION_CONTEXT() REPRESENTATION_CONTEXT('2D SPACE',''
  ) );
#3350 = PCURVE('',#2706,#3351);
#3351 = DEFINITIONAL_REPRESENTATION('',(#3352),#3356);
#3352 = LINE('',#3353,#3354);
#3353 = CARTESIAN_POINT('',(10.,4.032330025439E-13));
#3354 = VECTOR('',#3355,1.);
#3355 = DIRECTION('',(0.,-1.));
#3356 = ( GEOMETRIC_REPRESENTATION_CONTEXT(2) 
PARAMETRIC_REPRESENTATION_CONTEXT() REPRESENTATION_CONTEXT('2D SPACE',''
  ) );
#3357 = ORIENTED_EDGE('',*,*,#3358,.T.);
#3358 = EDGE_CURVE('',#3336,#3359,#3361,.T.);
#3359 = VERTEX_POINT('',#3360);
#3360 = CARTESIAN_POINT('',(767.,-6.355893210564E+03,-779.4176791884));
#3361 = SURFACE_CURVE('',#3362,(#3366,#3373),.PCURVE_S1.);
#3362 = LINE('',#3363,#3364);
#3363 = CARTESIAN_POINT('',(362.,-6.355893210564E+03,-779.4176791884));
#3364 = VECTOR('',#3365,1.);
#3365 = DIRECTION('',(1.,0.,0.));
#3366 = PCURVE('',#2570,#3367);
#3367 = DEFINITIONAL_REPRESENTATION('',(#3368),#3372);
#3368 = LINE('',#3369,#3370);
#3369 = CARTESIAN_POINT('',(0.,0.));
#3370 = VECTOR('',#3371,1.);
#3371 = DIRECTION('',(1.,0.));
#3372 = ( GEOMETRIC_REPRESENTATION_CONTEXT(2) 
PARAMETRIC_REPRESENTATION_CONTEXT() REPRESENTATION_CONTEXT('2D SPACE',''
  ) );
#3373 = PCURVE('',#3374,#3379);
#3374 = PLANE('',#3375);
#3375 = AXIS2_PLACEMENT_3D('',#3376,#3377,#3378);
#3376 = CARTESIAN_POINT('',(362.,-6.350668224916E+03,-787.944080832));
#3377 = DIRECTION('',(0.,0.852640164354,0.522498564716));
#3378 = DIRECTION('',(0.,-0.522498564716,0.852640164354));
#3379 = DEFINITIONAL_REPRESENTATION('',(#3380),#3384);
#3380 = LINE('',#3381,#3382);
#3381 = CARTESIAN_POINT('',(10.,0.));
#3382 = VECTOR('',#3383,1.);
#3383 = DIRECTION('',(0.,1.));
#3384 = ( GEOMETRIC_REPRESENTATION_CONTEXT(2) 
PARAMETRIC_REPRESENTATION_CONTEXT() REPRESENTATION_CONTEXT('2D SPACE',''
  ) );
#3385 = ORIENTED_EDGE('',*,*,#3386,.T.);
#3386 = EDGE_CURVE('',#3359,#3387,#3389,.T.);
#3387 = VERTEX_POINT('',#3388);
#3388 = CARTESIAN_POINT('',(767.,-6.213331775084E+03,-692.0559191679));
#3389 = SURFACE_CURVE('',#3390,(#3394,#3401),.PCURVE_S1.);
#3390 = LINE('',#3391,#3392);
#3391 = CARTESIAN_POINT('',(767.,-6.355893210564E+03,-779.4176791884));
#3392 = VECTOR('',#3393,1.);
#3393 = DIRECTION('',(0.,0.852640164354,0.522498564716));
#3394 = PCURVE('',#2570,#3395);
#3395 = DEFINITIONAL_REPRESENTATION('',(#3396),#3400);
#3396 = LINE('',#3397,#3398);
#3397 = CARTESIAN_POINT('',(405.,0.));
#3398 = VECTOR('',#3399,1.);
#3399 = DIRECTION('',(0.,1.));
#3400 = ( GEOMETRIC_REPRESENTATION_CONTEXT(2) 
PARAMETRIC_REPRESENTATION_CONTEXT() REPRESENTATION_CONTEXT('2D SPACE',''
  ) );
#3401 = PCURVE('',#3402,#3407);
#3402 = PLANE('',#3403);
#3403 = AXIS2_PLACEMENT_3D('',#3404,#3405,#3406);
#3404 = CARTESIAN_POINT('',(767.,-6.350668224916E+03,-787.944080832));
#3405 = DIRECTION('',(1.,0.,0.));
#3406 = DIRECTION('',(0.,-0.522498564716,0.852640164354));
#3407 = DEFINITIONAL_REPRESENTATION('',(#3408),#3412);
#3408 = LINE('',#3409,#3410);
#3409 = CARTESIAN_POINT('',(10.,4.032330025439E-13));
#3410 = VECTOR('',#3411,1.);
#3411 = DIRECTION('',(0.,-1.));
#3412 = ( GEOMETRIC_REPRESENTATION_CONTEXT(2) 
PARAMETRIC_REPRESENTATION_CONTEXT() REPRESENTATION_CONTEXT('2D SPACE',''
  ) );
#3413 = ORIENTED_EDGE('',*,*,#3414,.F.);
#3414 = EDGE_CURVE('',#3415,#3387,#3417,.T.);
#3415 = VERTEX_POINT('',#3416);
#3416 = CARTESIAN_POINT('',(362.,-6.213331775084E+03,-692.0559191679));
#3417 = SURFACE_CURVE('',#3418,(#3422,#3429),.PCURVE_S1.);
#3418 = LINE('',#3419,#3420);
#3419 = CARTESIAN_POINT('',(362.,-6.213331775084E+03,-692.0559191679));
#3420 = VECTOR('',#3421,1.);
#3421 = DIRECTION('',(1.,0.,0.));
#3422 = PCURVE('',#2570,#3423);
#3423 = DEFINITIONAL_REPRESENTATION('',(#3424),#3428);
#3424 = LINE('',#3425,#3426);
#3425 = CARTESIAN_POINT('',(0.,167.2));
#3426 = VECTOR('',#3427,1.);
#3427 = DIRECTION('',(1.,0.));
#3428 = ( GEOMETRIC_REPRESENTATION_CONTEXT(2) 
PARAMETRIC_REPRESENTATION_CONTEXT() REPRESENTATION_CONTEXT('2D SPACE',''
  ) );
#3429 = PCURVE('',#3430,#3435);
#3430 = PLANE('',#3431);
#3431 = AXIS2_PLACEMENT_3D('',#3432,#3433,#3434);
#3432 = CARTESIAN_POINT('',(362.,-6.208106789436E+03,-700.5823208115));
#3433 = DIRECTION('',(0.,0.852640164354,0.522498564716));
#3434 = DIRECTION('',(0.,-0.522498564716,0.852640164354));
#3435 = DEFINITIONAL_REPRESENTATION('',(#3436),#3440);
#3436 = LINE('',#3437,#3438);
#3437 = CARTESIAN_POINT('',(10.,0.));
#3438 = VECTOR('',#3439,1.);
#3439 = DIRECTION('',(0.,1.));
#3440 = ( GEOMETRIC_REPRESENTATION_CONTEXT(2) 
PARAMETRIC_REPRESENTATION_CONTEXT() REPRESENTATION_CONTEXT('2D SPACE',''
  ) );
#3441 = ORIENTED_EDGE('',*,*,#3442,.F.);
#3442 = EDGE_CURVE('',#2543,#3415,#3443,.T.);
#3443 = SURFACE_CURVE('',#3444,(#3448,#3455),.PCURVE_S1.);
#3444 = LINE('',#3445,#3446);
#3445 = CARTESIAN_POINT('',(362.,-6.355893210564E+03,-779.4176791884));
#3446 = VECTOR('',#3447,1.);
#3447 = DIRECTION('',(0.,0.852640164354,0.522498564716));
#3448 = PCURVE('',#2570,#3449);
#3449 = DEFINITIONAL_REPRESENTATION('',(#3450),#3454);
#3450 = LINE('',#3451,#3452);
#3451 = CARTESIAN_POINT('',(0.,0.));
#3452 = VECTOR('',#3453,1.);
#3453 = DIRECTION('',(0.,1.));
#3454 = ( GEOMETRIC_REPRESENTATION_CONTEXT(2) 
PARAMETRIC_REPRESENTATION_CONTEXT() REPRESENTATION_CONTEXT('2D SPACE',''
  ) );
#3455 = PCURVE('',#2852,#3456);
#3456 = DEFINITIONAL_REPRESENTATION('',(#3457),#3461);
#3457 = LINE('',#3458,#3459);
#3458 = CARTESIAN_POINT('',(10.,4.032330025439E-13));
#3459 = VECTOR('',#3460,1.);
#3460 = DIRECTION('',(0.,-1.));
#3461 = ( GEOMETRIC_REPRESENTATION_CONTEXT(2) 
PARAMETRIC_REPRESENTATION_CONTEXT() REPRESENTATION_CONTEXT('2D SPACE',''
  ) );
#3462 = ORIENTED_EDGE('',*,*,#2540,.F.);
#3463 = ORIENTED_EDGE('',*,*,#2633,.F.);
#3464 = ORIENTED_EDGE('',*,*,#2660,.F.);
#3465 = ADVANCED_FACE('',(#3466),#2852,.F.);
#3466 = FACE_BOUND('',#3467,.F.);
#3467 = EDGE_LOOP('',(#3468,#3469,#3470,#3493));
#3468 = ORIENTED_EDGE('',*,*,#3442,.F.);
#3469 = ORIENTED_EDGE('',*,*,#2838,.T.);
#3470 = ORIENTED_EDGE('',*,*,#3471,.T.);
#3471 = EDGE_CURVE('',#2809,#3472,#3474,.T.);
#3472 = VERTEX_POINT('',#3473);
#3473 = CARTESIAN_POINT('',(362.,-6.208106789436E+03,-700.5823208115));
#3474 = SURFACE_CURVE('',#3475,(#3479,#3486),.PCURVE_S1.);
#3475 = LINE('',#3476,#3477);
#3476 = CARTESIAN_POINT('',(362.,-6.350668224916E+03,-787.944080832));
#3477 = VECTOR('',#3478,1.);
#3478 = DIRECTION('',(0.,0.852640164354,0.522498564716));
#3479 = PCURVE('',#2852,#3480);
#3480 = DEFINITIONAL_REPRESENTATION('',(#3481),#3485);
#3481 = LINE('',#3482,#3483);
#3482 = CARTESIAN_POINT('',(0.,0.));
#3483 = VECTOR('',#3484,1.);
#3484 = DIRECTION('',(0.,-1.));
#3485 = ( GEOMETRIC_REPRESENTATION_CONTEXT(2) 
PARAMETRIC_REPRESENTATION_CONTEXT() REPRESENTATION_CONTEXT('2D SPACE',''
  ) );
#3486 = PCURVE('',#2746,#3487);
#3487 = DEFINITIONAL_REPRESENTATION('',(#3488),#3492);
#3488 = LINE('',#3489,#3490);
#3489 = CARTESIAN_POINT('',(0.,0.));
#3490 = VECTOR('',#3491,1.);
#3491 = DIRECTION('',(0.,1.));
#3492 = ( GEOMETRIC_REPRESENTATION_CONTEXT(2) 
PARAMETRIC_REPRESENTATION_CONTEXT() REPRESENTATION_CONTEXT('2D SPACE',''
  ) );
#3493 = ORIENTED_EDGE('',*,*,#3494,.T.);
#3494 = EDGE_CURVE('',#3472,#3415,#3495,.T.);
#3495 = SURFACE_CURVE('',#3496,(#3500,#3507),.PCURVE_S1.);
#3496 = LINE('',#3497,#3498);
#3497 = CARTESIAN_POINT('',(362.,-6.208106789436E+03,-700.5823208115));
#3498 = VECTOR('',#3499,1.);
#3499 = DIRECTION('',(0.,-0.522498564716,0.852640164354));
#3500 = PCURVE('',#2852,#3501);
#3501 = DEFINITIONAL_REPRESENTATION('',(#3502),#3506);
#3502 = LINE('',#3503,#3504);
#3503 = CARTESIAN_POINT('',(-1.989519660128E-13,-167.2));
#3504 = VECTOR('',#3505,1.);
#3505 = DIRECTION('',(1.,0.));
#3506 = ( GEOMETRIC_REPRESENTATION_CONTEXT(2) 
PARAMETRIC_REPRESENTATION_CONTEXT() REPRESENTATION_CONTEXT('2D SPACE',''
  ) );
#3507 = PCURVE('',#3430,#3508);
#3508 = DEFINITIONAL_REPRESENTATION('',(#3509),#3513);
#3509 = LINE('',#3510,#3511);
#3510 = CARTESIAN_POINT('',(0.,0.));
#3511 = VECTOR('',#3512,1.);
#3512 = DIRECTION('',(1.,0.));
#3513 = ( GEOMETRIC_REPRESENTATION_CONTEXT(2) 
PARAMETRIC_REPRESENTATION_CONTEXT() REPRESENTATION_CONTEXT('2D SPACE',''
  ) );
#3514 = ADVANCED_FACE('',(#3515),#2746,.F.);
#3515 = FACE_BOUND('',#3516,.F.);
#3516 = EDGE_LOOP('',(#3517,#3540,#3563,#3586,#3607,#3608,#3609,#3610));
#3517 = ORIENTED_EDGE('',*,*,#3518,.F.);
#3518 = EDGE_CURVE('',#3519,#2691,#3521,.T.);
#3519 = VERTEX_POINT('',#3520);
#3520 = CARTESIAN_POINT('',(362.,-6.350668224916E+03,-787.944080832));
#3521 = SURFACE_CURVE('',#3522,(#3526,#3533),.PCURVE_S1.);
#3522 = LINE('',#3523,#3524);
#3523 = CARTESIAN_POINT('',(362.,-6.350668224916E+03,-787.944080832));
#3524 = VECTOR('',#3525,1.);
#3525 = DIRECTION('',(0.,0.852640164354,0.522498564716));
#3526 = PCURVE('',#2746,#3527);
#3527 = DEFINITIONAL_REPRESENTATION('',(#3528),#3532);
#3528 = LINE('',#3529,#3530);
#3529 = CARTESIAN_POINT('',(0.,0.));
#3530 = VECTOR('',#3531,1.);
#3531 = DIRECTION('',(0.,1.));
#3532 = ( GEOMETRIC_REPRESENTATION_CONTEXT(2) 
PARAMETRIC_REPRESENTATION_CONTEXT() REPRESENTATION_CONTEXT('2D SPACE',''
  ) );
#3533 = PCURVE('',#2706,#3534);
#3534 = DEFINITIONAL_REPRESENTATION('',(#3535),#3539);
#3535 = LINE('',#3536,#3537);
#3536 = CARTESIAN_POINT('',(0.,0.));
#3537 = VECTOR('',#3538,1.);
#3538 = DIRECTION('',(0.,-1.));
#3539 = ( GEOMETRIC_REPRESENTATION_CONTEXT(2) 
PARAMETRIC_REPRESENTATION_CONTEXT() REPRESENTATION_CONTEXT('2D SPACE',''
  ) );
#3540 = ORIENTED_EDGE('',*,*,#3541,.T.);
#3541 = EDGE_CURVE('',#3519,#3542,#3544,.T.);
#3542 = VERTEX_POINT('',#3543);
#3543 = CARTESIAN_POINT('',(767.,-6.350668224916E+03,-787.944080832));
#3544 = SURFACE_CURVE('',#3545,(#3549,#3556),.PCURVE_S1.);
#3545 = LINE('',#3546,#3547);
#3546 = CARTESIAN_POINT('',(362.,-6.350668224916E+03,-787.944080832));
#3547 = VECTOR('',#3548,1.);
#3548 = DIRECTION('',(1.,0.,0.));
#3549 = PCURVE('',#2746,#3550);
#3550 = DEFINITIONAL_REPRESENTATION('',(#3551),#3555);
#3551 = LINE('',#3552,#3553);
#3552 = CARTESIAN_POINT('',(0.,0.));
#3553 = VECTOR('',#3554,1.);
#3554 = DIRECTION('',(1.,0.));
#3555 = ( GEOMETRIC_REPRESENTATION_CONTEXT(2) 
PARAMETRIC_REPRESENTATION_CONTEXT() REPRESENTATION_CONTEXT('2D SPACE',''
  ) );
#3556 = PCURVE('',#3374,#3557);
#3557 = DEFINITIONAL_REPRESENTATION('',(#3558),#3562);
#3558 = LINE('',#3559,#3560);
#3559 = CARTESIAN_POINT('',(0.,0.));
#3560 = VECTOR('',#3561,1.);
#3561 = DIRECTION('',(0.,1.));
#3562 = ( GEOMETRIC_REPRESENTATION_CONTEXT(2) 
PARAMETRIC_REPRESENTATION_CONTEXT() REPRESENTATION_CONTEXT('2D SPACE',''
  ) );
#3563 = ORIENTED_EDGE('',*,*,#3564,.T.);
#3564 = EDGE_CURVE('',#3542,#3565,#3567,.T.);
#3565 = VERTEX_POINT('',#3566);
#3566 = CARTESIAN_POINT('',(767.,-6.208106789436E+03,-700.5823208115));
#3567 = SURFACE_CURVE('',#3568,(#3572,#3579),.PCURVE_S1.);
#3568 = LINE('',#3569,#3570);
#3569 = CARTESIAN_POINT('',(767.,-6.350668224916E+03,-787.944080832));
#3570 = VECTOR('',#3571,1.);
#3571 = DIRECTION('',(0.,0.852640164354,0.522498564716));
#3572 = PCURVE('',#2746,#3573);
#3573 = DEFINITIONAL_REPRESENTATION('',(#3574),#3578);
#3574 = LINE('',#3575,#3576);
#3575 = CARTESIAN_POINT('',(405.,0.));
#3576 = VECTOR('',#3577,1.);
#3577 = DIRECTION('',(0.,1.));
#3578 = ( GEOMETRIC_REPRESENTATION_CONTEXT(2) 
PARAMETRIC_REPRESENTATION_CONTEXT() REPRESENTATION_CONTEXT('2D SPACE',''
  ) );
#3579 = PCURVE('',#3402,#3580);
#3580 = DEFINITIONAL_REPRESENTATION('',(#3581),#3585);
#3581 = LINE('',#3582,#3583);
#3582 = CARTESIAN_POINT('',(0.,0.));
#3583 = VECTOR('',#3584,1.);
#3584 = DIRECTION('',(0.,-1.));
#3585 = ( GEOMETRIC_REPRESENTATION_CONTEXT(2) 
PARAMETRIC_REPRESENTATION_CONTEXT() REPRESENTATION_CONTEXT('2D SPACE',''
  ) );
#3586 = ORIENTED_EDGE('',*,*,#3587,.F.);
#3587 = EDGE_CURVE('',#3472,#3565,#3588,.T.);
#3588 = SURFACE_CURVE('',#3589,(#3593,#3600),.PCURVE_S1.);
#3589 = LINE('',#3590,#3591);
#3590 = CARTESIAN_POINT('',(362.,-6.208106789436E+03,-700.5823208115));
#3591 = VECTOR('',#3592,1.);
#3592 = DIRECTION('',(1.,0.,0.));
#3593 = PCURVE('',#2746,#3594);
#3594 = DEFINITIONAL_REPRESENTATION('',(#3595),#3599);
#3595 = LINE('',#3596,#3597);
#3596 = CARTESIAN_POINT('',(0.,167.2));
#3597 = VECTOR('',#3598,1.);
#3598 = DIRECTION('',(1.,0.));
#3599 = ( GEOMETRIC_REPRESENTATION_CONTEXT(2) 
PARAMETRIC_REPRESENTATION_CONTEXT() REPRESENTATION_CONTEXT('2D SPACE',''
  ) );
#3600 = PCURVE('',#3430,#3601);
#3601 = DEFINITIONAL_REPRESENTATION('',(#3602),#3606);
#3602 = LINE('',#3603,#3604);
#3603 = CARTESIAN_POINT('',(0.,0.));
#3604 = VECTOR('',#3605,1.);
#3605 = DIRECTION('',(0.,1.));
#3606 = ( GEOMETRIC_REPRESENTATION_CONTEXT(2) 
PARAMETRIC_REPRESENTATION_CONTEXT() REPRESENTATION_CONTEXT('2D SPACE',''
  ) );
#3607 = ORIENTED_EDGE('',*,*,#3471,.F.);
#3608 = ORIENTED_EDGE('',*,*,#2808,.F.);
#3609 = ORIENTED_EDGE('',*,*,#2781,.F.);
#3610 = ORIENTED_EDGE('',*,*,#2718,.F.);
#3611 = ADVANCED_FACE('',(#3612),#2706,.F.);
#3612 = FACE_BOUND('',#3613,.F.);
#3613 = EDGE_LOOP('',(#3614,#3615,#3636,#3637));
#3614 = ORIENTED_EDGE('',*,*,#3335,.F.);
#3615 = ORIENTED_EDGE('',*,*,#3616,.F.);
#3616 = EDGE_CURVE('',#3519,#3336,#3617,.T.);
#3617 = SURFACE_CURVE('',#3618,(#3622,#3629),.PCURVE_S1.);
#3618 = LINE('',#3619,#3620);
#3619 = CARTESIAN_POINT('',(362.,-6.350668224916E+03,-787.944080832));
#3620 = VECTOR('',#3621,1.);
#3621 = DIRECTION('',(0.,-0.522498564716,0.852640164354));
#3622 = PCURVE('',#2706,#3623);
#3623 = DEFINITIONAL_REPRESENTATION('',(#3624),#3628);
#3624 = LINE('',#3625,#3626);
#3625 = CARTESIAN_POINT('',(0.,0.));
#3626 = VECTOR('',#3627,1.);
#3627 = DIRECTION('',(1.,0.));
#3628 = ( GEOMETRIC_REPRESENTATION_CONTEXT(2) 
PARAMETRIC_REPRESENTATION_CONTEXT() REPRESENTATION_CONTEXT('2D SPACE',''
  ) );
#3629 = PCURVE('',#3374,#3630);
#3630 = DEFINITIONAL_REPRESENTATION('',(#3631),#3635);
#3631 = LINE('',#3632,#3633);
#3632 = CARTESIAN_POINT('',(0.,0.));
#3633 = VECTOR('',#3634,1.);
#3634 = DIRECTION('',(1.,0.));
#3635 = ( GEOMETRIC_REPRESENTATION_CONTEXT(2) 
PARAMETRIC_REPRESENTATION_CONTEXT() REPRESENTATION_CONTEXT('2D SPACE',''
  ) );
#3636 = ORIENTED_EDGE('',*,*,#3518,.T.);
#3637 = ORIENTED_EDGE('',*,*,#2690,.T.);
#3638 = ADVANCED_FACE('',(#3639,#3642),#2620,.T.);
#3639 = FACE_BOUND('',#3640,.T.);
#3640 = EDGE_LOOP('',(#3641));
#3641 = ORIENTED_EDGE('',*,*,#2605,.T.);
#3642 = FACE_BOUND('',#3643,.T.);
#3643 = EDGE_LOOP('',(#3644));
#3644 = ORIENTED_EDGE('',*,*,#3645,.T.);
#3645 = EDGE_CURVE('',#3646,#3646,#3648,.T.);
#3646 = VERTEX_POINT('',#3647);
#3647 = CARTESIAN_POINT('',(361.925,-6.282E+03,-650.));
#3648 = SURFACE_CURVE('',#3649,(#3654,#3665),.PCURVE_S1.);
#3649 = CIRCLE('',#3650,34.925);
#3650 = AXIS2_PLACEMENT_3D('',#3651,#3652,#3653);
#3651 = CARTESIAN_POINT('',(327.,-6.282E+03,-650.));
#3652 = DIRECTION('',(0.,0.,-1.));
#3653 = DIRECTION('',(1.,0.,0.));
#3654 = PCURVE('',#2620,#3655);
#3655 = DEFINITIONAL_REPRESENTATION('',(#3656),#3664);
#3656 = ( BOUNDED_CURVE() B_SPLINE_CURVE(2,(#3657,#3658,#3659,#3660,
#3661,#3662,#3663),.UNSPECIFIED.,.T.,.F.) B_SPLINE_CURVE_WITH_KNOTS((1,2
    ,2,2,2,1),(-2.094395102393,0.,2.094395102393,4.188790204786,
6.28318530718,8.377580409573),.UNSPECIFIED.) CURVE() 
GEOMETRIC_REPRESENTATION_ITEM() RATIONAL_B_SPLINE_CURVE((1.,0.5,1.,0.5,
1.,0.5,1.)) REPRESENTATION_ITEM('') );
#3657 = CARTESIAN_POINT('',(34.925,0.));
#3658 = CARTESIAN_POINT('',(34.925,-60.49187445434));
#3659 = CARTESIAN_POINT('',(-17.4625,-30.24593722717));
#3660 = CARTESIAN_POINT('',(-69.85,-8.554157892044E-15));
#3661 = CARTESIAN_POINT('',(-17.4625,30.245937227172));
#3662 = CARTESIAN_POINT('',(34.925,60.491874454343));
#3663 = CARTESIAN_POINT('',(34.925,0.));
#3664 = ( GEOMETRIC_REPRESENTATION_CONTEXT(2) 
PARAMETRIC_REPRESENTATION_CONTEXT() REPRESENTATION_CONTEXT('2D SPACE',''
  ) );
#3665 = PCURVE('',#3666,#3671);
#3666 = CYLINDRICAL_SURFACE('',#3667,34.925);
#3667 = AXIS2_PLACEMENT_3D('',#3668,#3669,#3670);
#3668 = CARTESIAN_POINT('',(327.,-6.282E+03,-5.086E+03));
#3669 = DIRECTION('',(-0.,-0.,-1.));
#3670 = DIRECTION('',(1.,0.,0.));
#3671 = DEFINITIONAL_REPRESENTATION('',(#3672),#3676);
#3672 = LINE('',#3673,#3674);
#3673 = CARTESIAN_POINT('',(-6.28318530718,-4.436E+03));
#3674 = VECTOR('',#3675,1.);
#3675 = DIRECTION('',(1.,-0.));
#3676 = ( GEOMETRIC_REPRESENTATION_CONTEXT(2) 
PARAMETRIC_REPRESENTATION_CONTEXT() REPRESENTATION_CONTEXT('2D SPACE',''
  ) );
#3677 = ADVANCED_FACE('',(#3678),#2884,.F.);
#3678 = FACE_BOUND('',#3679,.F.);
#3679 = EDGE_LOOP('',(#3680,#3703,#3704,#3727));
#3680 = ORIENTED_EDGE('',*,*,#3681,.F.);
#3681 = EDGE_CURVE('',#2867,#3682,#3684,.T.);
#3682 = VERTEX_POINT('',#3683);
#3683 = CARTESIAN_POINT('',(292.,-6.350668224916E+03,-692.0559191679));
#3684 = SURFACE_CURVE('',#3685,(#3689,#3696),.PCURVE_S1.);
#3685 = LINE('',#3686,#3687);
#3686 = CARTESIAN_POINT('',(292.,-6.208106789436E+03,-779.4176791884));
#3687 = VECTOR('',#3688,1.);
#3688 = DIRECTION('',(-1.044183048101E-16,-0.852640164354,0.522498564716
    ));
#3689 = PCURVE('',#2884,#3690);
#3690 = DEFINITIONAL_REPRESENTATION('',(#3691),#3695);
#3691 = LINE('',#3692,#3693);
#3692 = CARTESIAN_POINT('',(10.,4.032330025439E-13));
#3693 = VECTOR('',#3694,1.);
#3694 = DIRECTION('',(0.,-1.));
#3695 = ( GEOMETRIC_REPRESENTATION_CONTEXT(2) 
PARAMETRIC_REPRESENTATION_CONTEXT() REPRESENTATION_CONTEXT('2D SPACE',''
  ) );
#3696 = PCURVE('',#2933,#3697);
#3697 = DEFINITIONAL_REPRESENTATION('',(#3698),#3702);
#3698 = LINE('',#3699,#3700);
#3699 = CARTESIAN_POINT('',(0.,0.));
#3700 = VECTOR('',#3701,1.);
#3701 = DIRECTION('',(0.,1.));
#3702 = ( GEOMETRIC_REPRESENTATION_CONTEXT(2) 
PARAMETRIC_REPRESENTATION_CONTEXT() REPRESENTATION_CONTEXT('2D SPACE',''
  ) );
#3703 = ORIENTED_EDGE('',*,*,#2866,.T.);
#3704 = ORIENTED_EDGE('',*,*,#3705,.T.);
#3705 = EDGE_CURVE('',#2869,#3706,#3708,.T.);
#3706 = VERTEX_POINT('',#3707);
#3707 = CARTESIAN_POINT('',(292.,-6.355893210564E+03,-700.5823208115));
#3708 = SURFACE_CURVE('',#3709,(#3713,#3720),.PCURVE_S1.);
#3709 = LINE('',#3710,#3711);
#3710 = CARTESIAN_POINT('',(292.,-6.213331775084E+03,-787.944080832));
#3711 = VECTOR('',#3712,1.);
#3712 = DIRECTION('',(-1.044183048101E-16,-0.852640164354,0.522498564716
    ));
#3713 = PCURVE('',#2884,#3714);
#3714 = DEFINITIONAL_REPRESENTATION('',(#3715),#3719);
#3715 = LINE('',#3716,#3717);
#3716 = CARTESIAN_POINT('',(0.,0.));
#3717 = VECTOR('',#3718,1.);
#3718 = DIRECTION('',(0.,-1.));
#3719 = ( GEOMETRIC_REPRESENTATION_CONTEXT(2) 
PARAMETRIC_REPRESENTATION_CONTEXT() REPRESENTATION_CONTEXT('2D SPACE',''
  ) );
#3720 = PCURVE('',#3008,#3721);
#3721 = DEFINITIONAL_REPRESENTATION('',(#3722),#3726);
#3722 = LINE('',#3723,#3724);
#3723 = CARTESIAN_POINT('',(0.,0.));
#3724 = VECTOR('',#3725,1.);
#3725 = DIRECTION('',(0.,1.));
#3726 = ( GEOMETRIC_REPRESENTATION_CONTEXT(2) 
PARAMETRIC_REPRESENTATION_CONTEXT() REPRESENTATION_CONTEXT('2D SPACE',''
  ) );
#3727 = ORIENTED_EDGE('',*,*,#3728,.T.);
#3728 = EDGE_CURVE('',#3706,#3682,#3729,.T.);
#3729 = SURFACE_CURVE('',#3730,(#3734,#3741),.PCURVE_S1.);
#3730 = LINE('',#3731,#3732);
#3731 = CARTESIAN_POINT('',(292.,-6.355893210564E+03,-700.5823208115));
#3732 = VECTOR('',#3733,1.);
#3733 = DIRECTION('',(6.398761948385E-17,0.522498564716,0.852640164354)
  );
#3734 = PCURVE('',#2884,#3735);
#3735 = DEFINITIONAL_REPRESENTATION('',(#3736),#3740);
#3736 = LINE('',#3737,#3738);
#3737 = CARTESIAN_POINT('',(-1.989519660128E-13,-167.2));
#3738 = VECTOR('',#3739,1.);
#3739 = DIRECTION('',(1.,0.));
#3740 = ( GEOMETRIC_REPRESENTATION_CONTEXT(2) 
PARAMETRIC_REPRESENTATION_CONTEXT() REPRESENTATION_CONTEXT('2D SPACE',''
  ) );
#3741 = PCURVE('',#3742,#3747);
#3742 = PLANE('',#3743);
#3743 = AXIS2_PLACEMENT_3D('',#3744,#3745,#3746);
#3744 = CARTESIAN_POINT('',(292.,-6.355893210564E+03,-700.5823208115));
#3745 = DIRECTION('',(-1.044183048101E-16,-0.852640164354,0.522498564716
    ));
#3746 = DIRECTION('',(6.398761948385E-17,0.522498564716,0.852640164354)
  );
#3747 = DEFINITIONAL_REPRESENTATION('',(#3748),#3752);
#3748 = LINE('',#3749,#3750);
#3749 = CARTESIAN_POINT('',(0.,0.));
#3750 = VECTOR('',#3751,1.);
#3751 = DIRECTION('',(1.,0.));
#3752 = ( GEOMETRIC_REPRESENTATION_CONTEXT(2) 
PARAMETRIC_REPRESENTATION_CONTEXT() REPRESENTATION_CONTEXT('2D SPACE',''
  ) );
#3753 = ADVANCED_FACE('',(#3754),#2933,.T.);
#3754 = FACE_BOUND('',#3755,.T.);
#3755 = EDGE_LOOP('',(#3756,#3779,#3807,#3835,#3856,#3857));
#3756 = ORIENTED_EDGE('',*,*,#3757,.F.);
#3757 = EDGE_CURVE('',#3758,#2897,#3760,.T.);
#3758 = VERTEX_POINT('',#3759);
#3759 = CARTESIAN_POINT('',(292.,-6.208106789436E+03,-779.4176791884));
#3760 = SURFACE_CURVE('',#3761,(#3765,#3772),.PCURVE_S1.);
#3761 = LINE('',#3762,#3763);
#3762 = CARTESIAN_POINT('',(292.,-6.208106789436E+03,-779.4176791884));
#3763 = VECTOR('',#3764,1.);
#3764 = DIRECTION('',(-1.044183048101E-16,-0.852640164354,0.522498564716
    ));
#3765 = PCURVE('',#2933,#3766);
#3766 = DEFINITIONAL_REPRESENTATION('',(#3767),#3771);
#3767 = LINE('',#3768,#3769);
#3768 = CARTESIAN_POINT('',(0.,0.));
#3769 = VECTOR('',#3770,1.);
#3770 = DIRECTION('',(0.,1.));
#3771 = ( GEOMETRIC_REPRESENTATION_CONTEXT(2) 
PARAMETRIC_REPRESENTATION_CONTEXT() REPRESENTATION_CONTEXT('2D SPACE',''
  ) );
#3772 = PCURVE('',#2961,#3773);
#3773 = DEFINITIONAL_REPRESENTATION('',(#3774),#3778);
#3774 = LINE('',#3775,#3776);
#3775 = CARTESIAN_POINT('',(10.,4.032330025439E-13));
#3776 = VECTOR('',#3777,1.);
#3777 = DIRECTION('',(0.,-1.));
#3778 = ( GEOMETRIC_REPRESENTATION_CONTEXT(2) 
PARAMETRIC_REPRESENTATION_CONTEXT() REPRESENTATION_CONTEXT('2D SPACE',''
  ) );
#3779 = ORIENTED_EDGE('',*,*,#3780,.T.);
#3780 = EDGE_CURVE('',#3758,#3781,#3783,.T.);
#3781 = VERTEX_POINT('',#3782);
#3782 = CARTESIAN_POINT('',(-113.,-6.208106789436E+03,-779.4176791884));
#3783 = SURFACE_CURVE('',#3784,(#3788,#3795),.PCURVE_S1.);
#3784 = LINE('',#3785,#3786);
#3785 = CARTESIAN_POINT('',(292.,-6.208106789436E+03,-779.4176791884));
#3786 = VECTOR('',#3787,1.);
#3787 = DIRECTION('',(-1.,1.224646799147E-16,0.));
#3788 = PCURVE('',#2933,#3789);
#3789 = DEFINITIONAL_REPRESENTATION('',(#3790),#3794);
#3790 = LINE('',#3791,#3792);
#3791 = CARTESIAN_POINT('',(0.,0.));
#3792 = VECTOR('',#3793,1.);
#3793 = DIRECTION('',(1.,0.));
#3794 = ( GEOMETRIC_REPRESENTATION_CONTEXT(2) 
PARAMETRIC_REPRESENTATION_CONTEXT() REPRESENTATION_CONTEXT('2D SPACE',''
  ) );
#3795 = PCURVE('',#3796,#3801);
#3796 = PLANE('',#3797);
#3797 = AXIS2_PLACEMENT_3D('',#3798,#3799,#3800);
#3798 = CARTESIAN_POINT('',(292.,-6.213331775084E+03,-787.944080832));
#3799 = DIRECTION('',(-1.044183048101E-16,-0.852640164354,0.522498564716
    ));
#3800 = DIRECTION('',(6.398761948385E-17,0.522498564716,0.852640164354)
  );
#3801 = DEFINITIONAL_REPRESENTATION('',(#3802),#3806);
#3802 = LINE('',#3803,#3804);
#3803 = CARTESIAN_POINT('',(10.,6.398761948385E-16));
#3804 = VECTOR('',#3805,1.);
#3805 = DIRECTION('',(0.,1.));
#3806 = ( GEOMETRIC_REPRESENTATION_CONTEXT(2) 
PARAMETRIC_REPRESENTATION_CONTEXT() REPRESENTATION_CONTEXT('2D SPACE',''
  ) );
#3807 = ORIENTED_EDGE('',*,*,#3808,.T.);
#3808 = EDGE_CURVE('',#3781,#3809,#3811,.T.);
#3809 = VERTEX_POINT('',#3810);
#3810 = CARTESIAN_POINT('',(-113.,-6.350668224916E+03,-692.0559191679));
#3811 = SURFACE_CURVE('',#3812,(#3816,#3823),.PCURVE_S1.);
#3812 = LINE('',#3813,#3814);
#3813 = CARTESIAN_POINT('',(-113.,-6.208106789436E+03,-779.4176791884));
#3814 = VECTOR('',#3815,1.);
#3815 = DIRECTION('',(-1.044183048101E-16,-0.852640164354,0.522498564716
    ));
#3816 = PCURVE('',#2933,#3817);
#3817 = DEFINITIONAL_REPRESENTATION('',(#3818),#3822);
#3818 = LINE('',#3819,#3820);
#3819 = CARTESIAN_POINT('',(405.,4.228941344808E-14));
#3820 = VECTOR('',#3821,1.);
#3821 = DIRECTION('',(0.,1.));
#3822 = ( GEOMETRIC_REPRESENTATION_CONTEXT(2) 
PARAMETRIC_REPRESENTATION_CONTEXT() REPRESENTATION_CONTEXT('2D SPACE',''
  ) );
#3823 = PCURVE('',#3824,#3829);
#3824 = PLANE('',#3825);
#3825 = AXIS2_PLACEMENT_3D('',#3826,#3827,#3828);
#3826 = CARTESIAN_POINT('',(-113.,-6.213331775084E+03,-787.944080832));
#3827 = DIRECTION('',(-1.,1.224646799147E-16,0.));
#3828 = DIRECTION('',(6.398761948385E-17,0.522498564716,0.852640164354)
  );
#3829 = DEFINITIONAL_REPRESENTATION('',(#3830),#3834);
#3830 = LINE('',#3831,#3832);
#3831 = CARTESIAN_POINT('',(10.,4.032330025439E-13));
#3832 = VECTOR('',#3833,1.);
#3833 = DIRECTION('',(0.,-1.));
#3834 = ( GEOMETRIC_REPRESENTATION_CONTEXT(2) 
PARAMETRIC_REPRESENTATION_CONTEXT() REPRESENTATION_CONTEXT('2D SPACE',''
  ) );
#3835 = ORIENTED_EDGE('',*,*,#3836,.F.);
#3836 = EDGE_CURVE('',#3682,#3809,#3837,.T.);
#3837 = SURFACE_CURVE('',#3838,(#3842,#3849),.PCURVE_S1.);
#3838 = LINE('',#3839,#3840);
#3839 = CARTESIAN_POINT('',(292.,-6.350668224916E+03,-692.0559191679));
#3840 = VECTOR('',#3841,1.);
#3841 = DIRECTION('',(-1.,1.224646799147E-16,0.));
#3842 = PCURVE('',#2933,#3843);
#3843 = DEFINITIONAL_REPRESENTATION('',(#3844),#3848);
#3844 = LINE('',#3845,#3846);
#3845 = CARTESIAN_POINT('',(-1.745874056424E-14,167.2));
#3846 = VECTOR('',#3847,1.);
#3847 = DIRECTION('',(1.,0.));
#3848 = ( GEOMETRIC_REPRESENTATION_CONTEXT(2) 
PARAMETRIC_REPRESENTATION_CONTEXT() REPRESENTATION_CONTEXT('2D SPACE',''
  ) );
#3849 = PCURVE('',#3742,#3850);
#3850 = DEFINITIONAL_REPRESENTATION('',(#3851),#3855);
#3851 = LINE('',#3852,#3853);
#3852 = CARTESIAN_POINT('',(10.,6.398761948385E-16));
#3853 = VECTOR('',#3854,1.);
#3854 = DIRECTION('',(0.,1.));
#3855 = ( GEOMETRIC_REPRESENTATION_CONTEXT(2) 
PARAMETRIC_REPRESENTATION_CONTEXT() REPRESENTATION_CONTEXT('2D SPACE',''
  ) );
#3856 = ORIENTED_EDGE('',*,*,#3681,.F.);
#3857 = ORIENTED_EDGE('',*,*,#2896,.F.);
#3858 = ADVANCED_FACE('',(#3859),#3008,.F.);
#3859 = FACE_BOUND('',#3860,.F.);
#3860 = EDGE_LOOP('',(#3861,#3884,#3907,#3930,#3951,#3952));
#3861 = ORIENTED_EDGE('',*,*,#3862,.F.);
#3862 = EDGE_CURVE('',#3863,#2946,#3865,.T.);
#3863 = VERTEX_POINT('',#3864);
#3864 = CARTESIAN_POINT('',(292.,-6.213331775084E+03,-787.944080832));
#3865 = SURFACE_CURVE('',#3866,(#3870,#3877),.PCURVE_S1.);
#3866 = LINE('',#3867,#3868);
#3867 = CARTESIAN_POINT('',(292.,-6.213331775084E+03,-787.944080832));
#3868 = VECTOR('',#3869,1.);
#3869 = DIRECTION('',(-1.044183048101E-16,-0.852640164354,0.522498564716
    ));
#3870 = PCURVE('',#3008,#3871);
#3871 = DEFINITIONAL_REPRESENTATION('',(#3872),#3876);
#3872 = LINE('',#3873,#3874);
#3873 = CARTESIAN_POINT('',(0.,0.));
#3874 = VECTOR('',#3875,1.);
#3875 = DIRECTION('',(0.,1.));
#3876 = ( GEOMETRIC_REPRESENTATION_CONTEXT(2) 
PARAMETRIC_REPRESENTATION_CONTEXT() REPRESENTATION_CONTEXT('2D SPACE',''
  ) );
#3877 = PCURVE('',#2961,#3878);
#3878 = DEFINITIONAL_REPRESENTATION('',(#3879),#3883);
#3879 = LINE('',#3880,#3881);
#3880 = CARTESIAN_POINT('',(0.,0.));
#3881 = VECTOR('',#3882,1.);
#3882 = DIRECTION('',(0.,-1.));
#3883 = ( GEOMETRIC_REPRESENTATION_CONTEXT(2) 
PARAMETRIC_REPRESENTATION_CONTEXT() REPRESENTATION_CONTEXT('2D SPACE',''
  ) );
#3884 = ORIENTED_EDGE('',*,*,#3885,.T.);
#3885 = EDGE_CURVE('',#3863,#3886,#3888,.T.);
#3886 = VERTEX_POINT('',#3887);
#3887 = CARTESIAN_POINT('',(-113.,-6.213331775084E+03,-787.944080832));
#3888 = SURFACE_CURVE('',#3889,(#3893,#3900),.PCURVE_S1.);
#3889 = LINE('',#3890,#3891);
#3890 = CARTESIAN_POINT('',(292.,-6.213331775084E+03,-787.944080832));
#3891 = VECTOR('',#3892,1.);
#3892 = DIRECTION('',(-1.,1.224646799147E-16,0.));
#3893 = PCURVE('',#3008,#3894);
#3894 = DEFINITIONAL_REPRESENTATION('',(#3895),#3899);
#3895 = LINE('',#3896,#3897);
#3896 = CARTESIAN_POINT('',(0.,0.));
#3897 = VECTOR('',#3898,1.);
#3898 = DIRECTION('',(1.,0.));
#3899 = ( GEOMETRIC_REPRESENTATION_CONTEXT(2) 
PARAMETRIC_REPRESENTATION_CONTEXT() REPRESENTATION_CONTEXT('2D SPACE',''
  ) );
#3900 = PCURVE('',#3796,#3901);
#3901 = DEFINITIONAL_REPRESENTATION('',(#3902),#3906);
#3902 = LINE('',#3903,#3904);
#3903 = CARTESIAN_POINT('',(0.,0.));
#3904 = VECTOR('',#3905,1.);
#3905 = DIRECTION('',(0.,1.));
#3906 = ( GEOMETRIC_REPRESENTATION_CONTEXT(2) 
PARAMETRIC_REPRESENTATION_CONTEXT() REPRESENTATION_CONTEXT('2D SPACE',''
  ) );
#3907 = ORIENTED_EDGE('',*,*,#3908,.T.);
#3908 = EDGE_CURVE('',#3886,#3909,#3911,.T.);
#3909 = VERTEX_POINT('',#3910);
#3910 = CARTESIAN_POINT('',(-113.,-6.355893210564E+03,-700.5823208115));
#3911 = SURFACE_CURVE('',#3912,(#3916,#3923),.PCURVE_S1.);
#3912 = LINE('',#3913,#3914);
#3913 = CARTESIAN_POINT('',(-113.,-6.213331775084E+03,-787.944080832));
#3914 = VECTOR('',#3915,1.);
#3915 = DIRECTION('',(-1.044183048101E-16,-0.852640164354,0.522498564716
    ));
#3916 = PCURVE('',#3008,#3917);
#3917 = DEFINITIONAL_REPRESENTATION('',(#3918),#3922);
#3918 = LINE('',#3919,#3920);
#3919 = CARTESIAN_POINT('',(405.,4.228941344808E-14));
#3920 = VECTOR('',#3921,1.);
#3921 = DIRECTION('',(0.,1.));
#3922 = ( GEOMETRIC_REPRESENTATION_CONTEXT(2) 
PARAMETRIC_REPRESENTATION_CONTEXT() REPRESENTATION_CONTEXT('2D SPACE',''
  ) );
#3923 = PCURVE('',#3824,#3924);
#3924 = DEFINITIONAL_REPRESENTATION('',(#3925),#3929);
#3925 = LINE('',#3926,#3927);
#3926 = CARTESIAN_POINT('',(0.,0.));
#3927 = VECTOR('',#3928,1.);
#3928 = DIRECTION('',(0.,-1.));
#3929 = ( GEOMETRIC_REPRESENTATION_CONTEXT(2) 
PARAMETRIC_REPRESENTATION_CONTEXT() REPRESENTATION_CONTEXT('2D SPACE',''
  ) );
#3930 = ORIENTED_EDGE('',*,*,#3931,.F.);
#3931 = EDGE_CURVE('',#3706,#3909,#3932,.T.);
#3932 = SURFACE_CURVE('',#3933,(#3937,#3944),.PCURVE_S1.);
#3933 = LINE('',#3934,#3935);
#3934 = CARTESIAN_POINT('',(292.,-6.355893210564E+03,-700.5823208115));
#3935 = VECTOR('',#3936,1.);
#3936 = DIRECTION('',(-1.,1.224646799147E-16,0.));
#3937 = PCURVE('',#3008,#3938);
#3938 = DEFINITIONAL_REPRESENTATION('',(#3939),#3943);
#3939 = LINE('',#3940,#3941);
#3940 = CARTESIAN_POINT('',(-1.745874056424E-14,167.2));
#3941 = VECTOR('',#3942,1.);
#3942 = DIRECTION('',(1.,0.));
#3943 = ( GEOMETRIC_REPRESENTATION_CONTEXT(2) 
PARAMETRIC_REPRESENTATION_CONTEXT() REPRESENTATION_CONTEXT('2D SPACE',''
  ) );
#3944 = PCURVE('',#3742,#3945);
#3945 = DEFINITIONAL_REPRESENTATION('',(#3946),#3950);
#3946 = LINE('',#3947,#3948);
#3947 = CARTESIAN_POINT('',(0.,0.));
#3948 = VECTOR('',#3949,1.);
#3949 = DIRECTION('',(0.,1.));
#3950 = ( GEOMETRIC_REPRESENTATION_CONTEXT(2) 
PARAMETRIC_REPRESENTATION_CONTEXT() REPRESENTATION_CONTEXT('2D SPACE',''
  ) );
#3951 = ORIENTED_EDGE('',*,*,#3705,.F.);
#3952 = ORIENTED_EDGE('',*,*,#2973,.F.);
#3953 = ADVANCED_FACE('',(#3954),#2961,.F.);
#3954 = FACE_BOUND('',#3955,.F.);
#3955 = EDGE_LOOP('',(#3956,#3957,#3978,#3979));
#3956 = ORIENTED_EDGE('',*,*,#3757,.F.);
#3957 = ORIENTED_EDGE('',*,*,#3958,.F.);
#3958 = EDGE_CURVE('',#3863,#3758,#3959,.T.);
#3959 = SURFACE_CURVE('',#3960,(#3964,#3971),.PCURVE_S1.);
#3960 = LINE('',#3961,#3962);
#3961 = CARTESIAN_POINT('',(292.,-6.213331775084E+03,-787.944080832));
#3962 = VECTOR('',#3963,1.);
#3963 = DIRECTION('',(6.398761948385E-17,0.522498564716,0.852640164354)
  );
#3964 = PCURVE('',#2961,#3965);
#3965 = DEFINITIONAL_REPRESENTATION('',(#3966),#3970);
#3966 = LINE('',#3967,#3968);
#3967 = CARTESIAN_POINT('',(0.,0.));
#3968 = VECTOR('',#3969,1.);
#3969 = DIRECTION('',(1.,0.));
#3970 = ( GEOMETRIC_REPRESENTATION_CONTEXT(2) 
PARAMETRIC_REPRESENTATION_CONTEXT() REPRESENTATION_CONTEXT('2D SPACE',''
  ) );
#3971 = PCURVE('',#3796,#3972);
#3972 = DEFINITIONAL_REPRESENTATION('',(#3973),#3977);
#3973 = LINE('',#3974,#3975);
#3974 = CARTESIAN_POINT('',(0.,0.));
#3975 = VECTOR('',#3976,1.);
#3976 = DIRECTION('',(1.,0.));
#3977 = ( GEOMETRIC_REPRESENTATION_CONTEXT(2) 
PARAMETRIC_REPRESENTATION_CONTEXT() REPRESENTATION_CONTEXT('2D SPACE',''
  ) );
#3978 = ORIENTED_EDGE('',*,*,#3862,.T.);
#3979 = ORIENTED_EDGE('',*,*,#2945,.F.);
#3980 = ADVANCED_FACE('',(#3981),#3040,.F.);
#3981 = FACE_BOUND('',#3982,.F.);
#3982 = EDGE_LOOP('',(#3983,#4006,#4007,#4030));
#3983 = ORIENTED_EDGE('',*,*,#3984,.F.);
#3984 = EDGE_CURVE('',#3023,#3985,#3987,.T.);
#3985 = VERTEX_POINT('',#3986);
#3986 = CARTESIAN_POINT('',(395.66822491642,-6.317E+03,-692.0559191679)
  );
#3987 = SURFACE_CURVE('',#3988,(#3992,#3999),.PCURVE_S1.);
#3988 = LINE('',#3989,#3990);
#3989 = CARTESIAN_POINT('',(253.10678943641,-6.317E+03,-779.4176791884)
  );
#3990 = VECTOR('',#3991,1.);
#3991 = DIRECTION('',(0.852640164354,-1.893241484372E-16,0.522498564716)
  );
#3992 = PCURVE('',#3040,#3993);
#3993 = DEFINITIONAL_REPRESENTATION('',(#3994),#3998);
#3994 = LINE('',#3995,#3996);
#3995 = CARTESIAN_POINT('',(10.,6.394884621841E-14));
#3996 = VECTOR('',#3997,1.);
#3997 = DIRECTION('',(0.,-1.));
#3998 = ( GEOMETRIC_REPRESENTATION_CONTEXT(2) 
PARAMETRIC_REPRESENTATION_CONTEXT() REPRESENTATION_CONTEXT('2D SPACE',''
  ) );
#3999 = PCURVE('',#3089,#4000);
#4000 = DEFINITIONAL_REPRESENTATION('',(#4001),#4005);
#4001 = LINE('',#4002,#4003);
#4002 = CARTESIAN_POINT('',(0.,0.));
#4003 = VECTOR('',#4004,1.);
#4004 = DIRECTION('',(0.,1.));
#4005 = ( GEOMETRIC_REPRESENTATION_CONTEXT(2) 
PARAMETRIC_REPRESENTATION_CONTEXT() REPRESENTATION_CONTEXT('2D SPACE',''
  ) );
#4006 = ORIENTED_EDGE('',*,*,#3022,.T.);
#4007 = ORIENTED_EDGE('',*,*,#4008,.T.);
#4008 = EDGE_CURVE('',#3025,#4009,#4011,.T.);
#4009 = VERTEX_POINT('',#4010);
#4010 = CARTESIAN_POINT('',(400.89321056358,-6.317E+03,-700.5823208115)
  );
#4011 = SURFACE_CURVE('',#4012,(#4016,#4023),.PCURVE_S1.);
#4012 = LINE('',#4013,#4014);
#4013 = CARTESIAN_POINT('',(258.33177508357,-6.317E+03,-787.944080832));
#4014 = VECTOR('',#4015,1.);
#4015 = DIRECTION('',(0.852640164354,-1.893241484372E-16,0.522498564716)
  );
#4016 = PCURVE('',#3040,#4017);
#4017 = DEFINITIONAL_REPRESENTATION('',(#4018),#4022);
#4018 = LINE('',#4019,#4020);
#4019 = CARTESIAN_POINT('',(0.,0.));
#4020 = VECTOR('',#4021,1.);
#4021 = DIRECTION('',(0.,-1.));
#4022 = ( GEOMETRIC_REPRESENTATION_CONTEXT(2) 
PARAMETRIC_REPRESENTATION_CONTEXT() REPRESENTATION_CONTEXT('2D SPACE',''
  ) );
#4023 = PCURVE('',#3164,#4024);
#4024 = DEFINITIONAL_REPRESENTATION('',(#4025),#4029);
#4025 = LINE('',#4026,#4027);
#4026 = CARTESIAN_POINT('',(0.,0.));
#4027 = VECTOR('',#4028,1.);
#4028 = DIRECTION('',(0.,1.));
#4029 = ( GEOMETRIC_REPRESENTATION_CONTEXT(2) 
PARAMETRIC_REPRESENTATION_CONTEXT() REPRESENTATION_CONTEXT('2D SPACE',''
  ) );
#4030 = ORIENTED_EDGE('',*,*,#4031,.T.);
#4031 = EDGE_CURVE('',#4009,#3985,#4032,.T.);
#4032 = SURFACE_CURVE('',#4033,(#4037,#4044),.PCURVE_S1.);
#4033 = LINE('',#4034,#4035);
#4034 = CARTESIAN_POINT('',(400.89321056358,-6.317E+03,-700.5823208115)
  );
#4035 = VECTOR('',#4036,1.);
#4036 = DIRECTION('',(-0.522498564716,1.160179873762E-16,0.852640164354)
  );
#4037 = PCURVE('',#3040,#4038);
#4038 = DEFINITIONAL_REPRESENTATION('',(#4039),#4043);
#4039 = LINE('',#4040,#4041);
#4040 = CARTESIAN_POINT('',(-2.84217094304E-14,-167.2));
#4041 = VECTOR('',#4042,1.);
#4042 = DIRECTION('',(1.,0.));
#4043 = ( GEOMETRIC_REPRESENTATION_CONTEXT(2) 
PARAMETRIC_REPRESENTATION_CONTEXT() REPRESENTATION_CONTEXT('2D SPACE',''
  ) );
#4044 = PCURVE('',#4045,#4050);
#4045 = PLANE('',#4046);
#4046 = AXIS2_PLACEMENT_3D('',#4047,#4048,#4049);
#4047 = CARTESIAN_POINT('',(400.89321056358,-6.317E+03,-700.5823208115)
  );
#4048 = DIRECTION('',(0.852640164354,-1.893241484372E-16,0.522498564716)
  );
#4049 = DIRECTION('',(-0.522498564716,1.160179873762E-16,0.852640164354)
  );
#4050 = DEFINITIONAL_REPRESENTATION('',(#4051),#4055);
#4051 = LINE('',#4052,#4053);
#4052 = CARTESIAN_POINT('',(0.,0.));
#4053 = VECTOR('',#4054,1.);
#4054 = DIRECTION('',(1.,0.));
#4055 = ( GEOMETRIC_REPRESENTATION_CONTEXT(2) 
PARAMETRIC_REPRESENTATION_CONTEXT() REPRESENTATION_CONTEXT('2D SPACE',''
  ) );
#4056 = ADVANCED_FACE('',(#4057),#3164,.F.);
#4057 = FACE_BOUND('',#4058,.F.);
#4058 = EDGE_LOOP('',(#4059,#4082,#4110,#4138,#4159,#4160));
#4059 = ORIENTED_EDGE('',*,*,#4060,.F.);
#4060 = EDGE_CURVE('',#4061,#3102,#4063,.T.);
#4061 = VERTEX_POINT('',#4062);
#4062 = CARTESIAN_POINT('',(258.33177508357,-6.317E+03,-787.944080832));
#4063 = SURFACE_CURVE('',#4064,(#4068,#4075),.PCURVE_S1.);
#4064 = LINE('',#4065,#4066);
#4065 = CARTESIAN_POINT('',(258.33177508357,-6.317E+03,-787.944080832));
#4066 = VECTOR('',#4067,1.);
#4067 = DIRECTION('',(0.852640164354,-1.893241484372E-16,0.522498564716)
  );
#4068 = PCURVE('',#3164,#4069);
#4069 = DEFINITIONAL_REPRESENTATION('',(#4070),#4074);
#4070 = LINE('',#4071,#4072);
#4071 = CARTESIAN_POINT('',(0.,0.));
#4072 = VECTOR('',#4073,1.);
#4073 = DIRECTION('',(0.,1.));
#4074 = ( GEOMETRIC_REPRESENTATION_CONTEXT(2) 
PARAMETRIC_REPRESENTATION_CONTEXT() REPRESENTATION_CONTEXT('2D SPACE',''
  ) );
#4075 = PCURVE('',#3117,#4076);
#4076 = DEFINITIONAL_REPRESENTATION('',(#4077),#4081);
#4077 = LINE('',#4078,#4079);
#4078 = CARTESIAN_POINT('',(0.,0.));
#4079 = VECTOR('',#4080,1.);
#4080 = DIRECTION('',(0.,-1.));
#4081 = ( GEOMETRIC_REPRESENTATION_CONTEXT(2) 
PARAMETRIC_REPRESENTATION_CONTEXT() REPRESENTATION_CONTEXT('2D SPACE',''
  ) );
#4082 = ORIENTED_EDGE('',*,*,#4083,.T.);
#4083 = EDGE_CURVE('',#4061,#4084,#4086,.T.);
#4084 = VERTEX_POINT('',#4085);
#4085 = CARTESIAN_POINT('',(258.33177508357,-6.722E+03,-787.944080832));
#4086 = SURFACE_CURVE('',#4087,(#4091,#4098),.PCURVE_S1.);
#4087 = LINE('',#4088,#4089);
#4088 = CARTESIAN_POINT('',(258.33177508357,-6.317E+03,-787.944080832));
#4089 = VECTOR('',#4090,1.);
#4090 = DIRECTION('',(-2.22044604925E-16,-1.,0.));
#4091 = PCURVE('',#3164,#4092);
#4092 = DEFINITIONAL_REPRESENTATION('',(#4093),#4097);
#4093 = LINE('',#4094,#4095);
#4094 = CARTESIAN_POINT('',(0.,0.));
#4095 = VECTOR('',#4096,1.);
#4096 = DIRECTION('',(1.,0.));
#4097 = ( GEOMETRIC_REPRESENTATION_CONTEXT(2) 
PARAMETRIC_REPRESENTATION_CONTEXT() REPRESENTATION_CONTEXT('2D SPACE',''
  ) );
#4098 = PCURVE('',#4099,#4104);
#4099 = PLANE('',#4100);
#4100 = AXIS2_PLACEMENT_3D('',#4101,#4102,#4103);
#4101 = CARTESIAN_POINT('',(258.33177508357,-6.317E+03,-787.944080832));
#4102 = DIRECTION('',(0.852640164354,-1.893241484372E-16,0.522498564716)
  );
#4103 = DIRECTION('',(-0.522498564716,1.160179873762E-16,0.852640164354)
  );
#4104 = DEFINITIONAL_REPRESENTATION('',(#4105),#4109);
#4105 = LINE('',#4106,#4107);
#4106 = CARTESIAN_POINT('',(0.,0.));
#4107 = VECTOR('',#4108,1.);
#4108 = DIRECTION('',(0.,1.));
#4109 = ( GEOMETRIC_REPRESENTATION_CONTEXT(2) 
PARAMETRIC_REPRESENTATION_CONTEXT() REPRESENTATION_CONTEXT('2D SPACE',''
  ) );
#4110 = ORIENTED_EDGE('',*,*,#4111,.T.);
#4111 = EDGE_CURVE('',#4084,#4112,#4114,.T.);
#4112 = VERTEX_POINT('',#4113);
#4113 = CARTESIAN_POINT('',(400.89321056358,-6.722E+03,-700.5823208115)
  );
#4114 = SURFACE_CURVE('',#4115,(#4119,#4126),.PCURVE_S1.);
#4115 = LINE('',#4116,#4117);
#4116 = CARTESIAN_POINT('',(258.33177508357,-6.722E+03,-787.944080832));
#4117 = VECTOR('',#4118,1.);
#4118 = DIRECTION('',(0.852640164354,-1.893241484372E-16,0.522498564716)
  );
#4119 = PCURVE('',#3164,#4120);
#4120 = DEFINITIONAL_REPRESENTATION('',(#4121),#4125);
#4121 = LINE('',#4122,#4123);
#4122 = CARTESIAN_POINT('',(405.,2.820929811715E-14));
#4123 = VECTOR('',#4124,1.);
#4124 = DIRECTION('',(0.,1.));
#4125 = ( GEOMETRIC_REPRESENTATION_CONTEXT(2) 
PARAMETRIC_REPRESENTATION_CONTEXT() REPRESENTATION_CONTEXT('2D SPACE',''
  ) );
#4126 = PCURVE('',#4127,#4132);
#4127 = PLANE('',#4128);
#4128 = AXIS2_PLACEMENT_3D('',#4129,#4130,#4131);
#4129 = CARTESIAN_POINT('',(258.33177508357,-6.722E+03,-787.944080832));
#4130 = DIRECTION('',(-2.22044604925E-16,-1.,0.));
#4131 = DIRECTION('',(-0.522498564716,1.160179873762E-16,0.852640164354)
  );
#4132 = DEFINITIONAL_REPRESENTATION('',(#4133),#4137);
#4133 = LINE('',#4134,#4135);
#4134 = CARTESIAN_POINT('',(0.,0.));
#4135 = VECTOR('',#4136,1.);
#4136 = DIRECTION('',(0.,-1.));
#4137 = ( GEOMETRIC_REPRESENTATION_CONTEXT(2) 
PARAMETRIC_REPRESENTATION_CONTEXT() REPRESENTATION_CONTEXT('2D SPACE',''
  ) );
#4138 = ORIENTED_EDGE('',*,*,#4139,.F.);
#4139 = EDGE_CURVE('',#4009,#4112,#4140,.T.);
#4140 = SURFACE_CURVE('',#4141,(#4145,#4152),.PCURVE_S1.);
#4141 = LINE('',#4142,#4143);
#4142 = CARTESIAN_POINT('',(400.89321056358,-6.317E+03,-700.5823208115)
  );
#4143 = VECTOR('',#4144,1.);
#4144 = DIRECTION('',(-2.22044604925E-16,-1.,0.));
#4145 = PCURVE('',#3164,#4146);
#4146 = DEFINITIONAL_REPRESENTATION('',(#4147),#4151);
#4147 = LINE('',#4148,#4149);
#4148 = CARTESIAN_POINT('',(-3.16549976187E-14,167.2));
#4149 = VECTOR('',#4150,1.);
#4150 = DIRECTION('',(1.,0.));
#4151 = ( GEOMETRIC_REPRESENTATION_CONTEXT(2) 
PARAMETRIC_REPRESENTATION_CONTEXT() REPRESENTATION_CONTEXT('2D SPACE',''
  ) );
#4152 = PCURVE('',#4045,#4153);
#4153 = DEFINITIONAL_REPRESENTATION('',(#4154),#4158);
#4154 = LINE('',#4155,#4156);
#4155 = CARTESIAN_POINT('',(0.,0.));
#4156 = VECTOR('',#4157,1.);
#4157 = DIRECTION('',(0.,1.));
#4158 = ( GEOMETRIC_REPRESENTATION_CONTEXT(2) 
PARAMETRIC_REPRESENTATION_CONTEXT() REPRESENTATION_CONTEXT('2D SPACE',''
  ) );
#4159 = ORIENTED_EDGE('',*,*,#4008,.F.);
#4160 = ORIENTED_EDGE('',*,*,#3129,.F.);
#4161 = ADVANCED_FACE('',(#4162),#3117,.F.);
#4162 = FACE_BOUND('',#4163,.F.);
#4163 = EDGE_LOOP('',(#4164,#4187,#4208,#4209));
#4164 = ORIENTED_EDGE('',*,*,#4165,.F.);
#4165 = EDGE_CURVE('',#4166,#3053,#4168,.T.);
#4166 = VERTEX_POINT('',#4167);
#4167 = CARTESIAN_POINT('',(253.10678943641,-6.317E+03,-779.4176791884)
  );
#4168 = SURFACE_CURVE('',#4169,(#4173,#4180),.PCURVE_S1.);
#4169 = LINE('',#4170,#4171);
#4170 = CARTESIAN_POINT('',(253.10678943641,-6.317E+03,-779.4176791884)
  );
#4171 = VECTOR('',#4172,1.);
#4172 = DIRECTION('',(0.852640164354,-1.893241484372E-16,0.522498564716)
  );
#4173 = PCURVE('',#3117,#4174);
#4174 = DEFINITIONAL_REPRESENTATION('',(#4175),#4179);
#4175 = LINE('',#4176,#4177);
#4176 = CARTESIAN_POINT('',(10.,6.394884621841E-14));
#4177 = VECTOR('',#4178,1.);
#4178 = DIRECTION('',(0.,-1.));
#4179 = ( GEOMETRIC_REPRESENTATION_CONTEXT(2) 
PARAMETRIC_REPRESENTATION_CONTEXT() REPRESENTATION_CONTEXT('2D SPACE',''
  ) );
#4180 = PCURVE('',#3089,#4181);
#4181 = DEFINITIONAL_REPRESENTATION('',(#4182),#4186);
#4182 = LINE('',#4183,#4184);
#4183 = CARTESIAN_POINT('',(0.,0.));
#4184 = VECTOR('',#4185,1.);
#4185 = DIRECTION('',(0.,1.));
#4186 = ( GEOMETRIC_REPRESENTATION_CONTEXT(2) 
PARAMETRIC_REPRESENTATION_CONTEXT() REPRESENTATION_CONTEXT('2D SPACE',''
  ) );
#4187 = ORIENTED_EDGE('',*,*,#4188,.F.);
#4188 = EDGE_CURVE('',#4061,#4166,#4189,.T.);
#4189 = SURFACE_CURVE('',#4190,(#4194,#4201),.PCURVE_S1.);
#4190 = LINE('',#4191,#4192);
#4191 = CARTESIAN_POINT('',(258.33177508357,-6.317E+03,-787.944080832));
#4192 = VECTOR('',#4193,1.);
#4193 = DIRECTION('',(-0.522498564716,1.160179873762E-16,0.852640164354)
  );
#4194 = PCURVE('',#3117,#4195);
#4195 = DEFINITIONAL_REPRESENTATION('',(#4196),#4200);
#4196 = LINE('',#4197,#4198);
#4197 = CARTESIAN_POINT('',(0.,0.));
#4198 = VECTOR('',#4199,1.);
#4199 = DIRECTION('',(1.,0.));
#4200 = ( GEOMETRIC_REPRESENTATION_CONTEXT(2) 
PARAMETRIC_REPRESENTATION_CONTEXT() REPRESENTATION_CONTEXT('2D SPACE',''
  ) );
#4201 = PCURVE('',#4099,#4202);
#4202 = DEFINITIONAL_REPRESENTATION('',(#4203),#4207);
#4203 = LINE('',#4204,#4205);
#4204 = CARTESIAN_POINT('',(0.,0.));
#4205 = VECTOR('',#4206,1.);
#4206 = DIRECTION('',(1.,0.));
#4207 = ( GEOMETRIC_REPRESENTATION_CONTEXT(2) 
PARAMETRIC_REPRESENTATION_CONTEXT() REPRESENTATION_CONTEXT('2D SPACE',''
  ) );
#4208 = ORIENTED_EDGE('',*,*,#4060,.T.);
#4209 = ORIENTED_EDGE('',*,*,#3101,.F.);
#4210 = ADVANCED_FACE('',(#4211),#3089,.T.);
#4211 = FACE_BOUND('',#4212,.T.);
#4212 = EDGE_LOOP('',(#4213,#4214,#4237,#4260,#4281,#4282));
#4213 = ORIENTED_EDGE('',*,*,#4165,.F.);
#4214 = ORIENTED_EDGE('',*,*,#4215,.T.);
#4215 = EDGE_CURVE('',#4166,#4216,#4218,.T.);
#4216 = VERTEX_POINT('',#4217);
#4217 = CARTESIAN_POINT('',(253.10678943641,-6.722E+03,-779.4176791884)
  );
#4218 = SURFACE_CURVE('',#4219,(#4223,#4230),.PCURVE_S1.);
#4219 = LINE('',#4220,#4221);
#4220 = CARTESIAN_POINT('',(253.10678943641,-6.317E+03,-779.4176791884)
  );
#4221 = VECTOR('',#4222,1.);
#4222 = DIRECTION('',(-2.22044604925E-16,-1.,0.));
#4223 = PCURVE('',#3089,#4224);
#4224 = DEFINITIONAL_REPRESENTATION('',(#4225),#4229);
#4225 = LINE('',#4226,#4227);
#4226 = CARTESIAN_POINT('',(0.,0.));
#4227 = VECTOR('',#4228,1.);
#4228 = DIRECTION('',(1.,0.));
#4229 = ( GEOMETRIC_REPRESENTATION_CONTEXT(2) 
PARAMETRIC_REPRESENTATION_CONTEXT() REPRESENTATION_CONTEXT('2D SPACE',''
  ) );
#4230 = PCURVE('',#4099,#4231);
#4231 = DEFINITIONAL_REPRESENTATION('',(#4232),#4236);
#4232 = LINE('',#4233,#4234);
#4233 = CARTESIAN_POINT('',(10.,1.160179873762E-15));
#4234 = VECTOR('',#4235,1.);
#4235 = DIRECTION('',(0.,1.));
#4236 = ( GEOMETRIC_REPRESENTATION_CONTEXT(2) 
PARAMETRIC_REPRESENTATION_CONTEXT() REPRESENTATION_CONTEXT('2D SPACE',''
  ) );
#4237 = ORIENTED_EDGE('',*,*,#4238,.T.);
#4238 = EDGE_CURVE('',#4216,#4239,#4241,.T.);
#4239 = VERTEX_POINT('',#4240);
#4240 = CARTESIAN_POINT('',(395.66822491642,-6.722E+03,-692.0559191679)
  );
#4241 = SURFACE_CURVE('',#4242,(#4246,#4253),.PCURVE_S1.);
#4242 = LINE('',#4243,#4244);
#4243 = CARTESIAN_POINT('',(253.10678943641,-6.722E+03,-779.4176791884)
  );
#4244 = VECTOR('',#4245,1.);
#4245 = DIRECTION('',(0.852640164354,-1.893241484372E-16,0.522498564716)
  );
#4246 = PCURVE('',#3089,#4247);
#4247 = DEFINITIONAL_REPRESENTATION('',(#4248),#4252);
#4248 = LINE('',#4249,#4250);
#4249 = CARTESIAN_POINT('',(405.,2.820929811715E-14));
#4250 = VECTOR('',#4251,1.);
#4251 = DIRECTION('',(0.,1.));
#4252 = ( GEOMETRIC_REPRESENTATION_CONTEXT(2) 
PARAMETRIC_REPRESENTATION_CONTEXT() REPRESENTATION_CONTEXT('2D SPACE',''
  ) );
#4253 = PCURVE('',#4127,#4254);
#4254 = DEFINITIONAL_REPRESENTATION('',(#4255),#4259);
#4255 = LINE('',#4256,#4257);
#4256 = CARTESIAN_POINT('',(10.,6.394884621841E-14));
#4257 = VECTOR('',#4258,1.);
#4258 = DIRECTION('',(0.,-1.));
#4259 = ( GEOMETRIC_REPRESENTATION_CONTEXT(2) 
PARAMETRIC_REPRESENTATION_CONTEXT() REPRESENTATION_CONTEXT('2D SPACE',''
  ) );
#4260 = ORIENTED_EDGE('',*,*,#4261,.F.);
#4261 = EDGE_CURVE('',#3985,#4239,#4262,.T.);
#4262 = SURFACE_CURVE('',#4263,(#4267,#4274),.PCURVE_S1.);
#4263 = LINE('',#4264,#4265);
#4264 = CARTESIAN_POINT('',(395.66822491642,-6.317E+03,-692.0559191679)
  );
#4265 = VECTOR('',#4266,1.);
#4266 = DIRECTION('',(-2.22044604925E-16,-1.,0.));
#4267 = PCURVE('',#3089,#4268);
#4268 = DEFINITIONAL_REPRESENTATION('',(#4269),#4273);
#4269 = LINE('',#4270,#4271);
#4270 = CARTESIAN_POINT('',(-3.16549976187E-14,167.2));
#4271 = VECTOR('',#4272,1.);
#4272 = DIRECTION('',(1.,0.));
#4273 = ( GEOMETRIC_REPRESENTATION_CONTEXT(2) 
PARAMETRIC_REPRESENTATION_CONTEXT() REPRESENTATION_CONTEXT('2D SPACE',''
  ) );
#4274 = PCURVE('',#4045,#4275);
#4275 = DEFINITIONAL_REPRESENTATION('',(#4276),#4280);
#4276 = LINE('',#4277,#4278);
#4277 = CARTESIAN_POINT('',(10.,1.160179873762E-15));
#4278 = VECTOR('',#4279,1.);
#4279 = DIRECTION('',(0.,1.));
#4280 = ( GEOMETRIC_REPRESENTATION_CONTEXT(2) 
PARAMETRIC_REPRESENTATION_CONTEXT() REPRESENTATION_CONTEXT('2D SPACE',''
  ) );
#4281 = ORIENTED_EDGE('',*,*,#3984,.F.);
#4282 = ORIENTED_EDGE('',*,*,#3052,.F.);
#4283 = ADVANCED_FACE('',(#4284),#3196,.F.);
#4284 = FACE_BOUND('',#4285,.F.);
#4285 = EDGE_LOOP('',(#4286,#4309,#4310,#4333));
#4286 = ORIENTED_EDGE('',*,*,#4287,.F.);
#4287 = EDGE_CURVE('',#3179,#4288,#4290,.T.);
#4288 = VERTEX_POINT('',#4289);
#4289 = CARTESIAN_POINT('',(258.33177508357,-6.247E+03,-692.0559191679)
  );
#4290 = SURFACE_CURVE('',#4291,(#4295,#4302),.PCURVE_S1.);
#4291 = LINE('',#4292,#4293);
#4292 = CARTESIAN_POINT('',(400.89321056358,-6.247E+03,-779.4176791884)
  );
#4293 = VECTOR('',#4294,1.);
#4294 = DIRECTION('',(-0.852640164354,9.466207421861E-17,0.522498564716)
  );
#4295 = PCURVE('',#3196,#4296);
#4296 = DEFINITIONAL_REPRESENTATION('',(#4297),#4301);
#4297 = LINE('',#4298,#4299);
#4298 = CARTESIAN_POINT('',(10.,1.127986593019E-13));
#4299 = VECTOR('',#4300,1.);
#4300 = DIRECTION('',(0.,-1.));
#4301 = ( GEOMETRIC_REPRESENTATION_CONTEXT(2) 
PARAMETRIC_REPRESENTATION_CONTEXT() REPRESENTATION_CONTEXT('2D SPACE',''
  ) );
#4302 = PCURVE('',#3245,#4303);
#4303 = DEFINITIONAL_REPRESENTATION('',(#4304),#4308);
#4304 = LINE('',#4305,#4306);
#4305 = CARTESIAN_POINT('',(0.,0.));
#4306 = VECTOR('',#4307,1.);
#4307 = DIRECTION('',(0.,1.));
#4308 = ( GEOMETRIC_REPRESENTATION_CONTEXT(2) 
PARAMETRIC_REPRESENTATION_CONTEXT() REPRESENTATION_CONTEXT('2D SPACE',''
  ) );
#4309 = ORIENTED_EDGE('',*,*,#3178,.T.);
#4310 = ORIENTED_EDGE('',*,*,#4311,.T.);
#4311 = EDGE_CURVE('',#3181,#4312,#4314,.T.);
#4312 = VERTEX_POINT('',#4313);
#4313 = CARTESIAN_POINT('',(253.10678943641,-6.247E+03,-700.5823208115)
  );
#4314 = SURFACE_CURVE('',#4315,(#4319,#4326),.PCURVE_S1.);
#4315 = LINE('',#4316,#4317);
#4316 = CARTESIAN_POINT('',(395.66822491642,-6.247E+03,-787.944080832));
#4317 = VECTOR('',#4318,1.);
#4318 = DIRECTION('',(-0.852640164354,9.466207421861E-17,0.522498564716)
  );
#4319 = PCURVE('',#3196,#4320);
#4320 = DEFINITIONAL_REPRESENTATION('',(#4321),#4325);
#4321 = LINE('',#4322,#4323);
#4322 = CARTESIAN_POINT('',(0.,0.));
#4323 = VECTOR('',#4324,1.);
#4324 = DIRECTION('',(0.,-1.));
#4325 = ( GEOMETRIC_REPRESENTATION_CONTEXT(2) 
PARAMETRIC_REPRESENTATION_CONTEXT() REPRESENTATION_CONTEXT('2D SPACE',''
  ) );
#4326 = PCURVE('',#3320,#4327);
#4327 = DEFINITIONAL_REPRESENTATION('',(#4328),#4332);
#4328 = LINE('',#4329,#4330);
#4329 = CARTESIAN_POINT('',(0.,0.));
#4330 = VECTOR('',#4331,1.);
#4331 = DIRECTION('',(0.,1.));
#4332 = ( GEOMETRIC_REPRESENTATION_CONTEXT(2) 
PARAMETRIC_REPRESENTATION_CONTEXT() REPRESENTATION_CONTEXT('2D SPACE',''
  ) );
#4333 = ORIENTED_EDGE('',*,*,#4334,.T.);
#4334 = EDGE_CURVE('',#4312,#4288,#4335,.T.);
#4335 = SURFACE_CURVE('',#4336,(#4340,#4347),.PCURVE_S1.);
#4336 = LINE('',#4337,#4338);
#4337 = CARTESIAN_POINT('',(253.10678943641,-6.247E+03,-700.5823208115)
  );
#4338 = VECTOR('',#4339,1.);
#4339 = DIRECTION('',(0.522498564716,-5.800899368812E-17,0.852640164354)
  );
#4340 = PCURVE('',#3196,#4341);
#4341 = DEFINITIONAL_REPRESENTATION('',(#4342),#4346);
#4342 = LINE('',#4343,#4344);
#4343 = CARTESIAN_POINT('',(-1.42108547152E-14,-167.2));
#4344 = VECTOR('',#4345,1.);
#4345 = DIRECTION('',(1.,0.));
#4346 = ( GEOMETRIC_REPRESENTATION_CONTEXT(2) 
PARAMETRIC_REPRESENTATION_CONTEXT() REPRESENTATION_CONTEXT('2D SPACE',''
  ) );
#4347 = PCURVE('',#4348,#4353);
#4348 = PLANE('',#4349);
#4349 = AXIS2_PLACEMENT_3D('',#4350,#4351,#4352);
#4350 = CARTESIAN_POINT('',(253.10678943641,-6.247E+03,-700.5823208115)
  );
#4351 = DIRECTION('',(-0.852640164354,9.466207421861E-17,0.522498564716)
  );
#4352 = DIRECTION('',(0.522498564716,-5.800899368812E-17,0.852640164354)
  );
#4353 = DEFINITIONAL_REPRESENTATION('',(#4354),#4358);
#4354 = LINE('',#4355,#4356);
#4355 = CARTESIAN_POINT('',(0.,0.));
#4356 = VECTOR('',#4357,1.);
#4357 = DIRECTION('',(1.,0.));
#4358 = ( GEOMETRIC_REPRESENTATION_CONTEXT(2) 
PARAMETRIC_REPRESENTATION_CONTEXT() REPRESENTATION_CONTEXT('2D SPACE',''
  ) );
#4359 = ADVANCED_FACE('',(#4360),#3245,.T.);
#4360 = FACE_BOUND('',#4361,.T.);
#4361 = EDGE_LOOP('',(#4362,#4385,#4413,#4441,#4462,#4463));
#4362 = ORIENTED_EDGE('',*,*,#4363,.F.);
#4363 = EDGE_CURVE('',#4364,#3209,#4366,.T.);
#4364 = VERTEX_POINT('',#4365);
#4365 = CARTESIAN_POINT('',(400.89321056358,-6.247E+03,-779.4176791884)
  );
#4366 = SURFACE_CURVE('',#4367,(#4371,#4378),.PCURVE_S1.);
#4367 = LINE('',#4368,#4369);
#4368 = CARTESIAN_POINT('',(400.89321056358,-6.247E+03,-779.4176791884)
  );
#4369 = VECTOR('',#4370,1.);
#4370 = DIRECTION('',(-0.852640164354,9.466207421861E-17,0.522498564716)
  );
#4371 = PCURVE('',#3245,#4372);
#4372 = DEFINITIONAL_REPRESENTATION('',(#4373),#4377);
#4373 = LINE('',#4374,#4375);
#4374 = CARTESIAN_POINT('',(0.,0.));
#4375 = VECTOR('',#4376,1.);
#4376 = DIRECTION('',(0.,1.));
#4377 = ( GEOMETRIC_REPRESENTATION_CONTEXT(2) 
PARAMETRIC_REPRESENTATION_CONTEXT() REPRESENTATION_CONTEXT('2D SPACE',''
  ) );
#4378 = PCURVE('',#3273,#4379);
#4379 = DEFINITIONAL_REPRESENTATION('',(#4380),#4384);
#4380 = LINE('',#4381,#4382);
#4381 = CARTESIAN_POINT('',(10.,1.127986593019E-13));
#4382 = VECTOR('',#4383,1.);
#4383 = DIRECTION('',(0.,-1.));
#4384 = ( GEOMETRIC_REPRESENTATION_CONTEXT(2) 
PARAMETRIC_REPRESENTATION_CONTEXT() REPRESENTATION_CONTEXT('2D SPACE',''
  ) );
#4385 = ORIENTED_EDGE('',*,*,#4386,.T.);
#4386 = EDGE_CURVE('',#4364,#4387,#4389,.T.);
#4387 = VERTEX_POINT('',#4388);
#4388 = CARTESIAN_POINT('',(400.89321056358,-5.842E+03,-779.4176791884)
  );
#4389 = SURFACE_CURVE('',#4390,(#4394,#4401),.PCURVE_S1.);
#4390 = LINE('',#4391,#4392);
#4391 = CARTESIAN_POINT('',(400.89321056358,-6.247E+03,-779.4176791884)
  );
#4392 = VECTOR('',#4393,1.);
#4393 = DIRECTION('',(1.110223024625E-16,1.,0.));
#4394 = PCURVE('',#3245,#4395);
#4395 = DEFINITIONAL_REPRESENTATION('',(#4396),#4400);
#4396 = LINE('',#4397,#4398);
#4397 = CARTESIAN_POINT('',(0.,0.));
#4398 = VECTOR('',#4399,1.);
#4399 = DIRECTION('',(1.,0.));
#4400 = ( GEOMETRIC_REPRESENTATION_CONTEXT(2) 
PARAMETRIC_REPRESENTATION_CONTEXT() REPRESENTATION_CONTEXT('2D SPACE',''
  ) );
#4401 = PCURVE('',#4402,#4407);
#4402 = PLANE('',#4403);
#4403 = AXIS2_PLACEMENT_3D('',#4404,#4405,#4406);
#4404 = CARTESIAN_POINT('',(395.66822491642,-6.247E+03,-787.944080832));
#4405 = DIRECTION('',(-0.852640164354,9.466207421861E-17,0.522498564716)
  );
#4406 = DIRECTION('',(0.522498564716,-5.800899368812E-17,0.852640164354)
  );
#4407 = DEFINITIONAL_REPRESENTATION('',(#4408),#4412);
#4408 = LINE('',#4409,#4410);
#4409 = CARTESIAN_POINT('',(10.,5.800899368812E-16));
#4410 = VECTOR('',#4411,1.);
#4411 = DIRECTION('',(0.,1.));
#4412 = ( GEOMETRIC_REPRESENTATION_CONTEXT(2) 
PARAMETRIC_REPRESENTATION_CONTEXT() REPRESENTATION_CONTEXT('2D SPACE',''
  ) );
#4413 = ORIENTED_EDGE('',*,*,#4414,.T.);
#4414 = EDGE_CURVE('',#4387,#4415,#4417,.T.);
#4415 = VERTEX_POINT('',#4416);
#4416 = CARTESIAN_POINT('',(258.33177508357,-5.842E+03,-692.0559191679)
  );
#4417 = SURFACE_CURVE('',#4418,(#4422,#4429),.PCURVE_S1.);
#4418 = LINE('',#4419,#4420);
#4419 = CARTESIAN_POINT('',(400.89321056358,-5.842E+03,-779.4176791884)
  );
#4420 = VECTOR('',#4421,1.);
#4421 = DIRECTION('',(-0.852640164354,9.466207421861E-17,0.522498564716)
  );
#4422 = PCURVE('',#3245,#4423);
#4423 = DEFINITIONAL_REPRESENTATION('',(#4424),#4428);
#4424 = LINE('',#4425,#4426);
#4425 = CARTESIAN_POINT('',(405.,3.833814005854E-14));
#4426 = VECTOR('',#4427,1.);
#4427 = DIRECTION('',(0.,1.));
#4428 = ( GEOMETRIC_REPRESENTATION_CONTEXT(2) 
PARAMETRIC_REPRESENTATION_CONTEXT() REPRESENTATION_CONTEXT('2D SPACE',''
  ) );
#4429 = PCURVE('',#4430,#4435);
#4430 = PLANE('',#4431);
#4431 = AXIS2_PLACEMENT_3D('',#4432,#4433,#4434);
#4432 = CARTESIAN_POINT('',(395.66822491642,-5.842E+03,-787.944080832));
#4433 = DIRECTION('',(1.110223024625E-16,1.,0.));
#4434 = DIRECTION('',(0.522498564716,-5.800899368812E-17,0.852640164354)
  );
#4435 = DEFINITIONAL_REPRESENTATION('',(#4436),#4440);
#4436 = LINE('',#4437,#4438);
#4437 = CARTESIAN_POINT('',(10.,6.394884621841E-14));
#4438 = VECTOR('',#4439,1.);
#4439 = DIRECTION('',(0.,-1.));
#4440 = ( GEOMETRIC_REPRESENTATION_CONTEXT(2) 
PARAMETRIC_REPRESENTATION_CONTEXT() REPRESENTATION_CONTEXT('2D SPACE',''
  ) );
#4441 = ORIENTED_EDGE('',*,*,#4442,.F.);
#4442 = EDGE_CURVE('',#4288,#4415,#4443,.T.);
#4443 = SURFACE_CURVE('',#4444,(#4448,#4455),.PCURVE_S1.);
#4444 = LINE('',#4445,#4446);
#4445 = CARTESIAN_POINT('',(258.33177508357,-6.247E+03,-692.0559191679)
  );
#4446 = VECTOR('',#4447,1.);
#4447 = DIRECTION('',(1.110223024625E-16,1.,0.));
#4448 = PCURVE('',#3245,#4449);
#4449 = DEFINITIONAL_REPRESENTATION('',(#4450),#4454);
#4450 = LINE('',#4451,#4452);
#4451 = CARTESIAN_POINT('',(-1.582749880935E-14,167.2));
#4452 = VECTOR('',#4453,1.);
#4453 = DIRECTION('',(1.,0.));
#4454 = ( GEOMETRIC_REPRESENTATION_CONTEXT(2) 
PARAMETRIC_REPRESENTATION_CONTEXT() REPRESENTATION_CONTEXT('2D SPACE',''
  ) );
#4455 = PCURVE('',#4348,#4456);
#4456 = DEFINITIONAL_REPRESENTATION('',(#4457),#4461);
#4457 = LINE('',#4458,#4459);
#4458 = CARTESIAN_POINT('',(10.,5.800899368812E-16));
#4459 = VECTOR('',#4460,1.);
#4460 = DIRECTION('',(0.,1.));
#4461 = ( GEOMETRIC_REPRESENTATION_CONTEXT(2) 
PARAMETRIC_REPRESENTATION_CONTEXT() REPRESENTATION_CONTEXT('2D SPACE',''
  ) );
#4462 = ORIENTED_EDGE('',*,*,#4287,.F.);
#4463 = ORIENTED_EDGE('',*,*,#3208,.F.);
#4464 = ADVANCED_FACE('',(#4465),#3320,.F.);
#4465 = FACE_BOUND('',#4466,.F.);
#4466 = EDGE_LOOP('',(#4467,#4490,#4513,#4536,#4557,#4558));
#4467 = ORIENTED_EDGE('',*,*,#4468,.F.);
#4468 = EDGE_CURVE('',#4469,#3258,#4471,.T.);
#4469 = VERTEX_POINT('',#4470);
#4470 = CARTESIAN_POINT('',(395.66822491642,-6.247E+03,-787.944080832));
#4471 = SURFACE_CURVE('',#4472,(#4476,#4483),.PCURVE_S1.);
#4472 = LINE('',#4473,#4474);
#4473 = CARTESIAN_POINT('',(395.66822491642,-6.247E+03,-787.944080832));
#4474 = VECTOR('',#4475,1.);
#4475 = DIRECTION('',(-0.852640164354,9.466207421861E-17,0.522498564716)
  );
#4476 = PCURVE('',#3320,#4477);
#4477 = DEFINITIONAL_REPRESENTATION('',(#4478),#4482);
#4478 = LINE('',#4479,#4480);
#4479 = CARTESIAN_POINT('',(0.,0.));
#4480 = VECTOR('',#4481,1.);
#4481 = DIRECTION('',(0.,1.));
#4482 = ( GEOMETRIC_REPRESENTATION_CONTEXT(2) 
PARAMETRIC_REPRESENTATION_CONTEXT() REPRESENTATION_CONTEXT('2D SPACE',''
  ) );
#4483 = PCURVE('',#3273,#4484);
#4484 = DEFINITIONAL_REPRESENTATION('',(#4485),#4489);
#4485 = LINE('',#4486,#4487);
#4486 = CARTESIAN_POINT('',(0.,0.));
#4487 = VECTOR('',#4488,1.);
#4488 = DIRECTION('',(0.,-1.));
#4489 = ( GEOMETRIC_REPRESENTATION_CONTEXT(2) 
PARAMETRIC_REPRESENTATION_CONTEXT() REPRESENTATION_CONTEXT('2D SPACE',''
  ) );
#4490 = ORIENTED_EDGE('',*,*,#4491,.T.);
#4491 = EDGE_CURVE('',#4469,#4492,#4494,.T.);
#4492 = VERTEX_POINT('',#4493);
#4493 = CARTESIAN_POINT('',(395.66822491642,-5.842E+03,-787.944080832));
#4494 = SURFACE_CURVE('',#4495,(#4499,#4506),.PCURVE_S1.);
#4495 = LINE('',#4496,#4497);
#4496 = CARTESIAN_POINT('',(395.66822491642,-6.247E+03,-787.944080832));
#4497 = VECTOR('',#4498,1.);
#4498 = DIRECTION('',(1.110223024625E-16,1.,0.));
#4499 = PCURVE('',#3320,#4500);
#4500 = DEFINITIONAL_REPRESENTATION('',(#4501),#4505);
#4501 = LINE('',#4502,#4503);
#4502 = CARTESIAN_POINT('',(0.,0.));
#4503 = VECTOR('',#4504,1.);
#4504 = DIRECTION('',(1.,0.));
#4505 = ( GEOMETRIC_REPRESENTATION_CONTEXT(2) 
PARAMETRIC_REPRESENTATION_CONTEXT() REPRESENTATION_CONTEXT('2D SPACE',''
  ) );
#4506 = PCURVE('',#4402,#4507);
#4507 = DEFINITIONAL_REPRESENTATION('',(#4508),#4512);
#4508 = LINE('',#4509,#4510);
#4509 = CARTESIAN_POINT('',(0.,0.));
#4510 = VECTOR('',#4511,1.);
#4511 = DIRECTION('',(0.,1.));
#4512 = ( GEOMETRIC_REPRESENTATION_CONTEXT(2) 
PARAMETRIC_REPRESENTATION_CONTEXT() REPRESENTATION_CONTEXT('2D SPACE',''
  ) );
#4513 = ORIENTED_EDGE('',*,*,#4514,.T.);
#4514 = EDGE_CURVE('',#4492,#4515,#4517,.T.);
#4515 = VERTEX_POINT('',#4516);
#4516 = CARTESIAN_POINT('',(253.10678943641,-5.842E+03,-700.5823208115)
  );
#4517 = SURFACE_CURVE('',#4518,(#4522,#4529),.PCURVE_S1.);
#4518 = LINE('',#4519,#4520);
#4519 = CARTESIAN_POINT('',(395.66822491642,-5.842E+03,-787.944080832));
#4520 = VECTOR('',#4521,1.);
#4521 = DIRECTION('',(-0.852640164354,9.466207421861E-17,0.522498564716)
  );
#4522 = PCURVE('',#3320,#4523);
#4523 = DEFINITIONAL_REPRESENTATION('',(#4524),#4528);
#4524 = LINE('',#4525,#4526);
#4525 = CARTESIAN_POINT('',(405.,-1.012884194139E-14));
#4526 = VECTOR('',#4527,1.);
#4527 = DIRECTION('',(0.,1.));
#4528 = ( GEOMETRIC_REPRESENTATION_CONTEXT(2) 
PARAMETRIC_REPRESENTATION_CONTEXT() REPRESENTATION_CONTEXT('2D SPACE',''
  ) );
#4529 = PCURVE('',#4430,#4530);
#4530 = DEFINITIONAL_REPRESENTATION('',(#4531),#4535);
#4531 = LINE('',#4532,#4533);
#4532 = CARTESIAN_POINT('',(0.,0.));
#4533 = VECTOR('',#4534,1.);
#4534 = DIRECTION('',(0.,-1.));
#4535 = ( GEOMETRIC_REPRESENTATION_CONTEXT(2) 
PARAMETRIC_REPRESENTATION_CONTEXT() REPRESENTATION_CONTEXT('2D SPACE',''
  ) );
#4536 = ORIENTED_EDGE('',*,*,#4537,.F.);
#4537 = EDGE_CURVE('',#4312,#4515,#4538,.T.);
#4538 = SURFACE_CURVE('',#4539,(#4543,#4550),.PCURVE_S1.);
#4539 = LINE('',#4540,#4541);
#4540 = CARTESIAN_POINT('',(253.10678943641,-6.247E+03,-700.5823208115)
  );
#4541 = VECTOR('',#4542,1.);
#4542 = DIRECTION('',(1.110223024625E-16,1.,0.));
#4543 = PCURVE('',#3320,#4544);
#4544 = DEFINITIONAL_REPRESENTATION('',(#4545),#4549);
#4545 = LINE('',#4546,#4547);
#4546 = CARTESIAN_POINT('',(-1.582749880935E-14,167.2));
#4547 = VECTOR('',#4548,1.);
#4548 = DIRECTION('',(1.,0.));
#4549 = ( GEOMETRIC_REPRESENTATION_CONTEXT(2) 
PARAMETRIC_REPRESENTATION_CONTEXT() REPRESENTATION_CONTEXT('2D SPACE',''
  ) );
#4550 = PCURVE('',#4348,#4551);
#4551 = DEFINITIONAL_REPRESENTATION('',(#4552),#4556);
#4552 = LINE('',#4553,#4554);
#4553 = CARTESIAN_POINT('',(0.,0.));
#4554 = VECTOR('',#4555,1.);
#4555 = DIRECTION('',(0.,1.));
#4556 = ( GEOMETRIC_REPRESENTATION_CONTEXT(2) 
PARAMETRIC_REPRESENTATION_CONTEXT() REPRESENTATION_CONTEXT('2D SPACE',''
  ) );
#4557 = ORIENTED_EDGE('',*,*,#4311,.F.);
#4558 = ORIENTED_EDGE('',*,*,#3285,.F.);
#4559 = ADVANCED_FACE('',(#4560),#3273,.F.);
#4560 = FACE_BOUND('',#4561,.F.);
#4561 = EDGE_LOOP('',(#4562,#4563,#4584,#4585));
#4562 = ORIENTED_EDGE('',*,*,#4363,.F.);
#4563 = ORIENTED_EDGE('',*,*,#4564,.F.);
#4564 = EDGE_CURVE('',#4469,#4364,#4565,.T.);
#4565 = SURFACE_CURVE('',#4566,(#4570,#4577),.PCURVE_S1.);
#4566 = LINE('',#4567,#4568);
#4567 = CARTESIAN_POINT('',(395.66822491642,-6.247E+03,-787.944080832));
#4568 = VECTOR('',#4569,1.);
#4569 = DIRECTION('',(0.522498564716,-5.800899368812E-17,0.852640164354)
  );
#4570 = PCURVE('',#3273,#4571);
#4571 = DEFINITIONAL_REPRESENTATION('',(#4572),#4576);
#4572 = LINE('',#4573,#4574);
#4573 = CARTESIAN_POINT('',(0.,0.));
#4574 = VECTOR('',#4575,1.);
#4575 = DIRECTION('',(1.,0.));
#4576 = ( GEOMETRIC_REPRESENTATION_CONTEXT(2) 
PARAMETRIC_REPRESENTATION_CONTEXT() REPRESENTATION_CONTEXT('2D SPACE',''
  ) );
#4577 = PCURVE('',#4402,#4578);
#4578 = DEFINITIONAL_REPRESENTATION('',(#4579),#4583);
#4579 = LINE('',#4580,#4581);
#4580 = CARTESIAN_POINT('',(0.,0.));
#4581 = VECTOR('',#4582,1.);
#4582 = DIRECTION('',(1.,0.));
#4583 = ( GEOMETRIC_REPRESENTATION_CONTEXT(2) 
PARAMETRIC_REPRESENTATION_CONTEXT() REPRESENTATION_CONTEXT('2D SPACE',''
  ) );
#4584 = ORIENTED_EDGE('',*,*,#4468,.T.);
#4585 = ORIENTED_EDGE('',*,*,#3257,.F.);
#4586 = ADVANCED_FACE('',(#4587),#3430,.T.);
#4587 = FACE_BOUND('',#4588,.T.);
#4588 = EDGE_LOOP('',(#4589,#4590,#4591,#4592));
#4589 = ORIENTED_EDGE('',*,*,#3587,.F.);
#4590 = ORIENTED_EDGE('',*,*,#3494,.T.);
#4591 = ORIENTED_EDGE('',*,*,#3414,.T.);
#4592 = ORIENTED_EDGE('',*,*,#4593,.F.);
#4593 = EDGE_CURVE('',#3565,#3387,#4594,.T.);
#4594 = SURFACE_CURVE('',#4595,(#4599,#4606),.PCURVE_S1.);
#4595 = LINE('',#4596,#4597);
#4596 = CARTESIAN_POINT('',(767.,-6.208106789436E+03,-700.5823208115));
#4597 = VECTOR('',#4598,1.);
#4598 = DIRECTION('',(0.,-0.522498564716,0.852640164354));
#4599 = PCURVE('',#3430,#4600);
#4600 = DEFINITIONAL_REPRESENTATION('',(#4601),#4605);
#4601 = LINE('',#4602,#4603);
#4602 = CARTESIAN_POINT('',(0.,405.));
#4603 = VECTOR('',#4604,1.);
#4604 = DIRECTION('',(1.,0.));
#4605 = ( GEOMETRIC_REPRESENTATION_CONTEXT(2) 
PARAMETRIC_REPRESENTATION_CONTEXT() REPRESENTATION_CONTEXT('2D SPACE',''
  ) );
#4606 = PCURVE('',#3402,#4607);
#4607 = DEFINITIONAL_REPRESENTATION('',(#4608),#4612);
#4608 = LINE('',#4609,#4610);
#4609 = CARTESIAN_POINT('',(-1.989519660128E-13,-167.2));
#4610 = VECTOR('',#4611,1.);
#4611 = DIRECTION('',(1.,0.));
#4612 = ( GEOMETRIC_REPRESENTATION_CONTEXT(2) 
PARAMETRIC_REPRESENTATION_CONTEXT() REPRESENTATION_CONTEXT('2D SPACE',''
  ) );
#4613 = ADVANCED_FACE('',(#4614),#3402,.T.);
#4614 = FACE_BOUND('',#4615,.T.);
#4615 = EDGE_LOOP('',(#4616,#4637,#4638,#4639));
#4616 = ORIENTED_EDGE('',*,*,#4617,.F.);
#4617 = EDGE_CURVE('',#3542,#3359,#4618,.T.);
#4618 = SURFACE_CURVE('',#4619,(#4623,#4630),.PCURVE_S1.);
#4619 = LINE('',#4620,#4621);
#4620 = CARTESIAN_POINT('',(767.,-6.350668224916E+03,-787.944080832));
#4621 = VECTOR('',#4622,1.);
#4622 = DIRECTION('',(0.,-0.522498564716,0.852640164354));
#4623 = PCURVE('',#3402,#4624);
#4624 = DEFINITIONAL_REPRESENTATION('',(#4625),#4629);
#4625 = LINE('',#4626,#4627);
#4626 = CARTESIAN_POINT('',(0.,0.));
#4627 = VECTOR('',#4628,1.);
#4628 = DIRECTION('',(1.,0.));
#4629 = ( GEOMETRIC_REPRESENTATION_CONTEXT(2) 
PARAMETRIC_REPRESENTATION_CONTEXT() REPRESENTATION_CONTEXT('2D SPACE',''
  ) );
#4630 = PCURVE('',#3374,#4631);
#4631 = DEFINITIONAL_REPRESENTATION('',(#4632),#4636);
#4632 = LINE('',#4633,#4634);
#4633 = CARTESIAN_POINT('',(0.,405.));
#4634 = VECTOR('',#4635,1.);
#4635 = DIRECTION('',(1.,0.));
#4636 = ( GEOMETRIC_REPRESENTATION_CONTEXT(2) 
PARAMETRIC_REPRESENTATION_CONTEXT() REPRESENTATION_CONTEXT('2D SPACE',''
  ) );
#4637 = ORIENTED_EDGE('',*,*,#3564,.T.);
#4638 = ORIENTED_EDGE('',*,*,#4593,.T.);
#4639 = ORIENTED_EDGE('',*,*,#3386,.F.);
#4640 = ADVANCED_FACE('',(#4641),#3374,.F.);
#4641 = FACE_BOUND('',#4642,.F.);
#4642 = EDGE_LOOP('',(#4643,#4644,#4645,#4646));
#4643 = ORIENTED_EDGE('',*,*,#3541,.F.);
#4644 = ORIENTED_EDGE('',*,*,#3616,.T.);
#4645 = ORIENTED_EDGE('',*,*,#3358,.T.);
#4646 = ORIENTED_EDGE('',*,*,#4617,.F.);
#4647 = ADVANCED_FACE('',(#4648),#3666,.T.);
#4648 = FACE_BOUND('',#4649,.F.);
#4649 = EDGE_LOOP('',(#4650,#4651,#4674,#4701));
#4650 = ORIENTED_EDGE('',*,*,#3645,.T.);
#4651 = ORIENTED_EDGE('',*,*,#4652,.T.);
#4652 = EDGE_CURVE('',#3646,#4653,#4655,.T.);
#4653 = VERTEX_POINT('',#4654);
#4654 = CARTESIAN_POINT('',(361.925,-6.282E+03,50.));
#4655 = SEAM_CURVE('',#4656,(#4660,#4667),.PCURVE_S1.);
#4656 = LINE('',#4657,#4658);
#4657 = CARTESIAN_POINT('',(361.925,-6.282E+03,-5.086E+03));
#4658 = VECTOR('',#4659,1.);
#4659 = DIRECTION('',(0.,0.,1.));
#4660 = PCURVE('',#3666,#4661);
#4661 = DEFINITIONAL_REPRESENTATION('',(#4662),#4666);
#4662 = LINE('',#4663,#4664);
#4663 = CARTESIAN_POINT('',(-6.28318530718,0.));
#4664 = VECTOR('',#4665,1.);
#4665 = DIRECTION('',(-0.,-1.));
#4666 = ( GEOMETRIC_REPRESENTATION_CONTEXT(2) 
PARAMETRIC_REPRESENTATION_CONTEXT() REPRESENTATION_CONTEXT('2D SPACE',''
  ) );
#4667 = PCURVE('',#3666,#4668);
#4668 = DEFINITIONAL_REPRESENTATION('',(#4669),#4673);
#4669 = LINE('',#4670,#4671);
#4670 = CARTESIAN_POINT('',(-0.,0.));
#4671 = VECTOR('',#4672,1.);
#4672 = DIRECTION('',(-0.,-1.));
#4673 = ( GEOMETRIC_REPRESENTATION_CONTEXT(2) 
PARAMETRIC_REPRESENTATION_CONTEXT() REPRESENTATION_CONTEXT('2D SPACE',''
  ) );
#4674 = ORIENTED_EDGE('',*,*,#4675,.T.);
#4675 = EDGE_CURVE('',#4653,#4653,#4676,.T.);
#4676 = SURFACE_CURVE('',#4677,(#4682,#4689),.PCURVE_S1.);
#4677 = CIRCLE('',#4678,34.925);
#4678 = AXIS2_PLACEMENT_3D('',#4679,#4680,#4681);
#4679 = CARTESIAN_POINT('',(327.,-6.282E+03,50.));
#4680 = DIRECTION('',(0.,0.,1.));
#4681 = DIRECTION('',(1.,0.,0.));
#4682 = PCURVE('',#3666,#4683);
#4683 = DEFINITIONAL_REPRESENTATION('',(#4684),#4688);
#4684 = LINE('',#4685,#4686);
#4685 = CARTESIAN_POINT('',(-0.,-5.136E+03));
#4686 = VECTOR('',#4687,1.);
#4687 = DIRECTION('',(-1.,0.));
#4688 = ( GEOMETRIC_REPRESENTATION_CONTEXT(2) 
PARAMETRIC_REPRESENTATION_CONTEXT() REPRESENTATION_CONTEXT('2D SPACE',''
  ) );
#4689 = PCURVE('',#4690,#4695);
#4690 = PLANE('',#4691);
#4691 = AXIS2_PLACEMENT_3D('',#4692,#4693,#4694);
#4692 = CARTESIAN_POINT('',(327.,-6.282E+03,50.));
#4693 = DIRECTION('',(0.,0.,1.));
#4694 = DIRECTION('',(1.,0.,-0.));
#4695 = DEFINITIONAL_REPRESENTATION('',(#4696),#4700);
#4696 = CIRCLE('',#4697,34.925);
#4697 = AXIS2_PLACEMENT_2D('',#4698,#4699);
#4698 = CARTESIAN_POINT('',(0.,0.));
#4699 = DIRECTION('',(1.,0.));
#4700 = ( GEOMETRIC_REPRESENTATION_CONTEXT(2) 
PARAMETRIC_REPRESENTATION_CONTEXT() REPRESENTATION_CONTEXT('2D SPACE',''
  ) );
#4701 = ORIENTED_EDGE('',*,*,#4652,.F.);
#4702 = ADVANCED_FACE('',(#4703),#3742,.T.);
#4703 = FACE_BOUND('',#4704,.T.);
#4704 = EDGE_LOOP('',(#4705,#4706,#4707,#4708));
#4705 = ORIENTED_EDGE('',*,*,#3931,.F.);
#4706 = ORIENTED_EDGE('',*,*,#3728,.T.);
#4707 = ORIENTED_EDGE('',*,*,#3836,.T.);
#4708 = ORIENTED_EDGE('',*,*,#4709,.F.);
#4709 = EDGE_CURVE('',#3909,#3809,#4710,.T.);
#4710 = SURFACE_CURVE('',#4711,(#4715,#4722),.PCURVE_S1.);
#4711 = LINE('',#4712,#4713);
#4712 = CARTESIAN_POINT('',(-113.,-6.355893210564E+03,-700.5823208115));
#4713 = VECTOR('',#4714,1.);
#4714 = DIRECTION('',(6.398761948385E-17,0.522498564716,0.852640164354)
  );
#4715 = PCURVE('',#3742,#4716);
#4716 = DEFINITIONAL_REPRESENTATION('',(#4717),#4721);
#4717 = LINE('',#4718,#4719);
#4718 = CARTESIAN_POINT('',(-2.591498589096E-14,405.));
#4719 = VECTOR('',#4720,1.);
#4720 = DIRECTION('',(1.,0.));
#4721 = ( GEOMETRIC_REPRESENTATION_CONTEXT(2) 
PARAMETRIC_REPRESENTATION_CONTEXT() REPRESENTATION_CONTEXT('2D SPACE',''
  ) );
#4722 = PCURVE('',#3824,#4723);
#4723 = DEFINITIONAL_REPRESENTATION('',(#4724),#4728);
#4724 = LINE('',#4725,#4726);
#4725 = CARTESIAN_POINT('',(-1.989519660128E-13,-167.2));
#4726 = VECTOR('',#4727,1.);
#4727 = DIRECTION('',(1.,0.));
#4728 = ( GEOMETRIC_REPRESENTATION_CONTEXT(2) 
PARAMETRIC_REPRESENTATION_CONTEXT() REPRESENTATION_CONTEXT('2D SPACE',''
  ) );
#4729 = ADVANCED_FACE('',(#4730),#3824,.T.);
#4730 = FACE_BOUND('',#4731,.T.);
#4731 = EDGE_LOOP('',(#4732,#4753,#4754,#4755));
#4732 = ORIENTED_EDGE('',*,*,#4733,.F.);
#4733 = EDGE_CURVE('',#3886,#3781,#4734,.T.);
#4734 = SURFACE_CURVE('',#4735,(#4739,#4746),.PCURVE_S1.);
#4735 = LINE('',#4736,#4737);
#4736 = CARTESIAN_POINT('',(-113.,-6.213331775084E+03,-787.944080832));
#4737 = VECTOR('',#4738,1.);
#4738 = DIRECTION('',(6.398761948385E-17,0.522498564716,0.852640164354)
  );
#4739 = PCURVE('',#3824,#4740);
#4740 = DEFINITIONAL_REPRESENTATION('',(#4741),#4745);
#4741 = LINE('',#4742,#4743);
#4742 = CARTESIAN_POINT('',(0.,0.));
#4743 = VECTOR('',#4744,1.);
#4744 = DIRECTION('',(1.,0.));
#4745 = ( GEOMETRIC_REPRESENTATION_CONTEXT(2) 
PARAMETRIC_REPRESENTATION_CONTEXT() REPRESENTATION_CONTEXT('2D SPACE',''
  ) );
#4746 = PCURVE('',#3796,#4747);
#4747 = DEFINITIONAL_REPRESENTATION('',(#4748),#4752);
#4748 = LINE('',#4749,#4750);
#4749 = CARTESIAN_POINT('',(-2.591498589096E-14,405.));
#4750 = VECTOR('',#4751,1.);
#4751 = DIRECTION('',(1.,0.));
#4752 = ( GEOMETRIC_REPRESENTATION_CONTEXT(2) 
PARAMETRIC_REPRESENTATION_CONTEXT() REPRESENTATION_CONTEXT('2D SPACE',''
  ) );
#4753 = ORIENTED_EDGE('',*,*,#3908,.T.);
#4754 = ORIENTED_EDGE('',*,*,#4709,.T.);
#4755 = ORIENTED_EDGE('',*,*,#3808,.F.);
#4756 = ADVANCED_FACE('',(#4757),#3796,.F.);
#4757 = FACE_BOUND('',#4758,.F.);
#4758 = EDGE_LOOP('',(#4759,#4760,#4761,#4762));
#4759 = ORIENTED_EDGE('',*,*,#3885,.F.);
#4760 = ORIENTED_EDGE('',*,*,#3958,.T.);
#4761 = ORIENTED_EDGE('',*,*,#3780,.T.);
#4762 = ORIENTED_EDGE('',*,*,#4733,.F.);
#4763 = ADVANCED_FACE('',(#4764),#4045,.T.);
#4764 = FACE_BOUND('',#4765,.T.);
#4765 = EDGE_LOOP('',(#4766,#4767,#4768,#4769));
#4766 = ORIENTED_EDGE('',*,*,#4139,.F.);
#4767 = ORIENTED_EDGE('',*,*,#4031,.T.);
#4768 = ORIENTED_EDGE('',*,*,#4261,.T.);
#4769 = ORIENTED_EDGE('',*,*,#4770,.F.);
#4770 = EDGE_CURVE('',#4112,#4239,#4771,.T.);
#4771 = SURFACE_CURVE('',#4772,(#4776,#4783),.PCURVE_S1.);
#4772 = LINE('',#4773,#4774);
#4773 = CARTESIAN_POINT('',(400.89321056358,-6.722E+03,-700.5823208115)
  );
#4774 = VECTOR('',#4775,1.);
#4775 = DIRECTION('',(-0.522498564716,1.160179873762E-16,0.852640164354)
  );
#4776 = PCURVE('',#4045,#4777);
#4777 = DEFINITIONAL_REPRESENTATION('',(#4778),#4782);
#4778 = LINE('',#4779,#4780);
#4779 = CARTESIAN_POINT('',(-1.728668011906E-14,405.));
#4780 = VECTOR('',#4781,1.);
#4781 = DIRECTION('',(1.,0.));
#4782 = ( GEOMETRIC_REPRESENTATION_CONTEXT(2) 
PARAMETRIC_REPRESENTATION_CONTEXT() REPRESENTATION_CONTEXT('2D SPACE',''
  ) );
#4783 = PCURVE('',#4127,#4784);
#4784 = DEFINITIONAL_REPRESENTATION('',(#4785),#4789);
#4785 = LINE('',#4786,#4787);
#4786 = CARTESIAN_POINT('',(-2.84217094304E-14,-167.2));
#4787 = VECTOR('',#4788,1.);
#4788 = DIRECTION('',(1.,0.));
#4789 = ( GEOMETRIC_REPRESENTATION_CONTEXT(2) 
PARAMETRIC_REPRESENTATION_CONTEXT() REPRESENTATION_CONTEXT('2D SPACE',''
  ) );
#4790 = ADVANCED_FACE('',(#4791),#4127,.T.);
#4791 = FACE_BOUND('',#4792,.T.);
#4792 = EDGE_LOOP('',(#4793,#4814,#4815,#4816));
#4793 = ORIENTED_EDGE('',*,*,#4794,.F.);
#4794 = EDGE_CURVE('',#4084,#4216,#4795,.T.);
#4795 = SURFACE_CURVE('',#4796,(#4800,#4807),.PCURVE_S1.);
#4796 = LINE('',#4797,#4798);
#4797 = CARTESIAN_POINT('',(258.33177508357,-6.722E+03,-787.944080832));
#4798 = VECTOR('',#4799,1.);
#4799 = DIRECTION('',(-0.522498564716,1.160179873762E-16,0.852640164354)
  );
#4800 = PCURVE('',#4127,#4801);
#4801 = DEFINITIONAL_REPRESENTATION('',(#4802),#4806);
#4802 = LINE('',#4803,#4804);
#4803 = CARTESIAN_POINT('',(0.,0.));
#4804 = VECTOR('',#4805,1.);
#4805 = DIRECTION('',(1.,0.));
#4806 = ( GEOMETRIC_REPRESENTATION_CONTEXT(2) 
PARAMETRIC_REPRESENTATION_CONTEXT() REPRESENTATION_CONTEXT('2D SPACE',''
  ) );
#4807 = PCURVE('',#4099,#4808);
#4808 = DEFINITIONAL_REPRESENTATION('',(#4809),#4813);
#4809 = LINE('',#4810,#4811);
#4810 = CARTESIAN_POINT('',(-1.728668011906E-14,405.));
#4811 = VECTOR('',#4812,1.);
#4812 = DIRECTION('',(1.,0.));
#4813 = ( GEOMETRIC_REPRESENTATION_CONTEXT(2) 
PARAMETRIC_REPRESENTATION_CONTEXT() REPRESENTATION_CONTEXT('2D SPACE',''
  ) );
#4814 = ORIENTED_EDGE('',*,*,#4111,.T.);
#4815 = ORIENTED_EDGE('',*,*,#4770,.T.);
#4816 = ORIENTED_EDGE('',*,*,#4238,.F.);
#4817 = ADVANCED_FACE('',(#4818),#4099,.F.);
#4818 = FACE_BOUND('',#4819,.F.);
#4819 = EDGE_LOOP('',(#4820,#4821,#4822,#4823));
#4820 = ORIENTED_EDGE('',*,*,#4083,.F.);
#4821 = ORIENTED_EDGE('',*,*,#4188,.T.);
#4822 = ORIENTED_EDGE('',*,*,#4215,.T.);
#4823 = ORIENTED_EDGE('',*,*,#4794,.F.);
#4824 = ADVANCED_FACE('',(#4825),#4348,.T.);
#4825 = FACE_BOUND('',#4826,.T.);
#4826 = EDGE_LOOP('',(#4827,#4828,#4829,#4830));
#4827 = ORIENTED_EDGE('',*,*,#4537,.F.);
#4828 = ORIENTED_EDGE('',*,*,#4334,.T.);
#4829 = ORIENTED_EDGE('',*,*,#4442,.T.);
#4830 = ORIENTED_EDGE('',*,*,#4831,.F.);
#4831 = EDGE_CURVE('',#4515,#4415,#4832,.T.);
#4832 = SURFACE_CURVE('',#4833,(#4837,#4844),.PCURVE_S1.);
#4833 = LINE('',#4834,#4835);
#4834 = CARTESIAN_POINT('',(253.10678943641,-5.842E+03,-700.5823208115)
  );
#4835 = VECTOR('',#4836,1.);
#4836 = DIRECTION('',(0.522498564716,-5.800899368812E-17,0.852640164354)
  );
#4837 = PCURVE('',#4348,#4838);
#4838 = DEFINITIONAL_REPRESENTATION('',(#4839),#4843);
#4839 = LINE('',#4840,#4841);
#4840 = CARTESIAN_POINT('',(-8.643340059531E-15,405.));
#4841 = VECTOR('',#4842,1.);
#4842 = DIRECTION('',(1.,0.));
#4843 = ( GEOMETRIC_REPRESENTATION_CONTEXT(2) 
PARAMETRIC_REPRESENTATION_CONTEXT() REPRESENTATION_CONTEXT('2D SPACE',''
  ) );
#4844 = PCURVE('',#4430,#4845);
#4845 = DEFINITIONAL_REPRESENTATION('',(#4846),#4850);
#4846 = LINE('',#4847,#4848);
#4847 = CARTESIAN_POINT('',(-2.84217094304E-14,-167.2));
#4848 = VECTOR('',#4849,1.);
#4849 = DIRECTION('',(1.,0.));
#4850 = ( GEOMETRIC_REPRESENTATION_CONTEXT(2) 
PARAMETRIC_REPRESENTATION_CONTEXT() REPRESENTATION_CONTEXT('2D SPACE',''
  ) );
#4851 = ADVANCED_FACE('',(#4852),#4430,.T.);
#4852 = FACE_BOUND('',#4853,.T.);
#4853 = EDGE_LOOP('',(#4854,#4875,#4876,#4877));
#4854 = ORIENTED_EDGE('',*,*,#4855,.F.);
#4855 = EDGE_CURVE('',#4492,#4387,#4856,.T.);
#4856 = SURFACE_CURVE('',#4857,(#4861,#4868),.PCURVE_S1.);
#4857 = LINE('',#4858,#4859);
#4858 = CARTESIAN_POINT('',(395.66822491642,-5.842E+03,-787.944080832));
#4859 = VECTOR('',#4860,1.);
#4860 = DIRECTION('',(0.522498564716,-5.800899368812E-17,0.852640164354)
  );
#4861 = PCURVE('',#4430,#4862);
#4862 = DEFINITIONAL_REPRESENTATION('',(#4863),#4867);
#4863 = LINE('',#4864,#4865);
#4864 = CARTESIAN_POINT('',(0.,0.));
#4865 = VECTOR('',#4866,1.);
#4866 = DIRECTION('',(1.,0.));
#4867 = ( GEOMETRIC_REPRESENTATION_CONTEXT(2) 
PARAMETRIC_REPRESENTATION_CONTEXT() REPRESENTATION_CONTEXT('2D SPACE',''
  ) );
#4868 = PCURVE('',#4402,#4869);
#4869 = DEFINITIONAL_REPRESENTATION('',(#4870),#4874);
#4870 = LINE('',#4871,#4872);
#4871 = CARTESIAN_POINT('',(6.206962324629E-15,405.));
#4872 = VECTOR('',#4873,1.);
#4873 = DIRECTION('',(1.,0.));
#4874 = ( GEOMETRIC_REPRESENTATION_CONTEXT(2) 
PARAMETRIC_REPRESENTATION_CONTEXT() REPRESENTATION_CONTEXT('2D SPACE',''
  ) );
#4875 = ORIENTED_EDGE('',*,*,#4514,.T.);
#4876 = ORIENTED_EDGE('',*,*,#4831,.T.);
#4877 = ORIENTED_EDGE('',*,*,#4414,.F.);
#4878 = ADVANCED_FACE('',(#4879),#4402,.F.);
#4879 = FACE_BOUND('',#4880,.F.);
#4880 = EDGE_LOOP('',(#4881,#4882,#4883,#4884));
#4881 = ORIENTED_EDGE('',*,*,#4491,.F.);
#4882 = ORIENTED_EDGE('',*,*,#4564,.T.);
#4883 = ORIENTED_EDGE('',*,*,#4386,.T.);
#4884 = ORIENTED_EDGE('',*,*,#4855,.F.);
#4885 = ADVANCED_FACE('',(#4886),#4690,.T.);
#4886 = FACE_BOUND('',#4887,.T.);
#4887 = EDGE_LOOP('',(#4888));
#4888 = ORIENTED_EDGE('',*,*,#4675,.T.);
#4889 = ( GEOMETRIC_REPRESENTATION_CONTEXT(3) 
GLOBAL_UNCERTAINTY_ASSIGNED_CONTEXT((#4893)) 
GLOBAL_UNIT_ASSIGNED_CONTEXT((#4890,#4891,#4892)) REPRESENTATION_CONTEXT
('Context #1','3D Context with UNIT and UNCERTAINTY') );
#4890 = ( LENGTH_UNIT() NAMED_UNIT(*) SI_UNIT(.MILLI.,.METRE.) );
#4891 = ( NAMED_UNIT(*) PLANE_ANGLE_UNIT() SI_UNIT($,.RADIAN.) );
#4892 = ( NAMED_UNIT(*) SI_UNIT($,.STERADIAN.) SOLID_ANGLE_UNIT() );
#4893 = UNCERTAINTY_MEASURE_WITH_UNIT(LENGTH_MEASURE(1.E-07),#4890,
  'distance_accuracy_value','confusion accuracy');
#4894 = PRODUCT_RELATED_PRODUCT_CATEGORY('part',$,(#7));
ENDSEC;
END-ISO-10303-21;
