Run,N_estagios,pos_alimentacao,razao_refluxo,corte_pct,pressao,z_propeno,F_alimentacao,pureza_topo,pureza_fundo,recuperacao,grau_produto,Q_refervedor,Q_condensador,T_condensador,T_refervedor,precisa_refrig,diametro,altura_total,n_cascos,alfa_topo,alfa_fundo,N_min,R_min,R_sobre_Rmin,CAPEX,CAPEX_anual,OPEX,custo_total,lucro,convergiu,Solved
1,260,0.4362570044555701,8.408643657818436,99.72051540218969,17.52739549927972,0.6994335403127828,1000,90.3591143465043,77.126257517319,90.10657453918802,0,22.73036910416496,22.73036910416496,42.42004059579529,50.85540676831801,0,3.304046710741749,187,4,1.087363147320144,1.160196542452946,29.72503987896314,8.389734870838581,1.002253800301316,36.09801561258618,4.745942450726032,6.29055388168064,11.03649633240667,-79.33592713011575,1,1
2,250,0.5713546113365329,17.95608972944319,97.79148679052913,20.76673783815838,0.8529428201429313,1000,99.50582249765796,86.16029367838169,97.30822326360456,2,51.25938772634623,51.25938772634623,50.30553580316041,58.90908061496924,0,5.001965832638207,179.8,3,1.065124163869041,1.15745394937273,68.16305626903065,13.6813138524338,1.312453608119585,48.18350039814321,6.334866780998088,14.18586468864056,20.52073146963865,80.19190456560847,1,1
3,230,0.4567015541451052,17.9219482238926,99.48465535461131,18.60708931566961,0.7147585618466372,1000,99.09006090430714,96.48565424755441,98.57940558132441,1,45.60578609119898,45.60578609119898,45.15407411576138,53.64930679379694,0,4.688724256788031,166,3,1.072909654875882,1.173532144584908,69.47232700996162,12.73292424522253,1.407528064938972,45.50665627885242,5.982931974496177,12.62124928145235,18.60418125594853,8.938270330966223,1,1
4,230,0.5284700608736835,12.77514322942123,99.71765768224498,20.06417208889313,0.8575798018727918,1000,98.08447912571529,87.01887998151295,97.80754513399381,1,38.7546619697919,38.7546619697919,48.67259908984374,57.24244495195973,0,4.338875560650989,166,3,1.069270766700996,1.160570241000364,54.08785020358319,11.82098603368014,1.080717225536221,39.64149299883712,5.211816806011438,10.72522351793334,15.93704032394478,31.53276448405081,1,1
5,140,0.3154307821659371,20.87383944858983,99.63530816619576,17.15644008537941,0.670073156848806,1000,97.33179399507625,93.90516651470377,96.97683289068104,1,50.95792388940728,50.95792388940728,41.45336113536348,49.86716450885962,0,4.944959255849657,102.4,2,1.079991050119484,1.176258369799058,52.919298001386,11.73729911455146,1.778419314773297,42.03606481765782,5.526640207059859,14.10243557664717,19.62907578370702,1.992060465665877,1,1
6,220,0.4425843279291876,23.67090724333748,98.34932656771511,14.3009554352928,0.6005394252848345,1000,99.79708703622234,97.28575447313101,98.14976303432121,2,53.77383228329832,53.77383228329832,33.46678053348757,41.69451669241079,1,5.082643135698055,158.8,3,1.086502097708084,1.188674079553977,76.44395899034642,12.41380527127623,1.906821214451348,47.9079936986724,6.298644874660887,19.76009090303602,26.05873577769691,24.63092693629527,1,1
7,120,0.6294371628565714,8.283379850484431,98.75873157454093,15.06024588580616,0.657770453591086,1000,89.48477184189936,78.17537649661803,88.37402562343178,0,21.9280524668145,21.9280524668145,35.69357014772618,43.97460619198097,1,3.242869352518784,88,2,1.0967277601203,1.169460860516069,27.46098236191379,8.152027623402542,1.016112828997881,20.20521574067334,2.656456026250507,8.057828346472101,10.71428437272261,-79.14837026671617,1,1
8,120,0.5177414328450336,20.40131642172113,99.4419700211773,15.25496234015934,0.8283066444915254,1000,99.35529573334227,94.36661832828676,98.80086339760226,1,63.85487045557296,63.85487045557296,36.2517046162655,44.5459276854848,1,5.533097947296636,88,2,1.083849544982332,1.183040423553854,63.20134182201105,11.12443074042516,1.833920035798741,37.43386455066307,4.921571555965986,23.46453639674121,28.38610795270719,14.67935772661097,1,1
9,210,0.5577956650737672,16.68154044958949,98.32798616919517,16.98995027035289,0.7962853935243096,1000,99.52208960194659,92.14117266226847,97.85806649909607,2,48.46746139805229,48.46746139805229,41.01470580345699,49.4186563025637,0,4.821850941081757,151.6,3,1.077805040273258,1.17532741366523,65.97272581899306,11.99233346920019,1.391017060393839,52.18520429930943,6.860985906869342,13.41320838370631,20.27419429057565,69.9233751434617,1,1
10,200,0.5353902940949424,20.97997260412574,98.49098128325329,19.42744408622757,0.8051510788647691,1000,99.57932930946318,92.51889190919155,98.07665859217252,2,58.10127984600548,58.10127984600548,47.15782261175121,55.69588165181671,0,5.302697188652114,145,3,1.069535746606527,1.167450688885006,71.89366451868487,13.07055232025128,1.60513282760207,47.00551698918972,6.179992853112311,16.0793355264492,22.25932837956151,69.9888190776433,1,1
11,210,0.4125959319006651,19.02492464777827,99.2393161398445,14.47181732760742,0.7748845843124204,1000,99.64748517066816,96.27495243778024,98.88948283392405,2,56.63945045584973,56.63945045584973,33.97508287402184,42.2150825085269,1,5.215047044776924,151.6,3,1.086115769949503,1.18726460305422,69.97904540876448,11.22127542791785,1.695433355146547,48.08579075561065,6.322020525256018,20.81311006084292,27.13513058609893,60.15928930049402,1,1
12,210,0.513863985268399,16.3345002458021,98.87789866673607,20.13915462020599,0.6609017831639852,1000,97.98934513547648,94.06796853196406,96.8898053872547,1,37.20937932246684,37.20937932246684,48.84876087873118,57.42227051937618,0,4.252508089396646,151.6,3,1.069137727710733,1.166364295572826,60.25125183658757,13.2349171280146,1.234197395254297,36.66022479734634,4.819858215647222,10.29757169622829,15.11742991187551,4.539320641751621,1,1
13,260,0.3300868459936231,21.88558004591614,98.74736977401727,19.6824716414921,0.8181152673186036,1000,99.40378234453459,92.15926945871112,98.15862052111687,1,61.30705485439913,61.30705485439913,47.76864112337506,56.319578851426,0,5.450911684261285,187,4,1.068898870921985,1.166287839424744,68.77165709821899,13.04196010663077,1.678089786119582,57.90363509856233,7.612809601916195,16.96652307410545,24.57933267602164,16.32013093009569,1,1
14,110,0.5238735211316495,17.39579143382981,99.04647799739537,17.66769213497825,0.796500562121789,1000,98.23066083561012,89.78976121041381,97.29400987123864,1,50.12762156347759,50.12762156347759,42.7818847952766,51.22526910372,0,4.907541373996163,81.39999999999999,2,1.077147012726565,1.171036264453127,53.32179496579634,11.40412794692365,1.525394270810725,35.04603022323857,4.60763395835817,13.87265217562054,18.48028613397871,19.85512411194385,1,1
15,170,0.5011241797595285,22.49276284031198,99.89179401035263,20.36196892191097,0.7196865105764475,1000,99.01164742915931,97.19519560842835,98.90451089619243,1,55.22002595889738,55.22002595889738,49.36954702558415,57.95384781104002,0,5.184245340756814,123.4,3,1.067106484070618,1.168216308572064,73.96800903062621,13.41813864240186,1.676295307400829,40.68032868242677,5.348396456898342,15.28195811737166,20.63035457427,7.986845395695966,1,1
16,260,0.6974472213746048,16.29536243629828,98.93153427812223,17.18742220436223,0.729989152964484,1000,99.74888050945768,96.53964075553512,98.6830979132573,2,43.55771290856775,43.55771290856775,41.53465880691283,49.95028357385945,0,4.571967510058192,187,4,1.076855589240916,1.178351149268576,78.20799026243306,12.42658626100182,1.311330569316352,54.32284788930412,7.142029983285027,12.05445185506976,19.19648183835479,58.49114509239734,1,1
17,180,0.6964546004611067,12.65720698609203,97.47067533293615,20.91835271302611,0.8135432038332335,1000,97.09903637226273,78.94992256268564,94.6430864938178,1,34.99704058688333,34.99704058688333,50.65285638731041,59.26349296573608,0,4.135361145350074,130.6,3,1.067630474877301,1.150470717095616,47.00676773535571,11.80103393128798,1.072550681558002,31.98092828789511,4.204653430373771,9.685314325618005,13.88996775599178,25.1057366053764,1,1
18,180,0.6501322237265296,11.19818883357942,97.83511388139529,15.66361861541495,0.8796899087903089,1000,98.66004437517338,78.05841835448041,96.52416676988599,1,37.72604060780655,37.72604060780655,37.40682601086547,45.72812176098654,1,4.252247040123744,130.6,3,1.083348374131173,1.167324149256461,47.43452433675197,10.35198400092895,1.081743251590665,35.12999739792679,4.618673439948992,13.86306238868198,18.48173582863097,29.7670637008207,1,1
19,110,0.3020696814965457,18.35567227867246,97.31432823074127,16.92723800788447,0.6125844189391472,1000,94.45491027437473,87.74150602161728,91.91816141445716,1,40.44589147934006,40.44589147934006,40.84868956228991,49.24889997201069,0,4.40456116837971,81.39999999999999,2,1.084340892638991,1.17175111614952,40.11653108509826,11.20638330397974,1.63796577189661,35.26553033793166,4.636492467464081,11.1932656472691,15.82975811473318,-3.923404701415677,1,1
20,200,0.5799494342819786,18.91867441151291,98.80487378326556,15.37604942765087,0.8091889119603904,1000,99.83925493041987,94.53516062702045,98.64604982015412,2,57.55110687895862,57.55110687895862,36.59624030276791,44.89856923405353,1,5.252543277233672,145,3,1.082833471237434,1.182774426066431,75.02409625894899,11.55574347126737,1.637166354423928,47.36530283082912,6.227295256583243,21.14811340778799,27.37540866437124,66.18221156462174,1,1
21,180,0.437639882430993,22.45891162438691,99.31232589985852,14.51114736628346,0.6169461333880434,1000,99.49891630301768,98.11185037164051,98.81468802568038,1,52.82661629521722,52.82661629521722,34.09148084864455,42.3342806746644,1,5.036195882334892,130.6,3,1.086170400692203,1.188645613341747,72.34935148732998,12.20853590028021,1.839607288526009,42.57915157921197,5.598041874778914,19.41202060128249,25.0100624760614,-11.05203722358155,1,1
22,160,0.6958124412604607,22.0927298880741,97.63333946792238,15.4316746760048,0.711188498637965,1000,99.83809252449082,94.12529052087206,97.47526379273457,2,57.88296506198338,57.88296506198338,36.75386825061736,45.05989690883018,1,5.267529736133535,116.8,2,1.082647866975186,1.182243683347828,74.53291889836674,11.92503460129661,1.85263444733921,40.52980648772306,5.32860673545527,21.27006022811016,26.59866696356543,45.39981533794378,1,1
23,110,0.5707023906398565,21.84564396186918,99.34321205120213,18.09364824589156,0.8299593322821893,1000,99.00199752266904,92.20494042461394,98.351764333871,1,64.51036078178392,64.51036078178392,43.86823846691129,52.33552138512169,0,5.570967627768663,81.39999999999999,2,1.074746965433535,1.171669847389008,61.32058091684576,11.96144450283557,1.826338278515648,38.78741776431676,5.099528309183078,17.85302731182276,22.95255562100583,20.24804687324455,1,1
24,230,0.5185113893788308,18.15229291670769,98.05883505307017,15.51847522559576,0.6139879603575915,1000,99.60063092566106,96.40062872629566,97.66721839121118,2,41.55493862382469,41.55493862382469,36.9990353460181,45.31080744194111,1,4.463010192248817,166,3,1.082654810393645,1.183848780007613,70.96900030151969,12.59909019667519,1.440762200551429,42.40612624352363,5.575293580398762,15.27005477963478,20.84534836003354,32.21076858780184,1,1
25,180,0.5516116957315244,10.07609310689196,99.19423845692077,16.74953171342611,0.6878129962261766,1000,93.67378993554709,84.67121359825094,92.91900256030161,1,26.58230870351675,26.58230870351675,40.37588210994306,48.76540746982846,0,3.570289992891612,130.6,3,1.085904821988776,1.16964812772072,36.83693606089157,9.840597621234741,1.023931014631576,34.8277141944879,4.578931125503266,7.356565326002582,11.93549645150585,11.878379007438,1,1
26,180,0.6645995780380443,13.70046352453157,98.54253014820328,18.07927414728515,0.7931520857371157,1000,98.52009624915902,89.41120383441333,97.08419554836642,1,39.36112956116657,39.36112956116657,43.83187385466556,52.29836101270075,0,4.351499125239934,130.6,3,1.075400060296079,1.169325599140674,55.27003683391773,11.78020212548109,1.163007508580594,37.84058701165296,4.975044894057254,10.89306140228765,15.8681062963449,21.45619940230966,1,1
27,150,0.3768279987640679,12.88413873252273,98.25483660007133,18.55153256583214,0.695699541782937,1000,94.82744776340188,84.98979945326141,93.17255385194851,1,32.20482885713215,32.20482885713215,45.01615215074543,53.50840436733574,0,3.939623529326663,109.6,2,1.078416709230922,1.163870419336529,40.85893566498393,10.82898486866891,1.189782688661789,28.71066623728616,3.774699727168769,8.912579036781796,12.68727876395057,11.27501887842395,1,1
28,150,0.53151677152263,12.84186800117046,99.00306229124678,15.61448496532254,0.7165680546251592,1000,97.41274330462883,91.2248798396117,96.44159893349402,1,35.32157502756736,35.32157502756736,37.26908281246352,45.58716579196391,1,4.11455927653495,109.6,2,1.085075483516646,1.179172442349518,48.44362029374364,10.84444482643626,1.184188605936279,29.54353430996325,3.884200038332533,12.97950143679675,16.86370147512929,10.53913168834682,1,1
29,230,0.3469905024045147,20.17278613929078,99.26358131901463,17.32285036331043,0.7854021084141685,1000,99.36963549698872,95.14556666611976,98.63785893796184,1,57.40850075575673,57.40850075575673,41.88881663387338,50.31235889108154,0,5.249556912618179,166,3,1.076877209667363,1.176737566747749,67.86688069913494,12.05992864885919,1.67271189794303,56.95043508565837,7.487488796090621,15.88761122248649,23.37510001857711,13.61536301002581,1,1
30,150,0.3156942559882067,15.81773262123018,98.76661314353359,18.6788351091221,0.7998013063083635,1000,97.25536473853793,84.98285103925566,96.05582985264432,1,44.96429849969586,44.96429849969586,45.33175913045528,53.83082534251758,0,4.656346577675501,109.6,2,1.074966725873505,1.163436146649298,47.40025177605077,11.10514068769527,1.424361299515689,34.54570061609997,4.541853735219082,12.44371972879583,16.98557346401491,21.54924074163369,1,1
31,190,0.6290478921324946,21.81397868050262,97.9660923995234,15.97241661371477,0.7497458094569156,1000,99.88313061078718,93.93320643979466,97.85160002570041,2,59.85268499425528,59.85268499425528,38.26558239149671,46.60681327029374,1,5.355827491064508,137.8,3,1.080772646004339,1.180263810986301,77.97781402018344,11.96262732266682,1.823510679729145,47.14274934758202,6.198035309581308,21.99386664588901,28.19190195547032,52.03617545327598,1,1
32,200,0.3238241166853346,15.40205909581482,99.7662788659089,18.45473366874084,0.8446131672741612,1000,98.40685818683268,90.21454600679861,98.17686056185499,1,46.99106148550667,46.99106148550667,44.77515053887663,53.26218467379476,0,4.757910130861832,145,3,1.074279369428382,1.168754968716509,55.75570302221995,11.52471187176833,1.336437671257074,43.27723715612223,5.689821822165905,13.00461962924235,18.69444145140826,27.02853825449137,1,1
33,260,0.3882104497998021,19.33767352770641,99.092841185037,21.95728139176592,0.8951361154410755,1000,99.34061962196125,87.63622212760609,98.43944243422177,1,57.01616151373,57.01616151373,52.98692278808659,61.64452721446185,0,5.30094269510921,187,4,1.061328095960546,1.154743255946077,68.5689707726778,14.181107612054,1.363622225902108,53.75188729576818,7.066963637599,15.77903264505306,22.84599628265206,28.96689115087931,1,1
34,230,0.4587356844408437,14.29323224692047,97.89854310474982,21.26035726884939,0.608767843855312,1000,95.29945412846713,89.89987008446236,93.29677717854868,1,29.2409644512389,29.2409644512389,51.42993492471857,60.05634189658764,0,3.78502650511231,166,3,1.068721217377187,1.159048967270684,48.54181060103086,13.12809309791148,1.088751590982725,33.08215943423087,4.349436448408544,8.092339441998861,12.44177589040741,-0.6015658578715846,1,1
35,230,0.6479915921439416,8.949949920877815,98.24368728321426,14.0079643522799,0.6476302343477262,1000,91.80593167092465,82.5400232211456,90.19353241822458,0,23.49653314019514,23.49653314019514,32.58497753066655,40.79130301699496,1,3.361369811074088,166,3,1.097425855789976,1.176965748315316,31.02406703042697,8.941404160035713,1.000955751545188,30.60800453588203,4.02414995931823,8.634192711250376,12.65834267056861,-81.12520175315673,1,1
36,200,0.378068256074097,15.4310584551096,98.96415084395458,15.80171043038368,0.8357584237009752,1000,99.09079706543287,90.64352803777021,98.06436588031191,1,48.70469693590971,48.70469693590971,37.79232428642933,46.12258918554875,1,4.831399914477069,145,3,1.082343219320566,1.178045296067044,57.30471735767442,11.09469187793334,1.390850563935085,43.05646723710473,5.660796367089556,17.89735263404895,23.55814900113851,20.00577452872592,1,1
37,240,0.3356008873155341,20.75117684981972,97.07012626413692,19.60866653050669,0.8020990041632206,1000,99.16736035645519,86.4574494081056,96.26188191082269,1,56.24250556724531,56.24250556724531,47.59244201939566,56.13967316749893,0,5.219807474109135,173.2,3,1.069444238012183,1.16160976874358,61.15607151817755,12.85927496780138,1.613712818318221,50.84848053217165,6.685241784548623,15.56492594071658,22.25016772526521,14.6670836350671,1,1
38,200,0.6603303298067301,23.36822096534446,98.30376746602268,16.31167456384376,0.8651465592414374,1000,99.96477706512354,89.98553808061016,98.26914199402701,2,73.53287613797214,73.53287613797214,39.19559366430735,47.55822951539676,1,5.936794964911027,145,3,1.07952890403497,1.175765129796942,85.10594187367514,11.99087842994682,1.948833115260606,54.58818991306244,7.176915501315471,27.02088088483349,34.19779638614896,69.82292998203144,1,1
39,160,0.5747152356656269,14.77569457388669,97.54858756952579,14.54674380603246,0.802979944875883,1000,99.26921998691886,88.27503400483909,96.83572198852471,1,45.38448968661609,45.38448968661609,34.19663555422989,42.44196250789048,1,4.667777511815636,116.8,2,1.086339481767925,1.180221182127497,55.77287149588287,10.91533749943677,1.353663555950434,35.20165976237993,4.628095161664325,16.67728714350853,21.30538230517285,16.24230149532948,1,1
40,220,0.4422093495987355,11.79313489887118,98.89220926338847,14.85155325864628,0.6524094203542219,1000,96.59747335757507,91.77611312280328,95.52737549591906,1,30.13504270059119,30.13504270059119,35.08964912796176,43.35633855096154,1,3.802283585521376,158.8,3,1.088658923937857,1.182208331030192,45.64123397680321,10.89355261911908,1.082579330288749,34.39450416520187,4.521975366767543,11.07362369104391,15.59559905781145,2.972528507609446,1,1
41,200,0.4760323355431668,12.49148847415298,97.00537635176096,18.46436875572614,0.8353243394145509,1000,97.87961379811514,77.75507169942631,94.94848773651174,1,37.16221838823181,37.16221838823181,44.79917887034094,53.28673383443157,0,4.231241464466654,145,3,1.074907396253226,1.157625919676669,46.50919368808879,11.15081955337056,1.120230527842877,37.80881097327487,4.970867178277168,10.28452006488186,15.25538724315903,26.10848209232065,1,1
42,130,0.3997088649901561,9.941587655100971,97.40364726172147,21.76615110743046,0.6663489840463735,1000,88.50569021381985,73.8128181360087,86.20777030242103,0,22.53803659752811,22.53803659752811,52.56338001015718,61.2125508176722,0,3.330016112357553,95.2,2,1.075367723876256,1.142851284431314,29.85103967866531,9.396956722085546,1.05795822510658,19.6424580054274,2.58246814132514,6.237326501577245,8.819794642902385,-77.22615472646447,1,1
43,220,0.6452949365095235,21.0404059796296,99.33880183484247,16.05015170280076,0.7093656472238247,1000,99.91789383032315,98.21589755732323,99.25723854965301,2,55.39094710128314,55.39094710128314,38.479904665893,46.82608533552605,1,5.152363386456675,158.8,3,1.080467448585172,1.183555138554969,90.37492932923843,12.18656226442309,1.726525128506013,48.78056715289816,6.413365402299608,20.35432669481818,26.76769209711778,47.30373038489449,1,1
44,180,0.692322629161179,19.9475324308835,98.47144769510949,15.95216680981778,0.6404199427720858,1000,99.76466354977134,96.9479703308814,98.23970848561507,2,47.2034096442255,47.2034096442255,38.20963068284715,46.54956767726929,1,4.756321565608502,130.6,3,1.080989887414988,1.182842648190121,77.36377391919687,12.56041051427366,1.588127426903372,39.96079520496608,5.253796673019681,17.34567959726473,22.59947627028441,36.30208013873401,1,1
45,140,0.328585063996166,20.6370002492182,99.51611421197588,19.65262492284737,0.8432812286599539,1000,98.40212999213608,89.12317675691004,97.92597606999111,1,60.24740329955408,60.24740329955408,47.69744210933101,56.24688289799519,0,5.403134442817456,102.4,2,1.070256788367762,1.163785505322152,56.68886618564519,12.06616229091825,1.710320129271831,37.85400758466615,4.97680934747929,16.67326803847392,21.65007738595321,23.60549638808778,1,1
46,160,0.4992524815256707,12.70736982639879,97.55301108616658,18.88911366691254,0.7665540800974471,1000,96.66482373008145,82.67357800528067,94.29944620982974,1,34.54566788806307,34.54566788806307,45.84979039759236,54.35999324846523,0,4.083316114471603,116.8,2,1.074996630431322,1.160670315793214,44.54633886136893,11.13277947116971,1.141437307664879,30.30414799418354,3.984200792149194,9.560398435795159,13.54459922794435,19.22941506381532,1,1
47,100,0.6361144113061018,10.43227954089269,97.9378232732997,20.42940439736284,0.8538854975753697,1000,95.30771534503211,65.2772830088759,93.34230182043709,1,31.21478917538847,31.21478917538847,49.52638029732452,58.11391907600319,0,3.898672518118093,74.2,2,1.071505452925082,1.139141767146395,36.54505222958698,9.185032214263444,1.135791284944259,21.62195180062603,2.842719666905021,8.638588854991509,11.48130852189653,33.58179809058579,1,1
48,230,0.6142492560916579,18.47551164197922,97.95493045166573,19.40935906348936,0.7168889764302643,1000,99.48623673225472,93.86487842827773,97.45167400005965,1,45.6050359893439,45.6050359893439,47.11429449021722,55.65143262422566,0,4.697742033876692,166,3,1.069713661651442,1.168647930242932,71.61703189465382,13.25768560653453,1.393569902794564,44.22697062285832,5.814686868074038,12.62104169326429,18.43572856133833,7.903804166916228,1,1
49,210,0.6214920789236202,18.72110355462879,98.77982773375142,19.73016105553322,0.8606235462622018,1000,99.65388557102388,91.03035318426342,98.43793649704716,2,55.53852736866903,55.53852736866903,47.8822471633805,56.43557110836679,0,5.188852021956043,151.6,3,1.068423906513977,1.165165143054642,72.86126438773532,13.27863759917653,1.409866291989909,46.56568664816946,6.122166696988716,15.37010232085459,21.49226901784331,82.46893000034726,1,1
50,170,0.6970933374913408,21.90525982460007,97.20244001192492,16.79466252716258,0.8440060498734936,1000,99.89067875443966,86.35429454969888,97.09617709378885,2,66.04196246775693,66.04196246775693,40.49629200555114,48.88854322403489,0,5.627699310793076,123.4,3,1.077997928657877,1.1709826323189,74.37320505208891,12.11669956358136,1.807856975379646,57.39176572379768,7.54551220194291,18.27689297307684,25.82240517501975,72.06067588777202,1,1
51,250,0.469985636604391,9.598923307377845,99.15841886819564,15.31653784263507,0.6309795836698031,1000,91.90238936611171,85.04678162986215,91.12895619752913,0,23.99257086629581,23.99257086629581,36.42715049147421,44.7255045489415,1,3.391520927879882,179.8,3,1.092906620740295,1.174800166801491,33.34762231879605,9.549941770860817,1.005128987976291,32.45113271892581,4.266472982830555,8.816470041001502,13.08294302383206,-81.60361700941125,1,1
52,180,0.3053974540202878,16.49500872662664,97.17995200463244,17.68258983652294,0.8328069070289377,1000,98.38645332806716,80.8345964672411,95.61190812327577,1,48.89219297095028,48.89219297095028,42.82018902027886,51.2644204199475,0,4.846791352532396,130.6,3,1.076901667900383,1.163069495723634,49.29823696735679,11.27565471064506,1.4628870030096,44.2643749242659,5.819604552851926,13.53075143073392,19.35035598358585,21.84566392719604,1,1
53,190,0.6475433220162987,21.54312977414578,98.91168606691831,18.41006359316036,0.670623767165537,1000,99.67355722843523,97.18901699043293,98.58879601752001,2,50.88705631724881,50.88705631724881,44.66363543781284,53.14825074218612,0,4.950781685868153,137.8,3,1.072838640918404,1.174775476059052,80.07882838217088,13.19702566065865,1.632423117761111,44.19142465203738,5.81001350503708,14.08282321227755,19.89283671731463,45.71670719747847,1,1
54,100,0.6287647547785192,21.56661177999899,98.05140996973114,19.75686321199127,0.6315681415846338,1000,97.22148940258677,92.24850734878464,95.32704115280906,1,46.26823284913039,46.26823284913039,47.94577339302299,56.50043042037578,0,4.736413027423383,74.2,2,1.071383633910495,1.166113453198502,54.18632000742625,13.03903463311086,1.654003719357682,27.80005386078189,3.654978078749367,12.80457921355401,16.45955729230337,-1.479835687294889,1,1
55,150,0.510681422550138,21.1565115792416,97.56443799574028,14.74060938840546,0.7288112138929311,1000,99.53984171869629,92.72420080894703,97.11548715469547,2,57.64479643179545,57.64479643179545,34.76613548738612,43.02510632119419,1,5.259421665893794,109.6,2,1.085347244544187,1.18338645338927,63.30360285340568,11.46274709945807,1.845675508294327,39.14513444194139,5.14655867184599,21.18254119547044,26.32909986731643,49.12100046513608,1,1
56,220,0.3399417646718211,18.88100324036181,99.85665151653004,18.32934669020399,0.7091630479972344,1000,98.59078028285904,96.23238604019274,98.44945189448237,1,47.98819180392462,47.98819180392462,44.46164958796362,52.94187669663739,0,4.806947452228409,158.8,3,1.074470417186187,1.17425645914336,64.42542671541399,12.41217687120592,1.521167756170349,46.32659902387432,6.090732944015604,13.28057212109679,19.3713050651124,7.781387896696017,1,1
57,210,0.5449452167158946,15.20282467381284,97.08043943694345,21.34540894485079,0.6509194417416584,1000,96.85741232451181,89.44196789145791,94.0296015118883,1,32.78890181228634,32.78890181228634,51.62183088395585,60.25211177237617,0,4.009452213219275,151.6,3,1.066495879414232,1.158368149590312,52.650357666432,13.33544909318041,1.140030948158123,33.39284689731482,4.390283702611746,9.074219280210869,13.46450298282262,3.298841409548026,1,1
58,240,0.3376780797420069,18.09880912727117,99.13846642418335,17.20504960441031,0.7735527868847363,1000,99.12319515183225,94.25660084518753,98.26921554417694,1,51.0588179138803,51.0588179138803,41.58086731746465,49.99752668819707,0,4.950099716950387,173.2,3,1.077583090024262,1.176390020243169,63.46307794630989,11.90882473331311,1.519781299378983,55.25662995108606,7.264797837737174,14.13035766160666,21.39515549934384,13.85455212052415,1,1
59,140,0.5076238729408942,14.87026013833284,97.30207980867777,21.2971156240385,0.7480497811931418,1000,96.35941577712003,82.84640077553989,93.75971564262898,1,37.03062733047452,37.03062733047452,51.51293555585215,60.14101910709707,0,4.260077879461774,102.4,2,1.067279188841515,1.152727191489158,46.81187309554166,12.12349924865503,1.226565023294123,27.36014077743282,3.597141044179295,10.24810267828439,13.84524372246369,16.19553317598666,1,1
60,250,0.6746026063198223,15.46460286541656,97.06841090133332,16.76963384806737,0.6119733012415934,1000,99.43604503350105,94.75558181479994,96.52098877715365,1,34.39049766937345,34.39049766937345,40.42954326784263,48.8202838141176,0,4.060994608924216,179.8,3,1.07865417694146,1.178272269294846,67.28662286370911,12.98828772248452,1.190657552084035,46.92015977404867,6.16877061765313,9.51745559500687,15.68622621266,-4.256598454200581,1,1
61,150,0.5942488692791201,23.88592581997439,98.90801708758244,20.37683651470766,0.7678456387755694,1000,99.31502294667698,94.3514897225171,98.23051986663567,1,61.77513936369356,61.77513936369356,49.40415537897769,57.98917115831546,0,5.483601497223774,109.6,2,1.066675308789812,1.16580287763528,71.50323178442008,13.41470092478128,1.780578333718151,38.86620096390086,5.109886233987671,17.09606390177098,22.20595013575865,12.01531991437103,1,1
62,100,0.3505110947788693,8.155298632249236,97.30848196885034,16.05861096430011,0.7416577590059722,1000,90.91081003634865,69.25731015466185,88.46392919195615,0,23.56051366309395,23.56051366309395,38.50318318159304,46.84990085788206,1,3.360313957469575,74.2,2,1.091627503160853,1.157710112285057,26.61073958588242,7.480702642385623,1.090178158672068,19.53875094140004,2.568833381927561,8.657703420731591,11.22653680265915,-79.38949892555183,1,1
63,210,0.3323875299781561,23.86135095761344,99.1136010470989,15.23404249748401,0.8039102682191412,1000,99.66853172539828,95.19380376026412,98.78507090381244,2,71.78533380438962,71.78533380438962,36.19198364261553,44.48479898570292,1,5.866711379400976,151.6,3,1.083525923723181,1.183802467235892,69.82933774123043,11.40480648513559,2.092218836743353,55.11732847210096,7.246483346169007,26.37871732865304,33.62520067482205,59.37634878226484,1,1
64,220,0.3663874987334944,15.47292934247106,97.66286332068857,16.75631571046635,0.7053949424727587,1000,98.26831345584843,90.86576681285149,95.97164865793108,1,39.91385764433497,39.91385764433497,40.39399657025172,48.78393221331169,0,4.374929087829444,158.8,3,1.080164792630716,1.175025347379969,53.15328245971132,11.70737263330991,1.321639775815059,48.15398816195872,6.330986695842522,11.04602705687755,17.37701375272007,7.185653199710772,1,1
65,200,0.3190892341805622,17.45515396862105,98.87927617442291,17.05163620433584,0.7007402358803898,1000,98.09973634868399,93.15560347892611,97.00030923059599,1,44.71298096526728,44.71298096526728,41.17758367096428,49.58519762841968,0,4.631584724614079,145,3,1.07938281652946,1.175979259094062,54.96931397140829,11.76963052640846,1.483067283161992,48.14132757148268,6.329322160195011,12.37416843886784,18.70349059906285,6.387786030331265,1,1
66,130,0.6979911046043038,23.49504546310753,99.46783560917841,15.17382187201828,0.8228230357910273,1000,99.74645036928537,96.44520532934504,99.21563527931151,2,72.73582485682803,72.73582485682803,36.01974274587121,44.30849364613067,1,5.905652576385872,95.2,2,1.083630385832258,1.185044748941535,74.17513775832371,11.39186315378163,2.062440984933016,41.85531472551673,5.502876309773329,26.72799110738908,32.23086741716241,65.20126374921696,1,1
67,100,0.5676970608394594,19.58441871130839,98.043689536502,16.69508222395368,0.724815409196075,1000,98.22834142788658,90.74879463426197,96.30669010641229,1,51.51123132703115,51.51123132703115,40.23030436049675,48.61652982176389,0,4.96984070676702,74.2,2,1.080420805917474,1.175131098341933,52.76849714147676,11.52483719432814,1.699322808737525,39.82746279641567,5.23626695768607,14.25556156565145,19.49182852333752,8.063527073141691,1,1
68,260,0.4343181952295825,15.00744227119163,97.218884199767,19.09384476492368,0.6591099874629406,1000,97.84963601435039,91.06128692894431,95.12832432668482,1,34.42524726252704,34.42524726252704,46.35028486701469,54.87119102511582,0,4.078191151560308,187,4,1.072827987256127,1.167331529608493,54.56382364274581,12.76820128320678,1.175376385312,42.29900285291572,5.56120966364256,9.52707242908015,15.08828209272271,2.855816999554757,1,1
69,260,0.4400280398774892,12.62871493016556,99.34293520091074,20.65930591798201,0.727049419165263,1000,95.95137176749357,87.75084545119552,95.3209090793661,1,31.9845948675073,31.9845948675073,50.05835887143058,58.65684048736603,0,3.949625414498592,187,4,1.069932186541669,1.159208314544521,47.68910121071696,11.83001199816623,1.067514972269102,39.25051347012612,5.160413250686157,8.851630014266417,14.01204326495258,15.22509136098417,1,1
70,230,0.4277200147268362,20.54442845303565,97.04230194549999,18.58063852477633,0.7575380824822699,1000,99.44507690081625,90.0006237367338,96.50379179602476,1,53.71201521944674,53.71201521944674,45.08844501513539,53.58225998800015,0,5.088107510960367,166,3,1.072552410738943,1.168147585812472,65.51769393766889,12.71580053884232,1.615661427707962,50.04211901939465,6.579226390927215,14.86462117193115,21.44384756285837,9.460872446672026,1,1
71,260,0.609806448194012,11.40301659215987,97.58293657033718,21.33492417197861,0.892213667764957,1000,97.5919657685417,67.11996943928411,95.23310605366122,1,34.589507860432,34.589507860432,51.59820362363314,60.22800797313408,0,4.117895965067824,187,4,1.065613585391514,1.137897339646386,45.82093415955821,11.23734198591663,1.014743220100525,40.68610046916306,5.349155295499951,9.572531002015022,14.92168629751498,34.77548647353363,1,1
72,180,0.3422539798168465,17.83754195921868,99.60576176169718,14.18595584050007,0.6356178587203379,1000,98.421326098588,96.59279587737092,98.03331159646265,1,44.11136545438956,44.11136545438956,33.12222170800015,41.34161232358446,1,4.604234324418289,130.6,3,1.088617131883135,1.188489042395523,58.05548056242329,11.54213730911462,1.545427981101272,38.39147825431169,5.047472646383777,16.20945642563969,21.25692907202346,-4.445675104826968,1,1
73,190,0.3891999066957272,19.00181130131334,99.73846895938377,17.51716309257038,0.6271740539439954,1000,98.36930573774158,96.83795264502122,98.11203946879871,1,43.34680954353404,43.34680954353404,42.39357011388097,50.82834858781683,0,4.562635188476515,137.8,3,1.077479492401295,1.177488760611727,63.20397688959562,12.69952158184251,1.496261979544308,43.12560519699619,5.669886195802774,11.9960850518079,17.66597124761067,-1.901129136803106,1,1
74,220,0.3835042764688842,17.71106783185899,98.0577989377208,17.00471179667115,0.6684957562356256,1000,98.74602931003493,93.84493025428982,96.82818287981692,1,42.92760826734834,42.92760826734834,41.053720631506,49.45854918914631,0,4.537980768242381,158.8,3,1.078730391023952,1.176717984100194,59.45650470122555,12.28994674969348,1.441102080633565,49.58022666039889,6.518499657974624,11.8800724959611,18.39857215393572,1.523793875179362,1,1
75,220,0.355899319829978,10.941223600097,99.29458784941195,20.7241721345,0.8899598630252761,1000,97.1378914127617,72.85904432746071,96.45266892391106,1,34.2403038557253,34.2403038557253,50.20770843808742,58.80925095688229,0,4.087479876544545,158.8,3,1.068234984713429,1.145456014411274,44.71575371132032,10.36122844780859,1.055977450474136,35.52342609531537,4.670398996730547,9.475889957725792,14.14628895445634,37.326628840371,1,1
76,140,0.6867247806723229,12.92219273034483,98.60940298140606,14.3143813431859,0.7102017513642787,1000,98.1603077273296,92.40512689083108,96.79529341463073,1,35.97220720977234,35.97220720977234,33.50687792854279,41.73558357348708,1,4.156989522203572,102.4,2,1.088512335548968,1.184549443887371,50.95487299515518,10.82866715955939,1.19333178681527,28.84442093803413,3.792284962852545,13.21858707601767,17.01087203887021,9.110839549432336,1,1
77,190,0.4327975787904114,22.6181236699,99.87153653869436,15.39057010105252,0.6540793326979503,1000,99.53637297995137,98.88429012505863,99.40850510996322,2,55.73900626589685,55.73900626589685,36.63742723264494,44.94072340465726,1,5.169152832485302,137.8,3,1.083165789838288,1.1863192794164,78.59551365813839,12.17041535084405,1.858451253952593,45.22533110029301,5.945945090737457,20.48222683584156,26.42817192657902,37.09901999697306,1,1
78,140,0.4519214101679623,13.30236333876476,97.13332915059021,18.50532544845901,0.7801271553672384,1000,96.7885787690857,80.72187691107608,94.0139687959543,1,36.81062873185001,36.81062873185001,44.90122003107012,53.39098537951662,0,4.211527082368162,102.4,2,1.076132957569956,1.16020044292528,43.59078891524999,10.92544292266121,1.217558265868876,30.09997904535503,3.957357929323584,10.18721879944372,14.1445767287673,20.01149437186176,1,1
79,230,0.5823436574277467,16.92840442345291,97.51133710171443,19.77145349930786,0.6497995839968557,1000,98.82322998150447,93.55090303393419,96.36385292206734,1,37.600008877481,37.600008877481,47.98045931330773,56.53584384005416,0,4.269930024156491,166,3,1.06932894998951,1.167165941695889,64.12282829544553,13.54242729219065,1.250027344301477,39.2254309410556,5.157115555855368,10.40567712347994,15.56279267933531,1.347404766443089,1,1
80,130,0.3822403425080702,21.93359229850397,97.36514487393541,15.54820663255826,0.6033287395277526,1000,97.94237582711322,93.21712485534231,95.36173611704308,1,48.521281118786,48.521281118786,37.08278754825631,45.39651862302441,1,4.82256621281305,95.2,2,1.084635888394393,1.18108723725647,52.35274814789587,12.1395305916292,1.806790808997858,33.13843888158132,4.35683571991284,17.82995343511656,22.1867891550294,-11.61746928830721,1,1
81,180,0.5879619613362477,20.34286128931492,97.89224188766745,18.96526468335651,0.8481671084820992,1000,99.652509425227,87.76591535909259,97.55207557367382,2,59.63016824740735,59.63016824740735,46.03639451309135,54.55059445125988,0,5.365705694277598,130.6,3,1.070997984599594,1.164918513305414,68.96658526863419,12.88586998643953,1.578695215047395,45.81471660927075,6.023433829645446,16.50245029524249,22.52588412488793,77.38862111078947,1,1
82,210,0.665749859128613,20.07563560155779,97.26368447998532,16.89473459196091,0.7879901661761105,1000,99.88652915247972,90.39628221870515,97.15331855287643,2,56.6571736173215,56.6571736173215,40.76247338562314,49.16073907139736,0,5.212924129164781,151.6,3,1.077666611353606,1.174157349839421,76.67167347458904,12.2068228704333,1.644624142960565,57.37391724601399,7.543165595156998,15.67968394134834,23.22284953650533,63.57861450480492,1,1
83,170,0.3530226804367266,23.24959713575617,98.67595793991434,20.58155751903728,0.8807507280351827,1000,99.20801766289267,85.83421251222516,97.89446178205876,1,68.59029828950175,68.59029828950175,49.87891772313037,58.47371520254762,0,5.782252284035911,123.4,3,1.066121318103022,1.15778954824199,63.00019758863634,13.20425739205753,1.76076521726553,45.84169766359656,6.026981130762064,18.98213641729198,25.00911754805404,24.35003846338859,1,1
84,250,0.3096167380723171,14.08996281576157,99.41669345691852,16.3851451927349,0.6633217932423809,1000,97.2626751031342,93.56314009221688,96.69533555528153,1,35.25669970471106,35.25669970471106,39.39519248216737,47.76239729533734,1,4.110961272677761,179.8,3,1.082671272497231,1.178564405562001,51.26220662945349,11.51641484231092,1.223467807359242,40.46380900226657,5.319929796777235,12.95566191815782,18.27559171493506,2.224196785603888,1,1
85,210,0.5145473349318839,22.16417711321637,97.98322084098638,18.81612846003659,0.8828354495860404,1000,99.82240633422299,85.67002438900957,97.80920884724848,2,67.63132494710045,67.63132494710045,45.67044826555093,54.17680233030779,0,5.712385065136631,151.6,3,1.071285697033248,1.163581892827024,73.69489432725544,13.02321773611936,1.701897147257619,53.7550206330908,7.067375589291067,18.71674374136023,25.78411933065129,81.24644259406493,1,1
86,150,0.6808800502684899,8.77064277337119,98.84662012402153,16.55220175582357,0.6307847136136377,1000,88.79089562212678,79.50409551206754,87.76679930032012,0,21.51328057299146,21.51328057299146,39.84669300583829,48.22420044543264,1,3.211506283522727,109.6,2,1.092555418103772,1.165660742816486,28.32949180726566,8.709423361380249,1.007029100486997,22.25227002586739,2.925589984618448,7.905413501221926,10.83100348584037,-79.35230729144108,1,1
87,210,0.3826956902874634,19.48136507789418,99.13117859615757,15.18807018943131,0.6638010118471691,1000,99.2631235545974,96.89555866604151,98.4007042910325,1,48.88405617867001,48.88405617867001,36.06053908116922,44.35025326456281,1,4.841425026108748,151.6,3,1.084190363346377,1.185369053969164,66.51510061426943,11.91941513607256,1.634422902088238,44.20278024333086,5.811506467513224,17.96326117712194,23.77476764463516,-3.549824639473043,1,1
88,240,0.3928839440692216,17.05956108368933,97.16849805895299,20.10147497674264,0.8448818055827636,1000,98.97846145164053,81.9542730924358,96.17588439441886,1,48.73865575484687,48.73865575484687,48.76029477338614,57.33196536962663,0,4.866350380991439,173.2,3,1.068024200674226,1.155946484297147,57.76916925734893,12.81792819270691,1.330914078095383,46.31295840396282,6.088939560196756,13.48826051796802,19.57720007816478,23.19471751958463,1,1
89,210,0.682270654958114,12.45665796951205,98.99385237577874,18.73319431511313,0.8611938249228754,1000,98.47683293622829,85.31893523085566,97.48601062123208,1,38.78611293689096,38.78611293689096,45.4660660767276,53.96802531518603,0,4.325149450417916,151.6,3,1.073255176637549,1.163550731217967,53.37173514893873,11.57686054151038,1.075996201634029,39.20744972300841,5.154751497205669,10.73392746824145,15.88867896544712,31.21677480606065,1,1
90,100,0.5364885107053443,15.99661909593642,98.71378503505052,21.40306707508117,0.7424414619073737,1000,95.63654455827383,84.45242271757209,94.40645301020474,1,39.84236348791199,39.84236348791199,51.75161846994109,60.38451485215035,0,4.420751243334669,74.2,2,1.067822466365286,1.153804040785853,45.80640644658991,11.7935149544106,1.356391131717175,24.23089515712388,3.185727303669011,11.02624128740135,14.21196859107036,16.52263158262517,1,1
91,210,0.4291115981171839,16.50220330406725,97.47788098897533,19.9628659653943,0.8582899139838991,1000,98.92543501067645,81.24516835017553,96.43041780753332,1,48.27542678728594,48.27542678728594,48.43386164707954,56.99873135987838,0,4.841064596129508,151.6,3,1.068556925611583,1.155772625488676,56.7417419506822,12.64107893204037,1.305442628179498,42.71973436110815,5.616524824080138,13.36006344529209,18.97658826937223,25.95449353357618,1,1
92,170,0.4121190126602537,18.49813414353132,98.56225625223065,14.42935572489165,0.6282495469993679,1000,98.82247341217374,95.71302829116303,97.40165947929918,1,44.44496037757095,44.44496037757095,33.84916365338773,42.08613065890239,1,4.619925846722841,123.4,3,1.087295374426303,1.186941014358966,59.0865426231542,11.83240059706014,1.563345830948907,37.41278998830873,4.918800803657013,16.33204144007807,21.25084224373509,-6.351933101102244,1,1
93,150,0.5500083030773326,9.871846026357263,97.80864119256776,19.39013531836867,0.6712811031511752,1000,90.89190221234414,78.30372991923774,88.90013450797125,0,23.81232278381198,23.81232278381198,47.06799448753122,55.60415261261136,0,3.394385823644669,109.6,2,1.080446745825844,1.155017414308827,32.36228647140778,9.656087339334096,1.022344318090856,23.19428301900398,3.049439990703093,6.589980956010685,9.639420946713779,-78.02984042132917,1,1
94,100,0.6352585497123189,11.45182833181694,97.41871146770346,21.02288791067153,0.6893098305061692,1000,91.79270339873189,77.80512446341038,89.42326887241545,0,26.96152723358089,26.96152723358089,50.89130648768571,59.50679645095505,0,3.631132816800206,74.2,2,1.073850916547358,1.149067737005243,34.90787816957675,10.31703107502803,1.109992617889428,19.53826462496601,2.568769444069217,7.461512790136065,10.03028223420528,-78.36243286200931,1,1
95,220,0.3648758718425408,22.41191572082415,99.31750442779071,16.56444809065945,0.6843632716638268,1000,99.40817251317952,97.28593404271172,98.72971613736289,1,56.18043509440291,56.18043509440291,39.87966396262857,48.25792198603637,1,5.189802246133234,158.8,3,1.079379264104027,1.18106210160231,71.68840498826859,12.29488508125109,1.822865002211439,49.21318216736372,6.47024293218958,20.64443721602325,27.11468014821283,-3.912139593223553,1,1
96,160,0.5599773389779963,8.650628449864685,98.33599104188984,19.37923281987198,0.6587220394110074,1000,87.99654149201889,74.81401570671213,86.53227115876457,0,20.85855018229721,20.85855018229721,47.04172176011593,55.57732357296555,0,3.176798791917924,116.8,2,1.084013273142002,1.151817909245878,27.75368338818319,8.605893747527947,1.005198147182515,22.22252552001674,2.921679362092615,5.772534234450145,8.694213596542761,-77.1252239651664,1,1
97,100,0.3231878272940404,20.27854708569497,99.22042959039288,19.23850618919544,0.6932312196280108,1000,95.36239018518134,88.05054987065996,94.61897320940359,1,48.97624786842416,48.97624786842416,46.70166767006316,55.23005524359132,0,4.866089816105964,74.2,2,1.075442540616106,1.164247534631247,44.66681098075418,11.35227293875503,1.78629840870606,29.42197278590732,3.868217885640714,13.55401334342683,17.42223122906754,7.08451720455613,1,1
98,180,0.5161373301564716,13.05765984077752,98.48124138746485,20.64519075312279,0.6944967540540034,1000,95.39607097156416,86.69953258973511,93.94723492766339,1,31.25003854934467,31.25003854934467,50.02581648100295,58.62363049111821,0,3.903811837486173,130.6,3,1.070670025158117,1.158336422618434,45.57799962837795,11.88963038291175,1.098239341362916,30.13504468088836,3.961968140866107,8.648344001735975,12.61031214260208,11.37568309135813,1,1
99,240,0.5621320914317853,22.85667247810587,99.35751189428906,17.19671571258642,0.8937758699488594,1000,99.96220616457396,94.57156941304881,99.31996087976032,2,73.86579085897496,73.86579085897496,41.55902499594259,49.97519537823632,0,5.953830481426098,173.2,3,1.076555748570689,1.176682012514137,90.82179574822953,12.42896873828403,1.838983825560858,68.46194002555443,9.000949828196397,20.44211140091846,29.44306122911485,82.25742822823739,1,1
100,180,0.3183592700415291,13.61112145160511,97.91315433636078,19.486971599387,0.7330068174524232,1000,95.5760435128054,83.3334799553505,93.58151899328048,1,34.91298304052686,34.91298304052686,47.30089703504649,55.84198009152487,0,4.111194288679076,130.6,3,1.074341496906427,1.15925071643715,42.66719853812428,11.09800573506709,1.226447505662857,33.06616417973464,4.34733349188765,9.662051679855674,14.00938517174332,14.64890325514216,1,1
101,200,0.6222976098980755,11.08616006558388,99.88353408919176,18.66930818546005,0.7238297954548616,1000,95.30099810748129,87.43158267912233,95.19000493202606,1,29.58084475973943,29.58084475973943,45.30819243796049,53.80675060269783,0,3.776658586048765,145,3,1.077432998117626,1.165622072265756,43.44663490960473,10.7635616405755,1.029971345524912,32.85517696686175,4.31959420613631,8.18640018444202,12.50599439057833,16.84753394449881,1,1
102,250,0.3296902265429497,12.67315800732747,99.30685609807499,21.97507281438634,0.6695592017061542,1000,93.3356624066396,85.39061183269466,92.68871195434666,1,28.72334472747678,28.72334472747678,53.02621797201408,61.68460284235084,0,3.762757562550712,179.8,3,1.068748888093407,1.152711646062549,42.23279586017687,11.73112481299957,1.080302034915186,34.13578969031717,4.487961197619018,7.949089908846775,12.43705110646579,8.988623729572797,1,1
103,230,0.3037327936434187,12.32765566678718,99.03600412882383,15.20903872323222,0.6832789109123871,1000,96.39826810870211,90.42416851850503,95.4689927842489,1,32.69845087642566,32.69845087642566,36.12052757129749,44.41165753286128,1,3.959563124952371,166,3,1.087704984516411,1.179850283484905,44.35498969744782,10.59528757613805,1.163503640481703,36.96620581536146,4.860086695741511,12.01559074872388,16.87567744446539,6.05088023061762,1,1
104,220,0.582868050943967,17.90116297416762,99.42518471687863,19.29481856968254,0.6654911023684311,1000,99.15798754751476,97.22267170541642,98.58801228065607,1,41.80146385056506,41.80146385056506,46.83795015304128,55.36923202358224,0,4.496209189166369,158.8,3,1.070511485128915,1.171827768474455,73.43751472406649,13.36565844477051,1.339340149094689,41.15447899748018,5.410734789630753,11.56841578243104,16.97915057206179,3.744993889069807,1,1
105,120,0.661432365165092,20.44264333582297,97.50862877579148,16.24977360125072,0.831620012710942,1000,99.48603708360451,86.83942845769941,97.00747058359818,1,61.7693412526992,61.7693412526992,39.02693202728631,47.38570021320567,1,5.441138403554265,88,2,1.080339598651098,1.173240867958702,60.34674435240581,11.58559141884865,1.764488544155351,36.77643245484612,4.83513647528195,22.6981739323252,27.53331040760715,13.81414724237167,1,1
106,140,0.3811593921729363,16.89338639516383,99.67842769164756,15.27449833052792,0.660106210994278,1000,97.48794714513591,94.54657554347079,97.17445290313589,1,42.6318761443799,42.6318761443799,36.3074225238442,44.60295824713177,1,4.520990257041143,102.4,2,1.086124854729076,1.183125501499102,51.93065683621909,11.28451530799417,1.497041382291026,31.83345152322616,4.185264103119613,15.66579342052147,19.85105752364108,0.4306736428644955,1,1
107,200,0.3630807874543592,11.21171727570519,97.0537290404165,21.81428163297102,0.6925243524088757,1000,91.90685272914753,77.18692073364899,89.19902781732148,0,26.02147913941085,26.02147913941085,52.67027932219776,61.32158244936682,0,3.578865481662422,145,3,1.071049224067788,1.145835823149038,35.63606676199321,10.6086384917735,1.056847896589119,28.33802926725691,3.725707737311158,7.201357613568156,10.92706535087931,-79.24882664389381,1,1
108,130,0.6251208785078488,21.26275133768841,98.81537743243463,21.69687433100492,0.851707335532643,1000,98.87280855851142,87.63992192543984,97.70153895514157,1,59.55256494425846,59.55256494425846,52.40922559829562,61.05531705224098,0,5.411387570501368,95.2,2,1.062791525605933,1.155622232648554,62.59546634225446,13.54744294317824,1.569502925893125,34.34864270211701,4.515945787002195,16.48097383977372,20.99691962677591,24.58600907967452,1,1
109,110,0.5423350691987201,17.78808015472814,98.12394915030697,19.21655132715777,0.8510107449053788,1000,98.4563050921639,82.50673929468331,96.60921474390599,1,52.5232514403505,52.5232514403505,46.6484586737858,55.175715108384,0,5.03893455548275,81.39999999999999,2,1.07165538535007,1.159419382414222,52.56444420609484,11.85817143396928,1.500069403936249,31.95394598980349,4.201105965734564,14.5356347586122,18.73674072434676,25.9809172645713,1,1
110,170,0.6774781633622012,14.73718297857419,98.53200095648913,15.2019916046299,0.7390650081583299,1000,99.24120072330965,93.97494560118422,97.78434084592276,1,41.55554721345338,41.55554721345338,36.10037315991593,44.39102754962698,1,4.463752969397875,123.4,3,1.084171097841888,1.182889828636614,61.26529397161823,11.41836840510126,1.29065576234081,36.01304074693215,4.734770484198,15.270278416037,20.005048900235,9.917919170270409,1,1
111,140,0.3118876580058597,12.58329508226365,97.52400316622654,19.74556673713215,0.7127266799370758,1000,93.45008111764056,79.28172820030227,91.13626006800908,1,31.26679466478523,31.26679466478523,47.91890564822387,56.47299897128852,0,3.893456963953359,102.4,2,1.076105468236621,1.154718335694164,36.83126819294167,10.33822426847991,1.217162131085578,25.86332879223944,3.400349519195637,8.65298120083043,12.05333072002607,13.58112666135205,1,1
112,250,0.4964980707233771,14.31072171744332,99.17021515918144,19.81617372884788,0.8407906339866809,1000,98.68090823518514,89.18349887380383,97.8620690178675,1,42.21585860377436,42.21585860377436,48.08666268656475,56.64427306124213,0,4.525038100851332,179.8,3,1.069357155607783,1.163287656176761,58.85790085631024,12.41687205285733,1.152522282304598,43.89948075569053,5.771630538345144,11.68309814906588,17.45472868741102,27.05184462043368,1,1
113,170,0.6377039332636631,8.723512952245772,98.70780735590409,21.12838968416862,0.7949083234863589,1000,92.48202056138983,67.84014560702101,91.28697469458429,1,24.54566214646528,24.54566214646528,51.13112582294156,59.75148438772885,0,3.466045819747866,123.4,3,1.072648502126829,1.139291343370071,32.47428395861882,8.657113030666297,1.00766998436364,25.20095920174935,3.313265287438563,6.792930180160445,10.10619546759901,27.94027480279278,1,1
114,180,0.654564775006473,11.9355904285796,97.95842991211219,18.90214568395727,0.7528436114518438,1000,96.57057340384965,84.51166050790086,94.59901746353493,1,32.14206933354191,32.14206933354191,45.88176203708963,54.392650271376,0,3.938821293848163,130.6,3,1.075070317817447,1.162267255659545,45.20302080576675,11.21940394891917,1.063834628196039,32.22668598422653,4.236964122909603,8.895210547826611,13.13217467073621,18.20976721196933,1,1
115,200,0.5468907857563347,16.25888403508812,98.97810033488696,18.95265324855596,0.8975017781975214,1000,99.46408852938544,87.52372398363156,98.44766534179593,1,51.60386512742159,51.60386512742159,46.00552718224577,54.51906646883481,0,4.991395287831017,145,3,1.071277417306694,1.164749642525739,64.79698561422241,12.62205300305995,1.288133081927837,44.65368961195302,5.870789225239879,14.28119766113017,20.15198688637005,31.83850461895873,1,1
116,210,0.334383902618289,14.88822690907493,97.51803712603683,19.40445346667804,0.6533384031283669,1000,95.96277398493996,88.44300442833483,93.58101356180855,1,33.7588747371384,33.7588747371384,47.10248251049393,55.63937067124692,0,4.041764522840103,151.6,3,1.074138067379805,1.164030634985382,46.58282889161397,12.1346231603177,1.226921241177228,35.34785621279189,4.647316161167512,9.342656053920596,13.98997221508811,3.520291015271984,1,1
117,220,0.4456630767052993,12.86273530674726,99.01210853811048,21.79861843589135,0.7762022731435485,1000,96.04311669587698,83.54917010928004,95.0943149463058,1,33.78834197738025,33.78834197738025,52.63550889932048,61.28611873766607,0,4.077867457098325,158.8,3,1.065986504867883,1.151669346977381,46.94384215183023,11.84023793828169,1.086357839580203,34.73873138797965,4.567232219853588,9.350811014433392,13.91804323428698,21.71495901040618,1,1
118,160,0.6894249627224169,18.80526073987409,98.86651128141612,18.0521851261463,0.6848555661493214,1000,99.26251765665364,96.04957687843184,98.13738821723315,1,45.96435346967711,45.96435346967711,43.76328684164952,52.2282723267092,0,4.702140247813435,116.8,2,1.074559106319953,1.175036962910751,69.40801224592819,12.77930099282392,1.471540638289527,37.59132433632421,4.942273388694733,12.72048160822157,17.66275499691631,5.197584614943493,1,1
119,180,0.6359288269019685,22.26540927298367,98.41340025708506,21.12445685815811,0.8505736785267479,1000,99.60774909409838,89.70139268162067,98.02737280304804,2,62.66082897602934,62.66082897602934,51.12220097080092,59.74237857838631,0,5.537813582748081,130.6,3,1.063792938774564,1.159335009445168,73.45766524808522,13.98727636449669,1.591833084066245,44.46870361357557,5.846468417361915,17.3411755496862,23.18764396704812,78.1097059207314,1,1
120,190,0.3169348181664944,16.76254817407578,97.32066632040727,20.83340091593005,0.8720489745943342,1000,98.33647441870386,75.2285656007257,95.70171214027944,1,48.80280896010059,48.80280896010059,50.45846499420441,59.06513567106731,0,4.881831119616123,137.8,3,1.066368135291405,1.147315084957179,51.46980939510992,12.32761969531174,1.359755458748509,39.94637630431858,5.251900965692991,13.50601470367797,18.75791566937096,27.87218140687971,1,1
121,180,0.6035630579076707,15.38698158492148,98.15133848221269,21.88265371689759,0.6798782234513434,1000,96.83629050192314,89.87635917919941,95.04611526416136,1,34.61728036844758,34.61728036844758,52.82185445205897,61.47617672771958,0,4.129109987385591,130.6,3,1.064715478932799,1.156935939755963,53.76790043539722,13.28131845641435,1.158543230133163,31.32178472006803,4.117993336000527,9.580216951033307,13.69821028703383,7.932860710786335,1,1
122,120,0.4667787681836635,14.46552601309866,99.81834396535754,21.0348519248087,0.7514650318370433,1000,95.58808391176399,86.21094233574318,95.41444238893918,1,37.39627038049804,37.39627038049804,50.91854431801653,59.53458787851042,0,4.276652302218055,88,2,1.069121010536842,1.156596837527286,46.23859795274074,11.50251863524289,1.257596398824977,25.60473147596366,3.366350753331922,10.34929317356823,13.71564392690015,19.37246815440124,1,1
123,140,0.3718860641544685,10.67684906537831,98.41756199704837,20.32311112008803,0.748774357758346,1000,92.95636260177338,75.76532882283354,91.48538579380141,1,28.1572828056435,28.1572828056435,49.27901161650789,57.86144072841432,0,3.701485189431588,102.4,2,1.074772316252994,1.149531740230153,35.18206810383706,9.687912385353084,1.102079440924793,23.92119542938416,3.145009910762079,7.792434158852486,10.93744406961457,20.48955313910722,1,1
124,110,0.6872735675729811,13.42344372686371,98.01094952818521,18.19465489528142,0.8423326988316374,1000,97.56803645274827,78.88325807397032,95.62735896334445,1,40.69838357881038,40.69838357881038,44.1232012060006,52.59605521511759,0,4.425701301486932,81.39999999999999,2,1.076204234050942,1.15956946211786,45.23703664324309,10.69629768992632,1.254961680760418,29.44121388556817,3.870747585684593,11.26314199415718,15.13388957984177,28.3273807360655,1,1
125,140,0.3132792825620621,9.879501272220164,99.88602920800639,19.35561861943826,0.7987191762193339,1000,93.78955394036051,75.04450566563953,93.6826612429274,1,28.97555273632203,28.97555273632203,46.98478101181502,55.51917660866275,0,3.744002997922003,102.4,2,1.076997491179241,1.152112901191757,35.36845906570962,8.918719539144265,1.107726420688421,25.12396636073857,3.303142747837587,8.018887634601333,11.32203038243892,28.44945611865897,1,1
126,110,0.6858032162891701,17.32967626008764,98.27276848752932,15.8273152876962,0.8313963938093512,1000,99.02111220836372,87.78008810612585,97.31078835430191,1,53.64445040222344,53.64445040222344,37.86354027230851,46.19545850620926,1,5.070477345774644,81.39999999999999,2,1.082344637466811,1.175483792016318,54.71910925383856,11.0706713704055,1.565368140762803,32.70516412229124,4.299871450879007,19.71254737447038,24.01241882534938,18.18518626370365,1,1
127,140,0.5795548749965616,18.55161136747524,97.28520995546958,15.41135801662505,0.6688425185489002,1000,99.11595122238732,93.15516620185171,96.42516124606034,1,45.94290019737153,45.94290019737153,36.6963427861217,45.00102188722269,1,4.692937398774612,102.4,2,1.083624375263939,1.181495145362969,59.33259503324138,11.89410613571625,1.559731446465529,33.24134763411187,4.3703655222828,16.88248439252746,21.25284991481026,-1.99534861404334,1,1
128,230,0.6333600954983383,8.438613967556506,97.50166580761746,21.68046761247143,0.6348833056529983,1000,84.98301760750401,71.43671187503784,82.85985782089725,0,18.57693962514916,18.57693962514916,52.37266736157687,61.01802776775816,0,3.022142496878269,166,3,1.079913050448573,1.140890503497855,25.39617682067103,8.437414808571623,1.000142123981349,25.43832989861379,3.344473309477718,5.141106118127948,8.485579427605666,-76.99363658373517,1,1
129,190,0.498732520776242,18.33746002703533,98.21820538451246,19.16827561403811,0.7075914580498589,1000,98.81833999975785,93.17408105430711,97.05760013852802,1,45.03614912870227,45.03614912870227,46.53130951474617,55.05607333931783,0,4.665415304367731,137.8,3,1.071363574927073,1.168876604007113,62.58557956790768,12.87016516605548,1.424803783823972,39.83187862596348,5.236847523474811,12.46360415087126,17.70045167434607,7.663284397074811,1,1
130,100,0.6588254882558249,8.764737396679818,98.86839798897182,20.1067587195728,0.8818068995149573,1000,95.04966018055366,58.5423041268069,93.97407631447506,1,27.98264801615951,27.98264801615951,48.77270717912245,57.34463591020392,0,3.687383595062368,74.2,2,1.072910845664163,1.133508582133686,33.72647079984291,7.683410716703492,1.14073524374085,20.52620946807382,2.698658283949003,7.744104562978759,10.44276284692776,39.52313233619845,1,1
131,120,0.454016029388085,20.93651382244006,99.66803106357337,21.50364352690056,0.6027509763062932,1000,95.86441313511912,93.27602069213059,95.54617306242282,1,42.0600316645785,42.0600316645785,51.97743377850497,60.61487196025286,0,4.544001972601492,88,2,1.067200866836111,1.161108812597296,53.85069583275545,13.53992816806805,1.546279534319523,27.11386811029353,3.564762646486366,11.63997356306655,15.20473620955292,-2.761453871607578,1,1
132,120,0.3486464571387507,10.60230260373652,97.56957076765613,17.39648721131496,0.6817522805559681,1000,91.75135278557511,78.66355686579476,89.52140108640356,0,26.80189457041728,26.80189457041728,42.08056553244637,50.50838291330422,0,3.587192498857778,88,2,1.086097289922778,1.162052344958533,31.90841355512598,9.277747405776166,1.142766895888512,26.11428264137523,3.433343369565943,7.417334982714412,10.85067835228036,-79.20725498152349,1,1
133,260,0.6725545235873199,21.73861728031933,98.34063935800491,18.74318856195919,0.7687605655879481,1000,99.93368324612921,94.56635739451333,98.27542303824691,2,58.10722351462343,58.10722351462343,45.49072940264944,53.99321946593597,0,5.294045160478813,187,4,1.071390881887998,1.171476860415266,89.55532769138706,13.04617295407516,1.666283082160808,57.69980257281357,7.586010969903514,16.08098041692699,23.6669913868305,60.96322703406016,1,1
134,220,0.513252105641365,8.228306494180114,97.66054139726079,15.34491929774173,0.793849799735751,1000,94.32022546096654,72.14076324980195,92.11364283229696,1,25.87073156040137,25.87073156040137,36.50784858670596,44.80810044283896,1,3.521712854807128,158.8,3,1.089829012619593,1.162866168044166,31.75265635779592,8.183866851941568,1.005430152156985,31.53369578736173,4.145854084381863,9.506631490728823,13.65248557511069,23.03370905722715,1,1
135,130,0.4658518612239509,15.02974118005484,99.1239893648016,17.29253742313199,0.7717517774886684,1000,97.72245235206354,89.7094660171994,96.86639327648277,1,42.67374096629125,42.67374096629125,41.80971537836268,50.23149166900026,0,4.525848872777588,95.2,2,1.079044923320114,1.17222871367473,50.42390636061057,11.12392884574158,1.35111806165575,35.89500074546311,4.719251319381075,11.80981556661788,16.52906688599896,18.52850564901642,1,1
136,250,0.6255495003260672,11.59829752463475,99.24514604367575,14.34090316330828,0.6838706805968424,1000,98.10129708007578,94.38239739713163,97.36077555786143,1,31.53044703484314,31.53044703484314,33.58600842535043,41.81662626292655,1,3.891736432115815,179.8,3,1.088497057015898,1.1861276317053,52.96670182100283,11.0263858136272,1.051867558479655,37.91431410022957,4.984738072851332,11.58638827040369,16.57112634325502,6.554608860848835,1,1
137,190,0.6688800808981992,15.60240677733719,97.19823962041531,21.21927263841219,0.6064931951632491,1000,97.08661089235433,91.67673702376064,94.36647669449077,1,31.42676038591692,31.42676038591692,51.33704728571735,59.96157616268289,0,3.92330360432353,137.8,3,1.066633996028115,1.160709046381247,55.31075740566965,13.87114539713358,1.124810268412396,30.8664574259327,4.058129736920648,8.697251180934552,12.7553809178552,-1.864371783087101,1,1
138,240,0.4620305796338245,18.1706115649119,98.12895970731131,21.98108897408471,0.6285399441589136,1000,97.89002949138992,93.53528346047453,96.05846759708116,1,37.35144344269813,37.35144344269813,53.03950061967294,61.69814922047118,0,4.290956896381681,173.2,3,1.06306762955906,1.159721777875642,62.18769560592169,14.30523222718905,1.270207381210923,38.72469055277126,5.091281325767578,10.33688746795523,15.42816879372281,-0.8195176045748294,1,1
139,170,0.4364137434863485,18.08804310629889,99.32481703204341,16.51915227675252,0.7702204134126194,1000,99.06316829213944,94.73685079869706,98.39431065231275,1,51.60094772319746,51.60094772319746,39.75762733832187,48.13310599472157,1,4.973670287123075,123.4,3,1.079965167543959,1.179098972731307,62.49092234987936,11.63028874152989,1.555253141885412,40.84543913257999,5.370104151383561,18.9616282566843,24.33173240806786,10.65848245714694,1,1
140,130,0.5388776310195215,10.71114859069511,97.96118788003044,14.01599944790639,0.7919068569255061,1000,97.06600853836041,82.64961567563898,95.08701499190963,1,33.71404057803554,33.71404057803554,32.60933511373287,40.81625433327122,1,4.026368612824885,95.2,2,1.090884327249508,1.177037097948224,40.4819613482769,9.494140011372799,1.128185236141924,26.82909623774111,3.527322612850611,12.38878611107546,15.91610872392607,20.69138209276792,1,1
141,200,0.4504971703344956,16.14952981947735,98.2740361801205,17.00958586997725,0.8495223698109622,1000,99.31364147417459,87.65134356037359,97.59952395412549,1,50.1050188928529,50.1050188928529,41.06659759559597,49.47171588521087,0,4.902716780459789,145,3,1.078001109240048,1.171395547708314,59.44560225971186,11.69870905285602,1.38045400962722,51.87147443655616,6.819738656890812,13.8663969618674,20.68613561875821,23.95545778641089,1,1
142,190,0.5427753990710713,10.32458752154186,98.95120656370186,16.91102809807844,0.8915950042004697,1000,98.00289349251321,77.09641480381239,96.97504557818148,1,35.03271764803821,35.03271764803821,40.8057069682161,49.20494805232204,0,4.099176124377083,137.8,3,1.079976953970705,1.162241791977658,44.93863760612238,9.881340133350912,1.044857011519615,41.56553901480017,5.464778402635201,9.695187833369079,15.15996623600428,36.075010304931,1,1
143,230,0.371159805024974,8.162090041577816,97.60669580181911,17.91706325456127,0.7233527608427452,1000,90.49983780137273,71.29294609697661,88.33390138392558,0,22.23273096452373,22.23273096452373,43.42008500307617,51.8775406558434,0,3.269524696709547,166,3,1.085880589679667,1.15340988600158,28.10748885297719,8.105044506674309,1.007038275342786,31.31198615193723,4.116705081240282,6.152834185328726,10.26953926656901,-78.49166314352526,1,1
144,240,0.5041585889161564,14.82643427873775,97.42218990458939,20.42338679688796,0.7430216887638671,1000,97.9818072026515,87.77297088481264,95.45602228491578,1,37.40886885697965,37.40886885697965,49.51239997920646,58.09965033944297,0,4.267906769407806,173.2,3,1.068191292476701,1.1600209993194,54.60400144523511,12.7405642531583,1.163718810574844,39.56853986555267,5.202225382042763,10.35277975993959,15.55500514198236,13.85404336412032,1,1
145,120,0.5033989076686092,10.58474321537092,97.03895683107399,17.54471905330196,0.6017204161341302,1000,90.22751234976303,82.00441014865277,87.5558367588385,0,23.42210186060753,23.42210186060753,42.46483054831805,50.90119079591346,0,3.354020365293938,88,2,1.087465767706106,1.164590011260259,31.66051777982347,10.00374916966432,1.058077630281698,23.64830263077296,3.1091316638433,6.481988616250264,9.591120280093564,-78.20635989514803,1,1
146,240,0.6817331740534864,14.80919132598117,99.70467296671563,19.79586728499457,0.7685468423870159,1000,98.84642893972782,95.24681646973238,98.55450871363259,1,40.07637639505564,40.07637639505564,48.03845892682995,56.59505933872487,0,4.408617293773597,173.2,3,1.069217726798207,1.168505260217633,66.90566336212184,12.84392842959444,1.15301104386867,41.69184466622308,5.481384283669991,11.09100357941033,16.57238786308032,18.592505694392,1,1
147,140,0.5550022386390716,12.26467474306375,99.84144702473537,17.86373435936868,0.7922852847959614,1000,97.02320668659301,88.13064776287111,96.86937350569426,1,36.10115960691232,36.10115960691232,43.28413155974539,51.73859719702182,0,4.16593267157846,102.4,2,1.077997830705692,1.168940588517537,47.48170813991045,10.71339869024768,1.144797752577637,31.26754177004331,4.110861810491263,9.990875584014292,14.10173739450556,24.56795193468014,1,1
148,200,0.4260915212281048,20.39288574682921,98.56857458399017,16.41249259970337,0.6341016651783837,1000,99.22788059659028,96.29238469752157,97.80750749396279,1,47.34812658813279,47.34812658813279,39.46932592461218,47.83822545926256,1,4.764075722872411,145,3,1.080116922606321,1.180752554680783,66.71320124353494,12.57126750724699,1.62218214949871,42.39809252360344,5.5742373568984,17.39885825025253,22.97309560715093,-7.28912142038982,1,1
149,110,0.3849050771146081,20.89879071358964,98.21084933258132,19.81524615376257,0.8743481915939133,1000,98.49884923848408,79.80550159192858,96.73655641993403,1,62.18464770645809,62.18464770645809,48.08446154681167,56.64202581449837,0,5.491927739287511,81.39999999999999,2,1.06958862992753,1.154962054038329,52.59726380039935,11.98068504774987,1.744373600532527,34.31614771453604,4.511673548255018,17.20939397060326,21.72106751885827,26.25790126815359,1,1
150,230,0.6162753457408399,22.01541541777178,98.72843022537583,18.70937779150903,0.6748127529269317,1000,99.80835608691795,97.04659845482369,98.53922319836745,2,51.8661255282962,51.8661255282962,45.40725556550944,53.90794849222766,0,5.001291504828878,166,3,1.071662387311751,1.173651499284196,85.00905604928458,13.34904223877242,1.649213106377609,48.77794203655298,6.413020268338938,14.35377735287088,20.76679762120982,45.43478893093472,1,1
151,250,0.6505890496587381,21.63505310612544,99.69870889125814,20.75055534436926,0.6618976357979933,1000,99.71180830091298,98.85443562080602,99.4113854881366,2,48.44104896795179,48.44104896795179,50.26836058521735,58.87114475769062,0,4.862226368158241,179.8,3,1.064919430680137,1.168269311941761,94.35072714062557,14.2712576625018,1.515987841980617,46.66218715511702,6.134853983108659,13.40589883171743,19.54075281482609,45.34686782326947,1,1
152,150,0.6605923240714706,10.21091172839329,98.30831110926806,18.3734248388242,0.732172079791082,1000,94.00302732556187,80.17534989932304,92.41278855534365,1,27.48094512091694,27.48094512091694,44.57202792761802,53.05465415245203,0,3.637934277292041,109.6,2,1.080036664440074,1.160147646689404,36.79454172965659,9.881641665771376,1.033321392715793,26.49579033495787,3.483501626952843,7.60525995906336,11.0887615860162,17.92014395968542,1,1
153,130,0.5655896520976909,16.80546051182225,98.35277458691155,19.2632682432998,0.8584706387545216,1000,98.75052897171996,84.13917093980108,97.12388516293852,1,50.28168059479552,50.28168059479552,46.76162907132107,55.29129057962979,0,4.930829822360931,95.2,2,1.071129219126592,1.160721656555127,55.46128495478587,12.11854712862584,1.386755386883401,33.43612958628933,4.395974241205066,13.91528749900768,18.31126174021274,27.66556737023067,1,1
154,220,0.4254141284398734,15.69519559018314,97.62490036976482,16.43601127594151,0.8983436323845992,1000,99.56436523547379,79.54589320848268,97.19961236492004,2,51.82383099748929,51.82383099748929,39.53301058729204,47.90336500815772,1,4.984209278818032,158.8,3,1.079614759678163,1.166089644177501,58.97592950702373,11.579310463334,1.355451660086508,46.97700561605095,6.176244355201511,19.04353043054406,25.21977478574557,84.3021131224135,1,1
155,240,0.3636252068579197,12.35119675473869,97.2479827198337,16.23639189362898,0.8383389873251785,1000,98.33697716562799,80.17166823905194,95.63072656123673,1,38.67776805459727,38.67776805459727,38.99041112279497,47.34834099961751,1,4.305587778197402,173.2,3,1.081827246522358,1.167331139650704,46.93649284276189,10.64142558334676,1.160671251985977,41.73832419593676,5.487495122989396,14.21279050112934,19.70028562411874,22.31756008859665,1,1
156,180,0.6815579355881549,15.67342366940528,97.69537896488349,19.93157294088788,0.8120981011245401,1000,98.85029473615548,86.52712508030697,96.57217005039135,1,43.63972318163995,43.63972318163995,48.35994562131151,56.9232721062499,0,4.602322015525634,130.6,3,1.068756496083312,1.160585021366949,58.61925258975455,12.74102555730687,1.230154009103036,37.08204357257282,4.875316323188252,12.07714792477492,16.95246424796317,22.0048879074307,1,1
157,100,0.4102042876300402,18.1196771646589,98.79361988540569,15.81410705315322,0.6867485501358518,1000,96.88550323007605,90.85156656722664,95.71669578518379,1,46.47809538020393,46.47809538020393,37.82681379913078,46.15787953957113,1,4.719664784877809,74.2,2,1.085062596044278,1.178181837424319,46.68461449045443,10.94881355569383,1.65494435287337,28.91098996327385,3.801037044024522,17.07915078237894,20.88018782640346,2.27518755186493,1,1
158,140,0.6326606868645176,19.07649304361642,99.80561672814021,21.96087232642248,0.804195272889873,1000,98.37286988887583,92.59095055003216,98.18164948576344,1,50.92557226024928,50.92557226024928,52.9948557178808,61.65261772806798,0,5.009900012807591,102.4,2,1.062530830705497,1.158991842821863,63.66286212908336,13.42392767685078,1.421081333484338,32.47010313638625,4.268967095263209,14.09348237111645,18.36244946637967,21.84035020906443,1,1
159,240,0.4204467258488759,16.92207760040834,97.29858225945728,17.37730289113149,0.8262538827080979,1000,99.419355338827,86.23500741015923,96.73362323617073,1,50.05580008170536,50.05580008170536,42.03066513248689,50.45737074567529,0,4.902179630447995,173.2,3,1.076631572253301,1.168918340566445,60.69963250379884,12.00115519006914,1.410037394934383,53.45201150132102,7.02753783430593,13.85277581994502,20.88031365425095,19.51475711473513,1,1
160,150,0.6328582680905237,19.6703734193407,97.00144790733191,15.50131394634768,0.8653289007843006,1000,99.7972422797653,82.78575655019986,96.80476998296035,2,62.54733944481376,62.54733944481376,36.9506408551689,45.26128028673048,1,5.475499221595678,109.6,2,1.082465096610747,1.172164104101332,65.26369709340075,11.50240409154955,1.710109752950854,41.06380472203929,5.398813500172014,22.98406233465423,28.38287583482624,73.41201450590933,1,1
161,160,0.3522199212416075,18.85586200406775,98.11857240731379,21.99679956797324,0.8375812412136001,1000,97.92924473494587,81.60459665566154,96.08677690319337,1,51.53002607118089,51.53002607118089,53.07417501743134,61.7335119042063,0,5.040357120199071,116.8,2,1.062965708158284,1.149257219238029,53.41344729190889,12.84216022620601,1.468278052285163,35.09471030712212,4.614034112845533,14.26076294844574,18.87479706129128,24.04563457836026,1,1
162,220,0.3271905480252579,12.01277086105198,98.76938572889397,17.73193436162174,0.6566015454250155,1000,94.45955156579116,87.47826741697307,93.29711884379975,1,29.11189424372736,29.11189424372736,42.94689916834579,51.39393042820461,0,3.740249885294316,158.8,3,1.081628950182601,1.168815231853886,40.77493199537588,10.88343583487505,1.103766406428204,36.16398987818785,4.754616336602054,8.056619692304066,12.81123602890612,6.310444015557096,1,1
163,140,0.6621305099698714,23.33354071824998,98.15556518385159,14.52911843624525,0.7003126969625009,1000,99.78066342981433,95.38569036460994,97.94027413373097,2,61.45464073954695,61.45464073954695,34.14459175438554,42.38866827339706,1,5.431796575010156,102.4,2,1.085755459493954,1.186333081729098,72.28233862741011,11.66180018778324,2.000852384925434,39.28716839266957,5.165232411794459,22.58253198375885,27.74776439555331,42.81323559152047,1,1
164,190,0.597293173769582,13.92386372869089,98.38294757628844,21.307216209732,0.6011991616973653,1000,94.88418807398598,90.21337244451216,93.34986101101657,1,28.29113512976189,28.29113512976189,51.53572529394592,60.16426892283425,0,3.723744091428363,137.8,3,1.069078980960895,1.159161061344453,47.94055700893633,13.08110232891363,1.064425870128275,29.03303205753814,3.817082379096692,7.829477343377837,11.64655972247453,-0.4219023426432461,1,1
165,250,0.3992876636402681,21.18691246388853,98.88968688544591,16.59589441029355,0.7353537626820383,1000,99.68851062945581,96.17689642799115,98.58165602223332,2,56.92597911270524,56.92597911270524,39.96424841730595,48.34443090498814,1,5.224214051279749,179.8,3,1.078920874653847,1.180040063711077,74.4778827890355,12.14989979448454,1.743793185315516,53.25030919304445,7.001019270029909,20.91839979128209,27.919419061312,50.79975659529706,1,1
166,230,0.6633923466751351,21.80172972826287,99.85317120773421,16.80073105161078,0.6527320811972022,1000,99.92063711630266,99.57623391819148,99.77392485160051,2,52.22453114528196,52.22453114528196,40.51246550963828,48.90508262200245,0,5.004492918862725,166,3,1.077939795659776,1.18213968448395,103.950135132473,12.81979167606373,1.700630578028005,57.34712260668428,7.539642802723986,14.4529649126863,21.99260771541028,41.20989328527327,1,1
167,260,0.3393613907650113,14.34726911797747,97.50370161031776,17.53470633585378,0.886298943386483,1000,99.09806437178631,77.97253619140095,96.62428098666715,1,45.93224588532084,45.93224588532084,42.43894652449694,50.87473235223018,0,4.69684156104529,187,4,1.076506024979216,1.160952650942565,53.4925288857984,11.53408823135758,1.243901453690265,53.93864936537427,7.091517952269414,12.71159594127625,19.80311389354567,28.91803808073862,1,1
168,180,0.6057359091087244,13.23912872591242,97.4854381322107,15.13618227987923,0.8377416509429225,1000,99.17660872683068,84.84105190137909,96.68275154201919,1,42.2214845107525,42.2214845107525,35.91184050333032,44.19804183714626,1,4.499577363815631,130.6,3,1.084473582149309,1.175224443458757,53.70695911963578,10.9108476462372,1.21339140231494,37.45366132671025,4.924174312883103,15.51498817488452,20.43916248776762,21.72222476575796,1,1
169,240,0.599809263201151,18.58405215802416,98.87563009001391,17.34878566534631,0.6539724997620564,1000,99.70448486944674,97.37848398045392,98.58343764266804,2,44.01934756812617,44.01934756812617,41.95641707409118,50.38146744048038,0,4.59694497585081,173.2,3,1.076368798595884,1.178500553114528,79.34960060691118,12.92400777491434,1.437948079395003,49.80436029447908,6.54796735337464,12.18220770832036,18.73017506169499,43.44877063881145,1,1
170,130,0.5561791238593869,13.57433073069155,99.5829540942608,14.71834639549069,0.7895057197232963,1000,98.3785440054335,92.49687309998755,97.968260315533,1,41.94397140777721,41.94397140777721,34.70100772385041,42.95842189234577,1,4.486454042116917,95.2,2,1.08688033300007,1.18326871716735,52.60379819848015,10.50242890337762,1.29249441777473,30.44023520135478,4.00209269126205,15.41301135997787,19.41510405123992,18.52729582876234,1,1
171,200,0.406828106656298,20.82403254028782,99.0335305753114,21.10906338736415,0.8442651864740531,1000,99.11520073335151,90.50765410684012,98.15728262304494,1,58.72963333877682,58.72963333877682,51.08725708814427,59.70672601661346,0,5.360963964149027,145,3,1.064463934917957,1.160080143548775,66.11312245213429,13.48416410867362,1.544332475669951,45.535240605258,5.986690063848499,16.25323026106202,22.23992032491052,22.56320308154261,1,1
172,170,0.3909981066958047,10.6563635923937,97.2312566403633,19.70173778750002,0.8385023919234518,1000,95.91936293011057,69.42030108373662,93.26360193837729,1,31.49991577459571,31.49991577459571,47.8145602114767,56.36646278167649,0,3.907444748252655,123.4,3,1.073192314608532,1.145615123664689,38.50430196449096,9.883824744996717,1.078161932989357,30.02370225313227,3.947329531361205,8.717496690900111,12.66482622226132,29.4834707246943,1,1
173,230,0.5650971879614517,11.49602637083829,97.31030851270253,16.88323023064621,0.6668555943404557,1000,95.99249924776502,87.48384817559399,93.41059716705382,1,28.44881116707711,28.44881116707711,40.73192970188376,49.12950603834344,0,3.693873637376041,166,3,1.082579951188976,1.171674296985616,43.06938838590103,11.12148315401767,1.033677452155768,40.28601156047371,5.296554095583816,7.873113661118034,13.16966775670185,5.974577377499021,1,1
174,190,0.5912533098345623,18.95334491436929,99.72718052833237,14.06392396814004,0.7298672103623394,1000,99.82477286975428,98.79957079751178,99.55243145181761,2,53.84569067707444,53.84569067707444,32.7544068211165,40.96485953800044,1,5.08799637280628,137.8,3,1.087264381447953,1.190711715995997,83.30624260561912,11.37027678760087,1.666920275418242,44.31303474731494,5.826002043570853,19.78649646746895,25.61249851103981,53.21810300651552,1,1
175,190,0.5492095793445594,8.112673190608621,97.98066426456685,18.4734877232518,0.7385330153944669,1000,90.77797650584998,70.45889907458908,88.94486438636424,0,22.41129680055072,22.41129680055072,44.82191197660842,53.30995957755499,0,3.28593110523349,137.8,3,1.08366894303697,1.150742181986308,28.59282001891234,8.089446091544264,1.002871284238934,27.53127092781518,3.619640171389369,6.202251685229743,9.821891856619112,-77.99495315086425,1,1
176,250,0.6169128293644637,23.04484107686207,98.61584004976764,19.43873671096191,0.6765556518437108,1000,99.85378324900228,96.89306519324367,98.47164717247774,2,53.46336097014854,53.46336097014854,47.18498800012026,55.72362155471615,0,5.086808690803202,179.8,3,1.069152362587287,1.171072004441838,88.67416759336474,13.66270576479888,1.686696725639491,50.72750048346779,6.669336080617507,14.79580693728538,21.46514301790288,44.93285865004567,1,1
177,260,0.4740902032262645,10.90145505599305,97.62935791713572,21.89556544701941,0.70011132608552,1000,92.38358654602889,78.30664157029057,90.19350236570939,1,25.74500512384642,25.74500512384642,52.85044173452013,61.50533285803158,0,3.561076384194941,187,4,1.070189641040687,1.146594327999042,36.93724066654403,10.76290420581522,1.012872998544665,34.22335833418583,4.499474177965337,7.124844351340752,11.62431852930609,12.45423946464482,1,1
178,160,0.3885735657684505,19.49493127890676,97.94849094230999,21.62272289762087,0.6919652539090952,1000,96.97654095929397,89.23509214711626,94.98705843767958,1,44.22089469773692,44.22089469773692,52.24384471675921,60.8866267331548,0,4.661597060686275,116.8,2,1.065414604151706,1.157256833693883,53.32007975460738,13.12439500317912,1.485396566789137,32.32713270106456,4.250170232148235,12.23798520461637,16.4881554367646,6.586470124875691,1,1
179,130,0.6899682008029893,9.32890110245347,99.33711056595779,21.62737766987085,0.6066299013089156,1000,85.31321541136634,76.71687950234502,84.74768312056273,0,19.81276351537344,19.81276351537344,52.25423789779643,60.89722806979415,0,3.120341128020406,95.2,2,1.079694637451714,1.146029391126133,27.71859597478005,9.18297113216509,1.015891367639961,18.291781249261,2.404889566837958,5.483116260334548,7.888005827172506,-76.48737798614215,1,1
180,240,0.5371511590396985,10.9676441279836,98.63789735985995,17.09669552038796,0.7123163554508938,1000,95.8808480923155,87.00537463994836,94.57485252906139,1,29.37589827529012,29.37589827529012,41.29629739467072,49.70657776876692,0,3.754281688156997,173.2,3,1.082000987999723,1.170538039975169,42.73732047680947,10.6480228369477,1.030016961451928,40.8810094919786,5.374780720878937,8.129681928025622,13.50446264890456,13.0359972014837,1,1
181,150,0.4490520063959062,9.818846987843514,98.01745412415583,19.12063948170654,0.6631788458583411,1000,90.35265720626383,78.32420863803921,88.56137432710543,0,23.58980724490499,23.58980724490499,46.41550965146172,54.93780659536435,0,3.376137070466676,109.6,2,1.082012963044708,1.155942543685777,31.48038590048171,9.474398030730621,1.036355761705985,23.32647861037513,3.066820244388519,6.52840052233664,9.595220766725161,-78.011826736911,1,1
182,100,0.5029666258548386,11.65609327695519,98.04887437594233,15.04241694257967,0.7680797313394491,1000,96.15265653124794,82.19556766426803,94.2765974114546,1,34.66919820120962,34.66919820120962,35.64220955915243,43.9220286383582,1,4.07762605752779,74.2,2,1.088571249620122,1.173177308174577,38.82716277737845,9.536785225102463,1.222224575874304,24.37855096807026,3.205140170813499,12.73977469900449,15.94491486981799,17.57336986575849,1,1
183,160,0.4334535647173412,13.53147058792412,98.38798277324162,16.27950178174675,0.8411176168188919,1000,98.42815197636065,84.59364521725952,96.84147321052181,1,42.69540154572237,42.69540154572237,39.10798907704282,47.46861680942413,1,4.523738586142501,116.8,2,1.081567979496148,1.171159998740976,49.40772073579759,10.70873255063602,1.263592168722194,34.04755660606583,4.476360860786072,15.68913688800145,20.16549774878752,23.51281624456031,1,1
184,250,0.3148876096929423,14.06527971589938,99.59391605797515,20.56271028522029,0.7511250893975375,1000,96.59716982604093,88.6847656416025,96.2049042309269,1,36.69337996293752,36.69337996293752,49.83534768350313,58.42924954688658,0,4.228932819026435,179.8,3,1.06945268128597,1.160345206680784,50.07658640662994,11.91873727234122,1.180098142488589,39.93845327960212,5.250859295709147,10.15477059347641,15.40562988918556,17.3593246875055,1,1
185,150,0.6803668214020319,23.20595002261177,97.92313751078838,21.21529634411819,0.723113822558499,1000,99.1667386070549,92.83382558809082,97.10718181115044,1,55.04211107668232,55.04211107668232,51.32805070044355,59.9523975743802,0,5.192097146249306,109.6,2,1.064041923153523,1.161704868343009,69.26335927819495,13.88705049893402,1.671049588564042,35.67501470507784,4.690328923789125,15.23272076676824,19.92304969055737,7.241533994130872,1,1
186,170,0.6784794902347028,17.48843120439723,98.31586754913903,19.99410221053287,0.6446718888079981,1000,98.49047260079213,94.42229403714005,96.83176259071585,1,38.60776694064293,38.60776694064293,48.50756287105531,57.0739701259543,0,4.329693854850646,123.4,3,1.068997640741363,1.167149361841505,63.33134943852748,13.53758270017969,1.291842981994495,33.44872711655231,4.397630486088194,10.68457080826646,15.08220129435466,1.850183631534893,1,1
187,190,0.4558787586602382,15.95042806142569,99.77956478930207,17.86577243980393,0.6692783724538749,1000,98.07740171881831,95.69096134659924,97.86120459169237,1,38.94425910464656,38.94425910464656,43.28933256226264,51.74391266005995,0,4.326879225737761,137.8,3,1.076672848262109,1.175365996742025,59.73526328711522,12.31148668322536,1.295572863930272,39.26960119253155,5.162922785642978,10.77769389301392,15.94061667865689,5.669170547702145,1,1
188,230,0.4607299008913338,20.79178480766341,98.77191586919295,16.95132948987186,0.6424944386563729,1000,99.57579638723432,97.10385785767117,98.35292183367797,2,48.45203214073361,48.45203214073361,40.91251747438105,49.31416655017046,0,4.820922949160884,166,3,1.077867364421178,1.179611022167117,74.70452982951302,12.82079049568091,1.621724090622008,54.62057479076956,7.181173263501662,13.40893838817423,20.59011165167589,39.13239988630836,1,1
189,220,0.4318060739683918,22.36715788789466,98.1213150480063,19.8573310483899,0.6608174471089616,1000,99.15248177304953,94.90610049758594,97.28971901845097,1,50.06016918132579,50.06016918132579,48.1842567836465,56.74391037395611,0,4.928152934408346,158.8,3,1.068626673215176,1.16801416800911,69.35193524572934,13.63369869649069,1.640578861673976,44.92267853258841,5.906154214576671,13.85398495370131,19.76013916827798,-0.8375320700660049,1,1
190,230,0.6798451750807464,12.99103451861814,99.27796439074818,21.28884846998006,0.8265394187092781,1000,97.63870827903767,85.87515504265831,96.93372203684952,1,36.81011488665504,36.81011488665504,51.4942769544416,60.12198374184788,0,4.2472338911706,166,3,1.065710081249369,1.155447013935355,53.11162510575674,12.30372305801195,1.055862071778235,37.70412600345472,4.957103849911572,10.18707659449883,15.1441804444104,27.5873192051981,1,1
191,250,0.3401370621028356,15.91007424778864,97.53816771188986,16.99437586916052,0.6073093846173724,1000,97.84897468102778,93.20660064980967,95.44009702874551,1,35.06519994493183,35.06519994493183,41.02640520552018,49.43061904398076,0,4.101365682863606,179.8,3,1.079889328808804,1.176214885549622,53.82458955066135,12.537469093344,1.269002071258155,47.00290524392667,6.17964947709831,9.704177200760064,15.88382667785837,-4.634020962064497,1,1
192,140,0.4958626484491862,20.25231921872869,98.72072343108627,18.52523495682329,0.8177224078258964,1000,99.07950515375519,90.71709633300597,97.81200425972753,1,58.24755387830108,58.24755387830108,44.95076612209624,53.44160389266517,0,5.297970228029445,102.4,2,1.073198190721017,1.168949135721828,61.3749887519044,12.25489699850076,1.652589917418835,39.18151189526586,5.151341353028103,16.1198163773069,21.271157730335,19.56235518646634,1,1
193,160,0.3654283692467026,14.014160437949,99.69243368158662,15.49515527983569,0.8792389547795523,1000,98.80366313119647,89.31638923608489,98.4997763420463,1,47.44862013156975,47.44862013156975,36.93326425822772,45.24349686701635,1,4.769052545085093,116.8,2,1.083734699888709,1.177934097640863,53.54632778629278,10.44680269936007,1.341478425624661,36.14337413008951,4.751905906336207,17.43578627768083,22.18769218401703,28.1924497773714,1,1
194,180,0.4609014166370034,21.24201083397493,97.67005037697328,15.77116927904449,0.7483341154081514,1000,99.58108851244427,92.38294464685293,97.26089931604267,2,58.29584151989697,58.29584151989697,37.70727169354171,46.03556055782389,1,5.285766934226527,130.6,3,1.081829585682825,1.179631447405951,65.3388014665373,11.73988025304644,1.809389054753155,45.10034805468297,5.929513097684219,21.4217785638448,27.35129166152902,52.16677532037358,1,1
195,140,0.4177961599145085,19.52357411168888,97.721343227826,17.07260869921371,0.6054938795754918,1000,97.59289745657087,93.1325858850102,95.36909028951588,1,42.4448789249741,42.4448789249741,41.23286551578622,49.6417215410637,0,4.512674020480381,102.4,2,1.07994658722726,1.175889289129016,52.81422544198014,12.4920642914037,1.562878132569639,38.50109865720181,5.061884854775655,11.74647875955683,16.80836361433249,-5.643824399749059,1,1
196,130,0.6992907855098135,8.799168802957983,97.41672203030301,15.1256937510781,0.6395437435102416,1000,89.96621015017925,79.03482919503375,87.64213286319837,0,22.17084138965167,22.17084138965167,35.88173884063815,44.16722845730868,1,3.260613337200356,95.2,2,1.095920183443654,1.170029154261801,28.31999849604176,8.654457133192965,1.016721056854045,21.09854847290806,2.773905854574521,8.147045182650666,10.92095103722519,-79.41394565820005,1,1
197,110,0.5445485292500816,17.60958219684288,99.33156743754195,18.0962189750392,0.71812361753562,1000,97.59834149261575,92.34964807489148,96.9459623976601,1,45.46024455146286,45.46024455146286,43.87473993829053,52.34216509619961,0,4.676637605225443,81.39999999999999,2,1.076497377900886,1.171784052914812,53.35455254392251,11.7714377748312,1.495958483040565,31.65747958841398,4.162128408223678,12.58097114546884,16.74309955369252,11.18189646551466,1,1
198,140,0.3069842141815461,15.04354647193477,98.00419156751133,14.40450554071367,0.7517137689579512,1000,97.32665108025873,86.82146892085531,95.3841975709401,1,43.53057855808536,43.53057855808536,33.77534827820199,42.01053588440703,1,4.572313153841539,102.4,2,1.089252232212139,1.179430763433839,43.7484623593628,10.12767058097445,1.485390579369272,32.19552046529421,4.232866674426915,15.9960366008111,20.22890327523801,10.9704998808062,1,1
199,180,0.3500541834228672,22.84403096997738,98.42972173929205,18.29065693477914,0.603033573517017,1000,98.24436644024492,95.10620817548731,96.7016565116635,1,48.27905144663566,48.27905144663566,44.36461083321365,52.84272654186168,0,4.821139870685197,130.6,3,1.075034809500026,1.17344999136773,60.19474773735434,13.19547140947794,1.731202339127434,41.97462434908095,5.518562396602329,13.36106655768493,18.87962895428726,-7.496274179594815,1,1
200,210,0.3537982892901637,22.03869415616244,98.23001056699769,16.18380479665846,0.7934816623097984,1000,99.54711058819905,92.03196393443946,97.78513724992879,2,63.8746966512631,63.8746966512631,38.84668549134216,47.20131338869805,1,5.533000911388828,151.6,3,1.080484635055241,1.177945661274695,65.00856739303853,11.70570231703412,1.882731472172479,51.58898817761001,6.782599121508379,23.47182186278415,30.25442098429253,59.21816590815435,1,1
201,200,0.6861348979939706,16.47543218876794,99.40875953910195,21.41792559844069,0.827097643712489,1000,98.90541803806457,92.18759419016496,98.32064918860316,1,45.94243396295879,45.94243396295879,51.78502536969955,60.41859437020923,0,4.747412389391333,145,3,1.063688691696193,1.160475569262609,66.21851211379941,13.49689007172622,1.220683587197711,39.38553780976051,5.178165410589613,12.71441545780231,17.89258086839192,24.99394717278184,1,1
202,210,0.5992955802419222,8.033002672299743,97.52198031475072,20.25191103712655,0.8068896255719942,1000,92.46665602015099,62.80036818704207,90.1753140816799,1,23.29350600071895,23.29350600071895,49.11280746073373,57.69179586017054,0,3.365856214117867,151.6,3,1.075615012715865,1.137292684021797,30.07961679340803,8.023311244625601,1.001207908727289,27.99975775348194,3.681233903781754,6.446400140678969,10.12763404446072,28.26351418707084,1,1
203,170,0.5545459534781054,17.01338594026119,97.44282939244827,16.78056650996208,0.7564824905792484,1000,99.20080569487783,90.39963674623321,96.66407184919392,1,46.67959863106283,46.67959863106283,40.45870812531138,48.85010885842303,0,4.731295605519074,123.4,3,1.078913113442904,1.174544176934819,59.65129841683447,11.86803667953199,1.433546794610353,46.96956864199537,6.17526658813381,12.91842332248454,19.09368991061834,12.08938879536267,1,1
204,200,0.3185279691549949,14.02747504613549,99.69096460862349,18.84748029531725,0.7358583277666708,1000,96.49869365231045,89.50546403958832,96.20047853670881,1,37.18426575228029,37.18426575228029,45.74754689134534,54.25555640832437,0,4.235982390358764,145,3,1.075343756602635,1.166823491280593,48.12009973312754,11.32664517559546,1.238449234408726,37.16376205964577,4.886060161325254,10.29062159939106,15.17668176071632,15.58916320609021,1,1
205,170,0.5072971448116004,19.20021898847073,99.88085287768054,16.3422336862348,0.6036105949172051,1000,99.00449749930938,98.30751993455067,98.88653648957211,1,43.18489871455749,43.18489871455749,39.27869121248858,47.64323029883457,1,4.54968869809548,123.4,3,1.080633833011147,1.182647843659856,70.61924976628781,12.77269193776831,1.503224150556429,36.86615322007056,4.846932403151233,15.86901078097606,20.71594318412729,-8.103332371773593,1,1
206,120,0.5303124616540968,12.95041125030071,97.73416031004948,20.40651006356999,0.7692968824802432,1000,95.62550597835089,79.72009884277882,93.45878531017739,1,34.26199712772193,34.26199712772193,49.4731759740564,58.05961690018711,0,4.084218988435039,88,2,1.071187609346602,1.152895778288455,42.20469100623765,11.04761049251816,1.172236408866079,24.75610443096087,3.254778550556635,9.481893498439952,12.73667204899659,20.64554622616909,1,1
207,110,0.5572173068746924,16.03613461624458,97.6872543703733,17.95212120358832,0.7453421658506384,1000,97.49111891057439,86.94163274048698,95.23639731869592,1,42.60182664578887,42.60182664578887,43.50930459829948,51.96872023045103,0,4.526128307822658,81.39999999999999,2,1.07711604387014,1.167605421242365,48.47042742113285,11.44401616329027,1.401268085209872,30.90476170540376,4.063165745213658,11.78991351813325,15.85307926334691,14.15755853865338,1,1
208,260,0.6009727081385441,22.58938092507422,99.51221162555018,15.58162749102525,0.6734754035291495,1000,99.96845930105442,98.9398380073317,99.48082477846729,2,56.90275055383759,56.90275055383759,37.17679723359493,45.49272535981805,1,5.222447259391098,187,4,1.081979414708226,1.185722023264593,101.1256074357641,12.26079199630693,1.842407972656118,56.40061568454185,7.415201962819878,20.90986407018352,28.3250660330034,38.66136729231607,1,1
209,170,0.5395296533340588,21.95495289858431,97.14779163432389,21.83120359798148,0.6494725080755074,1000,98.48975574674118,92.39858251973345,95.68062269399869,1,45.90071437889008,45.90071437889008,52.70782457813641,61.35987602229812,0,4.753585378154008,123.4,3,1.062820367649213,1.159264818885271,63.96809004943137,14.30924478997756,1.534319471140918,35.637053655702,4.685338041253076,12.70286970197657,17.38820774322964,-0.8265573864164799,1,1
210,130,0.386664798251167,13.01522005859762,98.00287503104063,17.88183787684888,0.8729973729444668,1000,97.80095286912571,74.90327803294976,95.84774561949622,1,41.24073795954725,41.24073795954725,43.33031554112597,51.7857973582515,0,4.452738446117851,95.2,2,1.076964888780207,1.156937166221051,44.4553049590276,10.36307823107751,1.255922204617416,32.6383293746952,4.291084434185241,11.41323676117817,15.70432119536341,31.88544874219629,1,1
211,140,0.6093830159294419,19.74414743489027,98.0327211211595,14.76729683725908,0.818830132531724,1000,99.69308455938753,90.58572291541208,97.7318435631861,2,60.89569704936125,60.89569704936125,34.84411427094886,43.10494769404301,1,5.405537786659091,102.4,2,1.085064692331896,1.181474467140914,64.79273205120987,11.21721022906005,1.760165587673464,39.08699275798254,5.138914565061329,22.37713880907194,27.51605337413327,66.73118485110624,1,1
212,160,0.5056352826289832,8.988384154308587,98.68074032326567,16.26636998550594,0.7978226458941819,1000,94.89861930451244,76.16937488896073,93.64666008625038,1,27.92665470429435,27.92665470429435,39.07219676284791,47.43200355578881,1,3.658598482326247,116.8,2,1.086013448546556,1.163550420893867,34.91851882889642,8.7314968573044,1.029420762694232,26.6729872043663,3.506798368626587,10.26211471533803,13.76891308396462,24.52356789212972,1,1
213,160,0.5014251109758392,9.08611941780895,99.42856495511619,20.60075677143037,0.8621444341334514,1000,95.23833117472745,67.96205519831396,94.69410597423254,1,28.12769808802558,28.12769808802558,49.92327294680427,58.51898175197272,0,3.703072354707521,116.8,2,1.071015349563316,1.141183925424167,37.35236731091125,8.906891474614071,1.020122389916359,25.44104623303992,3.34483043622401,7.784246686867452,11.12907712309146,36.79074571727038,1,1
214,110,0.4752505765450187,14.11016719124094,97.20491201916178,14.73276502973028,0.8732717220853782,1000,98.68240234971042,76.44963565539695,95.92414238243126,1,46.93809217800158,46.93809217800158,34.74319573415238,43.00161837581089,1,4.745962842383369,81.39999999999999,2,1.086450784492663,1.168968176215139,45.96419578589304,10.11059709602353,1.3955819876148,30.23222788024744,3.974745183135845,17.24818427234298,21.22292945547882,25.41627935757428,1,1
215,260,0.6552742833673953,14.19594675441459,97.67820596153064,21.26888054831326,0.8438454899242613,1000,98.57031356067951,82.14671442352189,96.2817138967271,1,40.17667746636059,40.17667746636059,51.44918943692835,60.07598547757374,0,4.436851306741461,187,4,1.064610435319204,1.152193757028702,56.39052068025534,13.03464269546387,1.089093662640623,44.33441803498474,5.828813385163071,11.11876156655707,16.94757495172014,26.28653720218752,1,1
216,170,0.5571306354288011,11.83751224078611,97.85445448773508,17.81674659879506,0.8199002140974161,1000,97.51470088378559,81.01527870877322,95.42247859517498,1,35.47012781644217,35.47012781644217,43.16410696873515,51.61592951521152,0,4.129064110307178,123.4,3,1.077541826808232,1.162782004246494,45.41608800181204,10.75855296334975,1.10028851288012,35.35439789792483,4.648176221219148,9.816239639440981,14.46441586066013,25.79009713468913,1,1
217,160,0.4968893643046729,11.00137417979166,98.4274274851937,16.81542103735544,0.7750775141271065,1000,96.30838882894167,82.98201174544093,94.79386957676496,1,32.16444700068452,32.16444700068452,40.55159939227173,48.94510159258721,0,3.927493835044853,116.8,2,1.082414694568628,1.16792064147212,41.34339730660135,10.09270088418974,1.090032718300942,35.60893663277922,4.681641390054589,8.901403492616106,13.58304488267069,21.2716126519,1,1
218,220,0.6062244479821994,10.20760674205422,99.72571169194082,14.48726267377846,0.6830591447327519,1000,95.55077569875159,89.9060313281008,95.28869109275007,1,28.07210599669423,28.07210599669423,34.02082050577553,42.26192081109167,1,3.671362764801627,158.8,3,1.091186921219485,1.181832189200366,41.31415477691012,10.04363783727466,1.016325648877047,33.02695474914452,4.342178479958363,10.31556321691857,14.65774169687694,8.911540236720212,1,1
219,190,0.4329626056697219,17.24632951113954,98.82754220322681,19.36930056633428,0.7526021005952731,1000,98.40509010877767,91.92631927348781,97.25133195737563,1,45.29196091909861,45.29196091909861,47.01777811136373,55.55287279629067,0,4.681086828043838,137.8,3,1.071205897410106,1.167142990921887,58.6956109523874,12.46937872084118,1.383094530789591,39.68348659830256,5.217337863138254,12.53439921115748,17.75173707429573,14.35154442861548,1,1
220,200,0.3987076436453499,22.62869494551047,98.61429222360093,14.94420570635051,0.833906297376682,1000,99.79313279786666,92.53772155300015,98.41029159637436,2,70.81486296718035,70.81486296718035,35.35850968262645,43.63159608819888,1,5.828186944741321,145,3,1.084343824715435,1.182543781120186,69.95199301898329,11.32266340632611,1.998531099393764,53.34575215117798,7.013567516213026,26.02210164500654,33.03566916121957,65.21771314220872,1,1
221,200,0.6914286690584384,18.7889286143966,98.16657504951694,17.35805863523111,0.8253917354827048,1000,99.82668178069591,91.28430519246439,97.99643448968929,2,55.72605017760048,55.72605017760048,41.98056980870945,50.40615875719942,0,5.172271628550607,145,3,1.076183803370885,1.173359562389449,74.62667272878132,12.3088040523341,1.526462565697736,52.07227584901071,6.846138776990531,15.42199863315034,22.26813741014087,73.51245797219295,1,1
222,230,0.5949976759381592,18.42499286742508,97.63862675545025,18.76372838093154,0.6104742380400421,1000,99.36195558413581,95.48976728717923,97.0156489497106,1,39.12109434844628,39.12109434844628,45.54138764226951,54.04496759311451,0,4.344080705068582,166,3,1.072041192145623,1.172178767173258,70.92617582178582,13.71943108527905,1.342985197629303,41.40830930065134,5.444106818277132,10.82663245728468,16.27073927556181,-4.570227889950068,1,1
223,140,0.3859298534373753,11.78079737721756,97.12044581675862,18.14319568096288,0.6366541587549028,1000,92.39685342622749,82.87966020580616,89.73623596820916,1,27.03779000299765,27.03779000299765,43.99343163284453,52.46345189403684,0,3.606941964191553,102.4,2,1.08279253408657,1.163363634062291,35.29994814066399,10.45287720170653,1.127038723395147,25.83941794215226,3.397205869426087,7.482618257362923,10.87982412678901,4.182407588497306,1,1
224,200,0.6926487745658494,8.01632483432442,98.66929167481652,20.45685891840979,0.7540217865239829,1000,90.24591458014348,67.73470104392065,89.04500468168756,0,21.88888280880658,21.88888280880658,49.59012725983297,58.17898061195268,0,3.265045055158462,145,3,1.077649749230324,1.141447449158524,28.65040826868212,7.996573320223537,1.002469997248813,26.22392722179571,3.447758756669054,6.057675354394526,9.505434111063581,-77.62843569701805,1,1
225,170,0.5429556656987407,10.52472713891417,99.39639128738128,16.7333443250265,0.838812897783774,1000,97.20589707901519,82.94199626045189,96.61915381506707,1,33.810726273645,33.810726273645,40.33263800038304,48.72118360980886,0,4.02651790602827,123.4,3,1.081571204155887,1.168160820005998,43.88235161932718,9.89603164440609,1.063530061048608,39.05786157194514,5.135084578007782,9.357005793810339,14.49209037181812,30.07894347661504,1,1
226,130,0.6312953144849278,21.49322301875427,98.21769057687125,18.85463010032661,0.7772318056541495,1000,99.17527298764495,91.484914412604,97.40766275177248,1,57.90980682773019,57.90980682773019,45.76511668437371,54.27350327400063,0,5.286371929981861,95.2,2,1.071970120479341,1.168497811041955,63.61793470390227,12.60142435723744,1.705618540368411,37.01862733531609,4.866978750960124,16.0263460068849,20.89332475784503,13.89296457126941,1,1
227,250,0.5854750854963436,13.73631438994035,97.49533947511699,21.06121564495936,0.7602464243846248,1000,97.53797480195644,85.59082762040843,95.09497965032151,1,35.19078568882765,35.19078568882765,50.97852713866291,59.59578924715623,0,4.149046467832941,179.8,3,1.066601578610615,1.155961774777837,52.155727068018,12.64379081053377,1.086407913241999,38.70916755698293,5.08924045888268,9.738932636764085,14.82817309564676,16.99458051824037,1,1
228,180,0.4055714238361455,17.3890312462002,98.48306549355377,19.28420361196436,0.6039488934216555,1000,96.99883909479432,93.33386114807706,95.52743023371312,1,36.56614651500811,36.56614651500811,46.81228204776232,55.34301910595707,0,4.205119431081276,130.6,3,1.073251211220434,1.168621590675673,53.9900223029374,13.0858771993034,1.32883955590886,34.1863717339218,4.494611409934401,10.11955916087344,14.61417057080785,-3.015131929944455,1,1
229,180,0.457973528223671,14.76721581852809,99.22589997235707,17.89563388057798,0.6861391620400361,1000,97.47773705420191,92.95563122156561,96.72316186471963,1,36.91025913539623,36.91025913539623,43.36548851936743,51.82174392630014,0,4.212568395394547,130.6,3,1.077322739613642,1.172971918605681,53.28066528457938,11.91204023392122,1.239688208614034,36.9667973629887,4.860164468742274,10.21479118152379,15.07495565026606,8.371190312319625,1,1
230,210,0.4999077411809936,18.93304517838359,97.93118868397633,20.94840845953114,0.8286057048229035,1000,99.19113184888069,87.42633538527093,97.1390544886991,1,52.23739967965557,52.23739967965557,50.72149990860214,59.33353493492035,0,5.052865107462721,151.6,3,1.064908816837819,1.157952874713629,64.41030721685387,13.49430667427621,1.403039491793608,43.82562917969362,5.761920992719746,14.45652623667908,20.21844722939883,21.21045174257412,1,1
231,120,0.3387204479461536,23.66074430866539,99.15135576081148,17.27598896644264,0.6948905548295472,1000,97.72388323056911,93.06141942061747,96.89455512522159,1,59.14823885772871,59.14823885772871,41.76649112042418,50.18730182755604,0,5.328225789715187,88,2,1.079098785723063,1.175145200718219,53.5187983305623,11.72590764797043,2.017817726268781,42.18228030064513,5.545863708847611,16.36907794308022,21.91494165192784,2.649411073524825,1,1
232,130,0.5722566873567179,17.74948328914866,97.66705980554165,18.0038710523434,0.864463597544725,1000,99.1619905649106,82.503512011388,96.84860062939681,1,54.31218786946224,54.31218786946224,43.64078001180854,52.10308069226653,0,5.110911430975476,95.2,2,1.074847912096548,1.163494727888467,56.56631121357588,11.92805261093826,1.488045355607506,37.84316564679927,4.975383916959155,15.03071695224744,20.00610086920659,25.96312635256283,1,1
233,220,0.3904748245634139,14.22938971987739,99.61732249093438,18.99262786180526,0.8234356973659945,1000,98.20603367285568,90.058318853188,97.83022126944427,1,42.01351006880561,42.01351006880561,46.10331828352679,54.61894986395271,0,4.504189495953591,158.8,3,1.072722109000851,1.166811704032473,55.29680899449209,11.74333838626344,1.211698858692684,41.69705279574013,5.482069016128115,11.62709886650839,17.10916788263651,25.54354042966703,1,1
234,120,0.611673664424941,20.10552665214986,97.11197921022249,14.43720871044882,0.6568371315584751,1000,99.1792452909466,93.31600357374693,96.31492806779963,1,49.55036948085196,49.55036948085196,33.87247144344468,42.11000005729915,1,4.878007964638417,88,2,1.086820917412836,1.184906969403333,58.75931278576305,11.70498076616317,1.717689849629743,32.30270830172104,4.246959064118337,18.2081091052304,22.45506816934873,-4.965638117200363,1,1
235,200,0.4032488374225795,14.37605792186782,99.72958501222548,21.19554502297007,0.8832164333888562,1000,98.2446444945985,85.02162721045808,97.97897625119933,1,43.51104833710829,43.51104833710829,51.28334484820414,59.90678704746915,0,4.615950344121165,145,3,1.065265322460505,1.155006792314611,55.57405356912005,12.26148965248968,1.172456066049754,38.30421386660181,5.035999667743794,12.04153759046693,17.07753725821072,33.92574890156556,1,1
236,120,0.4963647218775004,20.65677059437335,99.79123626358458,17.46647028703988,0.8748610740168952,1000,99.2636366300965,93.49814551377014,99.05641015336568,1,65.56931756892293,65.56931756892293,42.26227065770115,50.69413172495507,0,5.611248520031283,88,2,1.076527458972565,1.174873146263202,64.44990750028884,11.75448448927761,1.757352320573171,43.41641633328651,5.708120234251772,18.14609007280752,23.8542103070593,26.01425390200033,1,1
237,120,0.3982857100876048,22.12212765694037,99.05849530601127,17.62135757079907,0.7113849426769652,1000,98.04730474209443,93.07239037876379,97.1241847656182,1,56.33252150995374,56.33252150995374,42.66260613179924,51.10335053456453,0,5.20208022236256,88,2,1.077532505944079,1.173992995916959,55.41924854885021,11.86764602495856,1.86407039866338,38.92582306180364,5.117724976384897,15.589837552808,20.7075625291929,6.010943094858796,1,1
238,200,0.3589935170352458,15.95802648368478,98.66081513809972,17.25635362512805,0.7840051890801871,1000,98.52002347234441,90.31012917510083,97.20065823206215,1,45.68029416962815,45.68029416962815,41.71516609266604,50.13482971689058,0,4.682381679917263,145,3,1.078167633276224,1.172867243803922,54.79342944229116,11.5099765928382,1.386451688669312,47.07492303520463,6.18911792812071,12.64186914379736,18.83098707191807,17.37412752372539,1,1
239,210,0.5870191727180034,19.83855678956956,97.37251931694975,21.98632619065977,0.8344708119032672,1000,99.33558332111534,85.42355105100523,96.72556005795774,1,53.48195151187469,53.48195151187469,53.05106144008442,61.70993955235082,0,5.134690793164246,151.6,3,1.06123674945833,1.152702906072786,67.23640673828679,14.20898596497461,1.396197929850303,43.80889976372675,5.759721513217461,14.80095180773961,20.56067332095708,21.02532697322454,1,1
240,230,0.4437160301032476,16.36258589902893,98.57209857594354,18.5439442936685,0.7388688386510359,1000,98.7809123285264,92.8485519315184,97.37041827469139,1,42.9169397497483,42.9169397497483,44.9972914527691,53.48913576726852,0,4.547804402725804,166,3,1.07351017589231,1.170701085109012,60.89577164493251,12.41405213258773,1.318069694268162,44.07237778631312,5.794361963973707,11.87712001927701,17.67148198325072,12.28639356004317,1,1
241,140,0.3726421037681401,18.8334832781218,99.01966684123991,20.63888090143725,0.8380100474390667,1000,98.11014316908621,85.95976078262699,97.14833690349268,1,53.49842815964918,53.49842815964918,50.01126415605319,58.60877955019021,0,5.10768782458399,102.4,2,1.067305878467098,1.157707396504136,54.46224989112459,12.30871607351845,1.530093241702198,34.303001602675,4.509945179277262,14.80551166508904,19.31545684436631,24.67120245127192,1,1
242,130,0.6559494906357489,9.01715689977631,97.29024995114095,17.77755992103182,0.7477124140035594,1000,92.74398322927455,73.19924188696281,90.23085309840543,1,25.11475231475518,25.11475231475518,43.06383884290722,51.51345091780723,0,3.474233897408472,95.2,2,1.083594740647599,1.155686796372602,31.58312790269615,8.777904117219588,1.027256253812044,24.76611222612769,3.256094313185532,6.950423987267448,10.20651830045298,19.94696299948245,1,1
243,140,0.5509258641703054,15.06969117705896,97.52640443957306,16.83504847617075,0.8758764992957236,1000,99.09317025630322,79.8257402840696,96.64200599615698,1,48.2045410266814,48.2045410266814,40.60384890678444,48.9985323017882,0,4.808147613463709,102.4,2,1.078865122317834,1.165002903641699,53.09201028685492,11.29855281677535,1.333771804357499,42.69351580848604,5.613077771942389,13.34044604733066,18.95352381927305,28.39199788259027,1,1
244,200,0.6301664498812518,13.44636067156121,97.27490250305551,19.63918399266154,0.8006710725576617,1000,98.04900620780811,83.26260128994845,95.37707519386018,1,37.34298253000554,37.34298253000554,47.66535422424602,56.21412000810813,0,4.253675885051285,145,3,1.070744425031158,1.158675452216761,51.21217429166806,12.06487138020707,1.114505098961978,36.26058229774878,4.76731570682042,10.3345459385706,15.10186164539102,21.9012256434251,1,1
245,120,0.4563978846929036,15.77520031682029,97.76747455475422,15.79950985308178,0.7607868377462961,1000,97.97328755538348,87.48643674936025,95.78600898116572,1,44.71883411184901,44.71883411184901,37.78619990171802,46.11632256598625,1,4.629487421246125,88,2,1.083752057073964,1.1753211089145,48.12941680723814,10.82947186571971,1.456691564688034,30.49135781218805,4.008813973992643,16.43268090830078,20.44149488229342,11.71222384380893,1,1
246,130,0.5639502334040589,18.45570798999444,97.85232121405765,16.44039224546589,0.7132188333836385,1000,98.82780655085482,92.2216174708435,96.70530271494997,1,48.05498049714036,48.05498049714036,39.5448664020841,47.91549157175825,1,4.799561154541153,95.2,2,1.08052556457796,1.177243910877055,57.41206250413911,11.80010168049609,1.564029572770472,33.00035229358988,4.338680954652117,17.65860350001584,21.99728445466796,3.777301001488086,1,1
247,120,0.5306934632915071,18.65977542822808,98.76342963649438,19.5791887909323,0.6263719797165133,1000,96.92600039014148,92.9827055729321,95.72744219478565,1,40.41463411863862,40.41463411863862,47.52193851723149,56.06768461068782,0,4.42440933453899,88,2,1.072350088821725,1.167333013154518,53.74617895658064,12.90625194879908,1.445793519470567,28.01595041344443,3.683362813944875,11.18461527688618,14.86797809083105,0.02114246324630454,1,1
248,150,0.5952049836207181,15.50649753749371,98.76193157525621,15.88450627365336,0.686422029462154,1000,98.61863034258403,94.45379756725852,97.39766421939771,1,40.03846532045365,40.03846532045365,38.0223138369123,46.35791407802287,1,4.380498658561809,109.6,2,1.082657481883416,1.180996331254016,57.80182601802145,11.70885485962612,1.324339375916463,31.76512216383716,4.176280584168447,14.71280138975603,18.88908197392448,4.116454699493237,1,1
249,250,0.5846109504749066,21.83495115229487,98.19839570722063,18.16153803465702,0.7989913708038395,1000,99.90749976191262,92.98041524081059,98.10756195739346,2,61.2753127553769,61.2753127553769,44.03971691916962,52.51074832857421,0,5.430133065339156,179.8,3,1.073379945176487,1.172098636456312,83.34604398229581,12.73335185829704,1.714784244972171,57.64180567938811,7.578385899277133,16.95773855400804,24.53612445328517,65.9692340285293,1,1
250,170,0.5487675995373167,9.962718415044248,99.29097801292858,14.10287799486332,0.6698855314728571,1000,94.44636108879601,87.55050747482998,93.77671562268758,1,27.0132622256054,27.0132622256054,32.8720643248792,41.08537938392681,1,3.603550919017223,123.4,3,1.093849804011633,1.181082816602025,37.35618727886159,9.658418302940245,1.031506205525533,28.12719525273362,3.697988593125454,9.9264734258358,13.62446201896125,7.783922484718143,1,1
251,220,0.4228936097613535,10.97720270530134,97.31822638672998,21.47003103423864,0.7228074137303978,1000,93.07260146468208,77.03359353952106,90.57660499741826,1,26.90870974505761,26.90870974505761,51.90204851537243,60.53797173181459,0,3.634039103588279,158.8,3,1.070771898419854,1.146851763214751,37.07981988756704,10.61018582866371,1.034590994216721,30.63334585766173,4.027481678603924,7.446895726245542,11.47437740484947,15.33689534178365,1,1
252,250,0.334842656413,20.25924557719007,99.75988116385219,17.78698783990927,0.8460929631161503,1000,99.55401439788285,96.28314082093246,99.3149664571722,2,61.83302986963062,61.83302986963062,43.08797653991542,51.53812094819176,0,5.451436919642546,179.8,3,1.075084446165991,1.176122468862529,73.84282726293955,12.2512368674377,1.653648998578803,59.34241576687415,7.801971530491688,17.11208490632071,24.91405643681239,77.78390016085979,1,1
253,110,0.4756217269662767,9.027303834576159,97.80200625121277,17.70649940352142,0.8016575658754679,1000,93.94569687429339,69.86130684255649,91.88077632974182,1,27.13425325185169,27.13425325185169,42.88161663737964,51.32720582046613,0,3.61084075167069,81.39999999999999,2,1.082350436847558,1.152748853431376,32.38049936472486,8.447103524913031,1.068686302701505,24.44317268631671,3.213636232180312,7.509314139939115,10.72295037211943,27.19015082543209,1,1
254,120,0.5777704367822036,19.15087762213498,99.18677162854374,18.24110758097656,0.782125735040009,1000,98.68931013604458,92.62899870595187,97.88674066642379,1,53.3787731733407,53.3787731733407,44.24012400804037,52.7155280443065,0,5.068910513271836,88,2,1.074643561624376,1.171533648617285,59.50838274334588,12.01404667532117,1.594040554334955,35.48214940483807,4.664972194336086,14.77239754647813,19.43736974081422,17.05763353760722,1,1
255,110,0.541712278227508,17.28511304055527,98.07880261603194,16.41630909801088,0.719343460529577,1000,98.0460829912486,90.62562001928009,96.16242420973755,1,45.67857253913505,45.67857253913505,39.47966475221085,47.84880054008283,1,4.679335611175044,81.39999999999999,2,1.081586613885774,1.175963048306078,51.42564956501405,11.38133610023215,1.51872441761936,29.83349435547826,3.922322180662825,16.7853527890475,20.70767496971033,6.14931760832366,1,1
256,260,0.3391342100488953,14.57350332552567,99.32128646528894,14.22995420607366,0.7108857452565338,1000,98.83541841482274,95.56114475104292,98.16460905295303,1,40.63516417533587,40.63516417533587,33.2542829524192,41.47687533067779,1,4.41878262404873,187,4,1.087949713287254,1.187485263154914,58.64508318828669,11.09205438405421,1.313868722684622,46.51670996467963,6.115727547430891,14.93206832896342,21.04779587639431,5.818270265528463,1,1
257,120,0.6531425300408155,22.74676659972966,97.17683508260463,19.83592847981863,0.8152243572818348,1000,99.11450870290437,85.54792798494988,96.31634266515519,1,62.1839078484743,62.1839078484743,48.13352370790068,56.69211542050425,0,5.492234747461326,88,2,1.068746356986281,1.160044544189478,60.44462921563623,12.89245971848238,1.764346532502276,35.56680679258424,4.676102420844494,17.20918921737244,21.88529163821693,16.91058405216859,1,1
258,140,0.3542418147092685,11.26880159949139,97.40088803969796,17.44875664273463,0.8713979138205294,1000,97.25356661820025,69.61406219593049,94.72583753640632,1,36.12519401153011,36.12519401153011,42.2163272437453,50.6471665710722,0,4.164901019108823,102.4,2,1.079105726049426,1.153378190713032,40.17774701214877,9.645159664804554,1.168337486481592,32.79692644454997,4.311935789962319,9.997527025377584,14.3094628153399,32.38675984828158,1,1
259,180,0.637222460447438,11.36613184385002,99.83114646125725,20.32898366115242,0.6149601206681226,1000,91.63988940457641,86.43722698002283,91.48515220841685,0,24.83906186860071,24.83906186860071,49.29270188665885,57.8754141389291,0,3.476616311174522,130.6,3,1.076372173339117,1.159169579005546,38.3776021720874,11.19593365533328,1.01520178609094,26.61386626157022,3.499025514984044,6.874127575262351,10.37315309024639,-78.94560198024703,1,1
260,220,0.6071736050134524,21.57100682327524,97.65745218148417,16.70186798291467,0.7996298929994926,1000,99.91967466130136,91.16439482020367,97.57900850225492,2,62.05880643678258,62.05880643678258,40.24846524406746,48.635102625174,0,5.455004393358615,158.8,3,1.078273484166916,1.175463891462979,79.82239177907952,12.131613441986,1.778082274581935,62.26995033736903,8.186865557443001,17.17456781869146,25.36143337613446,64.39799040920383,1,1
261,100,0.3125347602928057,21.42958238559961,98.90997856781392,14.54314863263816,0.8541435061899713,1000,98.63443045133283,86.56469933402077,97.55929401989863,1,69.60105917304485,69.60105917304485,34.18602345459874,42.43109548453788,1,5.780512153753316,74.2,2,1.087148647520924,1.178739278685521,49.5383947596287,10.16923941329123,2.107294509911044,36.46506534719411,4.794199865640444,25.57606921078822,30.37026907642866,15.66675035595169,1,1
262,170,0.3050437749276869,21.89762339619547,99.66679837837019,20.81195610035584,0.6061584644478047,1000,96.37961663800169,93.96458553698052,96.05847819244327,1,44.80402678962268,44.80402678962268,50.40930651775273,59.01497296061842,0,4.677184641871209,123.4,3,1.068885612355934,1.164014812082086,55.16903704490086,13.41783581180564,1.631978785798594,35.74068408426389,4.698962725096564,12.39936506727211,17.09832779236867,-4.206936685479753,1,1
263,140,0.6185326490657403,22.72474873105064,99.26861180719352,19.98831359496526,0.8571657639254351,1000,99.43265159791042,92.55767888048679,98.70541292432891,1,66.5185468323556,66.5185468323556,48.49391083672992,57.06003337576993,0,5.683075329299995,102.4,2,1.067834024081805,1.16559736180355,70.24307402147559,13.18358545843109,1.723715358215989,39.61964149071252,5.208943905707612,18.40878610736497,23.61773001307258,23.20216148068711,1,1
264,240,0.3045930245838128,11.57188877842203,97.26560630132572,16.01772218949348,0.786397846862278,1000,97.05107632966407,81.25973355313209,94.39731781401018,1,34.31695638612089,34.31695638612089,38.39058331214125,46.73470233431669,1,4.055460979449488,173.2,3,1.084171176571708,1.169053314842177,41.86128316894452,10.15388427575228,1.139651434284708,38.96905202338969,5.123408451235535,12.61033757335323,17.73374602458876,17.39134662195638,1,1
265,220,0.545918139002379,13.04857068312168,98.36521218682921,19.63090919503011,0.7721639731572708,1000,97.46976436257671,86.75808470146639,95.87634053325102,1,35.42034431974524,35.42034431974524,47.64559194383639,56.19394189272037,0,4.142628820589993,158.8,3,1.071496975200326,1.161798800582033,50.50506299206961,11.87903310764444,1.098453936854896,37.07309754741068,4.874140155472055,9.802462222675096,14.67660237814715,19.65997445880262,1,1
266,200,0.4830926634241827,13.98232871546969,98.08414076187296,19.13607125547714,0.8776209747564281,1000,98.74488476802877,80.15841266622633,96.85307177102258,1,43.24717467007337,43.24717467007337,46.45304524437995,54.97614213230878,0,4.571444494617623,145,3,1.071564065422813,1.157567460151084,53.48620482799328,11.91151739270285,1.17384949830451,40.07523230519679,5.268842150803052,11.96851143269391,17.23735358349696,31.02178158301684,1,1
267,250,0.5911397022651508,8.301117167342454,97.78192909758869,19.41957527734898,0.8127165762887802,1000,93.37572951587201,65.57935658063302,91.30458962956615,1,24.64266124997603,24.64266124997603,47.13888697553972,55.67654545379071,0,3.453333633667484,179.8,3,1.077293569589625,1.14283414024415,31.64497921851345,8.294988862294081,1.000738796055077,32.61031181295505,4.287400859524088,6.819774358726701,11.10717521825079,28.30957472586518,1,1
268,120,0.4285264756298623,9.571968505252153,98.72539719750209,20.44807711717486,0.6275871173408814,1000,87.08715422996545,76.86570335741187,85.97713892153463,0,21.37798089136783,21.37798089136783,49.56974319130319,58.15817628596017,0,3.226618643071353,88,2,1.081520625231577,1.150133221832908,28.49475307188151,9.138018726831962,1.047488387952848,18.8609281796355,2.479717463378149,5.916284951749744,8.396002415127892,-76.92764085188217,1,1
269,110,0.6716721592417918,14.54464034937695,97.65494334083661,14.83250339267403,0.6941673451954499,1000,97.81289967334675,90.34348475200734,95.5191317560361,1,38.4869043688589,38.4869043688589,35.03422207584083,43.29959073348385,1,4.297077641719905,81.39999999999999,2,1.087204851182473,1.181047299648417,48.28948032275096,10.96874360356496,1.326007870641609,26.96017159089835,3.544555584587039,14.14265445874335,17.68721004333038,5.373959278506562,1,1
270,240,0.5116409367819317,23.40453536499664,99.57864590086434,17.9494578656666,0.8428589297836879,1000,99.90718063643243,97.30512576190387,99.48621763548996,2,70.35231401721251,70.35231401721251,43.50253092631914,51.96179781594611,0,5.816343755626867,173.2,3,1.074093572640068,1.176420114244717,90.34152344928712,12.63575666861924,1.852246444656657,61.91623400765899,8.140361135629282,19.46976839655018,27.61012953217946,74.08823202438168,1,1
271,260,0.4785972034426406,19.99172754485905,98.99209044938942,21.95199958810397,0.6451868801456178,1000,98.81095839535612,96.09839651541007,97.81503330863949,1,42.37885560714423,42.37885560714423,52.97525283037692,61.63262541347069,0,4.570023960916749,187,4,1.062011176126294,1.161962386287061,72.5150925439887,14.54836576915205,1.374156235970431,45.39595587122434,5.968377773802341,11.72820702642514,17.69658480022748,-0.1196217711933143,1,1
272,170,0.3532859110696241,8.13754397476837,99.30136186143663,14.16116728462093,0.7768113047270571,1000,93.72720723941153,76.46075481621307,93.07239322342666,1,26.08288370964818,26.08288370964818,33.04769004621431,41.2652719683951,1,3.540605573927115,123.4,3,1.094543485147686,1.170900776441143,31.29470170808761,7.846982312489025,1.037028458929606,27.56919906401058,3.624626726705277,9.584590333838721,13.209217060544,22.92572426033227,1,1
273,250,0.3647103335260413,12.64818516928703,98.46973398288975,20.14419703918509,0.8062650371294702,1000,96.94466608223367,82.24166749686516,95.46115480177623,1,35.58893013604145,35.58893013604145,48.86059094555316,57.43434638012525,0,4.158947500265975,179.8,3,1.070426670640703,1.156061487608201,46.83823635885057,11.41443581455225,1.108086757399071,39.54541423815155,5.199184968465447,9.849117785382353,15.0483027538478,24.0613830121688,1,1
274,220,0.3262213992286473,22.10651994612068,97.96943067701669,17.5106803246662,0.825071212261892,1000,99.47180935476923,89.03232777215506,97.45196530899484,1,64.71570336146473,64.71570336146473,42.37679403412574,50.81119996468544,0,5.57491673124012,158.8,3,1.076117062602412,1.170910265778528,63.44377869172494,12.10022033692733,1.826951851335815,58.40384199631558,7.678573691988931,17.90985518627416,25.58842887826309,15.39060967098519,1,1
275,200,0.6578408355519175,17.66245502346381,98.65513281576024,15.73431686148606,0.8964360991335009,1000,99.90166164234341,88.8206322626251,98.55811697840529,2,59.22811969289735,59.22811969289735,37.60448755196421,45.93038628379463,1,5.327895085010243,145,3,1.081550041509668,1.176700863339038,74.62221367243568,11.71183282142811,1.508086333946671,48.16938815290197,6.333011390815861,21.76435971648334,28.0973711072992,82.8789980372881,1,1
276,240,0.5003712932845576,18.52173338240758,98.62386041906419,19.91539787439816,0.6133819550855784,1000,98.86237574335691,96.12135261426485,97.50189146009906,1,38.971886446864,38.971886446864,48.32170733991131,56.88423500784756,0,4.349008236796834,173.2,3,1.068795727619054,1.16883051736549,68.97674206270358,13.96009228882516,1.326762961104056,40.91914795249701,5.379794928327962,10.78533966788146,16.16513459620942,-3.239268816112202,1,1
277,110,0.3714534174860455,10.28512075248361,99.09500563550952,17.55731409014203,0.6571403615641175,1000,90.40167320603464,80.37573879761817,89.58354315811495,0,25.43933146081602,25.43933146081602,42.49737539186418,50.93445766630782,0,3.495528266309813,81.39999999999999,2,1.087210489704521,1.1630743997048,31.12823787991909,9.152075268044435,1.123802028638831,23.9965876247549,3.154922007435301,7.040250184009299,10.1951721914446,-78.63129454286936,1,1
278,110,0.5646957218465395,20.68164176611975,97.29515840870727,16.76717833695933,0.624443030483136,1000,98.19671272951922,92.90449255812285,95.54064720232893,1,46.32059095406763,46.32059095406763,40.42299089996811,48.81358309844063,0,4.713022174776814,81.39999999999999,2,1.080217973271737,1.176723669795928,54.76913105075408,12.39983619503326,1.667896369018468,38.47642271417821,5.058640615348084,12.81906914456837,17.87770975991646,-4.538056158043563,1,1
279,160,0.6193145889202132,22.2328763500154,99.38645838443675,17.36682146376185,0.892666636884422,1000,99.83651896019559,93.85936234910157,99.22398036884509,2,71.62358443078125,71.62358443078125,42.00338545305306,50.42948304929865,0,5.863874637119502,116.8,2,1.07614194940878,1.175512345789784,77.77105429224672,12.3471466597584,1.800648924214725,52.23964923483245,6.868143988174944,19.82158824593728,26.68973223411222,84.84756487985935,1,1
280,140,0.6036635153286158,14.73219991728664,97.87175625656391,18.32303088136762,0.6483444663862232,1000,96.95696436287037,90.94063124887874,94.89348383499203,1,34.03148334470019,34.03148334470019,44.44581858191094,52.92570137664507,0,4.047971020271734,102.4,2,1.076535903018962,1.169820563238782,50.02471868030627,12.20968930399015,1.206599082948993,29.11592688271935,3.827980874847685,9.418099577367963,13.24608045221565,3.859627016428942,1,1
281,150,0.5920216098236851,12.17655466688052,98.11460520746971,17.33176504168473,0.7849196301315912,1000,97.33206719157339,84.62447291791695,95.49697346528139,1,35.28579923850112,35.28579923850112,41.91206081090598,50.336121740294,0,4.115654918999374,109.6,2,1.079401090921801,1.167648599664289,45.82808436158127,10.78999013600629,1.128504707918801,33.88633235963138,4.455164100181515,9.76522731992439,14.2203914201059,21.59066608902499,1,1
282,130,0.6000082423687912,10.72886697991192,98.23364371151087,19.1997968652267,0.6777915637144586,1000,92.47706029844238,81.42878647232162,90.84358592845095,1,26.15292256766493,26.15292256766493,46.6078245263015,55.13421672210137,0,3.555531032920979,95.2,2,1.079140465685613,1.158504789904469,35.71167040544546,10.20672084966635,1.051157089327337,23.01361893706327,3.025687401502459,7.237734144192712,10.26342154569517,11.34754766826989,1,1
283,200,0.6575090357519686,13.47005765980855,97.7688603220159,15.6818110048268,0.6057423771144357,1000,98.23004050088284,94.11506681222393,96.03839109156777,1,30.78403635778533,30.78403635778533,37.45774952272575,45.78023196619228,1,3.841128910589492,145,3,1.083826308206477,1.18139389135339,54.92459275818873,12.25549607695454,1.099103420638997,33.10502061516734,4.352442094210367,11.31210722694085,15.66454932115122,-4.452057833596338,1,1
284,210,0.4568252671591937,22.64385602634773,97.44955860083601,14.61091212568618,0.6589288079048506,1000,99.77771910573567,94.90525480114286,97.23294685052144,2,55.69123414210893,55.69123414210893,34.38573175322921,42.63559698498034,1,5.170297121137062,151.6,3,1.085484093510749,1.18565716821942,71.58617160476501,11.97098258359068,1.89156202243473,47.62329514948978,6.261214481125492,20.46467217275363,26.72588665387912,34.55622593863742,1,1
285,110,0.4652176964605227,21.67161095593497,99.2715790175631,17.20930726015754,0.7560507176428568,1000,98.48073963936645,93.22128677616064,97.76338526817425,1,59.31354131469757,59.31354131469757,41.59202334025792,50.00893242238112,0,5.335282713303158,81.39999999999999,2,1.078375110297618,1.175504469195503,57.28650046477404,11.63419528005153,1.862751177392906,41.55586810365534,5.463506931421047,16.41482484703817,21.87833177845922,11.14411485018987,1,1
286,170,0.5884309012097306,23.44273676641658,97.04442111193391,20.85243166731298,0.7942886221247026,1000,99.47103566829432,87.97788401271603,96.53109073834152,1,60.97025568930059,60.97025568930059,50.50206013689984,59.10962095106896,0,5.456949691967393,123.4,3,1.064879725829005,1.158756645987749,68.7603615066898,13.70876739175899,1.71005431024449,42.60640442105351,5.601624908826737,16.87331502782831,22.47493993665504,13.3531244810099,1,1
287,130,0.6697150605339557,16.95503085435182,97.86806619165633,14.90605939460546,0.8184518028093036,1000,99.43258312143334,88.94763672548368,97.31274626535806,1,52.45308689450522,52.45308689450522,35.24796002411466,43.51841806891872,1,5.01616411828327,95.2,2,1.084925731063998,1.179596296863215,58.7922243193799,11.08831739528029,1.529089603943758,34.63806941466681,4.553997810033214,19.27476099750085,23.82875880753407,16.14570998757389,1,1
288,150,0.5113960472919047,20.35948750562594,98.89446408660972,17.90815575516969,0.8908287376965629,1000,99.5894612274667,88.68658041980288,98.48846396764516,2,64.6849112393993,64.6849112393993,43.39739658809054,51.85435354015283,0,5.576780353809552,109.6,2,1.07463236702001,1.169274047233436,66.12720217572682,12.28938248593844,1.65667294747489,44.99880858906834,5.916163320636737,17.90133356913296,23.8174968897697,86.48065589318743,1,1
289,160,0.6869804650393314,9.986751598153264,98.79704312420648,14.50086813712679,0.7066565885324031,1000,95.31245906801304,86.34159093450266,94.16589128816651,1,28.19701841482953,28.19701841482953,34.0610809986369,42.30314978401771,1,3.679456115464296,116.8,2,1.091437229391724,1.178685497764053,38.55736890701255,9.679206957474616,1.031773743657909,26.77235450873035,3.519862563430447,10.36146436683602,13.88132693026647,12.06499958186096,1,1
290,240,0.5532388196714222,20.45602475036681,97.35139853871719,14.20604938630015,0.678728969507385,1000,99.92733152801782,94.55943978115286,97.28065476494581,2,52.41596674777238,52.41596674777238,33.18256874880007,41.40342293011975,1,5.018800305209377,173.2,3,1.086657279818291,1.186729467285791,79.28700227655906,11.75684144968513,1.73992520337294,49.6168785078507,6.523318414789014,19.26112058091476,25.78443899570377,39.31522972490387,1,1
291,190,0.3786956731416285,11.81253260666504,98.40749454774679,21.18739793244377,0.8567244092119625,1000,96.63012995975811,73.20010649352773,95.0912898716296,1,34.7090644936685,34.7090644936685,51.26489598447125,59.88796472111108,0,4.122577742241203,137.8,3,1.067310761577865,1.144220327068651,43.63746815676699,10.82101149346748,1.091629244992128,32.68207552794868,4.296835906177772,9.605617901741113,13.90245380791888,32.01604514853802,1,1
292,160,0.4383851465281099,9.171534505810589,97.58714860070157,15.06480767513625,0.728064319579443,1000,93.64167946415762,78.32739367365538,91.38224489088013,1,26.2756976888047,26.2756976888047,35.70670454108279,43.98805170471786,1,3.549809242276845,116.8,2,1.091610221745252,1.169585232126287,32.53794415075743,8.799956764532364,1.042224950783377,25.71884242113322,3.381353350277551,9.655443044046104,13.03679639432366,14.72103538315692,1,1
293,240,0.6989918761152774,11.63058627109602,98.1652838272573,19.62197352335602,0.7832359233298805,1000,96.78558641883038,83.09005060861952,95.00984561192021,1,32.24211054334485,32.24211054334485,47.62424478766428,56.17214545594078,0,3.952303682531904,173.2,3,1.072381402968949,1.158578945784961,46.0380336601639,11.3287271639038,1.026645456530547,36.97924066621189,4.861800436813982,8.922896619168878,13.78469705598286,21.87886488652015,1,1
294,180,0.5217887227797881,20.23462254172563,98.28081599608529,16.87932481663674,0.7583321806993335,1000,99.56714449520277,93.61489576496153,97.85540207388659,2,55.52746851136808,55.52746851136808,40.72155762104182,49.1188998200123,0,5.160628194761347,130.6,3,1.078120400046545,1.176946072276396,68.22315810153303,12.09864232274741,1.672470513793211,53.01900268186225,6.970608529386144,15.36704181895941,22.33765034834556,60.12223546686669,1,1
295,230,0.3617503698114305,13.07368497730792,97.36163595014025,15.08787438347936,0.7443291074017995,1000,98.07849353148018,87.8089363463848,95.49082581750162,1,37.06555732618364,37.06555732618364,35.7730754018595,44.05599413239474,1,4.216047802646709,166,3,1.086013552083031,1.177995676704725,47.96138421096237,10.77324960521924,1.213532170550862,39.70980380059938,5.220797885121326,13.62035679879495,18.84115468391627,10.67851882318518,1,1
296,120,0.446834150150232,16.06254297028482,98.40557091252597,18.91850106912293,0.808293069596705,1000,97.65823561404092,84.59676749490055,96.10114429909672,1,45.71186481631613,45.71186481631613,45.92186508398134,54.43361269717275,0,4.697431055273186,88,2,1.073657135998216,1.162287815646428,49.07308689821015,11.41222155632623,1.407486078937956,31.02926077792273,4.079534108496702,12.65060621503277,16.73014032352947,22.54877556637411,1,1
297,130,0.5771955722060054,15.55781992791593,98.65078209335832,18.30561700770445,0.6241993176192278,1000,96.72410027262734,92.55794146944109,95.419081391711,1,34.7702240517719,34.7702240517719,44.40214965400935,52.88108239114143,0,4.091535803375956,95.2,2,1.076885004685046,1.171256492979216,50.88059091789692,12.37716032774386,1.256978136822103,28.54136638652688,3.752441236362979,9.622543605581038,13.37498484194402,1.130957005841695,1,1
298,180,0.63463016747199,23.16463606545329,97.17178767866716,16.20534874012694,0.6437160967372125,1000,99.82529538292219,94.84673123703776,97.00202407909551,2,53.74286542438149,53.74286542438149,38.90560708983821,47.26158921634038,1,5.075266213173076,130.6,3,1.080062112131867,1.180246169284046,76.30098679839219,12.64326668454537,1.832171751448447,43.06578205997055,5.662021022032762,19.74871161461271,25.41073263664548,32.46345399981706,1,1
299,220,0.3040336666012183,11.8999485623315,99.28389911045228,14.75278682021052,0.7214250686416402,1000,96.63913587996342,89.69531562084929,95.94710216827578,1,33.79924880710934,33.79924880710934,34.80172951114815,43.0615507056512,1,4.027224096715317,158.8,3,1.088939129324451,1.180757697173547,43.94175006549413,10.18255689529544,1.168660159201224,36.72416007857834,4.828264028547149,12.42009729498578,17.24836132353293,11.12745253339116,1,1
300,210,0.3208643691109493,10.77644187119603,99.49271853345989,18.79113792302832,0.7727525473438204,1000,94.89680131112378,81.3316817765038,94.41540742573305,1,30.57493647608834,30.57493647608834,45.60892842633393,54.11396060235177,0,3.840624171689524,151.6,3,1.077524908774387,1.159791362746843,39.43020519611211,9.934986120510901,1.084696218039795,34.13520394846389,4.487884187925286,8.461511753302526,12.94939594122781,22.76966705513973,1,1
301,250,0.6320318314574659,17.95059928877279,99.10576440452114,21.31680537541024,0.896077568302746,1000,99.62160873687482,89.83932214707824,98.73075685076101,2,53.92741301541317,53.92741301541317,51.55735417271529,60.18633433794287,0,5.14133859282825,179.8,3,1.063128633308303,1.158806990544334,74.32827019677519,14.19954815596355,1.264166936272115,49.22883536116696,6.472300916699242,14.92423179397221,21.39653271067145,90.34699678660944,1,1
302,220,0.6164138762797229,16.75142358032242,97.14981179944409,14.98761701050215,0.7885198814202798,1000,99.82171532755318,89.80996274598058,96.97660857569477,2,49.51622062322557,49.51622062322557,35.48407362333239,43.76014207304382,1,4.873362507815443,158.8,3,1.08416185095988,1.180066761065673,69.03244171242935,11.45346244005399,1.462564151931986,45.70137673825141,6.008532608730606,18.19556053834796,24.20409314707856,62.52659593520279,1,1
303,170,0.5664761437038891,9.209046997416765,98.0368396607646,15.5648816681318,0.8813155626677676,1000,97.39652137125603,70.73519806980542,95.48447149190059,1,31.75900400759798,31.75900400759798,37.12971073480117,45.44453867177333,1,3.901603565618517,123.4,3,1.085262573807047,1.160788038565446,39.01332723458601,8.942740469294515,1.029779073767894,30.88139180983798,4.060093216778161,11.67037533932534,15.7304685561035,33.04800635497016,1,1
304,110,0.3458913500398397,9.458325224615633,99.23167723039808,21.59824405944161,0.7118387880438007,1000,89.01302604969327,71.70665875073932,88.32911870264178,0,23.52997224488124,23.52997224488124,52.18916273263613,60.83084918077014,0,3.400060682244506,81.39999999999999,2,1.075315239927054,1.14142389419883,29.49898858690751,8.636812441335909,1.095117589835337,18.64886412402938,2.451836601045557,6.511841385530067,8.963677986575624,-77.22301502361803,1,1
305,110,0.3494866567833349,11.63777137553319,99.84629426091118,20.1854208455123,0.7658902794657507,1000,93.47362233716116,78.28809357002814,93.32994801509473,1,31.71437587432659,31.71437587432659,48.95722904663353,57.53299117911024,0,3.926556688980797,81.39999999999999,2,1.074597171206212,1.152328501756378,36.90966986381294,9.645766390423072,1.20651598893043,22.96697690071052,3.019555196821444,8.776847808633637,11.79640300545508,23.41476219062096,1,1
306,110,0.613753219515644,22.15491904891282,97.55552824976071,14.82690746172145,0.8275672654514434,1000,99.5433515669941,87.58639736587969,97.11004245869756,2,68.28412423530375,68.28412423530375,35.01793065943247,43.28291098108627,1,5.723728080393534,81.39999999999999,2,1.085052609197091,1.178679228926322,59.65513741685201,11.11049031857495,1.994054124854721,37.55714288582207,4.937779424297728,25.09213951899962,30.02991894329735,65.18980596891906,1,1
307,190,0.6408840348332189,19.37102573768049,98.99645473427768,14.14749450305104,0.8523773938614176,1000,99.93587911619228,94.1764258821062,98.93297733256374,2,63.62612744416701,63.62612744416701,33.00654030637452,41.22312310112426,1,5.530027654029807,137.8,3,1.086843435657119,1.186605304982224,79.68397140981259,11.12668898502673,1.740951487342572,48.77203973570426,6.412244270554031,23.38048096481657,29.7927252353706,72.84623049063009,1,1
308,250,0.5213620877262204,23.51144345979392,97.17952445312574,20.90692747178301,0.6520739195747534,1000,99.57762218690299,94.24867512634889,96.76905970296251,2,50.20652268538532,50.20652268538532,50.62674456286169,59.2368489022366,0,4.952896387148362,179.8,3,1.064562391552217,1.163933956139178,77.05668951978454,14.3510388546955,1.638309511795465,47.51580878495999,6.247082842816868,13.89448779810477,20.14157064092164,39.42557651280849,1,1
309,100,0.6023018563454039,9.696919164210557,98.46174931614115,21.47312769324519,0.7799545318931574,1000,92.25586688643565,69.20001014886611,90.83674038315516,1,26.23538595479527,26.23538595479527,51.90899705536481,60.54505996423148,0,3.588330631934726,74.2,2,1.071767438628759,1.1394459222305,32.89564281728257,8.993750823650263,1.078184102978617,19.02641642339249,2.501474827815338,7.260555611703076,9.762030439518414,25.99320813856352,1,1
310,230,0.6788466506832279,21.32547612402961,98.08531083888833,21.86535270973668,0.8549512605734635,1000,99.73167502990775,88.46489426356298,97.822123457915,2,59.28912917169666,59.28912917169666,52.7835306996198,61.43709010229009,0,5.403365384374127,166,3,1.061145363994207,1.155773637958861,77.94726209392871,14.57334421288988,1.463320691016656,49.16923787590339,6.464465410218652,16.40806886783648,22.87253427805513,78.73255158496744,1,1
311,240,0.3576659304047934,19.81280440814421,99.40129407915791,15.89522192890197,0.7794345091790892,1000,99.57463043867601,96.46491291296931,98.97847123058301,2,57.68364695271276,57.68364695271276,38.05201754608993,46.38830600507106,1,5.257884371576743,173.2,3,1.081420520905344,1.182634990880166,71.2310313014617,11.66057561352081,1.699127475762914,52.45739958048303,6.896772448536157,21.19681746689018,28.09358991542634,60.38823423365677,1,1
312,130,0.4189774378957227,16.97714635753259,98.65730758265586,20.96299646885134,0.8391624424321578,1000,97.73103043103754,82.53852572996652,96.4188032960477,1,48.05084580622009,48.05084580622009,50.75479235283422,59.36750525884696,0,4.846423924933156,95.2,2,1.066690438089468,1.153574630726112,51.25831621752801,12.10160678882857,1.402883654524688,30.82197194166815,4.052281062287723,13.29791140738539,17.35019246967311,26.40444357090883,1,1
313,210,0.4703783422105945,15.63388872022182,97.33649134113733,21.16013565823436,0.7026061719638296,1000,97.28731396876378,88.21103946574395,94.69605793723085,1,36.57393225529031,36.57393225529031,51.20312538626348,59.82494314650711,0,4.231425286747259,151.6,3,1.066582197657126,1.157924710355212,52.98529179534227,12.98563674183991,1.203937013719874,35.63289063195307,4.684790712797531,10.12171383854408,14.80650455134161,9.114425251330301,1,1
314,210,0.6261617897355929,9.63747153486684,98.01374438250186,14.30860561653413,0.6963709461041959,1000,94.81587886344312,84.49718073847261,92.93259314323774,1,26.7900961050212,26.7900961050212,33.48963161276163,41.71792031518413,1,3.587453425777405,151.6,3,1.092700017746629,1.177702471291028,36.49261757932494,9.537377091724254,1.010494965458526,31.32502790175371,4.118419729345876,9.844467315391791,13.96288704473766,9.864507613520923,1,1
315,150,0.3432268254969269,17.72318018816784,98.23607220788729,16.64403469987028,0.6629727204074152,1000,97.19246074645547,91.40309855310879,95.47805591951051,1,42.98333535410164,42.98333535410164,40.09351721594697,48.47663776510421,0,4.539707253172947,109.6,2,1.081888334886091,1.175862238794689,49.09036068130035,11.57644697608265,1.530968890954587,41.39435358147581,5.442272007167945,11.89549478146312,17.33776678863106,2.061693498666544,1,1
316,150,0.6580406253722496,19.61942375326529,99.82013258149816,17.6957404713314,0.6671245496456512,1000,99.17336003631296,97.99304622282206,98.99497947377411,1,47.40148258468022,47.40148258468022,42.85398239897597,51.29896086382303,0,4.772420064864725,109.6,2,1.075869869904604,1.177838478306369,73.26984917849958,12.7321453131611,1.540936210725217,38.37719931466984,5.045595340259116,13.1182023003683,18.16379764062742,3.138676200346854,1,1
317,120,0.6883867849909699,11.1664791488871,97.35518120993201,18.55867427480966,0.7143083166053519,1000,94.17765273257467,80.50398755228223,91.68682447705856,1,28.70604823214608,28.70604823214608,45.03389796720376,53.52653390244075,0,3.719524002966538,88,2,1.079197628662039,1.159823311682054,37.43293983296783,10.27991116912276,1.086242766613323,24.23844700030297,3.186720173014228,7.944303161418986,11.13102333443321,14.52130346060081,1,1
318,130,0.6230331171582453,8.335899079311639,99.1482709851942,14.63416414013133,0.7628046428007307,1000,93.60860241237081,77.49800227196512,92.81131078527044,1,25.8885639228835,25.8885639228835,34.45410659922896,42.70561086374073,1,3.525039957378106,95.2,2,1.093099338839906,1.170269847523975,31.84401432346726,8.137878685894394,1.024333170972489,23.05444021373869,3.031054328924342,9.513184289528922,12.54423861845326,21.51496498498479,1,1
319,240,0.359999739372544,15.86603668890148,99.55792985170879,14.5646190438047,0.635103910522582,1000,98.7571145368765,97.09920682528271,98.32053881419522,1,39.15395895080125,39.15395895080125,34.24937129936552,42.49596469990161,1,4.3354533731787,173.2,3,1.086922512106412,1.187633695569399,61.77493482049412,11.78368676505163,1.346440804583961,41.98323957651589,5.519695073091942,14.38777478245443,19.90746985554637,-3.221523914468694,1,1
320,140,0.5589849315263331,15.75716391665861,98.12706277102393,14.3639930110909,0.8047940197641962,1000,99.23343279839366,89.95287208655199,97.37485289192159,1,48.77684694864668,48.77684694864668,33.65481437809876,41.88709378597355,1,4.840281693182724,102.4,2,1.086999049265281,1.182287068508682,56.24638316306829,10.82406855340698,1.455752413144029,34.37817216948599,4.519828137606668,17.92386535872936,22.44369349633603,15.97716716800927,1,1
321,100,0.6101683141310699,23.95529584932327,97.33362873125573,17.34118643580191,0.7098913680339698,1000,98.70810202848274,90.98655520198943,96.07617755607248,1,59.94810200903149,59.94810200903149,41.93661704287013,50.36122579186127,0,5.364526596637011,74.2,2,1.07764641823958,1.173161799903666,56.70415086071712,12.08954553466807,1.981488533264455,39.4077668359766,5.181087944622772,16.59043740399277,21.77152534861554,3.062862263727207,1,1
322,130,0.433765462874528,10.56225986450538,99.75564325266171,15.28527883027494,0.6468825638761511,1000,92.82340828225512,86.49798908265871,92.59658802100805,1,27.01102529883334,27.01102529883334,36.33814753480669,44.6344068119829,1,3.59860509803017,95.2,2,1.091878419144699,1.176184925147993,35.31244821328267,9.653444783906528,1.094144121703991,23.63858022144496,3.107853421968504,9.925651429811289,13.03350485177979,5.690339451965567,1,1
323,220,0.6828409479227848,23.82467997639999,98.92648876635565,18.06740153073147,0.8081893953800434,1000,99.94992704166799,95.47284278950873,98.87695334685634,2,68.00944202955918,68.00944202955918,43.80182233696206,52.26765166244149,0,5.719800490154467,158.8,3,1.073643096755849,1.174506422868541,91.82779644452039,12.71588407652344,1.873615694593036,57.47645627574816,7.556646788674515,18.8213863835404,26.37803317221492,67.16682950526801,1,1
324,160,0.3363187486617826,19.96235685886442,98.71590784051588,18.56496256981418,0.8842616215609247,1000,99.11029254260997,84.9550841620387,97.83762504682853,1,62.07497515643318,62.07497515643318,45.04951924099544,53.54249289818239,0,5.469713992154648,116.8,2,1.073025911921119,1.163794504373102,58.01165551873289,12.02974360131507,1.659416652627756,43.20859716150862,5.680797462828527,17.17904245795904,22.85983992078756,27.0304449485022,1,1
325,240,0.58986803498175,19.1666807634607,97.90557028455919,17.49698077582754,0.8693076902393717,1000,99.89085219712923,87.14836803695925,97.79870850570551,2,59.4876709738557,59.4876709738557,42.34132800079112,50.77494613859409,0,5.344897813505479,173.2,3,1.075635813992576,1.169317033354598,76.16276629077335,12.44040787553545,1.540679450000408,58.29838798614414,7.664709254983772,16.46301464977799,24.12772390476176,80.03959974774133,1,1
326,140,0.5164718719384632,10.31605804260075,98.14000751884866,19.34476242560707,0.8672736266777851,1000,96.5533313220193,69.45585339331086,94.7574466191286,1,32.16013128413304,32.16013128413304,46.95858723303769,55.49242770808911,0,3.944270805037682,102.4,2,1.073603291994006,1.146849827031222,39.93670913310702,9.704758249638601,1.062989698170474,26.68748581801231,3.50870455612226,8.900209132446207,12.40891368856847,34.63517429726804,1,1
327,210,0.3179658828972839,17.41028677209094,99.3665933865168,16.47537990256585,0.7621783070860197,1000,98.72316322072791,94.02519840941495,98.09784417584801,1,49.31234263223284,49.31234263223284,39.63947020219604,48.01225470434002,1,4.862021777794139,151.6,3,1.080539227366232,1.178649645360408,58.75166070012869,11.4644403414762,1.51863381495421,44.48657271352393,5.848817735421704,18.12064217259116,23.96945990801286,9.978213099012949,1,1
328,170,0.3919754762635566,13.82002694963664,97.44399014329782,21.00838689236529,0.8762786578502739,1000,97.78293586655269,71.71563971932422,95.28359438763083,1,40.81634838199464,40.81634838199464,50.85827832348787,59.47309678390604,0,4.46748283838858,123.4,3,1.066472848747324,1.143416123815113,47.55553055293662,11.68041441487663,1.183179505346567,33.75872309935419,4.43838682876707,11.29578836022241,15.73417518898948,31.64051296606572,1,1
329,200,0.3606430627836846,9.278576132915914,98.68383031686601,17.11684757642448,0.8192871171956649,1000,95.33512879849243,74.67369998127525,94.08035673586994,1,29.02066272493688,29.02066272493688,41.34931877070341,49.76078904483165,0,3.731585787555165,145,3,1.082611537021011,1.159294946853855,36.08129470536804,8.89648054876594,1.042949072057824,37.06720388052818,4.873365292827298,8.031371673583864,12.90473696641116,28.29689536988054,1,1
330,160,0.4669716564646922,11.60003745823726,98.55050517272146,21.4589976105839,0.8291010261137272,1000,95.85239878138788,74.90271874417714,94.46302321922924,1,32.88980972357007,32.88980972357007,51.87728513939641,60.51271042997655,0,4.017482894158468,116.8,2,1.067365956180883,1.14490665486189,42.22794093964095,10.74369545453372,1.079706466674106,27.35510917538045,3.596479520453677,9.102145208298939,12.69862472875261,29.66525263900754,1,1
331,150,0.3373110167206265,13.71690019728243,97.76014128780434,14.21071554278769,0.7402803145271726,1000,97.2780285435154,86.86934675020839,95.09913814613131,1,39.37410137550778,39.37410137550778,33.19657392587902,41.41776765202121,1,4.349809178022431,109.6,2,1.089964698271939,1.180124439129867,43.41880889928015,10.14725145383776,1.351784792136457,31.41411539001822,4.130132397901419,14.46866978545326,18.59880218335468,10.81154087522089,1,1
332,200,0.4894796723632142,12.39115538626164,97.45588479867889,14.68011909763142,0.6981448945083423,1000,97.803686769682,89.76744430141093,95.31544830712204,1,33.37613045790753,33.37613045790753,34.58901448469902,42.8437496228637,1,4.002256997712661,145,3,1.087728848053719,1.181064243780576,47.64585694609374,10.88444843038987,1.138427497314882,34.6483104684512,4.555344240053555,12.26461540559909,16.81995964565265,6.590729961876579,1,1
333,150,0.659685152655933,19.17653476498276,98.81061248362174,15.75867813273705,0.7653422874426702,1000,99.62044355565025,95.0881146920252,98.43557043623868,2,54.72915573431887,54.72915573431887,37.67245205059925,45.99993148446032,1,5.121525927867134,109.6,2,1.081822081216924,1.181949935685387,69.4291188981076,11.68743824281874,1.640781697970951,38.02961744387498,4.999897438928136,20.11114042717104,25.11103786609918,59.57863870958191,1,1
334,180,0.3024740861355327,20.5340205014199,98.32196682820728,14.8082806714084,0.6551623259863117,1000,98.47090455692471,94.14222989882315,96.81853011389518,1,50.6878240814218,50.6878240814218,34.96367100240957,43.22735752049249,1,4.931500298014296,130.6,3,1.086462094540374,1.184354378006736,55.06901887087494,11.56562152829782,1.775435972133355,41.58564014762118,5.467421174486894,18.62608575578646,24.09350693027336,-5.73120071687508,1,1
335,240,0.6246655179705471,12.75910571836308,98.07145404876205,19.44160840957425,0.8059067761605838,1000,97.99530806646798,85.02798676618849,96.10542352034895,1,36.23899901004983,36.23899901004983,47.19189435874949,55.73067394834152,0,4.188020131274065,173.2,3,1.071476109808807,1.160910912603337,51.55947683822013,11.90216750024288,1.071998500953941,39.71915137221067,5.222026845665788,10.02902217936792,15.25104902503371,23.32338096224114,1,1
336,150,0.5907707932209596,12.62281301147491,97.2078031142527,19.04626838945411,0.8875210799308029,1000,98.29584896524858,71.23440872670096,95.55123533162204,1,39.48337106719949,39.48337106719949,46.23431432056231,54.752745321303,0,4.367023413035314,109.6,2,1.072429176188779,1.149556579902668,47.41183662222674,11.20066655186552,1.126969806040028,31.46579818145953,4.13692732969229,10.92689133161057,15.06381866130286,33.51276867175413,1,1
337,130,0.3957520029827021,13.75194546569139,97.21585647529159,15.69208534404635,0.655277044618735,1000,95.6097937103378,87.2685536209778,92.94787982976435,1,33.75132005400669,33.75132005400669,37.48649058968914,45.80964254539919,1,4.021985839580028,95.2,2,1.087061750359634,1.17549200779248,40.83625335811892,10.73023630534524,1.281606953878629,26.88600181849575,3.534804204478392,12.40248507584566,15.93728928032405,1.581686672154449,1,1
338,180,0.5087758173018694,20.18806596544012,98.47820747203107,21.75739031987079,0.6731755658441456,1000,98.26454291681992,93.54754150610344,96.76916044506895,1,44.5862115099191,44.5862115099191,52.54390438407938,61.19268644009617,0,4.683516723612589,130.6,3,1.063350903473542,1.160484404137136,63.82874643408157,13.97901771454848,1.444169138181266,36.24955291397035,4.765865632078329,12.33908541466507,17.10495104674341,3.852787730051536,1,1
339,260,0.3232713156721554,19.23419955273345,99.85519156712348,15.4558414504379,0.6162499673837329,1000,99.16218922783277,98.42765284582141,99.01859401560591,1,44.92633179501517,44.92633179501517,36.8222251274679,45.12985649596635,1,4.640637081619614,187,4,1.08341668603904,1.185727022861584,71.14838027706232,12.39929692333685,1.551233079718621,49.27062268862377,6.477794854466018,16.50892939027491,22.98672424474093,-8.660087962259825,1,1
340,200,0.3555622500588186,16.72532776362449,98.59155081941663,15.87403178651445,0.8756545380649623,1000,99.38054674014218,87.06379768549513,97.98082224392138,1,54.7643177807254,54.7643177807254,37.99326491604967,46.32819192130142,1,5.123112391518497,145,3,1.081735868453015,1.174701004355838,58.30591681534156,11.21540765086623,1.491281305529068,46.05709909930134,6.055300771061134,20.12406130715723,26.17936207821836,22.37672698012377,1,1
341,120,0.5765444854184054,15.57263091155142,99.20812584860133,14.01912467419729,0.8027182987523731,1000,98.98613337275708,92.91362641118084,98.2022877691092,1,48.97321362865209,48.97321362865209,32.61880622982011,40.82595627891715,1,4.85271738379332,88,2,1.088469510592014,1.185973099174794,56.04144447730656,10.56681936868289,1.47372926215663,32.07681957139151,4.217260619585621,17.99602356807535,22.21328418766098,17.10818384184696,1,1
342,220,0.5697595494052394,18.32054756449163,98.5536854894879,16.4697491137553,0.8405535750857089,1000,99.82512409683027,92.07142257889363,98.38133884188109,2,56.61141059551296,56.61141059551296,39.62425460227274,47.99669194196969,1,5.209426966078113,158.8,3,1.079173149312795,1.177017574558499,73.57830782850638,11.92864743492584,1.535844500764686,49.42242401873116,6.497752748671764,20.80280634683117,27.30055909550293,72.19300038503428,1,1
343,220,0.4409593422884122,8.241438469916583,98.98290222496168,21.48337046719529,0.8320463895385154,1000,93.16552248506743,63.29684245045715,92.21793802876897,1,24.30211096819419,24.30211096819419,51.93197567765742,60.56850046952735,0,3.4537360990767,158.8,3,1.070612425884082,1.133643881875066,32.60601585219276,8.211387818944287,1.003659631189623,28.904165444457,3.800139798760232,6.725528203411184,10.52566800217142,32.86783112567012,1,1
344,190,0.3625451139796525,14.42506155741215,98.1089132195943,21.04854642392509,0.7661390789871336,1000,96.44066243480718,83.39349237730775,94.61688581656685,1,37.36469463383818,37.36469463383818,50.94970861480169,59.56638537549526,0,4.275071235620593,137.8,3,1.068013893580565,1.154052778995195,46.99745341600789,11.88215230169374,1.214010828270222,34.16312252003171,4.491554747974608,10.3405546909326,14.83210943890721,18.4712684513089,1,1
345,220,0.6114041431769728,10.04859558875486,97.69201821647762,15.3321367804911,0.76719636100824,1000,96.50347100733202,82.47063784289918,94.27618847601602,1,29.95093806910121,29.95093806910121,36.4715166888181,44.77091429664847,1,3.78928874459818,158.8,3,1.087159902414575,1.17245024436493,40.10783199216279,9.824110184747282,1.022850456660809,34.28304081356934,4.507320858943889,11.00597137579239,15.51329223473628,17.49895552935831,1,1
346,110,0.3615895663809963,14.64325571594015,97.19464794235031,20.12555725320801,0.8943948643500684,1000,97.76541297523835,65.93908214108428,95.02274895066776,1,44.68136692180099,44.68136692180099,48.81684965599641,57.38969612139107,0,4.65975652876908,81.39999999999999,2,1.069463729681679,1.140812229534594,44.63693952637166,10.84182077592523,1.350626985870877,28.03577710093941,3.685969503433005,12.36541935771869,16.05138886115169,33.46185211588615,1,1
347,160,0.6671055927718058,22.78658264135197,99.64636834436243,14.80615057118051,0.8194409691070207,1000,99.90186224402649,97.98364567055701,99.54857763456017,2,70.97547282155915,70.97547282155915,34.9574629473812,43.22100139482177,1,5.835557117120571,116.8,2,1.084671212142684,1.187548463199831,85.39058546576881,11.3733729498773,2.00350263213674,45.56863757149304,5.991080889136001,26.08112041282893,32.07220130196494,64.95265660551733,1,1
348,210,0.381781170203723,11.35462983351201,99.39835072481223,16.4615975330174,0.72156512083048,1000,95.90787652224444,88.0856382004539,95.33084747830037,1,31.34732378403326,31.34732378403326,39.60222076287499,47.97415528281579,1,3.876471574493797,151.6,3,1.0841031970973,1.173616814106838,42.80698256732661,10.35755664205798,1.096265289769723,34.32204592679417,4.512449008497478,11.51909657983942,16.0315455883369,12.5087612308207,1,1
349,160,0.667617473036237,12.14289410295337,98.95839356311303,20.98467418347113,0.628060720980959,1000,92.79508030256505,86.44005267391613,91.82852077301911,1,26.36034593652171,26.36034593652171,50.80423498334193,59.41795415766325,0,3.589898302128216,116.8,2,1.072746259413727,1.156966973970319,40.80993884825754,11.70529707874875,1.037384529522031,24.3120325469145,3.196394742751568,7.295137870112592,10.49153261286416,4.959052651843913,1,1
350,160,0.4496604957137257,21.37424529043585,98.91578346151239,14.72202039563656,0.7936424447022379,1000,99.6032676050844,94.54820769897655,98.523352504836,2,64.29073783641611,64.29073783641611,34.71176040769473,42.96943164862262,1,5.554447995071887,116.8,2,1.08532997079477,1.18498485154135,66.60084053432909,11.21502549795352,1.905857930892458,43.03551481006154,5.658041672371232,23.62470313028837,29.2827448026596,61.31754885132673,1,1
351,180,0.5348376470224931,13.32594439953938,97.26804058515772,20.29580710768514,0.7361104036891367,1000,96.49593603920034,84.08472967824217,93.85970622963724,1,33.58344056991344,33.58344056991344,49.21532328042309,57.7964346546359,0,4.042069186203769,130.6,3,1.070476470543523,1.15720077202696,46.51977332172768,11.89219746737813,1.120561984956456,31.63584366527449,4.159283851692084,9.294105232921646,13.45338908461373,14.94161408839808,1,1
352,230,0.4267200961804948,22.55133330911026,97.53147399830046,21.71978459920734,0.762908176620584,1000,99.15993413312516,90.19893735228176,96.71214537578084,1,55.67049925424447,55.67049925424447,52.46024323282353,61.10735438360501,0,5.232554476785398,166,3,1.062353878619872,1.157761187426985,67.54949694990246,14.00142626442687,1.610645435915764,47.50396042169795,6.245525093748874,15.40662510028131,21.65215019403018,10.48821635469864,1,1
353,160,0.6306054886213504,12.0913444897458,99.86774858272777,15.30515194799751,0.7061062107904348,1000,97.42274194366925,93.5189426886847,97.29389898670327,1,33.40767966569999,33.40767966569999,36.39474668618737,44.69233828852271,1,4.002045014953286,116.8,2,1.086103273516951,1.182159185424254,50.42523622101672,10.84295790331765,1.115133397875332,29.52892336841924,3.882279082663862,12.27620868782255,16.15848777048642,10.6368163327966,1,1
354,150,0.3248117540230974,19.70098608819023,98.34363140703323,15.56993437917158,0.8795622429651674,1000,99.27516057236716,84.56474418819383,97.63079799202914,1,64.46468096935509,64.46468096935509,37.14392191175364,45.45908194862892,1,5.558657623008365,109.6,2,1.082891025404067,1.173520617430959,55.25363588323503,10.96978390565065,1.795932012666361,41.78973915584267,5.494254841956741,23.68862143353902,29.18287627549575,19.61695500114115,1,1
355,230,0.3635055732573382,10.17535750843957,98.29813874549221,19.09781965686008,0.7382708967675687,1000,93.60366683733147,78.49640405759295,92.01066229862839,1,27.21660039231098,27.21660039231098,46.35996475917898,54.88107738068089,0,3.626187403750926,166,3,1.078094162310379,1.156177410286069,36.11369679785557,9.814421481736023,1.036776087859608,33.2489792185092,4.371368875507152,7.532103436570758,11.90347231207791,17.94341036687225,1,1
356,140,0.6762987197061069,19.43368140304461,97.18861451447984,18.76890974891931,0.7732394068919588,1000,99.1929642650236,88.81139076635827,96.40426766501955,1,51.87898689851308,51.87898689851308,45.55416052898926,54.05801519279288,0,5.002569705317862,102.4,2,1.072236168468185,1.166487519853126,61.52647459977644,12.58965166434995,1.543623439405782,36.12735411821485,4.749799694869264,14.35733669420716,19.10713638907643,14.06525049129332,1,1
357,170,0.6498955989494919,14.96930373056605,97.08341311367492,16.63027083680965,0.8596355700008338,1000,99.41063352429774,81.87179644847819,96.51123602331538,1,46.99127092313128,46.99127092313128,40.05658478184807,48.43886629666565,0,4.746602334737855,123.4,3,1.079154807801845,1.167545832718767,57.43111507386293,11.60109997093374,1.290334862045087,47.4630009157912,6.240139992807872,13.00467759040684,19.24481758321471,25.38430827089333,1,1
358,230,0.5205877699050121,9.895768652137368,99.6477292336466,15.01099822221324,0.8870004151781788,1000,98.22867416841487,83.82683497202011,97.882643265143,1,35.05182461821295,35.05182461821295,35.55159488961982,43.82926547053114,1,4.100169682915014,166,3,1.086083963515322,1.174743840257048,46.47211791024985,9.558931942526577,1.035237902271513,38.46014195929184,5.056500123012595,12.88037715303932,17.93687727605192,33.49028647430202,1,1
359,120,0.3902611254114657,9.913140972498805,98.79976635311334,14.24737548463233,0.7040854501996189,1000,93.45165565070887,82.25709520398054,92.3300174360164,1,28.04511639612841,28.04511639612841,33.30649248925602,41.53034959576689,1,3.670864828510374,88,2,1.094593941321108,1.17590637306284,33.21488923600503,8.844901681869548,1.120774580549488,23.26182818809271,3.058320409193685,10.30564543836399,13.36396584755767,12.31748697887858,1,1
360,200,0.4642923629437573,13.6461625067927,98.22677853380998,19.67058842834458,0.8500045968450839,1000,98.17811807048591,81.65364213283304,96.43720260575867,1,40.55924095927246,40.55924095927246,47.74030290330427,56.29064496231393,0,4.433471695436108,145,3,1.070477100024665,1.157124526058892,51.20448993486544,11.80643378101551,1.155824253106423,37.98156821709266,4.993580225606546,11.22463473800879,16.21821496361533,28.49594816870653,1,1
361,130,0.3415524262906052,15.09249461962283,99.46280155841322,20.77529878469184,0.6885454143082955,1000,94.07705414098679,85.95542983243341,93.57167367225064,1,35.72251636382236,35.72251636382236,50.32519426528353,58.92914118413489,0,4.175789667018433,95.2,2,1.0718675926495,1.157244808262285,42.48771360728747,11.36267060145332,1.328252410810223,26.10932645873678,3.432691761515523,9.886087328633291,13.31877909014881,10.8274977670814,1,1
362,220,0.4720691962852143,22.50998870835453,98.93057844107746,16.48617459752597,0.8360273980488768,1000,99.86901112510067,94.20284546323752,98.80099038944607,2,68.75577841814201,68.75577841814201,39.66862950618855,48.04207917011433,1,5.74110985556454,158.8,3,1.079062656058928,1.178762495546408,78.35606450556683,11.97328007913583,1.880018554613081,55.26061503583239,7.265321771879992,25.26545670938658,32.53077848126658,66.68005489124518,1,1
363,130,0.5299192013240419,10.6488021476157,99.50502916527516,19.79187999702431,0.7585321722310502,1000,93.96560481828476,79.89547788964104,93.50050247976147,1,29.08901315286236,29.08901315286236,48.02898977988906,56.58539173438879,0,3.755930357470368,95.2,2,1.075312682633466,1.155122620105688,38.05244819222253,9.937810595995986,1.071544083553593,23.88993905629563,3.14090051734033,8.050287426677482,11.19118794401781,22.63013958269133,1,1
364,150,0.3745722110877745,13.43631256185472,97.88708869371642,19.45794827251509,0.6252304183077066,1000,93.300120143797,86.02630580602381,91.32877135650256,1,29.433017693625,29.433017693625,47.23117771192483,55.7707877478648,0,3.774482239645017,109.6,2,1.077257844239472,1.161737477049277,39.68349707811818,11.41034246086651,1.177555591160965,26.12519884104517,3.434778563565807,8.145489536651739,11.58026810021755,2.557675788220856,1,1
365,160,0.4858047281253152,12.25497721660137,99.49656245639088,20.89133091926947,0.7970724394090707,1000,95.95230916149544,82.54889845373546,95.46924921321657,1,33.98971793463266,33.98971793463266,50.59108336296293,59.20046057470654,0,4.074999962676426,116.8,2,1.069150720067168,1.153824955297609,44.96078413091924,11.10436453455767,1.103618057428041,28.17531801615173,3.704315474586291,9.406541139349805,13.1108566139361,25.90302374725738,1,1
366,210,0.6767874518661759,18.76868348196149,97.75331996974035,18.28128108297289,0.771018141596485,1000,99.72744873229965,92.13309371257188,97.48689205694365,2,50.83550221386888,50.83550221386888,44.34107331846587,52.81867657666396,0,4.947049880594032,151.6,3,1.073203915979033,1.170977803688105,73.20255595153984,12.71592865113617,1.475997860390991,46.81212652956027,6.154567078970842,14.06855578601417,20.22312286498501,63.96322408955641,1,1
367,120,0.3331135243144818,13.1369049670957,97.39234491251409,19.18423500107974,0.6642555123615776,1000,92.57021690334962,81.48015080680275,90.15630493277268,1,30.63797686197767,30.63797686197767,46.57006050176386,55.09564917573636,0,3.848196535108338,88,2,1.079078111854304,1.158603520177081,35.85834161948884,10.44557698005542,1.257652400837124,24.30427995728777,3.195375480512684,8.47895796996278,11.67433345047546,7.336785017417034,1,1
368,160,0.6174251884460449,8.622245031092316,99.56885367077911,16.12713421661221,0.8472768644636963,1000,95.90706672209669,75.58325381693062,95.49356692446094,1,28.90671809873653,28.90671809873653,38.69142873003693,47.04248458896808,1,3.722125347745308,116.8,2,1.08522900472415,1.163473176581913,36.7416024134268,8.467965060944596,1.0182192497297,27.20077572270672,3.576188718530593,10.62225534401572,14.19844406254631,31.80216464809147,1,1
369,150,0.3368758936894126,18.53944281849265,99.22415389541624,19.7619050848335,0.7826867355707567,1000,97.65575855768857,89.13173151625978,96.89810015901702,1,50.23597999441856,50.23597999441856,47.9577616102718,56.51267010746727,0,4.935395895260688,109.6,2,1.070823866519269,1.163425395257818,53.08313922440544,11.97399325129582,1.548309108699917,35.14399517273085,4.620513780270501,13.90264001018869,18.52315379045919,18.13994544639325,1,1
370,140,0.5969804595611058,12.16993967807666,99.54742917162893,15.89939951708727,0.6207756718597608,1000,95.42491017901766,91.86408083704775,94.99304487254813,1,29.1114193237197,29.1114193237197,38.06359394207163,46.40015056655915,1,3.735221094647327,102.4,2,1.086594296149408,1.178759309415072,44.13331152593243,11.13984951487146,1.092468947792342,25.57726496993858,3.362739628046904,10.69747622082286,14.06021584886977,0.781744250034783,1,1
371,240,0.3892630598582327,19.12902759012207,99.01346205524143,21.61201924268156,0.7960169028471457,1000,98.74380321691774,91.6190404858017,97.76965813008511,1,50.51707342643001,50.51707342643001,52.21993968317594,60.86224283691729,0,4.982190826375845,173.2,3,1.063238809550347,1.15933907306636,64.599348019345,13.55920703067322,1.410777750265851,46.18129399408996,6.071629142949124,13.98043168051975,20.05206082346887,18.15566247386559,1,1
372,210,0.6955534953718073,21.86988223434984,97.7434836477133,21.09435209570266,0.7696936979146907,1000,99.68346715847976,92.02597928053623,97.43409342152232,2,55.39446422039791,55.39446422039791,51.0538452033627,59.672636270461,0,5.206221306235652,151.6,3,1.063798908210416,1.161426402428142,77.52617490216052,14.0081079622535,1.561230274158425,45.21807026149406,5.944990480837188,15.33023332478106,21.27522380561825,62.63321627654381,1,1
373,180,0.4827825473833829,12.54420473442972,98.7032147699482,19.15728101697191,0.8967027124860557,1000,98.39678413581419,77.53506396903227,97.12078917229499,1,40.18074499103675,40.18074499103675,46.50460038465474,55.02879548837529,0,4.406630708127104,130.6,3,1.071929331344301,1.155092800986723,50.13808707647264,11.23354696753635,1.116673546715122,36.25009593355119,4.765937024913546,11.11988724045278,15.88582426536633,35.72461978567814,1,1
374,240,0.5386273442327044,10.22631648639589,97.37564863104133,14.19382283791713,0.87042672158028,1000,98.47086169473774,76.50922237199185,95.88664028782648,1,35.18836070375615,35.18836070375615,33.14585595722929,41.36581985836978,1,4.112218309442961,173.2,3,1.088528569976825,1.170835919797721,44.08142012094029,9.75729534723191,1.04806876521341,39.49773070946872,5.192915834854198,12.93054961327359,18.12346544812779,28.34575798060627,1,1
375,200,0.6079818588588386,15.41811314773932,97.97467826045363,15.98863697824255,0.8941050352942664,1000,99.73017846250812,83.49067874067944,97.71032147721854,2,51.35469658415782,51.35469658415782,38.31036422294875,46.65263018282434,1,4.96106760950814,145,3,1.080910642546185,1.171156080963448,63.89673306728017,11.60721998595042,1.328320921495558,44.39486348706981,5.836760377044361,18.87113917145853,24.70789954850289,84.58204910275489,1,1
376,240,0.4477087348078377,14.60161984142288,99.45151287213287,19.5639745318573,0.6407768947717734,1000,97.05015966503029,93.84877816505278,96.5178520316931,1,33.04877575967742,33.04877575967742,47.48552069744574,56.03049927201732,0,4.000783897748367,173.2,3,1.072246274375017,1.168114419480867,55.23965813050247,12.79351893270793,1.14132944330839,37.56016292146107,4.93817647978952,9.14613852890486,14.08431500869438,3.359382036052614,1,1
377,140,0.533669593501091,19.30363913752511,97.09059154473623,17.98847240260616,0.6710876058349153,1000,98.54140550587336,91.66898625172121,95.67443352214971,1,45.4022602128539,45.4022602128539,43.60168608530472,52.0631293023049,0,4.672801734740874,102.4,2,1.075678703309878,1.171567623685406,57.16696284439013,12.54071647078665,1.539277216137735,35.29331004068415,4.64014476990576,12.56492417303994,17.2050689429457,2.20217526592176,1,1
378,230,0.590289028867241,12.43544185537472,98.47388990393749,15.84042280007154,0.8295329273680458,1000,98.97456696040237,88.51282763710127,97.46410610148551,1,39.30282459732551,39.30282459732551,37.89996520946517,46.2327286424088,1,4.340081164717538,166,3,1.082359009635439,1.176077089765536,54.79416289947537,11.04929379560069,1.125451280906833,41.08738042831867,5.40191308731935,14.44247794536388,19.84439103268323,22.32770170263215,1,1
379,210,0.6910240407207049,14.38785507354885,98.17611884527675,17.36849878811464,0.627882806128473,1000,98.57859961937613,94.73007809689607,96.78064311832824,1,32.9598027452783,32.9598027452783,42.00775175186084,50.43394667643446,0,3.977862887238929,151.6,3,1.077717026534581,1.176236955477309,60.11190345391169,12.71950791008624,1.13116444246555,39.29663848658264,5.166477480808688,9.12151554374662,14.28799302455531,0.2440901536621321,1,1
380,230,0.439239668329712,12.35739587354287,97.9515529589341,20.80488999012671,0.8121381709876936,1000,96.73013377988717,79.14499916536826,94.74866821665398,1,34.42054041335012,34.42054041335012,50.39310097019359,58.99843624114413,0,4.099430659143887,166,3,1.068472424384221,1.151030816035437,45.63692664833213,11.46768763354257,1.077583926980879,36.54216828516495,4.804336880104584,9.525769824259935,14.33010670436452,25.02197512721782,1,1
381,200,0.6276630906666629,22.68302935295552,98.22654811988755,17.60610060627945,0.8340669001195113,1000,99.90592838150931,91.38885530209092,98.13414481628364,2,67.1018012804046,67.1018012804046,42.62328193064678,51.06315531036279,0,5.67747833797352,145,3,1.075249859988003,1.172614655462841,80.50417861652527,12.4770068245653,1.81798645074844,56.39111627148581,7.413953039107187,18.57019983168104,25.98415287078823,71.6394909572505,1,1
382,230,0.6534152720597572,23.69092784524709,98.36130213513695,16.02568451089412,0.8989852090557804,1000,99.98873316064574,87.18640629438443,98.35021992523862,2,77.90278173272795,77.90278173272795,38.41252597191561,46.75715162160532,1,6.110300905864143,166,3,1.08046051590527,1.174298277784024,92.48574340041901,11.9495241798011,1.982583363887668,60.85020963833055,8.000206885539694,28.62667552738644,36.62688241292613,74.32467435452908,1,1
383,170,0.4548584265836514,23.02634332049266,99.2866756899918,15.33658775329031,0.7785852797337575,1000,99.67672983334084,96.45201160762676,98.96571148801841,2,67.17146060082828,67.17146060082828,36.48417018088708,44.78386533525872,1,5.674712518370582,123.4,3,1.083170747860216,1.184503000499346,72.49829644475486,11.52200301535233,1.998467045166672,47.46036251113678,6.239793111782999,24.6832727221177,30.9230658339007,57.19753461267378,1,1
384,230,0.5751980987228453,11.94464636238664,97.86524110808681,17.53627811729908,0.7974300013090019,1000,97.89969605639462,84.78362648664711,95.80977358967473,1,34.98507968814815,34.98507968814815,42.4430104487152,50.87888647311553,0,4.099108321520744,166,3,1.078003429135666,1.167102009374946,48.42124184461851,11.12619784974776,1.073560485234175,41.8499693851871,5.502173537691445,9.682004186762704,15.18417772445415,22.0255240908377,1,1
385,160,0.4375848756371066,19.8678180892542,98.4893930411331,17.2444985685125,0.6442672419606708,1000,98.53166321845819,94.78761313643908,97.04323705719284,1,46.12376416451531,46.12376416451531,41.68415809462834,50.10312842664189,0,4.70499491833141,116.8,2,1.078192905015581,1.176702085167224,59.72089238336594,12.4990300198181,1.589548793606572,41.2533888732717,5.423738844572526,12.76459798664906,18.18833683122159,-1.161908332213528,1,1
386,260,0.4510135171999223,9.294116263911128,97.94148953635607,14.2710080661159,0.6544256212257548,1000,92.69959457097643,83.21560218060205,90.79136371697739,1,24.363650117881,24.363650117881,33.37724384957858,41.60281387788137,1,3.421330828314989,187,4,1.095441956976024,1.17668659129673,32.6354101808376,9.239614672167376,1.005898686652803,34.76203615662547,4.570296185806941,8.952829296650672,13.52312548245761,4.642772198788041,1,1
387,120,0.4029210057579912,14.71563199189305,99.18607965608363,19.31210993493162,0.8556516858179821,1000,97.5890380572537,81.87471122334331,96.79474102307344,1,44.56462477755275,44.56462477755275,46.8797413644661,55.41190995315947,0,4.642645850026122,88,2,1.072419970825452,1.158529434606093,47.99041842499409,10.99981166727551,1.337807631349919,29.98287771267135,3.941962174837117,12.33311135843846,16.27507353327558,30.34350154909401,1,1
388,130,0.3525863250287249,19.84485548230633,99.54507449689122,19.9037676997073,0.7927830232459121,1000,97.69943373339585,89.67757658611094,97.25497409294975,1,54.29971646522127,54.29971646522127,48.29419988878908,56.8561527125201,0,5.133314737151899,95.2,2,1.070292151576462,1.163419655826782,53.90578575177926,11.98840404917158,1.65533755793605,34.08229443571923,4.480927974451476,15.02726553269511,19.50819350714658,18.87878274973978,1,1
389,110,0.6233808212424627,12.73856469680742,99.07039101911312,16.52350584666245,0.8587301275097067,1000,97.97019353892142,83.08147515883184,97.05945382119134,1,41.29791679364472,41.29791679364472,39.76936705649291,48.14511322668068,1,4.449520016649853,81.39999999999999,2,1.081321132129055,1.168991416059331,46.67139806411529,10.22373481779569,1.245979568507035,28.15142481028462,3.701174144568994,15.17560782443798,18.87678196900697,28.00848531147618,1,1
390,230,0.3673002668759786,16.4169034105204,98.85163264247859,20.52022130121477,0.6738824665044202,1000,97.20011981885004,92.09543609698584,96.08390537137865,1,37.80864176391428,37.80864176391428,49.73702164356251,58.32890079914552,0,4.292082044063362,166,3,1.068843152973768,1.163416246750484,55.08530865390061,12.9173150981067,1.270922268740401,38.73759776827621,5.092978286139112,10.4634155793574,15.55639386549651,5.882418066241568,1,1
391,110,0.6273123208530247,15.10706160095334,99.70588905354012,17.93086480519921,0.8053978658064734,1000,97.78877811068931,89.7824913040951,97.5011706098564,1,44.44225390528079,44.44225390528079,43.45522345703864,51.91345124280321,0,4.622701646790516,81.39999999999999,2,1.076815245380474,1.170144951109676,51.59356803292574,11.13680690878577,1.356498476150777,31.73840546314375,4.172768038622315,12.29924562744011,16.47201366606242,23.81849873144614,1,1
392,240,0.4445181589085608,14.32168966658786,97.10709471392759,20.30665556507371,0.7902746731126216,1000,97.91154624936217,83.27983889250562,95.07905795223915,1,38.48808040238622,38.48808040238622,49.24063514811519,57.82227034242374,0,4.32732924864438,173.2,3,1.068671816784027,1.156446160081474,51.50188688561749,12.33663456240177,1.160907344231135,40.30274897359803,5.298754626502594,10.65144795775904,15.95020258426164,19.48429875426854,1,1
393,110,0.5988427081075497,11.87615479901805,98.86463147079625,15.44427815884911,0.6928478453268064,1000,95.63346633182879,88.00822201624474,94.54767405171054,1,31.83102304094083,31.83102304094083,36.78952727800885,45.096392134788,1,3.906200597430282,81.39999999999999,2,1.087865699994982,1.176970679380913,41.10478267293293,10.24092747124536,1.159675706361959,24.18070489583615,3.179128600454551,11.69683993344439,14.87596853389894,9.233518277132044,1,1
394,170,0.5055955975724384,8.964184402283282,97.9296336188454,20.15824246531539,0.8804670171644307,1000,95.89841453973196,61.0964018330588,93.91296600504107,1,28.20990414663501,28.20990414663501,48.89353215560595,57.46797184865295,0,3.702937802456283,123.4,3,1.07168315193664,1.135908226448277,36.64423312352154,8.829602958736579,1.015242071945436,27.83799943691936,3.659966926960328,7.806996939567416,11.46696386652774,37.15284452653288,1,1
395,220,0.6200541875960306,23.08077149095014,97.59988147640854,15.40748769679293,0.7504007772183046,1000,99.95926326946616,93.15837288564239,97.56012247569014,2,63.69582749557988,63.69582749557988,36.68537809174177,44.98979987603747,1,5.525757470923374,158.8,3,1.082576628784658,1.181510869240157,84.64084310288987,11.79772290203758,1.956375114299715,52.8206500025186,6.944530353477104,23.40609341037576,30.35062376385286,49.4486804943007,1,1
396,120,0.3213882499720901,14.2457412025407,98.70172798676965,14.89048318705894,0.6905943493339001,1000,95.63159402511674,87.83116498427665,94.3900358040826,1,37.9122066024456,37.9122066024456,35.20276163701953,43.47214429224368,1,4.264636468465278,88,2,1.08973043990825,1.178678875541195,40.44863148662174,10.10557785557394,1.409690905966665,27.68860244040883,3.64032513957346,13.93147218617868,17.57179732575214,6.078052490971297,1,1
397,200,0.6844288140281103,19.8073075035736,98.62813251957512,21.32683324812539,0.7520016846650512,1000,99.34542858124149,94.12680687203674,97.98254095324671,1,49.44071674635042,49.44071674635042,51.57996534032031,60.20940175713037,0,4.923017284867072,145,3,1.063442247614371,1.162419538107516,73.5479404381006,13.94556272624348,1.420330458684122,41.12628748762204,5.407028345353546,13.68255355716332,19.08958190251687,12.68463408242938,1,1
398,140,0.3936671344363131,18.39480322449654,97.41442015736388,14.38630536307208,0.7869941245947965,1000,98.95740244862101,87.85477744705862,96.39877979811317,1,54.78113310244945,54.78113310244945,33.72122858470397,41.95511080923814,1,5.129386327598321,102.4,2,1.0872707601602,1.180395001086299,52.35435148945786,10.74921622533516,1.711269253393682,36.76056788732366,4.833050700671089,20.13024037738009,24.96329107805118,10.30539276052478,1,1
399,230,0.5311706328677013,17.51829173760489,97.78326355529579,19.60472176828421,0.7432450662305345,1000,99.14358983813936,91.69203579864718,96.94583774960928,1,44.69933427355554,44.69933427355554,47.5830114170501,56.13004398671171,0,4.653372565909813,166,3,1.069487369967501,1.166151815074715,64.76379550564224,13.04163710335907,1.343258641439485,43.48626232010086,5.71730314993868,12.37039176242558,18.08769491236426,11.65855032553644,1,1
400,190,0.4777713636633009,16.02690260367468,97.02613477253078,17.28518476710282,0.7461897152662743,1000,98.79472571633458,88.79828151082889,95.85670372168292,1,42.9056887080765,42.9056887080765,41.7905139807994,50.21186138386929,0,4.538094883344402,137.8,3,1.077726047882319,1.171465927272655,55.56740823051715,11.89028124145513,1.347899370773277,44.11797172926702,5.800356371857045,11.87400633099781,17.67436270285486,11.72454301481186,1,1
401,230,0.6714147597789764,16.10365781961382,99.21553381209111,14.04808812791295,0.8131082165084313,1000,99.90455023750143,96.301253219488,99.12083282070577,2,51.17157712505767,51.17157712505767,32.70650943946072,40.91579604099604,1,4.9601837956779,166,3,1.087217191354658,1.188711393860628,79.63513418120436,11.1216823597926,1.447951604680978,47.75741625052121,6.278847888838387,18.80384887422119,25.08269676305958,69.93921825776827,1,1
402,150,0.4706644573408179,21.70416464143619,98.81867307833122,17.31323091851734,0.7779628382498631,1000,99.2969774906346,93.68806394405688,98.12395556313434,1,60.71592501272027,60.71592501272027,41.86372538461563,50.28670761976895,0,5.398599441737477,109.6,2,1.077000897258714,1.175548450872953,64.83698496810923,12.03754269454331,1.803039473436287,46.54404482177636,6.119321364334075,16.80292986085362,22.9222512251877,12.58689729212477,1,1
403,200,0.4371750949857756,19.47102153649926,97.34619990798451,17.64575645073131,0.6421714182925411,1000,98.93680263124612,93.68093673353044,96.31121767198093,1,44.22146201219138,44.22146201219138,42.72544344546566,51.16757897189098,0,4.609232732977993,145,3,1.076335092008243,1.174424167868899,61.70120858512256,12.82411581831965,1.518312982535942,44.18131579210957,5.808684455042346,12.23814220700059,18.04682666204294,-2.310932303579915,1,1
404,160,0.6465623567677102,14.2743860697709,97.42953992014381,19.13499247672036,0.7240098013289972,1000,97.62632584793589,87.99925431564553,95.11688011458439,1,36.13108894956506,36.13108894956506,46.4504219581541,54.97346294973988,0,4.178437745523211,116.8,2,1.072968985372013,1.164551000072322,51.25637794406354,12.13832855114492,1.175976248263975,30.7544362694919,4.043401892392084,9.999158429828968,14.04256032222105,12.83193590530704,1,1
405,200,0.6470975549907423,14.13528459966183,97.68394765155705,14.40925138938613,0.7348166544634849,1000,99.40516286401542,92.45630413036288,97.10288725502984,1,40.00824838598012,40.00824838598012,33.78945242894576,42.02498012435001,1,4.383395228293824,145,3,1.086630974828596,1.184273803386253,60.46263409294612,11.25969362197995,1.255388030458347,38.43319817392783,5.052957721787147,14.70169767356816,19.75465539535531,8.74366774513001,1,1
406,210,0.6834195852675475,22.87278543716297,97.44773535107535,16.86891786191985,0.775273321844358,1000,99.94712105190828,91.74421731290319,97.3962060136825,2,63.29277897541782,63.29277897541782,40.69391033517604,49.09062831294767,0,5.509626659660038,151.6,3,1.077677131178693,1.175396771826176,84.19547820333223,12.26015375395224,1.865619787173517,61.22949647838052,8.050073158924739,17.51606560551697,25.56613876444171,58.97956189067622,1,1
407,160,0.667377269214578,11.98264186128601,99.53063191338049,19.14902500884421,0.7086403100114549,1000,95.53975873937434,88.19595550907266,95.09132560181844,1,30.69753824290966,30.69753824290966,46.48453703784833,55.008304826548,0,3.851593425250555,116.8,2,1.075523105756446,1.164674958917205,45.06527518538647,11.23068200802573,1.066955849406377,27.98864017269333,3.679772233445624,8.49544138359777,12.1752136170434,14.73324701873587,1,1
408,160,0.4208197478962131,9.515548922929913,98.74207505026698,15.86552701215632,0.6972327893615468,1000,92.82321182794021,81.32486030773936,91.655565487213,1,25.91285897370924,25.91285897370924,37.96966861016324,46.30404861139061,1,3.524056826300155,116.8,2,1.089927286598376,1.169624026369222,33.20604578186143,9.089414233045789,1.046882524985478,25.53651022641439,3.357381447989704,9.522111910872352,12.87949335886206,11.8389016084765,1,1
409,190,0.3325188780414872,15.97426494392753,97.81189186811767,21.80402637923323,0.6772867299210978,1000,95.34127747575755,86.4658392536503,93.25510723027001,1,35.65818758987758,35.65818758987758,52.64751584711831,61.29836512259948,0,4.18928156711836,137.8,3,1.066840918332297,1.154234142547386,46.82693889338517,12.53698277770931,1.2741714036913,32.90422746536982,4.326043060433375,9.86828455487332,14.19432761530669,6.839309772626351,1,1
410,230,0.5464471139327622,9.303660735093057,98.63154588701809,14.45648405784182,0.6680980037148809,1000,93.11818247430479,84.02240635869703,91.84390287630116,1,24.98070369638125,24.98070369638125,33.9296427103456,42.16854837302111,1,3.46345858139426,166,3,1.094302239858294,1.176782925429006,33.72764431278908,9.256275806775447,1.005119221737421,31.69336013491827,4.166845759189379,9.179575918296896,13.34642167748627,7.278298112330075,1,1
411,120,0.4871688002774491,18.71233157493919,97.39626102105338,17.5732350596264,0.7068048190585803,1000,97.96462118668749,89.59721350034935,95.4138781592723,1,46.96037251368332,46.96037251368332,42.53849072941881,50.97648483725675,0,4.749358210690907,88,2,1.077797869050726,1.171187936946563,51.74906350159363,11.84609927170464,1.579619682880347,35.24227587299314,4.63343511512912,12.99612655858681,17.62956167371593,6.882790209370632,1,1
412,120,0.6879115872376598,19.55438098707795,99.25346141635062,15.76290515006334,0.7617128955256194,1000,99.22411279551736,95.26490014452817,98.48336650921505,1,55.73375054910506,55.73375054910506,37.68423724496591,46.01199067193011,1,5.168313695791682,88,2,1.082306220132873,1.182083189396831,63.74728826489468,11.4880429605199,1.702150753986474,34.62574175570968,4.552377046149941,20.48029553511114,25.03267258126107,8.710593673549972,1,1
413,160,0.5067049770466052,16.66857731824741,98.26680666739233,16.13819432206452,0.6197458128910046,1000,98.33983142815535,94.66697473282379,96.63541202654493,1,38.30903201196269,38.30903201196269,38.72175969318653,47.07351380523085,1,4.284922957345835,116.8,2,1.082153907586202,1.180321676155667,56.85988831893773,12.29056517203023,1.356209180370343,31.98101361006112,4.204664648001188,14.07729229666256,18.28195694466375,-4.767485055258646,1,1
414,100,0.4766031092024408,12.87013470578194,98.6199877398775,21.43739742312767,0.8930696093924577,1000,97.04934964407011,67.87369549489328,95.71005672061278,1,39.04404368569435,39.04404368569435,51.82878011402545,60.46322970518412,0,4.376854277937245,74.2,2,1.065946964477996,1.138284673363821,43.86219031160078,10.46277167864392,1.230088460407848,23.93128828447505,3.146336856540456,10.80530894320363,13.95164579974409,37.14035720900952,1,1
415,120,0.4949065577093512,17.29763979275152,98.9192030269197,19.67919785106927,0.6022011001503328,1000,95.70238627376851,92.05823848330056,94.66803777975601,1,36.14556434650648,36.14556434650648,47.76083522102027,56.31160888679665,0,4.185403352509212,88,2,1.073537982903894,1.166212991458949,49.42536077848175,12.75685088216143,1.355949046714947,26.1668753935206,3.440257937327396,10.00316444768118,13.44342238500858,-1.678053214403601,1,1
416,120,0.486522258539591,17.58730381915346,99.43837943541659,15.01681401331536,0.7489425002125092,1000,98.59897004558955,94.26467896525092,98.04521795334608,1,50.37686591400649,50.37686591400649,35.56837836510323,43.84644702412533,1,4.915413050396574,88,2,1.085600192081982,1.183755832890337,56.24086577727028,10.97987077692204,1.601776940409827,32.62998892555704,4.289987883836111,18.51181899453358,22.8018068783697,9.409429727292352,1,1
417,210,0.3874287948463112,10.00613061641902,98.31316121708558,21.84371603994258,0.618770134500903,1000,87.38895588462124,77.74777648393163,85.91484508477546,0,21.21327222466786,21.21327222466786,52.73557330094093,61.38817760699391,0,3.231761231118669,151.6,3,1.07646177017189,1.146254452122182,30.32483420070891,9.869280803690341,1.013866239643066,25.90623096733979,3.405990030192763,5.870702377269414,9.276692407462178,-77.83682733275529,1,1
418,160,0.6754997785931453,17.26271815950051,97.59070570350683,14.557961639883,0.816781841245154,1000,99.74659524433491,89.30561168345669,97.34340621416703,2,53.45376388797806,53.45376388797806,34.2297359355872,42.47585786570801,1,5.065699649899654,116.8,2,1.085701341447896,1.181076568193183,65.13301819335774,11.18483691313969,1.543403653853965,38.68343575075435,5.085857401131673,19.64247643670234,24.72833383783401,68.37317525860858,1,1
419,140,0.4688739135809242,17.26544767740369,98.18513112598259,16.36282821805589,0.7544330803204095,1000,98.62676316937397,90.79526229384948,96.83681674316215,1,47.9576027860154,47.9576027860154,39.33463067280331,47.70045011447928,1,4.794547838950687,102.4,2,1.081038683250817,1.176288272671714,54.62701457567645,11.4167421097215,1.512291992888405,34.1215965146617,4.486095167209568,17.62282043710113,22.10891560431069,9.580399554311365,1,1
420,120,0.6127773111262358,8.182973004918546,98.58000422316594,16.14962853420526,0.8214615170965902,1000,94.44463291851731,70.21506310874703,93.10352311962795,1,26.46920804345835,26.46920804345835,38.75310112916679,47.10557654248726,1,3.561753052374293,88,2,1.086968722350193,1.158323844289606,32.04288835425271,7.917594959638143,1.033517507100733,22.54950810723987,2.964668997811245,9.726551649036162,12.69122064684741,28.73853780322187,1,1
421,220,0.3163736118447967,8.602253593850881,98.1572137981575,18.20103341820277,0.8096010694640223,1000,93.90749089915515,69.15261421512366,92.17697661436901,1,26.07718584010442,26.07718584010442,44.13926855510329,52.61247316412249,0,3.54265526330671,158.8,3,1.08073456233698,1.150404329054556,32.5367800031482,8.391645619972872,1.025097338879128,32.89755868117552,4.325166290188104,7.216774257296096,11.5419405474842,27.83633110057821,1,1
422,250,0.6456186144413426,18.98382320388779,97.3570082312001,20.20726254839636,0.69094570432459,1000,99.54895040032477,93.49381600985024,96.91787983531748,2,44.09400233208095,44.09400233208095,49.00837519888353,57.58519855097626,0,4.630249462884914,179.8,3,1.06695143235059,1.165652213178054,73.93378196384052,13.7723502025544,1.378401138853324,44.63754258146612,5.868666314156252,12.20286816539563,18.07153447955188,49.50243948039991,1,1
423,210,0.3001374938863329,16.37763680650294,97.1282943017126,18.6878127812352,0.6044204513921868,1000,96.10099785483366,90.25352220507182,93.34126002332536,1,34.52270277293753,34.52270277293753,45.35395942582778,53.8535041163413,0,4.080113449549149,151.6,3,1.076376096508448,1.168004616753292,47.44842575835738,12.51657658318546,1.308475739964261,36.75089500635281,4.831778970476469,9.55404291673455,14.38582188721102,-3.792784213416541,1,1
424,140,0.5375499027708545,20.42732120778784,98.44868655263959,19.36092735490389,0.7008847145939245,1000,98.54725116571308,93.25875731334531,97.01847440637532,1,49.35158013421112,49.35158013421112,46.99758616223227,55.53225308202877,0,4.886264616470649,102.4,2,1.071055806152235,1.168300198174551,61.05595062838378,12.86026979841266,1.588405338922919,34.12601886319233,4.486676590073603,13.65788529687581,18.14456188694941,6.539721911372759,1,1
425,130,0.5782161444276571,17.20799129802361,99.57319787066405,17.5853461490199,0.6573933978717774,1000,97.97545089430315,95.35100119525094,97.55728958365975,1,41.23601799835934,41.23601799835934,42.56974962097064,51.00843672111193,0,4.450559042326406,95.2,2,1.07774358117779,1.176026085323489,58.22762867566828,12.27423474646628,1.401960419811731,33.71683136845166,4.432879164684965,11.41193052765261,15.84480969233758,3.949701343998872,1,1
426,250,0.4808909470334649,19.11841025178507,98.52224470462949,17.45787181767263,0.6232753149085678,1000,99.49167255145255,96.80465916379252,98.02142909187079,1,42.8506779226595,42.8506779226595,42.2399731358741,50.67133838475667,0,4.536107689457618,179.8,3,1.076269676788589,1.177660665537369,73.30436257726143,13.14561771453924,1.454356171535389,49.43282523704917,6.499120236128262,11.85878227950294,18.35790251563121,-4.19578570508463,1,1
427,220,0.6028126902653835,9.130089312728494,99.44652585641936,20.65278675501049,0.8012271735238145,1000,93.5070877273082,72.35847427212991,92.98955017432229,1,26.23028823827449,26.23028823827449,50.04333092436116,58.64150427161456,0,3.576653747763517,158.8,3,1.072984094384935,1.145222264194681,35.23197057042993,9.098933210514938,1.003424148907649,30.55640032290011,4.017365358534195,7.259144835648338,11.27651019418253,28.38037412184114,1,1
428,250,0.3971243026948534,10.62986756264046,98.80123465440188,17.0592934560217,0.8278955425510649,1000,97.08817060305344,81.46314670055089,95.92431125918884,1,33.25832757339489,33.25832757339489,41.19777314105124,49.60584079221763,0,3.994533744132729,179.8,3,1.080622058544924,1.16573434078635,43.20039321503849,10.06247488837632,1.056386990333716,45.03446173891655,5.920850774905213,9.204131294845125,15.12498206975034,27.28944072017858,1,1
429,160,0.5099819383289664,12.8304509835504,97.86106847741904,14.12507413458638,0.6293053475818131,1000,97.12093348576356,91.88062352110627,95.04358322441169,1,31.54048562463896,31.54048562463896,32.93900228462593,41.15394442245861,1,3.893677808048416,116.8,2,1.090448927860939,1.184740443779289,46.42265928794915,11.1258077173335,1.153215236999031,28.5484919130976,3.753378056253542,11.590077117534,15.34345517378754,-0.8277139325511791,1,1
430,140,0.4171042930146679,23.13531638251617,98.19333576609677,17.14962622668967,0.631430296078627,1000,98.43620400459207,94.4460631838738,96.65779231362912,1,52.22402540298497,52.22402540298497,41.43546755088988,49.84886984003748,0,5.005979278134157,102.4,2,1.078631656189472,1.176735252321151,58.51282151677445,12.55188464316141,1.843174713617281,42.69907339956016,5.613808449431299,14.45282495019141,20.06663339962271,-5.033430649617765,1,1
431,200,0.5600739818589762,8.881733013186604,97.09389152606251,18.51567871939391,0.6455744394471868,1000,88.56882360126519,75.77265109083187,85.99491751332208,0,21.03353691423676,21.03353691423676,44.9269894787522,53.41731267304436,0,3.183598680536582,145,3,1.086222318174573,1.155616953955411,28.04334467333032,8.863244077012657,1.002086023583836,27.23424745658933,3.580589373803108,5.820961229225309,9.401550603028417,-77.87505401473507,1,1
432,220,0.468521533286944,11.98900184854865,99.7149749885031,14.11649897444621,0.6736500550109893,1000,97.58075704433908,94.46466306111631,97.3026274803547,1,32.31496565870727,32.31496565870727,32.91315066801121,41.12746454157895,1,3.941249723958275,158.8,3,1.089903165863087,1.186951243329059,50.75639189770806,10.8437999515054,1.105608910360272,35.79250241298342,4.705775476485313,11.87467271405297,16.58044819053828,5.594306538441695,1,1
433,190,0.4877285261337645,8.482730019230395,97.39984124520331,16.6642682105042,0.8921562509362819,1000,96.85565691330895,61.44684788179142,94.33725607056169,1,29.03440869141873,29.03440869141873,40.14777042562412,48.53212295640941,0,3.731123367597975,137.8,3,1.082240745993997,1.148009094608565,35.87671499408885,8.371518337897619,1.013284529382122,37.67041276124979,4.952671442627771,8.035175823987828,12.9878472666156,36.52273031178606,1,1
434,210,0.4020837685199454,18.21730520180985,97.16220125196695,14.18276431988925,0.753720134826377,1000,99.52957837748559,90.7220816893673,96.70512924836673,2,52.05622387208234,52.05622387208234,33.11263098827339,41.33178893064633,1,5.00173578258941,151.6,3,1.087236187174931,1.183557136244777,60.55397075789283,11.15285807134427,1.63342033811196,45.81255399715749,6.023149502862974,19.12892706552786,25.15207656839083,54.6765097579795,1,1
435,240,0.368106834391132,15.36466197202727,97.07290279390274,19.07902855273895,0.7335911140453304,1000,97.91382540592699,87.38060121893014,95.04779255808715,1,39.12342511839927,39.12342511839927,46.31419110520864,54.83432723328684,0,4.347420340022674,173.2,3,1.072797473524584,1.164199646263201,52.03510062969487,12.19682192705849,1.259726678303056,41.95207206983574,5.515597363272541,10.82727749009994,16.34287485337248,11.45510786062486,1,1
436,190,0.4835975331633351,18.25344886267185,99.29942883585855,14.02675824011676,0.7670317966649774,1000,99.67166639677845,96.69618038124388,98.97339544318335,2,54.40775800987625,54.40775800987625,32.64193370382856,40.84964733088231,1,5.114818076088663,137.8,3,1.08758207616669,1.189109886143048,70.71108246749016,11.11811164231453,1.641776000269765,44.57818092014351,5.860861812339858,19.99303747669586,25.85389928903572,59.9321635092407,1,1
437,140,0.5280382396163419,14.26138391812146,97.00705045295921,14.23221273244545,0.7642430704273749,1000,98.63526835005223,87.24391112169528,95.68316453274687,1,41.81028998782357,41.81028998782357,33.26105406326792,41.48381049962461,1,4.482204561306482,102.4,2,1.088193273842852,1.180380013626432,49.55495213466602,10.65253972551049,1.338777820651405,31.45332332115891,4.135287212692426,15.36388789419223,19.49917510688466,12.30613241080669,1,1
438,170,0.5889466403350234,16.83594288657233,97.22383987374405,14.90350744854286,0.822560089699016,1000,99.65235865644327,87.20973917972978,96.88584961054951,2,52.02461520410483,52.02461520410483,35.24055719593395,43.51083913883127,1,4.995646170971998,123.4,3,1.084657863890199,1.178092566780364,61.81974657416848,11.22837957975821,1.499409845114523,40.96159282194579,5.385375315623886,19.11731193366839,24.50268724929228,69.15433782987664,1,1
439,140,0.6040520176500082,22.7731083455272,98.30526141785731,20.4791835622564,0.8800612285060343,1000,99.46549509552362,85.51095347518472,97.77981497422053,1,67.08121212314508,67.08121212314508,49.64191912524774,58.23183985549338,0,5.716249785349231,102.4,2,1.066141926992226,1.157848629271848,66.48756514757817,13.47489103229711,1.690040260135966,39.24242153964213,5.159349374023117,18.56450185103999,23.7238512250631,25.08756375542302,1,1
440,230,0.6616750202045776,17.88699880224839,98.45228329846177,19.97982324919477,0.7530417032586644,1000,99.45824976023592,93.94021119344961,97.91891781763914,1,46.14753807837751,46.14753807837751,48.47388196837392,57.03958672695472,0,4.733418082819103,166,3,1.067830387234684,1.166792790013487,72.34303639293631,13.35795093895238,1.339052590026297,43.883091616706,5.769475796342916,12.77117733806405,18.54065313440697,13.19131442615213,1,1
441,130,0.3128789427997544,20.804667066589,97.06158897113779,14.93960273570381,0.6212704462403431,1000,97.18963075363305,91.13255574885891,94.33379992465784,1,47.92301383116905,47.92301383116905,35.34518073107074,43.61795037935121,1,4.794519592656548,95.2,2,1.087623874256785,1.181363176945693,46.8616750867493,11.48006492335655,1.812242979938315,32.87919530090044,4.32275198722692,17.61011014916026,21.93286213638718,-9.175787600771345,1,1
442,220,0.634095161611773,14.51943776566163,99.55263331043263,20.52809346548095,0.7765564173017862,1000,98.27524927471063,92.59299603938813,97.83559854536625,1,39.09149327640662,39.09149327640662,49.75524974997165,58.34750404498936,0,4.364409646541531,158.8,3,1.067471612824964,1.16381201139469,60.54071535997119,12.77187648010307,1.136828858960626,38.4464107342889,5.054694827000168,10.81844045926795,15.87313528626811,20.26306298700336,1,1
443,210,0.525586691764742,13.53861262671277,97.01298700893635,19.0353806531746,0.695161793673411,1000,97.12224461626676,87.66224432063493,94.22119055236625,1,32.94599777956964,32.94599777956964,46.20774621041983,54.72560975007036,0,3.98903872137681,151.6,3,1.073933929775575,1.16459230880723,48.9923822896252,12.0913041868893,1.119698290395572,35.28958428434846,4.639654930648544,9.1176950655033,13.75734999615184,8.866495151444875,1,1
444,160,0.5585037405623123,20.32878147487715,98.32523200782228,18.92308518535271,0.8979771168567706,1000,99.63811891430092,84.42344034487654,97.96941159071622,2,63.42383054775258,63.42383054775258,45.93310087559621,54.44508919983343,0,5.533206047911607,116.8,2,1.071157941214879,1.162118470758418,66.74490975743504,12.85050039458974,1.581944737610053,42.93786920538296,5.645203835927687,17.55233369132204,23.19753752724973,87.51507090016941,1,1
445,190,0.5789282912808471,10.46037253489718,97.83839211943364,19.16792347458564,0.8417198816715041,1000,96.51696347706194,73.4362264196113,94.43064518845841,1,31.62758215117982,31.62758215117982,46.53045423017261,55.05519984550551,0,3.909689752979863,137.8,3,1.074243334468403,1.151234510260601,40.84400877956854,10.15213150927471,1.030362197863657,32.5359392235019,4.27762281429179,8.752827935065177,13.03045074935697,30.20800835058286,1,1
446,130,0.3830908159815706,21.77740189269185,99.00821648771078,18.38267276290059,0.8249281888369471,1000,98.75363806432397,89.98046949859675,97.77421576421622,1,63.34290148978075,63.34290148978075,44.59516251556158,53.0782912382362,0,5.523263981955438,95.2,2,1.074086760122487,1.168796000875799,57.74985310079087,11.90890017058784,1.828666088450121,40.1454031044856,5.278067770812757,17.52993684429186,22.80800461510461,19.34380624806875,1,1
447,110,0.6436835244548507,14.90072284501791,98.34762315501798,20.18270996651985,0.6249667162918718,1000,94.72896315451082,88.91304452600805,93.16368370185415,1,32.07371612077921,32.07371612077921,48.95087835642386,57.52650867960176,0,3.948704275688629,81.39999999999999,2,1.073053162021919,1.161820967358046,45.08625308776995,12.25652111932527,1.21573835674492,23.11840565383173,3.039464106923635,8.876294024038577,11.91575813096221,2.51850615029786,1,1
448,220,0.5775570388861,19.08877970576286,98.69274149721473,21.48865039767884,0.6267434209782164,1000,98.72523861542626,95.78497634916981,97.43464453923106,1,39.67127552508242,39.67127552508242,51.94381768990684,60.58058046729406,0,4.412805065357394,158.8,3,1.06367699449328,1.163260412353807,70.18298091871512,14.45759908905263,1.320328471427665,38.20659181669447,5.023164928134987,10.97889326398148,16.00205819211646,-1.193950165665502,1,1
449,150,0.4514105761777609,8.338124821167439,99.15745228906732,19.64497399441339,0.7173857833177317,1000,89.54545691885218,72.14292737845082,88.79099372133821,0,22.04355552563855,22.04355552563855,47.67917872967735,56.22823535546195,0,3.26819461321006,109.6,2,1.081235318437812,1.148407137459855,28.63332327893388,8.21425361369406,1.015080032014944,21.98490147233258,2.890438031064314,6.10048051320205,8.990918544266364,-77.2323276925834,1,1
450,190,0.3686787724857218,15.7089987328127,98.9533008563952,20.01736658660136,0.7408756651638542,1000,97.17508811280894,89.3342108126833,96.15795729773498,1,40.33934946745563,40.33934946745563,48.5624024021256,57.12995293156837,0,4.42604465290286,137.8,3,1.07056551777861,1.162741297329444,51.7280607072945,12.11795978071557,1.296340226991996,36.45174724744643,4.792448884765655,11.16378050062012,15.95622938538578,14.73128173576517,1,1
451,140,0.5472526787446812,9.411220782186836,98.08793302644591,20.71966723572835,0.6190392603560351,1000,86.86308111609048,76.67901144545999,85.20220082985824,0,20.51489846870828,20.51489846870828,50.19734678511742,58.79867710188296,0,3.163839394809395,102.4,2,1.080878268069228,1.149046930050305,28.41794887229485,9.295926671628111,1.012402648453608,19.75149982939851,2.596804281761309,5.677429768220121,8.27423404998143,-76.83349916051074,1,1
452,260,0.6771566153053193,10.12321771028638,99.24944880371979,20.07796313583478,0.6855286900548963,1000,91.9025470289248,81.15273671968177,91.21277136278721,0,24.89092795539341,24.89092795539341,48.70503383796722,57.27555478625374,0,3.477400476535526,187,4,1.076893753754225,1.155301946346947,35.60795050308118,10.10791794213204,1.001513641903499,34.3690589147798,4.518629983590708,6.888481341895274,11.40711132548598,-79.75148259922854,1,1
453,170,0.6630030804933048,23.5362203562893,98.02649890586221,21.91818960219808,0.7345716929881834,1000,99.32016134264936,93.07238654618936,97.36007687185277,1,55.88795252790106,55.88795252790106,52.90050464933609,61.55639152236034,0,5.247319485120797,123.4,3,1.061485279251567,1.159542746557171,73.01201277443991,14.28474136939285,1.647647636569683,39.8402308883699,5.237945626958936,15.46680456892153,20.70475019588046,8.10343647255484,1,1
454,130,0.3460612814071588,23.70613516644016,98.28374075279665,19.4753941586446,0.6330299605563982,1000,96.884766018199,91.99481542039281,95.22197226228033,1,51.18801637366541,51.18801637366541,47.27309462852827,55.81359040818609,0,4.977885083120388,95.2,2,1.072750607434503,1.166844458853702,52.36614374147207,12.77483578666418,1.855690011388428,33.47656179320925,4.40129001615672,14.16611290469066,18.56740292084738,-3.177844432420276,1,1
455,150,0.6651170553876087,15.23974689406156,98.2960783313092,15.91745689747482,0.8498476891549538,1000,99.37354856846557,88.02554701378475,97.68030114146052,1,48.50847136910915,48.50847136910915,38.11360745705554,46.45132229603195,1,4.821623185045496,109.6,2,1.081598628261197,1.175394460849668,58.83440345893843,11.31457740566451,1.346912602005972,35.48065363416234,4.664775539715991,17.82524627910198,22.49002181881797,22.21768516187272,1,1
456,110,0.5122612484581768,9.797651090107859,97.02073012401806,21.90002173729427,0.8169294159856858,1000,93.54442517488202,63.59618563405376,90.75748429498631,1,27.08207244048502,27.08207244048502,52.86030548963771,61.51539284658361,0,3.652450369532501,81.39999999999999,2,1.068743531310365,1.132539127351343,33.84596101860426,9.182727019623242,1.066965300086842,20.09652620963363,2.642166203096598,7.49487327432943,10.13703947742603,29.00113341672959,1,1
457,180,0.3028296841046773,16.43724039588869,97.54677577081257,16.31216920600831,0.8035644996609539,1000,98.40281687807527,85.08768585132705,95.98877513221939,1,48.49590533895837,48.49590533895837,39.19693959104944,47.55960628092686,1,4.821296924291514,130.6,3,1.081489879874021,1.171488071003165,49.55169907798579,10.96664668529091,1.498839241163413,40.60528289196083,5.338529903386289,17.82062868188923,23.15915858527552,14.50916353960304,1,1
458,120,0.6888341153835877,15.18144219121337,97.54486726995353,18.72216226549819,0.8467621428228915,1000,98.34208420279398,80.18521657796289,95.92765550612134,1,45.197048466997,45.197048466997,45.43883099047861,53.94020389632595,0,4.668823738936758,88,2,1.073461199871915,1.158983817111727,50.18318547538866,11.56413650175987,1.312803786854557,31.1758493491063,4.098806661598728,12.5081325064132,16.60693916801193,26.88053509309564,1,1
459,130,0.5724353448021225,9.524397791661322,99.62238916083601,21.39767459519766,0.7614501056257635,1000,92.00032228334629,73.67348020010721,91.65291909433859,1,25.53807870368662,25.53807870368662,51.73949039380938,60.37214252705849,0,3.539224134132959,95.2,2,1.072335406161737,1.14395934498451,33.97821933076326,9.222551965188806,1.032729100102862,21.24326095539018,2.792931751209193,7.067578154316258,9.860509905525449,24.57940181157052,1,1
460,190,0.5835976841218768,19.89247699378803,98.51574140790252,14.91419036238082,0.8487421301162337,1000,99.89694097487661,91.78589741861292,98.41421204521448,2,63.70202130634651,63.70202130634651,35.27154078054161,43.54255969429943,1,5.527892415535468,137.8,3,1.084314071232853,1.182006013589825,74.87247025495793,11.37646184698743,1.748564471216129,48.81558464428134,6.417969284148874,23.40836942937213,29.82633871352101,71.25298242780077,1,1
461,250,0.479877624963969,16.57082361799851,97.91439777316793,15.60284404494427,0.6320058200916974,1000,99.40481511625265,95.5757159083736,97.33162607860977,1,39.11992405820594,39.11992405820594,37.23640316021311,45.55372329097293,1,4.330157705686338,179.8,3,1.08261735997055,1.182880360211867,66.2334558054452,12.38262462883984,1.338231926969999,42.90556655443514,5.640956884404103,14.37526809392208,20.01622497832618,-5.181316468203374,1,1
462,150,0.4173486743183806,9.785761986225843,98.62578676709936,15.96578079975955,0.7646815855347086,1000,94.78983607583294,79.74101148856705,93.48722160503399,1,29.05837119965274,29.05837119965274,38.24725268452966,46.5880597648727,1,3.73181666882823,109.6,2,1.087159228222174,1.167849018602619,35.78273397390773,9.101306384517949,1.075204105080146,26.41950781860584,3.473472476417568,10.67798280349906,14.15145527991663,19.56794029126362,1,1
463,260,0.5566994575023652,16.90909009754285,97.73903737845873,18.21308069064096,0.7172398850179743,1000,99.47406486779768,93.34280638355881,97.22499344300907,1,42.89385501777343,42.89385501777343,44.16960455894309,52.64347096347228,0,4.54365738924195,187,4,1.073752053614548,1.172231322888449,68.5279995318914,12.75160427770828,1.326036295456759,49.60938326571807,6.522332986997152,11.87073139665207,18.39306438364922,7.785888699544198,1,1
464,130,0.6120678513124584,18.44616467747837,98.17905886893051,16.89727033864707,0.8137284447145415,1000,99.25683271574248,89.67882219009104,97.44942422342471,1,54.48955303361871,54.48955303361871,40.76920373070362,49.16762128783591,0,5.112242624196974,95.2,2,1.078450229640865,1.173531580326985,59.91764618039861,11.72239559412057,1.573583192050791,44.46290820675392,5.845706473338475,15.07980217021053,20.925508643549,18.76099006359403,1,1
465,210,0.6025255282937549,17.08853341959417,98.77765085306582,20.82448263032176,0.7552018569428008,1000,98.85251073133531,92.99642466655,97.6441879096878,1,43.69184367771241,43.69184367771241,50.43802567349911,59.04427887043624,0,4.618981522255837,151.6,3,1.065750859113968,1.16315668720444,65.56452423776561,13.3822812129759,1.276952198779425,39.6512126423143,5.213094684249381,12.09157209832798,17.30466678257736,15.08090134316415,1,1
466,140,0.3256471447874792,12.72444839862734,99.37317655111927,20.59292383691855,0.7632576505714562,1000,94.4999397265485,80.74714531839302,93.90759194516434,1,33.87080311430051,33.87080311430051,49.90518033043514,58.50051745578367,0,4.063458571945849,102.4,2,1.071957415051706,1.153202763654049,40.34820641849807,10.48798686221616,1.213240306818863,26.40690507088184,3.471815545575136,9.373631859205618,12.84544740478075,21.46404719689908,1,1
467,110,0.5047337015828117,18.68952923825011,97.91815710254728,21.56582776418887,0.7064816094830633,1000,96.38364447430072,87.11179235429842,94.37708841750641,1,43.41389924384279,43.41389924384279,52.11668335298992,60.7569166409844,0,4.617756541534559,81.39999999999999,2,1.066345323541213,1.155601498420542,49.73469274094273,12.6575675258612,1.476549834718619,26.52757321485378,3.487680242213116,12.01465190273601,15.50233214494913,9.534215378046881,1,1
468,190,0.5617286264947615,9.051331236880273,97.60099367432744,18.93092713711597,0.7597880602778402,1000,92.87383567544427,72.49946253680237,90.64578648269563,1,25.09904695929676,25.09904695929676,45.95231728598998,54.46471723015884,0,3.48086530125232,137.8,3,1.079555957618731,1.151146454434544,32.55139884735147,8.977551580044294,1.008218238144126,28.76739234322243,3.782157722564323,6.946077582495512,10.72823530505983,21.3645858796152,1,1
469,220,0.370121693254821,14.0458194321692,97.98661382441855,15.2933623801358,0.8455886682028882,1000,99.03146635236,85.38822640285039,97.03758049934599,1,45.12410229659719,45.12410229659719,36.3611759955686,44.65797744071887,1,4.651210071661294,158.8,3,1.084127316984058,1.17518013027491,52.79005084926678,10.81467020495125,1.298774642775388,43.33988621189447,5.698058530146712,16.58160345725625,22.27966198740296,21.51622763146844,1,1
470,110,0.5966785531871021,18.90929228650034,99.7980942390418,21.72007928513177,0.618539665037929,1000,95.8020855350709,92.90265121528073,95.60865560525748,1,39.04230320213536,39.04230320213536,52.46089920933258,61.10802346747403,0,4.381970675628238,81.39999999999999,2,1.066550519161984,1.160065506549188,53.54029260223147,13.4035629041907,1.410766109105829,24.87856385717437,3.270878753836384,10.80482727018028,14.07570602401667,0.6528276724620257,1,1
471,240,0.5245836234692484,20.99534278661758,99.65536744359015,17.9604574112203,0.8630251869549277,1000,99.87664022858957,97.11664939205828,99.53243281011352,2,64.95998747038179,64.95998747038179,43.53050152215422,51.99038255031218,0,5.58909653254112,173.2,3,1.074095037077656,1.176227868405996,87.37327330791626,12.6324277830995,1.662019617060985,59.09492919699912,7.769433536421317,17.97745999913658,25.7468935355579,80.20921617207691,1,1
472,230,0.4237386302274652,11.91311159132048,98.38349491195339,14.35415942065045,0.8952636274444639,1000,99.16541508226999,81.69345061183608,97.56240110188256,1,41.93020154512892,41.93020154512892,33.62552068934582,41.85709282282664,1,4.487799358360357,166,3,1.087117589580951,1.175039591320137,51.24603587894769,10.29857013848145,1.156773360877174,42.60563040414742,5.601523145900717,15.40795139445004,21.00947454035076,29.9754138686604,1,1
473,160,0.6840527770379558,23.22989498399571,99.09050979426667,14.95437760398909,0.7892543502211338,1000,99.90452960059685,96.36348083000006,98.99590768879547,2,69.04654524408933,69.04654524408933,35.38795438004831,43.66174038764046,1,5.75490760095594,116.8,2,1.084169365833193,1.185715082161504,81.46398702816943,11.48908310600349,2.02191025773477,44.85388849963422,5.897110129131978,25.37230382569469,31.26941395482667,58.69556657681899,1,1
474,210,0.3862489080445841,18.26641519102454,99.49908123091183,17.12406012354419,0.6579794192306232,1000,98.70806996915921,96.59616784521316,98.213622720079,1,44.0415328978751,44.0415328978751,41.36828475192647,49.78018050749284,0,4.596995231331695,151.6,3,1.078376654253683,1.178610985975737,64.06903409872611,12.40449388618118,1.472564326979406,48.09263923574741,6.322920920805536,12.18834742437727,18.51126834518281,1.267052243841257,1,1
475,120,0.6642409104213118,10.55955597183481,99.0500106270939,14.26396243471839,0.7222154636035441,1000,95.73871222751779,86.88042394710523,94.82920463559921,1,30.53854544296648,30.53854544296648,33.35615934498099,41.58121902426086,1,3.830476261029042,88,2,1.091704251419484,1.179955076203608,39.51149354853653,9.626735720501717,1.096898915521956,24.43138576205981,3.212086560730372,11.22189749877542,14.43398405950579,13.86403512768785,1,1
476,120,0.3622844635459594,20.56372299277037,97.99138129597721,21.77867665675841,0.6362526388439582,1000,94.9104208484549,88.17827169326689,93.00403238322608,1,42.65625543788855,42.65625543788855,52.591215415676,61.24094169842084,0,4.581453655247172,88,2,1.067460923808705,1.155816061655949,46.98149776487925,12.81956930635774,1.604088444888082,27.18857173618179,3.574584214329077,11.80497650491753,15.3795607192466,0.2762708909121081,1,1
477,110,0.5398847298885695,23.14223337305337,98.64368582058701,21.87849928483926,0.7342285473913187,1000,97.64873376444798,90.21217343697826,96.32431014238354,1,55.35841209341827,55.35841209341827,52.81265381977482,61.46679297709915,0,5.221482365601178,81.39999999999999,2,1.063714546493702,1.157238805900731,57.24096277761129,13.28003307564602,1.742633714933545,30.32224210380063,3.986579693079966,15.32025601881319,19.30683571189316,10.14358454663668,1,1
478,170,0.4296087753526866,23.4136511583887,99.73407928926531,19.27124858850054,0.8559483342167689,1000,99.47856793375853,95.40247035088835,99.21403381888038,1,69.69434156648687,69.69434156648687,46.78094200431264,55.31101366441999,0,5.805275933512128,123.4,3,1.070187771813465,1.170399276702928,73.57436657427039,12.8649605187587,1.819955150600634,48.03490555190619,6.31533045533731,19.28767671405335,25.60300716939066,21.58427364289468,1,1
479,160,0.500528317368403,22.0643889106065,98.10000565944208,16.72156533797644,0.6093240378507413,1000,99.17360601106728,95.89391170491733,97.28931310952979,1,48.52309063738963,48.52309063738963,40.30115221950405,48.68898421795785,0,4.823621335575409,116.8,2,1.079145711814191,1.179382620149475,65.83430306238476,12.90316145422169,1.709998668844636,45.39526422746174,5.968286840784612,13.42860359026212,19.39689043104674,-7.465415962572973,1,1
480,200,0.6837913744207471,20.08927052370459,99.09849918034915,14.38105651873909,0.7182570312192198,1000,99.93301599533409,97.58798146555763,99.03211903703433,2,55.3100209093595,55.3100209093595,33.7056116572017,41.93911707640467,1,5.154126336032321,145,3,1.086061572242597,1.188653302941584,86.20987669952601,11.58008389202357,1.734812175025968,46.27570877135944,6.084042210310723,20.32458901682597,26.40863122713669,49.12596136159221,1,1
481,200,0.3066769542607479,11.72297395189479,97.3059479292978,15.74998748769611,0.6770437783536035,1000,95.00764849119484,85.01456738100643,92.44809296969233,1,30.06987300814147,30.06987300814147,37.64821493406328,45.97513078428824,1,3.796263728775559,145,3,1.087614794185671,1.173313950511001,38.40381782403311,10.2504119608659,1.143658810655694,32.66608880199767,4.294734070936927,11.04967600139172,15.34441007232865,5.208288554411006,1,1
482,170,0.5496368861782364,20.59662707441673,98.4261407971365,16.45486448164657,0.8305291559273377,1000,99.73079525986577,91.63371845736049,98.16117296057941,2,62.46329575627853,62.46329575627853,39.58401540950018,47.95553439593857,1,5.472017978370154,123.4,3,1.079341943165604,1.176695094060455,69.50809599034824,11.85731026075813,1.73704040979525,45.58183948297898,5.992816594301189,22.95317908057381,28.94599567487501,68.31300745823386,1,1
483,140,0.5895501044395379,17.13629237280786,99.11067108489856,15.94261316156201,0.7803589500838425,1000,99.19494439644183,94.18909340426741,98.31277507360548,1,50.13142735225505,50.13142735225505,38.18321577309405,46.52254168120777,1,4.901618423491702,102.4,2,1.081738515731356,1.180578952159341,62.14466890040909,11.45133529612952,1.496444906176122,34.98190599900246,4.599203304407876,18.42162850437532,23.0208318087832,13.12704393670556,1,1
484,110,0.3310416744478047,18.19391991052031,98.88614455585684,14.04561978987977,0.6213383230512729,1000,96.14408385776458,92.06078186809363,95.07317774549333,1,43.73810065891008,43.73810065891008,32.69904018638658,40.90814489470944,1,4.585801123686385,81.39999999999999,2,1.091934151801343,1.185160876523856,43.95837024831843,10.85174256360373,1.676589709337736,29.00825936745279,3.813825419967511,16.07229405546083,19.88611947542833,-5.549808112269126,1,1
485,150,0.6639088314389809,17.82033948885277,97.96547844231422,18.97131160752662,0.7789631797905313,1000,99.04207192164645,90.22383548331001,97.02703961722192,1,48.32231335640404,48.32231335640404,46.05118966175172,54.56570618493265,0,4.830298076853746,109.6,2,1.071745053430285,1.167025700454517,61.32718105922995,12.56085699639437,1.418720035899473,35.47356638807321,4.663843752704921,13.37303914700696,18.03688289971188,16.72599278202217,1,1
486,180,0.5662381500758231,10.46978316606954,99.06266289648859,16.07931439989991,0.6109063823492266,1000,92.60052909639496,87.20774112622965,91.73254997912659,1,24.74123108750626,24.74123108750626,38.56011906535065,46.90814967644866,1,3.443492918113602,130.6,3,1.089482634191121,1.174136580561529,36.114454869465,10.30709295074267,1.015784296901596,27.61019740522674,3.630016933471082,9.091577716955632,12.72159465042671,0.4734491292179245,1,1
487,110,0.605415660056565,18.04098988593742,98.82604983745173,21.6435596381519,0.8784890758838737,1000,98.17252919794052,80.14117451243153,97.02003263184355,1,52.60196075529468,52.60196075529468,52.29035692477754,60.93407030678816,0,5.084642090131001,81.39999999999999,2,1.063848999180726,1.149119094900642,53.55128325274863,12.47891092859024,1.445718299391335,29.57992000962448,3.888983803691685,14.55741729915862,18.4464011028503,30.84054569291725,1,1
488,190,0.488777392399963,15.30100265170261,97.79873668218106,20.2634567735251,0.7426354222288588,1000,97.67454727953691,87.85699785598067,95.52447329942673,1,38.78866594814671,38.78866594814671,49.13978663896461,57.71933396846907,0,4.343572448583163,137.8,3,1.069113647255285,1.160632075577559,52.98261742046319,12.49509051044116,1.224561169758377,35.43629038108038,4.658942935278295,10.73463400559644,15.39357694087474,14.35483953258138,1,1
489,130,0.6664753758890554,14.52970907151327,99.29204635645358,15.46153178136051,0.6649689567410387,1000,97.97295223780547,94.67488315424963,97.27934915274794,1,36.99288416570805,36.99288416570805,36.83830946372876,45.14631779858314,1,4.210999589861973,95.2,2,1.084889097134742,1.182603909702352,54.22327927065923,11.48796461915848,1.264776620854321,28.33593339207312,3.725432184684859,13.59365183475885,17.31908401944371,3.264752170696866,1,1
490,150,0.5260026754626073,13.0903495802395,99.71202386708265,17.03400945642777,0.8435454719651257,1000,98.32435095538357,89.60034142801881,98.04120029178617,1,41.45558885445688,41.45558885445688,41.13108383215121,49.53765251141903,0,4.459614385173201,109.6,2,1.079160683259538,1.173004050591484,52.81539425879487,10.88541385581642,1.202558740864494,39.39531820618255,5.179451276246676,11.47269603017476,16.65214730642144,28.86664770837965,1,1
491,130,0.5514919598031789,8.585048909168691,98.25988759897474,17.47319952753186,0.8480182368152775,1000,95.28932764301645,67.60868758489565,93.63118623584674,1,27.69447099316348,27.69447099316348,42.27971550728188,50.71196440987001,0,3.646778423844203,95.2,2,1.08147000379596,1.151359227763346,34.14081997095045,8.320970665905163,1.031736470883809,27.17778239127426,3.573165698403944,7.664352532454684,11.23751823085863,33.40069954086395,1,1
492,160,0.5928452096377499,8.005111581914127,97.03096192074248,21.27321798904985,0.6129632428710116,1000,83.02515700831282,70.59505376657566,80.56010848137267,0,17.17826878405051,17.17826878405051,51.45898587025545,60.08597983240173,0,2.90124960955532,116.8,2,1.083627360760857,1.141456934643197,23.1701038972175,7.996054212277282,1.001132729893569,18.93352432835119,2.489261953237277,4.754028625090031,7.243290578327308,-75.82219337736819,1,1
493,140,0.4203950306667015,21.38752413764223,98.35818522767947,19.51015597806126,0.8502255046085687,1000,98.98248386736752,86.27754472721863,97.35737482522329,1,62.30147648275985,62.30147648275985,47.35653795539696,55.89879581546188,0,5.492264759848768,102.4,2,1.070007755275204,1.161782960825361,58.96574231599247,12.50893646560827,1.709779580098158,38.80241741347655,5.1015003697101,17.24172594501551,22.34322631472561,22.50799084901842,1,1
494,180,0.6371436283346266,14.92716398781538,98.17091268276202,15.62209528042376,0.7018489802654134,1000,99.11733007104087,93.9164530342106,97.30438755752655,1,39.46749285063229,39.46749285063229,37.29043797126002,45.60901932135494,1,4.34932801755334,130.6,3,1.082913933635993,1.181427859265033,60.54021095111585,11.72521636362817,1.273082178177941,36.04868032962437,4.739456154741237,14.50298803951234,19.24244419425358,5.284783024661944,1,1
495,240,0.6422057548560202,14.46315245939419,99.35155465946509,19.39940773131885,0.6371552428064402,1000,98.00045605068449,95.42499431550149,97.36497665972085,1,32.64767565236831,32.64767565236831,47.09033091638008,55.62696188456192,0,3.974635131919186,173.2,3,1.071611585116733,1.169987038973046,61.28314228773545,13.16108172214187,1.098933413281809,37.4652820756834,4.925702136640862,9.03513541120742,13.96083754784828,2.860698008625209,1,1
496,170,0.5860012387154623,17.80465952338278,97.67286379411318,20.22956555865519,0.6501956744489958,1000,98.21693192333831,92.750885406957,95.93129014023908,1,39.15359549491806,39.15359549491806,49.06056177482122,57.63846733881036,0,4.363471042057406,123.4,3,1.068548633500604,1.164949685452853,59.89501079945641,13.46851245725014,1.321946991540145,33.51473488346266,4.406308776507799,10.83562704123359,15.24193581774139,1.88796961229164,1,1
497,160,0.4027586353921331,13.17067384014279,97.27135751683421,17.03063965595886,0.8849605189796537,1000,98.53201035428722,73.57218335188195,95.84342406024284,1,42.67108229089634,42.67108229089634,41.12219034142106,49.52855904780506,0,4.524506948322964,116.8,2,1.078911677205199,1.158550297516515,46.88314285100058,10.66915773856588,1.234462378650066,41.16016790536334,5.411482731836515,11.80907978706459,17.22056251890111,31.07496334726375,1,1
498,230,0.6907427766936831,21.7167550403066,97.72482657610628,21.24212650149875,0.7442473119598114,1000,99.70970702643143,93.01603778180805,97.44113827112378,2,53.02754371071419,53.02754371071419,51.38873267815649,60.01430681679915,0,5.096737658967792,166,3,1.063268921337917,1.161768728856444,79.77866359555482,14.14338536751329,1.53547078552982,46.47207946685568,6.109859807317613,14.67519596346112,20.78505577077873,57.9866938606848,1,1
499,180,0.4816812787370756,8.311556915849447,99.02823396515446,15.41826702353545,0.8955040930408984,1000,97.09748828718038,69.57393297613751,96.15392787531744,1,29.81641320233028,29.81641320233028,36.7159112837362,45.02104954740884,1,3.780610155079815,130.6,3,1.086129196072559,1.160168159881505,37.52169632031212,8.172394216499544,1.017028387968478,30.69545048741531,4.03564680883982,10.9565379714163,14.99218478025612,36.9216598494784,1,1
500,190,0.3016295970182866,15.89045574717596,98.21405428812308,19.59959078868665,0.8045182276102015,1000,97.54689059883884,83.91637029243023,95.80475608911961,1,44.33026230255479,44.33026230255479,47.57074298096035,56.11751718704426,0,4.634054502550589,137.8,3,1.071505875262269,1.159392203043644,49.17932200808072,11.6494982026306,1.364046370991988,38.91561511862129,5.116382899540462,12.26825232469103,17.38463522423149,21.17929517306595,1,1
501,150,0.3963763249121606,17.85300941673666,99.47379663966403,15.53546546028368,0.7533404820157215,1000,98.65277945185457,94.39005172706423,98.13366521131407,1,50.89693158275351,50.89693158275351,37.04691009565653,45.35980218078123,1,4.93923569694232,109.6,2,1.083788467337473,1.18211673464709,57.44419182552652,11.15162103916634,1.600934012556017,36.4595354663349,4.793472831318147,18.70292579227582,23.49639862359397,9.351682460855141,1,1
502,160,0.4673656153441407,21.51306499744579,97.66475591058627,20.56870365344733,0.7916745877629379,1000,98.89849619117059,88.09405754373599,96.5889749043472,1,56.66697973755824,56.66697973755824,49.84920585400039,58.44339262828748,0,5.255464357616123,116.8,2,1.066553315236419,1.159811942246506,61.11036161447603,13.15612417716397,1.635212978210373,38.06218096861961,5.004178688515078,15.68239775243678,20.68657644095186,15.48144358660647,1,1
503,160,0.4900617924983613,14.18719598522782,97.03482777697261,16.49967431976646,0.6077421743018087,1000,96.69795133732623,90.86145093597949,93.83069054403532,1,31.66028383806856,31.66028383806856,39.70507680651906,48.07935761619717,1,3.895842884088288,116.8,2,1.082991002471752,1.175884737407502,46.94057656766676,11.95030827985326,1.187182426845479,28.67747446925802,3.770335880064541,11.63409896769559,15.40443484776013,-4.464791337191277,1,1
504,180,0.4198659093507565,9.557390109732747,99.68650345867771,17.16273332609423,0.7310072643464897,1000,93.39859484228474,81.42276256003265,93.10579347781058,1,26.84179914044,26.84179914044,41.46988309478274,49.88405674476144,0,3.588933666206797,130.6,3,1.084855102549675,1.165349992527882,35.20577157068603,9.216436802437181,1.036994048199344,33.46429656742617,4.399677460598643,7.428378439452969,11.82805590005161,18.4114387138998,1,1
505,260,0.6693563817664049,20.30002702097595,99.6631363288913,19.0632024556268,0.6746081059689866,1000,99.83515645527854,98.96820911182201,99.49884808218616,2,48.09324327347807,48.09324327347807,46.27561546381554,54.79492829484258,0,4.819903932142174,187,4,1.070438735487621,1.174036602109372,96.00866214182373,13.5079752092462,1.502817906201115,51.23480596864503,6.73603344878944,13.30964476512415,20.04567821391359,47.38643436977467,1,1
506,110,0.3245349037405103,20.97116450118646,97.88851777149665,17.83025951866247,0.7334474667396164,1000,97.03491855349662,86.96112313339668,94.98604349279682,1,54.30961951163563,54.30961951163563,43.1986468939233,51.65123037904124,0,5.109372790571278,81.39999999999999,2,1.078095785607541,1.168032313023602,46.72709696767428,11.2592597022174,1.862570458078731,36.02794697879943,4.736730262800751,15.03000616778012,19.76673643058087,8.859108948434036,1,1
507,100,0.5848730350590311,21.14477460233122,97.34392733863687,20.50771305609122,0.6447321039317642,1000,96.80149192135681,90.0109061170877,94.23037395864201,1,45.30282909188149,45.30282909188149,49.70804859411271,58.2993313254683,0,4.698035236315381,74.2,2,1.069382818852295,1.161675681907616,51.70351829151945,13.02235765951748,1.623728602391551,26.73102062838176,3.514428242067606,12.53740694174789,16.0518351838155,0.1128201755252853,1,1
508,240,0.5051671367975883,12.03049635290727,99.50889264957824,14.97665273422189,0.8853098375562345,1000,99.21534779517428,90.54057438073858,98.72809392940567,1,41.80909363560268,41.80909363560268,35.45238471532821,43.72770090837992,1,4.478106232863398,173.2,3,1.084961401632268,1.180731681350105,57.32098136704539,10.65043404484808,1.129578034308072,43.59336788983713,5.73138472371758,15.36344827462947,21.09483299834705,29.87799192728802,1,1
509,130,0.6087587730110623,8.061884120140224,99.10199113461411,21.2327806707453,0.7815665964523097,1000,90.92107090936406,65.69592344749047,90.10459163209417,0,22.53130196585856,22.53130196585856,51.36760119548546,59.99274805192397,0,3.322144599489291,95.2,2,1.07421420192309,1.136850560572453,29.56007594395794,7.935828408886161,1.015884379646227,19.8391703726406,2.608330659203114,6.235462714711472,8.843793373914586,-76.87777013418074,1,1
510,250,0.4008138438982889,13.88290036560595,99.17630919192271,18.3435145005174,0.7554471808925969,1000,97.95964391379997,91.42284207235653,97.15275933125675,1,37.99694507401997,37.99694507401997,44.49714823784512,52.97814721731703,0,4.277483011433936,179.8,3,1.075213650451553,1.170163736332837,54.32152387284889,11.77709016494293,1.17880564478749,43.40944405465871,5.707203562447064,10.51552789275145,16.22273145519851,16.64528006790443,1,1
511,200,0.6543523547955788,15.15431682495773,98.35567158496669,21.51506818241626,0.8145511148661375,1000,98.34864909867849,86.61062155519652,96.7314743157475,1,41.29602539046784,41.29602539046784,52.00303805635042,60.64099050435595,0,4.50275689526858,145,3,1.064060429036104,1.155333018661421,57.67011218892104,13.11724642630658,1.155297105234359,37.00907844567381,4.865723322373773,11.42853737339401,16.29426069576778,23.74451323022361,1,1
512,130,0.3093398768928833,18.28488516810164,97.83743270772915,15.54377313497663,0.7573248438655631,1000,97.71589387460372,87.14483016449951,95.60272191432145,1,51.46886951502371,51.46886951502371,37.07030577407608,45.38374499650843,1,4.966895600331473,95.2,2,1.084934222305233,1.175882575422898,46.56280844122043,10.63443927976745,1.719402846456563,34.28595232348885,4.507703646149452,18.91309391778738,23.42079756393683,8.349257272369233,1,1
513,250,0.394919945504982,11.13279257747531,98.19566212895467,16.54646342915855,0.8246331264515407,1000,97.59345044796298,81.93586693360132,95.83253486187051,1,34.69792540838421,34.69792540838421,39.83123770547905,48.20839322231075,1,4.078551157103301,179.8,3,1.081715322239349,1.16788540718453,44.61848303207005,10.30504676521069,1.080324314010786,40.10515831777209,5.272776636703506,12.75033099006759,18.02310762677109,23.24630050443533,1,1
514,240,0.4855028417874128,8.836543393459172,99.04179366128021,20.54658042147756,0.6660066785210743,1000,88.06848445691908,75.00258157788367,87.22460665643844,0,21.13254835269059,21.13254835269059,49.79803739770443,58.39117198616179,0,3.209137544482586,173.2,3,1.080000172903711,1.148068504267838,28.8099906793528,8.823462265396845,1.00148253912907,28.5239239663787,3.750148015508041,5.848362314779279,9.598510330287318,-78.00597674530719,1,1
515,120,0.4275741976392455,8.498316742356867,99.66005474995654,20.78411184811778,0.7676539879920893,1000,90.92511236132211,69.34037031474902,90.6160167607531,0,23.54930276393972,23.54930276393972,50.34542576664643,58.94978642481817,0,3.390553665590053,88,2,1.07571812469774,1.141898197880704,30.34421688290677,8.176615133049124,1.039344105607644,19.75624055911699,2.597427563402599,6.517191042244438,9.114618605647037,-77.19356091645659,1,1
516,200,0.5490006434222683,14.3600094624348,98.5232998724001,16.35848690582998,0.815882021414442,1000,99.17627283673143,90.48279592789244,97.7117366892026,1,43.767889360212,43.767889360212,39.32284282033169,47.68839251653702,1,4.580322303727111,145,3,1.080363393737245,1.176035003942759,58.82638375189858,11.44902879977533,1.254255685226033,40.5261336937531,5.328123859360311,16.08324041023257,21.41136426959288,18.94942350863523,1,1
517,160,0.5883687876654788,12.41023676460236,99.50142841051647,18.42230145373382,0.6889047266315902,1000,95.87763075574438,89.92392017793796,95.39961212812632,1,31.27406392153737,31.27406392153737,44.69420511124451,53.17948376398783,0,3.881260152274793,116.8,2,1.077546977673177,1.168614054925015,46.29339939658118,11.34862191619488,1.093545705923335,29.34885815717288,3.85860522925528,8.65499294340573,12.51359817266101,11.63825323277837,1,1
518,210,0.5224702236087061,23.95032004117966,98.5029917253846,14.28330932749994,0.8685109253772302,1000,99.96687155455926,90.80557276590669,98.47035921551337,2,78.79942632001328,78.79942632001328,33.41403837656628,41.64049877767008,1,6.152863121627513,151.6,3,1.086347658403212,1.183290525148407,82.05086843518234,11.19813253600772,2.138778047515256,58.13467878915402,7.643185788544283,28.95616252506089,36.59934831360517,68.44960634128329,1,1
519,150,0.5211344864868559,15.50300210506096,99.03199589012043,15.43740425791591,0.6216787262706086,1000,97.99976798515435,95.23011874040748,97.05112620338559,1,36.67317058351207,36.67317058351207,36.77008151568924,45.07649040734879,1,4.192805886644593,109.6,2,1.084936664301296,1.183148847923429,55.15137291164555,11.91949154463322,1.300642904691789,30.18253728052318,3.968212172314297,13.47616775042124,17.44437992273554,-3.013084906185739,1,1
520,170,0.3383908634295687,13.66218259039149,97.22321059201064,15.03245656217448,0.8008218428027351,1000,98.02793178117797,83.02223974504068,95.30590255460719,1,41.5321234909138,41.5321234909138,35.61349742585281,43.89263592965989,1,4.463042425027795,123.4,3,1.086263239007256,1.173952778798472,45.19062170876151,10.30776149141569,1.325426728370593,35.99674588601094,4.732628137288835,15.26167097879446,19.99429911608329,16.97430903271338,1,1
521,150,0.4442899650209583,9.935567956674845,98.3297922909278,15.30061403826997,0.8808834206965752,1000,97.64550808679169,73.76767172314224,96.01462528316338,1,34.28073975164639,34.28073975164639,36.38182720315166,44.67911474770744,1,4.054011699163087,109.6,2,1.085840009035799,1.164552410233052,40.55505072728562,9.132891398389646,1.087888547369208,29.02915405307105,3.816572523202618,12.59702916740499,16.41360169060761,32.64034018678879,1,1
522,160,0.3004941618709825,23.62049635817111,98.18072424881437,15.63661620863155,0.6051506404508371,1000,98.05929690471116,94.44637355815641,96.27532789434062,1,52.59417615260981,52.59417615260981,37.33116440323067,45.65069591594624,1,5.020761201866372,116.8,2,1.084192173756321,1.181823765076003,54.5080050344772,12.18767044197733,1.938064905071302,38.35959839875267,5.043281281366808,19.32660659687902,24.36988787824582,-12.89481932447734,1,1
523,160,0.4483246495205909,16.8258414603658,97.01832915265599,15.64599324516766,0.8616840798331658,1000,99.36301760041603,81.08774782915589,96.40033947158314,1,53.57020285346848,53.57020285346848,37.35744965564004,45.67759421778885,1,5.06712195401502,116.8,2,1.082524800244522,1.170147851259287,55.03209996209252,11.16141780239271,1.507500369420702,38.76894479968377,5.097099598752472,19.68526387522122,24.78236347397369,20.04829203625205,1,1
524,140,0.651956047836598,23.48062809265032,99.86814340566222,17.01904167976044,0.8198558355714195,1000,99.66730939505032,97.90039086330815,99.53589147521392,2,70.13278503096193,70.13278503096193,41.09157176559785,49.49725186997517,0,5.800433004499189,102.4,2,1.077524509582707,1.180038243842245,79.46758874584297,12.05338648474949,1.948052368714727,52.24524090556297,6.868879146244995,19.40901448136861,26.2778936276136,71.21770173334149,1,1
525,200,0.553001936741732,16.24142062122002,99.05254898652944,18.42798396935687,0.6858880680735223,1000,98.72007043141653,95.26086405538248,97.78474612361524,1,39.84754514874599,39.84754514874599,44.70839495390589,53.19398144974491,0,4.381131242743161,145,3,1.073976500680555,1.173117164326301,63.59490895818716,12.67324874622591,1.281551474798971,39.4254397618234,5.183411470932501,11.02767529476496,16.21108676569746,6.985800476914039,1,1
526,250,0.3946226713980548,12.12792498930544,97.77362674128179,20.23538100616448,0.8902561618141132,1000,97.99503761911255,71.23255036535767,95.81330230668976,1,37.46005319269301,37.46005319269301,49.07416267652519,57.65235018856851,0,4.26814086156613,179.8,3,1.068806991179389,1.145555822784954,47.38354369421059,11.30978464128372,1.072339162412986,40.64709153404216,5.344026643467253,10.36694485423381,15.71097149770107,33.92854011769934,1,1
527,190,0.6425170459602028,22.59292213325575,98.73441496931163,19.88046006301045,0.7325872837316477,1000,99.64903139450578,95.73155065167633,98.38788816995098,2,56.35644289690462,56.35644289690462,48.23903931629656,56.79983890398591,0,5.229259001791038,137.8,3,1.06792455886605,1.168624349500482,79.07228196766063,13.48836351215643,1.674993568559581,44.30215246100467,5.824571308288474,15.5964577169087,21.42102902519717,56.50951968223378,1,1
528,250,0.6780381337643601,18.14255240192637,99.813913997778,16.85250734131411,0.7077483094433555,1000,99.86353543381156,99.2229931724725,99.67770337304523,2,47.47174424767334,47.47174424767334,40.65028939871667,49.04602215768324,0,4.771524648837535,179.8,3,1.077837573403631,1.181678569690443,94.63013411653108,12.46166744022447,1.455868766274793,56.3326668913618,7.406268478345558,13.13764698139611,20.54391545974166,53.88069175458409,1,1
529,210,0.4019344293164089,13.76722807380557,97.81687780489266,15.11024313587509,0.8715103242517914,1000,99.19823860683165,82.4689812952326,97.03261984265036,1,45.73045246543038,45.73045246543038,35.83736915112792,44.1218093342589,1,4.682910033713014,151.6,3,1.084533636711819,1.173194984724273,52.86028274534293,10.76149081283593,1.279304913533402,42.54278537310823,5.593260672311391,16.80441693263015,22.39767760494154,24.69533543085712,1,1
530,110,0.6827857087535784,19.57138772350922,97.74196547720211,16.82218662926368,0.6783585061343154,1000,98.56642746471789,92.63330631454933,96.34076350467605,1,47.91038853252631,47.91038853252631,40.56961469852558,48.96352423565361,0,4.79340900115598,81.39999999999999,2,1.079569540947746,1.176309129009448,56.60103575919217,12.07063599071948,1.621404848804712,39.12872402748705,5.144401132677391,13.25904032508155,18.40344145775894,2.572895067016534,1,1
531,260,0.4244117857029661,15.07653240659088,99.24213780169114,18.08186336771026,0.7029624617467168,1000,98.46245065229336,94.69053381023367,97.7162409592711,1,38.41973842466153,38.41973842466153,43.83842574838854,52.30505630191522,0,4.299166469267569,187,4,1.07546363566136,1.173804829421644,60.43380297432744,12.29836124860367,1.225897670578073,46.901909241252,6.166371151176143,10.63253454323033,16.79890569440647,8.923140152672984,1,1
532,150,0.5554939823143183,12.47769442018867,97.43585986854173,17.900558448283,0.6204564033658476,1000,94.64385608395405,87.7887423863278,92.21705498814578,1,28.01287688380531,28.01287688380531,43.37803910844582,51.83457048513219,0,3.669912092920019,109.6,2,1.080833524408899,1.168519019017775,41.49962194784226,11.48132467196479,1.08678177620539,27.76738400139048,3.650682848944799,7.75247030133684,11.40315315028164,1.657354014050245,1,1
533,180,0.4726459524535573,8.70705123251304,99.23874621613173,19.45099509414099,0.6913785491157789,1000,89.43031105624391,75.21910591766054,88.74951942940309,0,22.19010930054902,22.19010930054902,47.21446410552795,55.75372085908089,0,3.2772643742289,130.6,3,1.082028069233766,1.151955281656509,29.46739048051589,8.634751635118496,1.008373095191354,25.55404553282689,3.359686880952631,6.141038781895938,9.50072566284857,-77.82619019210637,1,1
534,110,0.4406059627783485,20.62099924602732,98.83624120103994,20.61165615724586,0.6491494028650224,1000,96.11754878519554,90.94205457853401,94.99897235386308,1,45.11866061744323,45.11866061744323,49.9484405147129,58.5446662215428,0,4.690184722650755,81.39999999999999,2,1.069885607060368,1.162125134436413,50.64860305797496,12.71777580448001,1.621431259919151,27.76620380876877,3.650527684563369,12.48643893034202,16.13696661490539,1.956698716947282,1,1
535,170,0.4634714406087063,14.93470451629907,98.2897256278283,19.92381729744561,0.7466428717792499,1000,97.25663217978739,87.63653737859808,95.59327692437921,1,38.58419595897992,38.58419595897992,48.34161378363569,56.90455734751907,0,4.327433677452794,123.4,3,1.070778267421733,1.161582070727483,50.66373100698655,12.07807588785636,1.236513551907291,33.5014082426604,4.404556672708304,10.67804761766116,15.08260429036947,15.72111783334793,1,1
536,240,0.5924557740638032,10.43154466525093,99.61957831470983,18.85827813262492,0.6874472689745016,1000,93.35187349261305,84.72442898300488,92.99674272222246,1,26.40079366318259,26.40079366318259,45.77407948869762,54.28265840652551,0,3.569388217517391,173.2,3,1.079210659246013,1.162603623222297,38.39000006413161,10.35450358397654,1.007440345222692,33.76824846233436,4.439639164214295,7.306331643640237,11.74597080785453,12.42690228872863,1,1
537,100,0.3138641182313673,12.42407863614708,97.08676264641318,18.86880420417711,0.6146178755566477,1000,89.34416136405095,79.79356441606917,86.74135388194453,0,27.0075281816009,27.0075281816009,45.79993404756249,54.30906766558462,0,3.610257937407484,74.2,2,1.084090987349508,1.158134058256737,30.76070529031122,9.828521588459003,1.264084178309775,21.2946756601032,2.799691436625362,7.474243399164111,10.27393483578947,-78.8474898619904,1,1
538,160,0.4433445231895894,11.40913703736663,98.72707665268464,18.7163655103147,0.8526454567489448,1000,97.08900483968723,77.6509211220739,95.85313622940672,1,35.32843005125376,35.32843005125376,45.42451588935518,53.92558054573794,0,4.127709101547519,116.8,2,1.075048283584638,1.156682453724473,43.61727313323939,10.31282135791473,1.106306086511478,30.96270375240113,4.070783604972987,9.777025255250976,13.84780886022396,31.85867310804041,1,1
539,130,0.3090550723365508,23.00397636673227,98.57098256554153,15.24040919366293,0.7247282353366725,1000,98.24975897236696,91.99668815590488,96.84575278733843,1,62.13318413767414,62.13318413767414,36.21016514870593,44.50340914489396,1,5.45804320149081,95.2,2,1.085286035820108,1.181088305846521,52.11583208214971,11.04789069309485,2.082205282960503,38.21240190606309,5.023928802528333,22.83187406445732,27.85580286698565,0.2017810093154274,1,1
540,120,0.5180679065050557,15.55023874604329,98.95515225179116,15.3259944868423,0.8837891261286568,1000,99.13847814528225,86.63261548662091,98.10263198877276,1,52.35777708658524,52.35777708658524,36.45405072389093,44.75303756170075,1,5.010078150523836,88,2,1.08388315196329,1.176166173582603,54.48230613799034,10.70595280836367,1.452485269120109,33.37735464031851,4.388246877071931,19.23973782008386,23.62798469715579,26.48118594065754,1,1
541,250,0.6216420257585122,18.59712123024464,97.40663240624151,18.77831411718205,0.837064093461656,1000,99.80613059146268,87.38715166011769,97.2177907441194,2,53.97245847712713,53.97245847712713,45.57733745839141,54.08169050810943,0,5.102613050227942,179.8,3,1.071433356044834,1.165216671978612,73.72032900972928,12.93097984056141,1.438183452417882,52.09901925251464,6.849654833256017,14.93669797535001,21.78635280860603,75.06322015680605,1,1
542,210,0.3920340246010572,12.04913559813052,99.26169288454678,19.54856936518662,0.7474758872081526,1000,95.62307085173087,85.2762362098179,94.91707891561767,1,32.19330434468218,32.19330434468218,47.44862571706233,55.99282641770549,0,3.948493743366377,151.6,3,1.074075890890819,1.160770872667169,43.89580467985381,10.97889397448505,1.097481734146692,34.25612808482658,4.503782540849733,8.909389666376311,13.41317220722605,18.56157923935737,1,1
543,160,0.3789816877646371,16.22617578286678,99.58874660437951,16.56983075659163,0.8307444327318343,1000,98.72807395618486,91.92720186130526,98.32205139960935,1,50.3102109191253,50.3102109191253,39.89415032876406,48.27273805817981,1,4.911199536546248,116.8,2,1.080215427144546,1.176558358745248,56.5941190544628,11.12643475290956,1.458344576965558,37.44221985675177,4.922670059614518,18.48732550574791,23.40999556536242,20.1876659773753,1,1
544,110,0.5708571815292351,22.39469148543477,97.46502325510995,17.09315741126053,0.7899756736382609,1000,99.11897991659265,88.34639839475143,96.60633682593479,1,62.93265576190164,62.93265576190164,41.2869838488661,49.69705514512464,0,5.49500169665133,81.39999999999999,2,1.077964679024829,1.17171961095729,57.79258319422753,11.79451299380661,1.898738124854702,44.15791941698727,5.805608445239543,17.41640270658707,23.22201115182662,12.49342191464776,1,1
545,240,0.3073397957501002,11.0671057321988,98.43592139945862,17.97441002520174,0.6296061393407173,1000,92.37808752365308,84.98717026697845,90.93322162510627,1,25.67410421357275,25.67410421357275,43.565964106286,52.02662352265003,0,3.513793293347024,173.2,3,1.083383253727082,1.165808953789711,36.21742999180137,10.49894870117018,1.054115611686463,34.66874716560113,4.558031129814959,7.10522276075888,11.66325389057384,3.571190723340025,1,1
546,220,0.4091239732109941,13.98752776009962,97.62267456545216,18.34671281672642,0.8736718000726076,1000,98.79212215296216,78.87667630294854,96.44351190569023,1,43.55621160828268,43.55621160828268,44.50515922549101,52.98633235467554,0,4.579748917007143,158.8,3,1.074159396671901,1.159052062615818,52.21901614149171,11.63437841044625,1.202258278580705,43.78129924745712,5.756092769099451,12.0540363752202,17.81012914431965,29.36851215596676,1,1
547,230,0.3548468809001147,20.21375369559601,99.23432937063085,18.13113373317383,0.8977603422265733,1000,99.65341949429221,90.87049546400064,98.89040253006237,2,64.67613836739889,64.67613836739889,43.96297645877883,52.43233113794736,0,5.578486138311551,166,3,1.07380202185803,1.170405882620781,69.64817492610968,12.47261451103828,1.620650880992659,56.97847200826908,7.491174916198549,17.89890570604975,25.39008062224829,86.92622826890027,1,1
548,210,0.4062554060956463,8.26649641456455,97.49760177735136,14.65305776523612,0.7905517171063693,1000,94.43272535971442,72.65048459175686,92.06964251871426,1,26.17780204241222,26.17780204241222,34.50960822223294,42.76244216934759,1,3.544598558614837,151.6,3,1.092016437483806,1.165675905161165,31.55836601613444,8.131364492212288,1.016618603492893,30.91555303015335,4.064584521436104,9.619469657185078,13.68405417862118,22.37705029413702,1,1
549,200,0.397611254107859,13.25237054781243,99.32602320243448,20.58439239048585,0.654825414696266,1000,94.47901327825818,88.46569707557991,93.84224665019389,1,30.16780124663244,30.16780124663244,49.88546882200677,58.48040092812124,0,3.834792376906304,145,3,1.072012028010453,1.160082204555034,44.73835616620521,11.91394412168729,1.112341170350864,31.40332177713143,4.128713320848933,8.348838435668039,12.47755175651697,6.892844918039638,1,1
550,260,0.6388443434251472,20.12755091512948,99.76115130118222,15.09676467918046,0.6827520839539356,1000,99.96291378120223,99.40938455528041,99.7241536623355,2,52.28873203019459,52.28873203019459,35.79863658604773,44.08216030830835,1,5.007505456243285,187,4,1.083616992691222,1.187734646652564,103.2298364503402,12.03366046908838,1.672604189459425,53.72332639926849,7.063208628664897,19.21436606336217,26.27757469202707,42.94714190835157,1,1
551,220,0.4143709180509672,19.05347161501274,98.63471122639801,17.23309176307358,0.8697552827968961,1000,99.65488486772955,89.5613489444916,98.29430791228444,2,59.93865237201126,59.93865237201126,41.65430834608901,50.07261108161799,0,5.363458838520442,158.8,3,1.07682029313829,1.172300900951783,67.08702654955165,12.07809596020797,1.577522788176677,57.77648348136185,7.596092498565511,16.58782224844621,24.18391474701172,81.37399848556861,1,1
552,200,0.3452175232462585,10.29240652746335,99.76998985106128,18.87353469063714,0.6193547919936245,1000,89.84565726657434,83.20429074082189,89.63900313648053,0,23.52444323871834,23.52444323871834,45.81154996435725,54.32093274957305,0,3.369459399678272,145,3,1.083463384219117,1.161198175532454,32.92785875558614,9.943127997689894,1.035127630847616,28.57568778781024,3.756953600617769,6.510311251504505,10.26726485212227,-78.82551016439885,1,1
553,100,0.3767141562842764,18.37445435318723,98.53756703078174,19.30925821142271,0.7992825314405607,1000,97.05244788715308,83.56749356987878,95.633120891818,1,50.98796113231617,50.98796113231617,46.87285088618228,55.40487330055151,0,4.965934675956391,74.2,2,1.073100028572065,1.160057425030629,46.75958174533346,11.21934681980981,1.637747245743733,30.00758180147,3.945210114696036,14.11074828349806,18.05595839819409,20.17158120225329,1,1
554,240,0.483696085881628,20.85056568226218,98.64456708051672,17.22005702911131,0.647723569093924,1000,99.66669583317186,96.97856034266957,98.31578062808777,2,48.65511428931062,48.65511428931062,41.62018151210208,50.03772075157889,0,4.832253239348689,173.2,3,1.076849267031363,1.178603970349208,76.93320676569003,12.91093776417254,1.614953620187208,53.62923930517533,7.05083864304811,13.46514069585242,20.51597933890053,40.09459934082917,1,1
555,230,0.6209003191533498,8.086116429302841,99.63244195040981,15.70723587999679,0.6092187500909669,1000,86.55271518240099,78.66230875878144,86.23458371060919,0,19.80171776724199,19.80171776724199,37.52884781487433,45.85298613240951,1,3.080670628676081,166,3,1.098110111738579,1.167732152623922,25.47044073197934,8.085337873349399,1.000096292321439,27.78014607718714,3.65236072725071,7.276471222202523,10.92883194945323,-79.51983694915917,1,1
556,250,0.33530155890733,20.58580077279359,97.97206957883702,14.7056834894605,0.7157063221074873,1000,99.59673993095657,94.19638298166495,97.57698734341012,2,55.41829481595292,55.41829481595292,34.66393259114079,42.9204601801473,1,5.157047121074451,179.8,3,1.085393124193897,1.184744864057449,65.98173568308601,11.54904160598176,1.782468318594617,52.35283420493649,6.883024843681406,20.36437606836883,27.24740091205024,46.16280329736389,1,1
557,100,0.4502211525139398,16.99822851370648,99.50775269745884,14.86277854237892,0.8207769861032954,1000,98.39943367064993,90.66224996430795,97.91506511269039,1,53.65735882495898,53.65735882495898,35.12228627335361,43.38975308475005,1,5.073626988918535,74.2,2,1.086368421794525,1.181218972470379,51.25964433696586,10.34716304560354,1.642791211348404,31.37447535252456,4.124920772456171,19.71729078954492,23.84221156200109,18.31354132585173,1,1
558,140,0.6662198269766755,15.72023265236244,99.02672272522948,21.18168215456232,0.7351052746492903,1000,97.20715376604505,89.89699609525846,96.26105862898888,1,39.11430658385833,39.11430658385833,51.25194981481593,59.87475643571548,0,4.376283410661128,102.4,2,1.066609874353039,1.159311077121034,54.03025962929529,12.68971768023521,1.238816579571931,28.29918593559797,3.720600857791068,10.82475396606085,14.54535482385191,15.42484640259823,1,1
559,160,0.5803949980520643,21.99313726077229,97.74683502833955,20.75456643297151,0.6998904800662771,1000,98.97025850682144,92.77750409193609,96.74029530978395,1,51.00890595373407,51.00890595373407,50.27757693722748,58.880549713216,0,4.98950829899992,116.8,2,1.06583815485409,1.163206639762888,66.23660671164656,13.68314821191404,1.607315576807292,35.67444380183834,4.69025386498399,14.11654469300939,18.80679855799338,5.061753749806762,1,1
560,170,0.5866681292835623,13.68761670484394,98.78845515732209,19.93798446992599,0.8706791246256558,1000,98.39721603444012,82.60185850366956,97.20508963823623,1,41.67088314774309,41.67088314774309,48.37509664355957,56.9387395516963,0,4.497393651036946,123.4,3,1.069303284219566,1.15707860217132,53.30941989141115,11.96097230055636,1.144356525615168,34.99663490922837,4.601139769864711,11.53227800819408,16.13341777805879,32.0314568335633,1,1
561,250,0.40587471206123,10.81234247932956,98.92345757085293,15.93237407715432,0.7773399401076604,1000,96.9267363711094,86.14849533401873,95.88327892888691,1,32.46984863202262,32.46984863202262,38.15489324492955,46.49356376389352,1,3.944796200469793,179.8,3,1.084613408198987,1.173701533804407,43.73818104002392,10.1438474203326,1.065901529399684,38.58364180640285,5.072737114357293,11.93158704398058,17.00432415833787,18.64743163147514,1,1
562,220,0.3473534316506237,13.88954534478858,99.59039544762106,15.59299078958295,0.8398671275819884,1000,98.81497553282995,91.83728488829972,98.41022489461534,1,44.81583428137341,44.81583428137341,37.20872851561046,45.52540244561965,1,4.634700738196361,158.8,3,1.083391480683709,1.17976695521278,55.77470456637273,10.77999184105197,1.288456016441026,43.18023760485998,5.677068924805078,16.46832523726201,22.14539416206709,22.70303993588507,1,1
563,240,0.5242480755459517,14.05398454498872,97.38300647240493,14.21765387944318,0.622988145346893,1000,99.04765532890949,94.38585751426855,96.45558459971727,1,33.75919075482469,33.75919075482469,33.21739284575966,41.43909123027811,1,4.027690535723226,173.2,3,1.087724591594632,1.186545019393598,58.53033983332764,11.89940768227953,1.181065891701296,38.57275488185504,5.071305769268305,12.40537729603958,17.47668306530788,-4.292118543970764,1,1
564,240,0.3305876395105384,17.46408287848905,97.32826167452265,15.17640720980801,0.6019398107870249,1000,98.65823974430312,94.21864127216475,96.02234974181326,1,39.24450502168131,39.24450502168131,36.02714720624971,44.31607296804572,1,4.337928456329308,173.2,3,1.084989130090555,1.183180497656327,56.76009983618667,12.28585763762189,1.421478531951269,42.04662728069355,5.528028893968399,14.42104744530049,19.94907633926889,-9.623559821167081,1,1
565,140,0.5736307199170813,19.76983075696602,99.37787758934343,14.88008996461332,0.6815532788793789,1000,99.34818292094366,97.31785178558063,98.73011561041237,1,51.33260184186852,51.33260184186852,35.1725843074625,43.44124871172949,1,4.962418249002535,102.4,2,1.085119182693972,1.18675287476908,68.15042184320964,11.71909858645515,1.686975377083682,35.41882794729842,4.656647083155334,18.86302009015861,23.51966717331395,-0.6440654350256659,1,1
566,180,0.5986521936310455,18.06323069043457,99.04021203689764,18.49431889376417,0.7635640379133867,1000,99.30810008279352,94.84708185737161,98.35495289181324,1,48.97583009188036,48.97583009188036,44.8738134481012,53.36298534962799,0,4.857738802149584,130.6,3,1.07301491762252,1.172548655725683,68.6189622554483,12.57769720544647,1.436131781150903,41.83468349061635,5.500163843399126,13.55389772516092,19.05406156856004,14.71923928956043,1,1
567,130,0.3427795199566521,20.38250349317864,99.6444372716626,20.99323401096836,0.8710235068154522,1000,98.35229164224785,86.8270862391612,98.00258755070232,1,59.87818739318493,59.87818739318493,50.82374848208207,59.43786465138584,0,5.410719945251317,95.2,2,1.065810791833261,1.157277793178667,56.95658645733844,12.44183736334298,1.638222948744774,34.96113910631138,4.596473002591564,16.57108876710596,21.16756176969752,28.05153419879052,1,1
568,180,0.4152688243391923,10.40615219153464,98.52846798448199,14.79159731004573,0.8522723557840102,1000,97.67515890809339,79.99373021400989,96.2378376735527,1,35.01060714378528,35.01060714378528,34.91503128761235,43.17755745281562,1,4.09858978175814,130.6,3,1.087514745583475,1.172028051916059,42.23619499923075,9.461395793909626,1.099853807852871,33.63565376177761,4.42220643813685,12.86523110510297,17.28743754323982,28.10810298716463,1,1
569,190,0.4460195934944786,23.18099811032042,98.54519851474154,20.08340873733535,0.6464416586655658,1000,98.91810005972596,95.51013249318191,97.47903807086762,1,50.65786073972637,50.65786073972637,48.71783689940025,57.28862426245678,0,4.960952695607991,137.8,3,1.068160749593202,1.167757636459166,68.52646105975398,13.74305898762596,1.686742240660702,41.46055973124505,5.450976379731278,14.01939410018347,19.47037047991475,-2.115637138077822,1,1
570,160,0.5755677666573785,21.75475564656779,98.37849717060645,20.73233459144086,0.8674634039331693,1000,99.46422525253958,87.2865560420102,97.85141002583528,1,63.0001696976322,63.0001696976322,50.22647878997509,58.82840565686729,0,5.5446038787515,116.8,2,1.065292177010589,1.158557387762352,67.96137261677113,13.6201012255843,1.597253594980864,40.30316838950639,5.298809768696153,17.43508696325406,22.73389673195021,24.45438867316894,1,1
571,100,0.6903223986527882,19.54375654689223,99.5194844749403,18.21883371735364,0.8882397149370751,1000,98.70584207191231,86.46183513749641,98.23154517661588,1,62.03788687961907,62.03788687961907,44.18408616960846,52.65826842616246,0,5.46438247989786,74.2,2,1.074697726070597,1.166287628615173,54.79795015179999,11.33801985340783,1.723736313710725,36.1017345299159,4.746431390833302,17.16877840097831,21.91520979181162,29.5016068292138,1,1
572,200,0.6152930824401788,11.2637629712671,97.62001581139123,16.84580211710744,0.7985124631782761,1000,97.53099907966462,82.65219208085364,95.20977672257645,1,33.56350585950799,33.56350585950799,40.63245755688473,49.02778744608673,0,4.012093183263974,145,3,1.080786736090306,1.167522783470152,45.03980692611173,10.62067499116471,1.06055057523532,41.61349167396371,5.471082919847224,9.288588368265971,14.75967128811319,22.35095580149327,1,1
573,110,0.3572223829397931,21.28788274788857,98.75181526175473,20.13539538424648,0.8235534587741364,1000,97.76706840427806,84.7694916742111,96.54675477742605,1,59.54490058867599,59.54490058867599,48.83993995396395,57.41326630167856,0,5.379426550403579,81.39999999999999,2,1.069428572803405,1.158348643947867,51.33486799165873,11.89109208409675,1.790237818136078,33.07737943720159,4.348808004145593,16.47885275491412,20.82766075905971,20.9036717253763,1,1
574,220,0.5762206478589214,10.13735727201775,97.6967964915395,17.8745849186331,0.8963648969430942,1000,97.83897841320706,68.1609797885998,95.58554762975217,1,33.54942710493449,33.54942710493449,43.31181643166127,51.7668912720369,0,4.01607287231739,158.8,3,1.07694169586658,1.150544683095861,42.67499629271451,9.931641469498002,1.020713172455081,38.80175895744361,5.101413800008535,9.284692119866937,14.38610591987547,35.99419728713092,1,1
575,120,0.4638673831456341,10.25741523001716,97.2601298665948,14.15458105003275,0.6764634299866157,1000,93.75105404914925,82.56271448112027,91.18239691950404,1,27.4112565318289,27.4112565318289,33.02787158919227,41.2449723604845,1,3.629684978737131,88,2,1.094536164208832,1.17649304923585,33.71850704149571,9.315458188837271,1.101117628578767,22.95654027996903,3.01818305487462,10.07272306689606,13.09090612177068,7.395298027576149,1,1
576,260,0.3749946775756776,21.66283657244593,97.64585317448348,15.77686484392732,0.8893418335400289,1000,99.89259690089389,83.38145306361201,97.54097850202548,2,70.56590151664433,70.56590151664433,37.72314185185718,46.05179955064364,1,5.815490267033342,187,4,1.081418366974482,1.171770684929008,71.35593945891405,11.71290644808277,1.849484299090583,63.80696304114998,8.388942422732953,25.93061661064957,34.31955903338252,73.40783773170126,1,1
577,110,0.3111145977078937,16.27441856340691,98.10534102893295,15.04960643747449,0.8550286931070266,1000,98.13849998359828,80.26031984202294,96.2791100895884,1,52.70005255178883,52.70005255178883,35.66292584475536,43.94323585700567,1,5.027343451617314,81.39999999999999,2,1.086067090585066,1.171402917935664,44.58820298928181,9.906054078566008,1.642876006362645,32.3360828006811,4.251346935548339,19.365512644364,23.61685957991234,21.64086016264331,1,1
578,250,0.5520272442454472,16.39150509271771,99.82343819869831,18.44426172116957,0.7639299669028027,1000,99.37766077993813,97.43295430873886,99.20219779197359,1,45.10142442661063,45.10142442661063,44.74902522235857,53.23549292980994,0,4.661166902712758,179.8,3,1.073095813580574,1.174861281612808,75.18072859755586,12.59649164295766,1.301275431074631,47.66110607378702,6.266185626150452,12.48166887198307,18.74785449813352,15.87797273972311,1,1
579,250,0.4347328264892101,13.3753291621767,98.52581121305239,16.28126646078564,0.6480126978120999,1000,97.75237030894027,93.38852507660667,96.31131582687038,1,32.58434595480036,32.58434595480036,39.11279736784871,47.47353536250029,1,3.951952178220247,179.8,3,1.082408398008047,1.178766574161527,52.70128447090394,11.82764243242799,1.130853358020479,38.67687779659268,5.084995202129384,11.97366099352397,17.05865619565336,0.5409190327396318,1,1
580,240,0.5221742726619355,15.32487817022949,98.57507392997148,16.30243774518184,0.7647473956397501,1000,99.4034929980445,93.74614083939517,97.98706671179637,1,43.67288389004316,43.67288389004316,39.17045487332859,47.53251465363331,1,4.575261582241232,173.2,3,1.080266288725237,1.178996627407701,64.6892969068237,11.76693446641663,1.302367937372932,44.74639969161985,5.882978169569206,16.04832906679453,21.93130723636373,11.51989089500914,1,1
581,190,0.561254632607568,10.74454437898472,99.75243642089006,20.27712031624466,0.651197595517477,1000,91.59428629027811,83.95773646785081,91.3675321968777,0,24.9879392982691,24.9879392982691,49.17170068410087,57.75190897230448,0,3.486418125821974,137.8,3,1.076602573197533,1.157150525928937,36.79781833477445,10.582256055771,1.015335890792892,27.56269298456007,3.623771347867188,6.915328907664981,10.53910025553217,-78.9944296268197,1,1
582,130,0.4735773922804742,14.63853776253015,99.3898219312856,16.65593199830875,0.8475901683843462,1000,98.50832272595868,88.74363001346664,97.90724654482646,1,46.42755859441105,46.42755859441105,40.12542372914351,48.50926889017933,0,4.718118325347127,95.2,2,1.080201524006067,1.173534737290181,52.74791246770454,10.8657450012106,1.347218967581073,40.99200792697921,5.389374104357056,12.84867208247461,18.23804618683167,27.45927947456555,1,1
583,130,0.4219965878346935,16.34799326615408,97.20979728501315,15.12934363497235,0.6842959007484606,1000,97.68185750449206,89.69120003022282,94.95633566435214,1,41.9045749280384,41.9045749280384,35.8922155455034,44.17795289388937,1,4.482680652442456,95.2,2,1.086370525749428,1.179487788736569,47.63038186663685,11.09170441794232,1.473893700206165,30.43552547142097,4.001473485279533,15.39853446688984,19.40000795216937,1.924842620872781,1,1
584,180,0.5154727801794186,22.46738923263177,98.22305689291977,18.91015911512449,0.7315137877176516,1000,99.43630820775118,93.94326255124629,97.66938158311848,1,56.802965547214,56.802965547214,45.90141383351437,54.41272323580267,0,5.236281434953969,130.6,3,1.071455259533924,1.170392635104706,69.92743906265831,12.952088466486,1.734653781184938,44.65740857242712,5.871278171019505,15.72003137197298,21.59130954299249,6.991506879243508,1,1
585,160,0.3482870552556589,10.78705009886622,97.19259380824515,15.35335043163225,0.6376851745212218,1000,92.84945212625334,83.63559832771084,90.24279085825046,1,26.41206052380263,26.41206052380263,36.53180073549152,44.83261560290373,1,3.55835156002017,116.8,2,1.091617399374187,1.173421933780854,33.88862078416282,9.811424699929344,1.099437689099719,25.80221790960556,3.39231504064684,9.705551840480005,13.09786688112685,2.147069795330113,1,1
586,170,0.6522521583601832,18.73910870586708,98.48563863478194,21.20285203215666,0.7881645899210824,1000,98.97190533161712,91.09981988482394,97.4731130348549,1,49.21678880536636,49.21678880536636,51.29988717341746,59.92366417716886,0,4.909423811028281,123.4,3,1.06432850242433,1.160271885179244,65.33709763979131,13.5380343046044,1.384182391936602,37.44496880275639,4.923031473928204,13.62058224592245,18.54361371985066,18.01920211660957,1,1
587,250,0.4413676655649207,11.47929111383483,97.94485145229328,14.07992088105716,0.6614701694142306,1000,97.06406081620443,90.7375138142298,95.06925017999505,1,29.96569426169508,29.96569426169508,32.802752319239,41.01438154506633,1,3.79552125970607,179.8,3,1.090671791254054,1.183916221159328,45.22577186321681,10.75227886819975,1.067614712615503,36.83097565328274,4.84230747558393,11.01139378469755,15.85370126028148,3.087510919655669,1,1
588,150,0.4552105324636213,15.14289095163718,98.88267123202381,20.77976426574029,0.667633579591359,1000,95.52331601465525,89.1080867531612,94.45600652469868,1,34.54015014180438,34.54015014180438,50.33544608885512,58.93960267137976,0,4.106168774014715,109.6,2,1.070059362885543,1.159981883275213,47.77302206665296,12.30908604126068,1.230220578593524,27.54906513223014,3.621979642650509,9.558871417910558,13.18085106056107,7.504356119074041,1,1
589,110,0.3317126431179233,13.19180495310575,97.48778091091133,15.67241414706968,0.611395330759487,1000,92.52976462307984,85.17570266230913,90.20521421313002,1,30.39181567080296,30.39181567080296,37.43145139585556,45.75332107407456,1,3.816588383082597,81.39999999999999,2,1.09093817173684,1.173717460135306,34.50493464951268,10.16216923622897,1.298128839074622,23.5518915264341,3.096456131821988,11.16797919849773,14.26443533031972,-2.300805578703178,1,1
590,140,0.3571245974261313,8.74916452876851,99.55637682049873,21.38959870294109,0.6227134095976129,1000,84.68525506009637,74.2911103774438,84.30957163903,0,19.33713727557079,19.33713727557079,51.72132315370749,60.35360935376218,0,3.07961001453442,102.4,2,1.081248831368602,1.144567016971793,26.00393554759547,8.500195083900969,1.029289850692848,18.82713155540102,2.475274093543997,5.351488283889963,7.82676237743396,-76.37415263761443,1,1
591,120,0.4820967474390753,11.67530836800858,98.58447249612098,19.22990313589014,0.8023910301757045,1000,95.72343570667441,78.37596781270391,94.36844414658847,1,33.55782354315371,33.55782354315371,46.68082269594794,55.20876721288477,0,4.027862719333975,88,2,1.075022788490473,1.155622634717149,40.51988414736897,10.19369308175931,1.145346271892421,25.55697521044533,3.36007205673419,9.287015806155981,12.64708786289017,26.12224567956991,1,1
592,110,0.3490719283222221,22.95164737715572,99.41477538728435,20.93280910060182,0.6506180735216243,1000,95.54235215153201,90.75847075080333,94.98321479117378,1,50.04890850098438,50.04890850098438,50.68588151493174,59.29719103126951,0,4.945596639759973,81.39999999999999,2,1.069521016947898,1.1608879123003,49.44122328238826,12.57627308401874,1.824995944650841,29.21877232324686,3.841502353349482,13.85086859795243,17.69237095130191,1.133714369254671,1,1
593,240,0.5558904305459931,22.0596825023666,98.337832368794,16.19368952380121,0.8766331069029635,1000,99.96197182969692,89.19881567968334,98.30043629042844,2,70.69640862795725,70.69640862795725,38.8737266100897,47.22897610457323,1,5.820977703319362,173.2,3,1.079929220775244,1.175483313335239,83.70897388204088,11.95115884248386,1.845819538767158,58.9777727490449,7.754030535722067,25.97857362382003,33.7326041595421,72.66658267628407,1,1
594,180,0.5694656898999586,23.02111044350266,98.24649070382139,20.69670162916184,0.6849697546751239,1000,99.26976868753894,94.82476182402398,97.52906406530795,1,52.48379347982183,52.48379347982183,50.14449950411768,58.74474716357702,0,5.060068068115472,130.6,3,1.065656483976082,1.165123384985552,72.27106427077082,13.89308068391911,1.657019848027589,40.49189987392444,5.323623009770155,14.52471489956243,19.84833790933258,2.455182387462221,1,1
595,180,0.3344659941483289,15.01481943044811,97.02334233187381,18.4054216479864,0.8635192256160547,1000,98.38255645390301,75.796003795383,95.45404454311932,1,45.66437408513828,45.66437408513828,44.65203631620579,53.13639987071423,0,4.689806264625922,130.6,3,1.074475669314938,1.156009492987566,48.42601883017954,11.31548261627702,1.326927002552211,40.38184138252269,5.30915320422704,12.63746331348174,17.94661651770878,27.18871800578791,1,1
596,130,0.6339572828536852,23.29038166399673,98.67199788411902,14.99525543022342,0.792503579383227,1000,99.72786950349519,94.19667159146195,98.40348128636576,2,69.15513721760847,69.15513721760847,35.50614041229721,43.78273256959602,1,5.759229821785561,95.2,2,1.084254290680968,1.183771275816321,69.63901106336259,11.38870471695355,2.045042192491478,40.64270832832151,5.343450366856285,25.41220775623053,30.75565812308681,59.21361614929187,1,1
597,230,0.5274013805356808,11.13746572742239,98.82140955126823,19.54084155441262,0.7340850372660672,1000,95.05265036975278,83.77751101801097,93.93236891122848,1,29.28190578601098,29.28190578601098,47.43011014645703,55.97392036146368,0,3.765641560692787,166,3,1.07481031469437,1.159465999420577,41.77434596128555,10.8199941415166,1.029341197578623,34.21014041299956,4.497736367944379,8.103669819925919,12.6014061878703,17.12707821394691,1,1
598,100,0.4183259242002852,16.55470331459865,99.07668130064435,20.35979250287264,0.8071811156318989,1000,96.64623997420301,82.88634174013094,95.75388716829707,1,45.90341612768142,45.90341612768142,49.36447934089421,57.94867540794593,0,4.726683949093536,74.2,2,1.070073910946933,1.155915206821331,46.45438232206075,11.26804369463374,1.469172800819242,27.06342913180737,3.558131243482451,12.70361740194874,16.26174864543119,23.64864022364399,1,1
599,150,0.4899037547053769,14.67020932393148,99.600430014396,18.98467280900106,0.7873302467212546,1000,97.68544829163406,90.1321878571711,97.29512655995795,1,41.3337835058195,41.3337835058195,46.08386910418562,54.59908472717785,0,4.467519812535209,109.6,2,1.073400562129054,1.166901985968259,52.88594232004672,11.63150202409943,1.261248056659934,32.3993767082309,4.259668424627872,11.43898680595719,15.69865523058507,21.99844262964833,1,1
600,170,0.5088974011771381,19.92153889508545,99.10286700717786,20.06234811395407,0.6239280472520738,1000,98.32781690679487,95.82437493913649,97.44568562020225,1,42.56101819475013,42.56101819475013,48.66830817240191,57.23806470737861,0,4.5469347405841,123.4,3,1.068972036490143,1.168089805308102,64.9121400476581,13.69711100468487,1.454433631170224,35.30409625230057,4.641562873885277,11.77861991533645,16.42018278922172,-1.634889070805779,1,1
601,160,0.6151484219380654,22.33169659903273,99.16452716521644,20.66476217050664,0.6097412505688844,1000,98.85278628008351,96.95694302870129,98.02689810428674,1,45.83354878841976,45.83354878841976,50.07093406089183,58.66967359372546,0,4.728089616187809,116.8,2,1.066287653129526,1.167001593026891,72.43316403175132,14.31274563647303,1.560266434283935,33.61470038603527,4.419451618689465,12.68428184869921,17.10373346738868,-4.228861393946573,1,1
602,180,0.4862317810446024,23.79179532371089,97.37831979320157,17.40404359965027,0.7135894213187741,1000,99.58645533226206,92.92679084543194,96.97561694416399,2,59.81824772931647,59.81824772931647,42.10020983340468,50.52846473293977,0,5.359110598169167,130.6,3,1.076331477741694,1.174600749836306,68.74173082308579,12.50860656255942,1.902034027908764,51.26286535619417,6.739722522447671,16.55450066492924,23.29422318737691,48.83488309920312,1,1
603,120,0.6848131472518667,17.53114294145256,98.96672394697336,19.5322863445282,0.6835980640068418,1000,97.5473720279636,92.68659559729133,96.53943839244182,1,41.70061524370299,41.70061524370299,47.40960618004357,55.95298388662337,0,4.493659811535952,88,2,1.071731618151345,1.167240200380576,55.58014643210032,12.58781401425955,1.392707496440064,28.58127623152841,3.757688334420319,11.54050626664399,15.29819460106431,7.557894996835518,1,1
604,150,0.6776775729939342,9.628019172403961,99.78784871237586,19.73825676365569,0.645979280727217,1000,89.28727419005955,80.18363003726736,89.09785008818085,0,22.69121434756561,22.69121434756561,47.90151374458912,56.45524208821962,0,3.316753998105368,109.6,2,1.081236343739548,1.155565248284519,31.5969494244172,9.5042284817486,1.013024801633619,22.28201052700388,2.929500080629386,6.279717933307626,9.209218013937011,-77.68141297862665,1,1
605,170,0.4222550929695368,14.12280557395145,99.80388785401557,17.83724856998399,0.6100665832579835,1000,95.69488328137207,92.99235601840525,95.50721399217169,1,31.69708132397002,31.69708132397002,43.21650414872414,51.66948093814625,0,3.903404033287119,123.4,3,1.079741787032726,1.17319931607812,48.1008447001523,11.99450740713966,1.177439397431606,33.08388801195784,4.349663711050952,8.772061599470959,13.12172531052191,0.4474693698483612,1,1
606,120,0.4907597993100993,13.47379110508785,99.17478019087967,19.4650068846643,0.7016062423373339,1000,95.01070664555994,86.68365947322435,94.22665947353556,1,33.54494639024039,33.54494639024039,47.24814047876879,55.78810900061302,0,4.029599796124767,88,2,1.075117389713547,1.162291457584965,43.26269885140604,11.16696708947847,1.20657569751261,25.28477278142453,3.324284575312909,9.283452097011057,12.60773667232397,13.02012072870044,1,1
607,220,0.618907596461568,10.84066082774848,98.09119148875834,16.65835546554811,0.8115593862582464,1000,97.50612004911071,82.66865978105405,95.64491493063177,1,33.21676735227335,33.21676735227335,40.13192107792111,48.5159137691731,0,3.990802426415228,158.8,3,1.081448224074169,1.16816794282363,44.73731372604919,10.41425979031522,1.040943960110328,43.4807321182166,5.716576073410006,9.192629642183809,14.90920571559382,24.47745311210322,1,1
608,240,0.3914228265190497,23.92246513049304,98.51343287425074,19.88835843798146,0.697565418785694,1000,99.3626746907532,95.28476842024403,97.88558183353527,1,56.55022873307979,56.55022873307979,48.2577369141888,56.81892748577883,0,5.238367330808701,173.2,3,1.068258157206226,1.168225853515195,72.72915475955658,13.5034860123307,1.771576991944766,50.66181076279273,6.660699604937681,15.65008730111739,22.31078690605507,1.947070904807862,1,1
609,190,0.6005281351812184,23.7399131408073,97.47862675685519,18.82910434615798,0.6049055800497298,1000,99.61767021809716,95.73376269170454,97.10593693577384,2,49.22439037010429,49.22439037010429,45.7023687351799,54.20940835168881,0,4.873562034867633,137.8,3,1.071499727159988,1.172161897693889,76.1149954419121,13.90046408349147,1.707850399685677,42.48342959534923,5.585456944029328,13.62268595362513,19.20814289765445,31.30937417655053,1,1
610,210,0.4794509738356806,19.69490738677234,97.1182119824185,15.47853927538171,0.7292046742705861,1000,99.69092326853774,92.04858361639945,96.81804218716867,2,52.8576901553744,52.8576901553744,36.88635795383738,45.19549205300677,1,5.033582723487609,151.6,3,1.082675503850509,1.180331598674975,67.08137623686618,11.7805486102265,1.671815807429844,46.23941822871174,6.079270955603536,19.42343920909491,25.50271016469845,49.35846075604781,1,1
611,120,0.3076279467089101,13.8332638572827,97.13495823148442,19.94668880777806,0.7262828506656457,1000,93.84653821173681,78.19563229248469,91.15779569366462,1,34.51094557840549,34.51094557840549,48.39566033326969,56.95973262497461,0,4.092932625220103,88,2,1.074939282342319,1.153046375813316,37.28251701139923,10.41890639323261,1.327707854853923,25.22902485655298,3.316955185076413,9.550789152338456,12.86774433741487,14.1965913760673,1,1
612,170,0.4589112150159664,16.18268469144031,97.88090858422868,16.26146688509919,0.8852953066603979,1000,99.41755771099643,82.16214012627997,97.31080877977321,1,52.88152526173082,52.88152526173082,39.05882752135818,47.41832760200953,1,5.034503837323555,123.4,3,1.08038638908987,1.169047569207611,57.10486984963678,11.37382087114312,1.422801086352425,41.40795758948186,5.444060577481307,19.43219781617735,24.87625839365866,24.14178933116443,1,1
613,120,0.383813624575641,9.255605606671423,97.84250918142989,16.82796261600591,0.7049327723828377,1000,91.34509511665927,75.85898125667796,89.37433307630322,0,24.84349920691486,24.84349920691486,40.5849908520272,48.97924799632335,0,3.451738540995978,88,2,1.088507860713569,1.161373114915937,29.87474435070932,8.561344108254005,1.081092581916907,27.45012060186235,3.608971031540709,6.875355593849665,10.48432662539038,-78.76598390504905,1,1
614,100,0.6884387202351354,17.77526288697496,97.88329041671506,18.10723167814314,0.8935587877978106,1000,98.75992554919047,76.25924011875557,96.66946474064567,1,56.22511505447886,56.22511505447886,43.9025841351484,52.37061836483707,0,5.201053493840315,74.2,2,1.075005178205713,1.157443091004097,50.74124326560489,11.29581958336806,1.573614269932854,34.44107365322052,4.528098033245066,15.56011317427684,20.08821120752191,30.08604348313729,1,1
615,180,0.6396507164864801,22.29309231425077,98.73177519818555,17.67901332840882,0.8412734011481982,1000,99.85618680856274,92.99642983821143,98.58978588131038,2,66.81232919760254,66.81232919760254,42.81099535472589,51.25502346769213,0,5.665792557608567,130.6,3,1.075067286138087,1.17373490483838,78.50496273617262,12.4691906042255,1.787854001261011,53.01553764063973,6.970152967329549,18.49008939767251,25.46024236500206,74.47908662207195,1,1
616,150,0.6204760060071013,16.1961808478348,99.87803715899736,14.84172957110778,0.6359034294330748,1000,98.91747403685936,97.90310381469406,98.79683147527595,1,39.88310036435996,39.88310036435996,35.06107267367793,43.32708123645182,1,4.374286446915193,109.6,2,1.085789302616546,1.187362769568819,65.8041800938571,11.92085566348328,1.358642475426321,31.65830224322331,4.162236565758536,14.65570994722348,18.81794651298201,-1.754486294727206,1,1
617,220,0.6351326265053823,12.505722330302,97.45949212643926,18.04624652278423,0.6803532398612006,1000,97.03797792130719,89.04088621570089,94.57272045187226,1,30.69873965149772,30.69873965149772,43.74824115169071,52.2128970809448,0,3.842739051720608,158.8,3,1.077365601940208,1.16911656288397,48.39643300907127,11.82404174641501,1.057652078579109,36.45204907485787,4.792488567155404,8.495773869419823,13.28826243657523,7.763787756098516,1,1
618,100,0.3592633701315149,20.95324549990892,98.84066406921418,15.84809973598272,0.6985654268408893,1000,97.1682268303696,91.06681847967619,96.04172066341768,1,54.27417112584167,54.27417112584167,37.92128900315811,46.25454709395245,1,5.100142615335615,74.2,2,1.084595331469132,1.178251700270787,47.76866011677652,10.96938728237438,1.910156416263706,31.62691588392457,4.158110082558785,19.94394874970929,24.10205883226807,0.6975765474744625,1,1
619,150,0.3840686002606526,9.834139660600574,97.13987328841931,21.9296279972475,0.8001150570476661,1000,93.15497302535816,65.84539382363396,90.49062275869412,1,26.62991399350093,26.62991399350093,52.92580196797456,61.58219179356195,0,3.622308175666496,109.6,2,1.069124675557355,1.134653442647533,33.82715776404686,9.326170782268287,1.054467035849063,23.23682746893816,3.055033470221536,7.369739931321403,10.42477340154294,26.60387817771479,1,1
620,250,0.3082989963025786,22.53098011487722,97.56622660259677,15.78634473724477,0.6327431167450966,1000,99.33688137298822,94.90580764354573,96.91924678032242,1,52.07681041407086,52.07681041407086,37.74954768291684,46.07881894955324,1,4.995863258103865,179.8,3,1.082085655308422,1.181704650277953,64.54468264147093,12.41180745313965,1.815285984732052,50.5497710538585,6.645969321242736,19.13649193349057,25.7824612547333,-11.14195616808916,1,1
621,200,0.6089776724217459,21.26814191571623,97.1581181396089,20.08905193409883,0.8142203037058237,1000,99.66357905240737,87.65044963997313,96.83125787790048,2,57.92445285829181,57.92445285829181,48.73110196601618,57.30216531938709,0,5.30493921894834,145,3,1.067204759109272,1.161038523523227,71.384681578635,13.45322135792173,1.58089585757041,46.08214304528559,6.058593393227846,16.03039924702273,22.08899264025057,69.79410182267348,1,1
622,170,0.6733276820601894,10.82017681218311,99.67501212882709,16.48978036842495,0.7284143172696232,1000,96.02345717189337,88.59700854619514,95.71139258260381,1,30.34335586622734,30.34335586622734,39.67836663169999,48.05203837023527,1,3.813939467445449,123.4,3,1.083864595647172,1.173966352430075,43.45325740469586,10.34835354437344,1.045594042162022,30.12284092821226,3.960363667409581,11.150171835643,15.11053550305258,14.63691820179722,1,1
623,230,0.6740226116948761,9.34975771554187,99.1686688576978,16.16540311616287,0.7494417788045481,1000,94.66083629411777,82.12084782436169,93.87389128244106,1,27.37092863885629,27.37092863885629,38.79631384133717,47.14978340827804,1,3.621924742181691,166,3,1.086647807711464,1.169333474248387,36.73661847109239,9.30476631746672,1.004835306609548,33.42575779442644,4.394610622555763,10.05790391049172,14.45251453304749,17.74406017230294,1,1
624,180,0.4718408437878824,16.77422245622426,98.02089780224878,18.18381077157892,0.8471312838539249,1000,99.14973700237496,85.95455950907699,97.18746237829642,1,50.45504577379442,50.45504577379442,44.09587602524897,52.56813365024351,0,4.927621355719955,130.6,3,1.074258170441834,1.165959215818141,58.35796618463348,12.06220892910496,1.390642672068933,43.34109662730707,5.698217668032608,13.96326573441169,19.6614834024443,24.37580498807878,1,1
625,150,0.4954653972097672,17.98376639770344,97.89968627210108,21.54314705427364,0.7813858776206849,1000,97.90684741957527,86.20421606117647,95.85049646266887,1,46.30947122010934,46.30947122010934,52.06592666474234,60.7051416274175,0,4.768812261333919,109.6,2,1.064519377537491,1.154881524616109,54.9842049426699,12.97982267764873,1.385517109464947,32.10740773839044,4.221282161429031,12.81599179526119,17.03727395669022,18.04004968971997,1,1
626,190,0.3274887777949683,16.63316428854689,98.74400739082675,21.73239683729038,0.8639781861810945,1000,98.05743028881234,81.32807001619356,96.82583621163965,1,47.77694704893948,47.77694704893948,52.48831278727243,61.13598472353448,0,4.847680902737317,137.8,3,1.063694401039195,1.149896644405702,53.54985875224801,12.57129663413517,1.323106499880246,38.92237957446584,5.117272248098932,13.22211083930384,18.33938308740277,28.87874633418559,1,1
627,170,0.6416558091557585,15.18701199399307,98.33398636016241,21.3403656794522,0.7875416905774735,1000,97.88327298421619,86.91680006854675,96.2525243051797,1,40.14835707523215,40.14835707523215,51.61046697758292,60.24051868240548,0,4.436562738481761,123.4,3,1.065230838696361,1.15618900226277,54.9875729368455,12.82406030083688,1.184259246894058,33.25158175604276,4.371711040946181,11.11092399271358,15.48263503365976,20.88911290240681,1,1
628,170,0.4226455372481607,20.88972930956259,99.34631609864438,18.69633201216347,0.6596451173010283,1000,98.52106465926292,95.93696173084713,97.87704832014116,1,48.53519108251324,48.53519108251324,45.37501915390999,53.87501763978014,0,4.837893078029944,123.4,3,1.073323680281637,1.172777227926961,63.96869145350667,12.89687794043915,1.619750873508793,39.9878024591231,5.257347418727062,13.43195234811527,18.68929976684233,1.189859097095855,1,1
629,240,0.4307230098767206,9.763684483505786,98.54845828430223,15.11412342206948,0.8485967578812735,1000,97.39690646162555,79.17990624896211,95.98314973453593,1,32.69636270499497,32.69636270499497,35.84851523980325,44.13321909168621,1,3.95969339224144,173.2,3,1.086777992508707,1.170200789370701,41.24832353140031,9.381358027028135,1.040753849855868,37.87921654717844,4.980123664992194,12.01482341532882,16.99494708032102,27.93842124503243,1,1
630,170,0.4812534622664563,13.28824245975539,99.87408575110166,19.02966347186454,0.7859887795873219,1000,97.27891051993404,89.60460127867971,97.15642251041639,1,37.69315273486588,37.69315273486588,46.1937909558315,54.71135636649012,0,4.266700259412032,123.4,3,1.073757474501305,1.16629634032057,50.93920400988991,11.3907735128335,1.166579464053437,34.07233011273726,4.479617927274909,10.43145437553168,14.91107230280659,22.91215773572889,1,1
631,230,0.3659168666010723,19.19475220100954,98.07725481519029,19.01684030882083,0.8100333692928543,1000,99.17207482923986,89.22242051766216,97.26524853578476,1,53.93089390372776,53.93089390372776,46.16247978926248,54.67937613640095,0,5.103478060931682,166,3,1.07142862599239,1.166009463464134,61.99433380346814,12.56808741951505,1.527261194189736,49.30103601347075,6.481793409151353,14.92519511821031,21.40698852736167,17.67215908019381,1,1
632,200,0.3704186320652254,15.13561351136491,98.39020883119987,18.75135436949693,0.6895948340216651,1000,97.03617842661134,90.29244785549501,95.4740985957586,1,36.99997498615534,36.99997498615534,45.51087374622921,54.01379727326366,0,4.224556799140883,145,3,1.074996570779128,1.167824368376051,50.2836073864383,11.99436657325366,1.26189352467482,37.20902075433803,4.892010492853437,10.23961974416854,15.13163023702197,8.030387843044348,1,1
633,190,0.6945672583336941,10.51014733646437,99.30373491377362,15.74356310257316,0.8995215483700857,1000,98.56451738791921,82.11977183026529,97.87824706593959,1,36.8892237817394,36.8892237817394,37.63029203517272,45.95679104202054,1,4.204755836265464,137.8,3,1.083199347483769,1.170751153853783,48.43898546210955,10.00932630518118,1.050035438551339,35.70537194255575,4.694320104456212,13.55556009899651,18.24988020345272,34.46287428836389,1,1
634,120,0.3609461085104383,14.79827461496368,99.28086924699282,17.92166944393329,0.6754961392448516,1000,94.87978999599594,88.09946225683525,94.19748024774609,1,36.41049190455279,36.41049190455279,43.43181437936505,51.88952780401257,0,4.184125375672101,88,2,1.080470029271498,1.168718620971956,42.18783864706963,10.88763526127977,1.359181701061525,29.24396164854181,3.844814089083254,10.07648226627864,13.92129635536189,8.229358233323204,1,1
635,100,0.4594401893984526,23.26532849756256,99.89966209783471,20.46870072895661,0.688367626094562,1000,96.8835841274807,92.91708842250453,96.78637317162463,1,54.43662356357679,54.43662356357679,49.61760447317471,58.20702417668656,0,5.149210555018063,74.2,2,1.069411592250404,1.164286102770564,54.83933615115966,12.61120386687462,1.844814241618338,29.75649313663835,3.912198539597012,15.065154115808,18.97735265540501,5.425805692934968,1,1
636,210,0.5605271718936973,11.1055903538838,99.83828699322366,16.32667825355008,0.8734504465137609,1000,98.41914033957858,88.12289973763676,98.25998378849201,1,37.44475886323962,37.44475886323962,39.23640602859422,47.59997682194927,1,4.236516849937224,151.6,3,1.0814206225877,1.174102967760722,51.38945420815719,10.41340576676248,1.066470528722758,37.98719188403413,4.994319590339297,13.75970072361178,18.75402031395108,31.02322628827488,1,1
637,160,0.6536260360587388,20.92057713799924,97.12699545004382,20.55610113576241,0.7158401293169009,1000,99.12446511648358,91.25329416010129,96.27661472356729,1,49.62877920214485,49.62877920214485,49.82006240655107,58.41364996991229,0,4.918058179438764,116.8,2,1.06631190826821,1.162578059555167,65.85426141421773,13.58613425205326,1.539847667472999,35.27687989190896,4.637984636191464,13.73459921492958,18.37258385112105,7.043177251668088,1,1
638,230,0.5265934269706718,9.321411313269287,98.89695826854437,14.67671286791749,0.7909998416561633,1000,96.15698906324617,82.18490057499778,95.09633734616735,1,29.57954937458326,29.57954937458326,34.57902529697378,42.83352134507874,1,3.767770469921541,166,3,1.089795718123294,1.174397574637506,38.49026399919202,9.156245744698937,1.01803856877323,34.90200447566131,4.58869834935516,10.86949841018019,15.45819675953535,22.07063457068725,1,1
639,230,0.53216417560447,23.60742907549813,98.04671947761385,17.566014772119,0.8202265048295958,1000,99.90750750505802,91.43738633269155,97.95603362056023,2,68.49318575822161,68.49318575822161,42.51984784625449,50.95742854880086,0,5.735729553267184,166,3,1.075382680157926,1.172790877980941,80.60851968361588,12.46182221830416,1.894380184691055,61.42130356438008,8.075290760954863,18.95526084796863,27.0305516089235,67.5042117568146,1,1
640,190,0.5814896167974919,10.33929009446874,98.45316497364561,16.06487650808878,0.7263922380585456,1000,95.55025230604906,84.88339012247197,94.07224753560911,1,28.91287712339033,28.91287712339033,38.52041934427285,46.86753456024059,1,3.722489133793974,137.8,3,1.08588205634878,1.172138770118653,39.73331867957637,10.01006491253954,1.03288941528409,31.07149848570387,4.085087259465753,10.62451858027517,14.70960583974092,13.58386177721522,1,1
641,110,0.5193890362653881,11.86529074440896,99.53388608096547,17.76138049911335,0.8554363070507068,1000,97.17297850265626,81.1122417051981,96.72004172431495,1,37.76584283802575,37.76584283802575,43.02239469914196,51.47109246326528,0,4.260236944461703,81.39999999999999,2,1.07815503376844,1.16305597140711,44.14086275432809,9.979773349466386,1.188933889469884,29.41017169362218,3.866666351466591,10.45157111928083,14.31823747074742,32.69484178816097,1,1
642,220,0.3695944404116832,15.28670704672486,99.47705662671152,19.95635262289084,0.8678267698811135,1000,98.60298148437066,87.85870503323611,98.08734372683327,1,46.35975612435842,46.35975612435842,48.41848341098449,56.98303215446589,0,4.743945175511243,158.8,3,1.068983492060325,1.161666354315358,57.58933100500597,12.22946161762904,1.249990189648964,42.88905121608592,5.638785550494758,12.82990797489578,18.46869352539053,30.10106030937094,1,1
643,180,0.4802407996210269,21.97067732714117,99.61065119210112,21.15695246081241,0.6219724786404054,1000,98.39182049430373,96.74460264731981,98.00873311413913,1,45.75834761306361,45.75834761306361,51.19590931784586,59.81758088356872,0,4.732935595611441,130.6,3,1.065210658469117,1.16517105209642,69.48341322890782,14.21315876811518,1.545798346841004,37.12219639920678,4.880595366958522,12.66347017408998,17.5440655410485,-2.603209092860464,1,1
644,110,0.6983174047008156,18.57420204835385,98.60230824906098,15.71357894928753,0.8661037238673772,1000,99.28153036869109,87.50619073169761,97.89388060852188,1,60.0119348045599,60.0119348045599,37.54657289453797,45.87112385346228,1,5.363053412451338,81.39999999999999,2,1.082399942644436,1.175627342280442,57.05860930678737,11.09357291685715,1.674320995369271,34.89174176129213,4.587349071535927,22.05238564284894,26.63973471438487,20.63516398195706,1,1
645,250,0.3086164812608622,19.50726014246047,99.14550614319056,21.54782755660824,0.6127115359035088,1000,97.15606855048597,94.26486547202097,96.3258759132045,1,39.72224058776903,39.72224058776903,52.07640410411358,60.71582932092826,0,4.416728439543871,179.8,3,1.065442331229044,1.161792190792049,59.34393489966127,13.96877808892844,1.396490087985705,41.23200597462255,5.420927554126321,10.99299767519646,16.41392522932278,-3.08168620013787,1,1
646,130,0.3219709856146015,11.70458618799969,97.6041379481063,14.37109152197093,0.6440046012329869,1000,93.41548608768741,84.70267195893322,91.17737990592046,1,29.43047921973137,29.43047921973137,33.67595154169624,41.9087411724646,1,3.759741675330052,95.2,2,1.094222540935314,1.177674731888722,34.41676637763388,9.674910694008341,1.209787517237583,24.81473370048702,3.262486762057385,10.81472009727729,14.07720685933467,2.353166003680831,1,1
647,170,0.4770510760533623,8.448164739713073,98.92157190468875,17.80359993244894,0.811166549478611,1000,94.02080969647125,71.28979837818601,93.00686286926535,1,26.11577657168684,26.11577657168684,43.13048551537423,51.58156710434952,0,3.542933990767278,123.4,3,1.081930991079534,1.15378846363036,33.04563319220547,8.317917538078309,1.015658631026157,29.68813586374248,3.903211350751671,7.22745411362576,11.13066546437743,29.29164819864947,1,1
648,250,0.5168602703808807,16.46184435741976,97.79398957300019,21.63950891411677,0.6790273584087845,1000,98.02140744069575,91.63028859476138,95.85904497186202,1,36.90047530604664,36.90047530604664,52.28131725135296,60.92484965928998,0,4.258610457792493,179.8,3,1.064051891458157,1.159256211777484,60.00056923420088,13.76053887264819,1.196308117710488,39.49688103013409,5.192804124302931,10.21208353936406,15.40488766366699,5.732697940721788,1,1
649,210,0.5151528550379909,19.60293898521364,98.94411608047588,15.00568534550816,0.7198655777607579,1000,99.77011313574535,96.78929017309919,98.71665655465399,2,53.41670728254332,53.41670728254332,35.53625870582198,43.81356548153542,1,5.06159012830818,151.6,3,1.084166045105192,1.185894675990621,75.43778822411497,11.70405298753896,1.674884675085155,46.50420849187408,6.114083931584491,19.62885936942525,25.74294330100975,49.90559811238849,1,1
650,250,0.3975614463288337,11.32246080621704,98.60988436834405,21.37563372197561,0.8148975192883517,1000,95.71111443353129,76.68783895010668,94.38061927055867,1,31.68968233495795,31.68968233495795,51.68989676896405,60.32154979194382,0,3.942156435280677,179.8,3,1.067822016815774,1.146849095584726,42.40119883420321,10.84576440189306,1.043952310474381,36.32275793394743,4.775490172541832,8.770013953925163,13.54550412646699,26.95647588464078,1,1
651,150,0.3312148444490507,15.73128022476286,97.05801363026313,15.98100738970004,0.639055877733766,1000,96.29368569491275,88.99537112559457,93.46073858685116,1,37.06115646091666,37.06115646091666,38.28930416041595,46.63108339624517,1,4.214483828701836,109.6,2,1.085239142259768,1.176022570402181,43.84412552578009,11.26729868274093,1.396189154802454,30.38722749306293,3.995123567648777,13.61873962750484,17.61386319515362,-2.438786979448285,1,1
652,180,0.3253596753620542,9.247759414799511,98.81803735893027,21.00261990671046,0.7037527617174201,1000,89.59097180012579,73.50122401341876,88.53203998367698,0,22.98932070579253,22.98932070579253,50.84513876865702,59.45969001898544,0,3.352735807839113,130.6,3,1.076614043672288,1.14512567958022,30.31293374055209,8.929493406989168,1.035642112413817,25.13039891065177,3.303988459469692,6.362217874259062,9.666206333728754,-77.95167740785807,1,1
653,170,0.3439782089521177,13.85966442374513,97.67959569882126,20.53853533130698,0.8886990099903429,1000,97.93046661857122,70.75055809958353,95.65808385898947,1,42.01970983870561,42.01970983870561,49.7794205165676,58.37217213950771,0,4.5250847177617,123.4,3,1.067868321231421,1.144076318743524,47.34031916558049,11.40134936973481,1.215616149833631,34.64834885073984,4.555349286318007,11.62881463216232,16.18416391848032,33.1360953455518,1,1
654,190,0.3113753926986828,23.42802509542927,97.43321245798572,15.62618948581256,0.6917180750542553,1000,99.05718442765277,92.60538733195756,96.51459695829368,1,59.20580355995589,59.20580355995589,37.30192358933778,45.62077294033401,1,5.327016697022567,137.8,3,1.082975717504948,1.18030761389451,58.51355678293432,11.77003179352634,1.990481037469667,46.8308460291121,6.157028202278362,21.75615928149846,27.91318748377682,-5.443300120246686,1,1
655,140,0.6654185569283552,19.8846901127249,97.01032099318367,18.17398116877116,0.7304319063351257,1000,99.21715216577212,90.60252141337446,96.25087779631103,1,50.60065037502716,50.60065037502716,44.0710973514677,52.54281402824375,0,4.934639275482439,102.4,2,1.074206518650198,1.170032192431216,62.18501995475967,12.53965321817237,1.585744818198654,37.00987302044926,4.865827788120521,14.00356132245418,18.8693891105747,8.383703050525117,1,1
656,110,0.488181407535728,13.33538620545342,99.43160462026,16.5776387009304,0.6960114893252961,1000,95.77069497711101,89.21064705589046,95.22633877171621,1,35.01651664374975,35.01651664374975,39.91515793440624,48.2942237090349,1,4.097300459430773,81.39999999999999,2,1.083883586179886,1.174202320746831,43.39694371768165,10.60933078288432,1.256948857412096,25.59673255209642,3.365299104600061,12.86740264935657,16.23270175395663,8.835413947299612,1,1
657,110,0.4617103758597746,20.0079060683623,99.22999254927107,18.22838477108069,0.7057343754387461,1000,97.59998368292571,92.57873271347454,96.84845653665697,1,50.24842085055566,50.24842085055566,44.20812114007532,52.68282751042955,0,4.917919179537516,81.39999999999999,2,1.07605085068696,1.171533845135415,53.7892895495347,11.92243912425016,1.678172214582027,33.16910788742555,4.360867889944563,13.90608297565511,18.26695086559967,7.862244585833658,1,1
658,110,0.646204616853129,13.93784445179626,99.80788830114491,17.24817408360727,0.6256417178403586,1000,95.4936130156381,92.18724369824675,95.31015861337563,1,32.48919804673473,32.48919804673473,41.69377335187818,50.1129586893444,0,3.948826090363114,81.39999999999999,2,1.08197300974455,1.174498145893534,46.08515235148287,11.52572813657869,1.209281035144526,29.06070100037865,3.820720119514416,8.991277262107015,12.81199738162143,2.916535444348026,1,1
659,170,0.6393365005380474,11.76924557375535,97.01738982251801,19.08350911078043,0.6725952283681835,1000,94.7478429507225,84.36305304217845,91.9218841439296,1,27.97091672618384,27.97091672618384,46.32510825970917,54.84547732645296,0,3.675964708318009,123.4,3,1.076726369982057,1.161525301093912,40.937909825524,11.26015562621712,1.045211626236578,28.66041789735047,3.768093388135104,7.74085796758229,11.50895135571739,8.194074822542962,1,1
660,130,0.478359776945319,23.97527124453336,97.08854028160565,18.94841468421742,0.7242019304433139,1000,98.75712583297724,89.9543872817204,95.88185189530608,1,59.11128308644356,59.11128308644356,45.99514977975832,54.5084669121519,0,5.342096025489778,95.2,2,1.072179793191997,1.166870962610809,58.6324182778385,12.64904092223898,1.895422063374078,37.27381594368975,4.900529361121642,16.35885055656297,21.25937991768461,5.256662639225431,1,1
661,190,0.5361101649361663,8.562080849330872,98.13835578916753,20.43577512761205,0.6658951585519127,1000,87.51836176584384,72.88209689763691,85.88908125061459,0,20.3993667214617,20.3993667214617,49.54117788985701,58.12902190061448,0,3.151768783440776,137.8,3,1.081039923485418,1.146447684971796,27.36582449387872,8.542466191643964,1.00229613524325,24.47267476394803,3.217514981752526,5.645456742275455,8.862971724027982,-77.27079857158817,1,1
662,150,0.4321055859033949,22.20664016025886,97.86367966768506,17.70202417354286,0.7567131233571796,1000,99.06043750312607,91.08750006913606,96.94418923546665,1,59.31997015662346,59.31997015662346,42.87012347828733,51.3154586824221,0,5.33884201296784,109.6,2,1.075990599407617,1.172034636217675,60.19784058813304,12.14163682702018,1.828965935699861,43.6692495276528,5.741361169237607,16.41660400761169,22.1579651768493,9.491845711798382,1,1
663,130,0.3195246741376817,12.28796057824045,98.66462197272121,17.74787149164639,0.7258053837318672,1000,94.28399549863046,82.16708427823497,93.02494773950124,1,32.81543258054607,32.81543258054607,42.98777055312968,51.43570417306091,0,3.971134347096509,95.2,2,1.081792736599809,1.164053239008261,37.57249466732424,9.914792406673479,1.239356314709084,28.99296526413254,3.811814646439892,9.081561581890854,12.89337622833075,15.58594879286487,1,1
664,150,0.4250151865209453,15.63194627550617,97.89339836677163,20.87527888598107,0.6621905210444704,1000,95.45369883542142,87.65613062369815,93.44286965677753,1,34.87300084932451,34.87300084932451,50.55436134544038,59.1629895063636,0,4.127361255228555,109.6,2,1.069824648524189,1.158399398021736,46.65544724406247,12.37808952735699,1.262872290667941,27.6422543648345,3.634231583026239,9.650986741714394,13.28521832474063,5.774995648614958,1,1
665,210,0.6108750782389194,8.545334772497416,97.1852128467482,19.00631264923327,0.8647875305033522,1000,95.49302320245418,61.00350886403358,92.80509785309977,1,26.97253249531545,26.97253249531545,46.13676264306861,54.65310929884578,0,3.609086524130116,151.6,3,1.076061122618683,1.139689127547025,34.31185284717127,8.517079499506114,1.003317483768109,31.51181853855107,4.142977799852822,7.464558459636899,11.60753625948972,34.04334788892459,1,1
666,160,0.6066857191374525,8.827559179164469,97.34946902757358,18.80728543759696,0.7571344466530485,1000,92.43796230752807,71.16940978018131,89.98786548628718,1,24.45286370968413,24.45286370968413,45.6486857273843,54.15457227186153,0,3.434786121916091,116.8,2,1.080508606532693,1.150298312767742,31.33569497184001,8.735071743933052,1.01058805673756,24.94713612901877,3.279894209405515,6.767248522109385,10.0471427315149,21.45060955762777,1,1
667,230,0.5257301156739704,21.11965045734868,98.60573293222131,20.00523432342522,0.8681880477451254,1000,99.74880045536301,90.09473814878697,98.3580357801096,2,62.37438863366999,62.37438863366999,48.53380940168694,57.10076391753307,0,5.503488332280495,166,3,1.067379387844213,1.163437633407944,75.64638944253981,13.5392447212254,1.559883944208462,52.11845877976859,6.852210621324998,17.26190413973939,24.11411476106439,81.06782662113081,1,1
668,110,0.349869692467153,12.14806192339212,97.70196657070063,16.68789457518421,0.6645640051964438,1000,92.7682632589065,82.25674445880531,90.63641755743642,1,30.06628348071213,30.06628348071213,40.21106220120754,48.59685113778806,0,3.796902025055496,81.39999999999999,2,1.087229371387907,1.167698591939526,34.23563805412221,9.765116769193408,1.244026283609462,30.04313050183831,3.949883836596896,8.320743732342148,12.27062756893904,7.051838346808927,1,1
669,220,0.4914470786187798,9.197844896875322,98.9775284870173,18.5853046733737,0.8213136121111689,1000,95.02174401401714,73.8798023747125,94.05017375033448,1,28.1114966765557,28.1114966765557,45.10002731808163,53.59409255845048,0,3.681008213551449,158.8,3,1.078062133932758,1.153611473935563,36.58360289296128,9.092203215548466,1.011618930948024,33.68399783479832,4.428562416007002,7.779763000247869,12.20832541625487,29.61175739020763,1,1
670,210,0.4979692865747027,20.50329686870798,98.51018066077019,19.69107027842477,0.8293193071346731,1000,99.54780527461982,91.23143932523712,98.06472281985968,2,58.24243248628987,58.24243248628987,47.78913906580385,56.34050754981683,0,5.313056955669982,151.6,3,1.068688827400834,1.165468489619508,70.47422761529103,13.15417153166789,1.558691615001941,47.90296947298823,6.297984320734255,16.1183990491391,22.41638336987336,74.75344226701404,1,1
671,220,0.6949664894313551,11.84466045582294,97.8743206668087,19.21029045232758,0.8534421118485276,1000,97.95137356430041,78.59515715026455,95.86924145986707,1,35.92362345495946,35.92362345495946,46.63327724659956,55.16021083342673,0,4.167216264367155,158.8,3,1.072309036556344,1.155889788217931,48.14496641447217,11.34198436403203,1.044319942230304,37.83963010292207,4.974919085652267,9.941743045748511,14.91666213140078,29.87052289173804,1,1
672,200,0.4692837044268846,21.21480075199529,98.30116594915809,18.36352845128626,0.8632161751412787,1000,99.69535551003464,88.61019865767,98.00169686352227,2,64.20880744707257,64.20880744707257,44.54726208417492,53.02935024813917,0,5.560681154251782,145,3,1.072967707557617,1.167676380766116,69.57162353476195,12.63934017465555,1.678473754075809,52.03473258304005,6.841202822016681,17.76957343161918,24.61077625363586,79.03804249008462,1,1
673,230,0.3737461405248381,10.48287041503191,99.84785975297125,19.20174144153856,0.6500606871019816,1000,91.50374850505723,84.00363725957682,91.36453447604109,0,24.95937087964014,24.95937087964014,46.61254192873105,55.13903447664825,0,3.473468190500384,166,3,1.080330194688723,1.160807909853302,35.64979873391577,10.21022356505415,1.026703318320171,31.54153338437311,4.146884522862671,6.907422693037476,11.05430721590015,-79.51331107518655,1,1
674,160,0.4309274764363654,9.732723651312291,98.69487973969142,16.96541915222816,0.6776490288870642,1000,92.03873505890925,81.25290403553467,90.8375188803237,1,25.14227693679015,25.14227693679015,40.9498169197355,49.35230629877049,0,3.472815469348224,116.8,2,1.087193864854668,1.165860034378526,33.02257764898247,9.344786983536636,1.041513698328181,30.67662681694034,4.033171989787592,6.958041334666884,10.99121332445448,11.04171796943785,1,1
675,110,0.5978998160765506,14.49761100675538,98.7844018834371,18.12378159557469,0.8363326345390174,1000,97.89996623974839,84.17096605070708,96.70989609402231,1,43.82283782879372,43.82283782879372,43.94440608289858,52.41335481548339,0,4.591863362198228,81.39999999999999,2,1.076027316753164,1.164582043071879,48.86583190354681,11.01993811173179,1.315580074929937,30.9164461739124,4.06470194641941,12.12782429299257,16.19252623941198,27.31088432812515,1,1
676,130,0.3775186180961318,18.64565576142818,98.69028282465818,20.29638126852922,0.7689323997528059,1000,97.2424161432464,87.14552371357516,95.96881551730092,1,48.81043610091873,48.81043610091873,49.21666316217886,57.79780226831298,0,4.873021433376331,95.2,2,1.069543093838251,1.159900161049678,50.81276961160129,12.04455567322828,1.548056754212388,31.65212553045963,4.161424490002746,13.50812548947559,17.66954997947833,16.57616900654861,1,1
677,210,0.3409967156491242,23.09802508267388,97.0572854890713,19.7218363955263,0.8114746843663976,1000,99.22190257975861,85.87242082630723,96.30208525452451,1,62.88408740782203,62.88408740782203,47.86242994591794,56.41533784907864,0,5.521205731955005,151.6,3,1.068995111871224,1.160714465970776,61.67182722361768,12.93058852752794,1.786308877859695,50.01559434453446,6.575739091742635,17.40296157649005,23.97870066823269,14.17803143783235,1,1
678,140,0.6963510327256284,22.24383062974363,97.16331858037533,18.62378940504603,0.630259707658994,1000,99.21548312072959,94.14819480806129,96.40105594565298,1,48.2304721547003,48.2304721547003,45.19547628540744,53.69160283412316,0,4.821929404483268,102.4,2,1.072695910952274,1.17152782933284,66.68396276188251,13.41465333579432,1.658174093130712,34.92487828899501,4.591705655985958,13.34762240057279,17.93932805655875,-3.970464829458348,1,1
679,220,0.6309019569922238,8.527744099482893,98.69789422052153,21.79098466616124,0.7704141329794424,1000,91.05712032495205,67.4348869342743,89.87146029857421,0,22.97991683641175,22.97991683641175,52.61855655415292,61.26882828235529,0,3.362865003633049,158.8,3,1.072170276593015,1.136669757341656,30.82650383324807,8.518256936548649,1.001113744631667,27.90037874992552,3.668168170840887,6.359615384754165,10.02778355559505,-78.09780507780548,1,1
680,120,0.468017529461719,23.77426529498026,98.20084184318225,19.05354922217689,0.8323761856873753,1000,99.02171836230667,87.4193344372259,97.24016103937014,1,68.02034908510983,68.02034908510983,46.25207497468892,54.77088523346436,0,5.731991515542778,88,2,1.071494051467535,1.164319171026445,59.2778827392163,12.39523919503498,1.91801585438571,38.76482943081879,5.096558535664508,18.8244048748072,23.92096341047171,18.3288368342793,1,1
681,150,0.5874293324226514,20.64496879813448,98.39933050212689,21.38325266265124,0.6557407096072566,1000,98.22469289477776,93.81227058161237,96.65244019623151,1,44.68971592826695,44.68971592826695,51.70704397969615,60.33904251073909,0,4.681577192596762,109.6,2,1.064659060054905,1.161965482477422,63.28043035335529,13.92797276329778,1.482266597514963,31.54772493176044,4.14769854898246,12.36772991742812,16.51542846641058,2.004010179502932,1,1
682,130,0.4455606169895269,16.70371815142781,97.12343153492802,18.15324031318166,0.671742811285914,1000,96.8839421130582,88.59172601247296,94.09700918651536,1,39.50962414335442,39.50962414335442,44.01878243426688,52.48935656765724,0,4.360263552409343,95.2,2,1.077198038920084,1.168367553504821,47.7160151403825,11.87885662339517,1.406172216821791,31.08613347227702,4.08701137642522,10.93415678292619,15.02116815935141,4.573539273593424,1,1
683,200,0.3926107282936573,19.28571379745379,97.7074462551909,19.7800585190095,0.8751941864372464,1000,99.28403350094979,81.92398659214022,97.00789367292624,1,57.40596583465722,57.40596583465722,48.00090789233735,56.55672118126813,0,5.27614037913989,145,3,1.068721225672597,1.157000123755556,60.70196707567996,12.88120963180449,1.497197417689422,46.20465525900436,6.074700536680287,15.88690969152194,21.96161022820223,25.49496323654735,1,1
684,150,0.4130656109662726,14.15178277053311,99.53836043783329,20.21686047117598,0.6897152961634565,1000,95.15263774136177,88.36800695261739,94.71337552110248,1,34.11356609042323,34.11356609042323,49.03083820196434,57.60812745117221,0,4.072787857565537,109.6,2,1.072412773388338,1.16123337098948,45.62389548310849,11.65796199419058,1.213915672189123,27.74301458822789,3.647478910155785,9.440815703637661,13.08829461379345,11.24153687005656,1,1
685,250,0.5411282851784489,13.50714524953812,97.82215924301588,20.35067558328248,0.6652570124761434,1000,96.55915194090637,89.43960323223435,94.45624737533906,1,30.87453206108593,30.87453206108593,49.34324693306172,57.92700419298109,0,3.876331748988568,179.8,3,1.070213150086458,1.161711396401357,50.24879851887761,12.63661096195525,1.068889854265813,36.32688643211996,4.776032961789447,8.54442383279866,13.32045679458811,6.044315577640157,1,1
686,190,0.3870609669290483,13.11173170958832,97.57658599478579,19.84106313801743,0.7370575138990302,1000,95.91449666580347,83.17522565972921,93.59009132057368,1,33.54400125003858,33.54400125003858,48.14569849108881,56.70454508199776,0,4.033891451542647,137.8,3,1.072729817878275,1.15791837407847,43.85092363857549,11.37420788399881,1.152759984986194,32.95305281288906,4.332462313279567,9.283190532610677,13.61565284589024,15.2404443668595,1,1
687,110,0.5414766306624748,12.0709110978283,98.10396479320119,18.03233284293302,0.7437449448891682,1000,95.35334315405996,82.24357612593624,93.54541019699928,1,32.7025615161489,32.7025615161489,43.71297664657965,52.17685995763719,0,3.966078364771865,81.39999999999999,2,1.079510138256545,1.163165403447478,40.01168772255566,10.33192137137797,1.168312326811523,26.31642373625748,3.459919622774261,9.050324891055819,12.51024451383008,17.80354009083132,1,1
688,140,0.4065836638832465,18.49181817805395,97.47467335926751,19.90465859648399,0.8689504876712104,1000,98.67689239817339,78.33196840143748,96.18497854619538,1,54.49488285223725,54.49488285223725,48.29630741676897,56.85830428903114,0,5.142545608433827,102.4,2,1.069064619370971,1.153313016168328,53.45154780944067,12.27781894067744,1.506115888123176,35.41265894152131,4.655836020666178,15.08127717974715,19.73711320041333,26.63830298808272,1,1
689,160,0.5381553972213529,14.61790606162697,99.39421336252434,21.82337445346639,0.8598247305137572,1000,97.88064533453958,83.95899663728885,97.28769746442798,1,42.30742301353828,42.30742301353828,52.69045634091839,61.34216165622428,0,4.563572541685168,116.8,2,1.06360976900752,1.15195159586415,54.03360116192014,12.4678892939548,1.172444326139038,31.41853639771936,4.130713644481537,11.70843829425334,15.83915193873488,31.57605554344125,1,1
690,230,0.484107422848232,10.39351454984769,98.49823130593086,16.7081399509199,0.7202004956491291,1000,95.1748079505272,84.50015195356042,93.74550248008575,1,28.45403442117705,28.45403442117705,40.2652464216219,48.65226436357307,0,3.693746485281851,166,3,1.084185080901243,1.169635476172999,39.38845335348489,10.09894108951733,1.029168747269566,40.54903728091804,5.331135080469154,7.874559179279344,13.2056942597485,14.30616404502966,1,1
691,240,0.4747453586838208,16.86369205435738,97.23239855967942,20.02487655962818,0.6105542801702628,1000,98.1154790609006,93.08828703880079,95.40003364923369,1,34.91738619179743,34.91738619179743,48.58009564477504,57.14801489481272,0,4.117962736107478,173.2,3,1.069364091908874,1.165923392213791,59.41495290818069,13.73818853275491,1.227504777223763,38.34019114564497,5.040729736501728,9.663270237292632,14.70399997379436,-3.278952767211098,1,1
692,230,0.3852459308209829,20.78216069689021,98.39480501562063,20.49981669391133,0.6326670078578638,1000,98.50060506728752,94.83707639185624,96.9194782951641,1,44.20648878374413,44.20648878374413,49.68975177691487,58.28065776400052,0,4.640713215282355,166,3,1.067284217477837,1.165795803242418,64.94250174356162,13.86722461204628,1.498653211316489,42.37089624112541,5.570661758923717,12.23399841593857,17.80466017486229,-2.434641700813826,1,1
693,170,0.5125568247793242,20.3115793370977,97.27623678311045,14.81685831434093,0.8333394473341993,1000,99.77462322768046,87.04829275161531,97.05699874041478,2,63.11763822025731,63.11763822025731,34.98866362128877,43.25294616120675,1,5.502991643646088,123.4,3,1.084795393407581,1.178242706674923,65.18032823630882,11.26349659986859,1.803310291524807,45.77275992615642,6.017917626050739,23.19362812467055,29.21154575072129,66.6760849539837,1,1
694,140,0.5734905182347633,19.32035241795704,97.99802519645854,21.53332266936451,0.7254133955803235,1000,97.97813052605144,90.00520296786836,96.01663303993892,1,46.07508739787959,46.07508739787959,52.04392934834186,60.68270280503469,0,4.75653336683407,102.4,2,1.064463181299891,1.158221649419825,58.06868084631989,13.36261103144465,1.445851590867439,30.87921796041696,4.059807412584394,12.75112685373852,16.81093426632291,10.79222259501421,1,1
695,250,0.5688198440652341,13.85212017706037,98.59825877830545,14.1416759376917,0.6908077105235774,1000,99.40378058408848,95.68975139874875,98.01039681571851,1,37.44855964248286,37.44855964248286,32.98902008682359,41.20517737159014,1,4.242592471792892,179.8,3,1.087532569087364,1.187889127160038,64.16864438990743,11.44279739234771,1.210553652407048,41.83104569908263,5.499685569206659,13.76109738329104,19.2607829524977,4.155641560994442,1,1
696,190,0.4523011807321571,15.88359631941467,97.50491804090797,21.74038487022556,0.6796894580429652,1000,96.49117082067363,88.07691973245937,94.08363702541031,1,35.53054837070996,35.53054837070996,52.50608494638976,61.15411185256954,0,4.180620746517755,137.8,3,1.065624294693373,1.155856665612195,50.99652133243846,13.04877617318189,1.217247970890861,32.86321293313719,4.320650724973483,9.832960826432744,14.15361155140623,6.874117462834157,1,1
697,250,0.4546680094867013,10.04378227790072,99.74256763044941,16.38238368944637,0.8859388898919336,1000,97.93632991815123,82.36533845099507,97.68421010339206,1,34.57766505121236,34.57766505121236,39.38770172614198,47.754735229799,1,4.071176484112848,179.8,3,1.081838119442039,1.168823653429278,46.03378746434725,9.721228032797651,1.033180401078427,40.01649605511442,5.261119874164522,12.7061393174855,17.96725919165003,33.44384954235772,1,1
698,140,0.4917622815957293,11.23602821835875,97.83117780680288,16.24667945363931,0.8741236631637672,1000,97.96487607116372,74.89420063394789,95.84019209739427,1,37.17437882366323,37.17437882366323,39.0184894764223,47.37706389637157,1,4.221091687625515,102.4,2,1.082258756455499,1.162427712553197,43.27416664821641,9.906372113184315,1.13422230560114,29.45704484236364,3.872828941366234,13.66034507173545,17.53317401310168,29.99765325905975,1,1
699,210,0.4537986312424764,21.22718735210225,97.70994769768296,18.27207603831217,0.6045792485383339,1000,99.16715826585198,95.41494677070294,96.89617847484246,1,44.80745075240203,44.80745075240203,44.31795635247482,52.79505619703633,0,4.64440814643605,151.6,3,1.073939445756763,1.173769886616682,67.50167751135923,13.51697988263878,1.570409036368136,43.56202321850775,5.727263721392614,12.40031263755809,18.1275763589507,-7.155887525932785,1,1
700,240,0.5100460087549872,23.80524030212685,98.03030677692662,21.24846448624693,0.6970908412436955,1000,99.53269349661453,94.65514349222914,97.57220477806931,2,54.39608184129314,54.39608184129314,51.40305956025492,60.0289233348808,0,5.162217425330435,173.2,3,1.063470319228441,1.163125937130197,77.45512145035777,14.21634071929571,1.674498436142307,48.38806762668472,6.361762007161822,15.05393432930507,21.41569633646689,48.33610919627477,1,1
701,200,0.4385594252157025,17.99123673209548,97.23701701873091,16.67259494811483,0.744710446174303,1000,99.23115880366305,90.52304877233472,96.48941877380175,1,48.44861555141327,48.44861555141327,40.17008383945932,48.55494287401774,0,4.81976690285268,145,3,1.079238078696517,1.175013193961843,59.92442503875051,11.90051549097608,1.511803143799768,51.79285064523548,6.809401690092679,13.40799285846845,20.21739454856113,9.174515530923065,1,1
702,160,0.3877298422059044,15.8384948588945,97.49150390244546,16.29542391029,0.6114700125047006,1000,96.8666850895363,91.57712058563656,94.43678807423484,1,35.62721955782798,35.62721955782798,39.15135938995792,47.51298149203865,1,4.132377682317786,116.8,2,1.083467408926505,1.177183050251824,47.82321262968979,11.90019977860563,1.330943610490405,30.68081174437785,4.033722198003801,13.09181561351652,17.12553781152032,-5.315869972175107,1,1
703,210,0.5279740138306281,21.12861582471803,99.78524935852802,20.6848144184053,0.6069455465592211,1000,98.99636873052387,98.12813849279445,98.78377339364113,1,43.52337368965264,43.52337368965264,50.11712920758748,58.71681590244208,0,4.607724010219711,151.6,3,1.066039942407363,1.167896911905409,78.03411344828,14.40875561234069,1.46637339081676,39.6601963468331,5.214275805812908,12.04494859069907,17.25922439651198,-4.264939256034531,1,1
704,190,0.5919971982696093,16.09259795975313,97.57916733382609,20.31849519222975,0.7283571352473925,1000,98.30981091362719,89.75200647067135,95.92989489697629,1,39.75510374283812,39.75510374283812,49.26824886857196,57.85045535769615,0,4.398153648899823,137.8,3,1.0681331802171,1.162089081887389,57.68011252464495,12.97081701250007,1.240677279175597,35.89425929029131,4.719153837469245,11.00209244381797,15.72124628128722,11.85381579505831,1,1
705,170,0.6709049271209165,16.00627699428797,97.77949758430545,18.23336846840382,0.8593176836406347,1000,99.36742767918257,84.7297564002354,97.16097154715278,1,48.80032238129478,48.80032238129478,44.22065896724166,52.6956386905361,0,4.846581210497328,123.4,3,1.073817912989866,1.164709919830918,60.53261374870008,12.25406043399646,1.306201897771103,41.17359442351545,5.413247966888421,13.50532655128206,18.91857451817048,26.47598505618792,1,1
706,190,0.5643268093902618,17.15490824725106,98.40164661871454,14.13048825690709,0.6202930693214759,1000,99.5063538472927,96.68201348864456,97.91589067598061,2,41.03063322554245,41.03063322554245,32.95531852358715,41.17065711385465,1,4.44095104174205,137.8,3,1.087441202913765,1.188749334360097,67.60607957857994,12.05970235971945,1.422498477619985,37.91628619836837,4.984997352042032,15.07739002261266,20.06238737465469,34.6983248897449,1,1
707,250,0.6156165113329888,10.69867041039839,97.9217658152434,16.71770340732671,0.7081174296183279,1000,95.8061818453063,85.71543535617676,93.81510502308706,1,28.55244516416952,28.55244516416952,40.29082568830017,48.67842359280456,0,3.700151678382321,179.8,3,1.083368414524874,1.170678956555367,41.40865286112723,10.53703424581206,1.015339815816825,42.2364711053072,5.5529883786091,7.9017940243667,13.4547824029758,11.83244345263228,1,1
708,190,0.4467572484795004,23.89514262534306,97.42729077677077,20.21488093402609,0.7459354379208991,1000,99.25930692006034,91.00705590883619,96.70565357601454,1,59.33588503894445,59.33588503894445,49.02620589759869,57.60339907895496,0,5.371358432157497,137.8,3,1.06728999561881,1.163515102822628,66.60621956705101,13.3737954948826,1.786713624751207,45.25173022242664,5.949415883030876,16.42100839824441,22.37042428127529,7.375767149623201,1,1
709,150,0.3754904443879611,18.01689401004836,98.75651638201811,14.10600885686651,0.7866068705719197,1000,98.98683314688304,92.09055251266307,97.75594809274247,1,54.72490196932123,54.72490196932123,32.88151076731521,41.09505550381101,1,5.128995601172326,109.6,2,1.088176440321035,1.184983092662396,55.35593921748017,10.67797203968736,1.687295484862112,37.97631645135969,4.992889756130305,20.10957731032657,25.10246706645688,11.5349418207318,1,1
710,170,0.6934579690070822,21.10026703512296,97.36741040726432,21.70798811074533,0.8866324594236911,1000,99.53871626812094,80.0132923199272,96.91827038290369,2,60.62581788775834,60.62581788775834,52.43397894401585,61.08056521834129,0,5.460192451849296,123.4,3,1.061917365559655,1.148786039725812,68.02847502570485,14.31443520674213,1.474055156935894,41.86199548343808,5.503754654249719,16.77799301437749,22.28174766862721,84.43344264572468,1,1
711,160,0.6728072003106587,17.37004747569934,99.78152174458421,20.26667480945587,0.6625479980815434,1000,98.20244244501195,96.06633121454654,97.98789146198241,1,39.78599727140669,39.78599727140669,49.14730438282396,57.7270074294812,0,4.399105564676494,116.8,2,1.068441988337828,1.16760353441427,65.07718348501488,13.36981149732259,1.299199130756468,31.29535362541279,4.114518340158936,11.0106421248709,15.12516046502983,5.554156184075447,1,1
712,120,0.6567856229353696,23.10727779502422,99.25228892462022,17.77526481451839,0.8970450560874073,1000,99.55669856614924,90.2845461096058,98.81230210468767,2,73.97813778540761,73.97813778540761,43.05796146516195,51.50744390071594,0,5.96272547414777,88,2,1.075120494231953,1.171100169585304,66.35646930128772,12.17247160828006,1.898322587115832,44.78069784408174,5.887487477213631,20.47320303831894,26.36069051553257,85.85080832244266,1,1
713,180,0.4528707528492436,22.70970841300115,97.6886386180646,17.65645108862035,0.7714493743742583,1000,99.5165225062279,91.28402547625728,97.2163360363739,2,61.73175562549623,61.73175562549623,42.75296732319208,51.19571191180876,0,5.44594038185289,130.6,3,1.075570600228533,1.172355829690459,66.20956744796435,12.32891096799517,1.841988191167385,50.7609666866605,6.673736008749334,17.08405759683733,23.75779360558666,60.42971605801447,1,1
714,150,0.5376239553422667,11.09901853889227,99.73496722368667,18.50116833632812,0.7084806571238441,1000,94.33212728434029,85.70978747074984,94.08211622844317,1,29.03981220637362,29.03981220637362,44.89087006824838,53.38041132386263,0,3.740642507904473,109.6,2,1.079199811705631,1.164676182155578,40.26363019345796,10.41408891985417,1.06576951899578,27.13273632716885,3.567243322222095,8.036671228739879,11.60391455096197,15.5331009618158,1,1
715,160,0.3812682635170407,10.8890752456896,97.77462755405871,19.24895586267672,0.8453644236478256,1000,96.27774996156187,71.41574871038618,94.13521144234502,1,32.87681871761002,32.87681871761002,46.72697817862701,55.25590359392368,0,3.986979005979298,116.8,2,1.074268880567085,1.149047714925127,39.59248996469771,9.893734805515399,1.100603104867874,28.99415215778696,3.811970691831402,9.098549990702844,12.91052068253425,30.76074558023068,1,1
716,190,0.3964813239702024,13.49486086701602,97.69956808755077,20.05397227204591,0.6639580058155116,1000,94.96277043426143,86.35142620493984,92.77821655824579,1,30.94000922832948,30.94000922832948,48.64860042997356,57.21794664237734,0,3.876693459591217,137.8,3,1.07319616926918,1.160019052756181,43.65043976782895,11.81494764954515,1.142185413537193,31.29635613062883,4.114650143306037,8.56254442057609,12.67719456388213,6.469140187459693,1,1
717,220,0.4139864409720525,22.75395871106535,97.25226808193969,17.04727878443524,0.8076643812528346,1000,99.73592740025711,88.68834831057855,96.99545148930679,2,65.24658437339194,65.24658437339194,41.16609183639792,49.57344751136969,0,5.594869250040591,158.8,3,1.077343194618962,1.172170709480151,68.50798700134017,12.13387274413536,1.875242899845227,62.59321820960275,8.229366805551912,18.05677473672165,26.28614154227356,64.43710349698394,1,1
718,210,0.6135416952376254,17.43923402789235,98.19083098789127,17.48380693372898,0.6472196349024307,1000,99.39243132425085,95.72814802869328,97.59425425635108,1,40.62478292831268,40.62478292831268,42.30720448531133,50.74006438848892,0,4.416865543040175,151.6,3,1.076307252309862,1.176681465249817,69.48048490296411,12.90260062518017,1.351606124571405,43.7400442616122,5.750668820294986,11.24277325946744,16.99344207976243,0.1386103802528679,1,1
719,250,0.5809000744668766,23.32549340066686,99.42082012067857,21.09885946029611,0.8325891995094018,1000,99.82370233713155,96.35289207460221,99.24554353840115,2,64.82237520586033,64.82237520586033,51.06408393005995,59.68308274693948,0,5.631959253531347,179.8,3,1.063607241111075,1.165042420980726,89.66425407205659,14.14840309078781,1.64863082080651,54.84974514112917,7.211303155014041,17.93937626363782,25.15067941865187,74.19009040189071,1,1
720,130,0.4612192574226297,19.34668975216896,99.52868653368336,21.07787498275749,0.745566272435314,1000,97.49427413381075,91.42936623231054,97.03477049093043,1,48.62691828608119,48.62691828608119,51.01640356991402,59.63443472734593,0,4.87753185989082,95.2,2,1.066600189416175,1.160973648980154,56.41036348604047,12.73131004388572,1.519615003128473,30.95256986738971,4.069451264835993,13.45733754594535,17.52678881078134,14.36486864334466,1,1
721,140,0.6448064615843817,11.52964635790885,99.12805287119879,21.42482021812163,0.8280339015693403,1000,95.80883951631429,76.77183598894852,94.97343709101403,1,32.87941956741771,32.87941956741771,51.80052129250606,60.43440220610961,0,4.016283079395933,102.4,2,1.067535075224142,1.146761505996987,42.7580168101421,10.70999306146518,1.076531636550989,25.49370439460147,3.351753603608453,9.099269767217626,12.45102337082608,30.41506864565121,1,1
722,240,0.4943965870263986,11.30046663541347,97.7972497373413,21.41515688769706,0.8105372450646479,1000,95.75556292875073,75.15925789426116,93.64630701482739,1,31.17823598728807,31.17823598728807,51.77880160964554,60.41224531892328,0,3.910846761645306,173.2,3,1.067633830371962,1.145293905390304,42.00084781473622,10.97375475070337,1.029772114661953,35.14881104566333,4.621146941273943,8.628472882028682,13.24961982330263,25.7670574850778,1,1
723,250,0.3758959378823638,12.37051574378088,97.71432025969001,20.68857360058278,0.7845185281124432,1000,96.24245770637485,79.97695106606099,94.04266334900383,1,33.28338496441773,33.28338496441773,50.12578590761854,58.72565004269711,0,4.029440929205381,179.8,3,1.069471401539332,1.152181242783647,44.32457788443902,11.38906746645156,1.086174595086064,37.70192803386757,4.956814874548467,9.211065844286059,14.16788071883453,21.2194095199111,1,1
724,240,0.6227510568577797,10.01862591040879,99.57584520950073,20.86009992297366,0.8904306505485904,1000,96.81638961767405,71.76401040702274,96.40573826312223,1,31.61044035011759,31.61044035011759,50.51961854017458,59.12753774806356,0,3.929330647943786,173.2,3,1.06817915611509,1.143960801674009,43.37780478757783,9.955471041631526,1.006343734868312,35.68902940728076,4.692171489619694,8.74808399876054,13.44025548838023,38.45333993162526,1,1
725,190,0.5939768526792526,22.52263646563143,99.36932893628125,17.30364571470395,0.8997536217637361,1000,99.91740627149126,93.94553745984039,99.28725610251867,2,73.1718267926184,73.1718267926184,41.83871367168024,50.26113752133898,0,5.926483044243844,137.8,3,1.076252562195087,1.175797251656916,83.59188481340632,12.4347690676962,1.811262946904426,59.886712345283,7.873532257401973,20.25005915876783,28.12359141616981,84.82125254369043,1,1
726,180,0.3225526357736438,21.01420762190223,98.90214470608861,15.07738632347062,0.6122816662296653,1000,98.49672525966113,95.98793716845479,97.41537374706859,1,48.45725255982577,48.45725255982577,35.74290659146487,44.02511108886335,1,4.820622178434912,130.6,3,1.085524715886509,1.184990059238086,58.43810004641817,12.0840844591278,1.73899873780086,40.5316927468301,5.328854729064261,17.80642507398397,23.13527980304824,-10.11529530321963,1,1
727,130,0.3515465337251313,10.14700171048567,98.85313348825787,21.66601912051439,0.6298196623054566,1000,87.09816846262197,76.80214091929685,86.0992687361834,0,22.07291376486749,22.07291376486749,52.34045661734677,60.98517266746961,0,3.294055018362059,95.2,2,1.077411360225328,1.145978423619919,29.47384618904094,9.465065776126298,1.07204766987245,19.44382587627489,2.556353225094278,6.108605308047861,8.664958533142139,-77.18938138457091,1,1
728,120,0.4535809531199745,11.43173353060335,99.20185344274678,14.06825620152243,0.8107452220359351,1000,97.26306659661772,85.44729445626871,96.48676477909788,1,37.06611637069486,37.06611637069486,32.76750346969459,40.97827495050228,1,4.221400740909933,88,2,1.090462481090799,1.179352351769661,42.45943994223275,9.43129466245664,1.212106496482386,27.31390951336696,3.591062845282279,13.620562229018,17.21162507430028,23.29135035519443,1,1
729,240,0.5346683325831778,23.35202931360528,97.7869411229083,20.34168834476173,0.7836701462281169,1000,99.7542836890587,91.77222972405505,97.54666265859875,2,61.04112080035737,61.04112080035737,49.32231004256226,57.90563450532119,0,5.450281023176545,173.2,3,1.066240991468925,1.163741699961565,78.02475262788295,13.66008775295425,1.709508001407602,52.43233344053051,6.893476908444611,16.89292671109623,23.78640361954085,62.99048156378195,1,1
730,240,0.601273488843534,9.479988786451518,98.2642290396882,16.4289247714635,0.6958445044374559,1000,93.23570533887556,81.55471145808737,91.61734704096148,1,25.36670105812601,25.36670105812601,39.51382829989626,47.88374459288235,1,3.487082353366685,173.2,3,1.087523938709414,1.167936953433434,34.37230594134279,9.445123288749176,1.003691375605851,32.81165340557514,4.31387199915037,9.321417082159369,13.63528908130974,10.42587953687372,1,1
731,250,0.5331134811253286,9.609597382232547,98.17284498311717,21.145193567371,0.8986520964161726,1000,96.69469962522635,61.29651271377605,94.92793756996423,1,30.10301009123054,30.10301009123054,51.16924624031418,59.79037752362706,0,3.838666581721676,179.8,3,1.067372176542988,1.132789397829231,40.40202089153374,9.566526901531672,1.004502206615232,35.3760186943864,4.651018788989264,8.330907699381081,12.98192648837034,38.34888666521741,1,1
732,210,0.4932273542765527,14.22330565441772,98.5877075519001,15.55626780766249,0.7737672149813735,1000,99.03677376456224,92.29394695955891,97.63808488784353,1,41.81924583231579,41.81924583231579,37.10547597542393,45.41973746892404,1,4.477122836990249,151.6,3,1.08323650012103,1.180278633319851,57.92282334381188,11.25422950667609,1.263818695538451,40.43188792437433,5.315733012104428,15.36717886851498,20.68291188061941,14.02629711304921,1,1
733,180,0.6106221817984245,10.09842090912536,97.82692462103745,18.75793546099402,0.6759994051256217,1000,92.20929629326926,80.45099558038905,90.2055187784056,1,24.80150489205298,24.80150489205298,45.52710425429558,54.03037696236004,0,3.458802818627322,130.6,3,1.080955912357366,1.159105074404736,34.46525501942447,9.97299588329706,1.012576464213563,27.9613475116198,3.67618396421298,6.863733807192689,10.53991777140567,10.46722424316734,1,1
734,110,0.5838212165049277,14.83681077999994,98.0388752606119,15.22685819422081,0.8603107469578972,1000,98.83909254462824,82.96937966671155,96.90073464854883,1,48.41194322570702,48.41194322570702,36.17146079527271,44.46379219699423,1,4.817869731930953,81.39999999999999,2,1.084592513326697,1.173251663490152,50.02625703882138,10.53688457028314,1.408083260382652,30.79439369358284,4.04865524585201,17.78977540400647,21.83843064985848,24.01950553711688,1,1
735,250,0.3277223595520481,12.90086735728756,98.09669614990317,18.94164813665114,0.7471304315339774,1000,96.57512869942818,85.2778331718382,94.73701055665597,1,34.29927851423785,34.29927851423785,45.97857966820641,54.49154202667887,0,4.069228278303177,179.8,3,1.074931792169756,1.162813360873692,45.68199865912713,11.29344245493587,1.14233258891306,39.95437798877519,5.252952977369963,9.492210997886943,14.7451639752569,15.96258117081197,1,1
736,170,0.4662187484039925,11.55835990351811,98.18676788870513,20.0320859654136,0.8365113588548732,1000,96.58189845743831,75.79587750638083,94.83064446090984,1,33.9568993787151,33.9568993787151,48.59707640133371,57.16534945902191,0,4.061022298487278,123.4,3,1.071256210027606,1.150538903303209,42.88505529233566,10.65217042831387,1.085070876522549,31.04933994707094,4.082173992701376,9.39745871339481,13.47963270609618,29.44427042357938,1,1
737,120,0.6385049267749302,13.03017806620523,97.280130950743,19.32113503270038,0.6385981430797605,1000,94.29155822233484,86.05184911095614,91.72695131418342,1,29.11692056548269,29.11692056548269,46.90154356757586,55.43417459821615,0,3.752782986499999,88,2,1.076492489176577,1.162220069272249,41.2787608286509,11.58239744783651,1.124998354174002,23.45306133271422,3.083462552983124,8.058010710095449,11.14147326307857,4.243932562759574,1,1
738,250,0.6257645628682338,12.99851227374375,97.92666893319588,16.94330114007555,0.7972485269644763,1000,98.94426440203428,88.70311581994224,96.89282222936609,1,38.29675227585879,38.29675227585879,40.89125430272674,49.29242421181107,0,4.286000581781534,179.8,3,1.078688080140266,1.172533191058217,56.20048733265272,11.59266296720385,1.121270609739721,49.61975086789908,6.523696054813154,10.598498536503,17.12219459131616,20.07627869581703,1,1
739,230,0.4092679154311307,23.29947807079926,99.31498645041054,14.69086406530254,0.7305597088162321,1000,99.83160075913288,97.73132364323604,99.14774076716078,2,64.57148570609962,64.57148570609962,34.62051461511982,42.87600356035108,1,5.566754896065956,166,3,1.085147385980654,1.187729165039271,79.9808207630474,11.5742283469915,2.013048073036809,54.57533170693648,7.175224984392094,23.72786861413474,30.90309359852684,47.46047907177437,1,1
740,180,0.6482962427288294,18.18616906196252,97.62681592236821,20.48420913519338,0.8839567325307056,1000,99.46551230196707,81.32373802234729,97.1050126012819,1,53.9967973035023,53.9967973035023,49.65357272920534,58.24373354688413,0,5.128640766725768,130.6,3,1.066125004351913,1.154090383942626,64.60251750183849,13.47525563617483,1.34959733254641,41.33867529025581,5.434951771930617,14.94343366441992,20.37838543635053,28.15365294623514,1,1
741,240,0.5435294093779288,8.856809353597463,98.55657967277351,20.88431231575273,0.8726670784078538,1000,95.42415434643219,62.87281246695186,94.04678270551182,1,27.41559248973252,27.41559248973252,50.57502941841847,59.18407920054602,0,3.659664442279756,173.2,3,1.069830973366124,1.135237869183342,36.68057885035179,8.835914262313793,1.002364791085942,32.89851760857161,4.325292363994628,7.587173836225175,11.9124662002198,36.4160847676788,1,1
742,110,0.3294679354338906,8.422207686189562,97.53962321691637,17.65528439628892,0.7548028091009007,1000,91.15060968069106,68.25886319283705,88.90796124246816,0,23.96670289930296,23.96670289930296,42.74996527714916,51.19264344312523,0,3.393298037578938,81.39999999999999,2,1.085964053374918,1.151376913201932,27.7304269920604,7.727156028757583,1.089949219977603,22.89137722426474,3.009615821827655,6.632705138372431,9.642320960200086,-77.76279828118599,1,1
743,210,0.44947246057773,10.54071693818271,99.62903335981839,14.93455882148631,0.7096841969298664,1000,95.82661407015117,89.02855613085018,95.47112929953533,1,29.743573852641,29.743573852641,35.3305715723738,43.60299399449133,1,3.77721376217917,151.6,3,1.089339716589503,1.179570498407032,41.69934213706373,9.991713983528026,1.054945823665464,33.25756231646384,4.372497327812644,10.92977193838381,15.30226926619646,11.83089719180414,1,1
744,180,0.4282102827039547,22.37594018373638,99.38682112938227,18.35836224291846,0.7806389526572312,1000,99.35254768306487,95.62342876214541,98.74333885325193,1,61.78275297448081,61.78275297448081,44.53432985361331,53.01613699900975,0,5.454563306141035,130.6,3,1.07341626585895,1.173653249794749,70.29154830900917,12.48975405626217,1.791543699174559,48.17892257807391,6.334264917703667,17.09817094317765,23.43243586088131,13.03621884072395,1,1
745,130,0.6514501244072802,18.28954827221483,98.49614159641958,14.96872831862979,0.8172314444263699,1000,99.52601652452425,91.74335480314639,98.02928616127133,2,56.55957134039711,56.55957134039711,35.42947132829454,43.70424344631959,1,5.208528229406379,95.2,2,1.084597470404335,1.181786374686807,62.480669019201,11.17832288763651,1.636162101959275,36.18165106617126,4.756938319690551,20.78375714855126,25.54069546824181,69.16288155914914,1,1
746,210,0.3206221002429724,8.066301103636622,99.36051510153283,14.87657744840532,0.6812100322408369,1000,90.07023559958333,77.85329922417003,89.49425004491017,0,22.39368450065906,22.39368450065906,35.16238212094999,43.43080365718572,1,3.277637709247633,151.6,3,1.09663090533826,1.169782154391957,27.80203885781779,7.941054304450684,1.015772061792316,28.28295546875392,3.718466977014435,8.228932597842181,11.94739957485662,-80.30572875065423,1,1
747,120,0.581821999988053,11.38852940077335,99.84260638403076,16.09804159652814,0.8302657330939081,1000,97.30356341585377,86.16756778745128,97.15041381892665,1,36.59101751433903,36.59101751433903,38.61157545439175,46.96079202606347,1,4.18771273084328,88,2,1.083585717918008,1.173161174686713,45.13072906504243,9.868820205291135,1.153990969930471,27.17180144500759,3.572379360808905,13.44597923593578,17.01835859674469,26.87384193771502,1,1
748,170,0.3440381861881353,22.92446052237973,99.12063043518629,20.87122612305544,0.8336754477753304,1000,98.77932538284719,89.96976777321692,97.91069005910212,1,63.95142891745688,63.95142891745688,50.54508678518067,59.15352571779573,0,5.589158111688771,123.4,3,1.065685518727915,1.160417785686901,62.02829652815721,13.06921351815887,1.754081107522468,43.77324835548364,5.755034287924387,17.69834478147647,23.45337906940085,20.01848827844914,1,1
749,210,0.3008828405770473,14.58621327895299,99.59663845527722,15.52746369821951,0.6562945205226307,1000,97.07624399363431,93.71788060459791,96.68467575630272,1,36.70819112679013,36.70819112679013,37.02436751878832,45.33673230270642,1,4.194658948940549,151.6,3,1.085788493494205,1.181579082695399,49.80939275373584,11.24045451203094,1.297653334510718,37.52349651232274,4.933355808495207,13.48903663272448,18.42239244121969,1.279813531175017,1,1
750,260,0.3404495568885468,19.72914386275411,99.89117161639987,17.61078703285568,0.8694229725644924,1000,99.64889218230304,96.9621567218762,99.54044590366561,2,62.25384059075803,62.25384059075803,42.63536355589343,51.07550457755366,0,5.468575894424325,187,4,1.075557644433116,1.177276412846486,77.20196069933533,12.24064341148227,1.611773433759804,63.80850982313685,8.389145784002791,17.22854287069032,25.6176886546931,82.08026898552903,1,1
751,110,0.4313267635449767,8.942481525219977,98.73918637738389,18.14706834811717,0.7700095931574237,1000,92.54469839916595,72.30226603097941,91.37788223474028,1,25.86102195718253,25.86102195718253,44.00320669962662,52.47344054635278,0,3.527600357940067,81.39999999999999,2,1.082597523375473,1.153595715100795,31.30094514082562,8.343872253898093,1.071742382086713,22.74544561662594,2.990429642204136,7.15695162324374,10.14738126544788,24.52680639495484,1,1
752,100,0.494470268602576,13.801013200555,99.20567038573319,17.13233269759081,0.6014512401362182,1000,93.637597389348,89.40304803158809,92.89380622319648,1,30.83097430749838,30.83097430749838,41.39003122319178,49.80241473953993,0,3.846272155418708,74.2,2,1.084662178255613,1.172503120691375,40.11168425715935,11.12825199323803,1.240177991021504,27.93872822062396,3.673210120595243,8.532369369685817,12.20557949028106,-0.2305992021211833,1,1
753,100,0.4648937128140591,23.24526235152408,97.41132535944584,19.97223913355172,0.7861075038800714,1000,97.97361461485561,84.68808820785515,95.43739649888659,1,61.19659765935378,61.19659765935378,48.45598588369859,57.0213172744451,0,5.450722049098284,74.2,2,1.069718759036607,1.158825134405971,52.03654348626437,12.25690546282219,1.896503356579841,32.3966444251836,4.259309201056118,16.9359544135673,21.19526361462341,13.999613043207,1,1
754,140,0.668442985893134,21.52032989505306,97.09758545941251,14.74433715949021,0.8895974186994369,1000,99.88438129020855,80.31271208291459,96.9853224838657,2,71.17004802960543,71.17004802960543,34.77703379788818,43.03626502813984,1,5.843927580520742,102.4,2,1.084901102415002,1.172477165211253,67.89001100939774,11.29029116150841,1.906091666477262,42.77232664832328,5.623439330715458,26.15262031594568,31.77605964666114,75.01806005378148,1,1
755,210,0.3807598215281032,12.04177333412692,98.01820927674414,19.8496847947035,0.7186972394204931,1000,94.87152789163045,82.95668405872424,92.99137275286303,1,30.35984679287603,30.35984679287603,48.16613634100287,56.72541072339737,0,3.837760001073685,151.6,3,1.073996360185302,1.157693725105749,41.32172788945557,11.02948531552908,1.091780168306909,32.86358672426741,4.320699868705138,8.401986400439128,12.72268626914427,14.1326528245171,1,1
756,180,0.4525589429668151,9.758701834391802,97.57262935737648,14.34758891558088,0.7012820586303016,1000,94.4843880320158,82.65544712078949,92.19090173506417,1,27.1430754913176,27.1430754913176,33.605939566225,41.83703882184295,1,3.610801696720315,130.6,3,1.092979740520349,1.175927195280861,35.08266916482804,9.34752567281882,1.043987700699087,29.07341759301512,3.82239201797747,9.974175473876173,13.79656749185364,10.29356073011638,1,1
757,160,0.6702662482173182,9.432508168041705,97.55704052041702,17.48835020024516,0.7757298150424613,1000,94.53693340582731,75.21015006242997,92.22743442948261,1,27.36806546572659,27.36806546572659,42.318974717115,50.7520961874352,0,3.625293757495787,116.8,2,1.082352267813744,1.158547292461509,35.00459100726197,9.241375026522729,1.020682327139676,29.45310144893481,3.872310488538393,7.574020890754952,11.44633137929334,22.67291051056893,1,1
758,240,0.3934775786628015,22.69307438793406,98.44304331630482,14.69845624943636,0.6853731422455749,1000,99.77877198488956,96.26078245485708,98.22525972556186,2,58.53863353601888,58.53863353601888,34.64276210334663,42.89878330468525,1,5.300286013484108,173.2,3,1.085188357305215,1.186490675429656,74.0618905464078,11.81006448136482,1.921503004809298,52.86240516956371,6.950020062993088,21.5109965367024,28.46101659969549,39.48762692239686,1,1
759,260,0.6737876513966359,15.79886217068508,97.37990426439369,17.72182287611067,0.6716003324086313,1000,99.49432785430814,93.95840643695148,96.88748121302724,1,37.90742221963611,37.90742221963611,42.92095446448639,51.36741272441151,0,4.267967764225041,187,4,1.075378669842155,1.174401737322001,68.76659404030093,12.84563038187167,1.229901663135283,47.60753893366186,6.259142951921143,10.49075274121023,16.74989569313137,2.947624177656639,1,1
760,130,0.4295396455143578,18.30470790132508,98.53597399447401,14.58758923563361,0.8163040691014845,1000,99.09452302335984,90.16895080253111,97.6437534362459,1,56.98461106960808,56.98461106960808,34.31707059790796,42.56528889019108,1,5.230138084564032,95.2,2,1.086421628415457,1.181720984743734,55.32276662380555,10.75730146845348,1.701607782863099,36.32652290295859,4.775985167237592,20.93994508104532,25.71593024828291,14.72042313869038,1,1
761,210,0.4399484563813545,21.34570427937433,99.61569983700699,15.36672692046501,0.7834794504260878,1000,99.76606990680598,97.79682441414114,99.3826687375424,2,63.03671188291036,63.03671188291036,36.56978306837249,44.87149047521501,1,5.497200380945055,151.6,3,1.082956951571186,1.185510007033028,78.82995965037901,11.56923188687655,1.845040750163167,51.15478566976927,6.725512877868587,23.16389039324013,29.88940327110872,59.74266189506307,1,1
762,140,0.6412456184906885,9.231856558945029,99.38104019668107,15.16595214795135,0.6153325846274849,1000,90.13501416728489,83.49051239134656,89.57711466087358,0,22.70469385889287,22.70469385889287,35.99719817575323,44.2854165953006,1,3.299543388695918,102.4,2,1.095578596600507,1.173922621471026,30.46586263505947,9.120459807825043,1.012213940247224,22.15350187197701,2.912604562390287,8.343218170014501,11.25582273240479,-79.82706781888874,1,1
763,130,0.6751763597147539,16.22146199177578,99.15312997285031,15.15999746395461,0.8209614698218648,1000,99.26619545379155,93.05035665790187,98.42553979740156,1,50.87418666353393,50.87418666353393,35.98013413715194,44.26794944586612,1,4.939085235882106,95.2,2,1.08428091107104,1.182251932135692,60.41577722033473,11.05335316361785,1.467560273489567,34.04091239456615,4.475487321205772,18.6945677926266,23.17005511383237,18.57309833593441,1,1
764,170,0.4583784203078597,17.16905299426988,99.77788369303178,21.14139125645533,0.6303965597337344,1000,96.58689926240274,93.83604655835096,96.37236400874596,1,36.75729417029756,36.75729417029756,51.16062236133916,59.78157886268696,0,4.24170771462316,123.4,3,1.067519381816899,1.162798859909119,56.11992325686104,13.35095497528797,1.285979394436506,31.72193418315301,4.170602497231763,10.17245863731595,14.34306113454771,1.971283492195666,1,1
765,240,0.5039385416435077,14.16494626376778,97.21448934043951,16.32883029915951,0.7601572520436253,1000,99.03548900952961,89.1570922788072,96.2768449064213,1,39.74903592205938,39.74903592205938,39.24225775033636,47.60596256650666,1,4.36492748622161,173.2,3,1.080639986075876,1.174992758438804,56.43271049551743,11.59436217467013,1.221709831931379,42.40084674083346,5.574599464239999,14.60644573349275,20.18104519773275,11.27034927091792,1,1
766,180,0.3600780482847243,17.73819014564157,98.14778120597599,19.50252846478485,0.7592738468793919,1000,97.96632847243836,88.53228341962321,96.15177772465657,1,46.47530219634333,46.47530219634333,47.33823755509098,55.88010909557931,0,4.743558391186791,130.6,3,1.071307517917963,1.163778315309798,53.67096064069775,12.2254066698071,1.450928433280612,38.93212222632764,5.118553151336103,12.86188496516403,17.98043811650013,14.35855393182836,1,1
767,120,0.6997954009473324,11.21735475213826,99.18239851609765,16.010449946912,0.6535414062866243,1000,94.23741989727266,87.86354235146464,93.46693335380127,1,28.26529421881125,28.26529421881125,38.37053562813077,46.71419168208206,1,3.680547063656947,88,2,1.087693337824349,1.174940639734831,38.927461038439,10.3087244860371,1.08814187122101,23.41267466710213,3.078152765519216,10.38655344893917,13.46470621445839,5.612744509620533,1,1
768,240,0.543733090167027,21.39887628519535,98.94176734756067,18.6314522930216,0.8782603544552112,1000,99.88471598488709,92.14261796070245,98.82770330553873,2,65.94073354188814,65.94073354188814,45.21446508003692,53.71100146910237,0,5.63824652661057,173.2,3,1.071828312788896,1.16980827035708,81.57402682241005,12.99374021751402,1.646860405624564,57.54253276872745,7.565334114769975,18.2488782052724,25.81421232004238,81.991330891603,1,1
769,260,0.5201965692268684,9.491930849142372,99.42356577649399,17.22720548868552,0.7366652784885372,1000,93.94823702393118,81.84825324981149,93.4066872333447,1,26.77665130345337,26.77665130345337,41.63889947634033,50.05685751179641,0,3.584815983456266,187,4,1.083959161076674,1.165517122978307,36.34529759391715,9.430487907974895,1.006515351248743,40.89320253319921,5.376383786059955,7.410348992726376,12.78673277878633,17.94527912966558,1,1
770,110,0.4750666855213232,19.64602233850956,98.06484389025574,20.37001475627534,0.6987469097337685,1000,96.80936460215581,88.7586738219824,94.93595226825262,1,46.24726081711351,46.24726081711351,49.38827807471944,57.97296586851735,0,4.744517214438938,81.39999999999999,2,1.069836076732852,1.161057317108692,50.53436841547838,12.43773668468158,1.579549626798721,28.36969406378767,3.729870827705426,12.79877527360011,16.52864610130553,7.580693076317858,1,1
771,220,0.6442038616925477,13.95954741750658,99.25735757328556,21.57475769557245,0.7956251168013084,1000,97.72087763957818,88.63094321535063,96.99516094246898,1,37.6474726120605,37.6474726120605,52.13665727997909,60.77729114667994,0,4.300320847340285,158.8,3,1.064645786530957,1.15689501207518,55.78134984569441,12.76533836922217,1.093550912145322,37.04302472011858,4.870186367286282,10.41881255381237,15.28899892109865,23.1788650338136,1,1
772,120,0.3897109574339352,18.6798866359964,99.40411654472726,18.79206093054079,0.7730608694611816,1000,97.59766368158552,90.03764614184891,97.01609535097421,1,51.06839983517345,51.06839983517345,45.61120163755061,54.11628267338176,0,4.963591766512326,88,2,1.074158109038452,1.167468426658748,52.1774029235556,11.60894673309454,1.609094008739327,33.31736253623725,4.380359488564949,14.1330094263848,18.51336891494975,17.02148074021366,1,1
773,200,0.6854673179513775,16.3099738098681,99.13630121974491,16.98120228838176,0.8885176215534099,1000,99.7672572610323,91.83912281282603,98.90556867697482,2,53.38935513714112,53.38935513714112,40.9915735282666,49.3950032587411,0,5.060724121250057,145,3,1.077525976371824,1.175099964365812,71.86947746601723,12.08358354199955,1.349762986549367,54.12578364111243,7.116121202285794,14.77532606968668,21.89144727197247,88.35641409774897,1,1
774,200,0.3429548413842916,11.68596804838255,99.21016411070333,14.77157656944357,0.7818904992412543,1000,97.35905740370021,88.11252759760013,96.59008062684485,1,35.98451192354692,35.98451192354692,34.85661000264645,43.11774177151023,1,4.155291184587933,145,3,1.08797727804264,1.179323750946372,45.01618342641822,9.986038561667911,1.170230615094952,36.17365023771341,4.755886420554971,13.22310864817271,17.97899506872768,18.57515621712404,1,1
775,250,0.3845793925737962,13.22398071274161,97.06552656254776,14.5162054474391,0.6743977112440159,1000,98.16730476882185,90.7968461815033,95.28661128611799,1,34.217949970449,34.217949970449,34.10643401434032,42.34959335151376,1,4.053221749810159,179.8,3,1.087824836003813,1.182499821611644,49.79900074166304,11.18732374432298,1.182050418398962,39.72692649481003,5.223049070399687,12.57395601580766,17.79700508620735,2.047049734583628,1,1
776,100,0.3448543467327952,16.59363800305128,99.19001138143696,20.16372461396642,0.8066506220040377,1000,96.20867129478442,81.55480506749862,95.42939200722593,1,46.21598309394641,46.21598309394641,48.90638527501676,57.48109188951634,0,4.739684047996138,74.2,2,1.071278544182745,1.155376906070932,44.26375109833626,10.85710906188758,1.528366152395117,27.35257174812626,3.596145915308991,12.79011926797269,16.38626518328168,23.59744916738064,1,1
777,240,0.5196231538868509,19.97408855523914,98.64999225476994,14.5200536409691,0.8831039973572362,1000,99.95712189055443,90.45512185362404,98.6076930031229,2,67.14461171569511,67.14461171569511,34.11780791253545,42.36124067319071,1,5.677756935404679,173.2,3,1.085563766430114,1.18219390698165,80.19343295960365,11.28146498463476,1.770522585714146,57.19222757000445,7.51927816723058,24.6734066517941,32.19268481902468,76.06995934263975,1,1
778,170,0.6296765774654225,23.91018402523175,97.64362846755402,16.53657696169801,0.7758373110916699,1000,99.86421645833678,92.03518266993477,97.51104449061231,2,66.66007687173125,66.66007687173125,39.80460113579369,48.1811500042034,1,5.65307645813821,123.4,3,1.07889918980847,1.176762025045697,75.80513793560758,12.0809148626811,1.979169979840865,47.32596118285061,6.222122861534536,24.49535624779884,30.71747910933338,54.25413155728643,1,1
779,180,0.574176126626972,21.47275816211104,97.99311267068386,18.39455328208394,0.8395472252690932,1000,99.72494787008978,89.22084018807081,97.72358052711782,2,62.9360442930758,62.9360442930758,44.62487080543281,53.1086446373705,0,5.505624862728084,130.6,3,1.072826129059524,1.168100848638898,70.95768783051474,12.68066842597484,1.693345921586173,48.59310828756292,6.388719477262963,17.41734047129442,23.80605994855738,74.54122269128665,1,1
780,110,0.5980472043337299,8.681369855903089,99.70942644641316,17.18060204808042,0.7105958139466122,1000,90.9652551969553,77.32905574237824,90.70093422240016,0,23.92427027417854,23.92427027417854,41.51677146443166,49.93199560876769,0,3.388339331610359,81.39999999999999,2,1.087787552736916,1.161550210573705,30.23826363986682,8.378152053871325,1.036191489493397,24.6684993670685,3.243260781932245,6.620962050811329,9.864222832743573,-78.12757716206811,1,1
781,150,0.5271896381247788,20.04362316246703,97.94659930229545,18.59337385175191,0.6921171576105059,1000,98.77083921678557,93.00066782263441,96.74267811517947,1,48.36693629425476,48.36693629425476,45.12005179802213,53.61454965239471,0,4.8284356916989,109.6,2,1.073356585952698,1.170663492721612,61.07216349646414,12.71699419366869,1.57612898592389,36.20506726572292,4.760016935885956,13.38538839631402,18.14540533219998,4.869384071437251,1,1
782,230,0.5025311905709094,15.6569401765205,97.24434156853107,14.44917300902493,0.8231962813449092,1000,99.70738209161631,87.45443636091485,96.95978721021174,2,49.06614442756136,49.06614442756136,33.90796431544538,42.14634790942461,1,4.854035331044854,166,3,1.086116549850116,1.179834347154281,62.68890418723317,11.10518263113266,1.409876874300769,46.61869384577344,6.129135753459927,18.03017253898122,24.15930829244114,69.65455053625513,1,1
783,250,0.3264965679742396,21.03960036659613,97.85652311680354,16.18965676076897,0.6726106922707753,1000,99.35252974901888,94.53525372011747,97.22293124097779,1,51.59376456023308,51.59376456023308,38.86269580762144,47.21769175541101,1,4.972736868995247,179.8,3,1.08070964494136,1.180038342565981,64.84500086018144,12.22363729994656,1.72122256659956,50.30255507205863,6.613466902408588,18.95898868373365,25.57245558614224,-5.301335273837831,1,1
784,140,0.3062317749606445,9.159487945590168,99.77345936733818,21.17027283765748,0.8015810656711226,1000,92.53256248004085,69.26715150622012,92.32293862758037,1,26.11746235910897,26.11746235910897,51.22610057452141,59.84838372593708,0,3.57588563905868,102.4,2,1.072445428338624,1.140529067392715,33.05948131108124,8.527691034467646,1.074087687812433,22.45464597819007,2.95219711542149,7.227920649675545,10.18011776509704,29.92981224209674,1,1
785,190,0.4148198588147759,22.42138817767799,98.84333229167166,15.46686597506702,0.7220180507091573,1000,99.57607216589095,96.0267347626359,98.42430789392637,2,60.29784572560018,60.29784572560018,36.85338332452494,45.16174489131458,1,5.376207883121005,137.8,3,1.082859268292747,1.183712437835009,69.63771705215127,11.75914994839293,1.906718451255247,47.31792980853295,6.221066946419398,22.15744837596721,28.37851532238661,47.57363655270763,1,1
786,160,0.661066924031265,22.34381302833557,99.13402525119125,17.71250999821723,0.8141922552129719,1000,99.7583490220384,95.33276085416007,98.89446690967904,2,65.02291230718301,65.02291230718301,42.89704965947169,51.34297983971305,0,5.589672528328602,116.8,2,1.075077801322433,1.175583233189494,77.21145190660266,12.41844481765214,1.799244056435719,47.35881112439147,6.226441767419442,17.99487423797187,24.22131600539132,70.89874509866162,1,1
787,230,0.5656587920298799,19.39440518747643,98.8481305720737,20.4083337584734,0.7625242144501303,1000,99.43243003398909,94.69611798902334,98.28709827098335,1,50.21134997132577,50.21134997132577,49.47741559900578,58.06394403122039,0,4.944317190941448,166,3,1.066421774879476,1.165985581455499,73.87795999577735,13.5181094515674,1.434698043906404,45.6489452624159,6.001639244574733,13.89582373339784,19.89746297797257,13.5304071453647,1,1
788,180,0.6720521948488429,16.53184333515167,98.00848796019261,20.62933204555325,0.8660595391286072,1000,99.13828018487627,83.75397710667104,97.16392939893649,1,48.38351726299433,48.38351726299433,49.98923586045333,58.58629914161247,0,4.857220296120723,130.6,3,1.066048276461752,1.155784418568386,61.18081102127709,13.1928981703882,1.253086556239615,38.7013862365386,5.088217419294692,13.3899771241428,18.4781945434375,28.10579974291538,1,1
789,220,0.6445012232694775,20.46453342039883,98.13491523514311,16.9696395536568,0.6792382685188204,1000,99.85146516839424,95.90365179939269,97.98915070405214,2,50.11019357543591,50.11019357543591,40.9609852973249,49.36372622405446,0,4.902798216650075,158.8,3,1.077458854869856,1.17855643542374,80.90449720683206,12.6655689658382,1.615761082316644,54.48044980159571,7.162750501938674,13.8678290380233,21.03057953996198,45.25077293261074,1,1
790,130,0.5962886341578326,11.95537537518889,98.9362348240543,20.81669460399635,0.6198688781373901,1000,91.5851910496271,84.95058448156267,90.61093968091784,0,25.7307112165067,25.7307112165067,50.42017174219552,59.026060191216,0,3.544536594580462,95.2,2,1.074799149428315,1.156217943406985,37.90366067200691,11.2646746831168,1.061315635959491,21.60731020675457,2.84079468125909,7.120888560130841,9.961683241389931,-78.51826702724988,1,1
791,150,0.410661617014464,16.798959490031,97.11441442254095,14.47499673624709,0.7451136496230495,1000,98.71836852335527,88.86528169169236,95.86976551894246,1,47.36977066280241,47.36977066280241,33.98450076057844,42.224727073373,1,4.769221718060241,109.6,2,1.087272532261769,1.180974638854403,51.3669862733243,10.88996111965329,1.542609684777813,34.9484097180822,4.594799421843609,17.40681172622446,22.00161114806807,7.345343108663499,1,1
792,100,0.5159906639610417,12.69228623157367,98.87194972951673,17.10885089469887,0.8348450213491219,1000,97.14632398982388,81.11242669750338,96.05046461929211,1,39.47444525209015,39.47444525209015,41.32828425179457,49.73928254595802,0,4.352055241848276,74.2,2,1.080382779276185,1.165250595877466,43.29996347962012,10.03346047287501,1.264995887100634,32.44188918968455,4.265257701129436,10.92442114203178,15.18967884316121,28.24957211623816,1,1
793,220,0.623742484372761,18.60849618919939,97.75101235038349,20.89983558112383,0.6176605731956893,1000,98.91627692191271,94.84282579956044,96.69166207047843,1,38.27367283780004,38.27367283780004,50.61053139729279,59.2203051869331,0,4.324318850348557,158.8,3,1.065417395108426,1.164455345609593,68.87765525957775,14.36098098182769,1.295767762156811,37.74491811393075,4.962466942743064,10.5921113789517,15.55457832169476,-2.774823340320144,1,1
794,150,0.4417437536106444,15.24930031422526,97.60928717101557,16.78972858777083,0.6223116563508986,1000,96.741152349554,91.16759224552717,94.42834920942583,1,34.69270059539265,34.69270059539265,40.48313929392924,48.87509291535764,0,4.078856394132362,109.6,2,1.081961668969144,1.175171148773071,47.67015946878175,11.8864563444217,1.282913920882882,36.30076318250099,4.772598439497469,9.601089247439599,14.37368768693707,-0.9997903865096904,1,1
795,190,0.4117980768048204,17.11064448098093,98.31897339554499,16.74039869376272,0.7724083132306114,1000,98.96863392341355,91.34709056893269,97.30494485709529,1,48.38890569151683,48.38890569151683,40.35148716064924,48.74045987274064,0,4.817007781504118,137.8,3,1.079339840981681,1.175490361577254,58.14850758276118,11.64710422286942,1.469090011866099,50.4328689055192,6.63059975427432,13.39146835377498,20.0220681080493,14.22597236600972,1,1
796,210,0.4908540135404095,20.75627663750574,97.81825774608087,19.83008209695853,0.754531101404177,1000,99.34936441956805,91.88180133350446,97.18181735702626,1,53.08449915162942,53.08449915162942,48.11965867292366,56.67796008204613,0,5.074419202109585,151.6,3,1.068470873838315,1.165555504287025,67.94847805903741,13.21950112625734,1.570125562172571,45.25659795711282,5.950055862494954,14.69095819188294,20.64101405437789,10.65411467431673,1,1
797,130,0.5719290293632076,22.99004083594307,97.32496011105438,17.43573575579561,0.6248715844325256,1000,98.97484508025893,94.14305011978493,96.32722849433988,1,50.62757895104177,50.62757895104177,42.18253434921144,50.61262185508673,0,4.930445865876674,95.2,2,1.076993622919385,1.175518935096913,62.29531616347136,12.92511521948539,1.778710707451505,38.74824488856927,5.094378103257015,14.0110137161043,19.10539181936132,-5.713649714367948,1,1
798,190,0.6984918360856361,15.58892959871143,99.65068046526453,14.2741756649632,0.7651086192437215,1000,99.71786815187356,97.96949563769705,99.36953415879731,2,46.70046646798641,46.70046646798641,33.38672067369896,41.61252005576426,1,4.736771046172336,137.8,3,1.086691869111659,1.189325894705577,75.97003266609801,11.23090385497868,1.388038736686436,40.83678974902505,5.368966984259846,17.1608647447694,22.52983172902925,63.40371813849078,1,1
799,240,0.5016414452262222,23.98840849137306,97.84782267469028,18.65153735652007,0.660313515408989,1000,99.75430779508704,95.53584401909787,97.60741820170149,2,54.67490551699013,54.67490551699013,45.26421028797995,53.76181996360776,0,5.134283536645174,173.2,3,1.071924938900952,1.172594422090871,79.32494298996238,13.40044703721576,1.790120017992861,51.62914747566484,6.787879016100793,15.13109785214196,21.91897686824275,40.17289475699268,1,1
800,200,0.5608508805541321,22.43359658150002,99.46133535298787,14.62711142470315,0.6333247354597784,1000,99.86475863364804,98.84799993640486,99.32682248406459,2,54.12933926755198,54.12933926755198,34.43337557203046,42.68438299676887,1,5.09718090931826,145,3,1.085320039768081,1.18885720693362,86.76349825113952,12.22107377545315,1.835648568504628,45.70830893733994,6.00944401112691,19.89072786951644,25.90017188064335,32.82738938648959,1,1
801,230,0.6177168261856771,11.7485410150215,98.56460793448792,20.24024973776564,0.6079091440784046,1000,92.57764025687798,86.72724656656317,91.24878815419245,1,25.03869665648621,25.03869665648621,49.085547344367,57.66397083031774,0,3.489533283689346,166,3,1.075517593699095,1.159722546025152,39.82757924020079,11.65225954683049,1.008262901096912,30.78986424734161,4.048059742447468,6.929375837360371,10.97743557980784,1.398425378625074,1,1
802,210,0.544117964779213,8.394467772196979,99.46858117790677,15.22118286159448,0.7363926694673952,1000,92.89744904847292,79.0901952604882,92.40377451898489,1,24.94289320387234,24.94289320387234,36.15524364420884,44.44719256949111,1,3.458229027037215,151.6,3,1.092002723331267,1.169758688382524,31.8728759274589,8.357023088363377,1.004480624671929,30.08227755595638,3.955030647655813,9.165681822649622,13.12071247030543,17.66833445312182,1,1
803,210,0.5174270813029259,9.068652914486826,98.97010688145092,17.63156191710569,0.617374829957122,1000,88.32866729819347,80.03203769205015,87.41897643198327,0,21.2652712420019,21.2652712420019,42.68889403743486,51.13022052118254,0,3.196237270308943,151.6,3,1.089487451085704,1.162512125731552,28.88160870117507,9.048483489027264,1.002229039317364,29.73880610324925,3.909873158515413,5.885092931986554,9.794966090501966,-78.3596106400806,1,1
804,200,0.4630864143785089,22.81843971131742,97.56077633957055,18.61357683562115,0.7981091253306717,1000,99.62084180902337,89.87165827916594,97.19086666489871,2,62.85393576692994,62.85393576692994,45.17016080270469,53.66574083647822,0,5.504487871951281,145,3,1.072220555810806,1.167925797163557,68.93829148045451,12.73628402532902,1.791608892039289,50.74844752220865,6.672090066915375,17.39461721037864,24.06670727729401,65.25452314646449,1,1
805,170,0.3544895341464318,19.44499943587184,99.41054362142299,16.3462376472,0.6167707318872911,1000,98.01911583526761,95.92077420433789,97.44133590475184,1,44.44734436286183,44.44734436286183,39.28957079033222,47.6543589452591,1,4.615717784890871,123.4,3,1.081856032144601,1.180667154509166,57.68343415494543,12.27451391801695,1.584176739359902,37.48099091148727,4.9277674366145,16.33291747520629,21.2606849118208,-7.186448343990918,1,1
806,150,0.3220901546628214,22.94050658332556,99.56357508165243,17.84849125039391,0.7611452522683656,1000,98.4764386760548,93.86078850460143,98.04666295897123,1,62.44043204147052,62.44043204147052,43.24521923785181,51.69882832643469,0,5.478659971048954,109.6,2,1.076230927392803,1.173893689548297,58.99180636395984,11.84370889824154,1.936936037555904,44.33094158517429,5.828356323176334,17.28018143270349,23.10853775587983,10.91158750625723,1,1
807,210,0.3173336612137034,9.103573553346097,98.99994237857167,18.27089249568991,0.8426943014814752,1000,95.33953798186133,71.45524244030945,94.38608766603917,1,28.76497880462536,28.76497880462536,44.31498348490322,52.79201858133627,0,3.721228434333616,151.6,3,1.078725007968862,1.152374548947936,36.1750715751621,8.757674538575557,1.03949667383127,33.79390413038639,4.443012211791666,7.960612000917387,12.40362421270905,32.35032859106686,1,1
808,110,0.6929079459826462,18.22597838104144,97.90839521914117,21.77546442422643,0.7378392210567137,1000,96.95821429703655,86.52463232440991,94.93023165136437,1,44.06986342406152,44.06986342406152,52.58407796328117,61.23366182939634,0,4.656683476347379,81.39999999999999,2,1.064923808946848,1.154381825672148,51.54692154313694,12.79467672796079,1.424496981718294,26.64437459726656,3.50303656110459,12.19618780306428,15.69922436416887,13.54388745044125,1,1
809,140,0.5731641637183726,13.39644681048021,98.20352230624806,16.1101221813634,0.6401660409355536,1000,96.72643035667502,91.36082020298542,94.98876161135486,1,32.23989877645687,32.23989877645687,38.64474657787844,46.99472736265199,1,3.930857051095253,102.4,2,1.084265547617057,1.177621701765177,47.00917212709032,11.45958594007626,1.16901665387668,27.13253717657685,3.567217139141595,11.84708813705535,15.41430527619694,0.8813343781010341,1,1
810,240,0.5785471518576145,8.811030744653195,99.48137201242943,15.37535726060532,0.877122183613549,1000,97.17871580627315,77.1109637875843,96.67471978814017,1,30.93765069726423,30.93765069726423,36.59427632723867,44.89655912680354,1,3.85111610096794,173.2,3,1.086172064329115,1.167419706257041,40.04072640631473,8.749111244828558,1.007077233114533,36.70735859462287,4.82605507399421,11.36855537622136,16.19461045021557,33.73659216840849,1,1
811,230,0.6316728286843747,9.977603748731315,98.05478047346897,15.66504973515123,0.8179537619412645,1000,97.1645175304311,80.47417744557364,95.27445436256946,1,31.6383930053441,31.6383930053441,37.41083347178619,45.73222263039031,1,3.89408061299502,166,3,1.085215561209219,1.169527502214478,41.53388640172875,9.773210069634379,1.020913668860142,36.28901701511253,4.771054126506957,11.62605481636378,16.39710894287074,23.8333911455161,1,1
812,120,0.6196725174139254,13.20354792045057,98.43992953505561,16.95216267353483,0.7828705921044806,1000,97.49895461064683,86.27040880900282,95.97790221613661,1,38.35017026748766,38.35017026748766,40.91472376318319,49.31642255207771,0,4.289020742948289,88,2,1.080469108555999,1.170379217971632,46.87280949437393,10.77642898076309,1.225224788658664,35.11418925322357,4.616595083459277,10.61328178762632,15.2298768710856,20.63857506935708,1,1
813,260,0.4772816311726347,9.107862391505391,98.06836225079229,20.49124255930632,0.7276072605311406,1000,91.09044876219427,72.89937222127877,89.33091126798102,0,23.51802950329069,23.51802950329069,49.66987891267922,58.26037561987488,0,3.384771060607508,187,4,1.076500464913476,1.146277476550331,31.52899662078022,9.081680149166907,1.002882973404529,33.0479327163218,4.344936532534579,6.50853627160402,10.8534728041386,-79.06184613810194,1,1
814,160,0.4271015695640817,12.51436308603361,99.48855136325417,15.14596526164562,0.8261526970172999,1000,98.15358095860107,89.1046885398617,97.65157580687109,1,40.32239115944284,40.32239115944284,35.93990391475904,44.22676859281142,1,4.397188981377617,116.8,2,1.085724145173142,1.178925409806761,49.21816141085424,10.2246534891952,1.223940067920936,32.89837968114804,4.325274230155316,14.81713467138993,19.14240890154525,23.74326500482331,1,1
815,180,0.3677204740860499,8.362603472311049,98.97438911548167,16.15618755616248,0.7034840398939094,1000,90.83872414774925,76.62334673191378,89.90707230553235,0,23.20060561694894,23.20060561694894,38.77107246774193,47.12396138073154,1,3.334598357235526,130.6,3,1.091387639331662,1.164342316555352,29.0581976804604,8.185591875435971,1.021624776750264,26.61736705987457,3.499485778159238,8.525449210708173,12.02493498886741,-80.3112745719303,1,1
816,140,0.5635953579654918,13.59089374893159,99.80005235785127,16.58486910658702,0.659710599548486,1000,96.84613913326167,93.53533944777016,96.65249756155264,1,33.90212215252996,33.90212215252996,39.93460541163813,48.31411364238693,1,4.031591298401138,102.4,2,1.082519640655839,1.177869312462372,50.17714833451379,11.44980335031366,1.186998006263511,27.95155858800055,3.674896977453096,12.45789982031634,16.13279679776944,4.229980244276602,1,1
817,250,0.5020715489820576,20.84433518752456,99.74349872925723,14.32420727031864,0.7151305642155698,1000,99.92365201608702,99.17025631939859,99.66734657889317,2,57.47579963539503,57.47579963539503,33.53620674295416,41.76562128228079,1,5.254501891364536,179.8,3,1.086264548489568,1.190138341365539,93.1438364355338,11.57381506752731,1.800990863073973,53.45862740350541,7.028407651953629,21.12044050601983,28.14884815797346,47.68216294077236,1,1
818,130,0.3477761041511782,9.674266750711947,99.54930734868222,20.04017430596054,0.7142601582100382,1000,90.56633844149123,75.67255801447209,90.15816260956782,0,24.98217012886223,24.98217012886223,48.61612228680821,57.1847921050126,0,3.483352835406903,95.2,2,1.078659209964353,1.15039684508019,31.4754718494974,8.923637094409264,1.084117008385847,21.70876938269964,2.854133902320468,6.913732309262191,9.767866211582659,-78.01937738024783,1,1
819,170,0.6571334737654775,14.69517284120247,98.09367169290188,15.99773477572389,0.8155099904753035,1000,99.30921679190332,89.46575602308047,97.41605708064182,1,44.8242852487821,44.8242852487821,38.33546769989312,46.67831370375472,1,4.634916983253784,123.4,3,1.081409526314896,1.176372913284749,59.05572552622426,11.40811823793591,1.288132936099485,37.64422525883359,4.949228472777866,16.47143068608579,21.42065915886366,18.41070029187912,1,1
820,130,0.5934726867573336,18.9658333360143,99.07103670077457,18.48798554095998,0.7811144591852557,1000,98.85589930869764,92.87615865380512,97.9375642850006,1,52.49677570040243,52.49677570040243,44.85803805834894,53.34686829305878,0,5.029258912167346,95.2,2,1.073604245192658,1.17091262920717,61.42231974703076,12.22683499846714,1.551164576801112,35.75436461542483,4.700761356198118,14.52830768583404,19.22906904203216,16.99737209021651,1,1
821,250,0.5758528307824395,23.64647133293748,98.68513458491178,15.70299304969236,0.6364889436369063,1000,99.95505119718291,97.67363001104556,98.64077679835744,2,55.58837453208689,55.58837453208689,37.51698881191476,45.84085101196456,1,5.161621841162269,179.8,3,1.081588149074517,1.184277996978462,92.45516106754179,12.58085891109798,1.879559376671665,52.47279209007549,6.898796159908051,20.42687469472419,27.32567085463225,31.04438305721594,1,1
822,110,0.4729714239143766,12.30951110647246,98.02921173897721,16.21120625093579,0.8665731260558591,1000,97.83953117733881,76.45835962371662,95.91132118225609,1,40.19562815339118,40.19562815339118,38.92161749872281,47.27796746884752,1,4.389230910414241,81.39999999999999,2,1.082534946564761,1.164004273048481,43.17988412880425,9.881996947177026,1.245650162843746,27.69888662491418,3.641677240152584,14.77055349209948,18.41223073225206,28.33674026840368,1,1
823,150,0.5859601870441808,11.32900835159421,97.46183876403687,21.07053878096119,0.7119854369318113,1000,93.37142220747955,79.06862945910333,91.00150496354182,1,27.55813788192589,27.55813788192589,50.99972665581225,59.61741924159054,0,3.671760694908449,109.6,2,1.071746696337435,1.150067571933424,38.01113122954726,10.78748295688117,1.050199420650543,24.05472880071396,3.162566047431312,7.626622798363384,10.7891888457947,14.68896719690789,1,1
824,110,0.3508122871012427,23.19244175576419,98.98648248933446,21.52426658531651,0.8917744336357574,1000,98.49068674980647,80.93057459846989,97.49246639322246,1,68.12820280180351,68.12820280180351,52.02364611767092,60.66201237706167,0,5.783683260512622,81.39999999999999,2,1.063851429423991,1.150236902267048,55.71891795758239,12.66476423456999,1.831257284084108,34.42274217001879,4.525687923912588,18.85425303138978,23.37994095530237,27.89411367730452,1,1
825,210,0.4450579740844667,23.4665950935781,99.65765273230298,18.39167566396482,0.860755870646378,1000,99.77105340042411,96.54640427835717,99.42948992515522,2,71.44827637958909,71.44827637958909,44.6176763036097,53.10129392635844,0,5.866111719059717,151.6,3,1.07277777612794,1.174306839435756,81.4773083995086,12.7282748887083,1.843658728206455,56.59295915475004,7.440490085307773,19.77307232713002,27.21356241243779,78.29115531161261,1,1
826,240,0.5682441651354544,16.64683645820618,99.4493757919641,14.66989383242838,0.8931196351078106,1000,99.9140093192178,94.91806757776473,99.36385859668692,2,57.42875844756779,57.42875844756779,34.55902267548993,42.81303989662035,1,5.24996918375091,173.2,3,1.085114147456585,1.185469518139962,79.30256658479601,11.29627375238409,1.473657315952781,52.28474144338582,6.874072431141648,21.10315443753291,27.97722686867456,83.75931432625816,1,1
827,150,0.60187634579055,17.67023052864522,98.58181724074055,16.91276940742321,0.8511209682196146,1000,99.48188326010354,89.79946269347556,98.07104834312213,1,54.92695744689613,54.92695744689613,40.81032566082371,49.20967092337787,0,5.13278474594385,109.6,2,1.078115167819208,1.17358342783715,63.18251571311119,11.80372464175112,1.497004637514467,47.13893800079303,6.197534217423931,15.20085238357035,21.39838660099428,23.80372353398541,1,1
828,220,0.5359948259962722,18.63208366755023,99.11908660595762,14.08798778315261,0.7162708712552441,1000,99.83539069375963,97.4215909231515,98.95592736514376,2,51.65059198243701,51.65059198243701,32.82711705539833,41.03933901121161,1,4.982999792084411,158.8,3,1.08717008753214,1.189502083107022,78.0947168650163,11.45296131635514,1.62683546664417,46.81495343618585,6.154938743061815,18.97987086714619,25.13480961020801,50.03230114821151,1,1
829,170,0.4259617477530613,8.210526366904379,98.37220733878861,16.8564840511065,0.6902049395612441,1000,89.7381804366638,74.79683430069389,88.27742892121114,0,21.95160082200389,21.95160082200389,40.66086267546501,49.05683428024514,0,3.244695918342118,123.4,3,1.090377902159151,1.160285833222085,27.69048144110349,8.109113516286738,1.012506034156996,30.28564112250582,3.981767623831354,6.075032355486838,10.05679997931819,-78.38605761465622,1,1
830,210,0.4599616217444651,13.27537028511986,99.86391220465022,19.65970399989188,0.7889139078546781,1000,97.40702127110997,89.86511294921129,97.27446220334623,1,37.31107048870606,37.31107048870606,47.7143360055652,56.26413208498656,0,4.252108001222586,151.6,3,1.071478563495627,1.164402034863199,52.50612791488327,11.71129825724395,1.133552403287865,37.15351214344597,4.884712566129688,10.32571438751444,15.21042695364412,22.99881522353286,1,1
831,190,0.3688901747593656,15.93321031595022,99.48805222632016,18.01094130113162,0.8857369142054581,1000,99.05186695767773,89.15004849886095,98.5447731299996,1,51.18781447895102,51.18781447895102,43.65872200669617,52.12141610328757,0,4.96178699902573,137.8,3,1.074962476100394,1.169329727812348,59.06933345867792,11.69356337867715,1.362562445678785,45.45628197736807,5.976309074821966,14.16605703100143,20.1423661058234,30.87353301955336,1,1
832,220,0.4923916669110767,21.59854415062442,97.5284069677765,18.18819541320391,0.8846573286971776,1000,99.83904526158021,83.05210506262597,97.37143037545653,2,66.64890175819379,66.64890175819379,44.10692588784934,52.57942470085123,0,5.663500646316467,158.8,3,1.073376488257657,1.163366770921326,72.20643260263213,12.73185055729907,1.69641828997452,56.39458306937665,7.414408832119601,18.44486139857427,25.85927023069387,80.72362682345617,1,1
833,160,0.3141354804550298,22.22101399699971,98.23987962425186,18.26053178689256,0.89489454575493,1000,99.29013820713594,81.80330236784449,97.54251225344362,1,69.6811728937622,69.6811728937622,44.28895328235535,52.76542136563666,0,5.791667975019582,116.8,2,1.073823720988515,1.162001526647297,58.21758968455828,12.05421496729396,1.843422741115101,47.086569379671,6.190649117014635,19.28403232777238,25.47468144478701,25.27988113418315,1,1
834,210,0.4045116059297695,9.14157781937346,97.39052566909376,19.24328828855045,0.6991268679802771,1000,90.66801279890126,74.3719179550682,88.30205427857118,0,23.10468812663533,23.10468812663533,46.71325174959304,55.24188549938293,0,3.342279508383897,151.6,3,1.081214715339604,1.151860873174314,30.43002419643467,9.020052966264954,1.013472742739207,28.61385981882784,3.761972221707115,6.394145423419238,10.15611764512635,-78.45653960781412,1,1
835,140,0.6756917954069561,17.35074703683332,98.78115846364656,18.88406528295391,0.7897638001125539,1000,98.84219526986941,91.51357324601106,97.63746553847666,1,48.25314352055443,48.25314352055443,45.83740096690843,54.34733816196939,0,4.825851237209873,102.4,2,1.072289431238866,1.16842326395744,60.54540854972787,12.34847908157167,1.405091827278293,34.43632990758363,4.527474355089591,13.35389662550171,17.8813709805913,19.21977127962077,1,1
836,230,0.4048327724016271,11.46302202242613,97.53557613881343,14.39953626568802,0.6372555182053009,1000,96.0272701078207,89.3255904616743,93.6607511500375,1,28.53244390085771,28.53244390085771,33.76057657827909,41.99540795155463,1,3.701785633978979,166,3,1.090889341077429,1.181626613655169,41.82690828141419,10.72168978527828,1.069143227606319,34.19048792597803,4.495152581250428,10.48472205210185,14.97987463335228,0.3748978215516247,1,1
837,140,0.5327922173859552,14.44291967251524,97.46782154202306,20.95262482963689,0.7609577956267632,1000,96.59059066539564,82.75101697771537,94.1447445361338,1,36.98720206408192,36.98720206408192,50.73112407715445,59.34335508983514,0,4.251866162255832,102.4,2,1.068149601167331,1.153800192838491,47.00754294585829,11.98815556231532,1.204765787150482,27.53970535383141,3.6207490772336,10.23608488056112,13.85683395779472,18.07891031863162,1,1
838,110,0.356590852788277,12.9321682257019,97.59415921095894,20.1161534960065,0.8125123846039641,1000,95.45729764579347,73.15928319161044,93.16074704291464,1,36.30655394156289,36.30655394156289,48.79477147394954,57.36715898160185,0,4.200291701410567,81.39999999999999,2,1.072373116041003,1.147784393244479,38.97668986084284,10.16215534920675,1.272581237080908,24.88385910573445,3.271574940164136,10.04771778148106,13.31929272164519,25.75703891107105,1,1
839,220,0.3740539791108109,19.05694554482773,99.44028779282955,16.40348136167228,0.7072294533115346,1000,99.19007308083705,96.74638108237778,98.63489413350231,1,49.95749190352527,49.95749190352527,39.44490788833872,47.81324935088571,1,4.893572095899308,158.8,3,1.080194737063461,1.181158444613603,67.31467995010367,11.99238221320305,1.589087572929999,45.99707434423662,6.047409089806035,18.35771302481542,24.40512211462145,2.057122578873731,1,1
840,250,0.5250754555032588,9.440498210716992,97.18751332712171,17.57709061145037,0.67521113607937,1000,91.69898553141486,78.63069078734021,89.11996378417923,0,23.70771294626944,23.70771294626944,42.54844360856072,50.98665838966946,0,3.374552802020694,179.8,3,1.085554229896456,1.161414833719979,31.97640450379832,9.409413520390254,1.003303573624369,34.81840481482792,4.57770718619889,6.561030532170245,11.13873771836914,-79.5164553265606,1,1
841,190,0.4077796101622283,13.56679546777531,97.04986837909485,19.55525099689513,0.856386498853541,1000,97.98835578478142,75.13960464939413,95.09757031596955,1,40.2507613029343,40.2507613029343,47.46463055112036,56.00916872600226,0,4.415133504327602,137.8,3,1.071102634286291,1.151530408275772,47.59230603565238,11.49914850871308,1.179808701269972,36.8722118013574,4.847728947715594,11.13926402138272,15.98699296909832,28.24448120016356,1,1
842,120,0.4004812931994907,23.84287337170914,99.38013343820694,18.29617278504558,0.6880538795165252,1000,97.95986927037843,94.23954422829792,97.35264879679517,1,57.94112611708137,57.94112611708137,44.37845408505052,52.85687112687935,0,5.281634440467187,88,2,1.075372578513708,1.172706263899644,57.47331361038391,12.26071812262616,1.944655535935457,37.04870830638207,4.870933609838608,16.03501351581521,20.90594712565382,2.924290235591248,1,1
843,120,0.4099347575780004,23.80841491815448,97.3684448812991,20.92355415072851,0.805736543181329,1000,98.25715706358072,83.81348203301326,95.67146581738409,1,62.88939464090576,62.88939464090576,50.66474072576102,59.27561949362979,0,5.543639433815096,88,2,1.066164349355686,1.154848010257086,54.57208720876618,12.78975846985732,1.861521855496,34.63212309381048,4.553216024771648,17.4044303355552,21.95764636032685,15.81697234618536,1,1
844,150,0.3794426946844905,9.723992592800409,97.61610761773805,19.17965888025798,0.7521140452855266,1000,92.76503331721655,73.27184516956348,90.55361475456468,1,26.37837390692812,26.37837390692812,46.55895153276259,55.0843037763205,0,3.570640950281804,109.6,2,1.078853547558685,1.151040040607446,32.87331918632661,9.135527250553027,1.06441503879393,24.80780665363933,3.261576037045643,7.300127050829334,10.56170308787498,20.51482635095498,1,1
845,190,0.4988735216742382,17.12221833426133,97.97805841983894,20.6775813697055,0.8873463990934426,1000,99.15220794632003,80.61769099583535,97.14740822620561,1,51.17426693736675,51.17426693736675,50.10046975131445,58.6998149233612,0,4.996198906827947,137.8,3,1.065868515422351,1.152800634194409,60.07383754707351,13.15829488098627,1.30124902117849,41.1662285292385,5.412279544947676,14.16230779402646,19.57458733897413,29.85152986802877,1,1
846,120,0.4851295465634204,20.14146857105568,98.51691419428394,18.02128389642574,0.7506089625928318,1000,98.41363046191066,91.2241948534957,96.9540718776402,1,53.61931335102245,53.61931335102245,43.68495923409694,52.14822850914788,0,5.078353896483521,88,2,1.075728571196158,1.17107779235746,56.02786738941869,11.93840789280417,1.687115128910604,36.24577425598584,4.76536883764154,14.83896623885096,19.6043350764925,11.91244751752143,1,1
847,110,0.5071513261955231,21.17941209966689,98.14368615067274,17.08765174310654,0.8623355373526225,1000,99.19981925529142,85.1763564770002,97.35835927194782,1,65.58919594696523,65.58919594696523,41.27248829134356,49.68223414167932,0,5.609752052733145,81.39999999999999,2,1.077881625351006,1.168958594566065,56.84330542637726,11.57960885302496,1.829026555947453,45.29733247876452,5.955411383906204,18.15159134766947,24.10700273157567,22.12696838030067,1,1
848,110,0.4677922616597264,19.71565274306759,99.53542575702626,14.66194953388162,0.6414758537919726,1000,98.03114888011281,95.69820809224116,97.57572141232455,1,48.47019167735025,48.47019167735025,34.53571091230816,42.78916997955395,1,4.823178894506817,81.39999999999999,2,1.087505225765424,1.186146478967843,55.06764093510314,11.48582182174975,1.716520859285288,30.79656141894487,4.048940244892611,17.81117976837031,21.86012001326292,-4.288330946131754,1,1
849,170,0.4110239069223404,17.47347643939778,98.85756406025737,19.57024295275658,0.61509046521415,1000,96.84372658276735,93.3103560677075,95.73734904489972,1,37.3343864228145,37.3343864228145,47.500527587958,56.04582247372468,0,4.252355418778778,123.4,3,1.072482838531588,1.167639810521436,53.86784129682164,13.00050414575577,1.344061448963291,33.22521848270758,4.36824496182969,10.33216699455917,14.70041195638886,-1.268989532745181,1,1
850,220,0.6525731795943341,17.1871281064041,99.63730877712472,14.57034782841615,0.7945006157176103,1000,99.89409112933242,98.21481836558161,99.5317840286353,2,52.85351337767868,52.85351337767868,34.26626267401338,42.51326158981618,1,5.037099354234531,158.8,3,1.085474002185171,1.188530835597924,85.24102299260014,11.33581684158791,1.51617905851737,47.43675376632744,6.236689180935345,19.42190438251766,25.65859356345301,66.2517400049715,1,1
851,230,0.4144623803075403,8.470144263379275,99.82651383423126,21.58326138480566,0.6288447398933116,1000,84.77459278191672,74.03089050008928,84.62752059135333,0,18.94143473669003,18.94143473669003,52.15567247368341,60.79668760986721,0,3.050386972492745,166,3,1.08049029354476,1.143671373567472,26.12325964942692,8.455384458730645,1.001745610116331,25.74780600957108,3.385161302641688,5.241978925263176,8.627140227904864,-77.1547140285697,1,1
852,250,0.4356627124257386,15.85146658353507,98.9459531735112,18.83837191677094,0.6529118328454904,1000,98.23732345330302,94.83871389656733,97.20185606301594,1,36.72770308359429,36.72770308359429,45.72515736658642,54.23268627378945,0,4.209808911305993,179.8,3,1.07320166870066,1.171384610822522,60.58172200642843,12.89075453547938,1.229677172108652,41.69926243961156,5.482359526353469,10.16426940270777,15.64662892906124,2.968984023523413,1,1
853,250,0.5341824585348367,12.79818537858129,97.28865635979396,15.25752719744481,0.698075675772666,1000,98.58363485187064,91.1029097701103,95.91069373803049,1,33.94357640335799,33.94357640335799,36.25902264446142,44.55341815782373,1,4.034126190543908,179.8,3,1.084809908515386,1.180268654231208,53.15929936220049,11.39950286866372,1.122696798801852,39.55296966794572,5.200178309356494,12.47313287568728,17.67331118504378,5.536461104175426,1,1
854,170,0.4428341121151112,15.27934786992893,99.68063768208107,15.82325896299258,0.6135300741232232,1000,97.57311829059209,95.67450739004786,97.26150651835349,1,35.66538179323199,35.66538179323199,37.85226367364243,46.18392018736802,1,4.13437671430817,123.4,3,1.084172884026235,1.182221286818542,54.71457634390025,11.97907129396055,1.275503542384982,33.01256349239754,4.340286407079682,13.10583896295298,17.44612537003266,-3.575593986726787,1,1
855,130,0.4486391902979463,20.49100457183272,99.11656750472065,21.45243043673597,0.8877014537984272,1000,98.79594599800127,84.65448475174878,97.9231505070363,1,60.41630077707921,60.41630077707921,51.86254159511395,60.49767036785954,0,5.444884243792352,95.2,2,1.063710069163499,1.153817435498307,59.70662494634324,13.10837032918268,1.563200005588364,34.79652839769354,4.574831011013471,16.72000985238742,21.29484086340089,29.56101159752261,1,1
856,240,0.4350244338232092,22.80539268022031,99.74663202205555,15.19762352371588,0.6429187887975247,1000,99.80497506013083,99.19722779959525,99.55210121293302,2,55.36162498208461,55.36162498208461,36.08787733132226,44.37823681905456,1,5.15218315241863,173.2,3,1.083476673160245,1.187222985616324,87.80772756961412,12.30109180021929,1.853932402960667,51.20659500540069,6.732324446902076,20.34355179341669,27.07587624031877,33.98445056307069,1,1
857,220,0.4000090155244805,9.388143345423043,98.25825656137047,18.6320447572507,0.8420890735875349,1000,95.64324424126511,70.61282369224351,93.97738431020048,1,29.11953360827327,29.11953360827327,45.2159329903667,53.71250105842381,0,3.746794981363188,158.8,3,1.077133086003872,1.150356192350169,36.99646278843635,9.163664357814371,1.024496640082332,34.29814187525538,4.509306252558761,8.058733860977599,12.56804011353636,31.24395348219457,1,1
858,110,0.4926731552249751,9.54093808381632,98.98770934989697,17.4098851651866,0.7025341408160515,1000,91.71233228997862,78.74236290194311,90.78393692521574,0,25.45027787037869,25.45027787037869,42.11539199996213,50.54398497884097,0,3.495627926975474,81.39999999999999,2,1.086100152437228,1.162079540280964,31.9010380062444,8.928119527596618,1.068639152323789,24.5244099253083,3.22431679881444,7.043279566367734,10.26759636518217,-78.55700602206473,1,1
859,130,0.3585263129051774,12.29822562932596,98.66290707166799,15.0312817957811,0.6418095218569273,1000,94.15029266676159,87.5607837923956,92.89141576151043,1,30.63679728956326,30.63679728956326,35.61011011241078,43.88916831329277,1,3.833196102662247,95.2,2,1.091094106455147,1.177969564085841,37.69310606172007,10.1518041015791,1.211432520394378,25.40832211201618,3.340528072437699,11.25800177733818,14.59852984977588,2.423178317107558,1,1
860,260,0.356050002610404,21.60770191685111,98.46495848196334,21.85936345414817,0.7851943706700113,1000,99.01467896616407,91.32897062909579,97.49476253508274,1,55.36056446067208,55.36056446067208,52.77025889203094,61.42355403047844,0,5.221143029521612,187,4,1.062066939001026,1.158259813571197,67.24613312376304,13.92243293273857,1.552006177457723,52.90101026871559,6.955095621185698,15.32085167927613,22.27594730046183,13.8591595512014,1,1
861,250,0.6407721184235066,12.96833688873053,97.63524319150855,17.79204912217148,0.6006022636914393,1000,96.97079918924341,92.27128611740116,94.6776756131672,1,28.22233948245437,28.22233948245437,43.10093090250905,51.55136095348388,0,3.682989939643295,179.8,3,1.078304326825258,1.172740463242127,50.66097179948422,12.57232963160521,1.031498319621671,37.82226377242241,4.972635868590803,7.810438377304303,12.78307424589511,-2.32489780720966,1,1
862,160,0.69365476250723,22.90652708928287,98.71850788604161,21.91111939724349,0.7153432213492692,1000,99.11648764228789,94.75664729389884,97.84631766951944,1,53.41076824164698,53.41076824164698,52.88486349826252,61.54043932872713,0,5.129548909437111,116.8,2,1.061765003852142,1.160982344475385,72.79664266999637,14.23796972263364,1.608833810965977,35.86931048507844,4.715873723819082,14.78125207498167,19.49712579880075,7.386049625598923,1,1
863,150,0.6428945574145764,18.75722937715798,98.28596924587474,17.59257632757723,0.6518403369961073,1000,99.02460399707552,95.15162295202465,97.32729183041488,1,43.78678720187708,43.78678720187708,42.58840358619301,51.02750413141996,0,4.586189304056902,109.6,2,1.076403679182149,1.175835531168906,64.49033288590873,12.75533140567494,1.470540339611462,37.07938444097874,4.874966717114336,12.11784740216214,16.99281411927647,0.8640631073597558,1,1
864,210,0.376051547434181,17.63496100689843,97.84662860309815,17.17076290634274,0.7177326698141405,1000,98.76150334021041,91.88737593035444,96.63480137613206,1,45.65253316166228,45.65253316166228,41.49095735000765,49.90560321108649,0,4.680536206204089,151.6,3,1.078152542661844,1.174503538454457,57.6544708141415,12.00118447906175,1.469435040988315,48.71920371430367,6.405297719264794,12.6341863773795,19.03948409664429,7.342291004000359,1,1
865,190,0.3101070103834383,13.38556929210574,97.75526351588755,21.85296646942012,0.7783023365229601,1000,95.32819618452746,77.83345567837453,93.18832938512708,1,34.67055279194574,34.67055279194574,52.75608079341526,61.40909357894111,0,4.131744765761388,137.8,3,1.066692578998876,1.146302280972714,42.48313351307368,11.33614574487292,1.18078662654454,32.36190807606734,4.254742282042524,9.594959916661676,13.8497021987042,20.78605742323111,1,1
866,150,0.4167095800598152,23.06678045685589,99.07631339591674,17.06488185080513,0.6000849482774734,1000,98.56551072161761,96.52946848159199,97.6550743028358,1,50.01959755969256,50.01959755969256,41.21250372971417,49.62090234678368,0,4.89878360671063,109.6,2,1.078754506697386,1.178754837882663,62.89245573354945,12.90461459009854,1.787483097290995,43.61008639956231,5.733582769335079,13.84275689265305,19.57633966198813,-8.08308249158951,1,1
867,160,0.3952116415932774,17.62603955081478,97.07720717881261,16.04132665201463,0.7912131184345577,1000,98.86683385855008,86.27532267372557,95.97716113599711,1,51.03130233520077,51.03130233520077,38.45561029457861,46.80123039501126,1,4.945441154945472,116.8,2,1.081818632757069,1.173446680110531,52.87008629756401,11.23784982783729,1.568453024452533,37.71855522345436,4.959000913962464,18.75230256477511,23.71130347873757,11.76976171681582,1,1
868,250,0.4014590175694785,12.21898276964948,97.71896111764779,20.74241890071519,0.742064404570288,1000,95.48464863521865,81.92939659629481,93.30660667317191,1,31.09170303047305,31.09170303047305,50.24966151498177,58.85206297191024,0,3.895272223701638,179.8,3,1.070233002941207,1.153768579816125,43.27015268003957,11.4314915462438,1.06888788048524,36.23680087173859,4.764189072923093,8.604525174673315,13.36871424759641,16.32541780110065,1,1
869,240,0.5463731671754271,9.366454648640007,99.18032625338456,20.17415883126296,0.774509515850083,1000,93.23759002342909,74.85553858276293,92.47334597603013,1,26.13794501952104,26.13794501952104,48.93084198034228,57.50605638789335,0,3.564541384511856,173.2,3,1.074926391076141,1.149183428532587,35.15974483428158,9.32514668482488,1.00442973877101,32.40777856541573,4.260773048524829,7.233589157669051,11.49436220619388,24.2221291149372,1,1
870,120,0.5455811677859165,20.68827935463935,99.81135247068789,20.0128697917033,0.7740186189990258,1000,98.35563219285866,93.77252326957122,98.17008672278754,1,55.18229799784025,55.18229799784025,48.55180588581908,57.1191355547104,0,5.176606291161781,88,2,1.06910356965168,1.166540642921911,61.60497107340544,12.60202695323114,1.641662839749356,32.98742170573226,4.336980921429101,15.27151702990896,19.60849795133806,16.44487787029662,1,1
871,210,0.3166271722075529,17.55338233552128,97.42626453460971,16.53538003022969,0.6428253749665338,1000,97.96885031621875,92.16916865805808,95.44739127059511,1,41.04655452952623,41.04655452952623,39.80137554474032,48.17785093958366,1,4.435984742235537,151.6,3,1.081282880898104,1.176879918219472,52.62415120469789,12.04750899656191,1.457013424146903,40.05025991195269,5.265558935945333,15.08324057111657,20.3487995070619,-4.416500579924885,1,1
872,180,0.6584861377622,17.0469381845966,97.09974295625868,14.59689773654193,0.7312760382918874,1000,99.71569818298084,91.98862119000114,96.82368662271311,2,47.0188219117552,47.0188219117552,34.34448362113869,42.59335958077611,1,4.75078420435237,130.6,3,1.085609285745244,1.183245574682608,66.30000021479951,11.48530388971156,1.484239193694048,39.82672326560973,5.236169728777887,17.27784975850631,22.5140194872842,52.73124224052362,1,1
873,170,0.4710483816698193,10.85199444147572,97.23914761559344,17.99694794917479,0.6084098272369243,1000,91.48965160556864,83.55836317064048,88.96375737773103,0,24.06036687647188,24.06036687647188,43.62320662257849,52.08512190035015,0,3.40169861985847,123.4,3,1.084399214291417,1.164462572815386,34.29845850039726,10.49321423426244,1.034191640349989,27.88837577240598,3.666590094052499,6.658626331840672,10.32521642589317,-78.91883586426346,1,1
874,230,0.5108947465901262,17.32417448445782,99.00599871972932,21.50480860375054,0.6584790885239141,1000,98.10121694640854,94.56307480152782,97.12608959400012,1,38.12635280014276,38.12635280014276,51.9800453144037,60.61753595591398,0,4.326318112076722,166,3,1.064404943382941,1.16218678370185,63.94191966594714,13.90326458658751,1.246050837669482,38.36339339903468,5.043780224387172,10.55134104959684,15.59512127398401,3.839897255364955,1,1
875,190,0.3730203605314716,17.69321843324602,99.01712062902665,14.09160118883289,0.7491576720472193,1000,99.22413282850515,94.91929963660351,98.24887929590656,1,51.38204324252249,51.38204324252249,32.83802751751335,41.05051485348542,1,4.969997917560113,137.8,3,1.087926790179507,1.187415345672572,60.75881537312202,10.99434349079311,1.609301951322759,43.13752404011447,5.671453211123663,18.88118815685226,24.55264136797592,7.232899517640557,1,1
876,230,0.6180048845034092,16.9689085727185,99.19746864885711,14.25453564266674,0.6156150096270488,1000,99.78783122871822,98.39821328175394,98.98700259848219,2,40.53191432138781,40.53191432138781,33.32793744419814,41.55231385988043,1,4.412995573031344,166,3,1.086669858761695,1.189742946132758,79.97755747508232,12.24186503949633,1.386137530349432,41.78692361526086,5.49388467220247,14.89412744929931,20.38801212150178,34.40069776949051,1,1
877,250,0.6072983349488117,20.01952042923867,98.44509029395697,14.6178588188123,0.7266946299176663,1000,99.95802354285875,95.92426330876839,98.40376653282203,2,55.15186190464639,55.15186190464639,34.40616730295892,42.65652250969731,1,5.145156106315295,179.8,3,1.085233712051631,1.186482589682903,86.5063448920063,11.62737475134752,1.721757564141345,52.20776416414075,6.863951937504784,20.26647085456073,27.13042279206551,49.15954689987358,1,1
878,210,0.5229609675773419,21.08062675170601,99.52130419515871,21.28488154385984,0.8822237525828183,1000,99.59077603358406,93.59328331430874,99.11403916670241,2,62.16469680141915,62.16469680141915,51.48532198774097,60.11284792469559,0,5.519345651941762,151.6,3,1.063274784100562,1.162111982919868,77.28223332788177,14.11382130556319,1.49361581780809,48.16821869217105,6.332857637396646,17.20387262413675,23.5367302615334,86.13152458399006,1,1
879,240,0.559499298828654,18.01456712757424,99.86117813223061,18.65944932523742,0.6336252371518872,1000,99.32037282538531,98.58955481758211,99.18249442875357,1,40.7374781707124,40.7374781707124,45.28379575016373,53.78182784534306,0,4.431903360566866,173.2,3,1.072444156961248,1.175085571811837,79.83025497604335,13.439880642233,1.340381481585923,43.60174996346034,5.732486746594972,11.27396129215076,17.00644803874573,-0.2877789431076013,1,1
880,140,0.3035838212528266,13.12808392148092,97.76446832660909,16.51091469825432,0.7020301638044882,1000,94.96400038881076,83.97712297482855,92.84105008179984,1,34.26999698705827,34.26999698705827,39.73540812169904,48.11038038370236,1,4.05325032751478,102.4,2,1.085109946105578,1.16983354465884,38.51227578284109,10.15880494432031,1.292286247588671,28.12196367176756,3.697300777416753,12.59308155951101,16.29038233692777,8.061268190052663,1,1
881,130,0.4300190496891737,23.38914563666657,98.90403713592669,21.69298008730076,0.7274141885461053,1000,97.73329766906268,91.34589002354453,96.66217702077553,1,55.77447335125675,55.77447335125675,52.40054999676437,61.04646799310848,0,5.236834925381822,95.2,2,1.064232666744541,1.158833805461972,58.38305718711663,13.28632225325474,1.760392770161581,33.07905176957212,4.349027871998558,15.43539958504914,19.7844274570477,8.989169422553573,1,1
882,180,0.6706508984037675,12.19559491000697,97.43812065533868,21.024678278476,0.6343406067799776,1000,93.3421059370598,84.96956764085071,90.95079380518639,1,26.29774023739368,26.29774023739368,50.89538320877062,59.51095604006406,0,3.586179980854967,130.6,3,1.071937111781892,1.155535310247984,40.86026902259097,11.86198296397679,1.028124466798116,27.11992578486986,3.565559071842072,7.277811951564574,10.84337102340664,4.142291292418787,1,1
883,190,0.6592576716092415,19.66323928217962,97.87692353688504,14.7782241602391,0.6234879971171496,1000,99.82423393769673,96.32847394702165,97.70488912248067,2,46.10419206265756,46.10419206265756,34.87601417202512,43.13760916259531,1,4.703388447758255,137.8,3,1.084862868378991,1.186278494304861,76.18020833464389,12.34479956151267,1.592835848342457,40.54218909118523,5.33023472310014,16.94175377662457,22.27198849972471,32.45443653805057,1,1
884,230,0.4388395559239201,12.10574708122387,99.47288876863811,17.75848219326884,0.8569215552467387,1000,98.22019585436117,86.66078616056107,97.70246617054717,1,38.51710777130432,38.51710777130432,43.01496778334939,51.46350166007767,0,4.30238367341206,166,3,1.0768547975095,1.168010434171235,51.29360896072965,10.95212175857581,1.105333500492244,43.38577488680445,5.704091687553482,10.65948118534923,16.36357287290272,30.72546104579268,1,1
885,120,0.5806594126735813,19.23174578858539,97.80414250179292,16.03569439042173,0.7050006939099636,1000,98.86339995911544,92.489730381494,96.69250057813073,1,49.76609370703922,49.76609370703922,38.44010036356326,46.78536251891029,1,4.883748193290578,88,2,1.081841884718773,1.178832419829565,57.37520443993489,11.73130452649702,1.639352703286104,32.44599683212039,4.26579774839458,18.28738056754668,22.55317831594126,2.064032240105018,1,1
886,210,0.4156410624819807,19.38985264791176,97.73158002837275,21.94310049617104,0.6379018484103027,1000,97.59328797971648,92.17287174701303,95.3794623442169,1,40.18847921782752,40.18847921782752,52.95558619268053,61.61256799709599,0,4.450178063556224,151.6,3,1.063566634954164,1.158696900064344,59.05129852389648,14.06323166712672,1.378762229540469,37.22860277218842,4.894585014699304,11.12202766193638,16.01661267663568,-0.4691272047278863,1,1
887,140,0.614621377377212,22.56937311883643,98.64069484867616,14.17362337304838,0.680559599751723,1000,99.69929103075982,96.57138237527012,98.34407343194536,2,58.53563670584825,58.53563670584825,33.08515334661189,41.30364456165432,1,5.303969922620285,102.4,2,1.087053405671214,1.188512808271434,71.37268615228854,11.64313744267943,1.938427097502556,38.1910791104002,5.021125414048736,21.50989530150904,26.53102071555777,40.72174119321836,1,1
888,250,0.5232022083248943,14.97943984042853,99.31018530153015,19.86745241802745,0.8160505018946947,1000,98.81636461186956,91.97079290119773,98.13471480428332,1,42.77825647675578,42.77825647675578,48.20823537152035,56.76839065215199,0,4.555780794583004,179.8,3,1.069014722737565,1.165505536836708,62.42198463735301,12.66874472216543,1.182393375897793,44.18166968328347,5.808730982451586,11.83873988575391,17.64747086820549,23.62009577884116,1,1
889,120,0.3734816627996974,8.995454181611539,99.02144230931441,16.9298230845537,0.766378063434083,1000,92.92869630716952,74.63432701407687,92.01933540260184,1,26.58741077507141,26.58741077507141,40.85554152809334,49.25590642271123,0,3.571119570207147,88,2,1.086218049642302,1.159887031933734,31.64157767245257,8.299358008298341,1.083873496313472,28.41217470823685,3.73545591847577,7.357977307298428,11.0934332257742,23.35793416612217,1,1
890,100,0.4193845620416105,22.28781553707644,98.29174623689158,20.44316326747276,0.7139758334880228,1000,96.71907612419979,88.18949662706488,95.06686886666445,1,53.3435432684301,53.3435432684301,49.55833463791282,58.14653248288789,0,5.096803794590272,74.2,2,1.06970270285127,1.160317155154989,49.92901264732239,12.28198474171941,1.814675396995833,29.43412755111254,3.869815918529424,14.76264778772713,18.63246370625656,7.762734152069728,1,1
891,100,0.5333931576507166,19.27277126340568,97.58058993457074,21.92331564045884,0.6673424883458298,1000,95.58963116163443,87.13718188436705,93.27692600380314,1,41.75514741621002,41.75514741621002,52.91184260230364,61.56795491004561,0,4.535689540477437,74.2,2,1.066131183966829,1.154421482404508,48.0577131695671,12.82122305832775,1.503192883840163,24.61839810888657,3.236673780292257,11.5555978636114,14.79227164390366,4.677774327874882,1,1
892,140,0.3583847843921743,20.70623683338612,98.55730314751719,18.81126252837665,0.6409312344679143,1000,96.99988669483704,92.34407737112477,95.60047238257874,1,46.28360815376627,46.28360815376627,45.65847417256924,54.16457101321919,0,4.725549815166565,102.4,2,1.07484040438825,1.169374634115145,52.18743872499297,12.48482465250671,1.658512426862856,33.7470914298352,4.436857569243903,12.80883427786097,17.24569184710487,-0.5515878241145238,1,1
893,260,0.4475898269317112,21.76647944942489,98.86003184074751,15.50780246750265,0.7435068245587405,1000,99.88300899255329,96.47669566125909,98.74437449353486,2,60.31808554864475,60.31808554864475,36.96894283324428,45.28001068034331,1,5.377024610821539,187,4,1.082335296513425,1.183947633178549,81.13355631261803,11.82079957434989,1.841371162121407,58.31040896614222,7.666289698626008,22.16488583627532,29.83117553490133,50.48469467804502,1,1
894,190,0.3799030155972578,13.62454577564075,99.89685744332995,20.39706850610301,0.6321619444290641,1000,94.15041482995778,89.79816823085756,94.0533056849867,1,30.17404552492063,30.17404552492063,49.45122253630637,58.03721027885541,0,3.832706221567816,137.8,3,1.073048814583105,1.161864614759724,44.92375654953727,11.99995731476436,1.13538285331045,30.61203280959593,4.024679571677733,8.350566518870034,12.37524609054777,4.383285373776082,1,1
895,180,0.6794229844852351,22.6641419570297,97.48310617778816,21.60373337651789,0.693629036423983,1000,99.34226131173206,93.23551804013836,96.84192207393154,1,50.95930543507239,50.95930543507239,52.20142877321086,60.84336103213542,0,5.003775173200808,130.6,3,1.062515014139644,1.160738027040324,72.87698324294925,14.30920270175672,1.583885729303929,39.21018159283351,5.15511066644954,14.10281791480483,19.25792858125438,3.503128399924863,1,1
896,230,0.5540758264739066,10.87413886082545,99.08573686510346,14.03970424627699,0.6260579695655498,1000,95.75661973782491,91.55916856964734,94.88115226433892,1,27.32187509371475,27.32187509371475,32.68113578817849,40.88980443348237,1,3.624474462115927,166,3,1.092436163410881,1.184753730286908,42.64747201580286,10.65758205182691,1.020319506614675,33.35696378270833,4.385566014007948,10.03987836777038,14.42544438177833,0.7398433516989071,1,1
897,220,0.3643515743059106,15.78012398986519,97.8137916449608,19.34241890903562,0.6683333529700293,1000,97.16982776507311,90.43755534481129,95.04549287189586,1,36.62938707309025,36.62938707309025,46.95293145570452,55.4866520486093,0,4.209397606365839,158.8,3,1.072841936648307,1.16596121617633,51.66637368414707,12.48081762601253,1.264350178226804,38.10391487240846,5.009665602470451,10.13706077452082,15.14672637699127,4.600536153316025,1,1
898,130,0.649520630367007,16.06706258608401,97.38774687448158,17.44340605070256,0.6161484856095397,1000,97.6297818102056,92.41951155569448,95.07944478343168,1,35.53230231857902,35.53230231857902,42.2024430913018,50.63297355576077,0,4.130554830153629,95.2,2,1.078653468289785,1.174038735913657,52.66664165956558,12.51100387910387,1.284234482008237,31.5248922263787,4.144696646969367,9.833446225659015,13.97814287262838,-1.654062343610039,1,1
899,150,0.3465583792123012,14.40421138111875,97.82398866889112,17.42911323786899,0.655946871874854,1000,95.37583691712823,87.73590862206471,93.30044789867159,1,34.30456373108512,34.30456373108512,42.1653402142619,50.59504508949965,0,4.058495225915631,109.6,2,1.081510827299736,1.170058429331194,42.42920013462951,11.16980627777702,1.28956680383766,32.87047474404261,4.321605462680259,9.493673664032038,13.8152791267123,4.341713618352497,1,1
900,140,0.5958726311510429,19.77619514913484,97.64851821449115,15.90826123045385,0.6457218758896691,1000,99.18346860989936,94.49671059311451,96.85118741130167,1,46.8507500501134,46.8507500501134,38.08814325065794,46.42526845802053,1,4.738520983316561,102.4,2,1.081868461121108,1.180952394000848,62.38810204830896,12.2779089232659,1.610713621735713,33.64068945578683,4.422868499847491,17.21608895174834,21.63895745159583,-5.173000323043961,1,1
901,200,0.4714204668412916,16.161755285725,97.04893506858502,21.04592983991466,0.7468852394517045,1000,97.80636149330586,86.2108938860538,94.92003225858396,1,40.09118434462005,40.09118434462005,50.94375519825758,59.56031101322287,0,4.428255919493964,145,3,1.066317279568286,1.156559539883539,53.70914405162494,12.89460434275918,1.253373492983555,36.63962882621419,4.817150385533814,11.09510163009245,15.91225201562626,13.64907835713293,1,1
902,170,0.3337271912674419,20.51927005029842,99.08222189962513,19.58779848219827,0.7204903901292476,1000,97.88320162206622,92.40748702308102,96.98485103363312,1,51.03947463965691,51.03947463965691,47.54253845262679,56.08871856755331,0,4.972211705614267,123.4,3,1.071124811499345,1.166816944156651,56.80030114343318,12.48237492038545,1.643859456327305,39.72378965548248,5.222636658285807,14.12500447494292,19.34764113322872,8.646604376979527,1,1
903,180,0.6269067345280199,21.46003965139389,97.25258759277533,15.48106751758233,0.8240724297394277,1000,99.90355307202144,88.20877665178449,97.15879045966244,2,64.91576257722261,64.91576257722261,36.89349738313746,45.20279871371855,1,5.578247348408182,130.6,3,1.082399337324631,1.177021448910767,73.95978699949758,11.61620529879343,1.847422553182918,47.96258410451492,6.305822081498818,23.85437888837673,30.16020096987555,63.82708863444685,1,1
904,200,0.5841936421229503,8.109703975509852,98.59652311757412,14.64094220395572,0.846426714369608,1000,95.90135212027488,72.14638260453465,94.55539881333296,1,27.87091250750813,27.87091250750813,34.47402360138216,42.72600510695929,1,3.657482004292266,145,3,1.090234178078914,1.165238974699188,34.3006800338788,8.061622223659986,1.005964277476157,31.2557272922003,4.109308516467291,10.24163131609232,14.35093983255961,30.42261615893764,1,1
905,110,0.4135957739023491,17.91808108985052,99.69671889629518,19.87809167365916,0.7294079006767832,1000,96.36307782263928,89.49440888970301,96.07082681665486,1,45.43427319992717,45.43427319992717,48.23343168404278,56.79411399595671,0,4.695231861307045,81.39999999999999,2,1.07204680401168,1.163348004262552,49.07149190785944,11.7149620936243,1.529503975057859,28.55996063459626,3.75488589238504,12.57378366050251,16.32866955288755,13.56100385251785,1,1
906,220,0.5527928277406842,22.02532342443988,97.29990774268177,15.64958381971717,0.6383338409262244,1000,99.86154868541158,95.22421822219,97.16519474131871,2,51.40518139968673,51.40518139968673,37.36751162092418,45.68789081719035,1,4.963668569826586,158.8,3,1.081885506664574,1.18243036755009,77.74729858560858,12.51193390367214,1.760345250703063,46.7148845042488,6.141782302630966,18.88969065833821,25.03147296096918,31.93186635150194,1,1
907,130,0.3365932564202696,16.71293552228808,97.71120253260052,21.749524562506,0.8032304677384207,1000,96.42708375412774,78.4218530209961,94.22006310327608,1,44.13564294330764,44.13564294330764,52.52641380870398,61.17484666538434,0,4.659633065179809,95.2,2,1.065673424908168,1.147191285876233,45.64748376364881,11.77239847786385,1.419671238084077,28.88382719426433,3.797465852192121,12.21439206575058,16.0118579179427,21.88968882471875,1,1
908,260,0.4074151280944235,16.87088571314886,99.45488778239044,21.44267425778694,0.7044825036195572,1000,97.94028410667191,93.89644573923572,97.40639965204493,1,40.01448862339152,40.01448862339152,51.84063282292436,60.47532088432189,0,4.431010308688186,187,4,1.064815412278523,1.161836432809294,61.98315241211429,13.44014486494395,1.255260704603962,44.14866101483612,5.804391208140791,11.07387634489486,16.87826755303565,9.277590753434207,1,1
909,170,0.4982932361679151,13.15676557692513,99.06588866413166,16.16965790865943,0.8825679175077472,1000,98.98179295169139,86.3565366635226,98.05719280328391,1,44.03996540919619,44.03996540919619,38.80796425985915,47.1617017860716,1,4.5942911450535,123.4,3,1.081242717911683,1.173086493339814,54.02426260234721,10.86473776374855,1.21096025168911,37.27367253807111,4.900510507043331,16.18321928903263,21.08372979607596,28.99921394851108,1,1
910,190,0.457202149183955,20.05157005773485,98.07549940406889,21.08189544633031,0.6514844647566089,1000,98.17897716763981,93.30481599512989,96.28952216696952,1,43.31721396764842,43.31721396764842,51.02554131631922,59.6437579605838,0,4.603612398038564,137.8,3,1.065729798298048,1.162551448942773,61.80671765302893,13.80885121842043,1.452080968979294,37.15302425769463,4.884648421947269,11.98789457483348,16.87254299678074,0.786264860061951,1,1
911,220,0.6240367334469221,10.7583270213753,99.43550644565711,16.37460189893097,0.7412011018982156,1000,96.54652686775925,88.73055416299491,96.00152794664884,1,30.71023417095066,30.71023417095066,39.36658831092603,47.73313889539935,1,3.836740106747887,158.8,3,1.083600424085164,1.174469515201045,44.74511961297916,10.44020428186491,1.030470930541367,34.81514829372333,4.577279039069756,11.284987383352,15.86226642242176,15.38159220857971,1,1
912,250,0.6624106505993753,11.1704701227732,99.57030946028664,14.57600180738047,0.7397324879592284,1000,98.14505510632512,93.6073330596863,97.72333508933679,1,32.90467146357697,32.90467146357697,34.28292884583402,42.5303278083768,1,3.974379432429682,179.8,3,1.08765161200313,1.184685778490146,52.48591017597023,10.67888249332731,1.046033621004169,38.84880283832067,5.107598836706883,12.09136994048242,17.1989687771893,13.9015677725883,1,1
913,230,0.5536576885572635,23.75927058077976,98.70817449510082,17.14354598497599,0.7500098586869426,1000,99.90874963674219,96.00877780632959,98.6181029273089,2,63.97646421471326,63.97646421471326,41.41949625222509,49.83254048517591,0,5.540658049268538,166,3,1.076801878544698,1.178058861192379,85.58478912564703,12.41607097033624,1.913590107332991,62.17528417017433,8.174419438898461,17.70527321654118,25.87969265543964,55.52389425042456,1,1
914,190,0.6083504182587378,10.92471490103751,97.61355515251473,17.63512663555145,0.7393095131616108,1000,95.85274365229029,82.90808296383271,93.56527079022695,1,29.74405271571448,29.74405271571448,42.69807475445566,51.139604486574,0,3.780121488270238,137.8,3,1.080225205279078,1.165097740692287,41.04361574671989,10.51604184192522,1.038861870773754,34.31749654925659,4.511850884650125,8.231567442231597,12.74341832688172,16.45619055618896,1,1
915,180,0.4646100472940132,17.22415890117735,98.41052139173094,21.11732793106139,0.7578595642543864,1000,97.9638722086882,89.28670964209472,96.40675741609905,1,43.73838458612286,43.73838458612286,51.10602018453943,59.72586967131463,0,4.626574651928876,130.6,3,1.065880022392575,1.159001086833403,56.71780021364157,12.95502973635838,1.329534493682992,36.20004577579149,4.759356741639071,12.10445213959422,16.86380888123329,15.55202290496116,1,1
916,170,0.6807578637605533,14.85669372953847,99.64151585723177,20.93613004909456,0.8626564064765583,1000,98.48734742883966,88.53948204244611,98.13428590567422,1,44.02937235690391,44.02937235690391,50.69346586542599,59.30492989062492,0,4.638719011978258,123.4,3,1.065833519805179,1.158963360834909,58.88406803339304,12.64508475963438,1.174898706647185,35.30122729132808,4.64118568075048,12.18498203519864,16.82616771594912,31.23142333093512,1,1
917,170,0.5673539268873632,21.05638823519647,99.36453353142497,16.21875030667893,0.6824844412621809,1000,99.59493125481151,97.79901574052653,98.96203886228683,2,53.16797634882161,53.16797634882161,38.94223173072425,47.29905523498695,1,5.048064283322987,123.4,3,1.080306955931734,1.182646450836169,75.90876213238114,12.2651563405214,1.716764764394463,41.5340522170885,5.460638714417959,19.53745904231365,24.99809775673161,43.64926741567268,1,1
918,150,0.4184912301531061,19.41201598884911,99.82847767375529,16.62366858499684,0.7776554172873265,1000,98.95837484749306,95.78850177148372,98.78863914094066,1,55.87993842652217,55.87993842652217,40.038861360064,48.42074012536705,0,5.176074740835561,109.6,2,1.079745286627166,1.179624275973991,63.47722400141923,11.57245956697822,1.677432172175473,48.26374257125086,6.345416522562201,15.46458669307859,21.81000321564079,14.73200593467843,1,1
919,190,0.519109602813702,19.01151272631064,97.34127517286974,19.29993315410055,0.8349156236107461,1000,99.41040210737209,85.58868211407189,96.76735306579337,1,54.35486279915124,54.35486279915124,46.8503142366381,55.38185848619389,0,5.127147039455879,137.8,3,1.070177024406965,1.161883073983977,63.42528966244952,12.83906114494974,1.480755680783469,44.16249514355198,5.806210033293008,15.04252709678911,20.84873713008212,20.75797378797446,1,1
920,240,0.4240054190079681,14.67366663201153,98.45886154618923,20.19827442830428,0.6412762870997423,1000,96.62352340812014,91.53520373343092,95.13442113345076,1,32.46696000019599,32.46696000019599,48.98733262526969,57.56371943981816,0,3.973038129883014,173.2,3,1.070645421392995,1.164022024722542,52.10066978855851,12.85800392944735,1.141208753125822,36.65143428514796,4.818702493807726,8.985122956854237,13.80382545066196,2.867485008876555,1,1
921,110,0.5129754420168697,20.7250192716904,99.266591189786,17.84241752260365,0.8459680120806908,1000,98.93247053638443,90.53328167301945,98.20689108130821,1,62.79636802431268,62.79636802431268,43.22970782488295,51.68297537863742,0,5.494201565961213,81.39999999999999,2,1.075679160151226,1.171087858764457,58.79130633022266,11.72426216024973,1.767703501373169,39.14446226982723,5.146470298839423,17.37868552950179,22.52515582834121,22.78616918110711,1,1
922,170,0.4601164019119925,12.60496284453943,98.83287880532363,19.33119818407484,0.7188196663305396,1000,95.60587866546244,86.32224210597118,94.49004219220127,1,32.28195063829301,32.28195063829301,46.92584502272314,55.45899138266816,0,3.951592301964259,123.4,3,1.074828280215535,1.162424090757715,44.21176532080903,11.21671862967747,1.123765627069303,30.82058013716212,4.052098076492626,8.933922232645463,12.98602030913809,14.64267752312097,1,1
923,230,0.6383238905799575,10.18717780814692,98.59499228448551,17.30934244228899,0.8535190689327428,1000,97.34318796884706,78.32450070875279,95.97550866735698,1,32.75076164337806,32.75076164337806,41.85357993856252,50.27633569372364,0,3.964957980482803,166,3,1.079462602040715,1.162034203955199,43.11588841241397,10.00360724118615,1.018350437250774,41.30099389835877,5.429997657019539,9.063664115599398,14.49366177261894,31.16610043984116,1,1
924,100,0.5081908033274114,12.5603928364031,98.06405079929496,21.83757327681035,0.8684497161749052,1000,96.31544682136442,67.51767425498632,94.45082869847073,1,36.59454772123063,36.59454772123063,52.72195193375029,61.3742848706961,0,4.244552480449217,74.2,2,1.065516404682021,1.1365934836169,41.72609065569184,10.46604187319554,1.200109171029726,22.85817774106957,3.005250960381277,10.12741910002484,13.13267006040612,33.99502133357713,1,1
925,260,0.6680086321073584,11.02621491343156,99.7680667847019,19.10575349503755,0.8993973914786708,1000,98.17614323384953,82.03142897154427,97.94844014819161,1,36.20873075158902,36.20873075158902,46.37928149184552,54.90080606001709,0,4.182620679867292,187,4,1.072379113851116,1.159364582227657,50.55563144785879,10.84341976551048,1.016857702816458,43.51869365534393,5.721567020072586,10.02064553973309,15.74221255980568,37.53879008690951,1,1
926,110,0.3446524411945603,17.54788688211516,97.51576364185274,18.05681596649997,0.8774635976662394,1000,98.30165570876694,74.82904664951107,95.85961023698901,1,54.39392767445863,54.39392767445863,43.77501684669909,52.24025922717436,0,5.115211948097487,81.39999999999999,2,1.075749427715497,1.156279263453565,47.17979460375208,10.92099523585808,1.606802906066499,35.25192026737587,4.634703100084407,15.05333817081418,19.68804127089858,27.90232725028243,1,1
927,220,0.6045894737835042,15.33072725655138,99.52324000910025,19.49420217799396,0.6264582872485974,1000,98.09034756618307,96.04469618655229,97.62269203405299,1,33.8931615881258,33.8931615881258,47.3182548962144,55.85970452033439,0,4.050785132336102,158.8,3,1.071180225901563,1.170183410007185,63.10795833677328,13.34363594781104,1.148916780741932,36.28790642299413,4.770908112766571,9.379819492308521,14.15072760507509,1.345136589670718,1,1
928,240,0.4929051319031976,13.67068047972024,97.75928899520063,21.65416245183162,0.6182699086302426,1000,94.77254141801833,88.51083902882999,92.64896265293676,1,28.20928286056876,28.20928286056876,52.31401280220803,60.95819968911098,0,3.723703229649769,173.2,3,1.068050643046439,1.156523757171312,46.76150715768683,12.94313594577371,1.056210839242872,33.11385118845508,4.353603083032587,7.806825000719537,12.16042808375212,0.8703310992720146,1,1
929,190,0.3664538381219841,10.9458021649234,99.74933152868657,14.41787210651487,0.7952523337845225,1000,97.19035609407523,88.25526452844038,96.94673051419012,1,34.89105308001663,34.89105308001663,33.81506380388322,42.05120894593665,1,4.093432966516653,137.8,3,1.089377548411797,1.180637392851781,44.18994980160858,9.651275829288558,1.134130073425771,34.55583260440013,4.543185825988283,12.82129897180345,17.36448479779173,21.60690743744146,1,1
930,200,0.563125065012928,13.34498295383155,99.5652849710374,16.08295256144553,0.6388449806044344,1000,97.83109254125085,95.44616310095513,97.40580607897571,1,32.5202497849516,32.5202497849516,38.57011889806745,46.91838003000305,1,3.947895793844693,145,3,1.082976824198301,1.181157908004097,55.65691383415138,11.88490668760229,1.122851302463513,34.17564741755271,4.493201443556821,11.95010778764354,16.44330923120037,0.800962401819855,1,1
931,200,0.4038106688602827,10.2493186484091,98.20843683038373,14.96527311486006,0.8312719412943581,1000,97.28935306673054,79.83784246333124,95.54635284922905,1,33.45547377801534,33.45547377801534,35.41947793228024,43.69401272211883,1,4.005870034157693,145,3,1.087412972795197,1.171301986706402,40.97838753843439,9.481476006274665,1.08098345042758,34.69949790491278,4.562074045654342,12.29377143096137,16.85584547661571,25.34422308491401,1,1
932,150,0.6486773826849647,8.87732217533514,97.10958130256394,16.09561706200801,0.7398420847593806,1000,93.31557537696204,75.34677716220256,90.61836453864628,1,25.28615064577136,25.28615064577136,38.60491599298297,46.95397911124121,1,3.481215031741288,109.6,2,1.088546289827709,1.163358609092514,31.7876946605331,8.737382540235496,1.016016196435858,24.3961466509168,3.207453541694246,9.291817490632784,12.49927103232703,16.38695055367302,1,1
933,150,0.5687964353586548,16.58286920073256,98.2479534687652,18.53365015091374,0.8615721348047023,1000,99.10932256289793,85.25659164825552,97.37288111480437,1,50.52289293416057,50.52289293416057,44.97169663477587,53.46298728198019,0,4.934262918998431,109.6,2,1.073132434119911,1.164166674222417,58.10630338995135,12.12651360854953,1.367488606868933,37.25889623740478,4.898567810986306,13.98204220988583,18.88061002087213,27.37593124757831,1,1
934,210,0.3289410148001276,20.19918708936125,97.72913871290076,16.39339038839005,0.6756856376748998,1000,98.86824255145865,93.28226214666125,96.6230819061222,1,49.589231054986,49.589231054986,39.4175527956578,47.7852689031202,1,4.875482842398607,151.6,3,1.080632874028854,1.178299860816113,58.77750635673096,12.06978118749752,1.673533825972304,44.62423677526404,5.866916949560332,18.22238943833886,24.08930638789919,-3.498202675365687,1,1
935,120,0.6367313448297791,10.62035868288204,97.33194834101016,17.42363798349537,0.7207028826307039,1000,94.27408237467544,80.10404823969488,91.75880115588048,1,28.29286494921793,28.29286494921793,42.15112125864488,50.580509662152,0,3.68573959852061,88,2,1.082895405324678,1.163276912091935,36.33078434182618,9.877440760901949,1.075213604410648,26.83382487391999,3.527944304508575,7.829956065146232,11.35790036965481,15.12874742852613,1,1
936,150,0.5288034298819489,16.40195928582921,98.67901557224118,15.58427029326186,0.8912492864987115,1000,99.5333141840278,86.82614494721795,98.21849460322454,2,55.08308895824704,55.08308895824704,37.18422507795651,45.50032671297907,1,5.138261796444682,109.6,2,1.082518223576502,1.175467313128159,60.16261158118447,11.21312599452936,1.462746364736414,38.16280009028917,5.017407464468064,20.24119908919051,25.25860655365858,84.74179217467412,1,1
937,220,0.4806983001067303,22.13806557853147,97.15234597261642,15.86120670746081,0.7211997922587209,1000,99.81198555797293,92.69900265841228,96.96968553141977,2,58.03313769016754,58.03313769016754,37.95767858790413,46.29178059198415,1,5.273796559119302,158.8,3,1.081236217616802,1.179596548067886,72.47584652978779,12.01067114876509,1.843199710018509,50.09192254798814,6.58577424893372,21.32524366321357,27.91101791214728,45.39529071043122,1,1
938,220,0.4352262653642334,17.02506663355231,98.3698111049904,19.80583182304166,0.6466902681300184,1000,97.96642620510923,93.5471533609777,96.36938840427575,1,37.92613893564987,37.92613893564987,48.06211722262265,56.61921338607459,0,4.288845067847801,158.8,3,1.070287386368837,1.167047168352459,58.89080470862689,13.21749513968301,1.288070580214385,38.37616868942197,5.045459840065222,10.49593252997798,15.5413923700432,1.733476805000767,1,1
939,130,0.3059685420784168,19.91587398948521,99.60211566374146,21.36650473230518,0.7558048741025152,1000,96.38866301280783,87.78600269288029,96.0051476207508,1,50.40062304295689,50.40062304295689,51.669345438535,60.30058427663164,0,4.971377413889872,95.2,2,1.067009394054484,1.156860653573317,49.9276770772929,12.09506272521265,1.6466118813894,31.4028731363775,4.128654336354549,13.94820442506151,18.07685876141606,15.35035295324486,1,1
940,180,0.3417195714024827,18.41220531263203,99.06011419588353,19.71382272711955,0.784479774380615,1000,98.15521064318374,90.26028169086477,97.23266375234783,1,49.99002870366133,49.99002870366133,47.84334753181196,56.39585473761286,0,4.922606261925855,130.6,3,1.070360399094685,1.164559953095907,56.2830773459216,12.27606711421299,1.499845605382422,40.33003189921135,5.302341615777515,13.83457381030926,19.13691542608678,17.57325196354214,1,1
941,190,0.3516613814065233,8.203207494650036,99.0793124365229,18.64630519282445,0.6345371319725643,1000,86.14431878374828,74.96610867565514,85.35119875406424,0,19.59626558550181,19.59626558550181,45.25125527183809,53.74858548688894,0,3.073743437959387,137.8,3,1.088718933902428,1.154425026513668,25.58251535857051,8.126774349469899,1.009405102429739,25.28590964644789,3.324434043251342,5.423201179902343,8.747635223153685,-77.25681121261835,1,1
942,200,0.6551052290950902,21.94649151431769,97.10340663346562,16.00325626559742,0.8402346739865374,1000,99.94862085665378,86.55246564920103,97.05351573497735,2,66.83151227037929,66.83151227037929,38.35069817016068,46.69389602307552,1,5.659473891960332,145,3,1.080586462286784,1.173818197563165,79.36495114691884,11.8414000704695,1.853369650861525,51.64751503561703,6.790293868579912,24.55835304228871,31.34864691086862,65.60909319649033,1,1
943,200,0.4626218926549889,23.72577072019875,97.7274684655962,16.11391383657046,0.7793529368119547,1000,99.80595253740351,91.94951307792655,97.53783079277893,2,67.07906061094103,67.07906061094103,38.65515415271568,47.00537466222534,1,5.670014333221724,145,3,1.080393958333591,1.178110587088412,71.94884622506125,11.87733602293923,1.997566682829897,51.76473017059895,6.805704585084349,24.6493188058338,31.45502339091815,54.35765210527177,1,1
944,160,0.6561302138851024,16.11805202226341,98.27791846823158,19.71107388961874,0.6704957367012044,1000,97.96105354738194,92.67495939142739,96.27408433591668,1,37.38168322377782,37.38168322377782,47.8368006591171,56.38917037350092,0,4.256761900464121,116.8,2,1.070612783483328,1.166629083082301,57.65636722724742,12.96231228590736,1.243454999906689,30.69401386190667,4.035457930258226,10.34525622656977,14.38071415682799,6.044646599881107,1,1
945,180,0.3335538545696996,12.80319225745276,98.15032626376438,18.69187794384733,0.7372061726481188,1000,95.62018944100959,83.60273522906688,93.8515279103805,1,33.79509375776238,33.79509375776238,45.36400943811788,53.86377069868422,0,4.036923414672914,130.6,3,1.076960525838985,1.162165134758091,41.99431956234616,10.78269215513895,1.187383639748155,33.47944535979782,4.401669129547026,9.352679547148211,13.75434867669524,15.70622976886888,1,1
946,240,0.6511721876910888,22.89404499370232,99.05464366333968,17.94251058718003,0.7955760768352076,1000,99.94930198864462,96.2629177918447,99.00442492884721,2,64.683484107726,64.683484107726,43.48485857299573,51.94373734904963,0,5.577026229764253,173.2,3,1.074063892189139,1.175582690050149,92.92183882443429,12.66975458404839,1.806984092851067,59.01980014333417,7.759556035982012,17.90093861519948,25.66049465118149,65.52919186611336,1,1
947,140,0.5626379162468016,20.1542734169364,97.24331646702399,17.97718005153164,0.7404179071049904,1000,99.07517560857012,90.33198283119449,96.3439865573016,1,52.28538352331387,52.28538352331387,43.57300222472821,52.03381609163716,0,5.014419744319313,102.4,2,1.075046737816995,1.170461874229934,60.13772020973074,12.33692462513706,1.633654579997281,38.33335646553442,5.039831155293777,14.46980560546537,19.50963676075915,9.3196893717269,1,1
948,240,0.5583116482997312,16.13581875248626,99.60767031865528,16.13266435700282,0.6487859716779319,1000,99.44001029260417,98.25749913919425,99.04987761709404,1,39.42987770541495,39.42987770541495,38.70659629232136,47.05800135118074,1,4.347150982995694,173.2,3,1.080791319107488,1.183311697445727,74.88835963422117,12.42691932705396,1.29845686833726,42.1952609800124,5.547570327790591,14.48916572748315,20.03673605527374,-1.456294227630645,1,1
949,190,0.550607151608169,17.08269237120077,97.15566375844359,15.09264862177335,0.6396548846784978,1000,99.36776788220854,94.15568582298317,96.54141444790923,1,40.83629224773935,40.83629224773935,35.78680351813358,44.07004718889812,1,4.425291243862344,137.8,3,1.084379726125656,1.183409343804689,62.84334600111332,12.13222113927672,1.408043273782527,37.82464445608628,4.972948866063667,15.00597619130262,19.97892505736629,-4.762717379770104,1,1
950,190,0.3282529079677537,12.2311949874796,99.70127169555848,20.84200163278729,0.808709481504187,1000,95.77765177464308,81.17750562325345,95.49153681946278,1,34.53083863537048,34.53083863537048,50.47817072363955,59.08524380930396,0,4.106555725740104,137.8,3,1.069533882039667,1.152754893290713,43.77950851979799,10.77427021414307,1.135222594605439,32.77543369515668,4.309110057023888,9.556294489543328,13.86540454656722,26.98068434317257,1,1
951,230,0.4114434260186739,8.896491418484599,98.43529507483416,20.97755797708593,0.8746497435657308,1000,95.44992795826246,61.98093034431973,93.95641823443229,1,27.50030362184625,27.50030362184625,50.78800823046396,59.40139721346628,0,3.66660054525492,166,3,1.069485368833552,1.134036761044094,36.61044593258723,8.823196510739116,1.008307069626781,32.07191740551053,4.216616113322319,7.610617359667212,11.82723347298953,36.62683428598806,1,1
952,220,0.4080680785310454,22.97575581339002,98.93748646043791,18.43599869095348,0.7709227079089964,1000,99.56429596491594,95.14709592510189,98.50641183971901,2,62.19900391428809,62.19900391428809,44.72840333946368,53.21442383378189,0,5.473739161977143,158.8,3,1.072888889140617,1.172995324820483,73.13506761568641,12.68292789323503,1.811549825623868,53.476309101081,7.030732331515672,17.21336700326618,24.24409933478185,61.77931445622185,1,1
953,240,0.6941878284960054,10.09094523928687,97.32399305709151,19.52569445361011,0.6025762339637848,1000,88.947095846452,80.42676296999059,86.56686538608547,0,21.63762170236789,21.63762170236789,47.3938033440059,55.93684764392634,0,3.236873771326171,173.2,3,1.082365483060314,1.156501090704896,31.16065633926216,10.08447071652507,1.00064202901112,29.53551243118902,3.883145371632352,5.988139680724638,9.87128505235699,-78.48375866418603,1,1
954,240,0.4937259721178561,15.35871755666658,99.45729882318487,20.61781979041733,0.7226346816770732,1000,97.97860257818778,93.44093848080757,97.44687154896893,1,38.23561565032263,38.23561565032263,49.96266873790273,58.55918660786745,0,4.317728974629223,173.2,3,1.067541426480094,1.164226938671025,60.1377552178704,12.96000848496777,1.185085455343726,39.93074950922753,5.249846451921726,10.58157917917462,15.83142563109634,12.81704788368215,1,1
955,230,0.6916312202752567,8.665286867387593,99.83340237971656,21.22420644167997,0.872319708015374,1000,95.12127170202847,65.97284785492283,94.96280192698954,1,27.02495329518282,27.02495329518282,51.34820865719047,59.9729633065017,0,3.638254556160823,166,3,1.069063999941932,1.137150510123214,37.19594084400649,8.614315544604144,1.005917048489752,31.64638305156858,4.160669504614243,7.479065741264193,11.63973524587844,38.16163126285358,1,1
956,150,0.5826719454140402,11.51760258284956,98.37666281608865,20.51990772333927,0.857861970589729,1000,96.84908716753438,74.03778338348384,95.27689992326508,1,34.42592695930278,34.42592695930278,49.73629544861922,58.32815965739195,0,4.095574448373985,109.6,2,1.069282427518361,1.147253908836013,43.7797753617149,10.72922410227278,1.073479542701488,27.66681682719692,3.637460902722682,9.527260532897181,13.16472143561986,32.86082020347312,1,1
957,140,0.4163868348616175,21.63158606597781,98.45770822903549,19.51734331249073,0.8241608645228902,1000,98.81334933233727,88.15166856883644,97.28935917697021,1,61.10267696413024,61.10267696413024,47.37377767115345,55.91639939218692,0,5.439275510803838,102.4,2,1.070195924250422,1.163397787261417,58.66207191280341,12.46839972789123,1.734912782559334,38.3589279945564,5.043193140795082,16.90996217423316,21.95315531502824,19.47937258825875,1,1
958,250,0.3800008726082742,21.32939187692851,97.65135959618478,20.79989954548329,0.6082434305309783,1000,98.60587515955551,94.44245532175418,96.28997773502259,1,42.96679198037501,42.96679198037501,50.38165348163176,58.98675478006845,0,4.580081476336807,179.8,3,1.06614301409146,1.164456360068695,65.57225076895239,14.28754697606025,1.492865914118592,43.53976084630462,5.724336803236596,11.89091645792885,17.61525326116545,-6.175879543273158,1,1
959,240,0.5476911052789539,23.52425031184778,98.13243272697288,19.06674492238462,0.6142009889467852,1000,99.74516223998209,96.7260016038162,97.88235423356039,2,49.63697156314269,49.63697156314269,46.28425207000998,54.80374925557038,0,4.896691598329655,173.2,3,1.070540106897051,1.172185052275901,82.41641059029418,13.95167592043802,1.686123620273228,48.09513449793107,6.323248982349146,13.73686642352786,20.06011540587701,33.12176661282147,1,1
960,190,0.3943059904133901,22.19154864499345,98.39612778146164,21.59081365024671,0.6821802459014347,1000,98.1883079253103,92.97298691843191,96.61349293264333,1,49.59106681405091,49.59106681405091,52.17255581266284,60.81390940614648,0,4.935873944381846,137.8,3,1.0640066171881,1.160559702652617,62.34046104658465,13.7960772687904,1.608540472239551,39.83531441905727,5.237299240169455,13.72416243723254,18.961461677402,3.148303751462095,1,1
961,170,0.5292557164757512,14.48460363139212,99.35241628407047,14.29594681378268,0.8073984887945931,1000,99.24092349770808,94.27909865499618,98.59825543759885,1,45.84392383279288,45.84392383279288,33.45181506711049,41.67918929538939,1,4.692975579817979,123.4,3,1.087218474874032,1.186192204452248,60.34759133594434,10.79512139213351,1.341773112616146,38.08285947463288,5.00689736980103,16.84611387775696,21.85301124755799,18.25285158819459,1,1
962,130,0.5143721209397539,16.61849785524234,97.13736560491026,14.60748171232082,0.8545299395625015,1000,99.32404236838369,82.30294919836869,96.4807581689528,1,53.64900653153401,53.64900653153401,34.37563772557252,42.62526090269029,1,5.074633876390222,95.2,2,1.086066311263451,1.174736566623025,53.58666061626247,10.77297647444538,1.542609685880513,35.0830885866233,4.612506161357625,19.71422160012103,24.32672776147865,19.68500122451166,1,1
963,150,0.319929720866587,8.38289623337984,98.80903171780979,15.95083589419164,0.6808380431955681,1000,89.62966265377895,76.20534810647473,88.56220180013837,0,22.55558214175537,22.55558214175537,38.20595150244179,46.54580339144258,1,3.28784650142805,109.6,2,1.093555998192641,1.164644987170598,27.46076297040051,8.0140449889349,1.046025601921903,22.84261781302213,3.003205237872784,8.288424584357042,11.29162982222983,-79.65116126662177,1,1
964,120,0.3145523291533813,9.403287087719887,97.45523460599291,15.92658866928704,0.8088096328539541,1000,94.61655679430292,70.2435273632378,92.20878740000043,1,29.31604105785237,29.31604105785237,38.13888441445869,46.47718440716835,1,3.748323819801108,88,2,1.087505815280865,1.159101196985892,32.18069667622782,8.246310198373745,1.14030237300245,23.90677672077835,3.143114228683836,10.77266788739215,13.91578211607599,24.55212121304924,1,1
965,100,0.4736993469560519,21.42391673497483,98.9605675001513,15.26752370497771,0.8890228991448647,1000,99.3038855424776,87.21897140675941,98.27168868253653,1,71.44513931088454,71.44513931088454,36.28753625414788,44.582603557254,1,5.852675673528331,74.2,2,1.083871927451896,1.176876454095827,56.53889843511858,10.8352654197012,1.977239680351607,37.05393000059001,4.871620125697877,26.25370719210637,31.12532731780425,19.6955213980847,1,1
966,190,0.4235923929355107,13.9122729751505,98.25113432880673,20.97381443965807,0.7376850422801218,1000,96.16119032357153,85.20282824382642,94.47946027699177,1,34.88654857237713,34.88654857237713,50.77947047831901,59.39268570689603,0,4.129692243383328,137.8,3,1.068613334611614,1.155912848668124,47.06659837553332,11.96985743510214,1.162275578517095,32.89193693306114,4.324427177730796,9.654736028910131,13.97916320664092,15.62138698470861,1,1
967,250,0.6129507984659635,21.30096936311945,98.16198929136358,16.60951424261183,0.8492230009322288,1000,99.96453197373347,90.44120630498043,98.12717317121798,2,65.57502751093826,65.57502751093826,40.00084794930444,48.38186265799874,0,5.607099775183488,179.8,3,1.078527577876524,1.175155108124814,86.00262217557102,12.10380692226718,1.759857002009211,68.4945548376437,9.005237820724245,18.14767028022712,27.15290810095136,73.41137622283679,1,1
968,230,0.4891931371368468,23.56562114775554,97.28271024181541,18.31284579322301,0.8816840575012844,1000,99.89454807019,82.52496939671671,97.18012374649395,2,71.84452901969738,71.84452901969738,44.42028088582185,52.89960813572623,0,5.881463480912243,166,3,1.072887406154037,1.162474914856316,76.1046649409095,12.85380012936961,1.833358299535911,59.92038688362764,7.877959576143082,19.88273392443785,27.76069350058094,77.78463735333493,1,1
969,130,0.6264143138793297,19.25571481424943,98.50634239323878,18.57066229680367,0.7328947673199931,1000,98.76008898884916,92.84362751551664,97.28495140722306,1,49.6034496395737,49.6034496395737,45.06367519587036,53.55695484916203,0,4.889533661639796,95.2,2,1.073446455929625,1.170607066085371,60.77636239038212,12.44695998695821,1.54702150841855,34.41794771477572,4.525057578773663,13.72758934291989,18.25264692169355,10.82853837640978,1,1
970,180,0.3669326878064312,23.57602809117734,98.7503641525459,19.27980064234324,0.6179217709095217,1000,98.33320178498207,95.4098064133112,97.10439484552757,1,50.13968480065362,50.13968480065362,46.80163229254993,55.33214326414173,0,4.924073864335894,130.6,3,1.071596994699307,1.17037662704703,62.80336275353705,13.44480373478426,1.753542004498115,40.97264149866312,5.38682792688152,13.87599063629822,19.26281856317974,-5.592860272260733,1,1
971,240,0.3104738280876539,11.54739367095754,99.67322936667107,20.38695517344028,0.8218482931370381,1000,96.0919436435596,80.81208536449252,95.77794339073745,1,33.58817784049919,33.58817784049919,49.42769922637945,58.01320126050092,0,4.043589876942897,173.2,3,1.070673151746624,1.153954311271315,43.88182579018021,10.62250066256502,1.087069235180371,37.2346672982043,4.895382340839645,9.295416256765348,14.19079859760499,28.41752646914339,1,1
972,110,0.5062445261746644,9.688015379972756,98.4999065067466,21.67548912739009,0.7041601314115338,1000,89.70977246027839,73.25881399636427,88.36404200078931,0,23.57278118843189,23.57278118843189,52.36157026108617,61.00670870245489,0,3.404270105227012,81.39999999999999,2,1.074206252781094,1.142634270125191,30.97017165504892,9.200192415524262,1.053023126301723,18.63943113014497,2.450596409712219,6.523688617961231,8.974285027673449,-77.25843948295137,1,1
973,200,0.6048160508827306,8.530250384666026,98.83168408171807,21.35207807894051,0.7252718339928192,1000,89.49142440776518,70.41021129622742,88.44588185091202,0,21.8734193072788,21.8734193072788,51.63685546597225,60.26743932159013,0,3.274852043633758,145,3,1.075560216836695,1.141014886267065,29.38917204033761,8.516890572010817,1.001568625608401,25.8254456096318,3.395368874097696,6.053395881891718,9.448764755989414,-77.66468618852461,1,1
974,150,0.3723536401909776,10.3824817278944,99.5419145098751,18.25204504817724,0.8655509428154911,1000,96.64202142743217,76.23301761939534,96.19931834990972,1,33.47991336942056,33.47991336942056,44.26762350199778,52.74362684925381,0,4.014498151329734,109.6,2,1.077167525868076,1.156931726084919,41.11804475326498,9.42962134309246,1.101049697557574,29.92961905667548,3.934960058181395,9.265454425275907,13.2004144834573,35.24178344856995,1,1
975,180,0.3242222794475034,9.843346986282617,97.90263412512846,14.44372534599528,0.6434300324287265,1000,92.16091417149269,83.00941322418288,90.22796260769016,1,25.13761801772124,25.13761801772124,33.89180606592333,42.1298004619747,1,3.474379457428342,130.6,3,1.095524102527996,1.175921195447427,31.98541522825038,9.239693097382345,1.065332677453463,27.82621676775728,3.658417814943775,9.237236700911962,12.89565451585574,3.767631741693102,1,1
976,120,0.4042043633980676,17.86803518932313,99.27370524814427,16.23053294488788,0.6933224631221965,1000,97.4845303253021,92.83019778178347,96.77650529767824,1,46.15164169653401,46.15164169653401,38.97441437229054,47.33197696305353,1,4.703213215809807,88,2,1.08291398176643,1.17846555803243,50.99569272780771,11.27841590947425,1.584268157225286,31.07355344623214,4.085357432887758,16.9591899354197,21.04454736830746,3.430146853413831,1,1
977,120,0.3121351457836106,9.651525206618011,98.36830543178171,21.5551974577792,0.8641958193654428,1000,94.80056641314383,61.10799134856018,93.25371072034039,1,28.86739060499359,28.86739060499359,52.0928986340773,60.73265480286238,0,3.765312391521014,88,2,1.068348715702909,1.131221871693375,35.42615866691407,8.702120589280437,1.109100374741656,21.82151731022006,2.868957298187801,7.988954125296627,10.85791142348443,36.13124211557962,1,1
978,250,0.531858328936994,10.35376303615794,97.03269364608038,14.79882605383545,0.8788491005039542,1000,98.51752266606918,73.70065030095681,95.59420595627469,1,35.38599021565827,35.38599021565827,34.93611120996877,43.19914032388482,1,4.120473176508164,179.8,3,1.086435434566338,1.166176848833695,44.17803749922226,9.908682874255319,1.04491819624776,40.49741233969657,5.32434775446518,13.00317187124723,18.32751962571241,28.86536519233944,1,1
979,170,0.3202158683853224,15.44360972400755,97.14308379818937,18.46347023628838,0.8516528097149916,1000,98.15734999635286,77.08126855136703,95.35307676103908,1,46.24559042725458,46.24559042725458,44.79693848205716,53.28444488972031,0,4.720101907473955,123.4,3,1.074562654648439,1.157006922426597,47.65344279308845,11.23705141492233,1.374347162236803,39.37145224109256,5.176313527677231,12.79831299877461,17.97462652645185,25.72030139368383,1,1
980,170,0.6283500269526616,13.77906442239881,99.5855641437351,18.02629066840559,0.8271527411776129,1000,98.61551351434032,91.58567478726562,98.20681546649715,1,41.74908784964769,41.74908784964769,43.69765667337998,52.16120424991681,0,4.481150031428449,123.4,3,1.075458570691501,1.171369437750579,57.62358529873742,11.63683065401825,1.184090826108295,38.18205601271299,5.019939113316575,11.55392089876383,16.57386001208041,26.53269179954502,1,1
981,200,0.4846779735952615,17.57921015689895,97.5965178813545,18.97671338804998,0.8099984124943614,1000,99.15837861726031,87.5297325622879,96.77512471805565,1,49.41152777778664,49.41152777778664,46.06440352755345,54.57920275873357,0,4.884496473313139,145,3,1.071580781503487,1.164673973610707,60.63626970075331,12.53982279151542,1.401870700181922,43.5142642947959,5.720984675312141,13.67447560740986,19.395460282722,19.15510207050532,1,1
982,110,0.3014536895693279,21.4459774014391,99.62521463867485,15.39698143011332,0.8257213531990768,1000,98.38309120873605,90.75632974154773,98.01436578486654,1,66.70041566273629,66.70041566273629,36.65560376350584,44.95932667661759,1,5.654610788322054,81.39999999999999,2,1.084592383446967,1.179503066613083,51.90952571501813,10.47884493678679,2.046597457144475,37.07581546140037,4.874497489889536,24.51017940886683,29.38467689875637,13.58164990858685,1,1
983,160,0.5401909320464358,8.637525931660086,98.41839538182074,16.60798374702968,0.678241054987628,1000,90.42749584003563,77.55548039171589,88.99729038972578,0,22.69283040842863,22.69283040842863,39.99673622388974,48.37765745261657,1,3.298473498877557,116.8,2,1.090371508031252,1.163684922342512,29.27721795279758,8.556060860168266,1.009521329128346,23.69201601752671,3.114878827900355,8.338858747417241,11.45373757531759,-79.82166248559759,1,1
984,260,0.5701599990841932,11.74124332844466,99.7946880806405,15.72078221562505,0.7128205021860776,1000,97.82739825097579,94.13862112857821,97.62654694196722,1,32.53379405672163,32.53379405672163,37.56669555822464,45.89171489012381,1,3.948754051838454,187,4,1.084199426181925,1.181282605870819,53.21364358504093,11.0997097967574,1.057797324743992,40.99567782073091,5.389856599149367,11.95508485604331,17.34494145519268,10.28728298597229,1,1
985,120,0.4972288287077099,16.51841591120884,99.68319679836694,17.39089763106406,0.75931464218935,1000,97.94752515544073,92.61967320525987,97.63722425982796,1,46.05397960898166,46.05397960898166,42.06603046185506,50.4935240620643,0,4.702216434469101,88,2,1.078432472339998,1.174385004168892,54.13742296559859,11.38241743369295,1.451222115814596,35.77005926955967,4.702824791654167,12.74528534352031,17.44811013517447,16.46876840793694,1,1
986,230,0.377793622121308,8.914467819873243,97.16687066865147,18.11665637574158,0.8700587521368871,1000,96.15593384036008,63.03283189684765,93.43171187489675,1,28.69238581527595,28.69238581527595,43.92640381294058,52.39495894488897,0,3.715494465788899,166,3,1.078228501938036,1.144704337674825,35.66437885411188,8.751108967179476,1.018667217298566,35.77609268278362,4.703618027278242,7.94052213309157,12.64414016036981,33.65733306913614,1,1
987,220,0.4214860945131629,11.28868394422531,97.93546686044,17.8103084521871,0.8669228787282017,1000,97.83005927029254,75.94221482278417,95.81032527620617,1,35.93536245209268,35.93536245209268,43.1476441521155,51.59910391840435,0,4.156014132857876,158.8,3,1.077169019399405,1.158146940268863,44.83722433534898,10.46121623358306,1.079098614555531,40.55379544514409,5.331760654291003,9.944991774075143,15.27675242836615,31.41053694851685,1,1
988,200,0.5946190827656537,12.53840118991584,99.33205457770715,14.33138504253514,0.741415632022312,1000,98.73311592969992,94.5804916843602,98.07363260156039,1,36.77342377005009,36.77342377005009,33.55762217500393,41.78755421713669,1,4.20292331627601,145,3,1.087736993309113,1.186325589653258,56.59947589039942,10.87530213720784,1.152924399867293,36.62186767483931,4.81481525988069,13.51300745470107,18.32782271458176,12.73795554596731,1,1
989,190,0.6491891186522319,15.5293515298143,98.27001274692458,20.71154040076583,0.6966846523619257,1000,97.9192825393115,91.66122646583665,96.22529143307847,1,36.73002715172384,36.73002715172384,50.17865039692902,58.77959776006321,0,4.233286025704746,137.8,3,1.067300505210552,1.162403334133174,57.95889302385628,13.15565967344521,1.180431230002127,34.03289754963976,4.474433579272133,10.16491258081573,14.63934616008786,9.334239605054606,1,1
990,190,0.3991367401324212,22.30861356834322,97.22640710890677,14.92627895381115,0.7589859780862229,1000,99.62911324687707,90.92283780347199,96.86580724440248,2,62.70669297115494,62.70669297115494,35.30658220949044,43.57843435686522,1,5.484476293241024,137.8,3,1.084610531622115,1.181228612538145,63.74758363404604,11.42684006426003,1.952299449619352,48.3759898550956,6.360174096914617,23.0426194438004,29.40279354071502,51.56780817409512,1,1
991,140,0.4874191790731623,18.87502070274576,97.25612451530462,19.1125947411526,0.8367735512432177,1000,98.89644421961923,82.84466641303614,96.18284893144165,1,54.26415852434044,54.26415852434044,46.39593354891593,54.91781317098884,0,5.120421721298465,102.4,2,1.071452785653096,1.160072180590894,55.81846669857546,12.2974756103711,1.534869537519349,36.44037571297812,4.790953826180101,15.0174249910828,19.80837881726291,21.97900002822254,1,1
992,130,0.6435625735472887,18.8216662110649,97.9956068384918,14.87031728304177,0.8589923872216372,1000,99.66480695026125,87.33504168523065,97.66713237531987,2,60.89612519479405,60.89612519479405,35.14419507273084,43.41218360015625,1,5.404998585342995,95.2,2,1.084753818642589,1.178313731294881,62.14026693929605,11.14963372992977,1.688097265521875,37.75624979724111,4.963956761946369,22.37729613824699,27.34125290019336,74.92741016328668,1,1
993,250,0.548291181763634,18.07582313570008,98.79123013344042,14.4937734684106,0.7318641997807659,1000,99.88245781815488,96.49926990561806,98.67510876606993,2,50.70768044254692,50.70768044254692,34.04009022889022,42.2816541189174,1,4.934270416175749,179.8,3,1.085746170046901,1.187376491714202,79.22025945513623,11.52686054103834,1.568147985424643,49.75280176561326,6.541188758853893,18.63338230662125,25.17457106547514,52.67705036410057,1,1
994,220,0.4087381734717637,8.689790530875324,99.19915564749002,19.01028041349351,0.8780042010046543,1000,95.9685444039104,67.33687792552003,95.19998573586564,1,28.37297226722177,28.37297226722177,46.14645633718169,54.66301020806736,0,3.701629897074858,158.8,3,1.075456490947255,1.145926036292632,37.26441630831523,8.589350201152961,1.011693588847836,33.29341423953291,4.377210915547209,7.8521254983794,12.22933641392661,37.5570499743047,1,1
995,120,0.5092263576973229,23.58737670238316,99.14240071250731,21.6635084423516,0.694653250861913,1000,97.71670706316876,93.03501397751369,96.87868927963369,1,53.85897523466911,53.85897523466911,52.33485791515767,60.9794619433585,0,5.145474155077026,88,2,1.064352535172905,1.160367659159114,60.14615704195879,13.49899314028607,1.74734340978288,31.16000997992022,4.096724199908321,14.90529186627723,19.00201606618555,5.521785679396644,1,1
996,200,0.3697021255242638,11.04552026763186,98.42320255692474,20.28779852112569,0.6615649533475516,1000,91.77845766370149,81.66498278874681,90.33129728996632,0,25.68365662624099,25.68365662624099,49.19663140530361,57.77735586702948,0,3.534744566252979,145,3,1.076340519869754,1.155059080656432,35.88518744301501,10.50306154808931,1.05164767597132,28.82275027125251,3.789435838443099,7.107866359123441,10.89730219756654,-79.3191242683473,1,1
997,150,0.5670617370978929,14.95867902290449,98.11147323123819,15.83316054904275,0.8764480863037984,1000,99.3314206440282,84.08249203793673,97.45552017537433,1,49.14981068669373,49.14981068669373,37.87978651954404,46.21208176536317,1,4.853411900299138,109.6,2,1.081935078359307,1.172206660439598,56.09715317005681,11.14522453838844,1.342160399853861,35.74616221750427,4.699682955963969,18.06091710033705,22.76060005630102,25.33941548817564,1,1
998,120,0.6402145546899176,11.02086957484111,99.16296913131907,16.63318264103308,0.6871017637799028,1000,94.41407778071304,86.25104864422872,93.62380280530806,1,28.87708261414748,28.87708261414748,40.06439979761888,48.44685887985349,0,3.720931317357172,88,2,1.085380371657656,1.171434923891746,38.83862201974538,10.13705022982389,1.087187034194323,30.25597566785608,3.977867394465472,7.991636356523267,11.96950375098874,11.68516137540887,1,1
999,160,0.4790770621167496,15.22457162345946,99.21742320169187,17.74141879054531,0.8221282076517585,1000,98.61173319749699,90.36502324890924,97.84002065308385,1,45.64517527288923,45.64517527288923,42.97122546588935,51.41879384723359,0,4.683481855877978,116.8,2,1.076421336770757,1.171283112560584,56.11065363687253,11.54612298961665,1.318587342015222,38.47777137409575,5.05881792876118,12.63215010618785,17.69096803494903,24.31749699412475,1,1
1000,200,0.5405861461969093,21.68413585799932,99.36233719494834,17.26651411685906,0.6721193229862489,1000,99.66420097742422,98.0345903158115,99.02867943783923,2,52.74638812526068,52.74638812526068,41.74172984814044,50.16198722878943,0,5.031570340125071,145,3,1.076696171203725,1.179316016139887,80.41362703484003,12.74339585534981,1.701597918179408,51.07167077906051,6.714585449271526,14.59738709237214,21.31197254164367,45.21373636126624,1,1
