N,pos,R,corte,P,lucro,pureza_nom,pureza_pior,Q,cascos,recuperacao,altura,aprox,precisa_refrig
270.000000,0.749909,19.376459,99.576471,20.915152,62.391521,99.747791,99.625142,49.180270,4.000000,99.325330,194.200000,10.645542,0.000000
280.000000,0.650196,19.234488,99.907158,19.418435,62.055291,99.818815,99.717881,50.549283,4.000000,99.726141,201.400000,7.136143,0.000000
210.000000,0.742806,18.023631,99.622567,16.518414,58.424318,99.830762,99.721581,50.227574,3.000000,99.453968,151.600000,10.000000,1.000000
290.000000,0.659587,20.453792,99.905895,20.697159,61.489916,99.818344,99.725154,52.191041,4.000000,99.724410,208.000000,10.145552,0.000000
310.000000,0.579598,20.284618,99.808838,19.233460,60.406374,99.877763,99.808058,53.321853,4.000000,99.686834,222.400000,6.689442,0.000000
240.000000,0.748450,18.687118,99.597688,18.618645,62.518739,99.820982,99.718698,49.834463,3.000000,99.419390,173.200000,5.182724,0.000000
310.000000,0.631606,20.889712,99.601615,19.816497,59.919926,99.904268,99.851879,54.072399,4.000000,99.506265,222.400000,8.087429,0.000000
300.000000,0.692020,19.893399,99.771965,20.924728,61.748111,99.813719,99.721906,50.516728,4.000000,99.586109,215.200000,10.667422,0.000000
280.000000,0.658845,21.658640,99.860507,19.476787,59.866202,99.917098,99.870309,56.511132,4.000000,99.777721,201.400000,7.276440,0.000000
240.000000,0.614065,21.694760,99.709054,18.771211,60.112712,99.855444,99.768652,57.334588,3.000000,99.564919,173.200000,5.559832,0.000000
230.000000,0.700005,20.277774,99.684513,20.097313,62.237777,99.734617,99.593290,52.299505,3.000000,99.419967,166.000000,8.750517,0.000000
290.000000,0.679426,21.469539,99.900486,19.804418,60.120803,99.921662,99.878900,55.685137,4.000000,99.822226,208.000000,8.058761,0.000000
310.000000,0.621179,19.993375,99.632746,16.526057,54.306189,99.972801,99.955043,55.425548,4.000000,99.605648,222.400000,10.000000,1.000000
270.000000,0.651765,18.632012,99.624244,18.567735,61.878304,99.825676,99.723178,49.759418,4.000000,99.450575,194.200000,5.056404,0.000000
250.000000,0.707928,17.613085,99.744949,18.879830,63.698107,99.711222,99.544570,46.936254,3.000000,99.456908,179.800000,5.827006,0.000000
270.000000,0.749778,20.406039,99.692395,19.674591,61.026849,99.898988,99.845310,53.080939,4.000000,99.591694,194.200000,7.749848,0.000000
310.000000,0.576559,20.082481,99.852614,19.031817,60.526642,99.878162,99.807936,53.056410,4.000000,99.730955,222.400000,6.199048,0.000000
220.000000,0.551484,18.733268,99.572828,16.564762,57.414874,99.726997,99.543656,52.027634,3.000000,99.300992,158.800000,10.000000,1.000000
310.000000,0.717067,20.580503,99.642968,20.172654,60.437909,99.920142,99.878691,52.938540,4.000000,99.563395,222.400000,8.927315,0.000000
310.000000,0.653950,20.045977,99.503897,20.199405,60.743485,99.865021,99.794156,51.526573,4.000000,99.369588,222.400000,8.989980,0.000000
310.000000,0.719915,15.572040,99.548550,16.581591,59.540835,99.862558,99.771198,43.667770,4.000000,99.411728,222.400000,10.000000,1.000000
190.000000,0.739803,21.637111,99.590589,19.234651,61.135882,99.737072,99.599067,56.584710,3.000000,99.328737,137.800000,6.692327,0.000000
240.000000,0.654832,21.816233,99.832486,20.498149,61.177877,99.780880,99.663546,55.696763,3.000000,99.613733,173.200000,9.685887,0.000000
300.000000,0.635341,18.982389,99.660303,19.369321,61.624410,99.834742,99.742905,49.846295,4.000000,99.495606,215.200000,7.017828,0.000000
290.000000,0.738653,19.758441,99.813692,19.396451,61.297507,99.913135,99.866237,51.833045,4.000000,99.726989,208.000000,7.083210,0.000000
300.000000,0.711603,21.116027,99.793414,20.368225,60.429854,99.913706,99.869113,54.113155,4.000000,99.707298,215.200000,9.384112,0.000000
280.000000,0.699175,17.021245,99.688796,18.752037,63.401226,99.742272,99.592645,45.536165,4.000000,99.431870,201.400000,5.512557,0.000000
270.000000,0.678066,21.844291,99.826606,19.679974,59.946982,99.910829,99.861332,56.717371,4.000000,99.737589,194.200000,7.762686,0.000000
220.000000,0.595144,20.328529,99.600738,16.562610,55.611723,99.859975,99.766999,56.251759,3.000000,99.461271,158.800000,10.000000,1.000000
260.000000,0.627783,17.816289,99.564113,16.511715,57.587292,99.867467,99.780243,49.657541,4.000000,99.432158,187.000000,10.000000,1.000000
260.000000,0.692632,20.675101,99.614739,20.775476,61.427462,99.785156,99.675193,52.489176,4.000000,99.400722,187.000000,10.325602,0.000000
290.000000,0.716750,18.394292,99.557430,18.708302,61.791434,99.883454,99.817320,48.984402,4.000000,99.441400,208.000000,5.404598,0.000000
210.000000,0.728075,21.568236,99.648398,18.964053,60.770983,99.836616,99.746666,56.757543,3.000000,99.485589,151.600000,6.033430,0.000000
310.000000,0.591395,21.316133,99.783822,18.602945,59.023111,99.938192,99.901355,56.612895,4.000000,99.722148,222.400000,5.143797,0.000000
310.000000,0.601501,21.529035,99.628351,18.753806,58.729824,99.942143,99.907913,56.889915,4.000000,99.570709,222.400000,5.516921,0.000000
250.000000,0.697480,19.931735,99.940141,18.966397,61.943767,99.854782,99.773243,52.793462,3.000000,99.795010,179.800000,6.039165,0.000000
320.000000,0.640900,20.014147,99.509780,20.669062,60.857203,99.835399,99.751875,50.948898,4.000000,99.345986,229.600000,10.080843,0.000000
190.000000,0.653258,21.981446,99.780569,18.547596,60.644143,99.755648,99.612942,58.364064,3.000000,99.536753,137.800000,5.006369,0.000000
300.000000,0.702380,17.456525,99.902010,19.129589,63.209331,99.795891,99.682739,46.378372,4.000000,99.698101,215.200000,6.437281,0.000000
270.000000,0.663626,21.580052,99.629392,19.872054,60.027961,99.886839,99.824350,55.729234,4.000000,99.516650,194.200000,8.219133,0.000000
270.000000,0.748635,20.162625,99.724874,16.608291,54.908497,99.977626,99.963274,55.833443,4.000000,99.702562,194.200000,10.000000,1.000000
230.000000,0.734910,20.932987,99.609365,20.127037,61.594925,99.795251,99.689188,53.836091,3.000000,99.405416,166.000000,8.820323,0.000000
290.000000,0.636852,21.031547,99.830993,20.715016,60.898498,99.830065,99.741690,53.536265,4.000000,99.661345,208.000000,10.186647,0.000000
310.000000,0.556129,19.391255,99.938011,18.869852,61.175873,99.836386,99.741061,51.530198,4.000000,99.774498,222.400000,5.802508,0.000000
280.000000,0.697338,19.696428,99.603322,19.282925,61.157796,99.884316,99.820049,51.689273,4.000000,99.488097,201.400000,6.809191,0.000000
290.000000,0.710350,20.072702,99.531315,19.995800,60.967933,99.883307,99.821778,51.824869,4.000000,99.415168,208.000000,8.511567,0.000000
230.000000,0.584106,17.618215,99.585386,16.554493,58.557631,99.726244,99.542507,49.103880,3.000000,99.312765,166.000000,10.000000,1.000000
300.000000,0.602104,21.997284,99.789822,18.859780,58.756268,99.940414,99.905128,58.041522,4.000000,99.730361,215.200000,5.777768,0.000000
310.000000,0.696689,17.433410,99.811201,18.948673,62.858905,99.823934,99.725528,46.449010,4.000000,99.635467,222.400000,5.995783,0.000000
300.000000,0.561338,19.765836,99.875666,19.970630,61.534324,99.756915,99.622988,51.273603,4.000000,99.632884,215.200000,8.452189,0.000000
310.000000,0.611883,20.669973,99.590838,19.592837,59.977655,99.895918,99.838039,53.771079,4.000000,99.487182,222.400000,7.554590,0.000000
250.000000,0.652837,20.335662,99.642872,20.210391,61.886517,99.748841,99.612590,52.296803,3.000000,99.392610,179.800000,9.015699,0.000000
260.000000,0.551853,21.273304,99.651101,20.248732,60.705443,99.707003,99.542483,54.556042,4.000000,99.359126,187.000000,9.105376,0.000000
310.000000,0.732599,16.856223,99.514547,19.030061,63.040147,99.789874,99.672945,44.786634,4.000000,99.305441,222.400000,6.194760,0.000000
310.000000,0.709602,17.513771,99.909437,18.803387,62.831613,99.849923,99.765810,46.835426,4.000000,99.759497,222.400000,5.639091,0.000000
270.000000,0.742412,20.612776,99.578678,18.807527,60.176971,99.937939,99.902714,54.489586,4.000000,99.516878,194.200000,5.649279,0.000000
290.000000,0.717166,19.656282,99.691634,18.681373,60.797037,99.931626,99.892549,52.270652,4.000000,99.623471,208.000000,5.338036,0.000000
270.000000,0.730629,18.449099,99.744869,19.577146,62.780600,99.791620,99.679491,48.350521,4.000000,99.537020,194.200000,7.517050,0.000000
260.000000,0.634750,20.968476,99.920891,18.913551,60.550898,99.879060,99.808360,55.457187,4.000000,99.800047,187.000000,5.909730,0.000000
230.000000,0.686214,19.614786,99.884059,19.425463,62.718823,99.738478,99.593691,51.480010,3.000000,99.622840,166.000000,7.153057,0.000000
290.000000,0.691815,21.898977,99.879536,20.250372,59.962796,99.920778,99.878814,56.215212,4.000000,99.800410,208.000000,9.109210,0.000000
270.000000,0.614318,21.537189,99.827340,20.553621,60.695604,99.803439,99.697756,54.948861,4.000000,99.631119,194.200000,9.814326,0.000000
210.000000,0.571593,21.931122,99.610258,18.562479,60.144674,99.745536,99.587986,58.119379,3.000000,99.356785,151.600000,5.043351,0.000000
280.000000,0.584321,21.342610,99.552413,20.593948,60.354906,99.782726,99.665750,54.278505,4.000000,99.336111,201.400000,9.907547,0.000000
310.000000,0.655962,20.486278,99.946635,20.594598,61.142003,99.859763,99.787939,52.404145,4.000000,99.806473,222.400000,9.909048,0.000000
210.000000,0.607813,20.831948,99.598792,18.570110,61.088605,99.737016,99.576877,55.318598,3.000000,99.336864,151.600000,5.062305,0.000000
280.000000,0.600798,21.343351,99.786370,18.554958,59.456074,99.913727,99.861865,56.738404,4.000000,99.700281,201.400000,5.024665,0.000000
250.000000,0.715351,19.683472,99.581676,16.507540,55.823651,99.953873,99.924039,54.599292,3.000000,99.535741,179.800000,10.000000,1.000000
230.000000,0.690290,21.355343,99.580085,18.986861,60.543132,99.866076,99.789157,56.157527,3.000000,99.446724,166.000000,6.089220,0.000000
310.000000,0.714084,18.880822,99.644068,19.529717,61.622959,99.885561,99.824434,49.421988,4.000000,99.530036,222.400000,7.403448,0.000000
280.000000,0.736540,21.309054,99.859778,19.688814,60.295105,99.931605,99.895026,55.396810,4.000000,99.791479,201.400000,7.783760,0.000000
240.000000,0.736145,20.143267,99.797199,20.103416,62.343963,99.780963,99.668478,52.021050,3.000000,99.578606,173.200000,8.764854,0.000000
280.000000,0.591675,18.870681,99.547469,18.992574,61.665504,99.772276,99.639853,49.893804,4.000000,99.320775,201.400000,6.103187,0.000000
250.000000,0.641523,21.699894,99.748989,19.301075,60.346080,99.869286,99.793798,56.754763,3.000000,99.618603,179.800000,6.853075,0.000000
270.000000,0.716443,18.742695,99.831535,18.707563,62.139845,99.865806,99.789373,50.002405,4.000000,99.697567,194.200000,5.402772,0.000000
270.000000,0.580664,19.258356,99.569537,19.469457,61.777105,99.715766,99.553057,50.385132,4.000000,99.286527,194.200000,7.258832,0.000000
250.000000,0.648814,18.434530,99.818267,18.665808,62.934741,99.748597,99.600016,49.257003,3.000000,99.567321,179.800000,5.299531,0.000000
240.000000,0.740918,20.515986,99.608563,16.558476,55.067499,99.961605,99.937046,56.755243,3.000000,99.570319,173.200000,10.000000,1.000000
230.000000,0.600448,20.725530,99.674879,18.920188,61.180633,99.762889,99.621186,54.701483,3.000000,99.438539,166.000000,5.926000,0.000000
260.000000,0.565680,21.224105,99.676800,18.720588,59.877306,99.842103,99.746801,56.185012,4.000000,99.519414,187.000000,5.434945,0.000000
310.000000,0.745794,21.491457,99.810185,19.043139,59.191392,99.974855,99.960687,56.565161,4.000000,99.785088,222.400000,6.226680,0.000000
270.000000,0.552889,18.939683,99.877604,18.855069,62.124565,99.709419,99.536282,50.373706,4.000000,99.587379,194.200000,5.766195,0.000000
210.000000,0.728180,20.423965,99.613547,16.573565,55.686796,99.914982,99.861222,56.498523,3.000000,99.528858,151.600000,10.000000,1.000000
280.000000,0.572942,20.594135,99.830041,19.409118,60.736159,99.819461,99.715707,53.914575,4.000000,99.649809,201.400000,7.113714,0.000000
320.000000,0.573414,19.163990,99.761489,19.793612,61.515751,99.787899,99.671894,49.913016,4.000000,99.549893,229.600000,8.033102,0.000000
260.000000,0.631731,20.184394,99.683262,18.744670,60.829313,99.855954,99.770975,53.533848,4.000000,99.539673,187.000000,5.494383,0.000000
220.000000,0.730579,20.887539,99.817127,18.713088,61.251860,99.852233,99.770368,55.420455,3.000000,99.669630,158.800000,5.416421,0.000000
310.000000,0.739221,20.761193,99.750574,19.112508,59.818627,99.963711,99.943492,54.618618,4.000000,99.714375,222.400000,6.395723,0.000000
280.000000,0.715518,21.831284,99.755423,20.476293,60.132855,99.906413,99.857962,55.715967,4.000000,99.662065,201.400000,9.635216,0.000000
240.000000,0.586320,21.822389,99.751726,20.333554,60.984647,99.719766,99.563003,55.858553,3.000000,99.472188,173.200000,9.303356,0.000000
280.000000,0.608545,18.331842,99.616148,19.317177,62.427654,99.713244,99.549606,48.253617,4.000000,99.330493,201.400000,6.891984,0.000000
260.000000,0.739472,20.642915,99.667621,19.530913,60.871834,99.894659,99.837757,53.813792,4.000000,99.562630,187.000000,7.406314,0.000000
260.000000,0.702707,21.811922,99.803258,20.500875,60.565677,99.865940,99.796463,55.666761,4.000000,99.669463,187.000000,9.692204,0.000000
320.000000,0.740158,19.611957,99.748617,19.639170,61.002136,99.931305,99.895118,51.177975,4.000000,99.680094,229.600000,7.665320,0.000000
280.000000,0.607696,19.242643,99.895663,19.407394,62.029545,99.778685,99.653465,50.575285,4.000000,99.674578,201.400000,7.109562,0.000000
300.000000,0.621599,18.447501,99.710709,20.147072,62.577046,99.701415,99.541835,47.763962,4.000000,99.412988,215.200000,8.867335,0.000000
310.000000,0.608883,19.542348,99.807440,20.424933,61.710730,99.778438,99.662554,50.210246,4.000000,99.586304,222.400000,9.515993,0.000000
320.000000,0.748589,21.133645,99.816246,19.037066,59.355863,99.976349,99.963086,55.675541,4.000000,99.792639,229.600000,6.211860,0.000000
290.000000,0.745049,18.818485,99.707383,18.705294,61.599421,99.913824,99.865286,50.134239,4.000000,99.621459,208.000000,5.397165,0.000000
290.000000,0.631025,21.285508,99.503646,20.591933,60.183110,99.844977,99.763183,54.115551,4.000000,99.349392,208.000000,9.902891,0.000000
290.000000,0.706979,20.265505,99.744692,20.337056,61.257553,99.868771,99.801165,52.040554,4.000000,99.613798,208.000000,9.311515,0.000000
270.000000,0.711857,18.534217,99.656303,19.135195,62.347621,99.822966,99.724173,48.960115,4.000000,99.479878,194.200000,6.450915,0.000000
240.000000,0.637175,21.971386,99.761633,18.623853,59.835335,99.889269,99.822777,58.237589,3.000000,99.651166,173.200000,5.195633,0.000000
310.000000,0.643364,20.596629,99.837166,19.790466,60.477986,99.901514,99.847878,53.503333,4.000000,99.738840,222.400000,8.025631,0.000000
300.000000,0.674760,20.732199,99.754184,19.879758,60.457389,99.906821,99.856529,53.695298,4.000000,99.661234,215.200000,8.237378,0.000000
320.000000,0.698014,17.838097,99.560760,18.815611,61.919100,99.877233,99.808601,47.477801,4.000000,99.438531,229.600000,5.669175,0.000000
240.000000,0.686048,19.437465,99.656398,18.698306,61.982429,99.821556,99.717735,51.680934,3.000000,99.478568,173.200000,5.379897,0.000000
310.000000,0.639309,20.404468,99.801717,19.602952,60.499352,99.902103,99.848203,53.213654,4.000000,99.704015,222.400000,7.578781,0.000000
240.000000,0.638724,19.995200,99.586352,18.910955,61.532446,99.794167,99.673197,52.825588,3.000000,99.381371,173.200000,5.903365,0.000000
270.000000,0.663390,21.966242,99.866959,19.148387,59.570874,99.926647,99.884360,57.668218,4.000000,99.793703,194.200000,6.482986,0.000000
250.000000,0.666482,21.792345,99.571284,19.885608,60.370324,99.860256,99.782816,56.204625,3.000000,99.432139,179.800000,8.251227,0.000000
250.000000,0.744160,19.899946,99.805485,18.996720,61.809398,99.875808,99.807253,52.609790,3.000000,99.681534,179.800000,6.113322,0.000000
290.000000,0.725497,19.512915,99.582089,19.853062,61.456158,99.874046,99.807687,50.623218,4.000000,99.456661,208.000000,8.174139,0.000000
310.000000,0.650253,20.926863,99.558834,16.536650,53.107700,99.985266,99.975602,57.835066,4.000000,99.544164,222.400000,10.000000,1.000000
250.000000,0.569600,20.726978,99.940287,18.600257,61.008347,99.807491,99.690684,55.207720,3.000000,99.747892,179.800000,5.137128,0.000000
310.000000,0.718166,16.337839,99.653047,16.522532,58.722784,99.916152,99.861698,45.786911,4.000000,99.569490,222.400000,10.000000,1.000000
240.000000,0.671130,18.250026,99.506138,18.564630,62.757052,99.736491,99.579861,48.736452,3.000000,99.243931,173.200000,5.048693,0.000000
280.000000,0.646195,15.327658,99.526020,16.512997,60.207139,99.718329,99.522375,43.072289,4.000000,99.245684,201.400000,10.000000,1.000000
250.000000,0.714260,21.421334,99.790236,19.353659,60.671228,99.900103,99.844984,56.021156,3.000000,99.690549,179.800000,6.980053,0.000000
300.000000,0.614672,20.707234,99.678982,19.478452,60.157828,99.889910,99.828006,54.038046,4.000000,99.569246,215.200000,7.280439,0.000000
280.000000,0.736662,21.005328,99.541072,20.621846,60.636609,99.882200,99.822869,53.421747,4.000000,99.423812,201.400000,9.971962,0.000000
280.000000,0.680636,21.192181,99.797878,20.098229,60.543823,99.888901,99.829406,54.608059,4.000000,99.687004,201.400000,8.752669,0.000000
290.000000,0.715220,19.133751,99.545305,19.224011,61.406078,99.887749,99.825920,50.315258,4.000000,99.433565,208.000000,6.666542,0.000000
270.000000,0.565902,21.599705,99.555182,19.895742,59.932140,99.805058,99.694460,55.708899,4.000000,99.361107,194.200000,8.275210,0.000000
230.000000,0.684500,20.298125,99.857653,19.649065,62.215162,99.760564,99.629282,52.928703,3.000000,99.618558,166.000000,7.688946,0.000000
270.000000,0.618963,19.200866,99.824802,18.957444,61.873366,99.801094,99.685558,50.900552,4.000000,99.626245,194.200000,6.017255,0.000000
300.000000,0.676879,19.997538,99.716011,20.778452,61.513462,99.819610,99.728958,50.896871,4.000000,99.536133,215.200000,10.332435,0.000000
260.000000,0.685984,20.921089,99.920203,19.741445,61.082698,99.864707,99.791163,54.407316,4.000000,99.785018,187.000000,7.909099,0.000000
300.000000,0.568098,19.370781,99.897202,18.943927,61.343833,99.823532,99.720974,51.380040,4.000000,99.720916,215.200000,5.984160,0.000000
310.000000,0.627290,21.940236,99.649298,19.618332,58.933519,99.935250,99.898816,56.926614,4.000000,99.584775,222.400000,7.615544,0.000000
310.000000,0.702364,21.002949,99.540709,20.627823,60.165701,99.906960,99.859740,53.409077,4.000000,99.448096,222.400000,9.985754,0.000000
290.000000,0.561922,21.952059,99.698124,19.249294,59.102243,99.889500,99.824847,57.416734,4.000000,99.587958,208.000000,6.727796,0.000000
260.000000,0.731984,20.672478,99.764805,16.517450,54.487596,99.975658,99.959932,57.304039,4.000000,99.740521,187.000000,10.000000,1.000000
270.000000,0.552114,19.231933,99.577756,16.500238,55.770748,99.886777,99.811867,53.412922,4.000000,99.465011,194.200000,10.000000,1.000000
230.000000,0.710616,21.715458,99.835838,19.449935,60.852791,99.858358,99.781398,56.670054,3.000000,99.694428,166.000000,7.211916,0.000000
290.000000,0.668584,18.865504,99.670937,16.571889,56.041154,99.956672,99.928660,52.420521,4.000000,99.627751,208.000000,10.000000,1.000000
310.000000,0.694157,21.127868,99.566738,19.399474,59.420207,99.951400,99.924339,55.112338,4.000000,99.518349,222.400000,7.090491,0.000000
270.000000,0.725995,17.693998,99.792854,18.954357,63.190099,99.783264,99.661068,47.091545,4.000000,99.576567,194.200000,6.009697,0.000000
320.000000,0.683409,21.464914,99.794110,18.990573,58.995873,99.968845,99.950950,56.549791,4.000000,99.763020,229.600000,6.098294,0.000000
300.000000,0.590065,21.462425,99.819722,20.514958,60.243807,99.840652,99.755415,54.806776,4.000000,99.660661,215.200000,9.724832,0.000000
280.000000,0.700536,17.566148,99.812171,18.786836,63.084458,99.791735,99.672473,46.937958,4.000000,99.604297,201.400000,5.598333,0.000000
300.000000,0.720120,17.525910,99.769023,19.890212,63.354449,99.737923,99.600029,45.770205,4.000000,99.507551,215.200000,8.262123,0.000000
280.000000,0.641429,20.530968,99.828829,20.456674,61.350604,99.807395,99.705669,52.603012,4.000000,99.636554,201.400000,9.589697,0.000000
290.000000,0.724717,17.994968,99.929309,19.467362,63.083378,99.805372,99.700858,47.415664,4.000000,99.734819,208.000000,7.253799,0.000000
280.000000,0.563882,21.428271,99.686159,19.761970,60.010488,99.826413,99.727760,55.512229,4.000000,99.513117,201.400000,7.957915,0.000000
300.000000,0.616134,20.170960,99.554094,18.723449,60.014519,99.908984,99.855785,53.453557,4.000000,99.463483,215.200000,5.442009,0.000000
190.000000,0.745821,21.338424,99.664666,18.664576,61.123433,99.765811,99.639681,56.531236,3.000000,99.431262,137.800000,5.296483,0.000000
270.000000,0.740649,19.030172,99.848868,20.572553,62.897572,99.746361,99.620402,48.827546,4.000000,99.595612,194.200000,9.858104,0.000000
270.000000,0.742167,20.576222,99.812592,20.133819,61.283522,99.876219,99.812617,53.060962,4.000000,99.689043,194.200000,8.836240,0.000000
290.000000,0.695704,17.374536,99.922708,18.908287,63.340999,99.782378,99.658995,46.390455,4.000000,99.705255,208.000000,5.896824,0.000000
290.000000,0.601059,21.209173,99.927383,18.812646,59.786551,99.912930,99.861537,56.183449,4.000000,99.840376,208.000000,5.661878,0.000000
290.000000,0.608200,17.859547,99.515137,18.748264,62.258097,99.753418,99.608820,47.575014,4.000000,99.269750,208.000000,5.503250,0.000000
280.000000,0.553219,20.050052,99.617530,19.379895,60.924863,99.770988,99.638832,52.475687,4.000000,99.389394,201.400000,7.043319,0.000000
280.000000,0.745166,19.448772,99.929071,20.963353,62.664862,99.768411,99.658367,49.479131,4.000000,99.697646,201.400000,10.755605,0.000000
310.000000,0.672701,21.554659,99.779928,18.761445,58.908376,99.966562,99.946999,57.032440,4.000000,99.746563,222.400000,5.535757,0.000000
250.000000,0.670064,19.298046,99.727960,19.672830,62.617718,99.746153,99.605742,50.353211,3.000000,99.474804,179.800000,7.745650,0.000000
300.000000,0.657626,20.677204,99.651021,19.770650,60.310658,99.901224,99.847279,53.624745,4.000000,99.552590,215.200000,7.978551,0.000000
300.000000,0.556335,21.533908,99.763635,20.432622,60.066453,99.816857,99.717351,55.045056,4.000000,99.580925,215.200000,9.533853,0.000000
310.000000,0.728002,19.573259,99.806832,19.797232,61.356216,99.908284,99.860290,50.945441,4.000000,99.715293,222.400000,8.041700,0.000000
200.000000,0.616608,21.394425,99.858008,18.705823,61.191992,99.719315,99.551259,56.735492,3.000000,99.577721,145.000000,5.398473,0.000000
290.000000,0.559772,19.445061,99.548841,19.554742,61.324159,99.746207,99.602295,50.749965,4.000000,99.296193,208.000000,7.463411,0.000000
290.000000,0.636645,19.338663,99.631187,18.862571,61.124384,99.870432,99.795803,51.247075,4.000000,99.502097,208.000000,5.784626,0.000000
260.000000,0.610693,21.984691,99.921167,19.239921,59.858430,99.879274,99.808863,57.638040,4.000000,99.800537,187.000000,6.705095,0.000000
240.000000,0.622702,20.557926,99.797232,19.048249,61.403965,99.797132,99.678134,54.204687,3.000000,99.594776,173.200000,6.239146,0.000000
290.000000,0.583801,21.577490,99.866521,19.615932,59.876617,99.875786,99.805155,56.151357,4.000000,99.742473,208.000000,7.609808,0.000000
310.000000,0.557114,21.364657,99.565965,20.088170,59.604543,99.852289,99.770930,54.916052,4.000000,99.418895,222.400000,8.729029,0.000000
210.000000,0.685013,21.889406,99.655838,16.515003,54.044171,99.932210,99.888460,60.458521,3.000000,99.588281,151.600000,10.000000,1.000000
290.000000,0.705461,19.477341,99.781202,19.840759,61.747522,99.862647,99.789896,50.649346,4.000000,99.644150,208.000000,8.144977,0.000000
310.000000,0.669699,17.536129,99.742346,18.676373,62.512600,99.834423,99.739685,46.934224,4.000000,99.577196,222.400000,5.325669,0.000000
250.000000,0.656700,20.344699,99.604393,16.529664,55.097695,99.945759,99.910201,56.333052,3.000000,99.550366,179.800000,10.000000,1.000000
320.000000,0.688294,20.505689,99.514465,18.662789,59.289696,99.963304,99.942058,54.343803,4.000000,99.477947,229.600000,5.292062,0.000000
260.000000,0.709068,17.464827,99.858349,18.652097,63.467066,99.749880,99.604461,46.831069,4.000000,99.608583,187.000000,5.265596,0.000000
310.000000,0.688935,20.998418,99.640762,20.472840,60.223191,99.907964,99.860525,53.625664,4.000000,99.549057,222.400000,9.627205,0.000000
300.000000,0.682797,16.462854,99.714080,16.596211,58.830055,99.889547,99.817613,46.078313,4.000000,99.603943,215.200000,10.000000,1.000000
300.000000,0.590076,19.548092,99.727156,19.199872,61.106902,99.837881,99.745499,51.469896,4.000000,99.565479,215.200000,6.608006,0.000000
300.000000,0.732983,18.470522,99.635854,20.472246,62.603019,99.779630,99.669845,47.461651,4.000000,99.416286,215.200000,9.625829,0.000000
210.000000,0.631658,20.189279,99.508044,18.620919,61.561589,99.723045,99.556280,53.586177,3.000000,99.232452,151.600000,5.188362,0.000000
280.000000,0.679787,19.118817,99.508619,19.726827,61.790232,99.811809,99.709687,49.743453,4.000000,99.321353,201.400000,7.874310,0.000000
270.000000,0.729177,18.431204,99.655616,18.984538,62.353023,99.839327,99.749434,48.851304,4.000000,99.495496,194.200000,6.083538,0.000000
310.000000,0.583150,21.439823,99.698559,19.162287,59.171130,99.918992,99.872098,56.235416,4.000000,99.617796,222.400000,6.516762,0.000000
230.000000,0.734723,21.028283,99.767634,20.131521,61.727168,99.795532,99.690894,54.150867,3.000000,99.563641,166.000000,8.830848,0.000000
230.000000,0.696478,19.166624,99.913470,19.160668,63.000796,99.736934,99.590106,50.649268,3.000000,99.650631,166.000000,6.512828,0.000000
310.000000,0.705558,20.210261,99.608936,19.211890,60.191949,99.942324,99.910316,53.052526,4.000000,99.551485,222.400000,6.637156,0.000000
290.000000,0.622432,21.232523,99.843254,19.434218,60.043820,99.902133,99.846626,55.487239,4.000000,99.745541,208.000000,7.174120,0.000000
250.000000,0.646832,20.627576,99.885433,20.813161,62.262021,99.702795,99.547342,52.474729,3.000000,99.588569,179.800000,10.412069,0.000000
230.000000,0.708608,20.588211,99.914400,20.124673,62.294051,99.752812,99.625072,53.154697,3.000000,99.667424,166.000000,8.814774,0.000000
200.000000,0.666296,21.610478,99.763001,19.310865,61.262114,99.732739,99.582438,56.527821,3.000000,99.496374,145.000000,6.876733,0.000000
250.000000,0.702514,17.653905,99.551385,18.916556,63.421437,99.709308,99.541253,46.912884,3.000000,99.261997,179.800000,5.917098,0.000000
280.000000,0.573169,19.983674,99.576255,19.096897,60.762264,99.810166,99.699565,52.591814,4.000000,99.387225,201.400000,6.357718,0.000000
280.000000,0.727556,20.254800,99.924423,20.931688,61.946609,99.816764,99.728177,51.461492,4.000000,99.741325,201.400000,10.683321,0.000000
260.000000,0.697869,21.495515,99.759783,16.533346,53.528928,99.976869,99.961760,59.458598,4.000000,99.736708,187.000000,10.000000,1.000000
270.000000,0.564931,21.114686,99.532325,19.987184,60.374927,99.773338,99.645805,54.397724,4.000000,99.306723,194.200000,8.491245,0.000000
300.000000,0.726146,20.709019,99.749915,20.186104,60.634223,99.916560,99.873375,53.296045,4.000000,99.666683,215.200000,8.958830,0.000000
270.000000,0.664336,18.022768,99.784568,19.133869,62.984407,99.740569,99.592718,47.740890,4.000000,99.525696,194.200000,6.447689,0.000000
280.000000,0.715133,16.715847,99.701417,18.724675,63.684740,99.722754,99.560854,44.794985,4.000000,99.424999,201.400000,5.445034,0.000000
310.000000,0.703634,19.627900,99.505380,20.446494,61.237262,99.859725,99.788865,50.244107,4.000000,99.365798,222.400000,9.566068,0.000000
210.000000,0.730508,21.820236,99.684727,19.993381,61.210761,99.771842,99.654437,56.211966,3.000000,99.457289,151.600000,8.505862,0.000000
230.000000,0.552800,21.680027,99.672251,19.319182,60.599886,99.717924,99.549383,56.640479,3.000000,99.391099,166.000000,6.896827,0.000000
290.000000,0.721773,19.622161,99.653823,19.607406,61.324017,99.891127,99.832691,51.188097,4.000000,99.545327,208.000000,7.589429,0.000000
280.000000,0.721638,18.695179,99.947655,19.580426,62.677272,99.824151,99.730525,49.058513,4.000000,99.771898,201.400000,7.524899,0.000000
270.000000,0.737980,21.546537,99.653575,18.770545,59.414937,99.954806,99.928901,56.929201,4.000000,99.608537,194.200000,5.558192,0.000000
270.000000,0.696280,17.904270,99.565104,19.098412,62.774902,99.766000,99.633682,47.373392,4.000000,99.332122,194.200000,6.361408,0.000000
300.000000,0.562759,18.317433,99.524031,19.025421,61.861258,99.737828,99.585669,48.460807,4.000000,99.263107,215.200000,6.183434,0.000000
260.000000,0.642413,20.374815,99.818683,19.729634,61.422374,99.809140,99.702939,53.010493,4.000000,99.628168,187.000000,7.880992,0.000000
280.000000,0.699089,18.494088,99.632905,20.247568,62.769426,99.730341,99.589816,47.741092,4.000000,99.364236,201.400000,9.102657,0.000000
300.000000,0.738188,17.836839,99.591498,20.314445,63.034695,99.737190,99.604146,46.048084,4.000000,99.329761,215.200000,9.258803,0.000000
250.000000,0.730213,19.772472,99.662669,20.368740,62.469494,99.763794,99.642914,50.758632,3.000000,99.427261,179.800000,9.385310,0.000000
310.000000,0.594401,18.849113,99.544515,19.200540,61.344067,99.818556,99.715994,49.627325,4.000000,99.363898,222.400000,6.609626,0.000000
290.000000,0.648319,19.016529,99.592002,18.973869,61.432451,99.855370,99.772924,50.301644,4.000000,99.447963,208.000000,6.057447,0.000000
230.000000,0.674197,21.920059,99.735762,18.916357,60.213111,99.876656,99.805037,57.748868,3.000000,99.612744,166.000000,5.916610,0.000000
270.000000,0.626104,17.959307,99.616311,18.863997,62.665735,99.720725,99.557025,47.763012,4.000000,99.338108,194.200000,5.788128,0.000000
250.000000,0.681679,21.346920,99.781519,19.939038,61.058779,99.847169,99.763975,55.161572,3.000000,99.629021,179.800000,8.377585,0.000000
270.000000,0.696756,21.517641,99.803914,18.639801,59.548851,99.946091,99.914528,57.093012,4.000000,99.750111,194.200000,5.235147,0.000000
210.000000,0.740570,20.503264,99.733013,19.584197,62.163622,99.736527,99.598942,53.443080,3.000000,99.470244,151.600000,7.533922,0.000000
230.000000,0.560198,21.880482,99.540165,18.722459,59.866976,99.786905,99.656245,57.762924,3.000000,99.328050,166.000000,5.439564,0.000000
240.000000,0.673678,19.323742,99.812433,18.922440,62.431015,99.786710,99.663877,51.240274,3.000000,99.599543,173.200000,5.931519,0.000000
230.000000,0.693574,19.416040,99.845438,19.676974,62.974501,99.706285,99.546264,50.701250,3.000000,99.552177,166.000000,7.755533,0.000000
320.000000,0.723608,18.786108,99.557562,16.549148,55.504650,99.982222,99.970826,52.175013,4.000000,99.539863,229.600000,10.000000,1.000000
290.000000,0.657718,18.761087,99.691439,20.038175,62.368967,99.761037,99.633717,48.634607,4.000000,99.453213,208.000000,8.611414,0.000000
310.000000,0.617154,21.676149,99.502727,18.918627,58.542474,99.946811,99.915652,56.998192,4.000000,99.449802,222.400000,5.922173,0.000000
240.000000,0.736316,18.485307,99.665462,19.646916,63.367617,99.701004,99.539468,48.332548,3.000000,99.367466,173.200000,7.683816,0.000000
260.000000,0.574102,20.804132,99.746072,18.899352,60.461462,99.821105,99.714528,54.961871,4.000000,99.567631,187.000000,5.874908,0.000000
250.000000,0.554064,20.142187,99.577957,18.886284,61.236277,99.737890,99.580540,53.217605,3.000000,99.316953,179.800000,5.842847,0.000000
250.000000,0.566511,20.280668,99.853059,19.228309,61.685905,99.733167,99.576148,53.341192,3.000000,99.586618,179.800000,6.676958,0.000000
270.000000,0.724160,18.224750,99.739288,19.765400,63.069697,99.751613,99.618980,47.605184,4.000000,99.491548,194.200000,7.966070,0.000000
240.000000,0.703319,21.071355,99.732664,20.323391,61.581508,99.798073,99.692502,54.021502,3.000000,99.531278,173.200000,9.279664,0.000000
220.000000,0.718533,20.197103,99.799467,18.621962,61.773126,99.824425,99.725121,53.761822,3.000000,99.624243,158.800000,5.190947,0.000000
260.000000,0.705491,20.273177,99.713629,19.297543,61.126104,99.877070,99.808635,53.172642,4.000000,99.591052,187.000000,6.844537,0.000000
300.000000,0.636402,21.486323,99.734865,16.513545,52.822461,99.983566,99.972714,59.442653,4.000000,99.718475,215.200000,10.000000,1.000000
280.000000,0.654187,20.002669,99.803785,19.316654,61.171204,99.868252,99.794157,52.523427,4.000000,99.672296,201.400000,6.890720,0.000000
310.000000,0.689934,21.540549,99.521846,18.747298,58.573427,99.970371,99.953055,56.865642,4.000000,99.492358,222.400000,5.500867,0.000000
220.000000,0.625579,21.374104,99.858558,19.579676,61.423502,99.739896,99.591231,55.682596,3.000000,99.598822,158.800000,7.523104,0.000000
280.000000,0.558874,21.581628,99.849449,18.857731,59.535309,99.877555,99.804370,57.028899,4.000000,99.727189,201.400000,5.772735,0.000000
310.000000,0.692834,17.908010,99.539731,19.381274,62.292221,99.823499,99.727711,47.097647,4.000000,99.364042,222.400000,7.046640,0.000000
260.000000,0.671181,20.325797,99.626084,19.739555,61.213014,99.832213,99.739856,52.776080,4.000000,99.458925,187.000000,7.904603,0.000000
310.000000,0.733659,16.445531,99.535945,19.143223,63.512260,99.728070,99.575370,43.665123,4.000000,99.265278,222.400000,6.470433,0.000000
260.000000,0.638524,19.622743,99.833915,19.113219,61.760067,99.810047,99.700799,51.803708,4.000000,99.644278,187.000000,6.397452,0.000000
290.000000,0.652273,20.911749,99.683509,16.543288,53.621559,99.978223,99.963932,57.860005,4.000000,99.661801,208.000000,10.000000,1.000000
240.000000,0.616522,21.214753,99.529061,20.534535,61.304346,99.701104,99.537864,54.022485,3.000000,99.231573,173.200000,9.770162,0.000000
310.000000,0.673706,21.266663,99.760747,19.208243,59.434968,99.952712,99.925909,55.783908,4.000000,99.713572,222.400000,6.628312,0.000000
300.000000,0.730150,20.775317,99.596897,19.126628,59.775326,99.955399,99.930458,54.554158,4.000000,99.552476,215.200000,6.430078,0.000000
240.000000,0.722289,19.659074,99.644570,18.588723,61.697241,99.860227,99.779681,52.351084,3.000000,99.505294,173.200000,5.108512,0.000000
310.000000,0.645084,19.315311,99.913222,20.311495,61.995592,99.807133,99.706993,49.825818,4.000000,99.720523,222.400000,9.251923,0.000000
250.000000,0.656245,20.629343,99.771225,19.370288,61.347983,99.835335,99.741878,54.013622,3.000000,99.606937,179.800000,7.020159,0.000000
270.000000,0.623711,15.836639,99.536964,16.553997,59.773106,99.724344,99.536044,44.383976,4.000000,99.262585,194.200000,10.000000,1.000000
190.000000,0.649282,21.959940,99.741081,19.027632,60.936019,99.711116,99.544780,57.721623,3.000000,99.452945,137.800000,6.188831,0.000000
270.000000,0.720778,20.764454,99.665769,20.725840,61.227005,99.838475,99.757327,52.787684,4.000000,99.504783,194.200000,10.211543,0.000000
270.000000,0.656095,21.700785,99.558202,19.687179,59.724364,99.895125,99.836307,56.201198,4.000000,99.453790,194.200000,7.779862,0.000000
240.000000,0.679979,20.913714,99.595487,19.848090,61.283560,99.809583,99.704920,54.093044,3.000000,99.405840,173.200000,8.162356,0.000000
290.000000,0.585114,21.719717,99.625332,19.955494,59.627501,99.864933,99.789549,55.974932,4.000000,99.490772,208.000000,8.416456,0.000000
300.000000,0.645578,19.100375,99.594223,19.650062,61.580832,99.829409,99.736471,49.819335,4.000000,99.424324,215.200000,7.691326,0.000000
270.000000,0.732412,21.321916,99.740099,19.764505,60.336677,99.917210,99.872899,55.275993,4.000000,99.657525,194.200000,7.963942,0.000000
300.000000,0.708522,18.688045,99.576366,20.140949,62.172408,99.811654,99.714630,48.295746,4.000000,99.388818,215.200000,8.852971,0.000000
290.000000,0.700748,19.977767,99.904883,20.794750,61.948578,99.814603,99.722455,50.927772,4.000000,99.719663,208.000000,10.369840,0.000000
280.000000,0.649994,20.324371,99.605862,20.484718,61.247721,99.799878,99.694663,51.951413,4.000000,99.406529,201.400000,9.654752,0.000000
320.000000,0.573049,15.653891,99.549753,16.606002,59.317905,99.759125,99.595381,43.862855,4.000000,99.309962,229.600000,10.000000,1.000000
300.000000,0.638636,19.184072,99.690916,19.521537,61.565828,99.838389,99.749442,50.207865,4.000000,99.529804,215.200000,7.383836,0.000000
280.000000,0.598532,19.107974,99.631053,19.263346,61.717850,99.773860,99.644543,50.253710,4.000000,99.405747,201.400000,6.761816,0.000000
260.000000,0.702760,20.903968,99.502245,18.950023,60.076328,99.914788,99.865956,55.021859,4.000000,99.417457,187.000000,5.999087,0.000000
310.000000,0.600894,21.713068,99.699825,19.881531,59.354921,99.906516,99.854671,56.086165,4.000000,99.606621,222.400000,8.241575,0.000000
250.000000,0.569012,20.776977,99.871467,19.087278,61.189122,99.774515,99.640739,54.752634,3.000000,99.646272,179.800000,6.334290,0.000000
310.000000,0.715023,15.997853,99.523911,16.590475,58.994300,99.891941,99.821354,44.770867,4.000000,99.416367,222.400000,10.000000,1.000000
290.000000,0.734485,18.774267,99.893144,20.040568,62.624278,99.821300,99.729704,48.763092,4.000000,99.714634,208.000000,8.617049,0.000000
240.000000,0.710384,20.292810,99.538174,19.627062,61.619268,99.815882,99.715131,52.770094,3.000000,99.354906,173.200000,7.636403,0.000000
310.000000,0.569940,19.369945,99.737457,19.869885,61.493550,99.773995,99.650102,50.331315,4.000000,99.512045,222.400000,8.213996,0.000000
280.000000,0.620082,21.097356,99.802760,20.531034,60.863253,99.812035,99.711940,53.888722,4.000000,99.615166,201.400000,9.762057,0.000000
260.000000,0.699896,19.978322,99.896145,20.772427,62.398055,99.742152,99.612287,50.948617,4.000000,99.638565,187.000000,10.318600,0.000000
320.000000,0.650379,17.880908,99.710152,20.040786,62.731294,99.736711,99.598267,46.474578,4.000000,99.447626,229.600000,8.617562,0.000000
300.000000,0.742849,18.051717,99.718864,19.172309,62.437257,99.863795,99.789754,47.744594,4.000000,99.583042,215.200000,6.541104,0.000000
240.000000,0.682415,16.519444,99.594867,16.596870,59.712211,99.772188,99.620263,46.171768,3.000000,99.367977,173.200000,10.000000,1.000000
320.000000,0.738338,16.702559,99.807775,18.686720,63.240695,99.827327,99.729737,44.843599,4.000000,99.635435,229.600000,5.351257,0.000000
320.000000,0.743157,16.192913,99.551266,19.057744,63.580893,99.734837,99.585120,43.114527,4.000000,99.287293,229.600000,6.262306,0.000000
310.000000,0.670433,18.561666,99.899758,18.880860,61.891833,99.883233,99.817485,49.403798,4.000000,99.783107,222.400000,5.829534,0.000000
260.000000,0.565869,18.884165,99.680841,18.667703,61.955452,99.712089,99.538682,50.325293,4.000000,99.393849,187.000000,5.304221,0.000000
270.000000,0.651998,18.467690,99.792939,18.758407,62.373653,99.800083,99.683774,49.236081,4.000000,99.593435,194.200000,5.528267,0.000000
240.000000,0.711732,18.301086,99.711514,18.784782,63.119830,99.755939,99.615557,48.748812,3.000000,99.468157,173.200000,5.593272,0.000000
230.000000,0.683461,20.094834,99.565918,19.026063,61.646143,99.802682,99.689337,52.941276,3.000000,99.369457,166.000000,6.185000,0.000000
300.000000,0.636702,18.358632,99.762667,19.978375,62.642462,99.731566,99.587575,47.737290,4.000000,99.494869,215.200000,8.470465,0.000000
270.000000,0.736099,16.891036,99.686269,18.655480,63.610407,99.742495,99.592416,45.294507,4.000000,99.429571,194.200000,5.273970,0.000000
310.000000,0.626968,21.660242,99.784732,20.669812,59.938332,99.882713,99.821373,55.090797,4.000000,99.667697,222.400000,10.082571,0.000000
270.000000,0.747002,20.447644,99.743204,20.835358,61.654831,99.826312,99.741763,51.939749,4.000000,99.569962,194.200000,10.462949,0.000000
230.000000,0.735851,19.140686,99.749036,19.012833,62.716072,99.777115,99.653354,50.653274,3.000000,99.526710,166.000000,6.152693,0.000000
250.000000,0.694490,21.912485,99.597970,19.128518,59.853145,99.915196,99.866674,57.401533,3.000000,99.513507,179.800000,6.434675,0.000000
250.000000,0.589268,19.801933,99.812842,19.243204,62.060192,99.726325,99.566473,52.104352,3.000000,99.539679,179.800000,6.713048,0.000000
210.000000,0.741258,20.455767,99.841557,19.548271,62.329353,99.730157,99.591004,53.422506,3.000000,99.572141,151.600000,7.447911,0.000000
300.000000,0.584188,20.729834,99.620832,19.701957,60.189471,99.855602,99.774878,53.814830,4.000000,99.476981,215.200000,7.815083,0.000000
280.000000,0.749214,19.679617,99.858447,18.595853,61.087850,99.933643,99.895988,52.508049,4.000000,99.792184,201.400000,5.126202,0.000000
290.000000,0.711897,15.187485,99.546311,16.509547,60.265409,99.786601,99.639163,42.714123,4.000000,99.333880,208.000000,10.000000,1.000000
240.000000,0.707723,15.667490,99.655955,16.564386,60.781660,99.702803,99.498581,43.981588,3.000000,99.359780,173.200000,10.000000,1.000000
200.000000,0.691630,21.803632,99.827818,18.779593,60.843857,99.798611,99.686108,57.668451,3.000000,99.626776,145.000000,5.580489,0.000000
210.000000,0.659432,21.219539,99.762927,19.485276,61.540955,99.732471,99.581466,55.352208,3.000000,99.496032,151.600000,7.296826,0.000000
300.000000,0.734606,18.104285,99.822183,20.400492,63.146325,99.751540,99.627065,46.726046,4.000000,99.574165,215.200000,9.459185,0.000000
300.000000,0.582233,21.491869,99.847998,19.295316,59.569390,99.903024,99.847111,56.297104,4.000000,99.751169,215.200000,6.839152,0.000000
300.000000,0.648556,19.730913,99.741782,19.311199,61.021620,99.885518,99.821653,51.817394,4.000000,99.627596,215.200000,6.877542,0.000000
260.000000,0.737960,20.079194,99.591804,20.877434,61.953010,99.770945,99.658249,50.924759,4.000000,99.363684,187.000000,10.559294,0.000000
300.000000,0.613138,20.349540,99.649076,20.854847,61.158424,99.776588,99.661741,51.632148,4.000000,99.426448,215.200000,10.507592,0.000000
240.000000,0.671449,19.128238,99.790024,19.049886,62.649553,99.758989,99.620639,50.604573,3.000000,99.549519,173.200000,6.243139,0.000000
280.000000,0.591664,19.114057,99.850989,18.883807,61.783875,99.797963,99.679877,50.771047,4.000000,99.649252,201.400000,5.836767,0.000000
270.000000,0.617924,19.557528,99.892657,19.427011,61.914512,99.785909,99.664672,51.339814,4.000000,99.678797,194.200000,7.156780,0.000000
260.000000,0.609351,20.949274,99.635196,20.656857,61.167645,99.725273,99.577691,53.296853,4.000000,99.361471,187.000000,10.052715,0.000000
240.000000,0.658481,20.847582,99.846631,19.009239,61.189114,99.845490,99.756180,55.003855,3.000000,99.692359,173.200000,6.143913,0.000000
210.000000,0.712552,20.983462,99.649108,19.960216,61.849649,99.722426,99.576282,54.168637,3.000000,99.372508,151.600000,8.427606,0.000000
260.000000,0.632470,20.412559,99.511104,18.769517,60.413055,99.864004,99.783724,53.989775,4.000000,99.375773,187.000000,5.555658,0.000000
280.000000,0.690011,18.491539,99.645680,18.700150,61.959446,99.856050,99.773329,49.281794,4.000000,99.502240,201.400000,5.384456,0.000000
250.000000,0.747192,20.977043,99.650467,20.015732,61.240890,99.864548,99.794235,54.091301,3.000000,99.515489,179.800000,8.558550,0.000000
280.000000,0.747489,17.603498,99.869206,19.121044,63.313760,99.795759,99.683246,46.740486,4.000000,99.665232,201.400000,6.416493,0.000000
310.000000,0.707345,19.066521,99.948720,20.224598,62.219131,99.844620,99.765718,49.322341,4.000000,99.793420,222.400000,9.048942,0.000000
290.000000,0.561959,20.966697,99.784886,19.162873,60.044309,99.861312,99.780496,55.096742,4.000000,99.646496,208.000000,6.518186,0.000000
300.000000,0.744414,18.252122,99.911636,20.535784,63.197099,99.757135,99.637783,46.996604,4.000000,99.668986,215.200000,9.773052,0.000000
300.000000,0.642972,17.654695,99.566100,19.135815,62.582225,99.759564,99.623619,46.712792,4.000000,99.326707,215.200000,6.452422,0.000000
270.000000,0.687693,18.958317,99.555552,18.752472,61.604537,99.859617,99.778812,50.362918,4.000000,99.415793,194.200000,5.513631,0.000000
240.000000,0.724691,17.804887,99.607662,18.750473,63.402641,99.725703,99.566943,47.479110,3.000000,99.334442,173.200000,5.508699,0.000000
280.000000,0.659832,19.797270,99.659779,19.073600,61.021391,99.878181,99.808841,52.193126,4.000000,99.538374,201.400000,6.300962,0.000000
260.000000,0.737687,20.240859,99.506895,20.438740,61.487664,99.820714,99.729534,51.746292,4.000000,99.328493,187.000000,9.548064,0.000000
270.000000,0.634261,19.634033,99.517228,19.902074,61.600342,99.765471,99.636572,50.837411,4.000000,99.283831,194.200000,8.290194,0.000000
320.000000,0.583888,21.425859,99.907280,19.442091,59.463981,99.918869,99.872829,55.996610,4.000000,99.826224,229.600000,7.193056,0.000000
290.000000,0.607405,17.955889,99.936534,18.715702,62.714354,99.765026,99.627199,48.052227,4.000000,99.701708,208.000000,5.422878,0.000000
320.000000,0.647507,18.801032,99.539306,20.073713,61.685153,99.811379,99.712691,48.622684,4.000000,99.351555,229.600000,8.695040,0.000000
260.000000,0.613348,19.746172,99.881131,19.150584,61.736557,99.787709,99.664767,52.098680,4.000000,99.669092,187.000000,6.488326,0.000000
300.000000,0.717439,19.052692,99.913355,19.448886,61.938111,99.885804,99.824511,50.066961,4.000000,99.799259,215.200000,7.209393,0.000000
270.000000,0.705739,21.885839,99.627535,18.846146,59.129548,99.950599,99.921941,57.682284,4.000000,99.578319,194.200000,5.744268,0.000000
310.000000,0.602538,17.575373,99.599890,16.582184,57.186899,99.910360,99.852167,48.971277,4.000000,99.510609,222.400000,10.000000,1.000000
310.000000,0.671750,18.507517,99.613966,20.723842,62.509019,99.722007,99.582886,47.291086,4.000000,99.337047,222.400000,10.206948,0.000000
290.000000,0.660884,20.873989,99.701825,16.594590,53.714533,99.979193,99.965589,57.712496,4.000000,99.681080,208.000000,10.000000,1.000000
310.000000,0.660330,18.355095,99.656067,16.535632,56.299356,99.958872,99.932341,51.102565,4.000000,99.615081,222.400000,10.000000,1.000000
300.000000,0.682494,18.604768,99.942146,20.078540,62.708012,99.788804,99.678664,48.330729,4.000000,99.731072,215.200000,8.706391,0.000000
290.000000,0.652509,21.897738,99.949212,20.882336,60.390308,99.866453,99.797631,55.510917,4.000000,99.815733,208.000000,10.570508,0.000000
290.000000,0.606996,19.806571,99.948504,20.184223,61.861264,99.771983,99.649171,51.184217,4.000000,99.720605,208.000000,8.954423,0.000000
310.000000,0.602849,21.888110,99.910451,20.376812,59.750302,99.890482,99.831564,56.057903,4.000000,99.801032,222.400000,9.404097,0.000000
320.000000,0.580363,20.876193,99.568157,20.788650,60.238922,99.820185,99.727019,52.936684,4.000000,99.389118,229.600000,10.355840,0.000000
270.000000,0.648172,21.623515,99.602386,19.266419,59.600926,99.907177,99.853758,56.520711,4.000000,99.509932,194.200000,6.769254,0.000000
280.000000,0.655087,19.475239,99.568532,19.776866,61.581378,99.809178,99.704942,50.602925,4.000000,99.378533,201.400000,7.993321,0.000000
280.000000,0.573276,18.952135,99.546514,19.436942,61.843531,99.713741,99.550170,49.645148,4.000000,99.261553,201.400000,7.180672,0.000000
260.000000,0.604440,19.281889,99.778094,16.535160,56.146105,99.908017,99.847553,53.615615,4.000000,99.686315,187.000000,10.000000,1.000000
220.000000,0.639021,21.668552,99.885082,19.864242,61.367452,99.745771,99.604020,56.100302,3.000000,99.631145,158.800000,8.200630,0.000000
290.000000,0.694021,21.472351,99.505806,19.643391,59.506510,99.933874,99.897338,55.656538,4.000000,99.440006,208.000000,7.675400,0.000000
200.000000,0.677067,21.836262,99.736482,19.821994,61.331567,99.707991,99.549396,56.480555,3.000000,99.445243,145.000000,8.100473,0.000000
220.000000,0.735205,19.498416,99.947791,18.661793,62.612235,99.782451,99.664125,52.025075,3.000000,99.730355,158.800000,5.289596,0.000000
290.000000,0.580502,21.048287,99.619325,19.091932,59.707897,99.882067,99.813284,55.289574,4.000000,99.501841,208.000000,6.345627,0.000000
290.000000,0.569795,21.978219,99.768221,18.757073,58.846021,99.915076,99.864129,58.101797,4.000000,99.683494,208.000000,5.524978,0.000000
310.000000,0.701220,21.314127,99.738932,18.611029,58.969388,99.972098,99.955750,56.573091,4.000000,99.711103,222.400000,5.163844,0.000000
260.000000,0.631200,15.998519,99.648795,16.552094,59.874416,99.725248,99.538250,44.862746,4.000000,99.375008,187.000000,10.000000,1.000000
300.000000,0.702010,18.425114,99.738733,20.785025,62.927686,99.714318,99.572931,47.089612,4.000000,99.453798,215.200000,10.347521,0.000000
310.000000,0.575365,20.760537,99.579651,19.127302,59.608114,99.895220,99.834761,54.506937,4.000000,99.475311,222.400000,6.431719,0.000000
310.000000,0.723151,19.402506,99.915899,19.918247,61.718479,99.891434,99.835282,50.451471,4.000000,99.807424,222.400000,8.328444,0.000000
230.000000,0.600641,21.357905,99.570965,19.851658,61.044168,99.718894,99.557897,55.171852,3.000000,99.291065,166.000000,8.170813,0.000000
300.000000,0.748995,18.835502,99.749375,20.933942,62.645400,99.774234,99.666762,47.938717,4.000000,99.524175,215.200000,10.688468,0.000000
260.000000,0.738088,21.245306,99.758967,20.066929,60.763138,99.886534,99.827535,54.753005,4.000000,99.645775,187.000000,8.679084,0.000000
310.000000,0.628861,19.589248,99.690708,18.581701,60.475049,99.914881,99.865247,52.205711,4.000000,99.605852,222.400000,5.091082,0.000000
190.000000,0.669193,21.939640,99.503700,19.284478,60.798188,99.711862,99.548840,57.232570,3.000000,99.216992,137.800000,6.812947,0.000000
300.000000,0.688431,20.849801,99.694044,18.731095,59.582657,99.955307,99.929383,55.236526,4.000000,99.649488,215.200000,5.460885,0.000000
300.000000,0.712451,19.547448,99.854872,18.773058,61.012417,99.933415,99.895729,51.983723,4.000000,99.788384,215.200000,5.564386,0.000000
280.000000,0.616715,21.193450,99.901616,19.273140,60.212700,99.890257,99.827202,55.605206,4.000000,99.791981,201.400000,6.785517,0.000000
270.000000,0.558927,19.924208,99.765018,19.223761,61.306066,99.757555,99.616059,52.406329,4.000000,99.523142,194.200000,6.665937,0.000000
290.000000,0.646309,20.988345,99.636825,20.971242,60.805680,99.814227,99.719437,53.039929,4.000000,99.451727,208.000000,10.773602,0.000000
270.000000,0.746215,19.684383,99.849318,19.827694,61.954011,99.855945,99.780911,51.210197,4.000000,99.705480,194.200000,8.113993,0.000000
290.000000,0.709514,17.785033,99.549303,19.255528,62.652276,99.799015,99.688198,46.916401,4.000000,99.349224,208.000000,6.742891,0.000000
280.000000,0.640150,20.039916,99.531093,20.221628,61.264573,99.794550,99.684478,51.501986,4.000000,99.326606,201.400000,9.041993,0.000000
320.000000,0.579796,16.183929,99.892397,16.544852,59.091940,99.827580,99.712789,45.469442,4.000000,99.720163,229.600000,10.000000,1.000000
310.000000,0.702823,18.281857,99.600027,20.733795,62.693101,99.729230,99.595634,46.727702,4.000000,99.330341,222.400000,10.229836,0.000000
310.000000,0.645148,19.563099,99.901977,20.342230,61.774881,99.820777,99.727781,50.395548,4.000000,99.722930,222.400000,9.323573,0.000000
200.000000,0.648507,21.541051,99.758215,18.930627,61.079540,99.747516,99.600834,56.790238,3.000000,99.506341,145.000000,5.951582,0.000000
230.000000,0.589646,20.940742,99.715702,19.572189,61.437883,99.707209,99.537048,54.534362,3.000000,99.423744,166.000000,7.505185,0.000000
230.000000,0.670854,21.730502,99.797364,19.604979,60.881322,99.827165,99.730706,56.505488,3.000000,99.624880,166.000000,7.583627,0.000000
300.000000,0.724947,19.922278,99.908101,19.001798,60.882907,99.938358,99.904068,52.714707,4.000000,99.846516,215.200000,6.125732,0.000000
300.000000,0.680523,20.131594,99.717193,20.396340,61.209105,99.857918,99.784575,51.634640,4.000000,99.575513,215.200000,9.449528,0.000000
240.000000,0.724754,20.745035,99.715595,19.738737,61.526158,99.837600,99.750858,53.862848,3.000000,99.553656,173.200000,7.902657,0.000000
320.000000,0.734870,19.844922,99.734199,18.656089,60.184290,99.964063,99.943627,52.797546,4.000000,99.698358,229.600000,5.275478,0.000000
320.000000,0.626825,18.858197,99.868821,18.625591,61.263209,99.897051,99.837688,50.397280,4.000000,99.766008,229.600000,5.199940,0.000000
260.000000,0.740245,21.636362,99.847143,20.969012,61.011783,99.844601,99.769431,54.720905,4.000000,99.691982,187.000000,10.768516,0.000000
320.000000,0.623349,20.458574,99.829647,20.675558,60.893739,99.843514,99.763284,52.186525,4.000000,99.673428,229.600000,10.095809,0.000000
250.000000,0.588671,19.944576,99.904453,19.116766,61.982477,99.747559,99.599268,52.645508,3.000000,99.652253,179.800000,6.406085,0.000000
250.000000,0.724074,17.626999,99.789115,18.586460,63.570574,99.755127,99.612777,47.272343,3.000000,99.544759,179.800000,5.102896,0.000000
320.000000,0.657082,19.485513,99.766272,20.998120,61.821842,99.785741,99.680669,49.450889,4.000000,99.552514,229.600000,10.834884,0.000000
310.000000,0.618996,20.099238,99.637248,20.663565,61.108274,99.804286,99.703492,51.226647,4.000000,99.442244,222.400000,10.068174,0.000000
310.000000,0.747382,17.515032,99.727019,20.171966,63.290857,99.749092,99.621933,45.457679,4.000000,99.476796,222.400000,8.925704,0.000000
250.000000,0.619919,21.760665,99.501704,20.994167,60.890811,99.727950,99.583706,54.801861,3.000000,99.231010,179.800000,10.825874,0.000000
220.000000,0.734268,21.286651,99.665418,20.278226,61.615704,99.764220,99.644619,54.563037,3.000000,99.430427,158.800000,9.174282,0.000000
280.000000,0.643309,21.291364,99.511076,19.673872,59.845440,99.890387,99.829073,55.176577,4.000000,99.401999,201.400000,7.748135,0.000000
300.000000,0.614751,21.778405,99.547776,20.161709,59.419108,99.891130,99.831706,55.836408,4.000000,99.439398,215.200000,8.901660,0.000000
270.000000,0.735436,19.012250,99.800949,19.144538,62.114929,99.863922,99.789154,50.221476,4.000000,99.665142,194.200000,6.473632,0.000000
230.000000,0.704447,21.692904,99.823839,19.525778,60.900990,99.851407,99.770603,56.518927,3.000000,99.675508,166.000000,7.394003,0.000000
260.000000,0.718700,21.543334,99.850018,18.813714,59.876536,99.937698,99.902177,56.983403,4.000000,99.787810,187.000000,5.664507,0.000000
230.000000,0.687559,19.521315,99.881891,19.200833,62.671238,99.752742,99.614096,51.481568,3.000000,99.634925,166.000000,6.610339,0.000000
290.000000,0.716507,16.537333,99.564803,18.629740,63.474881,99.740342,99.588167,44.368046,4.000000,99.306275,208.000000,5.210221,0.000000
320.000000,0.659344,20.080552,99.896022,20.792184,61.371036,99.844324,99.766578,51.175532,4.000000,99.740508,229.600000,10.363951,0.000000
270.000000,0.562182,19.395078,99.532778,18.983386,61.329306,99.747669,99.598844,51.212544,4.000000,99.281625,194.200000,6.080723,0.000000
300.000000,0.673411,19.578871,99.722065,19.613908,61.300106,99.876636,99.809666,51.108788,4.000000,99.599044,215.200000,7.604970,0.000000
290.000000,0.616390,21.752767,99.735420,19.365515,59.397833,99.915023,99.866256,56.804241,4.000000,99.650667,208.000000,7.008651,0.000000
300.000000,0.595183,17.102811,99.814036,18.635279,63.145575,99.700201,99.521736,45.908159,4.000000,99.514794,215.200000,5.223947,0.000000
310.000000,0.660608,19.908270,99.635822,20.435517,61.159607,99.846661,99.767758,51.005481,4.000000,99.483041,222.400000,9.540579,0.000000
270.000000,0.736239,19.589729,99.886298,20.987911,62.657213,99.745432,99.622961,49.773009,4.000000,99.632020,194.200000,10.811614,0.000000
310.000000,0.746693,17.395065,99.706779,16.516722,57.510215,99.960915,99.935852,48.610664,4.000000,99.667808,222.400000,10.000000,1.000000
220.000000,0.662020,20.077282,99.573064,18.604792,61.568409,99.785978,99.659067,53.355174,3.000000,99.359956,158.800000,5.148375,0.000000
290.000000,0.680079,20.048307,99.702581,18.698221,60.465988,99.926619,99.884158,53.250349,4.000000,99.629419,208.000000,5.379687,0.000000
290.000000,0.711032,17.793207,99.576124,19.537576,62.828515,99.772826,99.649706,46.678879,4.000000,99.349912,208.000000,7.422285,0.000000
280.000000,0.679538,19.811175,99.637930,19.775721,61.374031,99.848257,99.765990,51.470227,4.000000,99.486736,201.400000,7.990602,0.000000
280.000000,0.707446,20.426005,99.945890,19.376246,61.013510,99.909453,99.860000,53.592967,4.000000,99.855392,201.400000,7.034523,0.000000
200.000000,0.703534,20.275589,99.577869,19.115461,62.037794,99.706091,99.542097,53.304132,3.000000,99.285200,145.000000,6.402910,0.000000
290.000000,0.567679,21.856765,99.685124,19.800520,59.498996,99.864047,99.787069,56.527216,4.000000,99.549599,208.000000,8.049506,0.000000
310.000000,0.715379,17.771116,99.532761,18.593493,61.958767,99.884505,99.819008,47.508953,4.000000,99.417806,222.400000,5.120348,0.000000
230.000000,0.725593,19.724078,99.807565,19.082721,62.324141,99.802029,99.692927,52.076885,3.000000,99.609974,166.000000,6.323188,0.000000
250.000000,0.625043,21.140807,99.696597,20.339091,61.338789,99.756852,99.623909,54.154153,3.000000,99.454187,179.800000,9.316257,0.000000
250.000000,0.647170,20.381790,99.598417,19.267299,61.275418,99.824371,99.723684,53.415401,3.000000,99.423494,179.800000,6.771384,0.000000
240.000000,0.746343,21.481644,99.695880,19.164011,60.529594,99.903460,99.850542,56.336724,3.000000,99.599633,173.200000,6.520950,0.000000
200.000000,0.651895,21.215871,99.833747,19.083086,61.555146,99.715209,99.551789,55.839796,3.000000,99.549430,145.000000,6.324077,0.000000
290.000000,0.588894,19.131048,99.789582,18.683796,61.415462,99.831445,99.732282,50.989099,4.000000,99.621382,208.000000,5.344027,0.000000
280.000000,0.579675,21.207713,99.755930,18.856486,59.746737,99.882721,99.813117,56.033481,4.000000,99.638938,201.400000,5.769677,0.000000
260.000000,0.736484,20.399272,99.554549,20.630430,61.509978,99.811613,99.716885,51.948113,4.000000,99.367001,187.000000,9.991770,0.000000
310.000000,0.691137,21.415544,99.648691,19.045713,59.050770,99.963270,99.942246,56.280077,4.000000,99.612090,222.400000,6.232959,0.000000
310.000000,0.743623,19.808628,99.760288,19.513526,60.928081,99.934130,99.898996,51.805991,4.000000,99.694576,222.400000,7.364622,0.000000
240.000000,0.582294,20.543004,99.708305,19.552137,61.597119,99.708174,99.538890,53.563872,3.000000,99.417330,173.200000,7.457172,0.000000
250.000000,0.557358,21.763111,99.870779,20.290702,61.020509,99.709434,99.545679,55.829834,3.000000,99.580589,179.800000,9.203409,0.000000
240.000000,0.723302,21.129972,99.525198,18.875107,60.428818,99.901451,99.845419,55.687116,3.000000,99.427117,173.200000,5.815411,0.000000
300.000000,0.694787,20.019971,99.643514,19.710514,60.852148,99.900928,99.847580,52.059497,4.000000,99.544795,215.200000,7.835468,0.000000
290.000000,0.662757,18.399153,99.900322,18.637503,62.203584,99.852995,99.768048,49.235955,4.000000,99.753464,208.000000,5.229454,0.000000
250.000000,0.573119,21.318356,99.621557,19.345792,60.541227,99.787452,99.662651,55.678568,3.000000,99.409814,179.800000,6.961071,0.000000
280.000000,0.738400,19.540656,99.701122,19.965085,61.793799,99.858490,99.784925,50.634784,4.000000,99.560035,201.400000,8.439101,0.000000
310.000000,0.615894,21.381449,99.848025,20.366241,60.107460,99.882959,99.820565,54.794824,4.000000,99.731162,222.400000,9.379493,0.000000
300.000000,0.633242,17.126123,99.640514,18.973157,63.082183,99.709654,99.541862,45.573892,4.000000,99.351212,215.200000,6.055704,0.000000
230.000000,0.672786,20.667907,99.914888,20.128041,62.230513,99.731371,99.587691,53.347450,3.000000,99.646487,166.000000,8.822681,0.000000
280.000000,0.693014,19.194796,99.798374,19.685503,62.087171,99.830265,99.738653,50.119367,4.000000,99.628981,201.400000,7.775869,0.000000
260.000000,0.671083,17.822061,99.694713,18.900735,63.069833,99.723716,99.563246,47.419176,4.000000,99.419272,187.000000,5.878303,0.000000
280.000000,0.712184,18.881569,99.640465,18.937661,61.740147,99.875056,99.804746,50.023624,4.000000,99.515970,201.400000,5.968815,0.000000
300.000000,0.714433,19.063670,99.924444,19.619079,62.034839,99.874420,99.807744,49.925068,4.000000,99.798959,215.200000,7.617329,0.000000
300.000000,0.600979,20.418234,99.538413,19.978661,60.507203,99.837935,99.749460,52.697115,4.000000,99.377096,215.200000,8.471141,0.000000
290.000000,0.558864,20.626141,99.886815,20.584693,61.265949,99.730837,99.586146,52.724650,4.000000,99.617957,208.000000,9.886163,0.000000
320.000000,0.719891,18.590028,99.680523,19.404331,61.715555,99.894170,99.837615,48.842412,4.000000,99.575031,229.600000,7.102187,0.000000
240.000000,0.592381,21.903178,99.510278,19.340756,60.035321,99.809289,99.697010,57.079609,3.000000,99.320501,173.200000,6.948919,0.000000
310.000000,0.619235,21.604786,99.921582,19.881794,59.741773,99.914724,99.867725,55.942633,4.000000,99.836372,222.400000,8.242197,0.000000
290.000000,0.665694,18.833312,99.870369,19.268869,62.139255,99.837822,99.747613,49.680727,4.000000,99.708401,208.000000,6.775184,0.000000
270.000000,0.654885,18.638939,99.613823,19.814547,62.562251,99.718204,99.563662,48.520395,4.000000,99.333115,194.200000,8.082803,0.000000
250.000000,0.715669,18.744135,99.596429,19.107661,62.618015,99.794612,99.679224,49.484297,3.000000,99.391870,179.800000,6.383925,0.000000
280.000000,0.673896,18.261180,99.697454,18.884599,62.351677,99.817700,99.713546,48.542713,4.000000,99.515706,201.400000,5.838710,0.000000
290.000000,0.595365,18.459082,99.833986,19.099303,62.340542,99.759556,99.621322,48.894532,4.000000,99.593942,208.000000,6.363577,0.000000
320.000000,0.731221,19.197444,99.889627,19.718807,61.608419,99.909296,99.862018,50.137350,4.000000,99.799023,229.600000,7.855217,0.000000
250.000000,0.623613,20.573540,99.798173,19.237905,61.357032,99.813813,99.706125,54.034971,3.000000,99.612361,179.800000,6.700211,0.000000
280.000000,0.692329,17.997419,99.884766,18.980175,62.898420,99.804176,99.693661,47.874813,4.000000,99.689168,201.400000,6.072870,0.000000
310.000000,0.741878,21.894981,99.607610,20.068233,59.173600,99.959833,99.938593,56.265048,4.000000,99.567601,222.400000,8.682151,0.000000
230.000000,0.592451,20.443640,99.667394,19.155356,61.561799,99.714237,99.544930,53.729725,3.000000,99.382581,166.000000,6.499923,0.000000
260.000000,0.707097,19.220304,99.665896,20.420112,62.575359,99.727458,99.586430,49.357978,4.000000,99.394264,187.000000,9.504790,0.000000
290.000000,0.575571,19.225945,99.904196,16.512476,55.885416,99.928387,99.881415,53.559242,4.000000,99.832652,208.000000,10.000000,1.000000
240.000000,0.748279,19.092922,99.750612,20.081774,63.172722,99.712097,99.563617,49.435906,3.000000,99.463427,173.200000,8.713994,0.000000
310.000000,0.700219,18.874712,99.739398,18.935398,61.420561,99.909852,99.859535,50.058325,4.000000,99.649484,222.400000,5.963270,0.000000
260.000000,0.680790,21.548375,99.825007,18.962965,59.938663,99.919298,99.872726,56.809355,4.000000,99.744447,187.000000,6.030767,0.000000
300.000000,0.633935,18.629478,99.632615,19.015899,61.709207,99.836030,99.742934,49.306904,4.000000,99.469247,215.200000,6.160182,0.000000
270.000000,0.730708,18.863523,99.637477,19.411987,62.178700,99.834977,99.745207,49.495144,4.000000,99.473053,194.200000,7.120622,0.000000
290.000000,0.742785,19.424733,99.747188,19.173309,61.382146,99.913362,99.865937,51.198936,4.000000,99.660769,208.000000,6.543534,0.000000
230.000000,0.631695,18.020776,99.566302,16.502974,58.038762,99.814323,99.691199,50.206949,3.000000,99.381430,166.000000,10.000000,1.000000
290.000000,0.694989,21.591488,99.882075,19.601496,59.871770,99.938338,99.904381,56.211613,4.000000,99.820486,208.000000,7.575298,0.000000
290.000000,0.721330,17.956796,99.664701,18.893303,62.447630,99.848080,99.762898,47.751453,4.000000,99.513290,208.000000,5.860070,0.000000
260.000000,0.648157,15.960934,99.631786,16.501240,59.875347,99.747802,99.576253,44.800796,4.000000,99.380517,187.000000,10.000000,1.000000
290.000000,0.700823,20.252244,99.823132,19.543526,60.951724,99.907265,99.856726,52.911150,4.000000,99.730561,208.000000,7.436542,0.000000
290.000000,0.749474,21.305765,99.830718,19.575935,60.041550,99.948542,99.920846,55.501312,4.000000,99.779347,208.000000,7.514152,0.000000
280.000000,0.744045,19.952682,99.926364,20.902546,62.196018,99.808057,99.716269,50.762244,4.000000,99.734563,201.400000,10.616729,0.000000
250.000000,0.688805,20.501811,99.533197,20.546617,61.765042,99.763897,99.640452,52.277668,3.000000,99.298196,179.800000,9.798123,0.000000
260.000000,0.646526,20.129676,99.728153,20.077478,61.700830,99.769860,99.644524,51.979627,4.000000,99.498638,187.000000,8.703893,0.000000
200.000000,0.676285,20.604589,99.837540,18.734912,61.864443,99.732522,99.579668,54.691010,3.000000,99.570496,145.000000,5.470306,0.000000
250.000000,0.718817,15.370531,99.933848,16.577765,61.374035,99.701480,99.494956,43.307015,3.000000,99.635525,179.800000,10.000000,1.000000
300.000000,0.725936,18.016318,99.621123,19.020629,62.254554,99.863292,99.787790,47.756612,4.000000,99.484933,215.200000,6.171732,0.000000
230.000000,0.651924,20.477596,99.582594,18.796266,61.192264,99.813251,99.703080,54.163275,3.000000,99.396625,166.000000,5.621558,0.000000
280.000000,0.630453,20.939391,99.765625,19.331461,60.294111,99.888678,99.825240,54.828382,4.000000,99.654563,201.400000,6.926480,0.000000
250.000000,0.724168,19.216689,99.785044,19.294228,62.557798,99.813435,99.711029,50.571554,3.000000,99.598880,179.800000,6.836522,0.000000
240.000000,0.661946,20.946858,99.714875,19.102690,60.985442,99.847759,99.759953,55.075931,3.000000,99.563068,173.200000,6.371824,0.000000
270.000000,0.721038,19.215916,99.704512,16.550828,55.969060,99.962868,99.938941,53.385311,4.000000,99.667489,194.200000,10.000000,1.000000
270.000000,0.732901,18.644499,99.569168,18.785366,61.925737,99.867479,99.792492,49.544755,4.000000,99.437219,194.200000,5.594711,0.000000
320.000000,0.633002,17.079534,99.743626,16.524557,57.795375,99.920085,99.868276,47.787121,4.000000,99.663916,229.600000,10.000000,1.000000
270.000000,0.741640,15.284833,99.621995,16.504123,60.521506,99.775952,99.620441,43.008266,4.000000,99.398794,194.200000,10.000000,1.000000
220.000000,0.631241,20.105083,99.895342,18.621313,61.986009,99.752311,99.604643,53.580560,3.000000,99.647912,158.800000,5.189338,0.000000
260.000000,0.724567,21.536200,99.641430,16.529108,53.330920,99.981293,99.969146,59.500437,4.000000,99.622790,187.000000,10.000000,1.000000
300.000000,0.640812,19.317050,99.533983,19.832895,61.402499,99.823108,99.727538,50.136514,4.000000,99.357916,215.200000,8.126330,0.000000
280.000000,0.651357,21.744534,99.567235,20.294993,59.866014,99.877919,99.812033,55.609747,4.000000,99.445682,201.400000,9.213423,0.000000
280.000000,0.735467,17.774366,99.743692,20.023453,63.449374,99.711565,99.560546,46.244493,4.000000,99.455997,201.400000,8.576741,0.000000
250.000000,0.705601,21.441737,99.944950,18.746005,60.472964,99.918039,99.871682,56.858544,3.000000,99.863034,179.800000,5.497679,0.000000
230.000000,0.629786,21.292633,99.660117,19.056002,60.750239,99.813339,99.703511,55.966164,3.000000,99.474090,166.000000,6.258057,0.000000
240.000000,0.617304,20.555266,99.740555,16.588809,55.207035,99.918106,99.864153,56.900154,3.000000,99.658874,173.200000,10.000000,1.000000
240.000000,0.599855,19.524587,99.890459,18.781074,62.275937,99.732291,99.572353,51.935949,3.000000,99.623044,173.200000,5.584138,0.000000
300.000000,0.618138,17.963762,99.704835,16.527047,56.984803,99.923107,99.873098,50.102323,4.000000,99.628169,215.200000,10.000000,1.000000
260.000000,0.716632,18.825339,99.859220,18.791613,62.313664,99.844824,99.756909,50.140146,4.000000,99.704262,187.000000,5.610099,0.000000
260.000000,0.697803,20.123871,99.931713,20.045276,61.957208,99.813756,99.715552,52.106222,4.000000,99.745597,187.000000,8.628132,0.000000
290.000000,0.706149,21.476634,99.598285,20.026939,59.839313,99.925527,99.885654,55.279110,4.000000,99.524111,208.000000,8.584953,0.000000
250.000000,0.638684,18.716864,99.763503,16.537537,57.197333,99.896023,99.827942,52.111896,3.000000,99.659772,179.800000,10.000000,1.000000
320.000000,0.606186,21.635377,99.788567,20.242446,59.574808,99.903628,99.851722,55.526651,4.000000,99.692398,229.600000,9.090683,0.000000
310.000000,0.585219,21.246742,99.840478,20.069992,60.059124,99.870794,99.800116,54.797797,4.000000,99.711478,222.400000,8.686288,0.000000
270.000000,0.673561,20.232074,99.874129,20.042921,61.621332,99.827271,99.734789,52.345504,4.000000,99.701617,194.200000,8.622590,0.000000
310.000000,0.662076,19.517852,99.668442,18.792409,60.647554,99.920324,99.874778,51.791604,4.000000,99.589030,222.400000,5.612058,0.000000
240.000000,0.651581,20.609812,99.504662,19.562806,61.269028,99.790223,99.671378,53.608489,3.000000,99.295924,173.200000,7.482722,0.000000
280.000000,0.682173,21.088189,99.733255,19.587711,60.266864,99.909936,99.860068,54.892989,4.000000,99.643431,201.400000,7.542329,0.000000
220.000000,0.630609,20.141376,99.813901,19.168770,62.187375,99.706167,99.534958,53.035712,3.000000,99.520615,158.800000,6.532511,0.000000
260.000000,0.733786,21.551649,99.777708,18.970957,59.877378,99.938014,99.903148,56.781452,4.000000,99.715860,187.000000,6.050322,0.000000
270.000000,0.626788,20.886376,99.640084,20.520729,60.990775,99.782696,99.666570,53.298712,4.000000,99.423562,194.200000,9.738197,0.000000
230.000000,0.745091,20.572868,99.602171,20.089857,61.871147,99.782247,99.669858,52.989232,3.000000,99.385283,166.000000,8.732994,0.000000
220.000000,0.703720,21.131486,99.792127,20.379316,61.968183,99.724551,99.582603,54.137743,3.000000,99.517250,158.800000,9.409926,0.000000
320.000000,0.712575,16.474291,99.775216,19.037536,63.609952,99.748562,99.607023,43.936795,4.000000,99.524343,229.600000,6.213007,0.000000
280.000000,0.655713,21.456775,99.575848,20.632909,60.302661,99.851821,99.774040,54.524094,4.000000,99.428298,201.400000,9.997488,0.000000
310.000000,0.607944,18.664516,99.923073,19.814102,62.347027,99.765245,99.637752,48.734861,4.000000,99.688498,222.400000,8.081746,0.000000
230.000000,0.567059,21.630140,99.839499,19.653197,61.058986,99.704149,99.531034,56.223933,3.000000,99.544123,166.000000,7.698806,0.000000
240.000000,0.675860,19.431675,99.606008,18.656616,61.894359,99.814816,99.706154,51.683773,3.000000,99.421553,173.200000,5.276783,0.000000
310.000000,0.704994,20.645540,99.893755,20.601335,60.932888,99.896720,99.844818,52.757190,4.000000,99.790585,222.400000,9.924607,0.000000
190.000000,0.725199,21.848646,99.605297,18.939193,60.790538,99.768179,99.642940,57.466947,3.000000,99.374391,137.800000,5.972566,0.000000
270.000000,0.730663,17.594836,99.805225,16.522413,58.004474,99.927022,99.879812,49.181578,4.000000,99.732389,194.200000,10.000000,1.000000
280.000000,0.617337,20.880633,99.799009,19.912634,60.721230,99.842532,99.755530,54.049572,4.000000,99.641858,201.400000,8.315172,0.000000
300.000000,0.642656,20.595181,99.541400,20.646246,60.696439,99.836366,99.751784,52.399365,4.000000,99.378516,215.200000,10.028250,0.000000
310.000000,0.732678,20.228689,99.942638,20.964972,61.541259,99.869461,99.807198,51.371482,4.000000,99.812173,222.400000,10.759299,0.000000
270.000000,0.682372,20.376145,99.740742,19.041122,60.752472,99.898066,99.839956,53.724996,4.000000,99.639072,194.200000,6.221758,0.000000
260.000000,0.627136,21.119751,99.748261,19.231794,60.388057,99.862401,99.782816,55.382265,4.000000,99.611008,187.000000,6.685406,0.000000
240.000000,0.748307,18.700176,99.537867,19.099971,62.713779,99.783767,99.663645,49.352829,3.000000,99.322633,173.200000,6.365204,0.000000
290.000000,0.640749,20.262711,99.523594,20.581486,61.092048,99.801754,99.698471,51.653577,4.000000,99.326293,208.000000,9.878753,0.000000
310.000000,0.726169,18.467373,99.780338,20.303073,62.567621,99.809783,99.714330,47.691017,4.000000,99.590539,222.400000,9.232278,0.000000
270.000000,0.597179,20.869179,99.700613,20.977027,61.315864,99.701711,99.544833,52.779791,4.000000,99.403217,194.200000,10.786797,0.000000
300.000000,0.723794,19.652374,99.896342,20.215849,61.778477,99.871512,99.806147,50.744971,4.000000,99.767987,215.200000,9.028472,0.000000
270.000000,0.732127,20.152592,99.644803,18.839158,60.698096,99.922778,99.879075,53.330551,4.000000,99.567856,194.200000,5.727089,0.000000
260.000000,0.733518,21.166620,99.923345,19.533717,60.752522,99.904929,99.854513,55.254186,4.000000,99.828346,187.000000,7.413035,0.000000
270.000000,0.567316,19.287445,99.791392,19.075581,61.825287,99.736415,99.581835,50.978841,4.000000,99.528356,194.200000,6.305791,0.000000
260.000000,0.716401,19.516144,99.756652,19.114685,61.749169,99.860861,99.783258,51.494510,4.000000,99.617851,187.000000,6.401021,0.000000
250.000000,0.605522,21.299343,99.688616,18.818096,60.313248,99.853379,99.765766,56.270542,3.000000,99.542452,179.800000,5.675290,0.000000
270.000000,0.559944,21.865470,99.676522,20.122798,59.987484,99.792076,99.675081,56.167726,4.000000,99.469271,194.200000,8.810372,0.000000
300.000000,0.689688,20.694009,99.623759,19.289969,59.983527,99.936457,99.900939,54.184041,4.000000,99.560455,215.200000,6.826225,0.000000
280.000000,0.719610,21.789765,99.911094,20.319072,60.290296,99.912282,99.866979,55.884701,4.000000,99.823454,201.400000,9.269593,0.000000
300.000000,0.628951,18.029465,99.860449,19.776670,62.971400,99.713369,99.556969,47.167881,4.000000,99.574218,215.200000,7.992857,0.000000
290.000000,0.653233,17.398856,99.899056,16.549624,58.076484,99.907956,99.848158,48.682857,4.000000,99.807105,208.000000,10.000000,1.000000
250.000000,0.706459,18.450593,99.823774,19.692023,63.495550,99.703893,99.542928,48.278207,3.000000,99.528189,179.800000,7.791410,0.000000
210.000000,0.733205,16.739910,99.812022,16.607559,60.193723,99.714116,99.526996,46.844856,3.000000,99.526674,151.600000,10.000000,1.000000
270.000000,0.701829,17.657093,99.764095,19.411493,63.433788,99.710881,99.550110,46.548559,4.000000,99.475659,194.200000,7.119432,0.000000
210.000000,0.719579,19.821268,99.764870,18.647356,62.237845,99.767354,99.636203,52.763177,3.000000,99.532771,151.600000,5.253856,0.000000
300.000000,0.714904,19.428555,99.747043,16.575301,55.308555,99.979321,99.966000,53.943815,4.000000,99.726416,215.200000,10.000000,1.000000
290.000000,0.575005,21.916238,99.593039,16.548352,52.329978,99.969456,99.949156,60.451497,4.000000,99.562619,208.000000,10.000000,1.000000
240.000000,0.656118,20.493382,99.714499,19.926043,61.845667,99.756258,99.621600,53.033308,3.000000,99.471452,173.200000,8.346876,0.000000
320.000000,0.701030,16.731487,99.751286,19.010796,63.321950,99.771698,99.643643,44.597062,4.000000,99.523552,229.600000,6.147716,0.000000
290.000000,0.657456,20.720592,99.690234,20.934011,61.088408,99.814562,99.720500,52.463427,4.000000,99.505370,208.000000,10.688627,0.000000
200.000000,0.731629,21.913633,99.523048,19.744901,60.937924,99.758841,99.632691,56.640690,3.000000,99.283039,145.000000,7.917323,0.000000
310.000000,0.665843,18.429665,99.511484,19.641425,61.916316,99.818088,99.720184,48.125510,4.000000,99.330461,222.400000,7.670706,0.000000
300.000000,0.747627,21.086301,99.581519,18.735166,59.221424,99.971431,99.955065,55.766778,4.000000,99.553070,215.200000,5.470931,0.000000
230.000000,0.690795,21.499673,99.593247,19.055066,60.478481,99.867273,99.791321,56.449118,3.000000,99.461061,166.000000,6.255774,0.000000
300.000000,0.629439,17.572007,99.577367,16.600675,57.321823,99.913126,99.856843,48.933480,4.000000,99.490861,215.200000,10.000000,1.000000
210.000000,0.729440,20.181394,99.886452,18.725767,62.135964,99.778836,99.658410,53.655923,3.000000,99.665539,151.600000,5.447731,0.000000
270.000000,0.737467,19.060619,99.578891,20.237173,62.348107,99.784152,99.673301,49.112523,4.000000,99.363951,194.200000,9.078354,0.000000
300.000000,0.656965,20.692227,99.933418,19.457930,60.493577,99.915345,99.868282,54.161330,4.000000,99.848820,215.200000,7.231133,0.000000
290.000000,0.676124,18.378559,99.552631,19.244864,62.113055,99.818441,99.717451,48.410926,4.000000,99.371884,208.000000,6.717068,0.000000
310.000000,0.623391,16.795167,99.926252,18.693208,63.470319,99.714215,99.545832,45.125772,4.000000,99.640678,222.400000,5.367298,0.000000
270.000000,0.639047,20.710703,99.572902,19.549409,60.534589,99.857615,99.777492,53.910552,4.000000,99.431124,194.200000,7.450636,0.000000
310.000000,0.703691,19.819153,99.668598,20.199854,61.161879,99.884637,99.825216,51.055133,4.000000,99.553617,222.400000,8.991032,0.000000
290.000000,0.606400,19.744755,99.932633,19.639676,61.608727,99.813707,99.710127,51.602186,4.000000,99.746465,208.000000,7.666530,0.000000
260.000000,0.697103,17.386263,99.524302,18.607461,63.062687,99.738464,99.584492,46.517809,4.000000,99.264011,187.000000,5.154996,0.000000
300.000000,0.648056,20.423264,99.746152,18.813935,60.095920,99.928060,99.886384,54.095599,4.000000,99.674395,215.200000,5.665050,0.000000
310.000000,0.571205,20.234509,99.785252,19.923908,60.809707,99.823230,99.726240,52.434052,4.000000,99.608862,222.400000,8.341828,0.000000
290.000000,0.746045,17.337350,99.574871,19.650853,63.295036,99.741008,99.602271,45.440057,4.000000,99.316979,208.000000,7.693213,0.000000
280.000000,0.680565,20.169823,99.558299,19.430771,60.760238,99.887176,99.824539,52.687920,4.000000,99.445973,201.400000,7.165826,0.000000
280.000000,0.737368,15.935871,99.936837,16.603962,60.042781,99.849268,99.749526,44.780776,4.000000,99.786200,201.400000,10.000000,1.000000
230.000000,0.640582,21.335791,99.619785,19.947898,61.176955,99.756039,99.619442,55.034639,3.000000,99.376752,166.000000,8.398518,0.000000
230.000000,0.682033,20.090808,99.753163,19.519220,62.183337,99.760594,99.627517,52.498629,3.000000,99.514348,166.000000,7.378278,0.000000
280.000000,0.734226,20.917093,99.757216,19.472280,60.381916,99.931106,99.893621,54.610207,4.000000,99.688489,201.400000,7.265615,0.000000
300.000000,0.654290,17.447395,99.724113,16.598283,57.659153,99.920399,99.868970,48.679080,4.000000,99.644732,215.200000,10.000000,1.000000
270.000000,0.701950,17.082205,99.586199,18.674402,63.312010,99.734461,99.579017,45.715019,4.000000,99.321759,194.200000,5.320793,0.000000
320.000000,0.683475,19.000084,99.745175,19.666975,61.569450,99.880276,99.816636,49.628607,4.000000,99.625757,229.600000,7.731684,0.000000
260.000000,0.594062,20.191840,99.666885,19.883844,61.467993,99.729606,99.577661,52.309954,4.000000,99.397392,187.000000,8.247052,0.000000
320.000000,0.674903,16.533169,99.552983,16.557403,58.223992,99.914381,99.858936,46.224469,4.000000,99.467747,229.600000,10.000000,1.000000
300.000000,0.602098,17.913174,99.629085,19.032607,62.374488,99.750260,99.606776,47.489793,4.000000,99.380272,215.200000,6.200976,0.000000
300.000000,0.697184,19.103831,99.535682,19.196864,61.248377,99.892553,99.833188,50.263490,4.000000,99.428734,215.200000,6.600710,0.000000
310.000000,0.691536,21.397607,99.553963,19.530599,59.239216,99.951668,99.924864,55.627139,4.000000,99.505847,222.400000,7.405563,0.000000
300.000000,0.719229,17.610654,99.837339,20.091933,63.466277,99.723265,99.579799,45.819132,4.000000,99.561054,215.200000,8.737873,0.000000
290.000000,0.614923,18.212109,99.571464,19.011784,62.163503,99.766830,99.632667,48.232946,4.000000,99.339294,208.000000,6.150129,0.000000
320.000000,0.724238,19.470077,99.555032,19.291579,60.681213,99.935243,99.900100,51.090134,4.000000,99.490563,229.600000,6.830118,0.000000
220.000000,0.722155,19.947165,99.644241,19.460796,62.289305,99.750712,99.615127,52.146642,3.000000,99.395840,158.800000,7.238022,0.000000
270.000000,0.647330,20.026057,99.543551,20.421269,61.555216,99.760170,99.632904,51.260586,4.000000,99.304816,194.200000,9.507479,0.000000
260.000000,0.731697,18.710062,99.526325,20.340498,62.792650,99.710111,99.560509,48.125049,4.000000,99.237809,187.000000,9.319537,0.000000
240.000000,0.705787,17.988131,99.856283,18.843932,63.629797,99.713166,99.548212,47.970400,3.000000,99.569861,173.200000,5.738827,0.000000
300.000000,0.631311,21.727693,99.589335,18.737294,58.653353,99.949798,99.920063,57.388291,4.000000,99.539339,215.200000,5.476184,0.000000
270.000000,0.574208,21.674528,99.772660,20.888352,60.680790,99.734502,99.592264,54.865723,4.000000,99.507766,194.200000,10.584269,0.000000
280.000000,0.741996,18.418316,99.570420,19.929437,62.595594,99.790717,99.681515,47.840647,4.000000,99.362036,201.400000,8.354898,0.000000
310.000000,0.741051,19.254181,99.577181,16.580188,55.141745,99.984907,99.975233,53.387137,4.000000,99.562152,222.400000,10.000000,1.000000
260.000000,0.683648,17.671354,99.635241,16.516423,57.849967,99.897610,99.830849,49.305672,4.000000,99.533224,187.000000,10.000000,1.000000
240.000000,0.711734,21.613553,99.727661,18.565667,60.061796,99.919639,99.872988,57.378348,3.000000,99.647519,173.200000,5.051269,0.000000
260.000000,0.721710,19.863612,99.512307,20.280593,61.742614,99.801712,99.698894,50.998112,4.000000,99.314986,187.000000,9.179810,0.000000
270.000000,0.637118,19.026386,99.845317,19.321759,62.266715,99.777955,99.652268,50.097547,4.000000,99.623615,194.200000,6.903051,0.000000
310.000000,0.563359,19.872699,99.656816,18.860274,60.353508,99.868600,99.792010,52.608662,4.000000,99.525867,222.400000,5.778983,0.000000
290.000000,0.605843,21.022627,99.706108,20.735755,60.753371,99.799065,99.693506,53.424332,4.000000,99.505763,208.000000,10.234342,0.000000
250.000000,0.747259,19.698982,99.682998,19.810172,62.276924,99.815884,99.719168,51.179498,3.000000,99.499466,179.800000,8.072418,0.000000
290.000000,0.676928,21.448434,99.750729,18.872567,59.375852,99.949820,99.920647,56.619412,4.000000,99.700673,208.000000,5.809173,0.000000
270.000000,0.694312,18.315246,99.811456,19.076258,62.721212,99.797688,99.683693,48.544963,4.000000,99.609525,194.200000,6.307440,0.000000
270.000000,0.661121,21.756174,99.522817,18.991539,59.204909,99.927990,99.885979,57.126118,4.000000,99.451150,194.200000,6.100656,0.000000
270.000000,0.726325,19.685738,99.912904,18.778095,61.436259,99.905573,99.852534,52.358653,4.000000,99.818560,194.200000,5.576799,0.000000
250.000000,0.694699,20.135126,99.819561,19.930238,62.146952,99.799285,99.691760,52.199753,3.000000,99.619209,179.800000,8.356791,0.000000
270.000000,0.593665,21.371676,99.748460,19.236854,60.000585,99.862760,99.782791,56.007342,4.000000,99.611565,194.200000,6.697665,0.000000
220.000000,0.634451,21.299503,99.839564,19.513490,61.423365,99.751593,99.609836,55.561891,3.000000,99.591556,158.800000,7.364536,0.000000
220.000000,0.664444,21.008524,99.514555,19.748565,61.370711,99.745340,99.602793,54.394578,3.000000,99.261131,158.800000,7.926037,0.000000
270.000000,0.661015,20.856850,99.512253,16.593018,53.821033,99.968552,99.947960,57.559412,4.000000,99.480958,194.200000,10.000000,1.000000
300.000000,0.644401,17.097276,99.625556,18.597560,62.870209,99.758307,99.616349,45.842422,4.000000,99.384767,215.200000,5.130439,0.000000
300.000000,0.727856,21.457263,99.731200,16.556222,52.873459,99.992338,99.987341,59.313728,4.000000,99.723558,215.200000,10.000000,1.000000
240.000000,0.710565,19.535966,99.578294,19.803137,62.419830,99.756655,99.625286,50.730465,3.000000,99.335975,173.200000,8.055721,0.000000
320.000000,0.670386,18.425632,99.557706,20.478138,62.240944,99.764406,99.645557,47.309252,4.000000,99.323154,229.600000,9.639494,0.000000
300.000000,0.630691,20.882973,99.510250,19.321048,59.684704,99.912669,99.863169,54.559029,4.000000,99.423347,215.200000,6.901333,0.000000
310.000000,0.634158,21.145900,99.940809,19.490809,59.951793,99.926416,99.885249,55.260855,4.000000,99.867268,222.400000,7.310109,0.000000
300.000000,0.716878,17.139004,99.730337,19.784102,63.603213,99.701297,99.541322,44.895249,4.000000,99.432440,215.200000,8.010514,0.000000
280.000000,0.667067,21.549730,99.600265,20.290078,60.074926,99.882958,99.820305,55.157400,4.000000,99.483691,201.400000,9.201952,0.000000
320.000000,0.662829,19.794854,99.681259,20.639131,61.263413,99.842295,99.762913,50.535866,4.000000,99.524058,229.600000,10.011841,0.000000
210.000000,0.603478,21.781197,99.841050,16.595845,54.443457,99.884887,99.808839,60.188524,3.000000,99.726120,151.600000,10.000000,1.000000
300.000000,0.660826,19.132141,99.850140,18.839695,61.430943,99.891480,99.829607,50.861800,4.000000,99.741782,215.200000,5.728411,0.000000
310.000000,0.728291,21.749348,99.737930,20.074034,59.476623,99.954079,99.929775,55.973556,4.000000,99.692130,222.400000,8.695795,0.000000
260.000000,0.572806,20.839521,99.610110,16.519043,54.101846,99.928982,99.881834,57.654365,4.000000,99.539369,187.000000,10.000000,1.000000
220.000000,0.589011,21.511787,99.585137,18.740958,60.427190,99.773049,99.635017,56.836503,3.000000,99.359127,158.800000,5.485226,0.000000
300.000000,0.675097,17.529738,99.807685,19.328419,63.123044,99.760649,99.628186,46.329780,4.000000,99.568795,215.200000,6.919135,0.000000
260.000000,0.630179,20.965048,99.519596,18.882208,60.004468,99.878373,99.806746,55.261023,4.000000,99.398553,187.000000,5.832844,0.000000
280.000000,0.729606,18.082892,99.818874,18.870437,62.666489,99.843331,99.755448,48.165809,4.000000,99.662489,201.400000,5.803943,0.000000
310.000000,0.648896,21.736197,99.734723,20.218698,59.565418,99.919494,99.876272,55.771448,4.000000,99.654430,222.400000,9.035137,0.000000
270.000000,0.641706,20.371790,99.685254,19.362767,60.876253,99.854385,99.771804,53.332678,4.000000,99.540097,194.200000,7.002024,0.000000
290.000000,0.614859,20.366277,99.566940,20.636839,61.088885,99.775641,99.657919,51.867492,4.000000,99.343553,208.000000,10.006554,0.000000
290.000000,0.617687,21.526301,99.885013,19.181096,59.682569,99.916504,99.868231,56.535999,4.000000,99.801614,208.000000,6.562441,0.000000
250.000000,0.741835,21.352493,99.838488,18.874257,60.495786,99.924116,99.881777,56.425093,3.000000,99.762727,179.800000,5.813323,0.000000
270.000000,0.632618,21.974000,99.920447,20.966019,60.655190,99.810158,99.711162,55.581398,4.000000,99.730756,194.200000,10.761687,0.000000
320.000000,0.725060,21.859225,99.507971,20.869389,59.335642,99.938536,99.907790,55.187981,4.000000,99.446809,229.600000,10.540882,0.000000
240.000000,0.736391,20.525384,99.853316,20.507109,62.296978,99.766372,99.650472,52.546775,3.000000,99.620031,173.200000,9.706648,0.000000
240.000000,0.679697,21.818965,99.631333,20.374982,60.843194,99.813371,99.713607,55.734547,3.000000,99.445392,173.200000,9.399840,0.000000
240.000000,0.635662,21.886378,99.918897,20.282311,61.119965,99.785258,99.668052,56.169032,3.000000,99.704329,173.200000,9.183820,0.000000
270.000000,0.676159,18.914898,99.705553,16.599488,56.348447,99.943343,99.906697,52.540504,4.000000,99.649063,194.200000,10.000000,1.000000
240.000000,0.619424,21.361189,99.550951,20.166267,61.017749,99.750770,99.612071,54.810245,3.000000,99.302840,173.200000,8.912345,0.000000
300.000000,0.746316,17.330897,99.540002,19.134708,62.838399,99.816045,99.715110,45.890981,4.000000,99.356893,215.200000,6.449730,0.000000
300.000000,0.694728,18.690124,99.714030,20.010349,62.291491,99.810274,99.711070,48.498914,4.000000,99.524847,215.200000,8.545864,0.000000
240.000000,0.625160,20.835414,99.882663,19.094707,61.302405,99.811324,99.701197,54.897401,3.000000,99.694208,173.200000,6.352385,0.000000
310.000000,0.738438,15.974309,99.676930,18.658357,63.882238,99.726640,99.565592,42.967113,4.000000,99.404453,222.400000,5.281092,0.000000
280.000000,0.683575,19.423608,99.862963,19.914055,62.089739,99.818335,99.721314,50.481274,4.000000,99.681547,201.400000,8.318533,0.000000
320.000000,0.579050,18.572274,99.903444,19.089896,61.861346,99.812076,99.705261,49.222602,4.000000,99.715702,229.600000,6.340667,0.000000
230.000000,0.658310,20.287046,99.922012,19.374033,62.158697,99.759645,99.623936,53.235082,3.000000,99.681844,166.000000,7.029186,0.000000
250.000000,0.693307,20.664004,99.589668,20.388320,61.622972,99.790983,99.680918,52.876733,3.000000,99.381509,179.800000,9.430875,0.000000
220.000000,0.741958,21.413265,99.681590,20.257251,61.519841,99.774003,99.659912,54.905912,3.000000,99.456313,158.800000,9.125287,0.000000
260.000000,0.704848,20.673209,99.872416,19.677471,61.200096,99.870037,99.799789,53.837300,4.000000,99.742619,187.000000,7.756717,0.000000
260.000000,0.639563,21.225691,99.577577,20.887731,60.968065,99.756888,99.629424,53.675218,4.000000,99.335492,187.000000,10.582849,0.000000
310.000000,0.743128,18.332651,99.516430,20.623107,62.482636,99.778985,99.671153,46.920501,4.000000,99.296484,222.400000,9.974872,0.000000
280.000000,0.731454,18.177700,99.667807,18.977076,62.439015,99.844957,99.758499,48.227198,4.000000,99.513279,201.400000,6.065292,0.000000
290.000000,0.674898,18.422853,99.920263,19.969743,62.943008,99.755047,99.624979,47.979896,4.000000,99.675505,208.000000,8.450094,0.000000
310.000000,0.704778,18.879941,99.858383,19.308466,61.789336,99.892561,99.834205,49.751243,4.000000,99.751096,222.400000,6.870936,0.000000
280.000000,0.689290,20.827062,99.908547,20.125435,61.023862,99.877633,99.812960,53.738800,4.000000,99.786292,201.400000,8.816562,0.000000
320.000000,0.659986,19.087433,99.899413,19.056845,61.355901,99.903105,99.849057,50.550178,4.000000,99.802616,229.600000,6.260114,0.000000
310.000000,0.651448,19.271745,99.703477,20.626387,61.906790,99.781305,99.670330,49.288770,4.000000,99.485431,222.400000,9.982440,0.000000
310.000000,0.594886,18.275783,99.643851,19.068915,61.928654,99.788720,99.668266,48.371666,4.000000,99.433323,222.400000,6.289543,0.000000
280.000000,0.585263,21.334176,99.674514,20.224273,60.329991,99.811578,99.707941,54.745869,4.000000,99.486706,201.400000,9.048181,0.000000
230.000000,0.657212,20.121505,99.702993,19.870641,62.281179,99.703727,99.539272,52.169465,3.000000,99.407600,166.000000,8.215787,0.000000
300.000000,0.715785,20.496622,99.906905,20.666497,61.274155,99.878384,99.817914,52.329478,4.000000,99.785402,215.200000,10.074931,0.000000
280.000000,0.670584,18.405289,99.942806,19.406292,62.842199,99.780461,99.659014,48.507170,4.000000,99.723392,201.400000,7.106910,0.000000
240.000000,0.651796,20.359807,99.836902,18.641897,61.369522,99.840932,99.746918,54.172953,3.000000,99.678093,173.200000,5.240339,0.000000
320.000000,0.667268,17.625499,99.709355,20.230322,63.051217,99.704828,99.552010,45.665312,4.000000,99.415041,229.600000,9.062331,0.000000
270.000000,0.718352,19.314154,99.894580,16.583769,56.111040,99.962123,99.937787,53.712097,4.000000,99.856743,194.200000,10.000000,1.000000
310.000000,0.571397,20.057548,99.703710,18.882915,60.259982,99.880047,99.810233,53.075130,4.000000,99.584112,222.400000,5.834577,0.000000
270.000000,0.676346,19.869178,99.948961,18.811661,61.341206,99.888153,99.824109,52.806064,4.000000,99.837172,194.200000,5.659454,0.000000
270.000000,0.746139,18.926539,99.700227,20.200702,62.610320,99.780529,99.668226,48.880807,4.000000,99.481414,194.200000,8.993017,0.000000
310.000000,0.683795,20.219116,99.866243,19.421353,60.647151,99.926461,99.886068,52.984178,4.000000,99.792803,222.400000,7.143165,0.000000
300.000000,0.651276,17.740081,99.833149,19.278377,62.939337,99.760172,99.626158,46.915661,4.000000,99.593721,215.200000,6.798189,0.000000
300.000000,0.603785,19.878749,99.886140,19.257306,61.050582,99.861819,99.783486,52.320081,4.000000,99.748117,215.200000,6.747198,0.000000
290.000000,0.611041,20.712257,99.530033,20.252485,60.543152,99.823676,99.728566,53.113052,4.000000,99.354538,208.000000,9.114148,0.000000
300.000000,0.691903,19.343008,99.646124,20.714229,61.962218,99.795072,99.692765,49.342422,4.000000,99.441920,215.200000,10.184835,0.000000
250.000000,0.597456,21.498069,99.586550,19.622834,60.499295,99.802640,99.689019,55.789046,3.000000,99.390005,179.800000,7.626301,0.000000
250.000000,0.616242,21.283818,99.580571,19.358788,60.521499,99.830968,99.733018,55.554746,3.000000,99.412248,179.800000,6.992427,0.000000
250.000000,0.690143,18.765594,99.769270,16.605619,57.176337,99.921710,99.871151,52.173615,3.000000,99.691160,179.800000,10.000000,1.000000
280.000000,0.571079,20.625619,99.586658,16.583176,54.013126,99.943636,99.906477,57.004118,4.000000,99.530527,201.400000,10.000000,1.000000
280.000000,0.749066,20.200699,99.776351,20.521737,61.595628,99.857879,99.787368,51.698435,4.000000,99.634548,201.400000,9.740531,0.000000
310.000000,0.677047,20.005100,99.903358,19.735941,61.065054,99.902826,99.850653,52.130993,4.000000,99.806278,222.400000,7.896004,0.000000
300.000000,0.722653,19.459271,99.917852,20.020193,61.879719,99.874261,99.809537,50.486111,4.000000,99.792217,215.200000,8.569061,0.000000
310.000000,0.552574,19.426827,99.931459,19.427879,61.463226,99.793540,99.676748,51.032311,4.000000,99.725140,222.400000,7.158868,0.000000
320.000000,0.649546,18.683514,99.541217,19.009587,61.224441,99.882222,99.816286,49.403627,4.000000,99.423979,229.600000,6.144762,0.000000
260.000000,0.590500,21.280871,99.886937,19.901303,60.818850,99.793008,99.676328,55.099649,4.000000,99.680179,187.000000,8.288368,0.000000
270.000000,0.590706,19.940933,99.759273,20.003869,61.709896,99.724867,99.572131,51.610128,4.000000,99.484803,194.200000,8.530591,0.000000
280.000000,0.694095,21.861280,99.714764,19.207038,59.329412,99.945018,99.913676,57.248590,4.000000,99.659939,201.400000,6.625389,0.000000
260.000000,0.711961,17.544148,99.686659,18.763287,63.229164,99.751136,99.607213,46.845749,4.000000,99.438575,187.000000,5.540299,0.000000
230.000000,0.665711,21.389492,99.578604,19.229419,60.663361,99.835863,99.741478,55.964999,3.000000,99.415159,166.000000,6.679649,0.000000
230.000000,0.626444,21.935260,99.590229,19.075482,60.113884,99.834439,99.736546,57.516281,3.000000,99.425346,166.000000,6.305548,0.000000
310.000000,0.672128,17.297769,99.856671,19.446718,63.315187,99.740009,99.597221,45.661433,4.000000,99.597053,222.400000,7.204182,0.000000
280.000000,0.708184,20.914310,99.814553,19.496309,60.474756,99.919729,99.875627,54.607719,4.000000,99.734430,201.400000,7.323311,0.000000
270.000000,0.643067,20.511300,99.745538,16.528147,54.488178,99.961579,99.936370,56.854897,4.000000,99.707215,194.200000,10.000000,1.000000
270.000000,0.735414,21.348612,99.588872,19.706356,60.080862,99.922479,99.880716,55.324488,4.000000,99.511671,194.200000,7.825563,0.000000
290.000000,0.595376,19.599597,99.890333,19.212411,61.443719,99.827085,99.728315,51.670101,4.000000,99.717608,208.000000,6.638420,0.000000
290.000000,0.732184,16.664607,99.839046,18.619821,63.719756,99.766167,99.630426,44.822127,4.000000,99.605590,208.000000,5.185641,0.000000
280.000000,0.557332,20.173284,99.874835,19.415835,61.176332,99.780036,99.653435,52.880268,4.000000,99.655146,201.400000,7.129883,0.000000
200.000000,0.662130,21.606800,99.898780,19.532089,61.576144,99.704173,99.541131,56.339442,3.000000,99.603253,145.000000,7.409132,0.000000
270.000000,0.640970,21.843797,99.596586,19.830501,59.732653,99.883196,99.817874,56.410031,4.000000,99.480253,194.200000,8.120652,0.000000
280.000000,0.562841,21.908825,99.608335,19.896253,59.562756,99.837536,99.745500,56.500438,4.000000,99.446507,201.400000,8.276421,0.000000
280.000000,0.717040,21.101826,99.775752,18.965343,59.933698,99.945688,99.914837,55.654135,4.000000,99.721562,201.400000,6.036585,0.000000
290.000000,0.733535,21.554098,99.761313,19.000657,59.377484,99.963798,99.943287,56.743985,4.000000,99.725198,208.000000,6.122942,0.000000
290.000000,0.700683,20.187243,99.547675,20.111833,60.949477,99.875555,99.810134,51.989821,4.000000,99.423794,208.000000,8.784625,0.000000
230.000000,0.695602,19.881488,99.714322,19.443135,62.269706,99.765027,99.634717,52.038553,3.000000,99.480021,166.000000,7.195565,0.000000
290.000000,0.677140,18.514123,99.766485,18.951269,62.109032,99.848821,99.763328,49.147597,4.000000,99.615659,208.000000,6.002139,0.000000
180.000000,0.627567,20.972079,99.689551,16.510033,55.639885,99.786821,99.648161,58.060875,3.000000,99.477034,130.600000,10.000000,1.000000
270.000000,0.703057,18.179553,99.580804,19.746114,62.888501,99.731680,99.586361,47.436667,4.000000,99.313609,194.200000,7.920207,0.000000
270.000000,0.581357,20.905997,99.579023,19.829958,60.531795,99.792193,99.674939,54.085313,4.000000,99.372090,194.200000,8.119365,0.000000
320.000000,0.620131,21.110836,99.860941,18.754966,59.252326,99.949848,99.920472,55.962918,4.000000,99.810858,229.600000,5.519781,0.000000
250.000000,0.683069,19.204242,99.622421,19.907251,62.678143,99.727571,99.579467,49.825788,3.000000,99.351021,179.800000,8.302441,0.000000
290.000000,0.720366,21.994061,99.769751,20.666232,59.956351,99.917734,99.875817,55.898179,4.000000,99.687675,208.000000,10.074322,0.000000
270.000000,0.680481,18.807519,99.617413,18.833056,61.873683,99.840901,99.749569,49.931770,4.000000,99.458923,194.200000,5.712087,0.000000
260.000000,0.731261,20.399757,99.616962,18.758245,60.553258,99.918819,99.872528,54.027243,4.000000,99.536092,187.000000,5.527867,0.000000
300.000000,0.601562,19.095519,99.665928,20.414261,62.070669,99.708082,99.553676,49.059393,4.000000,99.374985,215.200000,9.491193,0.000000
270.000000,0.593917,21.436810,99.868906,19.096294,60.013748,99.872465,99.797598,56.399802,4.000000,99.741538,194.200000,6.356250,0.000000
250.000000,0.730939,21.759903,99.788184,19.005507,60.157289,99.927442,99.886844,57.271540,3.000000,99.715780,179.800000,6.134795,0.000000
280.000000,0.646450,19.121005,99.898666,20.401256,62.650625,99.714934,99.564831,49.249702,4.000000,99.613889,201.400000,9.460961,0.000000
310.000000,0.684433,19.871089,99.926588,20.509567,61.614955,99.855012,99.781642,50.984301,4.000000,99.781707,222.400000,9.712345,0.000000
280.000000,0.566167,21.823100,99.675995,20.886081,60.256188,99.762444,99.635487,55.174362,4.000000,99.439209,201.400000,10.579076,0.000000
270.000000,0.594591,19.041378,99.507177,19.243785,61.761291,99.740134,99.590289,50.045002,4.000000,99.248592,194.200000,6.714456,0.000000
310.000000,0.639843,19.124687,99.913272,19.137679,61.544127,99.875051,99.805024,50.567556,4.000000,99.788432,222.400000,6.456955,0.000000
220.000000,0.726909,21.877510,99.901489,20.736747,61.672770,99.740740,99.616137,55.605770,3.000000,99.642485,158.800000,10.236624,0.000000
240.000000,0.683158,21.171099,99.721244,20.661618,61.655394,99.758534,99.632825,53.876590,3.000000,99.480452,173.200000,10.063687,0.000000
220.000000,0.563370,21.108724,99.886551,16.570330,55.085304,99.856961,99.761496,58.467865,3.000000,99.743674,158.800000,10.000000,1.000000
240.000000,0.736947,20.806621,99.756965,19.403267,61.339032,99.865507,99.792947,54.411766,3.000000,99.622799,173.200000,7.099626,0.000000
260.000000,0.730345,20.441021,99.550856,16.568809,54.512733,99.973336,99.956153,56.513217,4.000000,99.524311,187.000000,10.000000,1.000000
280.000000,0.586781,21.964188,99.884249,18.644116,59.087197,99.916646,99.866385,58.267003,4.000000,99.800992,201.400000,5.245835,0.000000
310.000000,0.699617,20.546496,99.806520,18.734093,59.846244,99.959598,99.936351,54.527908,4.000000,99.766196,222.400000,5.468283,0.000000
320.000000,0.556635,20.933653,99.575588,20.351516,59.976312,99.830870,99.739986,53.568466,4.000000,99.407176,229.600000,9.345205,0.000000
300.000000,0.620821,19.774645,99.542406,18.650002,60.313273,99.901177,99.843393,52.524822,4.000000,99.444035,215.200000,5.260408,0.000000
230.000000,0.686263,21.787642,99.891613,19.708488,61.015666,99.832588,99.741849,56.580315,3.000000,99.724383,166.000000,7.830642,0.000000
240.000000,0.660982,19.332043,99.915646,19.062499,62.645589,99.763192,99.627515,51.168162,3.000000,99.679038,173.200000,6.273900,0.000000
300.000000,0.612564,19.532610,99.626874,18.650538,60.648136,99.887913,99.822392,51.956370,4.000000,99.515205,215.200000,5.261735,0.000000
290.000000,0.710239,18.905465,99.737109,18.892970,61.675933,99.893253,99.833257,50.177882,4.000000,99.630642,208.000000,5.859253,0.000000
270.000000,0.558314,19.535394,99.790578,19.166969,61.655385,99.736013,99.581573,51.505388,4.000000,99.527144,194.200000,6.528136,0.000000
240.000000,0.627463,21.030824,99.588173,20.524118,61.531595,99.705728,99.546005,53.618722,3.000000,99.295113,173.200000,9.746046,0.000000
290.000000,0.595592,21.798930,99.705004,20.705525,60.065677,99.829536,99.738808,55.342121,4.000000,99.535043,208.000000,10.164809,0.000000
310.000000,0.740716,19.761189,99.821471,20.389015,61.510383,99.889643,99.834700,50.790384,4.000000,99.711310,222.400000,9.432490,0.000000
260.000000,0.738680,20.092317,99.808225,20.607051,62.100535,99.793324,99.690687,51.358628,4.000000,99.601946,187.000000,9.937807,0.000000
250.000000,0.717632,21.955228,99.862487,20.177845,60.774478,99.874176,99.808711,56.428806,3.000000,99.736835,179.800000,8.939480,0.000000
240.000000,0.657834,18.867692,99.806039,16.506394,57.205882,99.896485,99.828843,52.565184,3.000000,99.702725,173.200000,10.000000,1.000000
320.000000,0.651415,21.325877,99.670508,19.841956,59.472211,99.934018,99.898011,55.158952,4.000000,99.604743,229.600000,8.147816,0.000000
300.000000,0.668903,17.854907,99.519363,18.577779,62.006402,99.846528,99.757886,47.729761,4.000000,99.366629,215.200000,5.081345,0.000000
260.000000,0.606565,21.329583,99.933648,18.828291,60.190931,99.876153,99.802639,56.473663,4.000000,99.809883,187.000000,5.700369,0.000000
300.000000,0.638437,20.507540,99.744041,20.438115,60.937381,99.844155,99.762492,52.521529,4.000000,99.588595,215.200000,9.546612,0.000000
320.000000,0.612488,19.581118,99.783794,19.143776,60.801421,99.890600,99.828955,51.640995,4.000000,99.674630,229.600000,6.471778,0.000000
230.000000,0.591318,20.577480,99.944819,19.290491,61.893983,99.709762,99.539429,54.066096,3.000000,99.654742,166.000000,6.827488,0.000000
310.000000,0.712929,18.659086,99.605958,18.928468,61.436709,99.907652,99.856307,49.455950,4.000000,99.513974,222.400000,5.946293,0.000000
280.000000,0.678008,19.849028,99.577443,20.076334,61.417099,99.828922,99.737880,51.212933,4.000000,99.407088,201.400000,8.701203,0.000000
310.000000,0.638956,19.300170,99.916055,19.422320,61.549144,99.866442,99.792836,50.713847,4.000000,99.782609,222.400000,7.145493,0.000000
290.000000,0.584854,18.535918,99.607206,19.175628,62.011142,99.746153,99.600344,48.899893,4.000000,99.354356,208.000000,6.549164,0.000000
280.000000,0.668736,21.403736,99.633571,19.420362,59.759269,99.918432,99.872378,55.812974,4.000000,99.552301,201.400000,7.140781,0.000000
310.000000,0.687125,20.951385,99.532130,19.067943,59.331932,99.954912,99.929278,55.025290,4.000000,99.487253,222.400000,6.287172,0.000000
300.000000,0.715500,16.777908,99.721666,19.307109,63.686168,99.714422,99.555514,44.431048,4.000000,99.436883,215.200000,6.867657,0.000000
260.000000,0.722263,20.931571,99.544643,19.820511,60.618318,99.884205,99.822006,54.140323,4.000000,99.429376,187.000000,8.096954,0.000000
280.000000,0.694934,21.000774,99.875016,20.694212,61.121190,99.854281,99.780269,53.508469,4.000000,99.729479,201.400000,10.138768,0.000000
280.000000,0.644826,21.642638,99.648848,20.957520,60.405129,99.828957,99.740582,54.640648,4.000000,99.478405,201.400000,10.742296,0.000000
320.000000,0.599982,21.445180,99.858760,20.981540,60.220523,99.850551,99.774070,54.250674,4.000000,99.709522,229.600000,10.797089,0.000000
300.000000,0.630743,21.640921,99.851592,18.560161,58.949979,99.952720,99.924484,57.525582,4.000000,99.804382,215.200000,5.037591,0.000000
200.000000,0.749304,17.449319,99.571239,16.570712,59.186419,99.749888,99.587324,48.635963,3.000000,99.322200,145.000000,10.000000,1.000000
290.000000,0.565053,20.263008,99.915097,20.450190,61.552960,99.727996,99.581270,52.000296,4.000000,99.643325,208.000000,9.574648,0.000000
310.000000,0.588784,19.883244,99.838185,20.320104,61.397739,99.790740,99.679615,51.171089,4.000000,99.629263,222.400000,9.272000,0.000000
300.000000,0.597145,19.103239,99.601819,18.745366,61.071608,99.850271,99.763036,50.759501,4.000000,99.452685,215.200000,5.496100,0.000000
280.000000,0.695679,21.869911,99.645401,19.442861,59.375422,99.939657,99.905768,56.954811,4.000000,99.585272,201.400000,7.194906,0.000000
300.000000,0.707259,20.759035,99.771483,19.769468,60.394737,99.927214,99.888055,53.893562,4.000000,99.698863,215.200000,7.975740,0.000000
280.000000,0.657369,21.774625,99.666711,20.625718,60.145281,99.864817,99.793609,55.354635,4.000000,99.531978,201.400000,9.980897,0.000000
310.000000,0.641692,21.935928,99.927273,19.510463,59.236696,99.944949,99.913904,57.201380,4.000000,99.872262,222.400000,7.357276,0.000000
310.000000,0.684271,17.697651,99.808650,19.623352,62.971953,99.774895,99.653973,46.467960,4.000000,99.583975,222.400000,7.627538,0.000000
270.000000,0.695821,21.686073,99.935738,20.611522,60.736309,99.868028,99.800527,55.304718,4.000000,99.803851,194.200000,9.948130,0.000000
260.000000,0.717249,19.959553,99.857160,19.431038,61.670233,99.860735,99.784925,52.320900,4.000000,99.718094,187.000000,7.166469,0.000000
270.000000,0.718177,21.647515,99.542183,20.604150,60.244733,99.881849,99.821173,55.001805,4.000000,99.424573,194.200000,9.931109,0.000000
260.000000,0.745496,19.335650,99.889181,18.816115,61.907076,99.880648,99.814389,51.420634,4.000000,99.769961,187.000000,5.670415,0.000000
270.000000,0.606875,20.559296,99.778812,20.743120,61.569964,99.718692,99.569639,52.330369,4.000000,99.498126,194.200000,10.251272,0.000000
320.000000,0.624558,20.498729,99.609026,20.179017,60.312265,99.879665,99.815845,52.713003,4.000000,99.489162,229.600000,8.942227,0.000000
290.000000,0.693823,16.906178,99.940917,18.869244,63.778212,99.734302,99.581497,45.252102,4.000000,99.675376,208.000000,5.801015,0.000000
270.000000,0.615185,19.987184,99.512683,20.171158,61.424776,99.744218,99.604736,51.417372,4.000000,99.258147,194.200000,8.923809,0.000000
250.000000,0.731799,19.112588,99.597409,19.936268,62.735856,99.757446,99.629197,49.557539,3.000000,99.355831,179.800000,8.371042,0.000000
210.000000,0.647579,20.739407,99.669247,19.035138,61.561421,99.735558,99.581211,54.605478,3.000000,99.405680,151.600000,6.207153,0.000000
310.000000,0.585051,21.341499,99.602453,20.364483,59.819722,99.856870,99.779913,54.564497,4.000000,99.459892,222.400000,9.375401,0.000000
210.000000,0.639815,20.992697,99.514129,18.762339,60.963801,99.763367,99.622144,55.462299,3.000000,99.278646,151.600000,5.537961,0.000000
280.000000,0.630431,21.483160,99.715341,19.145975,59.630242,99.912768,99.862241,56.372263,4.000000,99.628358,201.400000,6.477125,0.000000
300.000000,0.745285,21.053722,99.547002,19.216999,59.514234,99.961689,99.940443,55.122196,4.000000,99.508865,215.200000,6.649545,0.000000
270.000000,0.742142,20.463357,99.562274,20.555925,61.263512,99.846766,99.769733,52.189235,4.000000,99.409710,194.200000,9.819655,0.000000
310.000000,0.572887,18.390569,99.806536,19.516162,62.288105,99.732960,99.583517,48.295302,4.000000,99.540013,222.400000,7.370944,0.000000
230.000000,0.637203,20.313192,99.621028,18.702815,61.327799,99.799506,99.680148,53.871365,3.000000,99.421294,166.000000,5.391041,0.000000
310.000000,0.573375,20.800409,99.588789,20.573806,60.386160,99.807169,99.705121,53.003036,4.000000,99.396751,222.400000,9.861002,0.000000
290.000000,0.640375,20.125630,99.519751,20.119302,60.973486,99.830359,99.739422,51.816051,4.000000,99.350925,208.000000,8.802165,0.000000
200.000000,0.626863,19.380550,99.500828,16.532857,56.872693,99.789125,99.649559,53.729155,3.000000,99.291005,145.000000,10.000000,1.000000
280.000000,0.553614,20.763843,99.691350,20.557130,61.024113,99.708128,99.549534,52.987151,4.000000,99.400379,201.400000,9.822442,0.000000
290.000000,0.713193,19.531112,99.869768,20.141884,61.972125,99.848523,99.770375,50.511248,4.000000,99.718489,208.000000,8.855164,0.000000
310.000000,0.621539,19.211615,99.509548,19.822588,61.303805,99.820377,99.723343,49.874704,4.000000,99.330805,222.400000,8.101882,0.000000
220.000000,0.736019,18.162255,99.601506,18.577303,63.276827,99.706325,99.536072,48.548295,3.000000,99.309002,158.800000,5.080165,0.000000
310.000000,0.649693,21.559981,99.521298,20.611241,59.647307,99.896686,99.842817,54.769573,4.000000,99.418479,222.400000,9.947482,0.000000
320.000000,0.697020,18.017538,99.915451,19.774495,62.748137,99.817920,99.722578,47.166399,4.000000,99.733525,229.600000,7.987688,0.000000
220.000000,0.729856,20.720429,99.805456,19.866744,62.063506,99.761105,99.637621,53.708250,3.000000,99.567026,158.800000,8.206556,0.000000
240.000000,0.634107,20.804659,99.500412,19.920289,61.292748,99.754220,99.616606,53.692242,3.000000,99.255860,173.200000,8.333272,0.000000
260.000000,0.745343,21.084379,99.774808,20.257945,61.024330,99.872418,99.807494,54.150047,4.000000,99.647513,187.000000,9.126910,0.000000
240.000000,0.626088,20.151827,99.835721,19.147870,61.870835,99.771003,99.637778,53.096171,3.000000,99.607100,173.200000,6.481729,0.000000
290.000000,0.667593,21.729293,99.668961,20.149280,59.779547,99.909807,99.861144,55.798261,4.000000,99.579066,208.000000,8.872514,0.000000
290.000000,0.687703,18.196645,99.757572,18.558785,62.148808,99.863234,99.784274,48.729865,4.000000,99.621137,208.000000,5.034172,0.000000
280.000000,0.624794,17.182247,99.587643,16.589348,58.091352,99.863152,99.773445,47.922190,4.000000,99.451359,201.400000,10.000000,1.000000
280.000000,0.634418,20.633358,99.623668,18.551875,59.882495,99.915489,99.865303,54.849303,4.000000,99.539475,201.400000,5.017004,0.000000
260.000000,0.655431,18.403817,99.551969,19.378231,62.619796,99.711904,99.548631,48.341602,4.000000,99.265164,187.000000,7.039307,0.000000
320.000000,0.592759,18.031649,99.549577,18.675487,61.644010,99.822004,99.718755,48.096632,4.000000,99.372383,229.600000,5.323477,0.000000
270.000000,0.654391,20.182517,99.699182,19.159868,60.943368,99.869061,99.794369,53.087490,4.000000,99.568637,194.200000,6.510885,0.000000
230.000000,0.696157,20.471987,99.721567,19.933578,62.036556,99.758775,99.628905,52.976013,3.000000,99.481013,166.000000,8.364683,0.000000
280.000000,0.722356,21.930135,99.505244,18.989055,58.853356,99.959809,99.936751,57.555566,4.000000,99.465252,201.400000,6.094585,0.000000
230.000000,0.572233,20.192812,99.613898,18.678934,61.414273,99.716991,99.544677,53.589169,3.000000,99.331982,166.000000,5.332005,0.000000
270.000000,0.668388,19.566796,99.776478,19.707595,61.900844,99.809406,99.704953,51.008172,4.000000,99.586311,194.200000,7.828515,0.000000
270.000000,0.626165,20.548650,99.738432,19.389789,60.806294,99.848648,99.762491,53.772939,4.000000,99.587476,194.200000,7.067161,0.000000
290.000000,0.672230,21.304513,99.796057,20.776628,60.645096,99.864195,99.794575,54.110385,4.000000,99.660529,208.000000,10.328247,0.000000
230.000000,0.726985,18.544514,99.571653,19.285696,63.154595,99.701897,99.535765,48.794086,3.000000,99.274827,166.000000,6.815891,0.000000
290.000000,0.628596,17.596432,99.791009,18.763954,62.879469,99.750882,99.605428,47.026367,4.000000,99.542412,208.000000,5.541945,0.000000
270.000000,0.636738,18.472062,99.926794,18.825501,62.590570,99.780264,99.652408,49.246129,4.000000,99.707218,194.200000,5.693507,0.000000
280.000000,0.749387,20.908800,99.827525,20.706440,61.141858,99.876521,99.816038,53.245748,4.000000,99.704259,201.400000,10.166914,0.000000
310.000000,0.584424,18.515657,99.537605,18.679852,61.332796,99.826889,99.725856,49.309520,4.000000,99.365294,222.400000,5.334275,0.000000
310.000000,0.628808,19.401526,99.751786,20.913826,61.994438,99.738904,99.607646,49.328847,4.000000,99.491338,222.400000,10.642513,0.000000
290.000000,0.581108,18.373008,99.825373,19.121507,62.421522,99.733162,99.579158,48.652023,4.000000,99.559001,208.000000,6.417620,0.000000
280.000000,0.717760,19.814427,99.810055,20.657342,62.044237,99.807948,99.711949,50.629421,4.000000,99.618368,201.400000,10.053832,0.000000
240.000000,0.682288,21.663868,99.847606,20.519452,61.335634,99.795936,99.689324,55.308526,3.000000,99.643852,173.200000,9.735241,0.000000
230.000000,0.713293,20.492231,99.510616,19.903607,61.721326,99.778237,99.659206,52.946612,3.000000,99.289938,166.000000,8.293820,0.000000
290.000000,0.720147,17.732198,99.697353,16.592285,57.432952,99.946590,99.912325,49.423200,4.000000,99.644104,208.000000,10.000000,1.000000
200.000000,0.726668,20.550165,99.659855,18.925199,61.794387,99.748775,99.610632,54.246238,3.000000,99.409484,145.000000,5.938282,0.000000
310.000000,0.586540,21.091506,99.519531,20.035221,59.754470,99.869358,99.797911,54.279639,4.000000,99.389516,222.400000,8.604460,0.000000
260.000000,0.689247,21.455380,99.707111,18.653642,59.658576,99.931476,99.891231,56.863999,4.000000,99.638788,187.000000,5.269421,0.000000
300.000000,0.624282,20.176543,99.513943,20.533196,60.971146,99.804108,99.701781,51.491357,4.000000,99.319003,215.200000,9.767062,0.000000
310.000000,0.613879,19.260800,99.650059,20.727415,61.896149,99.728588,99.589564,49.131334,4.000000,99.379597,222.400000,10.215166,0.000000
210.000000,0.702101,20.346256,99.637828,19.605134,62.183454,99.705936,99.545237,52.979409,3.000000,99.344829,151.600000,7.583996,0.000000
270.000000,0.723029,21.702502,99.916469,20.083381,60.414738,99.907610,99.859499,55.947428,4.000000,99.824156,194.200000,8.717771,0.000000
240.000000,0.605257,20.048806,99.689854,19.189884,61.793474,99.736786,99.582571,52.715140,3.000000,99.427456,173.200000,6.583771,0.000000
270.000000,0.663773,21.855421,99.807072,20.031494,60.111233,99.887181,99.825487,56.323215,4.000000,99.694471,194.200000,8.595682,0.000000
320.000000,0.749505,18.483398,99.563514,19.007151,61.434055,99.922762,99.880674,48.914736,4.000000,99.486613,229.600000,6.138811,0.000000
280.000000,0.624680,19.799767,99.849704,18.651696,61.007990,99.876599,99.804046,52.748877,4.000000,99.726489,201.400000,5.264604,0.000000
290.000000,0.745466,20.067288,99.804899,20.139365,61.409629,99.890027,99.833852,51.799410,4.000000,99.695141,208.000000,8.849255,0.000000
270.000000,0.661675,19.507446,99.589174,20.345454,62.028821,99.744583,99.609463,50.098418,4.000000,99.334806,194.200000,9.331084,0.000000
300.000000,0.603846,21.991946,99.669439,19.636981,59.093496,99.914178,99.865573,57.044570,4.000000,99.583900,215.200000,7.660094,0.000000
310.000000,0.736462,17.001366,99.738543,18.826669,63.093331,99.824336,99.725869,45.439798,4.000000,99.563339,222.400000,5.696378,0.000000
300.000000,0.572541,18.581392,99.791707,19.380257,62.175306,99.738515,99.590267,48.899451,4.000000,99.530767,215.200000,7.044191,0.000000
290.000000,0.724345,20.547368,99.666222,18.697163,59.962061,99.953168,99.926255,54.494217,4.000000,99.619545,208.000000,5.377072,0.000000
230.000000,0.723674,18.135410,99.575471,18.702075,63.188025,99.723171,99.562653,48.345396,3.000000,99.299817,166.000000,5.389212,0.000000
290.000000,0.567140,21.406960,99.865802,20.337861,60.427738,99.806774,99.701065,54.899558,4.000000,99.672834,208.000000,9.313392,0.000000
260.000000,0.731329,18.963443,99.666041,18.896241,61.993682,99.855879,99.774761,50.284833,4.000000,99.522402,187.000000,5.867277,0.000000
210.000000,0.695748,19.974128,99.623688,16.588418,56.220886,99.890052,99.819510,55.301658,3.000000,99.514153,151.600000,10.000000,1.000000
300.000000,0.672087,19.374304,99.630767,20.752777,61.933701,99.776328,99.663943,49.370652,4.000000,99.407921,215.200000,10.273465,0.000000
290.000000,0.729340,20.808669,99.553554,20.232618,60.473883,99.907926,99.860253,53.383590,4.000000,99.461892,208.000000,9.067700,0.000000
320.000000,0.741609,20.630871,99.570456,20.182227,60.141403,99.939256,99.908064,53.012926,4.000000,99.509973,229.600000,8.949747,0.000000
290.000000,0.685363,19.292799,99.582324,18.877913,61.108431,99.897685,99.839544,51.090514,4.000000,99.480436,208.000000,5.822300,0.000000
300.000000,0.739043,14.952051,99.542452,16.561000,60.422507,99.795186,99.652309,42.048577,4.000000,99.338575,215.200000,10.000000,1.000000
260.000000,0.722820,21.156409,99.923409,19.752625,60.886179,99.890711,99.833057,54.980457,4.000000,99.814204,187.000000,7.935694,0.000000
290.000000,0.684800,16.386376,99.893206,16.503021,59.266995,99.877199,99.796486,46.043447,4.000000,99.770536,208.000000,10.000000,1.000000
280.000000,0.571438,20.083248,99.745876,19.000316,60.838719,99.822283,99.718187,53.035624,4.000000,99.568611,201.400000,6.122110,0.000000
240.000000,0.595404,21.124274,99.909327,19.756755,61.475059,99.742361,99.595123,54.888302,3.000000,99.651921,173.200000,7.945516,0.000000
300.000000,0.601457,19.481699,99.659164,20.732622,61.873583,99.706678,99.554482,49.666099,4.000000,99.366841,215.200000,10.227140,0.000000
290.000000,0.626181,17.460288,99.829878,18.661487,62.996692,99.747915,99.599665,46.797312,4.000000,99.578222,208.000000,5.288840,0.000000
210.000000,0.683529,21.188683,99.907932,18.634659,61.226319,99.814532,99.709716,56.323442,3.000000,99.722635,151.600000,5.222410,0.000000
260.000000,0.590361,21.890671,99.715409,20.646786,60.465898,99.759053,99.627855,55.639254,4.000000,99.475147,187.000000,10.029496,0.000000
300.000000,0.727329,21.015398,99.768588,18.688049,59.499939,99.967444,99.948664,55.745358,4.000000,99.736108,215.200000,5.354544,0.000000
310.000000,0.598738,17.010790,99.849578,16.607074,58.202566,99.880393,99.802378,47.578507,4.000000,99.730151,222.400000,10.000000,1.000000
310.000000,0.735361,21.489607,99.795834,20.279963,59.893540,99.944914,99.916453,55.129974,4.000000,99.740860,222.400000,9.178339,0.000000
300.000000,0.653901,20.214612,99.562982,20.391316,60.930013,99.843199,99.761339,51.762759,4.000000,99.406866,215.200000,9.437844,0.000000
260.000000,0.741529,17.483887,99.517650,18.640669,62.981853,99.781280,99.654836,46.730269,4.000000,99.299985,187.000000,5.237296,0.000000
290.000000,0.714467,19.491453,99.825249,18.826195,61.217386,99.919500,99.874020,51.770845,4.000000,99.744889,208.000000,5.695214,0.000000
230.000000,0.637323,20.429687,99.636061,19.179329,61.542360,99.769165,99.634993,53.651625,3.000000,99.406066,166.000000,6.558151,0.000000
240.000000,0.658525,20.253442,99.884496,18.773991,61.613155,99.833942,99.737080,53.784777,3.000000,99.718630,173.200000,5.566683,0.000000
270.000000,0.679838,18.319019,99.849001,19.130334,62.799263,99.783807,99.661896,48.519187,4.000000,99.633134,194.200000,6.439092,0.000000
320.000000,0.611705,20.407976,99.639636,20.307258,60.500765,99.858756,99.784309,52.366569,4.000000,99.498901,229.600000,9.242041,0.000000
260.000000,0.747596,19.136651,99.691275,19.528082,62.229472,99.828657,99.736788,50.083354,4.000000,99.520461,187.000000,7.399528,0.000000
190.000000,0.663811,20.654803,99.674160,16.563342,55.827065,99.838728,99.735256,57.153549,3.000000,99.513414,137.800000,10.000000,1.000000
200.000000,0.671619,21.840058,99.636623,19.092906,60.764947,99.768948,99.637025,57.283872,3.000000,99.406410,145.000000,6.347999,0.000000
300.000000,0.643994,21.921822,99.671532,18.791117,58.621868,99.955982,99.929984,57.863066,4.000000,99.627658,215.200000,5.608876,0.000000
280.000000,0.661383,19.657864,99.906089,20.529021,62.250284,99.760929,99.636894,50.432524,4.000000,99.667243,201.400000,9.757398,0.000000
290.000000,0.631204,19.218360,99.742462,19.392850,61.691338,99.823614,99.724985,50.452180,4.000000,99.566531,208.000000,7.074536,0.000000
300.000000,0.627050,18.662289,99.943619,19.351294,62.284554,99.806376,99.698427,49.205398,4.000000,99.750103,215.200000,6.974347,0.000000
280.000000,0.613328,21.425238,99.787806,18.809194,59.559666,99.914372,99.863689,56.654766,4.000000,99.702359,201.400000,5.653383,0.000000
220.000000,0.607644,21.038799,99.533916,19.246186,61.087469,99.729487,99.569994,55.044817,3.000000,99.264664,158.800000,6.720270,0.000000
280.000000,0.624229,19.451899,99.817740,18.724067,61.329810,99.857285,99.773825,51.774137,4.000000,99.675285,201.400000,5.443534,0.000000
300.000000,0.680456,20.401052,99.679367,18.953443,60.116163,99.936847,99.900825,53.850505,4.000000,99.616417,215.200000,6.007460,0.000000
230.000000,0.697611,18.943282,99.808851,19.324123,63.147261,99.704893,99.539957,49.869021,3.000000,99.514308,166.000000,6.908761,0.000000
300.000000,0.741795,21.237888,99.549260,18.563197,58.921874,99.975236,99.960847,56.327032,4.000000,99.524607,215.200000,5.045133,0.000000
290.000000,0.732729,19.637279,99.634536,19.052058,60.969145,99.922243,99.879044,51.801224,4.000000,99.557063,208.000000,6.248437,0.000000
290.000000,0.735548,20.970322,99.519957,20.624339,60.489429,99.895314,99.842646,53.322661,4.000000,99.415773,208.000000,9.977714,0.000000
280.000000,0.605996,19.451361,99.639730,19.347781,61.467722,99.797505,99.682455,51.028123,4.000000,99.437965,201.400000,6.965871,0.000000
270.000000,0.724322,19.504401,99.905049,20.005123,62.279589,99.823323,99.731780,50.606800,4.000000,99.728540,194.200000,8.533546,0.000000
230.000000,0.686070,19.647341,99.637357,19.483269,62.392286,99.738936,99.593187,51.373002,3.000000,99.377240,166.000000,7.292006,0.000000
300.000000,0.615902,17.627897,99.947408,18.929212,63.005699,99.748954,99.604129,47.021743,4.000000,99.696494,215.200000,5.948115,0.000000
280.000000,0.693442,19.833725,99.927683,20.051650,61.883688,99.838971,99.754275,51.381653,4.000000,99.766770,201.400000,8.643135,0.000000
240.000000,0.648614,18.653888,99.883089,18.668464,62.967804,99.736274,99.580374,49.842635,3.000000,99.619671,173.200000,5.306104,0.000000
220.000000,0.598243,18.474322,99.770702,16.591408,57.975916,99.773783,99.623554,51.419919,3.000000,99.545003,158.800000,10.000000,1.000000
300.000000,0.554373,20.476957,99.777594,20.193602,60.889131,99.775330,99.652443,52.732734,4.000000,99.553424,215.200000,8.976390,0.000000
300.000000,0.701743,18.264321,99.647911,20.653560,62.887988,99.713375,99.569992,46.786505,4.000000,99.362295,215.200000,10.045114,0.000000
320.000000,0.703382,21.269029,99.601139,19.711633,59.356738,99.955310,99.931001,55.128271,4.000000,99.556627,229.600000,7.838132,0.000000
250.000000,0.713955,20.734589,99.563235,19.606002,61.111763,99.863753,99.789202,53.901869,3.000000,99.427583,179.800000,7.586072,0.000000
250.000000,0.728239,17.700071,99.942112,18.768191,63.820036,99.742756,99.596617,47.355984,3.000000,99.685018,179.800000,5.552389,0.000000
310.000000,0.687601,19.787108,99.732227,20.609473,61.479246,99.845820,99.768337,50.574349,4.000000,99.578459,222.400000,9.943401,0.000000
310.000000,0.736223,17.698355,99.885674,18.959756,62.717038,99.866211,99.792666,47.141155,4.000000,99.752038,222.400000,6.022914,0.000000
300.000000,0.728062,20.372899,99.840369,19.415019,60.630591,99.937005,99.902733,53.361275,4.000000,99.777475,215.200000,7.127921,0.000000
320.000000,0.719347,18.304100,99.883646,18.684982,61.835325,99.917359,99.871052,48.939470,4.000000,99.801102,229.600000,5.346961,0.000000
270.000000,0.707408,19.584071,99.544153,20.092643,61.772921,99.812493,99.713698,50.528087,4.000000,99.357501,194.200000,8.739541,0.000000
320.000000,0.558542,20.870640,99.656963,20.197604,60.058375,99.841663,99.755896,53.629963,4.000000,99.499170,229.600000,8.985763,0.000000
290.000000,0.687244,18.184427,99.613255,19.792144,62.655684,99.762041,99.634351,47.419125,4.000000,99.376217,208.000000,8.029617,0.000000
290.000000,0.596873,19.841005,99.539193,20.349350,61.369842,99.746771,99.611076,50.883593,4.000000,99.287130,208.000000,9.340160,0.000000
220.000000,0.575831,20.876742,99.838294,16.546786,55.277875,99.863014,99.771762,57.853276,3.000000,99.701530,158.800000,10.000000,1.000000
250.000000,0.722036,21.739017,99.838350,16.562049,53.795255,99.976825,99.961888,60.115511,3.000000,99.815213,179.800000,10.000000,1.000000
290.000000,0.594686,20.698183,99.772242,19.826180,60.649746,99.837102,99.746544,53.680364,4.000000,99.609715,208.000000,8.110403,0.000000
300.000000,0.691857,17.891895,99.605628,20.039942,62.877422,99.736688,99.598527,46.453687,4.000000,99.343354,215.200000,8.615576,0.000000
270.000000,0.749833,15.260517,99.585799,16.544243,60.518008,99.774286,99.617407,42.894507,4.000000,99.361019,194.200000,10.000000,1.000000
240.000000,0.622518,20.991422,99.803135,19.549952,61.330401,99.781519,99.656443,54.733268,3.000000,99.585084,173.200000,7.451937,0.000000
260.000000,0.703477,21.387800,99.924111,19.329479,60.439407,99.909550,99.859682,56.040148,4.000000,99.833730,187.000000,6.921695,0.000000
320.000000,0.595886,21.853066,99.764046,19.875399,59.145534,99.919598,99.875029,56.475379,4.000000,99.683833,229.600000,8.227056,0.000000
220.000000,0.591285,21.289413,99.883269,18.853787,61.089522,99.752474,99.603440,56.314499,3.000000,99.636032,158.800000,5.763045,0.000000
260.000000,0.700923,20.194681,99.720370,20.583406,61.885412,99.777761,99.663610,51.588036,4.000000,99.498752,187.000000,9.883188,0.000000
290.000000,0.618336,16.195258,99.828773,16.530009,59.428646,99.807537,99.678747,45.483747,4.000000,99.636640,208.000000,10.000000,1.000000
250.000000,0.720256,20.479460,99.738213,19.210264,61.338647,99.878626,99.811302,53.797379,3.000000,99.617156,179.800000,6.633214,0.000000
290.000000,0.653538,20.641703,99.628459,20.470828,60.844663,99.842687,99.760289,52.751805,4.000000,99.471730,208.000000,9.622539,0.000000
260.000000,0.714516,19.965312,99.801886,18.728204,61.169060,99.899352,99.841884,53.060969,4.000000,99.701438,187.000000,5.453748,0.000000
270.000000,0.663013,20.208776,99.878308,19.214476,61.189506,99.871640,99.799024,53.189461,4.000000,99.750104,194.200000,6.643426,0.000000
210.000000,0.712891,19.292394,99.777230,16.566551,57.187093,99.873036,99.792589,53.609732,3.000000,99.650548,151.600000,10.000000,1.000000
270.000000,0.617196,20.236728,99.547346,20.745212,61.539765,99.708348,99.554602,51.425564,4.000000,99.257014,194.200000,10.256081,0.000000
280.000000,0.692486,19.376864,99.666823,18.833935,61.263442,99.892695,99.831472,51.391564,4.000000,99.559876,201.400000,5.714247,0.000000
230.000000,0.641457,21.451288,99.877783,20.375894,61.648785,99.726867,99.578884,54.971107,3.000000,99.604984,166.000000,9.401961,0.000000
280.000000,0.615936,19.759318,99.933920,19.255459,61.529326,99.829124,99.731756,52.047649,4.000000,99.763156,201.400000,6.742725,0.000000
280.000000,0.746616,21.144242,99.797552,20.983222,61.036933,99.868097,99.804453,53.488590,4.000000,99.665916,201.400000,10.800924,0.000000
290.000000,0.647681,17.208995,99.728292,18.822601,63.186918,99.727918,99.569519,45.962974,4.000000,99.456948,208.000000,5.686371,0.000000
290.000000,0.601306,20.204617,99.624435,20.855533,61.414066,99.726580,99.584433,51.268241,4.000000,99.352041,208.000000,10.509163,0.000000
270.000000,0.710828,19.223209,99.688878,18.836309,61.593341,99.880184,99.812129,51.012866,4.000000,99.569435,194.200000,5.720086,0.000000
270.000000,0.588112,19.620668,99.632228,19.178783,61.372321,99.778144,99.649529,51.624746,4.000000,99.411188,194.200000,6.556825,0.000000
240.000000,0.694181,19.570378,99.917714,19.594392,62.735021,99.760564,99.630434,51.208477,3.000000,99.678475,173.200000,7.558310,0.000000
290.000000,0.706373,20.516649,99.812810,20.488510,61.204848,99.870134,99.803896,52.524591,4.000000,99.683188,208.000000,9.663545,0.000000
250.000000,0.598731,21.466441,99.849235,18.971784,60.478568,99.847228,99.756570,56.606509,3.000000,99.696693,179.800000,6.052345,0.000000
260.000000,0.594103,20.268105,99.768335,18.728584,60.858716,99.826841,99.723566,53.808795,4.000000,99.595577,187.000000,5.454686,0.000000
250.000000,0.677312,19.189901,99.879888,19.201842,62.658955,99.783656,99.661532,50.648094,3.000000,99.663804,179.800000,6.612785,0.000000
310.000000,0.718751,21.598187,99.600864,18.571528,58.500249,99.978753,99.966270,57.259673,4.000000,99.579702,222.400000,5.065824,0.000000
280.000000,0.606599,20.347603,99.574465,20.567580,61.230361,99.748812,99.615277,51.901446,4.000000,99.324346,201.400000,9.846608,0.000000
300.000000,0.571747,19.553008,99.530143,19.324782,60.913663,99.812868,99.706481,51.249464,4.000000,99.343890,215.200000,6.910351,0.000000
270.000000,0.561719,21.076942,99.830564,19.561998,60.564796,99.800375,99.685439,54.947610,4.000000,99.631277,194.200000,7.480788,0.000000
200.000000,0.744946,21.398825,99.826231,19.074267,61.379273,99.775449,99.658624,56.305531,3.000000,99.602070,145.000000,6.302588,0.000000
290.000000,0.629495,18.042391,99.683701,18.887407,62.396254,99.782380,99.656870,47.981954,4.000000,99.466770,208.000000,5.845601,0.000000
300.000000,0.711453,21.104830,99.687209,19.078328,59.567612,99.956731,99.932223,55.484521,4.000000,99.644075,215.200000,6.312484,0.000000
260.000000,0.717380,20.985356,99.677166,20.993942,61.351648,99.803774,99.706607,53.028714,4.000000,99.481573,187.000000,10.825362,0.000000
290.000000,0.710858,21.872935,99.791550,19.989480,59.725716,99.936577,99.902526,56.406712,4.000000,99.728259,208.000000,8.496663,0.000000
310.000000,0.578082,21.326831,99.544959,18.919244,58.916317,99.921517,99.875460,56.143270,4.000000,99.466833,222.400000,5.923685,0.000000
230.000000,0.652140,19.660227,99.537191,19.150374,62.062616,99.736789,99.584263,51.704415,3.000000,99.275198,166.000000,6.487817,0.000000
310.000000,0.684304,18.810191,99.838117,20.411015,62.392264,99.794716,99.690599,48.449659,4.000000,99.633165,222.400000,9.483649,0.000000
280.000000,0.678797,18.371552,99.691594,20.055494,62.865798,99.718562,99.568631,47.658859,4.000000,99.411024,201.400000,8.652181,0.000000
300.000000,0.683918,14.767826,99.705729,16.556692,60.865747,99.719550,99.518990,41.634684,4.000000,99.426104,215.200000,10.000000,1.000000
240.000000,0.694035,19.090055,99.535428,18.947247,62.280729,99.788680,99.667502,50.485065,3.000000,99.325090,173.200000,5.992290,0.000000
290.000000,0.678283,20.701294,99.567771,18.680525,59.682345,99.942592,99.909100,54.847765,4.000000,99.510611,208.000000,5.335937,0.000000
240.000000,0.590752,19.749103,99.814533,18.557994,61.830867,99.756428,99.608909,52.701631,3.000000,99.571413,173.200000,5.032209,0.000000
270.000000,0.739074,18.144133,99.855936,18.885496,62.824345,99.831476,99.737338,48.323541,4.000000,99.687655,194.200000,5.840912,0.000000
230.000000,0.704338,21.967419,99.787533,18.569370,60.000468,99.906955,99.853147,58.306851,3.000000,99.694686,166.000000,5.060465,0.000000
300.000000,0.628358,21.732314,99.552653,19.273663,58.951303,99.934756,99.897294,56.755761,4.000000,99.487701,215.200000,6.786785,0.000000
230.000000,0.692778,21.616138,99.567551,18.809306,60.184299,99.883546,99.815899,57.010809,3.000000,99.451600,166.000000,5.653658,0.000000
230.000000,0.569469,20.509503,99.757838,18.793708,61.401944,99.720751,99.551427,54.342018,3.000000,99.479265,166.000000,5.615258,0.000000
230.000000,0.696065,19.951960,99.901630,19.003372,62.204059,99.801326,99.690000,52.784382,3.000000,99.703152,166.000000,6.129577,0.000000
250.000000,0.638213,21.311056,99.668631,20.093344,61.025784,99.803013,99.694377,54.835035,3.000000,99.472297,179.800000,8.741189,0.000000
310.000000,0.694294,18.253841,99.663152,19.396632,62.149247,99.846906,99.764023,48.003431,4.000000,99.510574,222.400000,7.083644,0.000000
290.000000,0.611678,20.167672,99.657643,19.387377,60.723535,99.855910,99.774430,52.782059,4.000000,99.514045,208.000000,7.061348,0.000000
290.000000,0.735524,17.833161,99.922236,18.837412,62.873885,99.849831,99.766099,47.616622,4.000000,99.772183,208.000000,5.722796,0.000000
300.000000,0.748073,20.747473,99.609449,19.342798,59.946675,99.953446,99.927964,54.251091,4.000000,99.563077,215.200000,6.953847,0.000000
220.000000,0.728523,21.874334,99.883526,20.238076,61.391213,99.784941,99.677930,56.171343,3.000000,99.668718,158.800000,9.080465,0.000000
260.000000,0.694203,15.764871,99.533026,16.538662,59.991774,99.764653,99.604681,44.206399,4.000000,99.298778,187.000000,10.000000,1.000000
250.000000,0.658369,19.356066,99.758000,19.835566,62.693055,99.721785,99.568488,50.343074,3.000000,99.480457,179.800000,8.132664,0.000000
270.000000,0.644630,18.547936,99.880486,19.413043,62.792693,99.739385,99.592796,48.826516,4.000000,99.620182,194.200000,7.123163,0.000000
220.000000,0.713826,16.530771,99.753523,16.603029,60.206772,99.727717,99.546868,46.269598,3.000000,99.481911,158.800000,10.000000,1.000000
230.000000,0.618734,20.733450,99.750034,19.156974,61.418056,99.764262,99.625987,54.499235,3.000000,99.514886,166.000000,6.503854,0.000000
300.000000,0.555127,18.362678,99.905551,19.174472,62.415589,99.717797,99.554944,48.612574,4.000000,99.623615,215.200000,6.546359,0.000000
320.000000,0.736046,21.962934,99.847445,20.190292,59.330189,99.962522,99.942914,56.424634,4.000000,99.810023,229.600000,8.968638,0.000000
270.000000,0.746538,18.269406,99.629638,20.339806,63.159470,99.708339,99.559532,47.098641,4.000000,99.339057,194.200000,9.317925,0.000000
270.000000,0.704080,21.665947,99.817488,20.812173,60.699943,99.860488,99.789827,54.957851,4.000000,99.678231,194.200000,10.409803,0.000000
220.000000,0.718322,20.937714,99.703655,20.587987,62.117583,99.701785,99.550947,53.382505,3.000000,99.406323,158.800000,9.893775,0.000000
310.000000,0.565137,17.232920,99.548478,16.569011,57.529649,99.867361,99.780355,48.056120,4.000000,99.416439,222.400000,10.000000,1.000000
270.000000,0.693088,17.881114,99.930715,19.024186,63.246324,99.766043,99.633682,47.560981,4.000000,99.696920,194.200000,6.180418,0.000000
240.000000,0.679329,20.439133,99.651854,20.693001,62.195582,99.702485,99.547309,52.027309,3.000000,99.355375,173.200000,10.135980,0.000000
230.000000,0.653444,20.765540,99.917052,19.788361,61.970585,99.748276,99.608786,53.967282,3.000000,99.665536,166.000000,8.020632,0.000000
300.000000,0.698644,19.289708,99.915389,19.066230,61.508700,99.907512,99.856163,51.057609,4.000000,99.822979,215.200000,6.282996,0.000000
270.000000,0.643298,17.385465,99.815526,18.692235,63.356775,99.702384,99.526123,46.571931,4.000000,99.518459,194.200000,5.364891,0.000000
250.000000,0.662297,21.057385,99.775611,16.521540,54.484832,99.958942,99.932016,58.323385,3.000000,99.734645,179.800000,10.000000,1.000000
290.000000,0.629432,21.680897,99.518619,18.688971,58.738169,99.942375,99.908106,57.285513,4.000000,99.461272,208.000000,5.356824,0.000000
280.000000,0.707191,19.110726,99.641218,19.473101,61.838133,99.850890,99.769632,50.050222,4.000000,99.492643,201.400000,7.267587,0.000000
290.000000,0.638246,21.875892,99.618009,18.985443,58.893178,99.940310,99.905371,57.488711,4.000000,99.558547,208.000000,6.085752,0.000000
250.000000,0.657153,19.266321,99.573605,19.140142,62.148036,99.776963,99.648844,50.747772,3.000000,99.351518,179.800000,6.462942,0.000000
260.000000,0.593583,21.961364,99.840907,19.073103,59.668818,99.872390,99.796828,57.729482,4.000000,99.713500,187.000000,6.299750,0.000000
310.000000,0.732611,18.107719,99.849092,20.817988,63.219445,99.724581,99.591490,46.339247,4.000000,99.574088,222.400000,10.423136,0.000000
310.000000,0.645003,17.887581,99.565657,18.613913,61.910131,99.843896,99.753801,47.799776,4.000000,99.410231,222.400000,5.170994,0.000000
290.000000,0.567756,19.155817,99.535266,18.873467,61.174667,99.797661,99.679136,50.726238,4.000000,99.333867,208.000000,5.811385,0.000000
290.000000,0.624584,17.289652,99.734479,18.832272,63.128061,99.707621,99.536369,46.160370,4.000000,99.442876,208.000000,5.710158,0.000000
300.000000,0.597472,21.288024,99.524948,20.834600,60.169813,99.815519,99.719176,53.857653,4.000000,99.341343,215.200000,10.461212,0.000000
200.000000,0.617872,20.928129,99.555835,18.560604,61.096312,99.714145,99.540587,55.549012,3.000000,99.271250,145.000000,5.038692,0.000000
240.000000,0.667881,21.503440,99.679746,19.401189,60.635428,99.854821,99.772317,56.109389,3.000000,99.535032,173.200000,7.094621,0.000000
270.000000,0.649616,20.070968,99.766976,20.409799,61.808242,99.764091,99.638974,51.497722,4.000000,99.531617,194.200000,9.480822,0.000000
320.000000,0.633721,18.339869,99.568971,19.534788,61.869286,99.812423,99.710389,48.035989,4.000000,99.382202,229.600000,7.415603,0.000000
280.000000,0.668045,19.489550,99.582681,19.085434,61.202757,99.868834,99.794488,51.368697,4.000000,99.452062,201.400000,6.329798,0.000000
260.000000,0.594798,21.269771,99.558576,20.120494,60.513297,99.779431,99.656555,54.642307,4.000000,99.338981,187.000000,8.804964,0.000000
230.000000,0.656017,19.178059,99.712926,18.981858,62.621157,99.720970,99.558399,50.760887,3.000000,99.434697,166.000000,6.076986,0.000000
270.000000,0.677230,20.622155,99.649880,19.493505,60.680982,99.882366,99.816830,53.793913,4.000000,99.532658,194.200000,7.316581,0.000000
310.000000,0.728160,18.586411,99.927594,19.386454,62.192015,99.886387,99.825799,48.972370,4.000000,99.814063,222.400000,7.059125,0.000000
310.000000,0.595116,19.662348,99.765118,20.645235,61.656947,99.747761,99.616775,50.249651,4.000000,99.513471,222.400000,10.025920,0.000000
320.000000,0.682935,20.413263,99.747103,16.555412,53.799245,99.988653,99.981269,56.566258,4.000000,99.735784,229.600000,10.000000,1.000000
320.000000,0.717479,17.469334,99.608037,19.757410,62.827390,99.787793,99.676711,45.681935,4.000000,99.396661,229.600000,7.947073,0.000000
290.000000,0.688855,21.538610,99.831145,18.690058,59.275624,99.959436,99.935683,57.103648,4.000000,99.790650,208.000000,5.359511,0.000000
250.000000,0.744631,20.316729,99.768135,19.395459,61.627419,99.871058,99.801558,53.203857,3.000000,99.639492,179.800000,7.080820,0.000000
220.000000,0.713082,21.900034,99.714985,18.898814,60.359949,99.873572,99.802517,57.706962,3.000000,99.588917,158.800000,5.873590,0.000000
250.000000,0.698752,21.807618,99.558993,20.568101,60.705480,99.839632,99.755949,55.441892,3.000000,99.399333,179.800000,9.847812,0.000000
290.000000,0.681902,18.084189,99.918166,18.579803,62.481483,99.852520,99.767523,48.501779,4.000000,99.770807,208.000000,5.086371,0.000000
250.000000,0.660781,19.852163,99.775658,18.801913,61.695049,99.838873,99.744944,52.681942,3.000000,99.614893,179.800000,5.635461,0.000000
270.000000,0.701265,21.708690,99.895529,20.631834,60.674128,99.870242,99.803852,55.313990,4.000000,99.765906,194.200000,9.995009,0.000000
300.000000,0.678216,17.888574,99.680442,19.064277,62.478683,99.816875,99.714334,47.421872,4.000000,99.497902,215.200000,6.278235,0.000000
200.000000,0.704329,20.899914,99.857136,18.554209,61.510729,99.780009,99.657699,55.652630,3.000000,99.637460,145.000000,5.022802,0.000000
230.000000,0.574885,20.862370,99.816049,18.584442,61.027913,99.764334,99.620234,55.500437,3.000000,99.580816,166.000000,5.097886,0.000000
290.000000,0.613989,19.407528,99.729387,18.911835,61.223821,99.852307,99.766947,51.419788,4.000000,99.582094,208.000000,5.905522,0.000000
280.000000,0.741411,20.737051,99.875517,18.579019,60.136413,99.954632,99.928647,55.221226,4.000000,99.830205,201.400000,5.084425,0.000000
300.000000,0.623005,20.317438,99.623020,19.689757,60.551088,99.870616,99.799240,52.807948,4.000000,99.494124,215.200000,7.786009,0.000000
280.000000,0.643767,20.147262,99.696161,19.862490,61.202527,99.831794,99.739785,52.238307,4.000000,99.528466,201.400000,8.196480,0.000000
280.000000,0.746751,18.940165,99.842762,19.695791,62.376865,99.845615,99.764587,49.498942,4.000000,99.688620,201.400000,7.800389,0.000000
240.000000,0.583012,21.442847,99.857058,18.941140,60.643048,99.807408,99.692072,56.586749,3.000000,99.664742,173.200000,5.977336,0.000000
310.000000,0.557551,20.679519,99.709131,19.151256,59.867822,99.879287,99.809542,54.348044,4.000000,99.588769,222.400000,6.489959,0.000000
290.000000,0.628507,20.166027,99.859745,20.105929,61.383581,99.821425,99.725259,52.106968,4.000000,99.681420,208.000000,8.770759,0.000000
300.000000,0.650850,17.401141,99.774517,18.859196,62.941207,99.769349,99.636798,46.435010,4.000000,99.544386,215.200000,5.776334,0.000000
200.000000,0.694871,19.895225,99.705588,18.589892,62.209284,99.719941,99.558857,52.980674,3.000000,99.426353,145.000000,5.111413,0.000000
