N_estagios,pos_alimentacao,razao_refluxo,corte_pct,pressao,z_propeno,Q_refervedor
260,0.4362570044555701,8.408643657818436,99.72051540218969,17.52739549927972,0.6994335403127828,22.73036910416496
250,0.5713546113365329,17.95608972944319,97.79148679052913,20.76673783815838,0.8529428201429313,51.25938772634623
230,0.4567015541451052,17.9219482238926,99.48465535461131,18.60708931566961,0.7147585618466372,45.60578609119898
230,0.5284700608736835,12.77514322942123,99.71765768224498,20.06417208889313,0.8575798018727918,38.7546619697919
140,0.3154307821659371,20.87383944858983,99.63530816619576,17.15644008537941,0.670073156848806,50.95792388940728
220,0.4425843279291876,23.67090724333748,98.34932656771511,14.3009554352928,0.6005394252848345,53.77383228329832
120,0.6294371628565714,8.283379850484431,98.75873157454093,15.06024588580616,0.657770453591086,21.9280524668145
120,0.5177414328450336,20.40131642172113,99.4419700211773,15.25496234015934,0.8283066444915254,63.85487045557296
210,0.5577956650737672,16.68154044958949,98.32798616919517,16.98995027035289,0.7962853935243096,48.46746139805229
200,0.5353902940949424,20.97997260412574,98.49098128325329,19.42744408622757,0.8051510788647691,58.10127984600548
210,0.4125959319006651,19.02492464777827,99.2393161398445,14.47181732760742,0.7748845843124204,56.63945045584973
210,0.513863985268399,16.3345002458021,98.87789866673607,20.13915462020599,0.6609017831639852,37.20937932246684
260,0.3300868459936231,21.88558004591614,98.74736977401727,19.6824716414921,0.8181152673186036,61.30705485439913
110,0.5238735211316495,17.39579143382981,99.04647799739537,17.66769213497825,0.796500562121789,50.12762156347759
170,0.5011241797595285,22.49276284031198,99.89179401035263,20.36196892191097,0.7196865105764475,55.22002595889738
260,0.6974472213746048,16.29536243629828,98.93153427812223,17.18742220436223,0.729989152964484,43.55771290856775
180,0.6964546004611067,12.65720698609203,97.47067533293615,20.91835271302611,0.8135432038332335,34.99704058688333
180,0.6501322237265296,11.19818883357942,97.83511388139529,15.66361861541495,0.8796899087903089,37.72604060780655
110,0.3020696814965457,18.35567227867246,97.31432823074127,16.92723800788447,0.6125844189391472,40.44589147934006
200,0.5799494342819786,18.91867441151291,98.80487378326556,15.37604942765087,0.8091889119603904,57.55110687895862
180,0.437639882430993,22.45891162438691,99.31232589985852,14.51114736628346,0.6169461333880434,52.82661629521722
160,0.6958124412604607,22.0927298880741,97.63333946792238,15.4316746760048,0.711188498637965,57.88296506198338
110,0.5707023906398565,21.84564396186918,99.34321205120213,18.09364824589156,0.8299593322821893,64.51036078178392
230,0.5185113893788308,18.15229291670769,98.05883505307017,15.51847522559576,0.6139879603575915,41.55493862382469
180,0.5516116957315244,10.07609310689196,99.19423845692077,16.74953171342611,0.6878129962261766,26.58230870351675
180,0.6645995780380443,13.70046352453157,98.54253014820328,18.07927414728515,0.7931520857371157,39.36112956116657
150,0.3768279987640679,12.88413873252273,98.25483660007133,18.55153256583214,0.695699541782937,32.20482885713215
150,0.53151677152263,12.84186800117046,99.00306229124678,15.61448496532254,0.7165680546251592,35.32157502756736
230,0.3469905024045147,20.17278613929078,99.26358131901463,17.32285036331043,0.7854021084141685,57.40850075575673
150,0.3156942559882067,15.81773262123018,98.76661314353359,18.6788351091221,0.7998013063083635,44.96429849969586
190,0.6290478921324946,21.81397868050262,97.9660923995234,15.97241661371477,0.7497458094569156,59.85268499425528
200,0.3238241166853346,15.40205909581482,99.7662788659089,18.45473366874084,0.8446131672741612,46.99106148550667
260,0.3882104497998021,19.33767352770641,99.092841185037,21.95728139176592,0.8951361154410755,57.01616151373
230,0.4587356844408437,14.29323224692047,97.89854310474982,21.26035726884939,0.608767843855312,29.2409644512389
230,0.6479915921439416,8.949949920877815,98.24368728321426,14.0079643522799,0.6476302343477262,23.49653314019514
200,0.378068256074097,15.4310584551096,98.96415084395458,15.80171043038368,0.8357584237009752,48.70469693590971
240,0.3356008873155341,20.75117684981972,97.07012626413692,19.60866653050669,0.8020990041632206,56.24250556724531
200,0.6603303298067301,23.36822096534446,98.30376746602268,16.31167456384376,0.8651465592414374,73.53287613797214
160,0.5747152356656269,14.77569457388669,97.54858756952579,14.54674380603246,0.802979944875883,45.38448968661609
220,0.4422093495987355,11.79313489887118,98.89220926338847,14.85155325864628,0.6524094203542219,30.13504270059119
200,0.4760323355431668,12.49148847415298,97.00537635176096,18.46436875572614,0.8353243394145509,37.16221838823181
130,0.3997088649901561,9.941587655100971,97.40364726172147,21.76615110743046,0.6663489840463735,22.53803659752811
220,0.6452949365095235,21.0404059796296,99.33880183484247,16.05015170280076,0.7093656472238247,55.39094710128314
180,0.692322629161179,19.9475324308835,98.47144769510949,15.95216680981778,0.6404199427720858,47.2034096442255
140,0.328585063996166,20.6370002492182,99.51611421197588,19.65262492284737,0.8432812286599539,60.24740329955408
160,0.4992524815256707,12.70736982639879,97.55301108616658,18.88911366691254,0.7665540800974471,34.54566788806307
100,0.6361144113061018,10.43227954089269,97.9378232732997,20.42940439736284,0.8538854975753697,31.21478917538847
230,0.6142492560916579,18.47551164197922,97.95493045166573,19.40935906348936,0.7168889764302643,45.6050359893439
210,0.6214920789236202,18.72110355462879,98.77982773375142,19.73016105553322,0.8606235462622018,55.53852736866903
170,0.6970933374913408,21.90525982460007,97.20244001192492,16.79466252716258,0.8440060498734936,66.04196246775693
250,0.469985636604391,9.598923307377845,99.15841886819564,15.31653784263507,0.6309795836698031,23.99257086629581
180,0.3053974540202878,16.49500872662664,97.17995200463244,17.68258983652294,0.8328069070289377,48.89219297095028
190,0.6475433220162987,21.54312977414578,98.91168606691831,18.41006359316036,0.670623767165537,50.88705631724881
100,0.6287647547785192,21.56661177999899,98.05140996973114,19.75686321199127,0.6315681415846338,46.26823284913039
150,0.510681422550138,21.1565115792416,97.56443799574028,14.74060938840546,0.7288112138929311,57.64479643179545
220,0.3399417646718211,18.88100324036181,99.85665151653004,18.32934669020399,0.7091630479972344,47.98819180392462
210,0.5449452167158946,15.20282467381284,97.08043943694345,21.34540894485079,0.6509194417416584,32.78890181228634
240,0.3376780797420069,18.09880912727117,99.13846642418335,17.20504960441031,0.7735527868847363,51.0588179138803
140,0.5076238729408942,14.87026013833284,97.30207980867777,21.2971156240385,0.7480497811931418,37.03062733047452
250,0.6746026063198223,15.46460286541656,97.06841090133332,16.76963384806737,0.6119733012415934,34.39049766937345
150,0.5942488692791201,23.88592581997439,98.90801708758244,20.37683651470766,0.7678456387755694,61.77513936369356
100,0.3505110947788693,8.155298632249236,97.30848196885034,16.05861096430011,0.7416577590059722,23.56051366309395
210,0.3323875299781561,23.86135095761344,99.1136010470989,15.23404249748401,0.8039102682191412,71.78533380438962
220,0.3663874987334944,15.47292934247106,97.66286332068857,16.75631571046635,0.7053949424727587,39.91385764433497
200,0.3190892341805622,17.45515396862105,98.87927617442291,17.05163620433584,0.7007402358803898,44.71298096526728
130,0.6979911046043038,23.49504546310753,99.46783560917841,15.17382187201828,0.8228230357910273,72.73582485682803
100,0.5676970608394594,19.58441871130839,98.043689536502,16.69508222395368,0.724815409196075,51.51123132703115
260,0.4343181952295825,15.00744227119163,97.218884199767,19.09384476492368,0.6591099874629406,34.42524726252704
260,0.4400280398774892,12.62871493016556,99.34293520091074,20.65930591798201,0.727049419165263,31.9845948675073
230,0.4277200147268362,20.54442845303565,97.04230194549999,18.58063852477633,0.7575380824822699,53.71201521944674
260,0.609806448194012,11.40301659215987,97.58293657033718,21.33492417197861,0.892213667764957,34.589507860432
180,0.3422539798168465,17.83754195921868,99.60576176169718,14.18595584050007,0.6356178587203379,44.11136545438956
190,0.3891999066957272,19.00181130131334,99.73846895938377,17.51716309257038,0.6271740539439954,43.34680954353404
220,0.3835042764688842,17.71106783185899,98.0577989377208,17.00471179667115,0.6684957562356256,42.92760826734834
220,0.355899319829978,10.941223600097,99.29458784941195,20.7241721345,0.8899598630252761,34.2403038557253
140,0.6867247806723229,12.92219273034483,98.60940298140606,14.3143813431859,0.7102017513642787,35.97220720977234
190,0.4327975787904114,22.6181236699,99.87153653869436,15.39057010105252,0.6540793326979503,55.73900626589685
140,0.4519214101679623,13.30236333876476,97.13332915059021,18.50532544845901,0.7801271553672384,36.81062873185001
230,0.5823436574277467,16.92840442345291,97.51133710171443,19.77145349930786,0.6497995839968557,37.600008877481
130,0.3822403425080702,21.93359229850397,97.36514487393541,15.54820663255826,0.6033287395277526,48.521281118786
180,0.5879619613362477,20.34286128931492,97.89224188766745,18.96526468335651,0.8481671084820992,59.63016824740735
210,0.665749859128613,20.07563560155779,97.26368447998532,16.89473459196091,0.7879901661761105,56.6571736173215
170,0.3530226804367266,23.24959713575617,98.67595793991434,20.58155751903728,0.8807507280351827,68.59029828950175
250,0.3096167380723171,14.08996281576157,99.41669345691852,16.3851451927349,0.6633217932423809,35.25669970471106
210,0.5145473349318839,22.16417711321637,97.98322084098638,18.81612846003659,0.8828354495860404,67.63132494710045
150,0.6808800502684899,8.77064277337119,98.84662012402153,16.55220175582357,0.6307847136136377,21.51328057299146
210,0.3826956902874634,19.48136507789418,99.13117859615757,15.18807018943131,0.6638010118471691,48.88405617867001
240,0.3928839440692216,17.05956108368933,97.16849805895299,20.10147497674264,0.8448818055827636,48.73865575484687
210,0.682270654958114,12.45665796951205,98.99385237577874,18.73319431511313,0.8611938249228754,38.78611293689096
100,0.5364885107053443,15.99661909593642,98.71378503505052,21.40306707508117,0.7424414619073737,39.84236348791199
210,0.4291115981171839,16.50220330406725,97.47788098897533,19.9628659653943,0.8582899139838991,48.27542678728594
170,0.4121190126602537,18.49813414353132,98.56225625223065,14.42935572489165,0.6282495469993679,44.44496037757095
150,0.5500083030773326,9.871846026357263,97.80864119256776,19.39013531836867,0.6712811031511752,23.81232278381198
100,0.6352585497123189,11.45182833181694,97.41871146770346,21.02288791067153,0.6893098305061692,26.96152723358089
220,0.3648758718425408,22.41191572082415,99.31750442779071,16.56444809065945,0.6843632716638268,56.18043509440291
160,0.5599773389779963,8.650628449864685,98.33599104188984,19.37923281987198,0.6587220394110074,20.85855018229721
100,0.3231878272940404,20.27854708569497,99.22042959039288,19.23850618919544,0.6932312196280108,48.97624786842416
180,0.5161373301564716,13.05765984077752,98.48124138746485,20.64519075312279,0.6944967540540034,31.25003854934467
240,0.5621320914317853,22.85667247810587,99.35751189428906,17.19671571258642,0.8937758699488594,73.86579085897496
180,0.3183592700415291,13.61112145160511,97.91315433636078,19.486971599387,0.7330068174524232,34.91298304052686
200,0.6222976098980755,11.08616006558388,99.88353408919176,18.66930818546005,0.7238297954548616,29.58084475973943
250,0.3296902265429497,12.67315800732747,99.30685609807499,21.97507281438634,0.6695592017061542,28.72334472747678
230,0.3037327936434187,12.32765566678718,99.03600412882383,15.20903872323222,0.6832789109123871,32.69845087642566
220,0.582868050943967,17.90116297416762,99.42518471687863,19.29481856968254,0.6654911023684311,41.80146385056506
120,0.661432365165092,20.44264333582297,97.50862877579148,16.24977360125072,0.831620012710942,61.7693412526992
140,0.3811593921729363,16.89338639516383,99.67842769164756,15.27449833052792,0.660106210994278,42.6318761443799
200,0.3630807874543592,11.21171727570519,97.0537290404165,21.81428163297102,0.6925243524088757,26.02147913941085
130,0.6251208785078488,21.26275133768841,98.81537743243463,21.69687433100492,0.851707335532643,59.55256494425846
110,0.5423350691987201,17.78808015472814,98.12394915030697,19.21655132715777,0.8510107449053788,52.5232514403505
170,0.6774781633622012,14.73718297857419,98.53200095648913,15.2019916046299,0.7390650081583299,41.55554721345338
140,0.3118876580058597,12.58329508226365,97.52400316622654,19.74556673713215,0.7127266799370758,31.26679466478523
250,0.4964980707233771,14.31072171744332,99.17021515918144,19.81617372884788,0.8407906339866809,42.21585860377436
170,0.6377039332636631,8.723512952245772,98.70780735590409,21.12838968416862,0.7949083234863589,24.54566214646528
180,0.654564775006473,11.9355904285796,97.95842991211219,18.90214568395727,0.7528436114518438,32.14206933354191
200,0.5468907857563347,16.25888403508812,98.97810033488696,18.95265324855596,0.8975017781975214,51.60386512742159
210,0.334383902618289,14.88822690907493,97.51803712603683,19.40445346667804,0.6533384031283669,33.7588747371384
220,0.4456630767052993,12.86273530674726,99.01210853811048,21.79861843589135,0.7762022731435485,33.78834197738025
160,0.6894249627224169,18.80526073987409,98.86651128141612,18.0521851261463,0.6848555661493214,45.96435346967711
180,0.6359288269019685,22.26540927298367,98.41340025708506,21.12445685815811,0.8505736785267479,62.66082897602934
190,0.3169348181664944,16.76254817407578,97.32066632040727,20.83340091593005,0.8720489745943342,48.80280896010059
180,0.6035630579076707,15.38698158492148,98.15133848221269,21.88265371689759,0.6798782234513434,34.61728036844758
120,0.4667787681836635,14.46552601309866,99.81834396535754,21.0348519248087,0.7514650318370433,37.39627038049804
140,0.3718860641544685,10.67684906537831,98.41756199704837,20.32311112008803,0.748774357758346,28.1572828056435
110,0.6872735675729811,13.42344372686371,98.01094952818521,18.19465489528142,0.8423326988316374,40.69838357881038
140,0.3132792825620621,9.879501272220164,99.88602920800639,19.35561861943826,0.7987191762193339,28.97555273632203
110,0.6858032162891701,17.32967626008764,98.27276848752932,15.8273152876962,0.8313963938093512,53.64445040222344
140,0.5795548749965616,18.55161136747524,97.28520995546958,15.41135801662505,0.6688425185489002,45.94290019737153
230,0.6333600954983383,8.438613967556506,97.50166580761746,21.68046761247143,0.6348833056529983,18.57693962514916
190,0.498732520776242,18.33746002703533,98.21820538451246,19.16827561403811,0.7075914580498589,45.03614912870227
100,0.6588254882558249,8.764737396679818,98.86839798897182,20.1067587195728,0.8818068995149573,27.98264801615951
120,0.454016029388085,20.93651382244006,99.66803106357337,21.50364352690056,0.6027509763062932,42.0600316645785
120,0.3486464571387507,10.60230260373652,97.56957076765613,17.39648721131496,0.6817522805559681,26.80189457041728
260,0.6725545235873199,21.73861728031933,98.34063935800491,18.74318856195919,0.7687605655879481,58.10722351462343
220,0.513252105641365,8.228306494180114,97.66054139726079,15.34491929774173,0.793849799735751,25.87073156040137
130,0.4658518612239509,15.02974118005484,99.1239893648016,17.29253742313199,0.7717517774886684,42.67374096629125
250,0.6255495003260672,11.59829752463475,99.24514604367575,14.34090316330828,0.6838706805968424,31.53044703484314
190,0.6688800808981992,15.60240677733719,97.19823962041531,21.21927263841219,0.6064931951632491,31.42676038591692
240,0.4620305796338245,18.1706115649119,98.12895970731131,21.98108897408471,0.6285399441589136,37.35144344269813
170,0.4364137434863485,18.08804310629889,99.32481703204341,16.51915227675252,0.7702204134126194,51.60094772319746
130,0.5388776310195215,10.71114859069511,97.96118788003044,14.01599944790639,0.7919068569255061,33.71404057803554
200,0.4504971703344956,16.14952981947735,98.2740361801205,17.00958586997725,0.8495223698109622,50.1050188928529
190,0.5427753990710713,10.32458752154186,98.95120656370186,16.91102809807844,0.8915950042004697,35.03271764803821
230,0.371159805024974,8.162090041577816,97.60669580181911,17.91706325456127,0.7233527608427452,22.23273096452373
240,0.5041585889161564,14.82643427873775,97.42218990458939,20.42338679688796,0.7430216887638671,37.40886885697965
120,0.5033989076686092,10.58474321537092,97.03895683107399,17.54471905330196,0.6017204161341302,23.42210186060753
240,0.6817331740534864,14.80919132598117,99.70467296671563,19.79586728499457,0.7685468423870159,40.07637639505564
140,0.5550022386390716,12.26467474306375,99.84144702473537,17.86373435936868,0.7922852847959614,36.10115960691232
200,0.4260915212281048,20.39288574682921,98.56857458399017,16.41249259970337,0.6341016651783837,47.34812658813279
110,0.3849050771146081,20.89879071358964,98.21084933258132,19.81524615376257,0.8743481915939133,62.18464770645809
230,0.6162753457408399,22.01541541777178,98.72843022537583,18.70937779150903,0.6748127529269317,51.8661255282962
250,0.6505890496587381,21.63505310612544,99.69870889125814,20.75055534436926,0.6618976357979933,48.44104896795179
150,0.6605923240714706,10.21091172839329,98.30831110926806,18.3734248388242,0.732172079791082,27.48094512091694
130,0.5655896520976909,16.80546051182225,98.35277458691155,19.2632682432998,0.8584706387545216,50.28168059479552
220,0.4254141284398734,15.69519559018314,97.62490036976482,16.43601127594151,0.8983436323845992,51.82383099748929
240,0.3636252068579197,12.35119675473869,97.2479827198337,16.23639189362898,0.8383389873251785,38.67776805459727
180,0.6815579355881549,15.67342366940528,97.69537896488349,19.93157294088788,0.8120981011245401,43.63972318163995
100,0.4102042876300402,18.1196771646589,98.79361988540569,15.81410705315322,0.6867485501358518,46.47809538020393
140,0.6326606868645176,19.07649304361642,99.80561672814021,21.96087232642248,0.804195272889873,50.92557226024928
240,0.4204467258488759,16.92207760040834,97.29858225945728,17.37730289113149,0.8262538827080979,50.05580008170536
150,0.6328582680905237,19.6703734193407,97.00144790733191,15.50131394634768,0.8653289007843006,62.54733944481376
160,0.3522199212416075,18.85586200406775,98.11857240731379,21.99679956797324,0.8375812412136001,51.53002607118089
220,0.3271905480252579,12.01277086105198,98.76938572889397,17.73193436162174,0.6566015454250155,29.11189424372736
140,0.6621305099698714,23.33354071824998,98.15556518385159,14.52911843624525,0.7003126969625009,61.45464073954695
190,0.597293173769582,13.92386372869089,98.38294757628844,21.307216209732,0.6011991616973653,28.29113512976189
250,0.3992876636402681,21.18691246388853,98.88968688544591,16.59589441029355,0.7353537626820383,56.92597911270524
230,0.6633923466751351,21.80172972826287,99.85317120773421,16.80073105161078,0.6527320811972022,52.22453114528196
260,0.3393613907650113,14.34726911797747,97.50370161031776,17.53470633585378,0.886298943386483,45.93224588532084
180,0.6057359091087244,13.23912872591242,97.4854381322107,15.13618227987923,0.8377416509429225,42.2214845107525
240,0.599809263201151,18.58405215802416,98.87563009001391,17.34878566534631,0.6539724997620564,44.01934756812617
130,0.5561791238593869,13.57433073069155,99.5829540942608,14.71834639549069,0.7895057197232963,41.94397140777721
200,0.406828106656298,20.82403254028782,99.0335305753114,21.10906338736415,0.8442651864740531,58.72963333877682
170,0.3909981066958047,10.6563635923937,97.2312566403633,19.70173778750002,0.8385023919234518,31.49991577459571
230,0.5650971879614517,11.49602637083829,97.31030851270253,16.88323023064621,0.6668555943404557,28.44881116707711
190,0.5912533098345623,18.95334491436929,99.72718052833237,14.06392396814004,0.7298672103623394,53.84569067707444
190,0.5492095793445594,8.112673190608621,97.98066426456685,18.4734877232518,0.7385330153944669,22.41129680055072
250,0.6169128293644637,23.04484107686207,98.61584004976764,19.43873671096191,0.6765556518437108,53.46336097014854
260,0.4740902032262645,10.90145505599305,97.62935791713572,21.89556544701941,0.70011132608552,25.74500512384642
160,0.3885735657684505,19.49493127890676,97.94849094230999,21.62272289762087,0.6919652539090952,44.22089469773692
130,0.6899682008029893,9.32890110245347,99.33711056595779,21.62737766987085,0.6066299013089156,19.81276351537344
240,0.5371511590396985,10.9676441279836,98.63789735985995,17.09669552038796,0.7123163554508938,29.37589827529012
150,0.4490520063959062,9.818846987843514,98.01745412415583,19.12063948170654,0.6631788458583411,23.58980724490499
100,0.5029666258548386,11.65609327695519,98.04887437594233,15.04241694257967,0.7680797313394491,34.66919820120962
160,0.4334535647173412,13.53147058792412,98.38798277324162,16.27950178174675,0.8411176168188919,42.69540154572237
250,0.3148876096929423,14.06527971589938,99.59391605797515,20.56271028522029,0.7511250893975375,36.69337996293752
150,0.6803668214020319,23.20595002261177,97.92313751078838,21.21529634411819,0.723113822558499,55.04211107668232
170,0.6784794902347028,17.48843120439723,98.31586754913903,19.99410221053287,0.6446718888079981,38.60776694064293
190,0.4558787586602382,15.95042806142569,99.77956478930207,17.86577243980393,0.6692783724538749,38.94425910464656
230,0.4607299008913338,20.79178480766341,98.77191586919295,16.95132948987186,0.6424944386563729,48.45203214073361
220,0.4318060739683918,22.36715788789466,98.1213150480063,19.8573310483899,0.6608174471089616,50.06016918132579
230,0.6798451750807464,12.99103451861814,99.27796439074818,21.28884846998006,0.8265394187092781,36.81011488665504
250,0.3401370621028356,15.91007424778864,97.53816771188986,16.99437586916052,0.6073093846173724,35.06519994493183
140,0.4958626484491862,20.25231921872869,98.72072343108627,18.52523495682329,0.8177224078258964,58.24755387830108
160,0.3654283692467026,14.014160437949,99.69243368158662,15.49515527983569,0.8792389547795523,47.44862013156975
180,0.4609014166370034,21.24201083397493,97.67005037697328,15.77116927904449,0.7483341154081514,58.29584151989697
140,0.4177961599145085,19.52357411168888,97.721343227826,17.07260869921371,0.6054938795754918,42.4448789249741
130,0.6992907855098135,8.799168802957983,97.41672203030301,15.1256937510781,0.6395437435102416,22.17084138965167
110,0.5445485292500816,17.60958219684288,99.33156743754195,18.0962189750392,0.71812361753562,45.46024455146286
140,0.3069842141815461,15.04354647193477,98.00419156751133,14.40450554071367,0.7517137689579512,43.53057855808536
180,0.3500541834228672,22.84403096997738,98.42972173929205,18.29065693477914,0.603033573517017,48.27905144663566
210,0.3537982892901637,22.03869415616244,98.23001056699769,16.18380479665846,0.7934816623097984,63.8746966512631
200,0.6861348979939706,16.47543218876794,99.40875953910195,21.41792559844069,0.827097643712489,45.94243396295879
210,0.5992955802419222,8.033002672299743,97.52198031475072,20.25191103712655,0.8068896255719942,23.29350600071895
170,0.5545459534781054,17.01338594026119,97.44282939244827,16.78056650996208,0.7564824905792484,46.67959863106283
200,0.3185279691549949,14.02747504613549,99.69096460862349,18.84748029531725,0.7358583277666708,37.18426575228029
170,0.5072971448116004,19.20021898847073,99.88085287768054,16.3422336862348,0.6036105949172051,43.18489871455749
120,0.5303124616540968,12.95041125030071,97.73416031004948,20.40651006356999,0.7692968824802432,34.26199712772193
110,0.5572173068746924,16.03613461624458,97.6872543703733,17.95212120358832,0.7453421658506384,42.60182664578887
260,0.6009727081385441,22.58938092507422,99.51221162555018,15.58162749102525,0.6734754035291495,56.90275055383759
170,0.5395296533340588,21.95495289858431,97.14779163432389,21.83120359798148,0.6494725080755074,45.90071437889008
130,0.386664798251167,13.01522005859762,98.00287503104063,17.88183787684888,0.8729973729444668,41.24073795954725
140,0.6093830159294419,19.74414743489027,98.0327211211595,14.76729683725908,0.818830132531724,60.89569704936125
160,0.5056352826289832,8.988384154308587,98.68074032326567,16.26636998550594,0.7978226458941819,27.92665470429435
160,0.5014251109758392,9.08611941780895,99.42856495511619,20.60075677143037,0.8621444341334514,28.12769808802558
110,0.4752505765450187,14.11016719124094,97.20491201916178,14.73276502973028,0.8732717220853782,46.93809217800158
260,0.6552742833673953,14.19594675441459,97.67820596153064,21.26888054831326,0.8438454899242613,40.17667746636059
170,0.5571306354288011,11.83751224078611,97.85445448773508,17.81674659879506,0.8199002140974161,35.47012781644217
160,0.4968893643046729,11.00137417979166,98.4274274851937,16.81542103735544,0.7750775141271065,32.16444700068452
220,0.6062244479821994,10.20760674205422,99.72571169194082,14.48726267377846,0.6830591447327519,28.07210599669423
190,0.4329626056697219,17.24632951113954,98.82754220322681,19.36930056633428,0.7526021005952731,45.29196091909861
200,0.3987076436453499,22.62869494551047,98.61429222360093,14.94420570635051,0.833906297376682,70.81486296718035
200,0.6914286690584384,18.7889286143966,98.16657504951694,17.35805863523111,0.8253917354827048,55.72605017760048
230,0.5949976759381592,18.42499286742508,97.63862675545025,18.76372838093154,0.6104742380400421,39.12109434844628
140,0.3859298534373753,11.78079737721756,97.12044581675862,18.14319568096288,0.6366541587549028,27.03779000299765
200,0.6926487745658494,8.01632483432442,98.66929167481652,20.45685891840979,0.7540217865239829,21.88888280880658
170,0.5429556656987407,10.52472713891417,99.39639128738128,16.7333443250265,0.838812897783774,33.810726273645
130,0.6312953144849278,21.49322301875427,98.21769057687125,18.85463010032661,0.7772318056541495,57.90980682773019
250,0.5854750854963436,13.73631438994035,97.49533947511699,21.06121564495936,0.7602464243846248,35.19078568882765
180,0.4055714238361455,17.3890312462002,98.48306549355377,19.28420361196436,0.6039488934216555,36.56614651500811
180,0.457973528223671,14.76721581852809,99.22589997235707,17.89563388057798,0.6861391620400361,36.91025913539623
210,0.4999077411809936,18.93304517838359,97.93118868397633,20.94840845953114,0.8286057048229035,52.23739967965557
120,0.3387204479461536,23.66074430866539,99.15135576081148,17.27598896644264,0.6948905548295472,59.14823885772871
130,0.5722566873567179,17.74948328914866,97.66705980554165,18.0038710523434,0.864463597544725,54.31218786946224
220,0.3904748245634139,14.22938971987739,99.61732249093438,18.99262786180526,0.8234356973659945,42.01351006880561
120,0.611673664424941,20.10552665214986,97.11197921022249,14.43720871044882,0.6568371315584751,49.55036948085196
200,0.4032488374225795,14.37605792186782,99.72958501222548,21.19554502297007,0.8832164333888562,43.51104833710829
120,0.4963647218775004,20.65677059437335,99.79123626358458,17.46647028703988,0.8748610740168952,65.56931756892293
120,0.3982857100876048,22.12212765694037,99.05849530601127,17.62135757079907,0.7113849426769652,56.33252150995374
200,0.3589935170352458,15.95802648368478,98.66081513809972,17.25635362512805,0.7840051890801871,45.68029416962815
210,0.5870191727180034,19.83855678956956,97.37251931694975,21.98632619065977,0.8344708119032672,53.48195151187469
230,0.4437160301032476,16.36258589902893,98.57209857594354,18.5439442936685,0.7388688386510359,42.9169397497483
140,0.3726421037681401,18.8334832781218,99.01966684123991,20.63888090143725,0.8380100474390667,53.49842815964918
130,0.6559494906357489,9.01715689977631,97.29024995114095,17.77755992103182,0.7477124140035594,25.11475231475518
140,0.5509258641703054,15.06969117705896,97.52640443957306,16.83504847617075,0.8758764992957236,48.2045410266814
200,0.6301664498812518,13.44636067156121,97.27490250305551,19.63918399266154,0.8006710725576617,37.34298253000554
120,0.4563978846929036,15.77520031682029,97.76747455475422,15.79950985308178,0.7607868377462961,44.71883411184901
130,0.5639502334040589,18.45570798999444,97.85232121405765,16.44039224546589,0.7132188333836385,48.05498049714036
120,0.5306934632915071,18.65977542822808,98.76342963649438,19.5791887909323,0.6263719797165133,40.41463411863862
150,0.5952049836207181,15.50649753749371,98.76193157525621,15.88450627365336,0.686422029462154,40.03846532045365
250,0.5846109504749066,21.83495115229487,98.19839570722063,18.16153803465702,0.7989913708038395,61.2753127553769
170,0.5487675995373167,9.962718415044248,99.29097801292858,14.10287799486332,0.6698855314728571,27.0132622256054
220,0.4228936097613535,10.97720270530134,97.31822638672998,21.47003103423864,0.7228074137303978,26.90870974505761
250,0.334842656413,20.25924557719007,99.75988116385219,17.78698783990927,0.8460929631161503,61.83302986963062
110,0.4756217269662767,9.027303834576159,97.80200625121277,17.70649940352142,0.8016575658754679,27.13425325185169
120,0.5777704367822036,19.15087762213498,99.18677162854374,18.24110758097656,0.782125735040009,53.3787731733407
110,0.541712278227508,17.28511304055527,98.07880261603194,16.41630909801088,0.719343460529577,45.67857253913505
260,0.3391342100488953,14.57350332552567,99.32128646528894,14.22995420607366,0.7108857452565338,40.63516417533587
120,0.6531425300408155,22.74676659972966,97.17683508260463,19.83592847981863,0.8152243572818348,62.1839078484743
140,0.3542418147092685,11.26880159949139,97.40088803969796,17.44875664273463,0.8713979138205294,36.12519401153011
180,0.637222460447438,11.36613184385002,99.83114646125725,20.32898366115242,0.6149601206681226,24.83906186860071
220,0.6071736050134524,21.57100682327524,97.65745218148417,16.70186798291467,0.7996298929994926,62.05880643678258
100,0.3125347602928057,21.42958238559961,98.90997856781392,14.54314863263816,0.8541435061899713,69.60105917304485
170,0.3050437749276869,21.89762339619547,99.66679837837019,20.81195610035584,0.6061584644478047,44.80402678962268
140,0.6185326490657403,22.72474873105064,99.26861180719352,19.98831359496526,0.8571657639254351,66.5185468323556
240,0.3045930245838128,11.57188877842203,97.26560630132572,16.01772218949348,0.786397846862278,34.31695638612089
220,0.545918139002379,13.04857068312168,98.36521218682921,19.63090919503011,0.7721639731572708,35.42034431974524
200,0.4830926634241827,13.98232871546969,98.08414076187296,19.13607125547714,0.8776209747564281,43.24717467007337
250,0.5911397022651508,8.301117167342454,97.78192909758869,19.41957527734898,0.8127165762887802,24.64266124997603
120,0.4285264756298623,9.571968505252153,98.72539719750209,20.44807711717486,0.6275871173408814,21.37798089136783
110,0.6716721592417918,14.54464034937695,97.65494334083661,14.83250339267403,0.6941673451954499,38.4869043688589
240,0.5116409367819317,23.40453536499664,99.57864590086434,17.9494578656666,0.8428589297836879,70.35231401721251
260,0.4785972034426406,19.99172754485905,98.99209044938942,21.95199958810397,0.6451868801456178,42.37885560714423
170,0.3532859110696241,8.13754397476837,99.30136186143663,14.16116728462093,0.7768113047270571,26.08288370964818
250,0.3647103335260413,12.64818516928703,98.46973398288975,20.14419703918509,0.8062650371294702,35.58893013604145
220,0.3262213992286473,22.10651994612068,97.96943067701669,17.5106803246662,0.825071212261892,64.71570336146473
200,0.6578408355519175,17.66245502346381,98.65513281576024,15.73431686148606,0.8964360991335009,59.22811969289735
240,0.5003712932845576,18.52173338240758,98.62386041906419,19.91539787439816,0.6133819550855784,38.971886446864
110,0.3714534174860455,10.28512075248361,99.09500563550952,17.55731409014203,0.6571403615641175,25.43933146081602
110,0.5646957218465395,20.68164176611975,97.29515840870727,16.76717833695933,0.624443030483136,46.32059095406763
160,0.6193145889202132,22.2328763500154,99.38645838443675,17.36682146376185,0.892666636884422,71.62358443078125
140,0.6036635153286158,14.73219991728664,97.87175625656391,18.32303088136762,0.6483444663862232,34.03148334470019
150,0.5920216098236851,12.17655466688052,98.11460520746971,17.33176504168473,0.7849196301315912,35.28579923850112
130,0.6000082423687912,10.72886697991192,98.23364371151087,19.1997968652267,0.6777915637144586,26.15292256766493
200,0.6575090357519686,13.47005765980855,97.7688603220159,15.6818110048268,0.6057423771144357,30.78403635778533
210,0.4568252671591937,22.64385602634773,97.44955860083601,14.61091212568618,0.6589288079048506,55.69123414210893
110,0.4652176964605227,21.67161095593497,99.2715790175631,17.20930726015754,0.7560507176428568,59.31354131469757
170,0.5884309012097306,23.44273676641658,97.04442111193391,20.85243166731298,0.7942886221247026,60.97025568930059
130,0.6697150605339557,16.95503085435182,97.86806619165633,14.90605939460546,0.8184518028093036,52.45308689450522
150,0.5113960472919047,20.35948750562594,98.89446408660972,17.90815575516969,0.8908287376965629,64.6849112393993
160,0.6869804650393314,9.986751598153264,98.79704312420648,14.50086813712679,0.7066565885324031,28.19701841482953
240,0.5532388196714222,20.45602475036681,97.35139853871719,14.20604938630015,0.678728969507385,52.41596674777238
190,0.3786956731416285,11.81253260666504,98.40749454774679,21.18739793244377,0.8567244092119625,34.7090644936685
160,0.4383851465281099,9.171534505810589,97.58714860070157,15.06480767513625,0.728064319579443,26.2756976888047
240,0.6989918761152774,11.63058627109602,98.1652838272573,19.62197352335602,0.7832359233298805,32.24211054334485
180,0.5217887227797881,20.23462254172563,98.28081599608529,16.87932481663674,0.7583321806993335,55.52746851136808
230,0.3617503698114305,13.07368497730792,97.36163595014025,15.08787438347936,0.7443291074017995,37.06555732618364
120,0.446834150150232,16.06254297028482,98.40557091252597,18.91850106912293,0.808293069596705,45.71186481631613
130,0.5771955722060054,15.55781992791593,98.65078209335832,18.30561700770445,0.6241993176192278,34.7702240517719
180,0.63463016747199,23.16463606545329,97.17178767866716,16.20534874012694,0.6437160967372125,53.74286542438149
220,0.3040336666012183,11.8999485623315,99.28389911045228,14.75278682021052,0.7214250686416402,33.79924880710934
210,0.3208643691109493,10.77644187119603,99.49271853345989,18.79113792302832,0.7727525473438204,30.57493647608834
250,0.6320318314574659,17.95059928877279,99.10576440452114,21.31680537541024,0.896077568302746,53.92741301541317
220,0.6164138762797229,16.75142358032242,97.14981179944409,14.98761701050215,0.7885198814202798,49.51622062322557
170,0.5664761437038891,9.209046997416765,98.0368396607646,15.5648816681318,0.8813155626677676,31.75900400759798
110,0.3458913500398397,9.458325224615633,99.23167723039808,21.59824405944161,0.7118387880438007,23.52997224488124
110,0.3494866567833349,11.63777137553319,99.84629426091118,20.1854208455123,0.7658902794657507,31.71437587432659
110,0.613753219515644,22.15491904891282,97.55552824976071,14.82690746172145,0.8275672654514434,68.28412423530375
190,0.6408840348332189,19.37102573768049,98.99645473427768,14.14749450305104,0.8523773938614176,63.62612744416701
250,0.5213620877262204,23.51144345979392,97.17952445312574,20.90692747178301,0.6520739195747534,50.20652268538532
100,0.6023018563454039,9.696919164210557,98.46174931614115,21.47312769324519,0.7799545318931574,26.23538595479527
230,0.6788466506832279,21.32547612402961,98.08531083888833,21.86535270973668,0.8549512605734635,59.28912917169666
240,0.3576659304047934,19.81280440814421,99.40129407915791,15.89522192890197,0.7794345091790892,57.68364695271276
130,0.4189774378957227,16.97714635753259,98.65730758265586,20.96299646885134,0.8391624424321578,48.05084580622009
210,0.4703783422105945,15.63388872022182,97.33649134113733,21.16013565823436,0.7026061719638296,36.57393225529031
210,0.6261617897355929,9.63747153486684,98.01374438250186,14.30860561653413,0.6963709461041959,26.7900961050212
150,0.3432268254969269,17.72318018816784,98.23607220788729,16.64403469987028,0.6629727204074152,42.98333535410164
150,0.6580406253722496,19.61942375326529,99.82013258149816,17.6957404713314,0.6671245496456512,47.40148258468022
120,0.6883867849909699,11.1664791488871,97.35518120993201,18.55867427480966,0.7143083166053519,28.70604823214608
130,0.6230331171582453,8.335899079311639,99.1482709851942,14.63416414013133,0.7628046428007307,25.8885639228835
240,0.359999739372544,15.86603668890148,99.55792985170879,14.5646190438047,0.635103910522582,39.15395895080125
140,0.5589849315263331,15.75716391665861,98.12706277102393,14.3639930110909,0.8047940197641962,48.77684694864668
100,0.6101683141310699,23.95529584932327,97.33362873125573,17.34118643580191,0.7098913680339698,59.94810200903149
130,0.433765462874528,10.56225986450538,99.75564325266171,15.28527883027494,0.6468825638761511,27.01102529883334
220,0.6828409479227848,23.82467997639999,98.92648876635565,18.06740153073147,0.8081893953800434,68.00944202955918
160,0.3363187486617826,19.96235685886442,98.71590784051588,18.56496256981418,0.8842616215609247,62.07497515643318
240,0.58986803498175,19.1666807634607,97.90557028455919,17.49698077582754,0.8693076902393717,59.4876709738557
140,0.5164718719384632,10.31605804260075,98.14000751884866,19.34476242560707,0.8672736266777851,32.16013128413304
210,0.3179658828972839,17.41028677209094,99.3665933865168,16.47537990256585,0.7621783070860197,49.31234263223284
170,0.3919754762635566,13.82002694963664,97.44399014329782,21.00838689236529,0.8762786578502739,40.81634838199464
200,0.3606430627836846,9.278576132915914,98.68383031686601,17.11684757642448,0.8192871171956649,29.02066272493688
160,0.4669716564646922,11.60003745823726,98.55050517272146,21.4589976105839,0.8291010261137272,32.88980972357007
150,0.3373110167206265,13.71690019728243,97.76014128780434,14.21071554278769,0.7402803145271726,39.37410137550778
200,0.4894796723632142,12.39115538626164,97.45588479867889,14.68011909763142,0.6981448945083423,33.37613045790753
150,0.659685152655933,19.17653476498276,98.81061248362174,15.75867813273705,0.7653422874426702,54.72915573431887
180,0.3024740861355327,20.5340205014199,98.32196682820728,14.8082806714084,0.6551623259863117,50.6878240814218
240,0.6246655179705471,12.75910571836308,98.07145404876205,19.44160840957425,0.8059067761605838,36.23899901004983
150,0.5907707932209596,12.62281301147491,97.2078031142527,19.04626838945411,0.8875210799308029,39.48337106719949
130,0.3957520029827021,13.75194546569139,97.21585647529159,15.69208534404635,0.655277044618735,33.75132005400669
180,0.5087758173018694,20.18806596544012,98.47820747203107,21.75739031987079,0.6731755658441456,44.5862115099191
260,0.3232713156721554,19.23419955273345,99.85519156712348,15.4558414504379,0.6162499673837329,44.92633179501517
200,0.3555622500588186,16.72532776362449,98.59155081941663,15.87403178651445,0.8756545380649623,54.7643177807254
120,0.5765444854184054,15.57263091155142,99.20812584860133,14.01912467419729,0.8027182987523731,48.97321362865209
220,0.5697595494052394,18.32054756449163,98.5536854894879,16.4697491137553,0.8405535750857089,56.61141059551296
220,0.4409593422884122,8.241438469916583,98.98290222496168,21.48337046719529,0.8320463895385154,24.30211096819419
190,0.3625451139796525,14.42506155741215,98.1089132195943,21.04854642392509,0.7661390789871336,37.36469463383818
220,0.6114041431769728,10.04859558875486,97.69201821647762,15.3321367804911,0.76719636100824,29.95093806910121
110,0.3615895663809963,14.64325571594015,97.19464794235031,20.12555725320801,0.8943948643500684,44.68136692180099
160,0.6671055927718058,22.78658264135197,99.64636834436243,14.80615057118051,0.8194409691070207,70.97547282155915
210,0.381781170203723,11.35462983351201,99.39835072481223,16.4615975330174,0.72156512083048,31.34732378403326
160,0.667617473036237,12.14289410295337,98.95839356311303,20.98467418347113,0.628060720980959,26.36034593652171
160,0.4496604957137257,21.37424529043585,98.91578346151239,14.72202039563656,0.7936424447022379,64.29073783641611
180,0.5348376470224931,13.32594439953938,97.26804058515772,20.29580710768514,0.7361104036891367,33.58344056991344
230,0.4267200961804948,22.55133330911026,97.53147399830046,21.71978459920734,0.762908176620584,55.67049925424447
160,0.6306054886213504,12.0913444897458,99.86774858272777,15.30515194799751,0.7061062107904348,33.40767966569999
150,0.3248117540230974,19.70098608819023,98.34363140703323,15.56993437917158,0.8795622429651674,64.46468096935509
230,0.3635055732573382,10.17535750843957,98.29813874549221,19.09781965686008,0.7382708967675687,27.21660039231098
140,0.6762987197061069,19.43368140304461,97.18861451447984,18.76890974891931,0.7732394068919588,51.87898689851308
170,0.6498955989494919,14.96930373056605,97.08341311367492,16.63027083680965,0.8596355700008338,46.99127092313128
230,0.5205877699050121,9.895768652137368,99.6477292336466,15.01099822221324,0.8870004151781788,35.05182461821295
120,0.3902611254114657,9.913140972498805,98.79976635311334,14.24737548463233,0.7040854501996189,28.04511639612841
200,0.4642923629437573,13.6461625067927,98.22677853380998,19.67058842834458,0.8500045968450839,40.55924095927246
130,0.3415524262906052,15.09249461962283,99.46280155841322,20.77529878469184,0.6885454143082955,35.72251636382236
220,0.4720691962852143,22.50998870835453,98.93057844107746,16.48617459752597,0.8360273980488768,68.75577841814201
130,0.5299192013240419,10.6488021476157,99.50502916527516,19.79187999702431,0.7585321722310502,29.08901315286236
150,0.3745722110877745,13.43631256185472,97.88708869371642,19.45794827251509,0.6252304183077066,29.433017693625
160,0.4858047281253152,12.25497721660137,99.49656245639088,20.89133091926947,0.7970724394090707,33.98971793463266
210,0.6767874518661759,18.76868348196149,97.75331996974035,18.28128108297289,0.771018141596485,50.83550221386888
120,0.3331135243144818,13.1369049670957,97.39234491251409,19.18423500107974,0.6642555123615776,30.63797686197767
160,0.6174251884460449,8.622245031092316,99.56885367077911,16.12713421661221,0.8472768644636963,28.90671809873653
150,0.3368758936894126,18.53944281849265,99.22415389541624,19.7619050848335,0.7826867355707567,50.23597999441856
140,0.5969804595611058,12.16993967807666,99.54742917162893,15.89939951708727,0.6207756718597608,29.1114193237197
240,0.3892630598582327,19.12902759012207,99.01346205524143,21.61201924268156,0.7960169028471457,50.51707342643001
210,0.6955534953718073,21.86988223434984,97.7434836477133,21.09435209570266,0.7696936979146907,55.39446422039791
180,0.4827825473833829,12.54420473442972,98.7032147699482,19.15728101697191,0.8967027124860557,40.18074499103675
240,0.5386273442327044,10.22631648639589,97.37564863104133,14.19382283791713,0.87042672158028,35.18836070375615
200,0.6079818588588386,15.41811314773932,97.97467826045363,15.98863697824255,0.8941050352942664,51.35469658415782
240,0.4477087348078377,14.60161984142288,99.45151287213287,19.5639745318573,0.6407768947717734,33.04877575967742
140,0.533669593501091,19.30363913752511,97.09059154473623,17.98847240260616,0.6710876058349153,45.4022602128539
230,0.590289028867241,12.43544185537472,98.47388990393749,15.84042280007154,0.8295329273680458,39.30282459732551
210,0.6910240407207049,14.38785507354885,98.17611884527675,17.36849878811464,0.627882806128473,32.9598027452783
230,0.439239668329712,12.35739587354287,97.9515529589341,20.80488999012671,0.8121381709876936,34.42054041335012
200,0.6276630906666629,22.68302935295552,98.22654811988755,17.60610060627945,0.8340669001195113,67.1018012804046
230,0.6534152720597572,23.69092784524709,98.36130213513695,16.02568451089412,0.8989852090557804,77.90278173272795
170,0.4548584265836514,23.02634332049266,99.2866756899918,15.33658775329031,0.7785852797337575,67.17146060082828
230,0.5751980987228453,11.94464636238664,97.86524110808681,17.53627811729908,0.7974300013090019,34.98507968814815
160,0.4375848756371066,19.8678180892542,98.4893930411331,17.2444985685125,0.6442672419606708,46.12376416451531
260,0.4510135171999223,9.294116263911128,97.94148953635607,14.2710080661159,0.6544256212257548,24.363650117881
120,0.4029210057579912,14.71563199189305,99.18607965608363,19.31210993493162,0.8556516858179821,44.56462477755275
130,0.3525863250287249,19.84485548230633,99.54507449689122,19.9037676997073,0.7927830232459121,54.29971646522127
110,0.6233808212424627,12.73856469680742,99.07039101911312,16.52350584666245,0.8587301275097067,41.29791679364472
230,0.3673002668759786,16.4169034105204,98.85163264247859,20.52022130121477,0.6738824665044202,37.80864176391428
110,0.6273123208530247,15.10706160095334,99.70588905354012,17.93086480519921,0.8053978658064734,44.44225390528079
240,0.4445181589085608,14.32168966658786,97.10709471392759,20.30665556507371,0.7902746731126216,38.48808040238622
110,0.5988427081075497,11.87615479901805,98.86463147079625,15.44427815884911,0.6928478453268064,31.83102304094083
170,0.5055955975724384,8.964184402283282,97.9296336188454,20.15824246531539,0.8804670171644307,28.20990414663501
220,0.6200541875960306,23.08077149095014,97.59988147640854,15.40748769679293,0.7504007772183046,63.69582749557988
120,0.3213882499720901,14.2457412025407,98.70172798676965,14.89048318705894,0.6905943493339001,37.9122066024456
200,0.6844288140281103,19.8073075035736,98.62813251957512,21.32683324812539,0.7520016846650512,49.44071674635042
140,0.3936671344363131,18.39480322449654,97.41442015736388,14.38630536307208,0.7869941245947965,54.78113310244945
230,0.5311706328677013,17.51829173760489,97.78326355529579,19.60472176828421,0.7432450662305345,44.69933427355554
190,0.4777713636633009,16.02690260367468,97.02613477253078,17.28518476710282,0.7461897152662743,42.9056887080765
230,0.6714147597789764,16.10365781961382,99.21553381209111,14.04808812791295,0.8131082165084313,51.17157712505767
150,0.4706644573408179,21.70416464143619,98.81867307833122,17.31323091851734,0.7779628382498631,60.71592501272027
200,0.4371750949857756,19.47102153649926,97.34619990798451,17.64575645073131,0.6421714182925411,44.22146201219138
160,0.6465623567677102,14.2743860697709,97.42953992014381,19.13499247672036,0.7240098013289972,36.13108894956506
200,0.6470975549907423,14.13528459966183,97.68394765155705,14.40925138938613,0.7348166544634849,40.00824838598012
210,0.6834195852675475,22.87278543716297,97.44773535107535,16.86891786191985,0.775273321844358,63.29277897541782
160,0.667377269214578,11.98264186128601,99.53063191338049,19.14902500884421,0.7086403100114549,30.69753824290966
160,0.4208197478962131,9.515548922929913,98.74207505026698,15.86552701215632,0.6972327893615468,25.91285897370924
190,0.3325188780414872,15.97426494392753,97.81189186811767,21.80402637923323,0.6772867299210978,35.65818758987758
230,0.5464471139327622,9.303660735093057,98.63154588701809,14.45648405784182,0.6680980037148809,24.98070369638125
120,0.4871688002774491,18.71233157493919,97.39626102105338,17.5732350596264,0.7068048190585803,46.96037251368332
120,0.6879115872376598,19.55438098707795,99.25346141635062,15.76290515006334,0.7617128955256194,55.73375054910506
160,0.5067049770466052,16.66857731824741,98.26680666739233,16.13819432206452,0.6197458128910046,38.30903201196269
100,0.4766031092024408,12.87013470578194,98.6199877398775,21.43739742312767,0.8930696093924577,39.04404368569435
120,0.4949065577093512,17.29763979275152,98.9192030269197,19.67919785106927,0.6022011001503328,36.14556434650648
120,0.486522258539591,17.58730381915346,99.43837943541659,15.01681401331536,0.7489425002125092,50.37686591400649
210,0.3874287948463112,10.00613061641902,98.31316121708558,21.84371603994258,0.618770134500903,21.21327222466786
160,0.6754997785931453,17.26271815950051,97.59070570350683,14.557961639883,0.816781841245154,53.45376388797806
140,0.4688739135809242,17.26544767740369,98.18513112598259,16.36282821805589,0.7544330803204095,47.9576027860154
120,0.6127773111262358,8.182973004918546,98.58000422316594,16.14962853420526,0.8214615170965902,26.46920804345835
220,0.3163736118447967,8.602253593850881,98.1572137981575,18.20103341820277,0.8096010694640223,26.07718584010442
250,0.6456186144413426,18.98382320388779,97.3570082312001,20.20726254839636,0.69094570432459,44.09400233208095
210,0.3001374938863329,16.37763680650294,97.1282943017126,18.6878127812352,0.6044204513921868,34.52270277293753
140,0.5375499027708545,20.42732120778784,98.44868655263959,19.36092735490389,0.7008847145939245,49.35158013421112
130,0.5782161444276571,17.20799129802361,99.57319787066405,17.5853461490199,0.6573933978717774,41.23601799835934
250,0.4808909470334649,19.11841025178507,98.52224470462949,17.45787181767263,0.6232753149085678,42.8506779226595
220,0.6028126902653835,9.130089312728494,99.44652585641936,20.65278675501049,0.8012271735238145,26.23028823827449
250,0.3971243026948534,10.62986756264046,98.80123465440188,17.0592934560217,0.8278955425510649,33.25832757339489
160,0.5099819383289664,12.8304509835504,97.86106847741904,14.12507413458638,0.6293053475818131,31.54048562463896
140,0.4171042930146679,23.13531638251617,98.19333576609677,17.14962622668967,0.631430296078627,52.22402540298497
200,0.5600739818589762,8.881733013186604,97.09389152606251,18.51567871939391,0.6455744394471868,21.03353691423676
220,0.468521533286944,11.98900184854865,99.7149749885031,14.11649897444621,0.6736500550109893,32.31496565870727
190,0.4877285261337645,8.482730019230395,97.39984124520331,16.6642682105042,0.8921562509362819,29.03440869141873
210,0.4020837685199454,18.21730520180985,97.16220125196695,14.18276431988925,0.753720134826377,52.05622387208234
240,0.368106834391132,15.36466197202727,97.07290279390274,19.07902855273895,0.7335911140453304,39.12342511839927
190,0.4835975331633351,18.25344886267185,99.29942883585855,14.02675824011676,0.7670317966649774,54.40775800987625
140,0.5280382396163419,14.26138391812146,97.00705045295921,14.23221273244545,0.7642430704273749,41.81028998782357
170,0.5889466403350234,16.83594288657233,97.22383987374405,14.90350744854286,0.822560089699016,52.02461520410483
140,0.6040520176500082,22.7731083455272,98.30526141785731,20.4791835622564,0.8800612285060343,67.08121212314508
230,0.6616750202045776,17.88699880224839,98.45228329846177,19.97982324919477,0.7530417032586644,46.14753807837751
130,0.3128789427997544,20.804667066589,97.06158897113779,14.93960273570381,0.6212704462403431,47.92301383116905
220,0.634095161611773,14.51943776566163,99.55263331043263,20.52809346548095,0.7765564173017862,39.09149327640662
210,0.525586691764742,13.53861262671277,97.01298700893635,19.0353806531746,0.695161793673411,32.94599777956964
160,0.5585037405623123,20.32878147487715,98.32523200782228,18.92308518535271,0.8979771168567706,63.42383054775258
190,0.5789282912808471,10.46037253489718,97.83839211943364,19.16792347458564,0.8417198816715041,31.62758215117982
130,0.3830908159815706,21.77740189269185,99.00821648771078,18.38267276290059,0.8249281888369471,63.34290148978075
110,0.6436835244548507,14.90072284501791,98.34762315501798,20.18270996651985,0.6249667162918718,32.07371612077921
220,0.5775570388861,19.08877970576286,98.69274149721473,21.48865039767884,0.6267434209782164,39.67127552508242
150,0.4514105761777609,8.338124821167439,99.15745228906732,19.64497399441339,0.7173857833177317,22.04355552563855
190,0.3686787724857218,15.7089987328127,98.9533008563952,20.01736658660136,0.7408756651638542,40.33934946745563
140,0.5472526787446812,9.411220782186836,98.08793302644591,20.71966723572835,0.6190392603560351,20.51489846870828
260,0.6771566153053193,10.12321771028638,99.24944880371979,20.07796313583478,0.6855286900548963,24.89092795539341
170,0.6630030804933048,23.5362203562893,98.02649890586221,21.91818960219808,0.7345716929881834,55.88795252790106
130,0.3460612814071588,23.70613516644016,98.28374075279665,19.4753941586446,0.6330299605563982,51.18801637366541
150,0.6651170553876087,15.23974689406156,98.2960783313092,15.91745689747482,0.8498476891549538,48.50847136910915
110,0.5122612484581768,9.797651090107859,97.02073012401806,21.90002173729427,0.8169294159856858,27.08207244048502
180,0.3028296841046773,16.43724039588869,97.54677577081257,16.31216920600831,0.8035644996609539,48.49590533895837
120,0.6888341153835877,15.18144219121337,97.54486726995353,18.72216226549819,0.8467621428228915,45.197048466997
130,0.5724353448021225,9.524397791661322,99.62238916083601,21.39767459519766,0.7614501056257635,25.53807870368662
190,0.5835976841218768,19.89247699378803,98.51574140790252,14.91419036238082,0.8487421301162337,63.70202130634651
250,0.479877624963969,16.57082361799851,97.91439777316793,15.60284404494427,0.6320058200916974,39.11992405820594
150,0.4173486743183806,9.785761986225843,98.62578676709936,15.96578079975955,0.7646815855347086,29.05837119965274
260,0.5566994575023652,16.90909009754285,97.73903737845873,18.21308069064096,0.7172398850179743,42.89385501777343
130,0.6120678513124584,18.44616467747837,98.17905886893051,16.89727033864707,0.8137284447145415,54.48955303361871
210,0.6025255282937549,17.08853341959417,98.77765085306582,20.82448263032176,0.7552018569428008,43.69184367771241
140,0.3256471447874792,12.72444839862734,99.37317655111927,20.59292383691855,0.7632576505714562,33.87080311430051
110,0.5047337015828117,18.68952923825011,97.91815710254728,21.56582776418887,0.7064816094830633,43.41389924384279
190,0.5617286264947615,9.051331236880273,97.60099367432744,18.93092713711597,0.7597880602778402,25.09904695929676
220,0.370121693254821,14.0458194321692,97.98661382441855,15.2933623801358,0.8455886682028882,45.12410229659719
110,0.5966785531871021,18.90929228650034,99.7980942390418,21.72007928513177,0.618539665037929,39.04230320213536
240,0.5245836234692484,20.99534278661758,99.65536744359015,17.9604574112203,0.8630251869549277,64.95998747038179
230,0.4237386302274652,11.91311159132048,98.38349491195339,14.35415942065045,0.8952636274444639,41.93020154512892
160,0.6840527770379558,23.22989498399571,99.09050979426667,14.95437760398909,0.7892543502211338,69.04654524408933
210,0.3862489080445841,18.26641519102454,99.49908123091183,17.12406012354419,0.6579794192306232,44.0415328978751
120,0.6642409104213118,10.55955597183481,99.0500106270939,14.26396243471839,0.7222154636035441,30.53854544296648
120,0.3622844635459594,20.56372299277037,97.99138129597721,21.77867665675841,0.6362526388439582,42.65625543788855
110,0.5398847298885695,23.14223337305337,98.64368582058701,21.87849928483926,0.7342285473913187,55.35841209341827
170,0.4296087753526866,23.4136511583887,99.73407928926531,19.27124858850054,0.8559483342167689,69.69434156648687
160,0.500528317368403,22.0643889106065,98.10000565944208,16.72156533797644,0.6093240378507413,48.52309063738963
200,0.6837913744207471,20.08927052370459,99.09849918034915,14.38105651873909,0.7182570312192198,55.3100209093595
200,0.3066769542607479,11.72297395189479,97.3059479292978,15.74998748769611,0.6770437783536035,30.06987300814147
170,0.5496368861782364,20.59662707441673,98.4261407971365,16.45486448164657,0.8305291559273377,62.46329575627853
140,0.5895501044395379,17.13629237280786,99.11067108489856,15.94261316156201,0.7803589500838425,50.13142735225505
110,0.3310416744478047,18.19391991052031,98.88614455585684,14.04561978987977,0.6213383230512729,43.73810065891008
150,0.6639088314389809,17.82033948885277,97.96547844231422,18.97131160752662,0.7789631797905313,48.32231335640404
180,0.5662381500758231,10.46978316606954,99.06266289648859,16.07931439989991,0.6109063823492266,24.74123108750626
110,0.605415660056565,18.04098988593742,98.82604983745173,21.6435596381519,0.8784890758838737,52.60196075529468
190,0.488777392399963,15.30100265170261,97.79873668218106,20.2634567735251,0.7426354222288588,38.78866594814671
130,0.6664753758890554,14.52970907151327,99.29204635645358,15.46153178136051,0.6649689567410387,36.99288416570805
150,0.5260026754626073,13.0903495802395,99.71202386708265,17.03400945642777,0.8435454719651257,41.45558885445688
130,0.5514919598031789,8.585048909168691,98.25988759897474,17.47319952753186,0.8480182368152775,27.69447099316348
160,0.5928452096377499,8.005111581914127,97.03096192074248,21.27321798904985,0.6129632428710116,17.17826878405051
140,0.4203950306667015,21.38752413764223,98.35818522767947,19.51015597806126,0.8502255046085687,62.30147648275985
180,0.6371436283346266,14.92716398781538,98.17091268276202,15.62209528042376,0.7018489802654134,39.46749285063229
240,0.6422057548560202,14.46315245939419,99.35155465946509,19.39940773131885,0.6371552428064402,32.64767565236831
170,0.5860012387154623,17.80465952338278,97.67286379411318,20.22956555865519,0.6501956744489958,39.15359549491806
160,0.4027586353921331,13.17067384014279,97.27135751683421,17.03063965595886,0.8849605189796537,42.67108229089634
230,0.6907427766936831,21.7167550403066,97.72482657610628,21.24212650149875,0.7442473119598114,53.02754371071419
180,0.4816812787370756,8.311556915849447,99.02823396515446,15.41826702353545,0.8955040930408984,29.81641320233028
190,0.3016295970182866,15.89045574717596,98.21405428812308,19.59959078868665,0.8045182276102015,44.33026230255479
150,0.3963763249121606,17.85300941673666,99.47379663966403,15.53546546028368,0.7533404820157215,50.89693158275351
160,0.4673656153441407,21.51306499744579,97.66475591058627,20.56870365344733,0.7916745877629379,56.66697973755824
160,0.4900617924983613,14.18719598522782,97.03482777697261,16.49967431976646,0.6077421743018087,31.66028383806856
180,0.4198659093507565,9.557390109732747,99.68650345867771,17.16273332609423,0.7310072643464897,26.84179914044
260,0.6693563817664049,20.30002702097595,99.6631363288913,19.0632024556268,0.6746081059689866,48.09324327347807
110,0.3245349037405103,20.97116450118646,97.88851777149665,17.83025951866247,0.7334474667396164,54.30961951163563
100,0.5848730350590311,21.14477460233122,97.34392733863687,20.50771305609122,0.6447321039317642,45.30282909188149
240,0.5051671367975883,12.03049635290727,99.50889264957824,14.97665273422189,0.8853098375562345,41.80909363560268
130,0.6087587730110623,8.061884120140224,99.10199113461411,21.2327806707453,0.7815665964523097,22.53130196585856
250,0.4008138438982889,13.88290036560595,99.17630919192271,18.3435145005174,0.7554471808925969,37.99694507401997
200,0.6543523547955788,15.15431682495773,98.35567158496669,21.51506818241626,0.8145511148661375,41.29602539046784
130,0.3093398768928833,18.28488516810164,97.83743270772915,15.54377313497663,0.7573248438655631,51.46886951502371
250,0.394919945504982,11.13279257747531,98.19566212895467,16.54646342915855,0.8246331264515407,34.69792540838421
240,0.4855028417874128,8.836543393459172,99.04179366128021,20.54658042147756,0.6660066785210743,21.13254835269059
120,0.4275741976392455,8.498316742356867,99.66005474995654,20.78411184811778,0.7676539879920893,23.54930276393972
200,0.5490006434222683,14.3600094624348,98.5232998724001,16.35848690582998,0.815882021414442,43.767889360212
160,0.5883687876654788,12.41023676460236,99.50142841051647,18.42230145373382,0.6889047266315902,31.27406392153737
210,0.5224702236087061,23.95032004117966,98.5029917253846,14.28330932749994,0.8685109253772302,78.79942632001328
150,0.5211344864868559,15.50300210506096,99.03199589012043,15.43740425791591,0.6216787262706086,36.67317058351207
170,0.3383908634295687,13.66218259039149,97.22321059201064,15.03245656217448,0.8008218428027351,41.5321234909138
150,0.4442899650209583,9.935567956674845,98.3297922909278,15.30061403826997,0.8808834206965752,34.28073975164639
160,0.3004941618709825,23.62049635817111,98.18072424881437,15.63661620863155,0.6051506404508371,52.59417615260981
160,0.4483246495205909,16.8258414603658,97.01832915265599,15.64599324516766,0.8616840798331658,53.57020285346848
140,0.651956047836598,23.48062809265032,99.86814340566222,17.01904167976044,0.8198558355714195,70.13278503096193
200,0.553001936741732,16.24142062122002,99.05254898652944,18.42798396935687,0.6858880680735223,39.84754514874599
250,0.3946226713980548,12.12792498930544,97.77362674128179,20.23538100616448,0.8902561618141132,37.46005319269301
190,0.6425170459602028,22.59292213325575,98.73441496931163,19.88046006301045,0.7325872837316477,56.35644289690462
250,0.6780381337643601,18.14255240192637,99.813913997778,16.85250734131411,0.7077483094433555,47.47174424767334
210,0.4019344293164089,13.76722807380557,97.81687780489266,15.11024313587509,0.8715103242517914,45.73045246543038
110,0.6827857087535784,19.57138772350922,97.74196547720211,16.82218662926368,0.6783585061343154,47.91038853252631
260,0.4244117857029661,15.07653240659088,99.24213780169114,18.08186336771026,0.7029624617467168,38.41973842466153
150,0.5554939823143183,12.47769442018867,97.43585986854173,17.900558448283,0.6204564033658476,28.01287688380531
180,0.4726459524535573,8.70705123251304,99.23874621613173,19.45099509414099,0.6913785491157789,22.19010930054902
110,0.4406059627783485,20.62099924602732,98.83624120103994,20.61165615724586,0.6491494028650224,45.11866061744323
170,0.4634714406087063,14.93470451629907,98.2897256278283,19.92381729744561,0.7466428717792499,38.58419595897992
240,0.5924557740638032,10.43154466525093,99.61957831470983,18.85827813262492,0.6874472689745016,26.40079366318259
100,0.3138641182313673,12.42407863614708,97.08676264641318,18.86880420417711,0.6146178755566477,27.0075281816009
160,0.4433445231895894,11.40913703736663,98.72707665268464,18.7163655103147,0.8526454567489448,35.32843005125376
130,0.3090550723365508,23.00397636673227,98.57098256554153,15.24040919366293,0.7247282353366725,62.13318413767414
120,0.5180679065050557,15.55023874604329,98.95515225179116,15.3259944868423,0.8837891261286568,52.35777708658524
250,0.6216420257585122,18.59712123024464,97.40663240624151,18.77831411718205,0.837064093461656,53.97245847712713
210,0.3920340246010572,12.04913559813052,99.26169288454678,19.54856936518662,0.7474758872081526,32.19330434468218
160,0.3789816877646371,16.22617578286678,99.58874660437951,16.56983075659163,0.8307444327318343,50.3102109191253
110,0.5708571815292351,22.39469148543477,97.46502325510995,17.09315741126053,0.7899756736382609,62.93265576190164
240,0.3073397957501002,11.0671057321988,98.43592139945862,17.97441002520174,0.6296061393407173,25.67410421357275
220,0.4091239732109941,13.98752776009962,97.62267456545216,18.34671281672642,0.8736718000726076,43.55621160828268
230,0.3548468809001147,20.21375369559601,99.23432937063085,18.13113373317383,0.8977603422265733,64.67613836739889
210,0.4062554060956463,8.26649641456455,97.49760177735136,14.65305776523612,0.7905517171063693,26.17780204241222
200,0.397611254107859,13.25237054781243,99.32602320243448,20.58439239048585,0.654825414696266,30.16780124663244
260,0.6388443434251472,20.12755091512948,99.76115130118222,15.09676467918046,0.6827520839539356,52.28873203019459
220,0.4143709180509672,19.05347161501274,98.63471122639801,17.23309176307358,0.8697552827968961,59.93865237201126
200,0.3452175232462585,10.29240652746335,99.76998985106128,18.87353469063714,0.6193547919936245,23.52444323871834
100,0.3767141562842764,18.37445435318723,98.53756703078174,19.30925821142271,0.7992825314405607,50.98796113231617
240,0.483696085881628,20.85056568226218,98.64456708051672,17.22005702911131,0.647723569093924,48.65511428931062
230,0.6209003191533498,8.086116429302841,99.63244195040981,15.70723587999679,0.6092187500909669,19.80171776724199
250,0.33530155890733,20.58580077279359,97.97206957883702,14.7056834894605,0.7157063221074873,55.41829481595292
100,0.4502211525139398,16.99822851370648,99.50775269745884,14.86277854237892,0.8207769861032954,53.65735882495898
140,0.6662198269766755,15.72023265236244,99.02672272522948,21.18168215456232,0.7351052746492903,39.11430658385833
160,0.5803949980520643,21.99313726077229,97.74683502833955,20.75456643297151,0.6998904800662771,51.00890595373407
170,0.5866681292835623,13.68761670484394,98.78845515732209,19.93798446992599,0.8706791246256558,41.67088314774309
250,0.40587471206123,10.81234247932956,98.92345757085293,15.93237407715432,0.7773399401076604,32.46984863202262
220,0.3473534316506237,13.88954534478858,99.59039544762106,15.59299078958295,0.8398671275819884,44.81583428137341
240,0.5242480755459517,14.05398454498872,97.38300647240493,14.21765387944318,0.622988145346893,33.75919075482469
240,0.3305876395105384,17.46408287848905,97.32826167452265,15.17640720980801,0.6019398107870249,39.24450502168131
140,0.5736307199170813,19.76983075696602,99.37787758934343,14.88008996461332,0.6815532788793789,51.33260184186852
180,0.5986521936310455,18.06323069043457,99.04021203689764,18.49431889376417,0.7635640379133867,48.97583009188036
130,0.3427795199566521,20.38250349317864,99.6444372716626,20.99323401096836,0.8710235068154522,59.87818739318493
180,0.4152688243391923,10.40615219153464,98.52846798448199,14.79159731004573,0.8522723557840102,35.01060714378528
190,0.4460195934944786,23.18099811032042,98.54519851474154,20.08340873733535,0.6464416586655658,50.65786073972637
160,0.5755677666573785,21.75475564656779,98.37849717060645,20.73233459144086,0.8674634039331693,63.0001696976322
100,0.6903223986527882,19.54375654689223,99.5194844749403,18.21883371735364,0.8882397149370751,62.03788687961907
200,0.6152930824401788,11.2637629712671,97.62001581139123,16.84580211710744,0.7985124631782761,33.56350585950799
110,0.3572223829397931,21.28788274788857,98.75181526175473,20.13539538424648,0.8235534587741364,59.54490058867599
220,0.5762206478589214,10.13735727201775,97.6967964915395,17.8745849186331,0.8963648969430942,33.54942710493449
120,0.4638673831456341,10.25741523001716,97.2601298665948,14.15458105003275,0.6764634299866157,27.4112565318289
260,0.3749946775756776,21.66283657244593,97.64585317448348,15.77686484392732,0.8893418335400289,70.56590151664433
110,0.3111145977078937,16.27441856340691,98.10534102893295,15.04960643747449,0.8550286931070266,52.70005255178883
250,0.5520272442454472,16.39150509271771,99.82343819869831,18.44426172116957,0.7639299669028027,45.10142442661063
250,0.4347328264892101,13.3753291621767,98.52581121305239,16.28126646078564,0.6480126978120999,32.58434595480036
240,0.5221742726619355,15.32487817022949,98.57507392997148,16.30243774518184,0.7647473956397501,43.67288389004316
190,0.561254632607568,10.74454437898472,99.75243642089006,20.27712031624466,0.651197595517477,24.9879392982691
130,0.4735773922804742,14.63853776253015,99.3898219312856,16.65593199830875,0.8475901683843462,46.42755859441105
130,0.4219965878346935,16.34799326615408,97.20979728501315,15.12934363497235,0.6842959007484606,41.9045749280384
180,0.5154727801794186,22.46738923263177,98.22305689291977,18.91015911512449,0.7315137877176516,56.802965547214
160,0.3482870552556589,10.78705009886622,97.19259380824515,15.35335043163225,0.6376851745212218,26.41206052380263
170,0.6522521583601832,18.73910870586708,98.48563863478194,21.20285203215666,0.7881645899210824,49.21678880536636
250,0.4413676655649207,11.47929111383483,97.94485145229328,14.07992088105716,0.6614701694142306,29.96569426169508
150,0.4552105324636213,15.14289095163718,98.88267123202381,20.77976426574029,0.667633579591359,34.54015014180438
110,0.3317126431179233,13.19180495310575,97.48778091091133,15.67241414706968,0.611395330759487,30.39181567080296
140,0.3571245974261313,8.74916452876851,99.55637682049873,21.38959870294109,0.6227134095976129,19.33713727557079
120,0.4820967474390753,11.67530836800858,98.58447249612098,19.22990313589014,0.8023910301757045,33.55782354315371
110,0.3490719283222221,22.95164737715572,99.41477538728435,20.93280910060182,0.6506180735216243,50.04890850098438
240,0.5558904305459931,22.0596825023666,98.337832368794,16.19368952380121,0.8766331069029635,70.69640862795725
180,0.5694656898999586,23.02111044350266,98.24649070382139,20.69670162916184,0.6849697546751239,52.48379347982183
180,0.3344659941483289,15.01481943044811,97.02334233187381,18.4054216479864,0.8635192256160547,45.66437408513828
130,0.6339572828536852,23.29038166399673,98.67199788411902,14.99525543022342,0.792503579383227,69.15513721760847
230,0.5274013805356808,11.13746572742239,98.82140955126823,19.54084155441262,0.7340850372660672,29.28190578601098
100,0.4183259242002852,16.55470331459865,99.07668130064435,20.35979250287264,0.8071811156318989,45.90341612768142
150,0.4899037547053769,14.67020932393148,99.600430014396,18.98467280900106,0.7873302467212546,41.3337835058195
170,0.5088974011771381,19.92153889508545,99.10286700717786,20.06234811395407,0.6239280472520738,42.56101819475013
160,0.6151484219380654,22.33169659903273,99.16452716521644,20.66476217050664,0.6097412505688844,45.83354878841976
180,0.4862317810446024,23.79179532371089,97.37831979320157,17.40404359965027,0.7135894213187741,59.81824772931647
120,0.6848131472518667,17.53114294145256,98.96672394697336,19.5322863445282,0.6835980640068418,41.70061524370299
150,0.6776775729939342,9.628019172403961,99.78784871237586,19.73825676365569,0.645979280727217,22.69121434756561
170,0.4222550929695368,14.12280557395145,99.80388785401557,17.83724856998399,0.6100665832579835,31.69708132397002
120,0.4907597993100993,13.47379110508785,99.17478019087967,19.4650068846643,0.7016062423373339,33.54494639024039
220,0.618907596461568,10.84066082774848,98.09119148875834,16.65835546554811,0.8115593862582464,33.21676735227335
240,0.3914228265190497,23.92246513049304,98.51343287425074,19.88835843798146,0.697565418785694,56.55022873307979
190,0.6005281351812184,23.7399131408073,97.47862675685519,18.82910434615798,0.6049055800497298,49.22439037010429
210,0.4794509738356806,19.69490738677234,97.1182119824185,15.47853927538171,0.7292046742705861,52.8576901553744
120,0.3076279467089101,13.8332638572827,97.13495823148442,19.94668880777806,0.7262828506656457,34.51094557840549
170,0.4589112150159664,16.18268469144031,97.88090858422868,16.26146688509919,0.8852953066603979,52.88152526173082
120,0.383813624575641,9.255605606671423,97.84250918142989,16.82796261600591,0.7049327723828377,24.84349920691486
100,0.6884387202351354,17.77526288697496,97.88329041671506,18.10723167814314,0.8935587877978106,56.22511505447886
180,0.6396507164864801,22.29309231425077,98.73177519818555,17.67901332840882,0.8412734011481982,66.81232919760254
150,0.6204760060071013,16.1961808478348,99.87803715899736,14.84172957110778,0.6359034294330748,39.88310036435996
220,0.6351326265053823,12.505722330302,97.45949212643926,18.04624652278423,0.6803532398612006,30.69873965149772
100,0.3592633701315149,20.95324549990892,98.84066406921418,15.84809973598272,0.6985654268408893,54.27417112584167
150,0.3840686002606526,9.834139660600574,97.13987328841931,21.9296279972475,0.8001150570476661,26.62991399350093
250,0.3082989963025786,22.53098011487722,97.56622660259677,15.78634473724477,0.6327431167450966,52.07681041407086
200,0.6089776724217459,21.26814191571623,97.1581181396089,20.08905193409883,0.8142203037058237,57.92445285829181
170,0.6733276820601894,10.82017681218311,99.67501212882709,16.48978036842495,0.7284143172696232,30.34335586622734
230,0.6740226116948761,9.34975771554187,99.1686688576978,16.16540311616287,0.7494417788045481,27.37092863885629
180,0.4718408437878824,16.77422245622426,98.02089780224878,18.18381077157892,0.8471312838539249,50.45504577379442
150,0.4954653972097672,17.98376639770344,97.89968627210108,21.54314705427364,0.7813858776206849,46.30947122010934
190,0.3274887777949683,16.63316428854689,98.74400739082675,21.73239683729038,0.8639781861810945,47.77694704893948
170,0.6416558091557585,15.18701199399307,98.33398636016241,21.3403656794522,0.7875416905774735,40.14835707523215
170,0.4226455372481607,20.88972930956259,99.34631609864438,18.69633201216347,0.6596451173010283,48.53519108251324
240,0.4307230098767206,9.763684483505786,98.54845828430223,15.11412342206948,0.8485967578812735,32.69636270499497
170,0.4812534622664563,13.28824245975539,99.87408575110166,19.02966347186454,0.7859887795873219,37.69315273486588
230,0.3659168666010723,19.19475220100954,98.07725481519029,19.01684030882083,0.8100333692928543,53.93089390372776
200,0.3704186320652254,15.13561351136491,98.39020883119987,18.75135436949693,0.6895948340216651,36.99997498615534
190,0.6945672583336941,10.51014733646437,99.30373491377362,15.74356310257316,0.8995215483700857,36.8892237817394
120,0.3609461085104383,14.79827461496368,99.28086924699282,17.92166944393329,0.6754961392448516,36.41049190455279
100,0.4594401893984526,23.26532849756256,99.89966209783471,20.46870072895661,0.688367626094562,54.43662356357679
210,0.5605271718936973,11.1055903538838,99.83828699322366,16.32667825355008,0.8734504465137609,37.44475886323962
160,0.6536260360587388,20.92057713799924,97.12699545004382,20.55610113576241,0.7158401293169009,49.62877920214485
230,0.5265934269706718,9.321411313269287,98.89695826854437,14.67671286791749,0.7909998416561633,29.57954937458326
230,0.53216417560447,23.60742907549813,98.04671947761385,17.566014772119,0.8202265048295958,68.49318575822161
190,0.5814896167974919,10.33929009446874,98.45316497364561,16.06487650808878,0.7263922380585456,28.91287712339033
110,0.5193890362653881,11.86529074440896,99.53388608096547,17.76138049911335,0.8554363070507068,37.76584283802575
220,0.3695944404116832,15.28670704672486,99.47705662671152,19.95635262289084,0.8678267698811135,46.35975612435842
180,0.4802407996210269,21.97067732714117,99.61065119210112,21.15695246081241,0.6219724786404054,45.75834761306361
110,0.6983174047008156,18.57420204835385,98.60230824906098,15.71357894928753,0.8661037238673772,60.0119348045599
250,0.3086164812608622,19.50726014246047,99.14550614319056,21.54782755660824,0.6127115359035088,39.72224058776903
130,0.3219709856146015,11.70458618799969,97.6041379481063,14.37109152197093,0.6440046012329869,29.43047921973137
170,0.4770510760533623,8.448164739713073,98.92157190468875,17.80359993244894,0.811166549478611,26.11577657168684
250,0.5168602703808807,16.46184435741976,97.79398957300019,21.63950891411677,0.6790273584087845,36.90047530604664
210,0.5151528550379909,19.60293898521364,98.94411608047588,15.00568534550816,0.7198655777607579,53.41670728254332
250,0.3975614463288337,11.32246080621704,98.60988436834405,21.37563372197561,0.8148975192883517,31.68968233495795
150,0.3312148444490507,15.73128022476286,97.05801363026313,15.98100738970004,0.639055877733766,37.06115646091666
180,0.3253596753620542,9.247759414799511,98.81803735893027,21.00261990671046,0.7037527617174201,22.98932070579253
170,0.3439782089521177,13.85966442374513,97.67959569882126,20.53853533130698,0.8886990099903429,42.01970983870561
190,0.3113753926986828,23.42802509542927,97.43321245798572,15.62618948581256,0.6917180750542553,59.20580355995589
140,0.6654185569283552,19.8846901127249,97.01032099318367,18.17398116877116,0.7304319063351257,50.60065037502716
110,0.488181407535728,13.33538620545342,99.43160462026,16.5776387009304,0.6960114893252961,35.01651664374975
110,0.4617103758597746,20.0079060683623,99.22999254927107,18.22838477108069,0.7057343754387461,50.24842085055566
110,0.646204616853129,13.93784445179626,99.80788830114491,17.24817408360727,0.6256417178403586,32.48919804673473
170,0.6393365005380474,11.76924557375535,97.01738982251801,19.08350911078043,0.6725952283681835,27.97091672618384
130,0.478359776945319,23.97527124453336,97.08854028160565,18.94841468421742,0.7242019304433139,59.11128308644356
190,0.5361101649361663,8.562080849330872,98.13835578916753,20.43577512761205,0.6658951585519127,20.3993667214617
150,0.4321055859033949,22.20664016025886,97.86367966768506,17.70202417354286,0.7567131233571796,59.31997015662346
130,0.3195246741376817,12.28796057824045,98.66462197272121,17.74787149164639,0.7258053837318672,32.81543258054607
150,0.4250151865209453,15.63194627550617,97.89339836677163,20.87527888598107,0.6621905210444704,34.87300084932451
210,0.6108750782389194,8.545334772497416,97.1852128467482,19.00631264923327,0.8647875305033522,26.97253249531545
160,0.6066857191374525,8.827559179164469,97.34946902757358,18.80728543759696,0.7571344466530485,24.45286370968413
230,0.5257301156739704,21.11965045734868,98.60573293222131,20.00523432342522,0.8681880477451254,62.37438863366999
110,0.349869692467153,12.14806192339212,97.70196657070063,16.68789457518421,0.6645640051964438,30.06628348071213
220,0.4914470786187798,9.197844896875322,98.9775284870173,18.5853046733737,0.8213136121111689,28.1114966765557
210,0.4979692865747027,20.50329686870798,98.51018066077019,19.69107027842477,0.8293193071346731,58.24243248628987
220,0.6949664894313551,11.84466045582294,97.8743206668087,19.21029045232758,0.8534421118485276,35.92362345495946
200,0.4692837044268846,21.21480075199529,98.30116594915809,18.36352845128626,0.8632161751412787,64.20880744707257
230,0.3737461405248381,10.48287041503191,99.84785975297125,19.20174144153856,0.6500606871019816,24.95937087964014
160,0.4309274764363654,9.732723651312291,98.69487973969142,16.96541915222816,0.6776490288870642,25.14227693679015
110,0.5978998160765506,14.49761100675538,98.7844018834371,18.12378159557469,0.8363326345390174,43.82283782879372
130,0.3775186180961318,18.64565576142818,98.69028282465818,20.29638126852922,0.7689323997528059,48.81043610091873
210,0.3409967156491242,23.09802508267388,97.0572854890713,19.7218363955263,0.8114746843663976,62.88408740782203
140,0.6963510327256284,22.24383062974363,97.16331858037533,18.62378940504603,0.630259707658994,48.2304721547003
220,0.6309019569922238,8.527744099482893,98.69789422052153,21.79098466616124,0.7704141329794424,22.97991683641175
120,0.468017529461719,23.77426529498026,98.20084184318225,19.05354922217689,0.8323761856873753,68.02034908510983
150,0.5874293324226514,20.64496879813448,98.39933050212689,21.38325266265124,0.6557407096072566,44.68971592826695
130,0.4455606169895269,16.70371815142781,97.12343153492802,18.15324031318166,0.671742811285914,39.50962414335442
200,0.3926107282936573,19.28571379745379,97.7074462551909,19.7800585190095,0.8751941864372464,57.40596583465722
150,0.4130656109662726,14.15178277053311,99.53836043783329,20.21686047117598,0.6897152961634565,34.11356609042323
250,0.5411282851784489,13.50714524953812,97.82215924301588,20.35067558328248,0.6652570124761434,30.87453206108593
190,0.3870609669290483,13.11173170958832,97.57658599478579,19.84106313801743,0.7370575138990302,33.54400125003858
110,0.5414766306624748,12.0709110978283,98.10396479320119,18.03233284293302,0.7437449448891682,32.7025615161489
140,0.4065836638832465,18.49181817805395,97.47467335926751,19.90465859648399,0.8689504876712104,54.49488285223725
160,0.5381553972213529,14.61790606162697,99.39421336252434,21.82337445346639,0.8598247305137572,42.30742301353828
230,0.484107422848232,10.39351454984769,98.49823130593086,16.7081399509199,0.7202004956491291,28.45403442117705
240,0.4747453586838208,16.86369205435738,97.23239855967942,20.02487655962818,0.6105542801702628,34.91738619179743
230,0.3852459308209829,20.78216069689021,98.39480501562063,20.49981669391133,0.6326670078578638,44.20648878374413
170,0.5125568247793242,20.3115793370977,97.27623678311045,14.81685831434093,0.8333394473341993,63.11763822025731
140,0.5734905182347633,19.32035241795704,97.99802519645854,21.53332266936451,0.7254133955803235,46.07508739787959
250,0.5688198440652341,13.85212017706037,98.59825877830545,14.1416759376917,0.6908077105235774,37.44855964248286
190,0.4523011807321571,15.88359631941467,97.50491804090797,21.74038487022556,0.6796894580429652,35.53054837070996
250,0.4546680094867013,10.04378227790072,99.74256763044941,16.38238368944637,0.8859388898919336,34.57766505121236
140,0.4917622815957293,11.23602821835875,97.83117780680288,16.24667945363931,0.8741236631637672,37.17437882366323
210,0.4537986312424764,21.22718735210225,97.70994769768296,18.27207603831217,0.6045792485383339,44.80745075240203
240,0.5100460087549872,23.80524030212685,98.03030677692662,21.24846448624693,0.6970908412436955,54.39608184129314
200,0.4385594252157025,17.99123673209548,97.23701701873091,16.67259494811483,0.744710446174303,48.44861555141327
160,0.3877298422059044,15.8384948588945,97.49150390244546,16.29542391029,0.6114700125047006,35.62721955782798
210,0.5279740138306281,21.12861582471803,99.78524935852802,20.6848144184053,0.6069455465592211,43.52337368965264
190,0.5919971982696093,16.09259795975313,97.57916733382609,20.31849519222975,0.7283571352473925,39.75510374283812
170,0.6709049271209165,16.00627699428797,97.77949758430545,18.23336846840382,0.8593176836406347,48.80032238129478
190,0.5643268093902618,17.15490824725106,98.40164661871454,14.13048825690709,0.6202930693214759,41.03063322554245
250,0.6156165113329888,10.69867041039839,97.9217658152434,16.71770340732671,0.7081174296183279,28.55244516416952
190,0.4467572484795004,23.89514262534306,97.42729077677077,20.21488093402609,0.7459354379208991,59.33588503894445
150,0.3754904443879611,18.01689401004836,98.75651638201811,14.10600885686651,0.7866068705719197,54.72490196932123
170,0.6934579690070822,21.10026703512296,97.36741040726432,21.70798811074533,0.8866324594236911,60.62581788775834
160,0.6728072003106587,17.37004747569934,99.78152174458421,20.26667480945587,0.6625479980815434,39.78599727140669
120,0.6567856229353696,23.10727779502422,99.25228892462022,17.77526481451839,0.8970450560874073,73.97813778540761
180,0.4528707528492436,22.70970841300115,97.6886386180646,17.65645108862035,0.7714493743742583,61.73175562549623
150,0.5376239553422667,11.09901853889227,99.73496722368667,18.50116833632812,0.7084806571238441,29.03981220637362
160,0.3812682635170407,10.8890752456896,97.77462755405871,19.24895586267672,0.8453644236478256,32.87681871761002
190,0.3964813239702024,13.49486086701602,97.69956808755077,20.05397227204591,0.6639580058155116,30.94000922832948
220,0.4139864409720525,22.75395871106535,97.25226808193969,17.04727878443524,0.8076643812528346,65.24658437339194
210,0.6135416952376254,17.43923402789235,98.19083098789127,17.48380693372898,0.6472196349024307,40.62478292831268
250,0.5809000744668766,23.32549340066686,99.42082012067857,21.09885946029611,0.8325891995094018,64.82237520586033
130,0.4612192574226297,19.34668975216896,99.52868653368336,21.07787498275749,0.745566272435314,48.62691828608119
140,0.6448064615843817,11.52964635790885,99.12805287119879,21.42482021812163,0.8280339015693403,32.87941956741771
240,0.4943965870263986,11.30046663541347,97.7972497373413,21.41515688769706,0.8105372450646479,31.17823598728807
250,0.3758959378823638,12.37051574378088,97.71432025969001,20.68857360058278,0.7845185281124432,33.28338496441773
240,0.6227510568577797,10.01862591040879,99.57584520950073,20.86009992297366,0.8904306505485904,31.61044035011759
190,0.5939768526792526,22.52263646563143,99.36932893628125,17.30364571470395,0.8997536217637361,73.1718267926184
180,0.3225526357736438,21.01420762190223,98.90214470608861,15.07738632347062,0.6122816662296653,48.45725255982577
130,0.3515465337251313,10.14700171048567,98.85313348825787,21.66601912051439,0.6298196623054566,22.07291376486749
120,0.4535809531199745,11.43173353060335,99.20185344274678,14.06825620152243,0.8107452220359351,37.06611637069486
240,0.5346683325831778,23.35202931360528,97.7869411229083,20.34168834476173,0.7836701462281169,61.04112080035737
240,0.601273488843534,9.479988786451518,98.2642290396882,16.4289247714635,0.6958445044374559,25.36670105812601
250,0.5331134811253286,9.609597382232547,98.17284498311717,21.145193567371,0.8986520964161726,30.10301009123054
210,0.4932273542765527,14.22330565441772,98.5877075519001,15.55626780766249,0.7737672149813735,41.81924583231579
180,0.6106221817984245,10.09842090912536,97.82692462103745,18.75793546099402,0.6759994051256217,24.80150489205298
110,0.5838212165049277,14.83681077999994,98.0388752606119,15.22685819422081,0.8603107469578972,48.41194322570702
250,0.3277223595520481,12.90086735728756,98.09669614990317,18.94164813665114,0.7471304315339774,34.29927851423785
170,0.4662187484039925,11.55835990351811,98.18676788870513,20.0320859654136,0.8365113588548732,33.9568993787151
120,0.6385049267749302,13.03017806620523,97.280130950743,19.32113503270038,0.6385981430797605,29.11692056548269
250,0.6257645628682338,12.99851227374375,97.92666893319588,16.94330114007555,0.7972485269644763,38.29675227585879
230,0.4092679154311307,23.29947807079926,99.31498645041054,14.69086406530254,0.7305597088162321,64.57148570609962
180,0.6482962427288294,18.18616906196252,97.62681592236821,20.48420913519338,0.8839567325307056,53.9967973035023
240,0.5435294093779288,8.856809353597463,98.55657967277351,20.88431231575273,0.8726670784078538,27.41559248973252
110,0.3294679354338906,8.422207686189562,97.53962321691637,17.65528439628892,0.7548028091009007,23.96670289930296
210,0.44947246057773,10.54071693818271,99.62903335981839,14.93455882148631,0.7096841969298664,29.743573852641
180,0.4282102827039547,22.37594018373638,99.38682112938227,18.35836224291846,0.7806389526572312,61.78275297448081
130,0.6514501244072802,18.28954827221483,98.49614159641958,14.96872831862979,0.8172314444263699,56.55957134039711
210,0.3206221002429724,8.066301103636622,99.36051510153283,14.87657744840532,0.6812100322408369,22.39368450065906
120,0.581821999988053,11.38852940077335,99.84260638403076,16.09804159652814,0.8302657330939081,36.59101751433903
170,0.3440381861881353,22.92446052237973,99.12063043518629,20.87122612305544,0.8336754477753304,63.95142891745688
210,0.3008828405770473,14.58621327895299,99.59663845527722,15.52746369821951,0.6562945205226307,36.70819112679013
260,0.3404495568885468,19.72914386275411,99.89117161639987,17.61078703285568,0.8694229725644924,62.25384059075803
110,0.4313267635449767,8.942481525219977,98.73918637738389,18.14706834811717,0.7700095931574237,25.86102195718253
100,0.494470268602576,13.801013200555,99.20567038573319,17.13233269759081,0.6014512401362182,30.83097430749838
100,0.4648937128140591,23.24526235152408,97.41132535944584,19.97223913355172,0.7861075038800714,61.19659765935378
140,0.668442985893134,21.52032989505306,97.09758545941251,14.74433715949021,0.8895974186994369,71.17004802960543
210,0.3807598215281032,12.04177333412692,98.01820927674414,19.8496847947035,0.7186972394204931,30.35984679287603
180,0.4525589429668151,9.758701834391802,97.57262935737648,14.34758891558088,0.7012820586303016,27.1430754913176
160,0.6702662482173182,9.432508168041705,97.55704052041702,17.48835020024516,0.7757298150424613,27.36806546572659
240,0.3934775786628015,22.69307438793406,98.44304331630482,14.69845624943636,0.6853731422455749,58.53863353601888
260,0.6737876513966359,15.79886217068508,97.37990426439369,17.72182287611067,0.6716003324086313,37.90742221963611
130,0.4295396455143578,18.30470790132508,98.53597399447401,14.58758923563361,0.8163040691014845,56.98461106960808
210,0.4399484563813545,21.34570427937433,99.61569983700699,15.36672692046501,0.7834794504260878,63.03671188291036
140,0.6412456184906885,9.231856558945029,99.38104019668107,15.16595214795135,0.6153325846274849,22.70469385889287
130,0.6751763597147539,16.22146199177578,99.15312997285031,15.15999746395461,0.8209614698218648,50.87418666353393
170,0.4583784203078597,17.16905299426988,99.77788369303178,21.14139125645533,0.6303965597337344,36.75729417029756
240,0.5039385416435077,14.16494626376778,97.21448934043951,16.32883029915951,0.7601572520436253,39.74903592205938
180,0.3600780482847243,17.73819014564157,98.14778120597599,19.50252846478485,0.7592738468793919,46.47530219634333
120,0.6997954009473324,11.21735475213826,99.18239851609765,16.010449946912,0.6535414062866243,28.26529421881125
240,0.543733090167027,21.39887628519535,98.94176734756067,18.6314522930216,0.8782603544552112,65.94073354188814
260,0.5201965692268684,9.491930849142372,99.42356577649399,17.22720548868552,0.7366652784885372,26.77665130345337
110,0.4750666855213232,19.64602233850956,98.06484389025574,20.37001475627534,0.6987469097337685,46.24726081711351
220,0.6442038616925477,13.95954741750658,99.25735757328556,21.57475769557245,0.7956251168013084,37.6474726120605
120,0.3897109574339352,18.6798866359964,99.40411654472726,18.79206093054079,0.7730608694611816,51.06839983517345
200,0.6854673179513775,16.3099738098681,99.13630121974491,16.98120228838176,0.8885176215534099,53.38935513714112
200,0.3429548413842916,11.68596804838255,99.21016411070333,14.77157656944357,0.7818904992412543,35.98451192354692
250,0.3845793925737962,13.22398071274161,97.06552656254776,14.5162054474391,0.6743977112440159,34.217949970449
100,0.3448543467327952,16.59363800305128,99.19001138143696,20.16372461396642,0.8066506220040377,46.21598309394641
240,0.5196231538868509,19.97408855523914,98.64999225476994,14.5200536409691,0.8831039973572362,67.14461171569511
170,0.6296765774654225,23.91018402523175,97.64362846755402,16.53657696169801,0.7758373110916699,66.66007687173125
180,0.574176126626972,21.47275816211104,97.99311267068386,18.39455328208394,0.8395472252690932,62.9360442930758
110,0.5980472043337299,8.681369855903089,99.70942644641316,17.18060204808042,0.7105958139466122,23.92427027417854
150,0.5271896381247788,20.04362316246703,97.94659930229545,18.59337385175191,0.6921171576105059,48.36693629425476
230,0.5025311905709094,15.6569401765205,97.24434156853107,14.44917300902493,0.8231962813449092,49.06614442756136
250,0.3264965679742396,21.03960036659613,97.85652311680354,16.18965676076897,0.6726106922707753,51.59376456023308
140,0.3062317749606445,9.159487945590168,99.77345936733818,21.17027283765748,0.8015810656711226,26.11746235910897
190,0.4148198588147759,22.42138817767799,98.84333229167166,15.46686597506702,0.7220180507091573,60.29784572560018
160,0.661066924031265,22.34381302833557,99.13402525119125,17.71250999821723,0.8141922552129719,65.02291230718301
230,0.5656587920298799,19.39440518747643,98.8481305720737,20.4083337584734,0.7625242144501303,50.21134997132577
180,0.6720521948488429,16.53184333515167,98.00848796019261,20.62933204555325,0.8660595391286072,48.38351726299433
220,0.6445012232694775,20.46453342039883,98.13491523514311,16.9696395536568,0.6792382685188204,50.11019357543591
130,0.5962886341578326,11.95537537518889,98.9362348240543,20.81669460399635,0.6198688781373901,25.7307112165067
150,0.410661617014464,16.798959490031,97.11441442254095,14.47499673624709,0.7451136496230495,47.36977066280241
100,0.5159906639610417,12.69228623157367,98.87194972951673,17.10885089469887,0.8348450213491219,39.47444525209015
220,0.623742484372761,18.60849618919939,97.75101235038349,20.89983558112383,0.6176605731956893,38.27367283780004
150,0.4417437536106444,15.24930031422526,97.60928717101557,16.78972858777083,0.6223116563508986,34.69270059539265
190,0.4117980768048204,17.11064448098093,98.31897339554499,16.74039869376272,0.7724083132306114,48.38890569151683
210,0.4908540135404095,20.75627663750574,97.81825774608087,19.83008209695853,0.754531101404177,53.08449915162942
130,0.5719290293632076,22.99004083594307,97.32496011105438,17.43573575579561,0.6248715844325256,50.62757895104177
190,0.6984918360856361,15.58892959871143,99.65068046526453,14.2741756649632,0.7651086192437215,46.70046646798641
240,0.5016414452262222,23.98840849137306,97.84782267469028,18.65153735652007,0.660313515408989,54.67490551699013
200,0.5608508805541321,22.43359658150002,99.46133535298787,14.62711142470315,0.6333247354597784,54.12933926755198
230,0.6177168261856771,11.7485410150215,98.56460793448792,20.24024973776564,0.6079091440784046,25.03869665648621
210,0.544117964779213,8.394467772196979,99.46858117790677,15.22118286159448,0.7363926694673952,24.94289320387234
210,0.5174270813029259,9.068652914486826,98.97010688145092,17.63156191710569,0.617374829957122,21.2652712420019
200,0.4630864143785089,22.81843971131742,97.56077633957055,18.61357683562115,0.7981091253306717,62.85393576692994
170,0.3544895341464318,19.44499943587184,99.41054362142299,16.3462376472,0.6167707318872911,44.44734436286183
150,0.3220901546628214,22.94050658332556,99.56357508165243,17.84849125039391,0.7611452522683656,62.44043204147052
210,0.3173336612137034,9.103573553346097,98.99994237857167,18.27089249568991,0.8426943014814752,28.76497880462536
110,0.6929079459826462,18.22597838104144,97.90839521914117,21.77546442422643,0.7378392210567137,44.06986342406152
140,0.5731641637183726,13.39644681048021,98.20352230624806,16.1101221813634,0.6401660409355536,32.23989877645687
240,0.5785471518576145,8.811030744653195,99.48137201242943,15.37535726060532,0.877122183613549,30.93765069726423
230,0.6316728286843747,9.977603748731315,98.05478047346897,15.66504973515123,0.8179537619412645,31.6383930053441
120,0.6196725174139254,13.20354792045057,98.43992953505561,16.95216267353483,0.7828705921044806,38.35017026748766
260,0.4772816311726347,9.107862391505391,98.06836225079229,20.49124255930632,0.7276072605311406,23.51802950329069
160,0.4271015695640817,12.51436308603361,99.48855136325417,15.14596526164562,0.8261526970172999,40.32239115944284
180,0.3677204740860499,8.362603472311049,98.97438911548167,16.15618755616248,0.7034840398939094,23.20060561694894
140,0.5635953579654918,13.59089374893159,99.80005235785127,16.58486910658702,0.659710599548486,33.90212215252996
250,0.5020715489820576,20.84433518752456,99.74349872925723,14.32420727031864,0.7151305642155698,57.47579963539503
130,0.3477761041511782,9.674266750711947,99.54930734868222,20.04017430596054,0.7142601582100382,24.98217012886223
170,0.6571334737654775,14.69517284120247,98.09367169290188,15.99773477572389,0.8155099904753035,44.8242852487821
130,0.5934726867573336,18.9658333360143,99.07103670077457,18.48798554095998,0.7811144591852557,52.49677570040243
250,0.5758528307824395,23.64647133293748,98.68513458491178,15.70299304969236,0.6364889436369063,55.58837453208689
110,0.4729714239143766,12.30951110647246,98.02921173897721,16.21120625093579,0.8665731260558591,40.19562815339118
150,0.5859601870441808,11.32900835159421,97.46183876403687,21.07053878096119,0.7119854369318113,27.55813788192589
110,0.3508122871012427,23.19244175576419,98.98648248933446,21.52426658531651,0.8917744336357574,68.12820280180351
210,0.4450579740844667,23.4665950935781,99.65765273230298,18.39167566396482,0.860755870646378,71.44827637958909
240,0.5682441651354544,16.64683645820618,99.4493757919641,14.66989383242838,0.8931196351078106,57.42875844756779
150,0.60187634579055,17.67023052864522,98.58181724074055,16.91276940742321,0.8511209682196146,54.92695744689613
220,0.5359948259962722,18.63208366755023,99.11908660595762,14.08798778315261,0.7162708712552441,51.65059198243701
170,0.4259617477530613,8.210526366904379,98.37220733878861,16.8564840511065,0.6902049395612441,21.95160082200389
210,0.4599616217444651,13.27537028511986,99.86391220465022,19.65970399989188,0.7889139078546781,37.31107048870606
190,0.3688901747593656,15.93321031595022,99.48805222632016,18.01094130113162,0.8857369142054581,51.18781447895102
220,0.4923916669110767,21.59854415062442,97.5284069677765,18.18819541320391,0.8846573286971776,66.64890175819379
160,0.3141354804550298,22.22101399699971,98.23987962425186,18.26053178689256,0.89489454575493,69.6811728937622
210,0.4045116059297695,9.14157781937346,97.39052566909376,19.24328828855045,0.6991268679802771,23.10468812663533
140,0.6756917954069561,17.35074703683332,98.78115846364656,18.88406528295391,0.7897638001125539,48.25314352055443
230,0.4048327724016271,11.46302202242613,97.53557613881343,14.39953626568802,0.6372555182053009,28.53244390085771
140,0.5327922173859552,14.44291967251524,97.46782154202306,20.95262482963689,0.7609577956267632,36.98720206408192
110,0.356590852788277,12.9321682257019,97.59415921095894,20.1161534960065,0.8125123846039641,36.30655394156289
220,0.3740539791108109,19.05694554482773,99.44028779282955,16.40348136167228,0.7072294533115346,49.95749190352527
250,0.5250754555032588,9.440498210716992,97.18751332712171,17.57709061145037,0.67521113607937,23.70771294626944
190,0.4077796101622283,13.56679546777531,97.04986837909485,19.55525099689513,0.856386498853541,40.2507613029343
120,0.4004812931994907,23.84287337170914,99.38013343820694,18.29617278504558,0.6880538795165252,57.94112611708137
120,0.4099347575780004,23.80841491815448,97.3684448812991,20.92355415072851,0.805736543181329,62.88939464090576
150,0.3794426946844905,9.723992592800409,97.61610761773805,19.17965888025798,0.7521140452855266,26.37837390692812
190,0.4988735216742382,17.12221833426133,97.97805841983894,20.6775813697055,0.8873463990934426,51.17426693736675
120,0.4851295465634204,20.14146857105568,98.51691419428394,18.02128389642574,0.7506089625928318,53.61931335102245
110,0.5071513261955231,21.17941209966689,98.14368615067274,17.08765174310654,0.8623355373526225,65.58919594696523
110,0.4677922616597264,19.71565274306759,99.53542575702626,14.66194953388162,0.6414758537919726,48.47019167735025
170,0.4110239069223404,17.47347643939778,98.85756406025737,19.57024295275658,0.61509046521415,37.3343864228145
220,0.6525731795943341,17.1871281064041,99.63730877712472,14.57034782841615,0.7945006157176103,52.85351337767868
230,0.4144623803075403,8.470144263379275,99.82651383423126,21.58326138480566,0.6288447398933116,18.94143473669003
250,0.4356627124257386,15.85146658353507,98.9459531735112,18.83837191677094,0.6529118328454904,36.72770308359429
250,0.5341824585348367,12.79818537858129,97.28865635979396,15.25752719744481,0.698075675772666,33.94357640335799
170,0.4428341121151112,15.27934786992893,99.68063768208107,15.82325896299258,0.6135300741232232,35.66538179323199
130,0.4486391902979463,20.49100457183272,99.11656750472065,21.45243043673597,0.8877014537984272,60.41630077707921
240,0.4350244338232092,22.80539268022031,99.74663202205555,15.19762352371588,0.6429187887975247,55.36162498208461
220,0.4000090155244805,9.388143345423043,98.25825656137047,18.6320447572507,0.8420890735875349,29.11953360827327
110,0.4926731552249751,9.54093808381632,98.98770934989697,17.4098851651866,0.7025341408160515,25.45027787037869
130,0.3585263129051774,12.29822562932596,98.66290707166799,15.0312817957811,0.6418095218569273,30.63679728956326
260,0.356050002610404,21.60770191685111,98.46495848196334,21.85936345414817,0.7851943706700113,55.36056446067208
250,0.6407721184235066,12.96833688873053,97.63524319150855,17.79204912217148,0.6006022636914393,28.22233948245437
160,0.69365476250723,22.90652708928287,98.71850788604161,21.91111939724349,0.7153432213492692,53.41076824164698
150,0.6428945574145764,18.75722937715798,98.28596924587474,17.59257632757723,0.6518403369961073,43.78678720187708
210,0.376051547434181,17.63496100689843,97.84662860309815,17.17076290634274,0.7177326698141405,45.65253316166228
190,0.3101070103834383,13.38556929210574,97.75526351588755,21.85296646942012,0.7783023365229601,34.67055279194574
150,0.4167095800598152,23.06678045685589,99.07631339591674,17.06488185080513,0.6000849482774734,50.01959755969256
160,0.3952116415932774,17.62603955081478,97.07720717881261,16.04132665201463,0.7912131184345577,51.03130233520077
250,0.4014590175694785,12.21898276964948,97.71896111764779,20.74241890071519,0.742064404570288,31.09170303047305
240,0.5463731671754271,9.366454648640007,99.18032625338456,20.17415883126296,0.774509515850083,26.13794501952104
120,0.5455811677859165,20.68827935463935,99.81135247068789,20.0128697917033,0.7740186189990258,55.18229799784025
210,0.3166271722075529,17.55338233552128,97.42626453460971,16.53538003022969,0.6428253749665338,41.04655452952623
180,0.6584861377622,17.0469381845966,97.09974295625868,14.59689773654193,0.7312760382918874,47.0188219117552
170,0.4710483816698193,10.85199444147572,97.23914761559344,17.99694794917479,0.6084098272369243,24.06036687647188
230,0.5108947465901262,17.32417448445782,99.00599871972932,21.50480860375054,0.6584790885239141,38.12635280014276
190,0.3730203605314716,17.69321843324602,99.01712062902665,14.09160118883289,0.7491576720472193,51.38204324252249
230,0.6180048845034092,16.9689085727185,99.19746864885711,14.25453564266674,0.6156150096270488,40.53191432138781
250,0.6072983349488117,20.01952042923867,98.44509029395697,14.6178588188123,0.7266946299176663,55.15186190464639
210,0.5229609675773419,21.08062675170601,99.52130419515871,21.28488154385984,0.8822237525828183,62.16469680141915
240,0.559499298828654,18.01456712757424,99.86117813223061,18.65944932523742,0.6336252371518872,40.7374781707124
140,0.3035838212528266,13.12808392148092,97.76446832660909,16.51091469825432,0.7020301638044882,34.26999698705827
130,0.4300190496891737,23.38914563666657,98.90403713592669,21.69298008730076,0.7274141885461053,55.77447335125675
180,0.6706508984037675,12.19559491000697,97.43812065533868,21.024678278476,0.6343406067799776,26.29774023739368
190,0.6592576716092415,19.66323928217962,97.87692353688504,14.7782241602391,0.6234879971171496,46.10419206265756
230,0.4388395559239201,12.10574708122387,99.47288876863811,17.75848219326884,0.8569215552467387,38.51710777130432
120,0.5806594126735813,19.23174578858539,97.80414250179292,16.03569439042173,0.7050006939099636,49.76609370703922
210,0.4156410624819807,19.38985264791176,97.73158002837275,21.94310049617104,0.6379018484103027,40.18847921782752
140,0.614621377377212,22.56937311883643,98.64069484867616,14.17362337304838,0.680559599751723,58.53563670584825
250,0.5232022083248943,14.97943984042853,99.31018530153015,19.86745241802745,0.8160505018946947,42.77825647675578
120,0.3734816627996974,8.995454181611539,99.02144230931441,16.9298230845537,0.766378063434083,26.58741077507141
100,0.4193845620416105,22.28781553707644,98.29174623689158,20.44316326747276,0.7139758334880228,53.3435432684301
100,0.5333931576507166,19.27277126340568,97.58058993457074,21.92331564045884,0.6673424883458298,41.75514741621002
140,0.3583847843921743,20.70623683338612,98.55730314751719,18.81126252837665,0.6409312344679143,46.28360815376627
260,0.4475898269317112,21.76647944942489,98.86003184074751,15.50780246750265,0.7435068245587405,60.31808554864475
190,0.3799030155972578,13.62454577564075,99.89685744332995,20.39706850610301,0.6321619444290641,30.17404552492063
180,0.6794229844852351,22.6641419570297,97.48310617778816,21.60373337651789,0.693629036423983,50.95930543507239
230,0.5540758264739066,10.87413886082545,99.08573686510346,14.03970424627699,0.6260579695655498,27.32187509371475
220,0.3643515743059106,15.78012398986519,97.8137916449608,19.34241890903562,0.6683333529700293,36.62938707309025
130,0.649520630367007,16.06706258608401,97.38774687448158,17.44340605070256,0.6161484856095397,35.53230231857902
150,0.3465583792123012,14.40421138111875,97.82398866889112,17.42911323786899,0.655946871874854,34.30456373108512
140,0.5958726311510429,19.77619514913484,97.64851821449115,15.90826123045385,0.6457218758896691,46.8507500501134
200,0.4714204668412916,16.161755285725,97.04893506858502,21.04592983991466,0.7468852394517045,40.09118434462005
170,0.3337271912674419,20.51927005029842,99.08222189962513,19.58779848219827,0.7204903901292476,51.03947463965691
180,0.6269067345280199,21.46003965139389,97.25258759277533,15.48106751758233,0.8240724297394277,64.91576257722261
200,0.5841936421229503,8.109703975509852,98.59652311757412,14.64094220395572,0.846426714369608,27.87091250750813
110,0.4135957739023491,17.91808108985052,99.69671889629518,19.87809167365916,0.7294079006767832,45.43427319992717
220,0.5527928277406842,22.02532342443988,97.29990774268177,15.64958381971717,0.6383338409262244,51.40518139968673
130,0.3365932564202696,16.71293552228808,97.71120253260052,21.749524562506,0.8032304677384207,44.13564294330764
260,0.4074151280944235,16.87088571314886,99.45488778239044,21.44267425778694,0.7044825036195572,40.01448862339152
170,0.4982932361679151,13.15676557692513,99.06588866413166,16.16965790865943,0.8825679175077472,44.03996540919619
190,0.457202149183955,20.05157005773485,98.07549940406889,21.08189544633031,0.6514844647566089,43.31721396764842
220,0.6240367334469221,10.7583270213753,99.43550644565711,16.37460189893097,0.7412011018982156,30.71023417095066
250,0.6624106505993753,11.1704701227732,99.57030946028664,14.57600180738047,0.7397324879592284,32.90467146357697
230,0.5536576885572635,23.75927058077976,98.70817449510082,17.14354598497599,0.7500098586869426,63.97646421471326
190,0.6083504182587378,10.92471490103751,97.61355515251473,17.63512663555145,0.7393095131616108,29.74405271571448
180,0.4646100472940132,17.22415890117735,98.41052139173094,21.11732793106139,0.7578595642543864,43.73838458612286
170,0.6807578637605533,14.85669372953847,99.64151585723177,20.93613004909456,0.8626564064765583,44.02937235690391
170,0.5673539268873632,21.05638823519647,99.36453353142497,16.21875030667893,0.6824844412621809,53.16797634882161
150,0.4184912301531061,19.41201598884911,99.82847767375529,16.62366858499684,0.7776554172873265,55.87993842652217
190,0.519109602813702,19.01151272631064,97.34127517286974,19.29993315410055,0.8349156236107461,54.35486279915124
240,0.4240054190079681,14.67366663201153,98.45886154618923,20.19827442830428,0.6412762870997423,32.46696000019599
110,0.5129754420168697,20.7250192716904,99.266591189786,17.84241752260365,0.8459680120806908,62.79636802431268
170,0.4601164019119925,12.60496284453943,98.83287880532363,19.33119818407484,0.7188196663305396,32.28195063829301
230,0.6383238905799575,10.18717780814692,98.59499228448551,17.30934244228899,0.8535190689327428,32.75076164337806
100,0.5081908033274114,12.5603928364031,98.06405079929496,21.83757327681035,0.8684497161749052,36.59454772123063
260,0.6680086321073584,11.02621491343156,99.7680667847019,19.10575349503755,0.8993973914786708,36.20873075158902
110,0.3446524411945603,17.54788688211516,97.51576364185274,18.05681596649997,0.8774635976662394,54.39392767445863
220,0.6045894737835042,15.33072725655138,99.52324000910025,19.49420217799396,0.6264582872485974,33.8931615881258
240,0.4929051319031976,13.67068047972024,97.75928899520063,21.65416245183162,0.6182699086302426,28.20928286056876
190,0.3664538381219841,10.9458021649234,99.74933152868657,14.41787210651487,0.7952523337845225,34.89105308001663
200,0.563125065012928,13.34498295383155,99.5652849710374,16.08295256144553,0.6388449806044344,32.5202497849516
200,0.4038106688602827,10.2493186484091,98.20843683038373,14.96527311486006,0.8312719412943581,33.45547377801534
150,0.6486773826849647,8.87732217533514,97.10958130256394,16.09561706200801,0.7398420847593806,25.28615064577136
150,0.5687964353586548,16.58286920073256,98.2479534687652,18.53365015091374,0.8615721348047023,50.52289293416057
210,0.3289410148001276,20.19918708936125,97.72913871290076,16.39339038839005,0.6756856376748998,49.589231054986
120,0.6367313448297791,10.62035868288204,97.33194834101016,17.42363798349537,0.7207028826307039,28.29286494921793
150,0.5288034298819489,16.40195928582921,98.67901557224118,15.58427029326186,0.8912492864987115,55.08308895824704
220,0.4806983001067303,22.13806557853147,97.15234597261642,15.86120670746081,0.7211997922587209,58.03313769016754
220,0.4352262653642334,17.02506663355231,98.3698111049904,19.80583182304166,0.6466902681300184,37.92613893564987
130,0.3059685420784168,19.91587398948521,99.60211566374146,21.36650473230518,0.7558048741025152,50.40062304295689
180,0.3417195714024827,18.41220531263203,99.06011419588353,19.71382272711955,0.784479774380615,49.99002870366133
190,0.3516613814065233,8.203207494650036,99.0793124365229,18.64630519282445,0.6345371319725643,19.59626558550181
200,0.6551052290950902,21.94649151431769,97.10340663346562,16.00325626559742,0.8402346739865374,66.83151227037929
200,0.4626218926549889,23.72577072019875,97.7274684655962,16.11391383657046,0.7793529368119547,67.07906061094103
160,0.6561302138851024,16.11805202226341,98.27791846823158,19.71107388961874,0.6704957367012044,37.38168322377782
180,0.3335538545696996,12.80319225745276,98.15032626376438,18.69187794384733,0.7372061726481188,33.79509375776238
240,0.6511721876910888,22.89404499370232,99.05464366333968,17.94251058718003,0.7955760768352076,64.683484107726
140,0.5626379162468016,20.1542734169364,97.24331646702399,17.97718005153164,0.7404179071049904,52.28538352331387
240,0.5583116482997312,16.13581875248626,99.60767031865528,16.13266435700282,0.6487859716779319,39.42987770541495
190,0.550607151608169,17.08269237120077,97.15566375844359,15.09264862177335,0.6396548846784978,40.83629224773935
190,0.3282529079677537,12.2311949874796,99.70127169555848,20.84200163278729,0.808709481504187,34.53083863537048
230,0.4114434260186739,8.896491418484599,98.43529507483416,20.97755797708593,0.8746497435657308,27.50030362184625
220,0.4080680785310454,22.97575581339002,98.93748646043791,18.43599869095348,0.7709227079089964,62.19900391428809
240,0.6941878284960054,10.09094523928687,97.32399305709151,19.52569445361011,0.6025762339637848,21.63762170236789
240,0.4937259721178561,15.35871755666658,99.45729882318487,20.61781979041733,0.7226346816770732,38.23561565032263
230,0.6916312202752567,8.665286867387593,99.83340237971656,21.22420644167997,0.872319708015374,27.02495329518282
150,0.5826719454140402,11.51760258284956,98.37666281608865,20.51990772333927,0.857861970589729,34.42592695930278
140,0.4163868348616175,21.63158606597781,98.45770822903549,19.51734331249073,0.8241608645228902,61.10267696413024
250,0.3800008726082742,21.32939187692851,97.65135959618478,20.79989954548329,0.6082434305309783,42.96679198037501
240,0.5476911052789539,23.52425031184778,98.13243272697288,19.06674492238462,0.6142009889467852,49.63697156314269
190,0.3943059904133901,22.19154864499345,98.39612778146164,21.59081365024671,0.6821802459014347,49.59106681405091
170,0.5292557164757512,14.48460363139212,99.35241628407047,14.29594681378268,0.8073984887945931,45.84392383279288
130,0.5143721209397539,16.61849785524234,97.13736560491026,14.60748171232082,0.8545299395625015,53.64900653153401
150,0.319929720866587,8.38289623337984,98.80903171780979,15.95083589419164,0.6808380431955681,22.55558214175537
120,0.3145523291533813,9.403287087719887,97.45523460599291,15.92658866928704,0.8088096328539541,29.31604105785237
100,0.4736993469560519,21.42391673497483,98.9605675001513,15.26752370497771,0.8890228991448647,71.44513931088454
190,0.4235923929355107,13.9122729751505,98.25113432880673,20.97381443965807,0.7376850422801218,34.88654857237713
250,0.6129507984659635,21.30096936311945,98.16198929136358,16.60951424261183,0.8492230009322288,65.57502751093826
230,0.4891931371368468,23.56562114775554,97.28271024181541,18.31284579322301,0.8816840575012844,71.84452901969738
130,0.6264143138793297,19.25571481424943,98.50634239323878,18.57066229680367,0.7328947673199931,49.6034496395737
180,0.3669326878064312,23.57602809117734,98.7503641525459,19.27980064234324,0.6179217709095217,50.13968480065362
240,0.3104738280876539,11.54739367095754,99.67322936667107,20.38695517344028,0.8218482931370381,33.58817784049919
110,0.5062445261746644,9.688015379972756,98.4999065067466,21.67548912739009,0.7041601314115338,23.57278118843189
200,0.6048160508827306,8.530250384666026,98.83168408171807,21.35207807894051,0.7252718339928192,21.8734193072788
150,0.3723536401909776,10.3824817278944,99.5419145098751,18.25204504817724,0.8655509428154911,33.47991336942056
180,0.3242222794475034,9.843346986282617,97.90263412512846,14.44372534599528,0.6434300324287265,25.13761801772124
120,0.4042043633980676,17.86803518932313,99.27370524814427,16.23053294488788,0.6933224631221965,46.15164169653401
120,0.3121351457836106,9.651525206618011,98.36830543178171,21.5551974577792,0.8641958193654428,28.86739060499359
250,0.531858328936994,10.35376303615794,97.03269364608038,14.79882605383545,0.8788491005039542,35.38599021565827
170,0.3202158683853224,15.44360972400755,97.14308379818937,18.46347023628838,0.8516528097149916,46.24559042725458
170,0.6283500269526616,13.77906442239881,99.5855641437351,18.02629066840559,0.8271527411776129,41.74908784964769
200,0.4846779735952615,17.57921015689895,97.5965178813545,18.97671338804998,0.8099984124943614,49.41152777778664
110,0.3014536895693279,21.4459774014391,99.62521463867485,15.39698143011332,0.8257213531990768,66.70041566273629
160,0.5401909320464358,8.637525931660086,98.41839538182074,16.60798374702968,0.678241054987628,22.69283040842863
260,0.5701599990841932,11.74124332844466,99.7946880806405,15.72078221562505,0.7128205021860776,32.53379405672163
120,0.4972288287077099,16.51841591120884,99.68319679836694,17.39089763106406,0.75931464218935,46.05397960898166
230,0.377793622121308,8.914467819873243,97.16687066865147,18.11665637574158,0.8700587521368871,28.69238581527595
220,0.4214860945131629,11.28868394422531,97.93546686044,17.8103084521871,0.8669228787282017,35.93536245209268
200,0.5946190827656537,12.53840118991584,99.33205457770715,14.33138504253514,0.741415632022312,36.77342377005009
190,0.6491891186522319,15.5293515298143,98.27001274692458,20.71154040076583,0.6966846523619257,36.73002715172384
190,0.3991367401324212,22.30861356834322,97.22640710890677,14.92627895381115,0.7589859780862229,62.70669297115494
140,0.4874191790731623,18.87502070274576,97.25612451530462,19.1125947411526,0.8367735512432177,54.26415852434044
130,0.6435625735472887,18.8216662110649,97.9956068384918,14.87031728304177,0.8589923872216372,60.89612519479405
250,0.548291181763634,18.07582313570008,98.79123013344042,14.4937734684106,0.7318641997807659,50.70768044254692
220,0.4087381734717637,8.689790530875324,99.19915564749002,19.01028041349351,0.8780042010046543,28.37297226722177
120,0.5092263576973229,23.58737670238316,99.14240071250731,21.6635084423516,0.694653250861913,53.85897523466911
200,0.3697021255242638,11.04552026763186,98.42320255692474,20.28779852112569,0.6615649533475516,25.68365662624099
150,0.5670617370978929,14.95867902290449,98.11147323123819,15.83316054904275,0.8764480863037984,49.14981068669373
120,0.6402145546899176,11.02086957484111,99.16296913131907,16.63318264103308,0.6871017637799028,28.87708261414748
160,0.4790770621167496,15.22457162345946,99.21742320169187,17.74141879054531,0.8221282076517585,45.64517527288923
200,0.5405861461969093,21.68413585799932,99.36233719494834,17.26651411685906,0.6721193229862489,52.74638812526068
