N_estagios,pos_alimentacao,razao_refluxo,corte_pct,pressao,z_propeno,pureza_topo,recuperacao,Q_refervedor,R_sobre_Rmin,T_condensador
260,0.4362570044555701,8.408643657818436,99.72051540218969,17.52739549927972,0.6994335403127828,90.3591143465043,90.10657453918802,22.73036910416496,1.002253800301316,42.42004059579529
250,0.5713546113365329,17.95608972944319,97.79148679052913,20.76673783815838,0.8529428201429313,99.50582249765796,97.30822326360456,51.25938772634623,1.312453608119585,50.30553580316041
230,0.4567015541451052,17.9219482238926,99.48465535461131,18.60708931566961,0.7147585618466372,99.09006090430714,98.57940558132441,45.60578609119898,1.407528064938972,45.15407411576138
230,0.5284700608736835,12.77514322942123,99.71765768224498,20.06417208889313,0.8575798018727918,98.08447912571529,97.80754513399381,38.7546619697919,1.080717225536221,48.67259908984374
140,0.3154307821659371,20.87383944858983,99.63530816619576,17.15644008537941,0.670073156848806,97.33179399507625,96.97683289068104,50.95792388940728,1.778419314773297,41.45336113536348
220,0.4425843279291876,23.67090724333748,98.34932656771511,14.3009554352928,0.6005394252848345,99.79708703622234,98.14976303432121,53.77383228329832,1.906821214451348,33.46678053348757
120,0.6294371628565714,8.283379850484431,98.75873157454093,15.06024588580616,0.657770453591086,89.48477184189936,88.37402562343178,21.9280524668145,1.016112828997881,35.69357014772618
120,0.5177414328450336,20.40131642172113,99.4419700211773,15.25496234015934,0.8283066444915254,99.35529573334227,98.80086339760226,63.85487045557296,1.833920035798741,36.2517046162655
210,0.5577956650737672,16.68154044958949,98.32798616919517,16.98995027035289,0.7962853935243096,99.52208960194659,97.85806649909607,48.46746139805229,1.391017060393839,41.01470580345699
200,0.5353902940949424,20.97997260412574,98.49098128325329,19.42744408622757,0.8051510788647691,99.57932930946318,98.07665859217252,58.10127984600548,1.60513282760207,47.15782261175121
210,0.4125959319006651,19.02492464777827,99.2393161398445,14.47181732760742,0.7748845843124204,99.64748517066816,98.88948283392405,56.63945045584973,1.695433355146547,33.97508287402184
210,0.513863985268399,16.3345002458021,98.87789866673607,20.13915462020599,0.6609017831639852,97.98934513547648,96.8898053872547,37.20937932246684,1.234197395254297,48.84876087873118
260,0.3300868459936231,21.88558004591614,98.74736977401727,19.6824716414921,0.8181152673186036,99.40378234453459,98.15862052111687,61.30705485439913,1.678089786119582,47.76864112337506
110,0.5238735211316495,17.39579143382981,99.04647799739537,17.66769213497825,0.796500562121789,98.23066083561012,97.29400987123864,50.12762156347759,1.525394270810725,42.7818847952766
170,0.5011241797595285,22.49276284031198,99.89179401035263,20.36196892191097,0.7196865105764475,99.01164742915931,98.90451089619243,55.22002595889738,1.676295307400829,49.36954702558415
260,0.6974472213746048,16.29536243629828,98.93153427812223,17.18742220436223,0.729989152964484,99.74888050945768,98.6830979132573,43.55771290856775,1.311330569316352,41.53465880691283
180,0.6964546004611067,12.65720698609203,97.47067533293615,20.91835271302611,0.8135432038332335,97.09903637226273,94.6430864938178,34.99704058688333,1.072550681558002,50.65285638731041
180,0.6501322237265296,11.19818883357942,97.83511388139529,15.66361861541495,0.8796899087903089,98.66004437517338,96.52416676988599,37.72604060780655,1.081743251590665,37.40682601086547
110,0.3020696814965457,18.35567227867246,97.31432823074127,16.92723800788447,0.6125844189391472,94.45491027437473,91.91816141445716,40.44589147934006,1.63796577189661,40.84868956228991
200,0.5799494342819786,18.91867441151291,98.80487378326556,15.37604942765087,0.8091889119603904,99.83925493041987,98.64604982015412,57.55110687895862,1.637166354423928,36.59624030276791
180,0.437639882430993,22.45891162438691,99.31232589985852,14.51114736628346,0.6169461333880434,99.49891630301768,98.81468802568038,52.82661629521722,1.839607288526009,34.09148084864455
160,0.6958124412604607,22.0927298880741,97.63333946792238,15.4316746760048,0.711188498637965,99.83809252449082,97.47526379273457,57.88296506198338,1.85263444733921,36.75386825061736
110,0.5707023906398565,21.84564396186918,99.34321205120213,18.09364824589156,0.8299593322821893,99.00199752266904,98.351764333871,64.51036078178392,1.826338278515648,43.86823846691129
230,0.5185113893788308,18.15229291670769,98.05883505307017,15.51847522559576,0.6139879603575915,99.60063092566106,97.66721839121118,41.55493862382469,1.440762200551429,36.9990353460181
180,0.5516116957315244,10.07609310689196,99.19423845692077,16.74953171342611,0.6878129962261766,93.67378993554709,92.91900256030161,26.58230870351675,1.023931014631576,40.37588210994306
180,0.6645995780380443,13.70046352453157,98.54253014820328,18.07927414728515,0.7931520857371157,98.52009624915902,97.08419554836642,39.36112956116657,1.163007508580594,43.83187385466556
150,0.3768279987640679,12.88413873252273,98.25483660007133,18.55153256583214,0.695699541782937,94.82744776340188,93.17255385194851,32.20482885713215,1.189782688661789,45.01615215074543
150,0.53151677152263,12.84186800117046,99.00306229124678,15.61448496532254,0.7165680546251592,97.41274330462883,96.44159893349402,35.32157502756736,1.184188605936279,37.26908281246352
230,0.3469905024045147,20.17278613929078,99.26358131901463,17.32285036331043,0.7854021084141685,99.36963549698872,98.63785893796184,57.40850075575673,1.67271189794303,41.88881663387338
150,0.3156942559882067,15.81773262123018,98.76661314353359,18.6788351091221,0.7998013063083635,97.25536473853793,96.05582985264432,44.96429849969586,1.424361299515689,45.33175913045528
190,0.6290478921324946,21.81397868050262,97.9660923995234,15.97241661371477,0.7497458094569156,99.88313061078718,97.85160002570041,59.85268499425528,1.823510679729145,38.26558239149671
200,0.3238241166853346,15.40205909581482,99.7662788659089,18.45473366874084,0.8446131672741612,98.40685818683268,98.17686056185499,46.99106148550667,1.336437671257074,44.77515053887663
260,0.3882104497998021,19.33767352770641,99.092841185037,21.95728139176592,0.8951361154410755,99.34061962196125,98.43944243422177,57.01616151373,1.363622225902108,52.98692278808659
230,0.4587356844408437,14.29323224692047,97.89854310474982,21.26035726884939,0.608767843855312,95.29945412846713,93.29677717854868,29.2409644512389,1.088751590982725,51.42993492471857
230,0.6479915921439416,8.949949920877815,98.24368728321426,14.0079643522799,0.6476302343477262,91.80593167092465,90.19353241822458,23.49653314019514,1.000955751545188,32.58497753066655
200,0.378068256074097,15.4310584551096,98.96415084395458,15.80171043038368,0.8357584237009752,99.09079706543287,98.06436588031191,48.70469693590971,1.390850563935085,37.79232428642933
240,0.3356008873155341,20.75117684981972,97.07012626413692,19.60866653050669,0.8020990041632206,99.16736035645519,96.26188191082269,56.24250556724531,1.613712818318221,47.59244201939566
200,0.6603303298067301,23.36822096534446,98.30376746602268,16.31167456384376,0.8651465592414374,99.96477706512354,98.26914199402701,73.53287613797214,1.948833115260606,39.19559366430735
160,0.5747152356656269,14.77569457388669,97.54858756952579,14.54674380603246,0.802979944875883,99.26921998691886,96.83572198852471,45.38448968661609,1.353663555950434,34.19663555422989
220,0.4422093495987355,11.79313489887118,98.89220926338847,14.85155325864628,0.6524094203542219,96.59747335757507,95.52737549591906,30.13504270059119,1.082579330288749,35.08964912796176
200,0.4760323355431668,12.49148847415298,97.00537635176096,18.46436875572614,0.8353243394145509,97.87961379811514,94.94848773651174,37.16221838823181,1.120230527842877,44.79917887034094
130,0.3997088649901561,9.941587655100971,97.40364726172147,21.76615110743046,0.6663489840463735,88.50569021381985,86.20777030242103,22.53803659752811,1.05795822510658,52.56338001015718
220,0.6452949365095235,21.0404059796296,99.33880183484247,16.05015170280076,0.7093656472238247,99.91789383032315,99.25723854965301,55.39094710128314,1.726525128506013,38.479904665893
180,0.692322629161179,19.9475324308835,98.47144769510949,15.95216680981778,0.6404199427720858,99.76466354977134,98.23970848561507,47.2034096442255,1.588127426903372,38.20963068284715
140,0.328585063996166,20.6370002492182,99.51611421197588,19.65262492284737,0.8432812286599539,98.40212999213608,97.92597606999111,60.24740329955408,1.710320129271831,47.69744210933101
160,0.4992524815256707,12.70736982639879,97.55301108616658,18.88911366691254,0.7665540800974471,96.66482373008145,94.29944620982974,34.54566788806307,1.141437307664879,45.84979039759236
100,0.6361144113061018,10.43227954089269,97.9378232732997,20.42940439736284,0.8538854975753697,95.30771534503211,93.34230182043709,31.21478917538847,1.135791284944259,49.52638029732452
230,0.6142492560916579,18.47551164197922,97.95493045166573,19.40935906348936,0.7168889764302643,99.48623673225472,97.45167400005965,45.6050359893439,1.393569902794564,47.11429449021722
210,0.6214920789236202,18.72110355462879,98.77982773375142,19.73016105553322,0.8606235462622018,99.65388557102388,98.43793649704716,55.53852736866903,1.409866291989909,47.8822471633805
170,0.6970933374913408,21.90525982460007,97.20244001192492,16.79466252716258,0.8440060498734936,99.89067875443966,97.09617709378885,66.04196246775693,1.807856975379646,40.49629200555114
250,0.469985636604391,9.598923307377845,99.15841886819564,15.31653784263507,0.6309795836698031,91.90238936611171,91.12895619752913,23.99257086629581,1.005128987976291,36.42715049147421
180,0.3053974540202878,16.49500872662664,97.17995200463244,17.68258983652294,0.8328069070289377,98.38645332806716,95.61190812327577,48.89219297095028,1.4628870030096,42.82018902027886
190,0.6475433220162987,21.54312977414578,98.91168606691831,18.41006359316036,0.670623767165537,99.67355722843523,98.58879601752001,50.88705631724881,1.632423117761111,44.66363543781284
100,0.6287647547785192,21.56661177999899,98.05140996973114,19.75686321199127,0.6315681415846338,97.22148940258677,95.32704115280906,46.26823284913039,1.654003719357682,47.94577339302299
150,0.510681422550138,21.1565115792416,97.56443799574028,14.74060938840546,0.7288112138929311,99.53984171869629,97.11548715469547,57.64479643179545,1.845675508294327,34.76613548738612
220,0.3399417646718211,18.88100324036181,99.85665151653004,18.32934669020399,0.7091630479972344,98.59078028285904,98.44945189448237,47.98819180392462,1.521167756170349,44.46164958796362
210,0.5449452167158946,15.20282467381284,97.08043943694345,21.34540894485079,0.6509194417416584,96.85741232451181,94.0296015118883,32.78890181228634,1.140030948158123,51.62183088395585
240,0.3376780797420069,18.09880912727117,99.13846642418335,17.20504960441031,0.7735527868847363,99.12319515183225,98.26921554417694,51.0588179138803,1.519781299378983,41.58086731746465
140,0.5076238729408942,14.87026013833284,97.30207980867777,21.2971156240385,0.7480497811931418,96.35941577712003,93.75971564262898,37.03062733047452,1.226565023294123,51.51293555585215
250,0.6746026063198223,15.46460286541656,97.06841090133332,16.76963384806737,0.6119733012415934,99.43604503350105,96.52098877715365,34.39049766937345,1.190657552084035,40.42954326784263
150,0.5942488692791201,23.88592581997439,98.90801708758244,20.37683651470766,0.7678456387755694,99.31502294667698,98.23051986663567,61.77513936369356,1.780578333718151,49.40415537897769
100,0.3505110947788693,8.155298632249236,97.30848196885034,16.05861096430011,0.7416577590059722,90.91081003634865,88.46392919195615,23.56051366309395,1.090178158672068,38.50318318159304
210,0.3323875299781561,23.86135095761344,99.1136010470989,15.23404249748401,0.8039102682191412,99.66853172539828,98.78507090381244,71.78533380438962,2.092218836743353,36.19198364261553
220,0.3663874987334944,15.47292934247106,97.66286332068857,16.75631571046635,0.7053949424727587,98.26831345584843,95.97164865793108,39.91385764433497,1.321639775815059,40.39399657025172
200,0.3190892341805622,17.45515396862105,98.87927617442291,17.05163620433584,0.7007402358803898,98.09973634868399,97.00030923059599,44.71298096526728,1.483067283161992,41.17758367096428
130,0.6979911046043038,23.49504546310753,99.46783560917841,15.17382187201828,0.8228230357910273,99.74645036928537,99.21563527931151,72.73582485682803,2.062440984933016,36.01974274587121
100,0.5676970608394594,19.58441871130839,98.043689536502,16.69508222395368,0.724815409196075,98.22834142788658,96.30669010641229,51.51123132703115,1.699322808737525,40.23030436049675
260,0.4343181952295825,15.00744227119163,97.218884199767,19.09384476492368,0.6591099874629406,97.84963601435039,95.12832432668482,34.42524726252704,1.175376385312,46.35028486701469
260,0.4400280398774892,12.62871493016556,99.34293520091074,20.65930591798201,0.727049419165263,95.95137176749357,95.3209090793661,31.9845948675073,1.067514972269102,50.05835887143058
230,0.4277200147268362,20.54442845303565,97.04230194549999,18.58063852477633,0.7575380824822699,99.44507690081625,96.50379179602476,53.71201521944674,1.615661427707962,45.08844501513539
260,0.609806448194012,11.40301659215987,97.58293657033718,21.33492417197861,0.892213667764957,97.5919657685417,95.23310605366122,34.589507860432,1.014743220100525,51.59820362363314
180,0.3422539798168465,17.83754195921868,99.60576176169718,14.18595584050007,0.6356178587203379,98.421326098588,98.03331159646265,44.11136545438956,1.545427981101272,33.12222170800015
190,0.3891999066957272,19.00181130131334,99.73846895938377,17.51716309257038,0.6271740539439954,98.36930573774158,98.11203946879871,43.34680954353404,1.496261979544308,42.39357011388097
220,0.3835042764688842,17.71106783185899,98.0577989377208,17.00471179667115,0.6684957562356256,98.74602931003493,96.82818287981692,42.92760826734834,1.441102080633565,41.053720631506
220,0.355899319829978,10.941223600097,99.29458784941195,20.7241721345,0.8899598630252761,97.1378914127617,96.45266892391106,34.2403038557253,1.055977450474136,50.20770843808742
140,0.6867247806723229,12.92219273034483,98.60940298140606,14.3143813431859,0.7102017513642787,98.1603077273296,96.79529341463073,35.97220720977234,1.19333178681527,33.50687792854279
190,0.4327975787904114,22.6181236699,99.87153653869436,15.39057010105252,0.6540793326979503,99.53637297995137,99.40850510996322,55.73900626589685,1.858451253952593,36.63742723264494
140,0.4519214101679623,13.30236333876476,97.13332915059021,18.50532544845901,0.7801271553672384,96.7885787690857,94.0139687959543,36.81062873185001,1.217558265868876,44.90122003107012
230,0.5823436574277467,16.92840442345291,97.51133710171443,19.77145349930786,0.6497995839968557,98.82322998150447,96.36385292206734,37.600008877481,1.250027344301477,47.98045931330773
130,0.3822403425080702,21.93359229850397,97.36514487393541,15.54820663255826,0.6033287395277526,97.94237582711322,95.36173611704308,48.521281118786,1.806790808997858,37.08278754825631
180,0.5879619613362477,20.34286128931492,97.89224188766745,18.96526468335651,0.8481671084820992,99.652509425227,97.55207557367382,59.63016824740735,1.578695215047395,46.03639451309135
210,0.665749859128613,20.07563560155779,97.26368447998532,16.89473459196091,0.7879901661761105,99.88652915247972,97.15331855287643,56.6571736173215,1.644624142960565,40.76247338562314
170,0.3530226804367266,23.24959713575617,98.67595793991434,20.58155751903728,0.8807507280351827,99.20801766289267,97.89446178205876,68.59029828950175,1.76076521726553,49.87891772313037
250,0.3096167380723171,14.08996281576157,99.41669345691852,16.3851451927349,0.6633217932423809,97.2626751031342,96.69533555528153,35.25669970471106,1.223467807359242,39.39519248216737
210,0.5145473349318839,22.16417711321637,97.98322084098638,18.81612846003659,0.8828354495860404,99.82240633422299,97.80920884724848,67.63132494710045,1.701897147257619,45.67044826555093
150,0.6808800502684899,8.77064277337119,98.84662012402153,16.55220175582357,0.6307847136136377,88.79089562212678,87.76679930032012,21.51328057299146,1.007029100486997,39.84669300583829
210,0.3826956902874634,19.48136507789418,99.13117859615757,15.18807018943131,0.6638010118471691,99.2631235545974,98.4007042910325,48.88405617867001,1.634422902088238,36.06053908116922
240,0.3928839440692216,17.05956108368933,97.16849805895299,20.10147497674264,0.8448818055827636,98.97846145164053,96.17588439441886,48.73865575484687,1.330914078095383,48.76029477338614
210,0.682270654958114,12.45665796951205,98.99385237577874,18.73319431511313,0.8611938249228754,98.47683293622829,97.48601062123208,38.78611293689096,1.075996201634029,45.4660660767276
100,0.5364885107053443,15.99661909593642,98.71378503505052,21.40306707508117,0.7424414619073737,95.63654455827383,94.40645301020474,39.84236348791199,1.356391131717175,51.75161846994109
210,0.4291115981171839,16.50220330406725,97.47788098897533,19.9628659653943,0.8582899139838991,98.92543501067645,96.43041780753332,48.27542678728594,1.305442628179498,48.43386164707954
170,0.4121190126602537,18.49813414353132,98.56225625223065,14.42935572489165,0.6282495469993679,98.82247341217374,97.40165947929918,44.44496037757095,1.563345830948907,33.84916365338773
150,0.5500083030773326,9.871846026357263,97.80864119256776,19.39013531836867,0.6712811031511752,90.89190221234414,88.90013450797125,23.81232278381198,1.022344318090856,47.06799448753122
100,0.6352585497123189,11.45182833181694,97.41871146770346,21.02288791067153,0.6893098305061692,91.79270339873189,89.42326887241545,26.96152723358089,1.109992617889428,50.89130648768571
220,0.3648758718425408,22.41191572082415,99.31750442779071,16.56444809065945,0.6843632716638268,99.40817251317952,98.72971613736289,56.18043509440291,1.822865002211439,39.87966396262857
160,0.5599773389779963,8.650628449864685,98.33599104188984,19.37923281987198,0.6587220394110074,87.99654149201889,86.53227115876457,20.85855018229721,1.005198147182515,47.04172176011593
100,0.3231878272940404,20.27854708569497,99.22042959039288,19.23850618919544,0.6932312196280108,95.36239018518134,94.61897320940359,48.97624786842416,1.78629840870606,46.70166767006316
180,0.5161373301564716,13.05765984077752,98.48124138746485,20.64519075312279,0.6944967540540034,95.39607097156416,93.94723492766339,31.25003854934467,1.098239341362916,50.02581648100295
240,0.5621320914317853,22.85667247810587,99.35751189428906,17.19671571258642,0.8937758699488594,99.96220616457396,99.31996087976032,73.86579085897496,1.838983825560858,41.55902499594259
180,0.3183592700415291,13.61112145160511,97.91315433636078,19.486971599387,0.7330068174524232,95.5760435128054,93.58151899328048,34.91298304052686,1.226447505662857,47.30089703504649
200,0.6222976098980755,11.08616006558388,99.88353408919176,18.66930818546005,0.7238297954548616,95.30099810748129,95.19000493202606,29.58084475973943,1.029971345524912,45.30819243796049
250,0.3296902265429497,12.67315800732747,99.30685609807499,21.97507281438634,0.6695592017061542,93.3356624066396,92.68871195434666,28.72334472747678,1.080302034915186,53.02621797201408
230,0.3037327936434187,12.32765566678718,99.03600412882383,15.20903872323222,0.6832789109123871,96.39826810870211,95.4689927842489,32.69845087642566,1.163503640481703,36.12052757129749
220,0.582868050943967,17.90116297416762,99.42518471687863,19.29481856968254,0.6654911023684311,99.15798754751476,98.58801228065607,41.80146385056506,1.339340149094689,46.83795015304128
120,0.661432365165092,20.44264333582297,97.50862877579148,16.24977360125072,0.831620012710942,99.48603708360451,97.00747058359818,61.7693412526992,1.764488544155351,39.02693202728631
140,0.3811593921729363,16.89338639516383,99.67842769164756,15.27449833052792,0.660106210994278,97.48794714513591,97.17445290313589,42.6318761443799,1.497041382291026,36.3074225238442
200,0.3630807874543592,11.21171727570519,97.0537290404165,21.81428163297102,0.6925243524088757,91.90685272914753,89.19902781732148,26.02147913941085,1.056847896589119,52.67027932219776
130,0.6251208785078488,21.26275133768841,98.81537743243463,21.69687433100492,0.851707335532643,98.87280855851142,97.70153895514157,59.55256494425846,1.569502925893125,52.40922559829562
110,0.5423350691987201,17.78808015472814,98.12394915030697,19.21655132715777,0.8510107449053788,98.4563050921639,96.60921474390599,52.5232514403505,1.500069403936249,46.6484586737858
170,0.6774781633622012,14.73718297857419,98.53200095648913,15.2019916046299,0.7390650081583299,99.24120072330965,97.78434084592276,41.55554721345338,1.29065576234081,36.10037315991593
140,0.3118876580058597,12.58329508226365,97.52400316622654,19.74556673713215,0.7127266799370758,93.45008111764056,91.13626006800908,31.26679466478523,1.217162131085578,47.91890564822387
250,0.4964980707233771,14.31072171744332,99.17021515918144,19.81617372884788,0.8407906339866809,98.68090823518514,97.8620690178675,42.21585860377436,1.152522282304598,48.08666268656475
170,0.6377039332636631,8.723512952245772,98.70780735590409,21.12838968416862,0.7949083234863589,92.48202056138983,91.28697469458429,24.54566214646528,1.00766998436364,51.13112582294156
180,0.654564775006473,11.9355904285796,97.95842991211219,18.90214568395727,0.7528436114518438,96.57057340384965,94.59901746353493,32.14206933354191,1.063834628196039,45.88176203708963
200,0.5468907857563347,16.25888403508812,98.97810033488696,18.95265324855596,0.8975017781975214,99.46408852938544,98.44766534179593,51.60386512742159,1.288133081927837,46.00552718224577
210,0.334383902618289,14.88822690907493,97.51803712603683,19.40445346667804,0.6533384031283669,95.96277398493996,93.58101356180855,33.7588747371384,1.226921241177228,47.10248251049393
220,0.4456630767052993,12.86273530674726,99.01210853811048,21.79861843589135,0.7762022731435485,96.04311669587698,95.0943149463058,33.78834197738025,1.086357839580203,52.63550889932048
160,0.6894249627224169,18.80526073987409,98.86651128141612,18.0521851261463,0.6848555661493214,99.26251765665364,98.13738821723315,45.96435346967711,1.471540638289527,43.76328684164952
180,0.6359288269019685,22.26540927298367,98.41340025708506,21.12445685815811,0.8505736785267479,99.60774909409838,98.02737280304804,62.66082897602934,1.591833084066245,51.12220097080092
190,0.3169348181664944,16.76254817407578,97.32066632040727,20.83340091593005,0.8720489745943342,98.33647441870386,95.70171214027944,48.80280896010059,1.359755458748509,50.45846499420441
180,0.6035630579076707,15.38698158492148,98.15133848221269,21.88265371689759,0.6798782234513434,96.83629050192314,95.04611526416136,34.61728036844758,1.158543230133163,52.82185445205897
120,0.4667787681836635,14.46552601309866,99.81834396535754,21.0348519248087,0.7514650318370433,95.58808391176399,95.41444238893918,37.39627038049804,1.257596398824977,50.91854431801653
140,0.3718860641544685,10.67684906537831,98.41756199704837,20.32311112008803,0.748774357758346,92.95636260177338,91.48538579380141,28.1572828056435,1.102079440924793,49.27901161650789
110,0.6872735675729811,13.42344372686371,98.01094952818521,18.19465489528142,0.8423326988316374,97.56803645274827,95.62735896334445,40.69838357881038,1.254961680760418,44.1232012060006
140,0.3132792825620621,9.879501272220164,99.88602920800639,19.35561861943826,0.7987191762193339,93.78955394036051,93.6826612429274,28.97555273632203,1.107726420688421,46.98478101181502
110,0.6858032162891701,17.32967626008764,98.27276848752932,15.8273152876962,0.8313963938093512,99.02111220836372,97.31078835430191,53.64445040222344,1.565368140762803,37.86354027230851
140,0.5795548749965616,18.55161136747524,97.28520995546958,15.41135801662505,0.6688425185489002,99.11595122238732,96.42516124606034,45.94290019737153,1.559731446465529,36.6963427861217
230,0.6333600954983383,8.438613967556506,97.50166580761746,21.68046761247143,0.6348833056529983,84.98301760750401,82.85985782089725,18.57693962514916,1.000142123981349,52.37266736157687
190,0.498732520776242,18.33746002703533,98.21820538451246,19.16827561403811,0.7075914580498589,98.81833999975785,97.05760013852802,45.03614912870227,1.424803783823972,46.53130951474617
100,0.6588254882558249,8.764737396679818,98.86839798897182,20.1067587195728,0.8818068995149573,95.04966018055366,93.97407631447506,27.98264801615951,1.14073524374085,48.77270717912245
120,0.454016029388085,20.93651382244006,99.66803106357337,21.50364352690056,0.6027509763062932,95.86441313511912,95.54617306242282,42.0600316645785,1.546279534319523,51.97743377850497
120,0.3486464571387507,10.60230260373652,97.56957076765613,17.39648721131496,0.6817522805559681,91.75135278557511,89.52140108640356,26.80189457041728,1.142766895888512,42.08056553244637
260,0.6725545235873199,21.73861728031933,98.34063935800491,18.74318856195919,0.7687605655879481,99.93368324612921,98.27542303824691,58.10722351462343,1.666283082160808,45.49072940264944
220,0.513252105641365,8.228306494180114,97.66054139726079,15.34491929774173,0.793849799735751,94.32022546096654,92.11364283229696,25.87073156040137,1.005430152156985,36.50784858670596
130,0.4658518612239509,15.02974118005484,99.1239893648016,17.29253742313199,0.7717517774886684,97.72245235206354,96.86639327648277,42.67374096629125,1.35111806165575,41.80971537836268
250,0.6255495003260672,11.59829752463475,99.24514604367575,14.34090316330828,0.6838706805968424,98.10129708007578,97.36077555786143,31.53044703484314,1.051867558479655,33.58600842535043
190,0.6688800808981992,15.60240677733719,97.19823962041531,21.21927263841219,0.6064931951632491,97.08661089235433,94.36647669449077,31.42676038591692,1.124810268412396,51.33704728571735
240,0.4620305796338245,18.1706115649119,98.12895970731131,21.98108897408471,0.6285399441589136,97.89002949138992,96.05846759708116,37.35144344269813,1.270207381210923,53.03950061967294
170,0.4364137434863485,18.08804310629889,99.32481703204341,16.51915227675252,0.7702204134126194,99.06316829213944,98.39431065231275,51.60094772319746,1.555253141885412,39.75762733832187
130,0.5388776310195215,10.71114859069511,97.96118788003044,14.01599944790639,0.7919068569255061,97.06600853836041,95.08701499190963,33.71404057803554,1.128185236141924,32.60933511373287
200,0.4504971703344956,16.14952981947735,98.2740361801205,17.00958586997725,0.8495223698109622,99.31364147417459,97.59952395412549,50.1050188928529,1.38045400962722,41.06659759559597
190,0.5427753990710713,10.32458752154186,98.95120656370186,16.91102809807844,0.8915950042004697,98.00289349251321,96.97504557818148,35.03271764803821,1.044857011519615,40.8057069682161
230,0.371159805024974,8.162090041577816,97.60669580181911,17.91706325456127,0.7233527608427452,90.49983780137273,88.33390138392558,22.23273096452373,1.007038275342786,43.42008500307617
240,0.5041585889161564,14.82643427873775,97.42218990458939,20.42338679688796,0.7430216887638671,97.9818072026515,95.45602228491578,37.40886885697965,1.163718810574844,49.51239997920646
120,0.5033989076686092,10.58474321537092,97.03895683107399,17.54471905330196,0.6017204161341302,90.22751234976303,87.5558367588385,23.42210186060753,1.058077630281698,42.46483054831805
240,0.6817331740534864,14.80919132598117,99.70467296671563,19.79586728499457,0.7685468423870159,98.84642893972782,98.55450871363259,40.07637639505564,1.15301104386867,48.03845892682995
140,0.5550022386390716,12.26467474306375,99.84144702473537,17.86373435936868,0.7922852847959614,97.02320668659301,96.86937350569426,36.10115960691232,1.144797752577637,43.28413155974539
200,0.4260915212281048,20.39288574682921,98.56857458399017,16.41249259970337,0.6341016651783837,99.22788059659028,97.80750749396279,47.34812658813279,1.62218214949871,39.46932592461218
110,0.3849050771146081,20.89879071358964,98.21084933258132,19.81524615376257,0.8743481915939133,98.49884923848408,96.73655641993403,62.18464770645809,1.744373600532527,48.08446154681167
230,0.6162753457408399,22.01541541777178,98.72843022537583,18.70937779150903,0.6748127529269317,99.80835608691795,98.53922319836745,51.8661255282962,1.649213106377609,45.40725556550944
250,0.6505890496587381,21.63505310612544,99.69870889125814,20.75055534436926,0.6618976357979933,99.71180830091298,99.4113854881366,48.44104896795179,1.515987841980617,50.26836058521735
150,0.6605923240714706,10.21091172839329,98.30831110926806,18.3734248388242,0.732172079791082,94.00302732556187,92.41278855534365,27.48094512091694,1.033321392715793,44.57202792761802
130,0.5655896520976909,16.80546051182225,98.35277458691155,19.2632682432998,0.8584706387545216,98.75052897171996,97.12388516293852,50.28168059479552,1.386755386883401,46.76162907132107
220,0.4254141284398734,15.69519559018314,97.62490036976482,16.43601127594151,0.8983436323845992,99.56436523547379,97.19961236492004,51.82383099748929,1.355451660086508,39.53301058729204
240,0.3636252068579197,12.35119675473869,97.2479827198337,16.23639189362898,0.8383389873251785,98.33697716562799,95.63072656123673,38.67776805459727,1.160671251985977,38.99041112279497
180,0.6815579355881549,15.67342366940528,97.69537896488349,19.93157294088788,0.8120981011245401,98.85029473615548,96.57217005039135,43.63972318163995,1.230154009103036,48.35994562131151
100,0.4102042876300402,18.1196771646589,98.79361988540569,15.81410705315322,0.6867485501358518,96.88550323007605,95.71669578518379,46.47809538020393,1.65494435287337,37.82681379913078
140,0.6326606868645176,19.07649304361642,99.80561672814021,21.96087232642248,0.804195272889873,98.37286988887583,98.18164948576344,50.92557226024928,1.421081333484338,52.9948557178808
240,0.4204467258488759,16.92207760040834,97.29858225945728,17.37730289113149,0.8262538827080979,99.419355338827,96.73362323617073,50.05580008170536,1.410037394934383,42.03066513248689
150,0.6328582680905237,19.6703734193407,97.00144790733191,15.50131394634768,0.8653289007843006,99.7972422797653,96.80476998296035,62.54733944481376,1.710109752950854,36.9506408551689
160,0.3522199212416075,18.85586200406775,98.11857240731379,21.99679956797324,0.8375812412136001,97.92924473494587,96.08677690319337,51.53002607118089,1.468278052285163,53.07417501743134
220,0.3271905480252579,12.01277086105198,98.76938572889397,17.73193436162174,0.6566015454250155,94.45955156579116,93.29711884379975,29.11189424372736,1.103766406428204,42.94689916834579
140,0.6621305099698714,23.33354071824998,98.15556518385159,14.52911843624525,0.7003126969625009,99.78066342981433,97.94027413373097,61.45464073954695,2.000852384925434,34.14459175438554
190,0.597293173769582,13.92386372869089,98.38294757628844,21.307216209732,0.6011991616973653,94.88418807398598,93.34986101101657,28.29113512976189,1.064425870128275,51.53572529394592
250,0.3992876636402681,21.18691246388853,98.88968688544591,16.59589441029355,0.7353537626820383,99.68851062945581,98.58165602223332,56.92597911270524,1.743793185315516,39.96424841730595
230,0.6633923466751351,21.80172972826287,99.85317120773421,16.80073105161078,0.6527320811972022,99.92063711630266,99.77392485160051,52.22453114528196,1.700630578028005,40.51246550963828
260,0.3393613907650113,14.34726911797747,97.50370161031776,17.53470633585378,0.886298943386483,99.09806437178631,96.62428098666715,45.93224588532084,1.243901453690265,42.43894652449694
180,0.6057359091087244,13.23912872591242,97.4854381322107,15.13618227987923,0.8377416509429225,99.17660872683068,96.68275154201919,42.2214845107525,1.21339140231494,35.91184050333032
240,0.599809263201151,18.58405215802416,98.87563009001391,17.34878566534631,0.6539724997620564,99.70448486944674,98.58343764266804,44.01934756812617,1.437948079395003,41.95641707409118
130,0.5561791238593869,13.57433073069155,99.5829540942608,14.71834639549069,0.7895057197232963,98.3785440054335,97.968260315533,41.94397140777721,1.29249441777473,34.70100772385041
200,0.406828106656298,20.82403254028782,99.0335305753114,21.10906338736415,0.8442651864740531,99.11520073335151,98.15728262304494,58.72963333877682,1.544332475669951,51.08725708814427
170,0.3909981066958047,10.6563635923937,97.2312566403633,19.70173778750002,0.8385023919234518,95.91936293011057,93.26360193837729,31.49991577459571,1.078161932989357,47.8145602114767
230,0.5650971879614517,11.49602637083829,97.31030851270253,16.88323023064621,0.6668555943404557,95.99249924776502,93.41059716705382,28.44881116707711,1.033677452155768,40.73192970188376
190,0.5912533098345623,18.95334491436929,99.72718052833237,14.06392396814004,0.7298672103623394,99.82477286975428,99.55243145181761,53.84569067707444,1.666920275418242,32.7544068211165
190,0.5492095793445594,8.112673190608621,97.98066426456685,18.4734877232518,0.7385330153944669,90.77797650584998,88.94486438636424,22.41129680055072,1.002871284238934,44.82191197660842
250,0.6169128293644637,23.04484107686207,98.61584004976764,19.43873671096191,0.6765556518437108,99.85378324900228,98.47164717247774,53.46336097014854,1.686696725639491,47.18498800012026
260,0.4740902032262645,10.90145505599305,97.62935791713572,21.89556544701941,0.70011132608552,92.38358654602889,90.19350236570939,25.74500512384642,1.012872998544665,52.85044173452013
160,0.3885735657684505,19.49493127890676,97.94849094230999,21.62272289762087,0.6919652539090952,96.97654095929397,94.98705843767958,44.22089469773692,1.485396566789137,52.24384471675921
130,0.6899682008029893,9.32890110245347,99.33711056595779,21.62737766987085,0.6066299013089156,85.31321541136634,84.74768312056273,19.81276351537344,1.015891367639961,52.25423789779643
240,0.5371511590396985,10.9676441279836,98.63789735985995,17.09669552038796,0.7123163554508938,95.8808480923155,94.57485252906139,29.37589827529012,1.030016961451928,41.29629739467072
150,0.4490520063959062,9.818846987843514,98.01745412415583,19.12063948170654,0.6631788458583411,90.35265720626383,88.56137432710543,23.58980724490499,1.036355761705985,46.41550965146172
100,0.5029666258548386,11.65609327695519,98.04887437594233,15.04241694257967,0.7680797313394491,96.15265653124794,94.2765974114546,34.66919820120962,1.222224575874304,35.64220955915243
160,0.4334535647173412,13.53147058792412,98.38798277324162,16.27950178174675,0.8411176168188919,98.42815197636065,96.84147321052181,42.69540154572237,1.263592168722194,39.10798907704282
250,0.3148876096929423,14.06527971589938,99.59391605797515,20.56271028522029,0.7511250893975375,96.59716982604093,96.2049042309269,36.69337996293752,1.180098142488589,49.83534768350313
150,0.6803668214020319,23.20595002261177,97.92313751078838,21.21529634411819,0.723113822558499,99.1667386070549,97.10718181115044,55.04211107668232,1.671049588564042,51.32805070044355
170,0.6784794902347028,17.48843120439723,98.31586754913903,19.99410221053287,0.6446718888079981,98.49047260079213,96.83176259071585,38.60776694064293,1.291842981994495,48.50756287105531
190,0.4558787586602382,15.95042806142569,99.77956478930207,17.86577243980393,0.6692783724538749,98.07740171881831,97.86120459169237,38.94425910464656,1.295572863930272,43.28933256226264
230,0.4607299008913338,20.79178480766341,98.77191586919295,16.95132948987186,0.6424944386563729,99.57579638723432,98.35292183367797,48.45203214073361,1.621724090622008,40.91251747438105
220,0.4318060739683918,22.36715788789466,98.1213150480063,19.8573310483899,0.6608174471089616,99.15248177304953,97.28971901845097,50.06016918132579,1.640578861673976,48.1842567836465
230,0.6798451750807464,12.99103451861814,99.27796439074818,21.28884846998006,0.8265394187092781,97.63870827903767,96.93372203684952,36.81011488665504,1.055862071778235,51.4942769544416
250,0.3401370621028356,15.91007424778864,97.53816771188986,16.99437586916052,0.6073093846173724,97.84897468102778,95.44009702874551,35.06519994493183,1.269002071258155,41.02640520552018
140,0.4958626484491862,20.25231921872869,98.72072343108627,18.52523495682329,0.8177224078258964,99.07950515375519,97.81200425972753,58.24755387830108,1.652589917418835,44.95076612209624
160,0.3654283692467026,14.014160437949,99.69243368158662,15.49515527983569,0.8792389547795523,98.80366313119647,98.4997763420463,47.44862013156975,1.341478425624661,36.93326425822772
180,0.4609014166370034,21.24201083397493,97.67005037697328,15.77116927904449,0.7483341154081514,99.58108851244427,97.26089931604267,58.29584151989697,1.809389054753155,37.70727169354171
140,0.4177961599145085,19.52357411168888,97.721343227826,17.07260869921371,0.6054938795754918,97.59289745657087,95.36909028951588,42.4448789249741,1.562878132569639,41.23286551578622
130,0.6992907855098135,8.799168802957983,97.41672203030301,15.1256937510781,0.6395437435102416,89.96621015017925,87.64213286319837,22.17084138965167,1.016721056854045,35.88173884063815
110,0.5445485292500816,17.60958219684288,99.33156743754195,18.0962189750392,0.71812361753562,97.59834149261575,96.9459623976601,45.46024455146286,1.495958483040565,43.87473993829053
140,0.3069842141815461,15.04354647193477,98.00419156751133,14.40450554071367,0.7517137689579512,97.32665108025873,95.3841975709401,43.53057855808536,1.485390579369272,33.77534827820199
180,0.3500541834228672,22.84403096997738,98.42972173929205,18.29065693477914,0.603033573517017,98.24436644024492,96.7016565116635,48.27905144663566,1.731202339127434,44.36461083321365
210,0.3537982892901637,22.03869415616244,98.23001056699769,16.18380479665846,0.7934816623097984,99.54711058819905,97.78513724992879,63.8746966512631,1.882731472172479,38.84668549134216
200,0.6861348979939706,16.47543218876794,99.40875953910195,21.41792559844069,0.827097643712489,98.90541803806457,98.32064918860316,45.94243396295879,1.220683587197711,51.78502536969955
210,0.5992955802419222,8.033002672299743,97.52198031475072,20.25191103712655,0.8068896255719942,92.46665602015099,90.1753140816799,23.29350600071895,1.001207908727289,49.11280746073373
170,0.5545459534781054,17.01338594026119,97.44282939244827,16.78056650996208,0.7564824905792484,99.20080569487783,96.66407184919392,46.67959863106283,1.433546794610353,40.45870812531138
200,0.3185279691549949,14.02747504613549,99.69096460862349,18.84748029531725,0.7358583277666708,96.49869365231045,96.20047853670881,37.18426575228029,1.238449234408726,45.74754689134534
170,0.5072971448116004,19.20021898847073,99.88085287768054,16.3422336862348,0.6036105949172051,99.00449749930938,98.88653648957211,43.18489871455749,1.503224150556429,39.27869121248858
120,0.5303124616540968,12.95041125030071,97.73416031004948,20.40651006356999,0.7692968824802432,95.62550597835089,93.45878531017739,34.26199712772193,1.172236408866079,49.4731759740564
110,0.5572173068746924,16.03613461624458,97.6872543703733,17.95212120358832,0.7453421658506384,97.49111891057439,95.23639731869592,42.60182664578887,1.401268085209872,43.50930459829948
260,0.6009727081385441,22.58938092507422,99.51221162555018,15.58162749102525,0.6734754035291495,99.96845930105442,99.48082477846729,56.90275055383759,1.842407972656118,37.17679723359493
170,0.5395296533340588,21.95495289858431,97.14779163432389,21.83120359798148,0.6494725080755074,98.48975574674118,95.68062269399869,45.90071437889008,1.534319471140918,52.70782457813641
130,0.386664798251167,13.01522005859762,98.00287503104063,17.88183787684888,0.8729973729444668,97.80095286912571,95.84774561949622,41.24073795954725,1.255922204617416,43.33031554112597
140,0.6093830159294419,19.74414743489027,98.0327211211595,14.76729683725908,0.818830132531724,99.69308455938753,97.7318435631861,60.89569704936125,1.760165587673464,34.84411427094886
160,0.5056352826289832,8.988384154308587,98.68074032326567,16.26636998550594,0.7978226458941819,94.89861930451244,93.64666008625038,27.92665470429435,1.029420762694232,39.07219676284791
160,0.5014251109758392,9.08611941780895,99.42856495511619,20.60075677143037,0.8621444341334514,95.23833117472745,94.69410597423254,28.12769808802558,1.020122389916359,49.92327294680427
110,0.4752505765450187,14.11016719124094,97.20491201916178,14.73276502973028,0.8732717220853782,98.68240234971042,95.92414238243126,46.93809217800158,1.3955819876148,34.74319573415238
260,0.6552742833673953,14.19594675441459,97.67820596153064,21.26888054831326,0.8438454899242613,98.57031356067951,96.2817138967271,40.17667746636059,1.089093662640623,51.44918943692835
170,0.5571306354288011,11.83751224078611,97.85445448773508,17.81674659879506,0.8199002140974161,97.51470088378559,95.42247859517498,35.47012781644217,1.10028851288012,43.16410696873515
160,0.4968893643046729,11.00137417979166,98.4274274851937,16.81542103735544,0.7750775141271065,96.30838882894167,94.79386957676496,32.16444700068452,1.090032718300942,40.55159939227173
220,0.6062244479821994,10.20760674205422,99.72571169194082,14.48726267377846,0.6830591447327519,95.55077569875159,95.28869109275007,28.07210599669423,1.016325648877047,34.02082050577553
190,0.4329626056697219,17.24632951113954,98.82754220322681,19.36930056633428,0.7526021005952731,98.40509010877767,97.25133195737563,45.29196091909861,1.383094530789591,47.01777811136373
200,0.3987076436453499,22.62869494551047,98.61429222360093,14.94420570635051,0.833906297376682,99.79313279786666,98.41029159637436,70.81486296718035,1.998531099393764,35.35850968262645
200,0.6914286690584384,18.7889286143966,98.16657504951694,17.35805863523111,0.8253917354827048,99.82668178069591,97.99643448968929,55.72605017760048,1.526462565697736,41.98056980870945
230,0.5949976759381592,18.42499286742508,97.63862675545025,18.76372838093154,0.6104742380400421,99.36195558413581,97.0156489497106,39.12109434844628,1.342985197629303,45.54138764226951
140,0.3859298534373753,11.78079737721756,97.12044581675862,18.14319568096288,0.6366541587549028,92.39685342622749,89.73623596820916,27.03779000299765,1.127038723395147,43.99343163284453
200,0.6926487745658494,8.01632483432442,98.66929167481652,20.45685891840979,0.7540217865239829,90.24591458014348,89.04500468168756,21.88888280880658,1.002469997248813,49.59012725983297
170,0.5429556656987407,10.52472713891417,99.39639128738128,16.7333443250265,0.838812897783774,97.20589707901519,96.61915381506707,33.810726273645,1.063530061048608,40.33263800038304
130,0.6312953144849278,21.49322301875427,98.21769057687125,18.85463010032661,0.7772318056541495,99.17527298764495,97.40766275177248,57.90980682773019,1.705618540368411,45.76511668437371
250,0.5854750854963436,13.73631438994035,97.49533947511699,21.06121564495936,0.7602464243846248,97.53797480195644,95.09497965032151,35.19078568882765,1.086407913241999,50.97852713866291
180,0.4055714238361455,17.3890312462002,98.48306549355377,19.28420361196436,0.6039488934216555,96.99883909479432,95.52743023371312,36.56614651500811,1.32883955590886,46.81228204776232
180,0.457973528223671,14.76721581852809,99.22589997235707,17.89563388057798,0.6861391620400361,97.47773705420191,96.72316186471963,36.91025913539623,1.239688208614034,43.36548851936743
210,0.4999077411809936,18.93304517838359,97.93118868397633,20.94840845953114,0.8286057048229035,99.19113184888069,97.1390544886991,52.23739967965557,1.403039491793608,50.72149990860214
120,0.3387204479461536,23.66074430866539,99.15135576081148,17.27598896644264,0.6948905548295472,97.72388323056911,96.89455512522159,59.14823885772871,2.017817726268781,41.76649112042418
130,0.5722566873567179,17.74948328914866,97.66705980554165,18.0038710523434,0.864463597544725,99.1619905649106,96.84860062939681,54.31218786946224,1.488045355607506,43.64078001180854
220,0.3904748245634139,14.22938971987739,99.61732249093438,18.99262786180526,0.8234356973659945,98.20603367285568,97.83022126944427,42.01351006880561,1.211698858692684,46.10331828352679
120,0.611673664424941,20.10552665214986,97.11197921022249,14.43720871044882,0.6568371315584751,99.1792452909466,96.31492806779963,49.55036948085196,1.717689849629743,33.87247144344468
200,0.4032488374225795,14.37605792186782,99.72958501222548,21.19554502297007,0.8832164333888562,98.2446444945985,97.97897625119933,43.51104833710829,1.172456066049754,51.28334484820414
120,0.4963647218775004,20.65677059437335,99.79123626358458,17.46647028703988,0.8748610740168952,99.2636366300965,99.05641015336568,65.56931756892293,1.757352320573171,42.26227065770115
120,0.3982857100876048,22.12212765694037,99.05849530601127,17.62135757079907,0.7113849426769652,98.04730474209443,97.1241847656182,56.33252150995374,1.86407039866338,42.66260613179924
200,0.3589935170352458,15.95802648368478,98.66081513809972,17.25635362512805,0.7840051890801871,98.52002347234441,97.20065823206215,45.68029416962815,1.386451688669312,41.71516609266604
210,0.5870191727180034,19.83855678956956,97.37251931694975,21.98632619065977,0.8344708119032672,99.33558332111534,96.72556005795774,53.48195151187469,1.396197929850303,53.05106144008442
230,0.4437160301032476,16.36258589902893,98.57209857594354,18.5439442936685,0.7388688386510359,98.7809123285264,97.37041827469139,42.9169397497483,1.318069694268162,44.9972914527691
140,0.3726421037681401,18.8334832781218,99.01966684123991,20.63888090143725,0.8380100474390667,98.11014316908621,97.14833690349268,53.49842815964918,1.530093241702198,50.01126415605319
130,0.6559494906357489,9.01715689977631,97.29024995114095,17.77755992103182,0.7477124140035594,92.74398322927455,90.23085309840543,25.11475231475518,1.027256253812044,43.06383884290722
140,0.5509258641703054,15.06969117705896,97.52640443957306,16.83504847617075,0.8758764992957236,99.09317025630322,96.64200599615698,48.2045410266814,1.333771804357499,40.60384890678444
200,0.6301664498812518,13.44636067156121,97.27490250305551,19.63918399266154,0.8006710725576617,98.04900620780811,95.37707519386018,37.34298253000554,1.114505098961978,47.66535422424602
120,0.4563978846929036,15.77520031682029,97.76747455475422,15.79950985308178,0.7607868377462961,97.97328755538348,95.78600898116572,44.71883411184901,1.456691564688034,37.78619990171802
130,0.5639502334040589,18.45570798999444,97.85232121405765,16.44039224546589,0.7132188333836385,98.82780655085482,96.70530271494997,48.05498049714036,1.564029572770472,39.5448664020841
120,0.5306934632915071,18.65977542822808,98.76342963649438,19.5791887909323,0.6263719797165133,96.92600039014148,95.72744219478565,40.41463411863862,1.445793519470567,47.52193851723149
150,0.5952049836207181,15.50649753749371,98.76193157525621,15.88450627365336,0.686422029462154,98.61863034258403,97.39766421939771,40.03846532045365,1.324339375916463,38.0223138369123
250,0.5846109504749066,21.83495115229487,98.19839570722063,18.16153803465702,0.7989913708038395,99.90749976191262,98.10756195739346,61.2753127553769,1.714784244972171,44.03971691916962
170,0.5487675995373167,9.962718415044248,99.29097801292858,14.10287799486332,0.6698855314728571,94.44636108879601,93.77671562268758,27.0132622256054,1.031506205525533,32.8720643248792
220,0.4228936097613535,10.97720270530134,97.31822638672998,21.47003103423864,0.7228074137303978,93.07260146468208,90.57660499741826,26.90870974505761,1.034590994216721,51.90204851537243
250,0.334842656413,20.25924557719007,99.75988116385219,17.78698783990927,0.8460929631161503,99.55401439788285,99.3149664571722,61.83302986963062,1.653648998578803,43.08797653991542
110,0.4756217269662767,9.027303834576159,97.80200625121277,17.70649940352142,0.8016575658754679,93.94569687429339,91.88077632974182,27.13425325185169,1.068686302701505,42.88161663737964
120,0.5777704367822036,19.15087762213498,99.18677162854374,18.24110758097656,0.782125735040009,98.68931013604458,97.88674066642379,53.3787731733407,1.594040554334955,44.24012400804037
110,0.541712278227508,17.28511304055527,98.07880261603194,16.41630909801088,0.719343460529577,98.0460829912486,96.16242420973755,45.67857253913505,1.51872441761936,39.47966475221085
260,0.3391342100488953,14.57350332552567,99.32128646528894,14.22995420607366,0.7108857452565338,98.83541841482274,98.16460905295303,40.63516417533587,1.313868722684622,33.2542829524192
120,0.6531425300408155,22.74676659972966,97.17683508260463,19.83592847981863,0.8152243572818348,99.11450870290437,96.31634266515519,62.1839078484743,1.764346532502276,48.13352370790068
140,0.3542418147092685,11.26880159949139,97.40088803969796,17.44875664273463,0.8713979138205294,97.25356661820025,94.72583753640632,36.12519401153011,1.168337486481592,42.2163272437453
180,0.637222460447438,11.36613184385002,99.83114646125725,20.32898366115242,0.6149601206681226,91.63988940457641,91.48515220841685,24.83906186860071,1.01520178609094,49.29270188665885
220,0.6071736050134524,21.57100682327524,97.65745218148417,16.70186798291467,0.7996298929994926,99.91967466130136,97.57900850225492,62.05880643678258,1.778082274581935,40.24846524406746
100,0.3125347602928057,21.42958238559961,98.90997856781392,14.54314863263816,0.8541435061899713,98.63443045133283,97.55929401989863,69.60105917304485,2.107294509911044,34.18602345459874
170,0.3050437749276869,21.89762339619547,99.66679837837019,20.81195610035584,0.6061584644478047,96.37961663800169,96.05847819244327,44.80402678962268,1.631978785798594,50.40930651775273
140,0.6185326490657403,22.72474873105064,99.26861180719352,19.98831359496526,0.8571657639254351,99.43265159791042,98.70541292432891,66.5185468323556,1.723715358215989,48.49391083672992
240,0.3045930245838128,11.57188877842203,97.26560630132572,16.01772218949348,0.786397846862278,97.05107632966407,94.39731781401018,34.31695638612089,1.139651434284708,38.39058331214125
220,0.545918139002379,13.04857068312168,98.36521218682921,19.63090919503011,0.7721639731572708,97.46976436257671,95.87634053325102,35.42034431974524,1.098453936854896,47.64559194383639
200,0.4830926634241827,13.98232871546969,98.08414076187296,19.13607125547714,0.8776209747564281,98.74488476802877,96.85307177102258,43.24717467007337,1.17384949830451,46.45304524437995
250,0.5911397022651508,8.301117167342454,97.78192909758869,19.41957527734898,0.8127165762887802,93.37572951587201,91.30458962956615,24.64266124997603,1.000738796055077,47.13888697553972
120,0.4285264756298623,9.571968505252153,98.72539719750209,20.44807711717486,0.6275871173408814,87.08715422996545,85.97713892153463,21.37798089136783,1.047488387952848,49.56974319130319
110,0.6716721592417918,14.54464034937695,97.65494334083661,14.83250339267403,0.6941673451954499,97.81289967334675,95.5191317560361,38.4869043688589,1.326007870641609,35.03422207584083
240,0.5116409367819317,23.40453536499664,99.57864590086434,17.9494578656666,0.8428589297836879,99.90718063643243,99.48621763548996,70.35231401721251,1.852246444656657,43.50253092631914
260,0.4785972034426406,19.99172754485905,98.99209044938942,21.95199958810397,0.6451868801456178,98.81095839535612,97.81503330863949,42.37885560714423,1.374156235970431,52.97525283037692
170,0.3532859110696241,8.13754397476837,99.30136186143663,14.16116728462093,0.7768113047270571,93.72720723941153,93.07239322342666,26.08288370964818,1.037028458929606,33.04769004621431
250,0.3647103335260413,12.64818516928703,98.46973398288975,20.14419703918509,0.8062650371294702,96.94466608223367,95.46115480177623,35.58893013604145,1.108086757399071,48.86059094555316
220,0.3262213992286473,22.10651994612068,97.96943067701669,17.5106803246662,0.825071212261892,99.47180935476923,97.45196530899484,64.71570336146473,1.826951851335815,42.37679403412574
200,0.6578408355519175,17.66245502346381,98.65513281576024,15.73431686148606,0.8964360991335009,99.90166164234341,98.55811697840529,59.22811969289735,1.508086333946671,37.60448755196421
240,0.5003712932845576,18.52173338240758,98.62386041906419,19.91539787439816,0.6133819550855784,98.86237574335691,97.50189146009906,38.971886446864,1.326762961104056,48.32170733991131
110,0.3714534174860455,10.28512075248361,99.09500563550952,17.55731409014203,0.6571403615641175,90.40167320603464,89.58354315811495,25.43933146081602,1.123802028638831,42.49737539186418
110,0.5646957218465395,20.68164176611975,97.29515840870727,16.76717833695933,0.624443030483136,98.19671272951922,95.54064720232893,46.32059095406763,1.667896369018468,40.42299089996811
160,0.6193145889202132,22.2328763500154,99.38645838443675,17.36682146376185,0.892666636884422,99.83651896019559,99.22398036884509,71.62358443078125,1.800648924214725,42.00338545305306
140,0.6036635153286158,14.73219991728664,97.87175625656391,18.32303088136762,0.6483444663862232,96.95696436287037,94.89348383499203,34.03148334470019,1.206599082948993,44.44581858191094
150,0.5920216098236851,12.17655466688052,98.11460520746971,17.33176504168473,0.7849196301315912,97.33206719157339,95.49697346528139,35.28579923850112,1.128504707918801,41.91206081090598
130,0.6000082423687912,10.72886697991192,98.23364371151087,19.1997968652267,0.6777915637144586,92.47706029844238,90.84358592845095,26.15292256766493,1.051157089327337,46.6078245263015
200,0.6575090357519686,13.47005765980855,97.7688603220159,15.6818110048268,0.6057423771144357,98.23004050088284,96.03839109156777,30.78403635778533,1.099103420638997,37.45774952272575
210,0.4568252671591937,22.64385602634773,97.44955860083601,14.61091212568618,0.6589288079048506,99.77771910573567,97.23294685052144,55.69123414210893,1.89156202243473,34.38573175322921
110,0.4652176964605227,21.67161095593497,99.2715790175631,17.20930726015754,0.7560507176428568,98.48073963936645,97.76338526817425,59.31354131469757,1.862751177392906,41.59202334025792
170,0.5884309012097306,23.44273676641658,97.04442111193391,20.85243166731298,0.7942886221247026,99.47103566829432,96.53109073834152,60.97025568930059,1.71005431024449,50.50206013689984
130,0.6697150605339557,16.95503085435182,97.86806619165633,14.90605939460546,0.8184518028093036,99.43258312143334,97.31274626535806,52.45308689450522,1.529089603943758,35.24796002411466
150,0.5113960472919047,20.35948750562594,98.89446408660972,17.90815575516969,0.8908287376965629,99.5894612274667,98.48846396764516,64.6849112393993,1.65667294747489,43.39739658809054
160,0.6869804650393314,9.986751598153264,98.79704312420648,14.50086813712679,0.7066565885324031,95.31245906801304,94.16589128816651,28.19701841482953,1.031773743657909,34.0610809986369
240,0.5532388196714222,20.45602475036681,97.35139853871719,14.20604938630015,0.678728969507385,99.92733152801782,97.28065476494581,52.41596674777238,1.73992520337294,33.18256874880007
190,0.3786956731416285,11.81253260666504,98.40749454774679,21.18739793244377,0.8567244092119625,96.63012995975811,95.0912898716296,34.7090644936685,1.091629244992128,51.26489598447125
160,0.4383851465281099,9.171534505810589,97.58714860070157,15.06480767513625,0.728064319579443,93.64167946415762,91.38224489088013,26.2756976888047,1.042224950783377,35.70670454108279
240,0.6989918761152774,11.63058627109602,98.1652838272573,19.62197352335602,0.7832359233298805,96.78558641883038,95.00984561192021,32.24211054334485,1.026645456530547,47.62424478766428
180,0.5217887227797881,20.23462254172563,98.28081599608529,16.87932481663674,0.7583321806993335,99.56714449520277,97.85540207388659,55.52746851136808,1.672470513793211,40.72155762104182
230,0.3617503698114305,13.07368497730792,97.36163595014025,15.08787438347936,0.7443291074017995,98.07849353148018,95.49082581750162,37.06555732618364,1.213532170550862,35.7730754018595
120,0.446834150150232,16.06254297028482,98.40557091252597,18.91850106912293,0.808293069596705,97.65823561404092,96.10114429909672,45.71186481631613,1.407486078937956,45.92186508398134
130,0.5771955722060054,15.55781992791593,98.65078209335832,18.30561700770445,0.6241993176192278,96.72410027262734,95.419081391711,34.7702240517719,1.256978136822103,44.40214965400935
180,0.63463016747199,23.16463606545329,97.17178767866716,16.20534874012694,0.6437160967372125,99.82529538292219,97.00202407909551,53.74286542438149,1.832171751448447,38.90560708983821
220,0.3040336666012183,11.8999485623315,99.28389911045228,14.75278682021052,0.7214250686416402,96.63913587996342,95.94710216827578,33.79924880710934,1.168660159201224,34.80172951114815
210,0.3208643691109493,10.77644187119603,99.49271853345989,18.79113792302832,0.7727525473438204,94.89680131112378,94.41540742573305,30.57493647608834,1.084696218039795,45.60892842633393
250,0.6320318314574659,17.95059928877279,99.10576440452114,21.31680537541024,0.896077568302746,99.62160873687482,98.73075685076101,53.92741301541317,1.264166936272115,51.55735417271529
220,0.6164138762797229,16.75142358032242,97.14981179944409,14.98761701050215,0.7885198814202798,99.82171532755318,96.97660857569477,49.51622062322557,1.462564151931986,35.48407362333239
170,0.5664761437038891,9.209046997416765,98.0368396607646,15.5648816681318,0.8813155626677676,97.39652137125603,95.48447149190059,31.75900400759798,1.029779073767894,37.12971073480117
110,0.3458913500398397,9.458325224615633,99.23167723039808,21.59824405944161,0.7118387880438007,89.01302604969327,88.32911870264178,23.52997224488124,1.095117589835337,52.18916273263613
110,0.3494866567833349,11.63777137553319,99.84629426091118,20.1854208455123,0.7658902794657507,93.47362233716116,93.32994801509473,31.71437587432659,1.20651598893043,48.95722904663353
110,0.613753219515644,22.15491904891282,97.55552824976071,14.82690746172145,0.8275672654514434,99.5433515669941,97.11004245869756,68.28412423530375,1.994054124854721,35.01793065943247
190,0.6408840348332189,19.37102573768049,98.99645473427768,14.14749450305104,0.8523773938614176,99.93587911619228,98.93297733256374,63.62612744416701,1.740951487342572,33.00654030637452
250,0.5213620877262204,23.51144345979392,97.17952445312574,20.90692747178301,0.6520739195747534,99.57762218690299,96.76905970296251,50.20652268538532,1.638309511795465,50.62674456286169
100,0.6023018563454039,9.696919164210557,98.46174931614115,21.47312769324519,0.7799545318931574,92.25586688643565,90.83674038315516,26.23538595479527,1.078184102978617,51.90899705536481
230,0.6788466506832279,21.32547612402961,98.08531083888833,21.86535270973668,0.8549512605734635,99.73167502990775,97.822123457915,59.28912917169666,1.463320691016656,52.7835306996198
240,0.3576659304047934,19.81280440814421,99.40129407915791,15.89522192890197,0.7794345091790892,99.57463043867601,98.97847123058301,57.68364695271276,1.699127475762914,38.05201754608993
130,0.4189774378957227,16.97714635753259,98.65730758265586,20.96299646885134,0.8391624424321578,97.73103043103754,96.4188032960477,48.05084580622009,1.402883654524688,50.75479235283422
210,0.4703783422105945,15.63388872022182,97.33649134113733,21.16013565823436,0.7026061719638296,97.28731396876378,94.69605793723085,36.57393225529031,1.203937013719874,51.20312538626348
210,0.6261617897355929,9.63747153486684,98.01374438250186,14.30860561653413,0.6963709461041959,94.81587886344312,92.93259314323774,26.7900961050212,1.010494965458526,33.48963161276163
150,0.3432268254969269,17.72318018816784,98.23607220788729,16.64403469987028,0.6629727204074152,97.19246074645547,95.47805591951051,42.98333535410164,1.530968890954587,40.09351721594697
150,0.6580406253722496,19.61942375326529,99.82013258149816,17.6957404713314,0.6671245496456512,99.17336003631296,98.99497947377411,47.40148258468022,1.540936210725217,42.85398239897597
120,0.6883867849909699,11.1664791488871,97.35518120993201,18.55867427480966,0.7143083166053519,94.17765273257467,91.68682447705856,28.70604823214608,1.086242766613323,45.03389796720376
130,0.6230331171582453,8.335899079311639,99.1482709851942,14.63416414013133,0.7628046428007307,93.60860241237081,92.81131078527044,25.8885639228835,1.024333170972489,34.45410659922896
240,0.359999739372544,15.86603668890148,99.55792985170879,14.5646190438047,0.635103910522582,98.7571145368765,98.32053881419522,39.15395895080125,1.346440804583961,34.24937129936552
140,0.5589849315263331,15.75716391665861,98.12706277102393,14.3639930110909,0.8047940197641962,99.23343279839366,97.37485289192159,48.77684694864668,1.455752413144029,33.65481437809876
100,0.6101683141310699,23.95529584932327,97.33362873125573,17.34118643580191,0.7098913680339698,98.70810202848274,96.07617755607248,59.94810200903149,1.981488533264455,41.93661704287013
130,0.433765462874528,10.56225986450538,99.75564325266171,15.28527883027494,0.6468825638761511,92.82340828225512,92.59658802100805,27.01102529883334,1.094144121703991,36.33814753480669
220,0.6828409479227848,23.82467997639999,98.92648876635565,18.06740153073147,0.8081893953800434,99.94992704166799,98.87695334685634,68.00944202955918,1.873615694593036,43.80182233696206
160,0.3363187486617826,19.96235685886442,98.71590784051588,18.56496256981418,0.8842616215609247,99.11029254260997,97.83762504682853,62.07497515643318,1.659416652627756,45.04951924099544
240,0.58986803498175,19.1666807634607,97.90557028455919,17.49698077582754,0.8693076902393717,99.89085219712923,97.79870850570551,59.4876709738557,1.540679450000408,42.34132800079112
140,0.5164718719384632,10.31605804260075,98.14000751884866,19.34476242560707,0.8672736266777851,96.5533313220193,94.7574466191286,32.16013128413304,1.062989698170474,46.95858723303769
210,0.3179658828972839,17.41028677209094,99.3665933865168,16.47537990256585,0.7621783070860197,98.72316322072791,98.09784417584801,49.31234263223284,1.51863381495421,39.63947020219604
170,0.3919754762635566,13.82002694963664,97.44399014329782,21.00838689236529,0.8762786578502739,97.78293586655269,95.28359438763083,40.81634838199464,1.183179505346567,50.85827832348787
200,0.3606430627836846,9.278576132915914,98.68383031686601,17.11684757642448,0.8192871171956649,95.33512879849243,94.08035673586994,29.02066272493688,1.042949072057824,41.34931877070341
160,0.4669716564646922,11.60003745823726,98.55050517272146,21.4589976105839,0.8291010261137272,95.85239878138788,94.46302321922924,32.88980972357007,1.079706466674106,51.87728513939641
150,0.3373110167206265,13.71690019728243,97.76014128780434,14.21071554278769,0.7402803145271726,97.2780285435154,95.09913814613131,39.37410137550778,1.351784792136457,33.19657392587902
200,0.4894796723632142,12.39115538626164,97.45588479867889,14.68011909763142,0.6981448945083423,97.803686769682,95.31544830712204,33.37613045790753,1.138427497314882,34.58901448469902
150,0.659685152655933,19.17653476498276,98.81061248362174,15.75867813273705,0.7653422874426702,99.62044355565025,98.43557043623868,54.72915573431887,1.640781697970951,37.67245205059925
180,0.3024740861355327,20.5340205014199,98.32196682820728,14.8082806714084,0.6551623259863117,98.47090455692471,96.81853011389518,50.6878240814218,1.775435972133355,34.96367100240957
240,0.6246655179705471,12.75910571836308,98.07145404876205,19.44160840957425,0.8059067761605838,97.99530806646798,96.10542352034895,36.23899901004983,1.071998500953941,47.19189435874949
150,0.5907707932209596,12.62281301147491,97.2078031142527,19.04626838945411,0.8875210799308029,98.29584896524858,95.55123533162204,39.48337106719949,1.126969806040028,46.23431432056231
130,0.3957520029827021,13.75194546569139,97.21585647529159,15.69208534404635,0.655277044618735,95.6097937103378,92.94787982976435,33.75132005400669,1.281606953878629,37.48649058968914
180,0.5087758173018694,20.18806596544012,98.47820747203107,21.75739031987079,0.6731755658441456,98.26454291681992,96.76916044506895,44.5862115099191,1.444169138181266,52.54390438407938
260,0.3232713156721554,19.23419955273345,99.85519156712348,15.4558414504379,0.6162499673837329,99.16218922783277,99.01859401560591,44.92633179501517,1.551233079718621,36.8222251274679
200,0.3555622500588186,16.72532776362449,98.59155081941663,15.87403178651445,0.8756545380649623,99.38054674014218,97.98082224392138,54.7643177807254,1.491281305529068,37.99326491604967
120,0.5765444854184054,15.57263091155142,99.20812584860133,14.01912467419729,0.8027182987523731,98.98613337275708,98.2022877691092,48.97321362865209,1.47372926215663,32.61880622982011
220,0.5697595494052394,18.32054756449163,98.5536854894879,16.4697491137553,0.8405535750857089,99.82512409683027,98.38133884188109,56.61141059551296,1.535844500764686,39.62425460227274
220,0.4409593422884122,8.241438469916583,98.98290222496168,21.48337046719529,0.8320463895385154,93.16552248506743,92.21793802876897,24.30211096819419,1.003659631189623,51.93197567765742
190,0.3625451139796525,14.42506155741215,98.1089132195943,21.04854642392509,0.7661390789871336,96.44066243480718,94.61688581656685,37.36469463383818,1.214010828270222,50.94970861480169
220,0.6114041431769728,10.04859558875486,97.69201821647762,15.3321367804911,0.76719636100824,96.50347100733202,94.27618847601602,29.95093806910121,1.022850456660809,36.4715166888181
110,0.3615895663809963,14.64325571594015,97.19464794235031,20.12555725320801,0.8943948643500684,97.76541297523835,95.02274895066776,44.68136692180099,1.350626985870877,48.81684965599641
160,0.6671055927718058,22.78658264135197,99.64636834436243,14.80615057118051,0.8194409691070207,99.90186224402649,99.54857763456017,70.97547282155915,2.00350263213674,34.9574629473812
210,0.381781170203723,11.35462983351201,99.39835072481223,16.4615975330174,0.72156512083048,95.90787652224444,95.33084747830037,31.34732378403326,1.096265289769723,39.60222076287499
160,0.667617473036237,12.14289410295337,98.95839356311303,20.98467418347113,0.628060720980959,92.79508030256505,91.82852077301911,26.36034593652171,1.037384529522031,50.80423498334193
160,0.4496604957137257,21.37424529043585,98.91578346151239,14.72202039563656,0.7936424447022379,99.6032676050844,98.523352504836,64.29073783641611,1.905857930892458,34.71176040769473
180,0.5348376470224931,13.32594439953938,97.26804058515772,20.29580710768514,0.7361104036891367,96.49593603920034,93.85970622963724,33.58344056991344,1.120561984956456,49.21532328042309
230,0.4267200961804948,22.55133330911026,97.53147399830046,21.71978459920734,0.762908176620584,99.15993413312516,96.71214537578084,55.67049925424447,1.610645435915764,52.46024323282353
160,0.6306054886213504,12.0913444897458,99.86774858272777,15.30515194799751,0.7061062107904348,97.42274194366925,97.29389898670327,33.40767966569999,1.115133397875332,36.39474668618737
150,0.3248117540230974,19.70098608819023,98.34363140703323,15.56993437917158,0.8795622429651674,99.27516057236716,97.63079799202914,64.46468096935509,1.795932012666361,37.14392191175364
230,0.3635055732573382,10.17535750843957,98.29813874549221,19.09781965686008,0.7382708967675687,93.60366683733147,92.01066229862839,27.21660039231098,1.036776087859608,46.35996475917898
140,0.6762987197061069,19.43368140304461,97.18861451447984,18.76890974891931,0.7732394068919588,99.1929642650236,96.40426766501955,51.87898689851308,1.543623439405782,45.55416052898926
170,0.6498955989494919,14.96930373056605,97.08341311367492,16.63027083680965,0.8596355700008338,99.41063352429774,96.51123602331538,46.99127092313128,1.290334862045087,40.05658478184807
230,0.5205877699050121,9.895768652137368,99.6477292336466,15.01099822221324,0.8870004151781788,98.22867416841487,97.882643265143,35.05182461821295,1.035237902271513,35.55159488961982
120,0.3902611254114657,9.913140972498805,98.79976635311334,14.24737548463233,0.7040854501996189,93.45165565070887,92.3300174360164,28.04511639612841,1.120774580549488,33.30649248925602
200,0.4642923629437573,13.6461625067927,98.22677853380998,19.67058842834458,0.8500045968450839,98.17811807048591,96.43720260575867,40.55924095927246,1.155824253106423,47.74030290330427
130,0.3415524262906052,15.09249461962283,99.46280155841322,20.77529878469184,0.6885454143082955,94.07705414098679,93.57167367225064,35.72251636382236,1.328252410810223,50.32519426528353
220,0.4720691962852143,22.50998870835453,98.93057844107746,16.48617459752597,0.8360273980488768,99.86901112510067,98.80099038944607,68.75577841814201,1.880018554613081,39.66862950618855
130,0.5299192013240419,10.6488021476157,99.50502916527516,19.79187999702431,0.7585321722310502,93.96560481828476,93.50050247976147,29.08901315286236,1.071544083553593,48.02898977988906
150,0.3745722110877745,13.43631256185472,97.88708869371642,19.45794827251509,0.6252304183077066,93.300120143797,91.32877135650256,29.433017693625,1.177555591160965,47.23117771192483
160,0.4858047281253152,12.25497721660137,99.49656245639088,20.89133091926947,0.7970724394090707,95.95230916149544,95.46924921321657,33.98971793463266,1.103618057428041,50.59108336296293
210,0.6767874518661759,18.76868348196149,97.75331996974035,18.28128108297289,0.771018141596485,99.72744873229965,97.48689205694365,50.83550221386888,1.475997860390991,44.34107331846587
120,0.3331135243144818,13.1369049670957,97.39234491251409,19.18423500107974,0.6642555123615776,92.57021690334962,90.15630493277268,30.63797686197767,1.257652400837124,46.57006050176386
160,0.6174251884460449,8.622245031092316,99.56885367077911,16.12713421661221,0.8472768644636963,95.90706672209669,95.49356692446094,28.90671809873653,1.0182192497297,38.69142873003693
150,0.3368758936894126,18.53944281849265,99.22415389541624,19.7619050848335,0.7826867355707567,97.65575855768857,96.89810015901702,50.23597999441856,1.548309108699917,47.9577616102718
140,0.5969804595611058,12.16993967807666,99.54742917162893,15.89939951708727,0.6207756718597608,95.42491017901766,94.99304487254813,29.1114193237197,1.092468947792342,38.06359394207163
240,0.3892630598582327,19.12902759012207,99.01346205524143,21.61201924268156,0.7960169028471457,98.74380321691774,97.76965813008511,50.51707342643001,1.410777750265851,52.21993968317594
210,0.6955534953718073,21.86988223434984,97.7434836477133,21.09435209570266,0.7696936979146907,99.68346715847976,97.43409342152232,55.39446422039791,1.561230274158425,51.0538452033627
180,0.4827825473833829,12.54420473442972,98.7032147699482,19.15728101697191,0.8967027124860557,98.39678413581419,97.12078917229499,40.18074499103675,1.116673546715122,46.50460038465474
240,0.5386273442327044,10.22631648639589,97.37564863104133,14.19382283791713,0.87042672158028,98.47086169473774,95.88664028782648,35.18836070375615,1.04806876521341,33.14585595722929
200,0.6079818588588386,15.41811314773932,97.97467826045363,15.98863697824255,0.8941050352942664,99.73017846250812,97.71032147721854,51.35469658415782,1.328320921495558,38.31036422294875
240,0.4477087348078377,14.60161984142288,99.45151287213287,19.5639745318573,0.6407768947717734,97.05015966503029,96.5178520316931,33.04877575967742,1.14132944330839,47.48552069744574
140,0.533669593501091,19.30363913752511,97.09059154473623,17.98847240260616,0.6710876058349153,98.54140550587336,95.67443352214971,45.4022602128539,1.539277216137735,43.60168608530472
230,0.590289028867241,12.43544185537472,98.47388990393749,15.84042280007154,0.8295329273680458,98.97456696040237,97.46410610148551,39.30282459732551,1.125451280906833,37.89996520946517
210,0.6910240407207049,14.38785507354885,98.17611884527675,17.36849878811464,0.627882806128473,98.57859961937613,96.78064311832824,32.9598027452783,1.13116444246555,42.00775175186084
230,0.439239668329712,12.35739587354287,97.9515529589341,20.80488999012671,0.8121381709876936,96.73013377988717,94.74866821665398,34.42054041335012,1.077583926980879,50.39310097019359
200,0.6276630906666629,22.68302935295552,98.22654811988755,17.60610060627945,0.8340669001195113,99.90592838150931,98.13414481628364,67.1018012804046,1.81798645074844,42.62328193064678
230,0.6534152720597572,23.69092784524709,98.36130213513695,16.02568451089412,0.8989852090557804,99.98873316064574,98.35021992523862,77.90278173272795,1.982583363887668,38.41252597191561
170,0.4548584265836514,23.02634332049266,99.2866756899918,15.33658775329031,0.7785852797337575,99.67672983334084,98.96571148801841,67.17146060082828,1.998467045166672,36.48417018088708
230,0.5751980987228453,11.94464636238664,97.86524110808681,17.53627811729908,0.7974300013090019,97.89969605639462,95.80977358967473,34.98507968814815,1.073560485234175,42.4430104487152
160,0.4375848756371066,19.8678180892542,98.4893930411331,17.2444985685125,0.6442672419606708,98.53166321845819,97.04323705719284,46.12376416451531,1.589548793606572,41.68415809462834
260,0.4510135171999223,9.294116263911128,97.94148953635607,14.2710080661159,0.6544256212257548,92.69959457097643,90.79136371697739,24.363650117881,1.005898686652803,33.37724384957858
120,0.4029210057579912,14.71563199189305,99.18607965608363,19.31210993493162,0.8556516858179821,97.5890380572537,96.79474102307344,44.56462477755275,1.337807631349919,46.8797413644661
130,0.3525863250287249,19.84485548230633,99.54507449689122,19.9037676997073,0.7927830232459121,97.69943373339585,97.25497409294975,54.29971646522127,1.65533755793605,48.29419988878908
110,0.6233808212424627,12.73856469680742,99.07039101911312,16.52350584666245,0.8587301275097067,97.97019353892142,97.05945382119134,41.29791679364472,1.245979568507035,39.76936705649291
230,0.3673002668759786,16.4169034105204,98.85163264247859,20.52022130121477,0.6738824665044202,97.20011981885004,96.08390537137865,37.80864176391428,1.270922268740401,49.73702164356251
110,0.6273123208530247,15.10706160095334,99.70588905354012,17.93086480519921,0.8053978658064734,97.78877811068931,97.5011706098564,44.44225390528079,1.356498476150777,43.45522345703864
240,0.4445181589085608,14.32168966658786,97.10709471392759,20.30665556507371,0.7902746731126216,97.91154624936217,95.07905795223915,38.48808040238622,1.160907344231135,49.24063514811519
110,0.5988427081075497,11.87615479901805,98.86463147079625,15.44427815884911,0.6928478453268064,95.63346633182879,94.54767405171054,31.83102304094083,1.159675706361959,36.78952727800885
170,0.5055955975724384,8.964184402283282,97.9296336188454,20.15824246531539,0.8804670171644307,95.89841453973196,93.91296600504107,28.20990414663501,1.015242071945436,48.89353215560595
220,0.6200541875960306,23.08077149095014,97.59988147640854,15.40748769679293,0.7504007772183046,99.95926326946616,97.56012247569014,63.69582749557988,1.956375114299715,36.68537809174177
120,0.3213882499720901,14.2457412025407,98.70172798676965,14.89048318705894,0.6905943493339001,95.63159402511674,94.3900358040826,37.9122066024456,1.409690905966665,35.20276163701953
200,0.6844288140281103,19.8073075035736,98.62813251957512,21.32683324812539,0.7520016846650512,99.34542858124149,97.98254095324671,49.44071674635042,1.420330458684122,51.57996534032031
140,0.3936671344363131,18.39480322449654,97.41442015736388,14.38630536307208,0.7869941245947965,98.95740244862101,96.39877979811317,54.78113310244945,1.711269253393682,33.72122858470397
230,0.5311706328677013,17.51829173760489,97.78326355529579,19.60472176828421,0.7432450662305345,99.14358983813936,96.94583774960928,44.69933427355554,1.343258641439485,47.5830114170501
190,0.4777713636633009,16.02690260367468,97.02613477253078,17.28518476710282,0.7461897152662743,98.79472571633458,95.85670372168292,42.9056887080765,1.347899370773277,41.7905139807994
230,0.6714147597789764,16.10365781961382,99.21553381209111,14.04808812791295,0.8131082165084313,99.90455023750143,99.12083282070577,51.17157712505767,1.447951604680978,32.70650943946072
150,0.4706644573408179,21.70416464143619,98.81867307833122,17.31323091851734,0.7779628382498631,99.2969774906346,98.12395556313434,60.71592501272027,1.803039473436287,41.86372538461563
200,0.4371750949857756,19.47102153649926,97.34619990798451,17.64575645073131,0.6421714182925411,98.93680263124612,96.31121767198093,44.22146201219138,1.518312982535942,42.72544344546566
160,0.6465623567677102,14.2743860697709,97.42953992014381,19.13499247672036,0.7240098013289972,97.62632584793589,95.11688011458439,36.13108894956506,1.175976248263975,46.4504219581541
200,0.6470975549907423,14.13528459966183,97.68394765155705,14.40925138938613,0.7348166544634849,99.40516286401542,97.10288725502984,40.00824838598012,1.255388030458347,33.78945242894576
210,0.6834195852675475,22.87278543716297,97.44773535107535,16.86891786191985,0.775273321844358,99.94712105190828,97.3962060136825,63.29277897541782,1.865619787173517,40.69391033517604
160,0.667377269214578,11.98264186128601,99.53063191338049,19.14902500884421,0.7086403100114549,95.53975873937434,95.09132560181844,30.69753824290966,1.066955849406377,46.48453703784833
160,0.4208197478962131,9.515548922929913,98.74207505026698,15.86552701215632,0.6972327893615468,92.82321182794021,91.655565487213,25.91285897370924,1.046882524985478,37.96966861016324
190,0.3325188780414872,15.97426494392753,97.81189186811767,21.80402637923323,0.6772867299210978,95.34127747575755,93.25510723027001,35.65818758987758,1.2741714036913,52.64751584711831
230,0.5464471139327622,9.303660735093057,98.63154588701809,14.45648405784182,0.6680980037148809,93.11818247430479,91.84390287630116,24.98070369638125,1.005119221737421,33.9296427103456
120,0.4871688002774491,18.71233157493919,97.39626102105338,17.5732350596264,0.7068048190585803,97.96462118668749,95.4138781592723,46.96037251368332,1.579619682880347,42.53849072941881
120,0.6879115872376598,19.55438098707795,99.25346141635062,15.76290515006334,0.7617128955256194,99.22411279551736,98.48336650921505,55.73375054910506,1.702150753986474,37.68423724496591
160,0.5067049770466052,16.66857731824741,98.26680666739233,16.13819432206452,0.6197458128910046,98.33983142815535,96.63541202654493,38.30903201196269,1.356209180370343,38.72175969318653
100,0.4766031092024408,12.87013470578194,98.6199877398775,21.43739742312767,0.8930696093924577,97.04934964407011,95.71005672061278,39.04404368569435,1.230088460407848,51.82878011402545
120,0.4949065577093512,17.29763979275152,98.9192030269197,19.67919785106927,0.6022011001503328,95.70238627376851,94.66803777975601,36.14556434650648,1.355949046714947,47.76083522102027
120,0.486522258539591,17.58730381915346,99.43837943541659,15.01681401331536,0.7489425002125092,98.59897004558955,98.04521795334608,50.37686591400649,1.601776940409827,35.56837836510323
210,0.3874287948463112,10.00613061641902,98.31316121708558,21.84371603994258,0.618770134500903,87.38895588462124,85.91484508477546,21.21327222466786,1.013866239643066,52.73557330094093
160,0.6754997785931453,17.26271815950051,97.59070570350683,14.557961639883,0.816781841245154,99.74659524433491,97.34340621416703,53.45376388797806,1.543403653853965,34.2297359355872
140,0.4688739135809242,17.26544767740369,98.18513112598259,16.36282821805589,0.7544330803204095,98.62676316937397,96.83681674316215,47.9576027860154,1.512291992888405,39.33463067280331
120,0.6127773111262358,8.182973004918546,98.58000422316594,16.14962853420526,0.8214615170965902,94.44463291851731,93.10352311962795,26.46920804345835,1.033517507100733,38.75310112916679
220,0.3163736118447967,8.602253593850881,98.1572137981575,18.20103341820277,0.8096010694640223,93.90749089915515,92.17697661436901,26.07718584010442,1.025097338879128,44.13926855510329
250,0.6456186144413426,18.98382320388779,97.3570082312001,20.20726254839636,0.69094570432459,99.54895040032477,96.91787983531748,44.09400233208095,1.378401138853324,49.00837519888353
210,0.3001374938863329,16.37763680650294,97.1282943017126,18.6878127812352,0.6044204513921868,96.10099785483366,93.34126002332536,34.52270277293753,1.308475739964261,45.35395942582778
140,0.5375499027708545,20.42732120778784,98.44868655263959,19.36092735490389,0.7008847145939245,98.54725116571308,97.01847440637532,49.35158013421112,1.588405338922919,46.99758616223227
130,0.5782161444276571,17.20799129802361,99.57319787066405,17.5853461490199,0.6573933978717774,97.97545089430315,97.55728958365975,41.23601799835934,1.401960419811731,42.56974962097064
250,0.4808909470334649,19.11841025178507,98.52224470462949,17.45787181767263,0.6232753149085678,99.49167255145255,98.02142909187079,42.8506779226595,1.454356171535389,42.2399731358741
220,0.6028126902653835,9.130089312728494,99.44652585641936,20.65278675501049,0.8012271735238145,93.5070877273082,92.98955017432229,26.23028823827449,1.003424148907649,50.04333092436116
250,0.3971243026948534,10.62986756264046,98.80123465440188,17.0592934560217,0.8278955425510649,97.08817060305344,95.92431125918884,33.25832757339489,1.056386990333716,41.19777314105124
160,0.5099819383289664,12.8304509835504,97.86106847741904,14.12507413458638,0.6293053475818131,97.12093348576356,95.04358322441169,31.54048562463896,1.153215236999031,32.93900228462593
140,0.4171042930146679,23.13531638251617,98.19333576609677,17.14962622668967,0.631430296078627,98.43620400459207,96.65779231362912,52.22402540298497,1.843174713617281,41.43546755088988
200,0.5600739818589762,8.881733013186604,97.09389152606251,18.51567871939391,0.6455744394471868,88.56882360126519,85.99491751332208,21.03353691423676,1.002086023583836,44.9269894787522
220,0.468521533286944,11.98900184854865,99.7149749885031,14.11649897444621,0.6736500550109893,97.58075704433908,97.3026274803547,32.31496565870727,1.105608910360272,32.91315066801121
190,0.4877285261337645,8.482730019230395,97.39984124520331,16.6642682105042,0.8921562509362819,96.85565691330895,94.33725607056169,29.03440869141873,1.013284529382122,40.14777042562412
210,0.4020837685199454,18.21730520180985,97.16220125196695,14.18276431988925,0.753720134826377,99.52957837748559,96.70512924836673,52.05622387208234,1.63342033811196,33.11263098827339
240,0.368106834391132,15.36466197202727,97.07290279390274,19.07902855273895,0.7335911140453304,97.91382540592699,95.04779255808715,39.12342511839927,1.259726678303056,46.31419110520864
190,0.4835975331633351,18.25344886267185,99.29942883585855,14.02675824011676,0.7670317966649774,99.67166639677845,98.97339544318335,54.40775800987625,1.641776000269765,32.64193370382856
140,0.5280382396163419,14.26138391812146,97.00705045295921,14.23221273244545,0.7642430704273749,98.63526835005223,95.68316453274687,41.81028998782357,1.338777820651405,33.26105406326792
170,0.5889466403350234,16.83594288657233,97.22383987374405,14.90350744854286,0.822560089699016,99.65235865644327,96.88584961054951,52.02461520410483,1.499409845114523,35.24055719593395
140,0.6040520176500082,22.7731083455272,98.30526141785731,20.4791835622564,0.8800612285060343,99.46549509552362,97.77981497422053,67.08121212314508,1.690040260135966,49.64191912524774
230,0.6616750202045776,17.88699880224839,98.45228329846177,19.97982324919477,0.7530417032586644,99.45824976023592,97.91891781763914,46.14753807837751,1.339052590026297,48.47388196837392
130,0.3128789427997544,20.804667066589,97.06158897113779,14.93960273570381,0.6212704462403431,97.18963075363305,94.33379992465784,47.92301383116905,1.812242979938315,35.34518073107074
220,0.634095161611773,14.51943776566163,99.55263331043263,20.52809346548095,0.7765564173017862,98.27524927471063,97.83559854536625,39.09149327640662,1.136828858960626,49.75524974997165
210,0.525586691764742,13.53861262671277,97.01298700893635,19.0353806531746,0.695161793673411,97.12224461626676,94.22119055236625,32.94599777956964,1.119698290395572,46.20774621041983
160,0.5585037405623123,20.32878147487715,98.32523200782228,18.92308518535271,0.8979771168567706,99.63811891430092,97.96941159071622,63.42383054775258,1.581944737610053,45.93310087559621
190,0.5789282912808471,10.46037253489718,97.83839211943364,19.16792347458564,0.8417198816715041,96.51696347706194,94.43064518845841,31.62758215117982,1.030362197863657,46.53045423017261
130,0.3830908159815706,21.77740189269185,99.00821648771078,18.38267276290059,0.8249281888369471,98.75363806432397,97.77421576421622,63.34290148978075,1.828666088450121,44.59516251556158
110,0.6436835244548507,14.90072284501791,98.34762315501798,20.18270996651985,0.6249667162918718,94.72896315451082,93.16368370185415,32.07371612077921,1.21573835674492,48.95087835642386
220,0.5775570388861,19.08877970576286,98.69274149721473,21.48865039767884,0.6267434209782164,98.72523861542626,97.43464453923106,39.67127552508242,1.320328471427665,51.94381768990684
150,0.4514105761777609,8.338124821167439,99.15745228906732,19.64497399441339,0.7173857833177317,89.54545691885218,88.79099372133821,22.04355552563855,1.015080032014944,47.67917872967735
190,0.3686787724857218,15.7089987328127,98.9533008563952,20.01736658660136,0.7408756651638542,97.17508811280894,96.15795729773498,40.33934946745563,1.296340226991996,48.5624024021256
140,0.5472526787446812,9.411220782186836,98.08793302644591,20.71966723572835,0.6190392603560351,86.86308111609048,85.20220082985824,20.51489846870828,1.012402648453608,50.19734678511742
260,0.6771566153053193,10.12321771028638,99.24944880371979,20.07796313583478,0.6855286900548963,91.9025470289248,91.21277136278721,24.89092795539341,1.001513641903499,48.70503383796722
170,0.6630030804933048,23.5362203562893,98.02649890586221,21.91818960219808,0.7345716929881834,99.32016134264936,97.36007687185277,55.88795252790106,1.647647636569683,52.90050464933609
130,0.3460612814071588,23.70613516644016,98.28374075279665,19.4753941586446,0.6330299605563982,96.884766018199,95.22197226228033,51.18801637366541,1.855690011388428,47.27309462852827
150,0.6651170553876087,15.23974689406156,98.2960783313092,15.91745689747482,0.8498476891549538,99.37354856846557,97.68030114146052,48.50847136910915,1.346912602005972,38.11360745705554
110,0.5122612484581768,9.797651090107859,97.02073012401806,21.90002173729427,0.8169294159856858,93.54442517488202,90.75748429498631,27.08207244048502,1.066965300086842,52.86030548963771
180,0.3028296841046773,16.43724039588869,97.54677577081257,16.31216920600831,0.8035644996609539,98.40281687807527,95.98877513221939,48.49590533895837,1.498839241163413,39.19693959104944
120,0.6888341153835877,15.18144219121337,97.54486726995353,18.72216226549819,0.8467621428228915,98.34208420279398,95.92765550612134,45.197048466997,1.312803786854557,45.43883099047861
130,0.5724353448021225,9.524397791661322,99.62238916083601,21.39767459519766,0.7614501056257635,92.00032228334629,91.65291909433859,25.53807870368662,1.032729100102862,51.73949039380938
190,0.5835976841218768,19.89247699378803,98.51574140790252,14.91419036238082,0.8487421301162337,99.89694097487661,98.41421204521448,63.70202130634651,1.748564471216129,35.27154078054161
250,0.479877624963969,16.57082361799851,97.91439777316793,15.60284404494427,0.6320058200916974,99.40481511625265,97.33162607860977,39.11992405820594,1.338231926969999,37.23640316021311
150,0.4173486743183806,9.785761986225843,98.62578676709936,15.96578079975955,0.7646815855347086,94.78983607583294,93.48722160503399,29.05837119965274,1.075204105080146,38.24725268452966
260,0.5566994575023652,16.90909009754285,97.73903737845873,18.21308069064096,0.7172398850179743,99.47406486779768,97.22499344300907,42.89385501777343,1.326036295456759,44.16960455894309
130,0.6120678513124584,18.44616467747837,98.17905886893051,16.89727033864707,0.8137284447145415,99.25683271574248,97.44942422342471,54.48955303361871,1.573583192050791,40.76920373070362
210,0.6025255282937549,17.08853341959417,98.77765085306582,20.82448263032176,0.7552018569428008,98.85251073133531,97.6441879096878,43.69184367771241,1.276952198779425,50.43802567349911
140,0.3256471447874792,12.72444839862734,99.37317655111927,20.59292383691855,0.7632576505714562,94.4999397265485,93.90759194516434,33.87080311430051,1.213240306818863,49.90518033043514
110,0.5047337015828117,18.68952923825011,97.91815710254728,21.56582776418887,0.7064816094830633,96.38364447430072,94.37708841750641,43.41389924384279,1.476549834718619,52.11668335298992
190,0.5617286264947615,9.051331236880273,97.60099367432744,18.93092713711597,0.7597880602778402,92.87383567544427,90.64578648269563,25.09904695929676,1.008218238144126,45.95231728598998
220,0.370121693254821,14.0458194321692,97.98661382441855,15.2933623801358,0.8455886682028882,99.03146635236,97.03758049934599,45.12410229659719,1.298774642775388,36.3611759955686
110,0.5966785531871021,18.90929228650034,99.7980942390418,21.72007928513177,0.618539665037929,95.8020855350709,95.60865560525748,39.04230320213536,1.410766109105829,52.46089920933258
240,0.5245836234692484,20.99534278661758,99.65536744359015,17.9604574112203,0.8630251869549277,99.87664022858957,99.53243281011352,64.95998747038179,1.662019617060985,43.53050152215422
230,0.4237386302274652,11.91311159132048,98.38349491195339,14.35415942065045,0.8952636274444639,99.16541508226999,97.56240110188256,41.93020154512892,1.156773360877174,33.62552068934582
160,0.6840527770379558,23.22989498399571,99.09050979426667,14.95437760398909,0.7892543502211338,99.90452960059685,98.99590768879547,69.04654524408933,2.02191025773477,35.38795438004831
210,0.3862489080445841,18.26641519102454,99.49908123091183,17.12406012354419,0.6579794192306232,98.70806996915921,98.213622720079,44.0415328978751,1.472564326979406,41.36828475192647
120,0.6642409104213118,10.55955597183481,99.0500106270939,14.26396243471839,0.7222154636035441,95.73871222751779,94.82920463559921,30.53854544296648,1.096898915521956,33.35615934498099
120,0.3622844635459594,20.56372299277037,97.99138129597721,21.77867665675841,0.6362526388439582,94.9104208484549,93.00403238322608,42.65625543788855,1.604088444888082,52.591215415676
110,0.5398847298885695,23.14223337305337,98.64368582058701,21.87849928483926,0.7342285473913187,97.64873376444798,96.32431014238354,55.35841209341827,1.742633714933545,52.81265381977482
170,0.4296087753526866,23.4136511583887,99.73407928926531,19.27124858850054,0.8559483342167689,99.47856793375853,99.21403381888038,69.69434156648687,1.819955150600634,46.78094200431264
160,0.500528317368403,22.0643889106065,98.10000565944208,16.72156533797644,0.6093240378507413,99.17360601106728,97.28931310952979,48.52309063738963,1.709998668844636,40.30115221950405
200,0.6837913744207471,20.08927052370459,99.09849918034915,14.38105651873909,0.7182570312192198,99.93301599533409,99.03211903703433,55.3100209093595,1.734812175025968,33.7056116572017
200,0.3066769542607479,11.72297395189479,97.3059479292978,15.74998748769611,0.6770437783536035,95.00764849119484,92.44809296969233,30.06987300814147,1.143658810655694,37.64821493406328
170,0.5496368861782364,20.59662707441673,98.4261407971365,16.45486448164657,0.8305291559273377,99.73079525986577,98.16117296057941,62.46329575627853,1.73704040979525,39.58401540950018
140,0.5895501044395379,17.13629237280786,99.11067108489856,15.94261316156201,0.7803589500838425,99.19494439644183,98.31277507360548,50.13142735225505,1.496444906176122,38.18321577309405
110,0.3310416744478047,18.19391991052031,98.88614455585684,14.04561978987977,0.6213383230512729,96.14408385776458,95.07317774549333,43.73810065891008,1.676589709337736,32.69904018638658
150,0.6639088314389809,17.82033948885277,97.96547844231422,18.97131160752662,0.7789631797905313,99.04207192164645,97.02703961722192,48.32231335640404,1.418720035899473,46.05118966175172
180,0.5662381500758231,10.46978316606954,99.06266289648859,16.07931439989991,0.6109063823492266,92.60052909639496,91.73254997912659,24.74123108750626,1.015784296901596,38.56011906535065
110,0.605415660056565,18.04098988593742,98.82604983745173,21.6435596381519,0.8784890758838737,98.17252919794052,97.02003263184355,52.60196075529468,1.445718299391335,52.29035692477754
190,0.488777392399963,15.30100265170261,97.79873668218106,20.2634567735251,0.7426354222288588,97.67454727953691,95.52447329942673,38.78866594814671,1.224561169758377,49.13978663896461
130,0.6664753758890554,14.52970907151327,99.29204635645358,15.46153178136051,0.6649689567410387,97.97295223780547,97.27934915274794,36.99288416570805,1.264776620854321,36.83830946372876
150,0.5260026754626073,13.0903495802395,99.71202386708265,17.03400945642777,0.8435454719651257,98.32435095538357,98.04120029178617,41.45558885445688,1.202558740864494,41.13108383215121
130,0.5514919598031789,8.585048909168691,98.25988759897474,17.47319952753186,0.8480182368152775,95.28932764301645,93.63118623584674,27.69447099316348,1.031736470883809,42.27971550728188
160,0.5928452096377499,8.005111581914127,97.03096192074248,21.27321798904985,0.6129632428710116,83.02515700831282,80.56010848137267,17.17826878405051,1.001132729893569,51.45898587025545
140,0.4203950306667015,21.38752413764223,98.35818522767947,19.51015597806126,0.8502255046085687,98.98248386736752,97.35737482522329,62.30147648275985,1.709779580098158,47.35653795539696
180,0.6371436283346266,14.92716398781538,98.17091268276202,15.62209528042376,0.7018489802654134,99.11733007104087,97.30438755752655,39.46749285063229,1.273082178177941,37.29043797126002
240,0.6422057548560202,14.46315245939419,99.35155465946509,19.39940773131885,0.6371552428064402,98.00045605068449,97.36497665972085,32.64767565236831,1.098933413281809,47.09033091638008
170,0.5860012387154623,17.80465952338278,97.67286379411318,20.22956555865519,0.6501956744489958,98.21693192333831,95.93129014023908,39.15359549491806,1.321946991540145,49.06056177482122
160,0.4027586353921331,13.17067384014279,97.27135751683421,17.03063965595886,0.8849605189796537,98.53201035428722,95.84342406024284,42.67108229089634,1.234462378650066,41.12219034142106
230,0.6907427766936831,21.7167550403066,97.72482657610628,21.24212650149875,0.7442473119598114,99.70970702643143,97.44113827112378,53.02754371071419,1.53547078552982,51.38873267815649
180,0.4816812787370756,8.311556915849447,99.02823396515446,15.41826702353545,0.8955040930408984,97.09748828718038,96.15392787531744,29.81641320233028,1.017028387968478,36.7159112837362
190,0.3016295970182866,15.89045574717596,98.21405428812308,19.59959078868665,0.8045182276102015,97.54689059883884,95.80475608911961,44.33026230255479,1.364046370991988,47.57074298096035
150,0.3963763249121606,17.85300941673666,99.47379663966403,15.53546546028368,0.7533404820157215,98.65277945185457,98.13366521131407,50.89693158275351,1.600934012556017,37.04691009565653
160,0.4673656153441407,21.51306499744579,97.66475591058627,20.56870365344733,0.7916745877629379,98.89849619117059,96.5889749043472,56.66697973755824,1.635212978210373,49.84920585400039
160,0.4900617924983613,14.18719598522782,97.03482777697261,16.49967431976646,0.6077421743018087,96.69795133732623,93.83069054403532,31.66028383806856,1.187182426845479,39.70507680651906
180,0.4198659093507565,9.557390109732747,99.68650345867771,17.16273332609423,0.7310072643464897,93.39859484228474,93.10579347781058,26.84179914044,1.036994048199344,41.46988309478274
260,0.6693563817664049,20.30002702097595,99.6631363288913,19.0632024556268,0.6746081059689866,99.83515645527854,99.49884808218616,48.09324327347807,1.502817906201115,46.27561546381554
110,0.3245349037405103,20.97116450118646,97.88851777149665,17.83025951866247,0.7334474667396164,97.03491855349662,94.98604349279682,54.30961951163563,1.862570458078731,43.1986468939233
100,0.5848730350590311,21.14477460233122,97.34392733863687,20.50771305609122,0.6447321039317642,96.80149192135681,94.23037395864201,45.30282909188149,1.623728602391551,49.70804859411271
240,0.5051671367975883,12.03049635290727,99.50889264957824,14.97665273422189,0.8853098375562345,99.21534779517428,98.72809392940567,41.80909363560268,1.129578034308072,35.45238471532821
130,0.6087587730110623,8.061884120140224,99.10199113461411,21.2327806707453,0.7815665964523097,90.92107090936406,90.10459163209417,22.53130196585856,1.015884379646227,51.36760119548546
250,0.4008138438982889,13.88290036560595,99.17630919192271,18.3435145005174,0.7554471808925969,97.95964391379997,97.15275933125675,37.99694507401997,1.17880564478749,44.49714823784512
200,0.6543523547955788,15.15431682495773,98.35567158496669,21.51506818241626,0.8145511148661375,98.34864909867849,96.7314743157475,41.29602539046784,1.155297105234359,52.00303805635042
130,0.3093398768928833,18.28488516810164,97.83743270772915,15.54377313497663,0.7573248438655631,97.71589387460372,95.60272191432145,51.46886951502371,1.719402846456563,37.07030577407608
250,0.394919945504982,11.13279257747531,98.19566212895467,16.54646342915855,0.8246331264515407,97.59345044796298,95.83253486187051,34.69792540838421,1.080324314010786,39.83123770547905
240,0.4855028417874128,8.836543393459172,99.04179366128021,20.54658042147756,0.6660066785210743,88.06848445691908,87.22460665643844,21.13254835269059,1.00148253912907,49.79803739770443
120,0.4275741976392455,8.498316742356867,99.66005474995654,20.78411184811778,0.7676539879920893,90.92511236132211,90.6160167607531,23.54930276393972,1.039344105607644,50.34542576664643
200,0.5490006434222683,14.3600094624348,98.5232998724001,16.35848690582998,0.815882021414442,99.17627283673143,97.7117366892026,43.767889360212,1.254255685226033,39.32284282033169
160,0.5883687876654788,12.41023676460236,99.50142841051647,18.42230145373382,0.6889047266315902,95.87763075574438,95.39961212812632,31.27406392153737,1.093545705923335,44.69420511124451
210,0.5224702236087061,23.95032004117966,98.5029917253846,14.28330932749994,0.8685109253772302,99.96687155455926,98.47035921551337,78.79942632001328,2.138778047515256,33.41403837656628
150,0.5211344864868559,15.50300210506096,99.03199589012043,15.43740425791591,0.6216787262706086,97.99976798515435,97.05112620338559,36.67317058351207,1.300642904691789,36.77008151568924
170,0.3383908634295687,13.66218259039149,97.22321059201064,15.03245656217448,0.8008218428027351,98.02793178117797,95.30590255460719,41.5321234909138,1.325426728370593,35.61349742585281
150,0.4442899650209583,9.935567956674845,98.3297922909278,15.30061403826997,0.8808834206965752,97.64550808679169,96.01462528316338,34.28073975164639,1.087888547369208,36.38182720315166
160,0.3004941618709825,23.62049635817111,98.18072424881437,15.63661620863155,0.6051506404508371,98.05929690471116,96.27532789434062,52.59417615260981,1.938064905071302,37.33116440323067
160,0.4483246495205909,16.8258414603658,97.01832915265599,15.64599324516766,0.8616840798331658,99.36301760041603,96.40033947158314,53.57020285346848,1.507500369420702,37.35744965564004
140,0.651956047836598,23.48062809265032,99.86814340566222,17.01904167976044,0.8198558355714195,99.66730939505032,99.53589147521392,70.13278503096193,1.948052368714727,41.09157176559785
200,0.553001936741732,16.24142062122002,99.05254898652944,18.42798396935687,0.6858880680735223,98.72007043141653,97.78474612361524,39.84754514874599,1.281551474798971,44.70839495390589
250,0.3946226713980548,12.12792498930544,97.77362674128179,20.23538100616448,0.8902561618141132,97.99503761911255,95.81330230668976,37.46005319269301,1.072339162412986,49.07416267652519
190,0.6425170459602028,22.59292213325575,98.73441496931163,19.88046006301045,0.7325872837316477,99.64903139450578,98.38788816995098,56.35644289690462,1.674993568559581,48.23903931629656
250,0.6780381337643601,18.14255240192637,99.813913997778,16.85250734131411,0.7077483094433555,99.86353543381156,99.67770337304523,47.47174424767334,1.455868766274793,40.65028939871667
210,0.4019344293164089,13.76722807380557,97.81687780489266,15.11024313587509,0.8715103242517914,99.19823860683165,97.03261984265036,45.73045246543038,1.279304913533402,35.83736915112792
110,0.6827857087535784,19.57138772350922,97.74196547720211,16.82218662926368,0.6783585061343154,98.56642746471789,96.34076350467605,47.91038853252631,1.621404848804712,40.56961469852558
260,0.4244117857029661,15.07653240659088,99.24213780169114,18.08186336771026,0.7029624617467168,98.46245065229336,97.7162409592711,38.41973842466153,1.225897670578073,43.83842574838854
150,0.5554939823143183,12.47769442018867,97.43585986854173,17.900558448283,0.6204564033658476,94.64385608395405,92.21705498814578,28.01287688380531,1.08678177620539,43.37803910844582
180,0.4726459524535573,8.70705123251304,99.23874621613173,19.45099509414099,0.6913785491157789,89.43031105624391,88.74951942940309,22.19010930054902,1.008373095191354,47.21446410552795
110,0.4406059627783485,20.62099924602732,98.83624120103994,20.61165615724586,0.6491494028650224,96.11754878519554,94.99897235386308,45.11866061744323,1.621431259919151,49.9484405147129
170,0.4634714406087063,14.93470451629907,98.2897256278283,19.92381729744561,0.7466428717792499,97.25663217978739,95.59327692437921,38.58419595897992,1.236513551907291,48.34161378363569
240,0.5924557740638032,10.43154466525093,99.61957831470983,18.85827813262492,0.6874472689745016,93.35187349261305,92.99674272222246,26.40079366318259,1.007440345222692,45.77407948869762
100,0.3138641182313673,12.42407863614708,97.08676264641318,18.86880420417711,0.6146178755566477,89.34416136405095,86.74135388194453,27.0075281816009,1.264084178309775,45.79993404756249
160,0.4433445231895894,11.40913703736663,98.72707665268464,18.7163655103147,0.8526454567489448,97.08900483968723,95.85313622940672,35.32843005125376,1.106306086511478,45.42451588935518
130,0.3090550723365508,23.00397636673227,98.57098256554153,15.24040919366293,0.7247282353366725,98.24975897236696,96.84575278733843,62.13318413767414,2.082205282960503,36.21016514870593
120,0.5180679065050557,15.55023874604329,98.95515225179116,15.3259944868423,0.8837891261286568,99.13847814528225,98.10263198877276,52.35777708658524,1.452485269120109,36.45405072389093
250,0.6216420257585122,18.59712123024464,97.40663240624151,18.77831411718205,0.837064093461656,99.80613059146268,97.2177907441194,53.97245847712713,1.438183452417882,45.57733745839141
210,0.3920340246010572,12.04913559813052,99.26169288454678,19.54856936518662,0.7474758872081526,95.62307085173087,94.91707891561767,32.19330434468218,1.097481734146692,47.44862571706233
160,0.3789816877646371,16.22617578286678,99.58874660437951,16.56983075659163,0.8307444327318343,98.72807395618486,98.32205139960935,50.3102109191253,1.458344576965558,39.89415032876406
110,0.5708571815292351,22.39469148543477,97.46502325510995,17.09315741126053,0.7899756736382609,99.11897991659265,96.60633682593479,62.93265576190164,1.898738124854702,41.2869838488661
240,0.3073397957501002,11.0671057321988,98.43592139945862,17.97441002520174,0.6296061393407173,92.37808752365308,90.93322162510627,25.67410421357275,1.054115611686463,43.565964106286
220,0.4091239732109941,13.98752776009962,97.62267456545216,18.34671281672642,0.8736718000726076,98.79212215296216,96.44351190569023,43.55621160828268,1.202258278580705,44.50515922549101
230,0.3548468809001147,20.21375369559601,99.23432937063085,18.13113373317383,0.8977603422265733,99.65341949429221,98.89040253006237,64.67613836739889,1.620650880992659,43.96297645877883
210,0.4062554060956463,8.26649641456455,97.49760177735136,14.65305776523612,0.7905517171063693,94.43272535971442,92.06964251871426,26.17780204241222,1.016618603492893,34.50960822223294
200,0.397611254107859,13.25237054781243,99.32602320243448,20.58439239048585,0.654825414696266,94.47901327825818,93.84224665019389,30.16780124663244,1.112341170350864,49.88546882200677
260,0.6388443434251472,20.12755091512948,99.76115130118222,15.09676467918046,0.6827520839539356,99.96291378120223,99.7241536623355,52.28873203019459,1.672604189459425,35.79863658604773
220,0.4143709180509672,19.05347161501274,98.63471122639801,17.23309176307358,0.8697552827968961,99.65488486772955,98.29430791228444,59.93865237201126,1.577522788176677,41.65430834608901
200,0.3452175232462585,10.29240652746335,99.76998985106128,18.87353469063714,0.6193547919936245,89.84565726657434,89.63900313648053,23.52444323871834,1.035127630847616,45.81154996435725
100,0.3767141562842764,18.37445435318723,98.53756703078174,19.30925821142271,0.7992825314405607,97.05244788715308,95.633120891818,50.98796113231617,1.637747245743733,46.87285088618228
240,0.483696085881628,20.85056568226218,98.64456708051672,17.22005702911131,0.647723569093924,99.66669583317186,98.31578062808777,48.65511428931062,1.614953620187208,41.62018151210208
230,0.6209003191533498,8.086116429302841,99.63244195040981,15.70723587999679,0.6092187500909669,86.55271518240099,86.23458371060919,19.80171776724199,1.000096292321439,37.52884781487433
250,0.33530155890733,20.58580077279359,97.97206957883702,14.7056834894605,0.7157063221074873,99.59673993095657,97.57698734341012,55.41829481595292,1.782468318594617,34.66393259114079
100,0.4502211525139398,16.99822851370648,99.50775269745884,14.86277854237892,0.8207769861032954,98.39943367064993,97.91506511269039,53.65735882495898,1.642791211348404,35.12228627335361
140,0.6662198269766755,15.72023265236244,99.02672272522948,21.18168215456232,0.7351052746492903,97.20715376604505,96.26105862898888,39.11430658385833,1.238816579571931,51.25194981481593
160,0.5803949980520643,21.99313726077229,97.74683502833955,20.75456643297151,0.6998904800662771,98.97025850682144,96.74029530978395,51.00890595373407,1.607315576807292,50.27757693722748
170,0.5866681292835623,13.68761670484394,98.78845515732209,19.93798446992599,0.8706791246256558,98.39721603444012,97.20508963823623,41.67088314774309,1.144356525615168,48.37509664355957
250,0.40587471206123,10.81234247932956,98.92345757085293,15.93237407715432,0.7773399401076604,96.9267363711094,95.88327892888691,32.46984863202262,1.065901529399684,38.15489324492955
220,0.3473534316506237,13.88954534478858,99.59039544762106,15.59299078958295,0.8398671275819884,98.81497553282995,98.41022489461534,44.81583428137341,1.288456016441026,37.20872851561046
240,0.5242480755459517,14.05398454498872,97.38300647240493,14.21765387944318,0.622988145346893,99.04765532890949,96.45558459971727,33.75919075482469,1.181065891701296,33.21739284575966
240,0.3305876395105384,17.46408287848905,97.32826167452265,15.17640720980801,0.6019398107870249,98.65823974430312,96.02234974181326,39.24450502168131,1.421478531951269,36.02714720624971
140,0.5736307199170813,19.76983075696602,99.37787758934343,14.88008996461332,0.6815532788793789,99.34818292094366,98.73011561041237,51.33260184186852,1.686975377083682,35.1725843074625
180,0.5986521936310455,18.06323069043457,99.04021203689764,18.49431889376417,0.7635640379133867,99.30810008279352,98.35495289181324,48.97583009188036,1.436131781150903,44.8738134481012
130,0.3427795199566521,20.38250349317864,99.6444372716626,20.99323401096836,0.8710235068154522,98.35229164224785,98.00258755070232,59.87818739318493,1.638222948744774,50.82374848208207
180,0.4152688243391923,10.40615219153464,98.52846798448199,14.79159731004573,0.8522723557840102,97.67515890809339,96.2378376735527,35.01060714378528,1.099853807852871,34.91503128761235
190,0.4460195934944786,23.18099811032042,98.54519851474154,20.08340873733535,0.6464416586655658,98.91810005972596,97.47903807086762,50.65786073972637,1.686742240660702,48.71783689940025
160,0.5755677666573785,21.75475564656779,98.37849717060645,20.73233459144086,0.8674634039331693,99.46422525253958,97.85141002583528,63.0001696976322,1.597253594980864,50.22647878997509
100,0.6903223986527882,19.54375654689223,99.5194844749403,18.21883371735364,0.8882397149370751,98.70584207191231,98.23154517661588,62.03788687961907,1.723736313710725,44.18408616960846
200,0.6152930824401788,11.2637629712671,97.62001581139123,16.84580211710744,0.7985124631782761,97.53099907966462,95.20977672257645,33.56350585950799,1.06055057523532,40.63245755688473
110,0.3572223829397931,21.28788274788857,98.75181526175473,20.13539538424648,0.8235534587741364,97.76706840427806,96.54675477742605,59.54490058867599,1.790237818136078,48.83993995396395
220,0.5762206478589214,10.13735727201775,97.6967964915395,17.8745849186331,0.8963648969430942,97.83897841320706,95.58554762975217,33.54942710493449,1.020713172455081,43.31181643166127
120,0.4638673831456341,10.25741523001716,97.2601298665948,14.15458105003275,0.6764634299866157,93.75105404914925,91.18239691950404,27.4112565318289,1.101117628578767,33.02787158919227
260,0.3749946775756776,21.66283657244593,97.64585317448348,15.77686484392732,0.8893418335400289,99.89259690089389,97.54097850202548,70.56590151664433,1.849484299090583,37.72314185185718
110,0.3111145977078937,16.27441856340691,98.10534102893295,15.04960643747449,0.8550286931070266,98.13849998359828,96.2791100895884,52.70005255178883,1.642876006362645,35.66292584475536
250,0.5520272442454472,16.39150509271771,99.82343819869831,18.44426172116957,0.7639299669028027,99.37766077993813,99.20219779197359,45.10142442661063,1.301275431074631,44.74902522235857
250,0.4347328264892101,13.3753291621767,98.52581121305239,16.28126646078564,0.6480126978120999,97.75237030894027,96.31131582687038,32.58434595480036,1.130853358020479,39.11279736784871
240,0.5221742726619355,15.32487817022949,98.57507392997148,16.30243774518184,0.7647473956397501,99.4034929980445,97.98706671179637,43.67288389004316,1.302367937372932,39.17045487332859
190,0.561254632607568,10.74454437898472,99.75243642089006,20.27712031624466,0.651197595517477,91.59428629027811,91.3675321968777,24.9879392982691,1.015335890792892,49.17170068410087
130,0.4735773922804742,14.63853776253015,99.3898219312856,16.65593199830875,0.8475901683843462,98.50832272595868,97.90724654482646,46.42755859441105,1.347218967581073,40.12542372914351
130,0.4219965878346935,16.34799326615408,97.20979728501315,15.12934363497235,0.6842959007484606,97.68185750449206,94.95633566435214,41.9045749280384,1.473893700206165,35.8922155455034
180,0.5154727801794186,22.46738923263177,98.22305689291977,18.91015911512449,0.7315137877176516,99.43630820775118,97.66938158311848,56.802965547214,1.734653781184938,45.90141383351437
160,0.3482870552556589,10.78705009886622,97.19259380824515,15.35335043163225,0.6376851745212218,92.84945212625334,90.24279085825046,26.41206052380263,1.099437689099719,36.53180073549152
170,0.6522521583601832,18.73910870586708,98.48563863478194,21.20285203215666,0.7881645899210824,98.97190533161712,97.4731130348549,49.21678880536636,1.384182391936602,51.29988717341746
250,0.4413676655649207,11.47929111383483,97.94485145229328,14.07992088105716,0.6614701694142306,97.06406081620443,95.06925017999505,29.96569426169508,1.067614712615503,32.802752319239
150,0.4552105324636213,15.14289095163718,98.88267123202381,20.77976426574029,0.667633579591359,95.52331601465525,94.45600652469868,34.54015014180438,1.230220578593524,50.33544608885512
110,0.3317126431179233,13.19180495310575,97.48778091091133,15.67241414706968,0.611395330759487,92.52976462307984,90.20521421313002,30.39181567080296,1.298128839074622,37.43145139585556
140,0.3571245974261313,8.74916452876851,99.55637682049873,21.38959870294109,0.6227134095976129,84.68525506009637,84.30957163903,19.33713727557079,1.029289850692848,51.72132315370749
120,0.4820967474390753,11.67530836800858,98.58447249612098,19.22990313589014,0.8023910301757045,95.72343570667441,94.36844414658847,33.55782354315371,1.145346271892421,46.68082269594794
110,0.3490719283222221,22.95164737715572,99.41477538728435,20.93280910060182,0.6506180735216243,95.54235215153201,94.98321479117378,50.04890850098438,1.824995944650841,50.68588151493174
240,0.5558904305459931,22.0596825023666,98.337832368794,16.19368952380121,0.8766331069029635,99.96197182969692,98.30043629042844,70.69640862795725,1.845819538767158,38.8737266100897
180,0.5694656898999586,23.02111044350266,98.24649070382139,20.69670162916184,0.6849697546751239,99.26976868753894,97.52906406530795,52.48379347982183,1.657019848027589,50.14449950411768
180,0.3344659941483289,15.01481943044811,97.02334233187381,18.4054216479864,0.8635192256160547,98.38255645390301,95.45404454311932,45.66437408513828,1.326927002552211,44.65203631620579
130,0.6339572828536852,23.29038166399673,98.67199788411902,14.99525543022342,0.792503579383227,99.72786950349519,98.40348128636576,69.15513721760847,2.045042192491478,35.50614041229721
230,0.5274013805356808,11.13746572742239,98.82140955126823,19.54084155441262,0.7340850372660672,95.05265036975278,93.93236891122848,29.28190578601098,1.029341197578623,47.43011014645703
100,0.4183259242002852,16.55470331459865,99.07668130064435,20.35979250287264,0.8071811156318989,96.64623997420301,95.75388716829707,45.90341612768142,1.469172800819242,49.36447934089421
150,0.4899037547053769,14.67020932393148,99.600430014396,18.98467280900106,0.7873302467212546,97.68544829163406,97.29512655995795,41.3337835058195,1.261248056659934,46.08386910418562
170,0.5088974011771381,19.92153889508545,99.10286700717786,20.06234811395407,0.6239280472520738,98.32781690679487,97.44568562020225,42.56101819475013,1.454433631170224,48.66830817240191
160,0.6151484219380654,22.33169659903273,99.16452716521644,20.66476217050664,0.6097412505688844,98.85278628008351,98.02689810428674,45.83354878841976,1.560266434283935,50.07093406089183
180,0.4862317810446024,23.79179532371089,97.37831979320157,17.40404359965027,0.7135894213187741,99.58645533226206,96.97561694416399,59.81824772931647,1.902034027908764,42.10020983340468
120,0.6848131472518667,17.53114294145256,98.96672394697336,19.5322863445282,0.6835980640068418,97.5473720279636,96.53943839244182,41.70061524370299,1.392707496440064,47.40960618004357
150,0.6776775729939342,9.628019172403961,99.78784871237586,19.73825676365569,0.645979280727217,89.28727419005955,89.09785008818085,22.69121434756561,1.013024801633619,47.90151374458912
170,0.4222550929695368,14.12280557395145,99.80388785401557,17.83724856998399,0.6100665832579835,95.69488328137207,95.50721399217169,31.69708132397002,1.177439397431606,43.21650414872414
120,0.4907597993100993,13.47379110508785,99.17478019087967,19.4650068846643,0.7016062423373339,95.01070664555994,94.22665947353556,33.54494639024039,1.20657569751261,47.24814047876879
220,0.618907596461568,10.84066082774848,98.09119148875834,16.65835546554811,0.8115593862582464,97.50612004911071,95.64491493063177,33.21676735227335,1.040943960110328,40.13192107792111
240,0.3914228265190497,23.92246513049304,98.51343287425074,19.88835843798146,0.697565418785694,99.3626746907532,97.88558183353527,56.55022873307979,1.771576991944766,48.2577369141888
190,0.6005281351812184,23.7399131408073,97.47862675685519,18.82910434615798,0.6049055800497298,99.61767021809716,97.10593693577384,49.22439037010429,1.707850399685677,45.7023687351799
210,0.4794509738356806,19.69490738677234,97.1182119824185,15.47853927538171,0.7292046742705861,99.69092326853774,96.81804218716867,52.8576901553744,1.671815807429844,36.88635795383738
120,0.3076279467089101,13.8332638572827,97.13495823148442,19.94668880777806,0.7262828506656457,93.84653821173681,91.15779569366462,34.51094557840549,1.327707854853923,48.39566033326969
170,0.4589112150159664,16.18268469144031,97.88090858422868,16.26146688509919,0.8852953066603979,99.41755771099643,97.31080877977321,52.88152526173082,1.422801086352425,39.05882752135818
120,0.383813624575641,9.255605606671423,97.84250918142989,16.82796261600591,0.7049327723828377,91.34509511665927,89.37433307630322,24.84349920691486,1.081092581916907,40.5849908520272
100,0.6884387202351354,17.77526288697496,97.88329041671506,18.10723167814314,0.8935587877978106,98.75992554919047,96.66946474064567,56.22511505447886,1.573614269932854,43.9025841351484
180,0.6396507164864801,22.29309231425077,98.73177519818555,17.67901332840882,0.8412734011481982,99.85618680856274,98.58978588131038,66.81232919760254,1.787854001261011,42.81099535472589
150,0.6204760060071013,16.1961808478348,99.87803715899736,14.84172957110778,0.6359034294330748,98.91747403685936,98.79683147527595,39.88310036435996,1.358642475426321,35.06107267367793
220,0.6351326265053823,12.505722330302,97.45949212643926,18.04624652278423,0.6803532398612006,97.03797792130719,94.57272045187226,30.69873965149772,1.057652078579109,43.74824115169071
100,0.3592633701315149,20.95324549990892,98.84066406921418,15.84809973598272,0.6985654268408893,97.1682268303696,96.04172066341768,54.27417112584167,1.910156416263706,37.92128900315811
150,0.3840686002606526,9.834139660600574,97.13987328841931,21.9296279972475,0.8001150570476661,93.15497302535816,90.49062275869412,26.62991399350093,1.054467035849063,52.92580196797456
250,0.3082989963025786,22.53098011487722,97.56622660259677,15.78634473724477,0.6327431167450966,99.33688137298822,96.91924678032242,52.07681041407086,1.815285984732052,37.74954768291684
200,0.6089776724217459,21.26814191571623,97.1581181396089,20.08905193409883,0.8142203037058237,99.66357905240737,96.83125787790048,57.92445285829181,1.58089585757041,48.73110196601618
170,0.6733276820601894,10.82017681218311,99.67501212882709,16.48978036842495,0.7284143172696232,96.02345717189337,95.71139258260381,30.34335586622734,1.045594042162022,39.67836663169999
230,0.6740226116948761,9.34975771554187,99.1686688576978,16.16540311616287,0.7494417788045481,94.66083629411777,93.87389128244106,27.37092863885629,1.004835306609548,38.79631384133717
180,0.4718408437878824,16.77422245622426,98.02089780224878,18.18381077157892,0.8471312838539249,99.14973700237496,97.18746237829642,50.45504577379442,1.390642672068933,44.09587602524897
150,0.4954653972097672,17.98376639770344,97.89968627210108,21.54314705427364,0.7813858776206849,97.90684741957527,95.85049646266887,46.30947122010934,1.385517109464947,52.06592666474234
190,0.3274887777949683,16.63316428854689,98.74400739082675,21.73239683729038,0.8639781861810945,98.05743028881234,96.82583621163965,47.77694704893948,1.323106499880246,52.48831278727243
170,0.6416558091557585,15.18701199399307,98.33398636016241,21.3403656794522,0.7875416905774735,97.88327298421619,96.2525243051797,40.14835707523215,1.184259246894058,51.61046697758292
170,0.4226455372481607,20.88972930956259,99.34631609864438,18.69633201216347,0.6596451173010283,98.52106465926292,97.87704832014116,48.53519108251324,1.619750873508793,45.37501915390999
240,0.4307230098767206,9.763684483505786,98.54845828430223,15.11412342206948,0.8485967578812735,97.39690646162555,95.98314973453593,32.69636270499497,1.040753849855868,35.84851523980325
170,0.4812534622664563,13.28824245975539,99.87408575110166,19.02966347186454,0.7859887795873219,97.27891051993404,97.15642251041639,37.69315273486588,1.166579464053437,46.1937909558315
230,0.3659168666010723,19.19475220100954,98.07725481519029,19.01684030882083,0.8100333692928543,99.17207482923986,97.26524853578476,53.93089390372776,1.527261194189736,46.16247978926248
200,0.3704186320652254,15.13561351136491,98.39020883119987,18.75135436949693,0.6895948340216651,97.03617842661134,95.4740985957586,36.99997498615534,1.26189352467482,45.51087374622921
190,0.6945672583336941,10.51014733646437,99.30373491377362,15.74356310257316,0.8995215483700857,98.56451738791921,97.87824706593959,36.8892237817394,1.050035438551339,37.63029203517272
120,0.3609461085104383,14.79827461496368,99.28086924699282,17.92166944393329,0.6754961392448516,94.87978999599594,94.19748024774609,36.41049190455279,1.359181701061525,43.43181437936505
100,0.4594401893984526,23.26532849756256,99.89966209783471,20.46870072895661,0.688367626094562,96.8835841274807,96.78637317162463,54.43662356357679,1.844814241618338,49.61760447317471
210,0.5605271718936973,11.1055903538838,99.83828699322366,16.32667825355008,0.8734504465137609,98.41914033957858,98.25998378849201,37.44475886323962,1.066470528722758,39.23640602859422
160,0.6536260360587388,20.92057713799924,97.12699545004382,20.55610113576241,0.7158401293169009,99.12446511648358,96.27661472356729,49.62877920214485,1.539847667472999,49.82006240655107
230,0.5265934269706718,9.321411313269287,98.89695826854437,14.67671286791749,0.7909998416561633,96.15698906324617,95.09633734616735,29.57954937458326,1.01803856877323,34.57902529697378
230,0.53216417560447,23.60742907549813,98.04671947761385,17.566014772119,0.8202265048295958,99.90750750505802,97.95603362056023,68.49318575822161,1.894380184691055,42.51984784625449
190,0.5814896167974919,10.33929009446874,98.45316497364561,16.06487650808878,0.7263922380585456,95.55025230604906,94.07224753560911,28.91287712339033,1.03288941528409,38.52041934427285
110,0.5193890362653881,11.86529074440896,99.53388608096547,17.76138049911335,0.8554363070507068,97.17297850265626,96.72004172431495,37.76584283802575,1.188933889469884,43.02239469914196
220,0.3695944404116832,15.28670704672486,99.47705662671152,19.95635262289084,0.8678267698811135,98.60298148437066,98.08734372683327,46.35975612435842,1.249990189648964,48.41848341098449
180,0.4802407996210269,21.97067732714117,99.61065119210112,21.15695246081241,0.6219724786404054,98.39182049430373,98.00873311413913,45.75834761306361,1.545798346841004,51.19590931784586
110,0.6983174047008156,18.57420204835385,98.60230824906098,15.71357894928753,0.8661037238673772,99.28153036869109,97.89388060852188,60.0119348045599,1.674320995369271,37.54657289453797
250,0.3086164812608622,19.50726014246047,99.14550614319056,21.54782755660824,0.6127115359035088,97.15606855048597,96.3258759132045,39.72224058776903,1.396490087985705,52.07640410411358
130,0.3219709856146015,11.70458618799969,97.6041379481063,14.37109152197093,0.6440046012329869,93.41548608768741,91.17737990592046,29.43047921973137,1.209787517237583,33.67595154169624
170,0.4770510760533623,8.448164739713073,98.92157190468875,17.80359993244894,0.811166549478611,94.02080969647125,93.00686286926535,26.11577657168684,1.015658631026157,43.13048551537423
250,0.5168602703808807,16.46184435741976,97.79398957300019,21.63950891411677,0.6790273584087845,98.02140744069575,95.85904497186202,36.90047530604664,1.196308117710488,52.28131725135296
210,0.5151528550379909,19.60293898521364,98.94411608047588,15.00568534550816,0.7198655777607579,99.77011313574535,98.71665655465399,53.41670728254332,1.674884675085155,35.53625870582198
250,0.3975614463288337,11.32246080621704,98.60988436834405,21.37563372197561,0.8148975192883517,95.71111443353129,94.38061927055867,31.68968233495795,1.043952310474381,51.68989676896405
150,0.3312148444490507,15.73128022476286,97.05801363026313,15.98100738970004,0.639055877733766,96.29368569491275,93.46073858685116,37.06115646091666,1.396189154802454,38.28930416041595
180,0.3253596753620542,9.247759414799511,98.81803735893027,21.00261990671046,0.7037527617174201,89.59097180012579,88.53203998367698,22.98932070579253,1.035642112413817,50.84513876865702
170,0.3439782089521177,13.85966442374513,97.67959569882126,20.53853533130698,0.8886990099903429,97.93046661857122,95.65808385898947,42.01970983870561,1.215616149833631,49.7794205165676
190,0.3113753926986828,23.42802509542927,97.43321245798572,15.62618948581256,0.6917180750542553,99.05718442765277,96.51459695829368,59.20580355995589,1.990481037469667,37.30192358933778
140,0.6654185569283552,19.8846901127249,97.01032099318367,18.17398116877116,0.7304319063351257,99.21715216577212,96.25087779631103,50.60065037502716,1.585744818198654,44.0710973514677
110,0.488181407535728,13.33538620545342,99.43160462026,16.5776387009304,0.6960114893252961,95.77069497711101,95.22633877171621,35.01651664374975,1.256948857412096,39.91515793440624
110,0.4617103758597746,20.0079060683623,99.22999254927107,18.22838477108069,0.7057343754387461,97.59998368292571,96.84845653665697,50.24842085055566,1.678172214582027,44.20812114007532
110,0.646204616853129,13.93784445179626,99.80788830114491,17.24817408360727,0.6256417178403586,95.4936130156381,95.31015861337563,32.48919804673473,1.209281035144526,41.69377335187818
170,0.6393365005380474,11.76924557375535,97.01738982251801,19.08350911078043,0.6725952283681835,94.7478429507225,91.9218841439296,27.97091672618384,1.045211626236578,46.32510825970917
130,0.478359776945319,23.97527124453336,97.08854028160565,18.94841468421742,0.7242019304433139,98.75712583297724,95.88185189530608,59.11128308644356,1.895422063374078,45.99514977975832
190,0.5361101649361663,8.562080849330872,98.13835578916753,20.43577512761205,0.6658951585519127,87.51836176584384,85.88908125061459,20.3993667214617,1.00229613524325,49.54117788985701
150,0.4321055859033949,22.20664016025886,97.86367966768506,17.70202417354286,0.7567131233571796,99.06043750312607,96.94418923546665,59.31997015662346,1.828965935699861,42.87012347828733
130,0.3195246741376817,12.28796057824045,98.66462197272121,17.74787149164639,0.7258053837318672,94.28399549863046,93.02494773950124,32.81543258054607,1.239356314709084,42.98777055312968
150,0.4250151865209453,15.63194627550617,97.89339836677163,20.87527888598107,0.6621905210444704,95.45369883542142,93.44286965677753,34.87300084932451,1.262872290667941,50.55436134544038
210,0.6108750782389194,8.545334772497416,97.1852128467482,19.00631264923327,0.8647875305033522,95.49302320245418,92.80509785309977,26.97253249531545,1.003317483768109,46.13676264306861
160,0.6066857191374525,8.827559179164469,97.34946902757358,18.80728543759696,0.7571344466530485,92.43796230752807,89.98786548628718,24.45286370968413,1.01058805673756,45.6486857273843
230,0.5257301156739704,21.11965045734868,98.60573293222131,20.00523432342522,0.8681880477451254,99.74880045536301,98.3580357801096,62.37438863366999,1.559883944208462,48.53380940168694
110,0.349869692467153,12.14806192339212,97.70196657070063,16.68789457518421,0.6645640051964438,92.7682632589065,90.63641755743642,30.06628348071213,1.244026283609462,40.21106220120754
220,0.4914470786187798,9.197844896875322,98.9775284870173,18.5853046733737,0.8213136121111689,95.02174401401714,94.05017375033448,28.1114966765557,1.011618930948024,45.10002731808163
210,0.4979692865747027,20.50329686870798,98.51018066077019,19.69107027842477,0.8293193071346731,99.54780527461982,98.06472281985968,58.24243248628987,1.558691615001941,47.78913906580385
220,0.6949664894313551,11.84466045582294,97.8743206668087,19.21029045232758,0.8534421118485276,97.95137356430041,95.86924145986707,35.92362345495946,1.044319942230304,46.63327724659956
200,0.4692837044268846,21.21480075199529,98.30116594915809,18.36352845128626,0.8632161751412787,99.69535551003464,98.00169686352227,64.20880744707257,1.678473754075809,44.54726208417492
230,0.3737461405248381,10.48287041503191,99.84785975297125,19.20174144153856,0.6500606871019816,91.50374850505723,91.36453447604109,24.95937087964014,1.026703318320171,46.61254192873105
160,0.4309274764363654,9.732723651312291,98.69487973969142,16.96541915222816,0.6776490288870642,92.03873505890925,90.8375188803237,25.14227693679015,1.041513698328181,40.9498169197355
110,0.5978998160765506,14.49761100675538,98.7844018834371,18.12378159557469,0.8363326345390174,97.89996623974839,96.70989609402231,43.82283782879372,1.315580074929937,43.94440608289858
130,0.3775186180961318,18.64565576142818,98.69028282465818,20.29638126852922,0.7689323997528059,97.2424161432464,95.96881551730092,48.81043610091873,1.548056754212388,49.21666316217886
210,0.3409967156491242,23.09802508267388,97.0572854890713,19.7218363955263,0.8114746843663976,99.22190257975861,96.30208525452451,62.88408740782203,1.786308877859695,47.86242994591794
140,0.6963510327256284,22.24383062974363,97.16331858037533,18.62378940504603,0.630259707658994,99.21548312072959,96.40105594565298,48.2304721547003,1.658174093130712,45.19547628540744
220,0.6309019569922238,8.527744099482893,98.69789422052153,21.79098466616124,0.7704141329794424,91.05712032495205,89.87146029857421,22.97991683641175,1.001113744631667,52.61855655415292
120,0.468017529461719,23.77426529498026,98.20084184318225,19.05354922217689,0.8323761856873753,99.02171836230667,97.24016103937014,68.02034908510983,1.91801585438571,46.25207497468892
150,0.5874293324226514,20.64496879813448,98.39933050212689,21.38325266265124,0.6557407096072566,98.22469289477776,96.65244019623151,44.68971592826695,1.482266597514963,51.70704397969615
130,0.4455606169895269,16.70371815142781,97.12343153492802,18.15324031318166,0.671742811285914,96.8839421130582,94.09700918651536,39.50962414335442,1.406172216821791,44.01878243426688
200,0.3926107282936573,19.28571379745379,97.7074462551909,19.7800585190095,0.8751941864372464,99.28403350094979,97.00789367292624,57.40596583465722,1.497197417689422,48.00090789233735
150,0.4130656109662726,14.15178277053311,99.53836043783329,20.21686047117598,0.6897152961634565,95.15263774136177,94.71337552110248,34.11356609042323,1.213915672189123,49.03083820196434
250,0.5411282851784489,13.50714524953812,97.82215924301588,20.35067558328248,0.6652570124761434,96.55915194090637,94.45624737533906,30.87453206108593,1.068889854265813,49.34324693306172
190,0.3870609669290483,13.11173170958832,97.57658599478579,19.84106313801743,0.7370575138990302,95.91449666580347,93.59009132057368,33.54400125003858,1.152759984986194,48.14569849108881
110,0.5414766306624748,12.0709110978283,98.10396479320119,18.03233284293302,0.7437449448891682,95.35334315405996,93.54541019699928,32.7025615161489,1.168312326811523,43.71297664657965
140,0.4065836638832465,18.49181817805395,97.47467335926751,19.90465859648399,0.8689504876712104,98.67689239817339,96.18497854619538,54.49488285223725,1.506115888123176,48.29630741676897
160,0.5381553972213529,14.61790606162697,99.39421336252434,21.82337445346639,0.8598247305137572,97.88064533453958,97.28769746442798,42.30742301353828,1.172444326139038,52.69045634091839
230,0.484107422848232,10.39351454984769,98.49823130593086,16.7081399509199,0.7202004956491291,95.1748079505272,93.74550248008575,28.45403442117705,1.029168747269566,40.2652464216219
240,0.4747453586838208,16.86369205435738,97.23239855967942,20.02487655962818,0.6105542801702628,98.1154790609006,95.40003364923369,34.91738619179743,1.227504777223763,48.58009564477504
230,0.3852459308209829,20.78216069689021,98.39480501562063,20.49981669391133,0.6326670078578638,98.50060506728752,96.9194782951641,44.20648878374413,1.498653211316489,49.68975177691487
170,0.5125568247793242,20.3115793370977,97.27623678311045,14.81685831434093,0.8333394473341993,99.77462322768046,97.05699874041478,63.11763822025731,1.803310291524807,34.98866362128877
140,0.5734905182347633,19.32035241795704,97.99802519645854,21.53332266936451,0.7254133955803235,97.97813052605144,96.01663303993892,46.07508739787959,1.445851590867439,52.04392934834186
250,0.5688198440652341,13.85212017706037,98.59825877830545,14.1416759376917,0.6908077105235774,99.40378058408848,98.01039681571851,37.44855964248286,1.210553652407048,32.98902008682359
190,0.4523011807321571,15.88359631941467,97.50491804090797,21.74038487022556,0.6796894580429652,96.49117082067363,94.08363702541031,35.53054837070996,1.217247970890861,52.50608494638976
250,0.4546680094867013,10.04378227790072,99.74256763044941,16.38238368944637,0.8859388898919336,97.93632991815123,97.68421010339206,34.57766505121236,1.033180401078427,39.38770172614198
140,0.4917622815957293,11.23602821835875,97.83117780680288,16.24667945363931,0.8741236631637672,97.96487607116372,95.84019209739427,37.17437882366323,1.13422230560114,39.0184894764223
210,0.4537986312424764,21.22718735210225,97.70994769768296,18.27207603831217,0.6045792485383339,99.16715826585198,96.89617847484246,44.80745075240203,1.570409036368136,44.31795635247482
240,0.5100460087549872,23.80524030212685,98.03030677692662,21.24846448624693,0.6970908412436955,99.53269349661453,97.57220477806931,54.39608184129314,1.674498436142307,51.40305956025492
200,0.4385594252157025,17.99123673209548,97.23701701873091,16.67259494811483,0.744710446174303,99.23115880366305,96.48941877380175,48.44861555141327,1.511803143799768,40.17008383945932
160,0.3877298422059044,15.8384948588945,97.49150390244546,16.29542391029,0.6114700125047006,96.8666850895363,94.43678807423484,35.62721955782798,1.330943610490405,39.15135938995792
210,0.5279740138306281,21.12861582471803,99.78524935852802,20.6848144184053,0.6069455465592211,98.99636873052387,98.78377339364113,43.52337368965264,1.46637339081676,50.11712920758748
190,0.5919971982696093,16.09259795975313,97.57916733382609,20.31849519222975,0.7283571352473925,98.30981091362719,95.92989489697629,39.75510374283812,1.240677279175597,49.26824886857196
170,0.6709049271209165,16.00627699428797,97.77949758430545,18.23336846840382,0.8593176836406347,99.36742767918257,97.16097154715278,48.80032238129478,1.306201897771103,44.22065896724166
190,0.5643268093902618,17.15490824725106,98.40164661871454,14.13048825690709,0.6202930693214759,99.5063538472927,97.91589067598061,41.03063322554245,1.422498477619985,32.95531852358715
250,0.6156165113329888,10.69867041039839,97.9217658152434,16.71770340732671,0.7081174296183279,95.8061818453063,93.81510502308706,28.55244516416952,1.015339815816825,40.29082568830017
190,0.4467572484795004,23.89514262534306,97.42729077677077,20.21488093402609,0.7459354379208991,99.25930692006034,96.70565357601454,59.33588503894445,1.786713624751207,49.02620589759869
150,0.3754904443879611,18.01689401004836,98.75651638201811,14.10600885686651,0.7866068705719197,98.98683314688304,97.75594809274247,54.72490196932123,1.687295484862112,32.88151076731521
170,0.6934579690070822,21.10026703512296,97.36741040726432,21.70798811074533,0.8866324594236911,99.53871626812094,96.91827038290369,60.62581788775834,1.474055156935894,52.43397894401585
160,0.6728072003106587,17.37004747569934,99.78152174458421,20.26667480945587,0.6625479980815434,98.20244244501195,97.98789146198241,39.78599727140669,1.299199130756468,49.14730438282396
120,0.6567856229353696,23.10727779502422,99.25228892462022,17.77526481451839,0.8970450560874073,99.55669856614924,98.81230210468767,73.97813778540761,1.898322587115832,43.05796146516195
180,0.4528707528492436,22.70970841300115,97.6886386180646,17.65645108862035,0.7714493743742583,99.5165225062279,97.2163360363739,61.73175562549623,1.841988191167385,42.75296732319208
150,0.5376239553422667,11.09901853889227,99.73496722368667,18.50116833632812,0.7084806571238441,94.33212728434029,94.08211622844317,29.03981220637362,1.06576951899578,44.89087006824838
160,0.3812682635170407,10.8890752456896,97.77462755405871,19.24895586267672,0.8453644236478256,96.27774996156187,94.13521144234502,32.87681871761002,1.100603104867874,46.72697817862701
190,0.3964813239702024,13.49486086701602,97.69956808755077,20.05397227204591,0.6639580058155116,94.96277043426143,92.77821655824579,30.94000922832948,1.142185413537193,48.64860042997356
220,0.4139864409720525,22.75395871106535,97.25226808193969,17.04727878443524,0.8076643812528346,99.73592740025711,96.99545148930679,65.24658437339194,1.875242899845227,41.16609183639792
210,0.6135416952376254,17.43923402789235,98.19083098789127,17.48380693372898,0.6472196349024307,99.39243132425085,97.59425425635108,40.62478292831268,1.351606124571405,42.30720448531133
250,0.5809000744668766,23.32549340066686,99.42082012067857,21.09885946029611,0.8325891995094018,99.82370233713155,99.24554353840115,64.82237520586033,1.64863082080651,51.06408393005995
130,0.4612192574226297,19.34668975216896,99.52868653368336,21.07787498275749,0.745566272435314,97.49427413381075,97.03477049093043,48.62691828608119,1.519615003128473,51.01640356991402
140,0.6448064615843817,11.52964635790885,99.12805287119879,21.42482021812163,0.8280339015693403,95.80883951631429,94.97343709101403,32.87941956741771,1.076531636550989,51.80052129250606
240,0.4943965870263986,11.30046663541347,97.7972497373413,21.41515688769706,0.8105372450646479,95.75556292875073,93.64630701482739,31.17823598728807,1.029772114661953,51.77880160964554
250,0.3758959378823638,12.37051574378088,97.71432025969001,20.68857360058278,0.7845185281124432,96.24245770637485,94.04266334900383,33.28338496441773,1.086174595086064,50.12578590761854
240,0.6227510568577797,10.01862591040879,99.57584520950073,20.86009992297366,0.8904306505485904,96.81638961767405,96.40573826312223,31.61044035011759,1.006343734868312,50.51961854017458
190,0.5939768526792526,22.52263646563143,99.36932893628125,17.30364571470395,0.8997536217637361,99.91740627149126,99.28725610251867,73.1718267926184,1.811262946904426,41.83871367168024
180,0.3225526357736438,21.01420762190223,98.90214470608861,15.07738632347062,0.6122816662296653,98.49672525966113,97.41537374706859,48.45725255982577,1.73899873780086,35.74290659146487
130,0.3515465337251313,10.14700171048567,98.85313348825787,21.66601912051439,0.6298196623054566,87.09816846262197,86.0992687361834,22.07291376486749,1.07204766987245,52.34045661734677
120,0.4535809531199745,11.43173353060335,99.20185344274678,14.06825620152243,0.8107452220359351,97.26306659661772,96.48676477909788,37.06611637069486,1.212106496482386,32.76750346969459
240,0.5346683325831778,23.35202931360528,97.7869411229083,20.34168834476173,0.7836701462281169,99.7542836890587,97.54666265859875,61.04112080035737,1.709508001407602,49.32231004256226
240,0.601273488843534,9.479988786451518,98.2642290396882,16.4289247714635,0.6958445044374559,93.23570533887556,91.61734704096148,25.36670105812601,1.003691375605851,39.51382829989626
250,0.5331134811253286,9.609597382232547,98.17284498311717,21.145193567371,0.8986520964161726,96.69469962522635,94.92793756996423,30.10301009123054,1.004502206615232,51.16924624031418
210,0.4932273542765527,14.22330565441772,98.5877075519001,15.55626780766249,0.7737672149813735,99.03677376456224,97.63808488784353,41.81924583231579,1.263818695538451,37.10547597542393
180,0.6106221817984245,10.09842090912536,97.82692462103745,18.75793546099402,0.6759994051256217,92.20929629326926,90.2055187784056,24.80150489205298,1.012576464213563,45.52710425429558
110,0.5838212165049277,14.83681077999994,98.0388752606119,15.22685819422081,0.8603107469578972,98.83909254462824,96.90073464854883,48.41194322570702,1.408083260382652,36.17146079527271
250,0.3277223595520481,12.90086735728756,98.09669614990317,18.94164813665114,0.7471304315339774,96.57512869942818,94.73701055665597,34.29927851423785,1.14233258891306,45.97857966820641
170,0.4662187484039925,11.55835990351811,98.18676788870513,20.0320859654136,0.8365113588548732,96.58189845743831,94.83064446090984,33.9568993787151,1.085070876522549,48.59707640133371
120,0.6385049267749302,13.03017806620523,97.280130950743,19.32113503270038,0.6385981430797605,94.29155822233484,91.72695131418342,29.11692056548269,1.124998354174002,46.90154356757586
250,0.6257645628682338,12.99851227374375,97.92666893319588,16.94330114007555,0.7972485269644763,98.94426440203428,96.89282222936609,38.29675227585879,1.121270609739721,40.89125430272674
230,0.4092679154311307,23.29947807079926,99.31498645041054,14.69086406530254,0.7305597088162321,99.83160075913288,99.14774076716078,64.57148570609962,2.013048073036809,34.62051461511982
180,0.6482962427288294,18.18616906196252,97.62681592236821,20.48420913519338,0.8839567325307056,99.46551230196707,97.1050126012819,53.9967973035023,1.34959733254641,49.65357272920534
240,0.5435294093779288,8.856809353597463,98.55657967277351,20.88431231575273,0.8726670784078538,95.42415434643219,94.04678270551182,27.41559248973252,1.002364791085942,50.57502941841847
110,0.3294679354338906,8.422207686189562,97.53962321691637,17.65528439628892,0.7548028091009007,91.15060968069106,88.90796124246816,23.96670289930296,1.089949219977603,42.74996527714916
210,0.44947246057773,10.54071693818271,99.62903335981839,14.93455882148631,0.7096841969298664,95.82661407015117,95.47112929953533,29.743573852641,1.054945823665464,35.3305715723738
180,0.4282102827039547,22.37594018373638,99.38682112938227,18.35836224291846,0.7806389526572312,99.35254768306487,98.74333885325193,61.78275297448081,1.791543699174559,44.53432985361331
130,0.6514501244072802,18.28954827221483,98.49614159641958,14.96872831862979,0.8172314444263699,99.52601652452425,98.02928616127133,56.55957134039711,1.636162101959275,35.42947132829454
210,0.3206221002429724,8.066301103636622,99.36051510153283,14.87657744840532,0.6812100322408369,90.07023559958333,89.49425004491017,22.39368450065906,1.015772061792316,35.16238212094999
120,0.581821999988053,11.38852940077335,99.84260638403076,16.09804159652814,0.8302657330939081,97.30356341585377,97.15041381892665,36.59101751433903,1.153990969930471,38.61157545439175
170,0.3440381861881353,22.92446052237973,99.12063043518629,20.87122612305544,0.8336754477753304,98.77932538284719,97.91069005910212,63.95142891745688,1.754081107522468,50.54508678518067
210,0.3008828405770473,14.58621327895299,99.59663845527722,15.52746369821951,0.6562945205226307,97.07624399363431,96.68467575630272,36.70819112679013,1.297653334510718,37.02436751878832
260,0.3404495568885468,19.72914386275411,99.89117161639987,17.61078703285568,0.8694229725644924,99.64889218230304,99.54044590366561,62.25384059075803,1.611773433759804,42.63536355589343
110,0.4313267635449767,8.942481525219977,98.73918637738389,18.14706834811717,0.7700095931574237,92.54469839916595,91.37788223474028,25.86102195718253,1.071742382086713,44.00320669962662
100,0.494470268602576,13.801013200555,99.20567038573319,17.13233269759081,0.6014512401362182,93.637597389348,92.89380622319648,30.83097430749838,1.240177991021504,41.39003122319178
100,0.4648937128140591,23.24526235152408,97.41132535944584,19.97223913355172,0.7861075038800714,97.97361461485561,95.43739649888659,61.19659765935378,1.896503356579841,48.45598588369859
140,0.668442985893134,21.52032989505306,97.09758545941251,14.74433715949021,0.8895974186994369,99.88438129020855,96.9853224838657,71.17004802960543,1.906091666477262,34.77703379788818
210,0.3807598215281032,12.04177333412692,98.01820927674414,19.8496847947035,0.7186972394204931,94.87152789163045,92.99137275286303,30.35984679287603,1.091780168306909,48.16613634100287
180,0.4525589429668151,9.758701834391802,97.57262935737648,14.34758891558088,0.7012820586303016,94.4843880320158,92.19090173506417,27.1430754913176,1.043987700699087,33.605939566225
160,0.6702662482173182,9.432508168041705,97.55704052041702,17.48835020024516,0.7757298150424613,94.53693340582731,92.22743442948261,27.36806546572659,1.020682327139676,42.318974717115
240,0.3934775786628015,22.69307438793406,98.44304331630482,14.69845624943636,0.6853731422455749,99.77877198488956,98.22525972556186,58.53863353601888,1.921503004809298,34.64276210334663
260,0.6737876513966359,15.79886217068508,97.37990426439369,17.72182287611067,0.6716003324086313,99.49432785430814,96.88748121302724,37.90742221963611,1.229901663135283,42.92095446448639
130,0.4295396455143578,18.30470790132508,98.53597399447401,14.58758923563361,0.8163040691014845,99.09452302335984,97.6437534362459,56.98461106960808,1.701607782863099,34.31707059790796
210,0.4399484563813545,21.34570427937433,99.61569983700699,15.36672692046501,0.7834794504260878,99.76606990680598,99.3826687375424,63.03671188291036,1.845040750163167,36.56978306837249
140,0.6412456184906885,9.231856558945029,99.38104019668107,15.16595214795135,0.6153325846274849,90.13501416728489,89.57711466087358,22.70469385889287,1.012213940247224,35.99719817575323
130,0.6751763597147539,16.22146199177578,99.15312997285031,15.15999746395461,0.8209614698218648,99.26619545379155,98.42553979740156,50.87418666353393,1.467560273489567,35.98013413715194
170,0.4583784203078597,17.16905299426988,99.77788369303178,21.14139125645533,0.6303965597337344,96.58689926240274,96.37236400874596,36.75729417029756,1.285979394436506,51.16062236133916
240,0.5039385416435077,14.16494626376778,97.21448934043951,16.32883029915951,0.7601572520436253,99.03548900952961,96.2768449064213,39.74903592205938,1.221709831931379,39.24225775033636
180,0.3600780482847243,17.73819014564157,98.14778120597599,19.50252846478485,0.7592738468793919,97.96632847243836,96.15177772465657,46.47530219634333,1.450928433280612,47.33823755509098
120,0.6997954009473324,11.21735475213826,99.18239851609765,16.010449946912,0.6535414062866243,94.23741989727266,93.46693335380127,28.26529421881125,1.08814187122101,38.37053562813077
240,0.543733090167027,21.39887628519535,98.94176734756067,18.6314522930216,0.8782603544552112,99.88471598488709,98.82770330553873,65.94073354188814,1.646860405624564,45.21446508003692
260,0.5201965692268684,9.491930849142372,99.42356577649399,17.22720548868552,0.7366652784885372,93.94823702393118,93.4066872333447,26.77665130345337,1.006515351248743,41.63889947634033
110,0.4750666855213232,19.64602233850956,98.06484389025574,20.37001475627534,0.6987469097337685,96.80936460215581,94.93595226825262,46.24726081711351,1.579549626798721,49.38827807471944
220,0.6442038616925477,13.95954741750658,99.25735757328556,21.57475769557245,0.7956251168013084,97.72087763957818,96.99516094246898,37.6474726120605,1.093550912145322,52.13665727997909
120,0.3897109574339352,18.6798866359964,99.40411654472726,18.79206093054079,0.7730608694611816,97.59766368158552,97.01609535097421,51.06839983517345,1.609094008739327,45.61120163755061
200,0.6854673179513775,16.3099738098681,99.13630121974491,16.98120228838176,0.8885176215534099,99.7672572610323,98.90556867697482,53.38935513714112,1.349762986549367,40.9915735282666
200,0.3429548413842916,11.68596804838255,99.21016411070333,14.77157656944357,0.7818904992412543,97.35905740370021,96.59008062684485,35.98451192354692,1.170230615094952,34.85661000264645
250,0.3845793925737962,13.22398071274161,97.06552656254776,14.5162054474391,0.6743977112440159,98.16730476882185,95.28661128611799,34.217949970449,1.182050418398962,34.10643401434032
100,0.3448543467327952,16.59363800305128,99.19001138143696,20.16372461396642,0.8066506220040377,96.20867129478442,95.42939200722593,46.21598309394641,1.528366152395117,48.90638527501676
240,0.5196231538868509,19.97408855523914,98.64999225476994,14.5200536409691,0.8831039973572362,99.95712189055443,98.6076930031229,67.14461171569511,1.770522585714146,34.11780791253545
170,0.6296765774654225,23.91018402523175,97.64362846755402,16.53657696169801,0.7758373110916699,99.86421645833678,97.51104449061231,66.66007687173125,1.979169979840865,39.80460113579369
180,0.574176126626972,21.47275816211104,97.99311267068386,18.39455328208394,0.8395472252690932,99.72494787008978,97.72358052711782,62.9360442930758,1.693345921586173,44.62487080543281
110,0.5980472043337299,8.681369855903089,99.70942644641316,17.18060204808042,0.7105958139466122,90.9652551969553,90.70093422240016,23.92427027417854,1.036191489493397,41.51677146443166
150,0.5271896381247788,20.04362316246703,97.94659930229545,18.59337385175191,0.6921171576105059,98.77083921678557,96.74267811517947,48.36693629425476,1.57612898592389,45.12005179802213
230,0.5025311905709094,15.6569401765205,97.24434156853107,14.44917300902493,0.8231962813449092,99.70738209161631,96.95978721021174,49.06614442756136,1.409876874300769,33.90796431544538
250,0.3264965679742396,21.03960036659613,97.85652311680354,16.18965676076897,0.6726106922707753,99.35252974901888,97.22293124097779,51.59376456023308,1.72122256659956,38.86269580762144
140,0.3062317749606445,9.159487945590168,99.77345936733818,21.17027283765748,0.8015810656711226,92.53256248004085,92.32293862758037,26.11746235910897,1.074087687812433,51.22610057452141
190,0.4148198588147759,22.42138817767799,98.84333229167166,15.46686597506702,0.7220180507091573,99.57607216589095,98.42430789392637,60.29784572560018,1.906718451255247,36.85338332452494
160,0.661066924031265,22.34381302833557,99.13402525119125,17.71250999821723,0.8141922552129719,99.7583490220384,98.89446690967904,65.02291230718301,1.799244056435719,42.89704965947169
230,0.5656587920298799,19.39440518747643,98.8481305720737,20.4083337584734,0.7625242144501303,99.43243003398909,98.28709827098335,50.21134997132577,1.434698043906404,49.47741559900578
180,0.6720521948488429,16.53184333515167,98.00848796019261,20.62933204555325,0.8660595391286072,99.13828018487627,97.16392939893649,48.38351726299433,1.253086556239615,49.98923586045333
220,0.6445012232694775,20.46453342039883,98.13491523514311,16.9696395536568,0.6792382685188204,99.85146516839424,97.98915070405214,50.11019357543591,1.615761082316644,40.9609852973249
130,0.5962886341578326,11.95537537518889,98.9362348240543,20.81669460399635,0.6198688781373901,91.5851910496271,90.61093968091784,25.7307112165067,1.061315635959491,50.42017174219552
150,0.410661617014464,16.798959490031,97.11441442254095,14.47499673624709,0.7451136496230495,98.71836852335527,95.86976551894246,47.36977066280241,1.542609684777813,33.98450076057844
100,0.5159906639610417,12.69228623157367,98.87194972951673,17.10885089469887,0.8348450213491219,97.14632398982388,96.05046461929211,39.47444525209015,1.264995887100634,41.32828425179457
220,0.623742484372761,18.60849618919939,97.75101235038349,20.89983558112383,0.6176605731956893,98.91627692191271,96.69166207047843,38.27367283780004,1.295767762156811,50.61053139729279
150,0.4417437536106444,15.24930031422526,97.60928717101557,16.78972858777083,0.6223116563508986,96.741152349554,94.42834920942583,34.69270059539265,1.282913920882882,40.48313929392924
190,0.4117980768048204,17.11064448098093,98.31897339554499,16.74039869376272,0.7724083132306114,98.96863392341355,97.30494485709529,48.38890569151683,1.469090011866099,40.35148716064924
210,0.4908540135404095,20.75627663750574,97.81825774608087,19.83008209695853,0.754531101404177,99.34936441956805,97.18181735702626,53.08449915162942,1.570125562172571,48.11965867292366
130,0.5719290293632076,22.99004083594307,97.32496011105438,17.43573575579561,0.6248715844325256,98.97484508025893,96.32722849433988,50.62757895104177,1.778710707451505,42.18253434921144
190,0.6984918360856361,15.58892959871143,99.65068046526453,14.2741756649632,0.7651086192437215,99.71786815187356,99.36953415879731,46.70046646798641,1.388038736686436,33.38672067369896
240,0.5016414452262222,23.98840849137306,97.84782267469028,18.65153735652007,0.660313515408989,99.75430779508704,97.60741820170149,54.67490551699013,1.790120017992861,45.26421028797995
200,0.5608508805541321,22.43359658150002,99.46133535298787,14.62711142470315,0.6333247354597784,99.86475863364804,99.32682248406459,54.12933926755198,1.835648568504628,34.43337557203046
230,0.6177168261856771,11.7485410150215,98.56460793448792,20.24024973776564,0.6079091440784046,92.57764025687798,91.24878815419245,25.03869665648621,1.008262901096912,49.085547344367
210,0.544117964779213,8.394467772196979,99.46858117790677,15.22118286159448,0.7363926694673952,92.89744904847292,92.40377451898489,24.94289320387234,1.004480624671929,36.15524364420884
210,0.5174270813029259,9.068652914486826,98.97010688145092,17.63156191710569,0.617374829957122,88.32866729819347,87.41897643198327,21.2652712420019,1.002229039317364,42.68889403743486
200,0.4630864143785089,22.81843971131742,97.56077633957055,18.61357683562115,0.7981091253306717,99.62084180902337,97.19086666489871,62.85393576692994,1.791608892039289,45.17016080270469
170,0.3544895341464318,19.44499943587184,99.41054362142299,16.3462376472,0.6167707318872911,98.01911583526761,97.44133590475184,44.44734436286183,1.584176739359902,39.28957079033222
150,0.3220901546628214,22.94050658332556,99.56357508165243,17.84849125039391,0.7611452522683656,98.4764386760548,98.04666295897123,62.44043204147052,1.936936037555904,43.24521923785181
210,0.3173336612137034,9.103573553346097,98.99994237857167,18.27089249568991,0.8426943014814752,95.33953798186133,94.38608766603917,28.76497880462536,1.03949667383127,44.31498348490322
110,0.6929079459826462,18.22597838104144,97.90839521914117,21.77546442422643,0.7378392210567137,96.95821429703655,94.93023165136437,44.06986342406152,1.424496981718294,52.58407796328117
140,0.5731641637183726,13.39644681048021,98.20352230624806,16.1101221813634,0.6401660409355536,96.72643035667502,94.98876161135486,32.23989877645687,1.16901665387668,38.64474657787844
240,0.5785471518576145,8.811030744653195,99.48137201242943,15.37535726060532,0.877122183613549,97.17871580627315,96.67471978814017,30.93765069726423,1.007077233114533,36.59427632723867
230,0.6316728286843747,9.977603748731315,98.05478047346897,15.66504973515123,0.8179537619412645,97.1645175304311,95.27445436256946,31.6383930053441,1.020913668860142,37.41083347178619
120,0.6196725174139254,13.20354792045057,98.43992953505561,16.95216267353483,0.7828705921044806,97.49895461064683,95.97790221613661,38.35017026748766,1.225224788658664,40.91472376318319
260,0.4772816311726347,9.107862391505391,98.06836225079229,20.49124255930632,0.7276072605311406,91.09044876219427,89.33091126798102,23.51802950329069,1.002882973404529,49.66987891267922
160,0.4271015695640817,12.51436308603361,99.48855136325417,15.14596526164562,0.8261526970172999,98.15358095860107,97.65157580687109,40.32239115944284,1.223940067920936,35.93990391475904
180,0.3677204740860499,8.362603472311049,98.97438911548167,16.15618755616248,0.7034840398939094,90.83872414774925,89.90707230553235,23.20060561694894,1.021624776750264,38.77107246774193
140,0.5635953579654918,13.59089374893159,99.80005235785127,16.58486910658702,0.659710599548486,96.84613913326167,96.65249756155264,33.90212215252996,1.186998006263511,39.93460541163813
250,0.5020715489820576,20.84433518752456,99.74349872925723,14.32420727031864,0.7151305642155698,99.92365201608702,99.66734657889317,57.47579963539503,1.800990863073973,33.53620674295416
130,0.3477761041511782,9.674266750711947,99.54930734868222,20.04017430596054,0.7142601582100382,90.56633844149123,90.15816260956782,24.98217012886223,1.084117008385847,48.61612228680821
170,0.6571334737654775,14.69517284120247,98.09367169290188,15.99773477572389,0.8155099904753035,99.30921679190332,97.41605708064182,44.8242852487821,1.288132936099485,38.33546769989312
130,0.5934726867573336,18.9658333360143,99.07103670077457,18.48798554095998,0.7811144591852557,98.85589930869764,97.9375642850006,52.49677570040243,1.551164576801112,44.85803805834894
250,0.5758528307824395,23.64647133293748,98.68513458491178,15.70299304969236,0.6364889436369063,99.95505119718291,98.64077679835744,55.58837453208689,1.879559376671665,37.51698881191476
110,0.4729714239143766,12.30951110647246,98.02921173897721,16.21120625093579,0.8665731260558591,97.83953117733881,95.91132118225609,40.19562815339118,1.245650162843746,38.92161749872281
150,0.5859601870441808,11.32900835159421,97.46183876403687,21.07053878096119,0.7119854369318113,93.37142220747955,91.00150496354182,27.55813788192589,1.050199420650543,50.99972665581225
110,0.3508122871012427,23.19244175576419,98.98648248933446,21.52426658531651,0.8917744336357574,98.49068674980647,97.49246639322246,68.12820280180351,1.831257284084108,52.02364611767092
210,0.4450579740844667,23.4665950935781,99.65765273230298,18.39167566396482,0.860755870646378,99.77105340042411,99.42948992515522,71.44827637958909,1.843658728206455,44.6176763036097
240,0.5682441651354544,16.64683645820618,99.4493757919641,14.66989383242838,0.8931196351078106,99.9140093192178,99.36385859668692,57.42875844756779,1.473657315952781,34.55902267548993
150,0.60187634579055,17.67023052864522,98.58181724074055,16.91276940742321,0.8511209682196146,99.48188326010354,98.07104834312213,54.92695744689613,1.497004637514467,40.81032566082371
220,0.5359948259962722,18.63208366755023,99.11908660595762,14.08798778315261,0.7162708712552441,99.83539069375963,98.95592736514376,51.65059198243701,1.62683546664417,32.82711705539833
170,0.4259617477530613,8.210526366904379,98.37220733878861,16.8564840511065,0.6902049395612441,89.7381804366638,88.27742892121114,21.95160082200389,1.012506034156996,40.66086267546501
210,0.4599616217444651,13.27537028511986,99.86391220465022,19.65970399989188,0.7889139078546781,97.40702127110997,97.27446220334623,37.31107048870606,1.133552403287865,47.7143360055652
190,0.3688901747593656,15.93321031595022,99.48805222632016,18.01094130113162,0.8857369142054581,99.05186695767773,98.5447731299996,51.18781447895102,1.362562445678785,43.65872200669617
220,0.4923916669110767,21.59854415062442,97.5284069677765,18.18819541320391,0.8846573286971776,99.83904526158021,97.37143037545653,66.64890175819379,1.69641828997452,44.10692588784934
160,0.3141354804550298,22.22101399699971,98.23987962425186,18.26053178689256,0.89489454575493,99.29013820713594,97.54251225344362,69.6811728937622,1.843422741115101,44.28895328235535
210,0.4045116059297695,9.14157781937346,97.39052566909376,19.24328828855045,0.6991268679802771,90.66801279890126,88.30205427857118,23.10468812663533,1.013472742739207,46.71325174959304
140,0.6756917954069561,17.35074703683332,98.78115846364656,18.88406528295391,0.7897638001125539,98.84219526986941,97.63746553847666,48.25314352055443,1.405091827278293,45.83740096690843
230,0.4048327724016271,11.46302202242613,97.53557613881343,14.39953626568802,0.6372555182053009,96.0272701078207,93.6607511500375,28.53244390085771,1.069143227606319,33.76057657827909
140,0.5327922173859552,14.44291967251524,97.46782154202306,20.95262482963689,0.7609577956267632,96.59059066539564,94.1447445361338,36.98720206408192,1.204765787150482,50.73112407715445
110,0.356590852788277,12.9321682257019,97.59415921095894,20.1161534960065,0.8125123846039641,95.45729764579347,93.16074704291464,36.30655394156289,1.272581237080908,48.79477147394954
220,0.3740539791108109,19.05694554482773,99.44028779282955,16.40348136167228,0.7072294533115346,99.19007308083705,98.63489413350231,49.95749190352527,1.589087572929999,39.44490788833872
250,0.5250754555032588,9.440498210716992,97.18751332712171,17.57709061145037,0.67521113607937,91.69898553141486,89.11996378417923,23.70771294626944,1.003303573624369,42.54844360856072
190,0.4077796101622283,13.56679546777531,97.04986837909485,19.55525099689513,0.856386498853541,97.98835578478142,95.09757031596955,40.2507613029343,1.179808701269972,47.46463055112036
120,0.4004812931994907,23.84287337170914,99.38013343820694,18.29617278504558,0.6880538795165252,97.95986927037843,97.35264879679517,57.94112611708137,1.944655535935457,44.37845408505052
120,0.4099347575780004,23.80841491815448,97.3684448812991,20.92355415072851,0.805736543181329,98.25715706358072,95.67146581738409,62.88939464090576,1.861521855496,50.66474072576102
150,0.3794426946844905,9.723992592800409,97.61610761773805,19.17965888025798,0.7521140452855266,92.76503331721655,90.55361475456468,26.37837390692812,1.06441503879393,46.55895153276259
190,0.4988735216742382,17.12221833426133,97.97805841983894,20.6775813697055,0.8873463990934426,99.15220794632003,97.14740822620561,51.17426693736675,1.30124902117849,50.10046975131445
120,0.4851295465634204,20.14146857105568,98.51691419428394,18.02128389642574,0.7506089625928318,98.41363046191066,96.9540718776402,53.61931335102245,1.687115128910604,43.68495923409694
110,0.5071513261955231,21.17941209966689,98.14368615067274,17.08765174310654,0.8623355373526225,99.19981925529142,97.35835927194782,65.58919594696523,1.829026555947453,41.27248829134356
110,0.4677922616597264,19.71565274306759,99.53542575702626,14.66194953388162,0.6414758537919726,98.03114888011281,97.57572141232455,48.47019167735025,1.716520859285288,34.53571091230816
170,0.4110239069223404,17.47347643939778,98.85756406025737,19.57024295275658,0.61509046521415,96.84372658276735,95.73734904489972,37.3343864228145,1.344061448963291,47.500527587958
220,0.6525731795943341,17.1871281064041,99.63730877712472,14.57034782841615,0.7945006157176103,99.89409112933242,99.5317840286353,52.85351337767868,1.51617905851737,34.26626267401338
230,0.4144623803075403,8.470144263379275,99.82651383423126,21.58326138480566,0.6288447398933116,84.77459278191672,84.62752059135333,18.94143473669003,1.001745610116331,52.15567247368341
250,0.4356627124257386,15.85146658353507,98.9459531735112,18.83837191677094,0.6529118328454904,98.23732345330302,97.20185606301594,36.72770308359429,1.229677172108652,45.72515736658642
250,0.5341824585348367,12.79818537858129,97.28865635979396,15.25752719744481,0.698075675772666,98.58363485187064,95.91069373803049,33.94357640335799,1.122696798801852,36.25902264446142
170,0.4428341121151112,15.27934786992893,99.68063768208107,15.82325896299258,0.6135300741232232,97.57311829059209,97.26150651835349,35.66538179323199,1.275503542384982,37.85226367364243
130,0.4486391902979463,20.49100457183272,99.11656750472065,21.45243043673597,0.8877014537984272,98.79594599800127,97.9231505070363,60.41630077707921,1.563200005588364,51.86254159511395
240,0.4350244338232092,22.80539268022031,99.74663202205555,15.19762352371588,0.6429187887975247,99.80497506013083,99.55210121293302,55.36162498208461,1.853932402960667,36.08787733132226
220,0.4000090155244805,9.388143345423043,98.25825656137047,18.6320447572507,0.8420890735875349,95.64324424126511,93.97738431020048,29.11953360827327,1.024496640082332,45.2159329903667
110,0.4926731552249751,9.54093808381632,98.98770934989697,17.4098851651866,0.7025341408160515,91.71233228997862,90.78393692521574,25.45027787037869,1.068639152323789,42.11539199996213
130,0.3585263129051774,12.29822562932596,98.66290707166799,15.0312817957811,0.6418095218569273,94.15029266676159,92.89141576151043,30.63679728956326,1.211432520394378,35.61011011241078
260,0.356050002610404,21.60770191685111,98.46495848196334,21.85936345414817,0.7851943706700113,99.01467896616407,97.49476253508274,55.36056446067208,1.552006177457723,52.77025889203094
250,0.6407721184235066,12.96833688873053,97.63524319150855,17.79204912217148,0.6006022636914393,96.97079918924341,94.6776756131672,28.22233948245437,1.031498319621671,43.10093090250905
160,0.69365476250723,22.90652708928287,98.71850788604161,21.91111939724349,0.7153432213492692,99.11648764228789,97.84631766951944,53.41076824164698,1.608833810965977,52.88486349826252
150,0.6428945574145764,18.75722937715798,98.28596924587474,17.59257632757723,0.6518403369961073,99.02460399707552,97.32729183041488,43.78678720187708,1.470540339611462,42.58840358619301
210,0.376051547434181,17.63496100689843,97.84662860309815,17.17076290634274,0.7177326698141405,98.76150334021041,96.63480137613206,45.65253316166228,1.469435040988315,41.49095735000765
190,0.3101070103834383,13.38556929210574,97.75526351588755,21.85296646942012,0.7783023365229601,95.32819618452746,93.18832938512708,34.67055279194574,1.18078662654454,52.75608079341526
150,0.4167095800598152,23.06678045685589,99.07631339591674,17.06488185080513,0.6000849482774734,98.56551072161761,97.6550743028358,50.01959755969256,1.787483097290995,41.21250372971417
160,0.3952116415932774,17.62603955081478,97.07720717881261,16.04132665201463,0.7912131184345577,98.86683385855008,95.97716113599711,51.03130233520077,1.568453024452533,38.45561029457861
250,0.4014590175694785,12.21898276964948,97.71896111764779,20.74241890071519,0.742064404570288,95.48464863521865,93.30660667317191,31.09170303047305,1.06888788048524,50.24966151498177
240,0.5463731671754271,9.366454648640007,99.18032625338456,20.17415883126296,0.774509515850083,93.23759002342909,92.47334597603013,26.13794501952104,1.00442973877101,48.93084198034228
120,0.5455811677859165,20.68827935463935,99.81135247068789,20.0128697917033,0.7740186189990258,98.35563219285866,98.17008672278754,55.18229799784025,1.641662839749356,48.55180588581908
210,0.3166271722075529,17.55338233552128,97.42626453460971,16.53538003022969,0.6428253749665338,97.96885031621875,95.44739127059511,41.04655452952623,1.457013424146903,39.80137554474032
180,0.6584861377622,17.0469381845966,97.09974295625868,14.59689773654193,0.7312760382918874,99.71569818298084,96.82368662271311,47.0188219117552,1.484239193694048,34.34448362113869
170,0.4710483816698193,10.85199444147572,97.23914761559344,17.99694794917479,0.6084098272369243,91.48965160556864,88.96375737773103,24.06036687647188,1.034191640349989,43.62320662257849
230,0.5108947465901262,17.32417448445782,99.00599871972932,21.50480860375054,0.6584790885239141,98.10121694640854,97.12608959400012,38.12635280014276,1.246050837669482,51.9800453144037
190,0.3730203605314716,17.69321843324602,99.01712062902665,14.09160118883289,0.7491576720472193,99.22413282850515,98.24887929590656,51.38204324252249,1.609301951322759,32.83802751751335
230,0.6180048845034092,16.9689085727185,99.19746864885711,14.25453564266674,0.6156150096270488,99.78783122871822,98.98700259848219,40.53191432138781,1.386137530349432,33.32793744419814
250,0.6072983349488117,20.01952042923867,98.44509029395697,14.6178588188123,0.7266946299176663,99.95802354285875,98.40376653282203,55.15186190464639,1.721757564141345,34.40616730295892
210,0.5229609675773419,21.08062675170601,99.52130419515871,21.28488154385984,0.8822237525828183,99.59077603358406,99.11403916670241,62.16469680141915,1.49361581780809,51.48532198774097
240,0.559499298828654,18.01456712757424,99.86117813223061,18.65944932523742,0.6336252371518872,99.32037282538531,99.18249442875357,40.7374781707124,1.340381481585923,45.28379575016373
140,0.3035838212528266,13.12808392148092,97.76446832660909,16.51091469825432,0.7020301638044882,94.96400038881076,92.84105008179984,34.26999698705827,1.292286247588671,39.73540812169904
130,0.4300190496891737,23.38914563666657,98.90403713592669,21.69298008730076,0.7274141885461053,97.73329766906268,96.66217702077553,55.77447335125675,1.760392770161581,52.40054999676437
180,0.6706508984037675,12.19559491000697,97.43812065533868,21.024678278476,0.6343406067799776,93.3421059370598,90.95079380518639,26.29774023739368,1.028124466798116,50.89538320877062
190,0.6592576716092415,19.66323928217962,97.87692353688504,14.7782241602391,0.6234879971171496,99.82423393769673,97.70488912248067,46.10419206265756,1.592835848342457,34.87601417202512
230,0.4388395559239201,12.10574708122387,99.47288876863811,17.75848219326884,0.8569215552467387,98.22019585436117,97.70246617054717,38.51710777130432,1.105333500492244,43.01496778334939
120,0.5806594126735813,19.23174578858539,97.80414250179292,16.03569439042173,0.7050006939099636,98.86339995911544,96.69250057813073,49.76609370703922,1.639352703286104,38.44010036356326
210,0.4156410624819807,19.38985264791176,97.73158002837275,21.94310049617104,0.6379018484103027,97.59328797971648,95.3794623442169,40.18847921782752,1.378762229540469,52.95558619268053
140,0.614621377377212,22.56937311883643,98.64069484867616,14.17362337304838,0.680559599751723,99.69929103075982,98.34407343194536,58.53563670584825,1.938427097502556,33.08515334661189
250,0.5232022083248943,14.97943984042853,99.31018530153015,19.86745241802745,0.8160505018946947,98.81636461186956,98.13471480428332,42.77825647675578,1.182393375897793,48.20823537152035
120,0.3734816627996974,8.995454181611539,99.02144230931441,16.9298230845537,0.766378063434083,92.92869630716952,92.01933540260184,26.58741077507141,1.083873496313472,40.85554152809334
100,0.4193845620416105,22.28781553707644,98.29174623689158,20.44316326747276,0.7139758334880228,96.71907612419979,95.06686886666445,53.3435432684301,1.814675396995833,49.55833463791282
100,0.5333931576507166,19.27277126340568,97.58058993457074,21.92331564045884,0.6673424883458298,95.58963116163443,93.27692600380314,41.75514741621002,1.503192883840163,52.91184260230364
140,0.3583847843921743,20.70623683338612,98.55730314751719,18.81126252837665,0.6409312344679143,96.99988669483704,95.60047238257874,46.28360815376627,1.658512426862856,45.65847417256924
260,0.4475898269317112,21.76647944942489,98.86003184074751,15.50780246750265,0.7435068245587405,99.88300899255329,98.74437449353486,60.31808554864475,1.841371162121407,36.96894283324428
190,0.3799030155972578,13.62454577564075,99.89685744332995,20.39706850610301,0.6321619444290641,94.15041482995778,94.0533056849867,30.17404552492063,1.13538285331045,49.45122253630637
180,0.6794229844852351,22.6641419570297,97.48310617778816,21.60373337651789,0.693629036423983,99.34226131173206,96.84192207393154,50.95930543507239,1.583885729303929,52.20142877321086
230,0.5540758264739066,10.87413886082545,99.08573686510346,14.03970424627699,0.6260579695655498,95.75661973782491,94.88115226433892,27.32187509371475,1.020319506614675,32.68113578817849
220,0.3643515743059106,15.78012398986519,97.8137916449608,19.34241890903562,0.6683333529700293,97.16982776507311,95.04549287189586,36.62938707309025,1.264350178226804,46.95293145570452
130,0.649520630367007,16.06706258608401,97.38774687448158,17.44340605070256,0.6161484856095397,97.6297818102056,95.07944478343168,35.53230231857902,1.284234482008237,42.2024430913018
150,0.3465583792123012,14.40421138111875,97.82398866889112,17.42911323786899,0.655946871874854,95.37583691712823,93.30044789867159,34.30456373108512,1.28956680383766,42.1653402142619
140,0.5958726311510429,19.77619514913484,97.64851821449115,15.90826123045385,0.6457218758896691,99.18346860989936,96.85118741130167,46.8507500501134,1.610713621735713,38.08814325065794
200,0.4714204668412916,16.161755285725,97.04893506858502,21.04592983991466,0.7468852394517045,97.80636149330586,94.92003225858396,40.09118434462005,1.253373492983555,50.94375519825758
170,0.3337271912674419,20.51927005029842,99.08222189962513,19.58779848219827,0.7204903901292476,97.88320162206622,96.98485103363312,51.03947463965691,1.643859456327305,47.54253845262679
180,0.6269067345280199,21.46003965139389,97.25258759277533,15.48106751758233,0.8240724297394277,99.90355307202144,97.15879045966244,64.91576257722261,1.847422553182918,36.89349738313746
200,0.5841936421229503,8.109703975509852,98.59652311757412,14.64094220395572,0.846426714369608,95.90135212027488,94.55539881333296,27.87091250750813,1.005964277476157,34.47402360138216
110,0.4135957739023491,17.91808108985052,99.69671889629518,19.87809167365916,0.7294079006767832,96.36307782263928,96.07082681665486,45.43427319992717,1.529503975057859,48.23343168404278
220,0.5527928277406842,22.02532342443988,97.29990774268177,15.64958381971717,0.6383338409262244,99.86154868541158,97.16519474131871,51.40518139968673,1.760345250703063,37.36751162092418
130,0.3365932564202696,16.71293552228808,97.71120253260052,21.749524562506,0.8032304677384207,96.42708375412774,94.22006310327608,44.13564294330764,1.419671238084077,52.52641380870398
260,0.4074151280944235,16.87088571314886,99.45488778239044,21.44267425778694,0.7044825036195572,97.94028410667191,97.40639965204493,40.01448862339152,1.255260704603962,51.84063282292436
170,0.4982932361679151,13.15676557692513,99.06588866413166,16.16965790865943,0.8825679175077472,98.98179295169139,98.05719280328391,44.03996540919619,1.21096025168911,38.80796425985915
190,0.457202149183955,20.05157005773485,98.07549940406889,21.08189544633031,0.6514844647566089,98.17897716763981,96.28952216696952,43.31721396764842,1.452080968979294,51.02554131631922
220,0.6240367334469221,10.7583270213753,99.43550644565711,16.37460189893097,0.7412011018982156,96.54652686775925,96.00152794664884,30.71023417095066,1.030470930541367,39.36658831092603
250,0.6624106505993753,11.1704701227732,99.57030946028664,14.57600180738047,0.7397324879592284,98.14505510632512,97.72333508933679,32.90467146357697,1.046033621004169,34.28292884583402
230,0.5536576885572635,23.75927058077976,98.70817449510082,17.14354598497599,0.7500098586869426,99.90874963674219,98.6181029273089,63.97646421471326,1.913590107332991,41.41949625222509
190,0.6083504182587378,10.92471490103751,97.61355515251473,17.63512663555145,0.7393095131616108,95.85274365229029,93.56527079022695,29.74405271571448,1.038861870773754,42.69807475445566
180,0.4646100472940132,17.22415890117735,98.41052139173094,21.11732793106139,0.7578595642543864,97.9638722086882,96.40675741609905,43.73838458612286,1.329534493682992,51.10602018453943
170,0.6807578637605533,14.85669372953847,99.64151585723177,20.93613004909456,0.8626564064765583,98.48734742883966,98.13428590567422,44.02937235690391,1.174898706647185,50.69346586542599
170,0.5673539268873632,21.05638823519647,99.36453353142497,16.21875030667893,0.6824844412621809,99.59493125481151,98.96203886228683,53.16797634882161,1.716764764394463,38.94223173072425
150,0.4184912301531061,19.41201598884911,99.82847767375529,16.62366858499684,0.7776554172873265,98.95837484749306,98.78863914094066,55.87993842652217,1.677432172175473,40.038861360064
190,0.519109602813702,19.01151272631064,97.34127517286974,19.29993315410055,0.8349156236107461,99.41040210737209,96.76735306579337,54.35486279915124,1.480755680783469,46.8503142366381
240,0.4240054190079681,14.67366663201153,98.45886154618923,20.19827442830428,0.6412762870997423,96.62352340812014,95.13442113345076,32.46696000019599,1.141208753125822,48.98733262526969
110,0.5129754420168697,20.7250192716904,99.266591189786,17.84241752260365,0.8459680120806908,98.93247053638443,98.20689108130821,62.79636802431268,1.767703501373169,43.22970782488295
170,0.4601164019119925,12.60496284453943,98.83287880532363,19.33119818407484,0.7188196663305396,95.60587866546244,94.49004219220127,32.28195063829301,1.123765627069303,46.92584502272314
230,0.6383238905799575,10.18717780814692,98.59499228448551,17.30934244228899,0.8535190689327428,97.34318796884706,95.97550866735698,32.75076164337806,1.018350437250774,41.85357993856252
100,0.5081908033274114,12.5603928364031,98.06405079929496,21.83757327681035,0.8684497161749052,96.31544682136442,94.45082869847073,36.59454772123063,1.200109171029726,52.72195193375029
260,0.6680086321073584,11.02621491343156,99.7680667847019,19.10575349503755,0.8993973914786708,98.17614323384953,97.94844014819161,36.20873075158902,1.016857702816458,46.37928149184552
110,0.3446524411945603,17.54788688211516,97.51576364185274,18.05681596649997,0.8774635976662394,98.30165570876694,95.85961023698901,54.39392767445863,1.606802906066499,43.77501684669909
220,0.6045894737835042,15.33072725655138,99.52324000910025,19.49420217799396,0.6264582872485974,98.09034756618307,97.62269203405299,33.8931615881258,1.148916780741932,47.3182548962144
240,0.4929051319031976,13.67068047972024,97.75928899520063,21.65416245183162,0.6182699086302426,94.77254141801833,92.64896265293676,28.20928286056876,1.056210839242872,52.31401280220803
190,0.3664538381219841,10.9458021649234,99.74933152868657,14.41787210651487,0.7952523337845225,97.19035609407523,96.94673051419012,34.89105308001663,1.134130073425771,33.81506380388322
200,0.563125065012928,13.34498295383155,99.5652849710374,16.08295256144553,0.6388449806044344,97.83109254125085,97.40580607897571,32.5202497849516,1.122851302463513,38.57011889806745
200,0.4038106688602827,10.2493186484091,98.20843683038373,14.96527311486006,0.8312719412943581,97.28935306673054,95.54635284922905,33.45547377801534,1.08098345042758,35.41947793228024
150,0.6486773826849647,8.87732217533514,97.10958130256394,16.09561706200801,0.7398420847593806,93.31557537696204,90.61836453864628,25.28615064577136,1.016016196435858,38.60491599298297
150,0.5687964353586548,16.58286920073256,98.2479534687652,18.53365015091374,0.8615721348047023,99.10932256289793,97.37288111480437,50.52289293416057,1.367488606868933,44.97169663477587
210,0.3289410148001276,20.19918708936125,97.72913871290076,16.39339038839005,0.6756856376748998,98.86824255145865,96.6230819061222,49.589231054986,1.673533825972304,39.4175527956578
120,0.6367313448297791,10.62035868288204,97.33194834101016,17.42363798349537,0.7207028826307039,94.27408237467544,91.75880115588048,28.29286494921793,1.075213604410648,42.15112125864488
150,0.5288034298819489,16.40195928582921,98.67901557224118,15.58427029326186,0.8912492864987115,99.5333141840278,98.21849460322454,55.08308895824704,1.462746364736414,37.18422507795651
220,0.4806983001067303,22.13806557853147,97.15234597261642,15.86120670746081,0.7211997922587209,99.81198555797293,96.96968553141977,58.03313769016754,1.843199710018509,37.95767858790413
220,0.4352262653642334,17.02506663355231,98.3698111049904,19.80583182304166,0.6466902681300184,97.96642620510923,96.36938840427575,37.92613893564987,1.288070580214385,48.06211722262265
130,0.3059685420784168,19.91587398948521,99.60211566374146,21.36650473230518,0.7558048741025152,96.38866301280783,96.0051476207508,50.40062304295689,1.6466118813894,51.669345438535
180,0.3417195714024827,18.41220531263203,99.06011419588353,19.71382272711955,0.784479774380615,98.15521064318374,97.23266375234783,49.99002870366133,1.499845605382422,47.84334753181196
190,0.3516613814065233,8.203207494650036,99.0793124365229,18.64630519282445,0.6345371319725643,86.14431878374828,85.35119875406424,19.59626558550181,1.009405102429739,45.25125527183809
200,0.6551052290950902,21.94649151431769,97.10340663346562,16.00325626559742,0.8402346739865374,99.94862085665378,97.05351573497735,66.83151227037929,1.853369650861525,38.35069817016068
200,0.4626218926549889,23.72577072019875,97.7274684655962,16.11391383657046,0.7793529368119547,99.80595253740351,97.53783079277893,67.07906061094103,1.997566682829897,38.65515415271568
160,0.6561302138851024,16.11805202226341,98.27791846823158,19.71107388961874,0.6704957367012044,97.96105354738194,96.27408433591668,37.38168322377782,1.243454999906689,47.8368006591171
180,0.3335538545696996,12.80319225745276,98.15032626376438,18.69187794384733,0.7372061726481188,95.62018944100959,93.8515279103805,33.79509375776238,1.187383639748155,45.36400943811788
240,0.6511721876910888,22.89404499370232,99.05464366333968,17.94251058718003,0.7955760768352076,99.94930198864462,99.00442492884721,64.683484107726,1.806984092851067,43.48485857299573
140,0.5626379162468016,20.1542734169364,97.24331646702399,17.97718005153164,0.7404179071049904,99.07517560857012,96.3439865573016,52.28538352331387,1.633654579997281,43.57300222472821
240,0.5583116482997312,16.13581875248626,99.60767031865528,16.13266435700282,0.6487859716779319,99.44001029260417,99.04987761709404,39.42987770541495,1.29845686833726,38.70659629232136
190,0.550607151608169,17.08269237120077,97.15566375844359,15.09264862177335,0.6396548846784978,99.36776788220854,96.54141444790923,40.83629224773935,1.408043273782527,35.78680351813358
190,0.3282529079677537,12.2311949874796,99.70127169555848,20.84200163278729,0.808709481504187,95.77765177464308,95.49153681946278,34.53083863537048,1.135222594605439,50.47817072363955
230,0.4114434260186739,8.896491418484599,98.43529507483416,20.97755797708593,0.8746497435657308,95.44992795826246,93.95641823443229,27.50030362184625,1.008307069626781,50.78800823046396
220,0.4080680785310454,22.97575581339002,98.93748646043791,18.43599869095348,0.7709227079089964,99.56429596491594,98.50641183971901,62.19900391428809,1.811549825623868,44.72840333946368
240,0.6941878284960054,10.09094523928687,97.32399305709151,19.52569445361011,0.6025762339637848,88.947095846452,86.56686538608547,21.63762170236789,1.00064202901112,47.3938033440059
240,0.4937259721178561,15.35871755666658,99.45729882318487,20.61781979041733,0.7226346816770732,97.97860257818778,97.44687154896893,38.23561565032263,1.185085455343726,49.96266873790273
230,0.6916312202752567,8.665286867387593,99.83340237971656,21.22420644167997,0.872319708015374,95.12127170202847,94.96280192698954,27.02495329518282,1.005917048489752,51.34820865719047
150,0.5826719454140402,11.51760258284956,98.37666281608865,20.51990772333927,0.857861970589729,96.84908716753438,95.27689992326508,34.42592695930278,1.073479542701488,49.73629544861922
140,0.4163868348616175,21.63158606597781,98.45770822903549,19.51734331249073,0.8241608645228902,98.81334933233727,97.28935917697021,61.10267696413024,1.734912782559334,47.37377767115345
250,0.3800008726082742,21.32939187692851,97.65135959618478,20.79989954548329,0.6082434305309783,98.60587515955551,96.28997773502259,42.96679198037501,1.492865914118592,50.38165348163176
240,0.5476911052789539,23.52425031184778,98.13243272697288,19.06674492238462,0.6142009889467852,99.74516223998209,97.88235423356039,49.63697156314269,1.686123620273228,46.28425207000998
190,0.3943059904133901,22.19154864499345,98.39612778146164,21.59081365024671,0.6821802459014347,98.1883079253103,96.61349293264333,49.59106681405091,1.608540472239551,52.17255581266284
170,0.5292557164757512,14.48460363139212,99.35241628407047,14.29594681378268,0.8073984887945931,99.24092349770808,98.59825543759885,45.84392383279288,1.341773112616146,33.45181506711049
130,0.5143721209397539,16.61849785524234,97.13736560491026,14.60748171232082,0.8545299395625015,99.32404236838369,96.4807581689528,53.64900653153401,1.542609685880513,34.37563772557252
150,0.319929720866587,8.38289623337984,98.80903171780979,15.95083589419164,0.6808380431955681,89.62966265377895,88.56220180013837,22.55558214175537,1.046025601921903,38.20595150244179
120,0.3145523291533813,9.403287087719887,97.45523460599291,15.92658866928704,0.8088096328539541,94.61655679430292,92.20878740000043,29.31604105785237,1.14030237300245,38.13888441445869
100,0.4736993469560519,21.42391673497483,98.9605675001513,15.26752370497771,0.8890228991448647,99.3038855424776,98.27168868253653,71.44513931088454,1.977239680351607,36.28753625414788
190,0.4235923929355107,13.9122729751505,98.25113432880673,20.97381443965807,0.7376850422801218,96.16119032357153,94.47946027699177,34.88654857237713,1.162275578517095,50.77947047831901
250,0.6129507984659635,21.30096936311945,98.16198929136358,16.60951424261183,0.8492230009322288,99.96453197373347,98.12717317121798,65.57502751093826,1.759857002009211,40.00084794930444
230,0.4891931371368468,23.56562114775554,97.28271024181541,18.31284579322301,0.8816840575012844,99.89454807019,97.18012374649395,71.84452901969738,1.833358299535911,44.42028088582185
130,0.6264143138793297,19.25571481424943,98.50634239323878,18.57066229680367,0.7328947673199931,98.76008898884916,97.28495140722306,49.6034496395737,1.54702150841855,45.06367519587036
180,0.3669326878064312,23.57602809117734,98.7503641525459,19.27980064234324,0.6179217709095217,98.33320178498207,97.10439484552757,50.13968480065362,1.753542004498115,46.80163229254993
240,0.3104738280876539,11.54739367095754,99.67322936667107,20.38695517344028,0.8218482931370381,96.0919436435596,95.77794339073745,33.58817784049919,1.087069235180371,49.42769922637945
110,0.5062445261746644,9.688015379972756,98.4999065067466,21.67548912739009,0.7041601314115338,89.70977246027839,88.36404200078931,23.57278118843189,1.053023126301723,52.36157026108617
200,0.6048160508827306,8.530250384666026,98.83168408171807,21.35207807894051,0.7252718339928192,89.49142440776518,88.44588185091202,21.8734193072788,1.001568625608401,51.63685546597225
150,0.3723536401909776,10.3824817278944,99.5419145098751,18.25204504817724,0.8655509428154911,96.64202142743217,96.19931834990972,33.47991336942056,1.101049697557574,44.26762350199778
180,0.3242222794475034,9.843346986282617,97.90263412512846,14.44372534599528,0.6434300324287265,92.16091417149269,90.22796260769016,25.13761801772124,1.065332677453463,33.89180606592333
120,0.4042043633980676,17.86803518932313,99.27370524814427,16.23053294488788,0.6933224631221965,97.4845303253021,96.77650529767824,46.15164169653401,1.584268157225286,38.97441437229054
120,0.3121351457836106,9.651525206618011,98.36830543178171,21.5551974577792,0.8641958193654428,94.80056641314383,93.25371072034039,28.86739060499359,1.109100374741656,52.0928986340773
250,0.531858328936994,10.35376303615794,97.03269364608038,14.79882605383545,0.8788491005039542,98.51752266606918,95.59420595627469,35.38599021565827,1.04491819624776,34.93611120996877
170,0.3202158683853224,15.44360972400755,97.14308379818937,18.46347023628838,0.8516528097149916,98.15734999635286,95.35307676103908,46.24559042725458,1.374347162236803,44.79693848205716
170,0.6283500269526616,13.77906442239881,99.5855641437351,18.02629066840559,0.8271527411776129,98.61551351434032,98.20681546649715,41.74908784964769,1.184090826108295,43.69765667337998
200,0.4846779735952615,17.57921015689895,97.5965178813545,18.97671338804998,0.8099984124943614,99.15837861726031,96.77512471805565,49.41152777778664,1.401870700181922,46.06440352755345
110,0.3014536895693279,21.4459774014391,99.62521463867485,15.39698143011332,0.8257213531990768,98.38309120873605,98.01436578486654,66.70041566273629,2.046597457144475,36.65560376350584
160,0.5401909320464358,8.637525931660086,98.41839538182074,16.60798374702968,0.678241054987628,90.42749584003563,88.99729038972578,22.69283040842863,1.009521329128346,39.99673622388974
260,0.5701599990841932,11.74124332844466,99.7946880806405,15.72078221562505,0.7128205021860776,97.82739825097579,97.62654694196722,32.53379405672163,1.057797324743992,37.56669555822464
120,0.4972288287077099,16.51841591120884,99.68319679836694,17.39089763106406,0.75931464218935,97.94752515544073,97.63722425982796,46.05397960898166,1.451222115814596,42.06603046185506
230,0.377793622121308,8.914467819873243,97.16687066865147,18.11665637574158,0.8700587521368871,96.15593384036008,93.43171187489675,28.69238581527595,1.018667217298566,43.92640381294058
220,0.4214860945131629,11.28868394422531,97.93546686044,17.8103084521871,0.8669228787282017,97.83005927029254,95.81032527620617,35.93536245209268,1.079098614555531,43.1476441521155
200,0.5946190827656537,12.53840118991584,99.33205457770715,14.33138504253514,0.741415632022312,98.73311592969992,98.07363260156039,36.77342377005009,1.152924399867293,33.55762217500393
190,0.6491891186522319,15.5293515298143,98.27001274692458,20.71154040076583,0.6966846523619257,97.9192825393115,96.22529143307847,36.73002715172384,1.180431230002127,50.17865039692902
190,0.3991367401324212,22.30861356834322,97.22640710890677,14.92627895381115,0.7589859780862229,99.62911324687707,96.86580724440248,62.70669297115494,1.952299449619352,35.30658220949044
140,0.4874191790731623,18.87502070274576,97.25612451530462,19.1125947411526,0.8367735512432177,98.89644421961923,96.18284893144165,54.26415852434044,1.534869537519349,46.39593354891593
130,0.6435625735472887,18.8216662110649,97.9956068384918,14.87031728304177,0.8589923872216372,99.66480695026125,97.66713237531987,60.89612519479405,1.688097265521875,35.14419507273084
250,0.548291181763634,18.07582313570008,98.79123013344042,14.4937734684106,0.7318641997807659,99.88245781815488,98.67510876606993,50.70768044254692,1.568147985424643,34.04009022889022
220,0.4087381734717637,8.689790530875324,99.19915564749002,19.01028041349351,0.8780042010046543,95.9685444039104,95.19998573586564,28.37297226722177,1.011693588847836,46.14645633718169
120,0.5092263576973229,23.58737670238316,99.14240071250731,21.6635084423516,0.694653250861913,97.71670706316876,96.87868927963369,53.85897523466911,1.74734340978288,52.33485791515767
200,0.3697021255242638,11.04552026763186,98.42320255692474,20.28779852112569,0.6615649533475516,91.77845766370149,90.33129728996632,25.68365662624099,1.05164767597132,49.19663140530361
150,0.5670617370978929,14.95867902290449,98.11147323123819,15.83316054904275,0.8764480863037984,99.3314206440282,97.45552017537433,49.14981068669373,1.342160399853861,37.87978651954404
120,0.6402145546899176,11.02086957484111,99.16296913131907,16.63318264103308,0.6871017637799028,94.41407778071304,93.62380280530806,28.87708261414748,1.087187034194323,40.06439979761888
160,0.4790770621167496,15.22457162345946,99.21742320169187,17.74141879054531,0.8221282076517585,98.61173319749699,97.84002065308385,45.64517527288923,1.318587342015222,42.97122546588935
200,0.5405861461969093,21.68413585799932,99.36233719494834,17.26651411685906,0.6721193229862489,99.66420097742422,99.02867943783923,52.74638812526068,1.701597918179408,41.74172984814044
