ISO-10303-21;
HEADER;
FILE_DESCRIPTION(('Open CASCADE Model'),'2;1');
FILE_NAME('Open CASCADE Shape Model','2026-07-16T16:39:19',('Author'),(
    'Open CASCADE'),'Open CASCADE STEP processor 7.9','Open CASCADE 7.9'
  ,'Unknown');
FILE_SCHEMA(('AUTOMOTIVE_DESIGN { 1 0 10303 214 1 1 1 1 }'));
ENDSEC;
DATA;
#1 = APPLICATION_PROTOCOL_DEFINITION('international standard',
  'automotive_design',2000,#2);
#2 = APPLICATION_CONTEXT(
  'core data for automotive mechanical design processes');
#3 = SHAPE_DEFINITION_REPRESENTATION(#4,#10);
#4 = PRODUCT_DEFINITION_SHAPE('','',#5);
#5 = PRODUCT_DEFINITION('design','',#6,#9);
#6 = PRODUCT_DEFINITION_FORMATION('','',#7);
#7 = PRODUCT('Open CASCADE STEP translator 7.9 2',
  'Open CASCADE STEP translator 7.9 2','',(#8));
#8 = PRODUCT_CONTEXT('',#2,'mechanical');
#9 = PRODUCT_DEFINITION_CONTEXT('part definition',#2,'design');
#10 = ADVANCED_BREP_SHAPE_REPRESENTATION('',(#11,#15),#2199);
#11 = AXIS2_PLACEMENT_3D('',#12,#13,#14);
#12 = CARTESIAN_POINT('',(0.,0.,0.));
#13 = DIRECTION('',(0.,0.,1.));
#14 = DIRECTION('',(1.,0.,-0.));
#15 = MANIFOLD_SOLID_BREP('',#16);
#16 = CLOSED_SHELL('',(#17,#1382,#1438,#1911,#1968,#2039,#2119,#2174,
    #2178,#2182,#2186,#2191,#2195));
#17 = ADVANCED_FACE('',(#18,#1103),#91,.T.);
#18 = FACE_BOUND('',#19,.T.);
#19 = EDGE_LOOP('',(#20,#232,#255,#284,#456,#491,#513,#514,#712,#735,
    #763,#1040,#1081,#1102));
#20 = ORIENTED_EDGE('',*,*,#21,.F.);
#21 = EDGE_CURVE('',#22,#24,#26,.T.);
#22 = VERTEX_POINT('',#23);
#23 = CARTESIAN_POINT('',(829.5,-9.239960099567E-14,1.425E+03));
#24 = VERTEX_POINT('',#25);
#25 = CARTESIAN_POINT('',(829.5,-2.031689039785E-13,1.275E+03));
#26 = SURFACE_CURVE('',#27,(#90,#161),.PCURVE_S1.);
#27 = B_SPLINE_CURVE_WITH_KNOTS('',7,(#28,#29,#30,#31,#32,#33,#34,#35,
    #36,#37,#38,#39,#40,#41,#42,#43,#44,#45,#46,#47,#48,#49,#50,#51,#52,
    #53,#54,#55,#56,#57,#58,#59,#60,#61,#62,#63,#64,#65,#66,#67,#68,#69,
    #70,#71,#72,#73,#74,#75,#76,#77,#78,#79,#80,#81,#82,#83,#84,#85,#86,
    #87,#88,#89),.UNSPECIFIED.,.F.,.F.,(8,6,6,6,6,6,6,6,6,6,8),(0.,
    9.502056181713E-02,0.155762860001,0.239173859429,0.306611247248,
    0.500052406598,0.642581100013,0.760887126787,0.844277776349,
    0.905005255173,1.),.UNSPECIFIED.);
#28 = CARTESIAN_POINT('',(829.5,-5.684341886081E-14,1.425E+03));
#29 = CARTESIAN_POINT('',(829.5,-3.902547455402,1.425E+03));
#30 = CARTESIAN_POINT('',(829.47858014366,-7.797649072721,
    1.424763090877E+03));
#31 = CARTESIAN_POINT('',(829.43588482396,-11.65623382432,
    1.424290899282E+03));
#32 = CARTESIAN_POINT('',(829.37302085777,-15.44958528357,
    1.423590924324E+03));
#33 = CARTESIAN_POINT('',(829.29200687983,-19.15023059012,
    1.422676389561E+03));
#34 = CARTESIAN_POINT('',(829.19559196882,-22.73270985993,
    1.421566126923E+03));
#35 = CARTESIAN_POINT('',(829.01748951325,-28.37422989167,
    1.419465202307E+03));
#36 = CARTESIAN_POINT('',(828.94294681989,-30.51946829133,
    1.418574824702E+03));
#37 = CARTESIAN_POINT('',(828.86399452894,-32.60772194606,
    1.417617904938E+03));
#38 = CARTESIAN_POINT('',(828.78132060406,-34.63704800013,
    1.416599022413E+03));
#39 = CARTESIAN_POINT('',(828.6956098925,-36.60577993627,
    1.415522791441E+03));
#40 = CARTESIAN_POINT('',(828.6075321486,-38.51252747723,
    1.414393861979E+03));
#41 = CARTESIAN_POINT('',(828.39441430521,-42.88786546048,
    1.411600750406E+03));
#42 = CARTESIAN_POINT('',(828.26781961531,-45.30113888236,
    1.409893683751E+03));
#43 = CARTESIAN_POINT('',(828.13943851894,-47.59651651476,
    1.408105544136E+03));
#44 = CARTESIAN_POINT('',(828.01062370248,-49.77499055615,
    1.406245252043E+03));
#45 = CARTESIAN_POINT('',(827.88258008894,-51.83792547137,
    1.404320907899E+03));
#46 = CARTESIAN_POINT('',(827.75636669732,-53.78695951148,
    1.402339873948E+03));
#47 = CARTESIAN_POINT('',(827.53309274859,-57.1090717907,
    1.398666785614E+03));
#48 = CARTESIAN_POINT('',(827.43505531953,-58.52130671042,
    1.396991670112E+03));
#49 = CARTESIAN_POINT('',(827.33926622084,-59.86180950325,
    1.395286696773E+03));
#50 = CARTESIAN_POINT('',(827.24613997405,-61.13178120107,
    1.393554728924E+03));
#51 = CARTESIAN_POINT('',(827.15604087258,-62.33240491526,
    1.391798334918E+03));
#52 = CARTESIAN_POINT('',(827.06928846066,-63.46482370483,
    1.390019818335E+03));
#53 = CARTESIAN_POINT('',(826.74772134564,-67.58586921064,
    1.383062129427E+03));
#54 = CARTESIAN_POINT('',(826.53904047325,-70.09037337028,
    1.37773623295E+03));
#55 = CARTESIAN_POINT('',(826.36684765907,-72.06751891432,
    1.372293776463E+03));
#56 = CARTESIAN_POINT('',(826.23528220011,-73.53684108485,
    1.366771754828E+03));
#57 = CARTESIAN_POINT('',(826.146748508,-74.51201244757,
    1.361199337323E+03));
#58 = CARTESIAN_POINT('',(826.10244522093,-75.,1.35560094818E+03));
#59 = CARTESIAN_POINT('',(826.10244522093,-75.,1.345873185269E+03));
#60 = CARTESIAN_POINT('',(826.12649679519,-74.73507979504,
    1.341746917905E+03));
#61 = CARTESIAN_POINT('',(826.17458828309,-74.20536415621,
    1.337631035829E+03));
#62 = CARTESIAN_POINT('',(826.24636002949,-73.40887967928,
    1.333535623039E+03));
#63 = CARTESIAN_POINT('',(826.34108982527,-72.34169571181,
    1.329471696548E+03));
#64 = CARTESIAN_POINT('',(826.45761573887,-70.99807470153,
    1.325451990279E+03));
#65 = CARTESIAN_POINT('',(826.70756514663,-68.01977215517,
    1.318204707393E+03));
#66 = CARTESIAN_POINT('',(826.83474993566,-66.4733824952,
    1.314958654943E+03));
#67 = CARTESIAN_POINT('',(826.97477943666,-64.72693913349,
    1.31176169431E+03));
#68 = CARTESIAN_POINT('',(827.12641712757,-62.77501847745,
    1.308623493347E+03));
#69 = CARTESIAN_POINT('',(827.28808131436,-60.61152335586,
    1.305555727384E+03));
#70 = CARTESIAN_POINT('',(827.45775824833,-58.22998029699,
    1.302572545153E+03));
#71 = CARTESIAN_POINT('',(827.75636669732,-53.78695951152,
    1.297660126052E+03));
#72 = CARTESIAN_POINT('',(827.88258008894,-51.83792547138,
    1.295679092101E+03));
#73 = CARTESIAN_POINT('',(828.01062370248,-49.77499055611,
    1.293754747957E+03));
#74 = CARTESIAN_POINT('',(828.13943851894,-47.59651651472,
    1.291894455863E+03));
#75 = CARTESIAN_POINT('',(828.26781961531,-45.30113888237,
    1.290106316249E+03));
#76 = CARTESIAN_POINT('',(828.3944143052,-42.88786546054,
    1.288399249594E+03));
#77 = CARTESIAN_POINT('',(828.6075321486,-38.51252747718,
    1.285606138021E+03));
#78 = CARTESIAN_POINT('',(828.6956098925,-36.60577993626,
    1.284477208559E+03));
#79 = CARTESIAN_POINT('',(828.78132060406,-34.63704800017,
    1.283400977587E+03));
#80 = CARTESIAN_POINT('',(828.86399452894,-32.60772194611,
    1.282382095062E+03));
#81 = CARTESIAN_POINT('',(828.94294681989,-30.51946829133,
    1.281425175298E+03));
#82 = CARTESIAN_POINT('',(829.01748951325,-28.37422989161,
    1.280534797693E+03));
#83 = CARTESIAN_POINT('',(829.19558895548,-22.73280530954,
    1.278433908623E+03));
#84 = CARTESIAN_POINT('',(829.29200521989,-19.15031199862,
    1.277323628334E+03));
#85 = CARTESIAN_POINT('',(829.37302185086,-15.44958407924,
    1.276409064138E+03));
#86 = CARTESIAN_POINT('',(829.43588725164,-11.65612909187,
    1.275709073914E+03));
#87 = CARTESIAN_POINT('',(829.47858187914,-7.79747286822,
    1.275236889729E+03));
#88 = CARTESIAN_POINT('',(829.5,-3.902387706676,1.275E+03));
#89 = CARTESIAN_POINT('',(829.5,-7.105427357601E-14,1.275E+03));
#90 = PCURVE('',#91,#96);
#91 = CYLINDRICAL_SURFACE('',#92,829.5);
#92 = AXIS2_PLACEMENT_3D('',#93,#94,#95);
#93 = CARTESIAN_POINT('',(0.,0.,0.));
#94 = DIRECTION('',(0.,0.,1.));
#95 = DIRECTION('',(1.,0.,-0.));
#96 = DEFINITIONAL_REPRESENTATION('',(#97),#160);
#97 = B_SPLINE_CURVE_WITH_KNOTS('',7,(#98,#99,#100,#101,#102,#103,#104,
    #105,#106,#107,#108,#109,#110,#111,#112,#113,#114,#115,#116,#117,
    #118,#119,#120,#121,#122,#123,#124,#125,#126,#127,#128,#129,#130,
    #131,#132,#133,#134,#135,#136,#137,#138,#139,#140,#141,#142,#143,
    #144,#145,#146,#147,#148,#149,#150,#151,#152,#153,#154,#155,#156,
    #157,#158,#159),.UNSPECIFIED.,.F.,.F.,(8,6,6,6,6,6,6,6,6,6,8),(0.,
    9.502056181713E-02,0.155762860001,0.239173859429,0.306611247248,
    0.500052406598,0.642581100013,0.760887126787,0.844277776349,
    0.905005255173,1.),.UNSPECIFIED.);
#98 = CARTESIAN_POINT('',(6.28318530718,1.425E+03));
#99 = CARTESIAN_POINT('',(6.27848060862,1.425E+03));
#100 = CARTESIAN_POINT('',(6.27378488625,1.424763090877E+03));
#101 = CARTESIAN_POINT('',(6.269133017036,1.424290899282E+03));
#102 = CARTESIAN_POINT('',(6.264559451251,1.423590924324E+03));
#103 = CARTESIAN_POINT('',(6.260097178227,1.422676389561E+03));
#104 = CARTESIAN_POINT('',(6.255776819297,1.421566126923E+03));
#105 = CARTESIAN_POINT('',(6.2489723218,1.419465202307E+03));
#106 = CARTESIAN_POINT('',(6.246384591517,1.418574824702E+03));
#107 = CARTESIAN_POINT('',(6.243865326376,1.417617904938E+03));
#108 = CARTESIAN_POINT('',(6.241416870039,1.416599022413E+03));
#109 = CARTESIAN_POINT('',(6.239041239619,1.415522791441E+03));
#110 = CARTESIAN_POINT('',(6.236740124803,1.414393861979E+03));
#111 = CARTESIAN_POINT('',(6.231459202229,1.411600750406E+03));
#112 = CARTESIAN_POINT('',(6.228545911482,1.409893683751E+03));
#113 = CARTESIAN_POINT('',(6.225774429775,1.408105544136E+03));
#114 = CARTESIAN_POINT('',(6.223143614721,1.406245252043E+03));
#115 = CARTESIAN_POINT('',(6.220651881636,1.404320907899E+03));
#116 = CARTESIAN_POINT('',(6.218297317999,1.402339873948E+03));
#117 = CARTESIAN_POINT('',(6.214283325508,1.398666785614E+03));
#118 = CARTESIAN_POINT('',(6.212576718758,1.396991670112E+03));
#119 = CARTESIAN_POINT('',(6.210956566083,1.395286696773E+03));
#120 = CARTESIAN_POINT('',(6.209421450974,1.393554728924E+03));
#121 = CARTESIAN_POINT('',(6.207969977477,1.391798334918E+03));
#122 = CARTESIAN_POINT('',(6.206600796352,1.390019818335E+03));
#123 = CARTESIAN_POINT('',(6.201617586608,1.383062129427E+03));
#124 = CARTESIAN_POINT('',(6.198587871965,1.37773623295E+03));
#125 = CARTESIAN_POINT('',(6.196195325286,1.372293776463E+03));
#126 = CARTESIAN_POINT('',(6.194416905656,1.366771754828E+03));
#127 = CARTESIAN_POINT('',(6.19323645698,1.361199337323E+03));
#128 = CARTESIAN_POINT('',(6.192645746321,1.35560094818E+03));
#129 = CARTESIAN_POINT('',(6.192645746321,1.345873185269E+03));
#130 = CARTESIAN_POINT('',(6.192966433225,1.341746917905E+03));
#131 = CARTESIAN_POINT('',(6.193607655799,1.337631035829E+03));
#132 = CARTESIAN_POINT('',(6.194571744474,1.333535623039E+03));
#133 = CARTESIAN_POINT('',(6.195863339369,1.329471696548E+03));
#134 = CARTESIAN_POINT('',(6.197489209447,1.325451990279E+03));
#135 = CARTESIAN_POINT('',(6.201092310654,1.318204707393E+03));
#136 = CARTESIAN_POINT('',(6.202962845852,1.314958654943E+03));
#137 = CARTESIAN_POINT('',(6.20507501207,1.31176169431E+03));
#138 = CARTESIAN_POINT('',(6.2074352168,1.308623493347E+03));
#139 = CARTESIAN_POINT('',(6.210050657864,1.305555727384E+03));
#140 = CARTESIAN_POINT('',(6.212928970824,1.302572545153E+03));
#141 = CARTESIAN_POINT('',(6.218297317999,1.297660126052E+03));
#142 = CARTESIAN_POINT('',(6.220651881636,1.295679092101E+03));
#143 = CARTESIAN_POINT('',(6.223143614721,1.293754747957E+03));
#144 = CARTESIAN_POINT('',(6.225774429775,1.291894455863E+03));
#145 = CARTESIAN_POINT('',(6.228545911482,1.290106316249E+03));
#146 = CARTESIAN_POINT('',(6.231459202229,1.288399249594E+03));
#147 = CARTESIAN_POINT('',(6.236740124803,1.285606138021E+03));
#148 = CARTESIAN_POINT('',(6.239041239619,1.284477208559E+03));
#149 = CARTESIAN_POINT('',(6.241416870039,1.283400977587E+03));
#150 = CARTESIAN_POINT('',(6.243865326376,1.282382095062E+03));
#151 = CARTESIAN_POINT('',(6.246384591517,1.281425175298E+03));
#152 = CARTESIAN_POINT('',(6.248972321801,1.280534797693E+03));
#153 = CARTESIAN_POINT('',(6.255776704171,1.278433908623E+03));
#154 = CARTESIAN_POINT('',(6.260097080074,1.277323628334E+03));
#155 = CARTESIAN_POINT('',(6.264559452725,1.276409064138E+03));
#156 = CARTESIAN_POINT('',(6.269133143316,1.275709073914E+03));
#157 = CARTESIAN_POINT('',(6.273785098676,1.275236889729E+03));
#158 = CARTESIAN_POINT('',(6.278480801204,1.275E+03));
#159 = CARTESIAN_POINT('',(6.28318530718,1.275E+03));
#160 = ( GEOMETRIC_REPRESENTATION_CONTEXT(2) 
PARAMETRIC_REPRESENTATION_CONTEXT() REPRESENTATION_CONTEXT('2D SPACE',''
  ) );
#161 = PCURVE('',#162,#167);
#162 = CYLINDRICAL_SURFACE('',#163,75.);
#163 = AXIS2_PLACEMENT_3D('',#164,#165,#166);
#164 = CARTESIAN_POINT('',(709.5,0.,1.35E+03));
#165 = DIRECTION('',(1.,0.,0.));
#166 = DIRECTION('',(-0.,0.,1.));
#167 = DEFINITIONAL_REPRESENTATION('',(#168),#231);
#168 = B_SPLINE_CURVE_WITH_KNOTS('',7,(#169,#170,#171,#172,#173,#174,
    #175,#176,#177,#178,#179,#180,#181,#182,#183,#184,#185,#186,#187,
    #188,#189,#190,#191,#192,#193,#194,#195,#196,#197,#198,#199,#200,
    #201,#202,#203,#204,#205,#206,#207,#208,#209,#210,#211,#212,#213,
    #214,#215,#216,#217,#218,#219,#220,#221,#222,#223,#224,#225,#226,
    #227,#228,#229,#230),.UNSPECIFIED.,.F.,.F.,(8,6,6,6,6,6,6,6,6,6,8),(
    0.,9.502056181713E-02,0.155762860001,0.239173859429,0.306611247248,
    0.500052406598,0.642581100013,0.760887126787,0.844277776349,
    0.905005255173,1.),.UNSPECIFIED.);
#169 = CARTESIAN_POINT('',(-8.881784197001E-16,120.));
#170 = CARTESIAN_POINT('',(5.203396607202E-02,120.));
#171 = CARTESIAN_POINT('',(0.103968650041,119.97858014366));
#172 = CARTESIAN_POINT('',(0.155646573741,119.93588482396));
#173 = CARTESIAN_POINT('',(0.20691094118,119.87302085777));
#174 = CARTESIAN_POINT('',(0.257597850634,119.79200687983));
#175 = CARTESIAN_POINT('',(0.307527271142,119.69559196882));
#176 = CARTESIAN_POINT('',(0.387794195297,119.51748951325));
#177 = CARTESIAN_POINT('',(0.418742102317,119.44294681989));
#178 = CARTESIAN_POINT('',(0.449337688436,119.36399452894));
#179 = CARTESIAN_POINT('',(0.479580405382,119.28132060406));
#180 = CARTESIAN_POINT('',(0.509467996383,119.1956098925));
#181 = CARTESIAN_POINT('',(0.538996519926,119.1075321486));
#182 = CARTESIAN_POINT('',(0.608208021508,118.89441430521));
#183 = CARTESIAN_POINT('',(0.647576983817,118.76781961531));
#184 = CARTESIAN_POINT('',(0.686307512858,118.63943851894));
#185 = CARTESIAN_POINT('',(0.724435709724,118.51062370248));
#186 = CARTESIAN_POINT('',(0.76199493287,118.38258008894));
#187 = CARTESIAN_POINT('',(0.799016539699,118.25636669732));
#188 = CARTESIAN_POINT('',(0.865050884846,118.03309274859));
#189 = CARTESIAN_POINT('',(0.894246341625,117.93505531953));
#190 = CARTESIAN_POINT('',(0.923137489391,117.83926622084));
#191 = CARTESIAN_POINT('',(0.951744654543,117.74613997405));
#192 = CARTESIAN_POINT('',(0.98008752747,117.65604087258));
#193 = CARTESIAN_POINT('',(1.008185358145,117.56928846066));
#194 = CARTESIAN_POINT('',(1.116006156798,117.24772134564));
#195 = CARTESIAN_POINT('',(1.194122797528,117.03904047325));
#196 = CARTESIAN_POINT('',(1.270827822934,116.86684765907));
#197 = CARTESIAN_POINT('',(1.346492619504,116.73528220011));
#198 = CARTESIAN_POINT('',(1.421471841334,116.646748508));
#199 = CARTESIAN_POINT('',(1.496117017727,116.60244522093));
#200 = CARTESIAN_POINT('',(1.625820523209,116.60244522093));
#201 = CARTESIAN_POINT('',(1.680837452613,116.62649679519));
#202 = CARTESIAN_POINT('',(1.735987876574,116.67458828309));
#203 = CARTESIAN_POINT('',(1.791409521105,116.74636002949));
#204 = CARTESIAN_POINT('',(1.847240489243,116.84108982527));
#205 = CARTESIAN_POINT('',(1.903623407851,116.95761573887));
#206 = CARTESIAN_POINT('',(2.008095324577,117.20756514663));
#207 = CARTESIAN_POINT('',(2.055964754217,117.33474993566));
#208 = CARTESIAN_POINT('',(2.104416351552,117.47477943666));
#209 = CARTESIAN_POINT('',(2.153548365238,117.62641712757));
#210 = CARTESIAN_POINT('',(2.203461393101,117.78808131436));
#211 = CARTESIAN_POINT('',(2.254261227641,117.95775824833));
#212 = CARTESIAN_POINT('',(2.34257611389,118.25636669732));
#213 = CARTESIAN_POINT('',(2.379597720719,118.38258008894));
#214 = CARTESIAN_POINT('',(2.417156943866,118.51062370248));
#215 = CARTESIAN_POINT('',(2.455285140733,118.63943851894));
#216 = CARTESIAN_POINT('',(2.494015669773,118.76781961531));
#217 = CARTESIAN_POINT('',(2.533384632081,118.8944143052));
#218 = CARTESIAN_POINT('',(2.602596133664,119.1075321486));
#219 = CARTESIAN_POINT('',(2.632124657207,119.1956098925));
#220 = CARTESIAN_POINT('',(2.662012248207,119.28132060406));
#221 = CARTESIAN_POINT('',(2.692254965153,119.36399452894));
#222 = CARTESIAN_POINT('',(2.722850551273,119.44294681989));
#223 = CARTESIAN_POINT('',(2.753798458294,119.51748951325));
#224 = CARTESIAN_POINT('',(2.834064024401,119.69558895548));
#225 = CARTESIAN_POINT('',(2.883993702464,119.79200521989));
#226 = CARTESIAN_POINT('',(2.934681765115,119.87302185086));
#227 = CARTESIAN_POINT('',(2.985947504756,119.93588725164));
#228 = CARTESIAN_POINT('',(3.037626352737,119.97858187914));
#229 = CARTESIAN_POINT('',(3.089560817501,120.));
#230 = CARTESIAN_POINT('',(3.14159265359,120.));
#231 = ( GEOMETRIC_REPRESENTATION_CONTEXT(2) 
PARAMETRIC_REPRESENTATION_CONTEXT() REPRESENTATION_CONTEXT('2D SPACE',''
  ) );
#232 = ORIENTED_EDGE('',*,*,#233,.T.);
#233 = EDGE_CURVE('',#22,#234,#236,.T.);
#234 = VERTEX_POINT('',#235);
#235 = CARTESIAN_POINT('',(829.5,-2.031689039785E-13,1.53E+03));
#236 = SEAM_CURVE('',#237,(#241,#248),.PCURVE_S1.);
#237 = LINE('',#238,#239);
#238 = CARTESIAN_POINT('',(829.5,-2.031689039785E-13,0.));
#239 = VECTOR('',#240,1.);
#240 = DIRECTION('',(0.,0.,1.));
#241 = PCURVE('',#91,#242);
#242 = DEFINITIONAL_REPRESENTATION('',(#243),#247);
#243 = LINE('',#244,#245);
#244 = CARTESIAN_POINT('',(0.,-0.));
#245 = VECTOR('',#246,1.);
#246 = DIRECTION('',(0.,1.));
#247 = ( GEOMETRIC_REPRESENTATION_CONTEXT(2) 
PARAMETRIC_REPRESENTATION_CONTEXT() REPRESENTATION_CONTEXT('2D SPACE',''
  ) );
#248 = PCURVE('',#91,#249);
#249 = DEFINITIONAL_REPRESENTATION('',(#250),#254);
#250 = LINE('',#251,#252);
#251 = CARTESIAN_POINT('',(6.28318530718,-0.));
#252 = VECTOR('',#253,1.);
#253 = DIRECTION('',(0.,1.));
#254 = ( GEOMETRIC_REPRESENTATION_CONTEXT(2) 
PARAMETRIC_REPRESENTATION_CONTEXT() REPRESENTATION_CONTEXT('2D SPACE',''
  ) );
#255 = ORIENTED_EDGE('',*,*,#256,.F.);
#256 = EDGE_CURVE('',#257,#234,#259,.T.);
#257 = VERTEX_POINT('',#258);
#258 = CARTESIAN_POINT('',(68.738635424337,-826.6469923734,1.53E+03));
#259 = SURFACE_CURVE('',#260,(#265,#272),.PCURVE_S1.);
#260 = CIRCLE('',#261,829.5);
#261 = AXIS2_PLACEMENT_3D('',#262,#263,#264);
#262 = CARTESIAN_POINT('',(0.,0.,1.53E+03));
#263 = DIRECTION('',(0.,0.,1.));
#264 = DIRECTION('',(1.,0.,-0.));
#265 = PCURVE('',#91,#266);
#266 = DEFINITIONAL_REPRESENTATION('',(#267),#271);
#267 = LINE('',#268,#269);
#268 = CARTESIAN_POINT('',(0.,1.53E+03));
#269 = VECTOR('',#270,1.);
#270 = DIRECTION('',(1.,0.));
#271 = ( GEOMETRIC_REPRESENTATION_CONTEXT(2) 
PARAMETRIC_REPRESENTATION_CONTEXT() REPRESENTATION_CONTEXT('2D SPACE',''
  ) );
#272 = PCURVE('',#273,#278);
#273 = PLANE('',#274);
#274 = AXIS2_PLACEMENT_3D('',#275,#276,#277);
#275 = CARTESIAN_POINT('',(0.,0.,1.53E+03));
#276 = DIRECTION('',(0.,0.,1.));
#277 = DIRECTION('',(1.,0.,-0.));
#278 = DEFINITIONAL_REPRESENTATION('',(#279),#283);
#279 = CIRCLE('',#280,829.5);
#280 = AXIS2_PLACEMENT_2D('',#281,#282);
#281 = CARTESIAN_POINT('',(0.,0.));
#282 = DIRECTION('',(1.,0.));
#283 = ( GEOMETRIC_REPRESENTATION_CONTEXT(2) 
PARAMETRIC_REPRESENTATION_CONTEXT() REPRESENTATION_CONTEXT('2D SPACE',''
  ) );
#284 = ORIENTED_EDGE('',*,*,#285,.F.);
#285 = EDGE_CURVE('',#286,#257,#288,.T.);
#286 = VERTEX_POINT('',#287);
#287 = CARTESIAN_POINT('',(-75.,-826.1024452209,1.5E+03));
#288 = SURFACE_CURVE('',#289,(#341,#396),.PCURVE_S1.);
#289 = B_SPLINE_CURVE_WITH_KNOTS('',8,(#290,#291,#292,#293,#294,#295,
    #296,#297,#298,#299,#300,#301,#302,#303,#304,#305,#306,#307,#308,
    #309,#310,#311,#312,#313,#314,#315,#316,#317,#318,#319,#320,#321,
    #322,#323,#324,#325,#326,#327,#328,#329,#330,#331,#332,#333,#334,
    #335,#336,#337,#338,#339,#340),.UNSPECIFIED.,.F.,.F.,(9,7,7,7,7,7,7,
    9),(0.,0.226240086718,0.353777666257,0.435785144324,0.568428380321,
    0.747931351024,0.869772213699,1.),.UNSPECIFIED.);
#290 = CARTESIAN_POINT('',(-75.,-826.1024452209,1.5E+03));
#291 = CARTESIAN_POINT('',(-75.,-826.1024452209,1.493387499626E+03));
#292 = CARTESIAN_POINT('',(-74.33371230355,-826.1629362557,
    1.486783700329E+03));
#293 = CARTESIAN_POINT('',(-73.00420097219,-826.2836381,
    1.480220867401E+03));
#294 = CARTESIAN_POINT('',(-70.99961014346,-826.46260082,
    1.473733796221E+03));
#295 = CARTESIAN_POINT('',(-68.29592098032,-826.6959858553,
    1.467366358642E+03));
#296 = CARTESIAN_POINT('',(-64.85944828402,-826.9771683225,
    1.4611775325E+03));
#297 = CARTESIAN_POINT('',(-60.64948712126,-827.2951469946,
    1.455247669153E+03));
#298 = CARTESIAN_POINT('',(-52.79085470147,-827.8233133371,
    1.4465587843E+03));
#299 = CARTESIAN_POINT('',(-49.68997477271,-828.0205853424,
    1.443535519816E+03));
#300 = CARTESIAN_POINT('',(-46.31686975892,-828.2213466757,
    1.440649653705E+03));
#301 = CARTESIAN_POINT('',(-42.66938757797,-828.4214906848,
    1.437931564539E+03));
#302 = CARTESIAN_POINT('',(-38.74785541864,-828.6162085446,
    1.435413843926E+03));
#303 = CARTESIAN_POINT('',(-34.55549552766,-828.8000579821,
    1.433131550391E+03));
#304 = CARTESIAN_POINT('',(-30.09904749287,-828.9671265127,
    1.431122596329E+03));
#305 = CARTESIAN_POINT('',(-22.36142920958,-829.204073209,
    1.42833882964E+03));
#306 = CARTESIAN_POINT('',(-19.22968488324,-829.2873234196,
    1.427379841948E+03));
#307 = CARTESIAN_POINT('',(-16.00908792591,-829.3591356445,
    1.426566327367E+03));
#308 = CARTESIAN_POINT('',(-12.71564820713,-829.4177796118,
    1.425910442501E+03));
#309 = CARTESIAN_POINT('',(-9.366432073204,-829.461868571,
    1.42542146332E+03));
#310 = CARTESIAN_POINT('',(-5.979279460258,-829.4904416969,
    1.425105746991E+03));
#311 = CARTESIAN_POINT('',(-2.572491314789,-829.5030119242,
    1.424966685924E+03));
#312 = CARTESIAN_POINT('',(6.347798735884,-829.4940269704,
    1.42506606563E+03));
#313 = CARTESIAN_POINT('',(11.804424144649,-829.4466665051,
    1.425589957737E+03));
#314 = CARTESIAN_POINT('',(17.146143071206,-829.3590383482,
    1.426560817779E+03));
#315 = CARTESIAN_POINT('',(22.316509626426,-829.2351577396,
    1.427951429421E+03));
#316 = CARTESIAN_POINT('',(27.263730366791,-829.081246968,
    1.429723355332E+03));
#317 = CARTESIAN_POINT('',(31.942563201389,-828.9049776801,
    1.431827387124E+03));
#318 = CARTESIAN_POINT('',(36.315963286209,-828.7145243455,
    1.434203903751E+03));
#319 = CARTESIAN_POINT('',(45.823701961938,-828.2514129768,
    1.440273417701E+03));
#320 = CARTESIAN_POINT('',(50.743112732351,-827.9704604836,
    1.444174520947E+03));
#321 = CARTESIAN_POINT('',(55.126030031143,-827.6887568042,
    1.448394912203E+03));
#322 = CARTESIAN_POINT('',(58.99117174599,-827.417342701,
    1.452863263047E+03));
#323 = CARTESIAN_POINT('',(62.359754774978,-827.1643977825,
    1.45752347432E+03));
#324 = CARTESIAN_POINT('',(65.252811446769,-826.9358694532,
    1.462331773788E+03));
#325 = CARTESIAN_POINT('',(67.689261929121,-826.7360042541,
    1.467254610354E+03));
#326 = CARTESIAN_POINT('',(71.037818269171,-826.4537037627,
    1.47566825139E+03));
#327 = CARTESIAN_POINT('',(72.18831264943,-826.3541586477,
    1.479111427221E+03));
#328 = CARTESIAN_POINT('',(73.139619337053,-826.2701944879,
    1.48258710438E+03));
#329 = CARTESIAN_POINT('',(73.895195361085,-826.2025352344,
    1.486087608072E+03));
#330 = CARTESIAN_POINT('',(74.457680573472,-826.1516896958,
    1.489606123173E+03));
#331 = CARTESIAN_POINT('',(74.828848349087,-826.117983538,
    1.493136420745E+03));
#332 = CARTESIAN_POINT('',(75.009558030982,-826.101577472,
    1.496672605216E+03));
#333 = CARTESIAN_POINT('',(74.989182260437,-826.1034273356,
    1.50398857908E+03));
#334 = CARTESIAN_POINT('',(74.760962369162,-826.124146743,
    1.507767442873E+03));
#335 = CARTESIAN_POINT('',(74.315113085511,-826.1646125702,
    1.51153846808E+03));
#336 = CARTESIAN_POINT('',(73.650425379166,-826.2246000585,
    1.515294480595E+03));
#337 = CARTESIAN_POINT('',(72.76448819558,-826.3036690886,
    1.519027815049E+03));
#338 = CARTESIAN_POINT('',(71.653763127473,-826.4011357302,
    1.522729958187E+03));
#339 = CARTESIAN_POINT('',(70.313663113264,-826.5160232237,
    1.526391158283E+03));
#340 = CARTESIAN_POINT('',(68.738635162476,-826.6469923951,
    1.5300000006E+03));
#341 = PCURVE('',#91,#342);
#342 = DEFINITIONAL_REPRESENTATION('',(#343),#395);
#343 = B_SPLINE_CURVE_WITH_KNOTS('',8,(#344,#345,#346,#347,#348,#349,
    #350,#351,#352,#353,#354,#355,#356,#357,#358,#359,#360,#361,#362,
    #363,#364,#365,#366,#367,#368,#369,#370,#371,#372,#373,#374,#375,
    #376,#377,#378,#379,#380,#381,#382,#383,#384,#385,#386,#387,#388,
    #389,#390,#391,#392,#393,#394),.UNSPECIFIED.,.F.,.F.,(9,7,7,7,7,7,7,
    9),(0.,0.226240086718,0.353777666257,0.435785144324,0.568428380321,
    0.747931351024,0.869772213699,1.),.UNSPECIFIED.);
#344 = CARTESIAN_POINT('',(4.621849419526,1.5E+03));
#345 = CARTESIAN_POINT('',(4.621849419526,1.493387499626E+03));
#346 = CARTESIAN_POINT('',(4.622655963198,1.486783700329E+03));
#347 = CARTESIAN_POINT('',(4.62426534145,1.480220867401E+03));
#348 = CARTESIAN_POINT('',(4.626691575271,1.473733796221E+03));
#349 = CARTESIAN_POINT('',(4.629963085234,1.467366358642E+03));
#350 = CARTESIAN_POINT('',(4.634119656774,1.4611775325E+03));
#351 = CARTESIAN_POINT('',(4.639209238253,1.455247669153E+03));
#352 = CARTESIAN_POINT('',(4.648704549932,1.4465587843E+03));
#353 = CARTESIAN_POINT('',(4.6524503351,1.443535519816E+03));
#354 = CARTESIAN_POINT('',(4.656523904333,1.440649653705E+03));
#355 = CARTESIAN_POINT('',(4.660927624321,1.437931564539E+03));
#356 = CARTESIAN_POINT('',(4.665660891704,1.435413843926E+03));
#357 = CARTESIAN_POINT('',(4.670719667672,1.433131550391E+03));
#358 = CARTESIAN_POINT('',(4.676095766107,1.431122596329E+03));
#359 = CARTESIAN_POINT('',(4.685428189743,1.42833882964E+03));
#360 = CARTESIAN_POINT('',(4.689204953079,1.427379841948E+03));
#361 = CARTESIAN_POINT('',(4.693088433992,1.426566327367E+03));
#362 = CARTESIAN_POINT('',(4.697059373159,1.425910442501E+03));
#363 = CARTESIAN_POINT('',(4.701097266932,1.42542146332E+03));
#364 = CARTESIAN_POINT('',(4.705180702229,1.425105746991E+03));
#365 = CARTESIAN_POINT('',(4.709287723118,1.424966685924E+03));
#366 = CARTESIAN_POINT('',(4.720041544186,1.42506606563E+03));
#367 = CARTESIAN_POINT('',(4.726619808826,1.425589957737E+03));
#368 = CARTESIAN_POINT('',(4.733060043522,1.426560817779E+03));
#369 = CARTESIAN_POINT('',(4.739294608182,1.427951429421E+03));
#370 = CARTESIAN_POINT('',(4.745261323098,1.429723355332E+03));
#371 = CARTESIAN_POINT('',(4.750905705578,1.431827387124E+03));
#372 = CARTESIAN_POINT('',(4.756182965194,1.434203903751E+03));
#373 = CARTESIAN_POINT('',(4.767658565933,1.440273417701E+03));
#374 = CARTESIAN_POINT('',(4.773598594867,1.444174520947E+03));
#375 = CARTESIAN_POINT('',(4.778893104576,1.448394912203E+03));
#376 = CARTESIAN_POINT('',(4.783564055577,1.452863263047E+03));
#377 = CARTESIAN_POINT('',(4.787636401195,1.45752347432E+03));
#378 = CARTESIAN_POINT('',(4.7911349498,1.462331773788E+03));
#379 = CARTESIAN_POINT('',(4.794082060206,1.467254610354E+03));
#380 = CARTESIAN_POINT('',(4.798133217484,1.47566825139E+03));
#381 = CARTESIAN_POINT('',(4.799525369476,1.479111427221E+03));
#382 = CARTESIAN_POINT('',(4.80067666912,1.48258710438E+03));
#383 = CARTESIAN_POINT('',(4.801591194427,1.486087608072E+03));
#384 = CARTESIAN_POINT('',(4.802272060714,1.489606123173E+03));
#385 = CARTESIAN_POINT('',(4.802721361549,1.493136420745E+03));
#386 = CARTESIAN_POINT('',(4.802940111274,1.496672605216E+03));
#387 = CARTESIAN_POINT('',(4.802915446331,1.50398857908E+03));
#388 = CARTESIAN_POINT('',(4.802639185311,1.507767442873E+03));
#389 = CARTESIAN_POINT('',(4.802099484511,1.51153846808E+03));
#390 = CARTESIAN_POINT('',(4.80129491663,1.515294480595E+03));
#391 = CARTESIAN_POINT('',(4.800222634916,1.519027815049E+03));
#392 = CARTESIAN_POINT('',(4.798878463393,1.522729958187E+03));
#393 = CARTESIAN_POINT('',(4.797256991045,1.526391158283E+03));
#394 = CARTESIAN_POINT('',(4.795351669952,1.5300000006E+03));
#395 = ( GEOMETRIC_REPRESENTATION_CONTEXT(2) 
PARAMETRIC_REPRESENTATION_CONTEXT() REPRESENTATION_CONTEXT('2D SPACE',''
  ) );
#396 = PCURVE('',#397,#402);
#397 = CYLINDRICAL_SURFACE('',#398,75.);
#398 = AXIS2_PLACEMENT_3D('',#399,#400,#401);
#399 = CARTESIAN_POINT('',(-1.303330355993E-13,-709.5,1.5E+03));
#400 = DIRECTION('',(-1.836970198721E-16,-1.,0.));
#401 = DIRECTION('',(-1.,1.836970198721E-16,0.));
#402 = DEFINITIONAL_REPRESENTATION('',(#403),#455);
#403 = B_SPLINE_CURVE_WITH_KNOTS('',8,(#404,#405,#406,#407,#408,#409,
    #410,#411,#412,#413,#414,#415,#416,#417,#418,#419,#420,#421,#422,
    #423,#424,#425,#426,#427,#428,#429,#430,#431,#432,#433,#434,#435,
    #436,#437,#438,#439,#440,#441,#442,#443,#444,#445,#446,#447,#448,
    #449,#450,#451,#452,#453,#454),.UNSPECIFIED.,.F.,.F.,(9,7,7,7,7,7,7,
    9),(0.,0.226240086718,0.353777666257,0.435785144324,0.568428380321,
    0.747931351024,0.869772213699,1.),.UNSPECIFIED.);
#404 = CARTESIAN_POINT('',(0.,116.60244522093));
#405 = CARTESIAN_POINT('',(8.816667164761E-02,116.60244522093));
#406 = CARTESIAN_POINT('',(0.176217364785,116.66293625577));
#407 = CARTESIAN_POINT('',(0.26476594067,116.78363810006));
#408 = CARTESIAN_POINT('',(0.35438233276,116.96260082007));
#409 = CARTESIAN_POINT('',(0.445626902102,117.19598585536));
#410 = CARTESIAN_POINT('',(0.539080153213,117.4771683225));
#411 = CARTESIAN_POINT('',(0.635371839778,117.79514699464));
#412 = CARTESIAN_POINT('',(0.791579578102,118.32331333717));
#413 = CARTESIAN_POINT('',(0.849209344812,118.52058534244));
#414 = CARTESIAN_POINT('',(0.908187324023,118.72134667576));
#415 = CARTESIAN_POINT('',(0.968557751229,118.92149068482));
#416 = CARTESIAN_POINT('',(1.030380534771,119.11620854464));
#417 = CARTESIAN_POINT('',(1.093732633672,119.30005798217));
#418 = CARTESIAN_POINT('',(1.158711446864,119.4671265127));
#419 = CARTESIAN_POINT('',(1.268353363971,119.70407320909));
#420 = CARTESIAN_POINT('',(1.311973078933,119.78732341965));
#421 = CARTESIAN_POINT('',(1.356171316972,119.85913564459));
#422 = CARTESIAN_POINT('',(1.400829471634,119.91777961182));
#423 = CARTESIAN_POINT('',(1.445838144447,119.96186857104));
#424 = CARTESIAN_POINT('',(1.491093488665,119.9904416969));
#425 = CARTESIAN_POINT('',(1.536493853138,120.00301192427));
#426 = CARTESIAN_POINT('',(1.655438434755,119.99402697042));
#427 = CARTESIAN_POINT('',(1.728266721461,119.94666650519));
#428 = CARTESIAN_POINT('',(1.80023460623,119.85903834822));
#429 = CARTESIAN_POINT('',(1.87114367573,119.73515773966));
#430 = CARTESIAN_POINT('',(1.940769207121,119.58124696804));
#431 = CARTESIAN_POINT('',(2.008845471118,119.40497768014));
#432 = CARTESIAN_POINT('',(2.075046386776,119.21452434556));
#433 = CARTESIAN_POINT('',(2.225445024073,118.75141297682));
#434 = CARTESIAN_POINT('',(2.308720344263,118.47046048368));
#435 = CARTESIAN_POINT('',(2.389242702185,118.1887568042));
#436 = CARTESIAN_POINT('',(2.46738935707,117.917342701));
#437 = CARTESIAN_POINT('',(2.543501937726,117.6643977825));
#438 = CARTESIAN_POINT('',(2.617899166585,117.43586945325));
#439 = CARTESIAN_POINT('',(2.690897232694,117.23600425413));
#440 = CARTESIAN_POINT('',(2.811637309846,116.95370376273));
#441 = CARTESIAN_POINT('',(2.859964674856,116.85415864777));
#442 = CARTESIAN_POINT('',(2.907889806219,116.77019448791));
#443 = CARTESIAN_POINT('',(2.955497155338,116.70253523449));
#444 = CARTESIAN_POINT('',(3.002868608879,116.65168969589));
#445 = CARTESIAN_POINT('',(3.05008495765,116.61798353803));
#446 = CARTESIAN_POINT('',(3.097227210529,116.60157747204));
#447 = CARTESIAN_POINT('',(3.194773907049,116.6034273356));
#448 = CARTESIAN_POINT('',(3.245167069796,116.62414674304));
#449 = CARTESIAN_POINT('',(3.295658723321,116.66461257025));
#450 = CARTESIAN_POINT('',(3.346348448247,116.72460005854));
#451 = CARTESIAN_POINT('',(3.397335516033,116.80366908867));
#452 = CARTESIAN_POINT('',(3.448720738883,116.90113573023));
#453 = CARTESIAN_POINT('',(3.500608577743,117.01602322372));
#454 = CARTESIAN_POINT('',(3.553109508386,117.14699239518));
#455 = ( GEOMETRIC_REPRESENTATION_CONTEXT(2) 
PARAMETRIC_REPRESENTATION_CONTEXT() REPRESENTATION_CONTEXT('2D SPACE',''
  ) );
#456 = ORIENTED_EDGE('',*,*,#457,.F.);
#457 = EDGE_CURVE('',#458,#286,#460,.T.);
#458 = VERTEX_POINT('',#459);
#459 = CARTESIAN_POINT('',(-68.73863542433,-826.6469923734,1.53E+03));
#460 = SURFACE_CURVE('',#461,(#469,#480),.PCURVE_S1.);
#461 = B_SPLINE_CURVE_WITH_KNOTS('',6,(#462,#463,#464,#465,#466,#467,
    #468),.UNSPECIFIED.,.F.,.F.,(7,7),(0.,1.),.PIECEWISE_BEZIER_KNOTS.);
#462 = CARTESIAN_POINT('',(-68.73863516247,-826.6469923951,
    1.5300000006E+03));
#463 = CARTESIAN_POINT('',(-70.85318165706,-826.4711603394,
    1.525154966029E+03));
#464 = CARTESIAN_POINT('',(-72.52311208103,-826.3257639324,
    1.520210849417E+03));
#465 = CARTESIAN_POINT('',(-73.76430850454,-826.2146303822,
    1.515200264338E+03));
#466 = CARTESIAN_POINT('',(-74.58800376594,-826.1398495695,
    1.510147859914E+03));
#467 = CARTESIAN_POINT('',(-75.,-826.1024452209,1.505074425798E+03));
#468 = CARTESIAN_POINT('',(-75.,-826.1024452209,1.5E+03));
#469 = PCURVE('',#91,#470);
#470 = DEFINITIONAL_REPRESENTATION('',(#471),#479);
#471 = B_SPLINE_CURVE_WITH_KNOTS('',6,(#472,#473,#474,#475,#476,#477,
    #478),.UNSPECIFIED.,.F.,.F.,(7,7),(0.,1.),.PIECEWISE_BEZIER_KNOTS.);
#472 = CARTESIAN_POINT('',(4.629426290817,1.5300000006E+03));
#473 = CARTESIAN_POINT('',(4.626868310792,1.525154966029E+03));
#474 = CARTESIAN_POINT('',(4.624847532583,1.520210849417E+03));
#475 = CARTESIAN_POINT('',(4.623345228263,1.515200264338E+03));
#476 = CARTESIAN_POINT('',(4.622348142538,1.510147859914E+03));
#477 = CARTESIAN_POINT('',(4.621849419526,1.505074425798E+03));
#478 = CARTESIAN_POINT('',(4.621849419526,1.5E+03));
#479 = ( GEOMETRIC_REPRESENTATION_CONTEXT(2) 
PARAMETRIC_REPRESENTATION_CONTEXT() REPRESENTATION_CONTEXT('2D SPACE',''
  ) );
#480 = PCURVE('',#397,#481);
#481 = DEFINITIONAL_REPRESENTATION('',(#482),#490);
#482 = B_SPLINE_CURVE_WITH_KNOTS('',6,(#483,#484,#485,#486,#487,#488,
    #489),.UNSPECIFIED.,.F.,.F.,(7,7),(0.,1.),.PIECEWISE_BEZIER_KNOTS.);
#483 = CARTESIAN_POINT('',(5.871668452383,117.14699239518));
#484 = CARTESIAN_POINT('',(5.942153334127,116.97116033946));
#485 = CARTESIAN_POINT('',(6.011477800218,116.82576393243));
#486 = CARTESIAN_POINT('',(6.079957856093,116.71463038228));
#487 = CARTESIAN_POINT('',(6.147880444079,116.63984956956));
#488 = CARTESIAN_POINT('',(6.215526296546,116.60244522093));
#489 = CARTESIAN_POINT('',(6.28318530718,116.60244522093));
#490 = ( GEOMETRIC_REPRESENTATION_CONTEXT(2) 
PARAMETRIC_REPRESENTATION_CONTEXT() REPRESENTATION_CONTEXT('2D SPACE',''
  ) );
#491 = ORIENTED_EDGE('',*,*,#492,.F.);
#492 = EDGE_CURVE('',#234,#458,#493,.T.);
#493 = SURFACE_CURVE('',#494,(#499,#506),.PCURVE_S1.);
#494 = CIRCLE('',#495,829.5);
#495 = AXIS2_PLACEMENT_3D('',#496,#497,#498);
#496 = CARTESIAN_POINT('',(0.,0.,1.53E+03));
#497 = DIRECTION('',(0.,0.,1.));
#498 = DIRECTION('',(1.,0.,-0.));
#499 = PCURVE('',#91,#500);
#500 = DEFINITIONAL_REPRESENTATION('',(#501),#505);
#501 = LINE('',#502,#503);
#502 = CARTESIAN_POINT('',(0.,1.53E+03));
#503 = VECTOR('',#504,1.);
#504 = DIRECTION('',(1.,0.));
#505 = ( GEOMETRIC_REPRESENTATION_CONTEXT(2) 
PARAMETRIC_REPRESENTATION_CONTEXT() REPRESENTATION_CONTEXT('2D SPACE',''
  ) );
#506 = PCURVE('',#273,#507);
#507 = DEFINITIONAL_REPRESENTATION('',(#508),#512);
#508 = CIRCLE('',#509,829.5);
#509 = AXIS2_PLACEMENT_2D('',#510,#511);
#510 = CARTESIAN_POINT('',(0.,0.));
#511 = DIRECTION('',(1.,0.));
#512 = ( GEOMETRIC_REPRESENTATION_CONTEXT(2) 
PARAMETRIC_REPRESENTATION_CONTEXT() REPRESENTATION_CONTEXT('2D SPACE',''
  ) );
#513 = ORIENTED_EDGE('',*,*,#233,.F.);
#514 = ORIENTED_EDGE('',*,*,#515,.F.);
#515 = EDGE_CURVE('',#24,#22,#516,.T.);
#516 = SURFACE_CURVE('',#517,(#580,#646),.PCURVE_S1.);
#517 = B_SPLINE_CURVE_WITH_KNOTS('',7,(#518,#519,#520,#521,#522,#523,
    #524,#525,#526,#527,#528,#529,#530,#531,#532,#533,#534,#535,#536,
    #537,#538,#539,#540,#541,#542,#543,#544,#545,#546,#547,#548,#549,
    #550,#551,#552,#553,#554,#555,#556,#557,#558,#559,#560,#561,#562,
    #563,#564,#565,#566,#567,#568,#569,#570,#571,#572,#573,#574,#575,
    #576,#577,#578,#579),.UNSPECIFIED.,.F.,.F.,(8,6,6,6,6,6,6,6,6,6,8),(
    0.,9.502029918853E-02,0.155762429584,0.239173198604,0.306610400139,
    0.50005111076,0.642579459462,0.760885200227,0.84427564819,
    0.905002980205,1.),.UNSPECIFIED.);
#518 = CARTESIAN_POINT('',(829.5,2.871426524195E-14,1.275E+03));
#519 = CARTESIAN_POINT('',(829.5,3.902547461862,1.275E+03));
#520 = CARTESIAN_POINT('',(829.47858014379,7.797649057956,
    1.275236909122E+03));
#521 = CARTESIAN_POINT('',(829.43588482377,11.656233832747,
    1.27570910072E+03));
#522 = CARTESIAN_POINT('',(829.37302085771,15.449585292574,
    1.276409075677E+03));
#523 = CARTESIAN_POINT('',(829.29200688012,19.150230576066,
    1.277323610435E+03));
#524 = CARTESIAN_POINT('',(829.19559196864,22.732709865602,
    1.278433873079E+03));
#525 = CARTESIAN_POINT('',(829.01748951325,28.374229891617,
    1.280534797693E+03));
#526 = CARTESIAN_POINT('',(828.94294681989,30.519468291334,
    1.281425175298E+03));
#527 = CARTESIAN_POINT('',(828.86399452894,32.607721946116,
    1.282382095062E+03));
#528 = CARTESIAN_POINT('',(828.78132060406,34.637048000173,
    1.283400977587E+03));
#529 = CARTESIAN_POINT('',(828.6956098925,36.605779936263,
    1.284477208559E+03));
#530 = CARTESIAN_POINT('',(828.6075321486,38.512527477183,
    1.285606138021E+03));
#531 = CARTESIAN_POINT('',(828.39441430521,42.887865460475,
    1.288399249594E+03));
#532 = CARTESIAN_POINT('',(828.26781961531,45.301138882387,
    1.290106316249E+03));
#533 = CARTESIAN_POINT('',(828.13943851894,47.596516514768,
    1.291894455864E+03));
#534 = CARTESIAN_POINT('',(828.01062370248,49.774990556136,
    1.293754747957E+03));
#535 = CARTESIAN_POINT('',(827.88258008894,51.837925471372,
    1.295679092101E+03));
#536 = CARTESIAN_POINT('',(827.75636669732,53.786959511495,
    1.297660126052E+03));
#537 = CARTESIAN_POINT('',(827.53309274859,57.1090717907,
    1.301333214386E+03));
#538 = CARTESIAN_POINT('',(827.43505531953,58.521306710431,
    1.303008329888E+03));
#539 = CARTESIAN_POINT('',(827.33926622084,59.861809503261,
    1.304713303227E+03));
#540 = CARTESIAN_POINT('',(827.24613997405,61.131781201073,
    1.306445271076E+03));
#541 = CARTESIAN_POINT('',(827.15604087258,62.33240491526,
    1.308201665082E+03));
#542 = CARTESIAN_POINT('',(827.06928846066,63.464823704831,
    1.309980181665E+03));
#543 = CARTESIAN_POINT('',(826.7477212401,67.585870563146,
    1.316937872857E+03));
#544 = CARTESIAN_POINT('',(826.53904048119,70.090373122661,
    1.322263767596E+03));
#545 = CARTESIAN_POINT('',(826.36684774481,72.067517982109,
    1.327706221599E+03));
#546 = CARTESIAN_POINT('',(826.2352822656,73.536840352954,
    1.333228241985E+03));
#547 = CARTESIAN_POINT('',(826.14674851688,74.512012352426,
    1.338800660185E+03));
#548 = CARTESIAN_POINT('',(826.10244522093,75.,1.344399051261E+03));
#549 = CARTESIAN_POINT('',(826.10244522093,75.,1.354126814735E+03));
#550 = CARTESIAN_POINT('',(826.12649679508,74.735079796255,
    1.358253082086E+03));
#551 = CARTESIAN_POINT('',(826.17458828324,74.20536415444,
    1.362368964176E+03));
#552 = CARTESIAN_POINT('',(826.24636002953,73.40887967872,
    1.366464376967E+03));
#553 = CARTESIAN_POINT('',(826.34108982505,72.341695714488,
    1.370528303442E+03));
#554 = CARTESIAN_POINT('',(826.45761573901,70.99807469988,
    1.374548009725E+03));
#555 = CARTESIAN_POINT('',(826.70756514663,68.01977215519,
    1.381795292607E+03));
#556 = CARTESIAN_POINT('',(826.83474993566,66.4733824952,
    1.385041345057E+03));
#557 = CARTESIAN_POINT('',(826.97477943666,64.726939133484,
    1.38823830569E+03));
#558 = CARTESIAN_POINT('',(827.12641712757,62.775018477456,
    1.391376506653E+03));
#559 = CARTESIAN_POINT('',(827.28808131436,60.611523355876,
    1.394444272616E+03));
#560 = CARTESIAN_POINT('',(827.45775824833,58.229980296998,
    1.397427454847E+03));
#561 = CARTESIAN_POINT('',(827.75636669732,53.786959511496,
    1.402339873948E+03));
#562 = CARTESIAN_POINT('',(827.88258008894,51.837925471376,
    1.404320907899E+03));
#563 = CARTESIAN_POINT('',(828.01062370248,49.77499055613,
    1.406245252043E+03));
#564 = CARTESIAN_POINT('',(828.13943851894,47.596516514764,
    1.408105544136E+03));
#565 = CARTESIAN_POINT('',(828.26781961531,45.301138882393,
    1.409893683751E+03));
#566 = CARTESIAN_POINT('',(828.39441430521,42.887865460474,
    1.411600750406E+03));
#567 = CARTESIAN_POINT('',(828.6075321486,38.512527477185,
    1.414393861979E+03));
#568 = CARTESIAN_POINT('',(828.6956098925,36.605779936262,
    1.415522791441E+03));
#569 = CARTESIAN_POINT('',(828.78132060406,34.637048000171,
    1.416599022413E+03));
#570 = CARTESIAN_POINT('',(828.86399452894,32.607721946117,
    1.417617904938E+03));
#571 = CARTESIAN_POINT('',(828.94294681989,30.519468291336,
    1.418574824702E+03));
#572 = CARTESIAN_POINT('',(829.01748951325,28.374229891617,
    1.419465202307E+03));
#573 = CARTESIAN_POINT('',(829.19559182002,22.732714573339,
    1.421566125168E+03));
#574 = CARTESIAN_POINT('',(829.29200681611,19.150234038221,
    1.422676388888E+03));
#575 = CARTESIAN_POINT('',(829.37302095681,15.449583331747,
    1.423590925471E+03));
#576 = CARTESIAN_POINT('',(829.43588501771,11.656224806397,
    1.424290901435E+03));
#577 = CARTESIAN_POINT('',(829.47858028738,7.797634824298,
    1.424763092463E+03));
#578 = CARTESIAN_POINT('',(829.5,3.902534409771,1.425E+03));
#579 = CARTESIAN_POINT('',(829.5,4.249154173236E-14,1.425E+03));
#580 = PCURVE('',#91,#581);
#581 = DEFINITIONAL_REPRESENTATION('',(#582),#645);
#582 = B_SPLINE_CURVE_WITH_KNOTS('',7,(#583,#584,#585,#586,#587,#588,
    #589,#590,#591,#592,#593,#594,#595,#596,#597,#598,#599,#600,#601,
    #602,#603,#604,#605,#606,#607,#608,#609,#610,#611,#612,#613,#614,
    #615,#616,#617,#618,#619,#620,#621,#622,#623,#624,#625,#626,#627,
    #628,#629,#630,#631,#632,#633,#634,#635,#636,#637,#638,#639,#640,
    #641,#642,#643,#644),.UNSPECIFIED.,.F.,.F.,(8,6,6,6,6,6,6,6,6,6,8),(
    0.,9.502029918853E-02,0.155762429584,0.239173198604,0.306610400139,
    0.50005111076,0.642579459462,0.760885200227,0.84427564819,
    0.905002980205,1.),.UNSPECIFIED.);
#583 = CARTESIAN_POINT('',(0.,1.275E+03));
#584 = CARTESIAN_POINT('',(4.704698567646E-03,1.275E+03));
#585 = CARTESIAN_POINT('',(9.400420911642E-03,1.275236909122E+03));
#586 = CARTESIAN_POINT('',(1.40522901536E-02,1.27570910072E+03));
#587 = CARTESIAN_POINT('',(1.862585593993E-02,1.276409075677E+03));
#588 = CARTESIAN_POINT('',(2.308812893558E-02,1.277323610435E+03));
#589 = CARTESIAN_POINT('',(2.740848788916E-02,1.278433873079E+03));
#590 = CARTESIAN_POINT('',(3.421298537908E-02,1.280534797693E+03));
#591 = CARTESIAN_POINT('',(3.680071566303E-02,1.281425175298E+03));
#592 = CARTESIAN_POINT('',(3.931998080355E-02,1.282382095062E+03));
#593 = CARTESIAN_POINT('',(4.176843714101E-02,1.283400977587E+03));
#594 = CARTESIAN_POINT('',(4.414406756021E-02,1.284477208559E+03));
#595 = CARTESIAN_POINT('',(4.644518237689E-02,1.285606138021E+03));
#596 = CARTESIAN_POINT('',(5.17261049505E-02,1.288399249594E+03));
#597 = CARTESIAN_POINT('',(5.463939569716E-02,1.290106316249E+03));
#598 = CARTESIAN_POINT('',(5.741087740463E-02,1.291894455864E+03));
#599 = CARTESIAN_POINT('',(6.004169245814E-02,1.293754747957E+03));
#600 = CARTESIAN_POINT('',(6.253342554377E-02,1.295679092101E+03));
#601 = CARTESIAN_POINT('',(6.488798918059E-02,1.297660126052E+03));
#602 = CARTESIAN_POINT('',(6.890198167167E-02,1.301333214386E+03));
#603 = CARTESIAN_POINT('',(7.060858842188E-02,1.303008329888E+03));
#604 = CARTESIAN_POINT('',(7.22287410964E-02,1.304713303227E+03));
#605 = CARTESIAN_POINT('',(7.37638562059E-02,1.306445271076E+03));
#606 = CARTESIAN_POINT('',(7.521532970262E-02,1.308201665082E+03));
#607 = CARTESIAN_POINT('',(7.65845108279E-02,1.309980181665E+03));
#608 = CARTESIAN_POINT('',(8.156772220753E-02,1.316937872857E+03));
#609 = CARTESIAN_POINT('',(8.459743491665E-02,1.322263767596E+03));
#610 = CARTESIAN_POINT('',(8.698998076495E-02,1.327706221599E+03));
#611 = CARTESIAN_POINT('',(8.876840063809E-02,1.333228241985E+03));
#612 = CARTESIAN_POINT('',(8.99488500842E-02,1.338800660185E+03));
#613 = CARTESIAN_POINT('',(9.053956085863E-02,1.344399051261E+03));
#614 = CARTESIAN_POINT('',(9.053956085863E-02,1.354126814735E+03));
#615 = CARTESIAN_POINT('',(9.021887395638E-02,1.358253082086E+03));
#616 = CARTESIAN_POINT('',(8.957765137802E-02,1.362368964176E+03));
#617 = CARTESIAN_POINT('',(8.86135627051E-02,1.366464376967E+03));
#618 = CARTESIAN_POINT('',(8.732196781388E-02,1.370528303442E+03));
#619 = CARTESIAN_POINT('',(8.569609773068E-02,1.374548009725E+03));
#620 = CARTESIAN_POINT('',(8.20929965259E-02,1.381795292607E+03));
#621 = CARTESIAN_POINT('',(8.022246132778E-02,1.385041345057E+03));
#622 = CARTESIAN_POINT('',(7.811029510943E-02,1.38823830569E+03));
#623 = CARTESIAN_POINT('',(7.575009037972E-02,1.391376506653E+03));
#624 = CARTESIAN_POINT('',(7.313464931567E-02,1.394444272616E+03));
#625 = CARTESIAN_POINT('',(7.025633635608E-02,1.397427454847E+03));
#626 = CARTESIAN_POINT('',(6.488798918059E-02,1.402339873948E+03));
#627 = CARTESIAN_POINT('',(6.253342554377E-02,1.404320907899E+03));
#628 = CARTESIAN_POINT('',(6.004169245813E-02,1.406245252043E+03));
#629 = CARTESIAN_POINT('',(5.741087740462E-02,1.408105544136E+03));
#630 = CARTESIAN_POINT('',(5.463939569717E-02,1.409893683751E+03));
#631 = CARTESIAN_POINT('',(5.172610495049E-02,1.411600750406E+03));
#632 = CARTESIAN_POINT('',(4.644518237689E-02,1.414393861979E+03));
#633 = CARTESIAN_POINT('',(4.41440675602E-02,1.415522791441E+03));
#634 = CARTESIAN_POINT('',(4.1768437141E-02,1.416599022413E+03));
#635 = CARTESIAN_POINT('',(3.931998080355E-02,1.417617904938E+03));
#636 = CARTESIAN_POINT('',(3.680071566303E-02,1.418574824702E+03));
#637 = CARTESIAN_POINT('',(3.421298537908E-02,1.419465202307E+03));
#638 = CARTESIAN_POINT('',(2.740849356737E-02,1.421566125168E+03));
#639 = CARTESIAN_POINT('',(2.308813310971E-02,1.422676388888E+03));
#640 = CARTESIAN_POINT('',(1.862585357398E-02,1.423590925471E+03));
#641 = CARTESIAN_POINT('',(1.40522792702E-02,1.424290901435E+03));
#642 = CARTESIAN_POINT('',(9.400403752319E-03,1.424763092463E+03));
#643 = CARTESIAN_POINT('',(4.704682832756E-03,1.425E+03));
#644 = CARTESIAN_POINT('',(0.,1.425E+03));
#645 = ( GEOMETRIC_REPRESENTATION_CONTEXT(2) 
PARAMETRIC_REPRESENTATION_CONTEXT() REPRESENTATION_CONTEXT('2D SPACE',''
  ) );
#646 = PCURVE('',#162,#647);
#647 = DEFINITIONAL_REPRESENTATION('',(#648),#711);
#648 = B_SPLINE_CURVE_WITH_KNOTS('',7,(#649,#650,#651,#652,#653,#654,
    #655,#656,#657,#658,#659,#660,#661,#662,#663,#664,#665,#666,#667,
    #668,#669,#670,#671,#672,#673,#674,#675,#676,#677,#678,#679,#680,
    #681,#682,#683,#684,#685,#686,#687,#688,#689,#690,#691,#692,#693,
    #694,#695,#696,#697,#698,#699,#700,#701,#702,#703,#704,#705,#706,
    #707,#708,#709,#710),.UNSPECIFIED.,.F.,.F.,(8,6,6,6,6,6,6,6,6,6,8),(
    0.,9.502029918853E-02,0.155762429584,0.239173198604,0.306610400139,
    0.50005111076,0.642579459462,0.760885200227,0.84427564819,
    0.905002980205,1.),.UNSPECIFIED.);
#649 = CARTESIAN_POINT('',(3.14159265359,120.));
#650 = CARTESIAN_POINT('',(3.193626619748,120.));
#651 = CARTESIAN_POINT('',(3.24556130343,119.97858014379));
#652 = CARTESIAN_POINT('',(3.297239227448,119.93588482377));
#653 = CARTESIAN_POINT('',(3.348503594891,119.87302085771));
#654 = CARTESIAN_POINT('',(3.399190504029,119.79200688012));
#655 = CARTESIAN_POINT('',(3.449119924813,119.69559196864));
#656 = CARTESIAN_POINT('',(3.529386848886,119.51748951325));
#657 = CARTESIAN_POINT('',(3.560334755907,119.44294681989));
#658 = CARTESIAN_POINT('',(3.590930342027,119.36399452894));
#659 = CARTESIAN_POINT('',(3.621173058972,119.28132060406));
#660 = CARTESIAN_POINT('',(3.651060649972,119.1956098925));
#661 = CARTESIAN_POINT('',(3.680589173515,119.1075321486));
#662 = CARTESIAN_POINT('',(3.749800675098,118.89441430521));
#663 = CARTESIAN_POINT('',(3.789169637407,118.76781961531));
#664 = CARTESIAN_POINT('',(3.827900166448,118.63943851894));
#665 = CARTESIAN_POINT('',(3.866028363314,118.51062370248));
#666 = CARTESIAN_POINT('',(3.90358758646,118.38258008894));
#667 = CARTESIAN_POINT('',(3.940609193289,118.25636669732));
#668 = CARTESIAN_POINT('',(4.006643538436,118.03309274859));
#669 = CARTESIAN_POINT('',(4.035838995215,117.93505531953));
#670 = CARTESIAN_POINT('',(4.064730142981,117.83926622084));
#671 = CARTESIAN_POINT('',(4.093337308133,117.74613997405));
#672 = CARTESIAN_POINT('',(4.121680181059,117.65604087258));
#673 = CARTESIAN_POINT('',(4.149778011735,117.56928846066));
#674 = CARTESIAN_POINT('',(4.257598845774,117.2477212401));
#675 = CARTESIAN_POINT('',(4.335715455748,117.03904048119));
#676 = CARTESIAN_POINT('',(4.412420448877,116.86684774481));
#677 = CARTESIAN_POINT('',(4.488085230182,116.7352822656));
#678 = CARTESIAN_POINT('',(4.563064461753,116.64674851688));
#679 = CARTESIAN_POINT('',(4.63770966386,116.60244522093));
#680 = CARTESIAN_POINT('',(4.767413176854,116.60244522093));
#681 = CARTESIAN_POINT('',(4.822430106071,116.62649679508));
#682 = CARTESIAN_POINT('',(4.877580530245,116.67458828324));
#683 = CARTESIAN_POINT('',(4.933002174774,116.74636002953));
#684 = CARTESIAN_POINT('',(4.988833142699,116.84108982505));
#685 = CARTESIAN_POINT('',(5.045216061499,116.95761573901));
#686 = CARTESIAN_POINT('',(5.149687978166,117.20756514663));
#687 = CARTESIAN_POINT('',(5.197557407807,117.33474993566));
#688 = CARTESIAN_POINT('',(5.246009005142,117.47477943666));
#689 = CARTESIAN_POINT('',(5.295141018828,117.62641712757));
#690 = CARTESIAN_POINT('',(5.34505404669,117.78808131436));
#691 = CARTESIAN_POINT('',(5.395853881231,117.95775824833));
#692 = CARTESIAN_POINT('',(5.48416876748,118.25636669732));
#693 = CARTESIAN_POINT('',(5.521190374309,118.38258008894));
#694 = CARTESIAN_POINT('',(5.558749597455,118.51062370248));
#695 = CARTESIAN_POINT('',(5.596877794322,118.63943851894));
#696 = CARTESIAN_POINT('',(5.635608323362,118.76781961531));
#697 = CARTESIAN_POINT('',(5.674977285671,118.89441430521));
#698 = CARTESIAN_POINT('',(5.744188787254,119.1075321486));
#699 = CARTESIAN_POINT('',(5.773717310797,119.1956098925));
#700 = CARTESIAN_POINT('',(5.803604901797,119.28132060406));
#701 = CARTESIAN_POINT('',(5.833847618743,119.36399452894));
#702 = CARTESIAN_POINT('',(5.864443204862,119.44294681989));
#703 = CARTESIAN_POINT('',(5.895391111883,119.51748951325));
#704 = CARTESIAN_POINT('',(5.975657968976,119.69559182002));
#705 = CARTESIAN_POINT('',(6.025587410317,119.79200681611));
#706 = CARTESIAN_POINT('',(6.076274394971,119.87302095681));
#707 = CARTESIAN_POINT('',(6.127538855944,119.93588501771));
#708 = CARTESIAN_POINT('',(6.179216847136,119.97858028738));
#709 = CARTESIAN_POINT('',(6.231151515049,120.));
#710 = CARTESIAN_POINT('',(6.28318530718,120.));
#711 = ( GEOMETRIC_REPRESENTATION_CONTEXT(2) 
PARAMETRIC_REPRESENTATION_CONTEXT() REPRESENTATION_CONTEXT('2D SPACE',''
  ) );
#712 = ORIENTED_EDGE('',*,*,#713,.F.);
#713 = EDGE_CURVE('',#714,#24,#716,.T.);
#714 = VERTEX_POINT('',#715);
#715 = CARTESIAN_POINT('',(829.5,-2.031689039785E-13,2.84217094304E-14)
  );
#716 = SEAM_CURVE('',#717,(#721,#728),.PCURVE_S1.);
#717 = LINE('',#718,#719);
#718 = CARTESIAN_POINT('',(829.5,-2.031689039785E-13,0.));
#719 = VECTOR('',#720,1.);
#720 = DIRECTION('',(0.,0.,1.));
#721 = PCURVE('',#91,#722);
#722 = DEFINITIONAL_REPRESENTATION('',(#723),#727);
#723 = LINE('',#724,#725);
#724 = CARTESIAN_POINT('',(6.28318530718,-0.));
#725 = VECTOR('',#726,1.);
#726 = DIRECTION('',(0.,1.));
#727 = ( GEOMETRIC_REPRESENTATION_CONTEXT(2) 
PARAMETRIC_REPRESENTATION_CONTEXT() REPRESENTATION_CONTEXT('2D SPACE',''
  ) );
#728 = PCURVE('',#91,#729);
#729 = DEFINITIONAL_REPRESENTATION('',(#730),#734);
#730 = LINE('',#731,#732);
#731 = CARTESIAN_POINT('',(0.,-0.));
#732 = VECTOR('',#733,1.);
#733 = DIRECTION('',(0.,1.));
#734 = ( GEOMETRIC_REPRESENTATION_CONTEXT(2) 
PARAMETRIC_REPRESENTATION_CONTEXT() REPRESENTATION_CONTEXT('2D SPACE',''
  ) );
#735 = ORIENTED_EDGE('',*,*,#736,.T.);
#736 = EDGE_CURVE('',#714,#737,#739,.T.);
#737 = VERTEX_POINT('',#738);
#738 = CARTESIAN_POINT('',(-827.6141915167,55.901699437495,0.));
#739 = SURFACE_CURVE('',#740,(#745,#752),.PCURVE_S1.);
#740 = CIRCLE('',#741,829.5);
#741 = AXIS2_PLACEMENT_3D('',#742,#743,#744);
#742 = CARTESIAN_POINT('',(0.,0.,0.));
#743 = DIRECTION('',(0.,0.,1.));
#744 = DIRECTION('',(1.,0.,-0.));
#745 = PCURVE('',#91,#746);
#746 = DEFINITIONAL_REPRESENTATION('',(#747),#751);
#747 = LINE('',#748,#749);
#748 = CARTESIAN_POINT('',(0.,0.));
#749 = VECTOR('',#750,1.);
#750 = DIRECTION('',(1.,0.));
#751 = ( GEOMETRIC_REPRESENTATION_CONTEXT(2) 
PARAMETRIC_REPRESENTATION_CONTEXT() REPRESENTATION_CONTEXT('2D SPACE',''
  ) );
#752 = PCURVE('',#753,#758);
#753 = CONICAL_SURFACE('',#754,40.,1.243546112315);
#754 = AXIS2_PLACEMENT_3D('',#755,#756,#757);
#755 = CARTESIAN_POINT('',(0.,0.,-268.));
#756 = DIRECTION('',(0.,0.,1.));
#757 = DIRECTION('',(1.,0.,-0.));
#758 = DEFINITIONAL_REPRESENTATION('',(#759),#762);
#759 = B_SPLINE_CURVE_WITH_KNOTS('',1,(#760,#761),.UNSPECIFIED.,.F.,.F.,
  (2,2),(0.,6.28318530718),.PIECEWISE_BEZIER_KNOTS.);
#760 = CARTESIAN_POINT('',(0.,268.));
#761 = CARTESIAN_POINT('',(6.28318530718,268.));
#762 = ( GEOMETRIC_REPRESENTATION_CONTEXT(2) 
PARAMETRIC_REPRESENTATION_CONTEXT() REPRESENTATION_CONTEXT('2D SPACE',''
  ) );
#763 = ORIENTED_EDGE('',*,*,#764,.F.);
#764 = EDGE_CURVE('',#765,#737,#767,.T.);
#765 = VERTEX_POINT('',#766);
#766 = CARTESIAN_POINT('',(-826.1024452209,-75.,50.));
#767 = SURFACE_CURVE('',#768,(#855,#945),.PCURVE_S1.);
#768 = B_SPLINE_CURVE_WITH_KNOTS('',8,(#769,#770,#771,#772,#773,#774,
    #775,#776,#777,#778,#779,#780,#781,#782,#783,#784,#785,#786,#787,
    #788,#789,#790,#791,#792,#793,#794,#795,#796,#797,#798,#799,#800,
    #801,#802,#803,#804,#805,#806,#807,#808,#809,#810,#811,#812,#813,
    #814,#815,#816,#817,#818,#819,#820,#821,#822,#823,#824,#825,#826,
    #827,#828,#829,#830,#831,#832,#833,#834,#835,#836,#837,#838,#839,
    #840,#841,#842,#843,#844,#845,#846,#847,#848,#849,#850,#851,#852,
    #853,#854),.UNSPECIFIED.,.F.,.F.,(9,7,7,7,7,7,7,7,7,7,7,7,9),(0.,
    0.207156984994,0.273412170178,0.345772071521,0.397093622914,
    0.448416014044,0.520776441658,0.587032108734,0.640599493688,
    0.795073672309,0.905099371337,0.946356071578,1.),.UNSPECIFIED.);
#769 = CARTESIAN_POINT('',(-826.1024452209,-75.,50.));
#770 = CARTESIAN_POINT('',(-826.1024452209,-75.,56.612508546144));
#771 = CARTESIAN_POINT('',(-826.1629364054,-74.33371065449,
    63.216318271656));
#772 = CARTESIAN_POINT('',(-826.2836386195,-73.00419525009,
    69.779161159776));
#773 = CARTESIAN_POINT('',(-826.4626018653,-70.99959846469,
    76.26623919904));
#774 = CARTESIAN_POINT('',(-826.695987359,-68.29590339572,
    82.633677926437));
#775 = CARTESIAN_POINT('',(-826.9771699207,-64.85942786174,
    88.82249829739));
#776 = CARTESIAN_POINT('',(-827.2951480826,-60.64947093238,
    94.752348745816));
#777 = CARTESIAN_POINT('',(-827.7409343951,-54.01657806304,
    102.08599654973));
#778 = CARTESIAN_POINT('',(-827.851026741,-52.32518398141,
    103.82564941156));
#779 = CARTESIAN_POINT('',(-827.9626073474,-50.54859114932,
    105.52362298895));
#780 = CARTESIAN_POINT('',(-828.0750311107,-48.68575353541,
    107.17539808961));
#781 = CARTESIAN_POINT('',(-828.18758143,-46.7357499026,108.77609649209)
  );
#782 = CARTESIAN_POINT('',(-828.2994682877,-44.69782052692,
    110.32045041509));
#783 = CARTESIAN_POINT('',(-828.4098287742,-42.57140433886,
    111.80277164994));
#784 = CARTESIAN_POINT('',(-828.635573305,-37.93683876523,114.7613679431
    ));
#785 = CARTESIAN_POINT('',(-828.7506325218,-35.40850443403,
    116.22645764299));
#786 = CARTESIAN_POINT('',(-828.8614700347,-32.77459216707,
    117.60107704701));
#787 = CARTESIAN_POINT('',(-828.9665911309,-30.03935991726,
    118.87454212841));
#788 = CARTESIAN_POINT('',(-829.0644844271,-27.20787657833,
    120.03660651139));
#789 = CARTESIAN_POINT('',(-829.1536648095,-24.28599388214,
    121.07747048089));
#790 = CARTESIAN_POINT('',(-829.232718944,-21.28031853183,
    121.98778973343));
#791 = CARTESIAN_POINT('',(-829.348323337,-16.01216864859,
    123.30544363843));
#792 = CARTESIAN_POINT('',(-829.3905184366,-13.78906832385,
    123.78172232685));
#793 = CARTESIAN_POINT('',(-829.426425646,-11.53450827193,124.1837745647
    ));
#794 = CARTESIAN_POINT('',(-829.4556121895,-9.25434402475,
    124.50857172348));
#795 = CARTESIAN_POINT('',(-829.4777401707,-6.954611443836,
    124.75380665538));
#796 = CARTESIAN_POINT('',(-829.4925767709,-4.641475972264,
    124.91789884883));
#797 = CARTESIAN_POINT('',(-829.5,-2.321181665312,125.));
#798 = CARTESIAN_POINT('',(-829.5,2.32121964509,125.));
#799 = CARTESIAN_POINT('',(-829.4925765288,4.641525406123,124.9178961596
    ));
#800 = CARTESIAN_POINT('',(-829.4777397391,6.954653107403,
    124.75380188015));
#801 = CARTESIAN_POINT('',(-829.4556117905,9.254366507994,
    124.50856728482));
#802 = CARTESIAN_POINT('',(-829.4264255213,11.534508390116,
    124.18377312524));
#803 = CARTESIAN_POINT('',(-829.3905186881,13.789051419662,
    123.7817251033));
#804 = CARTESIAN_POINT('',(-829.348323773,16.01214877884,123.30544860819
    ));
#805 = CARTESIAN_POINT('',(-829.232718944,21.280318532617,
    121.98778973323));
#806 = CARTESIAN_POINT('',(-829.1536648095,24.285993882429,
    121.07747048074));
#807 = CARTESIAN_POINT('',(-829.0644844271,27.207876577941,
    120.03660651147));
#808 = CARTESIAN_POINT('',(-828.9665911309,30.039359916593,
    118.8745421287));
#809 = CARTESIAN_POINT('',(-828.8614700347,32.774592166695,
    117.60107704727));
#810 = CARTESIAN_POINT('',(-828.7506325218,35.408504434294,
    116.22645764291));
#811 = CARTESIAN_POINT('',(-828.6355733049,37.936838765926,
    114.76136794266));
#812 = CARTESIAN_POINT('',(-828.4098287742,42.571404338883,
    111.80277164993));
#813 = CARTESIAN_POINT('',(-828.2994682877,44.697820526914,
    110.3204504151));
#814 = CARTESIAN_POINT('',(-828.18758143,46.735749902592,108.77609649209
    ));
#815 = CARTESIAN_POINT('',(-828.0750311107,48.685753535419,
    107.1753980896));
#816 = CARTESIAN_POINT('',(-827.9626073474,50.548591149339,
    105.52362298894));
#817 = CARTESIAN_POINT('',(-827.851026741,52.325183981417,
    103.82564941157));
#818 = CARTESIAN_POINT('',(-827.7409343951,54.016578063037,
    102.08599654974));
#819 = CARTESIAN_POINT('',(-827.5455696899,56.923426307318,
    98.872044257294));
#820 = CARTESIAN_POINT('',(-827.4595646767,58.1682479805,97.41044898764)
  );
#821 = CARTESIAN_POINT('',(-827.3751871328,59.359120955947,
    95.926061774901));
#822 = CARTESIAN_POINT('',(-827.2927030974,60.496795352163,
    94.420712848446));
#823 = CARTESIAN_POINT('',(-827.212352811,61.582015093891,
    92.896081172044));
#824 = CARTESIAN_POINT('',(-827.1343527696,62.615509612655,
    91.353705772319));
#825 = CARTESIAN_POINT('',(-827.0588977796,63.597985547295,
    89.794997067205));
#826 = CARTESIAN_POINT('',(-826.7764151689,67.218143327274,
    83.682972437823));
#827 = CARTESIAN_POINT('',(-826.5892260789,69.488320393986,
    79.018271300921));
#828 = CARTESIAN_POINT('',(-826.4288678024,71.355819282987,
    74.259031594744));
#829 = CARTESIAN_POINT('',(-826.2982909669,72.833582508472,
    69.430391388282));
#830 = CARTESIAN_POINT('',(-826.1994530622,73.931748098472,
    64.552818697538));
#831 = CARTESIAN_POINT('',(-826.1335629975,74.657242693455,
    59.643592006845));
#832 = CARTESIAN_POINT('',(-826.1012258367,75.013431203361,
    54.718067487622));
#833 = CARTESIAN_POINT('',(-826.1033589566,74.989935437485,
    46.281851114503));
#834 = CARTESIAN_POINT('',(-826.1212830546,74.792505038374,
    42.773210892188));
#835 = CARTESIAN_POINT('',(-826.1562316877,74.407452242887,
    39.27085421762));
#836 = CARTESIAN_POINT('',(-826.2080369988,73.833879524543,
    35.780552680823));
#837 = CARTESIAN_POINT('',(-826.2763705812,73.070002611376,
    32.308416194876));
#838 = CARTESIAN_POINT('',(-826.3607253608,72.113197448244,
    28.861137013689));
#839 = CARTESIAN_POINT('',(-826.4603842877,70.960049021142,
    25.446253929774));
#840 = CARTESIAN_POINT('',(-826.6171196287,69.098820559533,
    20.807345229464));
#841 = CARTESIAN_POINT('',(-826.6618796738,68.563036053185,
    19.547997684569));
#842 = CARTESIAN_POINT('',(-826.7086059399,67.998814765155,
    18.294822572604));
#843 = CARTESIAN_POINT('',(-826.7572432727,67.405909268202,
    17.04828065925));
#844 = CARTESIAN_POINT('',(-826.8077310454,66.784058430939,
    15.808864936157));
#845 = CARTESIAN_POINT('',(-826.8600028046,66.132987381627,
    14.577100636541));
#846 = CARTESIAN_POINT('',(-826.9139859168,65.452407471968,
    13.353545250787));
#847 = CARTESIAN_POINT('',(-827.041914876,63.818331696817,
    10.559303960037));
#848 = CARTESIAN_POINT('',(-827.1169881183,62.844244714292,8.99469190245
    ));
#849 = CARTESIAN_POINT('',(-827.1946476481,61.819080633923,
    7.446235282528));
#850 = CARTESIAN_POINT('',(-827.2747006472,60.742132611958,
    5.915333849049));
#851 = CARTESIAN_POINT('',(-827.3569327002,59.612669854577,
    4.403515529207));
#852 = CARTESIAN_POINT('',(-827.4411057224,58.429945852184,
    2.912447771481));
#853 = CARTESIAN_POINT('',(-827.5269558869,57.193206613696,
    1.443948888518));
#854 = CARTESIAN_POINT('',(-827.614191553,55.901698900838,
    -6.000000283748E-07));
#855 = PCURVE('',#91,#856);
#856 = DEFINITIONAL_REPRESENTATION('',(#857),#944);
#857 = B_SPLINE_CURVE_WITH_KNOTS('',8,(#858,#859,#860,#861,#862,#863,
    #864,#865,#866,#867,#868,#869,#870,#871,#872,#873,#874,#875,#876,
    #877,#878,#879,#880,#881,#882,#883,#884,#885,#886,#887,#888,#889,
    #890,#891,#892,#893,#894,#895,#896,#897,#898,#899,#900,#901,#902,
    #903,#904,#905,#906,#907,#908,#909,#910,#911,#912,#913,#914,#915,
    #916,#917,#918,#919,#920,#921,#922,#923,#924,#925,#926,#927,#928,
    #929,#930,#931,#932,#933,#934,#935,#936,#937,#938,#939,#940,#941,
    #942,#943),.UNSPECIFIED.,.F.,.F.,(9,7,7,7,7,7,7,7,7,7,7,7,9),(0.,
    0.207156984994,0.273412170178,0.345772071521,0.397093622914,
    0.448416014044,0.520776441658,0.587032108734,0.640599493688,
    0.795073672309,0.905099371337,0.946356071578,1.),.UNSPECIFIED.);
#858 = CARTESIAN_POINT('',(3.232132214448,50.));
#859 = CARTESIAN_POINT('',(3.232132214448,56.612508546144));
#860 = CARTESIAN_POINT('',(3.23132566878,63.216318271655));
#861 = CARTESIAN_POINT('',(3.229716285598,69.779161159778));
#862 = CARTESIAN_POINT('',(3.227290044568,76.266239199037));
#863 = CARTESIAN_POINT('',(3.224018527465,82.633677926439));
#864 = CARTESIAN_POINT('',(3.219861952507,88.822498297389));
#865 = CARTESIAN_POINT('',(3.214772376161,94.752348745816));
#866 = CARTESIAN_POINT('',(3.206758082864,102.08599654973));
#867 = CARTESIAN_POINT('',(3.204714720043,103.82564941157));
#868 = CARTESIAN_POINT('',(3.202568745955,105.52362298895));
#869 = CARTESIAN_POINT('',(3.200318938521,107.17539808961));
#870 = CARTESIAN_POINT('',(3.197964225354,108.77609649209));
#871 = CARTESIAN_POINT('',(3.1955037266,110.32045041509));
#872 = CARTESIAN_POINT('',(3.19293679795,111.80277164994));
#873 = CARTESIAN_POINT('',(3.187342994214,114.7613679431));
#874 = CARTESIAN_POINT('',(3.184291833145,116.22645764299));
#875 = CARTESIAN_POINT('',(3.181113753395,117.60107704701));
#876 = CARTESIAN_POINT('',(3.177813917597,118.87454212842));
#877 = CARTESIAN_POINT('',(3.174398449628,120.03660651139));
#878 = CARTESIAN_POINT('',(3.170874397937,121.07747048089));
#879 = CARTESIAN_POINT('',(3.167249700808,121.98778973343));
#880 = CARTESIAN_POINT('',(3.160897177428,123.30544363843));
#881 = CARTESIAN_POINT('',(3.158216657867,123.78172232685));
#882 = CARTESIAN_POINT('',(3.155498359723,124.1837745647));
#883 = CARTESIAN_POINT('',(3.152749319922,124.50857172348));
#884 = CARTESIAN_POINT('',(3.149976787561,124.75380665538));
#885 = CARTESIAN_POINT('',(3.147188164113,124.91789884883));
#886 = CARTESIAN_POINT('',(3.144390943723,125.));
#887 = CARTESIAN_POINT('',(3.13879431767,125.));
#888 = CARTESIAN_POINT('',(3.135997083472,124.91789615961));
#889 = CARTESIAN_POINT('',(3.13320846939,124.75380188015));
#890 = CARTESIAN_POINT('',(3.130435960149,124.50856728482));
#891 = CARTESIAN_POINT('',(3.127686947311,124.18377312524));
#892 = CARTESIAN_POINT('',(3.124968669693,123.7817251033));
#893 = CARTESIAN_POINT('',(3.122288153711,123.30544860819));
#894 = CARTESIAN_POINT('',(3.115935606371,121.98778973323));
#895 = CARTESIAN_POINT('',(3.112310909242,121.07747048074));
#896 = CARTESIAN_POINT('',(3.108786857552,120.03660651147));
#897 = CARTESIAN_POINT('',(3.105371389583,118.8745421287));
#898 = CARTESIAN_POINT('',(3.102071553785,117.60107704727));
#899 = CARTESIAN_POINT('',(3.098893474035,116.22645764291));
#900 = CARTESIAN_POINT('',(3.095842312965,114.76136794266));
#901 = CARTESIAN_POINT('',(3.09024850923,111.80277164993));
#902 = CARTESIAN_POINT('',(3.087681580579,110.3204504151));
#903 = CARTESIAN_POINT('',(3.085221081826,108.77609649209));
#904 = CARTESIAN_POINT('',(3.082866368658,107.1753980896));
#905 = CARTESIAN_POINT('',(3.080616561225,105.52362298894));
#906 = CARTESIAN_POINT('',(3.078470587137,103.82564941157));
#907 = CARTESIAN_POINT('',(3.076427224316,102.08599654974));
#908 = CARTESIAN_POINT('',(3.072914980886,98.872044257294));
#909 = CARTESIAN_POINT('',(3.071410716855,97.41044898764));
#910 = CARTESIAN_POINT('',(3.069971469746,95.926061774901));
#911 = CARTESIAN_POINT('',(3.068596354939,94.420712848446));
#912 = CARTESIAN_POINT('',(3.067284494823,92.896081172044));
#913 = CARTESIAN_POINT('',(3.066035028606,91.353705772319));
#914 = CARTESIAN_POINT('',(3.06484712212,89.794997067205));
#915 = CARTESIAN_POINT('',(3.060469590861,83.682972437823));
#916 = CARTESIAN_POINT('',(3.057723527685,79.01827130092));
#917 = CARTESIAN_POINT('',(3.055463904337,74.259031594745));
#918 = CARTESIAN_POINT('',(3.05367545742,69.430391388282));
#919 = CARTESIAN_POINT('',(3.052346218195,64.552818697537));
#920 = CARTESIAN_POINT('',(3.051468001619,59.643592006845));
#921 = CARTESIAN_POINT('',(3.051036834211,54.718067487622));
#922 = CARTESIAN_POINT('',(3.05106527592,46.281851114503));
#923 = CARTESIAN_POINT('',(3.051304266133,42.773210892188));
#924 = CARTESIAN_POINT('',(3.051770372861,39.27085421762));
#925 = CARTESIAN_POINT('',(3.052464655509,35.780552680824));
#926 = CARTESIAN_POINT('',(3.053389220497,32.308416194876));
#927 = CARTESIAN_POINT('',(3.054547164509,28.861137013689));
#928 = CARTESIAN_POINT('',(3.05594251601,25.446253929774));
#929 = CARTESIAN_POINT('',(3.058194253442,20.807345229464));
#930 = CARTESIAN_POINT('',(3.058842415934,19.547997684569));
#931 = CARTESIAN_POINT('',(3.059524938613,18.294822572604));
#932 = CARTESIAN_POINT('',(3.060242113646,17.04828065925));
#933 = CARTESIAN_POINT('',(3.060994249315,15.808864936157));
#934 = CARTESIAN_POINT('',(3.061781670087,14.577100636541));
#935 = CARTESIAN_POINT('',(3.062604716678,13.353545250787));
#936 = CARTESIAN_POINT('',(3.064580697141,10.559303960037));
#937 = CARTESIAN_POINT('',(3.065758484883,8.99469190245));
#938 = CARTESIAN_POINT('',(3.066997906059,7.446235282528));
#939 = CARTESIAN_POINT('',(3.068299795119,5.915333849049));
#940 = CARTESIAN_POINT('',(3.069665014508,4.403515529207));
#941 = CARTESIAN_POINT('',(3.071094444941,2.912447771481));
#942 = CARTESIAN_POINT('',(3.072588975661,1.443948888518));
#943 = CARTESIAN_POINT('',(3.074149494712,-6.E-07));
#944 = ( GEOMETRIC_REPRESENTATION_CONTEXT(2) 
PARAMETRIC_REPRESENTATION_CONTEXT() REPRESENTATION_CONTEXT('2D SPACE',''
  ) );
#945 = PCURVE('',#946,#951);
#946 = CYLINDRICAL_SURFACE('',#947,75.);
#947 = AXIS2_PLACEMENT_3D('',#948,#949,#950);
#948 = CARTESIAN_POINT('',(-709.5,8.68886903995E-14,50.));
#949 = DIRECTION('',(-1.,1.224646799147E-16,0.));
#950 = DIRECTION('',(-1.224646799147E-16,-1.,0.));
#951 = DEFINITIONAL_REPRESENTATION('',(#952),#1039);
#952 = B_SPLINE_CURVE_WITH_KNOTS('',8,(#953,#954,#955,#956,#957,#958,
    #959,#960,#961,#962,#963,#964,#965,#966,#967,#968,#969,#970,#971,
    #972,#973,#974,#975,#976,#977,#978,#979,#980,#981,#982,#983,#984,
    #985,#986,#987,#988,#989,#990,#991,#992,#993,#994,#995,#996,#997,
    #998,#999,#1000,#1001,#1002,#1003,#1004,#1005,#1006,#1007,#1008,
    #1009,#1010,#1011,#1012,#1013,#1014,#1015,#1016,#1017,#1018,#1019,
    #1020,#1021,#1022,#1023,#1024,#1025,#1026,#1027,#1028,#1029,#1030,
    #1031,#1032,#1033,#1034,#1035,#1036,#1037,#1038),.UNSPECIFIED.,.F.,
  .F.,(9,7,7,7,7,7,7,7,7,7,7,7,9),(0.,0.207156984994,0.273412170178,
    0.345772071521,0.397093622914,0.448416014044,0.520776441658,
    0.587032108734,0.640599493688,0.795073672309,0.905099371337,
    0.946356071578,1.),.UNSPECIFIED.);
#953 = CARTESIAN_POINT('',(0.,116.60244522093));
#954 = CARTESIAN_POINT('',(8.816678061526E-02,116.60244522093));
#955 = CARTESIAN_POINT('',(0.176217612796,116.66293640549));
#956 = CARTESIAN_POINT('',(0.264766325356,116.78363861954));
#957 = CARTESIAN_POINT('',(0.354382823423,116.96260186539));
#958 = CARTESIAN_POINT('',(0.445627435602,117.19598735902));
#959 = CARTESIAN_POINT('',(0.539080640431,117.47716992076));
#960 = CARTESIAN_POINT('',(0.635372161568,117.79514808267));
#961 = CARTESIAN_POINT('',(0.767215609425,118.2409343951));
#962 = CARTESIAN_POINT('',(0.799545992217,118.35102674104));
#963 = CARTESIAN_POINT('',(0.832275908391,118.4626073474));
#964 = CARTESIAN_POINT('',(0.865424715504,118.57503111071));
#965 = CARTESIAN_POINT('',(0.899012762328,118.68758143008));
#966 = CARTESIAN_POINT('',(0.933061583555,118.79946828778));
#967 = CARTESIAN_POINT('',(0.967594261284,118.90982877422));
#968 = CARTESIAN_POINT('',(1.040906367403,119.13557330502));
#969 = CARTESIAN_POINT('',(1.079832401201,119.25063252182));
#970 = CARTESIAN_POINT('',(1.119381311356,119.36147003474));
#971 = CARTESIAN_POINT('',(1.159526311726,119.46659113095));
#972 = CARTESIAN_POINT('',(1.200245895581,119.56448442718));
#973 = CARTESIAN_POINT('',(1.24152335424,119.65366480957));
#974 = CARTESIAN_POINT('',(1.283346492126,119.73271894405));
#975 = CARTESIAN_POINT('',(1.355752280729,119.848323337));
#976 = CARTESIAN_POINT('',(1.386048682516,119.89051843663));
#977 = CARTESIAN_POINT('',(1.416553199977,119.92642564608));
#978 = CARTESIAN_POINT('',(1.447224528426,119.95561218957));
#979 = CARTESIAN_POINT('',(1.478023001344,119.97774017078));
#980 = CARTESIAN_POINT('',(1.50890998064,119.99257677099));
#981 = CARTESIAN_POINT('',(1.539847237924,120.));
#982 = CARTESIAN_POINT('',(1.601745922063,120.));
#983 = CARTESIAN_POINT('',(1.632683332061,119.99257652884));
#984 = CARTESIAN_POINT('',(1.663570209983,119.97773973918));
#985 = CARTESIAN_POINT('',(1.694368429472,119.95561179054));
#986 = CARTESIAN_POINT('',(1.725039458668,119.92642552131));
#987 = CARTESIAN_POINT('',(1.755543743436,119.89051868818));
#988 = CARTESIAN_POINT('',(1.78584009977,119.84832377302));
#989 = CARTESIAN_POINT('',(1.858246161475,119.73271894403));
#990 = CARTESIAN_POINT('',(1.900069299354,119.65366480955));
#991 = CARTESIAN_POINT('',(1.941346758004,119.56448442718));
#992 = CARTESIAN_POINT('',(1.982066341854,119.46659113098));
#993 = CARTESIAN_POINT('',(2.022211342228,119.36147003476));
#994 = CARTESIAN_POINT('',(2.061760252392,119.25063252181));
#995 = CARTESIAN_POINT('',(2.100686286198,119.13557330499));
#996 = CARTESIAN_POINT('',(2.173998392306,118.90982877422));
#997 = CARTESIAN_POINT('',(2.208531070035,118.79946828778));
#998 = CARTESIAN_POINT('',(2.242579891262,118.68758143008));
#999 = CARTESIAN_POINT('',(2.276167938085,118.57503111071));
#1000 = CARTESIAN_POINT('',(2.309316745199,118.4626073474));
#1001 = CARTESIAN_POINT('',(2.342046661373,118.35102674104));
#1002 = CARTESIAN_POINT('',(2.374377044165,118.2409343951));
#1003 = CARTESIAN_POINT('',(2.432157096168,118.04556968996));
#1004 = CARTESIAN_POINT('',(2.457743804225,117.95956467679));
#1005 = CARTESIAN_POINT('',(2.483099635774,117.87518713285));
#1006 = CARTESIAN_POINT('',(2.508237398762,117.79270309744));
#1007 = CARTESIAN_POINT('',(2.533169558685,117.712352811));
#1008 = CARTESIAN_POINT('',(2.557908311934,117.6343527696));
#1009 = CARTESIAN_POINT('',(2.582465659137,117.5588977796));
#1010 = CARTESIAN_POINT('',(2.677181503098,117.27641516891));
#1011 = CARTESIAN_POINT('',(2.746120666633,117.08922607895));
#1012 = CARTESIAN_POINT('',(2.813938198622,116.92886780249));
#1013 = CARTESIAN_POINT('',(2.880876048889,116.79829096696));
#1014 = CARTESIAN_POINT('',(2.947163467044,116.69945306227));
#1015 = CARTESIAN_POINT('',(3.013024666764,116.63356299759));
#1016 = CARTESIAN_POINT('',(3.078684835906,116.60122583672));
#1017 = CARTESIAN_POINT('',(3.191168157135,116.60335895661));
#1018 = CARTESIAN_POINT('',(3.237957195931,116.6212830546));
#1019 = CARTESIAN_POINT('',(3.284825453019,116.6562316877));
#1020 = CARTESIAN_POINT('',(3.331852213721,116.70803699882));
#1021 = CARTESIAN_POINT('',(3.379116581897,116.77637058127));
#1022 = CARTESIAN_POINT('',(3.426698747896,116.8607253608));
#1023 = CARTESIAN_POINT('',(3.47468140806,116.96038428779));
#1024 = CARTESIAN_POINT('',(3.541326264914,117.11711962871));
#1025 = CARTESIAN_POINT('',(3.559570140875,117.16187967384));
#1026 = CARTESIAN_POINT('',(3.577887972291,117.2086059399));
#1027 = CARTESIAN_POINT('',(3.596284724278,117.25724327274));
#1028 = CARTESIAN_POINT('',(3.614765370446,117.30773104545));
#1029 = CARTESIAN_POINT('',(3.633334944866,117.36000280466));
#1030 = CARTESIAN_POINT('',(3.651998594051,117.41398591684));
#1031 = CARTESIAN_POINT('',(3.695158221338,117.54191487604));
#1032 = CARTESIAN_POINT('',(3.719722882112,117.61698811832));
#1033 = CARTESIAN_POINT('',(3.744467532932,117.69464764812));
#1034 = CARTESIAN_POINT('',(3.769404214031,117.77470064723));
#1035 = CARTESIAN_POINT('',(3.794545157856,117.85693270028));
#1036 = CARTESIAN_POINT('',(3.819902862748,117.9411057224));
#1037 = CARTESIAN_POINT('',(3.845490166603,118.02695588692));
#1038 = CARTESIAN_POINT('',(3.87132032055,118.11419155304));
#1039 = ( GEOMETRIC_REPRESENTATION_CONTEXT(2) 
PARAMETRIC_REPRESENTATION_CONTEXT() REPRESENTATION_CONTEXT('2D SPACE',''
  ) );
#1040 = ORIENTED_EDGE('',*,*,#1041,.F.);
#1041 = EDGE_CURVE('',#1042,#765,#1044,.T.);
#1042 = VERTEX_POINT('',#1043);
#1043 = CARTESIAN_POINT('',(-827.6141915167,-55.90169943749,0.));
#1044 = SURFACE_CURVE('',#1045,(#1055,#1068),.PCURVE_S1.);
#1045 = B_SPLINE_CURVE_WITH_KNOTS('',8,(#1046,#1047,#1048,#1049,#1050,
    #1051,#1052,#1053,#1054),.UNSPECIFIED.,.F.,.F.,(9,9),(0.,1.),
  .PIECEWISE_BEZIER_KNOTS.);
#1046 = CARTESIAN_POINT('',(-827.614191553,-55.90169890083,
    -5.99999964426E-07));
#1047 = CARTESIAN_POINT('',(-827.2797642474,-60.8528325797,
    5.535535016249));
#1048 = CARTESIAN_POINT('',(-826.9655177739,-65.00174251353,
    11.434862381805));
#1049 = CARTESIAN_POINT('',(-826.6879228034,-68.38930596113,
    17.587039734998));
#1050 = CARTESIAN_POINT('',(-826.4576493196,-71.05506537393,
    23.913787294222));
#1051 = CARTESIAN_POINT('',(-826.2811319419,-73.03180674509,
    30.357547904191));
#1052 = CARTESIAN_POINT('',(-826.1620993587,-74.34293013824,
    36.875423667357));
#1053 = CARTESIAN_POINT('',(-826.1024452209,-75.,43.433400036873));
#1054 = CARTESIAN_POINT('',(-826.1024452209,-75.,50.));
#1055 = PCURVE('',#91,#1056);
#1056 = DEFINITIONAL_REPRESENTATION('',(#1057),#1067);
#1057 = B_SPLINE_CURVE_WITH_KNOTS('',8,(#1058,#1059,#1060,#1061,#1062,
    #1063,#1064,#1065,#1066),.UNSPECIFIED.,.F.,.F.,(9,9),(0.,1.),
  .PIECEWISE_BEZIER_KNOTS.);
#1058 = CARTESIAN_POINT('',(3.209035812468,-6.E-07));
#1059 = CARTESIAN_POINT('',(3.215018230036,5.535535016249));
#1060 = CARTESIAN_POINT('',(3.220034089443,11.434862381803));
#1061 = CARTESIAN_POINT('',(3.224131546364,17.587039735002));
#1062 = CARTESIAN_POINT('',(3.227357178383,23.913787294217));
#1063 = CARTESIAN_POINT('',(3.229749709409,30.357547904194));
#1064 = CARTESIAN_POINT('',(3.231336828999,36.875423667357));
#1065 = CARTESIAN_POINT('',(3.232132214448,43.433400036873));
#1066 = CARTESIAN_POINT('',(3.232132214448,50.));
#1067 = ( GEOMETRIC_REPRESENTATION_CONTEXT(2) 
PARAMETRIC_REPRESENTATION_CONTEXT() REPRESENTATION_CONTEXT('2D SPACE',''
  ) );
#1068 = PCURVE('',#946,#1069);
#1069 = DEFINITIONAL_REPRESENTATION('',(#1070),#1080);
#1070 = B_SPLINE_CURVE_WITH_KNOTS('',8,(#1071,#1072,#1073,#1074,#1075,
    #1076,#1077,#1078,#1079),.UNSPECIFIED.,.F.,.F.,(9,9),(0.,1.),
  .PIECEWISE_BEZIER_KNOTS.);
#1071 = CARTESIAN_POINT('',(5.553457640219,118.11419155304));
#1072 = CARTESIAN_POINT('',(5.652480312609,117.77976424747));
#1073 = CARTESIAN_POINT('',(5.747987538632,117.46551777398));
#1074 = CARTESIAN_POINT('',(5.840719361768,117.18792280347));
#1075 = CARTESIAN_POINT('',(5.931289022859,116.95764931966));
#1076 = CARTESIAN_POINT('',(6.020263351911,116.78113194199));
#1077 = CARTESIAN_POINT('',(6.108190925152,116.66209935879));
#1078 = CARTESIAN_POINT('',(6.195630641005,116.60244522093));
#1079 = CARTESIAN_POINT('',(6.28318530718,116.60244522093));
#1080 = ( GEOMETRIC_REPRESENTATION_CONTEXT(2) 
PARAMETRIC_REPRESENTATION_CONTEXT() REPRESENTATION_CONTEXT('2D SPACE',''
  ) );
#1081 = ORIENTED_EDGE('',*,*,#1082,.T.);
#1082 = EDGE_CURVE('',#1042,#714,#1083,.T.);
#1083 = SURFACE_CURVE('',#1084,(#1089,#1096),.PCURVE_S1.);
#1084 = CIRCLE('',#1085,829.5);
#1085 = AXIS2_PLACEMENT_3D('',#1086,#1087,#1088);
#1086 = CARTESIAN_POINT('',(0.,0.,0.));
#1087 = DIRECTION('',(0.,0.,1.));
#1088 = DIRECTION('',(1.,0.,-0.));
#1089 = PCURVE('',#91,#1090);
#1090 = DEFINITIONAL_REPRESENTATION('',(#1091),#1095);
#1091 = LINE('',#1092,#1093);
#1092 = CARTESIAN_POINT('',(0.,0.));
#1093 = VECTOR('',#1094,1.);
#1094 = DIRECTION('',(1.,0.));
#1095 = ( GEOMETRIC_REPRESENTATION_CONTEXT(2) 
PARAMETRIC_REPRESENTATION_CONTEXT() REPRESENTATION_CONTEXT('2D SPACE',''
  ) );
#1096 = PCURVE('',#753,#1097);
#1097 = DEFINITIONAL_REPRESENTATION('',(#1098),#1101);
#1098 = B_SPLINE_CURVE_WITH_KNOTS('',1,(#1099,#1100),.UNSPECIFIED.,.F.,
  .F.,(2,2),(0.,6.28318530718),.PIECEWISE_BEZIER_KNOTS.);
#1099 = CARTESIAN_POINT('',(0.,268.));
#1100 = CARTESIAN_POINT('',(6.28318530718,268.));
#1101 = ( GEOMETRIC_REPRESENTATION_CONTEXT(2) 
PARAMETRIC_REPRESENTATION_CONTEXT() REPRESENTATION_CONTEXT('2D SPACE',''
  ) );
#1102 = ORIENTED_EDGE('',*,*,#713,.T.);
#1103 = FACE_BOUND('',#1104,.T.);
#1104 = EDGE_LOOP('',(#1105));
#1105 = ORIENTED_EDGE('',*,*,#1106,.F.);
#1106 = EDGE_CURVE('',#1107,#1107,#1109,.T.);
#1107 = VERTEX_POINT('',#1108);
#1108 = CARTESIAN_POINT('',(75.,826.10244522093,100.));
#1109 = SURFACE_CURVE('',#1110,(#1197,#1287),.PCURVE_S1.);
#1110 = B_SPLINE_CURVE_WITH_KNOTS('',8,(#1111,#1112,#1113,#1114,#1115,
    #1116,#1117,#1118,#1119,#1120,#1121,#1122,#1123,#1124,#1125,#1126,
    #1127,#1128,#1129,#1130,#1131,#1132,#1133,#1134,#1135,#1136,#1137,
    #1138,#1139,#1140,#1141,#1142,#1143,#1144,#1145,#1146,#1147,#1148,
    #1149,#1150,#1151,#1152,#1153,#1154,#1155,#1156,#1157,#1158,#1159,
    #1160,#1161,#1162,#1163,#1164,#1165,#1166,#1167,#1168,#1169,#1170,
    #1171,#1172,#1173,#1174,#1175,#1176,#1177,#1178,#1179,#1180,#1181,
    #1182,#1183,#1184,#1185,#1186,#1187,#1188,#1189,#1190,#1191,#1192,
    #1193,#1194,#1195,#1196),.UNSPECIFIED.,.T.,.F.,(9,7,7,7,7,7,7,7,7,7,
    7,7,9),(0.,0.130043895359,0.203353112544,0.250491407335,
    0.326735380538,0.429914555711,0.499432061299,0.596491187767,
    0.672160030931,0.751286098923,0.827469529079,0.910809504177,1.),
  .UNSPECIFIED.);
#1111 = CARTESIAN_POINT('',(75.,826.10244522093,100.));
#1112 = CARTESIAN_POINT('',(75.,826.10244522093,93.387499624228));
#1113 = CARTESIAN_POINT('',(74.333712305123,826.16293625565,
    86.783700339111));
#1114 = CARTESIAN_POINT('',(73.004200966065,826.28363810051,
    80.220867379157));
#1115 = CARTESIAN_POINT('',(70.9996101544,826.46260081929,
    73.733796248228));
#1116 = CARTESIAN_POINT('',(68.295920969386,826.69598585613,
    67.366358622119));
#1117 = CARTESIAN_POINT('',(64.859448290219,826.97716832207,
    61.177532509398));
#1118 = CARTESIAN_POINT('',(60.649487119585,827.29514699475,
    55.247669151532));
#1119 = CARTESIAN_POINT('',(52.790854701479,827.82331333717,
    46.558784299916));
#1120 = CARTESIAN_POINT('',(49.6899747727,828.02058534244,
    43.535519815768));
#1121 = CARTESIAN_POINT('',(46.316869758943,828.22134667576,
    40.649653704705));
#1122 = CARTESIAN_POINT('',(42.669387577971,828.42149068482,
    37.931564539267));
#1123 = CARTESIAN_POINT('',(38.747855418631,828.61620854464,
    35.413843926035));
#1124 = CARTESIAN_POINT('',(34.555495527687,828.80005798217,
    33.13155039139));
#1125 = CARTESIAN_POINT('',(30.099047492865,828.9671265127,
    31.122596329296));
#1126 = CARTESIAN_POINT('',(22.361429209224,829.2040732091,
    28.338829640299));
#1127 = CARTESIAN_POINT('',(19.229684882915,829.28732341965,
    27.379841947862));
#1128 = CARTESIAN_POINT('',(16.009087926014,829.35913564458,
    26.566327366583));
#1129 = CARTESIAN_POINT('',(12.715648207666,829.41777961181,
    25.910442501544));
#1130 = CARTESIAN_POINT('',(9.366432073716,829.46186857104,
    25.421463320144));
#1131 = CARTESIAN_POINT('',(5.979279460153,829.49044169691,
    25.105746990565));
#1132 = CARTESIAN_POINT('',(2.572491313988,829.50301192427,
    24.966685923996));
#1133 = CARTESIAN_POINT('',(-6.347798734354,829.49402697042,
    25.066065629942));
#1134 = CARTESIAN_POINT('',(-11.80442414381,829.44666650521,
    25.58995773634));
#1135 = CARTESIAN_POINT('',(-17.14614307188,829.35903834823,
    26.560817779073));
#1136 = CARTESIAN_POINT('',(-22.31650962797,829.23515773962,
    27.951429421789));
#1137 = CARTESIAN_POINT('',(-27.26373036783,829.08124696798,
    29.72335533249));
#1138 = CARTESIAN_POINT('',(-31.94256320088,828.90497768014,
    31.827387124304));
#1139 = CARTESIAN_POINT('',(-36.31596328453,828.71452434564,
    34.203903750069));
#1140 = CARTESIAN_POINT('',(-45.8237019619,828.25141297682,
    40.273417701337));
#1141 = CARTESIAN_POINT('',(-50.74311273244,827.97046048368,
    44.174520947521));
#1142 = CARTESIAN_POINT('',(-55.126030031,827.68875680421,
    48.394912202842));
#1143 = CARTESIAN_POINT('',(-58.99117174612,827.41734270099,
    52.863263047504));
#1144 = CARTESIAN_POINT('',(-62.35975477488,827.1643977825,
    57.523474319458));
#1145 = CARTESIAN_POINT('',(-65.25281144681,826.93586945325,
    62.331773787842));
#1146 = CARTESIAN_POINT('',(-67.68926192911,826.73600425413,
    67.254610353816));
#1147 = CARTESIAN_POINT('',(-71.0278195862,826.45454670304,
    75.64312852485));
#1148 = CARTESIAN_POINT('',(-72.17131185444,826.35562946341,
    79.060581499248));
#1149 = CARTESIAN_POINT('',(-73.11851567341,826.27205681223,
    82.510123326439));
#1150 = CARTESIAN_POINT('',(-73.87281662934,826.20453876772,
    85.98423539692));
#1151 = CARTESIAN_POINT('',(-74.43680923993,826.15357599433,
    89.47623858857));
#1152 = CARTESIAN_POINT('',(-74.81224795797,826.11949084633,
    92.98002980397));
#1153 = CARTESIAN_POINT('',(-75.,826.10244522093,96.489838041468));
#1154 = CARTESIAN_POINT('',(-75.,826.10244522093,104.90082678567));
#1155 = CARTESIAN_POINT('',(-74.6340097642,826.1356726475,
    109.79973496656));
#1156 = CARTESIAN_POINT('',(-73.90253145866,826.20208196405,
    114.68209066785));
#1157 = CARTESIAN_POINT('',(-72.80218230047,826.30106472328,
    119.53275536553));
#1158 = CARTESIAN_POINT('',(-71.32609328115,826.43141961516,
    124.33468528393));
#1159 = CARTESIAN_POINT('',(-69.4642528075,826.59121022414,
    129.06769450335));
#1160 = CARTESIAN_POINT('',(-67.20390575699,826.7775261332,
    133.70701016917));
#1161 = CARTESIAN_POINT('',(-62.4455912067,827.14881965087,
    141.74062016446));
#1162 = CARTESIAN_POINT('',(-60.10836289846,827.32515308697,
    145.18635467614));
#1163 = CARTESIAN_POINT('',(-57.51090449292,827.51319268926,
    148.5431474988));
#1164 = CARTESIAN_POINT('',(-54.64529554003,827.7104438316,
    151.79263059764));
#1165 = CARTESIAN_POINT('',(-51.50362738416,827.91378949943,
    154.91298546454));
#1166 = CARTESIAN_POINT('',(-48.07855657761,828.11937175519,
    157.87840714066));
#1167 = CARTESIAN_POINT('',(-44.36402666171,828.32251213607,
    160.65840424912));
#1168 = CARTESIAN_POINT('',(-36.16521212003,828.72186726708,
    165.89233220331));
#1169 = CARTESIAN_POINT('',(-31.61178126801,828.91937381869,
    168.3522019439));
#1170 = CARTESIAN_POINT('',(-26.72813975939,829.10135398973,
    170.51630020979));
#1171 = CARTESIAN_POINT('',(-21.55759959439,829.25853341912,
    172.31703730499));
#1172 = CARTESIAN_POINT('',(-16.15314935398,829.38230564132,
    173.69970326286));
#1173 = CARTESIAN_POINT('',(-10.57531751435,829.46591176067,
    174.62290561493));
#1174 = CARTESIAN_POINT('',(-4.889689251661,829.50534591973,
    175.05912965469));
#1175 = CARTESIAN_POINT('',(6.347798735836,829.49402697042,
    174.93393437004));
#1176 = CARTESIAN_POINT('',(11.804424144654,829.44666650519,
    174.41004226339));
#1177 = CARTESIAN_POINT('',(17.146143071264,829.35903834822,
    173.43918222082));
#1178 = CARTESIAN_POINT('',(22.316509626451,829.23515773966,
    172.04857057859));
#1179 = CARTESIAN_POINT('',(27.263730366738,829.08124696804,
    170.27664466816));
#1180 = CARTESIAN_POINT('',(31.942563201335,828.90497768014,
    168.17261287576));
#1181 = CARTESIAN_POINT('',(36.315963286271,828.71452434556,
    165.79609624882));
#1182 = CARTESIAN_POINT('',(44.775920608359,828.30244924037,
    160.39546096256));
#1183 = CARTESIAN_POINT('',(48.838444436881,828.07755864934,
    157.30498282048));
#1184 = CARTESIAN_POINT('',(52.549250843781,827.85040431096,
    153.9938431762));
#1185 = CARTESIAN_POINT('',(55.917072809131,827.62712976252,
    150.50198275477));
#1186 = CARTESIAN_POINT('',(58.952249735866,827.41266761662,
    146.86253836467));
#1187 = CARTESIAN_POINT('',(61.665658483218,827.21088425737,
    143.10290772768));
#1188 = CARTESIAN_POINT('',(64.067931622997,827.02478294658,
    139.24553584599));
#1189 = CARTESIAN_POINT('',(68.416934212668,826.67675669491,
    131.0954795945));
#1190 = CARTESIAN_POINT('',(70.32130642069,826.51732945435,
    126.78851059102));
#1191 = CARTESIAN_POINT('',(71.89270622248,826.3812748417,
    122.41018587405));
#1192 = CARTESIAN_POINT('',(73.140287888332,826.2706288219,
    117.97874350076));
#1193 = CARTESIAN_POINT('',(74.071191757345,826.18676963034,
    113.50937651449));
#1194 = CARTESIAN_POINT('',(74.690297613824,826.13056241668,
    109.01522385318));
#1195 = CARTESIAN_POINT('',(75.,826.10244522093,104.50824639932));
#1196 = CARTESIAN_POINT('',(75.,826.10244522093,100.));
#1197 = PCURVE('',#91,#1198);
#1198 = DEFINITIONAL_REPRESENTATION('',(#1199),#1286);
#1199 = B_SPLINE_CURVE_WITH_KNOTS('',8,(#1200,#1201,#1202,#1203,#1204,
    #1205,#1206,#1207,#1208,#1209,#1210,#1211,#1212,#1213,#1214,#1215,
    #1216,#1217,#1218,#1219,#1220,#1221,#1222,#1223,#1224,#1225,#1226,
    #1227,#1228,#1229,#1230,#1231,#1232,#1233,#1234,#1235,#1236,#1237,
    #1238,#1239,#1240,#1241,#1242,#1243,#1244,#1245,#1246,#1247,#1248,
    #1249,#1250,#1251,#1252,#1253,#1254,#1255,#1256,#1257,#1258,#1259,
    #1260,#1261,#1262,#1263,#1264,#1265,#1266,#1267,#1268,#1269,#1270,
    #1271,#1272,#1273,#1274,#1275,#1276,#1277,#1278,#1279,#1280,#1281,
    #1282,#1283,#1284,#1285),.UNSPECIFIED.,.T.,.F.,(9,7,7,7,7,7,7,7,7,7,
    7,7,9),(0.,0.130043895359,0.203353112544,0.250491407335,
    0.326735380538,0.429914555711,0.499432061299,0.596491187767,
    0.672160030931,0.751286098923,0.827469529079,0.910809504177,1.),
  .UNSPECIFIED.);
#1200 = CARTESIAN_POINT('',(1.480256765936,100.));
#1201 = CARTESIAN_POINT('',(1.480256765936,93.387499624228));
#1202 = CARTESIAN_POINT('',(1.481063309607,86.783700339111));
#1203 = CARTESIAN_POINT('',(1.482672687868,80.220867379157));
#1204 = CARTESIAN_POINT('',(1.485098921668,73.733796248228));
#1205 = CARTESIAN_POINT('',(1.488370431657,67.366358622119));
#1206 = CARTESIAN_POINT('',(1.492527003177,61.177532509398));
#1207 = CARTESIAN_POINT('',(1.497616584665,55.247669151532));
#1208 = CARTESIAN_POINT('',(1.507111896342,46.558784299916));
#1209 = CARTESIAN_POINT('',(1.51085768151,43.535519815768));
#1210 = CARTESIAN_POINT('',(1.514931250743,40.649653704705));
#1211 = CARTESIAN_POINT('',(1.519334970731,37.931564539267));
#1212 = CARTESIAN_POINT('',(1.524068238114,35.413843926035));
#1213 = CARTESIAN_POINT('',(1.529127014083,33.13155039139));
#1214 = CARTESIAN_POINT('',(1.534503112517,31.122596329296));
#1215 = CARTESIAN_POINT('',(1.543835536153,28.338829640299));
#1216 = CARTESIAN_POINT('',(1.547612299489,27.379841947862));
#1217 = CARTESIAN_POINT('',(1.551495780402,26.566327366583));
#1218 = CARTESIAN_POINT('',(1.555466719568,25.910442501544));
#1219 = CARTESIAN_POINT('',(1.559504613342,25.421463320144));
#1220 = CARTESIAN_POINT('',(1.56358804864,25.105746990565));
#1221 = CARTESIAN_POINT('',(1.56769506953,24.966685923996));
#1222 = CARTESIAN_POINT('',(1.578448890595,25.066065629942));
#1223 = CARTESIAN_POINT('',(1.585027155235,25.58995773634));
#1224 = CARTESIAN_POINT('',(1.591467389933,26.560817779073));
#1225 = CARTESIAN_POINT('',(1.597701954594,27.951429421789));
#1226 = CARTESIAN_POINT('',(1.60366866951,29.72335533249));
#1227 = CARTESIAN_POINT('',(1.609313051988,31.827387124304));
#1228 = CARTESIAN_POINT('',(1.614590311602,34.203903750069));
#1229 = CARTESIAN_POINT('',(1.626065912343,40.273417701337));
#1230 = CARTESIAN_POINT('',(1.632005941277,44.174520947521));
#1231 = CARTESIAN_POINT('',(1.637300450986,48.394912202842));
#1232 = CARTESIAN_POINT('',(1.641971401987,52.863263047504));
#1233 = CARTESIAN_POINT('',(1.646043747606,57.523474319458));
#1234 = CARTESIAN_POINT('',(1.64954229621,62.331773787842));
#1235 = CARTESIAN_POINT('',(1.652489406617,67.254610353816));
#1236 = CARTESIAN_POINT('',(1.656528467267,75.64312852485));
#1237 = CARTESIAN_POINT('',(1.657912144145,79.060581499248));
#1238 = CARTESIAN_POINT('',(1.659058475284,82.510123326439));
#1239 = CARTESIAN_POINT('',(1.659971454373,85.98423539692));
#1240 = CARTESIAN_POINT('',(1.660654143232,89.47623858857));
#1241 = CARTESIAN_POINT('',(1.661108613105,92.98002980397));
#1242 = CARTESIAN_POINT('',(1.661335887654,96.489838041468));
#1243 = CARTESIAN_POINT('',(1.661335887654,104.90082678567));
#1244 = CARTESIAN_POINT('',(1.660892855178,109.79973496656));
#1245 = CARTESIAN_POINT('',(1.660007397919,114.68209066785));
#1246 = CARTESIAN_POINT('',(1.658675521289,119.53275536553));
#1247 = CARTESIAN_POINT('',(1.656889108459,124.33468528393));
#1248 = CARTESIAN_POINT('',(1.654636339976,129.06769450335));
#1249 = CARTESIAN_POINT('',(1.651902173311,133.70701016917));
#1250 = CARTESIAN_POINT('',(1.646148371418,141.74062016446));
#1251 = CARTESIAN_POINT('',(1.643322737984,145.18635467614));
#1252 = CARTESIAN_POINT('',(1.640183213916,148.5431474988));
#1253 = CARTESIAN_POINT('',(1.636720464099,151.79263059764));
#1254 = CARTESIAN_POINT('',(1.632925187027,154.91298546454));
#1255 = CARTESIAN_POINT('',(1.628788767591,157.87840714066));
#1256 = CARTESIAN_POINT('',(1.624304121078,160.65840424912));
#1257 = CARTESIAN_POINT('',(1.614408358749,165.89233220331));
#1258 = CARTESIAN_POINT('',(1.608913907262,168.3522019439));
#1259 = CARTESIAN_POINT('',(1.603022555155,170.51630020979));
#1260 = CARTESIAN_POINT('',(1.596786663849,172.31703730499));
#1261 = CARTESIAN_POINT('',(1.590270030567,173.69970326286));
#1262 = CARTESIAN_POINT('',(1.583545305603,174.62290561493));
#1263 = CARTESIAN_POINT('',(1.576691073045,175.05912965469));
#1264 = CARTESIAN_POINT('',(1.563143762993,174.93393437004));
#1265 = CARTESIAN_POINT('',(1.556565498353,174.41004226339));
#1266 = CARTESIAN_POINT('',(1.550125263657,173.43918222082));
#1267 = CARTESIAN_POINT('',(1.543890698997,172.04857057859));
#1268 = CARTESIAN_POINT('',(1.537923984081,170.27664466816));
#1269 = CARTESIAN_POINT('',(1.532279601601,168.17261287576));
#1270 = CARTESIAN_POINT('',(1.527002341986,165.79609624882));
#1271 = CARTESIAN_POINT('',(1.516791386909,160.39546096256));
#1272 = CARTESIAN_POINT('',(1.511886439025,157.30498282048));
#1273 = CARTESIAN_POINT('',(1.507404636076,153.9938431762));
#1274 = CARTESIAN_POINT('',(1.503335748807,150.50198275477));
#1275 = CARTESIAN_POINT('',(1.499667635799,146.86253836467));
#1276 = CARTESIAN_POINT('',(1.496387492609,143.10290772768));
#1277 = CARTESIAN_POINT('',(1.493482775132,139.24553584599));
#1278 = CARTESIAN_POINT('',(1.488223093806,131.0954795945));
#1279 = CARTESIAN_POINT('',(1.485919270954,126.78851059102));
#1280 = CARTESIAN_POINT('',(1.484017799412,122.41018587405));
#1281 = CARTESIAN_POINT('',(1.482507882661,117.97874350076));
#1282 = CARTESIAN_POINT('',(1.481381091721,113.50937651449));
#1283 = CARTESIAN_POINT('',(1.480631661782,109.01522385318));
#1284 = CARTESIAN_POINT('',(1.480256765936,104.50824639932));
#1285 = CARTESIAN_POINT('',(1.480256765936,100.));
#1286 = ( GEOMETRIC_REPRESENTATION_CONTEXT(2) 
PARAMETRIC_REPRESENTATION_CONTEXT() REPRESENTATION_CONTEXT('2D SPACE',''
  ) );
#1287 = PCURVE('',#1288,#1293);
#1288 = CYLINDRICAL_SURFACE('',#1289,75.);
#1289 = AXIS2_PLACEMENT_3D('',#1290,#1291,#1292);
#1290 = CARTESIAN_POINT('',(4.344434519975E-14,709.5,100.));
#1291 = DIRECTION('',(6.123233995737E-17,1.,0.));
#1292 = DIRECTION('',(1.,-6.123233995737E-17,0.));
#1293 = DEFINITIONAL_REPRESENTATION('',(#1294),#1381);
#1294 = B_SPLINE_CURVE_WITH_KNOTS('',8,(#1295,#1296,#1297,#1298,#1299,
    #1300,#1301,#1302,#1303,#1304,#1305,#1306,#1307,#1308,#1309,#1310,
    #1311,#1312,#1313,#1314,#1315,#1316,#1317,#1318,#1319,#1320,#1321,
    #1322,#1323,#1324,#1325,#1326,#1327,#1328,#1329,#1330,#1331,#1332,
    #1333,#1334,#1335,#1336,#1337,#1338,#1339,#1340,#1341,#1342,#1343,
    #1344,#1345,#1346,#1347,#1348,#1349,#1350,#1351,#1352,#1353,#1354,
    #1355,#1356,#1357,#1358,#1359,#1360,#1361,#1362,#1363,#1364,#1365,
    #1366,#1367,#1368,#1369,#1370,#1371,#1372,#1373,#1374,#1375,#1376,
    #1377,#1378,#1379,#1380),.UNSPECIFIED.,.F.,.F.,(9,7,7,7,7,7,7,7,7,7,
    7,7,9),(0.,0.130043895359,0.203353112544,0.250491407335,
    0.326735380538,0.429914555711,0.499432061299,0.596491187767,
    0.672160030931,0.751286098923,0.827469529079,0.910809504177,1.),
  .UNSPECIFIED.);
#1295 = CARTESIAN_POINT('',(0.,116.60244522093));
#1296 = CARTESIAN_POINT('',(8.816667167696E-02,116.60244522093));
#1297 = CARTESIAN_POINT('',(0.176217364646,116.66293625565));
#1298 = CARTESIAN_POINT('',(0.264765940981,116.78363810051));
#1299 = CARTESIAN_POINT('',(0.354382332355,116.96260081929));
#1300 = CARTESIAN_POINT('',(0.445626902424,117.19598585613));
#1301 = CARTESIAN_POINT('',(0.539080153064,117.47716832207));
#1302 = CARTESIAN_POINT('',(0.635371839811,117.79514699475));
#1303 = CARTESIAN_POINT('',(0.791579578102,118.32331333717));
#1304 = CARTESIAN_POINT('',(0.849209344812,118.52058534244));
#1305 = CARTESIAN_POINT('',(0.908187324023,118.72134667576));
#1306 = CARTESIAN_POINT('',(0.968557751229,118.92149068482));
#1307 = CARTESIAN_POINT('',(1.030380534771,119.11620854464));
#1308 = CARTESIAN_POINT('',(1.093732633672,119.30005798217));
#1309 = CARTESIAN_POINT('',(1.158711446865,119.4671265127));
#1310 = CARTESIAN_POINT('',(1.268353363976,119.7040732091));
#1311 = CARTESIAN_POINT('',(1.311973078937,119.78732341965));
#1312 = CARTESIAN_POINT('',(1.356171316971,119.85913564458));
#1313 = CARTESIAN_POINT('',(1.400829471627,119.91777961181));
#1314 = CARTESIAN_POINT('',(1.44583814444,119.96186857104));
#1315 = CARTESIAN_POINT('',(1.491093488667,119.99044169691));
#1316 = CARTESIAN_POINT('',(1.536493853149,120.00301192427));
#1317 = CARTESIAN_POINT('',(1.655438434734,119.99402697042));
#1318 = CARTESIAN_POINT('',(1.728266721449,119.94666650521));
#1319 = CARTESIAN_POINT('',(1.800234606238,119.85903834823));
#1320 = CARTESIAN_POINT('',(1.87114367575,119.73515773962));
#1321 = CARTESIAN_POINT('',(1.940769207136,119.58124696798));
#1322 = CARTESIAN_POINT('',(2.008845471112,119.40497768014));
#1323 = CARTESIAN_POINT('',(2.075046386749,119.21452434564));
#1324 = CARTESIAN_POINT('',(2.225445024073,118.75141297682));
#1325 = CARTESIAN_POINT('',(2.308720344263,118.47046048368));
#1326 = CARTESIAN_POINT('',(2.389242702185,118.18875680421));
#1327 = CARTESIAN_POINT('',(2.46738935707,117.91734270099));
#1328 = CARTESIAN_POINT('',(2.543501937726,117.6643977825));
#1329 = CARTESIAN_POINT('',(2.617899166586,117.43586945325));
#1330 = CARTESIAN_POINT('',(2.690897232693,117.23600425413));
#1331 = CARTESIAN_POINT('',(2.811276783807,116.95454670304));
#1332 = CARTESIAN_POINT('',(2.859250963197,116.85562946341));
#1333 = CARTESIAN_POINT('',(2.906828198646,116.77205681223));
#1334 = CARTESIAN_POINT('',(2.954091057364,116.70453876772));
#1335 = CARTESIAN_POINT('',(3.001119647456,116.65357599433));
#1336 = CARTESIAN_POINT('',(3.047993031983,116.61949084633));
#1337 = CARTESIAN_POINT('',(3.094790494143,116.60244522093));
#1338 = CARTESIAN_POINT('',(3.206937010732,116.60244522093));
#1339 = CARTESIAN_POINT('',(3.272255777303,116.6356726475));
#1340 = CARTESIAN_POINT('',(3.337779050787,116.70208196405));
#1341 = CARTESIAN_POINT('',(3.403728619441,116.80106472328));
#1342 = CARTESIAN_POINT('',(3.470325370321,116.93141961516));
#1343 = CARTESIAN_POINT('',(3.537795161626,117.09121022414));
#1344 = CARTESIAN_POINT('',(3.606376308146,117.2775261332));
#1345 = CARTESIAN_POINT('',(3.730870268314,117.64881965087));
#1346 = CARTESIAN_POINT('',(3.786281001983,117.82515308697));
#1347 = CARTESIAN_POINT('',(3.842686877622,118.01319268926));
#1348 = CARTESIAN_POINT('',(3.900211240826,118.2104438316));
#1349 = CARTESIAN_POINT('',(3.958982995818,118.41378949943));
#1350 = CARTESIAN_POINT('',(4.019139340932,118.61937175519));
#1351 = CARTESIAN_POINT('',(4.080830229469,118.82251213607));
#1352 = CARTESIAN_POINT('',(4.210523585227,119.22186726708));
#1353 = CARTESIAN_POINT('',(4.279345810688,119.41937381869));
#1354 = CARTESIAN_POINT('',(4.350200932111,119.60135398973));
#1355 = CARTESIAN_POINT('',(4.422704100146,119.75853341912));
#1356 = CARTESIAN_POINT('',(4.496542346553,119.88230564132));
#1357 = CARTESIAN_POINT('',(4.571449768788,119.96591176067));
#1358 = CARTESIAN_POINT('',(4.647188616911,120.00534591973));
#1359 = CARTESIAN_POINT('',(4.797031088344,119.99402697042));
#1360 = CARTESIAN_POINT('',(4.86985937505,119.94666650519));
#1361 = CARTESIAN_POINT('',(4.94182725982,119.85903834822));
#1362 = CARTESIAN_POINT('',(5.01273632932,119.73515773966));
#1363 = CARTESIAN_POINT('',(5.08236186071,119.58124696804));
#1364 = CARTESIAN_POINT('',(5.150438124707,119.40497768014));
#1365 = CARTESIAN_POINT('',(5.216639040367,119.21452434556));
#1366 = CARTESIAN_POINT('',(5.350463296189,118.80244924037));
#1367 = CARTESIAN_POINT('',(5.418292674289,118.57755864934));
#1368 = CARTESIAN_POINT('',(5.484272994798,118.35040431096));
#1369 = CARTESIAN_POINT('',(5.548606594329,118.12712976252));
#1370 = CARTESIAN_POINT('',(5.61147675141,117.91266761662));
#1371 = CARTESIAN_POINT('',(5.673055851972,117.71088425737));
#1372 = CARTESIAN_POINT('',(5.733510658143,117.52478294658));
#1373 = CARTESIAN_POINT('',(5.85668153524,117.17675669491));
#1374 = CARTESIAN_POINT('',(5.919299745851,117.01732945435));
#1375 = CARTESIAN_POINT('',(5.981060591304,116.8812748417));
#1376 = CARTESIAN_POINT('',(6.04214569619,116.7706288219));
#1377 = CARTESIAN_POINT('',(6.102729314764,116.68676963034));
#1378 = CARTESIAN_POINT('',(6.162982328888,116.63056241668));
#1379 = CARTESIAN_POINT('',(6.223075355189,116.60244522093));
#1380 = CARTESIAN_POINT('',(6.28318530718,116.60244522093));
#1381 = ( GEOMETRIC_REPRESENTATION_CONTEXT(2) 
PARAMETRIC_REPRESENTATION_CONTEXT() REPRESENTATION_CONTEXT('2D SPACE',''
  ) );
#1382 = ADVANCED_FACE('',(#1383),#162,.T.);
#1383 = FACE_BOUND('',#1384,.T.);
#1384 = EDGE_LOOP('',(#1385,#1408,#1435,#1436,#1437));
#1385 = ORIENTED_EDGE('',*,*,#1386,.T.);
#1386 = EDGE_CURVE('',#22,#1387,#1389,.T.);
#1387 = VERTEX_POINT('',#1388);
#1388 = CARTESIAN_POINT('',(959.5,1.836970198721E-14,1.425E+03));
#1389 = SEAM_CURVE('',#1390,(#1394,#1401),.PCURVE_S1.);
#1390 = LINE('',#1391,#1392);
#1391 = CARTESIAN_POINT('',(709.5,1.836970198721E-14,1.425E+03));
#1392 = VECTOR('',#1393,1.);
#1393 = DIRECTION('',(1.,0.,0.));
#1394 = PCURVE('',#162,#1395);
#1395 = DEFINITIONAL_REPRESENTATION('',(#1396),#1400);
#1396 = LINE('',#1397,#1398);
#1397 = CARTESIAN_POINT('',(6.28318530718,-0.));
#1398 = VECTOR('',#1399,1.);
#1399 = DIRECTION('',(0.,1.));
#1400 = ( GEOMETRIC_REPRESENTATION_CONTEXT(2) 
PARAMETRIC_REPRESENTATION_CONTEXT() REPRESENTATION_CONTEXT('2D SPACE',''
  ) );
#1401 = PCURVE('',#162,#1402);
#1402 = DEFINITIONAL_REPRESENTATION('',(#1403),#1407);
#1403 = LINE('',#1404,#1405);
#1404 = CARTESIAN_POINT('',(0.,-0.));
#1405 = VECTOR('',#1406,1.);
#1406 = DIRECTION('',(0.,1.));
#1407 = ( GEOMETRIC_REPRESENTATION_CONTEXT(2) 
PARAMETRIC_REPRESENTATION_CONTEXT() REPRESENTATION_CONTEXT('2D SPACE',''
  ) );
#1408 = ORIENTED_EDGE('',*,*,#1409,.F.);
#1409 = EDGE_CURVE('',#1387,#1387,#1410,.T.);
#1410 = SURFACE_CURVE('',#1411,(#1416,#1423),.PCURVE_S1.);
#1411 = CIRCLE('',#1412,75.);
#1412 = AXIS2_PLACEMENT_3D('',#1413,#1414,#1415);
#1413 = CARTESIAN_POINT('',(959.5,0.,1.35E+03));
#1414 = DIRECTION('',(1.,0.,0.));
#1415 = DIRECTION('',(-0.,0.,1.));
#1416 = PCURVE('',#162,#1417);
#1417 = DEFINITIONAL_REPRESENTATION('',(#1418),#1422);
#1418 = LINE('',#1419,#1420);
#1419 = CARTESIAN_POINT('',(0.,250.));
#1420 = VECTOR('',#1421,1.);
#1421 = DIRECTION('',(1.,0.));
#1422 = ( GEOMETRIC_REPRESENTATION_CONTEXT(2) 
PARAMETRIC_REPRESENTATION_CONTEXT() REPRESENTATION_CONTEXT('2D SPACE',''
  ) );
#1423 = PCURVE('',#1424,#1429);
#1424 = PLANE('',#1425);
#1425 = AXIS2_PLACEMENT_3D('',#1426,#1427,#1428);
#1426 = CARTESIAN_POINT('',(959.5,0.,1.35E+03));
#1427 = DIRECTION('',(1.,0.,0.));
#1428 = DIRECTION('',(-0.,0.,1.));
#1429 = DEFINITIONAL_REPRESENTATION('',(#1430),#1434);
#1430 = CIRCLE('',#1431,75.);
#1431 = AXIS2_PLACEMENT_2D('',#1432,#1433);
#1432 = CARTESIAN_POINT('',(0.,0.));
#1433 = DIRECTION('',(1.,0.));
#1434 = ( GEOMETRIC_REPRESENTATION_CONTEXT(2) 
PARAMETRIC_REPRESENTATION_CONTEXT() REPRESENTATION_CONTEXT('2D SPACE',''
  ) );
#1435 = ORIENTED_EDGE('',*,*,#1386,.F.);
#1436 = ORIENTED_EDGE('',*,*,#21,.T.);
#1437 = ORIENTED_EDGE('',*,*,#515,.T.);
#1438 = ADVANCED_FACE('',(#1439),#753,.T.);
#1439 = FACE_BOUND('',#1440,.T.);
#1440 = EDGE_LOOP('',(#1441,#1464,#1465,#1882,#1883,#1884));
#1441 = ORIENTED_EDGE('',*,*,#1442,.T.);
#1442 = EDGE_CURVE('',#1443,#714,#1445,.T.);
#1443 = VERTEX_POINT('',#1444);
#1444 = CARTESIAN_POINT('',(40.,-9.797174393179E-15,-268.));
#1445 = SEAM_CURVE('',#1446,(#1450,#1457),.PCURVE_S1.);
#1446 = LINE('',#1447,#1448);
#1447 = CARTESIAN_POINT('',(40.,-9.797174393179E-15,-268.));
#1448 = VECTOR('',#1449,1.);
#1449 = DIRECTION('',(0.94692981457,-2.319309132862E-16,0.32144039304));
#1450 = PCURVE('',#753,#1451);
#1451 = DEFINITIONAL_REPRESENTATION('',(#1452),#1456);
#1452 = LINE('',#1453,#1454);
#1453 = CARTESIAN_POINT('',(6.28318530718,-0.));
#1454 = VECTOR('',#1455,1.);
#1455 = DIRECTION('',(0.,1.));
#1456 = ( GEOMETRIC_REPRESENTATION_CONTEXT(2) 
PARAMETRIC_REPRESENTATION_CONTEXT() REPRESENTATION_CONTEXT('2D SPACE',''
  ) );
#1457 = PCURVE('',#753,#1458);
#1458 = DEFINITIONAL_REPRESENTATION('',(#1459),#1463);
#1459 = LINE('',#1460,#1461);
#1460 = CARTESIAN_POINT('',(0.,-0.));
#1461 = VECTOR('',#1462,1.);
#1462 = DIRECTION('',(0.,1.));
#1463 = ( GEOMETRIC_REPRESENTATION_CONTEXT(2) 
PARAMETRIC_REPRESENTATION_CONTEXT() REPRESENTATION_CONTEXT('2D SPACE',''
  ) );
#1464 = ORIENTED_EDGE('',*,*,#1082,.F.);
#1465 = ORIENTED_EDGE('',*,*,#1466,.F.);
#1466 = EDGE_CURVE('',#737,#1042,#1467,.T.);
#1467 = SURFACE_CURVE('',#1468,(#1604,#1743),.PCURVE_S1.);
#1468 = B_SPLINE_CURVE_WITH_KNOTS('',8,(#1469,#1470,#1471,#1472,#1473,
    #1474,#1475,#1476,#1477,#1478,#1479,#1480,#1481,#1482,#1483,#1484,
    #1485,#1486,#1487,#1488,#1489,#1490,#1491,#1492,#1493,#1494,#1495,
    #1496,#1497,#1498,#1499,#1500,#1501,#1502,#1503,#1504,#1505,#1506,
    #1507,#1508,#1509,#1510,#1511,#1512,#1513,#1514,#1515,#1516,#1517,
    #1518,#1519,#1520,#1521,#1522,#1523,#1524,#1525,#1526,#1527,#1528,
    #1529,#1530,#1531,#1532,#1533,#1534,#1535,#1536,#1537,#1538,#1539,
    #1540,#1541,#1542,#1543,#1544,#1545,#1546,#1547,#1548,#1549,#1550,
    #1551,#1552,#1553,#1554,#1555,#1556,#1557,#1558,#1559,#1560,#1561,
    #1562,#1563,#1564,#1565,#1566,#1567,#1568,#1569,#1570,#1571,#1572,
    #1573,#1574,#1575,#1576,#1577,#1578,#1579,#1580,#1581,#1582,#1583,
    #1584,#1585,#1586,#1587,#1588,#1589,#1590,#1591,#1592,#1593,#1594,
    #1595,#1596,#1597,#1598,#1599,#1600,#1601,#1602,#1603),
  .UNSPECIFIED.,.F.,.F.,(9,7,7,7,7,7,7,7,7,7,7,7,7,7,7,7,7,7,7,9),(0.,
    0.149158348482,0.273358692904,0.33774884478,0.391330734139,
    0.424943671398,0.453317182871,0.474442318055,0.483423054936,
    0.488846564775,0.50000869163,0.515305591371,0.523535423059,
    0.54119629718,0.573155056847,0.610465539267,0.655975398637,
    0.734342087798,0.829434080629,1.),.UNSPECIFIED.);
#1469 = CARTESIAN_POINT('',(-827.6141915167,55.901699437495,
    9.237055564881E-14));
#1470 = CARTESIAN_POINT('',(-824.6132034962,54.973626906806,
    -1.037616633335));
#1471 = CARTESIAN_POINT('',(-821.6166984346,54.006717328185,
    -2.074358468279));
#1472 = CARTESIAN_POINT('',(-818.6250297676,52.998556485221,
    -3.110111100796));
#1473 = CARTESIAN_POINT('',(-815.6386743908,51.94638329628,
    -4.144717180887));
#1474 = CARTESIAN_POINT('',(-812.658245924,50.846972957307,
    -5.177971545277));
#1475 = CARTESIAN_POINT('',(-809.6845070892,49.696524268054,
    -6.209616639163));
#1476 = CARTESIAN_POINT('',(-806.7183958232,48.490424204408,
    -7.239333067999));
#1477 = CARTESIAN_POINT('',(-801.2985982369,46.167213547969,
    -9.122199059696));
#1478 = CARTESIAN_POINT('',(-798.8424034582,45.069061177631,
    -9.975997407127));
#1479 = CARTESIAN_POINT('',(-796.3930317323,43.924846972005,
    -10.82793155137));
#1480 = CARTESIAN_POINT('',(-793.9513104838,42.730538551774,
    -11.67771616169));
#1481 = CARTESIAN_POINT('',(-791.5183807807,41.481381364451,
    -12.52495583908));
#1482 = CARTESIAN_POINT('',(-789.0957555501,40.171533605102,
    -13.36912417463));
#1483 = CARTESIAN_POINT('',(-786.6853730007,38.793720301485,
    -14.2095444362));
#1484 = CARTESIAN_POINT('',(-783.0478886544,36.582928992421,
    -15.47859811508));
#1485 = CARTESIAN_POINT('',(-781.8100110643,35.807142192866,
    -15.91061122115));
#1486 = CARTESIAN_POINT('',(-780.5765433576,35.00897072131,
    -16.34122484208));
#1487 = CARTESIAN_POINT('',(-779.3479392181,34.186817538756,
    -16.77027991377));
#1488 = CARTESIAN_POINT('',(-778.1247710449,33.338856699751,
    -17.19757561533));
#1489 = CARTESIAN_POINT('',(-776.907742006,32.462975442084,
    -17.62286504464));
#1490 = CARTESIAN_POINT('',(-775.6977099043,31.556659973405,
    -18.04584673401));
#1491 = CARTESIAN_POINT('',(-773.4955179523,29.834645815068,
    -18.81589898409));
#1492 = CARTESIAN_POINT('',(-772.5009966005,29.029363822314,
    -19.1637532594));
#1493 = CARTESIAN_POINT('',(-771.5127028199,28.199060168971,
    -19.50952326682));
#1494 = CARTESIAN_POINT('',(-770.5313812425,27.341659665822,
    -19.85294703394));
#1495 = CARTESIAN_POINT('',(-769.5580162123,26.454779835716,
    -20.1936782929));
#1496 = CARTESIAN_POINT('',(-768.5938537489,25.535650678972,
    -20.53127861383));
#1497 = CARTESIAN_POINT('',(-767.6404549857,24.580920812271,
    -20.86519846913));
#1498 = CARTESIAN_POINT('',(-766.1097383869,22.962226518529,
    -21.40145836725));
#1499 = CARTESIAN_POINT('',(-765.5247601902,22.322586482975,
    -21.60642944549));
#1500 = CARTESIAN_POINT('',(-764.9453495042,21.666201346611,
    -21.80948329081));
#1501 = CARTESIAN_POINT('',(-764.3721138247,20.991888832844,
    -22.01040602276));
#1502 = CARTESIAN_POINT('',(-763.8058144587,20.298350527974,
    -22.20892965953));
#1503 = CARTESIAN_POINT('',(-763.2473791244,19.584137702398,
    -22.40472763379));
#1504 = CARTESIAN_POINT('',(-762.6979270706,18.84758335908,
    -22.59740591181));
#1505 = CARTESIAN_POINT('',(-761.7037448123,17.44436006509,
    -22.94609198137));
#1506 = CARTESIAN_POINT('',(-761.2561555893,16.784855379428,
    -23.10309413557));
#1507 = CARTESIAN_POINT('',(-760.8167978283,16.106859929478,
    -23.2572289123));
#1508 = CARTESIAN_POINT('',(-760.3866722601,15.409069888159,
    -23.40814402224));
#1509 = CARTESIAN_POINT('',(-759.9670460426,14.690148893082,
    -23.55539347276));
#1510 = CARTESIAN_POINT('',(-759.5594642045,13.948705864983,
    -23.6984334709));
#1511 = CARTESIAN_POINT('',(-759.1657744815,13.183247114561,
    -23.83661364299));
#1512 = CARTESIAN_POINT('',(-758.5070460548,11.803020950526,
    -24.06784337236));
#1513 = CARTESIAN_POINT('',(-758.2349121924,11.199875884643,
    -24.16337703526));
#1514 = CARTESIAN_POINT('',(-757.972672826,10.581939334268,
    -24.25544464606));
#1515 = CARTESIAN_POINT('',(-757.7214229156,9.94864769015,
    -24.34366085598));
#1516 = CARTESIAN_POINT('',(-757.4824496231,9.29958638453,
    -24.42757270673));
#1517 = CARTESIAN_POINT('',(-757.2572111995,8.63451583542,
    -24.50666703478));
#1518 = CARTESIAN_POINT('',(-757.0473026452,7.953412890796,
    -24.58038255139));
#1519 = CARTESIAN_POINT('',(-756.7724046577,6.960267330913,
    -24.67692601023));
#1520 = CARTESIAN_POINT('',(-756.6934827384,6.661178611076,
    -24.70464387391));
#1521 = CARTESIAN_POINT('',(-756.6177742667,6.359295274776,
    -24.73123378366));
#1522 = CARTESIAN_POINT('',(-756.5454151038,6.054666541637,
    -24.75664793309));
#1523 = CARTESIAN_POINT('',(-756.4765431245,5.747358655187,
    -24.78083780798));
#1524 = CARTESIAN_POINT('',(-756.4112962485,5.437456348741,
    -24.80375487879));
#1525 = CARTESIAN_POINT('',(-756.3498104727,5.12506431127,
    -24.82535129321));
#1526 = CARTESIAN_POINT('',(-756.257437474,4.620226210104,
    -24.85779712459));
#1527 = CARTESIAN_POINT('',(-756.2240768956,4.42928186806,
    -24.86951508576));
#1528 = CARTESIAN_POINT('',(-756.1921652724,4.23750386612,
    -24.88072421111));
#1529 = CARTESIAN_POINT('',(-756.1617310885,4.044923080911,
    -24.89141447836));
#1530 = CARTESIAN_POINT('',(-756.132801992,3.85157313482,-24.9015761593)
  );
#1531 = CARTESIAN_POINT('',(-756.1054045815,3.657490504097,
    -24.91119989518));
#1532 = CARTESIAN_POINT('',(-756.0795641914,3.462714626964,
    -24.92027677199));
#1533 = CARTESIAN_POINT('',(-756.0053761685,2.865080449627,
    -24.94633675193));
#1534 = CARTESIAN_POINT('',(-755.9621410565,2.460093679254,
    -24.96152417982));
#1535 = CARTESIAN_POINT('',(-755.9258117784,2.052723945994,
    -24.9742859356));
#1536 = CARTESIAN_POINT('',(-755.8965679688,1.643394428172,
    -24.98455881573));
#1537 = CARTESIAN_POINT('',(-755.8745514647,1.232556272183,
    -24.99229291538));
#1538 = CARTESIAN_POINT('',(-755.8598613082,0.82068962764,
    -24.99745338686));
#1539 = CARTESIAN_POINT('',(-755.85254875,0.408304682513,-25.00002219794
    ));
#1540 = CARTESIAN_POINT('',(-755.8526992785,-0.569170027267,
    -24.99996931915));
#1541 = CARTESIAN_POINT('',(-755.8666390823,-1.134348827701,
    -24.99507243826));
#1542 = CARTESIAN_POINT('',(-755.894437347,-1.69815043413,
    -24.98530725053));
#1543 = CARTESIAN_POINT('',(-755.9359063656,-2.259274593377,
    -24.97073979451));
#1544 = CARTESIAN_POINT('',(-755.9906968875,-2.816554956672,
    -24.95149295143));
#1545 = CARTESIAN_POINT('',(-756.0583282073,-3.368950601039,
    -24.927735861));
#1546 = CARTESIAN_POINT('',(-756.1382164981,-3.915538183381,
    -24.89967394603));
#1547 = CARTESIAN_POINT('',(-756.278920854,-4.746010244621,
    -24.85025102901));
#1548 = CARTESIAN_POINT('',(-756.3315016396,-5.034626634938,
    -24.83178208631));
#1549 = CARTESIAN_POINT('',(-756.3873448564,-5.321244580533,
    -24.81216751205));
#1550 = CARTESIAN_POINT('',(-756.4463477799,-5.605770591191,
    -24.79144345093));
#1551 = CARTESIAN_POINT('',(-756.508405258,-5.88812602985,
    -24.76964690221));
#1552 = CARTESIAN_POINT('',(-756.5734111193,-6.168246138264,
    -24.74681522422));
#1553 = CARTESIAN_POINT('',(-756.6412595815,-6.446079062683,
    -24.7229856387));
#1554 = CARTESIAN_POINT('',(-756.8633235745,-7.312808823761,
    -24.64499449477));
#1555 = CARTESIAN_POINT('',(-757.0273975236,-7.893259130914,
    -24.58737240566));
#1556 = CARTESIAN_POINT('',(-757.2030541647,-8.462622879602,
    -24.52568540004));
#1557 = CARTESIAN_POINT('',(-757.3893070529,-9.02076875626,
    -24.46028060123));
#1558 = CARTESIAN_POINT('',(-757.585227721,-9.567713997297,
    -24.39148473188));
#1559 = CARTESIAN_POINT('',(-757.789968336,-10.10359935013,
    -24.31959614272));
#1560 = CARTESIAN_POINT('',(-758.0027769323,-10.62867205313,
    -24.24487946198));
#1561 = CARTESIAN_POINT('',(-758.6215258619,-12.07449521096,
    -24.0276523201));
#1562 = CARTESIAN_POINT('',(-759.0441419897,-12.97096531337,
    -23.87929866801));
#1563 = CARTESIAN_POINT('',(-759.4870936608,-13.83506672223,
    -23.72382532014));
#1564 = CARTESIAN_POINT('',(-759.947271038,-14.66890604815,
    -23.56232686368));
#1565 = CARTESIAN_POINT('',(-760.4221182133,-15.47448810859,
    -23.39570284046));
#1566 = CARTESIAN_POINT('',(-760.9095930342,-16.25378880916,
    -23.2246719631));
#1567 = CARTESIAN_POINT('',(-761.4081523811,-17.00878221565,
    -23.04977745228));
#1568 = CARTESIAN_POINT('',(-762.5104776576,-18.59686091956,
    -22.66313935052));
#1569 = CARTESIAN_POINT('',(-763.1175631817,-19.42139443206,
    -22.45024083654));
#1570 = CARTESIAN_POINT('',(-763.7360250528,-20.21796425036,
    -22.2333901066));
#1571 = CARTESIAN_POINT('',(-764.3642857276,-20.98888197163,
    -22.01314253946));
#1572 = CARTESIAN_POINT('',(-765.0010621605,-21.73612624805,
    -21.78994976983));
#1573 = CARTESIAN_POINT('',(-765.6453236564,-22.46145631996,
    -21.56417459098));
#1574 = CARTESIAN_POINT('',(-766.2962733014,-23.16646228205,
    -21.33609757729));
#1575 = CARTESIAN_POINT('',(-767.7547749874,-24.68956853638,
    -20.82516863373));
#1576 = CARTESIAN_POINT('',(-768.5651446137,-25.49830708168,
    -20.54135030773));
#1577 = CARTESIAN_POINT('',(-769.3832507342,-26.2814057682,
    -20.25488687771));
#1578 = CARTESIAN_POINT('',(-770.2081307458,-27.04093863123,
    -19.96611718495));
#1579 = CARTESIAN_POINT('',(-771.0389934036,-27.7786663305,
    -19.67531966631));
#1580 = CARTESIAN_POINT('',(-771.875193251,-28.49612820834,
    -19.38272141219));
#1581 = CARTESIAN_POINT('',(-772.7162177894,-29.19468862528,
    -19.08850274401));
#1582 = CARTESIAN_POINT('',(-775.017527403,-31.0480621035,
    -18.28361312535));
#1583 = CARTESIAN_POINT('',(-776.4863037346,-32.16798105269,
    -17.77010583028));
#1584 = CARTESIAN_POINT('',(-777.9658919874,-33.2415778903,
    -17.25302292263));
#1585 = CARTESIAN_POINT('',(-779.4546718747,-34.27351118107,
    -16.73293390686));
#1586 = CARTESIAN_POINT('',(-780.9513665656,-35.2675554939,
    -16.21028706296));
#1587 = CARTESIAN_POINT('',(-782.4549803568,-36.22689864179,
    -15.68543161391));
#1588 = CARTESIAN_POINT('',(-783.9647748099,-37.15425667523,
    -15.15862634658));
#1589 = CARTESIAN_POINT('',(-787.3191329512,-39.14139445308,
    -13.98866575595));
#1590 = CARTESIAN_POINT('',(-789.1661773267,-40.18707802567,
    -13.34474286758));
#1591 = CARTESIAN_POINT('',(-791.0202884284,-41.19326106349,
    -12.69866097532));
#1592 = CARTESIAN_POINT('',(-792.8805961696,-42.16325693048,
    -12.05072388598));
#1593 = CARTESIAN_POINT('',(-794.7463908143,-43.09982403584,
    -11.40117876256));
#1594 = CARTESIAN_POINT('',(-796.6170980584,-44.00532450701,
    -10.75022503666));
#1595 = CARTESIAN_POINT('',(-798.4922667444,-44.88180287781,
    -10.09801886199));
#1596 = CARTESIAN_POINT('',(-803.7424262487,-47.25438093805,
    -8.272783609468));
#1597 = CARTESIAN_POINT('',(-807.1263089844,-48.69002135984,
    -7.097323110245));
#1598 = CARTESIAN_POINT('',(-810.5211217077,-50.04836695857,
    -5.919014316824));
#1599 = CARTESIAN_POINT('',(-813.92526993,-51.33699624891,
    -4.738402393112));
#1600 = CARTESIAN_POINT('',(-817.3374933338,-52.56201635021,
    -3.555914472809));
#1601 = CARTESIAN_POINT('',(-820.7568248413,-53.72842306357,
    -2.371874632016));
#1602 = CARTESIAN_POINT('',(-824.1825503922,-54.84044499691,
    -1.186518535282));
#1603 = CARTESIAN_POINT('',(-827.6141915167,-55.90169943749,0.));
#1604 = PCURVE('',#753,#1605);
#1605 = DEFINITIONAL_REPRESENTATION('',(#1606),#1742);
#1606 = B_SPLINE_CURVE_WITH_KNOTS('',8,(#1607,#1608,#1609,#1610,#1611,
    #1612,#1613,#1614,#1615,#1616,#1617,#1618,#1619,#1620,#1621,#1622,
    #1623,#1624,#1625,#1626,#1627,#1628,#1629,#1630,#1631,#1632,#1633,
    #1634,#1635,#1636,#1637,#1638,#1639,#1640,#1641,#1642,#1643,#1644,
    #1645,#1646,#1647,#1648,#1649,#1650,#1651,#1652,#1653,#1654,#1655,
    #1656,#1657,#1658,#1659,#1660,#1661,#1662,#1663,#1664,#1665,#1666,
    #1667,#1668,#1669,#1670,#1671,#1672,#1673,#1674,#1675,#1676,#1677,
    #1678,#1679,#1680,#1681,#1682,#1683,#1684,#1685,#1686,#1687,#1688,
    #1689,#1690,#1691,#1692,#1693,#1694,#1695,#1696,#1697,#1698,#1699,
    #1700,#1701,#1702,#1703,#1704,#1705,#1706,#1707,#1708,#1709,#1710,
    #1711,#1712,#1713,#1714,#1715,#1716,#1717,#1718,#1719,#1720,#1721,
    #1722,#1723,#1724,#1725,#1726,#1727,#1728,#1729,#1730,#1731,#1732,
    #1733,#1734,#1735,#1736,#1737,#1738,#1739,#1740,#1741),
  .UNSPECIFIED.,.F.,.F.,(9,7,7,7,7,7,7,7,7,7,7,7,7,7,7,7,7,7,7,9),(0.,
    0.149158348482,0.273358692904,0.33774884478,0.391330734139,
    0.424943671398,0.453317182871,0.474442318055,0.483423054936,
    0.488846564775,0.50000869163,0.515305591371,0.523535423059,
    0.54119629718,0.573155056847,0.610465539267,0.655975398637,
    0.734342087798,0.829434080629,1.),.UNSPECIFIED.);
#1607 = CARTESIAN_POINT('',(3.074149494063,268.));
#1608 = CARTESIAN_POINT('',(3.075021971353,266.96238336666));
#1609 = CARTESIAN_POINT('',(3.075948874949,265.92564153172));
#1610 = CARTESIAN_POINT('',(3.076933930136,264.8898888992));
#1611 = CARTESIAN_POINT('',(3.077981372433,263.85528281911));
#1612 = CARTESIAN_POINT('',(3.079096109462,262.82202845472));
#1613 = CARTESIAN_POINT('',(3.080283877686,261.79038336083));
#1614 = CARTESIAN_POINT('',(3.081551565737,260.760666932));
#1615 = CARTESIAN_POINT('',(3.084037241022,258.8778009403));
#1616 = CARTESIAN_POINT('',(3.085227966253,258.02400259287));
#1617 = CARTESIAN_POINT('',(3.08648512169,257.17206844862));
#1618 = CARTESIAN_POINT('',(3.087814603994,256.3222838383));
#1619 = CARTESIAN_POINT('',(3.089223339132,255.47504416091));
#1620 = CARTESIAN_POINT('',(3.090719775258,254.63087582536));
#1621 = CARTESIAN_POINT('',(3.092314351193,253.79045556379));
#1622 = CARTESIAN_POINT('',(3.094906522478,252.52140188491));
#1623 = CARTESIAN_POINT('',(3.095821762253,252.08938877884));
#1624 = CARTESIAN_POINT('',(3.096769215009,251.65877515791));
#1625 = CARTESIAN_POINT('',(3.097751137275,251.22972008622));
#1626 = CARTESIAN_POINT('',(3.098770103478,250.80242438467));
#1627 = CARTESIAN_POINT('',(3.099829083011,250.37713495535));
#1628 = CARTESIAN_POINT('',(3.100931592303,249.95415326598));
#1629 = CARTESIAN_POINT('',(3.103039296364,249.1841010159));
#1630 = CARTESIAN_POINT('',(3.104029650343,248.83624674059));
#1631 = CARTESIAN_POINT('',(3.105055636474,248.49047673317));
#1632 = CARTESIAN_POINT('',(3.106120132533,248.14705296605));
#1633 = CARTESIAN_POINT('',(3.107226440586,247.80632170709));
#1634 = CARTESIAN_POINT('',(3.108378391827,247.46872138616));
#1635 = CARTESIAN_POINT('',(3.109580601776,247.13480153086));
#1636 = CARTESIAN_POINT('',(3.111628493825,246.59854163274));
#1637 = CARTESIAN_POINT('',(3.112439964977,246.3935705545));
#1638 = CARTESIAN_POINT('',(3.113274961177,246.19051670918));
#1639 = CARTESIAN_POINT('',(3.114135099732,245.98959397723));
#1640 = CARTESIAN_POINT('',(3.115022157209,245.79107034047));
#1641 = CARTESIAN_POINT('',(3.115938113116,245.5952723662));
#1642 = CARTESIAN_POINT('',(3.116885237898,245.40259408818));
#1643 = CARTESIAN_POINT('',(3.118694380528,245.05390801862));
#1644 = CARTESIAN_POINT('',(3.119546443793,244.89690586442));
#1645 = CARTESIAN_POINT('',(3.120424204582,244.7427710877));
#1646 = CARTESIAN_POINT('',(3.121329429429,244.59185597775));
#1647 = CARTESIAN_POINT('',(3.122263930943,244.44460652723));
#1648 = CARTESIAN_POINT('',(3.123229592757,244.30156652909));
#1649 = CARTESIAN_POINT('',(3.12422842737,244.163386357));
#1650 = CARTESIAN_POINT('',(3.126032755746,243.93215662763));
#1651 = CARTESIAN_POINT('',(3.12682224187,243.83662296473));
#1652 = CARTESIAN_POINT('',(3.127632096257,243.74455535393));
#1653 = CARTESIAN_POINT('',(3.128463071725,243.65633914402));
#1654 = CARTESIAN_POINT('',(3.129315718678,243.57242729326));
#1655 = CARTESIAN_POINT('',(3.130190346483,243.49333296521));
#1656 = CARTESIAN_POINT('',(3.131086964309,243.4196174486));
#1657 = CARTESIAN_POINT('',(3.132395563233,243.32307398976));
#1658 = CARTESIAN_POINT('',(3.132789800622,243.29535612608));
#1659 = CARTESIAN_POINT('',(3.133187866067,243.26876621633));
#1660 = CARTESIAN_POINT('',(3.133589690843,243.2433520669));
#1661 = CARTESIAN_POINT('',(3.133995183046,243.21916219201));
#1662 = CARTESIAN_POINT('',(3.134404225603,243.1962451212));
#1663 = CARTESIAN_POINT('',(3.134816674284,243.17464870678));
#1664 = CARTESIAN_POINT('',(3.135483387709,243.1422028754));
#1665 = CARTESIAN_POINT('',(3.135735598541,243.13048491424));
#1666 = CARTESIAN_POINT('',(3.135988949415,243.11927578888));
#1667 = CARTESIAN_POINT('',(3.136243397942,243.10858552163));
#1668 = CARTESIAN_POINT('',(3.136498897999,243.09842384069));
#1669 = CARTESIAN_POINT('',(3.136755399582,243.08880010481));
#1670 = CARTESIAN_POINT('',(3.137012848671,243.079723228));
#1671 = CARTESIAN_POINT('',(3.137802873443,243.05366324806));
#1672 = CARTESIAN_POINT('',(3.138338356943,243.03847582017));
#1673 = CARTESIAN_POINT('',(3.138877096579,243.02571406439));
#1674 = CARTESIAN_POINT('',(3.139418513792,243.01544118427));
#1675 = CARTESIAN_POINT('',(3.13996199155,243.00770708461));
#1676 = CARTESIAN_POINT('',(3.140506873435,243.00254661313));
#1677 = CARTESIAN_POINT('',(3.141052462717,242.99997780205));
#1678 = CARTESIAN_POINT('',(3.142345670802,243.00003068084));
#1679 = CARTESIAN_POINT('',(3.143093407282,243.00492756173));
#1680 = CARTESIAN_POINT('',(3.143839265336,243.01469274946));
#1681 = CARTESIAN_POINT('',(3.144581468579,243.02926020548));
#1682 = CARTESIAN_POINT('',(3.145318420735,243.04850704856));
#1683 = CARTESIAN_POINT('',(3.146048696603,243.07226413899));
#1684 = CARTESIAN_POINT('',(3.146771033059,243.10032605396));
#1685 = CARTESIAN_POINT('',(3.14786807311,243.14974897098));
#1686 = CARTESIAN_POINT('',(3.148249242906,243.16821791368));
#1687 = CARTESIAN_POINT('',(3.148627679377,243.18783248794));
#1688 = CARTESIAN_POINT('',(3.14900325396,243.20855654906));
#1689 = CARTESIAN_POINT('',(3.149375858288,243.23035309778));
#1690 = CARTESIAN_POINT('',(3.149745402877,243.25318477578));
#1691 = CARTESIAN_POINT('',(3.15011181581,243.27701436129));
#1692 = CARTESIAN_POINT('',(3.151254508408,243.35500550522));
#1693 = CARTESIAN_POINT('',(3.152019222242,243.41262759433));
#1694 = CARTESIAN_POINT('',(3.152768740568,243.47431459995));
#1695 = CARTESIAN_POINT('',(3.15350287106,243.53971939877));
#1696 = CARTESIAN_POINT('',(3.154221625925,243.60851526811));
#1697 = CARTESIAN_POINT('',(3.154925186886,243.68040385727));
#1698 = CARTESIAN_POINT('',(3.155613880636,243.75512053802));
#1699 = CARTESIAN_POINT('',(3.157508335711,243.97234767989));
#1700 = CARTESIAN_POINT('',(3.158680705134,244.12070133198));
#1701 = CARTESIAN_POINT('',(3.159808430246,244.27617467985));
#1702 = CARTESIAN_POINT('',(3.160894341394,244.43767313631));
#1703 = CARTESIAN_POINT('',(3.161941151545,244.60429715953));
#1704 = CARTESIAN_POINT('',(3.162951539959,244.77532803689));
#1705 = CARTESIAN_POINT('',(3.163928178075,244.95022254771));
#1706 = CARTESIAN_POINT('',(3.165977698648,245.33686064947));
#1707 = CARTESIAN_POINT('',(3.167038720845,245.54975916345));
#1708 = CARTESIAN_POINT('',(3.16806074344,245.76660989339));
#1709 = CARTESIAN_POINT('',(3.169046914527,245.98685746053));
#1710 = CARTESIAN_POINT('',(3.16999993869,246.21005023016));
#1711 = CARTESIAN_POINT('',(3.170922223922,246.43582540901));
#1712 = CARTESIAN_POINT('',(3.171815945546,246.6639024227));
#1713 = CARTESIAN_POINT('',(3.173740858235,247.17483136626));
#1714 = CARTESIAN_POINT('',(3.174758886114,247.45864969226));
#1715 = CARTESIAN_POINT('',(3.175740719395,247.74511312228));
#1716 = CARTESIAN_POINT('',(3.176689213267,248.03388281504));
#1717 = CARTESIAN_POINT('',(3.177606800203,248.32468033368));
#1718 = CARTESIAN_POINT('',(3.178495611132,248.6172785878));
#1719 = CARTESIAN_POINT('',(3.179357536127,248.91149725598));
#1720 = CARTESIAN_POINT('',(3.181635140021,249.71638687464));
#1721 = CARTESIAN_POINT('',(3.183001125114,250.22989416971));
#1722 = CARTESIAN_POINT('',(3.184300887334,250.74697707736));
#1723 = CARTESIAN_POINT('',(3.185540941996,251.26706609313));
#1724 = CARTESIAN_POINT('',(3.186726598653,251.78971293703));
#1725 = CARTESIAN_POINT('',(3.187862356749,252.31456838608));
#1726 = CARTESIAN_POINT('',(3.188952058572,252.84137365341));
#1727 = CARTESIAN_POINT('',(3.191269578621,254.01133424404));
#1728 = CARTESIAN_POINT('',(3.192477101724,254.65525713241));
#1729 = CARTESIAN_POINT('',(3.193627601983,255.30133902467));
#1730 = CARTESIAN_POINT('',(3.194725827154,255.94927611401));
#1731 = CARTESIAN_POINT('',(3.195775756776,256.59882123743));
#1732 = CARTESIAN_POINT('',(3.196780815994,257.24977496334));
#1733 = CARTESIAN_POINT('',(3.197743982067,257.90198113801));
#1734 = CARTESIAN_POINT('',(3.200325100555,259.72721639053));
#1735 = CARTESIAN_POINT('',(3.201855885136,260.90267688975));
#1736 = CARTESIAN_POINT('',(3.203275418229,262.08098568317));
#1737 = CARTESIAN_POINT('',(3.204594973815,263.26159760688));
#1738 = CARTESIAN_POINT('',(3.205823736221,264.44408552718));
#1739 = CARTESIAN_POINT('',(3.206969297713,265.62812536798));
#1740 = CARTESIAN_POINT('',(3.208038132044,266.81348146471));
#1741 = CARTESIAN_POINT('',(3.209035813116,268.));
#1742 = ( GEOMETRIC_REPRESENTATION_CONTEXT(2) 
PARAMETRIC_REPRESENTATION_CONTEXT() REPRESENTATION_CONTEXT('2D SPACE',''
  ) );
#1743 = PCURVE('',#946,#1744);
#1744 = DEFINITIONAL_REPRESENTATION('',(#1745),#1881);
#1745 = B_SPLINE_CURVE_WITH_KNOTS('',8,(#1746,#1747,#1748,#1749,#1750,
    #1751,#1752,#1753,#1754,#1755,#1756,#1757,#1758,#1759,#1760,#1761,
    #1762,#1763,#1764,#1765,#1766,#1767,#1768,#1769,#1770,#1771,#1772,
    #1773,#1774,#1775,#1776,#1777,#1778,#1779,#1780,#1781,#1782,#1783,
    #1784,#1785,#1786,#1787,#1788,#1789,#1790,#1791,#1792,#1793,#1794,
    #1795,#1796,#1797,#1798,#1799,#1800,#1801,#1802,#1803,#1804,#1805,
    #1806,#1807,#1808,#1809,#1810,#1811,#1812,#1813,#1814,#1815,#1816,
    #1817,#1818,#1819,#1820,#1821,#1822,#1823,#1824,#1825,#1826,#1827,
    #1828,#1829,#1830,#1831,#1832,#1833,#1834,#1835,#1836,#1837,#1838,
    #1839,#1840,#1841,#1842,#1843,#1844,#1845,#1846,#1847,#1848,#1849,
    #1850,#1851,#1852,#1853,#1854,#1855,#1856,#1857,#1858,#1859,#1860,
    #1861,#1862,#1863,#1864,#1865,#1866,#1867,#1868,#1869,#1870,#1871,
    #1872,#1873,#1874,#1875,#1876,#1877,#1878,#1879,#1880),
  .UNSPECIFIED.,.F.,.F.,(9,7,7,7,7,7,7,7,7,7,7,7,7,7,7,7,7,7,7,9),(0.,
    0.149158348482,0.273358692904,0.33774884478,0.391330734139,
    0.424943671398,0.453317182871,0.474442318055,0.483423054936,
    0.488846564775,0.50000869163,0.515305591371,0.523535423059,
    0.54119629718,0.573155056847,0.610465539267,0.655975398637,
    0.734342087798,0.829434080629,1.),.UNSPECIFIED.);
#1746 = CARTESIAN_POINT('',(3.871320309817,118.11419151679));
#1747 = CARTESIAN_POINT('',(3.889881760431,115.11320349629));
#1748 = CARTESIAN_POINT('',(3.908779733664,112.11669843468));
#1749 = CARTESIAN_POINT('',(3.928044307487,109.12502976766));
#1750 = CARTESIAN_POINT('',(3.947709662538,106.13867439083));
#1751 = CARTESIAN_POINT('',(3.967815613414,103.15824592407));
#1752 = CARTESIAN_POINT('',(3.988409077334,100.18450708929));
#1753 = CARTESIAN_POINT('',(4.009547132025,97.218395823239));
#1754 = CARTESIAN_POINT('',(4.049419131884,91.798598236918));
#1755 = CARTESIAN_POINT('',(4.0679621467,89.342403458275));
#1756 = CARTESIAN_POINT('',(4.086975697967,86.893031732368));
#1757 = CARTESIAN_POINT('',(4.10651003773,84.451310483867));
#1758 = CARTESIAN_POINT('',(4.12662431761,82.018380780707));
#1759 = CARTESIAN_POINT('',(4.14739141231,79.595755550201));
#1760 = CARTESIAN_POINT('',(4.168902470042,77.185373000745));
#1761 = CARTESIAN_POINT('',(4.202890952934,73.54788865446));
#1762 = CARTESIAN_POINT('',(4.214729475355,72.310011064333));
#1763 = CARTESIAN_POINT('',(4.226819938953,71.076543357675));
#1764 = CARTESIAN_POINT('',(4.239182534573,69.847939218147));
#1765 = CARTESIAN_POINT('',(4.251840351141,68.624771044927));
#1766 = CARTESIAN_POINT('',(4.264820150566,67.407742006086));
#1767 = CARTESIAN_POINT('',(4.278153886306,66.197709904331));
#1768 = CARTESIAN_POINT('',(4.303305208707,63.995517952362));
#1769 = CARTESIAN_POINT('',(4.315000271146,63.000996600531));
#1770 = CARTESIAN_POINT('',(4.326990821759,62.012702819977));
#1771 = CARTESIAN_POINT('',(4.339303407499,61.031381242515));
#1772 = CARTESIAN_POINT('',(4.351968482376,60.058016212318));
#1773 = CARTESIAN_POINT('',(4.365021501773,59.093853748951));
#1774 = CARTESIAN_POINT('',(4.378505528407,58.140454985773));
#1775 = CARTESIAN_POINT('',(4.401241680314,56.609738386911));
#1776 = CARTESIAN_POINT('',(4.410196968276,56.024760190247));
#1777 = CARTESIAN_POINT('',(4.41935718373,55.445349504294));
#1778 = CARTESIAN_POINT('',(4.428737605299,54.872113824738));
#1779 = CARTESIAN_POINT('',(4.43835499928,54.305814458728));
#1780 = CARTESIAN_POINT('',(4.448228095219,53.747379124492));
#1781 = CARTESIAN_POINT('',(4.458378514859,53.197927070695));
#1782 = CARTESIAN_POINT('',(4.477657139005,52.203744812382));
#1783 = CARTESIAN_POINT('',(4.486695836501,51.756155589318));
#1784 = CARTESIAN_POINT('',(4.495965628977,51.316797828306));
#1785 = CARTESIAN_POINT('',(4.505483514132,50.886672260176));
#1786 = CARTESIAN_POINT('',(4.515266890872,50.467046042644));
#1787 = CARTESIAN_POINT('',(4.525333907083,50.059464204534));
#1788 = CARTESIAN_POINT('',(4.535704161213,49.665774481501));
#1789 = CARTESIAN_POINT('',(4.554363642933,49.007046054824));
#1790 = CARTESIAN_POINT('',(4.562505508033,48.734912192484));
#1791 = CARTESIAN_POINT('',(4.570835017411,48.472672826));
#1792 = CARTESIAN_POINT('',(4.579359645047,48.22142291561));
#1793 = CARTESIAN_POINT('',(4.588084937597,47.982449623158));
#1794 = CARTESIAN_POINT('',(4.597014217639,47.757211199502));
#1795 = CARTESIAN_POINT('',(4.606148079959,47.547302645268));
#1796 = CARTESIAN_POINT('',(4.619452440097,47.272404657727));
#1797 = CARTESIAN_POINT('',(4.62345733762,47.193482738497));
#1798 = CARTESIAN_POINT('',(4.627497961829,47.11777426678));
#1799 = CARTESIAN_POINT('',(4.631573700611,47.04541510387));
#1800 = CARTESIAN_POINT('',(4.635683722341,46.976543124513));
#1801 = CARTESIAN_POINT('',(4.639826956885,46.911296248578));
#1802 = CARTESIAN_POINT('',(4.644002076594,46.849810472732));
#1803 = CARTESIAN_POINT('',(4.650747138859,46.757437474015));
#1804 = CARTESIAN_POINT('',(4.653297842357,46.724076895601));
#1805 = CARTESIAN_POINT('',(4.655859228244,46.69216527244));
#1806 = CARTESIAN_POINT('',(4.658430902995,46.661731088504));
#1807 = CARTESIAN_POINT('',(4.66101243765,46.632801992057));
#1808 = CARTESIAN_POINT('',(4.66360336635,46.60540458154));
#1809 = CARTESIAN_POINT('',(4.666203184869,46.579564191458));
#1810 = CARTESIAN_POINT('',(4.674179212647,46.505376168551));
#1811 = CARTESIAN_POINT('',(4.679582731808,46.462141056593));
#1812 = CARTESIAN_POINT('',(4.685016819782,46.425811778421));
#1813 = CARTESIAN_POINT('',(4.69047605235,46.396567968853));
#1814 = CARTESIAN_POINT('',(4.695954649021,46.374551464744));
#1815 = CARTESIAN_POINT('',(4.701446454132,46.359861308249));
#1816 = CARTESIAN_POINT('',(4.706944917943,46.352548750068));
#1817 = CARTESIAN_POINT('',(4.719977914093,46.352699278546));
#1818 = CARTESIAN_POINT('',(4.727513634943,46.366639082332));
#1819 = CARTESIAN_POINT('',(4.735031648601,46.394437347019));
#1820 = CARTESIAN_POINT('',(4.742515270791,46.435906365674));
#1821 = CARTESIAN_POINT('',(4.749949569238,46.490696887513));
#1822 = CARTESIAN_POINT('',(4.757321225854,46.558328207305));
#1823 = CARTESIAN_POINT('',(4.764618416498,46.638216498159));
#1824 = CARTESIAN_POINT('',(4.775710968307,46.778920854071));
#1825 = CARTESIAN_POINT('',(4.77956701936,46.831501639667));
#1826 = CARTESIAN_POINT('',(4.783397468134,46.887344856416));
#1827 = CARTESIAN_POINT('',(4.787201125879,46.946347779944));
#1828 = CARTESIAN_POINT('',(4.790976995719,47.008405258072));
#1829 = CARTESIAN_POINT('',(4.794724259922,47.073411119336));
#1830 = CARTESIAN_POINT('',(4.798442267175,47.141259581512));
#1831 = CARTESIAN_POINT('',(4.810045355632,47.363323574545));
#1832 = CARTESIAN_POINT('',(4.817822404681,47.527397523616));
#1833 = CARTESIAN_POINT('',(4.825457841321,47.703054164791));
#1834 = CARTESIAN_POINT('',(4.832950150568,47.889307052983));
#1835 = CARTESIAN_POINT('',(4.840299707103,48.085227721009));
#1836 = CARTESIAN_POINT('',(4.8475084628,48.28996833608));
#1837 = CARTESIAN_POINT('',(4.85457974285,48.502776932349));
#1838 = CARTESIAN_POINT('',(4.874073752117,49.121525861984));
#1839 = CARTESIAN_POINT('',(4.886187912022,49.544141989791));
#1840 = CARTESIAN_POINT('',(4.897892398989,49.987093660857));
#1841 = CARTESIAN_POINT('',(4.909214949729,50.447271038099));
#1842 = CARTESIAN_POINT('',(4.920181740189,50.922118213391));
#1843 = CARTESIAN_POINT('',(4.930818502142,51.409593034215));
#1844 = CARTESIAN_POINT('',(4.941151001225,51.908152381143));
#1845 = CARTESIAN_POINT('',(4.962943897076,53.010477657688));
#1846 = CARTESIAN_POINT('',(4.97429714888,53.61756318176));
#1847 = CARTESIAN_POINT('',(4.985303062216,54.236025052837));
#1848 = CARTESIAN_POINT('',(4.995991621854,54.864285727633));
#1849 = CARTESIAN_POINT('',(5.006388397207,55.501062160537));
#1850 = CARTESIAN_POINT('',(5.016516095588,56.145323656406));
#1851 = CARTESIAN_POINT('',(5.026395265997,56.796273301446));
#1852 = CARTESIAN_POINT('',(5.047815509994,58.254774987471));
#1853 = CARTESIAN_POINT('',(5.059242339096,59.065144613773));
#1854 = CARTESIAN_POINT('',(5.070358753817,59.88325073428));
#1855 = CARTESIAN_POINT('',(5.081191414146,60.708130745816));
#1856 = CARTESIAN_POINT('',(5.09176287991,61.538993403633));
#1857 = CARTESIAN_POINT('',(5.102092848241,62.375193251022));
#1858 = CARTESIAN_POINT('',(5.112198782673,63.216217789461));
#1859 = CARTESIAN_POINT('',(5.139140169416,65.517527403016));
#1860 = CARTESIAN_POINT('',(5.15556393818,66.986303734673));
#1861 = CARTESIAN_POINT('',(5.171447723061,68.465891987469));
#1862 = CARTESIAN_POINT('',(5.186850738659,69.954671874768));
#1863 = CARTESIAN_POINT('',(5.201820751874,71.451366565595));
#1864 = CARTESIAN_POINT('',(5.216398035513,72.954980356814));
#1865 = CARTESIAN_POINT('',(5.230616914441,74.464774809923));
#1866 = CARTESIAN_POINT('',(5.261363258272,77.819132951229));
#1867 = CARTESIAN_POINT('',(5.277733952488,79.666177326722));
#1868 = CARTESIAN_POINT('',(5.293672693141,81.520288428472));
#1869 = CARTESIAN_POINT('',(5.30922104052,83.380596169684));
#1870 = CARTESIAN_POINT('',(5.324413461358,85.246390814315));
#1871 = CARTESIAN_POINT('',(5.339279417125,87.117098058403));
#1872 = CARTESIAN_POINT('',(5.353844404335,88.99226674448));
#1873 = CARTESIAN_POINT('',(5.39375677586,94.242426248757));
#1874 = CARTESIAN_POINT('',(5.418484997458,97.626308984405));
#1875 = CARTESIAN_POINT('',(5.442445165684,101.02112170771));
#1876 = CARTESIAN_POINT('',(5.465731061127,104.4252699301));
#1877 = CARTESIAN_POINT('',(5.488418050535,107.83749333385));
#1878 = CARTESIAN_POINT('',(5.510567758227,111.25682484131));
#1879 = CARTESIAN_POINT('',(5.532232562141,114.68255039223));
#1880 = CARTESIAN_POINT('',(5.553457650953,118.11419151679));
#1881 = ( GEOMETRIC_REPRESENTATION_CONTEXT(2) 
PARAMETRIC_REPRESENTATION_CONTEXT() REPRESENTATION_CONTEXT('2D SPACE',''
  ) );
#1882 = ORIENTED_EDGE('',*,*,#736,.F.);
#1883 = ORIENTED_EDGE('',*,*,#1442,.F.);
#1884 = ORIENTED_EDGE('',*,*,#1885,.T.);
#1885 = EDGE_CURVE('',#1443,#1443,#1886,.T.);
#1886 = SURFACE_CURVE('',#1887,(#1892,#1899),.PCURVE_S1.);
#1887 = CIRCLE('',#1888,40.);
#1888 = AXIS2_PLACEMENT_3D('',#1889,#1890,#1891);
#1889 = CARTESIAN_POINT('',(0.,0.,-268.));
#1890 = DIRECTION('',(0.,0.,1.));
#1891 = DIRECTION('',(1.,0.,-0.));
#1892 = PCURVE('',#753,#1893);
#1893 = DEFINITIONAL_REPRESENTATION('',(#1894),#1898);
#1894 = LINE('',#1895,#1896);
#1895 = CARTESIAN_POINT('',(0.,0.));
#1896 = VECTOR('',#1897,1.);
#1897 = DIRECTION('',(1.,0.));
#1898 = ( GEOMETRIC_REPRESENTATION_CONTEXT(2) 
PARAMETRIC_REPRESENTATION_CONTEXT() REPRESENTATION_CONTEXT('2D SPACE',''
  ) );
#1899 = PCURVE('',#1900,#1905);
#1900 = PLANE('',#1901);
#1901 = AXIS2_PLACEMENT_3D('',#1902,#1903,#1904);
#1902 = CARTESIAN_POINT('',(0.,0.,-268.));
#1903 = DIRECTION('',(0.,0.,1.));
#1904 = DIRECTION('',(1.,0.,-0.));
#1905 = DEFINITIONAL_REPRESENTATION('',(#1906),#1910);
#1906 = CIRCLE('',#1907,40.);
#1907 = AXIS2_PLACEMENT_2D('',#1908,#1909);
#1908 = CARTESIAN_POINT('',(0.,0.));
#1909 = DIRECTION('',(1.,0.));
#1910 = ( GEOMETRIC_REPRESENTATION_CONTEXT(2) 
PARAMETRIC_REPRESENTATION_CONTEXT() REPRESENTATION_CONTEXT('2D SPACE',''
  ) );
#1911 = ADVANCED_FACE('',(#1912),#946,.T.);
#1912 = FACE_BOUND('',#1913,.T.);
#1913 = EDGE_LOOP('',(#1914,#1937,#1964,#1965,#1966,#1967));
#1914 = ORIENTED_EDGE('',*,*,#1915,.T.);
#1915 = EDGE_CURVE('',#765,#1916,#1918,.T.);
#1916 = VERTEX_POINT('',#1917);
#1917 = CARTESIAN_POINT('',(-959.5,-75.,50.));
#1918 = SEAM_CURVE('',#1919,(#1923,#1930),.PCURVE_S1.);
#1919 = LINE('',#1920,#1921);
#1920 = CARTESIAN_POINT('',(-709.5,-75.,50.));
#1921 = VECTOR('',#1922,1.);
#1922 = DIRECTION('',(-1.,1.224646799147E-16,0.));
#1923 = PCURVE('',#946,#1924);
#1924 = DEFINITIONAL_REPRESENTATION('',(#1925),#1929);
#1925 = LINE('',#1926,#1927);
#1926 = CARTESIAN_POINT('',(6.28318530718,-0.));
#1927 = VECTOR('',#1928,1.);
#1928 = DIRECTION('',(0.,1.));
#1929 = ( GEOMETRIC_REPRESENTATION_CONTEXT(2) 
PARAMETRIC_REPRESENTATION_CONTEXT() REPRESENTATION_CONTEXT('2D SPACE',''
  ) );
#1930 = PCURVE('',#946,#1931);
#1931 = DEFINITIONAL_REPRESENTATION('',(#1932),#1936);
#1932 = LINE('',#1933,#1934);
#1933 = CARTESIAN_POINT('',(0.,-0.));
#1934 = VECTOR('',#1935,1.);
#1935 = DIRECTION('',(0.,1.));
#1936 = ( GEOMETRIC_REPRESENTATION_CONTEXT(2) 
PARAMETRIC_REPRESENTATION_CONTEXT() REPRESENTATION_CONTEXT('2D SPACE',''
  ) );
#1937 = ORIENTED_EDGE('',*,*,#1938,.F.);
#1938 = EDGE_CURVE('',#1916,#1916,#1939,.T.);
#1939 = SURFACE_CURVE('',#1940,(#1945,#1952),.PCURVE_S1.);
#1940 = CIRCLE('',#1941,75.);
#1941 = AXIS2_PLACEMENT_3D('',#1942,#1943,#1944);
#1942 = CARTESIAN_POINT('',(-959.5,1.175048603782E-13,50.));
#1943 = DIRECTION('',(-1.,1.224646799147E-16,0.));
#1944 = DIRECTION('',(-1.224646799147E-16,-1.,0.));
#1945 = PCURVE('',#946,#1946);
#1946 = DEFINITIONAL_REPRESENTATION('',(#1947),#1951);
#1947 = LINE('',#1948,#1949);
#1948 = CARTESIAN_POINT('',(0.,250.));
#1949 = VECTOR('',#1950,1.);
#1950 = DIRECTION('',(1.,0.));
#1951 = ( GEOMETRIC_REPRESENTATION_CONTEXT(2) 
PARAMETRIC_REPRESENTATION_CONTEXT() REPRESENTATION_CONTEXT('2D SPACE',''
  ) );
#1952 = PCURVE('',#1953,#1958);
#1953 = PLANE('',#1954);
#1954 = AXIS2_PLACEMENT_3D('',#1955,#1956,#1957);
#1955 = CARTESIAN_POINT('',(-959.5,1.175048603782E-13,50.));
#1956 = DIRECTION('',(-1.,1.224646799147E-16,0.));
#1957 = DIRECTION('',(-1.224646799147E-16,-1.,0.));
#1958 = DEFINITIONAL_REPRESENTATION('',(#1959),#1963);
#1959 = CIRCLE('',#1960,75.);
#1960 = AXIS2_PLACEMENT_2D('',#1961,#1962);
#1961 = CARTESIAN_POINT('',(0.,0.));
#1962 = DIRECTION('',(1.,0.));
#1963 = ( GEOMETRIC_REPRESENTATION_CONTEXT(2) 
PARAMETRIC_REPRESENTATION_CONTEXT() REPRESENTATION_CONTEXT('2D SPACE',''
  ) );
#1964 = ORIENTED_EDGE('',*,*,#1915,.F.);
#1965 = ORIENTED_EDGE('',*,*,#764,.T.);
#1966 = ORIENTED_EDGE('',*,*,#1466,.T.);
#1967 = ORIENTED_EDGE('',*,*,#1041,.T.);
#1968 = ADVANCED_FACE('',(#1969),#273,.T.);
#1969 = FACE_BOUND('',#1970,.T.);
#1970 = EDGE_LOOP('',(#1971,#1972,#1973,#1994,#2020));
#1971 = ORIENTED_EDGE('',*,*,#256,.T.);
#1972 = ORIENTED_EDGE('',*,*,#492,.T.);
#1973 = ORIENTED_EDGE('',*,*,#1974,.F.);
#1974 = EDGE_CURVE('',#1975,#458,#1977,.T.);
#1975 = VERTEX_POINT('',#1976);
#1976 = CARTESIAN_POINT('',(-68.73863542433,-709.5,1.53E+03));
#1977 = SURFACE_CURVE('',#1978,(#1982,#1988),.PCURVE_S1.);
#1978 = LINE('',#1979,#1980);
#1979 = CARTESIAN_POINT('',(-68.73863542433,-709.5,1.53E+03));
#1980 = VECTOR('',#1981,1.);
#1981 = DIRECTION('',(-1.836970198721E-16,-1.,0.));
#1982 = PCURVE('',#273,#1983);
#1983 = DEFINITIONAL_REPRESENTATION('',(#1984),#1987);
#1984 = B_SPLINE_CURVE_WITH_KNOTS('',1,(#1985,#1986),.UNSPECIFIED.,.F.,
  .F.,(2,2),(-6.000000212225E-07,250.0000006),.PIECEWISE_BEZIER_KNOTS.);
#1985 = CARTESIAN_POINT('',(-68.73863542433,-709.4999994));
#1986 = CARTESIAN_POINT('',(-68.73863542433,-959.5000006));
#1987 = ( GEOMETRIC_REPRESENTATION_CONTEXT(2) 
PARAMETRIC_REPRESENTATION_CONTEXT() REPRESENTATION_CONTEXT('2D SPACE',''
  ) );
#1988 = PCURVE('',#397,#1989);
#1989 = DEFINITIONAL_REPRESENTATION('',(#1990),#1993);
#1990 = B_SPLINE_CURVE_WITH_KNOTS('',1,(#1991,#1992),.UNSPECIFIED.,.F.,
  .F.,(2,2),(-6.000000212225E-07,250.0000006),.PIECEWISE_BEZIER_KNOTS.);
#1991 = CARTESIAN_POINT('',(5.871668461112,-6.000000085954E-07));
#1992 = CARTESIAN_POINT('',(5.871668461112,250.0000006));
#1993 = ( GEOMETRIC_REPRESENTATION_CONTEXT(2) 
PARAMETRIC_REPRESENTATION_CONTEXT() REPRESENTATION_CONTEXT('2D SPACE',''
  ) );
#1994 = ORIENTED_EDGE('',*,*,#1995,.T.);
#1995 = EDGE_CURVE('',#1975,#1996,#1998,.T.);
#1996 = VERTEX_POINT('',#1997);
#1997 = CARTESIAN_POINT('',(68.738635424337,-709.5,1.53E+03));
#1998 = SURFACE_CURVE('',#1999,(#2003,#2009),.PCURVE_S1.);
#1999 = LINE('',#2000,#2001);
#2000 = CARTESIAN_POINT('',(-1.303330355993E-13,-709.5,1.53E+03));
#2001 = VECTOR('',#2002,1.);
#2002 = DIRECTION('',(1.,-1.836970198721E-16,0.));
#2003 = PCURVE('',#273,#2004);
#2004 = DEFINITIONAL_REPRESENTATION('',(#2005),#2008);
#2005 = B_SPLINE_CURVE_WITH_KNOTS('',1,(#2006,#2007),.UNSPECIFIED.,.F.,
  .F.,(2,2),(-75.,75.),.PIECEWISE_BEZIER_KNOTS.);
#2006 = CARTESIAN_POINT('',(-75.,-709.5));
#2007 = CARTESIAN_POINT('',(75.,-709.5));
#2008 = ( GEOMETRIC_REPRESENTATION_CONTEXT(2) 
PARAMETRIC_REPRESENTATION_CONTEXT() REPRESENTATION_CONTEXT('2D SPACE',''
  ) );
#2009 = PCURVE('',#2010,#2015);
#2010 = PLANE('',#2011);
#2011 = AXIS2_PLACEMENT_3D('',#2012,#2013,#2014);
#2012 = CARTESIAN_POINT('',(-1.303330355993E-13,-709.5,1.5E+03));
#2013 = DIRECTION('',(-1.836970198721E-16,-1.,0.));
#2014 = DIRECTION('',(-1.,1.836970198721E-16,0.));
#2015 = DEFINITIONAL_REPRESENTATION('',(#2016),#2019);
#2016 = B_SPLINE_CURVE_WITH_KNOTS('',1,(#2017,#2018),.UNSPECIFIED.,.F.,
  .F.,(2,2),(-75.,75.),.PIECEWISE_BEZIER_KNOTS.);
#2017 = CARTESIAN_POINT('',(75.,-30.));
#2018 = CARTESIAN_POINT('',(-75.,-30.));
#2019 = ( GEOMETRIC_REPRESENTATION_CONTEXT(2) 
PARAMETRIC_REPRESENTATION_CONTEXT() REPRESENTATION_CONTEXT('2D SPACE',''
  ) );
#2020 = ORIENTED_EDGE('',*,*,#2021,.T.);
#2021 = EDGE_CURVE('',#1996,#257,#2022,.T.);
#2022 = SURFACE_CURVE('',#2023,(#2027,#2033),.PCURVE_S1.);
#2023 = LINE('',#2024,#2025);
#2024 = CARTESIAN_POINT('',(68.738635424337,-709.5,1.53E+03));
#2025 = VECTOR('',#2026,1.);
#2026 = DIRECTION('',(-1.836970198721E-16,-1.,0.));
#2027 = PCURVE('',#273,#2028);
#2028 = DEFINITIONAL_REPRESENTATION('',(#2029),#2032);
#2029 = B_SPLINE_CURVE_WITH_KNOTS('',1,(#2030,#2031),.UNSPECIFIED.,.F.,
  .F.,(2,2),(-6.000000212225E-07,250.0000006),.PIECEWISE_BEZIER_KNOTS.);
#2030 = CARTESIAN_POINT('',(68.738635424337,-709.4999994));
#2031 = CARTESIAN_POINT('',(68.738635424337,-959.5000006));
#2032 = ( GEOMETRIC_REPRESENTATION_CONTEXT(2) 
PARAMETRIC_REPRESENTATION_CONTEXT() REPRESENTATION_CONTEXT('2D SPACE',''
  ) );
#2033 = PCURVE('',#397,#2034);
#2034 = DEFINITIONAL_REPRESENTATION('',(#2035),#2038);
#2035 = B_SPLINE_CURVE_WITH_KNOTS('',1,(#2036,#2037),.UNSPECIFIED.,.F.,
  .F.,(2,2),(-6.000000212225E-07,250.0000006),.PIECEWISE_BEZIER_KNOTS.);
#2036 = CARTESIAN_POINT('',(3.553109499657,-6.000000338496E-07));
#2037 = CARTESIAN_POINT('',(3.553109499657,250.0000006));
#2038 = ( GEOMETRIC_REPRESENTATION_CONTEXT(2) 
PARAMETRIC_REPRESENTATION_CONTEXT() REPRESENTATION_CONTEXT('2D SPACE',''
  ) );
#2039 = ADVANCED_FACE('',(#2040),#397,.T.);
#2040 = FACE_BOUND('',#2041,.T.);
#2041 = EDGE_LOOP('',(#2042,#2065,#2092,#2093,#2094,#2095,#2117,#2118));
#2042 = ORIENTED_EDGE('',*,*,#2043,.T.);
#2043 = EDGE_CURVE('',#286,#2044,#2046,.T.);
#2044 = VERTEX_POINT('',#2045);
#2045 = CARTESIAN_POINT('',(-75.,-959.5,1.5E+03));
#2046 = SEAM_CURVE('',#2047,(#2051,#2058),.PCURVE_S1.);
#2047 = LINE('',#2048,#2049);
#2048 = CARTESIAN_POINT('',(-75.,-709.5,1.5E+03));
#2049 = VECTOR('',#2050,1.);
#2050 = DIRECTION('',(-1.836970198721E-16,-1.,0.));
#2051 = PCURVE('',#397,#2052);
#2052 = DEFINITIONAL_REPRESENTATION('',(#2053),#2057);
#2053 = LINE('',#2054,#2055);
#2054 = CARTESIAN_POINT('',(6.28318530718,-0.));
#2055 = VECTOR('',#2056,1.);
#2056 = DIRECTION('',(0.,1.));
#2057 = ( GEOMETRIC_REPRESENTATION_CONTEXT(2) 
PARAMETRIC_REPRESENTATION_CONTEXT() REPRESENTATION_CONTEXT('2D SPACE',''
  ) );
#2058 = PCURVE('',#397,#2059);
#2059 = DEFINITIONAL_REPRESENTATION('',(#2060),#2064);
#2060 = LINE('',#2061,#2062);
#2061 = CARTESIAN_POINT('',(0.,-0.));
#2062 = VECTOR('',#2063,1.);
#2063 = DIRECTION('',(0.,1.));
#2064 = ( GEOMETRIC_REPRESENTATION_CONTEXT(2) 
PARAMETRIC_REPRESENTATION_CONTEXT() REPRESENTATION_CONTEXT('2D SPACE',''
  ) );
#2065 = ORIENTED_EDGE('',*,*,#2066,.F.);
#2066 = EDGE_CURVE('',#2044,#2044,#2067,.T.);
#2067 = SURFACE_CURVE('',#2068,(#2073,#2080),.PCURVE_S1.);
#2068 = CIRCLE('',#2069,75.);
#2069 = AXIS2_PLACEMENT_3D('',#2070,#2071,#2072);
#2070 = CARTESIAN_POINT('',(-1.762572905673E-13,-959.5,1.5E+03));
#2071 = DIRECTION('',(-1.836970198721E-16,-1.,0.));
#2072 = DIRECTION('',(-1.,1.836970198721E-16,0.));
#2073 = PCURVE('',#397,#2074);
#2074 = DEFINITIONAL_REPRESENTATION('',(#2075),#2079);
#2075 = LINE('',#2076,#2077);
#2076 = CARTESIAN_POINT('',(0.,250.));
#2077 = VECTOR('',#2078,1.);
#2078 = DIRECTION('',(1.,0.));
#2079 = ( GEOMETRIC_REPRESENTATION_CONTEXT(2) 
PARAMETRIC_REPRESENTATION_CONTEXT() REPRESENTATION_CONTEXT('2D SPACE',''
  ) );
#2080 = PCURVE('',#2081,#2086);
#2081 = PLANE('',#2082);
#2082 = AXIS2_PLACEMENT_3D('',#2083,#2084,#2085);
#2083 = CARTESIAN_POINT('',(-1.762572905673E-13,-959.5,1.5E+03));
#2084 = DIRECTION('',(-1.836970198721E-16,-1.,0.));
#2085 = DIRECTION('',(-1.,1.836970198721E-16,0.));
#2086 = DEFINITIONAL_REPRESENTATION('',(#2087),#2091);
#2087 = CIRCLE('',#2088,75.);
#2088 = AXIS2_PLACEMENT_2D('',#2089,#2090);
#2089 = CARTESIAN_POINT('',(0.,0.));
#2090 = DIRECTION('',(1.,0.));
#2091 = ( GEOMETRIC_REPRESENTATION_CONTEXT(2) 
PARAMETRIC_REPRESENTATION_CONTEXT() REPRESENTATION_CONTEXT('2D SPACE',''
  ) );
#2092 = ORIENTED_EDGE('',*,*,#2043,.F.);
#2093 = ORIENTED_EDGE('',*,*,#285,.T.);
#2094 = ORIENTED_EDGE('',*,*,#2021,.F.);
#2095 = ORIENTED_EDGE('',*,*,#2096,.T.);
#2096 = EDGE_CURVE('',#1996,#1975,#2097,.T.);
#2097 = SURFACE_CURVE('',#2098,(#2103,#2110),.PCURVE_S1.);
#2098 = CIRCLE('',#2099,75.);
#2099 = AXIS2_PLACEMENT_3D('',#2100,#2101,#2102);
#2100 = CARTESIAN_POINT('',(-1.303330355993E-13,-709.5,1.5E+03));
#2101 = DIRECTION('',(-1.836970198721E-16,-1.,0.));
#2102 = DIRECTION('',(-1.,1.836970198721E-16,0.));
#2103 = PCURVE('',#397,#2104);
#2104 = DEFINITIONAL_REPRESENTATION('',(#2105),#2109);
#2105 = LINE('',#2106,#2107);
#2106 = CARTESIAN_POINT('',(0.,0.));
#2107 = VECTOR('',#2108,1.);
#2108 = DIRECTION('',(1.,0.));
#2109 = ( GEOMETRIC_REPRESENTATION_CONTEXT(2) 
PARAMETRIC_REPRESENTATION_CONTEXT() REPRESENTATION_CONTEXT('2D SPACE',''
  ) );
#2110 = PCURVE('',#2010,#2111);
#2111 = DEFINITIONAL_REPRESENTATION('',(#2112),#2116);
#2112 = CIRCLE('',#2113,75.);
#2113 = AXIS2_PLACEMENT_2D('',#2114,#2115);
#2114 = CARTESIAN_POINT('',(0.,0.));
#2115 = DIRECTION('',(1.,0.));
#2116 = ( GEOMETRIC_REPRESENTATION_CONTEXT(2) 
PARAMETRIC_REPRESENTATION_CONTEXT() REPRESENTATION_CONTEXT('2D SPACE',''
  ) );
#2117 = ORIENTED_EDGE('',*,*,#1974,.T.);
#2118 = ORIENTED_EDGE('',*,*,#457,.T.);
#2119 = ADVANCED_FACE('',(#2120),#1288,.T.);
#2120 = FACE_BOUND('',#2121,.T.);
#2121 = EDGE_LOOP('',(#2122,#2145,#2172,#2173));
#2122 = ORIENTED_EDGE('',*,*,#2123,.T.);
#2123 = EDGE_CURVE('',#1107,#2124,#2126,.T.);
#2124 = VERTEX_POINT('',#2125);
#2125 = CARTESIAN_POINT('',(75.,959.5,100.));
#2126 = SEAM_CURVE('',#2127,(#2131,#2138),.PCURVE_S1.);
#2127 = LINE('',#2128,#2129);
#2128 = CARTESIAN_POINT('',(75.,709.5,100.));
#2129 = VECTOR('',#2130,1.);
#2130 = DIRECTION('',(6.123233995737E-17,1.,0.));
#2131 = PCURVE('',#1288,#2132);
#2132 = DEFINITIONAL_REPRESENTATION('',(#2133),#2137);
#2133 = LINE('',#2134,#2135);
#2134 = CARTESIAN_POINT('',(6.28318530718,-0.));
#2135 = VECTOR('',#2136,1.);
#2136 = DIRECTION('',(0.,1.));
#2137 = ( GEOMETRIC_REPRESENTATION_CONTEXT(2) 
PARAMETRIC_REPRESENTATION_CONTEXT() REPRESENTATION_CONTEXT('2D SPACE',''
  ) );
#2138 = PCURVE('',#1288,#2139);
#2139 = DEFINITIONAL_REPRESENTATION('',(#2140),#2144);
#2140 = LINE('',#2141,#2142);
#2141 = CARTESIAN_POINT('',(0.,-0.));
#2142 = VECTOR('',#2143,1.);
#2143 = DIRECTION('',(0.,1.));
#2144 = ( GEOMETRIC_REPRESENTATION_CONTEXT(2) 
PARAMETRIC_REPRESENTATION_CONTEXT() REPRESENTATION_CONTEXT('2D SPACE',''
  ) );
#2145 = ORIENTED_EDGE('',*,*,#2146,.F.);
#2146 = EDGE_CURVE('',#2124,#2124,#2147,.T.);
#2147 = SURFACE_CURVE('',#2148,(#2153,#2160),.PCURVE_S1.);
#2148 = CIRCLE('',#2149,75.);
#2149 = AXIS2_PLACEMENT_3D('',#2150,#2151,#2152);
#2150 = CARTESIAN_POINT('',(5.875243018909E-14,959.5,100.));
#2151 = DIRECTION('',(6.123233995737E-17,1.,0.));
#2152 = DIRECTION('',(1.,-6.123233995737E-17,0.));
#2153 = PCURVE('',#1288,#2154);
#2154 = DEFINITIONAL_REPRESENTATION('',(#2155),#2159);
#2155 = LINE('',#2156,#2157);
#2156 = CARTESIAN_POINT('',(0.,250.));
#2157 = VECTOR('',#2158,1.);
#2158 = DIRECTION('',(1.,0.));
#2159 = ( GEOMETRIC_REPRESENTATION_CONTEXT(2) 
PARAMETRIC_REPRESENTATION_CONTEXT() REPRESENTATION_CONTEXT('2D SPACE',''
  ) );
#2160 = PCURVE('',#2161,#2166);
#2161 = PLANE('',#2162);
#2162 = AXIS2_PLACEMENT_3D('',#2163,#2164,#2165);
#2163 = CARTESIAN_POINT('',(5.875243018909E-14,959.5,100.));
#2164 = DIRECTION('',(6.123233995737E-17,1.,0.));
#2165 = DIRECTION('',(1.,-6.123233995737E-17,0.));
#2166 = DEFINITIONAL_REPRESENTATION('',(#2167),#2171);
#2167 = CIRCLE('',#2168,75.);
#2168 = AXIS2_PLACEMENT_2D('',#2169,#2170);
#2169 = CARTESIAN_POINT('',(0.,0.));
#2170 = DIRECTION('',(1.,0.));
#2171 = ( GEOMETRIC_REPRESENTATION_CONTEXT(2) 
PARAMETRIC_REPRESENTATION_CONTEXT() REPRESENTATION_CONTEXT('2D SPACE',''
  ) );
#2172 = ORIENTED_EDGE('',*,*,#2123,.F.);
#2173 = ORIENTED_EDGE('',*,*,#1106,.T.);
#2174 = ADVANCED_FACE('',(#2175),#1424,.T.);
#2175 = FACE_BOUND('',#2176,.T.);
#2176 = EDGE_LOOP('',(#2177));
#2177 = ORIENTED_EDGE('',*,*,#1409,.T.);
#2178 = ADVANCED_FACE('',(#2179),#1900,.F.);
#2179 = FACE_BOUND('',#2180,.T.);
#2180 = EDGE_LOOP('',(#2181));
#2181 = ORIENTED_EDGE('',*,*,#1885,.F.);
#2182 = ADVANCED_FACE('',(#2183),#1953,.T.);
#2183 = FACE_BOUND('',#2184,.T.);
#2184 = EDGE_LOOP('',(#2185));
#2185 = ORIENTED_EDGE('',*,*,#1938,.T.);
#2186 = ADVANCED_FACE('',(#2187),#2010,.F.);
#2187 = FACE_BOUND('',#2188,.F.);
#2188 = EDGE_LOOP('',(#2189,#2190));
#2189 = ORIENTED_EDGE('',*,*,#1995,.T.);
#2190 = ORIENTED_EDGE('',*,*,#2096,.T.);
#2191 = ADVANCED_FACE('',(#2192),#2081,.T.);
#2192 = FACE_BOUND('',#2193,.T.);
#2193 = EDGE_LOOP('',(#2194));
#2194 = ORIENTED_EDGE('',*,*,#2066,.T.);
#2195 = ADVANCED_FACE('',(#2196),#2161,.T.);
#2196 = FACE_BOUND('',#2197,.T.);
#2197 = EDGE_LOOP('',(#2198));
#2198 = ORIENTED_EDGE('',*,*,#2146,.T.);
#2199 = ( GEOMETRIC_REPRESENTATION_CONTEXT(3) 
GLOBAL_UNCERTAINTY_ASSIGNED_CONTEXT((#2203)) 
GLOBAL_UNIT_ASSIGNED_CONTEXT((#2200,#2201,#2202)) REPRESENTATION_CONTEXT
('Context #1','3D Context with UNIT and UNCERTAINTY') );
#2200 = ( LENGTH_UNIT() NAMED_UNIT(*) SI_UNIT(.MILLI.,.METRE.) );
#2201 = ( NAMED_UNIT(*) PLANE_ANGLE_UNIT() SI_UNIT($,.RADIAN.) );
#2202 = ( NAMED_UNIT(*) SI_UNIT($,.STERADIAN.) SOLID_ANGLE_UNIT() );
#2203 = UNCERTAINTY_MEASURE_WITH_UNIT(LENGTH_MEASURE(2.E-07),#2200,
  'distance_accuracy_value','confusion accuracy');
#2204 = PRODUCT_RELATED_PRODUCT_CATEGORY('part',$,(#7));
ENDSEC;
END-ISO-10303-21;
