ISO-10303-21;
HEADER;
FILE_DESCRIPTION(('Open CASCADE Model'),'2;1');
FILE_NAME('Open CASCADE Shape Model','2026-08-26T18:38:08',('Author'),(
    'Open CASCADE'),'Open CASCADE STEP processor 7.9','Open CASCADE 7.9'
  ,'Unknown');
FILE_SCHEMA(('AUTOMOTIVE_DESIGN { 1 0 10303 214 1 1 1 1 }'));
ENDSEC;
DATA;
#1 = APPLICATION_PROTOCOL_DEFINITION('international standard',
  'automotive_design',2000,#2);
#2 = APPLICATION_CONTEXT(
  'core data for automotive mechanical design processes');
#3 = SHAPE_DEFINITION_REPRESENTATION(#4,#10);
#4 = PRODUCT_DEFINITION_SHAPE('','',#5);
#5 = PRODUCT_DEFINITION('design','',#6,#9);
#6 = PRODUCT_DEFINITION_FORMATION('','',#7);
#7 = PRODUCT('Open CASCADE STEP translator 7.9 1',
  'Open CASCADE STEP translator 7.9 1','',(#8));
#8 = PRODUCT_CONTEXT('',#2,'mechanical');
#9 = PRODUCT_DEFINITION_CONTEXT('part definition',#2,'design');
#10 = ADVANCED_BREP_SHAPE_REPRESENTATION('',(#11,#15),#8392);
#11 = AXIS2_PLACEMENT_3D('',#12,#13,#14);
#12 = CARTESIAN_POINT('',(0.,0.,0.));
#13 = DIRECTION('',(0.,0.,1.));
#14 = DIRECTION('',(1.,0.,-0.));
#15 = MANIFOLD_SOLID_BREP('',#16);
#16 = CLOSED_SHELL('',(#17,#5551,#5607,#5611,#5615,#5670,#5725,#5780,
    #5835,#5890,#5945,#6000,#6055,#6110,#6165,#6220,#6275,#6330,#6385,
    #6440,#6495,#6550,#6605,#6660,#6715,#6770,#6825,#6880,#6935,#6990,
    #7045,#7100,#7155,#7210,#7265,#7320,#7375,#7430,#7485,#7540,#7595,
    #7650,#7705,#7760,#7815,#7870,#7925,#7980,#8035,#8090,#8145,#8200,
    #8204,#8208,#8212,#8216,#8220,#8224,#8228,#8232,#8236,#8240,#8244,
    #8248,#8252,#8256,#8260,#8264,#8268,#8272,#8276,#8280,#8284,#8288,
    #8292,#8296,#8300,#8304,#8308,#8312,#8316,#8320,#8324,#8328,#8332,
    #8336,#8340,#8344,#8348,#8352,#8356,#8360,#8364,#8368,#8372,#8376,
    #8380,#8384,#8388));
#17 = ADVANCED_FACE('',(#18,#292,#403,#514,#625,#736,#847,#958,#1069,
    #1180,#1291,#1402,#1513,#1666,#1777,#1888,#1999,#2110,#2221,#2332,
    #2443,#2554,#2665,#2776,#2887,#2998,#3109,#3220,#3331,#3442,#3553,
    #3664,#3775,#3886,#3997,#4108,#4219,#4330,#4441,#4552,#4663,#4774,
    #4885,#4996,#5107,#5218,#5329,#5440),#51,.T.);
#18 = FACE_BOUND('',#19,.T.);
#19 = EDGE_LOOP('',(#20,#112,#135,#162,#163,#241,#264,#291));
#20 = ORIENTED_EDGE('',*,*,#21,.F.);
#21 = EDGE_CURVE('',#22,#24,#26,.T.);
#22 = VERTEX_POINT('',#23);
#23 = CARTESIAN_POINT('',(231.34,-745.,-5.216E+03));
#24 = VERTEX_POINT('',#25);
#25 = CARTESIAN_POINT('',(231.34,-745.,-5.217E+03));
#26 = SURFACE_CURVE('',#27,(#50,#81),.PCURVE_S1.);
#27 = B_SPLINE_CURVE_WITH_KNOTS('',6,(#28,#29,#30,#31,#32,#33,#34,#35,
    #36,#37,#38,#39,#40,#41,#42,#43,#44,#45,#46,#47,#48,#49),
  .UNSPECIFIED.,.F.,.F.,(7,5,5,5,7),(0.,0.23231991822,0.500022490309,
    0.777652385094,1.),.UNSPECIFIED.);
#28 = CARTESIAN_POINT('',(231.34,-745.,-5.216E+03));
#29 = CARTESIAN_POINT('',(231.34,-745.0640025231,-5.216E+03));
#30 = CARTESIAN_POINT('',(231.33984318842,-745.1277543062,
    -5.216009831541E+03));
#31 = CARTESIAN_POINT('',(231.33953163364,-745.1892259084,
    -5.216029347562E+03));
#32 = CARTESIAN_POINT('',(231.33910153367,-745.2464808983,
    -5.21605778628E+03));
#33 = CARTESIAN_POINT('',(231.33861608676,-745.2978512144,
    -5.216093800334E+03));
#34 = CARTESIAN_POINT('',(231.33757183609,-745.3934614767,
    -5.216183584346E+03));
#35 = CARTESIAN_POINT('',(231.3370113754,-745.4355891527,
    -5.216239378715E+03));
#36 = CARTESIAN_POINT('',(231.3365264559,-745.4677100269,
    -5.216300868754E+03));
#37 = CARTESIAN_POINT('',(231.33618255007,-745.4892632017,
    -5.21636609796E+03));
#38 = CARTESIAN_POINT('',(231.33601123308,-745.5,-5.216433113917E+03));
#39 = CARTESIAN_POINT('',(231.33601123308,-745.5,-5.216569366446E+03));
#40 = CARTESIAN_POINT('',(231.33619548947,-745.4884521696,
    -5.216638893686E+03));
#41 = CARTESIAN_POINT('',(231.33656564553,-745.4652543079,
    -5.216706428178E+03));
#42 = CARTESIAN_POINT('',(231.33708501189,-745.4307020963,
    -5.216769773426E+03));
#43 = CARTESIAN_POINT('',(231.33767738395,-745.3854608887,
    -5.216826738467E+03));
#44 = CARTESIAN_POINT('',(231.33871875518,-745.2867638608,
    -5.216913751601E+03));
#45 = CARTESIAN_POINT('',(231.33917365422,-745.2366547817,
    -5.216946973999E+03));
#46 = CARTESIAN_POINT('',(231.33957083916,-745.1813288696,
    -5.216973107283E+03));
#47 = CARTESIAN_POINT('',(231.33985640923,-745.1222844856,
    -5.21699099784E+03));
#48 = CARTESIAN_POINT('',(231.34,-745.0612436744,-5.217E+03));
#49 = CARTESIAN_POINT('',(231.34,-745.,-5.217E+03));
#50 = PCURVE('',#51,#56);
#51 = CYLINDRICAL_SURFACE('',#52,31.34);
#52 = AXIS2_PLACEMENT_3D('',#53,#54,#55);
#53 = CARTESIAN_POINT('',(200.,-745.,-5.2405E+03));
#54 = DIRECTION('',(0.,0.,1.));
#55 = DIRECTION('',(1.,0.,-0.));
#56 = DEFINITIONAL_REPRESENTATION('',(#57),#80);
#57 = B_SPLINE_CURVE_WITH_KNOTS('',6,(#58,#59,#60,#61,#62,#63,#64,#65,
    #66,#67,#68,#69,#70,#71,#72,#73,#74,#75,#76,#77,#78,#79),
  .UNSPECIFIED.,.F.,.F.,(7,5,5,5,7),(0.,0.23231991822,0.500022490309,
    0.777652385094,1.),.UNSPECIFIED.);
#58 = CARTESIAN_POINT('',(6.28318530718,24.5));
#59 = CARTESIAN_POINT('',(6.281143107972,24.5));
#60 = CARTESIAN_POINT('',(6.279108909374,24.49016845946));
#61 = CARTESIAN_POINT('',(6.277147451893,24.470652438163));
#62 = CARTESIAN_POINT('',(6.275320507737,24.442213720436));
#63 = CARTESIAN_POINT('',(6.273681306878,24.406199666227));
#64 = CARTESIAN_POINT('',(6.270630382666,24.316415653694));
#65 = CARTESIAN_POINT('',(6.269286053283,24.260621285341));
#66 = CARTESIAN_POINT('',(6.268261021108,24.199131245576));
#67 = CARTESIAN_POINT('',(6.267573212421,24.133902040049));
#68 = CARTESIAN_POINT('',(6.267230577971,24.066886082835));
#69 = CARTESIAN_POINT('',(6.267230577971,23.930633553516));
#70 = CARTESIAN_POINT('',(6.267599094196,23.86110631366));
#71 = CARTESIAN_POINT('',(6.268339388479,23.793571821505));
#72 = CARTESIAN_POINT('',(6.269442007517,23.730226574181));
#73 = CARTESIAN_POINT('',(6.270885687712,23.673261533414));
#74 = CARTESIAN_POINT('',(6.274035098099,23.586248398652));
#75 = CARTESIAN_POINT('',(6.275634048013,23.553026001372));
#76 = CARTESIAN_POINT('',(6.277399433308,23.52689271682));
#77 = CARTESIAN_POINT('',(6.279283440988,23.509002160433));
#78 = CARTESIAN_POINT('',(6.281231137604,23.5));
#79 = CARTESIAN_POINT('',(6.28318530718,23.5));
#80 = ( GEOMETRIC_REPRESENTATION_CONTEXT(2) 
PARAMETRIC_REPRESENTATION_CONTEXT() REPRESENTATION_CONTEXT('2D SPACE',''
  ) );
#81 = PCURVE('',#82,#87);
#82 = CYLINDRICAL_SURFACE('',#83,0.5);
#83 = AXIS2_PLACEMENT_3D('',#84,#85,#86);
#84 = CARTESIAN_POINT('',(230.84,-745.,-5.2165E+03));
#85 = DIRECTION('',(1.,0.,0.));
#86 = DIRECTION('',(-0.,0.,1.));
#87 = DEFINITIONAL_REPRESENTATION('',(#88),#111);
#88 = B_SPLINE_CURVE_WITH_KNOTS('',6,(#89,#90,#91,#92,#93,#94,#95,#96,
    #97,#98,#99,#100,#101,#102,#103,#104,#105,#106,#107,#108,#109,#110),
  .UNSPECIFIED.,.F.,.F.,(7,5,5,5,7),(0.,0.23231991822,0.500022490309,
    0.777652385094,1.),.UNSPECIFIED.);
#89 = CARTESIAN_POINT('',(-5.329070518201E-15,0.5));
#90 = CARTESIAN_POINT('',(0.128005046356,0.5));
#91 = CARTESIAN_POINT('',(0.255507682101,0.499843188422));
#92 = CARTESIAN_POINT('',(0.382230961346,0.499531633642));
#93 = CARTESIAN_POINT('',(0.50790488375,0.499101533678));
#94 = CARTESIAN_POINT('',(0.632105006925,0.498616086764));
#95 = CARTESIAN_POINT('',(0.894421542208,0.497571836095));
#96 = CARTESIAN_POINT('',(1.032229662668,0.4970113754));
#97 = CARTESIAN_POINT('',(1.168226927476,0.496526455907));
#98 = CARTESIAN_POINT('',(1.302991712638,0.496182550077));
#99 = CARTESIAN_POINT('',(1.437024161124,0.496011233085));
#100 = CARTESIAN_POINT('',(1.709529219762,0.496011233085));
#101 = CARTESIAN_POINT('',(1.848584331441,0.496195489476));
#102 = CARTESIAN_POINT('',(1.9884566167,0.496565645531));
#103 = CARTESIAN_POINT('',(2.129685177923,0.497085011895));
#104 = CARTESIAN_POINT('',(2.272901433783,0.497677383955));
#105 = CARTESIAN_POINT('',(2.536054536955,0.498718755184));
#106 = CARTESIAN_POINT('',(2.655169097671,0.499173654227));
#107 = CARTESIAN_POINT('',(2.775624140982,0.499570839161));
#108 = CARTESIAN_POINT('',(2.897024388295,0.499856409232));
#109 = CARTESIAN_POINT('',(3.0191053046,0.5));
#110 = CARTESIAN_POINT('',(3.14159265359,0.5));
#111 = ( GEOMETRIC_REPRESENTATION_CONTEXT(2) 
PARAMETRIC_REPRESENTATION_CONTEXT() REPRESENTATION_CONTEXT('2D SPACE',''
  ) );
#112 = ORIENTED_EDGE('',*,*,#113,.T.);
#113 = EDGE_CURVE('',#22,#114,#116,.T.);
#114 = VERTEX_POINT('',#115);
#115 = CARTESIAN_POINT('',(231.34,-745.,1.22E+03));
#116 = SEAM_CURVE('',#117,(#121,#128),.PCURVE_S1.);
#117 = LINE('',#118,#119);
#118 = CARTESIAN_POINT('',(231.34,-745.,-5.2405E+03));
#119 = VECTOR('',#120,1.);
#120 = DIRECTION('',(0.,0.,1.));
#121 = PCURVE('',#51,#122);
#122 = DEFINITIONAL_REPRESENTATION('',(#123),#127);
#123 = LINE('',#124,#125);
#124 = CARTESIAN_POINT('',(0.,-0.));
#125 = VECTOR('',#126,1.);
#126 = DIRECTION('',(0.,1.));
#127 = ( GEOMETRIC_REPRESENTATION_CONTEXT(2) 
PARAMETRIC_REPRESENTATION_CONTEXT() REPRESENTATION_CONTEXT('2D SPACE',''
  ) );
#128 = PCURVE('',#51,#129);
#129 = DEFINITIONAL_REPRESENTATION('',(#130),#134);
#130 = LINE('',#131,#132);
#131 = CARTESIAN_POINT('',(6.28318530718,-0.));
#132 = VECTOR('',#133,1.);
#133 = DIRECTION('',(0.,1.));
#134 = ( GEOMETRIC_REPRESENTATION_CONTEXT(2) 
PARAMETRIC_REPRESENTATION_CONTEXT() REPRESENTATION_CONTEXT('2D SPACE',''
  ) );
#135 = ORIENTED_EDGE('',*,*,#136,.F.);
#136 = EDGE_CURVE('',#114,#114,#137,.T.);
#137 = SURFACE_CURVE('',#138,(#143,#150),.PCURVE_S1.);
#138 = CIRCLE('',#139,31.34);
#139 = AXIS2_PLACEMENT_3D('',#140,#141,#142);
#140 = CARTESIAN_POINT('',(200.,-745.,1.22E+03));
#141 = DIRECTION('',(0.,0.,1.));
#142 = DIRECTION('',(1.,0.,-0.));
#143 = PCURVE('',#51,#144);
#144 = DEFINITIONAL_REPRESENTATION('',(#145),#149);
#145 = LINE('',#146,#147);
#146 = CARTESIAN_POINT('',(0.,6.4605E+03));
#147 = VECTOR('',#148,1.);
#148 = DIRECTION('',(1.,0.));
#149 = ( GEOMETRIC_REPRESENTATION_CONTEXT(2) 
PARAMETRIC_REPRESENTATION_CONTEXT() REPRESENTATION_CONTEXT('2D SPACE',''
  ) );
#150 = PCURVE('',#151,#156);
#151 = PLANE('',#152);
#152 = AXIS2_PLACEMENT_3D('',#153,#154,#155);
#153 = CARTESIAN_POINT('',(200.,-745.,1.22E+03));
#154 = DIRECTION('',(0.,0.,1.));
#155 = DIRECTION('',(1.,0.,-0.));
#156 = DEFINITIONAL_REPRESENTATION('',(#157),#161);
#157 = CIRCLE('',#158,31.34);
#158 = AXIS2_PLACEMENT_2D('',#159,#160);
#159 = CARTESIAN_POINT('',(0.,0.));
#160 = DIRECTION('',(1.,0.));
#161 = ( GEOMETRIC_REPRESENTATION_CONTEXT(2) 
PARAMETRIC_REPRESENTATION_CONTEXT() REPRESENTATION_CONTEXT('2D SPACE',''
  ) );
#162 = ORIENTED_EDGE('',*,*,#113,.F.);
#163 = ORIENTED_EDGE('',*,*,#164,.F.);
#164 = EDGE_CURVE('',#24,#22,#165,.T.);
#165 = SURFACE_CURVE('',#166,(#189,#215),.PCURVE_S1.);
#166 = B_SPLINE_CURVE_WITH_KNOTS('',6,(#167,#168,#169,#170,#171,#172,
    #173,#174,#175,#176,#177,#178,#179,#180,#181,#182,#183,#184,#185,
    #186,#187,#188),.UNSPECIFIED.,.F.,.F.,(7,5,5,5,7),(0.,0.232313556994
    ,0.500004927582,0.767696298171,1.),.UNSPECIFIED.);
#167 = CARTESIAN_POINT('',(231.34,-745.,-5.217E+03));
#168 = CARTESIAN_POINT('',(231.34,-744.9359974768,-5.217E+03));
#169 = CARTESIAN_POINT('',(231.33984318842,-744.8722456937,
    -5.216990168459E+03));
#170 = CARTESIAN_POINT('',(231.33953163364,-744.8107740915,
    -5.216970652438E+03));
#171 = CARTESIAN_POINT('',(231.33910153367,-744.7535191016,
    -5.21694221372E+03));
#172 = CARTESIAN_POINT('',(231.33861608676,-744.7021487855,
    -5.216906199666E+03));
#173 = CARTESIAN_POINT('',(231.33757184418,-744.6065392634,
    -5.216816416349E+03));
#174 = CARTESIAN_POINT('',(231.33701138178,-744.5644111533,
    -5.216760622045E+03));
#175 = CARTESIAN_POINT('',(231.33652645037,-744.5322896019,
    -5.216699131163E+03));
#176 = CARTESIAN_POINT('',(231.33618254307,-744.5107363662,
    -5.216633900889E+03));
#177 = CARTESIAN_POINT('',(231.33601123308,-744.5,-5.21656688474E+03));
#178 = CARTESIAN_POINT('',(231.33601123308,-744.5,-5.21643311526E+03));
#179 = CARTESIAN_POINT('',(231.33618254307,-744.5107363662,
    -5.216366099111E+03));
#180 = CARTESIAN_POINT('',(231.33652645037,-744.5322896019,
    -5.216300868837E+03));
#181 = CARTESIAN_POINT('',(231.33701138178,-744.5644111533,
    -5.216239377955E+03));
#182 = CARTESIAN_POINT('',(231.33757184418,-744.6065392634,
    -5.216183583651E+03));
#183 = CARTESIAN_POINT('',(231.33861606618,-744.702146901,
    -5.216093802103E+03));
#184 = CARTESIAN_POINT('',(231.33910152541,-744.7535178158,
    -5.216057786446E+03));
#185 = CARTESIAN_POINT('',(231.33953165706,-744.8107755752,
    -5.216029346127E+03));
#186 = CARTESIAN_POINT('',(231.33984320977,-744.8722500137,
    -5.216009830149E+03));
#187 = CARTESIAN_POINT('',(231.34,-744.9360019841,-5.216E+03));
#188 = CARTESIAN_POINT('',(231.34,-745.,-5.216E+03));
#189 = PCURVE('',#51,#190);
#190 = DEFINITIONAL_REPRESENTATION('',(#191),#214);
#191 = B_SPLINE_CURVE_WITH_KNOTS('',6,(#192,#193,#194,#195,#196,#197,
    #198,#199,#200,#201,#202,#203,#204,#205,#206,#207,#208,#209,#210,
    #211,#212,#213),.UNSPECIFIED.,.F.,.F.,(7,5,5,5,7),(0.,0.232313556994
    ,0.500004927582,0.767696298171,1.),.UNSPECIFIED.);
#192 = CARTESIAN_POINT('',(0.,23.5));
#193 = CARTESIAN_POINT('',(2.042199207983E-03,23.5));
#194 = CARTESIAN_POINT('',(4.076397805131E-03,23.50983154054));
#195 = CARTESIAN_POINT('',(6.037855286478E-03,23.529347561837));
#196 = CARTESIAN_POINT('',(7.864799442592E-03,23.557786279564));
#197 = CARTESIAN_POINT('',(9.504000301562E-03,23.593800333773));
#198 = CARTESIAN_POINT('',(1.25549008907E-02,23.68358365113));
#199 = CARTESIAN_POINT('',(1.389924412875E-02,23.739377954996));
#200 = CARTESIAN_POINT('',(1.492429791333E-02,23.800868836968));
#201 = CARTESIAN_POINT('',(1.561210854467E-02,23.866099111224));
#202 = CARTESIAN_POINT('',(1.595472920906E-02,23.933115260497));
#203 = CARTESIAN_POINT('',(1.595472920906E-02,24.066884739503));
#204 = CARTESIAN_POINT('',(1.561210854467E-02,24.133900888776));
#205 = CARTESIAN_POINT('',(1.492429791333E-02,24.199131163032));
#206 = CARTESIAN_POINT('',(1.389924412874E-02,24.260622045004));
#207 = CARTESIAN_POINT('',(1.25549008907E-02,24.31641634887));
#208 = CARTESIAN_POINT('',(9.504060435226E-03,24.406197896585));
#209 = CARTESIAN_POINT('',(7.86484046764E-03,24.442213554216));
#210 = CARTESIAN_POINT('',(6.037807940526E-03,24.470653872687));
#211 = CARTESIAN_POINT('',(4.076259961208E-03,24.490169851246));
#212 = CARTESIAN_POINT('',(2.042055388812E-03,24.5));
#213 = CARTESIAN_POINT('',(0.,24.5));
#214 = ( GEOMETRIC_REPRESENTATION_CONTEXT(2) 
PARAMETRIC_REPRESENTATION_CONTEXT() REPRESENTATION_CONTEXT('2D SPACE',''
  ) );
#215 = PCURVE('',#82,#216);
#216 = DEFINITIONAL_REPRESENTATION('',(#217),#240);
#217 = B_SPLINE_CURVE_WITH_KNOTS('',6,(#218,#219,#220,#221,#222,#223,
    #224,#225,#226,#227,#228,#229,#230,#231,#232,#233,#234,#235,#236,
    #237,#238,#239),.UNSPECIFIED.,.F.,.F.,(7,5,5,5,7),(0.,0.232313556994
    ,0.500004927582,0.767696298171,1.),.UNSPECIFIED.);
#218 = CARTESIAN_POINT('',(3.14159265359,0.5));
#219 = CARTESIAN_POINT('',(3.269597699946,0.5));
#220 = CARTESIAN_POINT('',(3.39710033569,0.499843188422));
#221 = CARTESIAN_POINT('',(3.523823614935,0.499531633642));
#222 = CARTESIAN_POINT('',(3.649497537339,0.499101533678));
#223 = CARTESIAN_POINT('',(3.773697660515,0.498616086764));
#224 = CARTESIAN_POINT('',(4.036012164743,0.49757184418));
#225 = CARTESIAN_POINT('',(4.173820826875,0.497011381783));
#226 = CARTESIAN_POINT('',(4.309820022197,0.496526450379));
#227 = CARTESIAN_POINT('',(4.444586661308,0.49618254307));
#228 = CARTESIAN_POINT('',(4.578619501378,0.496011233085));
#229 = CARTESIAN_POINT('',(4.846158459391,0.496011233085));
#230 = CARTESIAN_POINT('',(4.980191299462,0.49618254307));
#231 = CARTESIAN_POINT('',(5.114957938573,0.496526450379));
#232 = CARTESIAN_POINT('',(5.250957133895,0.497011381783));
#233 = CARTESIAN_POINT('',(5.388765796026,0.49757184418));
#234 = CARTESIAN_POINT('',(5.65107513,0.498616066182));
#235 = CARTESIAN_POINT('',(5.775278302966,0.499101525415));
#236 = CARTESIAN_POINT('',(5.900958110694,0.499531657062));
#237 = CARTESIAN_POINT('',(6.027686251903,0.499843209773));
#238 = CARTESIAN_POINT('',(6.155189275409,0.5));
#239 = CARTESIAN_POINT('',(6.28318530718,0.5));
#240 = ( GEOMETRIC_REPRESENTATION_CONTEXT(2) 
PARAMETRIC_REPRESENTATION_CONTEXT() REPRESENTATION_CONTEXT('2D SPACE',''
  ) );
#241 = ORIENTED_EDGE('',*,*,#242,.F.);
#242 = EDGE_CURVE('',#243,#24,#245,.T.);
#243 = VERTEX_POINT('',#244);
#244 = CARTESIAN_POINT('',(231.34,-745.,-5.2405E+03));
#245 = SEAM_CURVE('',#246,(#250,#257),.PCURVE_S1.);
#246 = LINE('',#247,#248);
#247 = CARTESIAN_POINT('',(231.34,-745.,-5.2405E+03));
#248 = VECTOR('',#249,1.);
#249 = DIRECTION('',(0.,0.,1.));
#250 = PCURVE('',#51,#251);
#251 = DEFINITIONAL_REPRESENTATION('',(#252),#256);
#252 = LINE('',#253,#254);
#253 = CARTESIAN_POINT('',(6.28318530718,-0.));
#254 = VECTOR('',#255,1.);
#255 = DIRECTION('',(0.,1.));
#256 = ( GEOMETRIC_REPRESENTATION_CONTEXT(2) 
PARAMETRIC_REPRESENTATION_CONTEXT() REPRESENTATION_CONTEXT('2D SPACE',''
  ) );
#257 = PCURVE('',#51,#258);
#258 = DEFINITIONAL_REPRESENTATION('',(#259),#263);
#259 = LINE('',#260,#261);
#260 = CARTESIAN_POINT('',(0.,-0.));
#261 = VECTOR('',#262,1.);
#262 = DIRECTION('',(0.,1.));
#263 = ( GEOMETRIC_REPRESENTATION_CONTEXT(2) 
PARAMETRIC_REPRESENTATION_CONTEXT() REPRESENTATION_CONTEXT('2D SPACE',''
  ) );
#264 = ORIENTED_EDGE('',*,*,#265,.T.);
#265 = EDGE_CURVE('',#243,#243,#266,.T.);
#266 = SURFACE_CURVE('',#267,(#272,#279),.PCURVE_S1.);
#267 = CIRCLE('',#268,31.34);
#268 = AXIS2_PLACEMENT_3D('',#269,#270,#271);
#269 = CARTESIAN_POINT('',(200.,-745.,-5.2405E+03));
#270 = DIRECTION('',(0.,0.,1.));
#271 = DIRECTION('',(1.,0.,-0.));
#272 = PCURVE('',#51,#273);
#273 = DEFINITIONAL_REPRESENTATION('',(#274),#278);
#274 = LINE('',#275,#276);
#275 = CARTESIAN_POINT('',(0.,0.));
#276 = VECTOR('',#277,1.);
#277 = DIRECTION('',(1.,0.));
#278 = ( GEOMETRIC_REPRESENTATION_CONTEXT(2) 
PARAMETRIC_REPRESENTATION_CONTEXT() REPRESENTATION_CONTEXT('2D SPACE',''
  ) );
#279 = PCURVE('',#280,#285);
#280 = PLANE('',#281);
#281 = AXIS2_PLACEMENT_3D('',#282,#283,#284);
#282 = CARTESIAN_POINT('',(200.,-745.,-5.2405E+03));
#283 = DIRECTION('',(0.,0.,1.));
#284 = DIRECTION('',(1.,0.,-0.));
#285 = DEFINITIONAL_REPRESENTATION('',(#286),#290);
#286 = CIRCLE('',#287,31.34);
#287 = AXIS2_PLACEMENT_2D('',#288,#289);
#288 = CARTESIAN_POINT('',(0.,0.));
#289 = DIRECTION('',(1.,0.));
#290 = ( GEOMETRIC_REPRESENTATION_CONTEXT(2) 
PARAMETRIC_REPRESENTATION_CONTEXT() REPRESENTATION_CONTEXT('2D SPACE',''
  ) );
#291 = ORIENTED_EDGE('',*,*,#242,.T.);
#292 = FACE_BOUND('',#293,.T.);
#293 = EDGE_LOOP('',(#294));
#294 = ORIENTED_EDGE('',*,*,#295,.F.);
#295 = EDGE_CURVE('',#296,#296,#298,.T.);
#296 = VERTEX_POINT('',#297);
#297 = CARTESIAN_POINT('',(230.13885302037,-736.4066805821,-5.2165E+03)
  );
#298 = SURFACE_CURVE('',#299,(#330,#364),.PCURVE_S1.);
#299 = B_SPLINE_CURVE_WITH_KNOTS('',8,(#300,#301,#302,#303,#304,#305,
    #306,#307,#308,#309,#310,#311,#312,#313,#314,#315,#316,#317,#318,
    #319,#320,#321,#322,#323,#324,#325,#326,#327,#328,#329),
  .UNSPECIFIED.,.T.,.F.,(9,7,7,7,9),(0.,0.250000000008,0.500000000012,
    0.750000000013,1.),.UNSPECIFIED.);
#300 = CARTESIAN_POINT('',(230.13885302036,-736.4066805821,-5.2165E+03)
  );
#301 = CARTESIAN_POINT('',(230.13885302036,-736.4066805821,
    -5.216407073854E+03));
#302 = CARTESIAN_POINT('',(230.14426569758,-736.4256639773,
    -5.216312566414E+03));
#303 = CARTESIAN_POINT('',(230.15541369914,-736.4647637387,
    -5.216221618346E+03));
#304 = CARTESIAN_POINT('',(230.17207853844,-736.5234623079,
    -5.216139868527E+03));
#305 = CARTESIAN_POINT('',(230.19346300649,-736.599560457,
    -5.216072758609E+03));
#306 = CARTESIAN_POINT('',(230.21829212353,-736.6892796011,
    -5.216024974666E+03));
#307 = CARTESIAN_POINT('',(230.24506123163,-736.7876436108,-5.216E+03));
#308 = CARTESIAN_POINT('',(230.29916956016,-736.989578642,-5.216E+03));
#309 = CARTESIAN_POINT('',(230.32516883735,-737.0881489273,
    -5.216024974666E+03));
#310 = CARTESIAN_POINT('',(230.3485257633,-737.1782625438,
    -5.216072758609E+03));
#311 = CARTESIAN_POINT('',(230.36805534527,-737.2548577082,
    -5.216139868527E+03));
#312 = CARTESIAN_POINT('',(230.38297245573,-737.3140245799,
    -5.216221618346E+03));
#313 = CARTESIAN_POINT('',(230.39286788385,-737.3534599673,
    -5.216312566414E+03));
#314 = CARTESIAN_POINT('',(230.39767206547,-737.3726064084,
    -5.216407073854E+03));
#315 = CARTESIAN_POINT('',(230.39767206547,-737.3726064084,
    -5.216592926146E+03));
#316 = CARTESIAN_POINT('',(230.39286788385,-737.3534599673,
    -5.216687433586E+03));
#317 = CARTESIAN_POINT('',(230.38297245573,-737.3140245799,
    -5.216778381654E+03));
#318 = CARTESIAN_POINT('',(230.36805534527,-737.2548577082,
    -5.216860131473E+03));
#319 = CARTESIAN_POINT('',(230.3485257633,-737.1782625438,
    -5.216927241391E+03));
#320 = CARTESIAN_POINT('',(230.32516883735,-737.0881489273,
    -5.216975025334E+03));
#321 = CARTESIAN_POINT('',(230.29916956016,-736.989578642,-5.217E+03));
#322 = CARTESIAN_POINT('',(230.24506123163,-736.7876436108,-5.217E+03));
#323 = CARTESIAN_POINT('',(230.21829212353,-736.6892796011,
    -5.216975025334E+03));
#324 = CARTESIAN_POINT('',(230.19346300649,-736.599560457,
    -5.216927241391E+03));
#325 = CARTESIAN_POINT('',(230.17207853844,-736.5234623079,
    -5.216860131473E+03));
#326 = CARTESIAN_POINT('',(230.15541369914,-736.4647637387,
    -5.216778381654E+03));
#327 = CARTESIAN_POINT('',(230.14426569758,-736.4256639773,
    -5.216687433586E+03));
#328 = CARTESIAN_POINT('',(230.13885302036,-736.4066805821,
    -5.216592926146E+03));
#329 = CARTESIAN_POINT('',(230.13885302036,-736.4066805821,-5.2165E+03)
  );
#330 = PCURVE('',#51,#331);
#331 = DEFINITIONAL_REPRESENTATION('',(#332),#363);
#332 = B_SPLINE_CURVE_WITH_KNOTS('',8,(#333,#334,#335,#336,#337,#338,
    #339,#340,#341,#342,#343,#344,#345,#346,#347,#348,#349,#350,#351,
    #352,#353,#354,#355,#356,#357,#358,#359,#360,#361,#362),
  .UNSPECIFIED.,.T.,.F.,(9,7,7,7,9),(0.,0.250000000008,0.500000000012,
    0.750000000013,1.),.UNSPECIFIED.);
#333 = CARTESIAN_POINT('',(0.277754117008,24.));
#334 = CARTESIAN_POINT('',(0.277754117008,24.092926146406));
#335 = CARTESIAN_POINT('',(0.277124251845,24.187433586138));
#336 = CARTESIAN_POINT('',(0.275826934605,24.278381654361));
#337 = CARTESIAN_POINT('',(0.273879952846,24.360131472548));
#338 = CARTESIAN_POINT('',(0.271357779218,24.427241390858));
#339 = CARTESIAN_POINT('',(0.268387452954,24.475025334397));
#340 = CARTESIAN_POINT('',(0.265134718491,24.5));
#341 = CARTESIAN_POINT('',(0.258464057107,24.5));
#342 = CARTESIAN_POINT('',(0.255211322645,24.475025334397));
#343 = CARTESIAN_POINT('',(0.25224099638,24.427241390859));
#344 = CARTESIAN_POINT('',(0.249718822752,24.360131472545));
#345 = CARTESIAN_POINT('',(0.247771840993,24.27838165436));
#346 = CARTESIAN_POINT('',(0.246474523754,24.187433586139));
#347 = CARTESIAN_POINT('',(0.24584465859,24.092926146407));
#348 = CARTESIAN_POINT('',(0.24584465859,23.907073853594));
#349 = CARTESIAN_POINT('',(0.246474523754,23.812566413861));
#350 = CARTESIAN_POINT('',(0.247771840993,23.721618345641));
#351 = CARTESIAN_POINT('',(0.249718822752,23.639868527452));
#352 = CARTESIAN_POINT('',(0.25224099638,23.572758609142));
#353 = CARTESIAN_POINT('',(0.255211322645,23.524974665603));
#354 = CARTESIAN_POINT('',(0.258464057107,23.5));
#355 = CARTESIAN_POINT('',(0.265134718491,23.5));
#356 = CARTESIAN_POINT('',(0.268387452953,23.5249746656));
#357 = CARTESIAN_POINT('',(0.271357779218,23.572758609142));
#358 = CARTESIAN_POINT('',(0.273879952846,23.639868527457));
#359 = CARTESIAN_POINT('',(0.275826934605,23.721618345642));
#360 = CARTESIAN_POINT('',(0.277124251845,23.81256641386));
#361 = CARTESIAN_POINT('',(0.277754117008,23.90707385359));
#362 = CARTESIAN_POINT('',(0.277754117008,24.));
#363 = ( GEOMETRIC_REPRESENTATION_CONTEXT(2) 
PARAMETRIC_REPRESENTATION_CONTEXT() REPRESENTATION_CONTEXT('2D SPACE',''
  ) );
#364 = PCURVE('',#365,#370);
#365 = CYLINDRICAL_SURFACE('',#366,0.5);
#366 = AXIS2_PLACEMENT_3D('',#367,#368,#369);
#367 = CARTESIAN_POINT('',(229.78915248275,-737.018020649,-5.2165E+03));
#368 = DIRECTION('',(0.965925826289,0.258819045103,0.));
#369 = DIRECTION('',(-0.258819045103,0.965925826289,0.));
#370 = DEFINITIONAL_REPRESENTATION('',(#371),#402);
#371 = B_SPLINE_CURVE_WITH_KNOTS('',8,(#372,#373,#374,#375,#376,#377,
    #378,#379,#380,#381,#382,#383,#384,#385,#386,#387,#388,#389,#390,
    #391,#392,#393,#394,#395,#396,#397,#398,#399,#400,#401),
  .UNSPECIFIED.,.F.,.F.,(9,7,7,7,9),(0.,0.250000000008,0.500000000012,
    0.750000000013,1.),.UNSPECIFIED.);
#372 = CARTESIAN_POINT('',(0.,0.496011233085));
#373 = CARTESIAN_POINT('',(0.185852292812,0.496011233085));
#374 = CARTESIAN_POINT('',(0.374867222656,0.496326213581));
#375 = CARTESIAN_POINT('',(0.566545073817,0.496974593309));
#376 = CARTESIAN_POINT('',(0.760791483594,0.497879284326));
#377 = CARTESIAN_POINT('',(0.957760989585,0.498839444016));
#378 = CARTESIAN_POINT('',(1.157855611897,0.499601506198));
#379 = CARTESIAN_POINT('',(1.361737799,0.5));
#380 = CARTESIAN_POINT('',(1.779854854586,0.5));
#381 = CARTESIAN_POINT('',(1.983737041693,0.499601506198));
#382 = CARTESIAN_POINT('',(2.183831664003,0.498839444016));
#383 = CARTESIAN_POINT('',(2.380801170003,0.497879284326));
#384 = CARTESIAN_POINT('',(2.575047579771,0.496974593309));
#385 = CARTESIAN_POINT('',(2.766725430933,0.496326213581));
#386 = CARTESIAN_POINT('',(2.955740360775,0.496011233085));
#387 = CARTESIAN_POINT('',(3.327444946402,0.496011233085));
#388 = CARTESIAN_POINT('',(3.516459876249,0.496326213581));
#389 = CARTESIAN_POINT('',(3.708137727403,0.496974593309));
#390 = CARTESIAN_POINT('',(3.902384137186,0.497879284326));
#391 = CARTESIAN_POINT('',(4.099353643171,0.498839444016));
#392 = CARTESIAN_POINT('',(4.299448265489,0.499601506198));
#393 = CARTESIAN_POINT('',(4.50333045259,0.5));
#394 = CARTESIAN_POINT('',(4.921447508167,0.5));
#395 = CARTESIAN_POINT('',(5.12532969528,0.499601506198));
#396 = CARTESIAN_POINT('',(5.325424317602,0.498839444016));
#397 = CARTESIAN_POINT('',(5.522393823594,0.497879284326));
#398 = CARTESIAN_POINT('',(5.716640233367,0.496974593309));
#399 = CARTESIAN_POINT('',(5.908318084519,0.496326213581));
#400 = CARTESIAN_POINT('',(6.097333014359,0.496011233085));
#401 = CARTESIAN_POINT('',(6.28318530718,0.496011233085));
#402 = ( GEOMETRIC_REPRESENTATION_CONTEXT(2) 
PARAMETRIC_REPRESENTATION_CONTEXT() REPRESENTATION_CONTEXT('2D SPACE',''
  ) );
#403 = FACE_BOUND('',#404,.T.);
#404 = EDGE_LOOP('',(#405));
#405 = ORIENTED_EDGE('',*,*,#406,.F.);
#406 = EDGE_CURVE('',#407,#407,#409,.T.);
#407 = VERTEX_POINT('',#408);
#408 = CARTESIAN_POINT('',(226.88778178112,-728.8989816815,-5.2165E+03)
  );
#409 = SURFACE_CURVE('',#410,(#441,#475),.PCURVE_S1.);
#410 = B_SPLINE_CURVE_WITH_KNOTS('',8,(#411,#412,#413,#414,#415,#416,
    #417,#418,#419,#420,#421,#422,#423,#424,#425,#426,#427,#428,#429,
    #430,#431,#432,#433,#434,#435,#436,#437,#438,#439,#440),
  .UNSPECIFIED.,.T.,.F.,(9,7,7,7,9),(0.,0.250000000009,0.500000000006,
    0.75,1.),.UNSPECIFIED.);
#411 = CARTESIAN_POINT('',(226.88778178112,-728.8989816815,-5.2165E+03)
  );
#412 = CARTESIAN_POINT('',(226.88778178112,-728.8989816815,
    -5.216407073854E+03));
#413 = CARTESIAN_POINT('',(226.89792329005,-728.9159173292,
    -5.216312566414E+03));
#414 = CARTESIAN_POINT('',(226.91881119557,-728.9507994834,
    -5.216221618346E+03));
#415 = CARTESIAN_POINT('',(226.95010050187,-729.0031847696,
    -5.216139868527E+03));
#416 = CARTESIAN_POINT('',(226.99045196214,-729.0711552296,
    -5.216072758609E+03));
#417 = CARTESIAN_POINT('',(227.03765607073,-729.1513910196,
    -5.216024974666E+03));
#418 = CARTESIAN_POINT('',(227.08897152265,-729.239475002,-5.216E+03));
#419 = CARTESIAN_POINT('',(227.19350078655,-729.4205249979,-5.216E+03));
#420 = CARTESIAN_POINT('',(227.24412602696,-729.5090074741,
    -5.216024974666E+03));
#421 = CARTESIAN_POINT('',(227.29001020513,-729.5900053263,
    -5.216072758609E+03));
#422 = CARTESIAN_POINT('',(227.32869862003,-729.6589359459,
    -5.216139868527E+03));
#423 = CARTESIAN_POINT('',(227.35842095553,-729.7122259232,
    -5.216221618346E+03));
#424 = CARTESIAN_POINT('',(227.37818583442,-729.7477564571,
    -5.216312566414E+03));
#425 = CARTESIAN_POINT('',(227.38778178112,-729.7650070853,
    -5.216407073854E+03));
#426 = CARTESIAN_POINT('',(227.38778178112,-729.7650070853,
    -5.216592926146E+03));
#427 = CARTESIAN_POINT('',(227.37818583442,-729.7477564571,
    -5.216687433586E+03));
#428 = CARTESIAN_POINT('',(227.35842095553,-729.7122259232,
    -5.216778381654E+03));
#429 = CARTESIAN_POINT('',(227.32869862003,-729.6589359459,
    -5.216860131473E+03));
#430 = CARTESIAN_POINT('',(227.29001020513,-729.5900053263,
    -5.216927241391E+03));
#431 = CARTESIAN_POINT('',(227.24412602696,-729.5090074741,
    -5.216975025334E+03));
#432 = CARTESIAN_POINT('',(227.19350078655,-729.4205249979,-5.217E+03));
#433 = CARTESIAN_POINT('',(227.08897152265,-729.239475002,-5.217E+03));
#434 = CARTESIAN_POINT('',(227.03765607073,-729.1513910196,
    -5.216975025334E+03));
#435 = CARTESIAN_POINT('',(226.99045196214,-729.0711552296,
    -5.216927241391E+03));
#436 = CARTESIAN_POINT('',(226.95010050187,-729.0031847696,
    -5.216860131473E+03));
#437 = CARTESIAN_POINT('',(226.91881119557,-728.9507994834,
    -5.216778381654E+03));
#438 = CARTESIAN_POINT('',(226.89792329005,-728.9159173292,
    -5.216687433586E+03));
#439 = CARTESIAN_POINT('',(226.88778178112,-728.8989816815,
    -5.216592926146E+03));
#440 = CARTESIAN_POINT('',(226.88778178112,-728.8989816815,-5.2165E+03)
  );
#441 = PCURVE('',#51,#442);
#442 = DEFINITIONAL_REPRESENTATION('',(#443),#474);
#443 = B_SPLINE_CURVE_WITH_KNOTS('',8,(#444,#445,#446,#447,#448,#449,
    #450,#451,#452,#453,#454,#455,#456,#457,#458,#459,#460,#461,#462,
    #463,#464,#465,#466,#467,#468,#469,#470,#471,#472,#473),
  .UNSPECIFIED.,.T.,.F.,(9,7,7,7,9),(0.,0.250000000009,0.500000000006,
    0.75,1.),.UNSPECIFIED.);
#444 = CARTESIAN_POINT('',(0.539553504807,24.));
#445 = CARTESIAN_POINT('',(0.539553504807,24.092926146406));
#446 = CARTESIAN_POINT('',(0.538923639644,24.187433586138));
#447 = CARTESIAN_POINT('',(0.537626322405,24.278381654361));
#448 = CARTESIAN_POINT('',(0.535679340645,24.360131472546));
#449 = CARTESIAN_POINT('',(0.533157167017,24.427241390859));
#450 = CARTESIAN_POINT('',(0.530186840753,24.475025334397));
#451 = CARTESIAN_POINT('',(0.526934106291,24.5));
#452 = CARTESIAN_POINT('',(0.520263444906,24.5));
#453 = CARTESIAN_POINT('',(0.517010710444,24.475025334399));
#454 = CARTESIAN_POINT('',(0.514040384179,24.427241390857));
#455 = CARTESIAN_POINT('',(0.511518210551,24.360131472545));
#456 = CARTESIAN_POINT('',(0.509571228792,24.278381654357));
#457 = CARTESIAN_POINT('',(0.508273911553,24.18743358614));
#458 = CARTESIAN_POINT('',(0.507644046389,24.09292614641));
#459 = CARTESIAN_POINT('',(0.507644046389,23.907073853592));
#460 = CARTESIAN_POINT('',(0.508273911553,23.81256641386));
#461 = CARTESIAN_POINT('',(0.509571228792,23.721618345642));
#462 = CARTESIAN_POINT('',(0.511518210552,23.639868527454));
#463 = CARTESIAN_POINT('',(0.514040384179,23.572758609143));
#464 = CARTESIAN_POINT('',(0.517010710444,23.524974665601));
#465 = CARTESIAN_POINT('',(0.520263444906,23.5));
#466 = CARTESIAN_POINT('',(0.526934106291,23.5));
#467 = CARTESIAN_POINT('',(0.530186840753,23.524974665603));
#468 = CARTESIAN_POINT('',(0.533157167017,23.572758609142));
#469 = CARTESIAN_POINT('',(0.535679340645,23.639868527454));
#470 = CARTESIAN_POINT('',(0.537626322404,23.721618345638));
#471 = CARTESIAN_POINT('',(0.538923639644,23.812566413863));
#472 = CARTESIAN_POINT('',(0.539553504807,23.907073853593));
#473 = CARTESIAN_POINT('',(0.539553504807,24.));
#474 = ( GEOMETRIC_REPRESENTATION_CONTEXT(2) 
PARAMETRIC_REPRESENTATION_CONTEXT() REPRESENTATION_CONTEXT('2D SPACE',''
  ) );
#475 = PCURVE('',#476,#481);
#476 = CYLINDRICAL_SURFACE('',#477,0.5);
#477 = AXIS2_PLACEMENT_3D('',#478,#479,#480);
#478 = CARTESIAN_POINT('',(226.70822345271,-729.58,-5.2165E+03));
#479 = DIRECTION('',(0.866025403784,0.5,0.));
#480 = DIRECTION('',(-0.5,0.866025403784,0.));
#481 = DEFINITIONAL_REPRESENTATION('',(#482),#513);
#482 = B_SPLINE_CURVE_WITH_KNOTS('',8,(#483,#484,#485,#486,#487,#488,
    #489,#490,#491,#492,#493,#494,#495,#496,#497,#498,#499,#500,#501,
    #502,#503,#504,#505,#506,#507,#508,#509,#510,#511,#512),
  .UNSPECIFIED.,.F.,.F.,(9,7,7,7,9),(0.,0.250000000009,0.500000000006,
    0.75,1.),.UNSPECIFIED.);
#483 = CARTESIAN_POINT('',(0.,0.496011233085));
#484 = CARTESIAN_POINT('',(0.185852292813,0.496011233085));
#485 = CARTESIAN_POINT('',(0.374867222657,0.496326213582));
#486 = CARTESIAN_POINT('',(0.566545073817,0.496974593309));
#487 = CARTESIAN_POINT('',(0.760791483592,0.497879284326));
#488 = CARTESIAN_POINT('',(0.957760989585,0.498839444016));
#489 = CARTESIAN_POINT('',(1.157855611897,0.499601506198));
#490 = CARTESIAN_POINT('',(1.361737799001,0.5));
#491 = CARTESIAN_POINT('',(1.779854854579,0.5));
#492 = CARTESIAN_POINT('',(1.983737041693,0.499601506198));
#493 = CARTESIAN_POINT('',(2.18383166401,0.498839444016));
#494 = CARTESIAN_POINT('',(2.380801170002,0.497879284326));
#495 = CARTESIAN_POINT('',(2.575047579777,0.496974593309));
#496 = CARTESIAN_POINT('',(2.76672543093,0.496326213582));
#497 = CARTESIAN_POINT('',(2.955740360771,0.496011233085));
#498 = CARTESIAN_POINT('',(3.327444946407,0.496011233085));
#499 = CARTESIAN_POINT('',(3.516459876249,0.496326213581));
#500 = CARTESIAN_POINT('',(3.708137727404,0.496974593309));
#501 = CARTESIAN_POINT('',(3.902384137179,0.497879284326));
#502 = CARTESIAN_POINT('',(4.099353643172,0.498839444016));
#503 = CARTESIAN_POINT('',(4.299448265486,0.499601506198));
#504 = CARTESIAN_POINT('',(4.503330452598,0.5));
#505 = CARTESIAN_POINT('',(4.921447508176,0.5));
#506 = CARTESIAN_POINT('',(5.12532969529,0.499601506198));
#507 = CARTESIAN_POINT('',(5.325424317584,0.498839444016));
#508 = CARTESIAN_POINT('',(5.522393823598,0.497879284326));
#509 = CARTESIAN_POINT('',(5.716640233354,0.496974593309));
#510 = CARTESIAN_POINT('',(5.908318084528,0.496326213582));
#511 = CARTESIAN_POINT('',(6.097333014365,0.496011233085));
#512 = CARTESIAN_POINT('',(6.28318530718,0.496011233085));
#513 = ( GEOMETRIC_REPRESENTATION_CONTEXT(2) 
PARAMETRIC_REPRESENTATION_CONTEXT() REPRESENTATION_CONTEXT('2D SPACE',''
  ) );
#514 = FACE_BOUND('',#515,.T.);
#515 = EDGE_LOOP('',(#516));
#516 = ORIENTED_EDGE('',*,*,#517,.F.);
#517 = EDGE_CURVE('',#518,#518,#520,.T.);
#518 = VERTEX_POINT('',#519);
#519 = CARTESIAN_POINT('',(221.80435264765,-722.4885405711,-5.2165E+03)
  );
#520 = SURFACE_CURVE('',#521,(#552,#586),.PCURVE_S1.);
#521 = B_SPLINE_CURVE_WITH_KNOTS('',8,(#522,#523,#524,#525,#526,#527,
    #528,#529,#530,#531,#532,#533,#534,#535,#536,#537,#538,#539,#540,
    #541,#542,#543,#544,#545,#546,#547,#548,#549,#550,#551),
  .UNSPECIFIED.,.T.,.F.,(9,7,7,7,9),(0.,0.25,0.500000000004,
    0.750000000005,1.),.UNSPECIFIED.);
#522 = CARTESIAN_POINT('',(221.80435264765,-722.4885405711,-5.2165E+03)
  );
#523 = CARTESIAN_POINT('',(221.80435264765,-722.4885405711,
    -5.216407073854E+03));
#524 = CARTESIAN_POINT('',(221.81853186122,-722.502274335,
    -5.216312566414E+03));
#525 = CARTESIAN_POINT('',(221.84773619445,-722.5305617208,
    -5.216221618346E+03));
#526 = CARTESIAN_POINT('',(221.89151765325,-722.5730637533,
    -5.216139868527E+03));
#527 = CARTESIAN_POINT('',(221.94808622039,-722.6282744496,
    -5.216072758609E+03));
#528 = CARTESIAN_POINT('',(222.01444843855,-722.6935589491,
    -5.216024974666E+03));
#529 = CARTESIAN_POINT('',(222.08681317105,-722.7653601262,-5.216E+03));
#530 = CARTESIAN_POINT('',(222.23463987371,-722.9131868289,-5.216E+03));
#531 = CARTESIAN_POINT('',(222.30644105087,-722.9855515614,
    -5.216024974666E+03));
#532 = CARTESIAN_POINT('',(222.37172555036,-723.0519137796,
    -5.216072758609E+03));
#533 = CARTESIAN_POINT('',(222.42693624664,-723.1084823467,
    -5.216139868527E+03));
#534 = CARTESIAN_POINT('',(222.46943827914,-723.1522638055,
    -5.216221618346E+03));
#535 = CARTESIAN_POINT('',(222.49772566497,-723.1814681387,
    -5.216312566414E+03));
#536 = CARTESIAN_POINT('',(222.51145942884,-723.1956473523,
    -5.216407073854E+03));
#537 = CARTESIAN_POINT('',(222.51145942884,-723.1956473523,
    -5.216592926146E+03));
#538 = CARTESIAN_POINT('',(222.49772566497,-723.1814681387,
    -5.216687433586E+03));
#539 = CARTESIAN_POINT('',(222.46943827914,-723.1522638055,
    -5.216778381654E+03));
#540 = CARTESIAN_POINT('',(222.42693624664,-723.1084823467,
    -5.216860131473E+03));
#541 = CARTESIAN_POINT('',(222.37172555036,-723.0519137795,
    -5.216927241391E+03));
#542 = CARTESIAN_POINT('',(222.30644105088,-722.9855515614,
    -5.216975025334E+03));
#543 = CARTESIAN_POINT('',(222.23463987371,-722.9131868289,-5.217E+03));
#544 = CARTESIAN_POINT('',(222.08681317105,-722.7653601262,-5.217E+03));
#545 = CARTESIAN_POINT('',(222.01444843855,-722.6935589491,
    -5.216975025334E+03));
#546 = CARTESIAN_POINT('',(221.94808622039,-722.6282744496,
    -5.216927241391E+03));
#547 = CARTESIAN_POINT('',(221.89151765325,-722.5730637533,
    -5.216860131473E+03));
#548 = CARTESIAN_POINT('',(221.84773619445,-722.5305617208,
    -5.216778381654E+03));
#549 = CARTESIAN_POINT('',(221.81853186122,-722.502274335,
    -5.216687433586E+03));
#550 = CARTESIAN_POINT('',(221.80435264765,-722.4885405711,
    -5.216592926146E+03));
#551 = CARTESIAN_POINT('',(221.80435264765,-722.4885405711,-5.2165E+03)
  );
#552 = PCURVE('',#51,#553);
#553 = DEFINITIONAL_REPRESENTATION('',(#554),#585);
#554 = B_SPLINE_CURVE_WITH_KNOTS('',8,(#555,#556,#557,#558,#559,#560,
    #561,#562,#563,#564,#565,#566,#567,#568,#569,#570,#571,#572,#573,
    #574,#575,#576,#577,#578,#579,#580,#581,#582,#583,#584),
  .UNSPECIFIED.,.T.,.F.,(9,7,7,7,9),(0.,0.25,0.500000000004,
    0.750000000005,1.),.UNSPECIFIED.);
#555 = CARTESIAN_POINT('',(0.801352892607,24.));
#556 = CARTESIAN_POINT('',(0.801352892607,24.092926146409));
#557 = CARTESIAN_POINT('',(0.800723027443,24.187433586141));
#558 = CARTESIAN_POINT('',(0.799425710204,24.278381654358));
#559 = CARTESIAN_POINT('',(0.797478728444,24.360131472544));
#560 = CARTESIAN_POINT('',(0.794956554816,24.427241390858));
#561 = CARTESIAN_POINT('',(0.791986228552,24.475025334399));
#562 = CARTESIAN_POINT('',(0.78873349409,24.5));
#563 = CARTESIAN_POINT('',(0.782062832705,24.5));
#564 = CARTESIAN_POINT('',(0.778810098243,24.475025334399));
#565 = CARTESIAN_POINT('',(0.775839771978,24.427241390857));
#566 = CARTESIAN_POINT('',(0.773317598351,24.360131472546));
#567 = CARTESIAN_POINT('',(0.771370616591,24.278381654357));
#568 = CARTESIAN_POINT('',(0.770073299352,24.187433586141));
#569 = CARTESIAN_POINT('',(0.769443434188,24.092926146408));
#570 = CARTESIAN_POINT('',(0.769443434188,23.907073853593));
#571 = CARTESIAN_POINT('',(0.770073299352,23.812566413861));
#572 = CARTESIAN_POINT('',(0.771370616591,23.721618345639));
#573 = CARTESIAN_POINT('',(0.773317598351,23.639868527456));
#574 = CARTESIAN_POINT('',(0.775839771978,23.57275860914));
#575 = CARTESIAN_POINT('',(0.778810098243,23.524974665603));
#576 = CARTESIAN_POINT('',(0.782062832705,23.5));
#577 = CARTESIAN_POINT('',(0.78873349409,23.5));
#578 = CARTESIAN_POINT('',(0.791986228552,23.524974665601));
#579 = CARTESIAN_POINT('',(0.794956554816,23.572758609142));
#580 = CARTESIAN_POINT('',(0.797478728444,23.639868527456));
#581 = CARTESIAN_POINT('',(0.799425710204,23.721618345642));
#582 = CARTESIAN_POINT('',(0.800723027443,23.81256641386));
#583 = CARTESIAN_POINT('',(0.801352892607,23.907073853591));
#584 = CARTESIAN_POINT('',(0.801352892607,24.));
#585 = ( GEOMETRIC_REPRESENTATION_CONTEXT(2) 
PARAMETRIC_REPRESENTATION_CONTEXT() REPRESENTATION_CONTEXT('2D SPACE',''
  ) );
#586 = PCURVE('',#587,#592);
#587 = CYLINDRICAL_SURFACE('',#588,0.5);
#588 = AXIS2_PLACEMENT_3D('',#589,#590,#591);
#589 = CARTESIAN_POINT('',(221.80717313179,-723.1928268682,-5.2165E+03)
  );
#590 = DIRECTION('',(0.707106781187,0.707106781187,0.));
#591 = DIRECTION('',(-0.707106781187,0.707106781187,0.));
#592 = DEFINITIONAL_REPRESENTATION('',(#593),#624);
#593 = B_SPLINE_CURVE_WITH_KNOTS('',8,(#594,#595,#596,#597,#598,#599,
    #600,#601,#602,#603,#604,#605,#606,#607,#608,#609,#610,#611,#612,
    #613,#614,#615,#616,#617,#618,#619,#620,#621,#622,#623),
  .UNSPECIFIED.,.F.,.F.,(9,7,7,7,9),(0.,0.25,0.500000000004,
    0.750000000005,1.),.UNSPECIFIED.);
#594 = CARTESIAN_POINT('',(0.,0.496011233085));
#595 = CARTESIAN_POINT('',(0.185852292818,0.496011233085));
#596 = CARTESIAN_POINT('',(0.374867222661,0.496326213582));
#597 = CARTESIAN_POINT('',(0.566545073814,0.496974593309));
#598 = CARTESIAN_POINT('',(0.760791483585,0.497879284326));
#599 = CARTESIAN_POINT('',(0.957760989582,0.498839444016));
#600 = CARTESIAN_POINT('',(1.157855611897,0.499601506198));
#601 = CARTESIAN_POINT('',(1.36173779901,0.5));
#602 = CARTESIAN_POINT('',(1.779854854583,0.5));
#603 = CARTESIAN_POINT('',(1.98373704169,0.499601506198));
#604 = CARTESIAN_POINT('',(2.183831664011,0.498839444016));
#605 = CARTESIAN_POINT('',(2.380801169997,0.497879284326));
#606 = CARTESIAN_POINT('',(2.57504757978,0.496974593309));
#607 = CARTESIAN_POINT('',(2.766725430928,0.496326213581));
#608 = CARTESIAN_POINT('',(2.955740360774,0.496011233085));
#609 = CARTESIAN_POINT('',(3.327444946405,0.496011233085));
#610 = CARTESIAN_POINT('',(3.516459876247,0.496326213581));
#611 = CARTESIAN_POINT('',(3.70813772741,0.496974593309));
#612 = CARTESIAN_POINT('',(3.902384137172,0.497879284326));
#613 = CARTESIAN_POINT('',(4.099353643179,0.498839444016));
#614 = CARTESIAN_POINT('',(4.299448265486,0.499601506198));
#615 = CARTESIAN_POINT('',(4.503330452594,0.5));
#616 = CARTESIAN_POINT('',(4.921447508169,0.5));
#617 = CARTESIAN_POINT('',(5.125329695283,0.499601506198));
#618 = CARTESIAN_POINT('',(5.325424317598,0.498839444016));
#619 = CARTESIAN_POINT('',(5.522393823594,0.497879284326));
#620 = CARTESIAN_POINT('',(5.716640233366,0.496974593309));
#621 = CARTESIAN_POINT('',(5.908318084519,0.496326213582));
#622 = CARTESIAN_POINT('',(6.097333014362,0.496011233085));
#623 = CARTESIAN_POINT('',(6.28318530718,0.496011233085));
#624 = ( GEOMETRIC_REPRESENTATION_CONTEXT(2) 
PARAMETRIC_REPRESENTATION_CONTEXT() REPRESENTATION_CONTEXT('2D SPACE',''
  ) );
#625 = FACE_BOUND('',#626,.T.);
#626 = EDGE_LOOP('',(#627));
#627 = ORIENTED_EDGE('',*,*,#628,.F.);
#628 = EDGE_CURVE('',#629,#629,#631,.T.);
#629 = VERTEX_POINT('',#630);
#630 = CARTESIAN_POINT('',(216.10101831843,-718.1122182188,-5.2165E+03)
  );
#631 = SURFACE_CURVE('',#632,(#663,#697),.PCURVE_S1.);
#632 = B_SPLINE_CURVE_WITH_KNOTS('',8,(#633,#634,#635,#636,#637,#638,
    #639,#640,#641,#642,#643,#644,#645,#646,#647,#648,#649,#650,#651,
    #652,#653,#654,#655,#656,#657,#658,#659,#660,#661,#662),
  .UNSPECIFIED.,.T.,.F.,(9,7,7,7,9),(0.,0.249999999987,0.49999999998,
    0.749999999984,1.),.UNSPECIFIED.);
#633 = CARTESIAN_POINT('',(216.10101831843,-718.1122182188,-5.2165E+03)
  );
#634 = CARTESIAN_POINT('',(216.10101831843,-718.1122182188,
    -5.216592926146E+03));
#635 = CARTESIAN_POINT('',(216.0840826707,-718.1020767099,
    -5.216687433586E+03));
#636 = CARTESIAN_POINT('',(216.04920051653,-718.0811888044,
    -5.216778381654E+03));
#637 = CARTESIAN_POINT('',(215.99681523031,-718.0498994981,
    -5.216860131473E+03));
#638 = CARTESIAN_POINT('',(215.92884477035,-718.0095480378,
    -5.216927241391E+03));
#639 = CARTESIAN_POINT('',(215.84860898031,-717.9623439292,
    -5.216975025334E+03));
#640 = CARTESIAN_POINT('',(215.76052499797,-717.9110284773,-5.217E+03));
#641 = CARTESIAN_POINT('',(215.57947500202,-717.8064992134,-5.217E+03));
#642 = CARTESIAN_POINT('',(215.49099252588,-717.755873973,
    -5.216975025334E+03));
#643 = CARTESIAN_POINT('',(215.40999467366,-717.7099897948,
    -5.216927241391E+03));
#644 = CARTESIAN_POINT('',(215.34106405401,-717.6713013799,
    -5.216860131473E+03));
#645 = CARTESIAN_POINT('',(215.28777407677,-717.6415790444,
    -5.216778381654E+03));
#646 = CARTESIAN_POINT('',(215.25224354287,-717.6218141655,
    -5.216687433586E+03));
#647 = CARTESIAN_POINT('',(215.23499291465,-717.6122182188,
    -5.216592926146E+03));
#648 = CARTESIAN_POINT('',(215.23499291465,-717.6122182188,
    -5.216407073854E+03));
#649 = CARTESIAN_POINT('',(215.25224354288,-717.6218141655,
    -5.216312566414E+03));
#650 = CARTESIAN_POINT('',(215.28777407677,-717.6415790444,
    -5.216221618346E+03));
#651 = CARTESIAN_POINT('',(215.34106405401,-717.6713013799,
    -5.216139868527E+03));
#652 = CARTESIAN_POINT('',(215.40999467366,-717.7099897948,
    -5.216072758609E+03));
#653 = CARTESIAN_POINT('',(215.49099252588,-717.755873973,
    -5.216024974666E+03));
#654 = CARTESIAN_POINT('',(215.57947500203,-717.8064992134,-5.216E+03));
#655 = CARTESIAN_POINT('',(215.76052499797,-717.9110284773,-5.216E+03));
#656 = CARTESIAN_POINT('',(215.84860898031,-717.9623439292,
    -5.216024974666E+03));
#657 = CARTESIAN_POINT('',(215.92884477035,-718.0095480378,
    -5.216072758609E+03));
#658 = CARTESIAN_POINT('',(215.9968152303,-718.0498994981,
    -5.216139868527E+03));
#659 = CARTESIAN_POINT('',(216.04920051653,-718.0811888044,
    -5.216221618346E+03));
#660 = CARTESIAN_POINT('',(216.0840826707,-718.1020767099,
    -5.216312566414E+03));
#661 = CARTESIAN_POINT('',(216.10101831843,-718.1122182188,
    -5.216407073854E+03));
#662 = CARTESIAN_POINT('',(216.10101831843,-718.1122182188,-5.2165E+03)
  );
#663 = PCURVE('',#51,#664);
#664 = DEFINITIONAL_REPRESENTATION('',(#665),#696);
#665 = B_SPLINE_CURVE_WITH_KNOTS('',8,(#666,#667,#668,#669,#670,#671,
    #672,#673,#674,#675,#676,#677,#678,#679,#680,#681,#682,#683,#684,
    #685,#686,#687,#688,#689,#690,#691,#692,#693,#694,#695),
  .UNSPECIFIED.,.T.,.F.,(9,7,7,7,9),(0.,0.249999999987,0.49999999998,
    0.749999999984,1.),.UNSPECIFIED.);
#666 = CARTESIAN_POINT('',(1.031242821988,24.));
#667 = CARTESIAN_POINT('',(1.031242821988,23.907073853592));
#668 = CARTESIAN_POINT('',(1.031872687151,23.81256641386));
#669 = CARTESIAN_POINT('',(1.03317000439,23.721618345642));
#670 = CARTESIAN_POINT('',(1.03511698615,23.639868527455));
#671 = CARTESIAN_POINT('',(1.037639159778,23.572758609142));
#672 = CARTESIAN_POINT('',(1.040609486042,23.524974665601));
#673 = CARTESIAN_POINT('',(1.043862220504,23.5));
#674 = CARTESIAN_POINT('',(1.050532881889,23.5));
#675 = CARTESIAN_POINT('',(1.053785616351,23.524974665603));
#676 = CARTESIAN_POINT('',(1.056755942616,23.572758609141));
#677 = CARTESIAN_POINT('',(1.059278116243,23.639868527454));
#678 = CARTESIAN_POINT('',(1.061225098003,23.72161834564));
#679 = CARTESIAN_POINT('',(1.062522415242,23.812566413861));
#680 = CARTESIAN_POINT('',(1.063152280406,23.907073853593));
#681 = CARTESIAN_POINT('',(1.063152280406,24.092926146411));
#682 = CARTESIAN_POINT('',(1.062522415242,24.18743358614));
#683 = CARTESIAN_POINT('',(1.061225098003,24.278381654358));
#684 = CARTESIAN_POINT('',(1.059278116243,24.360131472543));
#685 = CARTESIAN_POINT('',(1.056755942616,24.427241390857));
#686 = CARTESIAN_POINT('',(1.053785616351,24.4750253344));
#687 = CARTESIAN_POINT('',(1.050532881889,24.5));
#688 = CARTESIAN_POINT('',(1.043862220504,24.5));
#689 = CARTESIAN_POINT('',(1.040609486042,24.475025334398));
#690 = CARTESIAN_POINT('',(1.037639159778,24.427241390857));
#691 = CARTESIAN_POINT('',(1.03511698615,24.360131472548));
#692 = CARTESIAN_POINT('',(1.03317000439,24.278381654358));
#693 = CARTESIAN_POINT('',(1.031872687151,24.187433586141));
#694 = CARTESIAN_POINT('',(1.031242821988,24.092926146407));
#695 = CARTESIAN_POINT('',(1.031242821988,24.));
#696 = ( GEOMETRIC_REPRESENTATION_CONTEXT(2) 
PARAMETRIC_REPRESENTATION_CONTEXT() REPRESENTATION_CONTEXT('2D SPACE',''
  ) );
#697 = PCURVE('',#698,#703);
#698 = CYLINDRICAL_SURFACE('',#699,0.5);
#699 = AXIS2_PLACEMENT_3D('',#700,#701,#702);
#700 = CARTESIAN_POINT('',(215.42,-718.2917765472,-5.2165E+03));
#701 = DIRECTION('',(0.5,0.866025403784,0.));
#702 = DIRECTION('',(0.866025403784,-0.5,0.));
#703 = DEFINITIONAL_REPRESENTATION('',(#704),#735);
#704 = B_SPLINE_CURVE_WITH_KNOTS('',8,(#705,#706,#707,#708,#709,#710,
    #711,#712,#713,#714,#715,#716,#717,#718,#719,#720,#721,#722,#723,
    #724,#725,#726,#727,#728,#729,#730,#731,#732,#733,#734),
  .UNSPECIFIED.,.F.,.F.,(9,7,7,7,9),(0.,0.249999999987,0.49999999998,
    0.749999999984,1.),.UNSPECIFIED.);
#705 = CARTESIAN_POINT('',(0.,0.496011233085));
#706 = CARTESIAN_POINT('',(0.185852292817,0.496011233085));
#707 = CARTESIAN_POINT('',(0.37486722266,0.496326213582));
#708 = CARTESIAN_POINT('',(0.566545073814,0.496974593309));
#709 = CARTESIAN_POINT('',(0.760791483588,0.497879284326));
#710 = CARTESIAN_POINT('',(0.957760989582,0.498839444016));
#711 = CARTESIAN_POINT('',(1.157855611897,0.499601506198));
#712 = CARTESIAN_POINT('',(1.361737799008,0.5));
#713 = CARTESIAN_POINT('',(1.779854854588,0.5));
#714 = CARTESIAN_POINT('',(1.983737041693,0.499601506198));
#715 = CARTESIAN_POINT('',(2.183831664004,0.498839444016));
#716 = CARTESIAN_POINT('',(2.38080117,0.497879284326));
#717 = CARTESIAN_POINT('',(2.575047579772,0.496974593309));
#718 = CARTESIAN_POINT('',(2.766725430933,0.496326213581));
#719 = CARTESIAN_POINT('',(2.955740360776,0.496011233085));
#720 = CARTESIAN_POINT('',(3.327444946411,0.496011233085));
#721 = CARTESIAN_POINT('',(3.516459876249,0.496326213582));
#722 = CARTESIAN_POINT('',(3.708137727404,0.496974593309));
#723 = CARTESIAN_POINT('',(3.902384137173,0.497879284326));
#724 = CARTESIAN_POINT('',(4.099353643169,0.498839444016));
#725 = CARTESIAN_POINT('',(4.299448265489,0.499601506198));
#726 = CARTESIAN_POINT('',(4.503330452603,0.5));
#727 = CARTESIAN_POINT('',(4.921447508177,0.5));
#728 = CARTESIAN_POINT('',(5.12532969528,0.499601506198));
#729 = CARTESIAN_POINT('',(5.325424317603,0.498839444016));
#730 = CARTESIAN_POINT('',(5.522393823579,0.497879284326));
#731 = CARTESIAN_POINT('',(5.716640233372,0.496974593309));
#732 = CARTESIAN_POINT('',(5.908318084517,0.496326213582));
#733 = CARTESIAN_POINT('',(6.097333014366,0.496011233085));
#734 = CARTESIAN_POINT('',(6.28318530718,0.496011233085));
#735 = ( GEOMETRIC_REPRESENTATION_CONTEXT(2) 
PARAMETRIC_REPRESENTATION_CONTEXT() REPRESENTATION_CONTEXT('2D SPACE',''
  ) );
#736 = FACE_BOUND('',#737,.T.);
#737 = EDGE_LOOP('',(#738));
#738 = ORIENTED_EDGE('',*,*,#739,.F.);
#739 = EDGE_CURVE('',#740,#740,#742,.T.);
#740 = VERTEX_POINT('',#741);
#741 = CARTESIAN_POINT('',(208.59331941781,-714.8611469796,-5.2165E+03)
  );
#742 = SURFACE_CURVE('',#743,(#774,#808),.PCURVE_S1.);
#743 = B_SPLINE_CURVE_WITH_KNOTS('',8,(#744,#745,#746,#747,#748,#749,
    #750,#751,#752,#753,#754,#755,#756,#757,#758,#759,#760,#761,#762,
    #763,#764,#765,#766,#767,#768,#769,#770,#771,#772,#773),
  .UNSPECIFIED.,.T.,.F.,(9,7,7,7,9),(0.,0.250000000001,0.500000000003,
    0.750000000005,1.),.UNSPECIFIED.);
#744 = CARTESIAN_POINT('',(208.59331941781,-714.8611469796,-5.2165E+03)
  );
#745 = CARTESIAN_POINT('',(208.59331941781,-714.8611469796,
    -5.216592926146E+03));
#746 = CARTESIAN_POINT('',(208.57433602262,-714.8557343024,
    -5.216687433586E+03));
#747 = CARTESIAN_POINT('',(208.53523626128,-714.8445863008,
    -5.216778381654E+03));
#748 = CARTESIAN_POINT('',(208.47653769201,-714.8279214615,
    -5.216860131473E+03));
#749 = CARTESIAN_POINT('',(208.4004395429,-714.8065369935,
    -5.216927241391E+03));
#750 = CARTESIAN_POINT('',(208.3107203988,-714.7817078764,
    -5.216975025334E+03));
#751 = CARTESIAN_POINT('',(208.21235638911,-714.7549387683,-5.217E+03));
#752 = CARTESIAN_POINT('',(208.01042135791,-714.7008304398,-5.217E+03));
#753 = CARTESIAN_POINT('',(207.91185107265,-714.6748311626,
    -5.216975025334E+03));
#754 = CARTESIAN_POINT('',(207.82173745613,-714.6514742366,
    -5.216927241391E+03));
#755 = CARTESIAN_POINT('',(207.74514229179,-714.6319446547,
    -5.216860131473E+03));
#756 = CARTESIAN_POINT('',(207.68597542,-714.6170275442,
    -5.216778381654E+03));
#757 = CARTESIAN_POINT('',(207.64654003261,-714.6071321161,
    -5.216687433586E+03));
#758 = CARTESIAN_POINT('',(207.62739359152,-714.6023279345,
    -5.216592926146E+03));
#759 = CARTESIAN_POINT('',(207.62739359152,-714.6023279345,
    -5.216407073854E+03));
#760 = CARTESIAN_POINT('',(207.64654003261,-714.6071321161,
    -5.216312566414E+03));
#761 = CARTESIAN_POINT('',(207.68597542,-714.6170275442,
    -5.216221618346E+03));
#762 = CARTESIAN_POINT('',(207.74514229179,-714.6319446547,
    -5.216139868527E+03));
#763 = CARTESIAN_POINT('',(207.82173745613,-714.6514742366,
    -5.216072758609E+03));
#764 = CARTESIAN_POINT('',(207.91185107265,-714.6748311626,
    -5.216024974666E+03));
#765 = CARTESIAN_POINT('',(208.01042135791,-714.7008304398,-5.216E+03));
#766 = CARTESIAN_POINT('',(208.2123563891,-714.7549387683,-5.216E+03));
#767 = CARTESIAN_POINT('',(208.3107203988,-714.7817078764,
    -5.216024974666E+03));
#768 = CARTESIAN_POINT('',(208.4004395429,-714.8065369935,
    -5.216072758609E+03));
#769 = CARTESIAN_POINT('',(208.47653769202,-714.8279214615,
    -5.216139868527E+03));
#770 = CARTESIAN_POINT('',(208.53523626128,-714.8445863008,
    -5.216221618346E+03));
#771 = CARTESIAN_POINT('',(208.57433602262,-714.8557343024,
    -5.216312566414E+03));
#772 = CARTESIAN_POINT('',(208.59331941781,-714.8611469796,
    -5.216407073854E+03));
#773 = CARTESIAN_POINT('',(208.59331941781,-714.8611469796,-5.2165E+03)
  );
#774 = PCURVE('',#51,#775);
#775 = DEFINITIONAL_REPRESENTATION('',(#776),#807);
#776 = B_SPLINE_CURVE_WITH_KNOTS('',8,(#777,#778,#779,#780,#781,#782,
    #783,#784,#785,#786,#787,#788,#789,#790,#791,#792,#793,#794,#795,
    #796,#797,#798,#799,#800,#801,#802,#803,#804,#805,#806),
  .UNSPECIFIED.,.T.,.F.,(9,7,7,7,9),(0.,0.250000000001,0.500000000003,
    0.750000000005,1.),.UNSPECIFIED.);
#777 = CARTESIAN_POINT('',(1.293042209787,24.));
#778 = CARTESIAN_POINT('',(1.293042209787,23.907073853593));
#779 = CARTESIAN_POINT('',(1.29367207495,23.812566413861));
#780 = CARTESIAN_POINT('',(1.29496939219,23.721618345641));
#781 = CARTESIAN_POINT('',(1.296916373949,23.639868527454));
#782 = CARTESIAN_POINT('',(1.299438547577,23.572758609142));
#783 = CARTESIAN_POINT('',(1.302408873841,23.524974665603));
#784 = CARTESIAN_POINT('',(1.305661608303,23.5));
#785 = CARTESIAN_POINT('',(1.312332269688,23.5));
#786 = CARTESIAN_POINT('',(1.31558500415,23.524974665603));
#787 = CARTESIAN_POINT('',(1.318555330415,23.572758609142));
#788 = CARTESIAN_POINT('',(1.321077504043,23.639868527453));
#789 = CARTESIAN_POINT('',(1.323024485802,23.721618345641));
#790 = CARTESIAN_POINT('',(1.324321803041,23.812566413861));
#791 = CARTESIAN_POINT('',(1.324951668205,23.907073853593));
#792 = CARTESIAN_POINT('',(1.324951668205,24.092926146407));
#793 = CARTESIAN_POINT('',(1.324321803041,24.18743358614));
#794 = CARTESIAN_POINT('',(1.323024485802,24.278381654358));
#795 = CARTESIAN_POINT('',(1.321077504043,24.360131472548));
#796 = CARTESIAN_POINT('',(1.318555330415,24.427241390857));
#797 = CARTESIAN_POINT('',(1.31558500415,24.475025334398));
#798 = CARTESIAN_POINT('',(1.312332269688,24.5));
#799 = CARTESIAN_POINT('',(1.305661608304,24.5));
#800 = CARTESIAN_POINT('',(1.302408873841,24.475025334399));
#801 = CARTESIAN_POINT('',(1.299438547577,24.427241390858));
#802 = CARTESIAN_POINT('',(1.296916373949,24.360131472543));
#803 = CARTESIAN_POINT('',(1.29496939219,24.278381654359));
#804 = CARTESIAN_POINT('',(1.29367207495,24.187433586139));
#805 = CARTESIAN_POINT('',(1.293042209787,24.09292614641));
#806 = CARTESIAN_POINT('',(1.293042209787,24.));
#807 = ( GEOMETRIC_REPRESENTATION_CONTEXT(2) 
PARAMETRIC_REPRESENTATION_CONTEXT() REPRESENTATION_CONTEXT('2D SPACE',''
  ) );
#808 = PCURVE('',#809,#814);
#809 = CYLINDRICAL_SURFACE('',#810,0.5);
#810 = AXIS2_PLACEMENT_3D('',#811,#812,#813);
#811 = CARTESIAN_POINT('',(207.98197935096,-715.2108475172,-5.2165E+03)
  );
#812 = DIRECTION('',(0.258819045103,0.965925826289,0.));
#813 = DIRECTION('',(0.965925826289,-0.258819045103,0.));
#814 = DEFINITIONAL_REPRESENTATION('',(#815),#846);
#815 = B_SPLINE_CURVE_WITH_KNOTS('',8,(#816,#817,#818,#819,#820,#821,
    #822,#823,#824,#825,#826,#827,#828,#829,#830,#831,#832,#833,#834,
    #835,#836,#837,#838,#839,#840,#841,#842,#843,#844,#845),
  .UNSPECIFIED.,.F.,.F.,(9,7,7,7,9),(0.,0.250000000001,0.500000000003,
    0.750000000005,1.),.UNSPECIFIED.);
#816 = CARTESIAN_POINT('',(0.,0.496011233085));
#817 = CARTESIAN_POINT('',(0.185852292814,0.496011233085));
#818 = CARTESIAN_POINT('',(0.374867222659,0.496326213582));
#819 = CARTESIAN_POINT('',(0.566545073815,0.496974593309));
#820 = CARTESIAN_POINT('',(0.760791483591,0.497879284326));
#821 = CARTESIAN_POINT('',(0.957760989584,0.498839444016));
#822 = CARTESIAN_POINT('',(1.157855611897,0.499601506198));
#823 = CARTESIAN_POINT('',(1.361737799003,0.5));
#824 = CARTESIAN_POINT('',(1.779854854587,0.5));
#825 = CARTESIAN_POINT('',(1.983737041692,0.499601506198));
#826 = CARTESIAN_POINT('',(2.183831664007,0.498839444016));
#827 = CARTESIAN_POINT('',(2.380801169996,0.497879284326));
#828 = CARTESIAN_POINT('',(2.575047579776,0.496974593309));
#829 = CARTESIAN_POINT('',(2.766725430931,0.496326213582));
#830 = CARTESIAN_POINT('',(2.955740360776,0.496011233085));
#831 = CARTESIAN_POINT('',(3.327444946405,0.496011233085));
#832 = CARTESIAN_POINT('',(3.51645987625,0.496326213582));
#833 = CARTESIAN_POINT('',(3.708137727402,0.496974593309));
#834 = CARTESIAN_POINT('',(3.902384137184,0.497879284326));
#835 = CARTESIAN_POINT('',(4.099353643172,0.498839444016));
#836 = CARTESIAN_POINT('',(4.299448265487,0.499601506198));
#837 = CARTESIAN_POINT('',(4.503330452595,0.5));
#838 = CARTESIAN_POINT('',(4.921447508169,0.5));
#839 = CARTESIAN_POINT('',(5.125329695283,0.499601506198));
#840 = CARTESIAN_POINT('',(5.325424317594,0.498839444016));
#841 = CARTESIAN_POINT('',(5.522393823601,0.497879284326));
#842 = CARTESIAN_POINT('',(5.71664023336,0.496974593309));
#843 = CARTESIAN_POINT('',(5.908318084522,0.496326213582));
#844 = CARTESIAN_POINT('',(6.09733301436,0.496011233085));
#845 = CARTESIAN_POINT('',(6.28318530718,0.496011233085));
#846 = ( GEOMETRIC_REPRESENTATION_CONTEXT(2) 
PARAMETRIC_REPRESENTATION_CONTEXT() REPRESENTATION_CONTEXT('2D SPACE',''
  ) );
#847 = FACE_BOUND('',#848,.T.);
#848 = EDGE_LOOP('',(#849));
#849 = ORIENTED_EDGE('',*,*,#850,.F.);
#850 = EDGE_CURVE('',#851,#851,#853,.T.);
#851 = VERTEX_POINT('',#852);
#852 = CARTESIAN_POINT('',(200.5,-713.6639887669,-5.2165E+03));
#853 = SURFACE_CURVE('',#854,(#885,#919),.PCURVE_S1.);
#854 = B_SPLINE_CURVE_WITH_KNOTS('',8,(#855,#856,#857,#858,#859,#860,
    #861,#862,#863,#864,#865,#866,#867,#868,#869,#870,#871,#872,#873,
    #874,#875,#876,#877,#878,#879,#880,#881,#882,#883,#884),
  .UNSPECIFIED.,.T.,.F.,(9,7,7,7,9),(0.,0.249999999999,0.499999999996,
    0.749999999993,1.),.UNSPECIFIED.);
#855 = CARTESIAN_POINT('',(200.5,-713.6639887669,-5.2165E+03));
#856 = CARTESIAN_POINT('',(200.5,-713.6639887669,-5.216592926146E+03));
#857 = CARTESIAN_POINT('',(200.48026254437,-713.6636737864,
    -5.216687433586E+03));
#858 = CARTESIAN_POINT('',(200.43960975996,-713.6630254066,
    -5.216778381654E+03));
#859 = CARTESIAN_POINT('',(200.37859811815,-713.6621207156,
    -5.216860131473E+03));
#860 = CARTESIAN_POINT('',(200.29955824299,-713.6611605559,
    -5.216927241391E+03));
#861 = CARTESIAN_POINT('',(200.20646995623,-713.6603984938,
    -5.216975025334E+03));
#862 = CARTESIAN_POINT('',(200.10452926389,-713.66,-5.217E+03));
#863 = CARTESIAN_POINT('',(199.8954707361,-713.66,-5.217E+03));
#864 = CARTESIAN_POINT('',(199.79353004376,-713.6603984938,
    -5.216975025334E+03));
#865 = CARTESIAN_POINT('',(199.700441757,-713.6611605559,
    -5.216927241391E+03));
#866 = CARTESIAN_POINT('',(199.62140188184,-713.6621207156,
    -5.216860131473E+03));
#867 = CARTESIAN_POINT('',(199.56039024003,-713.6630254066,
    -5.216778381654E+03));
#868 = CARTESIAN_POINT('',(199.51973745562,-713.6636737864,
    -5.216687433586E+03));
#869 = CARTESIAN_POINT('',(199.5,-713.6639887669,-5.216592926146E+03));
#870 = CARTESIAN_POINT('',(199.5,-713.6639887669,-5.216407073854E+03));
#871 = CARTESIAN_POINT('',(199.51973745562,-713.6636737864,
    -5.216312566414E+03));
#872 = CARTESIAN_POINT('',(199.56039024003,-713.6630254066,
    -5.216221618346E+03));
#873 = CARTESIAN_POINT('',(199.62140188184,-713.6621207156,
    -5.216139868527E+03));
#874 = CARTESIAN_POINT('',(199.700441757,-713.6611605559,
    -5.216072758609E+03));
#875 = CARTESIAN_POINT('',(199.79353004376,-713.6603984938,
    -5.216024974666E+03));
#876 = CARTESIAN_POINT('',(199.8954707361,-713.66,-5.216E+03));
#877 = CARTESIAN_POINT('',(200.10452926389,-713.66,-5.216E+03));
#878 = CARTESIAN_POINT('',(200.20646995623,-713.6603984938,
    -5.216024974666E+03));
#879 = CARTESIAN_POINT('',(200.29955824298,-713.6611605559,
    -5.216072758609E+03));
#880 = CARTESIAN_POINT('',(200.37859811815,-713.6621207156,
    -5.216139868527E+03));
#881 = CARTESIAN_POINT('',(200.43960975996,-713.6630254066,
    -5.216221618346E+03));
#882 = CARTESIAN_POINT('',(200.48026254437,-713.6636737864,
    -5.216312566414E+03));
#883 = CARTESIAN_POINT('',(200.5,-713.6639887669,-5.216407073854E+03));
#884 = CARTESIAN_POINT('',(200.5,-713.6639887669,-5.2165E+03));
#885 = PCURVE('',#51,#886);
#886 = DEFINITIONAL_REPRESENTATION('',(#887),#918);
#887 = B_SPLINE_CURVE_WITH_KNOTS('',8,(#888,#889,#890,#891,#892,#893,
    #894,#895,#896,#897,#898,#899,#900,#901,#902,#903,#904,#905,#906,
    #907,#908,#909,#910,#911,#912,#913,#914,#915,#916,#917),
  .UNSPECIFIED.,.T.,.F.,(9,7,7,7,9),(0.,0.249999999999,0.499999999996,
    0.749999999993,1.),.UNSPECIFIED.);
#888 = CARTESIAN_POINT('',(1.554841597586,24.));
#889 = CARTESIAN_POINT('',(1.554841597586,23.907073853592));
#890 = CARTESIAN_POINT('',(1.555471462749,23.812566413861));
#891 = CARTESIAN_POINT('',(1.556768779989,23.721618345641));
#892 = CARTESIAN_POINT('',(1.558715761748,23.639868527454));
#893 = CARTESIAN_POINT('',(1.561237935376,23.572758609142));
#894 = CARTESIAN_POINT('',(1.564208261641,23.524974665602));
#895 = CARTESIAN_POINT('',(1.567460996103,23.5));
#896 = CARTESIAN_POINT('',(1.574131657487,23.5));
#897 = CARTESIAN_POINT('',(1.577384391949,23.524974665602));
#898 = CARTESIAN_POINT('',(1.580354718214,23.572758609143));
#899 = CARTESIAN_POINT('',(1.582876891842,23.639868527453));
#900 = CARTESIAN_POINT('',(1.584823873601,23.721618345643));
#901 = CARTESIAN_POINT('',(1.586121190841,23.812566413859));
#902 = CARTESIAN_POINT('',(1.586751056004,23.907073853592));
#903 = CARTESIAN_POINT('',(1.586751056004,24.092926146408));
#904 = CARTESIAN_POINT('',(1.586121190841,24.187433586139));
#905 = CARTESIAN_POINT('',(1.584823873601,24.27838165436));
#906 = CARTESIAN_POINT('',(1.582876891842,24.360131472545));
#907 = CARTESIAN_POINT('',(1.580354718214,24.427241390859));
#908 = CARTESIAN_POINT('',(1.577384391949,24.475025334398));
#909 = CARTESIAN_POINT('',(1.574131657487,24.5));
#910 = CARTESIAN_POINT('',(1.567460996103,24.5));
#911 = CARTESIAN_POINT('',(1.56420826164,24.475025334396));
#912 = CARTESIAN_POINT('',(1.561237935376,24.427241390859));
#913 = CARTESIAN_POINT('',(1.558715761748,24.360131472548));
#914 = CARTESIAN_POINT('',(1.556768779989,24.278381654362));
#915 = CARTESIAN_POINT('',(1.555471462749,24.187433586138));
#916 = CARTESIAN_POINT('',(1.554841597586,24.092926146405));
#917 = CARTESIAN_POINT('',(1.554841597586,24.));
#918 = ( GEOMETRIC_REPRESENTATION_CONTEXT(2) 
PARAMETRIC_REPRESENTATION_CONTEXT() REPRESENTATION_CONTEXT('2D SPACE',''
  ) );
#919 = PCURVE('',#920,#925);
#920 = CYLINDRICAL_SURFACE('',#921,0.5);
#921 = AXIS2_PLACEMENT_3D('',#922,#923,#924);
#922 = CARTESIAN_POINT('',(200.,-714.16,-5.2165E+03));
#923 = DIRECTION('',(6.123233995737E-17,1.,0.));
#924 = DIRECTION('',(1.,-6.123233995737E-17,0.));
#925 = DEFINITIONAL_REPRESENTATION('',(#926),#957);
#926 = B_SPLINE_CURVE_WITH_KNOTS('',8,(#927,#928,#929,#930,#931,#932,
    #933,#934,#935,#936,#937,#938,#939,#940,#941,#942,#943,#944,#945,
    #946,#947,#948,#949,#950,#951,#952,#953,#954,#955,#956),
  .UNSPECIFIED.,.F.,.F.,(9,7,7,7,9),(0.,0.249999999999,0.499999999996,
    0.749999999993,1.),.UNSPECIFIED.);
#927 = CARTESIAN_POINT('',(0.,0.496011233084));
#928 = CARTESIAN_POINT('',(0.185852292815,0.496011233084));
#929 = CARTESIAN_POINT('',(0.374867222658,0.496326213582));
#930 = CARTESIAN_POINT('',(0.566545073815,0.496974593309));
#931 = CARTESIAN_POINT('',(0.760791483589,0.497879284326));
#932 = CARTESIAN_POINT('',(0.957760989584,0.498839444016));
#933 = CARTESIAN_POINT('',(1.157855611897,0.499601506198));
#934 = CARTESIAN_POINT('',(1.361737799005,0.5));
#935 = CARTESIAN_POINT('',(1.779854854583,0.5));
#936 = CARTESIAN_POINT('',(1.983737041692,0.499601506198));
#937 = CARTESIAN_POINT('',(2.183831664009,0.498839444016));
#938 = CARTESIAN_POINT('',(2.380801169998,0.497879284326));
#939 = CARTESIAN_POINT('',(2.575047579778,0.496974593309));
#940 = CARTESIAN_POINT('',(2.766725430929,0.496326213582));
#941 = CARTESIAN_POINT('',(2.955740360774,0.496011233084));
#942 = CARTESIAN_POINT('',(3.327444946405,0.496011233084));
#943 = CARTESIAN_POINT('',(3.516459876248,0.496326213582));
#944 = CARTESIAN_POINT('',(3.708137727408,0.496974593309));
#945 = CARTESIAN_POINT('',(3.902384137174,0.497879284326));
#946 = CARTESIAN_POINT('',(4.099353643176,0.498839444016));
#947 = CARTESIAN_POINT('',(4.299448265487,0.499601506198));
#948 = CARTESIAN_POINT('',(4.503330452595,0.5));
#949 = CARTESIAN_POINT('',(4.921447508183,0.5));
#950 = CARTESIAN_POINT('',(5.125329695285,0.499601506198));
#951 = CARTESIAN_POINT('',(5.32542431759,0.498839444016));
#952 = CARTESIAN_POINT('',(5.522393823586,0.497879284326));
#953 = CARTESIAN_POINT('',(5.71664023336,0.496974593309));
#954 = CARTESIAN_POINT('',(5.908318084524,0.496326213581));
#955 = CARTESIAN_POINT('',(6.09733301437,0.496011233084));
#956 = CARTESIAN_POINT('',(6.28318530718,0.496011233084));
#957 = ( GEOMETRIC_REPRESENTATION_CONTEXT(2) 
PARAMETRIC_REPRESENTATION_CONTEXT() REPRESENTATION_CONTEXT('2D SPACE',''
  ) );
#958 = FACE_BOUND('',#959,.T.);
#959 = EDGE_LOOP('',(#960));
#960 = ORIENTED_EDGE('',*,*,#961,.F.);
#961 = EDGE_CURVE('',#962,#962,#964,.T.);
#962 = VERTEX_POINT('',#963);
#963 = CARTESIAN_POINT('',(192.37260640847,-714.6023279345,-5.2165E+03)
  );
#964 = SURFACE_CURVE('',#965,(#996,#1030),.PCURVE_S1.);
#965 = B_SPLINE_CURVE_WITH_KNOTS('',8,(#966,#967,#968,#969,#970,#971,
    #972,#973,#974,#975,#976,#977,#978,#979,#980,#981,#982,#983,#984,
    #985,#986,#987,#988,#989,#990,#991,#992,#993,#994,#995),
  .UNSPECIFIED.,.T.,.F.,(9,7,7,7,9),(0.,0.250000000003,0.500000000003,
    0.750000000001,1.),.UNSPECIFIED.);
#966 = CARTESIAN_POINT('',(192.37260640847,-714.6023279345,-5.2165E+03)
  );
#967 = CARTESIAN_POINT('',(192.37260640847,-714.6023279345,
    -5.216592926146E+03));
#968 = CARTESIAN_POINT('',(192.35345996738,-714.6071321161,
    -5.216687433586E+03));
#969 = CARTESIAN_POINT('',(192.31402457999,-714.6170275442,
    -5.216778381654E+03));
#970 = CARTESIAN_POINT('',(192.2548577082,-714.6319446547,
    -5.216860131473E+03));
#971 = CARTESIAN_POINT('',(192.17826254386,-714.6514742366,
    -5.216927241391E+03));
#972 = CARTESIAN_POINT('',(192.08814892735,-714.6748311626,
    -5.216975025334E+03));
#973 = CARTESIAN_POINT('',(191.98957864208,-714.7008304398,-5.217E+03));
#974 = CARTESIAN_POINT('',(191.78764361088,-714.7549387683,-5.217E+03));
#975 = CARTESIAN_POINT('',(191.68927960119,-714.7817078764,
    -5.216975025334E+03));
#976 = CARTESIAN_POINT('',(191.59956045709,-714.8065369935,
    -5.216927241391E+03));
#977 = CARTESIAN_POINT('',(191.52346230798,-714.8279214615,
    -5.216860131473E+03));
#978 = CARTESIAN_POINT('',(191.46476373871,-714.8445863008,
    -5.216778381654E+03));
#979 = CARTESIAN_POINT('',(191.42566397737,-714.8557343024,
    -5.216687433586E+03));
#980 = CARTESIAN_POINT('',(191.40668058218,-714.8611469796,
    -5.216592926146E+03));
#981 = CARTESIAN_POINT('',(191.40668058218,-714.8611469796,
    -5.216407073854E+03));
#982 = CARTESIAN_POINT('',(191.42566397737,-714.8557343024,
    -5.216312566414E+03));
#983 = CARTESIAN_POINT('',(191.46476373871,-714.8445863008,
    -5.216221618346E+03));
#984 = CARTESIAN_POINT('',(191.52346230798,-714.8279214615,
    -5.216139868527E+03));
#985 = CARTESIAN_POINT('',(191.59956045709,-714.8065369935,
    -5.216072758609E+03));
#986 = CARTESIAN_POINT('',(191.68927960119,-714.7817078764,
    -5.216024974666E+03));
#987 = CARTESIAN_POINT('',(191.78764361088,-714.7549387683,-5.216E+03));
#988 = CARTESIAN_POINT('',(191.98957864208,-714.7008304398,-5.216E+03));
#989 = CARTESIAN_POINT('',(192.08814892735,-714.6748311626,
    -5.216024974666E+03));
#990 = CARTESIAN_POINT('',(192.17826254385,-714.6514742366,
    -5.216072758609E+03));
#991 = CARTESIAN_POINT('',(192.2548577082,-714.6319446547,
    -5.216139868527E+03));
#992 = CARTESIAN_POINT('',(192.31402457999,-714.6170275442,
    -5.216221618346E+03));
#993 = CARTESIAN_POINT('',(192.35345996738,-714.6071321161,
    -5.216312566414E+03));
#994 = CARTESIAN_POINT('',(192.37260640847,-714.6023279345,
    -5.216407073854E+03));
#995 = CARTESIAN_POINT('',(192.37260640847,-714.6023279345,-5.2165E+03)
  );
#996 = PCURVE('',#51,#997);
#997 = DEFINITIONAL_REPRESENTATION('',(#998),#1029);
#998 = B_SPLINE_CURVE_WITH_KNOTS('',8,(#999,#1000,#1001,#1002,#1003,
    #1004,#1005,#1006,#1007,#1008,#1009,#1010,#1011,#1012,#1013,#1014,
    #1015,#1016,#1017,#1018,#1019,#1020,#1021,#1022,#1023,#1024,#1025,
    #1026,#1027,#1028),.UNSPECIFIED.,.T.,.F.,(9,7,7,7,9),(0.,
    0.250000000003,0.500000000003,0.750000000001,1.),.UNSPECIFIED.);
#999 = CARTESIAN_POINT('',(1.816640985385,24.));
#1000 = CARTESIAN_POINT('',(1.816640985385,23.907073853593));
#1001 = CARTESIAN_POINT('',(1.817270850548,23.812566413861));
#1002 = CARTESIAN_POINT('',(1.818568167788,23.721618345641));
#1003 = CARTESIAN_POINT('',(1.820515149547,23.639868527454));
#1004 = CARTESIAN_POINT('',(1.823037323175,23.572758609142));
#1005 = CARTESIAN_POINT('',(1.82600764944,23.524974665602));
#1006 = CARTESIAN_POINT('',(1.829260383902,23.5));
#1007 = CARTESIAN_POINT('',(1.835931045286,23.5));
#1008 = CARTESIAN_POINT('',(1.839183779748,23.524974665602));
#1009 = CARTESIAN_POINT('',(1.842154106013,23.572758609141));
#1010 = CARTESIAN_POINT('',(1.844676279641,23.639868527456));
#1011 = CARTESIAN_POINT('',(1.8466232614,23.721618345641));
#1012 = CARTESIAN_POINT('',(1.84792057864,23.81256641386));
#1013 = CARTESIAN_POINT('',(1.848550443803,23.907073853592));
#1014 = CARTESIAN_POINT('',(1.848550443803,24.092926146407));
#1015 = CARTESIAN_POINT('',(1.84792057864,24.187433586141));
#1016 = CARTESIAN_POINT('',(1.8466232614,24.278381654359));
#1017 = CARTESIAN_POINT('',(1.844676279641,24.360131472546));
#1018 = CARTESIAN_POINT('',(1.842154106013,24.427241390859));
#1019 = CARTESIAN_POINT('',(1.839183779748,24.475025334397));
#1020 = CARTESIAN_POINT('',(1.835931045286,24.5));
#1021 = CARTESIAN_POINT('',(1.829260383902,24.5));
#1022 = CARTESIAN_POINT('',(1.82600764944,24.475025334397));
#1023 = CARTESIAN_POINT('',(1.823037323175,24.427241390859));
#1024 = CARTESIAN_POINT('',(1.820515149547,24.360131472546));
#1025 = CARTESIAN_POINT('',(1.818568167788,24.278381654362));
#1026 = CARTESIAN_POINT('',(1.817270850548,24.187433586137));
#1027 = CARTESIAN_POINT('',(1.816640985385,24.092926146406));
#1028 = CARTESIAN_POINT('',(1.816640985385,24.));
#1029 = ( GEOMETRIC_REPRESENTATION_CONTEXT(2) 
PARAMETRIC_REPRESENTATION_CONTEXT() REPRESENTATION_CONTEXT('2D SPACE',''
  ) );
#1030 = PCURVE('',#1031,#1036);
#1031 = CYLINDRICAL_SURFACE('',#1032,0.5);
#1032 = AXIS2_PLACEMENT_3D('',#1033,#1034,#1035);
#1033 = CARTESIAN_POINT('',(192.01802064903,-715.2108475172,-5.2165E+03)
  );
#1034 = DIRECTION('',(-0.258819045103,0.965925826289,0.));
#1035 = DIRECTION('',(0.965925826289,0.258819045103,0.));
#1036 = DEFINITIONAL_REPRESENTATION('',(#1037),#1068);
#1037 = B_SPLINE_CURVE_WITH_KNOTS('',8,(#1038,#1039,#1040,#1041,#1042,
    #1043,#1044,#1045,#1046,#1047,#1048,#1049,#1050,#1051,#1052,#1053,
    #1054,#1055,#1056,#1057,#1058,#1059,#1060,#1061,#1062,#1063,#1064,
    #1065,#1066,#1067),.UNSPECIFIED.,.F.,.F.,(9,7,7,7,9),(0.,
    0.250000000003,0.500000000003,0.750000000001,1.),.UNSPECIFIED.);
#1038 = CARTESIAN_POINT('',(0.,0.496011233085));
#1039 = CARTESIAN_POINT('',(0.185852292815,0.496011233085));
#1040 = CARTESIAN_POINT('',(0.374867222658,0.496326213582));
#1041 = CARTESIAN_POINT('',(0.566545073816,0.496974593309));
#1042 = CARTESIAN_POINT('',(0.760791483588,0.497879284326));
#1043 = CARTESIAN_POINT('',(0.957760989585,0.498839444016));
#1044 = CARTESIAN_POINT('',(1.157855611896,0.499601506198));
#1045 = CARTESIAN_POINT('',(1.361737799005,0.5));
#1046 = CARTESIAN_POINT('',(1.779854854583,0.5));
#1047 = CARTESIAN_POINT('',(1.983737041692,0.499601506198));
#1048 = CARTESIAN_POINT('',(2.183831664006,0.498839444016));
#1049 = CARTESIAN_POINT('',(2.380801170004,0.497879284326));
#1050 = CARTESIAN_POINT('',(2.575047579773,0.496974593309));
#1051 = CARTESIAN_POINT('',(2.766725430931,0.496326213582));
#1052 = CARTESIAN_POINT('',(2.955740360774,0.496011233085));
#1053 = CARTESIAN_POINT('',(3.327444946403,0.496011233085));
#1054 = CARTESIAN_POINT('',(3.516459876251,0.496326213582));
#1055 = CARTESIAN_POINT('',(3.708137727402,0.496974593309));
#1056 = CARTESIAN_POINT('',(3.902384137183,0.497879284326));
#1057 = CARTESIAN_POINT('',(4.09935364317,0.498839444016));
#1058 = CARTESIAN_POINT('',(4.29944826549,0.499601506198));
#1059 = CARTESIAN_POINT('',(4.503330452592,0.5));
#1060 = CARTESIAN_POINT('',(4.921447508178,0.5));
#1061 = CARTESIAN_POINT('',(5.125329695289,0.499601506198));
#1062 = CARTESIAN_POINT('',(5.325424317583,0.498839444016));
#1063 = CARTESIAN_POINT('',(5.522393823599,0.497879284326));
#1064 = CARTESIAN_POINT('',(5.716640233353,0.496974593309));
#1065 = CARTESIAN_POINT('',(5.908318084527,0.496326213582));
#1066 = CARTESIAN_POINT('',(6.097333014367,0.496011233085));
#1067 = CARTESIAN_POINT('',(6.28318530718,0.496011233085));
#1068 = ( GEOMETRIC_REPRESENTATION_CONTEXT(2) 
PARAMETRIC_REPRESENTATION_CONTEXT() REPRESENTATION_CONTEXT('2D SPACE',''
  ) );
#1069 = FACE_BOUND('',#1070,.T.);
#1070 = EDGE_LOOP('',(#1071));
#1071 = ORIENTED_EDGE('',*,*,#1072,.F.);
#1072 = EDGE_CURVE('',#1073,#1073,#1075,.T.);
#1073 = VERTEX_POINT('',#1074);
#1074 = CARTESIAN_POINT('',(184.76500708534,-717.6122182188,-5.2165E+03)
  );
#1075 = SURFACE_CURVE('',#1076,(#1107,#1141),.PCURVE_S1.);
#1076 = B_SPLINE_CURVE_WITH_KNOTS('',8,(#1077,#1078,#1079,#1080,#1081,
    #1082,#1083,#1084,#1085,#1086,#1087,#1088,#1089,#1090,#1091,#1092,
    #1093,#1094,#1095,#1096,#1097,#1098,#1099,#1100,#1101,#1102,#1103,
    #1104,#1105,#1106),.UNSPECIFIED.,.T.,.F.,(9,7,7,7,9),(0.,
    0.249999999998,0.499999999995,0.749999999992,1.),.UNSPECIFIED.);
#1077 = CARTESIAN_POINT('',(184.76500708535,-717.6122182188,-5.2165E+03)
  );
#1078 = CARTESIAN_POINT('',(184.76500708535,-717.6122182188,
    -5.216592926146E+03));
#1079 = CARTESIAN_POINT('',(184.74775645712,-717.6218141655,
    -5.216687433586E+03));
#1080 = CARTESIAN_POINT('',(184.71222592322,-717.6415790444,
    -5.216778381654E+03));
#1081 = CARTESIAN_POINT('',(184.65893594598,-717.6713013799,
    -5.216860131473E+03));
#1082 = CARTESIAN_POINT('',(184.59000532633,-717.7099897948,
    -5.216927241391E+03));
#1083 = CARTESIAN_POINT('',(184.50900747411,-717.755873973,
    -5.216975025334E+03));
#1084 = CARTESIAN_POINT('',(184.42052499797,-717.8064992134,-5.217E+03)
  );
#1085 = CARTESIAN_POINT('',(184.23947500202,-717.9110284773,-5.217E+03)
  );
#1086 = CARTESIAN_POINT('',(184.15139101968,-717.9623439292,
    -5.216975025334E+03));
#1087 = CARTESIAN_POINT('',(184.07115522964,-718.0095480378,
    -5.216927241391E+03));
#1088 = CARTESIAN_POINT('',(184.00318476968,-718.0498994981,
    -5.216860131473E+03));
#1089 = CARTESIAN_POINT('',(183.95079948346,-718.0811888044,
    -5.216778381654E+03));
#1090 = CARTESIAN_POINT('',(183.91591732929,-718.1020767099,
    -5.216687433586E+03));
#1091 = CARTESIAN_POINT('',(183.89898168156,-718.1122182188,
    -5.216592926146E+03));
#1092 = CARTESIAN_POINT('',(183.89898168156,-718.1122182188,
    -5.216407073854E+03));
#1093 = CARTESIAN_POINT('',(183.91591732929,-718.1020767099,
    -5.216312566414E+03));
#1094 = CARTESIAN_POINT('',(183.95079948346,-718.0811888044,
    -5.216221618346E+03));
#1095 = CARTESIAN_POINT('',(184.00318476968,-718.0498994981,
    -5.216139868527E+03));
#1096 = CARTESIAN_POINT('',(184.07115522964,-718.0095480378,
    -5.216072758609E+03));
#1097 = CARTESIAN_POINT('',(184.15139101968,-717.9623439292,
    -5.216024974666E+03));
#1098 = CARTESIAN_POINT('',(184.23947500202,-717.9110284773,-5.216E+03)
  );
#1099 = CARTESIAN_POINT('',(184.42052499797,-717.8064992134,-5.216E+03)
  );
#1100 = CARTESIAN_POINT('',(184.50900747411,-717.755873973,
    -5.216024974666E+03));
#1101 = CARTESIAN_POINT('',(184.59000532633,-717.7099897948,
    -5.216072758609E+03));
#1102 = CARTESIAN_POINT('',(184.65893594598,-717.6713013799,
    -5.216139868527E+03));
#1103 = CARTESIAN_POINT('',(184.71222592322,-717.6415790444,
    -5.216221618346E+03));
#1104 = CARTESIAN_POINT('',(184.74775645712,-717.6218141655,
    -5.216312566414E+03));
#1105 = CARTESIAN_POINT('',(184.76500708535,-717.6122182188,
    -5.216407073854E+03));
#1106 = CARTESIAN_POINT('',(184.76500708535,-717.6122182188,-5.2165E+03)
  );
#1107 = PCURVE('',#51,#1108);
#1108 = DEFINITIONAL_REPRESENTATION('',(#1109),#1140);
#1109 = B_SPLINE_CURVE_WITH_KNOTS('',8,(#1110,#1111,#1112,#1113,#1114,
    #1115,#1116,#1117,#1118,#1119,#1120,#1121,#1122,#1123,#1124,#1125,
    #1126,#1127,#1128,#1129,#1130,#1131,#1132,#1133,#1134,#1135,#1136,
    #1137,#1138,#1139),.UNSPECIFIED.,.T.,.F.,(9,7,7,7,9),(0.,
    0.249999999998,0.499999999995,0.749999999992,1.),.UNSPECIFIED.);
#1110 = CARTESIAN_POINT('',(2.078440373184,24.));
#1111 = CARTESIAN_POINT('',(2.078440373184,23.907073853593));
#1112 = CARTESIAN_POINT('',(2.079070238348,23.812566413861));
#1113 = CARTESIAN_POINT('',(2.080367555587,23.721618345641));
#1114 = CARTESIAN_POINT('',(2.082314537346,23.639868527454));
#1115 = CARTESIAN_POINT('',(2.084836710974,23.572758609142));
#1116 = CARTESIAN_POINT('',(2.087807037239,23.524974665603));
#1117 = CARTESIAN_POINT('',(2.091059771701,23.5));
#1118 = CARTESIAN_POINT('',(2.097730433085,23.5));
#1119 = CARTESIAN_POINT('',(2.100983167548,23.524974665603));
#1120 = CARTESIAN_POINT('',(2.103953493812,23.572758609141));
#1121 = CARTESIAN_POINT('',(2.10647566744,23.639868527455));
#1122 = CARTESIAN_POINT('',(2.108422649199,23.72161834564));
#1123 = CARTESIAN_POINT('',(2.109719966439,23.812566413861));
#1124 = CARTESIAN_POINT('',(2.110349831602,23.907073853593));
#1125 = CARTESIAN_POINT('',(2.110349831602,24.092926146407));
#1126 = CARTESIAN_POINT('',(2.109719966439,24.187433586139));
#1127 = CARTESIAN_POINT('',(2.108422649199,24.278381654359));
#1128 = CARTESIAN_POINT('',(2.10647566744,24.360131472547));
#1129 = CARTESIAN_POINT('',(2.103953493812,24.427241390858));
#1130 = CARTESIAN_POINT('',(2.100983167548,24.475025334398));
#1131 = CARTESIAN_POINT('',(2.097730433085,24.5));
#1132 = CARTESIAN_POINT('',(2.091059771701,24.5));
#1133 = CARTESIAN_POINT('',(2.087807037239,24.475025334395));
#1134 = CARTESIAN_POINT('',(2.084836710974,24.427241390859));
#1135 = CARTESIAN_POINT('',(2.082314537346,24.36013147255));
#1136 = CARTESIAN_POINT('',(2.080367555587,24.278381654361));
#1137 = CARTESIAN_POINT('',(2.079070238348,24.187433586138));
#1138 = CARTESIAN_POINT('',(2.078440373184,24.092926146404));
#1139 = CARTESIAN_POINT('',(2.078440373184,24.));
#1140 = ( GEOMETRIC_REPRESENTATION_CONTEXT(2) 
PARAMETRIC_REPRESENTATION_CONTEXT() REPRESENTATION_CONTEXT('2D SPACE',''
  ) );
#1141 = PCURVE('',#1142,#1147);
#1142 = CYLINDRICAL_SURFACE('',#1143,0.5);
#1143 = AXIS2_PLACEMENT_3D('',#1144,#1145,#1146);
#1144 = CARTESIAN_POINT('',(184.58,-718.2917765472,-5.2165E+03));
#1145 = DIRECTION('',(-0.5,0.866025403784,0.));
#1146 = DIRECTION('',(0.866025403784,0.5,0.));
#1147 = DEFINITIONAL_REPRESENTATION('',(#1148),#1179);
#1148 = B_SPLINE_CURVE_WITH_KNOTS('',8,(#1149,#1150,#1151,#1152,#1153,
    #1154,#1155,#1156,#1157,#1158,#1159,#1160,#1161,#1162,#1163,#1164,
    #1165,#1166,#1167,#1168,#1169,#1170,#1171,#1172,#1173,#1174,#1175,
    #1176,#1177,#1178),.UNSPECIFIED.,.F.,.F.,(9,7,7,7,9),(0.,
    0.249999999998,0.499999999995,0.749999999992,1.),.UNSPECIFIED.);
#1149 = CARTESIAN_POINT('',(0.,0.496011233085));
#1150 = CARTESIAN_POINT('',(0.185852292814,0.496011233085));
#1151 = CARTESIAN_POINT('',(0.374867222659,0.496326213582));
#1152 = CARTESIAN_POINT('',(0.566545073815,0.496974593309));
#1153 = CARTESIAN_POINT('',(0.76079148359,0.497879284326));
#1154 = CARTESIAN_POINT('',(0.957760989585,0.498839444016));
#1155 = CARTESIAN_POINT('',(1.157855611897,0.499601506198));
#1156 = CARTESIAN_POINT('',(1.361737799003,0.5));
#1157 = CARTESIAN_POINT('',(1.779854854586,0.5));
#1158 = CARTESIAN_POINT('',(1.983737041693,0.499601506198));
#1159 = CARTESIAN_POINT('',(2.183831664004,0.498839444016));
#1160 = CARTESIAN_POINT('',(2.380801170002,0.497879284326));
#1161 = CARTESIAN_POINT('',(2.575047579773,0.496974593309));
#1162 = CARTESIAN_POINT('',(2.766725430932,0.496326213581));
#1163 = CARTESIAN_POINT('',(2.955740360775,0.496011233085));
#1164 = CARTESIAN_POINT('',(3.327444946405,0.496011233085));
#1165 = CARTESIAN_POINT('',(3.516459876248,0.496326213581));
#1166 = CARTESIAN_POINT('',(3.708137727404,0.496974593309));
#1167 = CARTESIAN_POINT('',(3.902384137182,0.497879284326));
#1168 = CARTESIAN_POINT('',(4.099353643172,0.498839444016));
#1169 = CARTESIAN_POINT('',(4.299448265487,0.499601506198));
#1170 = CARTESIAN_POINT('',(4.503330452593,0.5));
#1171 = CARTESIAN_POINT('',(4.921447508186,0.5));
#1172 = CARTESIAN_POINT('',(5.125329695285,0.499601506198));
#1173 = CARTESIAN_POINT('',(5.32542431759,0.498839444016));
#1174 = CARTESIAN_POINT('',(5.522393823583,0.497879284326));
#1175 = CARTESIAN_POINT('',(5.716640233361,0.496974593309));
#1176 = CARTESIAN_POINT('',(5.908318084524,0.496326213582));
#1177 = CARTESIAN_POINT('',(6.097333014372,0.496011233085));
#1178 = CARTESIAN_POINT('',(6.28318530718,0.496011233085));
#1179 = ( GEOMETRIC_REPRESENTATION_CONTEXT(2) 
PARAMETRIC_REPRESENTATION_CONTEXT() REPRESENTATION_CONTEXT('2D SPACE',''
  ) );
#1180 = FACE_BOUND('',#1181,.T.);
#1181 = EDGE_LOOP('',(#1182));
#1182 = ORIENTED_EDGE('',*,*,#1183,.F.);
#1183 = EDGE_CURVE('',#1184,#1184,#1186,.T.);
#1184 = VERTEX_POINT('',#1185);
#1185 = CARTESIAN_POINT('',(178.19564735234,-722.4885405711,-5.2165E+03)
  );
#1186 = SURFACE_CURVE('',#1187,(#1218,#1252),.PCURVE_S1.);
#1187 = B_SPLINE_CURVE_WITH_KNOTS('',8,(#1188,#1189,#1190,#1191,#1192,
    #1193,#1194,#1195,#1196,#1197,#1198,#1199,#1200,#1201,#1202,#1203,
    #1204,#1205,#1206,#1207,#1208,#1209,#1210,#1211,#1212,#1213,#1214,
    #1215,#1216,#1217),.UNSPECIFIED.,.T.,.F.,(9,7,7,7,9),(0.,
    0.250000000007,0.500000000012,0.75000000001,1.),.UNSPECIFIED.);
#1188 = CARTESIAN_POINT('',(178.19564735234,-722.4885405711,-5.2165E+03)
  );
#1189 = CARTESIAN_POINT('',(178.19564735234,-722.4885405711,
    -5.216592926146E+03));
#1190 = CARTESIAN_POINT('',(178.18146813877,-722.502274335,
    -5.216687433586E+03));
#1191 = CARTESIAN_POINT('',(178.15226380554,-722.5305617208,
    -5.216778381654E+03));
#1192 = CARTESIAN_POINT('',(178.10848234674,-722.5730637533,
    -5.216860131473E+03));
#1193 = CARTESIAN_POINT('',(178.0519137796,-722.6282744496,
    -5.216927241391E+03));
#1194 = CARTESIAN_POINT('',(177.98555156144,-722.6935589491,
    -5.216975025334E+03));
#1195 = CARTESIAN_POINT('',(177.91318682894,-722.7653601262,-5.217E+03)
  );
#1196 = CARTESIAN_POINT('',(177.76536012628,-722.9131868289,-5.217E+03)
  );
#1197 = CARTESIAN_POINT('',(177.69355894912,-722.9855515614,
    -5.216975025334E+03));
#1198 = CARTESIAN_POINT('',(177.62827444963,-723.0519137796,
    -5.216927241391E+03));
#1199 = CARTESIAN_POINT('',(177.57306375335,-723.1084823467,
    -5.216860131473E+03));
#1200 = CARTESIAN_POINT('',(177.53056172085,-723.1522638055,
    -5.216778381654E+03));
#1201 = CARTESIAN_POINT('',(177.50227433502,-723.1814681387,
    -5.216687433586E+03));
#1202 = CARTESIAN_POINT('',(177.48854057115,-723.1956473523,
    -5.216592926146E+03));
#1203 = CARTESIAN_POINT('',(177.48854057115,-723.1956473523,
    -5.216407073854E+03));
#1204 = CARTESIAN_POINT('',(177.50227433502,-723.1814681387,
    -5.216312566414E+03));
#1205 = CARTESIAN_POINT('',(177.53056172085,-723.1522638055,
    -5.216221618346E+03));
#1206 = CARTESIAN_POINT('',(177.57306375335,-723.1084823467,
    -5.216139868527E+03));
#1207 = CARTESIAN_POINT('',(177.62827444964,-723.0519137795,
    -5.216072758609E+03));
#1208 = CARTESIAN_POINT('',(177.69355894911,-722.9855515614,
    -5.216024974666E+03));
#1209 = CARTESIAN_POINT('',(177.76536012627,-722.9131868289,-5.216E+03)
  );
#1210 = CARTESIAN_POINT('',(177.91318682894,-722.7653601262,-5.216E+03)
  );
#1211 = CARTESIAN_POINT('',(177.98555156144,-722.6935589491,
    -5.216024974666E+03));
#1212 = CARTESIAN_POINT('',(178.0519137796,-722.6282744496,
    -5.216072758609E+03));
#1213 = CARTESIAN_POINT('',(178.10848234674,-722.5730637533,
    -5.216139868527E+03));
#1214 = CARTESIAN_POINT('',(178.15226380554,-722.5305617208,
    -5.216221618346E+03));
#1215 = CARTESIAN_POINT('',(178.18146813877,-722.502274335,
    -5.216312566414E+03));
#1216 = CARTESIAN_POINT('',(178.19564735234,-722.4885405711,
    -5.216407073854E+03));
#1217 = CARTESIAN_POINT('',(178.19564735234,-722.4885405711,-5.2165E+03)
  );
#1218 = PCURVE('',#51,#1219);
#1219 = DEFINITIONAL_REPRESENTATION('',(#1220),#1251);
#1220 = B_SPLINE_CURVE_WITH_KNOTS('',8,(#1221,#1222,#1223,#1224,#1225,
    #1226,#1227,#1228,#1229,#1230,#1231,#1232,#1233,#1234,#1235,#1236,
    #1237,#1238,#1239,#1240,#1241,#1242,#1243,#1244,#1245,#1246,#1247,
    #1248,#1249,#1250),.UNSPECIFIED.,.T.,.F.,(9,7,7,7,9),(0.,
    0.250000000007,0.500000000012,0.75000000001,1.),.UNSPECIFIED.);
#1221 = CARTESIAN_POINT('',(2.340239760983,24.));
#1222 = CARTESIAN_POINT('',(2.340239760983,23.907073853593));
#1223 = CARTESIAN_POINT('',(2.340869626147,23.812566413861));
#1224 = CARTESIAN_POINT('',(2.342166943386,23.721618345641));
#1225 = CARTESIAN_POINT('',(2.344113925146,23.639868527454));
#1226 = CARTESIAN_POINT('',(2.346636098773,23.572758609142));
#1227 = CARTESIAN_POINT('',(2.349606425038,23.524974665602));
#1228 = CARTESIAN_POINT('',(2.3528591595,23.5));
#1229 = CARTESIAN_POINT('',(2.359529820885,23.5));
#1230 = CARTESIAN_POINT('',(2.362782555347,23.524974665602));
#1231 = CARTESIAN_POINT('',(2.365752881611,23.572758609141));
#1232 = CARTESIAN_POINT('',(2.368275055239,23.639868527456));
#1233 = CARTESIAN_POINT('',(2.370222036999,23.721618345641));
#1234 = CARTESIAN_POINT('',(2.371519354238,23.81256641386));
#1235 = CARTESIAN_POINT('',(2.372149219401,23.907073853592));
#1236 = CARTESIAN_POINT('',(2.372149219401,24.092926146405));
#1237 = CARTESIAN_POINT('',(2.371519354238,24.187433586138));
#1238 = CARTESIAN_POINT('',(2.370222036999,24.278381654362));
#1239 = CARTESIAN_POINT('',(2.368275055239,24.360131472547));
#1240 = CARTESIAN_POINT('',(2.365752881611,24.427241390859));
#1241 = CARTESIAN_POINT('',(2.362782555347,24.475025334396));
#1242 = CARTESIAN_POINT('',(2.359529820885,24.5));
#1243 = CARTESIAN_POINT('',(2.3528591595,24.5));
#1244 = CARTESIAN_POINT('',(2.349606425038,24.475025334398));
#1245 = CARTESIAN_POINT('',(2.346636098773,24.427241390859));
#1246 = CARTESIAN_POINT('',(2.344113925146,24.360131472545));
#1247 = CARTESIAN_POINT('',(2.342166943386,24.27838165436));
#1248 = CARTESIAN_POINT('',(2.340869626147,24.187433586139));
#1249 = CARTESIAN_POINT('',(2.340239760983,24.092926146408));
#1250 = CARTESIAN_POINT('',(2.340239760983,24.));
#1251 = ( GEOMETRIC_REPRESENTATION_CONTEXT(2) 
PARAMETRIC_REPRESENTATION_CONTEXT() REPRESENTATION_CONTEXT('2D SPACE',''
  ) );
#1252 = PCURVE('',#1253,#1258);
#1253 = CYLINDRICAL_SURFACE('',#1254,0.5);
#1254 = AXIS2_PLACEMENT_3D('',#1255,#1256,#1257);
#1255 = CARTESIAN_POINT('',(178.1928268682,-723.1928268682,-5.2165E+03)
  );
#1256 = DIRECTION('',(-0.707106781187,0.707106781187,0.));
#1257 = DIRECTION('',(0.707106781187,0.707106781187,0.));
#1258 = DEFINITIONAL_REPRESENTATION('',(#1259),#1290);
#1259 = B_SPLINE_CURVE_WITH_KNOTS('',8,(#1260,#1261,#1262,#1263,#1264,
    #1265,#1266,#1267,#1268,#1269,#1270,#1271,#1272,#1273,#1274,#1275,
    #1276,#1277,#1278,#1279,#1280,#1281,#1282,#1283,#1284,#1285,#1286,
    #1287,#1288,#1289),.UNSPECIFIED.,.F.,.F.,(9,7,7,7,9),(0.,
    0.250000000007,0.500000000012,0.75000000001,1.),.UNSPECIFIED.);
#1260 = CARTESIAN_POINT('',(0.,0.496011233085));
#1261 = CARTESIAN_POINT('',(0.185852292815,0.496011233085));
#1262 = CARTESIAN_POINT('',(0.374867222659,0.496326213582));
#1263 = CARTESIAN_POINT('',(0.566545073815,0.496974593309));
#1264 = CARTESIAN_POINT('',(0.76079148359,0.497879284326));
#1265 = CARTESIAN_POINT('',(0.957760989584,0.498839444016));
#1266 = CARTESIAN_POINT('',(1.157855611897,0.499601506198));
#1267 = CARTESIAN_POINT('',(1.361737799005,0.5));
#1268 = CARTESIAN_POINT('',(1.779854854583,0.5));
#1269 = CARTESIAN_POINT('',(1.983737041693,0.499601506198));
#1270 = CARTESIAN_POINT('',(2.183831664004,0.498839444016));
#1271 = CARTESIAN_POINT('',(2.380801170005,0.497879284326));
#1272 = CARTESIAN_POINT('',(2.575047579773,0.496974593309));
#1273 = CARTESIAN_POINT('',(2.766725430931,0.496326213582));
#1274 = CARTESIAN_POINT('',(2.955740360774,0.496011233085));
#1275 = CARTESIAN_POINT('',(3.327444946401,0.496011233085));
#1276 = CARTESIAN_POINT('',(3.516459876244,0.496326213581));
#1277 = CARTESIAN_POINT('',(3.708137727412,0.496974593309));
#1278 = CARTESIAN_POINT('',(3.902384137177,0.497879284326));
#1279 = CARTESIAN_POINT('',(4.099353643182,0.498839444016));
#1280 = CARTESIAN_POINT('',(4.299448265483,0.499601506198));
#1281 = CARTESIAN_POINT('',(4.503330452589,0.5));
#1282 = CARTESIAN_POINT('',(4.921447508175,0.5));
#1283 = CARTESIAN_POINT('',(5.125329695283,0.499601506198));
#1284 = CARTESIAN_POINT('',(5.325424317594,0.498839444016));
#1285 = CARTESIAN_POINT('',(5.522393823595,0.497879284326));
#1286 = CARTESIAN_POINT('',(5.716640233361,0.496974593309));
#1287 = CARTESIAN_POINT('',(5.908318084521,0.496326213582));
#1288 = CARTESIAN_POINT('',(6.097333014364,0.496011233085));
#1289 = CARTESIAN_POINT('',(6.28318530718,0.496011233085));
#1290 = ( GEOMETRIC_REPRESENTATION_CONTEXT(2) 
PARAMETRIC_REPRESENTATION_CONTEXT() REPRESENTATION_CONTEXT('2D SPACE',''
  ) );
#1291 = FACE_BOUND('',#1292,.T.);
#1292 = EDGE_LOOP('',(#1293));
#1293 = ORIENTED_EDGE('',*,*,#1294,.F.);
#1294 = EDGE_CURVE('',#1295,#1295,#1297,.T.);
#1295 = VERTEX_POINT('',#1296);
#1296 = CARTESIAN_POINT('',(172.61221821887,-729.7650070853,-5.2165E+03)
  );
#1297 = SURFACE_CURVE('',#1298,(#1329,#1363),.PCURVE_S1.);
#1298 = B_SPLINE_CURVE_WITH_KNOTS('',8,(#1299,#1300,#1301,#1302,#1303,
    #1304,#1305,#1306,#1307,#1308,#1309,#1310,#1311,#1312,#1313,#1314,
    #1315,#1316,#1317,#1318,#1319,#1320,#1321,#1322,#1323,#1324,#1325,
    #1326,#1327,#1328),.UNSPECIFIED.,.T.,.F.,(9,7,7,7,9),(0.,
    0.249999999995,0.500000000002,0.750000000007,1.),.UNSPECIFIED.);
#1299 = CARTESIAN_POINT('',(172.61221821887,-729.7650070853,-5.2165E+03)
  );
#1300 = CARTESIAN_POINT('',(172.61221821887,-729.7650070853,
    -5.216407073854E+03));
#1301 = CARTESIAN_POINT('',(172.62181416557,-729.7477564571,
    -5.216312566414E+03));
#1302 = CARTESIAN_POINT('',(172.64157904446,-729.7122259232,
    -5.216221618346E+03));
#1303 = CARTESIAN_POINT('',(172.67130137996,-729.6589359459,
    -5.216139868527E+03));
#1304 = CARTESIAN_POINT('',(172.70998979486,-729.5900053263,
    -5.216072758609E+03));
#1305 = CARTESIAN_POINT('',(172.75587397303,-729.5090074741,
    -5.216024974666E+03));
#1306 = CARTESIAN_POINT('',(172.80649921345,-729.4205249979,-5.216E+03)
  );
#1307 = CARTESIAN_POINT('',(172.91102847734,-729.239475002,-5.216E+03));
#1308 = CARTESIAN_POINT('',(172.96234392926,-729.1513910196,
    -5.216024974666E+03));
#1309 = CARTESIAN_POINT('',(173.00954803785,-729.0711552296,
    -5.216072758609E+03));
#1310 = CARTESIAN_POINT('',(173.04989949812,-729.0031847696,
    -5.216139868527E+03));
#1311 = CARTESIAN_POINT('',(173.08118880443,-728.9507994834,
    -5.216221618346E+03));
#1312 = CARTESIAN_POINT('',(173.10207670994,-728.9159173292,
    -5.216312566414E+03));
#1313 = CARTESIAN_POINT('',(173.11221821887,-728.8989816815,
    -5.216407073854E+03));
#1314 = CARTESIAN_POINT('',(173.11221821887,-728.8989816815,
    -5.216592926146E+03));
#1315 = CARTESIAN_POINT('',(173.10207670994,-728.9159173292,
    -5.216687433586E+03));
#1316 = CARTESIAN_POINT('',(173.08118880443,-728.9507994834,
    -5.216778381654E+03));
#1317 = CARTESIAN_POINT('',(173.04989949812,-729.0031847696,
    -5.216860131473E+03));
#1318 = CARTESIAN_POINT('',(173.00954803785,-729.0711552296,
    -5.216927241391E+03));
#1319 = CARTESIAN_POINT('',(172.96234392926,-729.1513910196,
    -5.216975025334E+03));
#1320 = CARTESIAN_POINT('',(172.91102847734,-729.239475002,-5.217E+03));
#1321 = CARTESIAN_POINT('',(172.80649921344,-729.4205249979,-5.217E+03)
  );
#1322 = CARTESIAN_POINT('',(172.75587397303,-729.5090074741,
    -5.216975025334E+03));
#1323 = CARTESIAN_POINT('',(172.70998979486,-729.5900053263,
    -5.216927241391E+03));
#1324 = CARTESIAN_POINT('',(172.67130137996,-729.6589359459,
    -5.216860131473E+03));
#1325 = CARTESIAN_POINT('',(172.64157904446,-729.7122259232,
    -5.216778381654E+03));
#1326 = CARTESIAN_POINT('',(172.62181416557,-729.7477564571,
    -5.216687433586E+03));
#1327 = CARTESIAN_POINT('',(172.61221821887,-729.7650070853,
    -5.216592926146E+03));
#1328 = CARTESIAN_POINT('',(172.61221821887,-729.7650070853,-5.2165E+03)
  );
#1329 = PCURVE('',#51,#1330);
#1330 = DEFINITIONAL_REPRESENTATION('',(#1331),#1362);
#1331 = B_SPLINE_CURVE_WITH_KNOTS('',8,(#1332,#1333,#1334,#1335,#1336,
    #1337,#1338,#1339,#1340,#1341,#1342,#1343,#1344,#1345,#1346,#1347,
    #1348,#1349,#1350,#1351,#1352,#1353,#1354,#1355,#1356,#1357,#1358,
    #1359,#1360,#1361),.UNSPECIFIED.,.T.,.F.,(9,7,7,7,9),(0.,
    0.249999999995,0.500000000002,0.750000000007,1.),.UNSPECIFIED.);
#1332 = CARTESIAN_POINT('',(2.633948607201,24.));
#1333 = CARTESIAN_POINT('',(2.633948607201,24.09292614641));
#1334 = CARTESIAN_POINT('',(2.633318742037,24.18743358614));
#1335 = CARTESIAN_POINT('',(2.632021424798,24.278381654358));
#1336 = CARTESIAN_POINT('',(2.630074443038,24.360131472544));
#1337 = CARTESIAN_POINT('',(2.627552269411,24.427241390858));
#1338 = CARTESIAN_POINT('',(2.624581943146,24.475025334399));
#1339 = CARTESIAN_POINT('',(2.621329208684,24.5));
#1340 = CARTESIAN_POINT('',(2.614658547299,24.5));
#1341 = CARTESIAN_POINT('',(2.611405812837,24.475025334397));
#1342 = CARTESIAN_POINT('',(2.608435486573,24.427241390859));
#1343 = CARTESIAN_POINT('',(2.605913312945,24.360131472546));
#1344 = CARTESIAN_POINT('',(2.603966331185,24.278381654362));
#1345 = CARTESIAN_POINT('',(2.602669013946,24.187433586138));
#1346 = CARTESIAN_POINT('',(2.602039148782,24.092926146406));
#1347 = CARTESIAN_POINT('',(2.602039148782,23.907073853594));
#1348 = CARTESIAN_POINT('',(2.602669013946,23.812566413862));
#1349 = CARTESIAN_POINT('',(2.603966331185,23.72161834564));
#1350 = CARTESIAN_POINT('',(2.605913312945,23.639868527452));
#1351 = CARTESIAN_POINT('',(2.608435486573,23.572758609142));
#1352 = CARTESIAN_POINT('',(2.611405812837,23.524974665604));
#1353 = CARTESIAN_POINT('',(2.614658547299,23.5));
#1354 = CARTESIAN_POINT('',(2.621329208684,23.5));
#1355 = CARTESIAN_POINT('',(2.624581943146,23.524974665601));
#1356 = CARTESIAN_POINT('',(2.627552269411,23.572758609142));
#1357 = CARTESIAN_POINT('',(2.630074443038,23.639868527455));
#1358 = CARTESIAN_POINT('',(2.632021424798,23.721618345642));
#1359 = CARTESIAN_POINT('',(2.633318742037,23.81256641386));
#1360 = CARTESIAN_POINT('',(2.633948607201,23.907073853592));
#1361 = CARTESIAN_POINT('',(2.633948607201,24.));
#1362 = ( GEOMETRIC_REPRESENTATION_CONTEXT(2) 
PARAMETRIC_REPRESENTATION_CONTEXT() REPRESENTATION_CONTEXT('2D SPACE',''
  ) );
#1363 = PCURVE('',#1364,#1369);
#1364 = CYLINDRICAL_SURFACE('',#1365,0.5);
#1365 = AXIS2_PLACEMENT_3D('',#1366,#1367,#1368);
#1366 = CARTESIAN_POINT('',(173.29177654728,-729.58,-5.2165E+03));
#1367 = DIRECTION('',(-0.866025403784,0.5,0.));
#1368 = DIRECTION('',(-0.5,-0.866025403784,0.));
#1369 = DEFINITIONAL_REPRESENTATION('',(#1370),#1401);
#1370 = B_SPLINE_CURVE_WITH_KNOTS('',8,(#1371,#1372,#1373,#1374,#1375,
    #1376,#1377,#1378,#1379,#1380,#1381,#1382,#1383,#1384,#1385,#1386,
    #1387,#1388,#1389,#1390,#1391,#1392,#1393,#1394,#1395,#1396,#1397,
    #1398,#1399,#1400),.UNSPECIFIED.,.F.,.F.,(9,7,7,7,9),(0.,
    0.249999999995,0.500000000002,0.750000000007,1.),.UNSPECIFIED.);
#1371 = CARTESIAN_POINT('',(0.,0.496011233085));
#1372 = CARTESIAN_POINT('',(0.185852292819,0.496011233085));
#1373 = CARTESIAN_POINT('',(0.374867222659,0.496326213582));
#1374 = CARTESIAN_POINT('',(0.566545073815,0.496974593309));
#1375 = CARTESIAN_POINT('',(0.760791483585,0.497879284326));
#1376 = CARTESIAN_POINT('',(0.957760989582,0.498839444016));
#1377 = CARTESIAN_POINT('',(1.157855611897,0.499601506198));
#1378 = CARTESIAN_POINT('',(1.361737799011,0.5));
#1379 = CARTESIAN_POINT('',(1.779854854589,0.5));
#1380 = CARTESIAN_POINT('',(1.983737041694,0.499601506198));
#1381 = CARTESIAN_POINT('',(2.183831664002,0.498839444016));
#1382 = CARTESIAN_POINT('',(2.380801170001,0.497879284326));
#1383 = CARTESIAN_POINT('',(2.57504757977,0.496974593309));
#1384 = CARTESIAN_POINT('',(2.766725430934,0.496326213582));
#1385 = CARTESIAN_POINT('',(2.955740360777,0.496011233085));
#1386 = CARTESIAN_POINT('',(3.327444946401,0.496011233085));
#1387 = CARTESIAN_POINT('',(3.516459876247,0.496326213582));
#1388 = CARTESIAN_POINT('',(3.708137727406,0.496974593309));
#1389 = CARTESIAN_POINT('',(3.902384137185,0.497879284326));
#1390 = CARTESIAN_POINT('',(4.099353643174,0.498839444016));
#1391 = CARTESIAN_POINT('',(4.299448265488,0.499601506198));
#1392 = CARTESIAN_POINT('',(4.503330452588,0.5));
#1393 = CARTESIAN_POINT('',(4.921447508172,0.5));
#1394 = CARTESIAN_POINT('',(5.125329695281,0.499601506198));
#1395 = CARTESIAN_POINT('',(5.325424317599,0.498839444016));
#1396 = CARTESIAN_POINT('',(5.522393823591,0.497879284326));
#1397 = CARTESIAN_POINT('',(5.716640233366,0.496974593309));
#1398 = CARTESIAN_POINT('',(5.908318084519,0.496326213582));
#1399 = CARTESIAN_POINT('',(6.097333014363,0.496011233085));
#1400 = CARTESIAN_POINT('',(6.28318530718,0.496011233085));
#1401 = ( GEOMETRIC_REPRESENTATION_CONTEXT(2) 
PARAMETRIC_REPRESENTATION_CONTEXT() REPRESENTATION_CONTEXT('2D SPACE',''
  ) );
#1402 = FACE_BOUND('',#1403,.T.);
#1403 = EDGE_LOOP('',(#1404));
#1404 = ORIENTED_EDGE('',*,*,#1405,.F.);
#1405 = EDGE_CURVE('',#1406,#1406,#1408,.T.);
#1406 = VERTEX_POINT('',#1407);
#1407 = CARTESIAN_POINT('',(169.60232793452,-737.3726064084,-5.2165E+03)
  );
#1408 = SURFACE_CURVE('',#1409,(#1440,#1474),.PCURVE_S1.);
#1409 = B_SPLINE_CURVE_WITH_KNOTS('',8,(#1410,#1411,#1412,#1413,#1414,
    #1415,#1416,#1417,#1418,#1419,#1420,#1421,#1422,#1423,#1424,#1425,
    #1426,#1427,#1428,#1429,#1430,#1431,#1432,#1433,#1434,#1435,#1436,
    #1437,#1438,#1439),.UNSPECIFIED.,.T.,.F.,(9,7,7,7,9),(0.,
    0.250000000001,0.500000000005,0.750000000006,1.),.UNSPECIFIED.);
#1410 = CARTESIAN_POINT('',(169.60232793452,-737.3726064084,-5.2165E+03)
  );
#1411 = CARTESIAN_POINT('',(169.60232793452,-737.3726064084,
    -5.216407073854E+03));
#1412 = CARTESIAN_POINT('',(169.60713211615,-737.3534599673,
    -5.216312566414E+03));
#1413 = CARTESIAN_POINT('',(169.61702754426,-737.3140245799,
    -5.216221618346E+03));
#1414 = CARTESIAN_POINT('',(169.63194465472,-737.2548577082,
    -5.216139868527E+03));
#1415 = CARTESIAN_POINT('',(169.65147423669,-737.1782625438,
    -5.216072758609E+03));
#1416 = CARTESIAN_POINT('',(169.67483116264,-737.0881489273,
    -5.216024974666E+03));
#1417 = CARTESIAN_POINT('',(169.70083043983,-736.989578642,-5.216E+03));
#1418 = CARTESIAN_POINT('',(169.75493876836,-736.7876436108,-5.216E+03)
  );
#1419 = CARTESIAN_POINT('',(169.78170787647,-736.6892796011,
    -5.216024974666E+03));
#1420 = CARTESIAN_POINT('',(169.8065369935,-736.599560457,
    -5.216072758609E+03));
#1421 = CARTESIAN_POINT('',(169.82792146155,-736.5234623079,
    -5.216139868527E+03));
#1422 = CARTESIAN_POINT('',(169.84458630085,-736.4647637387,
    -5.216221618346E+03));
#1423 = CARTESIAN_POINT('',(169.85573430241,-736.4256639773,
    -5.216312566414E+03));
#1424 = CARTESIAN_POINT('',(169.86114697963,-736.4066805821,
    -5.216407073854E+03));
#1425 = CARTESIAN_POINT('',(169.86114697963,-736.4066805821,
    -5.216592926146E+03));
#1426 = CARTESIAN_POINT('',(169.85573430241,-736.4256639773,
    -5.216687433586E+03));
#1427 = CARTESIAN_POINT('',(169.84458630085,-736.4647637387,
    -5.216778381654E+03));
#1428 = CARTESIAN_POINT('',(169.82792146155,-736.5234623079,
    -5.216860131473E+03));
#1429 = CARTESIAN_POINT('',(169.8065369935,-736.5995604571,
    -5.216927241391E+03));
#1430 = CARTESIAN_POINT('',(169.78170787647,-736.6892796011,
    -5.216975025334E+03));
#1431 = CARTESIAN_POINT('',(169.75493876836,-736.7876436108,-5.217E+03)
  );
#1432 = CARTESIAN_POINT('',(169.70083043983,-736.989578642,-5.217E+03));
#1433 = CARTESIAN_POINT('',(169.67483116264,-737.0881489273,
    -5.216975025334E+03));
#1434 = CARTESIAN_POINT('',(169.65147423669,-737.1782625438,
    -5.216927241391E+03));
#1435 = CARTESIAN_POINT('',(169.63194465472,-737.2548577082,
    -5.216860131473E+03));
#1436 = CARTESIAN_POINT('',(169.61702754426,-737.3140245799,
    -5.216778381654E+03));
#1437 = CARTESIAN_POINT('',(169.60713211615,-737.3534599673,
    -5.216687433586E+03));
#1438 = CARTESIAN_POINT('',(169.60232793452,-737.3726064084,
    -5.216592926146E+03));
#1439 = CARTESIAN_POINT('',(169.60232793452,-737.3726064084,-5.2165E+03)
  );
#1440 = PCURVE('',#51,#1441);
#1441 = DEFINITIONAL_REPRESENTATION('',(#1442),#1473);
#1442 = B_SPLINE_CURVE_WITH_KNOTS('',8,(#1443,#1444,#1445,#1446,#1447,
    #1448,#1449,#1450,#1451,#1452,#1453,#1454,#1455,#1456,#1457,#1458,
    #1459,#1460,#1461,#1462,#1463,#1464,#1465,#1466,#1467,#1468,#1469,
    #1470,#1471,#1472),.UNSPECIFIED.,.T.,.F.,(9,7,7,7,9),(0.,
    0.250000000001,0.500000000005,0.750000000006,1.),.UNSPECIFIED.);
#1443 = CARTESIAN_POINT('',(2.895747995,24.));
#1444 = CARTESIAN_POINT('',(2.895747995,24.092926146406));
#1445 = CARTESIAN_POINT('',(2.895118129836,24.187433586138));
#1446 = CARTESIAN_POINT('',(2.893820812597,24.278381654361));
#1447 = CARTESIAN_POINT('',(2.891873830837,24.360131472547));
#1448 = CARTESIAN_POINT('',(2.88935165721,24.427241390859));
#1449 = CARTESIAN_POINT('',(2.886381330945,24.475025334396));
#1450 = CARTESIAN_POINT('',(2.883128596483,24.5));
#1451 = CARTESIAN_POINT('',(2.876457935098,24.5));
#1452 = CARTESIAN_POINT('',(2.873205200636,24.475025334396));
#1453 = CARTESIAN_POINT('',(2.870234874372,24.427241390858));
#1454 = CARTESIAN_POINT('',(2.867712700744,24.360131472549));
#1455 = CARTESIAN_POINT('',(2.865765718984,24.27838165436));
#1456 = CARTESIAN_POINT('',(2.864468401745,24.187433586138));
#1457 = CARTESIAN_POINT('',(2.863838536582,24.092926146405));
#1458 = CARTESIAN_POINT('',(2.863838536582,23.907073853596));
#1459 = CARTESIAN_POINT('',(2.864468401745,23.812566413864));
#1460 = CARTESIAN_POINT('',(2.865765718984,23.721618345637));
#1461 = CARTESIAN_POINT('',(2.867712700744,23.639868527451));
#1462 = CARTESIAN_POINT('',(2.870234874372,23.572758609141));
#1463 = CARTESIAN_POINT('',(2.873205200636,23.524974665605));
#1464 = CARTESIAN_POINT('',(2.876457935098,23.5));
#1465 = CARTESIAN_POINT('',(2.883128596483,23.5));
#1466 = CARTESIAN_POINT('',(2.886381330945,23.524974665603));
#1467 = CARTESIAN_POINT('',(2.88935165721,23.572758609141));
#1468 = CARTESIAN_POINT('',(2.891873830837,23.639868527453));
#1469 = CARTESIAN_POINT('',(2.893820812597,23.721618345639));
#1470 = CARTESIAN_POINT('',(2.895118129836,23.812566413862));
#1471 = CARTESIAN_POINT('',(2.895747995,23.907073853594));
#1472 = CARTESIAN_POINT('',(2.895747995,24.));
#1473 = ( GEOMETRIC_REPRESENTATION_CONTEXT(2) 
PARAMETRIC_REPRESENTATION_CONTEXT() REPRESENTATION_CONTEXT('2D SPACE',''
  ) );
#1474 = PCURVE('',#1475,#1480);
#1475 = CYLINDRICAL_SURFACE('',#1476,0.5);
#1476 = AXIS2_PLACEMENT_3D('',#1477,#1478,#1479);
#1477 = CARTESIAN_POINT('',(170.21084751724,-737.018020649,-5.2165E+03)
  );
#1478 = DIRECTION('',(-0.965925826289,0.258819045103,0.));
#1479 = DIRECTION('',(-0.258819045103,-0.965925826289,0.));
#1480 = DEFINITIONAL_REPRESENTATION('',(#1481),#1512);
#1481 = B_SPLINE_CURVE_WITH_KNOTS('',8,(#1482,#1483,#1484,#1485,#1486,
    #1487,#1488,#1489,#1490,#1491,#1492,#1493,#1494,#1495,#1496,#1497,
    #1498,#1499,#1500,#1501,#1502,#1503,#1504,#1505,#1506,#1507,#1508,
    #1509,#1510,#1511),.UNSPECIFIED.,.F.,.F.,(9,7,7,7,9),(0.,
    0.250000000001,0.500000000005,0.750000000006,1.),.UNSPECIFIED.);
#1482 = CARTESIAN_POINT('',(0.,0.496011233085));
#1483 = CARTESIAN_POINT('',(0.185852292812,0.496011233085));
#1484 = CARTESIAN_POINT('',(0.374867222656,0.496326213582));
#1485 = CARTESIAN_POINT('',(0.566545073818,0.496974593309));
#1486 = CARTESIAN_POINT('',(0.760791483593,0.497879284326));
#1487 = CARTESIAN_POINT('',(0.957760989587,0.498839444016));
#1488 = CARTESIAN_POINT('',(1.157855611896,0.499601506198));
#1489 = CARTESIAN_POINT('',(1.361737798999,0.5));
#1490 = CARTESIAN_POINT('',(1.779854854592,0.5));
#1491 = CARTESIAN_POINT('',(1.983737041693,0.499601506198));
#1492 = CARTESIAN_POINT('',(2.183831664005,0.498839444016));
#1493 = CARTESIAN_POINT('',(2.380801169991,0.497879284326));
#1494 = CARTESIAN_POINT('',(2.575047579774,0.496974593309));
#1495 = CARTESIAN_POINT('',(2.766725430933,0.496326213581));
#1496 = CARTESIAN_POINT('',(2.955740360779,0.496011233085));
#1497 = CARTESIAN_POINT('',(3.327444946398,0.496011233085));
#1498 = CARTESIAN_POINT('',(3.516459876242,0.496326213581));
#1499 = CARTESIAN_POINT('',(3.708137727413,0.496974593309));
#1500 = CARTESIAN_POINT('',(3.902384137183,0.497879284326));
#1501 = CARTESIAN_POINT('',(4.099353643183,0.498839444016));
#1502 = CARTESIAN_POINT('',(4.299448265483,0.499601506198));
#1503 = CARTESIAN_POINT('',(4.503330452584,0.5));
#1504 = CARTESIAN_POINT('',(4.921447508179,0.5));
#1505 = CARTESIAN_POINT('',(5.125329695283,0.499601506198));
#1506 = CARTESIAN_POINT('',(5.325424317594,0.498839444016));
#1507 = CARTESIAN_POINT('',(5.522393823587,0.497879284326));
#1508 = CARTESIAN_POINT('',(5.716640233362,0.496974593309));
#1509 = CARTESIAN_POINT('',(5.908318084524,0.496326213582));
#1510 = CARTESIAN_POINT('',(6.097333014367,0.496011233085));
#1511 = CARTESIAN_POINT('',(6.28318530718,0.496011233085));
#1512 = ( GEOMETRIC_REPRESENTATION_CONTEXT(2) 
PARAMETRIC_REPRESENTATION_CONTEXT() REPRESENTATION_CONTEXT('2D SPACE',''
  ) );
#1513 = FACE_BOUND('',#1514,.T.);
#1514 = EDGE_LOOP('',(#1515));
#1515 = ORIENTED_EDGE('',*,*,#1516,.F.);
#1516 = EDGE_CURVE('',#1517,#1517,#1519,.T.);
#1517 = VERTEX_POINT('',#1518);
#1518 = CARTESIAN_POINT('',(168.66398876691,-745.5,-5.2165E+03));
#1519 = SURFACE_CURVE('',#1520,(#1565,#1613),.PCURVE_S1.);
#1520 = B_SPLINE_CURVE_WITH_KNOTS('',7,(#1521,#1522,#1523,#1524,#1525,
    #1526,#1527,#1528,#1529,#1530,#1531,#1532,#1533,#1534,#1535,#1536,
    #1537,#1538,#1539,#1540,#1541,#1542,#1543,#1544,#1545,#1546,#1547,
    #1548,#1549,#1550,#1551,#1552,#1553,#1554,#1555,#1556,#1557,#1558,
    #1559,#1560,#1561,#1562,#1563,#1564),.UNSPECIFIED.,.T.,.F.,(8,6,6,6,
    6,6,6,8),(0.,0.138422529329,0.249282057871,0.360147011151,
    0.498583941002,0.636998803121,0.747839419497,1.),.UNSPECIFIED.);
#1521 = CARTESIAN_POINT('',(168.66398876691,-745.5,-5.2165E+03));
#1522 = CARTESIAN_POINT('',(168.66398876691,-745.5,-5.216440543046E+03)
  );
#1523 = CARTESIAN_POINT('',(168.6638571552,-745.4917515497,
    -5.216380971239E+03));
#1524 = CARTESIAN_POINT('',(168.66359299277,-745.4751962486,
    -5.216322515175E+03));
#1525 = CARTESIAN_POINT('',(168.66321176888,-745.4504462172,
    -5.216266423858E+03));
#1526 = CARTESIAN_POINT('',(168.66274573894,-745.417776037,
    -5.216213950848E+03));
#1527 = CARTESIAN_POINT('',(168.66224000781,-745.3776316092,
    -5.216166359095E+03));
#1528 = CARTESIAN_POINT('',(168.6613474039,-745.2930341568,
    -5.216091776408E+03));
#1529 = CARTESIAN_POINT('',(168.66095631692,-745.2509716615,
    -5.216062518115E+03));
#1530 = CARTESIAN_POINT('',(168.66059938295,-745.2050399748,
    -5.216038092696E+03));
#1531 = CARTESIAN_POINT('',(168.66030677366,-745.1560241336,
    -5.216019225336E+03));
#1532 = CARTESIAN_POINT('',(168.66010256483,-745.1048442539,
    -5.216006430115E+03));
#1533 = CARTESIAN_POINT('',(168.66,-745.0524945781,-5.216E+03));
#1534 = CARTESIAN_POINT('',(168.66,-744.9475028531,-5.216E+03));
#1535 = CARTESIAN_POINT('',(168.66010257467,-744.8951528792,
    -5.216006430744E+03));
#1536 = CARTESIAN_POINT('',(168.6603067878,-744.8439741834,
    -5.216019226223E+03));
#1537 = CARTESIAN_POINT('',(168.66059938808,-744.7949600292,
    -5.2160380931E+03));
#1538 = CARTESIAN_POINT('',(168.66095630733,-744.7490295604,
    -5.216062517567E+03));
#1539 = CARTESIAN_POINT('',(168.66134739058,-744.7069671059,
    -5.216091775295E+03));
#1540 = CARTESIAN_POINT('',(168.66224005176,-744.6223642255,
    -5.216166362767E+03));
#1541 = CARTESIAN_POINT('',(168.66274578027,-744.5822214695,
    -5.216213955206E+03));
#1542 = CARTESIAN_POINT('',(168.66321176036,-744.5495547752,
    -5.216266424982E+03));
#1543 = CARTESIAN_POINT('',(168.66359294247,-744.524806998,
    -5.216322510518E+03));
#1544 = CARTESIAN_POINT('',(168.66385711224,-744.5082511021,
    -5.21638096158E+03));
#1545 = CARTESIAN_POINT('',(168.66398876691,-744.5,-5.216440533566E+03)
  );
#1546 = CARTESIAN_POINT('',(168.66398876691,-744.5,-5.216559456954E+03)
  );
#1547 = CARTESIAN_POINT('',(168.6638571552,-744.5082484502,
    -5.216619028761E+03));
#1548 = CARTESIAN_POINT('',(168.66359299277,-744.5248037513,
    -5.216677484825E+03));
#1549 = CARTESIAN_POINT('',(168.66321176888,-744.5495537826,
    -5.216733576142E+03));
#1550 = CARTESIAN_POINT('',(168.66274573894,-744.5822239629,
    -5.216786049152E+03));
#1551 = CARTESIAN_POINT('',(168.66224000781,-744.6223683907,
    -5.216833640905E+03));
#1552 = CARTESIAN_POINT('',(168.66134744964,-744.7069615085,
    -5.21690821977E+03));
#1553 = CARTESIAN_POINT('',(168.66095634879,-744.7490243274,
    -5.21693748015E+03));
#1554 = CARTESIAN_POINT('',(168.66059936148,-744.7949603331,
    -5.216961908892E+03));
#1555 = CARTESIAN_POINT('',(168.66030672092,-744.843982225,
    -5.216980777944E+03));
#1556 = CARTESIAN_POINT('',(168.66010252933,-744.8951664399,
    -5.216993572243E+03));
#1557 = CARTESIAN_POINT('',(168.66,-744.9475149484,-5.217E+03));
#1558 = CARTESIAN_POINT('',(168.66,-745.1194026296,-5.217E+03));
#1559 = CARTESIAN_POINT('',(168.66053048149,-745.235484014,
    -5.216966733889E+03));
#1560 = CARTESIAN_POINT('',(168.66154007477,-745.3380650879,
    -5.216903530718E+03));
#1561 = CARTESIAN_POINT('',(168.66270049004,-745.4191620745,
    -5.216816668836E+03));
#1562 = CARTESIAN_POINT('',(168.66356816047,-745.4736608772,
    -5.216714534716E+03));
#1563 = CARTESIAN_POINT('',(168.66398876691,-745.5,-5.216606244449E+03)
  );
#1564 = CARTESIAN_POINT('',(168.66398876691,-745.5,-5.2165E+03));
#1565 = PCURVE('',#51,#1566);
#1566 = DEFINITIONAL_REPRESENTATION('',(#1567),#1612);
#1567 = B_SPLINE_CURVE_WITH_KNOTS('',7,(#1568,#1569,#1570,#1571,#1572,
    #1573,#1574,#1575,#1576,#1577,#1578,#1579,#1580,#1581,#1582,#1583,
    #1584,#1585,#1586,#1587,#1588,#1589,#1590,#1591,#1592,#1593,#1594,
    #1595,#1596,#1597,#1598,#1599,#1600,#1601,#1602,#1603,#1604,#1605,
    #1606,#1607,#1608,#1609,#1610,#1611),.UNSPECIFIED.,.F.,.F.,(8,6,6,6,
    6,6,6,8),(0.,0.138422529329,0.249282057871,0.360147011151,
    0.498583941002,0.636998803121,0.747839419497,1.),.UNSPECIFIED.);
#1568 = CARTESIAN_POINT('',(3.157547382799,24.));
#1569 = CARTESIAN_POINT('',(3.157547382799,24.059456954129));
#1570 = CARTESIAN_POINT('',(3.157284156924,24.119028760667));
#1571 = CARTESIAN_POINT('',(3.156755841269,24.177484824714));
#1572 = CARTESIAN_POINT('',(3.155966021274,24.233576141634));
#1573 = CARTESIAN_POINT('',(3.154923473197,24.286049151752));
#1574 = CARTESIAN_POINT('',(3.153642441684,24.333640904904));
#1575 = CARTESIAN_POINT('',(3.150942947066,24.408223591843));
#1576 = CARTESIAN_POINT('',(3.149600755589,24.437481885119));
#1577 = CARTESIAN_POINT('',(3.148135121159,24.461907304086));
#1578 = CARTESIAN_POINT('',(3.146571095599,24.480774664489));
#1579 = CARTESIAN_POINT('',(3.144938035034,24.493569885405));
#1580 = CARTESIAN_POINT('',(3.143267656083,24.5));
#1581 = CARTESIAN_POINT('',(3.139917569133,24.5));
#1582 = CARTESIAN_POINT('',(3.138247180671,24.493569256356));
#1583 = CARTESIAN_POINT('',(3.136614157883,24.480773776569));
#1584 = CARTESIAN_POINT('',(3.13505018615,24.461906899526));
#1585 = CARTESIAN_POINT('',(3.133584590583,24.437482432784));
#1586 = CARTESIAN_POINT('',(3.13224240041,24.408224705186));
#1587 = CARTESIAN_POINT('',(3.129542732587,24.333637232855));
#1588 = CARTESIAN_POINT('',(3.128261754418,24.286044793586));
#1589 = CARTESIAN_POINT('',(3.127219317573,24.233575018252));
#1590 = CARTESIAN_POINT('',(3.126429569516,24.177489481803));
#1591 = CARTESIAN_POINT('',(3.125901234889,24.119038420444));
#1592 = CARTESIAN_POINT('',(3.125637924381,24.05946643356));
#1593 = CARTESIAN_POINT('',(3.125637924381,23.940543045769));
#1594 = CARTESIAN_POINT('',(3.125901150257,23.880971239331));
#1595 = CARTESIAN_POINT('',(3.12642946591,23.822515175371));
#1596 = CARTESIAN_POINT('',(3.127219285904,23.766423858427));
#1597 = CARTESIAN_POINT('',(3.128261833982,23.713950848219));
#1598 = CARTESIAN_POINT('',(3.129542865497,23.666359095033));
#1599 = CARTESIAN_POINT('',(3.132242221798,23.591780229574));
#1600 = CARTESIAN_POINT('',(3.133584423605,23.562519849694));
#1601 = CARTESIAN_POINT('',(3.135050195851,23.538091107915));
#1602 = CARTESIAN_POINT('',(3.13661441448,23.51922205635));
#1603 = CARTESIAN_POINT('',(3.138247613369,23.506427756999));
#1604 = CARTESIAN_POINT('',(3.139917955071,23.5));
#1605 = CARTESIAN_POINT('',(3.145402565195,23.5));
#1606 = CARTESIAN_POINT('',(3.14910650273,23.533266111461));
#1607 = CARTESIAN_POINT('',(3.152379757062,23.596469282095));
#1608 = CARTESIAN_POINT('',(3.154967669667,23.683331164087));
#1609 = CARTESIAN_POINT('',(3.156706844413,23.785465283707));
#1610 = CARTESIAN_POINT('',(3.157547382799,23.893755551243));
#1611 = CARTESIAN_POINT('',(3.157547382799,24.));
#1612 = ( GEOMETRIC_REPRESENTATION_CONTEXT(2) 
PARAMETRIC_REPRESENTATION_CONTEXT() REPRESENTATION_CONTEXT('2D SPACE',''
  ) );
#1613 = PCURVE('',#1614,#1619);
#1614 = CYLINDRICAL_SURFACE('',#1615,0.5);
#1615 = AXIS2_PLACEMENT_3D('',#1616,#1617,#1618);
#1616 = CARTESIAN_POINT('',(169.16,-745.,-5.2165E+03));
#1617 = DIRECTION('',(-1.,1.224646799147E-16,0.));
#1618 = DIRECTION('',(-1.224646799147E-16,-1.,0.));
#1619 = DEFINITIONAL_REPRESENTATION('',(#1620),#1665);
#1620 = B_SPLINE_CURVE_WITH_KNOTS('',7,(#1621,#1622,#1623,#1624,#1625,
    #1626,#1627,#1628,#1629,#1630,#1631,#1632,#1633,#1634,#1635,#1636,
    #1637,#1638,#1639,#1640,#1641,#1642,#1643,#1644,#1645,#1646,#1647,
    #1648,#1649,#1650,#1651,#1652,#1653,#1654,#1655,#1656,#1657,#1658,
    #1659,#1660,#1661,#1662,#1663,#1664),.UNSPECIFIED.,.F.,.F.,(8,6,6,6,
    6,6,6,8),(0.,0.138422529329,0.249282057871,0.360147011151,
    0.498583941002,0.636998803121,0.747839419497,1.),.UNSPECIFIED.);
#1621 = CARTESIAN_POINT('',(0.,0.496011233085));
#1622 = CARTESIAN_POINT('',(0.118913908258,0.496011233085));
#1623 = CARTESIAN_POINT('',(0.238057972738,0.496142844793));
#1624 = CARTESIAN_POINT('',(0.357715024794,0.496407007222));
#1625 = CARTESIAN_POINT('',(0.478186816143,0.496788231116));
#1626 = CARTESIAN_POINT('',(0.599807781374,0.497254261055));
#1627 = CARTESIAN_POINT('',(0.722980094057,0.497759992181));
#1628 = CARTESIAN_POINT('',(0.948539896775,0.498652596091));
#1629 = CARTESIAN_POINT('',(1.050340039243,0.499043683072));
#1630 = CARTESIAN_POINT('',(1.153204224196,0.499400617046));
#1631 = CARTESIAN_POINT('',(1.256856491607,0.499693226334));
#1632 = CARTESIAN_POINT('',(1.361108323302,0.499897435166));
#1633 = CARTESIAN_POINT('',(1.465807170518,0.5));
#1634 = CARTESIAN_POINT('',(1.675790620552,0.5));
#1635 = CARTESIAN_POINT('',(1.780490057181,0.499897425321));
#1636 = CARTESIAN_POINT('',(1.884739808173,0.4996932122));
#1637 = CARTESIAN_POINT('',(1.988388801281,0.499400611911));
#1638 = CARTESIAN_POINT('',(2.091250049217,0.499043692666));
#1639 = CARTESIAN_POINT('',(2.19304938974,0.498652609416));
#1640 = CARTESIAN_POINT('',(2.418623664882,0.497759948234));
#1641 = CARTESIAN_POINT('',(2.541794451084,0.497254219722));
#1642 = CARTESIAN_POINT('',(2.663406561135,0.496788239638));
#1643 = CARTESIAN_POINT('',(2.78386704517,0.49640705753));
#1644 = CARTESIAN_POINT('',(2.903515392792,0.496142887752));
#1645 = CARTESIAN_POINT('',(3.02265978647,0.496011233085));
#1646 = CARTESIAN_POINT('',(3.260506562052,0.496011233085));
#1647 = CARTESIAN_POINT('',(3.379650626333,0.496142844793));
#1648 = CARTESIAN_POINT('',(3.499307678225,0.496407007221));
#1649 = CARTESIAN_POINT('',(3.619779469589,0.496788231115));
#1650 = CARTESIAN_POINT('',(3.741400434987,0.497254261055));
#1651 = CARTESIAN_POINT('',(3.864572747837,0.497759992181));
#1652 = CARTESIAN_POINT('',(4.090120993285,0.498652550357));
#1653 = CARTESIAN_POINT('',(4.191924337991,0.499043651202));
#1654 = CARTESIAN_POINT('',(4.294798929292,0.499400638513));
#1655 = CARTESIAN_POINT('',(4.398462895533,0.499693279077));
#1656 = CARTESIAN_POINT('',(4.502722323505,0.499897470667));
#1657 = CARTESIAN_POINT('',(4.60741887724,0.5));
#1658 = CARTESIAN_POINT('',(4.951194239771,0.5));
#1659 = CARTESIAN_POINT('',(5.183360313731,0.499469518503));
#1660 = CARTESIAN_POINT('',(5.410746627345,0.498459925227));
#1661 = CARTESIAN_POINT('',(5.634169322946,0.497299509956));
#1662 = CARTESIAN_POINT('',(5.854117583178,0.496431839527));
#1663 = CARTESIAN_POINT('',(6.070696409665,0.496011233085));
#1664 = CARTESIAN_POINT('',(6.28318530718,0.496011233085));
#1665 = ( GEOMETRIC_REPRESENTATION_CONTEXT(2) 
PARAMETRIC_REPRESENTATION_CONTEXT() REPRESENTATION_CONTEXT('2D SPACE',''
  ) );
#1666 = FACE_BOUND('',#1667,.T.);
#1667 = EDGE_LOOP('',(#1668));
#1668 = ORIENTED_EDGE('',*,*,#1669,.F.);
#1669 = EDGE_CURVE('',#1670,#1670,#1672,.T.);
#1670 = VERTEX_POINT('',#1671);
#1671 = CARTESIAN_POINT('',(169.86114697963,-753.5933194178,-5.2165E+03)
  );
#1672 = SURFACE_CURVE('',#1673,(#1704,#1738),.PCURVE_S1.);
#1673 = B_SPLINE_CURVE_WITH_KNOTS('',8,(#1674,#1675,#1676,#1677,#1678,
    #1679,#1680,#1681,#1682,#1683,#1684,#1685,#1686,#1687,#1688,#1689,
    #1690,#1691,#1692,#1693,#1694,#1695,#1696,#1697,#1698,#1699,#1700,
    #1701,#1702,#1703),.UNSPECIFIED.,.T.,.F.,(9,7,7,7,9),(0.,
    0.250000000002,0.499999999997,0.749999999994,1.),.UNSPECIFIED.);
#1674 = CARTESIAN_POINT('',(169.86114697963,-753.5933194178,-5.2165E+03)
  );
#1675 = CARTESIAN_POINT('',(169.86114697963,-753.5933194178,
    -5.216407073854E+03));
#1676 = CARTESIAN_POINT('',(169.85573430241,-753.5743360226,
    -5.216312566414E+03));
#1677 = CARTESIAN_POINT('',(169.84458630085,-753.5352362612,
    -5.216221618346E+03));
#1678 = CARTESIAN_POINT('',(169.82792146155,-753.476537692,
    -5.216139868527E+03));
#1679 = CARTESIAN_POINT('',(169.8065369935,-753.4004395429,
    -5.216072758609E+03));
#1680 = CARTESIAN_POINT('',(169.78170787647,-753.3107203988,
    -5.216024974666E+03));
#1681 = CARTESIAN_POINT('',(169.75493876836,-753.2123563891,-5.216E+03)
  );
#1682 = CARTESIAN_POINT('',(169.70083043983,-753.0104213579,-5.216E+03)
  );
#1683 = CARTESIAN_POINT('',(169.67483116264,-752.9118510726,
    -5.216024974666E+03));
#1684 = CARTESIAN_POINT('',(169.65147423669,-752.8217374561,
    -5.216072758609E+03));
#1685 = CARTESIAN_POINT('',(169.63194465472,-752.7451422917,
    -5.216139868527E+03));
#1686 = CARTESIAN_POINT('',(169.61702754426,-752.68597542,
    -5.216221618346E+03));
#1687 = CARTESIAN_POINT('',(169.60713211615,-752.6465400326,
    -5.216312566414E+03));
#1688 = CARTESIAN_POINT('',(169.60232793452,-752.6273935915,
    -5.216407073854E+03));
#1689 = CARTESIAN_POINT('',(169.60232793452,-752.6273935915,
    -5.216592926146E+03));
#1690 = CARTESIAN_POINT('',(169.60713211615,-752.6465400326,
    -5.216687433586E+03));
#1691 = CARTESIAN_POINT('',(169.61702754426,-752.68597542,
    -5.216778381654E+03));
#1692 = CARTESIAN_POINT('',(169.63194465472,-752.7451422917,
    -5.216860131473E+03));
#1693 = CARTESIAN_POINT('',(169.65147423669,-752.8217374561,
    -5.216927241391E+03));
#1694 = CARTESIAN_POINT('',(169.67483116264,-752.9118510726,
    -5.216975025334E+03));
#1695 = CARTESIAN_POINT('',(169.70083043983,-753.0104213579,-5.217E+03)
  );
#1696 = CARTESIAN_POINT('',(169.75493876836,-753.2123563891,-5.217E+03)
  );
#1697 = CARTESIAN_POINT('',(169.78170787647,-753.3107203988,
    -5.216975025334E+03));
#1698 = CARTESIAN_POINT('',(169.8065369935,-753.4004395428,
    -5.216927241391E+03));
#1699 = CARTESIAN_POINT('',(169.82792146155,-753.476537692,
    -5.216860131473E+03));
#1700 = CARTESIAN_POINT('',(169.84458630085,-753.5352362612,
    -5.216778381654E+03));
#1701 = CARTESIAN_POINT('',(169.85573430241,-753.5743360226,
    -5.216687433586E+03));
#1702 = CARTESIAN_POINT('',(169.86114697963,-753.5933194178,
    -5.216592926146E+03));
#1703 = CARTESIAN_POINT('',(169.86114697963,-753.5933194178,-5.2165E+03)
  );
#1704 = PCURVE('',#51,#1705);
#1705 = DEFINITIONAL_REPRESENTATION('',(#1706),#1737);
#1706 = B_SPLINE_CURVE_WITH_KNOTS('',8,(#1707,#1708,#1709,#1710,#1711,
    #1712,#1713,#1714,#1715,#1716,#1717,#1718,#1719,#1720,#1721,#1722,
    #1723,#1724,#1725,#1726,#1727,#1728,#1729,#1730,#1731,#1732,#1733,
    #1734,#1735,#1736),.UNSPECIFIED.,.T.,.F.,(9,7,7,7,9),(0.,
    0.250000000002,0.499999999997,0.749999999994,1.),.UNSPECIFIED.);
#1707 = CARTESIAN_POINT('',(3.419346770598,24.));
#1708 = CARTESIAN_POINT('',(3.419346770598,24.092926146406));
#1709 = CARTESIAN_POINT('',(3.418716905435,24.187433586138));
#1710 = CARTESIAN_POINT('',(3.417419588195,24.278381654361));
#1711 = CARTESIAN_POINT('',(3.415472606436,24.360131472547));
#1712 = CARTESIAN_POINT('',(3.412950432808,24.427241390859));
#1713 = CARTESIAN_POINT('',(3.409980106543,24.475025334396));
#1714 = CARTESIAN_POINT('',(3.406727372081,24.5));
#1715 = CARTESIAN_POINT('',(3.400056710697,24.5));
#1716 = CARTESIAN_POINT('',(3.396803976235,24.475025334398));
#1717 = CARTESIAN_POINT('',(3.39383364997,24.427241390858));
#1718 = CARTESIAN_POINT('',(3.391311476342,24.360131472546));
#1719 = CARTESIAN_POINT('',(3.389364494583,24.27838165436));
#1720 = CARTESIAN_POINT('',(3.388067177343,24.187433586139));
#1721 = CARTESIAN_POINT('',(3.38743731218,24.092926146407));
#1722 = CARTESIAN_POINT('',(3.38743731218,23.907073853592));
#1723 = CARTESIAN_POINT('',(3.388067177343,23.812566413861));
#1724 = CARTESIAN_POINT('',(3.389364494583,23.72161834564));
#1725 = CARTESIAN_POINT('',(3.391311476342,23.639868527456));
#1726 = CARTESIAN_POINT('',(3.39383364997,23.572758609141));
#1727 = CARTESIAN_POINT('',(3.396803976235,23.524974665602));
#1728 = CARTESIAN_POINT('',(3.400056710697,23.5));
#1729 = CARTESIAN_POINT('',(3.406727372081,23.5));
#1730 = CARTESIAN_POINT('',(3.409980106543,23.524974665604));
#1731 = CARTESIAN_POINT('',(3.412950432808,23.57275860914));
#1732 = CARTESIAN_POINT('',(3.415472606436,23.639868527454));
#1733 = CARTESIAN_POINT('',(3.417419588195,23.721618345637));
#1734 = CARTESIAN_POINT('',(3.418716905435,23.812566413864));
#1735 = CARTESIAN_POINT('',(3.419346770598,23.907073853595));
#1736 = CARTESIAN_POINT('',(3.419346770598,24.));
#1737 = ( GEOMETRIC_REPRESENTATION_CONTEXT(2) 
PARAMETRIC_REPRESENTATION_CONTEXT() REPRESENTATION_CONTEXT('2D SPACE',''
  ) );
#1738 = PCURVE('',#1739,#1744);
#1739 = CYLINDRICAL_SURFACE('',#1740,0.5);
#1740 = AXIS2_PLACEMENT_3D('',#1741,#1742,#1743);
#1741 = CARTESIAN_POINT('',(170.21084751724,-752.9819793509,-5.2165E+03)
  );
#1742 = DIRECTION('',(-0.965925826289,-0.258819045103,0.));
#1743 = DIRECTION('',(0.258819045103,-0.965925826289,0.));
#1744 = DEFINITIONAL_REPRESENTATION('',(#1745),#1776);
#1745 = B_SPLINE_CURVE_WITH_KNOTS('',8,(#1746,#1747,#1748,#1749,#1750,
    #1751,#1752,#1753,#1754,#1755,#1756,#1757,#1758,#1759,#1760,#1761,
    #1762,#1763,#1764,#1765,#1766,#1767,#1768,#1769,#1770,#1771,#1772,
    #1773,#1774,#1775),.UNSPECIFIED.,.F.,.F.,(9,7,7,7,9),(0.,
    0.250000000002,0.499999999997,0.749999999994,1.),.UNSPECIFIED.);
#1746 = CARTESIAN_POINT('',(0.,0.496011233085));
#1747 = CARTESIAN_POINT('',(0.185852292811,0.496011233085));
#1748 = CARTESIAN_POINT('',(0.374867222656,0.496326213582));
#1749 = CARTESIAN_POINT('',(0.566545073817,0.496974593309));
#1750 = CARTESIAN_POINT('',(0.760791483595,0.497879284326));
#1751 = CARTESIAN_POINT('',(0.957760989585,0.498839444016));
#1752 = CARTESIAN_POINT('',(1.157855611898,0.499601506198));
#1753 = CARTESIAN_POINT('',(1.361737798998,0.5));
#1754 = CARTESIAN_POINT('',(1.779854854586,0.5));
#1755 = CARTESIAN_POINT('',(1.983737041692,0.499601506198));
#1756 = CARTESIAN_POINT('',(2.183831664007,0.498839444016));
#1757 = CARTESIAN_POINT('',(2.380801169999,0.497879284326));
#1758 = CARTESIAN_POINT('',(2.575047579774,0.496974593309));
#1759 = CARTESIAN_POINT('',(2.766725430932,0.496326213581));
#1760 = CARTESIAN_POINT('',(2.955740360775,0.496011233085));
#1761 = CARTESIAN_POINT('',(3.327444946406,0.496011233085));
#1762 = CARTESIAN_POINT('',(3.516459876247,0.496326213582));
#1763 = CARTESIAN_POINT('',(3.708137727409,0.496974593309));
#1764 = CARTESIAN_POINT('',(3.902384137175,0.497879284326));
#1765 = CARTESIAN_POINT('',(4.099353643175,0.498839444016));
#1766 = CARTESIAN_POINT('',(4.299448265488,0.499601506198));
#1767 = CARTESIAN_POINT('',(4.503330452595,0.5));
#1768 = CARTESIAN_POINT('',(4.921447508182,0.5));
#1769 = CARTESIAN_POINT('',(5.125329695288,0.499601506198));
#1770 = CARTESIAN_POINT('',(5.325424317583,0.498839444016));
#1771 = CARTESIAN_POINT('',(5.522393823596,0.497879284326));
#1772 = CARTESIAN_POINT('',(5.716640233352,0.496974593309));
#1773 = CARTESIAN_POINT('',(5.908318084528,0.496326213581));
#1774 = CARTESIAN_POINT('',(6.097333014369,0.496011233085));
#1775 = CARTESIAN_POINT('',(6.28318530718,0.496011233085));
#1776 = ( GEOMETRIC_REPRESENTATION_CONTEXT(2) 
PARAMETRIC_REPRESENTATION_CONTEXT() REPRESENTATION_CONTEXT('2D SPACE',''
  ) );
#1777 = FACE_BOUND('',#1778,.T.);
#1778 = EDGE_LOOP('',(#1779));
#1779 = ORIENTED_EDGE('',*,*,#1780,.F.);
#1780 = EDGE_CURVE('',#1781,#1781,#1783,.T.);
#1781 = VERTEX_POINT('',#1782);
#1782 = CARTESIAN_POINT('',(173.11221821887,-761.1010183184,-5.2165E+03)
  );
#1783 = SURFACE_CURVE('',#1784,(#1815,#1849),.PCURVE_S1.);
#1784 = B_SPLINE_CURVE_WITH_KNOTS('',8,(#1785,#1786,#1787,#1788,#1789,
    #1790,#1791,#1792,#1793,#1794,#1795,#1796,#1797,#1798,#1799,#1800,
    #1801,#1802,#1803,#1804,#1805,#1806,#1807,#1808,#1809,#1810,#1811,
    #1812,#1813,#1814),.UNSPECIFIED.,.T.,.F.,(9,7,7,7,9),(0.,
    0.25000000001,0.500000000009,0.750000000002,1.),.UNSPECIFIED.);
#1785 = CARTESIAN_POINT('',(173.11221821887,-761.1010183184,-5.2165E+03)
  );
#1786 = CARTESIAN_POINT('',(173.11221821887,-761.1010183184,
    -5.216407073854E+03));
#1787 = CARTESIAN_POINT('',(173.10207670994,-761.0840826707,
    -5.216312566414E+03));
#1788 = CARTESIAN_POINT('',(173.08118880443,-761.0492005165,
    -5.216221618346E+03));
#1789 = CARTESIAN_POINT('',(173.04989949812,-760.9968152303,
    -5.216139868527E+03));
#1790 = CARTESIAN_POINT('',(173.00954803785,-760.9288447703,
    -5.216072758609E+03));
#1791 = CARTESIAN_POINT('',(172.96234392926,-760.8486089803,
    -5.216024974666E+03));
#1792 = CARTESIAN_POINT('',(172.91102847734,-760.7605249979,-5.216E+03)
  );
#1793 = CARTESIAN_POINT('',(172.80649921344,-760.579475002,-5.216E+03));
#1794 = CARTESIAN_POINT('',(172.75587397303,-760.4909925258,
    -5.216024974666E+03));
#1795 = CARTESIAN_POINT('',(172.70998979486,-760.4099946736,
    -5.216072758609E+03));
#1796 = CARTESIAN_POINT('',(172.67130137996,-760.341064054,
    -5.216139868527E+03));
#1797 = CARTESIAN_POINT('',(172.64157904446,-760.2877740767,
    -5.216221618346E+03));
#1798 = CARTESIAN_POINT('',(172.62181416557,-760.2522435428,
    -5.216312566414E+03));
#1799 = CARTESIAN_POINT('',(172.61221821887,-760.2349929146,
    -5.216407073854E+03));
#1800 = CARTESIAN_POINT('',(172.61221821887,-760.2349929146,
    -5.216592926146E+03));
#1801 = CARTESIAN_POINT('',(172.62181416557,-760.2522435428,
    -5.216687433586E+03));
#1802 = CARTESIAN_POINT('',(172.64157904446,-760.2877740767,
    -5.216778381654E+03));
#1803 = CARTESIAN_POINT('',(172.67130137996,-760.341064054,
    -5.216860131473E+03));
#1804 = CARTESIAN_POINT('',(172.70998979486,-760.4099946736,
    -5.216927241391E+03));
#1805 = CARTESIAN_POINT('',(172.75587397303,-760.4909925258,
    -5.216975025334E+03));
#1806 = CARTESIAN_POINT('',(172.80649921344,-760.579475002,-5.217E+03));
#1807 = CARTESIAN_POINT('',(172.91102847734,-760.7605249979,-5.217E+03)
  );
#1808 = CARTESIAN_POINT('',(172.96234392926,-760.8486089803,
    -5.216975025334E+03));
#1809 = CARTESIAN_POINT('',(173.00954803785,-760.9288447703,
    -5.216927241391E+03));
#1810 = CARTESIAN_POINT('',(173.04989949812,-760.9968152303,
    -5.216860131473E+03));
#1811 = CARTESIAN_POINT('',(173.08118880443,-761.0492005165,
    -5.216778381654E+03));
#1812 = CARTESIAN_POINT('',(173.10207670994,-761.0840826707,
    -5.216687433586E+03));
#1813 = CARTESIAN_POINT('',(173.11221821887,-761.1010183184,
    -5.216592926146E+03));
#1814 = CARTESIAN_POINT('',(173.11221821887,-761.1010183184,-5.2165E+03)
  );
#1815 = PCURVE('',#51,#1816);
#1816 = DEFINITIONAL_REPRESENTATION('',(#1817),#1848);
#1817 = B_SPLINE_CURVE_WITH_KNOTS('',8,(#1818,#1819,#1820,#1821,#1822,
    #1823,#1824,#1825,#1826,#1827,#1828,#1829,#1830,#1831,#1832,#1833,
    #1834,#1835,#1836,#1837,#1838,#1839,#1840,#1841,#1842,#1843,#1844,
    #1845,#1846,#1847),.UNSPECIFIED.,.T.,.F.,(9,7,7,7,9),(0.,
    0.25000000001,0.500000000009,0.750000000002,1.),.UNSPECIFIED.);
#1818 = CARTESIAN_POINT('',(3.681146158397,24.));
#1819 = CARTESIAN_POINT('',(3.681146158397,24.092926146406));
#1820 = CARTESIAN_POINT('',(3.680516293234,24.187433586139));
#1821 = CARTESIAN_POINT('',(3.679218975994,24.27838165436));
#1822 = CARTESIAN_POINT('',(3.677271994235,24.360131472548));
#1823 = CARTESIAN_POINT('',(3.674749820607,24.427241390858));
#1824 = CARTESIAN_POINT('',(3.671779494342,24.475025334397));
#1825 = CARTESIAN_POINT('',(3.66852675988,24.5));
#1826 = CARTESIAN_POINT('',(3.661856098496,24.5));
#1827 = CARTESIAN_POINT('',(3.658603364034,24.475025334399));
#1828 = CARTESIAN_POINT('',(3.655633037769,24.427241390859));
#1829 = CARTESIAN_POINT('',(3.653110864141,24.360131472543));
#1830 = CARTESIAN_POINT('',(3.651163882382,24.27838165436));
#1831 = CARTESIAN_POINT('',(3.649866565142,24.187433586139));
#1832 = CARTESIAN_POINT('',(3.649236699979,24.092926146409));
#1833 = CARTESIAN_POINT('',(3.649236699979,23.907073853592));
#1834 = CARTESIAN_POINT('',(3.649866565142,23.812566413861));
#1835 = CARTESIAN_POINT('',(3.651163882382,23.721618345641));
#1836 = CARTESIAN_POINT('',(3.653110864141,23.639868527455));
#1837 = CARTESIAN_POINT('',(3.655633037769,23.572758609142));
#1838 = CARTESIAN_POINT('',(3.658603364034,23.524974665602));
#1839 = CARTESIAN_POINT('',(3.661856098496,23.5));
#1840 = CARTESIAN_POINT('',(3.66852675988,23.5));
#1841 = CARTESIAN_POINT('',(3.671779494342,23.524974665603));
#1842 = CARTESIAN_POINT('',(3.674749820607,23.572758609141));
#1843 = CARTESIAN_POINT('',(3.677271994235,23.639868527454));
#1844 = CARTESIAN_POINT('',(3.679218975994,23.72161834564));
#1845 = CARTESIAN_POINT('',(3.680516293234,23.812566413862));
#1846 = CARTESIAN_POINT('',(3.681146158397,23.907073853593));
#1847 = CARTESIAN_POINT('',(3.681146158397,24.));
#1848 = ( GEOMETRIC_REPRESENTATION_CONTEXT(2) 
PARAMETRIC_REPRESENTATION_CONTEXT() REPRESENTATION_CONTEXT('2D SPACE',''
  ) );
#1849 = PCURVE('',#1850,#1855);
#1850 = CYLINDRICAL_SURFACE('',#1851,0.5);
#1851 = AXIS2_PLACEMENT_3D('',#1852,#1853,#1854);
#1852 = CARTESIAN_POINT('',(173.29177654728,-760.42,-5.2165E+03));
#1853 = DIRECTION('',(-0.866025403784,-0.5,0.));
#1854 = DIRECTION('',(0.5,-0.866025403784,0.));
#1855 = DEFINITIONAL_REPRESENTATION('',(#1856),#1887);
#1856 = B_SPLINE_CURVE_WITH_KNOTS('',8,(#1857,#1858,#1859,#1860,#1861,
    #1862,#1863,#1864,#1865,#1866,#1867,#1868,#1869,#1870,#1871,#1872,
    #1873,#1874,#1875,#1876,#1877,#1878,#1879,#1880,#1881,#1882,#1883,
    #1884,#1885,#1886),.UNSPECIFIED.,.F.,.F.,(9,7,7,7,9),(0.,
    0.25000000001,0.500000000009,0.750000000002,1.),.UNSPECIFIED.);
#1857 = CARTESIAN_POINT('',(0.,0.496011233085));
#1858 = CARTESIAN_POINT('',(0.185852292813,0.496011233085));
#1859 = CARTESIAN_POINT('',(0.374867222657,0.496326213582));
#1860 = CARTESIAN_POINT('',(0.566545073816,0.496974593309));
#1861 = CARTESIAN_POINT('',(0.760791483594,0.497879284326));
#1862 = CARTESIAN_POINT('',(0.957760989584,0.498839444016));
#1863 = CARTESIAN_POINT('',(1.157855611897,0.499601506198));
#1864 = CARTESIAN_POINT('',(1.361737799001,0.5));
#1865 = CARTESIAN_POINT('',(1.77985485458,0.5));
#1866 = CARTESIAN_POINT('',(1.983737041695,0.499601506198));
#1867 = CARTESIAN_POINT('',(2.183831664003,0.498839444016));
#1868 = CARTESIAN_POINT('',(2.380801170011,0.497879284326));
#1869 = CARTESIAN_POINT('',(2.57504757977,0.496974593309));
#1870 = CARTESIAN_POINT('',(2.766725430933,0.496326213582));
#1871 = CARTESIAN_POINT('',(2.955740360771,0.496011233085));
#1872 = CARTESIAN_POINT('',(3.327444946406,0.496011233085));
#1873 = CARTESIAN_POINT('',(3.516459876248,0.496326213582));
#1874 = CARTESIAN_POINT('',(3.708137727406,0.496974593309));
#1875 = CARTESIAN_POINT('',(3.902384137177,0.497879284326));
#1876 = CARTESIAN_POINT('',(4.099353643174,0.498839444016));
#1877 = CARTESIAN_POINT('',(4.299448265486,0.499601506198));
#1878 = CARTESIAN_POINT('',(4.503330452596,0.5));
#1879 = CARTESIAN_POINT('',(4.921447508176,0.5));
#1880 = CARTESIAN_POINT('',(5.125329695286,0.499601506198));
#1881 = CARTESIAN_POINT('',(5.325424317588,0.498839444016));
#1882 = CARTESIAN_POINT('',(5.522393823595,0.497879284326));
#1883 = CARTESIAN_POINT('',(5.716640233358,0.496974593309));
#1884 = CARTESIAN_POINT('',(5.908318084525,0.496326213582));
#1885 = CARTESIAN_POINT('',(6.097333014365,0.496011233085));
#1886 = CARTESIAN_POINT('',(6.28318530718,0.496011233085));
#1887 = ( GEOMETRIC_REPRESENTATION_CONTEXT(2) 
PARAMETRIC_REPRESENTATION_CONTEXT() REPRESENTATION_CONTEXT('2D SPACE',''
  ) );
#1888 = FACE_BOUND('',#1889,.T.);
#1889 = EDGE_LOOP('',(#1890));
#1890 = ORIENTED_EDGE('',*,*,#1891,.F.);
#1891 = EDGE_CURVE('',#1892,#1892,#1894,.T.);
#1892 = VERTEX_POINT('',#1893);
#1893 = CARTESIAN_POINT('',(178.19564735234,-767.5114594288,-5.2165E+03)
  );
#1894 = SURFACE_CURVE('',#1895,(#1926,#1960),.PCURVE_S1.);
#1895 = B_SPLINE_CURVE_WITH_KNOTS('',8,(#1896,#1897,#1898,#1899,#1900,
    #1901,#1902,#1903,#1904,#1905,#1906,#1907,#1908,#1909,#1910,#1911,
    #1912,#1913,#1914,#1915,#1916,#1917,#1918,#1919,#1920,#1921,#1922,
    #1923,#1924,#1925),.UNSPECIFIED.,.T.,.F.,(9,7,7,7,9),(0.,
    0.249999999996,0.499999999991,0.749999999991,1.),.UNSPECIFIED.);
#1896 = CARTESIAN_POINT('',(178.19564735234,-767.5114594288,-5.2165E+03)
  );
#1897 = CARTESIAN_POINT('',(178.19564735234,-767.5114594288,
    -5.216407073854E+03));
#1898 = CARTESIAN_POINT('',(178.18146813877,-767.4977256649,
    -5.216312566414E+03));
#1899 = CARTESIAN_POINT('',(178.15226380554,-767.4694382791,
    -5.216221618346E+03));
#1900 = CARTESIAN_POINT('',(178.10848234674,-767.4269362466,
    -5.216139868527E+03));
#1901 = CARTESIAN_POINT('',(178.05191377959,-767.3717255503,
    -5.216072758609E+03));
#1902 = CARTESIAN_POINT('',(177.98555156144,-767.3064410508,
    -5.216024974666E+03));
#1903 = CARTESIAN_POINT('',(177.91318682894,-767.2346398737,-5.216E+03)
  );
#1904 = CARTESIAN_POINT('',(177.76536012628,-767.086813171,-5.216E+03));
#1905 = CARTESIAN_POINT('',(177.69355894912,-767.0144484385,
    -5.216024974666E+03));
#1906 = CARTESIAN_POINT('',(177.62827444964,-766.9480862203,
    -5.216072758609E+03));
#1907 = CARTESIAN_POINT('',(177.57306375335,-766.8915176532,
    -5.216139868527E+03));
#1908 = CARTESIAN_POINT('',(177.53056172085,-766.8477361944,
    -5.216221618346E+03));
#1909 = CARTESIAN_POINT('',(177.50227433502,-766.8185318612,
    -5.216312566414E+03));
#1910 = CARTESIAN_POINT('',(177.48854057115,-766.8043526476,
    -5.216407073854E+03));
#1911 = CARTESIAN_POINT('',(177.48854057115,-766.8043526476,
    -5.216592926146E+03));
#1912 = CARTESIAN_POINT('',(177.50227433502,-766.8185318612,
    -5.216687433586E+03));
#1913 = CARTESIAN_POINT('',(177.53056172085,-766.8477361944,
    -5.216778381654E+03));
#1914 = CARTESIAN_POINT('',(177.57306375335,-766.8915176532,
    -5.216860131473E+03));
#1915 = CARTESIAN_POINT('',(177.62827444963,-766.9480862203,
    -5.216927241391E+03));
#1916 = CARTESIAN_POINT('',(177.69355894912,-767.0144484385,
    -5.216975025334E+03));
#1917 = CARTESIAN_POINT('',(177.76536012628,-767.086813171,-5.217E+03));
#1918 = CARTESIAN_POINT('',(177.91318682894,-767.2346398737,-5.217E+03)
  );
#1919 = CARTESIAN_POINT('',(177.98555156144,-767.3064410508,
    -5.216975025334E+03));
#1920 = CARTESIAN_POINT('',(178.0519137796,-767.3717255503,
    -5.216927241391E+03));
#1921 = CARTESIAN_POINT('',(178.10848234673,-767.4269362466,
    -5.216860131473E+03));
#1922 = CARTESIAN_POINT('',(178.15226380554,-767.4694382791,
    -5.216778381654E+03));
#1923 = CARTESIAN_POINT('',(178.18146813877,-767.4977256649,
    -5.216687433586E+03));
#1924 = CARTESIAN_POINT('',(178.19564735234,-767.5114594288,
    -5.216592926146E+03));
#1925 = CARTESIAN_POINT('',(178.19564735234,-767.5114594288,-5.2165E+03)
  );
#1926 = PCURVE('',#51,#1927);
#1927 = DEFINITIONAL_REPRESENTATION('',(#1928),#1959);
#1928 = B_SPLINE_CURVE_WITH_KNOTS('',8,(#1929,#1930,#1931,#1932,#1933,
    #1934,#1935,#1936,#1937,#1938,#1939,#1940,#1941,#1942,#1943,#1944,
    #1945,#1946,#1947,#1948,#1949,#1950,#1951,#1952,#1953,#1954,#1955,
    #1956,#1957,#1958),.UNSPECIFIED.,.T.,.F.,(9,7,7,7,9),(0.,
    0.249999999996,0.499999999991,0.749999999991,1.),.UNSPECIFIED.);
#1929 = CARTESIAN_POINT('',(3.942945546196,24.));
#1930 = CARTESIAN_POINT('',(3.942945546196,24.092926146406));
#1931 = CARTESIAN_POINT('',(3.942315681033,24.187433586139));
#1932 = CARTESIAN_POINT('',(3.941018363793,24.27838165436));
#1933 = CARTESIAN_POINT('',(3.939071382034,24.360131472547));
#1934 = CARTESIAN_POINT('',(3.936549208406,24.427241390858));
#1935 = CARTESIAN_POINT('',(3.933578882142,24.475025334397));
#1936 = CARTESIAN_POINT('',(3.93032614768,24.5));
#1937 = CARTESIAN_POINT('',(3.923655486295,24.5));
#1938 = CARTESIAN_POINT('',(3.920402751833,24.475025334397));
#1939 = CARTESIAN_POINT('',(3.917432425568,24.427241390859));
#1940 = CARTESIAN_POINT('',(3.91491025194,24.360131472547));
#1941 = CARTESIAN_POINT('',(3.912963270181,24.27838165436));
#1942 = CARTESIAN_POINT('',(3.911665952942,24.187433586139));
#1943 = CARTESIAN_POINT('',(3.911036087778,24.092926146406));
#1944 = CARTESIAN_POINT('',(3.911036087778,23.907073853592));
#1945 = CARTESIAN_POINT('',(3.911665952942,23.812566413861));
#1946 = CARTESIAN_POINT('',(3.912963270181,23.72161834564));
#1947 = CARTESIAN_POINT('',(3.91491025194,23.639868527455));
#1948 = CARTESIAN_POINT('',(3.917432425568,23.572758609142));
#1949 = CARTESIAN_POINT('',(3.920402751833,23.524974665602));
#1950 = CARTESIAN_POINT('',(3.923655486295,23.5));
#1951 = CARTESIAN_POINT('',(3.93032614768,23.5));
#1952 = CARTESIAN_POINT('',(3.933578882142,23.524974665603));
#1953 = CARTESIAN_POINT('',(3.936549208406,23.572758609142));
#1954 = CARTESIAN_POINT('',(3.939071382034,23.639868527452));
#1955 = CARTESIAN_POINT('',(3.941018363793,23.721618345642));
#1956 = CARTESIAN_POINT('',(3.942315681033,23.81256641386));
#1957 = CARTESIAN_POINT('',(3.942945546196,23.907073853595));
#1958 = CARTESIAN_POINT('',(3.942945546196,24.));
#1959 = ( GEOMETRIC_REPRESENTATION_CONTEXT(2) 
PARAMETRIC_REPRESENTATION_CONTEXT() REPRESENTATION_CONTEXT('2D SPACE',''
  ) );
#1960 = PCURVE('',#1961,#1966);
#1961 = CYLINDRICAL_SURFACE('',#1962,0.5);
#1962 = AXIS2_PLACEMENT_3D('',#1963,#1964,#1965);
#1963 = CARTESIAN_POINT('',(178.1928268682,-766.8071731317,-5.2165E+03)
  );
#1964 = DIRECTION('',(-0.707106781187,-0.707106781187,0.));
#1965 = DIRECTION('',(0.707106781187,-0.707106781187,0.));
#1966 = DEFINITIONAL_REPRESENTATION('',(#1967),#1998);
#1967 = B_SPLINE_CURVE_WITH_KNOTS('',8,(#1968,#1969,#1970,#1971,#1972,
    #1973,#1974,#1975,#1976,#1977,#1978,#1979,#1980,#1981,#1982,#1983,
    #1984,#1985,#1986,#1987,#1988,#1989,#1990,#1991,#1992,#1993,#1994,
    #1995,#1996,#1997),.UNSPECIFIED.,.F.,.F.,(9,7,7,7,9),(0.,
    0.249999999996,0.499999999991,0.749999999991,1.),.UNSPECIFIED.);
#1968 = CARTESIAN_POINT('',(0.,0.496011233085));
#1969 = CARTESIAN_POINT('',(0.185852292813,0.496011233085));
#1970 = CARTESIAN_POINT('',(0.374867222657,0.496326213581));
#1971 = CARTESIAN_POINT('',(0.566545073817,0.496974593309));
#1972 = CARTESIAN_POINT('',(0.760791483591,0.497879284326));
#1973 = CARTESIAN_POINT('',(0.957760989587,0.498839444016));
#1974 = CARTESIAN_POINT('',(1.157855611896,0.499601506198));
#1975 = CARTESIAN_POINT('',(1.361737799001,0.5));
#1976 = CARTESIAN_POINT('',(1.779854854588,0.5));
#1977 = CARTESIAN_POINT('',(1.983737041694,0.499601506198));
#1978 = CARTESIAN_POINT('',(2.183831664003,0.498839444016));
#1979 = CARTESIAN_POINT('',(2.380801169999,0.497879284326));
#1980 = CARTESIAN_POINT('',(2.575047579773,0.496974593309));
#1981 = CARTESIAN_POINT('',(2.766725430932,0.496326213581));
#1982 = CARTESIAN_POINT('',(2.955740360777,0.496011233085));
#1983 = CARTESIAN_POINT('',(3.327444946406,0.496011233085));
#1984 = CARTESIAN_POINT('',(3.516459876248,0.496326213582));
#1985 = CARTESIAN_POINT('',(3.708137727407,0.496974593309));
#1986 = CARTESIAN_POINT('',(3.902384137175,0.497879284326));
#1987 = CARTESIAN_POINT('',(4.099353643177,0.498839444016));
#1988 = CARTESIAN_POINT('',(4.299448265485,0.499601506198));
#1989 = CARTESIAN_POINT('',(4.503330452596,0.5));
#1990 = CARTESIAN_POINT('',(4.92144750818,0.5));
#1991 = CARTESIAN_POINT('',(5.125329695278,0.499601506198));
#1992 = CARTESIAN_POINT('',(5.325424317603,0.498839444016));
#1993 = CARTESIAN_POINT('',(5.522393823577,0.497879284326));
#1994 = CARTESIAN_POINT('',(5.716640233371,0.496974593309));
#1995 = CARTESIAN_POINT('',(5.908318084518,0.496326213582));
#1996 = CARTESIAN_POINT('',(6.097333014369,0.496011233085));
#1997 = CARTESIAN_POINT('',(6.28318530718,0.496011233085));
#1998 = ( GEOMETRIC_REPRESENTATION_CONTEXT(2) 
PARAMETRIC_REPRESENTATION_CONTEXT() REPRESENTATION_CONTEXT('2D SPACE',''
  ) );
#1999 = FACE_BOUND('',#2000,.T.);
#2000 = EDGE_LOOP('',(#2001));
#2001 = ORIENTED_EDGE('',*,*,#2002,.F.);
#2002 = EDGE_CURVE('',#2003,#2003,#2005,.T.);
#2003 = VERTEX_POINT('',#2004);
#2004 = CARTESIAN_POINT('',(183.89898168156,-771.8877817811,-5.2165E+03)
  );
#2005 = SURFACE_CURVE('',#2006,(#2037,#2071),.PCURVE_S1.);
#2006 = B_SPLINE_CURVE_WITH_KNOTS('',8,(#2007,#2008,#2009,#2010,#2011,
    #2012,#2013,#2014,#2015,#2016,#2017,#2018,#2019,#2020,#2021,#2022,
    #2023,#2024,#2025,#2026,#2027,#2028,#2029,#2030,#2031,#2032,#2033,
    #2034,#2035,#2036),.UNSPECIFIED.,.T.,.F.,(9,7,7,7,9),(0.,
    0.250000000004,0.500000000005,0.750000000005,1.),.UNSPECIFIED.);
#2007 = CARTESIAN_POINT('',(183.89898168156,-771.8877817811,-5.2165E+03)
  );
#2008 = CARTESIAN_POINT('',(183.89898168156,-771.8877817811,
    -5.216592926146E+03));
#2009 = CARTESIAN_POINT('',(183.91591732929,-771.89792329,
    -5.216687433586E+03));
#2010 = CARTESIAN_POINT('',(183.95079948346,-771.9188111955,
    -5.216778381654E+03));
#2011 = CARTESIAN_POINT('',(184.00318476968,-771.9501005018,
    -5.216860131473E+03));
#2012 = CARTESIAN_POINT('',(184.07115522964,-771.9904519621,
    -5.216927241391E+03));
#2013 = CARTESIAN_POINT('',(184.15139101968,-772.0376560707,
    -5.216975025334E+03));
#2014 = CARTESIAN_POINT('',(184.23947500202,-772.0889715226,-5.217E+03)
  );
#2015 = CARTESIAN_POINT('',(184.42052499797,-772.1935007865,-5.217E+03)
  );
#2016 = CARTESIAN_POINT('',(184.50900747411,-772.2441260269,
    -5.216975025334E+03));
#2017 = CARTESIAN_POINT('',(184.59000532633,-772.2900102051,
    -5.216927241391E+03));
#2018 = CARTESIAN_POINT('',(184.65893594598,-772.32869862,
    -5.216860131473E+03));
#2019 = CARTESIAN_POINT('',(184.71222592322,-772.3584209555,
    -5.216778381654E+03));
#2020 = CARTESIAN_POINT('',(184.74775645712,-772.3781858344,
    -5.216687433586E+03));
#2021 = CARTESIAN_POINT('',(184.76500708535,-772.3877817811,
    -5.216592926146E+03));
#2022 = CARTESIAN_POINT('',(184.76500708535,-772.3877817811,
    -5.216407073854E+03));
#2023 = CARTESIAN_POINT('',(184.74775645712,-772.3781858344,
    -5.216312566414E+03));
#2024 = CARTESIAN_POINT('',(184.71222592322,-772.3584209555,
    -5.216221618346E+03));
#2025 = CARTESIAN_POINT('',(184.65893594598,-772.32869862,
    -5.216139868527E+03));
#2026 = CARTESIAN_POINT('',(184.59000532633,-772.2900102051,
    -5.216072758609E+03));
#2027 = CARTESIAN_POINT('',(184.50900747411,-772.2441260269,
    -5.216024974666E+03));
#2028 = CARTESIAN_POINT('',(184.42052499797,-772.1935007865,-5.216E+03)
  );
#2029 = CARTESIAN_POINT('',(184.23947500203,-772.0889715226,-5.216E+03)
  );
#2030 = CARTESIAN_POINT('',(184.15139101968,-772.0376560707,
    -5.216024974666E+03));
#2031 = CARTESIAN_POINT('',(184.07115522964,-771.9904519621,
    -5.216072758609E+03));
#2032 = CARTESIAN_POINT('',(184.00318476969,-771.9501005018,
    -5.216139868527E+03));
#2033 = CARTESIAN_POINT('',(183.95079948346,-771.9188111955,
    -5.216221618346E+03));
#2034 = CARTESIAN_POINT('',(183.91591732929,-771.89792329,
    -5.216312566414E+03));
#2035 = CARTESIAN_POINT('',(183.89898168156,-771.8877817811,
    -5.216407073854E+03));
#2036 = CARTESIAN_POINT('',(183.89898168156,-771.8877817811,-5.2165E+03)
  );
#2037 = PCURVE('',#51,#2038);
#2038 = DEFINITIONAL_REPRESENTATION('',(#2039),#2070);
#2039 = B_SPLINE_CURVE_WITH_KNOTS('',8,(#2040,#2041,#2042,#2043,#2044,
    #2045,#2046,#2047,#2048,#2049,#2050,#2051,#2052,#2053,#2054,#2055,
    #2056,#2057,#2058,#2059,#2060,#2061,#2062,#2063,#2064,#2065,#2066,
    #2067,#2068,#2069),.UNSPECIFIED.,.T.,.F.,(9,7,7,7,9),(0.,
    0.250000000004,0.500000000005,0.750000000005,1.),.UNSPECIFIED.);
#2040 = CARTESIAN_POINT('',(4.172835475577,24.));
#2041 = CARTESIAN_POINT('',(4.172835475577,23.907073853592));
#2042 = CARTESIAN_POINT('',(4.173465340741,23.81256641386));
#2043 = CARTESIAN_POINT('',(4.17476265798,23.721618345641));
#2044 = CARTESIAN_POINT('',(4.17670963974,23.639868527455));
#2045 = CARTESIAN_POINT('',(4.179231813367,23.572758609142));
#2046 = CARTESIAN_POINT('',(4.182202139632,23.524974665602));
#2047 = CARTESIAN_POINT('',(4.185454874094,23.5));
#2048 = CARTESIAN_POINT('',(4.192125535479,23.5));
#2049 = CARTESIAN_POINT('',(4.195378269941,23.524974665602));
#2050 = CARTESIAN_POINT('',(4.198348596205,23.572758609142));
#2051 = CARTESIAN_POINT('',(4.200870769833,23.639868527456));
#2052 = CARTESIAN_POINT('',(4.202817751593,23.721618345641));
#2053 = CARTESIAN_POINT('',(4.204115068832,23.81256641386));
#2054 = CARTESIAN_POINT('',(4.204744933995,23.907073853591));
#2055 = CARTESIAN_POINT('',(4.204744933995,24.092926146408));
#2056 = CARTESIAN_POINT('',(4.204115068832,24.18743358614));
#2057 = CARTESIAN_POINT('',(4.202817751593,24.278381654358));
#2058 = CARTESIAN_POINT('',(4.200870769833,24.360131472546));
#2059 = CARTESIAN_POINT('',(4.198348596205,24.427241390857));
#2060 = CARTESIAN_POINT('',(4.195378269941,24.475025334398));
#2061 = CARTESIAN_POINT('',(4.192125535479,24.5));
#2062 = CARTESIAN_POINT('',(4.185454874094,24.5));
#2063 = CARTESIAN_POINT('',(4.182202139632,24.4750253344));
#2064 = CARTESIAN_POINT('',(4.179231813367,24.427241390856));
#2065 = CARTESIAN_POINT('',(4.17670963974,24.360131472546));
#2066 = CARTESIAN_POINT('',(4.17476265798,24.278381654355));
#2067 = CARTESIAN_POINT('',(4.173465340741,24.187433586142));
#2068 = CARTESIAN_POINT('',(4.172835475577,24.09292614641));
#2069 = CARTESIAN_POINT('',(4.172835475577,24.));
#2070 = ( GEOMETRIC_REPRESENTATION_CONTEXT(2) 
PARAMETRIC_REPRESENTATION_CONTEXT() REPRESENTATION_CONTEXT('2D SPACE',''
  ) );
#2071 = PCURVE('',#2072,#2077);
#2072 = CYLINDRICAL_SURFACE('',#2073,0.5);
#2073 = AXIS2_PLACEMENT_3D('',#2074,#2075,#2076);
#2074 = CARTESIAN_POINT('',(184.58,-771.7082234527,-5.2165E+03));
#2075 = DIRECTION('',(-0.5,-0.866025403784,0.));
#2076 = DIRECTION('',(-0.866025403784,0.5,0.));
#2077 = DEFINITIONAL_REPRESENTATION('',(#2078),#2109);
#2078 = B_SPLINE_CURVE_WITH_KNOTS('',8,(#2079,#2080,#2081,#2082,#2083,
    #2084,#2085,#2086,#2087,#2088,#2089,#2090,#2091,#2092,#2093,#2094,
    #2095,#2096,#2097,#2098,#2099,#2100,#2101,#2102,#2103,#2104,#2105,
    #2106,#2107,#2108),.UNSPECIFIED.,.F.,.F.,(9,7,7,7,9),(0.,
    0.250000000004,0.500000000005,0.750000000005,1.),.UNSPECIFIED.);
#2079 = CARTESIAN_POINT('',(0.,0.496011233085));
#2080 = CARTESIAN_POINT('',(0.185852292816,0.496011233085));
#2081 = CARTESIAN_POINT('',(0.37486722266,0.496326213582));
#2082 = CARTESIAN_POINT('',(0.566545073814,0.496974593309));
#2083 = CARTESIAN_POINT('',(0.760791483589,0.497879284326));
#2084 = CARTESIAN_POINT('',(0.957760989582,0.498839444016));
#2085 = CARTESIAN_POINT('',(1.157855611898,0.499601506198));
#2086 = CARTESIAN_POINT('',(1.361737799007,0.5));
#2087 = CARTESIAN_POINT('',(1.779854854582,0.5));
#2088 = CARTESIAN_POINT('',(1.983737041693,0.499601506198));
#2089 = CARTESIAN_POINT('',(2.183831664006,0.498839444016));
#2090 = CARTESIAN_POINT('',(2.380801170004,0.497879284326));
#2091 = CARTESIAN_POINT('',(2.575047579774,0.496974593309));
#2092 = CARTESIAN_POINT('',(2.76672543093,0.496326213582));
#2093 = CARTESIAN_POINT('',(2.955740360773,0.496011233085));
#2094 = CARTESIAN_POINT('',(3.327444946406,0.496011233085));
#2095 = CARTESIAN_POINT('',(3.51645987625,0.496326213581));
#2096 = CARTESIAN_POINT('',(3.708137727403,0.496974593309));
#2097 = CARTESIAN_POINT('',(3.90238413718,0.497879284326));
#2098 = CARTESIAN_POINT('',(4.099353643171,0.498839444016));
#2099 = CARTESIAN_POINT('',(4.299448265487,0.499601506198));
#2100 = CARTESIAN_POINT('',(4.503330452597,0.5));
#2101 = CARTESIAN_POINT('',(4.921447508169,0.5));
#2102 = CARTESIAN_POINT('',(5.125329695277,0.499601506198));
#2103 = CARTESIAN_POINT('',(5.325424317609,0.498839444016));
#2104 = CARTESIAN_POINT('',(5.522393823582,0.497879284326));
#2105 = CARTESIAN_POINT('',(5.716640233376,0.496974593309));
#2106 = CARTESIAN_POINT('',(5.908318084515,0.496326213582));
#2107 = CARTESIAN_POINT('',(6.097333014361,0.496011233085));
#2108 = CARTESIAN_POINT('',(6.28318530718,0.496011233085));
#2109 = ( GEOMETRIC_REPRESENTATION_CONTEXT(2) 
PARAMETRIC_REPRESENTATION_CONTEXT() REPRESENTATION_CONTEXT('2D SPACE',''
  ) );
#2110 = FACE_BOUND('',#2111,.T.);
#2111 = EDGE_LOOP('',(#2112));
#2112 = ORIENTED_EDGE('',*,*,#2113,.F.);
#2113 = EDGE_CURVE('',#2114,#2114,#2116,.T.);
#2114 = VERTEX_POINT('',#2115);
#2115 = CARTESIAN_POINT('',(191.40668058218,-775.1388530203,-5.2165E+03)
  );
#2116 = SURFACE_CURVE('',#2117,(#2148,#2182),.PCURVE_S1.);
#2117 = B_SPLINE_CURVE_WITH_KNOTS('',8,(#2118,#2119,#2120,#2121,#2122,
    #2123,#2124,#2125,#2126,#2127,#2128,#2129,#2130,#2131,#2132,#2133,
    #2134,#2135,#2136,#2137,#2138,#2139,#2140,#2141,#2142,#2143,#2144,
    #2145,#2146,#2147),.UNSPECIFIED.,.T.,.F.,(9,7,7,7,9),(0.,
    0.249999999994,0.499999999987,0.749999999987,1.),.UNSPECIFIED.);
#2118 = CARTESIAN_POINT('',(191.40668058218,-775.1388530203,-5.2165E+03)
  );
#2119 = CARTESIAN_POINT('',(191.40668058218,-775.1388530203,
    -5.216592926146E+03));
#2120 = CARTESIAN_POINT('',(191.42566397737,-775.1442656975,
    -5.216687433586E+03));
#2121 = CARTESIAN_POINT('',(191.46476373871,-775.1554136991,
    -5.216778381654E+03));
#2122 = CARTESIAN_POINT('',(191.52346230798,-775.1720785384,
    -5.216860131473E+03));
#2123 = CARTESIAN_POINT('',(191.59956045709,-775.1934630064,
    -5.216927241391E+03));
#2124 = CARTESIAN_POINT('',(191.68927960119,-775.2182921235,
    -5.216975025334E+03));
#2125 = CARTESIAN_POINT('',(191.78764361088,-775.2450612316,-5.217E+03)
  );
#2126 = CARTESIAN_POINT('',(191.98957864208,-775.2991695601,-5.217E+03)
  );
#2127 = CARTESIAN_POINT('',(192.08814892734,-775.3251688373,
    -5.216975025334E+03));
#2128 = CARTESIAN_POINT('',(192.17826254386,-775.3485257633,
    -5.216927241391E+03));
#2129 = CARTESIAN_POINT('',(192.2548577082,-775.3680553452,
    -5.216860131473E+03));
#2130 = CARTESIAN_POINT('',(192.31402457999,-775.3829724557,
    -5.216778381654E+03));
#2131 = CARTESIAN_POINT('',(192.35345996738,-775.3928678838,
    -5.216687433586E+03));
#2132 = CARTESIAN_POINT('',(192.37260640847,-775.3976720654,
    -5.216592926146E+03));
#2133 = CARTESIAN_POINT('',(192.37260640847,-775.3976720654,
    -5.216407073854E+03));
#2134 = CARTESIAN_POINT('',(192.35345996738,-775.3928678838,
    -5.216312566414E+03));
#2135 = CARTESIAN_POINT('',(192.31402457999,-775.3829724557,
    -5.216221618346E+03));
#2136 = CARTESIAN_POINT('',(192.2548577082,-775.3680553452,
    -5.216139868527E+03));
#2137 = CARTESIAN_POINT('',(192.17826254386,-775.3485257633,
    -5.216072758609E+03));
#2138 = CARTESIAN_POINT('',(192.08814892734,-775.3251688373,
    -5.216024974666E+03));
#2139 = CARTESIAN_POINT('',(191.98957864208,-775.2991695601,-5.216E+03)
  );
#2140 = CARTESIAN_POINT('',(191.78764361088,-775.2450612316,-5.216E+03)
  );
#2141 = CARTESIAN_POINT('',(191.68927960119,-775.2182921235,
    -5.216024974666E+03));
#2142 = CARTESIAN_POINT('',(191.59956045709,-775.1934630064,
    -5.216072758609E+03));
#2143 = CARTESIAN_POINT('',(191.52346230798,-775.1720785384,
    -5.216139868527E+03));
#2144 = CARTESIAN_POINT('',(191.46476373871,-775.1554136991,
    -5.216221618346E+03));
#2145 = CARTESIAN_POINT('',(191.42566397737,-775.1442656975,
    -5.216312566414E+03));
#2146 = CARTESIAN_POINT('',(191.40668058218,-775.1388530203,
    -5.216407073854E+03));
#2147 = CARTESIAN_POINT('',(191.40668058218,-775.1388530203,-5.2165E+03)
  );
#2148 = PCURVE('',#51,#2149);
#2149 = DEFINITIONAL_REPRESENTATION('',(#2150),#2181);
#2150 = B_SPLINE_CURVE_WITH_KNOTS('',8,(#2151,#2152,#2153,#2154,#2155,
    #2156,#2157,#2158,#2159,#2160,#2161,#2162,#2163,#2164,#2165,#2166,
    #2167,#2168,#2169,#2170,#2171,#2172,#2173,#2174,#2175,#2176,#2177,
    #2178,#2179,#2180),.UNSPECIFIED.,.T.,.F.,(9,7,7,7,9),(0.,
    0.249999999994,0.499999999987,0.749999999987,1.),.UNSPECIFIED.);
#2151 = CARTESIAN_POINT('',(4.434634863376,24.));
#2152 = CARTESIAN_POINT('',(4.434634863376,23.907073853593));
#2153 = CARTESIAN_POINT('',(4.43526472854,23.812566413861));
#2154 = CARTESIAN_POINT('',(4.436562045779,23.72161834564));
#2155 = CARTESIAN_POINT('',(4.438509027539,23.639868527454));
#2156 = CARTESIAN_POINT('',(4.441031201167,23.572758609141));
#2157 = CARTESIAN_POINT('',(4.444001527431,23.524974665603));
#2158 = CARTESIAN_POINT('',(4.447254261893,23.5));
#2159 = CARTESIAN_POINT('',(4.453924923278,23.5));
#2160 = CARTESIAN_POINT('',(4.45717765774,23.524974665602));
#2161 = CARTESIAN_POINT('',(4.460147984005,23.572758609141));
#2162 = CARTESIAN_POINT('',(4.462670157632,23.639868527455));
#2163 = CARTESIAN_POINT('',(4.464617139392,23.721618345641));
#2164 = CARTESIAN_POINT('',(4.465914456631,23.812566413861));
#2165 = CARTESIAN_POINT('',(4.466544321795,23.907073853593));
#2166 = CARTESIAN_POINT('',(4.466544321795,24.09292614641));
#2167 = CARTESIAN_POINT('',(4.465914456631,24.18743358614));
#2168 = CARTESIAN_POINT('',(4.464617139392,24.278381654359));
#2169 = CARTESIAN_POINT('',(4.462670157632,24.360131472542));
#2170 = CARTESIAN_POINT('',(4.460147984005,24.427241390859));
#2171 = CARTESIAN_POINT('',(4.45717765774,24.475025334399));
#2172 = CARTESIAN_POINT('',(4.453924923278,24.5));
#2173 = CARTESIAN_POINT('',(4.447254261893,24.5));
#2174 = CARTESIAN_POINT('',(4.444001527431,24.475025334397));
#2175 = CARTESIAN_POINT('',(4.441031201167,24.427241390858));
#2176 = CARTESIAN_POINT('',(4.438509027539,24.360131472549));
#2177 = CARTESIAN_POINT('',(4.436562045779,24.278381654359));
#2178 = CARTESIAN_POINT('',(4.43526472854,24.187433586139));
#2179 = CARTESIAN_POINT('',(4.434634863376,24.092926146406));
#2180 = CARTESIAN_POINT('',(4.434634863376,24.));
#2181 = ( GEOMETRIC_REPRESENTATION_CONTEXT(2) 
PARAMETRIC_REPRESENTATION_CONTEXT() REPRESENTATION_CONTEXT('2D SPACE',''
  ) );
#2182 = PCURVE('',#2183,#2188);
#2183 = CYLINDRICAL_SURFACE('',#2184,0.5);
#2184 = AXIS2_PLACEMENT_3D('',#2185,#2186,#2187);
#2185 = CARTESIAN_POINT('',(192.01802064903,-774.7891524827,-5.2165E+03)
  );
#2186 = DIRECTION('',(-0.258819045103,-0.965925826289,0.));
#2187 = DIRECTION('',(-0.965925826289,0.258819045103,0.));
#2188 = DEFINITIONAL_REPRESENTATION('',(#2189),#2220);
#2189 = B_SPLINE_CURVE_WITH_KNOTS('',8,(#2190,#2191,#2192,#2193,#2194,
    #2195,#2196,#2197,#2198,#2199,#2200,#2201,#2202,#2203,#2204,#2205,
    #2206,#2207,#2208,#2209,#2210,#2211,#2212,#2213,#2214,#2215,#2216,
    #2217,#2218,#2219),.UNSPECIFIED.,.F.,.F.,(9,7,7,7,9),(0.,
    0.249999999994,0.499999999987,0.749999999987,1.),.UNSPECIFIED.);
#2190 = CARTESIAN_POINT('',(0.,0.496011233085));
#2191 = CARTESIAN_POINT('',(0.185852292814,0.496011233085));
#2192 = CARTESIAN_POINT('',(0.374867222657,0.496326213582));
#2193 = CARTESIAN_POINT('',(0.566545073818,0.496974593309));
#2194 = CARTESIAN_POINT('',(0.760791483588,0.497879284326));
#2195 = CARTESIAN_POINT('',(0.957760989587,0.498839444016));
#2196 = CARTESIAN_POINT('',(1.157855611896,0.499601506198));
#2197 = CARTESIAN_POINT('',(1.361737799003,0.5));
#2198 = CARTESIAN_POINT('',(1.779854854586,0.5));
#2199 = CARTESIAN_POINT('',(1.983737041692,0.499601506198));
#2200 = CARTESIAN_POINT('',(2.183831664006,0.498839444016));
#2201 = CARTESIAN_POINT('',(2.380801170001,0.497879284326));
#2202 = CARTESIAN_POINT('',(2.575047579774,0.496974593309));
#2203 = CARTESIAN_POINT('',(2.766725430931,0.496326213582));
#2204 = CARTESIAN_POINT('',(2.955740360776,0.496011233085));
#2205 = CARTESIAN_POINT('',(3.327444946409,0.496011233085));
#2206 = CARTESIAN_POINT('',(3.516459876249,0.496326213582));
#2207 = CARTESIAN_POINT('',(3.708137727408,0.496974593309));
#2208 = CARTESIAN_POINT('',(3.902384137168,0.497879284326));
#2209 = CARTESIAN_POINT('',(4.099353643175,0.498839444016));
#2210 = CARTESIAN_POINT('',(4.299448265487,0.499601506198));
#2211 = CARTESIAN_POINT('',(4.503330452601,0.5));
#2212 = CARTESIAN_POINT('',(4.921447508179,0.5));
#2213 = CARTESIAN_POINT('',(5.125329695284,0.499601506198));
#2214 = CARTESIAN_POINT('',(5.325424317592,0.498839444016));
#2215 = CARTESIAN_POINT('',(5.522393823587,0.497879284326));
#2216 = CARTESIAN_POINT('',(5.716640233363,0.496974593309));
#2217 = CARTESIAN_POINT('',(5.908318084522,0.496326213582));
#2218 = CARTESIAN_POINT('',(6.097333014368,0.496011233085));
#2219 = CARTESIAN_POINT('',(6.28318530718,0.496011233085));
#2220 = ( GEOMETRIC_REPRESENTATION_CONTEXT(2) 
PARAMETRIC_REPRESENTATION_CONTEXT() REPRESENTATION_CONTEXT('2D SPACE',''
  ) );
#2221 = FACE_BOUND('',#2222,.T.);
#2222 = EDGE_LOOP('',(#2223));
#2223 = ORIENTED_EDGE('',*,*,#2224,.F.);
#2224 = EDGE_CURVE('',#2225,#2225,#2227,.T.);
#2225 = VERTEX_POINT('',#2226);
#2226 = CARTESIAN_POINT('',(207.62739359152,-775.3976720654,-5.2165E+03)
  );
#2227 = SURFACE_CURVE('',#2228,(#2259,#2293),.PCURVE_S1.);
#2228 = B_SPLINE_CURVE_WITH_KNOTS('',8,(#2229,#2230,#2231,#2232,#2233,
    #2234,#2235,#2236,#2237,#2238,#2239,#2240,#2241,#2242,#2243,#2244,
    #2245,#2246,#2247,#2248,#2249,#2250,#2251,#2252,#2253,#2254,#2255,
    #2256,#2257,#2258),.UNSPECIFIED.,.T.,.F.,(9,7,7,7,9),(0.,
    0.250000000007,0.500000000017,0.75000000001,1.),.UNSPECIFIED.);
#2229 = CARTESIAN_POINT('',(207.62739359152,-775.3976720654,-5.2165E+03)
  );
#2230 = CARTESIAN_POINT('',(207.62739359152,-775.3976720654,
    -5.216592926146E+03));
#2231 = CARTESIAN_POINT('',(207.64654003261,-775.3928678838,
    -5.216687433586E+03));
#2232 = CARTESIAN_POINT('',(207.68597542,-775.3829724557,
    -5.216778381654E+03));
#2233 = CARTESIAN_POINT('',(207.74514229179,-775.3680553452,
    -5.216860131473E+03));
#2234 = CARTESIAN_POINT('',(207.82173745613,-775.3485257633,
    -5.216927241391E+03));
#2235 = CARTESIAN_POINT('',(207.91185107265,-775.3251688373,
    -5.216975025334E+03));
#2236 = CARTESIAN_POINT('',(208.01042135792,-775.2991695601,-5.217E+03)
  );
#2237 = CARTESIAN_POINT('',(208.2123563891,-775.2450612316,-5.217E+03));
#2238 = CARTESIAN_POINT('',(208.3107203988,-775.2182921235,
    -5.216975025334E+03));
#2239 = CARTESIAN_POINT('',(208.40043954291,-775.1934630064,
    -5.216927241391E+03));
#2240 = CARTESIAN_POINT('',(208.47653769202,-775.1720785384,
    -5.216860131473E+03));
#2241 = CARTESIAN_POINT('',(208.53523626128,-775.1554136991,
    -5.216778381654E+03));
#2242 = CARTESIAN_POINT('',(208.57433602262,-775.1442656975,
    -5.216687433586E+03));
#2243 = CARTESIAN_POINT('',(208.59331941781,-775.1388530203,
    -5.216592926146E+03));
#2244 = CARTESIAN_POINT('',(208.59331941781,-775.1388530203,
    -5.216407073854E+03));
#2245 = CARTESIAN_POINT('',(208.57433602262,-775.1442656975,
    -5.216312566414E+03));
#2246 = CARTESIAN_POINT('',(208.53523626128,-775.1554136991,
    -5.216221618346E+03));
#2247 = CARTESIAN_POINT('',(208.47653769201,-775.1720785384,
    -5.216139868527E+03));
#2248 = CARTESIAN_POINT('',(208.4004395429,-775.1934630064,
    -5.216072758609E+03));
#2249 = CARTESIAN_POINT('',(208.3107203988,-775.2182921235,
    -5.216024974666E+03));
#2250 = CARTESIAN_POINT('',(208.21235638911,-775.2450612316,-5.216E+03)
  );
#2251 = CARTESIAN_POINT('',(208.01042135791,-775.2991695601,-5.216E+03)
  );
#2252 = CARTESIAN_POINT('',(207.91185107265,-775.3251688373,
    -5.216024974666E+03));
#2253 = CARTESIAN_POINT('',(207.82173745613,-775.3485257633,
    -5.216072758609E+03));
#2254 = CARTESIAN_POINT('',(207.74514229179,-775.3680553452,
    -5.216139868527E+03));
#2255 = CARTESIAN_POINT('',(207.68597542,-775.3829724557,
    -5.216221618346E+03));
#2256 = CARTESIAN_POINT('',(207.64654003261,-775.3928678838,
    -5.216312566414E+03));
#2257 = CARTESIAN_POINT('',(207.62739359152,-775.3976720654,
    -5.216407073854E+03));
#2258 = CARTESIAN_POINT('',(207.62739359152,-775.3976720654,-5.2165E+03)
  );
#2259 = PCURVE('',#51,#2260);
#2260 = DEFINITIONAL_REPRESENTATION('',(#2261),#2292);
#2261 = B_SPLINE_CURVE_WITH_KNOTS('',8,(#2262,#2263,#2264,#2265,#2266,
    #2267,#2268,#2269,#2270,#2271,#2272,#2273,#2274,#2275,#2276,#2277,
    #2278,#2279,#2280,#2281,#2282,#2283,#2284,#2285,#2286,#2287,#2288,
    #2289,#2290,#2291),.UNSPECIFIED.,.T.,.F.,(9,7,7,7,9),(0.,
    0.250000000007,0.500000000017,0.75000000001,1.),.UNSPECIFIED.);
#2262 = CARTESIAN_POINT('',(4.958233638975,24.));
#2263 = CARTESIAN_POINT('',(4.958233638975,23.907073853587));
#2264 = CARTESIAN_POINT('',(4.958863504138,23.812566413859));
#2265 = CARTESIAN_POINT('',(4.960160821378,23.721618345643));
#2266 = CARTESIAN_POINT('',(4.962107803137,23.639868527461));
#2267 = CARTESIAN_POINT('',(4.964629976765,23.572758609142));
#2268 = CARTESIAN_POINT('',(4.96760030303,23.524974665599));
#2269 = CARTESIAN_POINT('',(4.970853037492,23.5));
#2270 = CARTESIAN_POINT('',(4.977523698876,23.5));
#2271 = CARTESIAN_POINT('',(4.980776433338,23.5249746656));
#2272 = CARTESIAN_POINT('',(4.983746759603,23.572758609141));
#2273 = CARTESIAN_POINT('',(4.986268933231,23.63986852746));
#2274 = CARTESIAN_POINT('',(4.98821591499,23.721618345641));
#2275 = CARTESIAN_POINT('',(4.989513232229,23.81256641386));
#2276 = CARTESIAN_POINT('',(4.990143097393,23.907073853588));
#2277 = CARTESIAN_POINT('',(4.990143097393,24.092926146406));
#2278 = CARTESIAN_POINT('',(4.989513232229,24.187433586139));
#2279 = CARTESIAN_POINT('',(4.98821591499,24.27838165436));
#2280 = CARTESIAN_POINT('',(4.986268933231,24.360131472546));
#2281 = CARTESIAN_POINT('',(4.983746759603,24.427241390859));
#2282 = CARTESIAN_POINT('',(4.980776433338,24.475025334397));
#2283 = CARTESIAN_POINT('',(4.977523698876,24.5));
#2284 = CARTESIAN_POINT('',(4.970853037492,24.5));
#2285 = CARTESIAN_POINT('',(4.967600303029,24.475025334397));
#2286 = CARTESIAN_POINT('',(4.964629976765,24.42724139086));
#2287 = CARTESIAN_POINT('',(4.962107803137,24.360131472543));
#2288 = CARTESIAN_POINT('',(4.960160821378,24.278381654362));
#2289 = CARTESIAN_POINT('',(4.958863504138,24.187433586138));
#2290 = CARTESIAN_POINT('',(4.958233638975,24.092926146407));
#2291 = CARTESIAN_POINT('',(4.958233638975,24.));
#2292 = ( GEOMETRIC_REPRESENTATION_CONTEXT(2) 
PARAMETRIC_REPRESENTATION_CONTEXT() REPRESENTATION_CONTEXT('2D SPACE',''
  ) );
#2293 = PCURVE('',#2294,#2299);
#2294 = CYLINDRICAL_SURFACE('',#2295,0.5);
#2295 = AXIS2_PLACEMENT_3D('',#2296,#2297,#2298);
#2296 = CARTESIAN_POINT('',(207.98197935096,-774.7891524827,-5.2165E+03)
  );
#2297 = DIRECTION('',(0.258819045103,-0.965925826289,0.));
#2298 = DIRECTION('',(-0.965925826289,-0.258819045103,0.));
#2299 = DEFINITIONAL_REPRESENTATION('',(#2300),#2331);
#2300 = B_SPLINE_CURVE_WITH_KNOTS('',8,(#2301,#2302,#2303,#2304,#2305,
    #2306,#2307,#2308,#2309,#2310,#2311,#2312,#2313,#2314,#2315,#2316,
    #2317,#2318,#2319,#2320,#2321,#2322,#2323,#2324,#2325,#2326,#2327,
    #2328,#2329,#2330),.UNSPECIFIED.,.F.,.F.,(9,7,7,7,9),(0.,
    0.250000000007,0.500000000017,0.75000000001,1.),.UNSPECIFIED.);
#2301 = CARTESIAN_POINT('',(0.,0.496011233085));
#2302 = CARTESIAN_POINT('',(0.185852292826,0.496011233085));
#2303 = CARTESIAN_POINT('',(0.374867222662,0.496326213582));
#2304 = CARTESIAN_POINT('',(0.566545073812,0.496974593309));
#2305 = CARTESIAN_POINT('',(0.760791483577,0.497879284326));
#2306 = CARTESIAN_POINT('',(0.957760989575,0.498839444016));
#2307 = CARTESIAN_POINT('',(1.157855611902,0.499601506198));
#2308 = CARTESIAN_POINT('',(1.361737799019,0.5));
#2309 = CARTESIAN_POINT('',(1.779854854573,0.5));
#2310 = CARTESIAN_POINT('',(1.983737041691,0.499601506198));
#2311 = CARTESIAN_POINT('',(2.183831664009,0.498839444016));
#2312 = CARTESIAN_POINT('',(2.380801170014,0.497879284326));
#2313 = CARTESIAN_POINT('',(2.575047579773,0.496974593309));
#2314 = CARTESIAN_POINT('',(2.766725430931,0.496326213582));
#2315 = CARTESIAN_POINT('',(2.955740360766,0.496011233085));
#2316 = CARTESIAN_POINT('',(3.327444946402,0.496011233085));
#2317 = CARTESIAN_POINT('',(3.516459876248,0.496326213582));
#2318 = CARTESIAN_POINT('',(3.708137727407,0.496974593309));
#2319 = CARTESIAN_POINT('',(3.90238413718,0.497879284326));
#2320 = CARTESIAN_POINT('',(4.099353643176,0.498839444016));
#2321 = CARTESIAN_POINT('',(4.299448265488,0.499601506198));
#2322 = CARTESIAN_POINT('',(4.50333045259,0.5));
#2323 = CARTESIAN_POINT('',(4.921447508176,0.5));
#2324 = CARTESIAN_POINT('',(5.125329695283,0.499601506198));
#2325 = CARTESIAN_POINT('',(5.325424317592,0.498839444016));
#2326 = CARTESIAN_POINT('',(5.522393823596,0.497879284326));
#2327 = CARTESIAN_POINT('',(5.716640233358,0.496974593309));
#2328 = CARTESIAN_POINT('',(5.908318084524,0.496326213582));
#2329 = CARTESIAN_POINT('',(6.097333014365,0.496011233085));
#2330 = CARTESIAN_POINT('',(6.28318530718,0.496011233085));
#2331 = ( GEOMETRIC_REPRESENTATION_CONTEXT(2) 
PARAMETRIC_REPRESENTATION_CONTEXT() REPRESENTATION_CONTEXT('2D SPACE',''
  ) );
#2332 = FACE_BOUND('',#2333,.T.);
#2333 = EDGE_LOOP('',(#2334));
#2334 = ORIENTED_EDGE('',*,*,#2335,.F.);
#2335 = EDGE_CURVE('',#2336,#2336,#2338,.T.);
#2336 = VERTEX_POINT('',#2337);
#2337 = CARTESIAN_POINT('',(199.5,-776.336011233,-5.2165E+03));
#2338 = SURFACE_CURVE('',#2339,(#2370,#2404),.PCURVE_S1.);
#2339 = B_SPLINE_CURVE_WITH_KNOTS('',8,(#2340,#2341,#2342,#2343,#2344,
    #2345,#2346,#2347,#2348,#2349,#2350,#2351,#2352,#2353,#2354,#2355,
    #2356,#2357,#2358,#2359,#2360,#2361,#2362,#2363,#2364,#2365,#2366,
    #2367,#2368,#2369),.UNSPECIFIED.,.T.,.F.,(9,7,7,7,9),(0.,
    0.249999999998,0.499999999996,0.749999999994,1.),.UNSPECIFIED.);
#2340 = CARTESIAN_POINT('',(199.5,-776.336011233,-5.2165E+03));
#2341 = CARTESIAN_POINT('',(199.5,-776.336011233,-5.216592926146E+03));
#2342 = CARTESIAN_POINT('',(199.51973745562,-776.3363262135,
    -5.216687433586E+03));
#2343 = CARTESIAN_POINT('',(199.56039024003,-776.3369745933,
    -5.216778381654E+03));
#2344 = CARTESIAN_POINT('',(199.62140188184,-776.3378792843,
    -5.216860131473E+03));
#2345 = CARTESIAN_POINT('',(199.700441757,-776.338839444,
    -5.216927241391E+03));
#2346 = CARTESIAN_POINT('',(199.79353004376,-776.3396015061,
    -5.216975025334E+03));
#2347 = CARTESIAN_POINT('',(199.8954707361,-776.34,-5.217E+03));
#2348 = CARTESIAN_POINT('',(200.10452926389,-776.34,-5.217E+03));
#2349 = CARTESIAN_POINT('',(200.20646995623,-776.3396015061,
    -5.216975025334E+03));
#2350 = CARTESIAN_POINT('',(200.29955824299,-776.338839444,
    -5.216927241391E+03));
#2351 = CARTESIAN_POINT('',(200.37859811815,-776.3378792843,
    -5.216860131473E+03));
#2352 = CARTESIAN_POINT('',(200.43960975996,-776.3369745933,
    -5.216778381654E+03));
#2353 = CARTESIAN_POINT('',(200.48026254437,-776.3363262135,
    -5.216687433586E+03));
#2354 = CARTESIAN_POINT('',(200.5,-776.336011233,-5.216592926146E+03));
#2355 = CARTESIAN_POINT('',(200.5,-776.336011233,-5.216407073854E+03));
#2356 = CARTESIAN_POINT('',(200.48026254437,-776.3363262135,
    -5.216312566414E+03));
#2357 = CARTESIAN_POINT('',(200.43960975996,-776.3369745933,
    -5.216221618346E+03));
#2358 = CARTESIAN_POINT('',(200.37859811815,-776.3378792843,
    -5.216139868527E+03));
#2359 = CARTESIAN_POINT('',(200.29955824299,-776.338839444,
    -5.216072758609E+03));
#2360 = CARTESIAN_POINT('',(200.20646995623,-776.3396015061,
    -5.216024974666E+03));
#2361 = CARTESIAN_POINT('',(200.10452926389,-776.34,-5.216E+03));
#2362 = CARTESIAN_POINT('',(199.8954707361,-776.34,-5.216E+03));
#2363 = CARTESIAN_POINT('',(199.79353004376,-776.3396015061,
    -5.216024974666E+03));
#2364 = CARTESIAN_POINT('',(199.70044175701,-776.338839444,
    -5.216072758609E+03));
#2365 = CARTESIAN_POINT('',(199.62140188184,-776.3378792843,
    -5.216139868527E+03));
#2366 = CARTESIAN_POINT('',(199.56039024003,-776.3369745933,
    -5.216221618346E+03));
#2367 = CARTESIAN_POINT('',(199.51973745562,-776.3363262135,
    -5.216312566414E+03));
#2368 = CARTESIAN_POINT('',(199.5,-776.336011233,-5.216407073854E+03));
#2369 = CARTESIAN_POINT('',(199.5,-776.336011233,-5.2165E+03));
#2370 = PCURVE('',#51,#2371);
#2371 = DEFINITIONAL_REPRESENTATION('',(#2372),#2403);
#2372 = B_SPLINE_CURVE_WITH_KNOTS('',8,(#2373,#2374,#2375,#2376,#2377,
    #2378,#2379,#2380,#2381,#2382,#2383,#2384,#2385,#2386,#2387,#2388,
    #2389,#2390,#2391,#2392,#2393,#2394,#2395,#2396,#2397,#2398,#2399,
    #2400,#2401,#2402),.UNSPECIFIED.,.T.,.F.,(9,7,7,7,9),(0.,
    0.249999999998,0.499999999996,0.749999999994,1.),.UNSPECIFIED.);
#2373 = CARTESIAN_POINT('',(4.696434251176,24.));
#2374 = CARTESIAN_POINT('',(4.696434251176,23.907073853592));
#2375 = CARTESIAN_POINT('',(4.697064116339,23.812566413861));
#2376 = CARTESIAN_POINT('',(4.698361433578,23.721618345641));
#2377 = CARTESIAN_POINT('',(4.700308415338,23.639868527454));
#2378 = CARTESIAN_POINT('',(4.702830588966,23.572758609142));
#2379 = CARTESIAN_POINT('',(4.70580091523,23.524974665602));
#2380 = CARTESIAN_POINT('',(4.709053649692,23.5));
#2381 = CARTESIAN_POINT('',(4.715724311077,23.5));
#2382 = CARTESIAN_POINT('',(4.718977045539,23.524974665602));
#2383 = CARTESIAN_POINT('',(4.721947371804,23.572758609142));
#2384 = CARTESIAN_POINT('',(4.724469545432,23.639868527454));
#2385 = CARTESIAN_POINT('',(4.726416527191,23.721618345641));
#2386 = CARTESIAN_POINT('',(4.72771384443,23.81256641386));
#2387 = CARTESIAN_POINT('',(4.728343709594,23.907073853592));
#2388 = CARTESIAN_POINT('',(4.728343709594,24.092926146408));
#2389 = CARTESIAN_POINT('',(4.72771384443,24.187433586141));
#2390 = CARTESIAN_POINT('',(4.726416527191,24.278381654358));
#2391 = CARTESIAN_POINT('',(4.724469545431,24.360131472544));
#2392 = CARTESIAN_POINT('',(4.721947371804,24.427241390858));
#2393 = CARTESIAN_POINT('',(4.718977045539,24.475025334399));
#2394 = CARTESIAN_POINT('',(4.715724311077,24.5));
#2395 = CARTESIAN_POINT('',(4.709053649692,24.5));
#2396 = CARTESIAN_POINT('',(4.70580091523,24.475025334396));
#2397 = CARTESIAN_POINT('',(4.702830588966,24.427241390861));
#2398 = CARTESIAN_POINT('',(4.700308415338,24.360131472544));
#2399 = CARTESIAN_POINT('',(4.698361433579,24.278381654363));
#2400 = CARTESIAN_POINT('',(4.697064116339,24.187433586137));
#2401 = CARTESIAN_POINT('',(4.696434251176,24.092926146406));
#2402 = CARTESIAN_POINT('',(4.696434251176,24.));
#2403 = ( GEOMETRIC_REPRESENTATION_CONTEXT(2) 
PARAMETRIC_REPRESENTATION_CONTEXT() REPRESENTATION_CONTEXT('2D SPACE',''
  ) );
#2404 = PCURVE('',#2405,#2410);
#2405 = CYLINDRICAL_SURFACE('',#2406,0.5);
#2406 = AXIS2_PLACEMENT_3D('',#2407,#2408,#2409);
#2407 = CARTESIAN_POINT('',(200.,-775.84,-5.2165E+03));
#2408 = DIRECTION('',(-1.836970198721E-16,-1.,0.));
#2409 = DIRECTION('',(-1.,1.836970198721E-16,0.));
#2410 = DEFINITIONAL_REPRESENTATION('',(#2411),#2442);
#2411 = B_SPLINE_CURVE_WITH_KNOTS('',8,(#2412,#2413,#2414,#2415,#2416,
    #2417,#2418,#2419,#2420,#2421,#2422,#2423,#2424,#2425,#2426,#2427,
    #2428,#2429,#2430,#2431,#2432,#2433,#2434,#2435,#2436,#2437,#2438,
    #2439,#2440,#2441),.UNSPECIFIED.,.F.,.F.,(9,7,7,7,9),(0.,
    0.249999999998,0.499999999996,0.749999999994,1.),.UNSPECIFIED.);
#2412 = CARTESIAN_POINT('',(0.,0.496011233084));
#2413 = CARTESIAN_POINT('',(0.185852292815,0.496011233084));
#2414 = CARTESIAN_POINT('',(0.374867222658,0.496326213582));
#2415 = CARTESIAN_POINT('',(0.566545073815,0.496974593309));
#2416 = CARTESIAN_POINT('',(0.76079148359,0.497879284326));
#2417 = CARTESIAN_POINT('',(0.957760989584,0.498839444016));
#2418 = CARTESIAN_POINT('',(1.157855611897,0.499601506198));
#2419 = CARTESIAN_POINT('',(1.361737799005,0.5));
#2420 = CARTESIAN_POINT('',(1.779854854584,0.5));
#2421 = CARTESIAN_POINT('',(1.983737041692,0.499601506198));
#2422 = CARTESIAN_POINT('',(2.183831664007,0.498839444016));
#2423 = CARTESIAN_POINT('',(2.38080117,0.497879284326));
#2424 = CARTESIAN_POINT('',(2.575047579775,0.496974593309));
#2425 = CARTESIAN_POINT('',(2.76672543093,0.496326213582));
#2426 = CARTESIAN_POINT('',(2.955740360774,0.496011233084));
#2427 = CARTESIAN_POINT('',(3.327444946407,0.496011233084));
#2428 = CARTESIAN_POINT('',(3.516459876252,0.496326213582));
#2429 = CARTESIAN_POINT('',(3.708137727399,0.496974593309));
#2430 = CARTESIAN_POINT('',(3.902384137183,0.497879284326));
#2431 = CARTESIAN_POINT('',(4.099353643165,0.498839444016));
#2432 = CARTESIAN_POINT('',(4.299448265492,0.499601506198));
#2433 = CARTESIAN_POINT('',(4.503330452597,0.5));
#2434 = CARTESIAN_POINT('',(4.921447508179,0.5));
#2435 = CARTESIAN_POINT('',(5.125329695287,0.499601506198));
#2436 = CARTESIAN_POINT('',(5.325424317584,0.498839444016));
#2437 = CARTESIAN_POINT('',(5.522393823601,0.497879284326));
#2438 = CARTESIAN_POINT('',(5.716640233353,0.496974593309));
#2439 = CARTESIAN_POINT('',(5.908318084526,0.496326213581));
#2440 = CARTESIAN_POINT('',(6.097333014367,0.496011233084));
#2441 = CARTESIAN_POINT('',(6.28318530718,0.496011233084));
#2442 = ( GEOMETRIC_REPRESENTATION_CONTEXT(2) 
PARAMETRIC_REPRESENTATION_CONTEXT() REPRESENTATION_CONTEXT('2D SPACE',''
  ) );
#2443 = FACE_BOUND('',#2444,.T.);
#2444 = EDGE_LOOP('',(#2445));
#2445 = ORIENTED_EDGE('',*,*,#2446,.F.);
#2446 = EDGE_CURVE('',#2447,#2447,#2449,.T.);
#2447 = VERTEX_POINT('',#2448);
#2448 = CARTESIAN_POINT('',(215.23499291464,-772.3877817811,-5.2165E+03)
  );
#2449 = SURFACE_CURVE('',#2450,(#2481,#2515),.PCURVE_S1.);
#2450 = B_SPLINE_CURVE_WITH_KNOTS('',8,(#2451,#2452,#2453,#2454,#2455,
    #2456,#2457,#2458,#2459,#2460,#2461,#2462,#2463,#2464,#2465,#2466,
    #2467,#2468,#2469,#2470,#2471,#2472,#2473,#2474,#2475,#2476,#2477,
    #2478,#2479,#2480),.UNSPECIFIED.,.T.,.F.,(9,7,7,7,9),(0.,
    0.249999999997,0.499999999982,0.74999999998,1.),.UNSPECIFIED.);
#2451 = CARTESIAN_POINT('',(215.23499291465,-772.3877817811,-5.2165E+03)
  );
#2452 = CARTESIAN_POINT('',(215.23499291465,-772.3877817811,
    -5.216592926146E+03));
#2453 = CARTESIAN_POINT('',(215.25224354287,-772.3781858344,
    -5.216687433586E+03));
#2454 = CARTESIAN_POINT('',(215.28777407677,-772.3584209555,
    -5.216778381654E+03));
#2455 = CARTESIAN_POINT('',(215.34106405401,-772.32869862,
    -5.216860131473E+03));
#2456 = CARTESIAN_POINT('',(215.40999467366,-772.2900102051,
    -5.216927241391E+03));
#2457 = CARTESIAN_POINT('',(215.49099252588,-772.2441260269,
    -5.216975025334E+03));
#2458 = CARTESIAN_POINT('',(215.57947500202,-772.1935007865,-5.217E+03)
  );
#2459 = CARTESIAN_POINT('',(215.76052499797,-772.0889715226,-5.217E+03)
  );
#2460 = CARTESIAN_POINT('',(215.84860898031,-772.0376560707,
    -5.216975025334E+03));
#2461 = CARTESIAN_POINT('',(215.92884477035,-771.9904519621,
    -5.216927241391E+03));
#2462 = CARTESIAN_POINT('',(215.99681523031,-771.9501005018,
    -5.216860131473E+03));
#2463 = CARTESIAN_POINT('',(216.04920051653,-771.9188111955,
    -5.216778381654E+03));
#2464 = CARTESIAN_POINT('',(216.0840826707,-771.89792329,
    -5.216687433586E+03));
#2465 = CARTESIAN_POINT('',(216.10101831843,-771.8877817811,
    -5.216592926146E+03));
#2466 = CARTESIAN_POINT('',(216.10101831843,-771.8877817811,
    -5.216407073854E+03));
#2467 = CARTESIAN_POINT('',(216.0840826707,-771.89792329,
    -5.216312566414E+03));
#2468 = CARTESIAN_POINT('',(216.04920051653,-771.9188111955,
    -5.216221618346E+03));
#2469 = CARTESIAN_POINT('',(215.99681523031,-771.9501005018,
    -5.216139868527E+03));
#2470 = CARTESIAN_POINT('',(215.92884477035,-771.9904519621,
    -5.216072758609E+03));
#2471 = CARTESIAN_POINT('',(215.84860898031,-772.0376560707,
    -5.216024974666E+03));
#2472 = CARTESIAN_POINT('',(215.76052499796,-772.0889715226,-5.216E+03)
  );
#2473 = CARTESIAN_POINT('',(215.57947500202,-772.1935007865,-5.216E+03)
  );
#2474 = CARTESIAN_POINT('',(215.49099252588,-772.2441260269,
    -5.216024974666E+03));
#2475 = CARTESIAN_POINT('',(215.40999467366,-772.2900102051,
    -5.216072758609E+03));
#2476 = CARTESIAN_POINT('',(215.34106405401,-772.32869862,
    -5.216139868527E+03));
#2477 = CARTESIAN_POINT('',(215.28777407677,-772.3584209555,
    -5.216221618346E+03));
#2478 = CARTESIAN_POINT('',(215.25224354287,-772.3781858344,
    -5.216312566414E+03));
#2479 = CARTESIAN_POINT('',(215.23499291465,-772.3877817811,
    -5.216407073854E+03));
#2480 = CARTESIAN_POINT('',(215.23499291465,-772.3877817811,-5.2165E+03)
  );
#2481 = PCURVE('',#51,#2482);
#2482 = DEFINITIONAL_REPRESENTATION('',(#2483),#2514);
#2483 = B_SPLINE_CURVE_WITH_KNOTS('',8,(#2484,#2485,#2486,#2487,#2488,
    #2489,#2490,#2491,#2492,#2493,#2494,#2495,#2496,#2497,#2498,#2499,
    #2500,#2501,#2502,#2503,#2504,#2505,#2506,#2507,#2508,#2509,#2510,
    #2511,#2512,#2513),.UNSPECIFIED.,.T.,.F.,(9,7,7,7,9),(0.,
    0.249999999997,0.499999999982,0.74999999998,1.),.UNSPECIFIED.);
#2484 = CARTESIAN_POINT('',(5.220033026774,24.));
#2485 = CARTESIAN_POINT('',(5.220033026774,23.907073853595));
#2486 = CARTESIAN_POINT('',(5.220662891937,23.812566413862));
#2487 = CARTESIAN_POINT('',(5.221960209177,23.72161834564));
#2488 = CARTESIAN_POINT('',(5.223907190936,23.639868527452));
#2489 = CARTESIAN_POINT('',(5.226429364564,23.572758609142));
#2490 = CARTESIAN_POINT('',(5.229399690829,23.524974665604));
#2491 = CARTESIAN_POINT('',(5.232652425291,23.5));
#2492 = CARTESIAN_POINT('',(5.239323086675,23.5));
#2493 = CARTESIAN_POINT('',(5.242575821137,23.524974665601));
#2494 = CARTESIAN_POINT('',(5.245546147402,23.572758609142));
#2495 = CARTESIAN_POINT('',(5.24806832103,23.639868527455));
#2496 = CARTESIAN_POINT('',(5.250015302789,23.721618345641));
#2497 = CARTESIAN_POINT('',(5.251312620029,23.81256641386));
#2498 = CARTESIAN_POINT('',(5.251942485192,23.907073853592));
#2499 = CARTESIAN_POINT('',(5.251942485192,24.092926146413));
#2500 = CARTESIAN_POINT('',(5.251312620029,24.18743358614));
#2501 = CARTESIAN_POINT('',(5.250015302789,24.278381654359));
#2502 = CARTESIAN_POINT('',(5.24806832103,24.360131472539));
#2503 = CARTESIAN_POINT('',(5.245546147402,24.427241390858));
#2504 = CARTESIAN_POINT('',(5.242575821137,24.475025334401));
#2505 = CARTESIAN_POINT('',(5.239323086675,24.5));
#2506 = CARTESIAN_POINT('',(5.232652425291,24.5));
#2507 = CARTESIAN_POINT('',(5.229399690829,24.475025334397));
#2508 = CARTESIAN_POINT('',(5.226429364564,24.427241390859));
#2509 = CARTESIAN_POINT('',(5.223907190936,24.360131472546));
#2510 = CARTESIAN_POINT('',(5.221960209177,24.278381654362));
#2511 = CARTESIAN_POINT('',(5.220662891937,24.187433586138));
#2512 = CARTESIAN_POINT('',(5.220033026774,24.092926146407));
#2513 = CARTESIAN_POINT('',(5.220033026774,24.));
#2514 = ( GEOMETRIC_REPRESENTATION_CONTEXT(2) 
PARAMETRIC_REPRESENTATION_CONTEXT() REPRESENTATION_CONTEXT('2D SPACE',''
  ) );
#2515 = PCURVE('',#2516,#2521);
#2516 = CYLINDRICAL_SURFACE('',#2517,0.5);
#2517 = AXIS2_PLACEMENT_3D('',#2518,#2519,#2520);
#2518 = CARTESIAN_POINT('',(215.42,-771.7082234527,-5.2165E+03));
#2519 = DIRECTION('',(0.5,-0.866025403784,0.));
#2520 = DIRECTION('',(-0.866025403784,-0.5,0.));
#2521 = DEFINITIONAL_REPRESENTATION('',(#2522),#2553);
#2522 = B_SPLINE_CURVE_WITH_KNOTS('',8,(#2523,#2524,#2525,#2526,#2527,
    #2528,#2529,#2530,#2531,#2532,#2533,#2534,#2535,#2536,#2537,#2538,
    #2539,#2540,#2541,#2542,#2543,#2544,#2545,#2546,#2547,#2548,#2549,
    #2550,#2551,#2552),.UNSPECIFIED.,.F.,.F.,(9,7,7,7,9),(0.,
    0.249999999997,0.499999999982,0.74999999998,1.),.UNSPECIFIED.);
#2523 = CARTESIAN_POINT('',(0.,0.496011233085));
#2524 = CARTESIAN_POINT('',(0.185852292811,0.496011233085));
#2525 = CARTESIAN_POINT('',(0.374867222656,0.496326213581));
#2526 = CARTESIAN_POINT('',(0.566545073817,0.496974593309));
#2527 = CARTESIAN_POINT('',(0.760791483594,0.497879284326));
#2528 = CARTESIAN_POINT('',(0.957760989587,0.498839444016));
#2529 = CARTESIAN_POINT('',(1.157855611896,0.499601506198));
#2530 = CARTESIAN_POINT('',(1.361737798998,0.5));
#2531 = CARTESIAN_POINT('',(1.779854854582,0.5));
#2532 = CARTESIAN_POINT('',(1.983737041692,0.499601506198));
#2533 = CARTESIAN_POINT('',(2.18383166401,0.498839444016));
#2534 = CARTESIAN_POINT('',(2.38080117,0.497879284326));
#2535 = CARTESIAN_POINT('',(2.575047579777,0.496974593309));
#2536 = CARTESIAN_POINT('',(2.76672543093,0.496326213581));
#2537 = CARTESIAN_POINT('',(2.955740360773,0.496011233085));
#2538 = CARTESIAN_POINT('',(3.327444946416,0.496011233085));
#2539 = CARTESIAN_POINT('',(3.516459876249,0.496326213581));
#2540 = CARTESIAN_POINT('',(3.708137727407,0.496974593309));
#2541 = CARTESIAN_POINT('',(3.902384137162,0.497879284326));
#2542 = CARTESIAN_POINT('',(4.09935364317,0.498839444016));
#2543 = CARTESIAN_POINT('',(4.299448265488,0.499601506198));
#2544 = CARTESIAN_POINT('',(4.50333045261,0.5));
#2545 = CARTESIAN_POINT('',(4.921447508178,0.5));
#2546 = CARTESIAN_POINT('',(5.125329695285,0.499601506198));
#2547 = CARTESIAN_POINT('',(5.325424317589,0.498839444016));
#2548 = CARTESIAN_POINT('',(5.522393823594,0.497879284326));
#2549 = CARTESIAN_POINT('',(5.716640233357,0.496974593309));
#2550 = CARTESIAN_POINT('',(5.908318084525,0.496326213581));
#2551 = CARTESIAN_POINT('',(6.097333014366,0.496011233085));
#2552 = CARTESIAN_POINT('',(6.28318530718,0.496011233085));
#2553 = ( GEOMETRIC_REPRESENTATION_CONTEXT(2) 
PARAMETRIC_REPRESENTATION_CONTEXT() REPRESENTATION_CONTEXT('2D SPACE',''
  ) );
#2554 = FACE_BOUND('',#2555,.T.);
#2555 = EDGE_LOOP('',(#2556));
#2556 = ORIENTED_EDGE('',*,*,#2557,.F.);
#2557 = EDGE_CURVE('',#2558,#2558,#2560,.T.);
#2558 = VERTEX_POINT('',#2559);
#2559 = CARTESIAN_POINT('',(221.80435264765,-767.5114594288,-5.2165E+03)
  );
#2560 = SURFACE_CURVE('',#2561,(#2592,#2626),.PCURVE_S1.);
#2561 = B_SPLINE_CURVE_WITH_KNOTS('',8,(#2562,#2563,#2564,#2565,#2566,
    #2567,#2568,#2569,#2570,#2571,#2572,#2573,#2574,#2575,#2576,#2577,
    #2578,#2579,#2580,#2581,#2582,#2583,#2584,#2585,#2586,#2587,#2588,
    #2589,#2590,#2591),.UNSPECIFIED.,.T.,.F.,(9,7,7,7,9),(0.,
    0.250000000007,0.500000000017,0.750000000009,1.),.UNSPECIFIED.);
#2562 = CARTESIAN_POINT('',(221.80435264765,-767.5114594288,-5.2165E+03)
  );
#2563 = CARTESIAN_POINT('',(221.80435264765,-767.5114594288,
    -5.216592926146E+03));
#2564 = CARTESIAN_POINT('',(221.81853186122,-767.4977256649,
    -5.216687433586E+03));
#2565 = CARTESIAN_POINT('',(221.84773619445,-767.4694382791,
    -5.216778381654E+03));
#2566 = CARTESIAN_POINT('',(221.89151765325,-767.4269362466,
    -5.216860131473E+03));
#2567 = CARTESIAN_POINT('',(221.94808622039,-767.3717255503,
    -5.216927241391E+03));
#2568 = CARTESIAN_POINT('',(222.01444843855,-767.3064410508,
    -5.216975025334E+03));
#2569 = CARTESIAN_POINT('',(222.08681317106,-767.2346398737,-5.217E+03)
  );
#2570 = CARTESIAN_POINT('',(222.23463987371,-767.086813171,-5.217E+03));
#2571 = CARTESIAN_POINT('',(222.30644105087,-767.0144484385,
    -5.216975025334E+03));
#2572 = CARTESIAN_POINT('',(222.37172555036,-766.9480862203,
    -5.216927241391E+03));
#2573 = CARTESIAN_POINT('',(222.42693624664,-766.8915176532,
    -5.216860131473E+03));
#2574 = CARTESIAN_POINT('',(222.46943827914,-766.8477361944,
    -5.216778381654E+03));
#2575 = CARTESIAN_POINT('',(222.49772566497,-766.8185318612,
    -5.216687433586E+03));
#2576 = CARTESIAN_POINT('',(222.51145942884,-766.8043526476,
    -5.216592926146E+03));
#2577 = CARTESIAN_POINT('',(222.51145942884,-766.8043526476,
    -5.216407073854E+03));
#2578 = CARTESIAN_POINT('',(222.49772566497,-766.8185318612,
    -5.216312566414E+03));
#2579 = CARTESIAN_POINT('',(222.46943827914,-766.8477361944,
    -5.216221618346E+03));
#2580 = CARTESIAN_POINT('',(222.42693624664,-766.8915176532,
    -5.216139868527E+03));
#2581 = CARTESIAN_POINT('',(222.37172555036,-766.9480862203,
    -5.216072758609E+03));
#2582 = CARTESIAN_POINT('',(222.30644105088,-767.0144484385,
    -5.216024974666E+03));
#2583 = CARTESIAN_POINT('',(222.23463987371,-767.086813171,-5.216E+03));
#2584 = CARTESIAN_POINT('',(222.08681317105,-767.2346398737,-5.216E+03)
  );
#2585 = CARTESIAN_POINT('',(222.01444843855,-767.3064410508,
    -5.216024974666E+03));
#2586 = CARTESIAN_POINT('',(221.9480862204,-767.3717255503,
    -5.216072758609E+03));
#2587 = CARTESIAN_POINT('',(221.89151765325,-767.4269362466,
    -5.216139868527E+03));
#2588 = CARTESIAN_POINT('',(221.84773619445,-767.4694382791,
    -5.216221618346E+03));
#2589 = CARTESIAN_POINT('',(221.81853186122,-767.4977256649,
    -5.216312566414E+03));
#2590 = CARTESIAN_POINT('',(221.80435264765,-767.5114594288,
    -5.216407073854E+03));
#2591 = CARTESIAN_POINT('',(221.80435264765,-767.5114594288,-5.2165E+03)
  );
#2592 = PCURVE('',#51,#2593);
#2593 = DEFINITIONAL_REPRESENTATION('',(#2594),#2625);
#2594 = B_SPLINE_CURVE_WITH_KNOTS('',8,(#2595,#2596,#2597,#2598,#2599,
    #2600,#2601,#2602,#2603,#2604,#2605,#2606,#2607,#2608,#2609,#2610,
    #2611,#2612,#2613,#2614,#2615,#2616,#2617,#2618,#2619,#2620,#2621,
    #2622,#2623,#2624),.UNSPECIFIED.,.T.,.F.,(9,7,7,7,9),(0.,
    0.250000000007,0.500000000017,0.750000000009,1.),.UNSPECIFIED.);
#2595 = CARTESIAN_POINT('',(5.481832414573,24.));
#2596 = CARTESIAN_POINT('',(5.481832414573,23.907073853586));
#2597 = CARTESIAN_POINT('',(5.482462279737,23.812566413859));
#2598 = CARTESIAN_POINT('',(5.483759596976,23.721618345642));
#2599 = CARTESIAN_POINT('',(5.485706578735,23.639868527462));
#2600 = CARTESIAN_POINT('',(5.488228752363,23.572758609142));
#2601 = CARTESIAN_POINT('',(5.491199078628,23.524974665598));
#2602 = CARTESIAN_POINT('',(5.49445181309,23.5));
#2603 = CARTESIAN_POINT('',(5.501122474474,23.5));
#2604 = CARTESIAN_POINT('',(5.504375208936,23.524974665599));
#2605 = CARTESIAN_POINT('',(5.507345535201,23.572758609141));
#2606 = CARTESIAN_POINT('',(5.509867708829,23.639868527462));
#2607 = CARTESIAN_POINT('',(5.511814690588,23.721618345642));
#2608 = CARTESIAN_POINT('',(5.513112007828,23.81256641386));
#2609 = CARTESIAN_POINT('',(5.513741872991,23.907073853587));
#2610 = CARTESIAN_POINT('',(5.513741872991,24.092926146407));
#2611 = CARTESIAN_POINT('',(5.513112007828,24.18743358614));
#2612 = CARTESIAN_POINT('',(5.511814690588,24.278381654358));
#2613 = CARTESIAN_POINT('',(5.509867708829,24.360131472547));
#2614 = CARTESIAN_POINT('',(5.507345535201,24.427241390858));
#2615 = CARTESIAN_POINT('',(5.504375208937,24.475025334398));
#2616 = CARTESIAN_POINT('',(5.501122474474,24.5));
#2617 = CARTESIAN_POINT('',(5.49445181309,24.5));
#2618 = CARTESIAN_POINT('',(5.491199078628,24.475025334398));
#2619 = CARTESIAN_POINT('',(5.488228752363,24.427241390859));
#2620 = CARTESIAN_POINT('',(5.485706578735,24.360131472543));
#2621 = CARTESIAN_POINT('',(5.483759596976,24.278381654362));
#2622 = CARTESIAN_POINT('',(5.482462279737,24.187433586138));
#2623 = CARTESIAN_POINT('',(5.481832414573,24.092926146408));
#2624 = CARTESIAN_POINT('',(5.481832414573,24.));
#2625 = ( GEOMETRIC_REPRESENTATION_CONTEXT(2) 
PARAMETRIC_REPRESENTATION_CONTEXT() REPRESENTATION_CONTEXT('2D SPACE',''
  ) );
#2626 = PCURVE('',#2627,#2632);
#2627 = CYLINDRICAL_SURFACE('',#2628,0.5);
#2628 = AXIS2_PLACEMENT_3D('',#2629,#2630,#2631);
#2629 = CARTESIAN_POINT('',(221.80717313179,-766.8071731317,-5.2165E+03)
  );
#2630 = DIRECTION('',(0.707106781187,-0.707106781187,0.));
#2631 = DIRECTION('',(-0.707106781187,-0.707106781187,0.));
#2632 = DEFINITIONAL_REPRESENTATION('',(#2633),#2664);
#2633 = B_SPLINE_CURVE_WITH_KNOTS('',8,(#2634,#2635,#2636,#2637,#2638,
    #2639,#2640,#2641,#2642,#2643,#2644,#2645,#2646,#2647,#2648,#2649,
    #2650,#2651,#2652,#2653,#2654,#2655,#2656,#2657,#2658,#2659,#2660,
    #2661,#2662,#2663),.UNSPECIFIED.,.F.,.F.,(9,7,7,7,9),(0.,
    0.250000000007,0.500000000017,0.750000000009,1.),.UNSPECIFIED.);
#2634 = CARTESIAN_POINT('',(0.,0.496011233085));
#2635 = CARTESIAN_POINT('',(0.185852292827,0.496011233085));
#2636 = CARTESIAN_POINT('',(0.374867222662,0.496326213582));
#2637 = CARTESIAN_POINT('',(0.566545073814,0.496974593309));
#2638 = CARTESIAN_POINT('',(0.760791483575,0.497879284326));
#2639 = CARTESIAN_POINT('',(0.957760989575,0.498839444016));
#2640 = CARTESIAN_POINT('',(1.157855611902,0.499601506198));
#2641 = CARTESIAN_POINT('',(1.361737799021,0.5));
#2642 = CARTESIAN_POINT('',(1.779854854571,0.5));
#2643 = CARTESIAN_POINT('',(1.983737041689,0.499601506198));
#2644 = CARTESIAN_POINT('',(2.183831664012,0.498839444016));
#2645 = CARTESIAN_POINT('',(2.380801170017,0.497879284326));
#2646 = CARTESIAN_POINT('',(2.575047579774,0.496974593309));
#2647 = CARTESIAN_POINT('',(2.766725430929,0.496326213582));
#2648 = CARTESIAN_POINT('',(2.955740360764,0.496011233085));
#2649 = CARTESIAN_POINT('',(3.327444946405,0.496011233085));
#2650 = CARTESIAN_POINT('',(3.516459876251,0.496326213581));
#2651 = CARTESIAN_POINT('',(3.708137727401,0.496974593309));
#2652 = CARTESIAN_POINT('',(3.902384137184,0.497879284326));
#2653 = CARTESIAN_POINT('',(4.09935364317,0.498839444016));
#2654 = CARTESIAN_POINT('',(4.299448265488,0.499601506198));
#2655 = CARTESIAN_POINT('',(4.503330452595,0.5));
#2656 = CARTESIAN_POINT('',(4.921447508173,0.5));
#2657 = CARTESIAN_POINT('',(5.125329695285,0.499601506198));
#2658 = CARTESIAN_POINT('',(5.325424317591,0.498839444016));
#2659 = CARTESIAN_POINT('',(5.522393823598,0.497879284326));
#2660 = CARTESIAN_POINT('',(5.716640233358,0.496974593309));
#2661 = CARTESIAN_POINT('',(5.908318084524,0.496326213582));
#2662 = CARTESIAN_POINT('',(6.097333014363,0.496011233085));
#2663 = CARTESIAN_POINT('',(6.28318530718,0.496011233085));
#2664 = ( GEOMETRIC_REPRESENTATION_CONTEXT(2) 
PARAMETRIC_REPRESENTATION_CONTEXT() REPRESENTATION_CONTEXT('2D SPACE',''
  ) );
#2665 = FACE_BOUND('',#2666,.T.);
#2666 = EDGE_LOOP('',(#2667));
#2667 = ORIENTED_EDGE('',*,*,#2668,.F.);
#2668 = EDGE_CURVE('',#2669,#2669,#2671,.T.);
#2669 = VERTEX_POINT('',#2670);
#2670 = CARTESIAN_POINT('',(227.38778178112,-760.2349929146,-5.2165E+03)
  );
#2671 = SURFACE_CURVE('',#2672,(#2703,#2737),.PCURVE_S1.);
#2672 = B_SPLINE_CURVE_WITH_KNOTS('',8,(#2673,#2674,#2675,#2676,#2677,
    #2678,#2679,#2680,#2681,#2682,#2683,#2684,#2685,#2686,#2687,#2688,
    #2689,#2690,#2691,#2692,#2693,#2694,#2695,#2696,#2697,#2698,#2699,
    #2700,#2701,#2702),.UNSPECIFIED.,.T.,.F.,(9,7,7,7,9),(0.,
    0.250000000001,0.500000000002,0.750000000002,1.),.UNSPECIFIED.);
#2673 = CARTESIAN_POINT('',(227.38778178112,-760.2349929146,-5.2165E+03)
  );
#2674 = CARTESIAN_POINT('',(227.38778178112,-760.2349929146,
    -5.216407073854E+03));
#2675 = CARTESIAN_POINT('',(227.37818583442,-760.2522435428,
    -5.216312566414E+03));
#2676 = CARTESIAN_POINT('',(227.35842095553,-760.2877740767,
    -5.216221618346E+03));
#2677 = CARTESIAN_POINT('',(227.32869862003,-760.341064054,
    -5.216139868527E+03));
#2678 = CARTESIAN_POINT('',(227.29001020513,-760.4099946736,
    -5.216072758609E+03));
#2679 = CARTESIAN_POINT('',(227.24412602696,-760.4909925258,
    -5.216024974666E+03));
#2680 = CARTESIAN_POINT('',(227.19350078655,-760.579475002,-5.216E+03));
#2681 = CARTESIAN_POINT('',(227.08897152265,-760.7605249979,-5.216E+03)
  );
#2682 = CARTESIAN_POINT('',(227.03765607073,-760.8486089803,
    -5.216024974666E+03));
#2683 = CARTESIAN_POINT('',(226.99045196214,-760.9288447703,
    -5.216072758609E+03));
#2684 = CARTESIAN_POINT('',(226.95010050187,-760.9968152303,
    -5.216139868527E+03));
#2685 = CARTESIAN_POINT('',(226.91881119556,-761.0492005165,
    -5.216221618346E+03));
#2686 = CARTESIAN_POINT('',(226.89792329005,-761.0840826707,
    -5.216312566414E+03));
#2687 = CARTESIAN_POINT('',(226.88778178112,-761.1010183184,
    -5.216407073854E+03));
#2688 = CARTESIAN_POINT('',(226.88778178112,-761.1010183184,
    -5.216592926146E+03));
#2689 = CARTESIAN_POINT('',(226.89792329005,-761.0840826707,
    -5.216687433586E+03));
#2690 = CARTESIAN_POINT('',(226.91881119556,-761.0492005165,
    -5.216778381654E+03));
#2691 = CARTESIAN_POINT('',(226.95010050187,-760.9968152303,
    -5.216860131473E+03));
#2692 = CARTESIAN_POINT('',(226.99045196214,-760.9288447703,
    -5.216927241391E+03));
#2693 = CARTESIAN_POINT('',(227.03765607073,-760.8486089803,
    -5.216975025334E+03));
#2694 = CARTESIAN_POINT('',(227.08897152265,-760.7605249979,-5.217E+03)
  );
#2695 = CARTESIAN_POINT('',(227.19350078655,-760.579475002,-5.217E+03));
#2696 = CARTESIAN_POINT('',(227.24412602696,-760.4909925258,
    -5.216975025334E+03));
#2697 = CARTESIAN_POINT('',(227.29001020513,-760.4099946736,
    -5.216927241391E+03));
#2698 = CARTESIAN_POINT('',(227.32869862003,-760.341064054,
    -5.216860131473E+03));
#2699 = CARTESIAN_POINT('',(227.35842095553,-760.2877740767,
    -5.216778381654E+03));
#2700 = CARTESIAN_POINT('',(227.37818583442,-760.2522435428,
    -5.216687433586E+03));
#2701 = CARTESIAN_POINT('',(227.38778178112,-760.2349929146,
    -5.216592926146E+03));
#2702 = CARTESIAN_POINT('',(227.38778178112,-760.2349929146,-5.2165E+03)
  );
#2703 = PCURVE('',#51,#2704);
#2704 = DEFINITIONAL_REPRESENTATION('',(#2705),#2736);
#2705 = B_SPLINE_CURVE_WITH_KNOTS('',8,(#2706,#2707,#2708,#2709,#2710,
    #2711,#2712,#2713,#2714,#2715,#2716,#2717,#2718,#2719,#2720,#2721,
    #2722,#2723,#2724,#2725,#2726,#2727,#2728,#2729,#2730,#2731,#2732,
    #2733,#2734,#2735),.UNSPECIFIED.,.T.,.F.,(9,7,7,7,9),(0.,
    0.250000000001,0.500000000002,0.750000000002,1.),.UNSPECIFIED.);
#2706 = CARTESIAN_POINT('',(5.77554126079,24.));
#2707 = CARTESIAN_POINT('',(5.77554126079,24.092926146409));
#2708 = CARTESIAN_POINT('',(5.774911395627,24.18743358614));
#2709 = CARTESIAN_POINT('',(5.773614078387,24.278381654358));
#2710 = CARTESIAN_POINT('',(5.771667096628,24.360131472544));
#2711 = CARTESIAN_POINT('',(5.769144923,24.427241390858));
#2712 = CARTESIAN_POINT('',(5.766174596736,24.475025334399));
#2713 = CARTESIAN_POINT('',(5.762921862273,24.5));
#2714 = CARTESIAN_POINT('',(5.756251200889,24.5));
#2715 = CARTESIAN_POINT('',(5.752998466427,24.475025334399));
#2716 = CARTESIAN_POINT('',(5.750028140162,24.427241390857));
#2717 = CARTESIAN_POINT('',(5.747505966534,24.360131472545));
#2718 = CARTESIAN_POINT('',(5.745558984775,24.278381654358));
#2719 = CARTESIAN_POINT('',(5.744261667536,24.18743358614));
#2720 = CARTESIAN_POINT('',(5.743631802372,24.092926146409));
#2721 = CARTESIAN_POINT('',(5.743631802372,23.907073853591));
#2722 = CARTESIAN_POINT('',(5.744261667536,23.812566413859));
#2723 = CARTESIAN_POINT('',(5.745558984775,23.721618345643));
#2724 = CARTESIAN_POINT('',(5.747505966534,23.639868527455));
#2725 = CARTESIAN_POINT('',(5.750028140162,23.572758609143));
#2726 = CARTESIAN_POINT('',(5.752998466427,23.524974665601));
#2727 = CARTESIAN_POINT('',(5.756251200889,23.5));
#2728 = CARTESIAN_POINT('',(5.762921862273,23.5));
#2729 = CARTESIAN_POINT('',(5.766174596736,23.5249746656));
#2730 = CARTESIAN_POINT('',(5.769144923,23.572758609144));
#2731 = CARTESIAN_POINT('',(5.771667096628,23.639868527455));
#2732 = CARTESIAN_POINT('',(5.773614078388,23.721618345644));
#2733 = CARTESIAN_POINT('',(5.774911395627,23.812566413858));
#2734 = CARTESIAN_POINT('',(5.77554126079,23.90707385359));
#2735 = CARTESIAN_POINT('',(5.77554126079,24.));
#2736 = ( GEOMETRIC_REPRESENTATION_CONTEXT(2) 
PARAMETRIC_REPRESENTATION_CONTEXT() REPRESENTATION_CONTEXT('2D SPACE',''
  ) );
#2737 = PCURVE('',#2738,#2743);
#2738 = CYLINDRICAL_SURFACE('',#2739,0.5);
#2739 = AXIS2_PLACEMENT_3D('',#2740,#2741,#2742);
#2740 = CARTESIAN_POINT('',(226.70822345271,-760.42,-5.2165E+03));
#2741 = DIRECTION('',(0.866025403784,-0.5,0.));
#2742 = DIRECTION('',(0.5,0.866025403784,0.));
#2743 = DEFINITIONAL_REPRESENTATION('',(#2744),#2775);
#2744 = B_SPLINE_CURVE_WITH_KNOTS('',8,(#2745,#2746,#2747,#2748,#2749,
    #2750,#2751,#2752,#2753,#2754,#2755,#2756,#2757,#2758,#2759,#2760,
    #2761,#2762,#2763,#2764,#2765,#2766,#2767,#2768,#2769,#2770,#2771,
    #2772,#2773,#2774),.UNSPECIFIED.,.F.,.F.,(9,7,7,7,9),(0.,
    0.250000000001,0.500000000002,0.750000000002,1.),.UNSPECIFIED.);
#2745 = CARTESIAN_POINT('',(0.,0.496011233085));
#2746 = CARTESIAN_POINT('',(0.185852292817,0.496011233085));
#2747 = CARTESIAN_POINT('',(0.37486722266,0.496326213582));
#2748 = CARTESIAN_POINT('',(0.566545073814,0.496974593309));
#2749 = CARTESIAN_POINT('',(0.760791483587,0.497879284326));
#2750 = CARTESIAN_POINT('',(0.957760989581,0.498839444016));
#2751 = CARTESIAN_POINT('',(1.157855611898,0.499601506198));
#2752 = CARTESIAN_POINT('',(1.361737799009,0.5));
#2753 = CARTESIAN_POINT('',(1.779854854581,0.5));
#2754 = CARTESIAN_POINT('',(1.983737041693,0.499601506198));
#2755 = CARTESIAN_POINT('',(2.183831664007,0.498839444016));
#2756 = CARTESIAN_POINT('',(2.380801170004,0.497879284326));
#2757 = CARTESIAN_POINT('',(2.575047579776,0.496974593309));
#2758 = CARTESIAN_POINT('',(2.76672543093,0.496326213582));
#2759 = CARTESIAN_POINT('',(2.955740360772,0.496011233085));
#2760 = CARTESIAN_POINT('',(3.327444946408,0.496011233085));
#2761 = CARTESIAN_POINT('',(3.516459876252,0.496326213582));
#2762 = CARTESIAN_POINT('',(3.708137727399,0.496974593309));
#2763 = CARTESIAN_POINT('',(3.902384137181,0.497879284326));
#2764 = CARTESIAN_POINT('',(4.099353643167,0.498839444016));
#2765 = CARTESIAN_POINT('',(4.299448265488,0.499601506198));
#2766 = CARTESIAN_POINT('',(4.5033304526,0.5));
#2767 = CARTESIAN_POINT('',(4.921447508167,0.5));
#2768 = CARTESIAN_POINT('',(5.125329695279,0.499601506198));
#2769 = CARTESIAN_POINT('',(5.325424317606,0.498839444016));
#2770 = CARTESIAN_POINT('',(5.522393823587,0.497879284326));
#2771 = CARTESIAN_POINT('',(5.716640233373,0.496974593309));
#2772 = CARTESIAN_POINT('',(5.908318084516,0.496326213582));
#2773 = CARTESIAN_POINT('',(6.09733301436,0.496011233085));
#2774 = CARTESIAN_POINT('',(6.28318530718,0.496011233085));
#2775 = ( GEOMETRIC_REPRESENTATION_CONTEXT(2) 
PARAMETRIC_REPRESENTATION_CONTEXT() REPRESENTATION_CONTEXT('2D SPACE',''
  ) );
#2776 = FACE_BOUND('',#2777,.T.);
#2777 = EDGE_LOOP('',(#2778));
#2778 = ORIENTED_EDGE('',*,*,#2779,.F.);
#2779 = EDGE_CURVE('',#2780,#2780,#2782,.T.);
#2780 = VERTEX_POINT('',#2781);
#2781 = CARTESIAN_POINT('',(230.39767206547,-752.6273935915,-5.2165E+03)
  );
#2782 = SURFACE_CURVE('',#2783,(#2814,#2848),.PCURVE_S1.);
#2783 = B_SPLINE_CURVE_WITH_KNOTS('',8,(#2784,#2785,#2786,#2787,#2788,
    #2789,#2790,#2791,#2792,#2793,#2794,#2795,#2796,#2797,#2798,#2799,
    #2800,#2801,#2802,#2803,#2804,#2805,#2806,#2807,#2808,#2809,#2810,
    #2811,#2812,#2813),.UNSPECIFIED.,.T.,.F.,(9,7,7,7,9),(0.,
    0.250000000003,0.500000000007,0.750000000007,1.),.UNSPECIFIED.);
#2784 = CARTESIAN_POINT('',(230.39767206547,-752.6273935915,-5.2165E+03)
  );
#2785 = CARTESIAN_POINT('',(230.39767206547,-752.6273935915,
    -5.216407073854E+03));
#2786 = CARTESIAN_POINT('',(230.39286788385,-752.6465400326,
    -5.216312566414E+03));
#2787 = CARTESIAN_POINT('',(230.38297245573,-752.68597542,
    -5.216221618346E+03));
#2788 = CARTESIAN_POINT('',(230.36805534527,-752.7451422917,
    -5.216139868527E+03));
#2789 = CARTESIAN_POINT('',(230.3485257633,-752.8217374561,
    -5.216072758609E+03));
#2790 = CARTESIAN_POINT('',(230.32516883735,-752.9118510726,
    -5.216024974666E+03));
#2791 = CARTESIAN_POINT('',(230.29916956016,-753.0104213579,-5.216E+03)
  );
#2792 = CARTESIAN_POINT('',(230.24506123163,-753.2123563891,-5.216E+03)
  );
#2793 = CARTESIAN_POINT('',(230.21829212353,-753.3107203988,
    -5.216024974666E+03));
#2794 = CARTESIAN_POINT('',(230.19346300649,-753.4004395429,
    -5.216072758609E+03));
#2795 = CARTESIAN_POINT('',(230.17207853844,-753.476537692,
    -5.216139868527E+03));
#2796 = CARTESIAN_POINT('',(230.15541369914,-753.5352362612,
    -5.216221618346E+03));
#2797 = CARTESIAN_POINT('',(230.14426569758,-753.5743360226,
    -5.216312566414E+03));
#2798 = CARTESIAN_POINT('',(230.13885302036,-753.5933194178,
    -5.216407073854E+03));
#2799 = CARTESIAN_POINT('',(230.13885302036,-753.5933194178,
    -5.216592926146E+03));
#2800 = CARTESIAN_POINT('',(230.14426569758,-753.5743360226,
    -5.216687433586E+03));
#2801 = CARTESIAN_POINT('',(230.15541369914,-753.5352362612,
    -5.216778381654E+03));
#2802 = CARTESIAN_POINT('',(230.17207853844,-753.476537692,
    -5.216860131473E+03));
#2803 = CARTESIAN_POINT('',(230.19346300649,-753.4004395429,
    -5.216927241391E+03));
#2804 = CARTESIAN_POINT('',(230.21829212353,-753.3107203988,
    -5.216975025334E+03));
#2805 = CARTESIAN_POINT('',(230.24506123163,-753.2123563891,-5.217E+03)
  );
#2806 = CARTESIAN_POINT('',(230.29916956016,-753.0104213579,-5.217E+03)
  );
#2807 = CARTESIAN_POINT('',(230.32516883735,-752.9118510726,
    -5.216975025334E+03));
#2808 = CARTESIAN_POINT('',(230.3485257633,-752.8217374561,
    -5.216927241391E+03));
#2809 = CARTESIAN_POINT('',(230.36805534527,-752.7451422917,
    -5.216860131473E+03));
#2810 = CARTESIAN_POINT('',(230.38297245573,-752.68597542,
    -5.216778381654E+03));
#2811 = CARTESIAN_POINT('',(230.39286788385,-752.6465400326,
    -5.216687433586E+03));
#2812 = CARTESIAN_POINT('',(230.39767206547,-752.6273935915,
    -5.216592926146E+03));
#2813 = CARTESIAN_POINT('',(230.39767206547,-752.6273935915,-5.2165E+03)
  );
#2814 = PCURVE('',#51,#2815);
#2815 = DEFINITIONAL_REPRESENTATION('',(#2816),#2847);
#2816 = B_SPLINE_CURVE_WITH_KNOTS('',8,(#2817,#2818,#2819,#2820,#2821,
    #2822,#2823,#2824,#2825,#2826,#2827,#2828,#2829,#2830,#2831,#2832,
    #2833,#2834,#2835,#2836,#2837,#2838,#2839,#2840,#2841,#2842,#2843,
    #2844,#2845,#2846),.UNSPECIFIED.,.T.,.F.,(9,7,7,7,9),(0.,
    0.250000000003,0.500000000007,0.750000000007,1.),.UNSPECIFIED.);
#2817 = CARTESIAN_POINT('',(6.037340648589,24.));
#2818 = CARTESIAN_POINT('',(6.037340648589,24.092926146406));
#2819 = CARTESIAN_POINT('',(6.036710783426,24.187433586138));
#2820 = CARTESIAN_POINT('',(6.035413466187,24.27838165436));
#2821 = CARTESIAN_POINT('',(6.033466484427,24.360131472548));
#2822 = CARTESIAN_POINT('',(6.030944310799,24.427241390858));
#2823 = CARTESIAN_POINT('',(6.027973984535,24.475025334397));
#2824 = CARTESIAN_POINT('',(6.024721250073,24.5));
#2825 = CARTESIAN_POINT('',(6.018050588688,24.5));
#2826 = CARTESIAN_POINT('',(6.014797854226,24.475025334397));
#2827 = CARTESIAN_POINT('',(6.011827527961,24.427241390858));
#2828 = CARTESIAN_POINT('',(6.009305354334,24.360131472548));
#2829 = CARTESIAN_POINT('',(6.007358372574,24.27838165436));
#2830 = CARTESIAN_POINT('',(6.006061055335,24.187433586138));
#2831 = CARTESIAN_POINT('',(6.005431190171,24.092926146406));
#2832 = CARTESIAN_POINT('',(6.005431190171,23.907073853596));
#2833 = CARTESIAN_POINT('',(6.006061055335,23.812566413861));
#2834 = CARTESIAN_POINT('',(6.007358372574,23.721618345641));
#2835 = CARTESIAN_POINT('',(6.009305354334,23.63986852745));
#2836 = CARTESIAN_POINT('',(6.011827527961,23.572758609142));
#2837 = CARTESIAN_POINT('',(6.014797854226,23.524974665604));
#2838 = CARTESIAN_POINT('',(6.018050588688,23.5));
#2839 = CARTESIAN_POINT('',(6.024721250073,23.5));
#2840 = CARTESIAN_POINT('',(6.027973984535,23.524974665604));
#2841 = CARTESIAN_POINT('',(6.030944310799,23.57275860914));
#2842 = CARTESIAN_POINT('',(6.033466484427,23.639868527455));
#2843 = CARTESIAN_POINT('',(6.035413466187,23.721618345638));
#2844 = CARTESIAN_POINT('',(6.036710783426,23.812566413862));
#2845 = CARTESIAN_POINT('',(6.037340648589,23.907073853594));
#2846 = CARTESIAN_POINT('',(6.037340648589,24.));
#2847 = ( GEOMETRIC_REPRESENTATION_CONTEXT(2) 
PARAMETRIC_REPRESENTATION_CONTEXT() REPRESENTATION_CONTEXT('2D SPACE',''
  ) );
#2848 = PCURVE('',#2849,#2854);
#2849 = CYLINDRICAL_SURFACE('',#2850,0.5);
#2850 = AXIS2_PLACEMENT_3D('',#2851,#2852,#2853);
#2851 = CARTESIAN_POINT('',(229.78915248275,-752.9819793509,-5.2165E+03)
  );
#2852 = DIRECTION('',(0.965925826289,-0.258819045103,0.));
#2853 = DIRECTION('',(0.258819045103,0.965925826289,0.));
#2854 = DEFINITIONAL_REPRESENTATION('',(#2855),#2886);
#2855 = B_SPLINE_CURVE_WITH_KNOTS('',8,(#2856,#2857,#2858,#2859,#2860,
    #2861,#2862,#2863,#2864,#2865,#2866,#2867,#2868,#2869,#2870,#2871,
    #2872,#2873,#2874,#2875,#2876,#2877,#2878,#2879,#2880,#2881,#2882,
    #2883,#2884,#2885),.UNSPECIFIED.,.F.,.F.,(9,7,7,7,9),(0.,
    0.250000000003,0.500000000007,0.750000000007,1.),.UNSPECIFIED.);
#2856 = CARTESIAN_POINT('',(0.,0.496011233085));
#2857 = CARTESIAN_POINT('',(0.185852292812,0.496011233085));
#2858 = CARTESIAN_POINT('',(0.374867222657,0.496326213581));
#2859 = CARTESIAN_POINT('',(0.566545073817,0.496974593309));
#2860 = CARTESIAN_POINT('',(0.760791483594,0.497879284326));
#2861 = CARTESIAN_POINT('',(0.957760989586,0.498839444016));
#2862 = CARTESIAN_POINT('',(1.157855611896,0.499601506198));
#2863 = CARTESIAN_POINT('',(1.361737798999,0.5));
#2864 = CARTESIAN_POINT('',(1.779854854591,0.5));
#2865 = CARTESIAN_POINT('',(1.983737041692,0.499601506198));
#2866 = CARTESIAN_POINT('',(2.183831664006,0.498839444016));
#2867 = CARTESIAN_POINT('',(2.380801169993,0.497879284326));
#2868 = CARTESIAN_POINT('',(2.575047579775,0.496974593309));
#2869 = CARTESIAN_POINT('',(2.766725430933,0.496326213581));
#2870 = CARTESIAN_POINT('',(2.955740360778,0.496011233085));
#2871 = CARTESIAN_POINT('',(3.327444946399,0.496011233085));
#2872 = CARTESIAN_POINT('',(3.516459876249,0.496326213581));
#2873 = CARTESIAN_POINT('',(3.708137727399,0.496974593309));
#2874 = CARTESIAN_POINT('',(3.902384137197,0.497879284326));
#2875 = CARTESIAN_POINT('',(4.099353643167,0.498839444016));
#2876 = CARTESIAN_POINT('',(4.299448265491,0.499601506198));
#2877 = CARTESIAN_POINT('',(4.503330452585,0.5));
#2878 = CARTESIAN_POINT('',(4.92144750818,0.5));
#2879 = CARTESIAN_POINT('',(5.125329695284,0.499601506198));
#2880 = CARTESIAN_POINT('',(5.325424317589,0.498839444016));
#2881 = CARTESIAN_POINT('',(5.522393823594,0.497879284326));
#2882 = CARTESIAN_POINT('',(5.716640233357,0.496974593309));
#2883 = CARTESIAN_POINT('',(5.908318084524,0.496326213582));
#2884 = CARTESIAN_POINT('',(6.097333014368,0.496011233085));
#2885 = CARTESIAN_POINT('',(6.28318530718,0.496011233085));
#2886 = ( GEOMETRIC_REPRESENTATION_CONTEXT(2) 
PARAMETRIC_REPRESENTATION_CONTEXT() REPRESENTATION_CONTEXT('2D SPACE',''
  ) );
#2887 = FACE_BOUND('',#2888,.T.);
#2888 = EDGE_LOOP('',(#2889));
#2889 = ORIENTED_EDGE('',*,*,#2890,.F.);
#2890 = EDGE_CURVE('',#2891,#2891,#2893,.T.);
#2891 = VERTEX_POINT('',#2892);
#2892 = CARTESIAN_POINT('',(231.00266421688,-740.4141073436,-5.2015E+03)
  );
#2893 = SURFACE_CURVE('',#2894,(#2925,#2959),.PCURVE_S1.);
#2894 = B_SPLINE_CURVE_WITH_KNOTS('',8,(#2895,#2896,#2897,#2898,#2899,
    #2900,#2901,#2902,#2903,#2904,#2905,#2906,#2907,#2908,#2909,#2910,
    #2911,#2912,#2913,#2914,#2915,#2916,#2917,#2918,#2919,#2920,#2921,
    #2922,#2923,#2924),.UNSPECIFIED.,.T.,.F.,(9,7,7,7,9),(0.,
    0.249999999993,0.499999999992,0.749999999994,1.),.UNSPECIFIED.);
#2895 = CARTESIAN_POINT('',(231.00266421688,-740.4141073436,-5.2015E+03)
  );
#2896 = CARTESIAN_POINT('',(231.00266421688,-740.4141073436,
    -5.201407073854E+03));
#2897 = CARTESIAN_POINT('',(231.0055527576,-740.4336348294,
    -5.201312566414E+03));
#2898 = CARTESIAN_POINT('',(231.0115018435,-740.4738551931,
    -5.201221618346E+03));
#2899 = CARTESIAN_POINT('',(231.02036241205,-740.5342267859,
    -5.201139868527E+03));
#2900 = CARTESIAN_POINT('',(231.03163113138,-740.612465138,
    -5.201072758609E+03));
#2901 = CARTESIAN_POINT('',(231.04453713362,-740.7046575725,
    -5.201024974666E+03));
#2902 = CARTESIAN_POINT('',(231.05823814866,-740.8056741342,-5.201E+03)
  );
#2903 = CARTESIAN_POINT('',(231.08552576224,-741.0129441373,-5.201E+03)
  );
#2904 = CARTESIAN_POINT('',(231.09843660801,-741.1140647268,
    -5.201024974666E+03));
#2905 = CARTESIAN_POINT('',(231.10983152499,-741.2064560994,
    -5.201072758609E+03));
#2906 = CARTESIAN_POINT('',(231.11919635354,-741.2849451035,
    -5.201139868527E+03));
#2907 = CARTESIAN_POINT('',(231.12626301956,-741.3455528681,
    -5.201221618346E+03));
#2908 = CARTESIAN_POINT('',(231.13092643997,-741.3859424929,
    -5.201312566414E+03));
#2909 = CARTESIAN_POINT('',(231.1331904091,-741.405552205,
    -5.201407073854E+03));
#2910 = CARTESIAN_POINT('',(231.1331904091,-741.405552205,
    -5.201592926146E+03));
#2911 = CARTESIAN_POINT('',(231.13092643997,-741.3859424929,
    -5.201687433586E+03));
#2912 = CARTESIAN_POINT('',(231.12626301956,-741.3455528681,
    -5.201778381654E+03));
#2913 = CARTESIAN_POINT('',(231.11919635354,-741.2849451035,
    -5.201860131473E+03));
#2914 = CARTESIAN_POINT('',(231.10983152499,-741.2064560994,
    -5.201927241391E+03));
#2915 = CARTESIAN_POINT('',(231.09843660801,-741.1140647268,
    -5.201975025334E+03));
#2916 = CARTESIAN_POINT('',(231.08552576224,-741.0129441373,-5.202E+03)
  );
#2917 = CARTESIAN_POINT('',(231.05823814866,-740.8056741342,-5.202E+03)
  );
#2918 = CARTESIAN_POINT('',(231.04453713362,-740.7046575725,
    -5.201975025334E+03));
#2919 = CARTESIAN_POINT('',(231.03163113138,-740.612465138,
    -5.201927241391E+03));
#2920 = CARTESIAN_POINT('',(231.02036241205,-740.5342267859,
    -5.201860131473E+03));
#2921 = CARTESIAN_POINT('',(231.0115018435,-740.4738551931,
    -5.201778381654E+03));
#2922 = CARTESIAN_POINT('',(231.0055527576,-740.4336348294,
    -5.201687433586E+03));
#2923 = CARTESIAN_POINT('',(231.00266421688,-740.4141073436,
    -5.201592926146E+03));
#2924 = CARTESIAN_POINT('',(231.00266421688,-740.4141073436,-5.2015E+03)
  );
#2925 = PCURVE('',#51,#2926);
#2926 = DEFINITIONAL_REPRESENTATION('',(#2927),#2958);
#2927 = B_SPLINE_CURVE_WITH_KNOTS('',8,(#2928,#2929,#2930,#2931,#2932,
    #2933,#2934,#2935,#2936,#2937,#2938,#2939,#2940,#2941,#2942,#2943,
    #2944,#2945,#2946,#2947,#2948,#2949,#2950,#2951,#2952,#2953,#2954,
    #2955,#2956,#2957),.UNSPECIFIED.,.T.,.F.,(9,7,7,7,9),(0.,
    0.249999999993,0.499999999992,0.749999999994,1.),.UNSPECIFIED.);
#2928 = CARTESIAN_POINT('',(0.146854423109,39.));
#2929 = CARTESIAN_POINT('',(0.146854423109,39.092926146408));
#2930 = CARTESIAN_POINT('',(0.146224557945,39.18743358614));
#2931 = CARTESIAN_POINT('',(0.144927240706,39.278381654358));
#2932 = CARTESIAN_POINT('',(0.142980258946,39.360131472546));
#2933 = CARTESIAN_POINT('',(0.140458085319,39.427241390858));
#2934 = CARTESIAN_POINT('',(0.137487759054,39.475025334398));
#2935 = CARTESIAN_POINT('',(0.134235024592,39.5));
#2936 = CARTESIAN_POINT('',(0.127564363207,39.5));
#2937 = CARTESIAN_POINT('',(0.124311628745,39.475025334397));
#2938 = CARTESIAN_POINT('',(0.121341302481,39.427241390858));
#2939 = CARTESIAN_POINT('',(0.118819128853,39.360131472546));
#2940 = CARTESIAN_POINT('',(0.116872147093,39.27838165436));
#2941 = CARTESIAN_POINT('',(0.115574829854,39.187433586139));
#2942 = CARTESIAN_POINT('',(0.114944964691,39.092926146407));
#2943 = CARTESIAN_POINT('',(0.114944964691,38.907073853593));
#2944 = CARTESIAN_POINT('',(0.115574829854,38.812566413862));
#2945 = CARTESIAN_POINT('',(0.116872147093,38.721618345639));
#2946 = CARTESIAN_POINT('',(0.118819128853,38.639868527455));
#2947 = CARTESIAN_POINT('',(0.121341302481,38.572758609141));
#2948 = CARTESIAN_POINT('',(0.124311628745,38.524974665603));
#2949 = CARTESIAN_POINT('',(0.127564363207,38.5));
#2950 = CARTESIAN_POINT('',(0.134235024592,38.5));
#2951 = CARTESIAN_POINT('',(0.137487759054,38.524974665603));
#2952 = CARTESIAN_POINT('',(0.140458085319,38.572758609143));
#2953 = CARTESIAN_POINT('',(0.142980258946,38.63986852745));
#2954 = CARTESIAN_POINT('',(0.144927240706,38.721618345642));
#2955 = CARTESIAN_POINT('',(0.146224557945,38.81256641386));
#2956 = CARTESIAN_POINT('',(0.146854423109,38.907073853595));
#2957 = CARTESIAN_POINT('',(0.146854423109,39.));
#2958 = ( GEOMETRIC_REPRESENTATION_CONTEXT(2) 
PARAMETRIC_REPRESENTATION_CONTEXT() REPRESENTATION_CONTEXT('2D SPACE',''
  ) );
#2959 = PCURVE('',#2960,#2965);
#2960 = CYLINDRICAL_SURFACE('',#2961,0.5);
#2961 = AXIS2_PLACEMENT_3D('',#2962,#2963,#2964);
#2962 = CARTESIAN_POINT('',(230.57615952476,-740.9745722319,-5.2015E+03)
  );
#2963 = DIRECTION('',(0.991444861374,0.13052619222,0.));
#2964 = DIRECTION('',(-0.13052619222,0.991444861374,0.));
#2965 = DEFINITIONAL_REPRESENTATION('',(#2966),#2997);
#2966 = B_SPLINE_CURVE_WITH_KNOTS('',8,(#2967,#2968,#2969,#2970,#2971,
    #2972,#2973,#2974,#2975,#2976,#2977,#2978,#2979,#2980,#2981,#2982,
    #2983,#2984,#2985,#2986,#2987,#2988,#2989,#2990,#2991,#2992,#2993,
    #2994,#2995,#2996),.UNSPECIFIED.,.F.,.F.,(9,7,7,7,9),(0.,
    0.249999999993,0.499999999992,0.749999999994,1.),.UNSPECIFIED.);
#2967 = CARTESIAN_POINT('',(0.,0.496011233085));
#2968 = CARTESIAN_POINT('',(0.185852292816,0.496011233085));
#2969 = CARTESIAN_POINT('',(0.37486722266,0.496326213582));
#2970 = CARTESIAN_POINT('',(0.566545073814,0.496974593309));
#2971 = CARTESIAN_POINT('',(0.760791483589,0.497879284326));
#2972 = CARTESIAN_POINT('',(0.957760989582,0.498839444016));
#2973 = CARTESIAN_POINT('',(1.157855611897,0.499601506198));
#2974 = CARTESIAN_POINT('',(1.361737799007,0.5));
#2975 = CARTESIAN_POINT('',(1.779854854588,0.5));
#2976 = CARTESIAN_POINT('',(1.983737041692,0.499601506198));
#2977 = CARTESIAN_POINT('',(2.183831664007,0.498839444016));
#2978 = CARTESIAN_POINT('',(2.380801169997,0.497879284326));
#2979 = CARTESIAN_POINT('',(2.575047579774,0.496974593309));
#2980 = CARTESIAN_POINT('',(2.766725430932,0.496326213582));
#2981 = CARTESIAN_POINT('',(2.955740360777,0.496011233085));
#2982 = CARTESIAN_POINT('',(3.327444946404,0.496011233085));
#2983 = CARTESIAN_POINT('',(3.516459876246,0.496326213582));
#2984 = CARTESIAN_POINT('',(3.708137727411,0.496974593309));
#2985 = CARTESIAN_POINT('',(3.902384137175,0.497879284326));
#2986 = CARTESIAN_POINT('',(4.099353643179,0.498839444016));
#2987 = CARTESIAN_POINT('',(4.299448265485,0.499601506198));
#2988 = CARTESIAN_POINT('',(4.503330452592,0.5));
#2989 = CARTESIAN_POINT('',(4.921447508181,0.5));
#2990 = CARTESIAN_POINT('',(5.125329695282,0.499601506198));
#2991 = CARTESIAN_POINT('',(5.325424317598,0.498839444016));
#2992 = CARTESIAN_POINT('',(5.52239382358,0.497879284326));
#2993 = CARTESIAN_POINT('',(5.716640233369,0.496974593309));
#2994 = CARTESIAN_POINT('',(5.90831808452,0.496326213582));
#2995 = CARTESIAN_POINT('',(6.097333014369,0.496011233085));
#2996 = CARTESIAN_POINT('',(6.28318530718,0.496011233085));
#2997 = ( GEOMETRIC_REPRESENTATION_CONTEXT(2) 
PARAMETRIC_REPRESENTATION_CONTEXT() REPRESENTATION_CONTEXT('2D SPACE',''
  ) );
#2998 = FACE_BOUND('',#2999,.T.);
#2999 = EDGE_LOOP('',(#3000));
#3000 = ORIENTED_EDGE('',*,*,#3001,.F.);
#3001 = EDGE_CURVE('',#3002,#3002,#3004,.T.);
#3002 = VERTEX_POINT('',#3003);
#3003 = CARTESIAN_POINT('',(228.7593576926,-732.5462878984,-5.2015E+03)
  );
#3004 = SURFACE_CURVE('',#3005,(#3036,#3070),.PCURVE_S1.);
#3005 = B_SPLINE_CURVE_WITH_KNOTS('',8,(#3006,#3007,#3008,#3009,#3010,
    #3011,#3012,#3013,#3014,#3015,#3016,#3017,#3018,#3019,#3020,#3021,
    #3022,#3023,#3024,#3025,#3026,#3027,#3028,#3029,#3030,#3031,#3032,
    #3033,#3034,#3035),.UNSPECIFIED.,.T.,.F.,(9,7,7,7,9),(0.,
    0.249999999997,0.499999999996,0.749999999996,1.),.UNSPECIFIED.);
#3006 = CARTESIAN_POINT('',(228.7593576926,-732.5462878984,-5.2015E+03)
  );
#3007 = CARTESIAN_POINT('',(228.7593576926,-732.5462878984,
    -5.201407073854E+03));
#3008 = CARTESIAN_POINT('',(228.7672018939,-732.5644023918,
    -5.201312566414E+03));
#3009 = CARTESIAN_POINT('',(228.78335806573,-732.6017125431,
    -5.201221618346E+03));
#3010 = CARTESIAN_POINT('',(228.80754203575,-732.65773374,
    -5.201139868527E+03));
#3011 = CARTESIAN_POINT('',(228.83867635836,-732.7303896257,
    -5.201072758609E+03));
#3012 = CARTESIAN_POINT('',(228.8750037571,-732.81610036,
    -5.201024974666E+03));
#3013 = CARTESIAN_POINT('',(228.91438293141,-732.9101287822,-5.201E+03)
  );
#3014 = CARTESIAN_POINT('',(228.99438616639,-733.1032736771,-5.201E+03)
  );
#3015 = CARTESIAN_POINT('',(229.03302902016,-733.1976070932,
    -5.201024974666E+03));
#3016 = CARTESIAN_POINT('',(229.0679483116,-733.2839010847,
    -5.201072758609E+03));
#3017 = CARTESIAN_POINT('',(229.09730849044,-733.3572918448,
    -5.201139868527E+03));
#3018 = CARTESIAN_POINT('',(229.11982080942,-733.4140054622,
    -5.201221618346E+03));
#3019 = CARTESIAN_POINT('',(229.13477893174,-733.4518118618,
    -5.201312566414E+03));
#3020 = CARTESIAN_POINT('',(229.14204112497,-733.4701674309,
    -5.201407073854E+03));
#3021 = CARTESIAN_POINT('',(229.14204112497,-733.4701674309,
    -5.201592926146E+03));
#3022 = CARTESIAN_POINT('',(229.13477893174,-733.4518118618,
    -5.201687433586E+03));
#3023 = CARTESIAN_POINT('',(229.11982080943,-733.4140054622,
    -5.201778381654E+03));
#3024 = CARTESIAN_POINT('',(229.09730849044,-733.3572918448,
    -5.201860131473E+03));
#3025 = CARTESIAN_POINT('',(229.0679483116,-733.2839010847,
    -5.201927241391E+03));
#3026 = CARTESIAN_POINT('',(229.03302902016,-733.1976070932,
    -5.201975025334E+03));
#3027 = CARTESIAN_POINT('',(228.99438616639,-733.1032736771,-5.202E+03)
  );
#3028 = CARTESIAN_POINT('',(228.91438293141,-732.9101287822,-5.202E+03)
  );
#3029 = CARTESIAN_POINT('',(228.8750037571,-732.81610036,
    -5.201975025334E+03));
#3030 = CARTESIAN_POINT('',(228.83867635836,-732.7303896257,
    -5.201927241391E+03));
#3031 = CARTESIAN_POINT('',(228.80754203575,-732.65773374,
    -5.201860131473E+03));
#3032 = CARTESIAN_POINT('',(228.78335806573,-732.6017125431,
    -5.201778381654E+03));
#3033 = CARTESIAN_POINT('',(228.7672018939,-732.5644023918,
    -5.201687433586E+03));
#3034 = CARTESIAN_POINT('',(228.7593576926,-732.5462878984,
    -5.201592926146E+03));
#3035 = CARTESIAN_POINT('',(228.7593576926,-732.5462878984,-5.2015E+03)
  );
#3036 = PCURVE('',#51,#3037);
#3037 = DEFINITIONAL_REPRESENTATION('',(#3038),#3069);
#3038 = B_SPLINE_CURVE_WITH_KNOTS('',8,(#3039,#3040,#3041,#3042,#3043,
    #3044,#3045,#3046,#3047,#3048,#3049,#3050,#3051,#3052,#3053,#3054,
    #3055,#3056,#3057,#3058,#3059,#3060,#3061,#3062,#3063,#3064,#3065,
    #3066,#3067,#3068),.UNSPECIFIED.,.T.,.F.,(9,7,7,7,9),(0.,
    0.249999999997,0.499999999996,0.749999999996,1.),.UNSPECIFIED.);
#3039 = CARTESIAN_POINT('',(0.408653810908,39.));
#3040 = CARTESIAN_POINT('',(0.408653810908,39.092926146409));
#3041 = CARTESIAN_POINT('',(0.408023945744,39.187433586141));
#3042 = CARTESIAN_POINT('',(0.406726628505,39.278381654358));
#3043 = CARTESIAN_POINT('',(0.404779646746,39.360131472545));
#3044 = CARTESIAN_POINT('',(0.402257473118,39.427241390858));
#3045 = CARTESIAN_POINT('',(0.399287146853,39.475025334399));
#3046 = CARTESIAN_POINT('',(0.396034412391,39.5));
#3047 = CARTESIAN_POINT('',(0.389363751006,39.5));
#3048 = CARTESIAN_POINT('',(0.386111016544,39.475025334398));
#3049 = CARTESIAN_POINT('',(0.38314069028,39.427241390859));
#3050 = CARTESIAN_POINT('',(0.380618516652,39.360131472545));
#3051 = CARTESIAN_POINT('',(0.378671534893,39.278381654359));
#3052 = CARTESIAN_POINT('',(0.377374217653,39.18743358614));
#3053 = CARTESIAN_POINT('',(0.37674435249,39.092926146408));
#3054 = CARTESIAN_POINT('',(0.37674435249,38.907073853592));
#3055 = CARTESIAN_POINT('',(0.377374217653,38.812566413859));
#3056 = CARTESIAN_POINT('',(0.378671534893,38.721618345642));
#3057 = CARTESIAN_POINT('',(0.380618516652,38.639868527455));
#3058 = CARTESIAN_POINT('',(0.38314069028,38.572758609142));
#3059 = CARTESIAN_POINT('',(0.386111016544,38.524974665601));
#3060 = CARTESIAN_POINT('',(0.389363751007,38.5));
#3061 = CARTESIAN_POINT('',(0.396034412391,38.5));
#3062 = CARTESIAN_POINT('',(0.399287146853,38.524974665603));
#3063 = CARTESIAN_POINT('',(0.402257473118,38.572758609141));
#3064 = CARTESIAN_POINT('',(0.404779646746,38.639868527455));
#3065 = CARTESIAN_POINT('',(0.406726628505,38.721618345639));
#3066 = CARTESIAN_POINT('',(0.408023945744,38.812566413862));
#3067 = CARTESIAN_POINT('',(0.408653810908,38.907073853593));
#3068 = CARTESIAN_POINT('',(0.408653810908,39.));
#3069 = ( GEOMETRIC_REPRESENTATION_CONTEXT(2) 
PARAMETRIC_REPRESENTATION_CONTEXT() REPRESENTATION_CONTEXT('2D SPACE',''
  ) );
#3070 = PCURVE('',#3071,#3076);
#3071 = CYLINDRICAL_SURFACE('',#3072,0.5);
#3072 = AXIS2_PLACEMENT_3D('',#3073,#3074,#3075);
#3073 = CARTESIAN_POINT('',(228.49244478264,-733.1980429458,-5.2015E+03)
  );
#3074 = DIRECTION('',(0.923879532511,0.382683432365,0.));
#3075 = DIRECTION('',(-0.382683432365,0.923879532511,0.));
#3076 = DEFINITIONAL_REPRESENTATION('',(#3077),#3108);
#3077 = B_SPLINE_CURVE_WITH_KNOTS('',8,(#3078,#3079,#3080,#3081,#3082,
    #3083,#3084,#3085,#3086,#3087,#3088,#3089,#3090,#3091,#3092,#3093,
    #3094,#3095,#3096,#3097,#3098,#3099,#3100,#3101,#3102,#3103,#3104,
    #3105,#3106,#3107),.UNSPECIFIED.,.F.,.F.,(9,7,7,7,9),(0.,
    0.249999999997,0.499999999996,0.749999999996,1.),.UNSPECIFIED.);
#3078 = CARTESIAN_POINT('',(0.,0.496011233085));
#3079 = CARTESIAN_POINT('',(0.185852292817,0.496011233085));
#3080 = CARTESIAN_POINT('',(0.374867222661,0.496326213582));
#3081 = CARTESIAN_POINT('',(0.566545073812,0.496974593309));
#3082 = CARTESIAN_POINT('',(0.760791483588,0.497879284326));
#3083 = CARTESIAN_POINT('',(0.957760989581,0.498839444016));
#3084 = CARTESIAN_POINT('',(1.157855611898,0.499601506198));
#3085 = CARTESIAN_POINT('',(1.361737799009,0.5));
#3086 = CARTESIAN_POINT('',(1.779854854584,0.5));
#3087 = CARTESIAN_POINT('',(1.983737041691,0.499601506198));
#3088 = CARTESIAN_POINT('',(2.183831664008,0.498839444016));
#3089 = CARTESIAN_POINT('',(2.380801170001,0.497879284326));
#3090 = CARTESIAN_POINT('',(2.575047579776,0.496974593309));
#3091 = CARTESIAN_POINT('',(2.766725430929,0.496326213582));
#3092 = CARTESIAN_POINT('',(2.955740360774,0.496011233085));
#3093 = CARTESIAN_POINT('',(3.327444946406,0.496011233085));
#3094 = CARTESIAN_POINT('',(3.516459876252,0.496326213582));
#3095 = CARTESIAN_POINT('',(3.708137727401,0.496974593309));
#3096 = CARTESIAN_POINT('',(3.90238413718,0.497879284326));
#3097 = CARTESIAN_POINT('',(4.099353643169,0.498839444016));
#3098 = CARTESIAN_POINT('',(4.299448265489,0.499601506198));
#3099 = CARTESIAN_POINT('',(4.503330452597,0.5));
#3100 = CARTESIAN_POINT('',(4.921447508175,0.5));
#3101 = CARTESIAN_POINT('',(5.125329695287,0.499601506198));
#3102 = CARTESIAN_POINT('',(5.325424317587,0.498839444016));
#3103 = CARTESIAN_POINT('',(5.522393823599,0.497879284326));
#3104 = CARTESIAN_POINT('',(5.716640233356,0.496974593309));
#3105 = CARTESIAN_POINT('',(5.908318084525,0.496326213582));
#3106 = CARTESIAN_POINT('',(6.097333014366,0.496011233085));
#3107 = CARTESIAN_POINT('',(6.28318530718,0.496011233085));
#3108 = ( GEOMETRIC_REPRESENTATION_CONTEXT(2) 
PARAMETRIC_REPRESENTATION_CONTEXT() REPRESENTATION_CONTEXT('2D SPACE',''
  ) );
#3109 = FACE_BOUND('',#3110,.T.);
#3110 = EDGE_LOOP('',(#3111));
#3111 = ORIENTED_EDGE('',*,*,#3112,.F.);
#3112 = EDGE_CURVE('',#3113,#3113,#3115,.T.);
#3113 = VERTEX_POINT('',#3114);
#3114 = CARTESIAN_POINT('',(224.55614846866,-725.5271683521,-5.2015E+03)
  );
#3115 = SURFACE_CURVE('',#3116,(#3147,#3181),.PCURVE_S1.);
#3116 = B_SPLINE_CURVE_WITH_KNOTS('',8,(#3117,#3118,#3119,#3120,#3121,
    #3122,#3123,#3124,#3125,#3126,#3127,#3128,#3129,#3130,#3131,#3132,
    #3133,#3134,#3135,#3136,#3137,#3138,#3139,#3140,#3141,#3142,#3143,
    #3144,#3145,#3146),.UNSPECIFIED.,.T.,.F.,(9,7,7,7,9),(0.,
    0.250000000009,0.500000000011,0.750000000006,1.),.UNSPECIFIED.);
#3117 = CARTESIAN_POINT('',(224.55614846866,-725.5271683521,-5.2015E+03)
  );
#3118 = CARTESIAN_POINT('',(224.55614846866,-725.5271683521,
    -5.201407073854E+03));
#3119 = CARTESIAN_POINT('',(224.56841376118,-725.5426353805,
    -5.201312566414E+03));
#3120 = CARTESIAN_POINT('',(224.59367600253,-725.5744926942,
    -5.201221618346E+03));
#3121 = CARTESIAN_POINT('',(224.63153527643,-725.6223457431,
    -5.201139868527E+03));
#3122 = CARTESIAN_POINT('',(224.68041344968,-725.6844677838,
    -5.201072758609E+03));
#3123 = CARTESIAN_POINT('',(224.73768659273,-725.757855773,
    -5.201024974666E+03));
#3124 = CARTESIAN_POINT('',(224.80006030066,-725.8384881741,-5.201E+03)
  );
#3125 = CARTESIAN_POINT('',(224.92732706878,-726.0043454555,-5.201E+03)
  );
#3126 = CARTESIAN_POINT('',(224.98906848394,-726.0854630319,
    -5.201024974666E+03));
#3127 = CARTESIAN_POINT('',(225.04513245783,-726.1597788492,
    -5.201072758609E+03));
#3128 = CARTESIAN_POINT('',(225.09248713929,-726.2230699064,
    -5.201139868527E+03));
#3129 = CARTESIAN_POINT('',(225.1289109339,-726.2720244372,
    -5.201221618346E+03));
#3130 = CARTESIAN_POINT('',(225.15314438681,-726.3046711681,
    -5.201312566414E+03));
#3131 = CARTESIAN_POINT('',(225.16490989767,-726.3205216924,
    -5.201407073854E+03));
#3132 = CARTESIAN_POINT('',(225.16490989767,-726.3205216924,
    -5.201592926146E+03));
#3133 = CARTESIAN_POINT('',(225.15314438681,-726.3046711681,
    -5.201687433586E+03));
#3134 = CARTESIAN_POINT('',(225.1289109339,-726.2720244372,
    -5.201778381654E+03));
#3135 = CARTESIAN_POINT('',(225.09248713929,-726.2230699064,
    -5.201860131473E+03));
#3136 = CARTESIAN_POINT('',(225.04513245783,-726.1597788492,
    -5.201927241391E+03));
#3137 = CARTESIAN_POINT('',(224.98906848394,-726.0854630319,
    -5.201975025334E+03));
#3138 = CARTESIAN_POINT('',(224.92732706879,-726.0043454555,-5.202E+03)
  );
#3139 = CARTESIAN_POINT('',(224.80006030066,-725.8384881741,-5.202E+03)
  );
#3140 = CARTESIAN_POINT('',(224.73768659273,-725.757855773,
    -5.201975025334E+03));
#3141 = CARTESIAN_POINT('',(224.68041344968,-725.6844677838,
    -5.201927241391E+03));
#3142 = CARTESIAN_POINT('',(224.63153527643,-725.6223457431,
    -5.201860131473E+03));
#3143 = CARTESIAN_POINT('',(224.59367600253,-725.5744926942,
    -5.201778381654E+03));
#3144 = CARTESIAN_POINT('',(224.56841376118,-725.5426353805,
    -5.201687433586E+03));
#3145 = CARTESIAN_POINT('',(224.55614846866,-725.5271683521,
    -5.201592926146E+03));
#3146 = CARTESIAN_POINT('',(224.55614846866,-725.5271683521,-5.2015E+03)
  );
#3147 = PCURVE('',#51,#3148);
#3148 = DEFINITIONAL_REPRESENTATION('',(#3149),#3180);
#3149 = B_SPLINE_CURVE_WITH_KNOTS('',8,(#3150,#3151,#3152,#3153,#3154,
    #3155,#3156,#3157,#3158,#3159,#3160,#3161,#3162,#3163,#3164,#3165,
    #3166,#3167,#3168,#3169,#3170,#3171,#3172,#3173,#3174,#3175,#3176,
    #3177,#3178,#3179),.UNSPECIFIED.,.T.,.F.,(9,7,7,7,9),(0.,
    0.250000000009,0.500000000011,0.750000000006,1.),.UNSPECIFIED.);
#3150 = CARTESIAN_POINT('',(0.670453198707,39.));
#3151 = CARTESIAN_POINT('',(0.670453198707,39.092926146406));
#3152 = CARTESIAN_POINT('',(0.669823333544,39.187433586138));
#3153 = CARTESIAN_POINT('',(0.668526016304,39.27838165436));
#3154 = CARTESIAN_POINT('',(0.666579034545,39.360131472547));
#3155 = CARTESIAN_POINT('',(0.664056860917,39.427241390859));
#3156 = CARTESIAN_POINT('',(0.661086534652,39.475025334397));
#3157 = CARTESIAN_POINT('',(0.65783380019,39.5));
#3158 = CARTESIAN_POINT('',(0.651163138806,39.5));
#3159 = CARTESIAN_POINT('',(0.647910404343,39.475025334398));
#3160 = CARTESIAN_POINT('',(0.644940078079,39.427241390858));
#3161 = CARTESIAN_POINT('',(0.642417904451,39.360131472546));
#3162 = CARTESIAN_POINT('',(0.640470922692,39.278381654359));
#3163 = CARTESIAN_POINT('',(0.639173605452,39.187433586139));
#3164 = CARTESIAN_POINT('',(0.638543740289,39.092926146408));
#3165 = CARTESIAN_POINT('',(0.638543740289,38.907073853594));
#3166 = CARTESIAN_POINT('',(0.639173605452,38.812566413861));
#3167 = CARTESIAN_POINT('',(0.640470922692,38.72161834564));
#3168 = CARTESIAN_POINT('',(0.642417904451,38.639868527453));
#3169 = CARTESIAN_POINT('',(0.644940078079,38.572758609141));
#3170 = CARTESIAN_POINT('',(0.647910404344,38.524974665603));
#3171 = CARTESIAN_POINT('',(0.651163138806,38.5));
#3172 = CARTESIAN_POINT('',(0.65783380019,38.5));
#3173 = CARTESIAN_POINT('',(0.661086534652,38.524974665603));
#3174 = CARTESIAN_POINT('',(0.664056860917,38.572758609142));
#3175 = CARTESIAN_POINT('',(0.666579034545,38.639868527452));
#3176 = CARTESIAN_POINT('',(0.668526016304,38.721618345641));
#3177 = CARTESIAN_POINT('',(0.669823333544,38.81256641386));
#3178 = CARTESIAN_POINT('',(0.670453198707,38.907073853594));
#3179 = CARTESIAN_POINT('',(0.670453198707,39.));
#3180 = ( GEOMETRIC_REPRESENTATION_CONTEXT(2) 
PARAMETRIC_REPRESENTATION_CONTEXT() REPRESENTATION_CONTEXT('2D SPACE',''
  ) );
#3181 = PCURVE('',#3182,#3187);
#3182 = CYLINDRICAL_SURFACE('',#3183,0.5);
#3183 = AXIS2_PLACEMENT_3D('',#3184,#3185,#3186);
#3184 = CARTESIAN_POINT('',(224.46701701458,-726.2257975293,-5.2015E+03)
  );
#3185 = DIRECTION('',(0.793353340291,0.608761429009,0.));
#3186 = DIRECTION('',(-0.608761429009,0.793353340291,0.));
#3187 = DEFINITIONAL_REPRESENTATION('',(#3188),#3219);
#3188 = B_SPLINE_CURVE_WITH_KNOTS('',8,(#3189,#3190,#3191,#3192,#3193,
    #3194,#3195,#3196,#3197,#3198,#3199,#3200,#3201,#3202,#3203,#3204,
    #3205,#3206,#3207,#3208,#3209,#3210,#3211,#3212,#3213,#3214,#3215,
    #3216,#3217,#3218),.UNSPECIFIED.,.F.,.F.,(9,7,7,7,9),(0.,
    0.250000000009,0.500000000011,0.750000000006,1.),.UNSPECIFIED.);
#3189 = CARTESIAN_POINT('',(0.,0.496011233085));
#3190 = CARTESIAN_POINT('',(0.185852292812,0.496011233085));
#3191 = CARTESIAN_POINT('',(0.374867222657,0.496326213582));
#3192 = CARTESIAN_POINT('',(0.566545073817,0.496974593309));
#3193 = CARTESIAN_POINT('',(0.760791483593,0.497879284326));
#3194 = CARTESIAN_POINT('',(0.957760989587,0.498839444016));
#3195 = CARTESIAN_POINT('',(1.157855611896,0.499601506198));
#3196 = CARTESIAN_POINT('',(1.361737799,0.5));
#3197 = CARTESIAN_POINT('',(1.779854854584,0.5));
#3198 = CARTESIAN_POINT('',(1.983737041694,0.499601506198));
#3199 = CARTESIAN_POINT('',(2.183831664005,0.498839444016));
#3200 = CARTESIAN_POINT('',(2.380801170001,0.497879284326));
#3201 = CARTESIAN_POINT('',(2.575047579774,0.496974593309));
#3202 = CARTESIAN_POINT('',(2.766725430932,0.496326213582));
#3203 = CARTESIAN_POINT('',(2.955740360774,0.496011233085));
#3204 = CARTESIAN_POINT('',(3.327444946401,0.496011233085));
#3205 = CARTESIAN_POINT('',(3.516459876247,0.496326213582));
#3206 = CARTESIAN_POINT('',(3.708137727405,0.496974593309));
#3207 = CARTESIAN_POINT('',(3.902384137185,0.497879284326));
#3208 = CARTESIAN_POINT('',(4.099353643175,0.498839444016));
#3209 = CARTESIAN_POINT('',(4.299448265487,0.499601506198));
#3210 = CARTESIAN_POINT('',(4.503330452589,0.5));
#3211 = CARTESIAN_POINT('',(4.921447508179,0.5));
#3212 = CARTESIAN_POINT('',(5.125329695283,0.499601506198));
#3213 = CARTESIAN_POINT('',(5.325424317597,0.498839444016));
#3214 = CARTESIAN_POINT('',(5.522393823582,0.497879284326));
#3215 = CARTESIAN_POINT('',(5.716640233367,0.496974593309));
#3216 = CARTESIAN_POINT('',(5.90831808452,0.496326213582));
#3217 = CARTESIAN_POINT('',(6.097333014368,0.496011233085));
#3218 = CARTESIAN_POINT('',(6.28318530718,0.496011233085));
#3219 = ( GEOMETRIC_REPRESENTATION_CONTEXT(2) 
PARAMETRIC_REPRESENTATION_CONTEXT() REPRESENTATION_CONTEXT('2D SPACE',''
  ) );
#3220 = FACE_BOUND('',#3221,.T.);
#3221 = EDGE_LOOP('',(#3222));
#3222 = ORIENTED_EDGE('',*,*,#3223,.F.);
#3223 = EDGE_CURVE('',#3224,#3224,#3226,.T.);
#3224 = VERTEX_POINT('',#3225);
#3225 = CARTESIAN_POINT('',(219.47283164783,-720.4438515313,-5.2015E+03)
  );
#3226 = SURFACE_CURVE('',#3227,(#3258,#3292),.PCURVE_S1.);
#3227 = B_SPLINE_CURVE_WITH_KNOTS('',8,(#3228,#3229,#3230,#3231,#3232,
    #3233,#3234,#3235,#3236,#3237,#3238,#3239,#3240,#3241,#3242,#3243,
    #3244,#3245,#3246,#3247,#3248,#3249,#3250,#3251,#3252,#3253,#3254,
    #3255,#3256,#3257),.UNSPECIFIED.,.T.,.F.,(9,7,7,7,9),(0.,
    0.250000000004,0.499999999996,0.749999999987,1.),.UNSPECIFIED.);
#3228 = CARTESIAN_POINT('',(219.47283164783,-720.4438515313,-5.2015E+03)
  );
#3229 = CARTESIAN_POINT('',(219.47283164783,-720.4438515313,
    -5.201592926146E+03));
#3230 = CARTESIAN_POINT('',(219.45736461945,-720.4315862388,
    -5.201687433586E+03));
#3231 = CARTESIAN_POINT('',(219.42550730572,-720.4063239974,
    -5.201778381654E+03));
#3232 = CARTESIAN_POINT('',(219.37765425689,-720.3684647235,
    -5.201860131473E+03));
#3233 = CARTESIAN_POINT('',(219.3155322161,-720.3195865503,
    -5.201927241391E+03));
#3234 = CARTESIAN_POINT('',(219.24214422692,-720.2623134072,
    -5.201975025334E+03));
#3235 = CARTESIAN_POINT('',(219.1615118258,-720.1999396993,-5.202E+03));
#3236 = CARTESIAN_POINT('',(218.99565454446,-720.0726729312,-5.202E+03)
  );
#3237 = CARTESIAN_POINT('',(218.91453696803,-720.010931516,
    -5.201975025334E+03));
#3238 = CARTESIAN_POINT('',(218.84022115072,-719.9548675421,
    -5.201927241391E+03));
#3239 = CARTESIAN_POINT('',(218.77693009356,-719.9075128607,
    -5.201860131473E+03));
#3240 = CARTESIAN_POINT('',(218.72797556273,-719.871089066,
    -5.201778381654E+03));
#3241 = CARTESIAN_POINT('',(218.69532883187,-719.8468556131,
    -5.201687433586E+03));
#3242 = CARTESIAN_POINT('',(218.67947830754,-719.8350901023,
    -5.201592926146E+03));
#3243 = CARTESIAN_POINT('',(218.67947830754,-719.8350901023,
    -5.201407073854E+03));
#3244 = CARTESIAN_POINT('',(218.69532883187,-719.8468556131,
    -5.201312566414E+03));
#3245 = CARTESIAN_POINT('',(218.72797556273,-719.871089066,
    -5.201221618346E+03));
#3246 = CARTESIAN_POINT('',(218.77693009355,-719.9075128607,
    -5.201139868527E+03));
#3247 = CARTESIAN_POINT('',(218.84022115072,-719.9548675421,
    -5.201072758609E+03));
#3248 = CARTESIAN_POINT('',(218.91453696803,-720.010931516,
    -5.201024974666E+03));
#3249 = CARTESIAN_POINT('',(218.99565454446,-720.0726729312,-5.201E+03)
  );
#3250 = CARTESIAN_POINT('',(219.1615118258,-720.1999396993,-5.201E+03));
#3251 = CARTESIAN_POINT('',(219.24214422692,-720.2623134072,
    -5.201024974666E+03));
#3252 = CARTESIAN_POINT('',(219.3155322161,-720.3195865503,
    -5.201072758609E+03));
#3253 = CARTESIAN_POINT('',(219.37765425689,-720.3684647235,
    -5.201139868527E+03));
#3254 = CARTESIAN_POINT('',(219.42550730572,-720.4063239974,
    -5.201221618346E+03));
#3255 = CARTESIAN_POINT('',(219.45736461945,-720.4315862388,
    -5.201312566414E+03));
#3256 = CARTESIAN_POINT('',(219.47283164783,-720.4438515313,
    -5.201407073854E+03));
#3257 = CARTESIAN_POINT('',(219.47283164783,-720.4438515313,-5.2015E+03)
  );
#3258 = PCURVE('',#51,#3259);
#3259 = DEFINITIONAL_REPRESENTATION('',(#3260),#3291);
#3260 = B_SPLINE_CURVE_WITH_KNOTS('',8,(#3261,#3262,#3263,#3264,#3265,
    #3266,#3267,#3268,#3269,#3270,#3271,#3272,#3273,#3274,#3275,#3276,
    #3277,#3278,#3279,#3280,#3281,#3282,#3283,#3284,#3285,#3286,#3287,
    #3288,#3289,#3290),.UNSPECIFIED.,.T.,.F.,(9,7,7,7,9),(0.,
    0.250000000004,0.499999999996,0.749999999987,1.),.UNSPECIFIED.);
#3261 = CARTESIAN_POINT('',(0.900343128088,39.));
#3262 = CARTESIAN_POINT('',(0.900343128088,38.907073853593));
#3263 = CARTESIAN_POINT('',(0.900972993251,38.812566413861));
#3264 = CARTESIAN_POINT('',(0.902270310491,38.72161834564));
#3265 = CARTESIAN_POINT('',(0.90421729225,38.639868527453));
#3266 = CARTESIAN_POINT('',(0.906739465878,38.572758609142));
#3267 = CARTESIAN_POINT('',(0.909709792143,38.524974665603));
#3268 = CARTESIAN_POINT('',(0.912962526605,38.5));
#3269 = CARTESIAN_POINT('',(0.919633187989,38.5));
#3270 = CARTESIAN_POINT('',(0.922885922451,38.5249746656));
#3271 = CARTESIAN_POINT('',(0.925856248716,38.572758609142));
#3272 = CARTESIAN_POINT('',(0.928378422344,38.639868527457));
#3273 = CARTESIAN_POINT('',(0.930325404103,38.721618345642));
#3274 = CARTESIAN_POINT('',(0.931622721343,38.812566413859));
#3275 = CARTESIAN_POINT('',(0.932252586506,38.90707385359));
#3276 = CARTESIAN_POINT('',(0.932252586506,39.09292614641));
#3277 = CARTESIAN_POINT('',(0.931622721343,39.18743358614));
#3278 = CARTESIAN_POINT('',(0.930325404103,39.278381654359));
#3279 = CARTESIAN_POINT('',(0.928378422344,39.360131472542));
#3280 = CARTESIAN_POINT('',(0.925856248716,39.427241390858));
#3281 = CARTESIAN_POINT('',(0.922885922451,39.4750253344));
#3282 = CARTESIAN_POINT('',(0.919633187989,39.5));
#3283 = CARTESIAN_POINT('',(0.912962526605,39.5));
#3284 = CARTESIAN_POINT('',(0.909709792143,39.475025334396));
#3285 = CARTESIAN_POINT('',(0.906739465878,39.427241390857));
#3286 = CARTESIAN_POINT('',(0.90421729225,39.360131472551));
#3287 = CARTESIAN_POINT('',(0.902270310491,39.278381654361));
#3288 = CARTESIAN_POINT('',(0.900972993251,39.187433586137));
#3289 = CARTESIAN_POINT('',(0.900343128088,39.092926146404));
#3290 = CARTESIAN_POINT('',(0.900343128088,39.));
#3291 = ( GEOMETRIC_REPRESENTATION_CONTEXT(2) 
PARAMETRIC_REPRESENTATION_CONTEXT() REPRESENTATION_CONTEXT('2D SPACE',''
  ) );
#3292 = PCURVE('',#3293,#3298);
#3293 = CYLINDRICAL_SURFACE('',#3294,0.5);
#3294 = AXIS2_PLACEMENT_3D('',#3295,#3296,#3297);
#3295 = CARTESIAN_POINT('',(218.77420247062,-720.5329829854,-5.2015E+03)
  );
#3296 = DIRECTION('',(0.608761429009,0.793353340291,0.));
#3297 = DIRECTION('',(0.793353340291,-0.608761429009,0.));
#3298 = DEFINITIONAL_REPRESENTATION('',(#3299),#3330);
#3299 = B_SPLINE_CURVE_WITH_KNOTS('',8,(#3300,#3301,#3302,#3303,#3304,
    #3305,#3306,#3307,#3308,#3309,#3310,#3311,#3312,#3313,#3314,#3315,
    #3316,#3317,#3318,#3319,#3320,#3321,#3322,#3323,#3324,#3325,#3326,
    #3327,#3328,#3329),.UNSPECIFIED.,.F.,.F.,(9,7,7,7,9),(0.,
    0.250000000004,0.499999999996,0.749999999987,1.),.UNSPECIFIED.);
#3300 = CARTESIAN_POINT('',(0.,0.496011233085));
#3301 = CARTESIAN_POINT('',(0.185852292813,0.496011233085));
#3302 = CARTESIAN_POINT('',(0.374867222657,0.496326213582));
#3303 = CARTESIAN_POINT('',(0.566545073816,0.496974593309));
#3304 = CARTESIAN_POINT('',(0.760791483593,0.497879284326));
#3305 = CARTESIAN_POINT('',(0.957760989584,0.498839444016));
#3306 = CARTESIAN_POINT('',(1.157855611897,0.499601506198));
#3307 = CARTESIAN_POINT('',(1.361737799001,0.5));
#3308 = CARTESIAN_POINT('',(1.779854854577,0.5));
#3309 = CARTESIAN_POINT('',(1.983737041692,0.499601506198));
#3310 = CARTESIAN_POINT('',(2.183831664008,0.498839444016));
#3311 = CARTESIAN_POINT('',(2.380801170008,0.497879284326));
#3312 = CARTESIAN_POINT('',(2.575047579775,0.496974593309));
#3313 = CARTESIAN_POINT('',(2.766725430929,0.496326213582));
#3314 = CARTESIAN_POINT('',(2.95574036077,0.496011233085));
#3315 = CARTESIAN_POINT('',(3.32744494641,0.496011233085));
#3316 = CARTESIAN_POINT('',(3.516459876248,0.496326213582));
#3317 = CARTESIAN_POINT('',(3.708137727408,0.496974593309));
#3318 = CARTESIAN_POINT('',(3.902384137168,0.497879284326));
#3319 = CARTESIAN_POINT('',(4.099353643175,0.498839444016));
#3320 = CARTESIAN_POINT('',(4.299448265485,0.499601506198));
#3321 = CARTESIAN_POINT('',(4.503330452603,0.5));
#3322 = CARTESIAN_POINT('',(4.921447508185,0.5));
#3323 = CARTESIAN_POINT('',(5.125329695287,0.499601506198));
#3324 = CARTESIAN_POINT('',(5.325424317592,0.498839444016));
#3325 = CARTESIAN_POINT('',(5.522393823579,0.497879284326));
#3326 = CARTESIAN_POINT('',(5.716640233362,0.496974593309));
#3327 = CARTESIAN_POINT('',(5.908318084525,0.496326213582));
#3328 = CARTESIAN_POINT('',(6.097333014371,0.496011233085));
#3329 = CARTESIAN_POINT('',(6.28318530718,0.496011233085));
#3330 = ( GEOMETRIC_REPRESENTATION_CONTEXT(2) 
PARAMETRIC_REPRESENTATION_CONTEXT() REPRESENTATION_CONTEXT('2D SPACE',''
  ) );
#3331 = FACE_BOUND('',#3332,.T.);
#3332 = EDGE_LOOP('',(#3333));
#3333 = ORIENTED_EDGE('',*,*,#3334,.F.);
#3334 = EDGE_CURVE('',#3335,#3335,#3337,.T.);
#3335 = VERTEX_POINT('',#3336);
#3336 = CARTESIAN_POINT('',(212.45371210156,-716.2406423073,-5.2015E+03)
  );
#3337 = SURFACE_CURVE('',#3338,(#3369,#3403),.PCURVE_S1.);
#3338 = B_SPLINE_CURVE_WITH_KNOTS('',8,(#3339,#3340,#3341,#3342,#3343,
    #3344,#3345,#3346,#3347,#3348,#3349,#3350,#3351,#3352,#3353,#3354,
    #3355,#3356,#3357,#3358,#3359,#3360,#3361,#3362,#3363,#3364,#3365,
    #3366,#3367,#3368),.UNSPECIFIED.,.T.,.F.,(9,7,7,7,9),(0.,
    0.249999999992,0.49999999999,0.749999999993,1.),.UNSPECIFIED.);
#3339 = CARTESIAN_POINT('',(212.45371210156,-716.2406423073,-5.2015E+03)
  );
#3340 = CARTESIAN_POINT('',(212.45371210156,-716.2406423073,
    -5.201592926146E+03));
#3341 = CARTESIAN_POINT('',(212.4355976081,-716.232798106,
    -5.201687433586E+03));
#3342 = CARTESIAN_POINT('',(212.39828745683,-716.2166419342,
    -5.201778381654E+03));
#3343 = CARTESIAN_POINT('',(212.34226625998,-716.1924579642,
    -5.201860131473E+03));
#3344 = CARTESIAN_POINT('',(212.26961037427,-716.1613236416,
    -5.201927241391E+03));
#3345 = CARTESIAN_POINT('',(212.18389963998,-716.1249962428,
    -5.201975025334E+03));
#3346 = CARTESIAN_POINT('',(212.08987121778,-716.0856170685,-5.202E+03)
  );
#3347 = CARTESIAN_POINT('',(211.89672632286,-716.0056138336,-5.202E+03)
  );
#3348 = CARTESIAN_POINT('',(211.8023929067,-715.9669709798,
    -5.201975025334E+03));
#3349 = CARTESIAN_POINT('',(211.71609891527,-715.9320516883,
    -5.201927241391E+03));
#3350 = CARTESIAN_POINT('',(211.64270815515,-715.9026915095,
    -5.201860131473E+03));
#3351 = CARTESIAN_POINT('',(211.58599453777,-715.8801791905,
    -5.201778381654E+03));
#3352 = CARTESIAN_POINT('',(211.54818813814,-715.8652210682,
    -5.201687433586E+03));
#3353 = CARTESIAN_POINT('',(211.52983256905,-715.857958875,
    -5.201592926146E+03));
#3354 = CARTESIAN_POINT('',(211.52983256905,-715.857958875,
    -5.201407073854E+03));
#3355 = CARTESIAN_POINT('',(211.54818813815,-715.8652210682,
    -5.201312566414E+03));
#3356 = CARTESIAN_POINT('',(211.58599453777,-715.8801791905,
    -5.201221618346E+03));
#3357 = CARTESIAN_POINT('',(211.64270815515,-715.9026915095,
    -5.201139868527E+03));
#3358 = CARTESIAN_POINT('',(211.71609891527,-715.9320516883,
    -5.201072758609E+03));
#3359 = CARTESIAN_POINT('',(211.8023929067,-715.9669709798,
    -5.201024974666E+03));
#3360 = CARTESIAN_POINT('',(211.89672632286,-716.0056138336,-5.201E+03)
  );
#3361 = CARTESIAN_POINT('',(212.08987121778,-716.0856170685,-5.201E+03)
  );
#3362 = CARTESIAN_POINT('',(212.18389963998,-716.1249962428,
    -5.201024974666E+03));
#3363 = CARTESIAN_POINT('',(212.26961037427,-716.1613236416,
    -5.201072758609E+03));
#3364 = CARTESIAN_POINT('',(212.34226625998,-716.1924579642,
    -5.201139868527E+03));
#3365 = CARTESIAN_POINT('',(212.39828745682,-716.2166419342,
    -5.201221618346E+03));
#3366 = CARTESIAN_POINT('',(212.4355976081,-716.232798106,
    -5.201312566414E+03));
#3367 = CARTESIAN_POINT('',(212.45371210156,-716.2406423073,
    -5.201407073854E+03));
#3368 = CARTESIAN_POINT('',(212.45371210156,-716.2406423073,-5.2015E+03)
  );
#3369 = PCURVE('',#51,#3370);
#3370 = DEFINITIONAL_REPRESENTATION('',(#3371),#3402);
#3371 = B_SPLINE_CURVE_WITH_KNOTS('',8,(#3372,#3373,#3374,#3375,#3376,
    #3377,#3378,#3379,#3380,#3381,#3382,#3383,#3384,#3385,#3386,#3387,
    #3388,#3389,#3390,#3391,#3392,#3393,#3394,#3395,#3396,#3397,#3398,
    #3399,#3400,#3401),.UNSPECIFIED.,.T.,.F.,(9,7,7,7,9),(0.,
    0.249999999992,0.49999999999,0.749999999993,1.),.UNSPECIFIED.);
#3372 = CARTESIAN_POINT('',(1.162142515887,39.));
#3373 = CARTESIAN_POINT('',(1.162142515887,38.907073853591));
#3374 = CARTESIAN_POINT('',(1.162772381051,38.81256641386));
#3375 = CARTESIAN_POINT('',(1.16406969829,38.721618345642));
#3376 = CARTESIAN_POINT('',(1.166016680049,38.639868527455));
#3377 = CARTESIAN_POINT('',(1.168538853677,38.572758609142));
#3378 = CARTESIAN_POINT('',(1.171509179942,38.524974665601));
#3379 = CARTESIAN_POINT('',(1.174761914404,38.5));
#3380 = CARTESIAN_POINT('',(1.181432575788,38.5));
#3381 = CARTESIAN_POINT('',(1.184685310251,38.524974665602));
#3382 = CARTESIAN_POINT('',(1.187655636515,38.572758609142));
#3383 = CARTESIAN_POINT('',(1.190177810143,38.639868527453));
#3384 = CARTESIAN_POINT('',(1.192124791902,38.721618345642));
#3385 = CARTESIAN_POINT('',(1.193422109142,38.81256641386));
#3386 = CARTESIAN_POINT('',(1.194051974305,38.907073853593));
#3387 = CARTESIAN_POINT('',(1.194051974305,39.092926146409));
#3388 = CARTESIAN_POINT('',(1.193422109142,39.187433586141));
#3389 = CARTESIAN_POINT('',(1.192124791902,39.278381654358));
#3390 = CARTESIAN_POINT('',(1.190177810143,39.360131472545));
#3391 = CARTESIAN_POINT('',(1.187655636515,39.427241390858));
#3392 = CARTESIAN_POINT('',(1.184685310251,39.475025334399));
#3393 = CARTESIAN_POINT('',(1.181432575788,39.5));
#3394 = CARTESIAN_POINT('',(1.174761914404,39.5));
#3395 = CARTESIAN_POINT('',(1.171509179942,39.475025334398));
#3396 = CARTESIAN_POINT('',(1.168538853677,39.42724139086));
#3397 = CARTESIAN_POINT('',(1.166016680049,39.360131472543));
#3398 = CARTESIAN_POINT('',(1.16406969829,39.27838165436));
#3399 = CARTESIAN_POINT('',(1.162772381051,39.187433586139));
#3400 = CARTESIAN_POINT('',(1.162142515887,39.092926146408));
#3401 = CARTESIAN_POINT('',(1.162142515887,39.));
#3402 = ( GEOMETRIC_REPRESENTATION_CONTEXT(2) 
PARAMETRIC_REPRESENTATION_CONTEXT() REPRESENTATION_CONTEXT('2D SPACE',''
  ) );
#3403 = PCURVE('',#3404,#3409);
#3404 = CYLINDRICAL_SURFACE('',#3405,0.5);
#3405 = AXIS2_PLACEMENT_3D('',#3406,#3407,#3408);
#3406 = CARTESIAN_POINT('',(211.80195705413,-716.5075552173,-5.2015E+03)
  );
#3407 = DIRECTION('',(0.382683432365,0.923879532511,0.));
#3408 = DIRECTION('',(0.923879532511,-0.382683432365,0.));
#3409 = DEFINITIONAL_REPRESENTATION('',(#3410),#3441);
#3410 = B_SPLINE_CURVE_WITH_KNOTS('',8,(#3411,#3412,#3413,#3414,#3415,
    #3416,#3417,#3418,#3419,#3420,#3421,#3422,#3423,#3424,#3425,#3426,
    #3427,#3428,#3429,#3430,#3431,#3432,#3433,#3434,#3435,#3436,#3437,
    #3438,#3439,#3440),.UNSPECIFIED.,.F.,.F.,(9,7,7,7,9),(0.,
    0.249999999992,0.49999999999,0.749999999993,1.),.UNSPECIFIED.);
#3411 = CARTESIAN_POINT('',(0.,0.496011233084));
#3412 = CARTESIAN_POINT('',(0.185852292817,0.496011233084));
#3413 = CARTESIAN_POINT('',(0.374867222661,0.496326213581));
#3414 = CARTESIAN_POINT('',(0.566545073813,0.496974593309));
#3415 = CARTESIAN_POINT('',(0.760791483588,0.497879284326));
#3416 = CARTESIAN_POINT('',(0.957760989581,0.498839444016));
#3417 = CARTESIAN_POINT('',(1.157855611898,0.499601506198));
#3418 = CARTESIAN_POINT('',(1.361737799009,0.5));
#3419 = CARTESIAN_POINT('',(1.779854854586,0.5));
#3420 = CARTESIAN_POINT('',(1.983737041691,0.499601506198));
#3421 = CARTESIAN_POINT('',(2.183831664009,0.498839444016));
#3422 = CARTESIAN_POINT('',(2.380801169996,0.497879284326));
#3423 = CARTESIAN_POINT('',(2.575047579777,0.496974593309));
#3424 = CARTESIAN_POINT('',(2.76672543093,0.496326213581));
#3425 = CARTESIAN_POINT('',(2.955740360776,0.496011233084));
#3426 = CARTESIAN_POINT('',(3.327444946408,0.496011233084));
#3427 = CARTESIAN_POINT('',(3.516459876252,0.496326213581));
#3428 = CARTESIAN_POINT('',(3.7081377274,0.496974593309));
#3429 = CARTESIAN_POINT('',(3.90238413718,0.497879284326));
#3430 = CARTESIAN_POINT('',(4.099353643167,0.498839444016));
#3431 = CARTESIAN_POINT('',(4.299448265489,0.499601506198));
#3432 = CARTESIAN_POINT('',(4.503330452599,0.5));
#3433 = CARTESIAN_POINT('',(4.921447508173,0.5));
#3434 = CARTESIAN_POINT('',(5.125329695282,0.499601506198));
#3435 = CARTESIAN_POINT('',(5.325424317594,0.498839444016));
#3436 = CARTESIAN_POINT('',(5.522393823598,0.497879284326));
#3437 = CARTESIAN_POINT('',(5.71664023336,0.496974593309));
#3438 = CARTESIAN_POINT('',(5.908318084521,0.496326213581));
#3439 = CARTESIAN_POINT('',(6.097333014364,0.496011233084));
#3440 = CARTESIAN_POINT('',(6.28318530718,0.496011233084));
#3441 = ( GEOMETRIC_REPRESENTATION_CONTEXT(2) 
PARAMETRIC_REPRESENTATION_CONTEXT() REPRESENTATION_CONTEXT('2D SPACE',''
  ) );
#3442 = FACE_BOUND('',#3443,.T.);
#3443 = EDGE_LOOP('',(#3444));
#3444 = ORIENTED_EDGE('',*,*,#3445,.F.);
#3445 = EDGE_CURVE('',#3446,#3446,#3448,.T.);
#3446 = VERTEX_POINT('',#3447);
#3447 = CARTESIAN_POINT('',(204.5858926563,-713.9973357831,-5.2015E+03)
  );
#3448 = SURFACE_CURVE('',#3449,(#3480,#3514),.PCURVE_S1.);
#3449 = B_SPLINE_CURVE_WITH_KNOTS('',8,(#3450,#3451,#3452,#3453,#3454,
    #3455,#3456,#3457,#3458,#3459,#3460,#3461,#3462,#3463,#3464,#3465,
    #3466,#3467,#3468,#3469,#3470,#3471,#3472,#3473,#3474,#3475,#3476,
    #3477,#3478,#3479),.UNSPECIFIED.,.T.,.F.,(9,7,7,7,9),(0.,
    0.250000000006,0.500000000006,0.750000000006,1.),.UNSPECIFIED.);
#3450 = CARTESIAN_POINT('',(204.5858926563,-713.9973357831,-5.2015E+03)
  );
#3451 = CARTESIAN_POINT('',(204.5858926563,-713.9973357831,
    -5.201592926146E+03));
#3452 = CARTESIAN_POINT('',(204.56636517055,-713.9944472423,
    -5.201687433586E+03));
#3453 = CARTESIAN_POINT('',(204.52614480689,-713.9884981564,
    -5.201778381654E+03));
#3454 = CARTESIAN_POINT('',(204.465773214,-713.9796375879,
    -5.201860131473E+03));
#3455 = CARTESIAN_POINT('',(204.38753486192,-713.9683688686,
    -5.201927241391E+03));
#3456 = CARTESIAN_POINT('',(204.29534242743,-713.9554628663,
    -5.201975025334E+03));
#3457 = CARTESIAN_POINT('',(204.19432586572,-713.9417618513,-5.202E+03)
  );
#3458 = CARTESIAN_POINT('',(203.98705586262,-713.9144742377,-5.202E+03)
  );
#3459 = CARTESIAN_POINT('',(203.88593527316,-713.9015633919,
    -5.201975025334E+03));
#3460 = CARTESIAN_POINT('',(203.79354390052,-713.890168475,
    -5.201927241391E+03));
#3461 = CARTESIAN_POINT('',(203.71505489646,-713.8808036464,
    -5.201860131473E+03));
#3462 = CARTESIAN_POINT('',(203.65444713183,-713.8737369804,
    -5.201778381654E+03));
#3463 = CARTESIAN_POINT('',(203.61405750709,-713.86907356,
    -5.201687433586E+03));
#3464 = CARTESIAN_POINT('',(203.59444779493,-713.8668095908,
    -5.201592926146E+03));
#3465 = CARTESIAN_POINT('',(203.59444779493,-713.8668095908,
    -5.201407073854E+03));
#3466 = CARTESIAN_POINT('',(203.61405750709,-713.86907356,
    -5.201312566414E+03));
#3467 = CARTESIAN_POINT('',(203.65444713183,-713.8737369804,
    -5.201221618346E+03));
#3468 = CARTESIAN_POINT('',(203.71505489646,-713.8808036464,
    -5.201139868527E+03));
#3469 = CARTESIAN_POINT('',(203.79354390052,-713.890168475,
    -5.201072758609E+03));
#3470 = CARTESIAN_POINT('',(203.88593527316,-713.9015633919,
    -5.201024974666E+03));
#3471 = CARTESIAN_POINT('',(203.98705586262,-713.9144742377,-5.201E+03)
  );
#3472 = CARTESIAN_POINT('',(204.19432586572,-713.9417618513,-5.201E+03)
  );
#3473 = CARTESIAN_POINT('',(204.29534242743,-713.9554628663,
    -5.201024974666E+03));
#3474 = CARTESIAN_POINT('',(204.38753486192,-713.9683688686,
    -5.201072758609E+03));
#3475 = CARTESIAN_POINT('',(204.465773214,-713.9796375879,
    -5.201139868527E+03));
#3476 = CARTESIAN_POINT('',(204.52614480689,-713.9884981564,
    -5.201221618346E+03));
#3477 = CARTESIAN_POINT('',(204.56636517055,-713.9944472423,
    -5.201312566414E+03));
#3478 = CARTESIAN_POINT('',(204.5858926563,-713.9973357831,
    -5.201407073854E+03));
#3479 = CARTESIAN_POINT('',(204.5858926563,-713.9973357831,-5.2015E+03)
  );
#3480 = PCURVE('',#51,#3481);
#3481 = DEFINITIONAL_REPRESENTATION('',(#3482),#3513);
#3482 = B_SPLINE_CURVE_WITH_KNOTS('',8,(#3483,#3484,#3485,#3486,#3487,
    #3488,#3489,#3490,#3491,#3492,#3493,#3494,#3495,#3496,#3497,#3498,
    #3499,#3500,#3501,#3502,#3503,#3504,#3505,#3506,#3507,#3508,#3509,
    #3510,#3511,#3512),.UNSPECIFIED.,.T.,.F.,(9,7,7,7,9),(0.,
    0.250000000006,0.500000000006,0.750000000006,1.),.UNSPECIFIED.);
#3483 = CARTESIAN_POINT('',(1.423941903686,39.));
#3484 = CARTESIAN_POINT('',(1.423941903686,38.907073853593));
#3485 = CARTESIAN_POINT('',(1.42457176885,38.812566413861));
#3486 = CARTESIAN_POINT('',(1.425869086089,38.72161834564));
#3487 = CARTESIAN_POINT('',(1.427816067849,38.639868527453));
#3488 = CARTESIAN_POINT('',(1.430338241476,38.572758609142));
#3489 = CARTESIAN_POINT('',(1.433308567741,38.524974665603));
#3490 = CARTESIAN_POINT('',(1.436561302203,38.5));
#3491 = CARTESIAN_POINT('',(1.443231963588,38.5));
#3492 = CARTESIAN_POINT('',(1.44648469805,38.524974665602));
#3493 = CARTESIAN_POINT('',(1.449455024314,38.572758609142));
#3494 = CARTESIAN_POINT('',(1.451977197942,38.639868527455));
#3495 = CARTESIAN_POINT('',(1.453924179702,38.721618345641));
#3496 = CARTESIAN_POINT('',(1.455221496941,38.81256641386));
#3497 = CARTESIAN_POINT('',(1.455851362104,38.907073853592));
#3498 = CARTESIAN_POINT('',(1.455851362104,39.092926146408));
#3499 = CARTESIAN_POINT('',(1.455221496941,39.187433586139));
#3500 = CARTESIAN_POINT('',(1.453924179702,39.278381654359));
#3501 = CARTESIAN_POINT('',(1.451977197942,39.360131472546));
#3502 = CARTESIAN_POINT('',(1.449455024314,39.427241390858));
#3503 = CARTESIAN_POINT('',(1.44648469805,39.475025334398));
#3504 = CARTESIAN_POINT('',(1.443231963588,39.5));
#3505 = CARTESIAN_POINT('',(1.436561302203,39.5));
#3506 = CARTESIAN_POINT('',(1.433308567741,39.4750253344));
#3507 = CARTESIAN_POINT('',(1.430338241476,39.427241390857));
#3508 = CARTESIAN_POINT('',(1.427816067849,39.360131472544));
#3509 = CARTESIAN_POINT('',(1.425869086089,39.278381654357));
#3510 = CARTESIAN_POINT('',(1.42457176885,39.187433586141));
#3511 = CARTESIAN_POINT('',(1.423941903686,39.09292614641));
#3512 = CARTESIAN_POINT('',(1.423941903686,39.));
#3513 = ( GEOMETRIC_REPRESENTATION_CONTEXT(2) 
PARAMETRIC_REPRESENTATION_CONTEXT() REPRESENTATION_CONTEXT('2D SPACE',''
  ) );
#3514 = PCURVE('',#3515,#3520);
#3515 = CYLINDRICAL_SURFACE('',#3516,0.5);
#3516 = AXIS2_PLACEMENT_3D('',#3517,#3518,#3519);
#3517 = CARTESIAN_POINT('',(204.02542776806,-714.4238404752,-5.2015E+03)
  );
#3518 = DIRECTION('',(0.13052619222,0.991444861374,0.));
#3519 = DIRECTION('',(0.991444861374,-0.13052619222,0.));
#3520 = DEFINITIONAL_REPRESENTATION('',(#3521),#3552);
#3521 = B_SPLINE_CURVE_WITH_KNOTS('',8,(#3522,#3523,#3524,#3525,#3526,
    #3527,#3528,#3529,#3530,#3531,#3532,#3533,#3534,#3535,#3536,#3537,
    #3538,#3539,#3540,#3541,#3542,#3543,#3544,#3545,#3546,#3547,#3548,
    #3549,#3550,#3551),.UNSPECIFIED.,.F.,.F.,(9,7,7,7,9),(0.,
    0.250000000006,0.500000000006,0.750000000006,1.),.UNSPECIFIED.);
#3522 = CARTESIAN_POINT('',(0.,0.496011233085));
#3523 = CARTESIAN_POINT('',(0.185852292814,0.496011233085));
#3524 = CARTESIAN_POINT('',(0.374867222658,0.496326213582));
#3525 = CARTESIAN_POINT('',(0.566545073815,0.496974593309));
#3526 = CARTESIAN_POINT('',(0.760791483592,0.497879284326));
#3527 = CARTESIAN_POINT('',(0.957760989584,0.498839444016));
#3528 = CARTESIAN_POINT('',(1.157855611897,0.499601506198));
#3529 = CARTESIAN_POINT('',(1.361737799003,0.5));
#3530 = CARTESIAN_POINT('',(1.779854854582,0.5));
#3531 = CARTESIAN_POINT('',(1.983737041693,0.499601506198));
#3532 = CARTESIAN_POINT('',(2.183831664006,0.498839444016));
#3533 = CARTESIAN_POINT('',(2.380801170003,0.497879284326));
#3534 = CARTESIAN_POINT('',(2.575047579775,0.496974593309));
#3535 = CARTESIAN_POINT('',(2.766725430931,0.496326213582));
#3536 = CARTESIAN_POINT('',(2.955740360773,0.496011233085));
#3537 = CARTESIAN_POINT('',(3.327444946406,0.496011233085));
#3538 = CARTESIAN_POINT('',(3.516459876248,0.496326213582));
#3539 = CARTESIAN_POINT('',(3.708137727406,0.496974593309));
#3540 = CARTESIAN_POINT('',(3.902384137177,0.497879284326));
#3541 = CARTESIAN_POINT('',(4.099353643175,0.498839444016));
#3542 = CARTESIAN_POINT('',(4.299448265485,0.499601506198));
#3543 = CARTESIAN_POINT('',(4.503330452596,0.5));
#3544 = CARTESIAN_POINT('',(4.921447508168,0.5));
#3545 = CARTESIAN_POINT('',(5.12532969528,0.499601506198));
#3546 = CARTESIAN_POINT('',(5.325424317603,0.498839444016));
#3547 = CARTESIAN_POINT('',(5.522393823592,0.497879284326));
#3548 = CARTESIAN_POINT('',(5.716640233369,0.496974593309));
#3549 = CARTESIAN_POINT('',(5.908318084517,0.496326213582));
#3550 = CARTESIAN_POINT('',(6.097333014359,0.496011233085));
#3551 = CARTESIAN_POINT('',(6.28318530718,0.496011233085));
#3552 = ( GEOMETRIC_REPRESENTATION_CONTEXT(2) 
PARAMETRIC_REPRESENTATION_CONTEXT() REPRESENTATION_CONTEXT('2D SPACE',''
  ) );
#3553 = FACE_BOUND('',#3554,.T.);
#3554 = EDGE_LOOP('',(#3555));
#3555 = ORIENTED_EDGE('',*,*,#3556,.F.);
#3556 = EDGE_CURVE('',#3557,#3557,#3559,.T.);
#3557 = VERTEX_POINT('',#3558);
#3558 = CARTESIAN_POINT('',(196.40555220506,-713.8668095908,-5.2015E+03)
  );
#3559 = SURFACE_CURVE('',#3560,(#3591,#3625),.PCURVE_S1.);
#3560 = B_SPLINE_CURVE_WITH_KNOTS('',8,(#3561,#3562,#3563,#3564,#3565,
    #3566,#3567,#3568,#3569,#3570,#3571,#3572,#3573,#3574,#3575,#3576,
    #3577,#3578,#3579,#3580,#3581,#3582,#3583,#3584,#3585,#3586,#3587,
    #3588,#3589,#3590),.UNSPECIFIED.,.T.,.F.,(9,7,7,7,9),(0.,
    0.250000000002,0.500000000004,0.750000000003,1.),.UNSPECIFIED.);
#3561 = CARTESIAN_POINT('',(196.40555220506,-713.8668095908,-5.2015E+03)
  );
#3562 = CARTESIAN_POINT('',(196.40555220506,-713.8668095908,
    -5.201592926146E+03));
#3563 = CARTESIAN_POINT('',(196.3859424929,-713.86907356,
    -5.201687433586E+03));
#3564 = CARTESIAN_POINT('',(196.34555286816,-713.8737369804,
    -5.201778381654E+03));
#3565 = CARTESIAN_POINT('',(196.28494510353,-713.8808036464,
    -5.201860131473E+03));
#3566 = CARTESIAN_POINT('',(196.20645609947,-713.890168475,
    -5.201927241391E+03));
#3567 = CARTESIAN_POINT('',(196.11406472683,-713.9015633919,
    -5.201975025334E+03));
#3568 = CARTESIAN_POINT('',(196.01294413737,-713.9144742377,-5.202E+03)
  );
#3569 = CARTESIAN_POINT('',(195.80567413427,-713.9417618513,-5.202E+03)
  );
#3570 = CARTESIAN_POINT('',(195.70465757256,-713.9554628663,
    -5.201975025334E+03));
#3571 = CARTESIAN_POINT('',(195.61246513808,-713.9683688686,
    -5.201927241391E+03));
#3572 = CARTESIAN_POINT('',(195.53422678599,-713.9796375879,
    -5.201860131473E+03));
#3573 = CARTESIAN_POINT('',(195.4738551931,-713.9884981564,
    -5.201778381654E+03));
#3574 = CARTESIAN_POINT('',(195.43363482944,-713.9944472423,
    -5.201687433586E+03));
#3575 = CARTESIAN_POINT('',(195.41410734369,-713.9973357831,
    -5.201592926146E+03));
#3576 = CARTESIAN_POINT('',(195.41410734369,-713.9973357831,
    -5.201407073854E+03));
#3577 = CARTESIAN_POINT('',(195.43363482944,-713.9944472423,
    -5.201312566414E+03));
#3578 = CARTESIAN_POINT('',(195.47385519311,-713.9884981564,
    -5.201221618346E+03));
#3579 = CARTESIAN_POINT('',(195.53422678599,-713.9796375879,
    -5.201139868527E+03));
#3580 = CARTESIAN_POINT('',(195.61246513808,-713.9683688686,
    -5.201072758609E+03));
#3581 = CARTESIAN_POINT('',(195.70465757256,-713.9554628663,
    -5.201024974666E+03));
#3582 = CARTESIAN_POINT('',(195.80567413427,-713.9417618513,-5.201E+03)
  );
#3583 = CARTESIAN_POINT('',(196.01294413737,-713.9144742377,-5.201E+03)
  );
#3584 = CARTESIAN_POINT('',(196.11406472683,-713.9015633919,
    -5.201024974666E+03));
#3585 = CARTESIAN_POINT('',(196.20645609947,-713.890168475,
    -5.201072758609E+03));
#3586 = CARTESIAN_POINT('',(196.28494510353,-713.8808036464,
    -5.201139868527E+03));
#3587 = CARTESIAN_POINT('',(196.34555286816,-713.8737369804,
    -5.201221618346E+03));
#3588 = CARTESIAN_POINT('',(196.3859424929,-713.86907356,
    -5.201312566414E+03));
#3589 = CARTESIAN_POINT('',(196.40555220506,-713.8668095908,
    -5.201407073854E+03));
#3590 = CARTESIAN_POINT('',(196.40555220506,-713.8668095908,-5.2015E+03)
  );
#3591 = PCURVE('',#51,#3592);
#3592 = DEFINITIONAL_REPRESENTATION('',(#3593),#3624);
#3593 = B_SPLINE_CURVE_WITH_KNOTS('',8,(#3594,#3595,#3596,#3597,#3598,
    #3599,#3600,#3601,#3602,#3603,#3604,#3605,#3606,#3607,#3608,#3609,
    #3610,#3611,#3612,#3613,#3614,#3615,#3616,#3617,#3618,#3619,#3620,
    #3621,#3622,#3623),.UNSPECIFIED.,.T.,.F.,(9,7,7,7,9),(0.,
    0.250000000002,0.500000000004,0.750000000003,1.),.UNSPECIFIED.);
#3594 = CARTESIAN_POINT('',(1.685741291485,39.));
#3595 = CARTESIAN_POINT('',(1.685741291485,38.907073853593));
#3596 = CARTESIAN_POINT('',(1.686371156649,38.812566413861));
#3597 = CARTESIAN_POINT('',(1.687668473888,38.72161834564));
#3598 = CARTESIAN_POINT('',(1.689615455648,38.639868527454));
#3599 = CARTESIAN_POINT('',(1.692137629276,38.572758609141));
#3600 = CARTESIAN_POINT('',(1.69510795554,38.524974665603));
#3601 = CARTESIAN_POINT('',(1.698360690002,38.5));
#3602 = CARTESIAN_POINT('',(1.705031351387,38.5));
#3603 = CARTESIAN_POINT('',(1.708284085849,38.524974665602));
#3604 = CARTESIAN_POINT('',(1.711254412113,38.572758609143));
#3605 = CARTESIAN_POINT('',(1.713776585741,38.639868527452));
#3606 = CARTESIAN_POINT('',(1.715723567501,38.721618345642));
#3607 = CARTESIAN_POINT('',(1.71702088474,38.812566413861));
#3608 = CARTESIAN_POINT('',(1.717650749904,38.907073853593));
#3609 = CARTESIAN_POINT('',(1.717650749904,39.092926146406));
#3610 = CARTESIAN_POINT('',(1.71702088474,39.187433586139));
#3611 = CARTESIAN_POINT('',(1.715723567501,39.278381654361));
#3612 = CARTESIAN_POINT('',(1.713776585741,39.360131472544));
#3613 = CARTESIAN_POINT('',(1.711254412113,39.42724139086));
#3614 = CARTESIAN_POINT('',(1.708284085849,39.475025334397));
#3615 = CARTESIAN_POINT('',(1.705031351387,39.5));
#3616 = CARTESIAN_POINT('',(1.698360690002,39.5));
#3617 = CARTESIAN_POINT('',(1.69510795554,39.475025334398));
#3618 = CARTESIAN_POINT('',(1.692137629275,39.427241390858));
#3619 = CARTESIAN_POINT('',(1.689615455648,39.360131472546));
#3620 = CARTESIAN_POINT('',(1.687668473888,39.278381654359));
#3621 = CARTESIAN_POINT('',(1.686371156649,39.18743358614));
#3622 = CARTESIAN_POINT('',(1.685741291485,39.092926146407));
#3623 = CARTESIAN_POINT('',(1.685741291485,39.));
#3624 = ( GEOMETRIC_REPRESENTATION_CONTEXT(2) 
PARAMETRIC_REPRESENTATION_CONTEXT() REPRESENTATION_CONTEXT('2D SPACE',''
  ) );
#3625 = PCURVE('',#3626,#3631);
#3626 = CYLINDRICAL_SURFACE('',#3627,0.5);
#3627 = AXIS2_PLACEMENT_3D('',#3628,#3629,#3630);
#3628 = CARTESIAN_POINT('',(195.97457223193,-714.4238404752,-5.2015E+03)
  );
#3629 = DIRECTION('',(-0.13052619222,0.991444861374,0.));
#3630 = DIRECTION('',(0.991444861374,0.13052619222,0.));
#3631 = DEFINITIONAL_REPRESENTATION('',(#3632),#3663);
#3632 = B_SPLINE_CURVE_WITH_KNOTS('',8,(#3633,#3634,#3635,#3636,#3637,
    #3638,#3639,#3640,#3641,#3642,#3643,#3644,#3645,#3646,#3647,#3648,
    #3649,#3650,#3651,#3652,#3653,#3654,#3655,#3656,#3657,#3658,#3659,
    #3660,#3661,#3662),.UNSPECIFIED.,.F.,.F.,(9,7,7,7,9),(0.,
    0.250000000002,0.500000000004,0.750000000003,1.),.UNSPECIFIED.);
#3633 = CARTESIAN_POINT('',(0.,0.496011233085));
#3634 = CARTESIAN_POINT('',(0.185852292814,0.496011233085));
#3635 = CARTESIAN_POINT('',(0.374867222658,0.496326213582));
#3636 = CARTESIAN_POINT('',(0.566545073817,0.496974593309));
#3637 = CARTESIAN_POINT('',(0.760791483589,0.497879284326));
#3638 = CARTESIAN_POINT('',(0.957760989585,0.498839444016));
#3639 = CARTESIAN_POINT('',(1.157855611897,0.499601506198));
#3640 = CARTESIAN_POINT('',(1.361737799004,0.5));
#3641 = CARTESIAN_POINT('',(1.779854854586,0.5));
#3642 = CARTESIAN_POINT('',(1.983737041694,0.499601506198));
#3643 = CARTESIAN_POINT('',(2.183831664006,0.498839444016));
#3644 = CARTESIAN_POINT('',(2.380801169996,0.497879284326));
#3645 = CARTESIAN_POINT('',(2.575047579777,0.496974593309));
#3646 = CARTESIAN_POINT('',(2.766725430931,0.496326213582));
#3647 = CARTESIAN_POINT('',(2.955740360776,0.496011233085));
#3648 = CARTESIAN_POINT('',(3.327444946403,0.496011233085));
#3649 = CARTESIAN_POINT('',(3.516459876247,0.496326213582));
#3650 = CARTESIAN_POINT('',(3.70813772741,0.496974593309));
#3651 = CARTESIAN_POINT('',(3.902384137175,0.497879284326));
#3652 = CARTESIAN_POINT('',(4.099353643178,0.498839444016));
#3653 = CARTESIAN_POINT('',(4.299448265486,0.499601506198));
#3654 = CARTESIAN_POINT('',(4.503330452592,0.5));
#3655 = CARTESIAN_POINT('',(4.921447508175,0.5));
#3656 = CARTESIAN_POINT('',(5.125329695282,0.499601506198));
#3657 = CARTESIAN_POINT('',(5.325424317599,0.498839444016));
#3658 = CARTESIAN_POINT('',(5.522393823585,0.497879284326));
#3659 = CARTESIAN_POINT('',(5.716640233368,0.496974593309));
#3660 = CARTESIAN_POINT('',(5.908318084519,0.496326213582));
#3661 = CARTESIAN_POINT('',(6.097333014365,0.496011233085));
#3662 = CARTESIAN_POINT('',(6.28318530718,0.496011233085));
#3663 = ( GEOMETRIC_REPRESENTATION_CONTEXT(2) 
PARAMETRIC_REPRESENTATION_CONTEXT() REPRESENTATION_CONTEXT('2D SPACE',''
  ) );
#3664 = FACE_BOUND('',#3665,.T.);
#3665 = EDGE_LOOP('',(#3666));
#3666 = ORIENTED_EDGE('',*,*,#3667,.F.);
#3667 = EDGE_CURVE('',#3668,#3668,#3670,.T.);
#3668 = VERTEX_POINT('',#3669);
#3669 = CARTESIAN_POINT('',(188.47016743094,-715.857958875,-5.2015E+03)
  );
#3670 = SURFACE_CURVE('',#3671,(#3702,#3736),.PCURVE_S1.);
#3671 = B_SPLINE_CURVE_WITH_KNOTS('',8,(#3672,#3673,#3674,#3675,#3676,
    #3677,#3678,#3679,#3680,#3681,#3682,#3683,#3684,#3685,#3686,#3687,
    #3688,#3689,#3690,#3691,#3692,#3693,#3694,#3695,#3696,#3697,#3698,
    #3699,#3700,#3701),.UNSPECIFIED.,.T.,.F.,(9,7,7,7,9),(0.,
    0.249999999998,0.499999999999,0.75,1.),.UNSPECIFIED.);
#3672 = CARTESIAN_POINT('',(188.47016743094,-715.857958875,-5.2015E+03)
  );
#3673 = CARTESIAN_POINT('',(188.47016743094,-715.857958875,
    -5.201592926146E+03));
#3674 = CARTESIAN_POINT('',(188.45181186185,-715.8652210682,
    -5.201687433586E+03));
#3675 = CARTESIAN_POINT('',(188.41400546222,-715.8801791905,
    -5.201778381654E+03));
#3676 = CARTESIAN_POINT('',(188.35729184484,-715.9026915095,
    -5.201860131473E+03));
#3677 = CARTESIAN_POINT('',(188.28390108472,-715.9320516883,
    -5.201927241391E+03));
#3678 = CARTESIAN_POINT('',(188.19760709329,-715.9669709798,
    -5.201975025334E+03));
#3679 = CARTESIAN_POINT('',(188.10327367713,-716.0056138336,-5.202E+03)
  );
#3680 = CARTESIAN_POINT('',(187.91012878221,-716.0856170685,-5.202E+03)
  );
#3681 = CARTESIAN_POINT('',(187.81610036001,-716.1249962428,
    -5.201975025334E+03));
#3682 = CARTESIAN_POINT('',(187.73038962572,-716.1613236416,
    -5.201927241391E+03));
#3683 = CARTESIAN_POINT('',(187.65773374002,-716.1924579642,
    -5.201860131473E+03));
#3684 = CARTESIAN_POINT('',(187.60171254316,-716.2166419342,
    -5.201778381654E+03));
#3685 = CARTESIAN_POINT('',(187.56440239189,-716.232798106,
    -5.201687433586E+03));
#3686 = CARTESIAN_POINT('',(187.54628789843,-716.2406423073,
    -5.201592926146E+03));
#3687 = CARTESIAN_POINT('',(187.54628789843,-716.2406423073,
    -5.201407073854E+03));
#3688 = CARTESIAN_POINT('',(187.56440239189,-716.232798106,
    -5.201312566414E+03));
#3689 = CARTESIAN_POINT('',(187.60171254316,-716.2166419342,
    -5.201221618346E+03));
#3690 = CARTESIAN_POINT('',(187.65773374002,-716.1924579642,
    -5.201139868527E+03));
#3691 = CARTESIAN_POINT('',(187.73038962572,-716.1613236416,
    -5.201072758609E+03));
#3692 = CARTESIAN_POINT('',(187.81610036001,-716.1249962428,
    -5.201024974666E+03));
#3693 = CARTESIAN_POINT('',(187.91012878221,-716.0856170685,-5.201E+03)
  );
#3694 = CARTESIAN_POINT('',(188.10327367713,-716.0056138336,-5.201E+03)
  );
#3695 = CARTESIAN_POINT('',(188.19760709329,-715.9669709798,
    -5.201024974666E+03));
#3696 = CARTESIAN_POINT('',(188.28390108472,-715.9320516883,
    -5.201072758609E+03));
#3697 = CARTESIAN_POINT('',(188.35729184484,-715.9026915095,
    -5.201139868527E+03));
#3698 = CARTESIAN_POINT('',(188.41400546222,-715.8801791905,
    -5.201221618346E+03));
#3699 = CARTESIAN_POINT('',(188.45181186185,-715.8652210682,
    -5.201312566414E+03));
#3700 = CARTESIAN_POINT('',(188.47016743094,-715.857958875,
    -5.201407073854E+03));
#3701 = CARTESIAN_POINT('',(188.47016743094,-715.857958875,-5.2015E+03)
  );
#3702 = PCURVE('',#51,#3703);
#3703 = DEFINITIONAL_REPRESENTATION('',(#3704),#3735);
#3704 = B_SPLINE_CURVE_WITH_KNOTS('',8,(#3705,#3706,#3707,#3708,#3709,
    #3710,#3711,#3712,#3713,#3714,#3715,#3716,#3717,#3718,#3719,#3720,
    #3721,#3722,#3723,#3724,#3725,#3726,#3727,#3728,#3729,#3730,#3731,
    #3732,#3733,#3734),.UNSPECIFIED.,.T.,.F.,(9,7,7,7,9),(0.,
    0.249999999998,0.499999999999,0.75,1.),.UNSPECIFIED.);
#3705 = CARTESIAN_POINT('',(1.947540679285,39.));
#3706 = CARTESIAN_POINT('',(1.947540679285,38.907073853592));
#3707 = CARTESIAN_POINT('',(1.948170544448,38.81256641386));
#3708 = CARTESIAN_POINT('',(1.949467861687,38.721618345641));
#3709 = CARTESIAN_POINT('',(1.951414843447,38.639868527454));
#3710 = CARTESIAN_POINT('',(1.953937017075,38.572758609142));
#3711 = CARTESIAN_POINT('',(1.956907343339,38.524974665602));
#3712 = CARTESIAN_POINT('',(1.960160077801,38.5));
#3713 = CARTESIAN_POINT('',(1.966830739186,38.5));
#3714 = CARTESIAN_POINT('',(1.970083473648,38.524974665602));
#3715 = CARTESIAN_POINT('',(1.973053799913,38.572758609142));
#3716 = CARTESIAN_POINT('',(1.97557597354,38.639868527455));
#3717 = CARTESIAN_POINT('',(1.9775229553,38.721618345641));
#3718 = CARTESIAN_POINT('',(1.978820272539,38.81256641386));
#3719 = CARTESIAN_POINT('',(1.979450137703,38.907073853593));
#3720 = CARTESIAN_POINT('',(1.979450137703,39.092926146407));
#3721 = CARTESIAN_POINT('',(1.978820272539,39.187433586139));
#3722 = CARTESIAN_POINT('',(1.9775229553,39.278381654359));
#3723 = CARTESIAN_POINT('',(1.97557597354,39.360131472546));
#3724 = CARTESIAN_POINT('',(1.973053799913,39.427241390858));
#3725 = CARTESIAN_POINT('',(1.970083473648,39.475025334398));
#3726 = CARTESIAN_POINT('',(1.966830739186,39.5));
#3727 = CARTESIAN_POINT('',(1.960160077801,39.5));
#3728 = CARTESIAN_POINT('',(1.956907343339,39.475025334398));
#3729 = CARTESIAN_POINT('',(1.953937017075,39.427241390859));
#3730 = CARTESIAN_POINT('',(1.951414843447,39.360131472545));
#3731 = CARTESIAN_POINT('',(1.949467861687,39.278381654358));
#3732 = CARTESIAN_POINT('',(1.948170544448,39.18743358614));
#3733 = CARTESIAN_POINT('',(1.947540679285,39.092926146408));
#3734 = CARTESIAN_POINT('',(1.947540679285,39.));
#3735 = ( GEOMETRIC_REPRESENTATION_CONTEXT(2) 
PARAMETRIC_REPRESENTATION_CONTEXT() REPRESENTATION_CONTEXT('2D SPACE',''
  ) );
#3736 = PCURVE('',#3737,#3742);
#3737 = CYLINDRICAL_SURFACE('',#3738,0.5);
#3738 = AXIS2_PLACEMENT_3D('',#3739,#3740,#3741);
#3739 = CARTESIAN_POINT('',(188.19804294586,-716.5075552173,-5.2015E+03)
  );
#3740 = DIRECTION('',(-0.382683432365,0.923879532511,0.));
#3741 = DIRECTION('',(0.923879532511,0.382683432365,0.));
#3742 = DEFINITIONAL_REPRESENTATION('',(#3743),#3774);
#3743 = B_SPLINE_CURVE_WITH_KNOTS('',8,(#3744,#3745,#3746,#3747,#3748,
    #3749,#3750,#3751,#3752,#3753,#3754,#3755,#3756,#3757,#3758,#3759,
    #3760,#3761,#3762,#3763,#3764,#3765,#3766,#3767,#3768,#3769,#3770,
    #3771,#3772,#3773),.UNSPECIFIED.,.F.,.F.,(9,7,7,7,9),(0.,
    0.249999999998,0.499999999999,0.75,1.),.UNSPECIFIED.);
#3744 = CARTESIAN_POINT('',(0.,0.496011233084));
#3745 = CARTESIAN_POINT('',(0.185852292816,0.496011233084));
#3746 = CARTESIAN_POINT('',(0.374867222659,0.496326213581));
#3747 = CARTESIAN_POINT('',(0.566545073814,0.496974593309));
#3748 = CARTESIAN_POINT('',(0.760791483589,0.497879284326));
#3749 = CARTESIAN_POINT('',(0.957760989583,0.498839444016));
#3750 = CARTESIAN_POINT('',(1.157855611897,0.499601506198));
#3751 = CARTESIAN_POINT('',(1.361737799007,0.5));
#3752 = CARTESIAN_POINT('',(1.779854854585,0.5));
#3753 = CARTESIAN_POINT('',(1.983737041692,0.499601506198));
#3754 = CARTESIAN_POINT('',(2.183831664006,0.498839444016));
#3755 = CARTESIAN_POINT('',(2.380801170002,0.497879284326));
#3756 = CARTESIAN_POINT('',(2.575047579775,0.496974593309));
#3757 = CARTESIAN_POINT('',(2.76672543093,0.496326213581));
#3758 = CARTESIAN_POINT('',(2.955740360775,0.496011233084));
#3759 = CARTESIAN_POINT('',(3.327444946405,0.496011233084));
#3760 = CARTESIAN_POINT('',(3.516459876248,0.496326213581));
#3761 = CARTESIAN_POINT('',(3.708137727406,0.496974593309));
#3762 = CARTESIAN_POINT('',(3.902384137178,0.497879284326));
#3763 = CARTESIAN_POINT('',(4.099353643175,0.498839444016));
#3764 = CARTESIAN_POINT('',(4.299448265485,0.499601506198));
#3765 = CARTESIAN_POINT('',(4.503330452595,0.5));
#3766 = CARTESIAN_POINT('',(4.921447508174,0.5));
#3767 = CARTESIAN_POINT('',(5.125329695277,0.499601506198));
#3768 = CARTESIAN_POINT('',(5.325424317604,0.498839444016));
#3769 = CARTESIAN_POINT('',(5.522393823585,0.497879284326));
#3770 = CARTESIAN_POINT('',(5.716640233371,0.496974593309));
#3771 = CARTESIAN_POINT('',(5.908318084518,0.496326213581));
#3772 = CARTESIAN_POINT('',(6.097333014364,0.496011233084));
#3773 = CARTESIAN_POINT('',(6.28318530718,0.496011233084));
#3774 = ( GEOMETRIC_REPRESENTATION_CONTEXT(2) 
PARAMETRIC_REPRESENTATION_CONTEXT() REPRESENTATION_CONTEXT('2D SPACE',''
  ) );
#3775 = FACE_BOUND('',#3776,.T.);
#3776 = EDGE_LOOP('',(#3777));
#3777 = ORIENTED_EDGE('',*,*,#3778,.F.);
#3778 = EDGE_CURVE('',#3779,#3779,#3781,.T.);
#3779 = VERTEX_POINT('',#3780);
#3780 = CARTESIAN_POINT('',(181.32052169246,-719.8350901023,-5.2015E+03)
  );
#3781 = SURFACE_CURVE('',#3782,(#3813,#3847),.PCURVE_S1.);
#3782 = B_SPLINE_CURVE_WITH_KNOTS('',8,(#3783,#3784,#3785,#3786,#3787,
    #3788,#3789,#3790,#3791,#3792,#3793,#3794,#3795,#3796,#3797,#3798,
    #3799,#3800,#3801,#3802,#3803,#3804,#3805,#3806,#3807,#3808,#3809,
    #3810,#3811,#3812),.UNSPECIFIED.,.T.,.F.,(9,7,7,7,9),(0.,
    0.249999999995,0.499999999996,0.749999999997,1.),.UNSPECIFIED.);
#3783 = CARTESIAN_POINT('',(181.32052169246,-719.8350901023,-5.2015E+03)
  );
#3784 = CARTESIAN_POINT('',(181.32052169246,-719.8350901023,
    -5.201592926146E+03));
#3785 = CARTESIAN_POINT('',(181.30467116813,-719.8468556131,
    -5.201687433586E+03));
#3786 = CARTESIAN_POINT('',(181.27202443726,-719.871089066,
    -5.201778381654E+03));
#3787 = CARTESIAN_POINT('',(181.22306990643,-719.9075128607,
    -5.201860131473E+03));
#3788 = CARTESIAN_POINT('',(181.15977884927,-719.9548675421,
    -5.201927241391E+03));
#3789 = CARTESIAN_POINT('',(181.08546303197,-720.010931516,
    -5.201975025334E+03));
#3790 = CARTESIAN_POINT('',(181.00434545553,-720.0726729312,-5.202E+03)
  );
#3791 = CARTESIAN_POINT('',(180.83848817419,-720.1999396993,-5.202E+03)
  );
#3792 = CARTESIAN_POINT('',(180.75785577307,-720.2623134072,
    -5.201975025334E+03));
#3793 = CARTESIAN_POINT('',(180.68446778389,-720.3195865503,
    -5.201927241391E+03));
#3794 = CARTESIAN_POINT('',(180.6223457431,-720.3684647235,
    -5.201860131473E+03));
#3795 = CARTESIAN_POINT('',(180.57449269427,-720.4063239974,
    -5.201778381654E+03));
#3796 = CARTESIAN_POINT('',(180.54263538054,-720.4315862388,
    -5.201687433586E+03));
#3797 = CARTESIAN_POINT('',(180.52716835216,-720.4438515313,
    -5.201592926146E+03));
#3798 = CARTESIAN_POINT('',(180.52716835216,-720.4438515313,
    -5.201407073854E+03));
#3799 = CARTESIAN_POINT('',(180.54263538054,-720.4315862388,
    -5.201312566414E+03));
#3800 = CARTESIAN_POINT('',(180.57449269427,-720.4063239974,
    -5.201221618346E+03));
#3801 = CARTESIAN_POINT('',(180.6223457431,-720.3684647235,
    -5.201139868527E+03));
#3802 = CARTESIAN_POINT('',(180.68446778389,-720.3195865503,
    -5.201072758609E+03));
#3803 = CARTESIAN_POINT('',(180.75785577307,-720.2623134072,
    -5.201024974666E+03));
#3804 = CARTESIAN_POINT('',(180.83848817419,-720.1999396993,-5.201E+03)
  );
#3805 = CARTESIAN_POINT('',(181.00434545553,-720.0726729312,-5.201E+03)
  );
#3806 = CARTESIAN_POINT('',(181.08546303197,-720.010931516,
    -5.201024974666E+03));
#3807 = CARTESIAN_POINT('',(181.15977884927,-719.9548675421,
    -5.201072758609E+03));
#3808 = CARTESIAN_POINT('',(181.22306990643,-719.9075128607,
    -5.201139868527E+03));
#3809 = CARTESIAN_POINT('',(181.27202443726,-719.871089066,
    -5.201221618346E+03));
#3810 = CARTESIAN_POINT('',(181.30467116813,-719.8468556131,
    -5.201312566414E+03));
#3811 = CARTESIAN_POINT('',(181.32052169246,-719.8350901023,
    -5.201407073854E+03));
#3812 = CARTESIAN_POINT('',(181.32052169246,-719.8350901023,-5.2015E+03)
  );
#3813 = PCURVE('',#51,#3814);
#3814 = DEFINITIONAL_REPRESENTATION('',(#3815),#3846);
#3815 = B_SPLINE_CURVE_WITH_KNOTS('',8,(#3816,#3817,#3818,#3819,#3820,
    #3821,#3822,#3823,#3824,#3825,#3826,#3827,#3828,#3829,#3830,#3831,
    #3832,#3833,#3834,#3835,#3836,#3837,#3838,#3839,#3840,#3841,#3842,
    #3843,#3844,#3845),.UNSPECIFIED.,.T.,.F.,(9,7,7,7,9),(0.,
    0.249999999995,0.499999999996,0.749999999997,1.),.UNSPECIFIED.);
#3816 = CARTESIAN_POINT('',(2.209340067084,39.));
#3817 = CARTESIAN_POINT('',(2.209340067084,38.907073853592));
#3818 = CARTESIAN_POINT('',(2.209969932247,38.812566413861));
#3819 = CARTESIAN_POINT('',(2.211267249487,38.721618345641));
#3820 = CARTESIAN_POINT('',(2.213214231246,38.639868527455));
#3821 = CARTESIAN_POINT('',(2.215736404874,38.572758609142));
#3822 = CARTESIAN_POINT('',(2.218706731138,38.524974665602));
#3823 = CARTESIAN_POINT('',(2.221959465601,38.5));
#3824 = CARTESIAN_POINT('',(2.228630126985,38.5));
#3825 = CARTESIAN_POINT('',(2.231882861447,38.524974665603));
#3826 = CARTESIAN_POINT('',(2.234853187712,38.572758609142));
#3827 = CARTESIAN_POINT('',(2.23737536134,38.639868527453));
#3828 = CARTESIAN_POINT('',(2.239322343099,38.72161834564));
#3829 = CARTESIAN_POINT('',(2.240619660338,38.812566413861));
#3830 = CARTESIAN_POINT('',(2.241249525502,38.907073853594));
#3831 = CARTESIAN_POINT('',(2.241249525502,39.092926146406));
#3832 = CARTESIAN_POINT('',(2.240619660338,39.187433586139));
#3833 = CARTESIAN_POINT('',(2.239322343099,39.278381654359));
#3834 = CARTESIAN_POINT('',(2.237375361339,39.36013147255));
#3835 = CARTESIAN_POINT('',(2.234853187712,39.427241390857));
#3836 = CARTESIAN_POINT('',(2.231882861447,39.475025334397));
#3837 = CARTESIAN_POINT('',(2.228630126985,39.5));
#3838 = CARTESIAN_POINT('',(2.2219594656,39.5));
#3839 = CARTESIAN_POINT('',(2.218706731138,39.475025334396));
#3840 = CARTESIAN_POINT('',(2.215736404874,39.427241390859));
#3841 = CARTESIAN_POINT('',(2.213214231246,39.360131472547));
#3842 = CARTESIAN_POINT('',(2.211267249487,39.278381654362));
#3843 = CARTESIAN_POINT('',(2.209969932247,39.187433586137));
#3844 = CARTESIAN_POINT('',(2.209340067084,39.092926146405));
#3845 = CARTESIAN_POINT('',(2.209340067084,39.));
#3846 = ( GEOMETRIC_REPRESENTATION_CONTEXT(2) 
PARAMETRIC_REPRESENTATION_CONTEXT() REPRESENTATION_CONTEXT('2D SPACE',''
  ) );
#3847 = PCURVE('',#3848,#3853);
#3848 = CYLINDRICAL_SURFACE('',#3849,0.5);
#3849 = AXIS2_PLACEMENT_3D('',#3850,#3851,#3852);
#3850 = CARTESIAN_POINT('',(181.22579752937,-720.5329829854,-5.2015E+03)
  );
#3851 = DIRECTION('',(-0.608761429009,0.793353340291,0.));
#3852 = DIRECTION('',(0.793353340291,0.608761429009,0.));
#3853 = DEFINITIONAL_REPRESENTATION('',(#3854),#3885);
#3854 = B_SPLINE_CURVE_WITH_KNOTS('',8,(#3855,#3856,#3857,#3858,#3859,
    #3860,#3861,#3862,#3863,#3864,#3865,#3866,#3867,#3868,#3869,#3870,
    #3871,#3872,#3873,#3874,#3875,#3876,#3877,#3878,#3879,#3880,#3881,
    #3882,#3883,#3884),.UNSPECIFIED.,.F.,.F.,(9,7,7,7,9),(0.,
    0.249999999995,0.499999999996,0.749999999997,1.),.UNSPECIFIED.);
#3855 = CARTESIAN_POINT('',(0.,0.496011233085));
#3856 = CARTESIAN_POINT('',(0.185852292815,0.496011233085));
#3857 = CARTESIAN_POINT('',(0.374867222658,0.496326213582));
#3858 = CARTESIAN_POINT('',(0.566545073816,0.496974593309));
#3859 = CARTESIAN_POINT('',(0.760791483588,0.497879284326));
#3860 = CARTESIAN_POINT('',(0.957760989584,0.498839444016));
#3861 = CARTESIAN_POINT('',(1.157855611897,0.499601506198));
#3862 = CARTESIAN_POINT('',(1.361737799005,0.5));
#3863 = CARTESIAN_POINT('',(1.779854854589,0.5));
#3864 = CARTESIAN_POINT('',(1.983737041692,0.499601506198));
#3865 = CARTESIAN_POINT('',(2.183831664007,0.498839444016));
#3866 = CARTESIAN_POINT('',(2.380801169995,0.497879284326));
#3867 = CARTESIAN_POINT('',(2.575047579775,0.496974593309));
#3868 = CARTESIAN_POINT('',(2.766725430932,0.496326213582));
#3869 = CARTESIAN_POINT('',(2.955740360777,0.496011233085));
#3870 = CARTESIAN_POINT('',(3.327444946402,0.496011233085));
#3871 = CARTESIAN_POINT('',(3.516459876248,0.496326213582));
#3872 = CARTESIAN_POINT('',(3.708137727402,0.496974593309));
#3873 = CARTESIAN_POINT('',(3.90238413719,0.497879284326));
#3874 = CARTESIAN_POINT('',(4.099353643172,0.498839444016));
#3875 = CARTESIAN_POINT('',(4.299448265487,0.499601506198));
#3876 = CARTESIAN_POINT('',(4.503330452589,0.5));
#3877 = CARTESIAN_POINT('',(4.921447508181,0.5));
#3878 = CARTESIAN_POINT('',(5.125329695287,0.499601506198));
#3879 = CARTESIAN_POINT('',(5.325424317585,0.498839444016));
#3880 = CARTESIAN_POINT('',(5.522393823595,0.497879284326));
#3881 = CARTESIAN_POINT('',(5.716640233354,0.496974593309));
#3882 = CARTESIAN_POINT('',(5.908318084527,0.496326213582));
#3883 = CARTESIAN_POINT('',(6.097333014369,0.496011233085));
#3884 = CARTESIAN_POINT('',(6.28318530718,0.496011233085));
#3885 = ( GEOMETRIC_REPRESENTATION_CONTEXT(2) 
PARAMETRIC_REPRESENTATION_CONTEXT() REPRESENTATION_CONTEXT('2D SPACE',''
  ) );
#3886 = FACE_BOUND('',#3887,.T.);
#3887 = EDGE_LOOP('',(#3888));
#3888 = ORIENTED_EDGE('',*,*,#3889,.F.);
#3889 = EDGE_CURVE('',#3890,#3890,#3892,.T.);
#3890 = VERTEX_POINT('',#3891);
#3891 = CARTESIAN_POINT('',(174.83509010232,-726.3205216924,-5.2015E+03)
  );
#3892 = SURFACE_CURVE('',#3893,(#3924,#3958),.PCURVE_S1.);
#3893 = B_SPLINE_CURVE_WITH_KNOTS('',8,(#3894,#3895,#3896,#3897,#3898,
    #3899,#3900,#3901,#3902,#3903,#3904,#3905,#3906,#3907,#3908,#3909,
    #3910,#3911,#3912,#3913,#3914,#3915,#3916,#3917,#3918,#3919,#3920,
    #3921,#3922,#3923),.UNSPECIFIED.,.T.,.F.,(9,7,7,7,9),(0.,
    0.250000000001,0.499999999998,0.749999999997,1.),.UNSPECIFIED.);
#3894 = CARTESIAN_POINT('',(174.83509010232,-726.3205216924,-5.2015E+03)
  );
#3895 = CARTESIAN_POINT('',(174.83509010232,-726.3205216924,
    -5.201407073854E+03));
#3896 = CARTESIAN_POINT('',(174.84685561318,-726.3046711681,
    -5.201312566414E+03));
#3897 = CARTESIAN_POINT('',(174.87108906609,-726.2720244372,
    -5.201221618346E+03));
#3898 = CARTESIAN_POINT('',(174.9075128607,-726.2230699064,
    -5.201139868527E+03));
#3899 = CARTESIAN_POINT('',(174.95486754216,-726.1597788492,
    -5.201072758609E+03));
#3900 = CARTESIAN_POINT('',(175.01093151605,-726.0854630319,
    -5.201024974666E+03));
#3901 = CARTESIAN_POINT('',(175.07267293121,-726.0043454555,-5.201E+03)
  );
#3902 = CARTESIAN_POINT('',(175.19993969933,-725.8384881741,-5.201E+03)
  );
#3903 = CARTESIAN_POINT('',(175.26231340726,-725.757855773,
    -5.201024974666E+03));
#3904 = CARTESIAN_POINT('',(175.31958655031,-725.6844677838,
    -5.201072758609E+03));
#3905 = CARTESIAN_POINT('',(175.36846472356,-725.6223457431,
    -5.201139868527E+03));
#3906 = CARTESIAN_POINT('',(175.40632399746,-725.5744926942,
    -5.201221618346E+03));
#3907 = CARTESIAN_POINT('',(175.43158623881,-725.5426353805,
    -5.201312566414E+03));
#3908 = CARTESIAN_POINT('',(175.44385153133,-725.5271683521,
    -5.201407073854E+03));
#3909 = CARTESIAN_POINT('',(175.44385153133,-725.5271683521,
    -5.201592926146E+03));
#3910 = CARTESIAN_POINT('',(175.43158623881,-725.5426353805,
    -5.201687433586E+03));
#3911 = CARTESIAN_POINT('',(175.40632399746,-725.5744926942,
    -5.201778381654E+03));
#3912 = CARTESIAN_POINT('',(175.36846472356,-725.6223457431,
    -5.201860131473E+03));
#3913 = CARTESIAN_POINT('',(175.31958655031,-725.6844677838,
    -5.201927241391E+03));
#3914 = CARTESIAN_POINT('',(175.26231340726,-725.757855773,
    -5.201975025334E+03));
#3915 = CARTESIAN_POINT('',(175.19993969933,-725.8384881741,-5.202E+03)
  );
#3916 = CARTESIAN_POINT('',(175.07267293121,-726.0043454555,-5.202E+03)
  );
#3917 = CARTESIAN_POINT('',(175.01093151605,-726.0854630319,
    -5.201975025334E+03));
#3918 = CARTESIAN_POINT('',(174.95486754216,-726.1597788492,
    -5.201927241391E+03));
#3919 = CARTESIAN_POINT('',(174.9075128607,-726.2230699064,
    -5.201860131473E+03));
#3920 = CARTESIAN_POINT('',(174.87108906609,-726.2720244372,
    -5.201778381654E+03));
#3921 = CARTESIAN_POINT('',(174.84685561318,-726.3046711681,
    -5.201687433586E+03));
#3922 = CARTESIAN_POINT('',(174.83509010232,-726.3205216924,
    -5.201592926146E+03));
#3923 = CARTESIAN_POINT('',(174.83509010232,-726.3205216924,-5.2015E+03)
  );
#3924 = PCURVE('',#51,#3925);
#3925 = DEFINITIONAL_REPRESENTATION('',(#3926),#3957);
#3926 = B_SPLINE_CURVE_WITH_KNOTS('',8,(#3927,#3928,#3929,#3930,#3931,
    #3932,#3933,#3934,#3935,#3936,#3937,#3938,#3939,#3940,#3941,#3942,
    #3943,#3944,#3945,#3946,#3947,#3948,#3949,#3950,#3951,#3952,#3953,
    #3954,#3955,#3956),.UNSPECIFIED.,.T.,.F.,(9,7,7,7,9),(0.,
    0.250000000001,0.499999999998,0.749999999997,1.),.UNSPECIFIED.);
#3927 = CARTESIAN_POINT('',(2.503048913301,39.));
#3928 = CARTESIAN_POINT('',(2.503048913301,39.092926146407));
#3929 = CARTESIAN_POINT('',(2.502419048138,39.187433586139));
#3930 = CARTESIAN_POINT('',(2.501121730898,39.27838165436));
#3931 = CARTESIAN_POINT('',(2.499174749139,39.360131472546));
#3932 = CARTESIAN_POINT('',(2.496652575511,39.427241390859));
#3933 = CARTESIAN_POINT('',(2.493682249246,39.475025334397));
#3934 = CARTESIAN_POINT('',(2.490429514784,39.5));
#3935 = CARTESIAN_POINT('',(2.4837588534,39.5));
#3936 = CARTESIAN_POINT('',(2.480506118938,39.475025334398));
#3937 = CARTESIAN_POINT('',(2.477535792673,39.427241390858));
#3938 = CARTESIAN_POINT('',(2.475013619045,39.360131472545));
#3939 = CARTESIAN_POINT('',(2.473066637286,39.278381654359));
#3940 = CARTESIAN_POINT('',(2.471769320046,39.18743358614));
#3941 = CARTESIAN_POINT('',(2.471139454883,39.092926146408));
#3942 = CARTESIAN_POINT('',(2.471139454883,38.907073853591));
#3943 = CARTESIAN_POINT('',(2.471769320046,38.812566413861));
#3944 = CARTESIAN_POINT('',(2.473066637286,38.721618345641));
#3945 = CARTESIAN_POINT('',(2.475013619045,38.639868527456));
#3946 = CARTESIAN_POINT('',(2.477535792673,38.572758609142));
#3947 = CARTESIAN_POINT('',(2.480506118938,38.524974665601));
#3948 = CARTESIAN_POINT('',(2.4837588534,38.5));
#3949 = CARTESIAN_POINT('',(2.490429514784,38.5));
#3950 = CARTESIAN_POINT('',(2.493682249246,38.524974665602));
#3951 = CARTESIAN_POINT('',(2.496652575511,38.572758609141));
#3952 = CARTESIAN_POINT('',(2.499174749139,38.639868527456));
#3953 = CARTESIAN_POINT('',(2.501121730898,38.72161834564));
#3954 = CARTESIAN_POINT('',(2.502419048138,38.812566413861));
#3955 = CARTESIAN_POINT('',(2.503048913301,38.907073853592));
#3956 = CARTESIAN_POINT('',(2.503048913301,39.));
#3957 = ( GEOMETRIC_REPRESENTATION_CONTEXT(2) 
PARAMETRIC_REPRESENTATION_CONTEXT() REPRESENTATION_CONTEXT('2D SPACE',''
  ) );
#3958 = PCURVE('',#3959,#3964);
#3959 = CYLINDRICAL_SURFACE('',#3960,0.5);
#3960 = AXIS2_PLACEMENT_3D('',#3961,#3962,#3963);
#3961 = CARTESIAN_POINT('',(175.53298298541,-726.2257975293,-5.2015E+03)
  );
#3962 = DIRECTION('',(-0.793353340291,0.608761429009,0.));
#3963 = DIRECTION('',(-0.608761429009,-0.793353340291,0.));
#3964 = DEFINITIONAL_REPRESENTATION('',(#3965),#3996);
#3965 = B_SPLINE_CURVE_WITH_KNOTS('',8,(#3966,#3967,#3968,#3969,#3970,
    #3971,#3972,#3973,#3974,#3975,#3976,#3977,#3978,#3979,#3980,#3981,
    #3982,#3983,#3984,#3985,#3986,#3987,#3988,#3989,#3990,#3991,#3992,
    #3993,#3994,#3995),.UNSPECIFIED.,.F.,.F.,(9,7,7,7,9),(0.,
    0.250000000001,0.499999999998,0.749999999997,1.),.UNSPECIFIED.);
#3966 = CARTESIAN_POINT('',(0.,0.496011233084));
#3967 = CARTESIAN_POINT('',(0.185852292814,0.496011233084));
#3968 = CARTESIAN_POINT('',(0.374867222657,0.496326213581));
#3969 = CARTESIAN_POINT('',(0.566545073817,0.496974593309));
#3970 = CARTESIAN_POINT('',(0.760791483589,0.497879284326));
#3971 = CARTESIAN_POINT('',(0.957760989587,0.498839444016));
#3972 = CARTESIAN_POINT('',(1.157855611895,0.499601506198));
#3973 = CARTESIAN_POINT('',(1.361737799003,0.5));
#3974 = CARTESIAN_POINT('',(1.779854854584,0.5));
#3975 = CARTESIAN_POINT('',(1.983737041692,0.499601506198));
#3976 = CARTESIAN_POINT('',(2.183831664007,0.498839444016));
#3977 = CARTESIAN_POINT('',(2.38080117,0.497879284326));
#3978 = CARTESIAN_POINT('',(2.575047579776,0.496974593309));
#3979 = CARTESIAN_POINT('',(2.76672543093,0.496326213581));
#3980 = CARTESIAN_POINT('',(2.955740360774,0.496011233084));
#3981 = CARTESIAN_POINT('',(3.327444946408,0.496011233084));
#3982 = CARTESIAN_POINT('',(3.516459876248,0.496326213581));
#3983 = CARTESIAN_POINT('',(3.708137727407,0.496974593309));
#3984 = CARTESIAN_POINT('',(3.902384137172,0.497879284326));
#3985 = CARTESIAN_POINT('',(4.099353643175,0.498839444016));
#3986 = CARTESIAN_POINT('',(4.299448265486,0.499601506198));
#3987 = CARTESIAN_POINT('',(4.503330452599,0.5));
#3988 = CARTESIAN_POINT('',(4.921447508173,0.5));
#3989 = CARTESIAN_POINT('',(5.125329695284,0.499601506198));
#3990 = CARTESIAN_POINT('',(5.325424317592,0.498839444016));
#3991 = CARTESIAN_POINT('',(5.522393823597,0.497879284326));
#3992 = CARTESIAN_POINT('',(5.716640233361,0.496974593309));
#3993 = CARTESIAN_POINT('',(5.908318084522,0.496326213581));
#3994 = CARTESIAN_POINT('',(6.097333014364,0.496011233084));
#3995 = CARTESIAN_POINT('',(6.28318530718,0.496011233084));
#3996 = ( GEOMETRIC_REPRESENTATION_CONTEXT(2) 
PARAMETRIC_REPRESENTATION_CONTEXT() REPRESENTATION_CONTEXT('2D SPACE',''
  ) );
#3997 = FACE_BOUND('',#3998,.T.);
#3998 = EDGE_LOOP('',(#3999));
#3999 = ORIENTED_EDGE('',*,*,#4000,.F.);
#4000 = EDGE_CURVE('',#4001,#4001,#4003,.T.);
#4001 = VERTEX_POINT('',#4002);
#4002 = CARTESIAN_POINT('',(170.85795887502,-733.4701674309,-5.2015E+03)
  );
#4003 = SURFACE_CURVE('',#4004,(#4035,#4069),.PCURVE_S1.);
#4004 = B_SPLINE_CURVE_WITH_KNOTS('',8,(#4005,#4006,#4007,#4008,#4009,
    #4010,#4011,#4012,#4013,#4014,#4015,#4016,#4017,#4018,#4019,#4020,
    #4021,#4022,#4023,#4024,#4025,#4026,#4027,#4028,#4029,#4030,#4031,
    #4032,#4033,#4034),.UNSPECIFIED.,.T.,.F.,(9,7,7,7,9),(0.,
    0.250000000001,0.500000000001,0.750000000001,1.),.UNSPECIFIED.);
#4005 = CARTESIAN_POINT('',(170.85795887502,-733.4701674309,-5.2015E+03)
  );
#4006 = CARTESIAN_POINT('',(170.85795887502,-733.4701674309,
    -5.201407073854E+03));
#4007 = CARTESIAN_POINT('',(170.86522106825,-733.4518118618,
    -5.201312566414E+03));
#4008 = CARTESIAN_POINT('',(170.88017919057,-733.4140054622,
    -5.201221618346E+03));
#4009 = CARTESIAN_POINT('',(170.90269150955,-733.3572918448,
    -5.201139868527E+03));
#4010 = CARTESIAN_POINT('',(170.93205168839,-733.2839010847,
    -5.201072758609E+03));
#4011 = CARTESIAN_POINT('',(170.96697097983,-733.1976070932,
    -5.201024974666E+03));
#4012 = CARTESIAN_POINT('',(171.0056138336,-733.1032736771,-5.201E+03));
#4013 = CARTESIAN_POINT('',(171.08561706858,-732.9101287822,-5.201E+03)
  );
#4014 = CARTESIAN_POINT('',(171.12499624289,-732.81610036,
    -5.201024974666E+03));
#4015 = CARTESIAN_POINT('',(171.16132364163,-732.7303896257,
    -5.201072758609E+03));
#4016 = CARTESIAN_POINT('',(171.19245796424,-732.65773374,
    -5.201139868527E+03));
#4017 = CARTESIAN_POINT('',(171.21664193426,-732.6017125431,
    -5.201221618346E+03));
#4018 = CARTESIAN_POINT('',(171.23279810609,-732.5644023918,
    -5.201312566414E+03));
#4019 = CARTESIAN_POINT('',(171.24064230739,-732.5462878984,
    -5.201407073854E+03));
#4020 = CARTESIAN_POINT('',(171.24064230739,-732.5462878984,
    -5.201592926146E+03));
#4021 = CARTESIAN_POINT('',(171.23279810609,-732.5644023918,
    -5.201687433586E+03));
#4022 = CARTESIAN_POINT('',(171.21664193426,-732.6017125431,
    -5.201778381654E+03));
#4023 = CARTESIAN_POINT('',(171.19245796424,-732.65773374,
    -5.201860131473E+03));
#4024 = CARTESIAN_POINT('',(171.16132364163,-732.7303896257,
    -5.201927241391E+03));
#4025 = CARTESIAN_POINT('',(171.12499624289,-732.81610036,
    -5.201975025334E+03));
#4026 = CARTESIAN_POINT('',(171.08561706858,-732.9101287822,-5.202E+03)
  );
#4027 = CARTESIAN_POINT('',(171.0056138336,-733.1032736771,-5.202E+03));
#4028 = CARTESIAN_POINT('',(170.96697097983,-733.1976070932,
    -5.201975025334E+03));
#4029 = CARTESIAN_POINT('',(170.93205168839,-733.2839010847,
    -5.201927241391E+03));
#4030 = CARTESIAN_POINT('',(170.90269150956,-733.3572918448,
    -5.201860131473E+03));
#4031 = CARTESIAN_POINT('',(170.88017919057,-733.4140054622,
    -5.201778381654E+03));
#4032 = CARTESIAN_POINT('',(170.86522106825,-733.4518118618,
    -5.201687433586E+03));
#4033 = CARTESIAN_POINT('',(170.85795887502,-733.4701674309,
    -5.201592926146E+03));
#4034 = CARTESIAN_POINT('',(170.85795887502,-733.4701674309,-5.2015E+03)
  );
#4035 = PCURVE('',#51,#4036);
#4036 = DEFINITIONAL_REPRESENTATION('',(#4037),#4068);
#4037 = B_SPLINE_CURVE_WITH_KNOTS('',8,(#4038,#4039,#4040,#4041,#4042,
    #4043,#4044,#4045,#4046,#4047,#4048,#4049,#4050,#4051,#4052,#4053,
    #4054,#4055,#4056,#4057,#4058,#4059,#4060,#4061,#4062,#4063,#4064,
    #4065,#4066,#4067),.UNSPECIFIED.,.T.,.F.,(9,7,7,7,9),(0.,
    0.250000000001,0.500000000001,0.750000000001,1.),.UNSPECIFIED.);
#4038 = CARTESIAN_POINT('',(2.7648483011,39.));
#4039 = CARTESIAN_POINT('',(2.7648483011,39.092926146408));
#4040 = CARTESIAN_POINT('',(2.764218435937,39.18743358614));
#4041 = CARTESIAN_POINT('',(2.762921118697,39.278381654358));
#4042 = CARTESIAN_POINT('',(2.760974136938,39.360131472545));
#4043 = CARTESIAN_POINT('',(2.75845196331,39.427241390858));
#4044 = CARTESIAN_POINT('',(2.755481637045,39.475025334399));
#4045 = CARTESIAN_POINT('',(2.752228902583,39.5));
#4046 = CARTESIAN_POINT('',(2.745558241199,39.5));
#4047 = CARTESIAN_POINT('',(2.742305506737,39.475025334399));
#4048 = CARTESIAN_POINT('',(2.739335180472,39.427241390857));
#4049 = CARTESIAN_POINT('',(2.736813006844,39.360131472546));
#4050 = CARTESIAN_POINT('',(2.734866025085,39.278381654356));
#4051 = CARTESIAN_POINT('',(2.733568707845,39.187433586141));
#4052 = CARTESIAN_POINT('',(2.732938842682,39.092926146408));
#4053 = CARTESIAN_POINT('',(2.732938842682,38.907073853591));
#4054 = CARTESIAN_POINT('',(2.733568707845,38.812566413859));
#4055 = CARTESIAN_POINT('',(2.734866025085,38.721618345642));
#4056 = CARTESIAN_POINT('',(2.736813006844,38.639868527456));
#4057 = CARTESIAN_POINT('',(2.739335180472,38.572758609142));
#4058 = CARTESIAN_POINT('',(2.742305506737,38.524974665601));
#4059 = CARTESIAN_POINT('',(2.745558241199,38.5));
#4060 = CARTESIAN_POINT('',(2.752228902583,38.5));
#4061 = CARTESIAN_POINT('',(2.755481637045,38.5249746656));
#4062 = CARTESIAN_POINT('',(2.75845196331,38.572758609145));
#4063 = CARTESIAN_POINT('',(2.760974136938,38.639868527452));
#4064 = CARTESIAN_POINT('',(2.762921118697,38.721618345646));
#4065 = CARTESIAN_POINT('',(2.764218435937,38.812566413858));
#4066 = CARTESIAN_POINT('',(2.7648483011,38.907073853591));
#4067 = CARTESIAN_POINT('',(2.7648483011,39.));
#4068 = ( GEOMETRIC_REPRESENTATION_CONTEXT(2) 
PARAMETRIC_REPRESENTATION_CONTEXT() REPRESENTATION_CONTEXT('2D SPACE',''
  ) );
#4069 = PCURVE('',#4070,#4075);
#4070 = CYLINDRICAL_SURFACE('',#4071,0.5);
#4071 = AXIS2_PLACEMENT_3D('',#4072,#4073,#4074);
#4072 = CARTESIAN_POINT('',(171.50755521735,-733.1980429458,-5.2015E+03)
  );
#4073 = DIRECTION('',(-0.923879532511,0.382683432365,0.));
#4074 = DIRECTION('',(-0.382683432365,-0.923879532511,0.));
#4075 = DEFINITIONAL_REPRESENTATION('',(#4076),#4107);
#4076 = B_SPLINE_CURVE_WITH_KNOTS('',8,(#4077,#4078,#4079,#4080,#4081,
    #4082,#4083,#4084,#4085,#4086,#4087,#4088,#4089,#4090,#4091,#4092,
    #4093,#4094,#4095,#4096,#4097,#4098,#4099,#4100,#4101,#4102,#4103,
    #4104,#4105,#4106),.UNSPECIFIED.,.F.,.F.,(9,7,7,7,9),(0.,
    0.250000000001,0.500000000001,0.750000000001,1.),.UNSPECIFIED.);
#4077 = CARTESIAN_POINT('',(0.,0.496011233085));
#4078 = CARTESIAN_POINT('',(0.185852292817,0.496011233085));
#4079 = CARTESIAN_POINT('',(0.374867222661,0.496326213582));
#4080 = CARTESIAN_POINT('',(0.566545073813,0.496974593309));
#4081 = CARTESIAN_POINT('',(0.760791483588,0.497879284326));
#4082 = CARTESIAN_POINT('',(0.957760989582,0.498839444016));
#4083 = CARTESIAN_POINT('',(1.157855611898,0.499601506198));
#4084 = CARTESIAN_POINT('',(1.361737799008,0.5));
#4085 = CARTESIAN_POINT('',(1.779854854581,0.5));
#4086 = CARTESIAN_POINT('',(1.983737041691,0.499601506198));
#4087 = CARTESIAN_POINT('',(2.183831664012,0.498839444016));
#4088 = CARTESIAN_POINT('',(2.380801169998,0.497879284326));
#4089 = CARTESIAN_POINT('',(2.575047579781,0.496974593309));
#4090 = CARTESIAN_POINT('',(2.766725430927,0.496326213582));
#4091 = CARTESIAN_POINT('',(2.955740360773,0.496011233085));
#4092 = CARTESIAN_POINT('',(3.327444946407,0.496011233085));
#4093 = CARTESIAN_POINT('',(3.516459876252,0.496326213582));
#4094 = CARTESIAN_POINT('',(3.7081377274,0.496974593309));
#4095 = CARTESIAN_POINT('',(3.90238413718,0.497879284326));
#4096 = CARTESIAN_POINT('',(4.099353643168,0.498839444016));
#4097 = CARTESIAN_POINT('',(4.299448265489,0.499601506198));
#4098 = CARTESIAN_POINT('',(4.503330452599,0.5));
#4099 = CARTESIAN_POINT('',(4.921447508169,0.5));
#4100 = CARTESIAN_POINT('',(5.125329695278,0.499601506198));
#4101 = CARTESIAN_POINT('',(5.32542431761,0.498839444016));
#4102 = CARTESIAN_POINT('',(5.522393823579,0.497879284326));
#4103 = CARTESIAN_POINT('',(5.716640233378,0.496974593309));
#4104 = CARTESIAN_POINT('',(5.908318084514,0.496326213582));
#4105 = CARTESIAN_POINT('',(6.097333014361,0.496011233085));
#4106 = CARTESIAN_POINT('',(6.28318530718,0.496011233085));
#4107 = ( GEOMETRIC_REPRESENTATION_CONTEXT(2) 
PARAMETRIC_REPRESENTATION_CONTEXT() REPRESENTATION_CONTEXT('2D SPACE',''
  ) );
#4108 = FACE_BOUND('',#4109,.T.);
#4109 = EDGE_LOOP('',(#4110));
#4110 = ORIENTED_EDGE('',*,*,#4111,.F.);
#4111 = EDGE_CURVE('',#4112,#4112,#4114,.T.);
#4112 = VERTEX_POINT('',#4113);
#4113 = CARTESIAN_POINT('',(168.86680959089,-741.405552205,-5.2015E+03)
  );
#4114 = SURFACE_CURVE('',#4115,(#4146,#4180),.PCURVE_S1.);
#4115 = B_SPLINE_CURVE_WITH_KNOTS('',8,(#4116,#4117,#4118,#4119,#4120,
    #4121,#4122,#4123,#4124,#4125,#4126,#4127,#4128,#4129,#4130,#4131,
    #4132,#4133,#4134,#4135,#4136,#4137,#4138,#4139,#4140,#4141,#4142,
    #4143,#4144,#4145),.UNSPECIFIED.,.T.,.F.,(9,7,7,7,9),(0.,
    0.249999999997,0.499999999996,0.749999999997,1.),.UNSPECIFIED.);
#4116 = CARTESIAN_POINT('',(168.86680959089,-741.405552205,-5.2015E+03)
  );
#4117 = CARTESIAN_POINT('',(168.86680959089,-741.405552205,
    -5.201407073854E+03));
#4118 = CARTESIAN_POINT('',(168.86907356002,-741.3859424929,
    -5.201312566414E+03));
#4119 = CARTESIAN_POINT('',(168.87373698043,-741.3455528681,
    -5.201221618346E+03));
#4120 = CARTESIAN_POINT('',(168.88080364645,-741.2849451035,
    -5.201139868527E+03));
#4121 = CARTESIAN_POINT('',(168.890168475,-741.2064560994,
    -5.201072758609E+03));
#4122 = CARTESIAN_POINT('',(168.90156339198,-741.1140647268,
    -5.201024974666E+03));
#4123 = CARTESIAN_POINT('',(168.91447423775,-741.0129441373,-5.201E+03)
  );
#4124 = CARTESIAN_POINT('',(168.94176185133,-740.8056741342,-5.201E+03)
  );
#4125 = CARTESIAN_POINT('',(168.95546286637,-740.7046575725,
    -5.201024974666E+03));
#4126 = CARTESIAN_POINT('',(168.96836886861,-740.612465138,
    -5.201072758609E+03));
#4127 = CARTESIAN_POINT('',(168.97963758794,-740.5342267859,
    -5.201139868527E+03));
#4128 = CARTESIAN_POINT('',(168.98849815649,-740.4738551931,
    -5.201221618346E+03));
#4129 = CARTESIAN_POINT('',(168.99444724239,-740.4336348294,
    -5.201312566414E+03));
#4130 = CARTESIAN_POINT('',(168.99733578311,-740.4141073436,
    -5.201407073854E+03));
#4131 = CARTESIAN_POINT('',(168.99733578311,-740.4141073436,
    -5.201592926146E+03));
#4132 = CARTESIAN_POINT('',(168.99444724239,-740.4336348294,
    -5.201687433586E+03));
#4133 = CARTESIAN_POINT('',(168.98849815649,-740.4738551931,
    -5.201778381654E+03));
#4134 = CARTESIAN_POINT('',(168.97963758794,-740.5342267859,
    -5.201860131473E+03));
#4135 = CARTESIAN_POINT('',(168.96836886861,-740.612465138,
    -5.201927241391E+03));
#4136 = CARTESIAN_POINT('',(168.95546286637,-740.7046575725,
    -5.201975025334E+03));
#4137 = CARTESIAN_POINT('',(168.94176185133,-740.8056741342,-5.202E+03)
  );
#4138 = CARTESIAN_POINT('',(168.91447423775,-741.0129441373,-5.202E+03)
  );
#4139 = CARTESIAN_POINT('',(168.90156339198,-741.1140647268,
    -5.201975025334E+03));
#4140 = CARTESIAN_POINT('',(168.890168475,-741.2064560994,
    -5.201927241391E+03));
#4141 = CARTESIAN_POINT('',(168.88080364645,-741.2849451035,
    -5.201860131473E+03));
#4142 = CARTESIAN_POINT('',(168.87373698043,-741.3455528681,
    -5.201778381654E+03));
#4143 = CARTESIAN_POINT('',(168.86907356002,-741.3859424929,
    -5.201687433586E+03));
#4144 = CARTESIAN_POINT('',(168.86680959089,-741.405552205,
    -5.201592926146E+03));
#4145 = CARTESIAN_POINT('',(168.86680959089,-741.405552205,-5.2015E+03)
  );
#4146 = PCURVE('',#51,#4147);
#4147 = DEFINITIONAL_REPRESENTATION('',(#4148),#4179);
#4148 = B_SPLINE_CURVE_WITH_KNOTS('',8,(#4149,#4150,#4151,#4152,#4153,
    #4154,#4155,#4156,#4157,#4158,#4159,#4160,#4161,#4162,#4163,#4164,
    #4165,#4166,#4167,#4168,#4169,#4170,#4171,#4172,#4173,#4174,#4175,
    #4176,#4177,#4178),.UNSPECIFIED.,.T.,.F.,(9,7,7,7,9),(0.,
    0.249999999997,0.499999999996,0.749999999997,1.),.UNSPECIFIED.);
#4149 = CARTESIAN_POINT('',(3.026647688899,39.));
#4150 = CARTESIAN_POINT('',(3.026647688899,39.092926146407));
#4151 = CARTESIAN_POINT('',(3.026017823736,39.187433586139));
#4152 = CARTESIAN_POINT('',(3.024720506496,39.27838165436));
#4153 = CARTESIAN_POINT('',(3.022773524737,39.360131472546));
#4154 = CARTESIAN_POINT('',(3.020251351109,39.427241390858));
#4155 = CARTESIAN_POINT('',(3.017281024845,39.475025334397));
#4156 = CARTESIAN_POINT('',(3.014028290382,39.5));
#4157 = CARTESIAN_POINT('',(3.007357628998,39.5));
#4158 = CARTESIAN_POINT('',(3.004104894536,39.475025334397));
#4159 = CARTESIAN_POINT('',(3.001134568271,39.427241390858));
#4160 = CARTESIAN_POINT('',(2.998612394643,39.360131472547));
#4161 = CARTESIAN_POINT('',(2.996665412884,39.278381654359));
#4162 = CARTESIAN_POINT('',(2.995368095645,39.18743358614));
#4163 = CARTESIAN_POINT('',(2.994738230481,39.092926146406));
#4164 = CARTESIAN_POINT('',(2.994738230481,38.907073853593));
#4165 = CARTESIAN_POINT('',(2.995368095645,38.81256641386));
#4166 = CARTESIAN_POINT('',(2.996665412884,38.721618345641));
#4167 = CARTESIAN_POINT('',(2.998612394643,38.639868527454));
#4168 = CARTESIAN_POINT('',(3.001134568271,38.572758609142));
#4169 = CARTESIAN_POINT('',(3.004104894536,38.524974665603));
#4170 = CARTESIAN_POINT('',(3.007357628998,38.5));
#4171 = CARTESIAN_POINT('',(3.014028290383,38.5));
#4172 = CARTESIAN_POINT('',(3.017281024845,38.524974665603));
#4173 = CARTESIAN_POINT('',(3.020251351109,38.572758609141));
#4174 = CARTESIAN_POINT('',(3.022773524737,38.639868527455));
#4175 = CARTESIAN_POINT('',(3.024720506496,38.721618345638));
#4176 = CARTESIAN_POINT('',(3.026017823736,38.812566413862));
#4177 = CARTESIAN_POINT('',(3.026647688899,38.907073853594));
#4178 = CARTESIAN_POINT('',(3.026647688899,39.));
#4179 = ( GEOMETRIC_REPRESENTATION_CONTEXT(2) 
PARAMETRIC_REPRESENTATION_CONTEXT() REPRESENTATION_CONTEXT('2D SPACE',''
  ) );
#4180 = PCURVE('',#4181,#4186);
#4181 = CYLINDRICAL_SURFACE('',#4182,0.5);
#4182 = AXIS2_PLACEMENT_3D('',#4183,#4184,#4185);
#4183 = CARTESIAN_POINT('',(169.42384047523,-740.9745722319,-5.2015E+03)
  );
#4184 = DIRECTION('',(-0.991444861374,0.13052619222,0.));
#4185 = DIRECTION('',(-0.13052619222,-0.991444861374,0.));
#4186 = DEFINITIONAL_REPRESENTATION('',(#4187),#4218);
#4187 = B_SPLINE_CURVE_WITH_KNOTS('',8,(#4188,#4189,#4190,#4191,#4192,
    #4193,#4194,#4195,#4196,#4197,#4198,#4199,#4200,#4201,#4202,#4203,
    #4204,#4205,#4206,#4207,#4208,#4209,#4210,#4211,#4212,#4213,#4214,
    #4215,#4216,#4217),.UNSPECIFIED.,.F.,.F.,(9,7,7,7,9),(0.,
    0.249999999997,0.499999999996,0.749999999997,1.),.UNSPECIFIED.);
#4188 = CARTESIAN_POINT('',(0.,0.496011233085));
#4189 = CARTESIAN_POINT('',(0.185852292814,0.496011233085));
#4190 = CARTESIAN_POINT('',(0.374867222657,0.496326213582));
#4191 = CARTESIAN_POINT('',(0.566545073818,0.496974593309));
#4192 = CARTESIAN_POINT('',(0.760791483589,0.497879284326));
#4193 = CARTESIAN_POINT('',(0.957760989586,0.498839444016));
#4194 = CARTESIAN_POINT('',(1.157855611896,0.499601506198));
#4195 = CARTESIAN_POINT('',(1.361737799003,0.5));
#4196 = CARTESIAN_POINT('',(1.779854854589,0.5));
#4197 = CARTESIAN_POINT('',(1.983737041689,0.499601506198));
#4198 = CARTESIAN_POINT('',(2.183831664011,0.498839444016));
#4199 = CARTESIAN_POINT('',(2.380801169992,0.497879284326));
#4200 = CARTESIAN_POINT('',(2.575047579779,0.496974593309));
#4201 = CARTESIAN_POINT('',(2.766725430929,0.496326213582));
#4202 = CARTESIAN_POINT('',(2.955740360778,0.496011233085));
#4203 = CARTESIAN_POINT('',(3.327444946404,0.496011233085));
#4204 = CARTESIAN_POINT('',(3.516459876249,0.496326213582));
#4205 = CARTESIAN_POINT('',(3.708137727405,0.496974593309));
#4206 = CARTESIAN_POINT('',(3.90238413718,0.497879284326));
#4207 = CARTESIAN_POINT('',(4.099353643173,0.498839444016));
#4208 = CARTESIAN_POINT('',(4.299448265488,0.499601506198));
#4209 = CARTESIAN_POINT('',(4.503330452593,0.5));
#4210 = CARTESIAN_POINT('',(4.921447508178,0.5));
#4211 = CARTESIAN_POINT('',(5.125329695285,0.499601506198));
#4212 = CARTESIAN_POINT('',(5.325424317588,0.498839444016));
#4213 = CARTESIAN_POINT('',(5.522393823595,0.497879284326));
#4214 = CARTESIAN_POINT('',(5.716640233357,0.496974593309));
#4215 = CARTESIAN_POINT('',(5.908318084525,0.496326213582));
#4216 = CARTESIAN_POINT('',(6.097333014367,0.496011233085));
#4217 = CARTESIAN_POINT('',(6.28318530718,0.496011233085));
#4218 = ( GEOMETRIC_REPRESENTATION_CONTEXT(2) 
PARAMETRIC_REPRESENTATION_CONTEXT() REPRESENTATION_CONTEXT('2D SPACE',''
  ) );
#4219 = FACE_BOUND('',#4220,.T.);
#4220 = EDGE_LOOP('',(#4221));
#4221 = ORIENTED_EDGE('',*,*,#4222,.F.);
#4222 = EDGE_CURVE('',#4223,#4223,#4225,.T.);
#4223 = VERTEX_POINT('',#4224);
#4224 = CARTESIAN_POINT('',(168.99733578311,-749.5858926563,-5.2015E+03)
  );
#4225 = SURFACE_CURVE('',#4226,(#4257,#4291),.PCURVE_S1.);
#4226 = B_SPLINE_CURVE_WITH_KNOTS('',8,(#4227,#4228,#4229,#4230,#4231,
    #4232,#4233,#4234,#4235,#4236,#4237,#4238,#4239,#4240,#4241,#4242,
    #4243,#4244,#4245,#4246,#4247,#4248,#4249,#4250,#4251,#4252,#4253,
    #4254,#4255,#4256),.UNSPECIFIED.,.T.,.F.,(9,7,7,7,9),(0.,0.25,
    0.500000000007,0.750000000011,1.),.UNSPECIFIED.);
#4227 = CARTESIAN_POINT('',(168.99733578311,-749.5858926563,-5.2015E+03)
  );
#4228 = CARTESIAN_POINT('',(168.99733578311,-749.5858926563,
    -5.201407073854E+03));
#4229 = CARTESIAN_POINT('',(168.99444724239,-749.5663651705,
    -5.201312566414E+03));
#4230 = CARTESIAN_POINT('',(168.98849815649,-749.5261448068,
    -5.201221618346E+03));
#4231 = CARTESIAN_POINT('',(168.97963758794,-749.465773214,
    -5.201139868527E+03));
#4232 = CARTESIAN_POINT('',(168.96836886861,-749.3875348619,
    -5.201072758609E+03));
#4233 = CARTESIAN_POINT('',(168.95546286637,-749.2953424274,
    -5.201024974666E+03));
#4234 = CARTESIAN_POINT('',(168.94176185133,-749.1943258657,-5.201E+03)
  );
#4235 = CARTESIAN_POINT('',(168.91447423775,-748.9870558626,-5.201E+03)
  );
#4236 = CARTESIAN_POINT('',(168.90156339198,-748.8859352731,
    -5.201024974666E+03));
#4237 = CARTESIAN_POINT('',(168.890168475,-748.7935439005,
    -5.201072758609E+03));
#4238 = CARTESIAN_POINT('',(168.88080364645,-748.7150548964,
    -5.201139868527E+03));
#4239 = CARTESIAN_POINT('',(168.87373698043,-748.6544471318,
    -5.201221618346E+03));
#4240 = CARTESIAN_POINT('',(168.86907356002,-748.614057507,
    -5.201312566414E+03));
#4241 = CARTESIAN_POINT('',(168.86680959089,-748.5944477949,
    -5.201407073854E+03));
#4242 = CARTESIAN_POINT('',(168.86680959089,-748.5944477949,
    -5.201592926146E+03));
#4243 = CARTESIAN_POINT('',(168.86907356002,-748.614057507,
    -5.201687433586E+03));
#4244 = CARTESIAN_POINT('',(168.87373698043,-748.6544471318,
    -5.201778381654E+03));
#4245 = CARTESIAN_POINT('',(168.88080364645,-748.7150548964,
    -5.201860131473E+03));
#4246 = CARTESIAN_POINT('',(168.890168475,-748.7935439005,
    -5.201927241391E+03));
#4247 = CARTESIAN_POINT('',(168.90156339198,-748.8859352731,
    -5.201975025334E+03));
#4248 = CARTESIAN_POINT('',(168.91447423775,-748.9870558626,-5.202E+03)
  );
#4249 = CARTESIAN_POINT('',(168.94176185133,-749.1943258657,-5.202E+03)
  );
#4250 = CARTESIAN_POINT('',(168.95546286637,-749.2953424274,
    -5.201975025334E+03));
#4251 = CARTESIAN_POINT('',(168.96836886861,-749.3875348619,
    -5.201927241391E+03));
#4252 = CARTESIAN_POINT('',(168.97963758794,-749.465773214,
    -5.201860131473E+03));
#4253 = CARTESIAN_POINT('',(168.98849815649,-749.5261448068,
    -5.201778381654E+03));
#4254 = CARTESIAN_POINT('',(168.99444724239,-749.5663651705,
    -5.201687433586E+03));
#4255 = CARTESIAN_POINT('',(168.99733578311,-749.5858926563,
    -5.201592926146E+03));
#4256 = CARTESIAN_POINT('',(168.99733578311,-749.5858926563,-5.2015E+03)
  );
#4257 = PCURVE('',#51,#4258);
#4258 = DEFINITIONAL_REPRESENTATION('',(#4259),#4290);
#4259 = B_SPLINE_CURVE_WITH_KNOTS('',8,(#4260,#4261,#4262,#4263,#4264,
    #4265,#4266,#4267,#4268,#4269,#4270,#4271,#4272,#4273,#4274,#4275,
    #4276,#4277,#4278,#4279,#4280,#4281,#4282,#4283,#4284,#4285,#4286,
    #4287,#4288,#4289),.UNSPECIFIED.,.T.,.F.,(9,7,7,7,9),(0.,0.25,
    0.500000000007,0.750000000011,1.),.UNSPECIFIED.);
#4260 = CARTESIAN_POINT('',(3.288447076698,39.));
#4261 = CARTESIAN_POINT('',(3.288447076698,39.092926146408));
#4262 = CARTESIAN_POINT('',(3.287817211535,39.18743358614));
#4263 = CARTESIAN_POINT('',(3.286519894296,39.278381654359));
#4264 = CARTESIAN_POINT('',(3.284572912536,39.360131472545));
#4265 = CARTESIAN_POINT('',(3.282050738908,39.427241390858));
#4266 = CARTESIAN_POINT('',(3.279080412644,39.475025334398));
#4267 = CARTESIAN_POINT('',(3.275827678182,39.5));
#4268 = CARTESIAN_POINT('',(3.269157016797,39.5));
#4269 = CARTESIAN_POINT('',(3.265904282335,39.475025334397));
#4270 = CARTESIAN_POINT('',(3.26293395607,39.427241390859));
#4271 = CARTESIAN_POINT('',(3.260411782443,39.360131472546));
#4272 = CARTESIAN_POINT('',(3.258464800683,39.278381654361));
#4273 = CARTESIAN_POINT('',(3.257167483444,39.187433586138));
#4274 = CARTESIAN_POINT('',(3.25653761828,39.092926146406));
#4275 = CARTESIAN_POINT('',(3.25653761828,38.907073853595));
#4276 = CARTESIAN_POINT('',(3.257167483444,38.812566413861));
#4277 = CARTESIAN_POINT('',(3.258464800683,38.72161834564));
#4278 = CARTESIAN_POINT('',(3.260411782443,38.639868527453));
#4279 = CARTESIAN_POINT('',(3.26293395607,38.572758609141));
#4280 = CARTESIAN_POINT('',(3.265904282335,38.524974665604));
#4281 = CARTESIAN_POINT('',(3.269157016797,38.5));
#4282 = CARTESIAN_POINT('',(3.275827678182,38.5));
#4283 = CARTESIAN_POINT('',(3.279080412644,38.524974665601));
#4284 = CARTESIAN_POINT('',(3.282050738908,38.572758609142));
#4285 = CARTESIAN_POINT('',(3.284572912536,38.639868527456));
#4286 = CARTESIAN_POINT('',(3.286519894296,38.721618345644));
#4287 = CARTESIAN_POINT('',(3.287817211535,38.812566413858));
#4288 = CARTESIAN_POINT('',(3.288447076698,38.907073853591));
#4289 = CARTESIAN_POINT('',(3.288447076698,39.));
#4290 = ( GEOMETRIC_REPRESENTATION_CONTEXT(2) 
PARAMETRIC_REPRESENTATION_CONTEXT() REPRESENTATION_CONTEXT('2D SPACE',''
  ) );
#4291 = PCURVE('',#4292,#4297);
#4292 = CYLINDRICAL_SURFACE('',#4293,0.5);
#4293 = AXIS2_PLACEMENT_3D('',#4294,#4295,#4296);
#4294 = CARTESIAN_POINT('',(169.42384047523,-749.025427768,-5.2015E+03)
  );
#4295 = DIRECTION('',(-0.991444861374,-0.13052619222,0.));
#4296 = DIRECTION('',(0.13052619222,-0.991444861374,0.));
#4297 = DEFINITIONAL_REPRESENTATION('',(#4298),#4329);
#4298 = B_SPLINE_CURVE_WITH_KNOTS('',8,(#4299,#4300,#4301,#4302,#4303,
    #4304,#4305,#4306,#4307,#4308,#4309,#4310,#4311,#4312,#4313,#4314,
    #4315,#4316,#4317,#4318,#4319,#4320,#4321,#4322,#4323,#4324,#4325,
    #4326,#4327,#4328),.UNSPECIFIED.,.F.,.F.,(9,7,7,7,9),(0.,0.25,
    0.500000000007,0.750000000011,1.),.UNSPECIFIED.);
#4299 = CARTESIAN_POINT('',(0.,0.496011233085));
#4300 = CARTESIAN_POINT('',(0.185852292816,0.496011233085));
#4301 = CARTESIAN_POINT('',(0.374867222659,0.496326213582));
#4302 = CARTESIAN_POINT('',(0.566545073815,0.496974593309));
#4303 = CARTESIAN_POINT('',(0.760791483588,0.497879284326));
#4304 = CARTESIAN_POINT('',(0.957760989584,0.498839444016));
#4305 = CARTESIAN_POINT('',(1.157855611896,0.499601506198));
#4306 = CARTESIAN_POINT('',(1.361737799007,0.5));
#4307 = CARTESIAN_POINT('',(1.779854854589,0.5));
#4308 = CARTESIAN_POINT('',(1.983737041694,0.499601506198));
#4309 = CARTESIAN_POINT('',(2.183831664002,0.498839444016));
#4310 = CARTESIAN_POINT('',(2.380801170001,0.497879284326));
#4311 = CARTESIAN_POINT('',(2.57504757977,0.496974593309));
#4312 = CARTESIAN_POINT('',(2.766725430934,0.496326213582));
#4313 = CARTESIAN_POINT('',(2.955740360777,0.496011233085));
#4314 = CARTESIAN_POINT('',(3.3274449464,0.496011233085));
#4315 = CARTESIAN_POINT('',(3.516459876248,0.496326213582));
#4316 = CARTESIAN_POINT('',(3.708137727404,0.496974593309));
#4317 = CARTESIAN_POINT('',(3.902384137187,0.497879284326));
#4318 = CARTESIAN_POINT('',(4.099353643172,0.498839444016));
#4319 = CARTESIAN_POINT('',(4.29944826549,0.499601506198));
#4320 = CARTESIAN_POINT('',(4.503330452587,0.5));
#4321 = CARTESIAN_POINT('',(4.921447508169,0.5));
#4322 = CARTESIAN_POINT('',(5.125329695279,0.499601506198));
#4323 = CARTESIAN_POINT('',(5.325424317603,0.498839444016));
#4324 = CARTESIAN_POINT('',(5.522393823591,0.497879284326));
#4325 = CARTESIAN_POINT('',(5.716640233371,0.496974593309));
#4326 = CARTESIAN_POINT('',(5.908318084516,0.496326213582));
#4327 = CARTESIAN_POINT('',(6.097333014361,0.496011233085));
#4328 = CARTESIAN_POINT('',(6.28318530718,0.496011233085));
#4329 = ( GEOMETRIC_REPRESENTATION_CONTEXT(2) 
PARAMETRIC_REPRESENTATION_CONTEXT() REPRESENTATION_CONTEXT('2D SPACE',''
  ) );
#4330 = FACE_BOUND('',#4331,.T.);
#4331 = EDGE_LOOP('',(#4332));
#4332 = ORIENTED_EDGE('',*,*,#4333,.F.);
#4333 = EDGE_CURVE('',#4334,#4334,#4336,.T.);
#4334 = VERTEX_POINT('',#4335);
#4335 = CARTESIAN_POINT('',(171.24064230739,-757.4537121015,-5.2015E+03)
  );
#4336 = SURFACE_CURVE('',#4337,(#4368,#4402),.PCURVE_S1.);
#4337 = B_SPLINE_CURVE_WITH_KNOTS('',8,(#4338,#4339,#4340,#4341,#4342,
    #4343,#4344,#4345,#4346,#4347,#4348,#4349,#4350,#4351,#4352,#4353,
    #4354,#4355,#4356,#4357,#4358,#4359,#4360,#4361,#4362,#4363,#4364,
    #4365,#4366,#4367),.UNSPECIFIED.,.T.,.F.,(9,7,7,7,9),(0.,
    0.250000000001,0.499999999994,0.749999999988,1.),.UNSPECIFIED.);
#4338 = CARTESIAN_POINT('',(171.24064230739,-757.4537121015,-5.2015E+03)
  );
#4339 = CARTESIAN_POINT('',(171.24064230739,-757.4537121015,
    -5.201407073854E+03));
#4340 = CARTESIAN_POINT('',(171.23279810609,-757.4355976081,
    -5.201312566414E+03));
#4341 = CARTESIAN_POINT('',(171.21664193426,-757.3982874568,
    -5.201221618346E+03));
#4342 = CARTESIAN_POINT('',(171.19245796424,-757.3422662599,
    -5.201139868527E+03));
#4343 = CARTESIAN_POINT('',(171.16132364163,-757.2696103742,
    -5.201072758609E+03));
#4344 = CARTESIAN_POINT('',(171.12499624289,-757.1838996399,
    -5.201024974666E+03));
#4345 = CARTESIAN_POINT('',(171.08561706858,-757.0898712177,-5.201E+03)
  );
#4346 = CARTESIAN_POINT('',(171.0056138336,-756.8967263228,-5.201E+03));
#4347 = CARTESIAN_POINT('',(170.96697097983,-756.8023929067,
    -5.201024974666E+03));
#4348 = CARTESIAN_POINT('',(170.93205168839,-756.7160989152,
    -5.201072758609E+03));
#4349 = CARTESIAN_POINT('',(170.90269150955,-756.6427081551,
    -5.201139868527E+03));
#4350 = CARTESIAN_POINT('',(170.88017919057,-756.5859945377,
    -5.201221618346E+03));
#4351 = CARTESIAN_POINT('',(170.86522106825,-756.5481881381,
    -5.201312566414E+03));
#4352 = CARTESIAN_POINT('',(170.85795887502,-756.529832569,
    -5.201407073854E+03));
#4353 = CARTESIAN_POINT('',(170.85795887502,-756.529832569,
    -5.201592926146E+03));
#4354 = CARTESIAN_POINT('',(170.86522106825,-756.5481881381,
    -5.201687433586E+03));
#4355 = CARTESIAN_POINT('',(170.88017919057,-756.5859945377,
    -5.201778381654E+03));
#4356 = CARTESIAN_POINT('',(170.90269150955,-756.6427081551,
    -5.201860131473E+03));
#4357 = CARTESIAN_POINT('',(170.93205168839,-756.7160989152,
    -5.201927241391E+03));
#4358 = CARTESIAN_POINT('',(170.96697097983,-756.8023929067,
    -5.201975025334E+03));
#4359 = CARTESIAN_POINT('',(171.0056138336,-756.8967263228,-5.202E+03));
#4360 = CARTESIAN_POINT('',(171.08561706858,-757.0898712177,-5.202E+03)
  );
#4361 = CARTESIAN_POINT('',(171.12499624289,-757.1838996399,
    -5.201975025334E+03));
#4362 = CARTESIAN_POINT('',(171.16132364163,-757.2696103742,
    -5.201927241391E+03));
#4363 = CARTESIAN_POINT('',(171.19245796424,-757.3422662599,
    -5.201860131473E+03));
#4364 = CARTESIAN_POINT('',(171.21664193426,-757.3982874568,
    -5.201778381654E+03));
#4365 = CARTESIAN_POINT('',(171.23279810609,-757.4355976081,
    -5.201687433586E+03));
#4366 = CARTESIAN_POINT('',(171.24064230739,-757.4537121015,
    -5.201592926146E+03));
#4367 = CARTESIAN_POINT('',(171.24064230739,-757.4537121015,-5.2015E+03)
  );
#4368 = PCURVE('',#51,#4369);
#4369 = DEFINITIONAL_REPRESENTATION('',(#4370),#4401);
#4370 = B_SPLINE_CURVE_WITH_KNOTS('',8,(#4371,#4372,#4373,#4374,#4375,
    #4376,#4377,#4378,#4379,#4380,#4381,#4382,#4383,#4384,#4385,#4386,
    #4387,#4388,#4389,#4390,#4391,#4392,#4393,#4394,#4395,#4396,#4397,
    #4398,#4399,#4400),.UNSPECIFIED.,.T.,.F.,(9,7,7,7,9),(0.,
    0.250000000001,0.499999999994,0.749999999988,1.),.UNSPECIFIED.);
#4371 = CARTESIAN_POINT('',(3.550246464498,39.));
#4372 = CARTESIAN_POINT('',(3.550246464498,39.092926146408));
#4373 = CARTESIAN_POINT('',(3.549616599334,39.18743358614));
#4374 = CARTESIAN_POINT('',(3.548319282095,39.278381654358));
#4375 = CARTESIAN_POINT('',(3.546372300335,39.360131472546));
#4376 = CARTESIAN_POINT('',(3.543850126708,39.427241390858));
#4377 = CARTESIAN_POINT('',(3.540879800443,39.475025334398));
#4378 = CARTESIAN_POINT('',(3.537627065981,39.5));
#4379 = CARTESIAN_POINT('',(3.530956404596,39.5));
#4380 = CARTESIAN_POINT('',(3.527703670134,39.475025334399));
#4381 = CARTESIAN_POINT('',(3.524733343869,39.427241390859));
#4382 = CARTESIAN_POINT('',(3.522211170242,39.360131472542));
#4383 = CARTESIAN_POINT('',(3.520264188482,39.278381654359));
#4384 = CARTESIAN_POINT('',(3.518966871243,39.18743358614));
#4385 = CARTESIAN_POINT('',(3.518337006079,39.09292614641));
#4386 = CARTESIAN_POINT('',(3.518337006079,38.90707385359));
#4387 = CARTESIAN_POINT('',(3.518966871243,38.812566413859));
#4388 = CARTESIAN_POINT('',(3.520264188482,38.721618345643));
#4389 = CARTESIAN_POINT('',(3.522211170242,38.639868527457));
#4390 = CARTESIAN_POINT('',(3.524733343869,38.572758609142));
#4391 = CARTESIAN_POINT('',(3.527703670134,38.5249746656));
#4392 = CARTESIAN_POINT('',(3.530956404596,38.5));
#4393 = CARTESIAN_POINT('',(3.537627065981,38.5));
#4394 = CARTESIAN_POINT('',(3.540879800443,38.524974665604));
#4395 = CARTESIAN_POINT('',(3.543850126707,38.572758609142));
#4396 = CARTESIAN_POINT('',(3.546372300335,38.639868527451));
#4397 = CARTESIAN_POINT('',(3.548319282095,38.721618345641));
#4398 = CARTESIAN_POINT('',(3.549616599334,38.81256641386));
#4399 = CARTESIAN_POINT('',(3.550246464498,38.907073853595));
#4400 = CARTESIAN_POINT('',(3.550246464498,39.));
#4401 = ( GEOMETRIC_REPRESENTATION_CONTEXT(2) 
PARAMETRIC_REPRESENTATION_CONTEXT() REPRESENTATION_CONTEXT('2D SPACE',''
  ) );
#4402 = PCURVE('',#4403,#4408);
#4403 = CYLINDRICAL_SURFACE('',#4404,0.5);
#4404 = AXIS2_PLACEMENT_3D('',#4405,#4406,#4407);
#4405 = CARTESIAN_POINT('',(171.50755521735,-756.8019570541,-5.2015E+03)
  );
#4406 = DIRECTION('',(-0.923879532511,-0.382683432365,0.));
#4407 = DIRECTION('',(0.382683432365,-0.923879532511,0.));
#4408 = DEFINITIONAL_REPRESENTATION('',(#4409),#4440);
#4409 = B_SPLINE_CURVE_WITH_KNOTS('',8,(#4410,#4411,#4412,#4413,#4414,
    #4415,#4416,#4417,#4418,#4419,#4420,#4421,#4422,#4423,#4424,#4425,
    #4426,#4427,#4428,#4429,#4430,#4431,#4432,#4433,#4434,#4435,#4436,
    #4437,#4438,#4439),.UNSPECIFIED.,.F.,.F.,(9,7,7,7,9),(0.,
    0.250000000001,0.499999999994,0.749999999988,1.),.UNSPECIFIED.);
#4410 = CARTESIAN_POINT('',(0.,0.496011233085));
#4411 = CARTESIAN_POINT('',(0.185852292816,0.496011233085));
#4412 = CARTESIAN_POINT('',(0.37486722266,0.496326213582));
#4413 = CARTESIAN_POINT('',(0.566545073814,0.496974593309));
#4414 = CARTESIAN_POINT('',(0.760791483589,0.497879284326));
#4415 = CARTESIAN_POINT('',(0.957760989582,0.498839444016));
#4416 = CARTESIAN_POINT('',(1.157855611898,0.499601506198));
#4417 = CARTESIAN_POINT('',(1.361737799006,0.5));
#4418 = CARTESIAN_POINT('',(1.779854854578,0.5));
#4419 = CARTESIAN_POINT('',(1.983737041692,0.499601506198));
#4420 = CARTESIAN_POINT('',(2.183831664008,0.498839444016));
#4421 = CARTESIAN_POINT('',(2.380801170009,0.497879284326));
#4422 = CARTESIAN_POINT('',(2.575047579774,0.496974593309));
#4423 = CARTESIAN_POINT('',(2.766725430929,0.496326213582));
#4424 = CARTESIAN_POINT('',(2.95574036077,0.496011233085));
#4425 = CARTESIAN_POINT('',(3.32744494641,0.496011233085));
#4426 = CARTESIAN_POINT('',(3.516459876252,0.496326213582));
#4427 = CARTESIAN_POINT('',(3.708137727403,0.496974593309));
#4428 = CARTESIAN_POINT('',(3.902384137173,0.497879284326));
#4429 = CARTESIAN_POINT('',(4.09935364317,0.498839444016));
#4430 = CARTESIAN_POINT('',(4.299448265488,0.499601506198));
#4431 = CARTESIAN_POINT('',(4.503330452603,0.5));
#4432 = CARTESIAN_POINT('',(4.921447508182,0.5));
#4433 = CARTESIAN_POINT('',(5.125329695281,0.499601506198));
#4434 = CARTESIAN_POINT('',(5.325424317599,0.498839444016));
#4435 = CARTESIAN_POINT('',(5.522393823577,0.497879284326));
#4436 = CARTESIAN_POINT('',(5.71664023337,0.496974593309));
#4437 = CARTESIAN_POINT('',(5.908318084519,0.496326213582));
#4438 = CARTESIAN_POINT('',(6.09733301437,0.496011233085));
#4439 = CARTESIAN_POINT('',(6.28318530718,0.496011233085));
#4440 = ( GEOMETRIC_REPRESENTATION_CONTEXT(2) 
PARAMETRIC_REPRESENTATION_CONTEXT() REPRESENTATION_CONTEXT('2D SPACE',''
  ) );
#4441 = FACE_BOUND('',#4442,.T.);
#4442 = EDGE_LOOP('',(#4443));
#4443 = ORIENTED_EDGE('',*,*,#4444,.F.);
#4444 = EDGE_CURVE('',#4445,#4445,#4447,.T.);
#4445 = VERTEX_POINT('',#4446);
#4446 = CARTESIAN_POINT('',(175.44385153133,-764.4728316478,-5.2015E+03)
  );
#4447 = SURFACE_CURVE('',#4448,(#4479,#4513),.PCURVE_S1.);
#4448 = B_SPLINE_CURVE_WITH_KNOTS('',8,(#4449,#4450,#4451,#4452,#4453,
    #4454,#4455,#4456,#4457,#4458,#4459,#4460,#4461,#4462,#4463,#4464,
    #4465,#4466,#4467,#4468,#4469,#4470,#4471,#4472,#4473,#4474,#4475,
    #4476,#4477,#4478),.UNSPECIFIED.,.T.,.F.,(9,7,7,7,9),(0.,
    0.250000000005,0.500000000006,0.750000000004,1.),.UNSPECIFIED.);
#4449 = CARTESIAN_POINT('',(175.44385153133,-764.4728316478,-5.2015E+03)
  );
#4450 = CARTESIAN_POINT('',(175.44385153133,-764.4728316478,
    -5.201407073854E+03));
#4451 = CARTESIAN_POINT('',(175.43158623881,-764.4573646194,
    -5.201312566414E+03));
#4452 = CARTESIAN_POINT('',(175.40632399746,-764.4255073057,
    -5.201221618346E+03));
#4453 = CARTESIAN_POINT('',(175.36846472356,-764.3776542568,
    -5.201139868527E+03));
#4454 = CARTESIAN_POINT('',(175.31958655031,-764.3155322161,
    -5.201072758609E+03));
#4455 = CARTESIAN_POINT('',(175.26231340726,-764.2421442269,
    -5.201024974666E+03));
#4456 = CARTESIAN_POINT('',(175.19993969933,-764.1615118258,-5.201E+03)
  );
#4457 = CARTESIAN_POINT('',(175.07267293121,-763.9956545444,-5.201E+03)
  );
#4458 = CARTESIAN_POINT('',(175.01093151605,-763.914536968,
    -5.201024974666E+03));
#4459 = CARTESIAN_POINT('',(174.95486754216,-763.8402211507,
    -5.201072758609E+03));
#4460 = CARTESIAN_POINT('',(174.9075128607,-763.7769300935,
    -5.201139868527E+03));
#4461 = CARTESIAN_POINT('',(174.87108906609,-763.7279755627,
    -5.201221618346E+03));
#4462 = CARTESIAN_POINT('',(174.84685561318,-763.6953288318,
    -5.201312566414E+03));
#4463 = CARTESIAN_POINT('',(174.83509010232,-763.6794783075,
    -5.201407073854E+03));
#4464 = CARTESIAN_POINT('',(174.83509010232,-763.6794783075,
    -5.201592926146E+03));
#4465 = CARTESIAN_POINT('',(174.84685561318,-763.6953288318,
    -5.201687433586E+03));
#4466 = CARTESIAN_POINT('',(174.87108906609,-763.7279755627,
    -5.201778381654E+03));
#4467 = CARTESIAN_POINT('',(174.9075128607,-763.7769300935,
    -5.201860131473E+03));
#4468 = CARTESIAN_POINT('',(174.95486754216,-763.8402211507,
    -5.201927241391E+03));
#4469 = CARTESIAN_POINT('',(175.01093151605,-763.914536968,
    -5.201975025334E+03));
#4470 = CARTESIAN_POINT('',(175.07267293121,-763.9956545444,-5.202E+03)
  );
#4471 = CARTESIAN_POINT('',(175.19993969933,-764.1615118258,-5.202E+03)
  );
#4472 = CARTESIAN_POINT('',(175.26231340726,-764.2421442269,
    -5.201975025334E+03));
#4473 = CARTESIAN_POINT('',(175.31958655031,-764.3155322161,
    -5.201927241391E+03));
#4474 = CARTESIAN_POINT('',(175.36846472356,-764.3776542568,
    -5.201860131473E+03));
#4475 = CARTESIAN_POINT('',(175.40632399746,-764.4255073057,
    -5.201778381654E+03));
#4476 = CARTESIAN_POINT('',(175.43158623881,-764.4573646194,
    -5.201687433586E+03));
#4477 = CARTESIAN_POINT('',(175.44385153133,-764.4728316478,
    -5.201592926146E+03));
#4478 = CARTESIAN_POINT('',(175.44385153133,-764.4728316478,-5.2015E+03)
  );
#4479 = PCURVE('',#51,#4480);
#4480 = DEFINITIONAL_REPRESENTATION('',(#4481),#4512);
#4481 = B_SPLINE_CURVE_WITH_KNOTS('',8,(#4482,#4483,#4484,#4485,#4486,
    #4487,#4488,#4489,#4490,#4491,#4492,#4493,#4494,#4495,#4496,#4497,
    #4498,#4499,#4500,#4501,#4502,#4503,#4504,#4505,#4506,#4507,#4508,
    #4509,#4510,#4511),.UNSPECIFIED.,.T.,.F.,(9,7,7,7,9),(0.,
    0.250000000005,0.500000000006,0.750000000004,1.),.UNSPECIFIED.);
#4482 = CARTESIAN_POINT('',(3.812045852297,39.));
#4483 = CARTESIAN_POINT('',(3.812045852297,39.092926146407));
#4484 = CARTESIAN_POINT('',(3.811415987133,39.187433586139));
#4485 = CARTESIAN_POINT('',(3.810118669894,39.278381654359));
#4486 = CARTESIAN_POINT('',(3.808171688134,39.360131472547));
#4487 = CARTESIAN_POINT('',(3.805649514507,39.427241390858));
#4488 = CARTESIAN_POINT('',(3.802679188242,39.475025334397));
#4489 = CARTESIAN_POINT('',(3.79942645378,39.5));
#4490 = CARTESIAN_POINT('',(3.792755792395,39.5));
#4491 = CARTESIAN_POINT('',(3.789503057933,39.475025334398));
#4492 = CARTESIAN_POINT('',(3.786532731669,39.427241390859));
#4493 = CARTESIAN_POINT('',(3.784010558041,39.360131472545));
#4494 = CARTESIAN_POINT('',(3.782063576281,39.27838165436));
#4495 = CARTESIAN_POINT('',(3.780766259042,39.187433586139));
#4496 = CARTESIAN_POINT('',(3.780136393879,39.092926146408));
#4497 = CARTESIAN_POINT('',(3.780136393879,38.907073853593));
#4498 = CARTESIAN_POINT('',(3.780766259042,38.812566413862));
#4499 = CARTESIAN_POINT('',(3.782063576282,38.721618345638));
#4500 = CARTESIAN_POINT('',(3.784010558041,38.639868527457));
#4501 = CARTESIAN_POINT('',(3.786532731669,38.57275860914));
#4502 = CARTESIAN_POINT('',(3.789503057933,38.524974665603));
#4503 = CARTESIAN_POINT('',(3.792755792395,38.5));
#4504 = CARTESIAN_POINT('',(3.79942645378,38.5));
#4505 = CARTESIAN_POINT('',(3.802679188242,38.524974665601));
#4506 = CARTESIAN_POINT('',(3.805649514507,38.572758609142));
#4507 = CARTESIAN_POINT('',(3.808171688134,38.639868527454));
#4508 = CARTESIAN_POINT('',(3.810118669894,38.721618345643));
#4509 = CARTESIAN_POINT('',(3.811415987133,38.812566413859));
#4510 = CARTESIAN_POINT('',(3.812045852297,38.907073853592));
#4511 = CARTESIAN_POINT('',(3.812045852297,39.));
#4512 = ( GEOMETRIC_REPRESENTATION_CONTEXT(2) 
PARAMETRIC_REPRESENTATION_CONTEXT() REPRESENTATION_CONTEXT('2D SPACE',''
  ) );
#4513 = PCURVE('',#4514,#4519);
#4514 = CYLINDRICAL_SURFACE('',#4515,0.5);
#4515 = AXIS2_PLACEMENT_3D('',#4516,#4517,#4518);
#4516 = CARTESIAN_POINT('',(175.53298298541,-763.7742024706,-5.2015E+03)
  );
#4517 = DIRECTION('',(-0.793353340291,-0.608761429009,0.));
#4518 = DIRECTION('',(0.608761429009,-0.793353340291,0.));
#4519 = DEFINITIONAL_REPRESENTATION('',(#4520),#4551);
#4520 = B_SPLINE_CURVE_WITH_KNOTS('',8,(#4521,#4522,#4523,#4524,#4525,
    #4526,#4527,#4528,#4529,#4530,#4531,#4532,#4533,#4534,#4535,#4536,
    #4537,#4538,#4539,#4540,#4541,#4542,#4543,#4544,#4545,#4546,#4547,
    #4548,#4549,#4550),.UNSPECIFIED.,.F.,.F.,(9,7,7,7,9),(0.,
    0.250000000005,0.500000000006,0.750000000004,1.),.UNSPECIFIED.);
#4521 = CARTESIAN_POINT('',(0.,0.496011233085));
#4522 = CARTESIAN_POINT('',(0.185852292813,0.496011233085));
#4523 = CARTESIAN_POINT('',(0.374867222658,0.496326213582));
#4524 = CARTESIAN_POINT('',(0.566545073815,0.496974593309));
#4525 = CARTESIAN_POINT('',(0.760791483592,0.497879284326));
#4526 = CARTESIAN_POINT('',(0.957760989584,0.498839444016));
#4527 = CARTESIAN_POINT('',(1.157855611897,0.499601506198));
#4528 = CARTESIAN_POINT('',(1.361737799002,0.5));
#4529 = CARTESIAN_POINT('',(1.779854854585,0.5));
#4530 = CARTESIAN_POINT('',(1.983737041692,0.499601506198));
#4531 = CARTESIAN_POINT('',(2.183831664007,0.498839444016));
#4532 = CARTESIAN_POINT('',(2.380801169999,0.497879284326));
#4533 = CARTESIAN_POINT('',(2.575047579775,0.496974593309));
#4534 = CARTESIAN_POINT('',(2.766725430931,0.496326213582));
#4535 = CARTESIAN_POINT('',(2.955740360775,0.496011233085));
#4536 = CARTESIAN_POINT('',(3.327444946404,0.496011233085));
#4537 = CARTESIAN_POINT('',(3.516459876246,0.496326213582));
#4538 = CARTESIAN_POINT('',(3.708137727412,0.496974593309));
#4539 = CARTESIAN_POINT('',(3.902384137172,0.497879284326));
#4540 = CARTESIAN_POINT('',(4.09935364318,0.498839444016));
#4541 = CARTESIAN_POINT('',(4.299448265486,0.499601506198));
#4542 = CARTESIAN_POINT('',(4.503330452593,0.5));
#4543 = CARTESIAN_POINT('',(4.921447508174,0.5));
#4544 = CARTESIAN_POINT('',(5.125329695277,0.499601506198));
#4545 = CARTESIAN_POINT('',(5.325424317605,0.498839444016));
#4546 = CARTESIAN_POINT('',(5.522393823585,0.497879284326));
#4547 = CARTESIAN_POINT('',(5.716640233371,0.496974593309));
#4548 = CARTESIAN_POINT('',(5.908318084517,0.496326213582));
#4549 = CARTESIAN_POINT('',(6.097333014364,0.496011233085));
#4550 = CARTESIAN_POINT('',(6.28318530718,0.496011233085));
#4551 = ( GEOMETRIC_REPRESENTATION_CONTEXT(2) 
PARAMETRIC_REPRESENTATION_CONTEXT() REPRESENTATION_CONTEXT('2D SPACE',''
  ) );
#4552 = FACE_BOUND('',#4553,.T.);
#4553 = EDGE_LOOP('',(#4554));
#4554 = ORIENTED_EDGE('',*,*,#4555,.F.);
#4555 = EDGE_CURVE('',#4556,#4556,#4558,.T.);
#4556 = VERTEX_POINT('',#4557);
#4557 = CARTESIAN_POINT('',(180.52716835217,-769.5561484686,-5.2015E+03)
  );
#4558 = SURFACE_CURVE('',#4559,(#4590,#4624),.PCURVE_S1.);
#4559 = B_SPLINE_CURVE_WITH_KNOTS('',8,(#4560,#4561,#4562,#4563,#4564,
    #4565,#4566,#4567,#4568,#4569,#4570,#4571,#4572,#4573,#4574,#4575,
    #4576,#4577,#4578,#4579,#4580,#4581,#4582,#4583,#4584,#4585,#4586,
    #4587,#4588,#4589),.UNSPECIFIED.,.T.,.F.,(9,7,7,7,9),(0.,
    0.25000000001,0.500000000009,0.750000000004,1.),.UNSPECIFIED.);
#4560 = CARTESIAN_POINT('',(180.52716835216,-769.5561484686,-5.2015E+03)
  );
#4561 = CARTESIAN_POINT('',(180.52716835216,-769.5561484686,
    -5.201592926146E+03));
#4562 = CARTESIAN_POINT('',(180.54263538054,-769.5684137611,
    -5.201687433586E+03));
#4563 = CARTESIAN_POINT('',(180.57449269427,-769.5936760025,
    -5.201778381654E+03));
#4564 = CARTESIAN_POINT('',(180.6223457431,-769.6315352764,
    -5.201860131473E+03));
#4565 = CARTESIAN_POINT('',(180.68446778389,-769.6804134496,
    -5.201927241391E+03));
#4566 = CARTESIAN_POINT('',(180.75785577307,-769.7376865927,
    -5.201975025334E+03));
#4567 = CARTESIAN_POINT('',(180.83848817419,-769.8000603006,-5.202E+03)
  );
#4568 = CARTESIAN_POINT('',(181.00434545553,-769.9273270687,-5.202E+03)
  );
#4569 = CARTESIAN_POINT('',(181.08546303196,-769.9890684839,
    -5.201975025334E+03));
#4570 = CARTESIAN_POINT('',(181.15977884927,-770.0451324578,
    -5.201927241391E+03));
#4571 = CARTESIAN_POINT('',(181.22306990643,-770.0924871392,
    -5.201860131473E+03));
#4572 = CARTESIAN_POINT('',(181.27202443726,-770.1289109339,
    -5.201778381654E+03));
#4573 = CARTESIAN_POINT('',(181.30467116813,-770.1531443868,
    -5.201687433586E+03));
#4574 = CARTESIAN_POINT('',(181.32052169246,-770.1649098976,
    -5.201592926146E+03));
#4575 = CARTESIAN_POINT('',(181.32052169246,-770.1649098976,
    -5.201407073854E+03));
#4576 = CARTESIAN_POINT('',(181.30467116813,-770.1531443868,
    -5.201312566414E+03));
#4577 = CARTESIAN_POINT('',(181.27202443726,-770.1289109339,
    -5.201221618346E+03));
#4578 = CARTESIAN_POINT('',(181.22306990644,-770.0924871392,
    -5.201139868527E+03));
#4579 = CARTESIAN_POINT('',(181.15977884927,-770.0451324578,
    -5.201072758609E+03));
#4580 = CARTESIAN_POINT('',(181.08546303197,-769.9890684839,
    -5.201024974666E+03));
#4581 = CARTESIAN_POINT('',(181.00434545553,-769.9273270687,-5.201E+03)
  );
#4582 = CARTESIAN_POINT('',(180.83848817419,-769.8000603006,-5.201E+03)
  );
#4583 = CARTESIAN_POINT('',(180.75785577307,-769.7376865927,
    -5.201024974666E+03));
#4584 = CARTESIAN_POINT('',(180.68446778389,-769.6804134496,
    -5.201072758609E+03));
#4585 = CARTESIAN_POINT('',(180.6223457431,-769.6315352764,
    -5.201139868527E+03));
#4586 = CARTESIAN_POINT('',(180.57449269427,-769.5936760025,
    -5.201221618346E+03));
#4587 = CARTESIAN_POINT('',(180.54263538054,-769.5684137611,
    -5.201312566414E+03));
#4588 = CARTESIAN_POINT('',(180.52716835216,-769.5561484686,
    -5.201407073854E+03));
#4589 = CARTESIAN_POINT('',(180.52716835216,-769.5561484686,-5.2015E+03)
  );
#4590 = PCURVE('',#51,#4591);
#4591 = DEFINITIONAL_REPRESENTATION('',(#4592),#4623);
#4592 = B_SPLINE_CURVE_WITH_KNOTS('',8,(#4593,#4594,#4595,#4596,#4597,
    #4598,#4599,#4600,#4601,#4602,#4603,#4604,#4605,#4606,#4607,#4608,
    #4609,#4610,#4611,#4612,#4613,#4614,#4615,#4616,#4617,#4618,#4619,
    #4620,#4621,#4622),.UNSPECIFIED.,.T.,.F.,(9,7,7,7,9),(0.,
    0.25000000001,0.500000000009,0.750000000004,1.),.UNSPECIFIED.);
#4593 = CARTESIAN_POINT('',(4.041935781678,39.));
#4594 = CARTESIAN_POINT('',(4.041935781678,38.907073853594));
#4595 = CARTESIAN_POINT('',(4.042565646841,38.812566413862));
#4596 = CARTESIAN_POINT('',(4.043862964081,38.721618345639));
#4597 = CARTESIAN_POINT('',(4.04580994584,38.639868527452));
#4598 = CARTESIAN_POINT('',(4.048332119468,38.572758609141));
#4599 = CARTESIAN_POINT('',(4.051302445732,38.524974665604));
#4600 = CARTESIAN_POINT('',(4.054555180194,38.5));
#4601 = CARTESIAN_POINT('',(4.061225841579,38.5));
#4602 = CARTESIAN_POINT('',(4.064478576041,38.524974665602));
#4603 = CARTESIAN_POINT('',(4.067448902306,38.572758609142));
#4604 = CARTESIAN_POINT('',(4.069971075934,38.639868527455));
#4605 = CARTESIAN_POINT('',(4.071918057693,38.721618345641));
#4606 = CARTESIAN_POINT('',(4.073215374932,38.81256641386));
#4607 = CARTESIAN_POINT('',(4.073845240096,38.907073853592));
#4608 = CARTESIAN_POINT('',(4.073845240096,39.092926146407));
#4609 = CARTESIAN_POINT('',(4.073215374932,39.187433586138));
#4610 = CARTESIAN_POINT('',(4.071918057693,39.278381654362));
#4611 = CARTESIAN_POINT('',(4.069971075934,39.360131472543));
#4612 = CARTESIAN_POINT('',(4.067448902306,39.42724139086));
#4613 = CARTESIAN_POINT('',(4.064478576041,39.475025334397));
#4614 = CARTESIAN_POINT('',(4.061225841579,39.5));
#4615 = CARTESIAN_POINT('',(4.054555180195,39.5));
#4616 = CARTESIAN_POINT('',(4.051302445732,39.475025334397));
#4617 = CARTESIAN_POINT('',(4.048332119468,39.427241390859));
#4618 = CARTESIAN_POINT('',(4.04580994584,39.360131472546));
#4619 = CARTESIAN_POINT('',(4.043862964081,39.278381654361));
#4620 = CARTESIAN_POINT('',(4.042565646841,39.187433586138));
#4621 = CARTESIAN_POINT('',(4.041935781678,39.092926146407));
#4622 = CARTESIAN_POINT('',(4.041935781678,39.));
#4623 = ( GEOMETRIC_REPRESENTATION_CONTEXT(2) 
PARAMETRIC_REPRESENTATION_CONTEXT() REPRESENTATION_CONTEXT('2D SPACE',''
  ) );
#4624 = PCURVE('',#4625,#4630);
#4625 = CYLINDRICAL_SURFACE('',#4626,0.5);
#4626 = AXIS2_PLACEMENT_3D('',#4627,#4628,#4629);
#4627 = CARTESIAN_POINT('',(181.22579752937,-769.4670170145,-5.2015E+03)
  );
#4628 = DIRECTION('',(-0.608761429009,-0.793353340291,0.));
#4629 = DIRECTION('',(-0.793353340291,0.608761429009,0.));
#4630 = DEFINITIONAL_REPRESENTATION('',(#4631),#4662);
#4631 = B_SPLINE_CURVE_WITH_KNOTS('',8,(#4632,#4633,#4634,#4635,#4636,
    #4637,#4638,#4639,#4640,#4641,#4642,#4643,#4644,#4645,#4646,#4647,
    #4648,#4649,#4650,#4651,#4652,#4653,#4654,#4655,#4656,#4657,#4658,
    #4659,#4660,#4661),.UNSPECIFIED.,.F.,.F.,(9,7,7,7,9),(0.,
    0.25000000001,0.500000000009,0.750000000004,1.),.UNSPECIFIED.);
#4632 = CARTESIAN_POINT('',(0.,0.496011233085));
#4633 = CARTESIAN_POINT('',(0.185852292812,0.496011233085));
#4634 = CARTESIAN_POINT('',(0.374867222656,0.496326213582));
#4635 = CARTESIAN_POINT('',(0.566545073817,0.496974593309));
#4636 = CARTESIAN_POINT('',(0.760791483593,0.497879284326));
#4637 = CARTESIAN_POINT('',(0.957760989587,0.498839444016));
#4638 = CARTESIAN_POINT('',(1.157855611896,0.499601506198));
#4639 = CARTESIAN_POINT('',(1.361737798999,0.5));
#4640 = CARTESIAN_POINT('',(1.779854854582,0.5));
#4641 = CARTESIAN_POINT('',(1.983737041693,0.499601506198));
#4642 = CARTESIAN_POINT('',(2.183831664007,0.498839444016));
#4643 = CARTESIAN_POINT('',(2.380801170004,0.497879284326));
#4644 = CARTESIAN_POINT('',(2.575047579774,0.496974593309));
#4645 = CARTESIAN_POINT('',(2.766725430931,0.496326213582));
#4646 = CARTESIAN_POINT('',(2.955740360773,0.496011233085));
#4647 = CARTESIAN_POINT('',(3.327444946404,0.496011233085));
#4648 = CARTESIAN_POINT('',(3.516459876246,0.496326213582));
#4649 = CARTESIAN_POINT('',(3.708137727413,0.496974593309));
#4650 = CARTESIAN_POINT('',(3.902384137169,0.497879284326));
#4651 = CARTESIAN_POINT('',(4.099353643181,0.498839444016));
#4652 = CARTESIAN_POINT('',(4.299448265485,0.499601506198));
#4653 = CARTESIAN_POINT('',(4.503330452594,0.5));
#4654 = CARTESIAN_POINT('',(4.921447508177,0.5));
#4655 = CARTESIAN_POINT('',(5.125329695285,0.499601506198));
#4656 = CARTESIAN_POINT('',(5.32542431759,0.498839444016));
#4657 = CARTESIAN_POINT('',(5.522393823594,0.497879284326));
#4658 = CARTESIAN_POINT('',(5.716640233359,0.496974593309));
#4659 = CARTESIAN_POINT('',(5.908318084524,0.496326213582));
#4660 = CARTESIAN_POINT('',(6.097333014365,0.496011233085));
#4661 = CARTESIAN_POINT('',(6.28318530718,0.496011233085));
#4662 = ( GEOMETRIC_REPRESENTATION_CONTEXT(2) 
PARAMETRIC_REPRESENTATION_CONTEXT() REPRESENTATION_CONTEXT('2D SPACE',''
  ) );
#4663 = FACE_BOUND('',#4664,.T.);
#4664 = EDGE_LOOP('',(#4665));
#4665 = ORIENTED_EDGE('',*,*,#4666,.F.);
#4666 = EDGE_CURVE('',#4667,#4667,#4669,.T.);
#4667 = VERTEX_POINT('',#4668);
#4668 = CARTESIAN_POINT('',(187.54628789843,-773.7593576926,-5.2015E+03)
  );
#4669 = SURFACE_CURVE('',#4670,(#4701,#4735),.PCURVE_S1.);
#4670 = B_SPLINE_CURVE_WITH_KNOTS('',8,(#4671,#4672,#4673,#4674,#4675,
    #4676,#4677,#4678,#4679,#4680,#4681,#4682,#4683,#4684,#4685,#4686,
    #4687,#4688,#4689,#4690,#4691,#4692,#4693,#4694,#4695,#4696,#4697,
    #4698,#4699,#4700),.UNSPECIFIED.,.T.,.F.,(9,7,7,7,9),(0.,
    0.250000000003,0.500000000001,0.749999999997,1.),.UNSPECIFIED.);
#4671 = CARTESIAN_POINT('',(187.54628789843,-773.7593576926,-5.2015E+03)
  );
#4672 = CARTESIAN_POINT('',(187.54628789843,-773.7593576926,
    -5.201592926146E+03));
#4673 = CARTESIAN_POINT('',(187.56440239189,-773.7672018939,
    -5.201687433586E+03));
#4674 = CARTESIAN_POINT('',(187.60171254316,-773.7833580657,
    -5.201778381654E+03));
#4675 = CARTESIAN_POINT('',(187.65773374002,-773.8075420357,
    -5.201860131473E+03));
#4676 = CARTESIAN_POINT('',(187.73038962572,-773.8386763583,
    -5.201927241391E+03));
#4677 = CARTESIAN_POINT('',(187.81610036001,-773.8750037571,
    -5.201975025334E+03));
#4678 = CARTESIAN_POINT('',(187.91012878221,-773.9143829314,-5.202E+03)
  );
#4679 = CARTESIAN_POINT('',(188.10327367713,-773.9943861663,-5.202E+03)
  );
#4680 = CARTESIAN_POINT('',(188.19760709329,-774.0330290201,
    -5.201975025334E+03));
#4681 = CARTESIAN_POINT('',(188.28390108472,-774.0679483116,
    -5.201927241391E+03));
#4682 = CARTESIAN_POINT('',(188.35729184484,-774.0973084904,
    -5.201860131473E+03));
#4683 = CARTESIAN_POINT('',(188.41400546222,-774.1198208094,
    -5.201778381654E+03));
#4684 = CARTESIAN_POINT('',(188.45181186185,-774.1347789317,
    -5.201687433586E+03));
#4685 = CARTESIAN_POINT('',(188.47016743094,-774.1420411249,
    -5.201592926146E+03));
#4686 = CARTESIAN_POINT('',(188.47016743094,-774.1420411249,
    -5.201407073854E+03));
#4687 = CARTESIAN_POINT('',(188.45181186185,-774.1347789317,
    -5.201312566414E+03));
#4688 = CARTESIAN_POINT('',(188.41400546222,-774.1198208094,
    -5.201221618346E+03));
#4689 = CARTESIAN_POINT('',(188.35729184484,-774.0973084904,
    -5.201139868527E+03));
#4690 = CARTESIAN_POINT('',(188.28390108472,-774.0679483116,
    -5.201072758609E+03));
#4691 = CARTESIAN_POINT('',(188.19760709329,-774.0330290201,
    -5.201024974666E+03));
#4692 = CARTESIAN_POINT('',(188.10327367713,-773.9943861663,-5.201E+03)
  );
#4693 = CARTESIAN_POINT('',(187.91012878221,-773.9143829314,-5.201E+03)
  );
#4694 = CARTESIAN_POINT('',(187.81610036001,-773.8750037571,
    -5.201024974666E+03));
#4695 = CARTESIAN_POINT('',(187.73038962573,-773.8386763583,
    -5.201072758609E+03));
#4696 = CARTESIAN_POINT('',(187.65773374002,-773.8075420357,
    -5.201139868527E+03));
#4697 = CARTESIAN_POINT('',(187.60171254316,-773.7833580657,
    -5.201221618346E+03));
#4698 = CARTESIAN_POINT('',(187.56440239189,-773.7672018939,
    -5.201312566414E+03));
#4699 = CARTESIAN_POINT('',(187.54628789843,-773.7593576926,
    -5.201407073854E+03));
#4700 = CARTESIAN_POINT('',(187.54628789843,-773.7593576926,-5.2015E+03)
  );
#4701 = PCURVE('',#51,#4702);
#4702 = DEFINITIONAL_REPRESENTATION('',(#4703),#4734);
#4703 = B_SPLINE_CURVE_WITH_KNOTS('',8,(#4704,#4705,#4706,#4707,#4708,
    #4709,#4710,#4711,#4712,#4713,#4714,#4715,#4716,#4717,#4718,#4719,
    #4720,#4721,#4722,#4723,#4724,#4725,#4726,#4727,#4728,#4729,#4730,
    #4731,#4732,#4733),.UNSPECIFIED.,.T.,.F.,(9,7,7,7,9),(0.,
    0.250000000003,0.500000000001,0.749999999997,1.),.UNSPECIFIED.);
#4704 = CARTESIAN_POINT('',(4.303735169477,39.));
#4705 = CARTESIAN_POINT('',(4.303735169477,38.907073853592));
#4706 = CARTESIAN_POINT('',(4.30436503464,38.81256641386));
#4707 = CARTESIAN_POINT('',(4.30566235188,38.721618345642));
#4708 = CARTESIAN_POINT('',(4.307609333639,38.639868527455));
#4709 = CARTESIAN_POINT('',(4.310131507267,38.572758609142));
#4710 = CARTESIAN_POINT('',(4.313101833532,38.524974665602));
#4711 = CARTESIAN_POINT('',(4.316354567994,38.5));
#4712 = CARTESIAN_POINT('',(4.323025229378,38.5));
#4713 = CARTESIAN_POINT('',(4.32627796384,38.524974665601));
#4714 = CARTESIAN_POINT('',(4.329248290105,38.572758609142));
#4715 = CARTESIAN_POINT('',(4.331770463733,38.639868527456));
#4716 = CARTESIAN_POINT('',(4.333717445492,38.721618345642));
#4717 = CARTESIAN_POINT('',(4.335014762732,38.81256641386));
#4718 = CARTESIAN_POINT('',(4.335644627895,38.907073853591));
#4719 = CARTESIAN_POINT('',(4.335644627895,39.092926146408));
#4720 = CARTESIAN_POINT('',(4.335014762732,39.187433586139));
#4721 = CARTESIAN_POINT('',(4.333717445492,39.27838165436));
#4722 = CARTESIAN_POINT('',(4.331770463733,39.360131472545));
#4723 = CARTESIAN_POINT('',(4.329248290105,39.427241390858));
#4724 = CARTESIAN_POINT('',(4.32627796384,39.475025334398));
#4725 = CARTESIAN_POINT('',(4.323025229378,39.5));
#4726 = CARTESIAN_POINT('',(4.316354567994,39.5));
#4727 = CARTESIAN_POINT('',(4.313101833532,39.475025334397));
#4728 = CARTESIAN_POINT('',(4.310131507267,39.427241390858));
#4729 = CARTESIAN_POINT('',(4.307609333639,39.360131472549));
#4730 = CARTESIAN_POINT('',(4.30566235188,39.278381654359));
#4731 = CARTESIAN_POINT('',(4.30436503464,39.187433586139));
#4732 = CARTESIAN_POINT('',(4.303735169477,39.092926146406));
#4733 = CARTESIAN_POINT('',(4.303735169477,39.));
#4734 = ( GEOMETRIC_REPRESENTATION_CONTEXT(2) 
PARAMETRIC_REPRESENTATION_CONTEXT() REPRESENTATION_CONTEXT('2D SPACE',''
  ) );
#4735 = PCURVE('',#4736,#4741);
#4736 = CYLINDRICAL_SURFACE('',#4737,0.5);
#4737 = AXIS2_PLACEMENT_3D('',#4738,#4739,#4740);
#4738 = CARTESIAN_POINT('',(188.19804294586,-773.4924447826,-5.2015E+03)
  );
#4739 = DIRECTION('',(-0.382683432365,-0.923879532511,0.));
#4740 = DIRECTION('',(-0.923879532511,0.382683432365,0.));
#4741 = DEFINITIONAL_REPRESENTATION('',(#4742),#4773);
#4742 = B_SPLINE_CURVE_WITH_KNOTS('',8,(#4743,#4744,#4745,#4746,#4747,
    #4748,#4749,#4750,#4751,#4752,#4753,#4754,#4755,#4756,#4757,#4758,
    #4759,#4760,#4761,#4762,#4763,#4764,#4765,#4766,#4767,#4768,#4769,
    #4770,#4771,#4772),.UNSPECIFIED.,.F.,.F.,(9,7,7,7,9),(0.,
    0.250000000003,0.500000000001,0.749999999997,1.),.UNSPECIFIED.);
#4743 = CARTESIAN_POINT('',(0.,0.496011233085));
#4744 = CARTESIAN_POINT('',(0.185852292816,0.496011233085));
#4745 = CARTESIAN_POINT('',(0.37486722266,0.496326213582));
#4746 = CARTESIAN_POINT('',(0.566545073813,0.496974593309));
#4747 = CARTESIAN_POINT('',(0.76079148359,0.497879284326));
#4748 = CARTESIAN_POINT('',(0.957760989582,0.498839444016));
#4749 = CARTESIAN_POINT('',(1.157855611898,0.499601506198));
#4750 = CARTESIAN_POINT('',(1.361737799006,0.5));
#4751 = CARTESIAN_POINT('',(1.77985485458,0.5));
#4752 = CARTESIAN_POINT('',(1.983737041692,0.499601506198));
#4753 = CARTESIAN_POINT('',(2.183831664008,0.498839444016));
#4754 = CARTESIAN_POINT('',(2.380801170004,0.497879284326));
#4755 = CARTESIAN_POINT('',(2.575047579776,0.496974593309));
#4756 = CARTESIAN_POINT('',(2.76672543093,0.496326213582));
#4757 = CARTESIAN_POINT('',(2.955740360771,0.496011233085));
#4758 = CARTESIAN_POINT('',(3.327444946405,0.496011233085));
#4759 = CARTESIAN_POINT('',(3.516459876246,0.496326213582));
#4760 = CARTESIAN_POINT('',(3.708137727409,0.496974593309));
#4761 = CARTESIAN_POINT('',(3.902384137174,0.497879284326));
#4762 = CARTESIAN_POINT('',(4.099353643178,0.498839444016));
#4763 = CARTESIAN_POINT('',(4.299448265485,0.499601506198));
#4764 = CARTESIAN_POINT('',(4.503330452595,0.5));
#4765 = CARTESIAN_POINT('',(4.92144750818,0.5));
#4766 = CARTESIAN_POINT('',(5.125329695284,0.499601506198));
#4767 = CARTESIAN_POINT('',(5.325424317593,0.498839444016));
#4768 = CARTESIAN_POINT('',(5.522393823586,0.497879284326));
#4769 = CARTESIAN_POINT('',(5.716640233364,0.496974593309));
#4770 = CARTESIAN_POINT('',(5.908318084521,0.496326213582));
#4771 = CARTESIAN_POINT('',(6.097333014368,0.496011233085));
#4772 = CARTESIAN_POINT('',(6.28318530718,0.496011233085));
#4773 = ( GEOMETRIC_REPRESENTATION_CONTEXT(2) 
PARAMETRIC_REPRESENTATION_CONTEXT() REPRESENTATION_CONTEXT('2D SPACE',''
  ) );
#4774 = FACE_BOUND('',#4775,.T.);
#4775 = EDGE_LOOP('',(#4776));
#4776 = ORIENTED_EDGE('',*,*,#4777,.F.);
#4777 = EDGE_CURVE('',#4778,#4778,#4780,.T.);
#4778 = VERTEX_POINT('',#4779);
#4779 = CARTESIAN_POINT('',(195.41410734369,-776.0026642168,-5.2015E+03)
  );
#4780 = SURFACE_CURVE('',#4781,(#4812,#4846),.PCURVE_S1.);
#4781 = B_SPLINE_CURVE_WITH_KNOTS('',8,(#4782,#4783,#4784,#4785,#4786,
    #4787,#4788,#4789,#4790,#4791,#4792,#4793,#4794,#4795,#4796,#4797,
    #4798,#4799,#4800,#4801,#4802,#4803,#4804,#4805,#4806,#4807,#4808,
    #4809,#4810,#4811),.UNSPECIFIED.,.T.,.F.,(9,7,7,7,9),(0.,
    0.249999999997,0.499999999998,0.749999999998,1.),.UNSPECIFIED.);
#4782 = CARTESIAN_POINT('',(195.41410734369,-776.0026642168,-5.2015E+03)
  );
#4783 = CARTESIAN_POINT('',(195.41410734369,-776.0026642168,
    -5.201592926146E+03));
#4784 = CARTESIAN_POINT('',(195.43363482944,-776.0055527576,
    -5.201687433586E+03));
#4785 = CARTESIAN_POINT('',(195.47385519311,-776.0115018435,
    -5.201778381654E+03));
#4786 = CARTESIAN_POINT('',(195.53422678599,-776.020362412,
    -5.201860131473E+03));
#4787 = CARTESIAN_POINT('',(195.61246513808,-776.0316311313,
    -5.201927241391E+03));
#4788 = CARTESIAN_POINT('',(195.70465757256,-776.0445371336,
    -5.201975025334E+03));
#4789 = CARTESIAN_POINT('',(195.80567413427,-776.0582381486,-5.202E+03)
  );
#4790 = CARTESIAN_POINT('',(196.01294413737,-776.0855257622,-5.202E+03)
  );
#4791 = CARTESIAN_POINT('',(196.11406472683,-776.098436608,
    -5.201975025334E+03));
#4792 = CARTESIAN_POINT('',(196.20645609947,-776.1098315249,
    -5.201927241391E+03));
#4793 = CARTESIAN_POINT('',(196.28494510353,-776.1191963535,
    -5.201860131473E+03));
#4794 = CARTESIAN_POINT('',(196.34555286816,-776.1262630195,
    -5.201778381654E+03));
#4795 = CARTESIAN_POINT('',(196.3859424929,-776.1309264399,
    -5.201687433586E+03));
#4796 = CARTESIAN_POINT('',(196.40555220506,-776.1331904091,
    -5.201592926146E+03));
#4797 = CARTESIAN_POINT('',(196.40555220506,-776.1331904091,
    -5.201407073854E+03));
#4798 = CARTESIAN_POINT('',(196.3859424929,-776.1309264399,
    -5.201312566414E+03));
#4799 = CARTESIAN_POINT('',(196.34555286816,-776.1262630195,
    -5.201221618346E+03));
#4800 = CARTESIAN_POINT('',(196.28494510353,-776.1191963535,
    -5.201139868527E+03));
#4801 = CARTESIAN_POINT('',(196.20645609947,-776.1098315249,
    -5.201072758609E+03));
#4802 = CARTESIAN_POINT('',(196.11406472683,-776.098436608,
    -5.201024974666E+03));
#4803 = CARTESIAN_POINT('',(196.01294413737,-776.0855257622,-5.201E+03)
  );
#4804 = CARTESIAN_POINT('',(195.80567413427,-776.0582381486,-5.201E+03)
  );
#4805 = CARTESIAN_POINT('',(195.70465757256,-776.0445371336,
    -5.201024974666E+03));
#4806 = CARTESIAN_POINT('',(195.61246513808,-776.0316311313,
    -5.201072758609E+03));
#4807 = CARTESIAN_POINT('',(195.53422678599,-776.020362412,
    -5.201139868527E+03));
#4808 = CARTESIAN_POINT('',(195.47385519311,-776.0115018435,
    -5.201221618346E+03));
#4809 = CARTESIAN_POINT('',(195.43363482944,-776.0055527576,
    -5.201312566414E+03));
#4810 = CARTESIAN_POINT('',(195.41410734369,-776.0026642168,
    -5.201407073854E+03));
#4811 = CARTESIAN_POINT('',(195.41410734369,-776.0026642168,-5.2015E+03)
  );
#4812 = PCURVE('',#51,#4813);
#4813 = DEFINITIONAL_REPRESENTATION('',(#4814),#4845);
#4814 = B_SPLINE_CURVE_WITH_KNOTS('',8,(#4815,#4816,#4817,#4818,#4819,
    #4820,#4821,#4822,#4823,#4824,#4825,#4826,#4827,#4828,#4829,#4830,
    #4831,#4832,#4833,#4834,#4835,#4836,#4837,#4838,#4839,#4840,#4841,
    #4842,#4843,#4844),.UNSPECIFIED.,.T.,.F.,(9,7,7,7,9),(0.,
    0.249999999997,0.499999999998,0.749999999998,1.),.UNSPECIFIED.);
#4815 = CARTESIAN_POINT('',(4.565534557276,39.));
#4816 = CARTESIAN_POINT('',(4.565534557276,38.907073853593));
#4817 = CARTESIAN_POINT('',(4.566164422439,38.812566413861));
#4818 = CARTESIAN_POINT('',(4.567461739679,38.721618345641));
#4819 = CARTESIAN_POINT('',(4.569408721438,38.639868527454));
#4820 = CARTESIAN_POINT('',(4.571930895066,38.572758609142));
#4821 = CARTESIAN_POINT('',(4.574901221331,38.524974665602));
#4822 = CARTESIAN_POINT('',(4.578153955793,38.5));
#4823 = CARTESIAN_POINT('',(4.584824617177,38.5));
#4824 = CARTESIAN_POINT('',(4.588077351639,38.524974665603));
#4825 = CARTESIAN_POINT('',(4.591047677904,38.572758609142));
#4826 = CARTESIAN_POINT('',(4.593569851532,38.639868527453));
#4827 = CARTESIAN_POINT('',(4.595516833291,38.72161834564));
#4828 = CARTESIAN_POINT('',(4.596814150531,38.812566413861));
#4829 = CARTESIAN_POINT('',(4.597444015694,38.907073853594));
#4830 = CARTESIAN_POINT('',(4.597444015694,39.092926146407));
#4831 = CARTESIAN_POINT('',(4.596814150531,39.187433586139));
#4832 = CARTESIAN_POINT('',(4.595516833291,39.278381654361));
#4833 = CARTESIAN_POINT('',(4.593569851532,39.360131472544));
#4834 = CARTESIAN_POINT('',(4.591047677904,39.42724139086));
#4835 = CARTESIAN_POINT('',(4.588077351639,39.475025334397));
#4836 = CARTESIAN_POINT('',(4.584824617177,39.5));
#4837 = CARTESIAN_POINT('',(4.578153955793,39.5));
#4838 = CARTESIAN_POINT('',(4.574901221331,39.475025334397));
#4839 = CARTESIAN_POINT('',(4.571930895066,39.427241390859));
#4840 = CARTESIAN_POINT('',(4.569408721438,39.360131472546));
#4841 = CARTESIAN_POINT('',(4.567461739679,39.278381654361));
#4842 = CARTESIAN_POINT('',(4.566164422439,39.187433586138));
#4843 = CARTESIAN_POINT('',(4.565534557276,39.092926146406));
#4844 = CARTESIAN_POINT('',(4.565534557276,39.));
#4845 = ( GEOMETRIC_REPRESENTATION_CONTEXT(2) 
PARAMETRIC_REPRESENTATION_CONTEXT() REPRESENTATION_CONTEXT('2D SPACE',''
  ) );
#4846 = PCURVE('',#4847,#4852);
#4847 = CYLINDRICAL_SURFACE('',#4848,0.5);
#4848 = AXIS2_PLACEMENT_3D('',#4849,#4850,#4851);
#4849 = CARTESIAN_POINT('',(195.97457223193,-775.5761595247,-5.2015E+03)
  );
#4850 = DIRECTION('',(-0.13052619222,-0.991444861374,0.));
#4851 = DIRECTION('',(-0.991444861374,0.13052619222,0.));
#4852 = DEFINITIONAL_REPRESENTATION('',(#4853),#4884);
#4853 = B_SPLINE_CURVE_WITH_KNOTS('',8,(#4854,#4855,#4856,#4857,#4858,
    #4859,#4860,#4861,#4862,#4863,#4864,#4865,#4866,#4867,#4868,#4869,
    #4870,#4871,#4872,#4873,#4874,#4875,#4876,#4877,#4878,#4879,#4880,
    #4881,#4882,#4883),.UNSPECIFIED.,.F.,.F.,(9,7,7,7,9),(0.,
    0.249999999997,0.499999999998,0.749999999998,1.),.UNSPECIFIED.);
#4854 = CARTESIAN_POINT('',(0.,0.496011233085));
#4855 = CARTESIAN_POINT('',(0.185852292814,0.496011233085));
#4856 = CARTESIAN_POINT('',(0.374867222659,0.496326213582));
#4857 = CARTESIAN_POINT('',(0.566545073815,0.496974593309));
#4858 = CARTESIAN_POINT('',(0.760791483591,0.497879284326));
#4859 = CARTESIAN_POINT('',(0.957760989583,0.498839444016));
#4860 = CARTESIAN_POINT('',(1.157855611898,0.499601506198));
#4861 = CARTESIAN_POINT('',(1.361737799004,0.5));
#4862 = CARTESIAN_POINT('',(1.779854854588,0.5));
#4863 = CARTESIAN_POINT('',(1.983737041692,0.499601506198));
#4864 = CARTESIAN_POINT('',(2.183831664006,0.498839444016));
#4865 = CARTESIAN_POINT('',(2.380801169996,0.497879284326));
#4866 = CARTESIAN_POINT('',(2.575047579775,0.496974593309));
#4867 = CARTESIAN_POINT('',(2.766725430932,0.496326213582));
#4868 = CARTESIAN_POINT('',(2.955740360777,0.496011233085));
#4869 = CARTESIAN_POINT('',(3.327444946403,0.496011233085));
#4870 = CARTESIAN_POINT('',(3.516459876248,0.496326213582));
#4871 = CARTESIAN_POINT('',(3.70813772741,0.496974593309));
#4872 = CARTESIAN_POINT('',(3.902384137174,0.497879284326));
#4873 = CARTESIAN_POINT('',(4.099353643178,0.498839444016));
#4874 = CARTESIAN_POINT('',(4.299448265487,0.499601506198));
#4875 = CARTESIAN_POINT('',(4.503330452592,0.5));
#4876 = CARTESIAN_POINT('',(4.921447508179,0.5));
#4877 = CARTESIAN_POINT('',(5.125329695284,0.499601506198));
#4878 = CARTESIAN_POINT('',(5.325424317591,0.498839444016));
#4879 = CARTESIAN_POINT('',(5.522393823592,0.497879284326));
#4880 = CARTESIAN_POINT('',(5.716640233359,0.496974593309));
#4881 = CARTESIAN_POINT('',(5.908318084524,0.496326213582));
#4882 = CARTESIAN_POINT('',(6.097333014367,0.496011233085));
#4883 = CARTESIAN_POINT('',(6.28318530718,0.496011233085));
#4884 = ( GEOMETRIC_REPRESENTATION_CONTEXT(2) 
PARAMETRIC_REPRESENTATION_CONTEXT() REPRESENTATION_CONTEXT('2D SPACE',''
  ) );
#4885 = FACE_BOUND('',#4886,.T.);
#4886 = EDGE_LOOP('',(#4887));
#4887 = ORIENTED_EDGE('',*,*,#4888,.F.);
#4888 = EDGE_CURVE('',#4889,#4889,#4891,.T.);
#4889 = VERTEX_POINT('',#4890);
#4890 = CARTESIAN_POINT('',(203.59444779493,-776.1331904091,-5.2015E+03)
  );
#4891 = SURFACE_CURVE('',#4892,(#4923,#4957),.PCURVE_S1.);
#4892 = B_SPLINE_CURVE_WITH_KNOTS('',8,(#4893,#4894,#4895,#4896,#4897,
    #4898,#4899,#4900,#4901,#4902,#4903,#4904,#4905,#4906,#4907,#4908,
    #4909,#4910,#4911,#4912,#4913,#4914,#4915,#4916,#4917,#4918,#4919,
    #4920,#4921,#4922),.UNSPECIFIED.,.T.,.F.,(9,7,7,7,9),(0.,
    0.249999999998,0.499999999996,0.749999999991,1.),.UNSPECIFIED.);
#4893 = CARTESIAN_POINT('',(203.59444779493,-776.1331904091,-5.2015E+03)
  );
#4894 = CARTESIAN_POINT('',(203.59444779493,-776.1331904091,
    -5.201592926146E+03));
#4895 = CARTESIAN_POINT('',(203.61405750709,-776.1309264399,
    -5.201687433586E+03));
#4896 = CARTESIAN_POINT('',(203.65444713183,-776.1262630195,
    -5.201778381654E+03));
#4897 = CARTESIAN_POINT('',(203.71505489646,-776.1191963535,
    -5.201860131473E+03));
#4898 = CARTESIAN_POINT('',(203.79354390052,-776.1098315249,
    -5.201927241391E+03));
#4899 = CARTESIAN_POINT('',(203.88593527316,-776.098436608,
    -5.201975025334E+03));
#4900 = CARTESIAN_POINT('',(203.98705586262,-776.0855257622,-5.202E+03)
  );
#4901 = CARTESIAN_POINT('',(204.19432586572,-776.0582381486,-5.202E+03)
  );
#4902 = CARTESIAN_POINT('',(204.29534242743,-776.0445371336,
    -5.201975025334E+03));
#4903 = CARTESIAN_POINT('',(204.38753486192,-776.0316311313,
    -5.201927241391E+03));
#4904 = CARTESIAN_POINT('',(204.465773214,-776.020362412,
    -5.201860131473E+03));
#4905 = CARTESIAN_POINT('',(204.52614480688,-776.0115018435,
    -5.201778381654E+03));
#4906 = CARTESIAN_POINT('',(204.56636517055,-776.0055527576,
    -5.201687433586E+03));
#4907 = CARTESIAN_POINT('',(204.5858926563,-776.0026642168,
    -5.201592926146E+03));
#4908 = CARTESIAN_POINT('',(204.5858926563,-776.0026642168,
    -5.201407073854E+03));
#4909 = CARTESIAN_POINT('',(204.56636517055,-776.0055527576,
    -5.201312566414E+03));
#4910 = CARTESIAN_POINT('',(204.52614480688,-776.0115018435,
    -5.201221618346E+03));
#4911 = CARTESIAN_POINT('',(204.465773214,-776.020362412,
    -5.201139868527E+03));
#4912 = CARTESIAN_POINT('',(204.38753486192,-776.0316311313,
    -5.201072758609E+03));
#4913 = CARTESIAN_POINT('',(204.29534242743,-776.0445371336,
    -5.201024974666E+03));
#4914 = CARTESIAN_POINT('',(204.19432586572,-776.0582381486,-5.201E+03)
  );
#4915 = CARTESIAN_POINT('',(203.98705586261,-776.0855257622,-5.201E+03)
  );
#4916 = CARTESIAN_POINT('',(203.88593527316,-776.098436608,
    -5.201024974666E+03));
#4917 = CARTESIAN_POINT('',(203.79354390052,-776.1098315249,
    -5.201072758609E+03));
#4918 = CARTESIAN_POINT('',(203.71505489646,-776.1191963535,
    -5.201139868527E+03));
#4919 = CARTESIAN_POINT('',(203.65444713183,-776.1262630195,
    -5.201221618346E+03));
#4920 = CARTESIAN_POINT('',(203.61405750709,-776.1309264399,
    -5.201312566414E+03));
#4921 = CARTESIAN_POINT('',(203.59444779493,-776.1331904091,
    -5.201407073854E+03));
#4922 = CARTESIAN_POINT('',(203.59444779493,-776.1331904091,-5.2015E+03)
  );
#4923 = PCURVE('',#51,#4924);
#4924 = DEFINITIONAL_REPRESENTATION('',(#4925),#4956);
#4925 = B_SPLINE_CURVE_WITH_KNOTS('',8,(#4926,#4927,#4928,#4929,#4930,
    #4931,#4932,#4933,#4934,#4935,#4936,#4937,#4938,#4939,#4940,#4941,
    #4942,#4943,#4944,#4945,#4946,#4947,#4948,#4949,#4950,#4951,#4952,
    #4953,#4954,#4955),.UNSPECIFIED.,.T.,.F.,(9,7,7,7,9),(0.,
    0.249999999998,0.499999999996,0.749999999991,1.),.UNSPECIFIED.);
#4926 = CARTESIAN_POINT('',(4.827333945075,39.));
#4927 = CARTESIAN_POINT('',(4.827333945075,38.907073853593));
#4928 = CARTESIAN_POINT('',(4.827963810239,38.812566413861));
#4929 = CARTESIAN_POINT('',(4.829261127478,38.721618345641));
#4930 = CARTESIAN_POINT('',(4.831208109237,38.639868527454));
#4931 = CARTESIAN_POINT('',(4.833730282865,38.572758609142));
#4932 = CARTESIAN_POINT('',(4.83670060913,38.524974665602));
#4933 = CARTESIAN_POINT('',(4.839953343592,38.5));
#4934 = CARTESIAN_POINT('',(4.846624004977,38.5));
#4935 = CARTESIAN_POINT('',(4.849876739439,38.524974665602));
#4936 = CARTESIAN_POINT('',(4.852847065703,38.572758609142));
#4937 = CARTESIAN_POINT('',(4.855369239331,38.639868527454));
#4938 = CARTESIAN_POINT('',(4.85731622109,38.72161834564));
#4939 = CARTESIAN_POINT('',(4.85861353833,38.812566413861));
#4940 = CARTESIAN_POINT('',(4.859243403493,38.907073853592));
#4941 = CARTESIAN_POINT('',(4.859243403493,39.092926146407));
#4942 = CARTESIAN_POINT('',(4.85861353833,39.187433586139));
#4943 = CARTESIAN_POINT('',(4.85731622109,39.27838165436));
#4944 = CARTESIAN_POINT('',(4.855369239331,39.360131472544));
#4945 = CARTESIAN_POINT('',(4.852847065703,39.427241390859));
#4946 = CARTESIAN_POINT('',(4.849876739439,39.475025334397));
#4947 = CARTESIAN_POINT('',(4.846624004977,39.5));
#4948 = CARTESIAN_POINT('',(4.839953343592,39.5));
#4949 = CARTESIAN_POINT('',(4.83670060913,39.475025334395));
#4950 = CARTESIAN_POINT('',(4.833730282865,39.42724139086));
#4951 = CARTESIAN_POINT('',(4.831208109238,39.360131472548));
#4952 = CARTESIAN_POINT('',(4.829261127478,39.278381654363));
#4953 = CARTESIAN_POINT('',(4.827963810239,39.187433586138));
#4954 = CARTESIAN_POINT('',(4.827333945075,39.092926146403));
#4955 = CARTESIAN_POINT('',(4.827333945075,39.));
#4956 = ( GEOMETRIC_REPRESENTATION_CONTEXT(2) 
PARAMETRIC_REPRESENTATION_CONTEXT() REPRESENTATION_CONTEXT('2D SPACE',''
  ) );
#4957 = PCURVE('',#4958,#4963);
#4958 = CYLINDRICAL_SURFACE('',#4959,0.5);
#4959 = AXIS2_PLACEMENT_3D('',#4960,#4961,#4962);
#4960 = CARTESIAN_POINT('',(204.02542776806,-775.5761595247,-5.2015E+03)
  );
#4961 = DIRECTION('',(0.13052619222,-0.991444861374,0.));
#4962 = DIRECTION('',(-0.991444861374,-0.13052619222,0.));
#4963 = DEFINITIONAL_REPRESENTATION('',(#4964),#4995);
#4964 = B_SPLINE_CURVE_WITH_KNOTS('',8,(#4965,#4966,#4967,#4968,#4969,
    #4970,#4971,#4972,#4973,#4974,#4975,#4976,#4977,#4978,#4979,#4980,
    #4981,#4982,#4983,#4984,#4985,#4986,#4987,#4988,#4989,#4990,#4991,
    #4992,#4993,#4994),.UNSPECIFIED.,.F.,.F.,(9,7,7,7,9),(0.,
    0.249999999998,0.499999999996,0.749999999991,1.),.UNSPECIFIED.);
#4965 = CARTESIAN_POINT('',(0.,0.496011233085));
#4966 = CARTESIAN_POINT('',(0.185852292814,0.496011233085));
#4967 = CARTESIAN_POINT('',(0.374867222658,0.496326213582));
#4968 = CARTESIAN_POINT('',(0.566545073816,0.496974593309));
#4969 = CARTESIAN_POINT('',(0.76079148359,0.497879284326));
#4970 = CARTESIAN_POINT('',(0.957760989585,0.498839444016));
#4971 = CARTESIAN_POINT('',(1.157855611897,0.499601506198));
#4972 = CARTESIAN_POINT('',(1.361737799004,0.5));
#4973 = CARTESIAN_POINT('',(1.779854854585,0.5));
#4974 = CARTESIAN_POINT('',(1.983737041695,0.499601506198));
#4975 = CARTESIAN_POINT('',(2.183831664002,0.498839444016));
#4976 = CARTESIAN_POINT('',(2.380801170004,0.497879284326));
#4977 = CARTESIAN_POINT('',(2.575047579771,0.496974593309));
#4978 = CARTESIAN_POINT('',(2.766725430933,0.496326213582));
#4979 = CARTESIAN_POINT('',(2.955740360775,0.496011233085));
#4980 = CARTESIAN_POINT('',(3.327444946404,0.496011233085));
#4981 = CARTESIAN_POINT('',(3.516459876248,0.496326213582));
#4982 = CARTESIAN_POINT('',(3.708137727407,0.496974593309));
#4983 = CARTESIAN_POINT('',(3.902384137177,0.497879284326));
#4984 = CARTESIAN_POINT('',(4.099353643174,0.498839444016));
#4985 = CARTESIAN_POINT('',(4.299448265488,0.499601506198));
#4986 = CARTESIAN_POINT('',(4.503330452594,0.5));
#4987 = CARTESIAN_POINT('',(4.921447508188,0.5));
#4988 = CARTESIAN_POINT('',(5.125329695282,0.499601506198));
#4989 = CARTESIAN_POINT('',(5.325424317592,0.498839444016));
#4990 = CARTESIAN_POINT('',(5.522393823582,0.497879284326));
#4991 = CARTESIAN_POINT('',(5.71664023336,0.496974593309));
#4992 = CARTESIAN_POINT('',(5.908318084524,0.496326213582));
#4993 = CARTESIAN_POINT('',(6.097333014373,0.496011233085));
#4994 = CARTESIAN_POINT('',(6.28318530718,0.496011233085));
#4995 = ( GEOMETRIC_REPRESENTATION_CONTEXT(2) 
PARAMETRIC_REPRESENTATION_CONTEXT() REPRESENTATION_CONTEXT('2D SPACE',''
  ) );
#4996 = FACE_BOUND('',#4997,.T.);
#4997 = EDGE_LOOP('',(#4998));
#4998 = ORIENTED_EDGE('',*,*,#4999,.F.);
#4999 = EDGE_CURVE('',#5000,#5000,#5002,.T.);
#5000 = VERTEX_POINT('',#5001);
#5001 = CARTESIAN_POINT('',(211.52983256905,-774.1420411249,-5.2015E+03)
  );
#5002 = SURFACE_CURVE('',#5003,(#5034,#5068),.PCURVE_S1.);
#5003 = B_SPLINE_CURVE_WITH_KNOTS('',8,(#5004,#5005,#5006,#5007,#5008,
    #5009,#5010,#5011,#5012,#5013,#5014,#5015,#5016,#5017,#5018,#5019,
    #5020,#5021,#5022,#5023,#5024,#5025,#5026,#5027,#5028,#5029,#5030,
    #5031,#5032,#5033),.UNSPECIFIED.,.T.,.F.,(9,7,7,7,9),(0.,
    0.249999999988,0.499999999986,0.749999999989,1.),.UNSPECIFIED.);
#5004 = CARTESIAN_POINT('',(211.52983256905,-774.1420411249,-5.2015E+03)
  );
#5005 = CARTESIAN_POINT('',(211.52983256905,-774.1420411249,
    -5.201592926146E+03));
#5006 = CARTESIAN_POINT('',(211.54818813814,-774.1347789317,
    -5.201687433586E+03));
#5007 = CARTESIAN_POINT('',(211.58599453777,-774.1198208094,
    -5.201778381654E+03));
#5008 = CARTESIAN_POINT('',(211.64270815515,-774.0973084904,
    -5.201860131473E+03));
#5009 = CARTESIAN_POINT('',(211.71609891527,-774.0679483116,
    -5.201927241391E+03));
#5010 = CARTESIAN_POINT('',(211.8023929067,-774.0330290201,
    -5.201975025334E+03));
#5011 = CARTESIAN_POINT('',(211.89672632286,-773.9943861663,-5.202E+03)
  );
#5012 = CARTESIAN_POINT('',(212.08987121778,-773.9143829314,-5.202E+03)
  );
#5013 = CARTESIAN_POINT('',(212.18389963998,-773.8750037571,
    -5.201975025334E+03));
#5014 = CARTESIAN_POINT('',(212.26961037426,-773.8386763583,
    -5.201927241391E+03));
#5015 = CARTESIAN_POINT('',(212.34226625997,-773.8075420357,
    -5.201860131473E+03));
#5016 = CARTESIAN_POINT('',(212.39828745683,-773.7833580657,
    -5.201778381654E+03));
#5017 = CARTESIAN_POINT('',(212.4355976081,-773.7672018939,
    -5.201687433586E+03));
#5018 = CARTESIAN_POINT('',(212.45371210156,-773.7593576926,
    -5.201592926146E+03));
#5019 = CARTESIAN_POINT('',(212.45371210156,-773.7593576926,
    -5.201407073854E+03));
#5020 = CARTESIAN_POINT('',(212.4355976081,-773.7672018939,
    -5.201312566414E+03));
#5021 = CARTESIAN_POINT('',(212.39828745682,-773.7833580657,
    -5.201221618346E+03));
#5022 = CARTESIAN_POINT('',(212.34226625998,-773.8075420357,
    -5.201139868527E+03));
#5023 = CARTESIAN_POINT('',(212.26961037427,-773.8386763583,
    -5.201072758609E+03));
#5024 = CARTESIAN_POINT('',(212.18389963998,-773.8750037571,
    -5.201024974666E+03));
#5025 = CARTESIAN_POINT('',(212.08987121778,-773.9143829314,-5.201E+03)
  );
#5026 = CARTESIAN_POINT('',(211.89672632285,-773.9943861663,-5.201E+03)
  );
#5027 = CARTESIAN_POINT('',(211.8023929067,-774.0330290201,
    -5.201024974666E+03));
#5028 = CARTESIAN_POINT('',(211.71609891528,-774.0679483116,
    -5.201072758609E+03));
#5029 = CARTESIAN_POINT('',(211.64270815515,-774.0973084904,
    -5.201139868527E+03));
#5030 = CARTESIAN_POINT('',(211.58599453777,-774.1198208094,
    -5.201221618346E+03));
#5031 = CARTESIAN_POINT('',(211.54818813814,-774.1347789317,
    -5.201312566414E+03));
#5032 = CARTESIAN_POINT('',(211.52983256905,-774.1420411249,
    -5.201407073854E+03));
#5033 = CARTESIAN_POINT('',(211.52983256905,-774.1420411249,-5.2015E+03)
  );
#5034 = PCURVE('',#51,#5035);
#5035 = DEFINITIONAL_REPRESENTATION('',(#5036),#5067);
#5036 = B_SPLINE_CURVE_WITH_KNOTS('',8,(#5037,#5038,#5039,#5040,#5041,
    #5042,#5043,#5044,#5045,#5046,#5047,#5048,#5049,#5050,#5051,#5052,
    #5053,#5054,#5055,#5056,#5057,#5058,#5059,#5060,#5061,#5062,#5063,
    #5064,#5065,#5066),.UNSPECIFIED.,.T.,.F.,(9,7,7,7,9),(0.,
    0.249999999988,0.499999999986,0.749999999989,1.),.UNSPECIFIED.);
#5037 = CARTESIAN_POINT('',(5.089133332874,39.));
#5038 = CARTESIAN_POINT('',(5.089133332874,38.907073853592));
#5039 = CARTESIAN_POINT('',(5.089763198038,38.81256641386));
#5040 = CARTESIAN_POINT('',(5.091060515277,38.721618345641));
#5041 = CARTESIAN_POINT('',(5.093007497037,38.639868527455));
#5042 = CARTESIAN_POINT('',(5.095529670664,38.572758609142));
#5043 = CARTESIAN_POINT('',(5.098499996929,38.524974665602));
#5044 = CARTESIAN_POINT('',(5.101752731391,38.5));
#5045 = CARTESIAN_POINT('',(5.108423392776,38.5));
#5046 = CARTESIAN_POINT('',(5.111676127238,38.524974665604));
#5047 = CARTESIAN_POINT('',(5.114646453502,38.572758609142));
#5048 = CARTESIAN_POINT('',(5.11716862713,38.639868527452));
#5049 = CARTESIAN_POINT('',(5.11911560889,38.72161834564));
#5050 = CARTESIAN_POINT('',(5.120412926129,38.812566413861));
#5051 = CARTESIAN_POINT('',(5.121042791292,38.907073853595));
#5052 = CARTESIAN_POINT('',(5.121042791292,39.092926146407));
#5053 = CARTESIAN_POINT('',(5.120412926129,39.187433586138));
#5054 = CARTESIAN_POINT('',(5.11911560889,39.278381654362));
#5055 = CARTESIAN_POINT('',(5.11716862713,39.360131472544));
#5056 = CARTESIAN_POINT('',(5.114646453502,39.42724139086));
#5057 = CARTESIAN_POINT('',(5.111676127238,39.475025334397));
#5058 = CARTESIAN_POINT('',(5.108423392776,39.5));
#5059 = CARTESIAN_POINT('',(5.101752731391,39.5));
#5060 = CARTESIAN_POINT('',(5.098499996929,39.475025334396));
#5061 = CARTESIAN_POINT('',(5.095529670664,39.427241390859));
#5062 = CARTESIAN_POINT('',(5.093007497037,39.360131472548));
#5063 = CARTESIAN_POINT('',(5.091060515277,39.278381654361));
#5064 = CARTESIAN_POINT('',(5.089763198038,39.187433586138));
#5065 = CARTESIAN_POINT('',(5.089133332874,39.092926146405));
#5066 = CARTESIAN_POINT('',(5.089133332874,39.));
#5067 = ( GEOMETRIC_REPRESENTATION_CONTEXT(2) 
PARAMETRIC_REPRESENTATION_CONTEXT() REPRESENTATION_CONTEXT('2D SPACE',''
  ) );
#5068 = PCURVE('',#5069,#5074);
#5069 = CYLINDRICAL_SURFACE('',#5070,0.5);
#5070 = AXIS2_PLACEMENT_3D('',#5071,#5072,#5073);
#5071 = CARTESIAN_POINT('',(211.80195705413,-773.4924447826,-5.2015E+03)
  );
#5072 = DIRECTION('',(0.382683432365,-0.923879532511,0.));
#5073 = DIRECTION('',(-0.923879532511,-0.382683432365,0.));
#5074 = DEFINITIONAL_REPRESENTATION('',(#5075),#5106);
#5075 = B_SPLINE_CURVE_WITH_KNOTS('',8,(#5076,#5077,#5078,#5079,#5080,
    #5081,#5082,#5083,#5084,#5085,#5086,#5087,#5088,#5089,#5090,#5091,
    #5092,#5093,#5094,#5095,#5096,#5097,#5098,#5099,#5100,#5101,#5102,
    #5103,#5104,#5105),.UNSPECIFIED.,.F.,.F.,(9,7,7,7,9),(0.,
    0.249999999988,0.499999999986,0.749999999989,1.),.UNSPECIFIED.);
#5076 = CARTESIAN_POINT('',(0.,0.496011233085));
#5077 = CARTESIAN_POINT('',(0.185852292816,0.496011233085));
#5078 = CARTESIAN_POINT('',(0.374867222659,0.496326213581));
#5079 = CARTESIAN_POINT('',(0.566545073815,0.496974593309));
#5080 = CARTESIAN_POINT('',(0.760791483587,0.497879284326));
#5081 = CARTESIAN_POINT('',(0.957760989584,0.498839444016));
#5082 = CARTESIAN_POINT('',(1.157855611897,0.499601506198));
#5083 = CARTESIAN_POINT('',(1.361737799007,0.5));
#5084 = CARTESIAN_POINT('',(1.779854854591,0.5));
#5085 = CARTESIAN_POINT('',(1.983737041693,0.499601506198));
#5086 = CARTESIAN_POINT('',(2.183831664005,0.498839444016));
#5087 = CARTESIAN_POINT('',(2.380801169994,0.497879284326));
#5088 = CARTESIAN_POINT('',(2.575047579774,0.496974593309));
#5089 = CARTESIAN_POINT('',(2.766725430932,0.496326213582));
#5090 = CARTESIAN_POINT('',(2.955740360779,0.496011233084));
#5091 = CARTESIAN_POINT('',(3.327444946403,0.496011233084));
#5092 = CARTESIAN_POINT('',(3.516459876247,0.496326213582));
#5093 = CARTESIAN_POINT('',(3.708137727409,0.496974593309));
#5094 = CARTESIAN_POINT('',(3.902384137177,0.497879284326));
#5095 = CARTESIAN_POINT('',(4.099353643176,0.498839444016));
#5096 = CARTESIAN_POINT('',(4.299448265487,0.499601506198));
#5097 = CARTESIAN_POINT('',(4.503330452591,0.5));
#5098 = CARTESIAN_POINT('',(4.921447508184,0.5));
#5099 = CARTESIAN_POINT('',(5.125329695282,0.499601506198));
#5100 = CARTESIAN_POINT('',(5.325424317594,0.498839444016));
#5101 = CARTESIAN_POINT('',(5.522393823584,0.497879284326));
#5102 = CARTESIAN_POINT('',(5.716640233362,0.496974593309));
#5103 = CARTESIAN_POINT('',(5.908318084523,0.496326213581));
#5104 = CARTESIAN_POINT('',(6.09733301437,0.496011233085));
#5105 = CARTESIAN_POINT('',(6.28318530718,0.496011233085));
#5106 = ( GEOMETRIC_REPRESENTATION_CONTEXT(2) 
PARAMETRIC_REPRESENTATION_CONTEXT() REPRESENTATION_CONTEXT('2D SPACE',''
  ) );
#5107 = FACE_BOUND('',#5108,.T.);
#5108 = EDGE_LOOP('',(#5109));
#5109 = ORIENTED_EDGE('',*,*,#5110,.F.);
#5110 = EDGE_CURVE('',#5111,#5111,#5113,.T.);
#5111 = VERTEX_POINT('',#5112);
#5112 = CARTESIAN_POINT('',(218.67947830754,-770.1649098976,-5.2015E+03)
  );
#5113 = SURFACE_CURVE('',#5114,(#5145,#5179),.PCURVE_S1.);
#5114 = B_SPLINE_CURVE_WITH_KNOTS('',8,(#5115,#5116,#5117,#5118,#5119,
    #5120,#5121,#5122,#5123,#5124,#5125,#5126,#5127,#5128,#5129,#5130,
    #5131,#5132,#5133,#5134,#5135,#5136,#5137,#5138,#5139,#5140,#5141,
    #5142,#5143,#5144),.UNSPECIFIED.,.T.,.F.,(9,7,7,7,9),(0.,
    0.250000000002,0.5,0.749999999999,1.),.UNSPECIFIED.);
#5115 = CARTESIAN_POINT('',(218.67947830754,-770.1649098976,-5.2015E+03)
  );
#5116 = CARTESIAN_POINT('',(218.67947830754,-770.1649098976,
    -5.201592926146E+03));
#5117 = CARTESIAN_POINT('',(218.69532883187,-770.1531443868,
    -5.201687433586E+03));
#5118 = CARTESIAN_POINT('',(218.72797556273,-770.1289109339,
    -5.201778381654E+03));
#5119 = CARTESIAN_POINT('',(218.77693009356,-770.0924871392,
    -5.201860131473E+03));
#5120 = CARTESIAN_POINT('',(218.84022115072,-770.0451324578,
    -5.201927241391E+03));
#5121 = CARTESIAN_POINT('',(218.91453696803,-769.9890684839,
    -5.201975025334E+03));
#5122 = CARTESIAN_POINT('',(218.99565454446,-769.9273270687,-5.202E+03)
  );
#5123 = CARTESIAN_POINT('',(219.1615118258,-769.8000603006,-5.202E+03));
#5124 = CARTESIAN_POINT('',(219.24214422692,-769.7376865927,
    -5.201975025334E+03));
#5125 = CARTESIAN_POINT('',(219.3155322161,-769.6804134496,
    -5.201927241391E+03));
#5126 = CARTESIAN_POINT('',(219.37765425689,-769.6315352764,
    -5.201860131473E+03));
#5127 = CARTESIAN_POINT('',(219.42550730572,-769.5936760025,
    -5.201778381654E+03));
#5128 = CARTESIAN_POINT('',(219.45736461945,-769.5684137611,
    -5.201687433586E+03));
#5129 = CARTESIAN_POINT('',(219.47283164783,-769.5561484686,
    -5.201592926146E+03));
#5130 = CARTESIAN_POINT('',(219.47283164783,-769.5561484686,
    -5.201407073854E+03));
#5131 = CARTESIAN_POINT('',(219.45736461945,-769.5684137611,
    -5.201312566414E+03));
#5132 = CARTESIAN_POINT('',(219.42550730572,-769.5936760025,
    -5.201221618346E+03));
#5133 = CARTESIAN_POINT('',(219.37765425689,-769.6315352764,
    -5.201139868527E+03));
#5134 = CARTESIAN_POINT('',(219.3155322161,-769.6804134496,
    -5.201072758609E+03));
#5135 = CARTESIAN_POINT('',(219.24214422692,-769.7376865927,
    -5.201024974666E+03));
#5136 = CARTESIAN_POINT('',(219.1615118258,-769.8000603006,-5.201E+03));
#5137 = CARTESIAN_POINT('',(218.99565454446,-769.9273270687,-5.201E+03)
  );
#5138 = CARTESIAN_POINT('',(218.91453696803,-769.9890684839,
    -5.201024974666E+03));
#5139 = CARTESIAN_POINT('',(218.84022115072,-770.0451324578,
    -5.201072758609E+03));
#5140 = CARTESIAN_POINT('',(218.77693009356,-770.0924871392,
    -5.201139868527E+03));
#5141 = CARTESIAN_POINT('',(218.72797556273,-770.1289109339,
    -5.201221618346E+03));
#5142 = CARTESIAN_POINT('',(218.69532883187,-770.1531443868,
    -5.201312566414E+03));
#5143 = CARTESIAN_POINT('',(218.67947830754,-770.1649098976,
    -5.201407073854E+03));
#5144 = CARTESIAN_POINT('',(218.67947830754,-770.1649098976,-5.2015E+03)
  );
#5145 = PCURVE('',#51,#5146);
#5146 = DEFINITIONAL_REPRESENTATION('',(#5147),#5178);
#5147 = B_SPLINE_CURVE_WITH_KNOTS('',8,(#5148,#5149,#5150,#5151,#5152,
    #5153,#5154,#5155,#5156,#5157,#5158,#5159,#5160,#5161,#5162,#5163,
    #5164,#5165,#5166,#5167,#5168,#5169,#5170,#5171,#5172,#5173,#5174,
    #5175,#5176,#5177),.UNSPECIFIED.,.T.,.F.,(9,7,7,7,9),(0.,
    0.250000000002,0.5,0.749999999999,1.),.UNSPECIFIED.);
#5148 = CARTESIAN_POINT('',(5.350932720674,39.));
#5149 = CARTESIAN_POINT('',(5.350932720674,38.907073853592));
#5150 = CARTESIAN_POINT('',(5.351562585837,38.81256641386));
#5151 = CARTESIAN_POINT('',(5.352859903076,38.721618345642));
#5152 = CARTESIAN_POINT('',(5.354806884836,38.639868527455));
#5153 = CARTESIAN_POINT('',(5.357329058464,38.572758609142));
#5154 = CARTESIAN_POINT('',(5.360299384728,38.524974665601));
#5155 = CARTESIAN_POINT('',(5.36355211919,38.5));
#5156 = CARTESIAN_POINT('',(5.370222780575,38.5));
#5157 = CARTESIAN_POINT('',(5.373475515037,38.524974665601));
#5158 = CARTESIAN_POINT('',(5.376445841302,38.572758609142));
#5159 = CARTESIAN_POINT('',(5.378968014929,38.639868527456));
#5160 = CARTESIAN_POINT('',(5.380914996689,38.721618345642));
#5161 = CARTESIAN_POINT('',(5.382212313928,38.81256641386));
#5162 = CARTESIAN_POINT('',(5.382842179092,38.907073853591));
#5163 = CARTESIAN_POINT('',(5.382842179092,39.092926146409));
#5164 = CARTESIAN_POINT('',(5.382212313928,39.18743358614));
#5165 = CARTESIAN_POINT('',(5.380914996689,39.278381654359));
#5166 = CARTESIAN_POINT('',(5.378968014929,39.360131472542));
#5167 = CARTESIAN_POINT('',(5.376445841302,39.427241390859));
#5168 = CARTESIAN_POINT('',(5.373475515037,39.475025334398));
#5169 = CARTESIAN_POINT('',(5.370222780575,39.5));
#5170 = CARTESIAN_POINT('',(5.36355211919,39.5));
#5171 = CARTESIAN_POINT('',(5.360299384728,39.475025334398));
#5172 = CARTESIAN_POINT('',(5.357329058464,39.427241390857));
#5173 = CARTESIAN_POINT('',(5.354806884836,39.360131472546));
#5174 = CARTESIAN_POINT('',(5.352859903076,39.278381654357));
#5175 = CARTESIAN_POINT('',(5.351562585837,39.187433586141));
#5176 = CARTESIAN_POINT('',(5.350932720674,39.092926146408));
#5177 = CARTESIAN_POINT('',(5.350932720674,39.));
#5178 = ( GEOMETRIC_REPRESENTATION_CONTEXT(2) 
PARAMETRIC_REPRESENTATION_CONTEXT() REPRESENTATION_CONTEXT('2D SPACE',''
  ) );
#5179 = PCURVE('',#5180,#5185);
#5180 = CYLINDRICAL_SURFACE('',#5181,0.5);
#5181 = AXIS2_PLACEMENT_3D('',#5182,#5183,#5184);
#5182 = CARTESIAN_POINT('',(218.77420247062,-769.4670170145,-5.2015E+03)
  );
#5183 = DIRECTION('',(0.608761429009,-0.793353340291,0.));
#5184 = DIRECTION('',(-0.793353340291,-0.608761429009,0.));
#5185 = DEFINITIONAL_REPRESENTATION('',(#5186),#5217);
#5186 = B_SPLINE_CURVE_WITH_KNOTS('',8,(#5187,#5188,#5189,#5190,#5191,
    #5192,#5193,#5194,#5195,#5196,#5197,#5198,#5199,#5200,#5201,#5202,
    #5203,#5204,#5205,#5206,#5207,#5208,#5209,#5210,#5211,#5212,#5213,
    #5214,#5215,#5216),.UNSPECIFIED.,.F.,.F.,(9,7,7,7,9),(0.,
    0.250000000002,0.5,0.749999999999,1.),.UNSPECIFIED.);
#5187 = CARTESIAN_POINT('',(0.,0.496011233085));
#5188 = CARTESIAN_POINT('',(0.185852292817,0.496011233085));
#5189 = CARTESIAN_POINT('',(0.37486722266,0.496326213582));
#5190 = CARTESIAN_POINT('',(0.566545073813,0.496974593309));
#5191 = CARTESIAN_POINT('',(0.760791483588,0.497879284326));
#5192 = CARTESIAN_POINT('',(0.957760989581,0.498839444016));
#5193 = CARTESIAN_POINT('',(1.157855611898,0.499601506198));
#5194 = CARTESIAN_POINT('',(1.361737799008,0.5));
#5195 = CARTESIAN_POINT('',(1.77985485458,0.5));
#5196 = CARTESIAN_POINT('',(1.983737041692,0.499601506198));
#5197 = CARTESIAN_POINT('',(2.183831664008,0.498839444016));
#5198 = CARTESIAN_POINT('',(2.380801170005,0.497879284326));
#5199 = CARTESIAN_POINT('',(2.575047579776,0.496974593309));
#5200 = CARTESIAN_POINT('',(2.766725430929,0.496326213582));
#5201 = CARTESIAN_POINT('',(2.955740360771,0.496011233085));
#5202 = CARTESIAN_POINT('',(3.327444946407,0.496011233085));
#5203 = CARTESIAN_POINT('',(3.516459876249,0.496326213582));
#5204 = CARTESIAN_POINT('',(3.708137727408,0.496974593309));
#5205 = CARTESIAN_POINT('',(3.902384137171,0.497879284326));
#5206 = CARTESIAN_POINT('',(4.099353643174,0.498839444016));
#5207 = CARTESIAN_POINT('',(4.299448265488,0.499601506198));
#5208 = CARTESIAN_POINT('',(4.503330452598,0.5));
#5209 = CARTESIAN_POINT('',(4.921447508173,0.5));
#5210 = CARTESIAN_POINT('',(5.125329695281,0.499601506198));
#5211 = CARTESIAN_POINT('',(5.3254243176,0.498839444016));
#5212 = CARTESIAN_POINT('',(5.522393823587,0.497879284326));
#5213 = CARTESIAN_POINT('',(5.716640233369,0.496974593309));
#5214 = CARTESIAN_POINT('',(5.908318084518,0.496326213582));
#5215 = CARTESIAN_POINT('',(6.097333014364,0.496011233085));
#5216 = CARTESIAN_POINT('',(6.28318530718,0.496011233085));
#5217 = ( GEOMETRIC_REPRESENTATION_CONTEXT(2) 
PARAMETRIC_REPRESENTATION_CONTEXT() REPRESENTATION_CONTEXT('2D SPACE',''
  ) );
#5218 = FACE_BOUND('',#5219,.T.);
#5219 = EDGE_LOOP('',(#5220));
#5220 = ORIENTED_EDGE('',*,*,#5221,.F.);
#5221 = EDGE_CURVE('',#5222,#5222,#5224,.T.);
#5222 = VERTEX_POINT('',#5223);
#5223 = CARTESIAN_POINT('',(225.16490989767,-763.6794783075,-5.2015E+03)
  );
#5224 = SURFACE_CURVE('',#5225,(#5256,#5290),.PCURVE_S1.);
#5225 = B_SPLINE_CURVE_WITH_KNOTS('',8,(#5226,#5227,#5228,#5229,#5230,
    #5231,#5232,#5233,#5234,#5235,#5236,#5237,#5238,#5239,#5240,#5241,
    #5242,#5243,#5244,#5245,#5246,#5247,#5248,#5249,#5250,#5251,#5252,
    #5253,#5254,#5255),.UNSPECIFIED.,.T.,.F.,(9,7,7,7,9),(0.,
    0.250000000005,0.5,0.749999999994,1.),.UNSPECIFIED.);
#5226 = CARTESIAN_POINT('',(225.16490989767,-763.6794783075,-5.2015E+03)
  );
#5227 = CARTESIAN_POINT('',(225.16490989767,-763.6794783075,
    -5.201407073854E+03));
#5228 = CARTESIAN_POINT('',(225.15314438681,-763.6953288318,
    -5.201312566414E+03));
#5229 = CARTESIAN_POINT('',(225.1289109339,-763.7279755627,
    -5.201221618346E+03));
#5230 = CARTESIAN_POINT('',(225.09248713929,-763.7769300935,
    -5.201139868527E+03));
#5231 = CARTESIAN_POINT('',(225.04513245783,-763.8402211507,
    -5.201072758609E+03));
#5232 = CARTESIAN_POINT('',(224.98906848394,-763.914536968,
    -5.201024974666E+03));
#5233 = CARTESIAN_POINT('',(224.92732706879,-763.9956545444,-5.201E+03)
  );
#5234 = CARTESIAN_POINT('',(224.80006030066,-764.1615118258,-5.201E+03)
  );
#5235 = CARTESIAN_POINT('',(224.73768659273,-764.2421442269,
    -5.201024974666E+03));
#5236 = CARTESIAN_POINT('',(224.68041344968,-764.3155322161,
    -5.201072758609E+03));
#5237 = CARTESIAN_POINT('',(224.63153527643,-764.3776542568,
    -5.201139868527E+03));
#5238 = CARTESIAN_POINT('',(224.59367600254,-764.4255073057,
    -5.201221618346E+03));
#5239 = CARTESIAN_POINT('',(224.56841376119,-764.4573646194,
    -5.201312566414E+03));
#5240 = CARTESIAN_POINT('',(224.55614846866,-764.4728316478,
    -5.201407073854E+03));
#5241 = CARTESIAN_POINT('',(224.55614846866,-764.4728316478,
    -5.201592926146E+03));
#5242 = CARTESIAN_POINT('',(224.56841376119,-764.4573646194,
    -5.201687433586E+03));
#5243 = CARTESIAN_POINT('',(224.59367600254,-764.4255073057,
    -5.201778381654E+03));
#5244 = CARTESIAN_POINT('',(224.63153527643,-764.3776542568,
    -5.201860131473E+03));
#5245 = CARTESIAN_POINT('',(224.68041344968,-764.3155322161,
    -5.201927241391E+03));
#5246 = CARTESIAN_POINT('',(224.73768659273,-764.2421442269,
    -5.201975025334E+03));
#5247 = CARTESIAN_POINT('',(224.80006030066,-764.1615118258,-5.202E+03)
  );
#5248 = CARTESIAN_POINT('',(224.92732706879,-763.9956545444,-5.202E+03)
  );
#5249 = CARTESIAN_POINT('',(224.98906848394,-763.914536968,
    -5.201975025334E+03));
#5250 = CARTESIAN_POINT('',(225.04513245783,-763.8402211507,
    -5.201927241391E+03));
#5251 = CARTESIAN_POINT('',(225.09248713929,-763.7769300935,
    -5.201860131473E+03));
#5252 = CARTESIAN_POINT('',(225.1289109339,-763.7279755627,
    -5.201778381654E+03));
#5253 = CARTESIAN_POINT('',(225.15314438681,-763.6953288318,
    -5.201687433586E+03));
#5254 = CARTESIAN_POINT('',(225.16490989767,-763.6794783075,
    -5.201592926146E+03));
#5255 = CARTESIAN_POINT('',(225.16490989767,-763.6794783075,-5.2015E+03)
  );
#5256 = PCURVE('',#51,#5257);
#5257 = DEFINITIONAL_REPRESENTATION('',(#5258),#5289);
#5258 = B_SPLINE_CURVE_WITH_KNOTS('',8,(#5259,#5260,#5261,#5262,#5263,
    #5264,#5265,#5266,#5267,#5268,#5269,#5270,#5271,#5272,#5273,#5274,
    #5275,#5276,#5277,#5278,#5279,#5280,#5281,#5282,#5283,#5284,#5285,
    #5286,#5287,#5288),.UNSPECIFIED.,.T.,.F.,(9,7,7,7,9),(0.,
    0.250000000005,0.5,0.749999999994,1.),.UNSPECIFIED.);
#5259 = CARTESIAN_POINT('',(5.644641566891,39.));
#5260 = CARTESIAN_POINT('',(5.644641566891,39.092926146406));
#5261 = CARTESIAN_POINT('',(5.644011701727,39.187433586139));
#5262 = CARTESIAN_POINT('',(5.642714384488,39.27838165436));
#5263 = CARTESIAN_POINT('',(5.640767402729,39.360131472547));
#5264 = CARTESIAN_POINT('',(5.638245229101,39.427241390858));
#5265 = CARTESIAN_POINT('',(5.635274902836,39.475025334397));
#5266 = CARTESIAN_POINT('',(5.632022168374,39.5));
#5267 = CARTESIAN_POINT('',(5.62535150699,39.5));
#5268 = CARTESIAN_POINT('',(5.622098772527,39.475025334399));
#5269 = CARTESIAN_POINT('',(5.619128446263,39.427241390858));
#5270 = CARTESIAN_POINT('',(5.616606272635,39.360131472543));
#5271 = CARTESIAN_POINT('',(5.614659290876,39.278381654359));
#5272 = CARTESIAN_POINT('',(5.613361973636,39.18743358614));
#5273 = CARTESIAN_POINT('',(5.612732108473,39.092926146409));
#5274 = CARTESIAN_POINT('',(5.612732108473,38.907073853591));
#5275 = CARTESIAN_POINT('',(5.613361973636,38.81256641386));
#5276 = CARTESIAN_POINT('',(5.614659290876,38.721618345641));
#5277 = CARTESIAN_POINT('',(5.616606272635,38.639868527458));
#5278 = CARTESIAN_POINT('',(5.619128446263,38.572758609141));
#5279 = CARTESIAN_POINT('',(5.622098772527,38.524974665601));
#5280 = CARTESIAN_POINT('',(5.62535150699,38.5));
#5281 = CARTESIAN_POINT('',(5.632022168374,38.5));
#5282 = CARTESIAN_POINT('',(5.635274902836,38.524974665603));
#5283 = CARTESIAN_POINT('',(5.638245229101,38.572758609142));
#5284 = CARTESIAN_POINT('',(5.640767402728,38.639868527453));
#5285 = CARTESIAN_POINT('',(5.642714384488,38.72161834564));
#5286 = CARTESIAN_POINT('',(5.644011701727,38.812566413862));
#5287 = CARTESIAN_POINT('',(5.644641566891,38.907073853594));
#5288 = CARTESIAN_POINT('',(5.644641566891,39.));
#5289 = ( GEOMETRIC_REPRESENTATION_CONTEXT(2) 
PARAMETRIC_REPRESENTATION_CONTEXT() REPRESENTATION_CONTEXT('2D SPACE',''
  ) );
#5290 = PCURVE('',#5291,#5296);
#5291 = CYLINDRICAL_SURFACE('',#5292,0.5);
#5292 = AXIS2_PLACEMENT_3D('',#5293,#5294,#5295);
#5293 = CARTESIAN_POINT('',(224.46701701458,-763.7742024706,-5.2015E+03)
  );
#5294 = DIRECTION('',(0.793353340291,-0.608761429009,0.));
#5295 = DIRECTION('',(0.608761429009,0.793353340291,0.));
#5296 = DEFINITIONAL_REPRESENTATION('',(#5297),#5328);
#5297 = B_SPLINE_CURVE_WITH_KNOTS('',8,(#5298,#5299,#5300,#5301,#5302,
    #5303,#5304,#5305,#5306,#5307,#5308,#5309,#5310,#5311,#5312,#5313,
    #5314,#5315,#5316,#5317,#5318,#5319,#5320,#5321,#5322,#5323,#5324,
    #5325,#5326,#5327),.UNSPECIFIED.,.F.,.F.,(9,7,7,7,9),(0.,
    0.250000000005,0.5,0.749999999994,1.),.UNSPECIFIED.);
#5298 = CARTESIAN_POINT('',(0.,0.496011233084));
#5299 = CARTESIAN_POINT('',(0.185852292813,0.496011233084));
#5300 = CARTESIAN_POINT('',(0.374867222658,0.496326213581));
#5301 = CARTESIAN_POINT('',(0.566545073816,0.496974593309));
#5302 = CARTESIAN_POINT('',(0.76079148359,0.497879284326));
#5303 = CARTESIAN_POINT('',(0.957760989586,0.498839444016));
#5304 = CARTESIAN_POINT('',(1.157855611896,0.499601506198));
#5305 = CARTESIAN_POINT('',(1.361737799002,0.5));
#5306 = CARTESIAN_POINT('',(1.779854854579,0.5));
#5307 = CARTESIAN_POINT('',(1.983737041692,0.499601506198));
#5308 = CARTESIAN_POINT('',(2.183831664008,0.498839444016));
#5309 = CARTESIAN_POINT('',(2.380801170006,0.497879284326));
#5310 = CARTESIAN_POINT('',(2.575047579775,0.496974593309));
#5311 = CARTESIAN_POINT('',(2.766725430929,0.496326213581));
#5312 = CARTESIAN_POINT('',(2.955740360771,0.496011233084));
#5313 = CARTESIAN_POINT('',(3.327444946408,0.496011233084));
#5314 = CARTESIAN_POINT('',(3.51645987625,0.496326213581));
#5315 = CARTESIAN_POINT('',(3.708137727407,0.496974593309));
#5316 = CARTESIAN_POINT('',(3.90238413717,0.497879284326));
#5317 = CARTESIAN_POINT('',(4.099353643173,0.498839444016));
#5318 = CARTESIAN_POINT('',(4.299448265488,0.499601506198));
#5319 = CARTESIAN_POINT('',(4.5033304526,0.5));
#5320 = CARTESIAN_POINT('',(4.921447508178,0.5));
#5321 = CARTESIAN_POINT('',(5.125329695285,0.499601506198));
#5322 = CARTESIAN_POINT('',(5.325424317592,0.498839444016));
#5323 = CARTESIAN_POINT('',(5.522393823588,0.497879284326));
#5324 = CARTESIAN_POINT('',(5.716640233362,0.496974593309));
#5325 = CARTESIAN_POINT('',(5.908318084523,0.496326213581));
#5326 = CARTESIAN_POINT('',(6.097333014367,0.496011233084));
#5327 = CARTESIAN_POINT('',(6.28318530718,0.496011233084));
#5328 = ( GEOMETRIC_REPRESENTATION_CONTEXT(2) 
PARAMETRIC_REPRESENTATION_CONTEXT() REPRESENTATION_CONTEXT('2D SPACE',''
  ) );
#5329 = FACE_BOUND('',#5330,.T.);
#5330 = EDGE_LOOP('',(#5331));
#5331 = ORIENTED_EDGE('',*,*,#5332,.F.);
#5332 = EDGE_CURVE('',#5333,#5333,#5335,.T.);
#5333 = VERTEX_POINT('',#5334);
#5334 = CARTESIAN_POINT('',(229.14204112497,-756.529832569,-5.2015E+03)
  );
#5335 = SURFACE_CURVE('',#5336,(#5367,#5401),.PCURVE_S1.);
#5336 = B_SPLINE_CURVE_WITH_KNOTS('',8,(#5337,#5338,#5339,#5340,#5341,
    #5342,#5343,#5344,#5345,#5346,#5347,#5348,#5349,#5350,#5351,#5352,
    #5353,#5354,#5355,#5356,#5357,#5358,#5359,#5360,#5361,#5362,#5363,
    #5364,#5365,#5366),.UNSPECIFIED.,.T.,.F.,(9,7,7,7,9),(0.,
    0.250000000004,0.500000000003,0.750000000005,1.),.UNSPECIFIED.);
#5337 = CARTESIAN_POINT('',(229.14204112497,-756.529832569,-5.2015E+03)
  );
#5338 = CARTESIAN_POINT('',(229.14204112497,-756.529832569,
    -5.201407073854E+03));
#5339 = CARTESIAN_POINT('',(229.13477893174,-756.5481881381,
    -5.201312566414E+03));
#5340 = CARTESIAN_POINT('',(229.11982080942,-756.5859945377,
    -5.201221618346E+03));
#5341 = CARTESIAN_POINT('',(229.09730849044,-756.6427081551,
    -5.201139868527E+03));
#5342 = CARTESIAN_POINT('',(229.0679483116,-756.7160989152,
    -5.201072758609E+03));
#5343 = CARTESIAN_POINT('',(229.03302902016,-756.8023929067,
    -5.201024974666E+03));
#5344 = CARTESIAN_POINT('',(228.99438616639,-756.8967263228,-5.201E+03)
  );
#5345 = CARTESIAN_POINT('',(228.91438293141,-757.0898712177,-5.201E+03)
  );
#5346 = CARTESIAN_POINT('',(228.8750037571,-757.1838996399,
    -5.201024974666E+03));
#5347 = CARTESIAN_POINT('',(228.83867635836,-757.2696103742,
    -5.201072758609E+03));
#5348 = CARTESIAN_POINT('',(228.80754203575,-757.3422662599,
    -5.201139868527E+03));
#5349 = CARTESIAN_POINT('',(228.78335806573,-757.3982874568,
    -5.201221618346E+03));
#5350 = CARTESIAN_POINT('',(228.7672018939,-757.4355976081,
    -5.201312566414E+03));
#5351 = CARTESIAN_POINT('',(228.7593576926,-757.4537121015,
    -5.201407073854E+03));
#5352 = CARTESIAN_POINT('',(228.7593576926,-757.4537121015,
    -5.201592926146E+03));
#5353 = CARTESIAN_POINT('',(228.7672018939,-757.4355976081,
    -5.201687433586E+03));
#5354 = CARTESIAN_POINT('',(228.78335806574,-757.3982874568,
    -5.201778381654E+03));
#5355 = CARTESIAN_POINT('',(228.80754203575,-757.3422662599,
    -5.201860131473E+03));
#5356 = CARTESIAN_POINT('',(228.83867635836,-757.2696103742,
    -5.201927241391E+03));
#5357 = CARTESIAN_POINT('',(228.8750037571,-757.1838996399,
    -5.201975025334E+03));
#5358 = CARTESIAN_POINT('',(228.91438293141,-757.0898712177,-5.202E+03)
  );
#5359 = CARTESIAN_POINT('',(228.99438616639,-756.8967263228,-5.202E+03)
  );
#5360 = CARTESIAN_POINT('',(229.03302902016,-756.8023929067,
    -5.201975025334E+03));
#5361 = CARTESIAN_POINT('',(229.0679483116,-756.7160989152,
    -5.201927241391E+03));
#5362 = CARTESIAN_POINT('',(229.09730849044,-756.6427081551,
    -5.201860131473E+03));
#5363 = CARTESIAN_POINT('',(229.11982080942,-756.5859945377,
    -5.201778381654E+03));
#5364 = CARTESIAN_POINT('',(229.13477893174,-756.5481881381,
    -5.201687433586E+03));
#5365 = CARTESIAN_POINT('',(229.14204112497,-756.529832569,
    -5.201592926146E+03));
#5366 = CARTESIAN_POINT('',(229.14204112497,-756.529832569,-5.2015E+03)
  );
#5367 = PCURVE('',#51,#5368);
#5368 = DEFINITIONAL_REPRESENTATION('',(#5369),#5400);
#5369 = B_SPLINE_CURVE_WITH_KNOTS('',8,(#5370,#5371,#5372,#5373,#5374,
    #5375,#5376,#5377,#5378,#5379,#5380,#5381,#5382,#5383,#5384,#5385,
    #5386,#5387,#5388,#5389,#5390,#5391,#5392,#5393,#5394,#5395,#5396,
    #5397,#5398,#5399),.UNSPECIFIED.,.T.,.F.,(9,7,7,7,9),(0.,
    0.250000000004,0.500000000003,0.750000000005,1.),.UNSPECIFIED.);
#5370 = CARTESIAN_POINT('',(5.90644095469,39.));
#5371 = CARTESIAN_POINT('',(5.90644095469,39.092926146408));
#5372 = CARTESIAN_POINT('',(5.905811089526,39.187433586139));
#5373 = CARTESIAN_POINT('',(5.904513772287,39.278381654359));
#5374 = CARTESIAN_POINT('',(5.902566790528,39.360131472546));
#5375 = CARTESIAN_POINT('',(5.9000446169,39.427241390858));
#5376 = CARTESIAN_POINT('',(5.897074290635,39.475025334398));
#5377 = CARTESIAN_POINT('',(5.893821556173,39.5));
#5378 = CARTESIAN_POINT('',(5.887150894789,39.5));
#5379 = CARTESIAN_POINT('',(5.883898160327,39.475025334399));
#5380 = CARTESIAN_POINT('',(5.880927834062,39.427241390857));
#5381 = CARTESIAN_POINT('',(5.878405660434,39.360131472546));
#5382 = CARTESIAN_POINT('',(5.876458678675,39.278381654357));
#5383 = CARTESIAN_POINT('',(5.875161361435,39.187433586141));
#5384 = CARTESIAN_POINT('',(5.874531496272,39.092926146409));
#5385 = CARTESIAN_POINT('',(5.874531496272,38.90707385359));
#5386 = CARTESIAN_POINT('',(5.875161361435,38.81256641386));
#5387 = CARTESIAN_POINT('',(5.876458678675,38.721618345641));
#5388 = CARTESIAN_POINT('',(5.878405660434,38.639868527458));
#5389 = CARTESIAN_POINT('',(5.880927834062,38.572758609141));
#5390 = CARTESIAN_POINT('',(5.883898160326,38.524974665601));
#5391 = CARTESIAN_POINT('',(5.887150894789,38.5));
#5392 = CARTESIAN_POINT('',(5.893821556173,38.5));
#5393 = CARTESIAN_POINT('',(5.897074290635,38.524974665599));
#5394 = CARTESIAN_POINT('',(5.9000446169,38.572758609142));
#5395 = CARTESIAN_POINT('',(5.902566790528,38.639868527459));
#5396 = CARTESIAN_POINT('',(5.904513772287,38.721618345643));
#5397 = CARTESIAN_POINT('',(5.905811089526,38.812566413859));
#5398 = CARTESIAN_POINT('',(5.90644095469,38.907073853589));
#5399 = CARTESIAN_POINT('',(5.90644095469,39.));
#5400 = ( GEOMETRIC_REPRESENTATION_CONTEXT(2) 
PARAMETRIC_REPRESENTATION_CONTEXT() REPRESENTATION_CONTEXT('2D SPACE',''
  ) );
#5401 = PCURVE('',#5402,#5407);
#5402 = CYLINDRICAL_SURFACE('',#5403,0.5);
#5403 = AXIS2_PLACEMENT_3D('',#5404,#5405,#5406);
#5404 = CARTESIAN_POINT('',(228.49244478264,-756.8019570541,-5.2015E+03)
  );
#5405 = DIRECTION('',(0.923879532511,-0.382683432365,0.));
#5406 = DIRECTION('',(0.382683432365,0.923879532511,0.));
#5407 = DEFINITIONAL_REPRESENTATION('',(#5408),#5439);
#5408 = B_SPLINE_CURVE_WITH_KNOTS('',8,(#5409,#5410,#5411,#5412,#5413,
    #5414,#5415,#5416,#5417,#5418,#5419,#5420,#5421,#5422,#5423,#5424,
    #5425,#5426,#5427,#5428,#5429,#5430,#5431,#5432,#5433,#5434,#5435,
    #5436,#5437,#5438),.UNSPECIFIED.,.F.,.F.,(9,7,7,7,9),(0.,
    0.250000000004,0.500000000003,0.750000000005,1.),.UNSPECIFIED.);
#5409 = CARTESIAN_POINT('',(0.,0.496011233085));
#5410 = CARTESIAN_POINT('',(0.185852292815,0.496011233085));
#5411 = CARTESIAN_POINT('',(0.374867222659,0.496326213582));
#5412 = CARTESIAN_POINT('',(0.566545073815,0.496974593309));
#5413 = CARTESIAN_POINT('',(0.760791483589,0.497879284326));
#5414 = CARTESIAN_POINT('',(0.957760989584,0.498839444016));
#5415 = CARTESIAN_POINT('',(1.157855611897,0.499601506198));
#5416 = CARTESIAN_POINT('',(1.361737799005,0.5));
#5417 = CARTESIAN_POINT('',(1.779854854581,0.5));
#5418 = CARTESIAN_POINT('',(1.983737041692,0.499601506198));
#5419 = CARTESIAN_POINT('',(2.18383166401,0.498839444016));
#5420 = CARTESIAN_POINT('',(2.380801170001,0.497879284326));
#5421 = CARTESIAN_POINT('',(2.575047579778,0.496974593309));
#5422 = CARTESIAN_POINT('',(2.766725430929,0.496326213582));
#5423 = CARTESIAN_POINT('',(2.955740360773,0.496011233085));
#5424 = CARTESIAN_POINT('',(3.327444946409,0.496011233085));
#5425 = CARTESIAN_POINT('',(3.516459876249,0.496326213582));
#5426 = CARTESIAN_POINT('',(3.708137727407,0.496974593309));
#5427 = CARTESIAN_POINT('',(3.902384137168,0.497879284326));
#5428 = CARTESIAN_POINT('',(4.099353643177,0.498839444016));
#5429 = CARTESIAN_POINT('',(4.299448265484,0.499601506198));
#5430 = CARTESIAN_POINT('',(4.503330452602,0.5));
#5431 = CARTESIAN_POINT('',(4.921447508162,0.5));
#5432 = CARTESIAN_POINT('',(5.125329695281,0.499601506198));
#5433 = CARTESIAN_POINT('',(5.325424317599,0.498839444016));
#5434 = CARTESIAN_POINT('',(5.522393823603,0.497879284326));
#5435 = CARTESIAN_POINT('',(5.716640233366,0.496974593309));
#5436 = CARTESIAN_POINT('',(5.908318084517,0.496326213582));
#5437 = CARTESIAN_POINT('',(6.097333014357,0.496011233085));
#5438 = CARTESIAN_POINT('',(6.28318530718,0.496011233085));
#5439 = ( GEOMETRIC_REPRESENTATION_CONTEXT(2) 
PARAMETRIC_REPRESENTATION_CONTEXT() REPRESENTATION_CONTEXT('2D SPACE',''
  ) );
#5440 = FACE_BOUND('',#5441,.T.);
#5441 = EDGE_LOOP('',(#5442));
#5442 = ORIENTED_EDGE('',*,*,#5443,.F.);
#5443 = EDGE_CURVE('',#5444,#5444,#5446,.T.);
#5444 = VERTEX_POINT('',#5445);
#5445 = CARTESIAN_POINT('',(231.1331904091,-748.5944477949,-5.2015E+03)
  );
#5446 = SURFACE_CURVE('',#5447,(#5478,#5512),.PCURVE_S1.);
#5447 = B_SPLINE_CURVE_WITH_KNOTS('',8,(#5448,#5449,#5450,#5451,#5452,
    #5453,#5454,#5455,#5456,#5457,#5458,#5459,#5460,#5461,#5462,#5463,
    #5464,#5465,#5466,#5467,#5468,#5469,#5470,#5471,#5472,#5473,#5474,
    #5475,#5476,#5477),.UNSPECIFIED.,.T.,.F.,(9,7,7,7,9),(0.,
    0.249999999999,0.499999999995,0.749999999993,1.),.UNSPECIFIED.);
#5448 = CARTESIAN_POINT('',(231.1331904091,-748.5944477949,-5.2015E+03)
  );
#5449 = CARTESIAN_POINT('',(231.1331904091,-748.5944477949,
    -5.201407073854E+03));
#5450 = CARTESIAN_POINT('',(231.13092643997,-748.614057507,
    -5.201312566414E+03));
#5451 = CARTESIAN_POINT('',(231.12626301956,-748.6544471318,
    -5.201221618346E+03));
#5452 = CARTESIAN_POINT('',(231.11919635354,-748.7150548964,
    -5.201139868527E+03));
#5453 = CARTESIAN_POINT('',(231.10983152499,-748.7935439005,
    -5.201072758609E+03));
#5454 = CARTESIAN_POINT('',(231.09843660801,-748.8859352731,
    -5.201024974666E+03));
#5455 = CARTESIAN_POINT('',(231.08552576224,-748.9870558626,-5.201E+03)
  );
#5456 = CARTESIAN_POINT('',(231.05823814866,-749.1943258657,-5.201E+03)
  );
#5457 = CARTESIAN_POINT('',(231.04453713362,-749.2953424274,
    -5.201024974666E+03));
#5458 = CARTESIAN_POINT('',(231.03163113138,-749.3875348619,
    -5.201072758609E+03));
#5459 = CARTESIAN_POINT('',(231.02036241205,-749.465773214,
    -5.201139868527E+03));
#5460 = CARTESIAN_POINT('',(231.0115018435,-749.5261448068,
    -5.201221618346E+03));
#5461 = CARTESIAN_POINT('',(231.0055527576,-749.5663651705,
    -5.201312566414E+03));
#5462 = CARTESIAN_POINT('',(231.00266421688,-749.5858926563,
    -5.201407073854E+03));
#5463 = CARTESIAN_POINT('',(231.00266421688,-749.5858926563,
    -5.201592926146E+03));
#5464 = CARTESIAN_POINT('',(231.0055527576,-749.5663651705,
    -5.201687433586E+03));
#5465 = CARTESIAN_POINT('',(231.0115018435,-749.5261448068,
    -5.201778381654E+03));
#5466 = CARTESIAN_POINT('',(231.02036241205,-749.465773214,
    -5.201860131473E+03));
#5467 = CARTESIAN_POINT('',(231.03163113138,-749.3875348619,
    -5.201927241391E+03));
#5468 = CARTESIAN_POINT('',(231.04453713362,-749.2953424274,
    -5.201975025334E+03));
#5469 = CARTESIAN_POINT('',(231.05823814866,-749.1943258657,-5.202E+03)
  );
#5470 = CARTESIAN_POINT('',(231.08552576224,-748.9870558626,-5.202E+03)
  );
#5471 = CARTESIAN_POINT('',(231.09843660801,-748.8859352731,
    -5.201975025334E+03));
#5472 = CARTESIAN_POINT('',(231.10983152499,-748.7935439005,
    -5.201927241391E+03));
#5473 = CARTESIAN_POINT('',(231.11919635354,-748.7150548964,
    -5.201860131473E+03));
#5474 = CARTESIAN_POINT('',(231.12626301956,-748.6544471318,
    -5.201778381654E+03));
#5475 = CARTESIAN_POINT('',(231.13092643997,-748.614057507,
    -5.201687433586E+03));
#5476 = CARTESIAN_POINT('',(231.1331904091,-748.5944477949,
    -5.201592926146E+03));
#5477 = CARTESIAN_POINT('',(231.1331904091,-748.5944477949,-5.2015E+03)
  );
#5478 = PCURVE('',#51,#5479);
#5479 = DEFINITIONAL_REPRESENTATION('',(#5480),#5511);
#5480 = B_SPLINE_CURVE_WITH_KNOTS('',8,(#5481,#5482,#5483,#5484,#5485,
    #5486,#5487,#5488,#5489,#5490,#5491,#5492,#5493,#5494,#5495,#5496,
    #5497,#5498,#5499,#5500,#5501,#5502,#5503,#5504,#5505,#5506,#5507,
    #5508,#5509,#5510),.UNSPECIFIED.,.T.,.F.,(9,7,7,7,9),(0.,
    0.249999999999,0.499999999995,0.749999999993,1.),.UNSPECIFIED.);
#5481 = CARTESIAN_POINT('',(6.168240342489,39.));
#5482 = CARTESIAN_POINT('',(6.168240342489,39.092926146406));
#5483 = CARTESIAN_POINT('',(6.167610477326,39.187433586138));
#5484 = CARTESIAN_POINT('',(6.166313160086,39.278381654361));
#5485 = CARTESIAN_POINT('',(6.164366178327,39.360131472547));
#5486 = CARTESIAN_POINT('',(6.161844004699,39.427241390859));
#5487 = CARTESIAN_POINT('',(6.158873678434,39.475025334397));
#5488 = CARTESIAN_POINT('',(6.155620943972,39.5));
#5489 = CARTESIAN_POINT('',(6.148950282588,39.5));
#5490 = CARTESIAN_POINT('',(6.145697548126,39.475025334398));
#5491 = CARTESIAN_POINT('',(6.142727221861,39.427241390859));
#5492 = CARTESIAN_POINT('',(6.140205048233,39.360131472546));
#5493 = CARTESIAN_POINT('',(6.138258066474,39.278381654359));
#5494 = CARTESIAN_POINT('',(6.136960749234,39.18743358614));
#5495 = CARTESIAN_POINT('',(6.136330884071,39.092926146407));
#5496 = CARTESIAN_POINT('',(6.136330884071,38.907073853592));
#5497 = CARTESIAN_POINT('',(6.136960749234,38.81256641386));
#5498 = CARTESIAN_POINT('',(6.138258066474,38.721618345642));
#5499 = CARTESIAN_POINT('',(6.140205048233,38.639868527453));
#5500 = CARTESIAN_POINT('',(6.142727221861,38.572758609143));
#5501 = CARTESIAN_POINT('',(6.145697548126,38.524974665602));
#5502 = CARTESIAN_POINT('',(6.148950282588,38.5));
#5503 = CARTESIAN_POINT('',(6.155620943972,38.5));
#5504 = CARTESIAN_POINT('',(6.158873678434,38.524974665604));
#5505 = CARTESIAN_POINT('',(6.161844004699,38.57275860914));
#5506 = CARTESIAN_POINT('',(6.164366178327,38.639868527454));
#5507 = CARTESIAN_POINT('',(6.166313160086,38.721618345637));
#5508 = CARTESIAN_POINT('',(6.167610477326,38.812566413864));
#5509 = CARTESIAN_POINT('',(6.168240342489,38.907073853594));
#5510 = CARTESIAN_POINT('',(6.168240342489,39.));
#5511 = ( GEOMETRIC_REPRESENTATION_CONTEXT(2) 
PARAMETRIC_REPRESENTATION_CONTEXT() REPRESENTATION_CONTEXT('2D SPACE',''
  ) );
#5512 = PCURVE('',#5513,#5518);
#5513 = CYLINDRICAL_SURFACE('',#5514,0.5);
#5514 = AXIS2_PLACEMENT_3D('',#5515,#5516,#5517);
#5515 = CARTESIAN_POINT('',(230.57615952476,-749.025427768,-5.2015E+03)
  );
#5516 = DIRECTION('',(0.991444861374,-0.13052619222,0.));
#5517 = DIRECTION('',(0.13052619222,0.991444861374,0.));
#5518 = DEFINITIONAL_REPRESENTATION('',(#5519),#5550);
#5519 = B_SPLINE_CURVE_WITH_KNOTS('',8,(#5520,#5521,#5522,#5523,#5524,
    #5525,#5526,#5527,#5528,#5529,#5530,#5531,#5532,#5533,#5534,#5535,
    #5536,#5537,#5538,#5539,#5540,#5541,#5542,#5543,#5544,#5545,#5546,
    #5547,#5548,#5549),.UNSPECIFIED.,.F.,.F.,(9,7,7,7,9),(0.,
    0.249999999999,0.499999999995,0.749999999993,1.),.UNSPECIFIED.);
#5520 = CARTESIAN_POINT('',(0.,0.496011233085));
#5521 = CARTESIAN_POINT('',(0.185852292812,0.496011233085));
#5522 = CARTESIAN_POINT('',(0.374867222657,0.496326213582));
#5523 = CARTESIAN_POINT('',(0.566545073818,0.496974593309));
#5524 = CARTESIAN_POINT('',(0.760791483591,0.497879284326));
#5525 = CARTESIAN_POINT('',(0.957760989586,0.498839444016));
#5526 = CARTESIAN_POINT('',(1.157855611896,0.499601506198));
#5527 = CARTESIAN_POINT('',(1.361737799,0.5));
#5528 = CARTESIAN_POINT('',(1.779854854586,0.5));
#5529 = CARTESIAN_POINT('',(1.983737041691,0.499601506198));
#5530 = CARTESIAN_POINT('',(2.183831664008,0.498839444016));
#5531 = CARTESIAN_POINT('',(2.380801169998,0.497879284326));
#5532 = CARTESIAN_POINT('',(2.575047579776,0.496974593309));
#5533 = CARTESIAN_POINT('',(2.76672543093,0.496326213582));
#5534 = CARTESIAN_POINT('',(2.955740360776,0.496011233085));
#5535 = CARTESIAN_POINT('',(3.327444946406,0.496011233085));
#5536 = CARTESIAN_POINT('',(3.51645987625,0.496326213582));
#5537 = CARTESIAN_POINT('',(3.708137727401,0.496974593309));
#5538 = CARTESIAN_POINT('',(3.902384137183,0.497879284326));
#5539 = CARTESIAN_POINT('',(4.09935364317,0.498839444016));
#5540 = CARTESIAN_POINT('',(4.299448265488,0.499601506198));
#5541 = CARTESIAN_POINT('',(4.503330452596,0.5));
#5542 = CARTESIAN_POINT('',(4.921447508181,0.5));
#5543 = CARTESIAN_POINT('',(5.125329695289,0.499601506198));
#5544 = CARTESIAN_POINT('',(5.325424317581,0.498839444016));
#5545 = CARTESIAN_POINT('',(5.522393823597,0.497879284326));
#5546 = CARTESIAN_POINT('',(5.716640233352,0.496974593309));
#5547 = CARTESIAN_POINT('',(5.908318084529,0.496326213582));
#5548 = CARTESIAN_POINT('',(6.097333014368,0.496011233085));
#5549 = CARTESIAN_POINT('',(6.28318530718,0.496011233085));
#5550 = ( GEOMETRIC_REPRESENTATION_CONTEXT(2) 
PARAMETRIC_REPRESENTATION_CONTEXT() REPRESENTATION_CONTEXT('2D SPACE',''
  ) );
#5551 = ADVANCED_FACE('',(#5552),#82,.T.);
#5552 = FACE_BOUND('',#5553,.T.);
#5553 = EDGE_LOOP('',(#5554,#5577,#5604,#5605,#5606));
#5554 = ORIENTED_EDGE('',*,*,#5555,.T.);
#5555 = EDGE_CURVE('',#22,#5556,#5558,.T.);
#5556 = VERTEX_POINT('',#5557);
#5557 = CARTESIAN_POINT('',(236.5,-745.,-5.216E+03));
#5558 = SEAM_CURVE('',#5559,(#5563,#5570),.PCURVE_S1.);
#5559 = LINE('',#5560,#5561);
#5560 = CARTESIAN_POINT('',(230.84,-745.,-5.216E+03));
#5561 = VECTOR('',#5562,1.);
#5562 = DIRECTION('',(1.,0.,0.));
#5563 = PCURVE('',#82,#5564);
#5564 = DEFINITIONAL_REPRESENTATION('',(#5565),#5569);
#5565 = LINE('',#5566,#5567);
#5566 = CARTESIAN_POINT('',(6.28318530718,-0.));
#5567 = VECTOR('',#5568,1.);
#5568 = DIRECTION('',(0.,1.));
#5569 = ( GEOMETRIC_REPRESENTATION_CONTEXT(2) 
PARAMETRIC_REPRESENTATION_CONTEXT() REPRESENTATION_CONTEXT('2D SPACE',''
  ) );
#5570 = PCURVE('',#82,#5571);
#5571 = DEFINITIONAL_REPRESENTATION('',(#5572),#5576);
#5572 = LINE('',#5573,#5574);
#5573 = CARTESIAN_POINT('',(0.,-0.));
#5574 = VECTOR('',#5575,1.);
#5575 = DIRECTION('',(0.,1.));
#5576 = ( GEOMETRIC_REPRESENTATION_CONTEXT(2) 
PARAMETRIC_REPRESENTATION_CONTEXT() REPRESENTATION_CONTEXT('2D SPACE',''
  ) );
#5577 = ORIENTED_EDGE('',*,*,#5578,.F.);
#5578 = EDGE_CURVE('',#5556,#5556,#5579,.T.);
#5579 = SURFACE_CURVE('',#5580,(#5585,#5592),.PCURVE_S1.);
#5580 = CIRCLE('',#5581,0.5);
#5581 = AXIS2_PLACEMENT_3D('',#5582,#5583,#5584);
#5582 = CARTESIAN_POINT('',(236.5,-745.,-5.2165E+03));
#5583 = DIRECTION('',(1.,0.,0.));
#5584 = DIRECTION('',(-0.,0.,1.));
#5585 = PCURVE('',#82,#5586);
#5586 = DEFINITIONAL_REPRESENTATION('',(#5587),#5591);
#5587 = LINE('',#5588,#5589);
#5588 = CARTESIAN_POINT('',(0.,5.66));
#5589 = VECTOR('',#5590,1.);
#5590 = DIRECTION('',(1.,0.));
#5591 = ( GEOMETRIC_REPRESENTATION_CONTEXT(2) 
PARAMETRIC_REPRESENTATION_CONTEXT() REPRESENTATION_CONTEXT('2D SPACE',''
  ) );
#5592 = PCURVE('',#5593,#5598);
#5593 = PLANE('',#5594);
#5594 = AXIS2_PLACEMENT_3D('',#5595,#5596,#5597);
#5595 = CARTESIAN_POINT('',(236.5,-745.,-5.2165E+03));
#5596 = DIRECTION('',(1.,0.,0.));
#5597 = DIRECTION('',(-0.,0.,1.));
#5598 = DEFINITIONAL_REPRESENTATION('',(#5599),#5603);
#5599 = CIRCLE('',#5600,0.5);
#5600 = AXIS2_PLACEMENT_2D('',#5601,#5602);
#5601 = CARTESIAN_POINT('',(0.,0.));
#5602 = DIRECTION('',(1.,0.));
#5603 = ( GEOMETRIC_REPRESENTATION_CONTEXT(2) 
PARAMETRIC_REPRESENTATION_CONTEXT() REPRESENTATION_CONTEXT('2D SPACE',''
  ) );
#5604 = ORIENTED_EDGE('',*,*,#5555,.F.);
#5605 = ORIENTED_EDGE('',*,*,#21,.T.);
#5606 = ORIENTED_EDGE('',*,*,#164,.T.);
#5607 = ADVANCED_FACE('',(#5608),#280,.F.);
#5608 = FACE_BOUND('',#5609,.T.);
#5609 = EDGE_LOOP('',(#5610));
#5610 = ORIENTED_EDGE('',*,*,#265,.F.);
#5611 = ADVANCED_FACE('',(#5612),#151,.T.);
#5612 = FACE_BOUND('',#5613,.T.);
#5613 = EDGE_LOOP('',(#5614));
#5614 = ORIENTED_EDGE('',*,*,#136,.T.);
#5615 = ADVANCED_FACE('',(#5616),#365,.T.);
#5616 = FACE_BOUND('',#5617,.T.);
#5617 = EDGE_LOOP('',(#5618,#5641,#5668,#5669));
#5618 = ORIENTED_EDGE('',*,*,#5619,.T.);
#5619 = EDGE_CURVE('',#296,#5620,#5622,.T.);
#5620 = VERTEX_POINT('',#5621);
#5621 = CARTESIAN_POINT('',(235.126883137,-735.0701419406,-5.2165E+03));
#5622 = SEAM_CURVE('',#5623,(#5627,#5634),.PCURVE_S1.);
#5623 = LINE('',#5624,#5625);
#5624 = CARTESIAN_POINT('',(229.6597429602,-736.5350577358,-5.2165E+03)
  );
#5625 = VECTOR('',#5626,1.);
#5626 = DIRECTION('',(0.965925826289,0.258819045103,0.));
#5627 = PCURVE('',#365,#5628);
#5628 = DEFINITIONAL_REPRESENTATION('',(#5629),#5633);
#5629 = LINE('',#5630,#5631);
#5630 = CARTESIAN_POINT('',(6.28318530718,-0.));
#5631 = VECTOR('',#5632,1.);
#5632 = DIRECTION('',(0.,1.));
#5633 = ( GEOMETRIC_REPRESENTATION_CONTEXT(2) 
PARAMETRIC_REPRESENTATION_CONTEXT() REPRESENTATION_CONTEXT('2D SPACE',''
  ) );
#5634 = PCURVE('',#365,#5635);
#5635 = DEFINITIONAL_REPRESENTATION('',(#5636),#5640);
#5636 = LINE('',#5637,#5638);
#5637 = CARTESIAN_POINT('',(0.,-0.));
#5638 = VECTOR('',#5639,1.);
#5639 = DIRECTION('',(0.,1.));
#5640 = ( GEOMETRIC_REPRESENTATION_CONTEXT(2) 
PARAMETRIC_REPRESENTATION_CONTEXT() REPRESENTATION_CONTEXT('2D SPACE',''
  ) );
#5641 = ORIENTED_EDGE('',*,*,#5642,.F.);
#5642 = EDGE_CURVE('',#5620,#5620,#5643,.T.);
#5643 = SURFACE_CURVE('',#5644,(#5649,#5656),.PCURVE_S1.);
#5644 = CIRCLE('',#5645,0.5);
#5645 = AXIS2_PLACEMENT_3D('',#5646,#5647,#5648);
#5646 = CARTESIAN_POINT('',(235.25629265955,-735.5531048537,-5.2165E+03)
  );
#5647 = DIRECTION('',(0.965925826289,0.258819045103,0.));
#5648 = DIRECTION('',(-0.258819045103,0.965925826289,0.));
#5649 = PCURVE('',#365,#5650);
#5650 = DEFINITIONAL_REPRESENTATION('',(#5651),#5655);
#5651 = LINE('',#5652,#5653);
#5652 = CARTESIAN_POINT('',(0.,5.66));
#5653 = VECTOR('',#5654,1.);
#5654 = DIRECTION('',(1.,0.));
#5655 = ( GEOMETRIC_REPRESENTATION_CONTEXT(2) 
PARAMETRIC_REPRESENTATION_CONTEXT() REPRESENTATION_CONTEXT('2D SPACE',''
  ) );
#5656 = PCURVE('',#5657,#5662);
#5657 = PLANE('',#5658);
#5658 = AXIS2_PLACEMENT_3D('',#5659,#5660,#5661);
#5659 = CARTESIAN_POINT('',(235.25629265955,-735.5531048537,-5.2165E+03)
  );
#5660 = DIRECTION('',(0.965925826289,0.258819045103,0.));
#5661 = DIRECTION('',(-0.258819045103,0.965925826289,0.));
#5662 = DEFINITIONAL_REPRESENTATION('',(#5663),#5667);
#5663 = CIRCLE('',#5664,0.5);
#5664 = AXIS2_PLACEMENT_2D('',#5665,#5666);
#5665 = CARTESIAN_POINT('',(0.,0.));
#5666 = DIRECTION('',(1.,0.));
#5667 = ( GEOMETRIC_REPRESENTATION_CONTEXT(2) 
PARAMETRIC_REPRESENTATION_CONTEXT() REPRESENTATION_CONTEXT('2D SPACE',''
  ) );
#5668 = ORIENTED_EDGE('',*,*,#5619,.F.);
#5669 = ORIENTED_EDGE('',*,*,#295,.T.);
#5670 = ADVANCED_FACE('',(#5671),#476,.T.);
#5671 = FACE_BOUND('',#5672,.T.);
#5672 = EDGE_LOOP('',(#5673,#5696,#5723,#5724));
#5673 = ORIENTED_EDGE('',*,*,#5674,.T.);
#5674 = EDGE_CURVE('',#407,#5675,#5677,.T.);
#5675 = VERTEX_POINT('',#5676);
#5676 = CARTESIAN_POINT('',(231.35992723813,-726.3169872981,-5.2165E+03)
  );
#5677 = SEAM_CURVE('',#5678,(#5682,#5689),.PCURVE_S1.);
#5678 = LINE('',#5679,#5680);
#5679 = CARTESIAN_POINT('',(226.45822345271,-729.1469872981,-5.2165E+03)
  );
#5680 = VECTOR('',#5681,1.);
#5681 = DIRECTION('',(0.866025403784,0.5,0.));
#5682 = PCURVE('',#476,#5683);
#5683 = DEFINITIONAL_REPRESENTATION('',(#5684),#5688);
#5684 = LINE('',#5685,#5686);
#5685 = CARTESIAN_POINT('',(6.28318530718,-0.));
#5686 = VECTOR('',#5687,1.);
#5687 = DIRECTION('',(0.,1.));
#5688 = ( GEOMETRIC_REPRESENTATION_CONTEXT(2) 
PARAMETRIC_REPRESENTATION_CONTEXT() REPRESENTATION_CONTEXT('2D SPACE',''
  ) );
#5689 = PCURVE('',#476,#5690);
#5690 = DEFINITIONAL_REPRESENTATION('',(#5691),#5695);
#5691 = LINE('',#5692,#5693);
#5692 = CARTESIAN_POINT('',(0.,-0.));
#5693 = VECTOR('',#5694,1.);
#5694 = DIRECTION('',(0.,1.));
#5695 = ( GEOMETRIC_REPRESENTATION_CONTEXT(2) 
PARAMETRIC_REPRESENTATION_CONTEXT() REPRESENTATION_CONTEXT('2D SPACE',''
  ) );
#5696 = ORIENTED_EDGE('',*,*,#5697,.F.);
#5697 = EDGE_CURVE('',#5675,#5675,#5698,.T.);
#5698 = SURFACE_CURVE('',#5699,(#5704,#5711),.PCURVE_S1.);
#5699 = CIRCLE('',#5700,0.5);
#5700 = AXIS2_PLACEMENT_3D('',#5701,#5702,#5703);
#5701 = CARTESIAN_POINT('',(231.60992723813,-726.75,-5.2165E+03));
#5702 = DIRECTION('',(0.866025403784,0.5,0.));
#5703 = DIRECTION('',(-0.5,0.866025403784,0.));
#5704 = PCURVE('',#476,#5705);
#5705 = DEFINITIONAL_REPRESENTATION('',(#5706),#5710);
#5706 = LINE('',#5707,#5708);
#5707 = CARTESIAN_POINT('',(0.,5.66));
#5708 = VECTOR('',#5709,1.);
#5709 = DIRECTION('',(1.,0.));
#5710 = ( GEOMETRIC_REPRESENTATION_CONTEXT(2) 
PARAMETRIC_REPRESENTATION_CONTEXT() REPRESENTATION_CONTEXT('2D SPACE',''
  ) );
#5711 = PCURVE('',#5712,#5717);
#5712 = PLANE('',#5713);
#5713 = AXIS2_PLACEMENT_3D('',#5714,#5715,#5716);
#5714 = CARTESIAN_POINT('',(231.60992723813,-726.75,-5.2165E+03));
#5715 = DIRECTION('',(0.866025403784,0.5,0.));
#5716 = DIRECTION('',(-0.5,0.866025403784,0.));
#5717 = DEFINITIONAL_REPRESENTATION('',(#5718),#5722);
#5718 = CIRCLE('',#5719,0.5);
#5719 = AXIS2_PLACEMENT_2D('',#5720,#5721);
#5720 = CARTESIAN_POINT('',(0.,0.));
#5721 = DIRECTION('',(1.,0.));
#5722 = ( GEOMETRIC_REPRESENTATION_CONTEXT(2) 
PARAMETRIC_REPRESENTATION_CONTEXT() REPRESENTATION_CONTEXT('2D SPACE',''
  ) );
#5723 = ORIENTED_EDGE('',*,*,#5674,.F.);
#5724 = ORIENTED_EDGE('',*,*,#406,.T.);
#5725 = ADVANCED_FACE('',(#5726),#587,.T.);
#5726 = FACE_BOUND('',#5727,.T.);
#5727 = EDGE_LOOP('',(#5728,#5751,#5778,#5779));
#5728 = ORIENTED_EDGE('',*,*,#5729,.T.);
#5729 = EDGE_CURVE('',#518,#5730,#5732,.T.);
#5730 = VERTEX_POINT('',#5731);
#5731 = CARTESIAN_POINT('',(225.45584412271,-718.837049096,-5.2165E+03)
  );
#5732 = SEAM_CURVE('',#5733,(#5737,#5744),.PCURVE_S1.);
#5733 = LINE('',#5734,#5735);
#5734 = CARTESIAN_POINT('',(221.4536197412,-722.8392734776,-5.2165E+03)
  );
#5735 = VECTOR('',#5736,1.);
#5736 = DIRECTION('',(0.707106781187,0.707106781187,0.));
#5737 = PCURVE('',#587,#5738);
#5738 = DEFINITIONAL_REPRESENTATION('',(#5739),#5743);
#5739 = LINE('',#5740,#5741);
#5740 = CARTESIAN_POINT('',(6.28318530718,-0.));
#5741 = VECTOR('',#5742,1.);
#5742 = DIRECTION('',(0.,1.));
#5743 = ( GEOMETRIC_REPRESENTATION_CONTEXT(2) 
PARAMETRIC_REPRESENTATION_CONTEXT() REPRESENTATION_CONTEXT('2D SPACE',''
  ) );
#5744 = PCURVE('',#587,#5745);
#5745 = DEFINITIONAL_REPRESENTATION('',(#5746),#5750);
#5746 = LINE('',#5747,#5748);
#5747 = CARTESIAN_POINT('',(0.,-0.));
#5748 = VECTOR('',#5749,1.);
#5749 = DIRECTION('',(0.,1.));
#5750 = ( GEOMETRIC_REPRESENTATION_CONTEXT(2) 
PARAMETRIC_REPRESENTATION_CONTEXT() REPRESENTATION_CONTEXT('2D SPACE',''
  ) );
#5751 = ORIENTED_EDGE('',*,*,#5752,.F.);
#5752 = EDGE_CURVE('',#5730,#5730,#5753,.T.);
#5753 = SURFACE_CURVE('',#5754,(#5759,#5766),.PCURVE_S1.);
#5754 = CIRCLE('',#5755,0.5);
#5755 = AXIS2_PLACEMENT_3D('',#5756,#5757,#5758);
#5756 = CARTESIAN_POINT('',(225.8093975133,-719.1906024866,-5.2165E+03)
  );
#5757 = DIRECTION('',(0.707106781187,0.707106781187,0.));
#5758 = DIRECTION('',(-0.707106781187,0.707106781187,0.));
#5759 = PCURVE('',#587,#5760);
#5760 = DEFINITIONAL_REPRESENTATION('',(#5761),#5765);
#5761 = LINE('',#5762,#5763);
#5762 = CARTESIAN_POINT('',(0.,5.66));
#5763 = VECTOR('',#5764,1.);
#5764 = DIRECTION('',(1.,0.));
#5765 = ( GEOMETRIC_REPRESENTATION_CONTEXT(2) 
PARAMETRIC_REPRESENTATION_CONTEXT() REPRESENTATION_CONTEXT('2D SPACE',''
  ) );
#5766 = PCURVE('',#5767,#5772);
#5767 = PLANE('',#5768);
#5768 = AXIS2_PLACEMENT_3D('',#5769,#5770,#5771);
#5769 = CARTESIAN_POINT('',(225.8093975133,-719.1906024866,-5.2165E+03)
  );
#5770 = DIRECTION('',(0.707106781187,0.707106781187,0.));
#5771 = DIRECTION('',(-0.707106781187,0.707106781187,0.));
#5772 = DEFINITIONAL_REPRESENTATION('',(#5773),#5777);
#5773 = CIRCLE('',#5774,0.5);
#5774 = AXIS2_PLACEMENT_2D('',#5775,#5776);
#5775 = CARTESIAN_POINT('',(0.,0.));
#5776 = DIRECTION('',(1.,0.));
#5777 = ( GEOMETRIC_REPRESENTATION_CONTEXT(2) 
PARAMETRIC_REPRESENTATION_CONTEXT() REPRESENTATION_CONTEXT('2D SPACE',''
  ) );
#5778 = ORIENTED_EDGE('',*,*,#5729,.F.);
#5779 = ORIENTED_EDGE('',*,*,#517,.T.);
#5780 = ADVANCED_FACE('',(#5781),#698,.T.);
#5781 = FACE_BOUND('',#5782,.T.);
#5782 = EDGE_LOOP('',(#5783,#5806,#5833,#5834));
#5783 = ORIENTED_EDGE('',*,*,#5784,.T.);
#5784 = EDGE_CURVE('',#629,#5785,#5787,.T.);
#5785 = VERTEX_POINT('',#5786);
#5786 = CARTESIAN_POINT('',(218.68301270189,-713.6400727618,-5.2165E+03)
  );
#5787 = SEAM_CURVE('',#5788,(#5792,#5799),.PCURVE_S1.);
#5788 = LINE('',#5789,#5790);
#5789 = CARTESIAN_POINT('',(215.85301270189,-718.5417765472,-5.2165E+03)
  );
#5790 = VECTOR('',#5791,1.);
#5791 = DIRECTION('',(0.5,0.866025403784,0.));
#5792 = PCURVE('',#698,#5793);
#5793 = DEFINITIONAL_REPRESENTATION('',(#5794),#5798);
#5794 = LINE('',#5795,#5796);
#5795 = CARTESIAN_POINT('',(6.28318530718,-0.));
#5796 = VECTOR('',#5797,1.);
#5797 = DIRECTION('',(0.,1.));
#5798 = ( GEOMETRIC_REPRESENTATION_CONTEXT(2) 
PARAMETRIC_REPRESENTATION_CONTEXT() REPRESENTATION_CONTEXT('2D SPACE',''
  ) );
#5799 = PCURVE('',#698,#5800);
#5800 = DEFINITIONAL_REPRESENTATION('',(#5801),#5805);
#5801 = LINE('',#5802,#5803);
#5802 = CARTESIAN_POINT('',(0.,-0.));
#5803 = VECTOR('',#5804,1.);
#5804 = DIRECTION('',(0.,1.));
#5805 = ( GEOMETRIC_REPRESENTATION_CONTEXT(2) 
PARAMETRIC_REPRESENTATION_CONTEXT() REPRESENTATION_CONTEXT('2D SPACE',''
  ) );
#5806 = ORIENTED_EDGE('',*,*,#5807,.F.);
#5807 = EDGE_CURVE('',#5785,#5785,#5808,.T.);
#5808 = SURFACE_CURVE('',#5809,(#5814,#5821),.PCURVE_S1.);
#5809 = CIRCLE('',#5810,0.5);
#5810 = AXIS2_PLACEMENT_3D('',#5811,#5812,#5813);
#5811 = CARTESIAN_POINT('',(218.25,-713.3900727618,-5.2165E+03));
#5812 = DIRECTION('',(0.5,0.866025403784,0.));
#5813 = DIRECTION('',(0.866025403784,-0.5,0.));
#5814 = PCURVE('',#698,#5815);
#5815 = DEFINITIONAL_REPRESENTATION('',(#5816),#5820);
#5816 = LINE('',#5817,#5818);
#5817 = CARTESIAN_POINT('',(0.,5.66));
#5818 = VECTOR('',#5819,1.);
#5819 = DIRECTION('',(1.,0.));
#5820 = ( GEOMETRIC_REPRESENTATION_CONTEXT(2) 
PARAMETRIC_REPRESENTATION_CONTEXT() REPRESENTATION_CONTEXT('2D SPACE',''
  ) );
#5821 = PCURVE('',#5822,#5827);
#5822 = PLANE('',#5823);
#5823 = AXIS2_PLACEMENT_3D('',#5824,#5825,#5826);
#5824 = CARTESIAN_POINT('',(218.25,-713.3900727618,-5.2165E+03));
#5825 = DIRECTION('',(0.5,0.866025403784,0.));
#5826 = DIRECTION('',(0.866025403784,-0.5,0.));
#5827 = DEFINITIONAL_REPRESENTATION('',(#5828),#5832);
#5828 = CIRCLE('',#5829,0.5);
#5829 = AXIS2_PLACEMENT_2D('',#5830,#5831);
#5830 = CARTESIAN_POINT('',(0.,0.));
#5831 = DIRECTION('',(1.,0.));
#5832 = ( GEOMETRIC_REPRESENTATION_CONTEXT(2) 
PARAMETRIC_REPRESENTATION_CONTEXT() REPRESENTATION_CONTEXT('2D SPACE',''
  ) );
#5833 = ORIENTED_EDGE('',*,*,#5784,.F.);
#5834 = ORIENTED_EDGE('',*,*,#628,.T.);
#5835 = ADVANCED_FACE('',(#5836),#809,.T.);
#5836 = FACE_BOUND('',#5837,.T.);
#5837 = EDGE_LOOP('',(#5838,#5861,#5888,#5889));
#5838 = ORIENTED_EDGE('',*,*,#5839,.T.);
#5839 = EDGE_CURVE('',#740,#5840,#5842,.T.);
#5840 = VERTEX_POINT('',#5841);
#5841 = CARTESIAN_POINT('',(209.92985805938,-709.873116863,-5.2165E+03)
  );
#5842 = SEAM_CURVE('',#5843,(#5847,#5854),.PCURVE_S1.);
#5843 = LINE('',#5844,#5845);
#5844 = CARTESIAN_POINT('',(208.4649422641,-715.3402570397,-5.2165E+03)
  );
#5845 = VECTOR('',#5846,1.);
#5846 = DIRECTION('',(0.258819045103,0.965925826289,0.));
#5847 = PCURVE('',#809,#5848);
#5848 = DEFINITIONAL_REPRESENTATION('',(#5849),#5853);
#5849 = LINE('',#5850,#5851);
#5850 = CARTESIAN_POINT('',(6.28318530718,-0.));
#5851 = VECTOR('',#5852,1.);
#5852 = DIRECTION('',(0.,1.));
#5853 = ( GEOMETRIC_REPRESENTATION_CONTEXT(2) 
PARAMETRIC_REPRESENTATION_CONTEXT() REPRESENTATION_CONTEXT('2D SPACE',''
  ) );
#5854 = PCURVE('',#809,#5855);
#5855 = DEFINITIONAL_REPRESENTATION('',(#5856),#5860);
#5856 = LINE('',#5857,#5858);
#5857 = CARTESIAN_POINT('',(0.,-0.));
#5858 = VECTOR('',#5859,1.);
#5859 = DIRECTION('',(0.,1.));
#5860 = ( GEOMETRIC_REPRESENTATION_CONTEXT(2) 
PARAMETRIC_REPRESENTATION_CONTEXT() REPRESENTATION_CONTEXT('2D SPACE',''
  ) );
#5861 = ORIENTED_EDGE('',*,*,#5862,.F.);
#5862 = EDGE_CURVE('',#5840,#5840,#5863,.T.);
#5863 = SURFACE_CURVE('',#5864,(#5869,#5876),.PCURVE_S1.);
#5864 = CIRCLE('',#5865,0.5);
#5865 = AXIS2_PLACEMENT_3D('',#5866,#5867,#5868);
#5866 = CARTESIAN_POINT('',(209.44689514624,-709.7437073404,-5.2165E+03)
  );
#5867 = DIRECTION('',(0.258819045103,0.965925826289,0.));
#5868 = DIRECTION('',(0.965925826289,-0.258819045103,0.));
#5869 = PCURVE('',#809,#5870);
#5870 = DEFINITIONAL_REPRESENTATION('',(#5871),#5875);
#5871 = LINE('',#5872,#5873);
#5872 = CARTESIAN_POINT('',(0.,5.66));
#5873 = VECTOR('',#5874,1.);
#5874 = DIRECTION('',(1.,0.));
#5875 = ( GEOMETRIC_REPRESENTATION_CONTEXT(2) 
PARAMETRIC_REPRESENTATION_CONTEXT() REPRESENTATION_CONTEXT('2D SPACE',''
  ) );
#5876 = PCURVE('',#5877,#5882);
#5877 = PLANE('',#5878);
#5878 = AXIS2_PLACEMENT_3D('',#5879,#5880,#5881);
#5879 = CARTESIAN_POINT('',(209.44689514624,-709.7437073404,-5.2165E+03)
  );
#5880 = DIRECTION('',(0.258819045103,0.965925826289,0.));
#5881 = DIRECTION('',(0.965925826289,-0.258819045103,0.));
#5882 = DEFINITIONAL_REPRESENTATION('',(#5883),#5887);
#5883 = CIRCLE('',#5884,0.5);
#5884 = AXIS2_PLACEMENT_2D('',#5885,#5886);
#5885 = CARTESIAN_POINT('',(0.,0.));
#5886 = DIRECTION('',(1.,0.));
#5887 = ( GEOMETRIC_REPRESENTATION_CONTEXT(2) 
PARAMETRIC_REPRESENTATION_CONTEXT() REPRESENTATION_CONTEXT('2D SPACE',''
  ) );
#5888 = ORIENTED_EDGE('',*,*,#5839,.F.);
#5889 = ORIENTED_EDGE('',*,*,#739,.T.);
#5890 = ADVANCED_FACE('',(#5891),#920,.T.);
#5891 = FACE_BOUND('',#5892,.T.);
#5892 = EDGE_LOOP('',(#5893,#5916,#5943,#5944));
#5893 = ORIENTED_EDGE('',*,*,#5894,.T.);
#5894 = EDGE_CURVE('',#851,#5895,#5897,.T.);
#5895 = VERTEX_POINT('',#5896);
#5896 = CARTESIAN_POINT('',(200.5,-708.5,-5.2165E+03));
#5897 = SEAM_CURVE('',#5898,(#5902,#5909),.PCURVE_S1.);
#5898 = LINE('',#5899,#5900);
#5899 = CARTESIAN_POINT('',(200.5,-714.16,-5.2165E+03));
#5900 = VECTOR('',#5901,1.);
#5901 = DIRECTION('',(6.123233995737E-17,1.,0.));
#5902 = PCURVE('',#920,#5903);
#5903 = DEFINITIONAL_REPRESENTATION('',(#5904),#5908);
#5904 = LINE('',#5905,#5906);
#5905 = CARTESIAN_POINT('',(6.28318530718,-0.));
#5906 = VECTOR('',#5907,1.);
#5907 = DIRECTION('',(0.,1.));
#5908 = ( GEOMETRIC_REPRESENTATION_CONTEXT(2) 
PARAMETRIC_REPRESENTATION_CONTEXT() REPRESENTATION_CONTEXT('2D SPACE',''
  ) );
#5909 = PCURVE('',#920,#5910);
#5910 = DEFINITIONAL_REPRESENTATION('',(#5911),#5915);
#5911 = LINE('',#5912,#5913);
#5912 = CARTESIAN_POINT('',(0.,-0.));
#5913 = VECTOR('',#5914,1.);
#5914 = DIRECTION('',(0.,1.));
#5915 = ( GEOMETRIC_REPRESENTATION_CONTEXT(2) 
PARAMETRIC_REPRESENTATION_CONTEXT() REPRESENTATION_CONTEXT('2D SPACE',''
  ) );
#5916 = ORIENTED_EDGE('',*,*,#5917,.F.);
#5917 = EDGE_CURVE('',#5895,#5895,#5918,.T.);
#5918 = SURFACE_CURVE('',#5919,(#5924,#5931),.PCURVE_S1.);
#5919 = CIRCLE('',#5920,0.5);
#5920 = AXIS2_PLACEMENT_3D('',#5921,#5922,#5923);
#5921 = CARTESIAN_POINT('',(200.,-708.5,-5.2165E+03));
#5922 = DIRECTION('',(6.123233995737E-17,1.,0.));
#5923 = DIRECTION('',(1.,-6.123233995737E-17,0.));
#5924 = PCURVE('',#920,#5925);
#5925 = DEFINITIONAL_REPRESENTATION('',(#5926),#5930);
#5926 = LINE('',#5927,#5928);
#5927 = CARTESIAN_POINT('',(0.,5.66));
#5928 = VECTOR('',#5929,1.);
#5929 = DIRECTION('',(1.,0.));
#5930 = ( GEOMETRIC_REPRESENTATION_CONTEXT(2) 
PARAMETRIC_REPRESENTATION_CONTEXT() REPRESENTATION_CONTEXT('2D SPACE',''
  ) );
#5931 = PCURVE('',#5932,#5937);
#5932 = PLANE('',#5933);
#5933 = AXIS2_PLACEMENT_3D('',#5934,#5935,#5936);
#5934 = CARTESIAN_POINT('',(200.,-708.5,-5.2165E+03));
#5935 = DIRECTION('',(6.123233995737E-17,1.,0.));
#5936 = DIRECTION('',(1.,-6.123233995737E-17,0.));
#5937 = DEFINITIONAL_REPRESENTATION('',(#5938),#5942);
#5938 = CIRCLE('',#5939,0.5);
#5939 = AXIS2_PLACEMENT_2D('',#5940,#5941);
#5940 = CARTESIAN_POINT('',(0.,0.));
#5941 = DIRECTION('',(1.,0.));
#5942 = ( GEOMETRIC_REPRESENTATION_CONTEXT(2) 
PARAMETRIC_REPRESENTATION_CONTEXT() REPRESENTATION_CONTEXT('2D SPACE',''
  ) );
#5943 = ORIENTED_EDGE('',*,*,#5894,.F.);
#5944 = ORIENTED_EDGE('',*,*,#850,.T.);
#5945 = ADVANCED_FACE('',(#5946),#1031,.T.);
#5946 = FACE_BOUND('',#5947,.T.);
#5947 = EDGE_LOOP('',(#5948,#5971,#5998,#5999));
#5948 = ORIENTED_EDGE('',*,*,#5949,.T.);
#5949 = EDGE_CURVE('',#962,#5950,#5952,.T.);
#5950 = VERTEX_POINT('',#5951);
#5951 = CARTESIAN_POINT('',(191.0360677669,-709.6142978178,-5.2165E+03)
  );
#5952 = SEAM_CURVE('',#5953,(#5957,#5964),.PCURVE_S1.);
#5953 = LINE('',#5954,#5955);
#5954 = CARTESIAN_POINT('',(192.50098356218,-715.0814379946,-5.2165E+03)
  );
#5955 = VECTOR('',#5956,1.);
#5956 = DIRECTION('',(-0.258819045103,0.965925826289,-1.232595164408E-32
    ));
#5957 = PCURVE('',#1031,#5958);
#5958 = DEFINITIONAL_REPRESENTATION('',(#5959),#5963);
#5959 = LINE('',#5960,#5961);
#5960 = CARTESIAN_POINT('',(6.28318530718,-0.));
#5961 = VECTOR('',#5962,1.);
#5962 = DIRECTION('',(0.,1.));
#5963 = ( GEOMETRIC_REPRESENTATION_CONTEXT(2) 
PARAMETRIC_REPRESENTATION_CONTEXT() REPRESENTATION_CONTEXT('2D SPACE',''
  ) );
#5964 = PCURVE('',#1031,#5965);
#5965 = DEFINITIONAL_REPRESENTATION('',(#5966),#5970);
#5966 = LINE('',#5967,#5968);
#5967 = CARTESIAN_POINT('',(0.,-0.));
#5968 = VECTOR('',#5969,1.);
#5969 = DIRECTION('',(0.,1.));
#5970 = ( GEOMETRIC_REPRESENTATION_CONTEXT(2) 
PARAMETRIC_REPRESENTATION_CONTEXT() REPRESENTATION_CONTEXT('2D SPACE',''
  ) );
#5971 = ORIENTED_EDGE('',*,*,#5972,.F.);
#5972 = EDGE_CURVE('',#5950,#5950,#5973,.T.);
#5973 = SURFACE_CURVE('',#5974,(#5979,#5986),.PCURVE_S1.);
#5974 = CIRCLE('',#5975,0.5);
#5975 = AXIS2_PLACEMENT_3D('',#5976,#5977,#5978);
#5976 = CARTESIAN_POINT('',(190.55310485375,-709.7437073404,-5.2165E+03)
  );
#5977 = DIRECTION('',(-0.258819045103,0.965925826289,0.));
#5978 = DIRECTION('',(0.965925826289,0.258819045103,0.));
#5979 = PCURVE('',#1031,#5980);
#5980 = DEFINITIONAL_REPRESENTATION('',(#5981),#5985);
#5981 = LINE('',#5982,#5983);
#5982 = CARTESIAN_POINT('',(0.,5.66));
#5983 = VECTOR('',#5984,1.);
#5984 = DIRECTION('',(1.,0.));
#5985 = ( GEOMETRIC_REPRESENTATION_CONTEXT(2) 
PARAMETRIC_REPRESENTATION_CONTEXT() REPRESENTATION_CONTEXT('2D SPACE',''
  ) );
#5986 = PCURVE('',#5987,#5992);
#5987 = PLANE('',#5988);
#5988 = AXIS2_PLACEMENT_3D('',#5989,#5990,#5991);
#5989 = CARTESIAN_POINT('',(190.55310485375,-709.7437073404,-5.2165E+03)
  );
#5990 = DIRECTION('',(-0.258819045103,0.965925826289,0.));
#5991 = DIRECTION('',(0.965925826289,0.258819045103,0.));
#5992 = DEFINITIONAL_REPRESENTATION('',(#5993),#5997);
#5993 = CIRCLE('',#5994,0.5);
#5994 = AXIS2_PLACEMENT_2D('',#5995,#5996);
#5995 = CARTESIAN_POINT('',(0.,0.));
#5996 = DIRECTION('',(1.,0.));
#5997 = ( GEOMETRIC_REPRESENTATION_CONTEXT(2) 
PARAMETRIC_REPRESENTATION_CONTEXT() REPRESENTATION_CONTEXT('2D SPACE',''
  ) );
#5998 = ORIENTED_EDGE('',*,*,#5949,.F.);
#5999 = ORIENTED_EDGE('',*,*,#961,.T.);
#6000 = ADVANCED_FACE('',(#6001),#1142,.T.);
#6001 = FACE_BOUND('',#6002,.T.);
#6002 = EDGE_LOOP('',(#6003,#6026,#6053,#6054));
#6003 = ORIENTED_EDGE('',*,*,#6004,.T.);
#6004 = EDGE_CURVE('',#1073,#6005,#6007,.T.);
#6005 = VERTEX_POINT('',#6006);
#6006 = CARTESIAN_POINT('',(182.18301270189,-713.1400727618,-5.2165E+03)
  );
#6007 = SEAM_CURVE('',#6008,(#6012,#6019),.PCURVE_S1.);
#6008 = LINE('',#6009,#6010);
#6009 = CARTESIAN_POINT('',(185.01301270189,-718.0417765472,-5.2165E+03)
  );
#6010 = VECTOR('',#6011,1.);
#6011 = DIRECTION('',(-0.5,0.866025403784,-1.232595164408E-32));
#6012 = PCURVE('',#1142,#6013);
#6013 = DEFINITIONAL_REPRESENTATION('',(#6014),#6018);
#6014 = LINE('',#6015,#6016);
#6015 = CARTESIAN_POINT('',(6.28318530718,-0.));
#6016 = VECTOR('',#6017,1.);
#6017 = DIRECTION('',(0.,1.));
#6018 = ( GEOMETRIC_REPRESENTATION_CONTEXT(2) 
PARAMETRIC_REPRESENTATION_CONTEXT() REPRESENTATION_CONTEXT('2D SPACE',''
  ) );
#6019 = PCURVE('',#1142,#6020);
#6020 = DEFINITIONAL_REPRESENTATION('',(#6021),#6025);
#6021 = LINE('',#6022,#6023);
#6022 = CARTESIAN_POINT('',(0.,-0.));
#6023 = VECTOR('',#6024,1.);
#6024 = DIRECTION('',(0.,1.));
#6025 = ( GEOMETRIC_REPRESENTATION_CONTEXT(2) 
PARAMETRIC_REPRESENTATION_CONTEXT() REPRESENTATION_CONTEXT('2D SPACE',''
  ) );
#6026 = ORIENTED_EDGE('',*,*,#6027,.F.);
#6027 = EDGE_CURVE('',#6005,#6005,#6028,.T.);
#6028 = SURFACE_CURVE('',#6029,(#6034,#6041),.PCURVE_S1.);
#6029 = CIRCLE('',#6030,0.5);
#6030 = AXIS2_PLACEMENT_3D('',#6031,#6032,#6033);
#6031 = CARTESIAN_POINT('',(181.75,-713.3900727618,-5.2165E+03));
#6032 = DIRECTION('',(-0.5,0.866025403784,0.));
#6033 = DIRECTION('',(0.866025403784,0.5,0.));
#6034 = PCURVE('',#1142,#6035);
#6035 = DEFINITIONAL_REPRESENTATION('',(#6036),#6040);
#6036 = LINE('',#6037,#6038);
#6037 = CARTESIAN_POINT('',(0.,5.66));
#6038 = VECTOR('',#6039,1.);
#6039 = DIRECTION('',(1.,0.));
#6040 = ( GEOMETRIC_REPRESENTATION_CONTEXT(2) 
PARAMETRIC_REPRESENTATION_CONTEXT() REPRESENTATION_CONTEXT('2D SPACE',''
  ) );
#6041 = PCURVE('',#6042,#6047);
#6042 = PLANE('',#6043);
#6043 = AXIS2_PLACEMENT_3D('',#6044,#6045,#6046);
#6044 = CARTESIAN_POINT('',(181.75,-713.3900727618,-5.2165E+03));
#6045 = DIRECTION('',(-0.5,0.866025403784,0.));
#6046 = DIRECTION('',(0.866025403784,0.5,0.));
#6047 = DEFINITIONAL_REPRESENTATION('',(#6048),#6052);
#6048 = CIRCLE('',#6049,0.5);
#6049 = AXIS2_PLACEMENT_2D('',#6050,#6051);
#6050 = CARTESIAN_POINT('',(0.,0.));
#6051 = DIRECTION('',(1.,0.));
#6052 = ( GEOMETRIC_REPRESENTATION_CONTEXT(2) 
PARAMETRIC_REPRESENTATION_CONTEXT() REPRESENTATION_CONTEXT('2D SPACE',''
  ) );
#6053 = ORIENTED_EDGE('',*,*,#6004,.F.);
#6054 = ORIENTED_EDGE('',*,*,#1072,.T.);
#6055 = ADVANCED_FACE('',(#6056),#1253,.T.);
#6056 = FACE_BOUND('',#6057,.T.);
#6057 = EDGE_LOOP('',(#6058,#6081,#6108,#6109));
#6058 = ORIENTED_EDGE('',*,*,#6059,.T.);
#6059 = EDGE_CURVE('',#1184,#6060,#6062,.T.);
#6060 = VERTEX_POINT('',#6061);
#6061 = CARTESIAN_POINT('',(174.54415587728,-718.837049096,-5.2165E+03)
  );
#6062 = SEAM_CURVE('',#6063,(#6067,#6074),.PCURVE_S1.);
#6063 = LINE('',#6064,#6065);
#6064 = CARTESIAN_POINT('',(178.5463802588,-722.8392734776,-5.2165E+03)
  );
#6065 = VECTOR('',#6066,1.);
#6066 = DIRECTION('',(-0.707106781187,0.707106781187,0.));
#6067 = PCURVE('',#1253,#6068);
#6068 = DEFINITIONAL_REPRESENTATION('',(#6069),#6073);
#6069 = LINE('',#6070,#6071);
#6070 = CARTESIAN_POINT('',(6.28318530718,-0.));
#6071 = VECTOR('',#6072,1.);
#6072 = DIRECTION('',(0.,1.));
#6073 = ( GEOMETRIC_REPRESENTATION_CONTEXT(2) 
PARAMETRIC_REPRESENTATION_CONTEXT() REPRESENTATION_CONTEXT('2D SPACE',''
  ) );
#6074 = PCURVE('',#1253,#6075);
#6075 = DEFINITIONAL_REPRESENTATION('',(#6076),#6080);
#6076 = LINE('',#6077,#6078);
#6077 = CARTESIAN_POINT('',(0.,-0.));
#6078 = VECTOR('',#6079,1.);
#6079 = DIRECTION('',(0.,1.));
#6080 = ( GEOMETRIC_REPRESENTATION_CONTEXT(2) 
PARAMETRIC_REPRESENTATION_CONTEXT() REPRESENTATION_CONTEXT('2D SPACE',''
  ) );
#6081 = ORIENTED_EDGE('',*,*,#6082,.F.);
#6082 = EDGE_CURVE('',#6060,#6060,#6083,.T.);
#6083 = SURFACE_CURVE('',#6084,(#6089,#6096),.PCURVE_S1.);
#6084 = CIRCLE('',#6085,0.5);
#6085 = AXIS2_PLACEMENT_3D('',#6086,#6087,#6088);
#6086 = CARTESIAN_POINT('',(174.19060248669,-719.1906024866,-5.2165E+03)
  );
#6087 = DIRECTION('',(-0.707106781187,0.707106781187,0.));
#6088 = DIRECTION('',(0.707106781187,0.707106781187,0.));
#6089 = PCURVE('',#1253,#6090);
#6090 = DEFINITIONAL_REPRESENTATION('',(#6091),#6095);
#6091 = LINE('',#6092,#6093);
#6092 = CARTESIAN_POINT('',(0.,5.66));
#6093 = VECTOR('',#6094,1.);
#6094 = DIRECTION('',(1.,0.));
#6095 = ( GEOMETRIC_REPRESENTATION_CONTEXT(2) 
PARAMETRIC_REPRESENTATION_CONTEXT() REPRESENTATION_CONTEXT('2D SPACE',''
  ) );
#6096 = PCURVE('',#6097,#6102);
#6097 = PLANE('',#6098);
#6098 = AXIS2_PLACEMENT_3D('',#6099,#6100,#6101);
#6099 = CARTESIAN_POINT('',(174.19060248669,-719.1906024866,-5.2165E+03)
  );
#6100 = DIRECTION('',(-0.707106781187,0.707106781187,0.));
#6101 = DIRECTION('',(0.707106781187,0.707106781187,0.));
#6102 = DEFINITIONAL_REPRESENTATION('',(#6103),#6107);
#6103 = CIRCLE('',#6104,0.5);
#6104 = AXIS2_PLACEMENT_2D('',#6105,#6106);
#6105 = CARTESIAN_POINT('',(0.,0.));
#6106 = DIRECTION('',(1.,0.));
#6107 = ( GEOMETRIC_REPRESENTATION_CONTEXT(2) 
PARAMETRIC_REPRESENTATION_CONTEXT() REPRESENTATION_CONTEXT('2D SPACE',''
  ) );
#6108 = ORIENTED_EDGE('',*,*,#6059,.F.);
#6109 = ORIENTED_EDGE('',*,*,#1183,.T.);
#6110 = ADVANCED_FACE('',(#6111),#1364,.T.);
#6111 = FACE_BOUND('',#6112,.T.);
#6112 = EDGE_LOOP('',(#6113,#6136,#6163,#6164));
#6113 = ORIENTED_EDGE('',*,*,#6114,.T.);
#6114 = EDGE_CURVE('',#1295,#6115,#6117,.T.);
#6115 = VERTEX_POINT('',#6116);
#6116 = CARTESIAN_POINT('',(168.14007276186,-727.1830127018,-5.2165E+03)
  );
#6117 = SEAM_CURVE('',#6118,(#6122,#6129),.PCURVE_S1.);
#6118 = LINE('',#6119,#6120);
#6119 = CARTESIAN_POINT('',(173.04177654728,-730.0130127018,-5.2165E+03)
  );
#6120 = VECTOR('',#6121,1.);
#6121 = DIRECTION('',(-0.866025403784,0.5,0.));
#6122 = PCURVE('',#1364,#6123);
#6123 = DEFINITIONAL_REPRESENTATION('',(#6124),#6128);
#6124 = LINE('',#6125,#6126);
#6125 = CARTESIAN_POINT('',(6.28318530718,-0.));
#6126 = VECTOR('',#6127,1.);
#6127 = DIRECTION('',(0.,1.));
#6128 = ( GEOMETRIC_REPRESENTATION_CONTEXT(2) 
PARAMETRIC_REPRESENTATION_CONTEXT() REPRESENTATION_CONTEXT('2D SPACE',''
  ) );
#6129 = PCURVE('',#1364,#6130);
#6130 = DEFINITIONAL_REPRESENTATION('',(#6131),#6135);
#6131 = LINE('',#6132,#6133);
#6132 = CARTESIAN_POINT('',(0.,-0.));
#6133 = VECTOR('',#6134,1.);
#6134 = DIRECTION('',(0.,1.));
#6135 = ( GEOMETRIC_REPRESENTATION_CONTEXT(2) 
PARAMETRIC_REPRESENTATION_CONTEXT() REPRESENTATION_CONTEXT('2D SPACE',''
  ) );
#6136 = ORIENTED_EDGE('',*,*,#6137,.F.);
#6137 = EDGE_CURVE('',#6115,#6115,#6138,.T.);
#6138 = SURFACE_CURVE('',#6139,(#6144,#6151),.PCURVE_S1.);
#6139 = CIRCLE('',#6140,0.5);
#6140 = AXIS2_PLACEMENT_3D('',#6141,#6142,#6143);
#6141 = CARTESIAN_POINT('',(168.39007276186,-726.75,-5.2165E+03));
#6142 = DIRECTION('',(-0.866025403784,0.5,0.));
#6143 = DIRECTION('',(-0.5,-0.866025403784,0.));
#6144 = PCURVE('',#1364,#6145);
#6145 = DEFINITIONAL_REPRESENTATION('',(#6146),#6150);
#6146 = LINE('',#6147,#6148);
#6147 = CARTESIAN_POINT('',(0.,5.66));
#6148 = VECTOR('',#6149,1.);
#6149 = DIRECTION('',(1.,0.));
#6150 = ( GEOMETRIC_REPRESENTATION_CONTEXT(2) 
PARAMETRIC_REPRESENTATION_CONTEXT() REPRESENTATION_CONTEXT('2D SPACE',''
  ) );
#6151 = PCURVE('',#6152,#6157);
#6152 = PLANE('',#6153);
#6153 = AXIS2_PLACEMENT_3D('',#6154,#6155,#6156);
#6154 = CARTESIAN_POINT('',(168.39007276186,-726.75,-5.2165E+03));
#6155 = DIRECTION('',(-0.866025403784,0.5,0.));
#6156 = DIRECTION('',(-0.5,-0.866025403784,0.));
#6157 = DEFINITIONAL_REPRESENTATION('',(#6158),#6162);
#6158 = CIRCLE('',#6159,0.5);
#6159 = AXIS2_PLACEMENT_2D('',#6160,#6161);
#6160 = CARTESIAN_POINT('',(0.,0.));
#6161 = DIRECTION('',(1.,0.));
#6162 = ( GEOMETRIC_REPRESENTATION_CONTEXT(2) 
PARAMETRIC_REPRESENTATION_CONTEXT() REPRESENTATION_CONTEXT('2D SPACE',''
  ) );
#6163 = ORIENTED_EDGE('',*,*,#6114,.F.);
#6164 = ORIENTED_EDGE('',*,*,#1294,.T.);
#6165 = ADVANCED_FACE('',(#6166),#1475,.T.);
#6166 = FACE_BOUND('',#6167,.T.);
#6167 = EDGE_LOOP('',(#6168,#6191,#6218,#6219));
#6168 = ORIENTED_EDGE('',*,*,#6169,.T.);
#6169 = EDGE_CURVE('',#1406,#6170,#6172,.T.);
#6170 = VERTEX_POINT('',#6171);
#6171 = CARTESIAN_POINT('',(164.61429781789,-736.0360677669,-5.2165E+03)
  );
#6172 = SEAM_CURVE('',#6173,(#6177,#6184),.PCURVE_S1.);
#6173 = LINE('',#6174,#6175);
#6174 = CARTESIAN_POINT('',(170.08143799469,-737.5009835621,-5.2165E+03)
  );
#6175 = VECTOR('',#6176,1.);
#6176 = DIRECTION('',(-0.965925826289,0.258819045103,0.));
#6177 = PCURVE('',#1475,#6178);
#6178 = DEFINITIONAL_REPRESENTATION('',(#6179),#6183);
#6179 = LINE('',#6180,#6181);
#6180 = CARTESIAN_POINT('',(6.28318530718,-0.));
#6181 = VECTOR('',#6182,1.);
#6182 = DIRECTION('',(0.,1.));
#6183 = ( GEOMETRIC_REPRESENTATION_CONTEXT(2) 
PARAMETRIC_REPRESENTATION_CONTEXT() REPRESENTATION_CONTEXT('2D SPACE',''
  ) );
#6184 = PCURVE('',#1475,#6185);
#6185 = DEFINITIONAL_REPRESENTATION('',(#6186),#6190);
#6186 = LINE('',#6187,#6188);
#6187 = CARTESIAN_POINT('',(0.,-0.));
#6188 = VECTOR('',#6189,1.);
#6189 = DIRECTION('',(0.,1.));
#6190 = ( GEOMETRIC_REPRESENTATION_CONTEXT(2) 
PARAMETRIC_REPRESENTATION_CONTEXT() REPRESENTATION_CONTEXT('2D SPACE',''
  ) );
#6191 = ORIENTED_EDGE('',*,*,#6192,.F.);
#6192 = EDGE_CURVE('',#6170,#6170,#6193,.T.);
#6193 = SURFACE_CURVE('',#6194,(#6199,#6206),.PCURVE_S1.);
#6194 = CIRCLE('',#6195,0.5);
#6195 = AXIS2_PLACEMENT_3D('',#6196,#6197,#6198);
#6196 = CARTESIAN_POINT('',(164.74370734044,-735.5531048537,-5.2165E+03)
  );
#6197 = DIRECTION('',(-0.965925826289,0.258819045103,0.));
#6198 = DIRECTION('',(-0.258819045103,-0.965925826289,0.));
#6199 = PCURVE('',#1475,#6200);
#6200 = DEFINITIONAL_REPRESENTATION('',(#6201),#6205);
#6201 = LINE('',#6202,#6203);
#6202 = CARTESIAN_POINT('',(0.,5.66));
#6203 = VECTOR('',#6204,1.);
#6204 = DIRECTION('',(1.,0.));
#6205 = ( GEOMETRIC_REPRESENTATION_CONTEXT(2) 
PARAMETRIC_REPRESENTATION_CONTEXT() REPRESENTATION_CONTEXT('2D SPACE',''
  ) );
#6206 = PCURVE('',#6207,#6212);
#6207 = PLANE('',#6208);
#6208 = AXIS2_PLACEMENT_3D('',#6209,#6210,#6211);
#6209 = CARTESIAN_POINT('',(164.74370734044,-735.5531048537,-5.2165E+03)
  );
#6210 = DIRECTION('',(-0.965925826289,0.258819045103,0.));
#6211 = DIRECTION('',(-0.258819045103,-0.965925826289,0.));
#6212 = DEFINITIONAL_REPRESENTATION('',(#6213),#6217);
#6213 = CIRCLE('',#6214,0.5);
#6214 = AXIS2_PLACEMENT_2D('',#6215,#6216);
#6215 = CARTESIAN_POINT('',(0.,0.));
#6216 = DIRECTION('',(1.,0.));
#6217 = ( GEOMETRIC_REPRESENTATION_CONTEXT(2) 
PARAMETRIC_REPRESENTATION_CONTEXT() REPRESENTATION_CONTEXT('2D SPACE',''
  ) );
#6218 = ORIENTED_EDGE('',*,*,#6169,.F.);
#6219 = ORIENTED_EDGE('',*,*,#1405,.T.);
#6220 = ADVANCED_FACE('',(#6221),#1614,.T.);
#6221 = FACE_BOUND('',#6222,.T.);
#6222 = EDGE_LOOP('',(#6223,#6246,#6273,#6274));
#6223 = ORIENTED_EDGE('',*,*,#6224,.T.);
#6224 = EDGE_CURVE('',#1517,#6225,#6227,.T.);
#6225 = VERTEX_POINT('',#6226);
#6226 = CARTESIAN_POINT('',(163.5,-745.5,-5.2165E+03));
#6227 = SEAM_CURVE('',#6228,(#6232,#6239),.PCURVE_S1.);
#6228 = LINE('',#6229,#6230);
#6229 = CARTESIAN_POINT('',(169.16,-745.5,-5.2165E+03));
#6230 = VECTOR('',#6231,1.);
#6231 = DIRECTION('',(-1.,1.224646799147E-16,0.));
#6232 = PCURVE('',#1614,#6233);
#6233 = DEFINITIONAL_REPRESENTATION('',(#6234),#6238);
#6234 = LINE('',#6235,#6236);
#6235 = CARTESIAN_POINT('',(6.28318530718,-0.));
#6236 = VECTOR('',#6237,1.);
#6237 = DIRECTION('',(0.,1.));
#6238 = ( GEOMETRIC_REPRESENTATION_CONTEXT(2) 
PARAMETRIC_REPRESENTATION_CONTEXT() REPRESENTATION_CONTEXT('2D SPACE',''
  ) );
#6239 = PCURVE('',#1614,#6240);
#6240 = DEFINITIONAL_REPRESENTATION('',(#6241),#6245);
#6241 = LINE('',#6242,#6243);
#6242 = CARTESIAN_POINT('',(0.,-0.));
#6243 = VECTOR('',#6244,1.);
#6244 = DIRECTION('',(0.,1.));
#6245 = ( GEOMETRIC_REPRESENTATION_CONTEXT(2) 
PARAMETRIC_REPRESENTATION_CONTEXT() REPRESENTATION_CONTEXT('2D SPACE',''
  ) );
#6246 = ORIENTED_EDGE('',*,*,#6247,.F.);
#6247 = EDGE_CURVE('',#6225,#6225,#6248,.T.);
#6248 = SURFACE_CURVE('',#6249,(#6254,#6261),.PCURVE_S1.);
#6249 = CIRCLE('',#6250,0.5);
#6250 = AXIS2_PLACEMENT_3D('',#6251,#6252,#6253);
#6251 = CARTESIAN_POINT('',(163.5,-745.,-5.2165E+03));
#6252 = DIRECTION('',(-1.,1.224646799147E-16,0.));
#6253 = DIRECTION('',(-1.224646799147E-16,-1.,0.));
#6254 = PCURVE('',#1614,#6255);
#6255 = DEFINITIONAL_REPRESENTATION('',(#6256),#6260);
#6256 = LINE('',#6257,#6258);
#6257 = CARTESIAN_POINT('',(0.,5.66));
#6258 = VECTOR('',#6259,1.);
#6259 = DIRECTION('',(1.,0.));
#6260 = ( GEOMETRIC_REPRESENTATION_CONTEXT(2) 
PARAMETRIC_REPRESENTATION_CONTEXT() REPRESENTATION_CONTEXT('2D SPACE',''
  ) );
#6261 = PCURVE('',#6262,#6267);
#6262 = PLANE('',#6263);
#6263 = AXIS2_PLACEMENT_3D('',#6264,#6265,#6266);
#6264 = CARTESIAN_POINT('',(163.5,-745.,-5.2165E+03));
#6265 = DIRECTION('',(-1.,1.224646799147E-16,0.));
#6266 = DIRECTION('',(-1.224646799147E-16,-1.,0.));
#6267 = DEFINITIONAL_REPRESENTATION('',(#6268),#6272);
#6268 = CIRCLE('',#6269,0.5);
#6269 = AXIS2_PLACEMENT_2D('',#6270,#6271);
#6270 = CARTESIAN_POINT('',(0.,0.));
#6271 = DIRECTION('',(1.,0.));
#6272 = ( GEOMETRIC_REPRESENTATION_CONTEXT(2) 
PARAMETRIC_REPRESENTATION_CONTEXT() REPRESENTATION_CONTEXT('2D SPACE',''
  ) );
#6273 = ORIENTED_EDGE('',*,*,#6224,.F.);
#6274 = ORIENTED_EDGE('',*,*,#1516,.T.);
#6275 = ADVANCED_FACE('',(#6276),#1739,.T.);
#6276 = FACE_BOUND('',#6277,.T.);
#6277 = EDGE_LOOP('',(#6278,#6301,#6328,#6329));
#6278 = ORIENTED_EDGE('',*,*,#6279,.T.);
#6279 = EDGE_CURVE('',#1670,#6280,#6282,.T.);
#6280 = VERTEX_POINT('',#6281);
#6281 = CARTESIAN_POINT('',(164.873116863,-754.9298580593,-5.2165E+03));
#6282 = SEAM_CURVE('',#6283,(#6287,#6294),.PCURVE_S1.);
#6283 = LINE('',#6284,#6285);
#6284 = CARTESIAN_POINT('',(170.34025703979,-753.4649422641,-5.2165E+03)
  );
#6285 = VECTOR('',#6286,1.);
#6286 = DIRECTION('',(-0.965925826289,-0.258819045103,0.));
#6287 = PCURVE('',#1739,#6288);
#6288 = DEFINITIONAL_REPRESENTATION('',(#6289),#6293);
#6289 = LINE('',#6290,#6291);
#6290 = CARTESIAN_POINT('',(6.28318530718,-0.));
#6291 = VECTOR('',#6292,1.);
#6292 = DIRECTION('',(0.,1.));
#6293 = ( GEOMETRIC_REPRESENTATION_CONTEXT(2) 
PARAMETRIC_REPRESENTATION_CONTEXT() REPRESENTATION_CONTEXT('2D SPACE',''
  ) );
#6294 = PCURVE('',#1739,#6295);
#6295 = DEFINITIONAL_REPRESENTATION('',(#6296),#6300);
#6296 = LINE('',#6297,#6298);
#6297 = CARTESIAN_POINT('',(0.,-0.));
#6298 = VECTOR('',#6299,1.);
#6299 = DIRECTION('',(0.,1.));
#6300 = ( GEOMETRIC_REPRESENTATION_CONTEXT(2) 
PARAMETRIC_REPRESENTATION_CONTEXT() REPRESENTATION_CONTEXT('2D SPACE',''
  ) );
#6301 = ORIENTED_EDGE('',*,*,#6302,.F.);
#6302 = EDGE_CURVE('',#6280,#6280,#6303,.T.);
#6303 = SURFACE_CURVE('',#6304,(#6309,#6316),.PCURVE_S1.);
#6304 = CIRCLE('',#6305,0.5);
#6305 = AXIS2_PLACEMENT_3D('',#6306,#6307,#6308);
#6306 = CARTESIAN_POINT('',(164.74370734044,-754.4468951462,-5.2165E+03)
  );
#6307 = DIRECTION('',(-0.965925826289,-0.258819045103,0.));
#6308 = DIRECTION('',(0.258819045103,-0.965925826289,0.));
#6309 = PCURVE('',#1739,#6310);
#6310 = DEFINITIONAL_REPRESENTATION('',(#6311),#6315);
#6311 = LINE('',#6312,#6313);
#6312 = CARTESIAN_POINT('',(0.,5.66));
#6313 = VECTOR('',#6314,1.);
#6314 = DIRECTION('',(1.,0.));
#6315 = ( GEOMETRIC_REPRESENTATION_CONTEXT(2) 
PARAMETRIC_REPRESENTATION_CONTEXT() REPRESENTATION_CONTEXT('2D SPACE',''
  ) );
#6316 = PCURVE('',#6317,#6322);
#6317 = PLANE('',#6318);
#6318 = AXIS2_PLACEMENT_3D('',#6319,#6320,#6321);
#6319 = CARTESIAN_POINT('',(164.74370734044,-754.4468951462,-5.2165E+03)
  );
#6320 = DIRECTION('',(-0.965925826289,-0.258819045103,0.));
#6321 = DIRECTION('',(0.258819045103,-0.965925826289,0.));
#6322 = DEFINITIONAL_REPRESENTATION('',(#6323),#6327);
#6323 = CIRCLE('',#6324,0.5);
#6324 = AXIS2_PLACEMENT_2D('',#6325,#6326);
#6325 = CARTESIAN_POINT('',(0.,0.));
#6326 = DIRECTION('',(1.,0.));
#6327 = ( GEOMETRIC_REPRESENTATION_CONTEXT(2) 
PARAMETRIC_REPRESENTATION_CONTEXT() REPRESENTATION_CONTEXT('2D SPACE',''
  ) );
#6328 = ORIENTED_EDGE('',*,*,#6279,.F.);
#6329 = ORIENTED_EDGE('',*,*,#1669,.T.);
#6330 = ADVANCED_FACE('',(#6331),#1850,.T.);
#6331 = FACE_BOUND('',#6332,.T.);
#6332 = EDGE_LOOP('',(#6333,#6356,#6383,#6384));
#6333 = ORIENTED_EDGE('',*,*,#6334,.T.);
#6334 = EDGE_CURVE('',#1781,#6335,#6337,.T.);
#6335 = VERTEX_POINT('',#6336);
#6336 = CARTESIAN_POINT('',(168.64007276186,-763.6830127018,-5.2165E+03)
  );
#6337 = SEAM_CURVE('',#6338,(#6342,#6349),.PCURVE_S1.);
#6338 = LINE('',#6339,#6340);
#6339 = CARTESIAN_POINT('',(173.54177654728,-760.8530127018,-5.2165E+03)
  );
#6340 = VECTOR('',#6341,1.);
#6341 = DIRECTION('',(-0.866025403784,-0.5,-1.232595164408E-32));
#6342 = PCURVE('',#1850,#6343);
#6343 = DEFINITIONAL_REPRESENTATION('',(#6344),#6348);
#6344 = LINE('',#6345,#6346);
#6345 = CARTESIAN_POINT('',(6.28318530718,-0.));
#6346 = VECTOR('',#6347,1.);
#6347 = DIRECTION('',(0.,1.));
#6348 = ( GEOMETRIC_REPRESENTATION_CONTEXT(2) 
PARAMETRIC_REPRESENTATION_CONTEXT() REPRESENTATION_CONTEXT('2D SPACE',''
  ) );
#6349 = PCURVE('',#1850,#6350);
#6350 = DEFINITIONAL_REPRESENTATION('',(#6351),#6355);
#6351 = LINE('',#6352,#6353);
#6352 = CARTESIAN_POINT('',(0.,-0.));
#6353 = VECTOR('',#6354,1.);
#6354 = DIRECTION('',(0.,1.));
#6355 = ( GEOMETRIC_REPRESENTATION_CONTEXT(2) 
PARAMETRIC_REPRESENTATION_CONTEXT() REPRESENTATION_CONTEXT('2D SPACE',''
  ) );
#6356 = ORIENTED_EDGE('',*,*,#6357,.F.);
#6357 = EDGE_CURVE('',#6335,#6335,#6358,.T.);
#6358 = SURFACE_CURVE('',#6359,(#6364,#6371),.PCURVE_S1.);
#6359 = CIRCLE('',#6360,0.5);
#6360 = AXIS2_PLACEMENT_3D('',#6361,#6362,#6363);
#6361 = CARTESIAN_POINT('',(168.39007276186,-763.25,-5.2165E+03));
#6362 = DIRECTION('',(-0.866025403784,-0.5,0.));
#6363 = DIRECTION('',(0.5,-0.866025403784,0.));
#6364 = PCURVE('',#1850,#6365);
#6365 = DEFINITIONAL_REPRESENTATION('',(#6366),#6370);
#6366 = LINE('',#6367,#6368);
#6367 = CARTESIAN_POINT('',(0.,5.66));
#6368 = VECTOR('',#6369,1.);
#6369 = DIRECTION('',(1.,0.));
#6370 = ( GEOMETRIC_REPRESENTATION_CONTEXT(2) 
PARAMETRIC_REPRESENTATION_CONTEXT() REPRESENTATION_CONTEXT('2D SPACE',''
  ) );
#6371 = PCURVE('',#6372,#6377);
#6372 = PLANE('',#6373);
#6373 = AXIS2_PLACEMENT_3D('',#6374,#6375,#6376);
#6374 = CARTESIAN_POINT('',(168.39007276186,-763.25,-5.2165E+03));
#6375 = DIRECTION('',(-0.866025403784,-0.5,0.));
#6376 = DIRECTION('',(0.5,-0.866025403784,0.));
#6377 = DEFINITIONAL_REPRESENTATION('',(#6378),#6382);
#6378 = CIRCLE('',#6379,0.5);
#6379 = AXIS2_PLACEMENT_2D('',#6380,#6381);
#6380 = CARTESIAN_POINT('',(0.,0.));
#6381 = DIRECTION('',(1.,0.));
#6382 = ( GEOMETRIC_REPRESENTATION_CONTEXT(2) 
PARAMETRIC_REPRESENTATION_CONTEXT() REPRESENTATION_CONTEXT('2D SPACE',''
  ) );
#6383 = ORIENTED_EDGE('',*,*,#6334,.F.);
#6384 = ORIENTED_EDGE('',*,*,#1780,.T.);
#6385 = ADVANCED_FACE('',(#6386),#1961,.T.);
#6386 = FACE_BOUND('',#6387,.T.);
#6387 = EDGE_LOOP('',(#6388,#6411,#6438,#6439));
#6388 = ORIENTED_EDGE('',*,*,#6389,.T.);
#6389 = EDGE_CURVE('',#1892,#6390,#6392,.T.);
#6390 = VERTEX_POINT('',#6391);
#6391 = CARTESIAN_POINT('',(174.54415587728,-771.1629509039,-5.2165E+03)
  );
#6392 = SEAM_CURVE('',#6393,(#6397,#6404),.PCURVE_S1.);
#6393 = LINE('',#6394,#6395);
#6394 = CARTESIAN_POINT('',(178.5463802588,-767.1607265223,-5.2165E+03)
  );
#6395 = VECTOR('',#6396,1.);
#6396 = DIRECTION('',(-0.707106781187,-0.707106781187,0.));
#6397 = PCURVE('',#1961,#6398);
#6398 = DEFINITIONAL_REPRESENTATION('',(#6399),#6403);
#6399 = LINE('',#6400,#6401);
#6400 = CARTESIAN_POINT('',(6.28318530718,-0.));
#6401 = VECTOR('',#6402,1.);
#6402 = DIRECTION('',(0.,1.));
#6403 = ( GEOMETRIC_REPRESENTATION_CONTEXT(2) 
PARAMETRIC_REPRESENTATION_CONTEXT() REPRESENTATION_CONTEXT('2D SPACE',''
  ) );
#6404 = PCURVE('',#1961,#6405);
#6405 = DEFINITIONAL_REPRESENTATION('',(#6406),#6410);
#6406 = LINE('',#6407,#6408);
#6407 = CARTESIAN_POINT('',(0.,-0.));
#6408 = VECTOR('',#6409,1.);
#6409 = DIRECTION('',(0.,1.));
#6410 = ( GEOMETRIC_REPRESENTATION_CONTEXT(2) 
PARAMETRIC_REPRESENTATION_CONTEXT() REPRESENTATION_CONTEXT('2D SPACE',''
  ) );
#6411 = ORIENTED_EDGE('',*,*,#6412,.F.);
#6412 = EDGE_CURVE('',#6390,#6390,#6413,.T.);
#6413 = SURFACE_CURVE('',#6414,(#6419,#6426),.PCURVE_S1.);
#6414 = CIRCLE('',#6415,0.5);
#6415 = AXIS2_PLACEMENT_3D('',#6416,#6417,#6418);
#6416 = CARTESIAN_POINT('',(174.19060248669,-770.8093975133,-5.2165E+03)
  );
#6417 = DIRECTION('',(-0.707106781187,-0.707106781187,0.));
#6418 = DIRECTION('',(0.707106781187,-0.707106781187,0.));
#6419 = PCURVE('',#1961,#6420);
#6420 = DEFINITIONAL_REPRESENTATION('',(#6421),#6425);
#6421 = LINE('',#6422,#6423);
#6422 = CARTESIAN_POINT('',(0.,5.66));
#6423 = VECTOR('',#6424,1.);
#6424 = DIRECTION('',(1.,0.));
#6425 = ( GEOMETRIC_REPRESENTATION_CONTEXT(2) 
PARAMETRIC_REPRESENTATION_CONTEXT() REPRESENTATION_CONTEXT('2D SPACE',''
  ) );
#6426 = PCURVE('',#6427,#6432);
#6427 = PLANE('',#6428);
#6428 = AXIS2_PLACEMENT_3D('',#6429,#6430,#6431);
#6429 = CARTESIAN_POINT('',(174.19060248669,-770.8093975133,-5.2165E+03)
  );
#6430 = DIRECTION('',(-0.707106781187,-0.707106781187,0.));
#6431 = DIRECTION('',(0.707106781187,-0.707106781187,0.));
#6432 = DEFINITIONAL_REPRESENTATION('',(#6433),#6437);
#6433 = CIRCLE('',#6434,0.5);
#6434 = AXIS2_PLACEMENT_2D('',#6435,#6436);
#6435 = CARTESIAN_POINT('',(0.,0.));
#6436 = DIRECTION('',(1.,0.));
#6437 = ( GEOMETRIC_REPRESENTATION_CONTEXT(2) 
PARAMETRIC_REPRESENTATION_CONTEXT() REPRESENTATION_CONTEXT('2D SPACE',''
  ) );
#6438 = ORIENTED_EDGE('',*,*,#6389,.F.);
#6439 = ORIENTED_EDGE('',*,*,#1891,.T.);
#6440 = ADVANCED_FACE('',(#6441),#2072,.T.);
#6441 = FACE_BOUND('',#6442,.T.);
#6442 = EDGE_LOOP('',(#6443,#6466,#6493,#6494));
#6443 = ORIENTED_EDGE('',*,*,#6444,.T.);
#6444 = EDGE_CURVE('',#2003,#6445,#6447,.T.);
#6445 = VERTEX_POINT('',#6446);
#6446 = CARTESIAN_POINT('',(181.3169872981,-776.3599272381,-5.2165E+03)
  );
#6447 = SEAM_CURVE('',#6448,(#6452,#6459),.PCURVE_S1.);
#6448 = LINE('',#6449,#6450);
#6449 = CARTESIAN_POINT('',(184.1469872981,-771.4582234527,-5.2165E+03)
  );
#6450 = VECTOR('',#6451,1.);
#6451 = DIRECTION('',(-0.5,-0.866025403784,1.232595164408E-32));
#6452 = PCURVE('',#2072,#6453);
#6453 = DEFINITIONAL_REPRESENTATION('',(#6454),#6458);
#6454 = LINE('',#6455,#6456);
#6455 = CARTESIAN_POINT('',(6.28318530718,-0.));
#6456 = VECTOR('',#6457,1.);
#6457 = DIRECTION('',(0.,1.));
#6458 = ( GEOMETRIC_REPRESENTATION_CONTEXT(2) 
PARAMETRIC_REPRESENTATION_CONTEXT() REPRESENTATION_CONTEXT('2D SPACE',''
  ) );
#6459 = PCURVE('',#2072,#6460);
#6460 = DEFINITIONAL_REPRESENTATION('',(#6461),#6465);
#6461 = LINE('',#6462,#6463);
#6462 = CARTESIAN_POINT('',(0.,-0.));
#6463 = VECTOR('',#6464,1.);
#6464 = DIRECTION('',(0.,1.));
#6465 = ( GEOMETRIC_REPRESENTATION_CONTEXT(2) 
PARAMETRIC_REPRESENTATION_CONTEXT() REPRESENTATION_CONTEXT('2D SPACE',''
  ) );
#6466 = ORIENTED_EDGE('',*,*,#6467,.F.);
#6467 = EDGE_CURVE('',#6445,#6445,#6468,.T.);
#6468 = SURFACE_CURVE('',#6469,(#6474,#6481),.PCURVE_S1.);
#6469 = CIRCLE('',#6470,0.5);
#6470 = AXIS2_PLACEMENT_3D('',#6471,#6472,#6473);
#6471 = CARTESIAN_POINT('',(181.75,-776.6099272381,-5.2165E+03));
#6472 = DIRECTION('',(-0.5,-0.866025403784,0.));
#6473 = DIRECTION('',(-0.866025403784,0.5,0.));
#6474 = PCURVE('',#2072,#6475);
#6475 = DEFINITIONAL_REPRESENTATION('',(#6476),#6480);
#6476 = LINE('',#6477,#6478);
#6477 = CARTESIAN_POINT('',(0.,5.66));
#6478 = VECTOR('',#6479,1.);
#6479 = DIRECTION('',(1.,0.));
#6480 = ( GEOMETRIC_REPRESENTATION_CONTEXT(2) 
PARAMETRIC_REPRESENTATION_CONTEXT() REPRESENTATION_CONTEXT('2D SPACE',''
  ) );
#6481 = PCURVE('',#6482,#6487);
#6482 = PLANE('',#6483);
#6483 = AXIS2_PLACEMENT_3D('',#6484,#6485,#6486);
#6484 = CARTESIAN_POINT('',(181.75,-776.6099272381,-5.2165E+03));
#6485 = DIRECTION('',(-0.5,-0.866025403784,0.));
#6486 = DIRECTION('',(-0.866025403784,0.5,0.));
#6487 = DEFINITIONAL_REPRESENTATION('',(#6488),#6492);
#6488 = CIRCLE('',#6489,0.5);
#6489 = AXIS2_PLACEMENT_2D('',#6490,#6491);
#6490 = CARTESIAN_POINT('',(0.,0.));
#6491 = DIRECTION('',(1.,0.));
#6492 = ( GEOMETRIC_REPRESENTATION_CONTEXT(2) 
PARAMETRIC_REPRESENTATION_CONTEXT() REPRESENTATION_CONTEXT('2D SPACE',''
  ) );
#6493 = ORIENTED_EDGE('',*,*,#6444,.F.);
#6494 = ORIENTED_EDGE('',*,*,#2002,.T.);
#6495 = ADVANCED_FACE('',(#6496),#2183,.T.);
#6496 = FACE_BOUND('',#6497,.T.);
#6497 = EDGE_LOOP('',(#6498,#6521,#6548,#6549));
#6498 = ORIENTED_EDGE('',*,*,#6499,.T.);
#6499 = EDGE_CURVE('',#2114,#6500,#6502,.T.);
#6500 = VERTEX_POINT('',#6501);
#6501 = CARTESIAN_POINT('',(190.07014194061,-780.126883137,-5.2165E+03)
  );
#6502 = SEAM_CURVE('',#6503,(#6507,#6514),.PCURVE_S1.);
#6503 = LINE('',#6504,#6505);
#6504 = CARTESIAN_POINT('',(191.53505773589,-774.6597429602,-5.2165E+03)
  );
#6505 = VECTOR('',#6506,1.);
#6506 = DIRECTION('',(-0.258819045103,-0.965925826289,1.232595164408E-32
    ));
#6507 = PCURVE('',#2183,#6508);
#6508 = DEFINITIONAL_REPRESENTATION('',(#6509),#6513);
#6509 = LINE('',#6510,#6511);
#6510 = CARTESIAN_POINT('',(6.28318530718,-0.));
#6511 = VECTOR('',#6512,1.);
#6512 = DIRECTION('',(0.,1.));
#6513 = ( GEOMETRIC_REPRESENTATION_CONTEXT(2) 
PARAMETRIC_REPRESENTATION_CONTEXT() REPRESENTATION_CONTEXT('2D SPACE',''
  ) );
#6514 = PCURVE('',#2183,#6515);
#6515 = DEFINITIONAL_REPRESENTATION('',(#6516),#6520);
#6516 = LINE('',#6517,#6518);
#6517 = CARTESIAN_POINT('',(0.,-0.));
#6518 = VECTOR('',#6519,1.);
#6519 = DIRECTION('',(0.,1.));
#6520 = ( GEOMETRIC_REPRESENTATION_CONTEXT(2) 
PARAMETRIC_REPRESENTATION_CONTEXT() REPRESENTATION_CONTEXT('2D SPACE',''
  ) );
#6521 = ORIENTED_EDGE('',*,*,#6522,.F.);
#6522 = EDGE_CURVE('',#6500,#6500,#6523,.T.);
#6523 = SURFACE_CURVE('',#6524,(#6529,#6536),.PCURVE_S1.);
#6524 = CIRCLE('',#6525,0.5);
#6525 = AXIS2_PLACEMENT_3D('',#6526,#6527,#6528);
#6526 = CARTESIAN_POINT('',(190.55310485375,-780.2562926595,-5.2165E+03)
  );
#6527 = DIRECTION('',(-0.258819045103,-0.965925826289,0.));
#6528 = DIRECTION('',(-0.965925826289,0.258819045103,0.));
#6529 = PCURVE('',#2183,#6530);
#6530 = DEFINITIONAL_REPRESENTATION('',(#6531),#6535);
#6531 = LINE('',#6532,#6533);
#6532 = CARTESIAN_POINT('',(0.,5.66));
#6533 = VECTOR('',#6534,1.);
#6534 = DIRECTION('',(1.,0.));
#6535 = ( GEOMETRIC_REPRESENTATION_CONTEXT(2) 
PARAMETRIC_REPRESENTATION_CONTEXT() REPRESENTATION_CONTEXT('2D SPACE',''
  ) );
#6536 = PCURVE('',#6537,#6542);
#6537 = PLANE('',#6538);
#6538 = AXIS2_PLACEMENT_3D('',#6539,#6540,#6541);
#6539 = CARTESIAN_POINT('',(190.55310485375,-780.2562926595,-5.2165E+03)
  );
#6540 = DIRECTION('',(-0.258819045103,-0.965925826289,0.));
#6541 = DIRECTION('',(-0.965925826289,0.258819045103,0.));
#6542 = DEFINITIONAL_REPRESENTATION('',(#6543),#6547);
#6543 = CIRCLE('',#6544,0.5);
#6544 = AXIS2_PLACEMENT_2D('',#6545,#6546);
#6545 = CARTESIAN_POINT('',(0.,0.));
#6546 = DIRECTION('',(1.,0.));
#6547 = ( GEOMETRIC_REPRESENTATION_CONTEXT(2) 
PARAMETRIC_REPRESENTATION_CONTEXT() REPRESENTATION_CONTEXT('2D SPACE',''
  ) );
#6548 = ORIENTED_EDGE('',*,*,#6499,.F.);
#6549 = ORIENTED_EDGE('',*,*,#2113,.T.);
#6550 = ADVANCED_FACE('',(#6551),#2294,.T.);
#6551 = FACE_BOUND('',#6552,.T.);
#6552 = EDGE_LOOP('',(#6553,#6576,#6603,#6604));
#6553 = ORIENTED_EDGE('',*,*,#6554,.T.);
#6554 = EDGE_CURVE('',#2225,#6555,#6557,.T.);
#6555 = VERTEX_POINT('',#6556);
#6556 = CARTESIAN_POINT('',(208.96393223309,-780.3857021821,-5.2165E+03)
  );
#6557 = SEAM_CURVE('',#6558,(#6562,#6569),.PCURVE_S1.);
#6558 = LINE('',#6559,#6560);
#6559 = CARTESIAN_POINT('',(207.49901643781,-774.9185620053,-5.2165E+03)
  );
#6560 = VECTOR('',#6561,1.);
#6561 = DIRECTION('',(0.258819045103,-0.965925826289,1.232595164408E-32)
  );
#6562 = PCURVE('',#2294,#6563);
#6563 = DEFINITIONAL_REPRESENTATION('',(#6564),#6568);
#6564 = LINE('',#6565,#6566);
#6565 = CARTESIAN_POINT('',(6.28318530718,-0.));
#6566 = VECTOR('',#6567,1.);
#6567 = DIRECTION('',(0.,1.));
#6568 = ( GEOMETRIC_REPRESENTATION_CONTEXT(2) 
PARAMETRIC_REPRESENTATION_CONTEXT() REPRESENTATION_CONTEXT('2D SPACE',''
  ) );
#6569 = PCURVE('',#2294,#6570);
#6570 = DEFINITIONAL_REPRESENTATION('',(#6571),#6575);
#6571 = LINE('',#6572,#6573);
#6572 = CARTESIAN_POINT('',(0.,-0.));
#6573 = VECTOR('',#6574,1.);
#6574 = DIRECTION('',(0.,1.));
#6575 = ( GEOMETRIC_REPRESENTATION_CONTEXT(2) 
PARAMETRIC_REPRESENTATION_CONTEXT() REPRESENTATION_CONTEXT('2D SPACE',''
  ) );
#6576 = ORIENTED_EDGE('',*,*,#6577,.F.);
#6577 = EDGE_CURVE('',#6555,#6555,#6578,.T.);
#6578 = SURFACE_CURVE('',#6579,(#6584,#6591),.PCURVE_S1.);
#6579 = CIRCLE('',#6580,0.5);
#6580 = AXIS2_PLACEMENT_3D('',#6581,#6582,#6583);
#6581 = CARTESIAN_POINT('',(209.44689514624,-780.2562926595,-5.2165E+03)
  );
#6582 = DIRECTION('',(0.258819045103,-0.965925826289,0.));
#6583 = DIRECTION('',(-0.965925826289,-0.258819045103,0.));
#6584 = PCURVE('',#2294,#6585);
#6585 = DEFINITIONAL_REPRESENTATION('',(#6586),#6590);
#6586 = LINE('',#6587,#6588);
#6587 = CARTESIAN_POINT('',(0.,5.66));
#6588 = VECTOR('',#6589,1.);
#6589 = DIRECTION('',(1.,0.));
#6590 = ( GEOMETRIC_REPRESENTATION_CONTEXT(2) 
PARAMETRIC_REPRESENTATION_CONTEXT() REPRESENTATION_CONTEXT('2D SPACE',''
  ) );
#6591 = PCURVE('',#6592,#6597);
#6592 = PLANE('',#6593);
#6593 = AXIS2_PLACEMENT_3D('',#6594,#6595,#6596);
#6594 = CARTESIAN_POINT('',(209.44689514624,-780.2562926595,-5.2165E+03)
  );
#6595 = DIRECTION('',(0.258819045103,-0.965925826289,0.));
#6596 = DIRECTION('',(-0.965925826289,-0.258819045103,0.));
#6597 = DEFINITIONAL_REPRESENTATION('',(#6598),#6602);
#6598 = CIRCLE('',#6599,0.5);
#6599 = AXIS2_PLACEMENT_2D('',#6600,#6601);
#6600 = CARTESIAN_POINT('',(0.,0.));
#6601 = DIRECTION('',(1.,0.));
#6602 = ( GEOMETRIC_REPRESENTATION_CONTEXT(2) 
PARAMETRIC_REPRESENTATION_CONTEXT() REPRESENTATION_CONTEXT('2D SPACE',''
  ) );
#6603 = ORIENTED_EDGE('',*,*,#6554,.F.);
#6604 = ORIENTED_EDGE('',*,*,#2224,.T.);
#6605 = ADVANCED_FACE('',(#6606),#2405,.T.);
#6606 = FACE_BOUND('',#6607,.T.);
#6607 = EDGE_LOOP('',(#6608,#6631,#6658,#6659));
#6608 = ORIENTED_EDGE('',*,*,#6609,.T.);
#6609 = EDGE_CURVE('',#2336,#6610,#6612,.T.);
#6610 = VERTEX_POINT('',#6611);
#6611 = CARTESIAN_POINT('',(199.5,-781.5,-5.2165E+03));
#6612 = SEAM_CURVE('',#6613,(#6617,#6624),.PCURVE_S1.);
#6613 = LINE('',#6614,#6615);
#6614 = CARTESIAN_POINT('',(199.5,-775.84,-5.2165E+03));
#6615 = VECTOR('',#6616,1.);
#6616 = DIRECTION('',(-1.836970198721E-16,-1.,0.));
#6617 = PCURVE('',#2405,#6618);
#6618 = DEFINITIONAL_REPRESENTATION('',(#6619),#6623);
#6619 = LINE('',#6620,#6621);
#6620 = CARTESIAN_POINT('',(6.28318530718,-0.));
#6621 = VECTOR('',#6622,1.);
#6622 = DIRECTION('',(0.,1.));
#6623 = ( GEOMETRIC_REPRESENTATION_CONTEXT(2) 
PARAMETRIC_REPRESENTATION_CONTEXT() REPRESENTATION_CONTEXT('2D SPACE',''
  ) );
#6624 = PCURVE('',#2405,#6625);
#6625 = DEFINITIONAL_REPRESENTATION('',(#6626),#6630);
#6626 = LINE('',#6627,#6628);
#6627 = CARTESIAN_POINT('',(0.,-0.));
#6628 = VECTOR('',#6629,1.);
#6629 = DIRECTION('',(0.,1.));
#6630 = ( GEOMETRIC_REPRESENTATION_CONTEXT(2) 
PARAMETRIC_REPRESENTATION_CONTEXT() REPRESENTATION_CONTEXT('2D SPACE',''
  ) );
#6631 = ORIENTED_EDGE('',*,*,#6632,.F.);
#6632 = EDGE_CURVE('',#6610,#6610,#6633,.T.);
#6633 = SURFACE_CURVE('',#6634,(#6639,#6646),.PCURVE_S1.);
#6634 = CIRCLE('',#6635,0.5);
#6635 = AXIS2_PLACEMENT_3D('',#6636,#6637,#6638);
#6636 = CARTESIAN_POINT('',(200.,-781.5,-5.2165E+03));
#6637 = DIRECTION('',(-1.836970198721E-16,-1.,0.));
#6638 = DIRECTION('',(-1.,1.836970198721E-16,0.));
#6639 = PCURVE('',#2405,#6640);
#6640 = DEFINITIONAL_REPRESENTATION('',(#6641),#6645);
#6641 = LINE('',#6642,#6643);
#6642 = CARTESIAN_POINT('',(0.,5.66));
#6643 = VECTOR('',#6644,1.);
#6644 = DIRECTION('',(1.,0.));
#6645 = ( GEOMETRIC_REPRESENTATION_CONTEXT(2) 
PARAMETRIC_REPRESENTATION_CONTEXT() REPRESENTATION_CONTEXT('2D SPACE',''
  ) );
#6646 = PCURVE('',#6647,#6652);
#6647 = PLANE('',#6648);
#6648 = AXIS2_PLACEMENT_3D('',#6649,#6650,#6651);
#6649 = CARTESIAN_POINT('',(200.,-781.5,-5.2165E+03));
#6650 = DIRECTION('',(-1.836970198721E-16,-1.,0.));
#6651 = DIRECTION('',(-1.,1.836970198721E-16,0.));
#6652 = DEFINITIONAL_REPRESENTATION('',(#6653),#6657);
#6653 = CIRCLE('',#6654,0.5);
#6654 = AXIS2_PLACEMENT_2D('',#6655,#6656);
#6655 = CARTESIAN_POINT('',(0.,0.));
#6656 = DIRECTION('',(1.,0.));
#6657 = ( GEOMETRIC_REPRESENTATION_CONTEXT(2) 
PARAMETRIC_REPRESENTATION_CONTEXT() REPRESENTATION_CONTEXT('2D SPACE',''
  ) );
#6658 = ORIENTED_EDGE('',*,*,#6609,.F.);
#6659 = ORIENTED_EDGE('',*,*,#2335,.T.);
#6660 = ADVANCED_FACE('',(#6661),#2516,.T.);
#6661 = FACE_BOUND('',#6662,.T.);
#6662 = EDGE_LOOP('',(#6663,#6686,#6713,#6714));
#6663 = ORIENTED_EDGE('',*,*,#6664,.T.);
#6664 = EDGE_CURVE('',#2447,#6665,#6667,.T.);
#6665 = VERTEX_POINT('',#6666);
#6666 = CARTESIAN_POINT('',(217.8169872981,-776.8599272381,-5.2165E+03)
  );
#6667 = SEAM_CURVE('',#6668,(#6672,#6679),.PCURVE_S1.);
#6668 = LINE('',#6669,#6670);
#6669 = CARTESIAN_POINT('',(214.9869872981,-771.9582234527,-5.2165E+03)
  );
#6670 = VECTOR('',#6671,1.);
#6671 = DIRECTION('',(0.5,-0.866025403784,0.));
#6672 = PCURVE('',#2516,#6673);
#6673 = DEFINITIONAL_REPRESENTATION('',(#6674),#6678);
#6674 = LINE('',#6675,#6676);
#6675 = CARTESIAN_POINT('',(6.28318530718,-0.));
#6676 = VECTOR('',#6677,1.);
#6677 = DIRECTION('',(0.,1.));
#6678 = ( GEOMETRIC_REPRESENTATION_CONTEXT(2) 
PARAMETRIC_REPRESENTATION_CONTEXT() REPRESENTATION_CONTEXT('2D SPACE',''
  ) );
#6679 = PCURVE('',#2516,#6680);
#6680 = DEFINITIONAL_REPRESENTATION('',(#6681),#6685);
#6681 = LINE('',#6682,#6683);
#6682 = CARTESIAN_POINT('',(0.,-0.));
#6683 = VECTOR('',#6684,1.);
#6684 = DIRECTION('',(0.,1.));
#6685 = ( GEOMETRIC_REPRESENTATION_CONTEXT(2) 
PARAMETRIC_REPRESENTATION_CONTEXT() REPRESENTATION_CONTEXT('2D SPACE',''
  ) );
#6686 = ORIENTED_EDGE('',*,*,#6687,.F.);
#6687 = EDGE_CURVE('',#6665,#6665,#6688,.T.);
#6688 = SURFACE_CURVE('',#6689,(#6694,#6701),.PCURVE_S1.);
#6689 = CIRCLE('',#6690,0.5);
#6690 = AXIS2_PLACEMENT_3D('',#6691,#6692,#6693);
#6691 = CARTESIAN_POINT('',(218.25,-776.6099272381,-5.2165E+03));
#6692 = DIRECTION('',(0.5,-0.866025403784,0.));
#6693 = DIRECTION('',(-0.866025403784,-0.5,0.));
#6694 = PCURVE('',#2516,#6695);
#6695 = DEFINITIONAL_REPRESENTATION('',(#6696),#6700);
#6696 = LINE('',#6697,#6698);
#6697 = CARTESIAN_POINT('',(0.,5.66));
#6698 = VECTOR('',#6699,1.);
#6699 = DIRECTION('',(1.,0.));
#6700 = ( GEOMETRIC_REPRESENTATION_CONTEXT(2) 
PARAMETRIC_REPRESENTATION_CONTEXT() REPRESENTATION_CONTEXT('2D SPACE',''
  ) );
#6701 = PCURVE('',#6702,#6707);
#6702 = PLANE('',#6703);
#6703 = AXIS2_PLACEMENT_3D('',#6704,#6705,#6706);
#6704 = CARTESIAN_POINT('',(218.25,-776.6099272381,-5.2165E+03));
#6705 = DIRECTION('',(0.5,-0.866025403784,0.));
#6706 = DIRECTION('',(-0.866025403784,-0.5,0.));
#6707 = DEFINITIONAL_REPRESENTATION('',(#6708),#6712);
#6708 = CIRCLE('',#6709,0.5);
#6709 = AXIS2_PLACEMENT_2D('',#6710,#6711);
#6710 = CARTESIAN_POINT('',(0.,0.));
#6711 = DIRECTION('',(1.,0.));
#6712 = ( GEOMETRIC_REPRESENTATION_CONTEXT(2) 
PARAMETRIC_REPRESENTATION_CONTEXT() REPRESENTATION_CONTEXT('2D SPACE',''
  ) );
#6713 = ORIENTED_EDGE('',*,*,#6664,.F.);
#6714 = ORIENTED_EDGE('',*,*,#2446,.T.);
#6715 = ADVANCED_FACE('',(#6716),#2627,.T.);
#6716 = FACE_BOUND('',#6717,.T.);
#6717 = EDGE_LOOP('',(#6718,#6741,#6768,#6769));
#6718 = ORIENTED_EDGE('',*,*,#6719,.T.);
#6719 = EDGE_CURVE('',#2558,#6720,#6722,.T.);
#6720 = VERTEX_POINT('',#6721);
#6721 = CARTESIAN_POINT('',(225.45584412271,-771.1629509039,-5.2165E+03)
  );
#6722 = SEAM_CURVE('',#6723,(#6727,#6734),.PCURVE_S1.);
#6723 = LINE('',#6724,#6725);
#6724 = CARTESIAN_POINT('',(221.4536197412,-767.1607265223,-5.2165E+03)
  );
#6725 = VECTOR('',#6726,1.);
#6726 = DIRECTION('',(0.707106781187,-0.707106781187,0.));
#6727 = PCURVE('',#2627,#6728);
#6728 = DEFINITIONAL_REPRESENTATION('',(#6729),#6733);
#6729 = LINE('',#6730,#6731);
#6730 = CARTESIAN_POINT('',(6.28318530718,-0.));
#6731 = VECTOR('',#6732,1.);
#6732 = DIRECTION('',(0.,1.));
#6733 = ( GEOMETRIC_REPRESENTATION_CONTEXT(2) 
PARAMETRIC_REPRESENTATION_CONTEXT() REPRESENTATION_CONTEXT('2D SPACE',''
  ) );
#6734 = PCURVE('',#2627,#6735);
#6735 = DEFINITIONAL_REPRESENTATION('',(#6736),#6740);
#6736 = LINE('',#6737,#6738);
#6737 = CARTESIAN_POINT('',(0.,-0.));
#6738 = VECTOR('',#6739,1.);
#6739 = DIRECTION('',(0.,1.));
#6740 = ( GEOMETRIC_REPRESENTATION_CONTEXT(2) 
PARAMETRIC_REPRESENTATION_CONTEXT() REPRESENTATION_CONTEXT('2D SPACE',''
  ) );
#6741 = ORIENTED_EDGE('',*,*,#6742,.F.);
#6742 = EDGE_CURVE('',#6720,#6720,#6743,.T.);
#6743 = SURFACE_CURVE('',#6744,(#6749,#6756),.PCURVE_S1.);
#6744 = CIRCLE('',#6745,0.5);
#6745 = AXIS2_PLACEMENT_3D('',#6746,#6747,#6748);
#6746 = CARTESIAN_POINT('',(225.8093975133,-770.8093975133,-5.2165E+03)
  );
#6747 = DIRECTION('',(0.707106781187,-0.707106781187,0.));
#6748 = DIRECTION('',(-0.707106781187,-0.707106781187,0.));
#6749 = PCURVE('',#2627,#6750);
#6750 = DEFINITIONAL_REPRESENTATION('',(#6751),#6755);
#6751 = LINE('',#6752,#6753);
#6752 = CARTESIAN_POINT('',(0.,5.66));
#6753 = VECTOR('',#6754,1.);
#6754 = DIRECTION('',(1.,0.));
#6755 = ( GEOMETRIC_REPRESENTATION_CONTEXT(2) 
PARAMETRIC_REPRESENTATION_CONTEXT() REPRESENTATION_CONTEXT('2D SPACE',''
  ) );
#6756 = PCURVE('',#6757,#6762);
#6757 = PLANE('',#6758);
#6758 = AXIS2_PLACEMENT_3D('',#6759,#6760,#6761);
#6759 = CARTESIAN_POINT('',(225.8093975133,-770.8093975133,-5.2165E+03)
  );
#6760 = DIRECTION('',(0.707106781187,-0.707106781187,0.));
#6761 = DIRECTION('',(-0.707106781187,-0.707106781187,0.));
#6762 = DEFINITIONAL_REPRESENTATION('',(#6763),#6767);
#6763 = CIRCLE('',#6764,0.5);
#6764 = AXIS2_PLACEMENT_2D('',#6765,#6766);
#6765 = CARTESIAN_POINT('',(0.,0.));
#6766 = DIRECTION('',(1.,0.));
#6767 = ( GEOMETRIC_REPRESENTATION_CONTEXT(2) 
PARAMETRIC_REPRESENTATION_CONTEXT() REPRESENTATION_CONTEXT('2D SPACE',''
  ) );
#6768 = ORIENTED_EDGE('',*,*,#6719,.F.);
#6769 = ORIENTED_EDGE('',*,*,#2557,.T.);
#6770 = ADVANCED_FACE('',(#6771),#2738,.T.);
#6771 = FACE_BOUND('',#6772,.T.);
#6772 = EDGE_LOOP('',(#6773,#6796,#6823,#6824));
#6773 = ORIENTED_EDGE('',*,*,#6774,.T.);
#6774 = EDGE_CURVE('',#2669,#6775,#6777,.T.);
#6775 = VERTEX_POINT('',#6776);
#6776 = CARTESIAN_POINT('',(231.85992723813,-762.8169872981,-5.2165E+03)
  );
#6777 = SEAM_CURVE('',#6778,(#6782,#6789),.PCURVE_S1.);
#6778 = LINE('',#6779,#6780);
#6779 = CARTESIAN_POINT('',(226.95822345271,-759.9869872981,-5.2165E+03)
  );
#6780 = VECTOR('',#6781,1.);
#6781 = DIRECTION('',(0.866025403784,-0.5,1.232595164408E-32));
#6782 = PCURVE('',#2738,#6783);
#6783 = DEFINITIONAL_REPRESENTATION('',(#6784),#6788);
#6784 = LINE('',#6785,#6786);
#6785 = CARTESIAN_POINT('',(6.28318530718,-0.));
#6786 = VECTOR('',#6787,1.);
#6787 = DIRECTION('',(0.,1.));
#6788 = ( GEOMETRIC_REPRESENTATION_CONTEXT(2) 
PARAMETRIC_REPRESENTATION_CONTEXT() REPRESENTATION_CONTEXT('2D SPACE',''
  ) );
#6789 = PCURVE('',#2738,#6790);
#6790 = DEFINITIONAL_REPRESENTATION('',(#6791),#6795);
#6791 = LINE('',#6792,#6793);
#6792 = CARTESIAN_POINT('',(0.,-0.));
#6793 = VECTOR('',#6794,1.);
#6794 = DIRECTION('',(0.,1.));
#6795 = ( GEOMETRIC_REPRESENTATION_CONTEXT(2) 
PARAMETRIC_REPRESENTATION_CONTEXT() REPRESENTATION_CONTEXT('2D SPACE',''
  ) );
#6796 = ORIENTED_EDGE('',*,*,#6797,.F.);
#6797 = EDGE_CURVE('',#6775,#6775,#6798,.T.);
#6798 = SURFACE_CURVE('',#6799,(#6804,#6811),.PCURVE_S1.);
#6799 = CIRCLE('',#6800,0.5);
#6800 = AXIS2_PLACEMENT_3D('',#6801,#6802,#6803);
#6801 = CARTESIAN_POINT('',(231.60992723813,-763.25,-5.2165E+03));
#6802 = DIRECTION('',(0.866025403784,-0.5,0.));
#6803 = DIRECTION('',(0.5,0.866025403784,0.));
#6804 = PCURVE('',#2738,#6805);
#6805 = DEFINITIONAL_REPRESENTATION('',(#6806),#6810);
#6806 = LINE('',#6807,#6808);
#6807 = CARTESIAN_POINT('',(0.,5.66));
#6808 = VECTOR('',#6809,1.);
#6809 = DIRECTION('',(1.,0.));
#6810 = ( GEOMETRIC_REPRESENTATION_CONTEXT(2) 
PARAMETRIC_REPRESENTATION_CONTEXT() REPRESENTATION_CONTEXT('2D SPACE',''
  ) );
#6811 = PCURVE('',#6812,#6817);
#6812 = PLANE('',#6813);
#6813 = AXIS2_PLACEMENT_3D('',#6814,#6815,#6816);
#6814 = CARTESIAN_POINT('',(231.60992723813,-763.25,-5.2165E+03));
#6815 = DIRECTION('',(0.866025403784,-0.5,0.));
#6816 = DIRECTION('',(0.5,0.866025403784,0.));
#6817 = DEFINITIONAL_REPRESENTATION('',(#6818),#6822);
#6818 = CIRCLE('',#6819,0.5);
#6819 = AXIS2_PLACEMENT_2D('',#6820,#6821);
#6820 = CARTESIAN_POINT('',(0.,0.));
#6821 = DIRECTION('',(1.,0.));
#6822 = ( GEOMETRIC_REPRESENTATION_CONTEXT(2) 
PARAMETRIC_REPRESENTATION_CONTEXT() REPRESENTATION_CONTEXT('2D SPACE',''
  ) );
#6823 = ORIENTED_EDGE('',*,*,#6774,.F.);
#6824 = ORIENTED_EDGE('',*,*,#2668,.T.);
#6825 = ADVANCED_FACE('',(#6826),#2849,.T.);
#6826 = FACE_BOUND('',#6827,.T.);
#6827 = EDGE_LOOP('',(#6828,#6851,#6878,#6879));
#6828 = ORIENTED_EDGE('',*,*,#6829,.T.);
#6829 = EDGE_CURVE('',#2780,#6830,#6832,.T.);
#6830 = VERTEX_POINT('',#6831);
#6831 = CARTESIAN_POINT('',(235.3857021821,-753.963932233,-5.2165E+03));
#6832 = SEAM_CURVE('',#6833,(#6837,#6844),.PCURVE_S1.);
#6833 = LINE('',#6834,#6835);
#6834 = CARTESIAN_POINT('',(229.9185620053,-752.4990164378,-5.2165E+03)
  );
#6835 = VECTOR('',#6836,1.);
#6836 = DIRECTION('',(0.965925826289,-0.258819045103,1.232595164408E-32)
  );
#6837 = PCURVE('',#2849,#6838);
#6838 = DEFINITIONAL_REPRESENTATION('',(#6839),#6843);
#6839 = LINE('',#6840,#6841);
#6840 = CARTESIAN_POINT('',(6.28318530718,-0.));
#6841 = VECTOR('',#6842,1.);
#6842 = DIRECTION('',(0.,1.));
#6843 = ( GEOMETRIC_REPRESENTATION_CONTEXT(2) 
PARAMETRIC_REPRESENTATION_CONTEXT() REPRESENTATION_CONTEXT('2D SPACE',''
  ) );
#6844 = PCURVE('',#2849,#6845);
#6845 = DEFINITIONAL_REPRESENTATION('',(#6846),#6850);
#6846 = LINE('',#6847,#6848);
#6847 = CARTESIAN_POINT('',(0.,-0.));
#6848 = VECTOR('',#6849,1.);
#6849 = DIRECTION('',(0.,1.));
#6850 = ( GEOMETRIC_REPRESENTATION_CONTEXT(2) 
PARAMETRIC_REPRESENTATION_CONTEXT() REPRESENTATION_CONTEXT('2D SPACE',''
  ) );
#6851 = ORIENTED_EDGE('',*,*,#6852,.F.);
#6852 = EDGE_CURVE('',#6830,#6830,#6853,.T.);
#6853 = SURFACE_CURVE('',#6854,(#6859,#6866),.PCURVE_S1.);
#6854 = CIRCLE('',#6855,0.5);
#6855 = AXIS2_PLACEMENT_3D('',#6856,#6857,#6858);
#6856 = CARTESIAN_POINT('',(235.25629265955,-754.4468951462,-5.2165E+03)
  );
#6857 = DIRECTION('',(0.965925826289,-0.258819045103,0.));
#6858 = DIRECTION('',(0.258819045103,0.965925826289,0.));
#6859 = PCURVE('',#2849,#6860);
#6860 = DEFINITIONAL_REPRESENTATION('',(#6861),#6865);
#6861 = LINE('',#6862,#6863);
#6862 = CARTESIAN_POINT('',(0.,5.66));
#6863 = VECTOR('',#6864,1.);
#6864 = DIRECTION('',(1.,0.));
#6865 = ( GEOMETRIC_REPRESENTATION_CONTEXT(2) 
PARAMETRIC_REPRESENTATION_CONTEXT() REPRESENTATION_CONTEXT('2D SPACE',''
  ) );
#6866 = PCURVE('',#6867,#6872);
#6867 = PLANE('',#6868);
#6868 = AXIS2_PLACEMENT_3D('',#6869,#6870,#6871);
#6869 = CARTESIAN_POINT('',(235.25629265955,-754.4468951462,-5.2165E+03)
  );
#6870 = DIRECTION('',(0.965925826289,-0.258819045103,0.));
#6871 = DIRECTION('',(0.258819045103,0.965925826289,0.));
#6872 = DEFINITIONAL_REPRESENTATION('',(#6873),#6877);
#6873 = CIRCLE('',#6874,0.5);
#6874 = AXIS2_PLACEMENT_2D('',#6875,#6876);
#6875 = CARTESIAN_POINT('',(0.,0.));
#6876 = DIRECTION('',(1.,0.));
#6877 = ( GEOMETRIC_REPRESENTATION_CONTEXT(2) 
PARAMETRIC_REPRESENTATION_CONTEXT() REPRESENTATION_CONTEXT('2D SPACE',''
  ) );
#6878 = ORIENTED_EDGE('',*,*,#6829,.F.);
#6879 = ORIENTED_EDGE('',*,*,#2779,.T.);
#6880 = ADVANCED_FACE('',(#6881),#2960,.T.);
#6881 = FACE_BOUND('',#6882,.T.);
#6882 = EDGE_LOOP('',(#6883,#6906,#6933,#6934));
#6883 = ORIENTED_EDGE('',*,*,#6884,.T.);
#6884 = EDGE_CURVE('',#2891,#6885,#6887,.T.);
#6885 = VERTEX_POINT('',#6886);
#6886 = CARTESIAN_POINT('',(236.12247434403,-739.7400715532,-5.2015E+03)
  );
#6887 = SEAM_CURVE('',#6888,(#6892,#6899),.PCURVE_S1.);
#6888 = LINE('',#6889,#6890);
#6889 = CARTESIAN_POINT('',(230.51089642865,-740.4788498012,-5.2015E+03)
  );
#6890 = VECTOR('',#6891,1.);
#6891 = DIRECTION('',(0.991444861374,0.13052619222,6.162975822039E-33));
#6892 = PCURVE('',#2960,#6893);
#6893 = DEFINITIONAL_REPRESENTATION('',(#6894),#6898);
#6894 = LINE('',#6895,#6896);
#6895 = CARTESIAN_POINT('',(6.28318530718,-0.));
#6896 = VECTOR('',#6897,1.);
#6897 = DIRECTION('',(0.,1.));
#6898 = ( GEOMETRIC_REPRESENTATION_CONTEXT(2) 
PARAMETRIC_REPRESENTATION_CONTEXT() REPRESENTATION_CONTEXT('2D SPACE',''
  ) );
#6899 = PCURVE('',#2960,#6900);
#6900 = DEFINITIONAL_REPRESENTATION('',(#6901),#6905);
#6901 = LINE('',#6902,#6903);
#6902 = CARTESIAN_POINT('',(0.,-0.));
#6903 = VECTOR('',#6904,1.);
#6904 = DIRECTION('',(0.,1.));
#6905 = ( GEOMETRIC_REPRESENTATION_CONTEXT(2) 
PARAMETRIC_REPRESENTATION_CONTEXT() REPRESENTATION_CONTEXT('2D SPACE',''
  ) );
#6906 = ORIENTED_EDGE('',*,*,#6907,.F.);
#6907 = EDGE_CURVE('',#6885,#6885,#6908,.T.);
#6908 = SURFACE_CURVE('',#6909,(#6914,#6921),.PCURVE_S1.);
#6909 = CIRCLE('',#6910,0.5);
#6910 = AXIS2_PLACEMENT_3D('',#6911,#6912,#6913);
#6911 = CARTESIAN_POINT('',(236.18773744014,-740.2357939839,-5.2015E+03)
  );
#6912 = DIRECTION('',(0.991444861374,0.13052619222,0.));
#6913 = DIRECTION('',(-0.13052619222,0.991444861374,0.));
#6914 = PCURVE('',#2960,#6915);
#6915 = DEFINITIONAL_REPRESENTATION('',(#6916),#6920);
#6916 = LINE('',#6917,#6918);
#6917 = CARTESIAN_POINT('',(0.,5.66));
#6918 = VECTOR('',#6919,1.);
#6919 = DIRECTION('',(1.,0.));
#6920 = ( GEOMETRIC_REPRESENTATION_CONTEXT(2) 
PARAMETRIC_REPRESENTATION_CONTEXT() REPRESENTATION_CONTEXT('2D SPACE',''
  ) );
#6921 = PCURVE('',#6922,#6927);
#6922 = PLANE('',#6923);
#6923 = AXIS2_PLACEMENT_3D('',#6924,#6925,#6926);
#6924 = CARTESIAN_POINT('',(236.18773744014,-740.2357939839,-5.2015E+03)
  );
#6925 = DIRECTION('',(0.991444861374,0.13052619222,0.));
#6926 = DIRECTION('',(-0.13052619222,0.991444861374,0.));
#6927 = DEFINITIONAL_REPRESENTATION('',(#6928),#6932);
#6928 = CIRCLE('',#6929,0.5);
#6929 = AXIS2_PLACEMENT_2D('',#6930,#6931);
#6930 = CARTESIAN_POINT('',(0.,0.));
#6931 = DIRECTION('',(1.,0.));
#6932 = ( GEOMETRIC_REPRESENTATION_CONTEXT(2) 
PARAMETRIC_REPRESENTATION_CONTEXT() REPRESENTATION_CONTEXT('2D SPACE',''
  ) );
#6933 = ORIENTED_EDGE('',*,*,#6884,.F.);
#6934 = ORIENTED_EDGE('',*,*,#2890,.T.);
#6935 = ADVANCED_FACE('',(#6936),#3071,.T.);
#6936 = FACE_BOUND('',#6937,.T.);
#6937 = EDGE_LOOP('',(#6938,#6961,#6988,#6989));
#6938 = ORIENTED_EDGE('',*,*,#6939,.T.);
#6939 = EDGE_CURVE('',#3002,#6940,#6942,.T.);
#6940 = VERTEX_POINT('',#6941);
#6941 = CARTESIAN_POINT('',(233.53026122047,-730.5701149524,-5.2015E+03)
  );
#6942 = SEAM_CURVE('',#6943,(#6947,#6954),.PCURVE_S1.);
#6943 = LINE('',#6944,#6945);
#6944 = CARTESIAN_POINT('',(228.30110306646,-732.7361031796,-5.2015E+03)
  );
#6945 = VECTOR('',#6946,1.);
#6946 = DIRECTION('',(0.923879532511,0.382683432365,1.232595164408E-32)
  );
#6947 = PCURVE('',#3071,#6948);
#6948 = DEFINITIONAL_REPRESENTATION('',(#6949),#6953);
#6949 = LINE('',#6950,#6951);
#6950 = CARTESIAN_POINT('',(6.28318530718,-0.));
#6951 = VECTOR('',#6952,1.);
#6952 = DIRECTION('',(0.,1.));
#6953 = ( GEOMETRIC_REPRESENTATION_CONTEXT(2) 
PARAMETRIC_REPRESENTATION_CONTEXT() REPRESENTATION_CONTEXT('2D SPACE',''
  ) );
#6954 = PCURVE('',#3071,#6955);
#6955 = DEFINITIONAL_REPRESENTATION('',(#6956),#6960);
#6956 = LINE('',#6957,#6958);
#6957 = CARTESIAN_POINT('',(0.,-0.));
#6958 = VECTOR('',#6959,1.);
#6959 = DIRECTION('',(0.,1.));
#6960 = ( GEOMETRIC_REPRESENTATION_CONTEXT(2) 
PARAMETRIC_REPRESENTATION_CONTEXT() REPRESENTATION_CONTEXT('2D SPACE',''
  ) );
#6961 = ORIENTED_EDGE('',*,*,#6962,.F.);
#6962 = EDGE_CURVE('',#6940,#6940,#6963,.T.);
#6963 = SURFACE_CURVE('',#6964,(#6969,#6976),.PCURVE_S1.);
#6964 = CIRCLE('',#6965,0.5);
#6965 = AXIS2_PLACEMENT_3D('',#6966,#6967,#6968);
#6966 = CARTESIAN_POINT('',(233.72160293666,-731.0320547186,-5.2015E+03)
  );
#6967 = DIRECTION('',(0.923879532511,0.382683432365,0.));
#6968 = DIRECTION('',(-0.382683432365,0.923879532511,0.));
#6969 = PCURVE('',#3071,#6970);
#6970 = DEFINITIONAL_REPRESENTATION('',(#6971),#6975);
#6971 = LINE('',#6972,#6973);
#6972 = CARTESIAN_POINT('',(0.,5.66));
#6973 = VECTOR('',#6974,1.);
#6974 = DIRECTION('',(1.,0.));
#6975 = ( GEOMETRIC_REPRESENTATION_CONTEXT(2) 
PARAMETRIC_REPRESENTATION_CONTEXT() REPRESENTATION_CONTEXT('2D SPACE',''
  ) );
#6976 = PCURVE('',#6977,#6982);
#6977 = PLANE('',#6978);
#6978 = AXIS2_PLACEMENT_3D('',#6979,#6980,#6981);
#6979 = CARTESIAN_POINT('',(233.72160293666,-731.0320547186,-5.2015E+03)
  );
#6980 = DIRECTION('',(0.923879532511,0.382683432365,0.));
#6981 = DIRECTION('',(-0.382683432365,0.923879532511,0.));
#6982 = DEFINITIONAL_REPRESENTATION('',(#6983),#6987);
#6983 = CIRCLE('',#6984,0.5);
#6984 = AXIS2_PLACEMENT_2D('',#6985,#6986);
#6985 = CARTESIAN_POINT('',(0.,0.));
#6986 = DIRECTION('',(1.,0.));
#6987 = ( GEOMETRIC_REPRESENTATION_CONTEXT(2) 
PARAMETRIC_REPRESENTATION_CONTEXT() REPRESENTATION_CONTEXT('2D SPACE',''
  ) );
#6988 = ORIENTED_EDGE('',*,*,#6939,.F.);
#6989 = ORIENTED_EDGE('',*,*,#3001,.T.);
#6990 = ADVANCED_FACE('',(#6991),#3182,.T.);
#6991 = FACE_BOUND('',#6992,.T.);
#6992 = EDGE_LOOP('',(#6993,#7016,#7043,#7044));
#6993 = ORIENTED_EDGE('',*,*,#6994,.T.);
#6994 = EDGE_CURVE('',#3113,#6995,#6997,.T.);
#6995 = VERTEX_POINT('',#6996);
#6996 = CARTESIAN_POINT('',(228.65301620612,-722.383531171,-5.2015E+03)
  );
#6997 = SEAM_CURVE('',#6998,(#7002,#7009),.PCURVE_S1.);
#6998 = LINE('',#6999,#7000);
#6999 = CARTESIAN_POINT('',(224.16263630007,-725.8291208592,-5.2015E+03)
  );
#7000 = VECTOR('',#7001,1.);
#7001 = DIRECTION('',(0.793353340291,0.608761429009,0.));
#7002 = PCURVE('',#3182,#7003);
#7003 = DEFINITIONAL_REPRESENTATION('',(#7004),#7008);
#7004 = LINE('',#7005,#7006);
#7005 = CARTESIAN_POINT('',(6.28318530718,-0.));
#7006 = VECTOR('',#7007,1.);
#7007 = DIRECTION('',(0.,1.));
#7008 = ( GEOMETRIC_REPRESENTATION_CONTEXT(2) 
PARAMETRIC_REPRESENTATION_CONTEXT() REPRESENTATION_CONTEXT('2D SPACE',''
  ) );
#7009 = PCURVE('',#3182,#7010);
#7010 = DEFINITIONAL_REPRESENTATION('',(#7011),#7015);
#7011 = LINE('',#7012,#7013);
#7012 = CARTESIAN_POINT('',(0.,-0.));
#7013 = VECTOR('',#7014,1.);
#7014 = DIRECTION('',(0.,1.));
#7015 = ( GEOMETRIC_REPRESENTATION_CONTEXT(2) 
PARAMETRIC_REPRESENTATION_CONTEXT() REPRESENTATION_CONTEXT('2D SPACE',''
  ) );
#7016 = ORIENTED_EDGE('',*,*,#7017,.F.);
#7017 = EDGE_CURVE('',#6995,#6995,#7018,.T.);
#7018 = SURFACE_CURVE('',#7019,(#7024,#7031),.PCURVE_S1.);
#7019 = CIRCLE('',#7020,0.5);
#7020 = AXIS2_PLACEMENT_3D('',#7021,#7022,#7023);
#7021 = CARTESIAN_POINT('',(228.95739692063,-722.7802078411,-5.2015E+03)
  );
#7022 = DIRECTION('',(0.793353340291,0.608761429009,0.));
#7023 = DIRECTION('',(-0.608761429009,0.793353340291,0.));
#7024 = PCURVE('',#3182,#7025);
#7025 = DEFINITIONAL_REPRESENTATION('',(#7026),#7030);
#7026 = LINE('',#7027,#7028);
#7027 = CARTESIAN_POINT('',(0.,5.66));
#7028 = VECTOR('',#7029,1.);
#7029 = DIRECTION('',(1.,0.));
#7030 = ( GEOMETRIC_REPRESENTATION_CONTEXT(2) 
PARAMETRIC_REPRESENTATION_CONTEXT() REPRESENTATION_CONTEXT('2D SPACE',''
  ) );
#7031 = PCURVE('',#7032,#7037);
#7032 = PLANE('',#7033);
#7033 = AXIS2_PLACEMENT_3D('',#7034,#7035,#7036);
#7034 = CARTESIAN_POINT('',(228.95739692063,-722.7802078411,-5.2015E+03)
  );
#7035 = DIRECTION('',(0.793353340291,0.608761429009,0.));
#7036 = DIRECTION('',(-0.608761429009,0.793353340291,0.));
#7037 = DEFINITIONAL_REPRESENTATION('',(#7038),#7042);
#7038 = CIRCLE('',#7039,0.5);
#7039 = AXIS2_PLACEMENT_2D('',#7040,#7041);
#7040 = CARTESIAN_POINT('',(0.,0.));
#7041 = DIRECTION('',(1.,0.));
#7042 = ( GEOMETRIC_REPRESENTATION_CONTEXT(2) 
PARAMETRIC_REPRESENTATION_CONTEXT() REPRESENTATION_CONTEXT('2D SPACE',''
  ) );
#7043 = ORIENTED_EDGE('',*,*,#6994,.F.);
#7044 = ORIENTED_EDGE('',*,*,#3112,.T.);
#7045 = ADVANCED_FACE('',(#7046),#3293,.T.);
#7046 = FACE_BOUND('',#7047,.T.);
#7047 = EDGE_LOOP('',(#7048,#7071,#7098,#7099));
#7048 = ORIENTED_EDGE('',*,*,#7049,.T.);
#7049 = EDGE_CURVE('',#3224,#7050,#7052,.T.);
#7050 = VERTEX_POINT('',#7051);
#7051 = CARTESIAN_POINT('',(222.61646882896,-716.3469837938,-5.2015E+03)
  );
#7052 = SEAM_CURVE('',#7053,(#7057,#7064),.PCURVE_S1.);
#7053 = LINE('',#7054,#7055);
#7054 = CARTESIAN_POINT('',(219.17087914077,-720.8373636999,-5.2015E+03)
  );
#7055 = VECTOR('',#7056,1.);
#7056 = DIRECTION('',(0.608761429009,0.793353340291,0.));
#7057 = PCURVE('',#3293,#7058);
#7058 = DEFINITIONAL_REPRESENTATION('',(#7059),#7063);
#7059 = LINE('',#7060,#7061);
#7060 = CARTESIAN_POINT('',(6.28318530718,-0.));
#7061 = VECTOR('',#7062,1.);
#7062 = DIRECTION('',(0.,1.));
#7063 = ( GEOMETRIC_REPRESENTATION_CONTEXT(2) 
PARAMETRIC_REPRESENTATION_CONTEXT() REPRESENTATION_CONTEXT('2D SPACE',''
  ) );
#7064 = PCURVE('',#3293,#7065);
#7065 = DEFINITIONAL_REPRESENTATION('',(#7066),#7070);
#7066 = LINE('',#7067,#7068);
#7067 = CARTESIAN_POINT('',(0.,-0.));
#7068 = VECTOR('',#7069,1.);
#7069 = DIRECTION('',(0.,1.));
#7070 = ( GEOMETRIC_REPRESENTATION_CONTEXT(2) 
PARAMETRIC_REPRESENTATION_CONTEXT() REPRESENTATION_CONTEXT('2D SPACE',''
  ) );
#7071 = ORIENTED_EDGE('',*,*,#7072,.F.);
#7072 = EDGE_CURVE('',#7050,#7050,#7073,.T.);
#7073 = SURFACE_CURVE('',#7074,(#7079,#7086),.PCURVE_S1.);
#7074 = CIRCLE('',#7075,0.5);
#7075 = AXIS2_PLACEMENT_3D('',#7076,#7077,#7078);
#7076 = CARTESIAN_POINT('',(222.21979215881,-716.0426030793,-5.2015E+03)
  );
#7077 = DIRECTION('',(0.608761429009,0.793353340291,0.));
#7078 = DIRECTION('',(0.793353340291,-0.608761429009,0.));
#7079 = PCURVE('',#3293,#7080);
#7080 = DEFINITIONAL_REPRESENTATION('',(#7081),#7085);
#7081 = LINE('',#7082,#7083);
#7082 = CARTESIAN_POINT('',(0.,5.66));
#7083 = VECTOR('',#7084,1.);
#7084 = DIRECTION('',(1.,0.));
#7085 = ( GEOMETRIC_REPRESENTATION_CONTEXT(2) 
PARAMETRIC_REPRESENTATION_CONTEXT() REPRESENTATION_CONTEXT('2D SPACE',''
  ) );
#7086 = PCURVE('',#7087,#7092);
#7087 = PLANE('',#7088);
#7088 = AXIS2_PLACEMENT_3D('',#7089,#7090,#7091);
#7089 = CARTESIAN_POINT('',(222.21979215881,-716.0426030793,-5.2015E+03)
  );
#7090 = DIRECTION('',(0.608761429009,0.793353340291,0.));
#7091 = DIRECTION('',(0.793353340291,-0.608761429009,0.));
#7092 = DEFINITIONAL_REPRESENTATION('',(#7093),#7097);
#7093 = CIRCLE('',#7094,0.5);
#7094 = AXIS2_PLACEMENT_2D('',#7095,#7096);
#7095 = CARTESIAN_POINT('',(0.,0.));
#7096 = DIRECTION('',(1.,0.));
#7097 = ( GEOMETRIC_REPRESENTATION_CONTEXT(2) 
PARAMETRIC_REPRESENTATION_CONTEXT() REPRESENTATION_CONTEXT('2D SPACE',''
  ) );
#7098 = ORIENTED_EDGE('',*,*,#7049,.F.);
#7099 = ORIENTED_EDGE('',*,*,#3223,.T.);
#7100 = ADVANCED_FACE('',(#7101),#3404,.T.);
#7101 = FACE_BOUND('',#7102,.T.);
#7102 = EDGE_LOOP('',(#7103,#7126,#7153,#7154));
#7103 = ORIENTED_EDGE('',*,*,#7104,.T.);
#7104 = EDGE_CURVE('',#3335,#7105,#7107,.T.);
#7105 = VERTEX_POINT('',#7106);
#7106 = CARTESIAN_POINT('',(214.42988504758,-711.4697387795,-5.2015E+03)
  );
#7107 = SEAM_CURVE('',#7108,(#7112,#7119),.PCURVE_S1.);
#7108 = LINE('',#7109,#7110);
#7109 = CARTESIAN_POINT('',(212.26389682039,-716.6988969335,-5.2015E+03)
  );
#7110 = VECTOR('',#7111,1.);
#7111 = DIRECTION('',(0.382683432365,0.923879532511,0.));
#7112 = PCURVE('',#3404,#7113);
#7113 = DEFINITIONAL_REPRESENTATION('',(#7114),#7118);
#7114 = LINE('',#7115,#7116);
#7115 = CARTESIAN_POINT('',(6.28318530718,-0.));
#7116 = VECTOR('',#7117,1.);
#7117 = DIRECTION('',(0.,1.));
#7118 = ( GEOMETRIC_REPRESENTATION_CONTEXT(2) 
PARAMETRIC_REPRESENTATION_CONTEXT() REPRESENTATION_CONTEXT('2D SPACE',''
  ) );
#7119 = PCURVE('',#3404,#7120);
#7120 = DEFINITIONAL_REPRESENTATION('',(#7121),#7125);
#7121 = LINE('',#7122,#7123);
#7122 = CARTESIAN_POINT('',(0.,-0.));
#7123 = VECTOR('',#7124,1.);
#7124 = DIRECTION('',(0.,1.));
#7125 = ( GEOMETRIC_REPRESENTATION_CONTEXT(2) 
PARAMETRIC_REPRESENTATION_CONTEXT() REPRESENTATION_CONTEXT('2D SPACE',''
  ) );
#7126 = ORIENTED_EDGE('',*,*,#7127,.F.);
#7127 = EDGE_CURVE('',#7105,#7105,#7128,.T.);
#7128 = SURFACE_CURVE('',#7129,(#7134,#7141),.PCURVE_S1.);
#7129 = CIRCLE('',#7130,0.5);
#7130 = AXIS2_PLACEMENT_3D('',#7131,#7132,#7133);
#7131 = CARTESIAN_POINT('',(213.96794528132,-711.2783970633,-5.2015E+03)
  );
#7132 = DIRECTION('',(0.382683432365,0.923879532511,0.));
#7133 = DIRECTION('',(0.923879532511,-0.382683432365,0.));
#7134 = PCURVE('',#3404,#7135);
#7135 = DEFINITIONAL_REPRESENTATION('',(#7136),#7140);
#7136 = LINE('',#7137,#7138);
#7137 = CARTESIAN_POINT('',(0.,5.66));
#7138 = VECTOR('',#7139,1.);
#7139 = DIRECTION('',(1.,0.));
#7140 = ( GEOMETRIC_REPRESENTATION_CONTEXT(2) 
PARAMETRIC_REPRESENTATION_CONTEXT() REPRESENTATION_CONTEXT('2D SPACE',''
  ) );
#7141 = PCURVE('',#7142,#7147);
#7142 = PLANE('',#7143);
#7143 = AXIS2_PLACEMENT_3D('',#7144,#7145,#7146);
#7144 = CARTESIAN_POINT('',(213.96794528132,-711.2783970633,-5.2015E+03)
  );
#7145 = DIRECTION('',(0.382683432365,0.923879532511,0.));
#7146 = DIRECTION('',(0.923879532511,-0.382683432365,0.));
#7147 = DEFINITIONAL_REPRESENTATION('',(#7148),#7152);
#7148 = CIRCLE('',#7149,0.5);
#7149 = AXIS2_PLACEMENT_2D('',#7150,#7151);
#7150 = CARTESIAN_POINT('',(0.,0.));
#7151 = DIRECTION('',(1.,0.));
#7152 = ( GEOMETRIC_REPRESENTATION_CONTEXT(2) 
PARAMETRIC_REPRESENTATION_CONTEXT() REPRESENTATION_CONTEXT('2D SPACE',''
  ) );
#7153 = ORIENTED_EDGE('',*,*,#7104,.F.);
#7154 = ORIENTED_EDGE('',*,*,#3334,.T.);
#7155 = ADVANCED_FACE('',(#7156),#3515,.T.);
#7156 = FACE_BOUND('',#7157,.T.);
#7157 = EDGE_LOOP('',(#7158,#7181,#7208,#7209));
#7158 = ORIENTED_EDGE('',*,*,#7159,.T.);
#7159 = EDGE_CURVE('',#3446,#7160,#7162,.T.);
#7160 = VERTEX_POINT('',#7161);
#7161 = CARTESIAN_POINT('',(205.25992844671,-708.8775256559,-5.2015E+03)
  );
#7162 = SEAM_CURVE('',#7163,(#7167,#7174),.PCURVE_S1.);
#7163 = LINE('',#7164,#7165);
#7164 = CARTESIAN_POINT('',(204.52115019875,-714.4891035713,-5.2015E+03)
  );
#7165 = VECTOR('',#7166,1.);
#7166 = DIRECTION('',(0.13052619222,0.991444861374,0.));
#7167 = PCURVE('',#3515,#7168);
#7168 = DEFINITIONAL_REPRESENTATION('',(#7169),#7173);
#7169 = LINE('',#7170,#7171);
#7170 = CARTESIAN_POINT('',(6.28318530718,-0.));
#7171 = VECTOR('',#7172,1.);
#7172 = DIRECTION('',(0.,1.));
#7173 = ( GEOMETRIC_REPRESENTATION_CONTEXT(2) 
PARAMETRIC_REPRESENTATION_CONTEXT() REPRESENTATION_CONTEXT('2D SPACE',''
  ) );
#7174 = PCURVE('',#3515,#7175);
#7175 = DEFINITIONAL_REPRESENTATION('',(#7176),#7180);
#7176 = LINE('',#7177,#7178);
#7177 = CARTESIAN_POINT('',(0.,-0.));
#7178 = VECTOR('',#7179,1.);
#7179 = DIRECTION('',(0.,1.));
#7180 = ( GEOMETRIC_REPRESENTATION_CONTEXT(2) 
PARAMETRIC_REPRESENTATION_CONTEXT() REPRESENTATION_CONTEXT('2D SPACE',''
  ) );
#7181 = ORIENTED_EDGE('',*,*,#7182,.F.);
#7182 = EDGE_CURVE('',#7160,#7160,#7183,.T.);
#7183 = SURFACE_CURVE('',#7184,(#7189,#7196),.PCURVE_S1.);
#7184 = CIRCLE('',#7185,0.5);
#7185 = AXIS2_PLACEMENT_3D('',#7186,#7187,#7188);
#7186 = CARTESIAN_POINT('',(204.76420601603,-708.8122625598,-5.2015E+03)
  );
#7187 = DIRECTION('',(0.13052619222,0.991444861374,0.));
#7188 = DIRECTION('',(0.991444861374,-0.13052619222,0.));
#7189 = PCURVE('',#3515,#7190);
#7190 = DEFINITIONAL_REPRESENTATION('',(#7191),#7195);
#7191 = LINE('',#7192,#7193);
#7192 = CARTESIAN_POINT('',(0.,5.66));
#7193 = VECTOR('',#7194,1.);
#7194 = DIRECTION('',(1.,0.));
#7195 = ( GEOMETRIC_REPRESENTATION_CONTEXT(2) 
PARAMETRIC_REPRESENTATION_CONTEXT() REPRESENTATION_CONTEXT('2D SPACE',''
  ) );
#7196 = PCURVE('',#7197,#7202);
#7197 = PLANE('',#7198);
#7198 = AXIS2_PLACEMENT_3D('',#7199,#7200,#7201);
#7199 = CARTESIAN_POINT('',(204.76420601603,-708.8122625598,-5.2015E+03)
  );
#7200 = DIRECTION('',(0.13052619222,0.991444861374,0.));
#7201 = DIRECTION('',(0.991444861374,-0.13052619222,0.));
#7202 = DEFINITIONAL_REPRESENTATION('',(#7203),#7207);
#7203 = CIRCLE('',#7204,0.5);
#7204 = AXIS2_PLACEMENT_2D('',#7205,#7206);
#7205 = CARTESIAN_POINT('',(0.,0.));
#7206 = DIRECTION('',(1.,0.));
#7207 = ( GEOMETRIC_REPRESENTATION_CONTEXT(2) 
PARAMETRIC_REPRESENTATION_CONTEXT() REPRESENTATION_CONTEXT('2D SPACE',''
  ) );
#7208 = ORIENTED_EDGE('',*,*,#7159,.F.);
#7209 = ORIENTED_EDGE('',*,*,#3445,.T.);
#7210 = ADVANCED_FACE('',(#7211),#3626,.T.);
#7211 = FACE_BOUND('',#7212,.T.);
#7212 = EDGE_LOOP('',(#7213,#7236,#7263,#7264));
#7213 = ORIENTED_EDGE('',*,*,#7214,.T.);
#7214 = EDGE_CURVE('',#3557,#7215,#7217,.T.);
#7215 = VERTEX_POINT('',#7216);
#7216 = CARTESIAN_POINT('',(195.73151641465,-708.7469994637,-5.2015E+03)
  );
#7217 = SEAM_CURVE('',#7218,(#7222,#7229),.PCURVE_S1.);
#7218 = LINE('',#7219,#7220);
#7219 = CARTESIAN_POINT('',(196.47029466262,-714.3585773791,-5.2015E+03)
  );
#7220 = VECTOR('',#7221,1.);
#7221 = DIRECTION('',(-0.13052619222,0.991444861374,6.162975822039E-33)
  );
#7222 = PCURVE('',#3626,#7223);
#7223 = DEFINITIONAL_REPRESENTATION('',(#7224),#7228);
#7224 = LINE('',#7225,#7226);
#7225 = CARTESIAN_POINT('',(6.28318530718,-0.));
#7226 = VECTOR('',#7227,1.);
#7227 = DIRECTION('',(0.,1.));
#7228 = ( GEOMETRIC_REPRESENTATION_CONTEXT(2) 
PARAMETRIC_REPRESENTATION_CONTEXT() REPRESENTATION_CONTEXT('2D SPACE',''
  ) );
#7229 = PCURVE('',#3626,#7230);
#7230 = DEFINITIONAL_REPRESENTATION('',(#7231),#7235);
#7231 = LINE('',#7232,#7233);
#7232 = CARTESIAN_POINT('',(0.,-0.));
#7233 = VECTOR('',#7234,1.);
#7234 = DIRECTION('',(0.,1.));
#7235 = ( GEOMETRIC_REPRESENTATION_CONTEXT(2) 
PARAMETRIC_REPRESENTATION_CONTEXT() REPRESENTATION_CONTEXT('2D SPACE',''
  ) );
#7236 = ORIENTED_EDGE('',*,*,#7237,.F.);
#7237 = EDGE_CURVE('',#7215,#7215,#7238,.T.);
#7238 = SURFACE_CURVE('',#7239,(#7244,#7251),.PCURVE_S1.);
#7239 = CIRCLE('',#7240,0.5);
#7240 = AXIS2_PLACEMENT_3D('',#7241,#7242,#7243);
#7241 = CARTESIAN_POINT('',(195.23579398396,-708.8122625598,-5.2015E+03)
  );
#7242 = DIRECTION('',(-0.13052619222,0.991444861374,0.));
#7243 = DIRECTION('',(0.991444861374,0.13052619222,0.));
#7244 = PCURVE('',#3626,#7245);
#7245 = DEFINITIONAL_REPRESENTATION('',(#7246),#7250);
#7246 = LINE('',#7247,#7248);
#7247 = CARTESIAN_POINT('',(0.,5.66));
#7248 = VECTOR('',#7249,1.);
#7249 = DIRECTION('',(1.,0.));
#7250 = ( GEOMETRIC_REPRESENTATION_CONTEXT(2) 
PARAMETRIC_REPRESENTATION_CONTEXT() REPRESENTATION_CONTEXT('2D SPACE',''
  ) );
#7251 = PCURVE('',#7252,#7257);
#7252 = PLANE('',#7253);
#7253 = AXIS2_PLACEMENT_3D('',#7254,#7255,#7256);
#7254 = CARTESIAN_POINT('',(195.23579398396,-708.8122625598,-5.2015E+03)
  );
#7255 = DIRECTION('',(-0.13052619222,0.991444861374,0.));
#7256 = DIRECTION('',(0.991444861374,0.13052619222,0.));
#7257 = DEFINITIONAL_REPRESENTATION('',(#7258),#7262);
#7258 = CIRCLE('',#7259,0.5);
#7259 = AXIS2_PLACEMENT_2D('',#7260,#7261);
#7260 = CARTESIAN_POINT('',(0.,0.));
#7261 = DIRECTION('',(1.,0.));
#7262 = ( GEOMETRIC_REPRESENTATION_CONTEXT(2) 
PARAMETRIC_REPRESENTATION_CONTEXT() REPRESENTATION_CONTEXT('2D SPACE',''
  ) );
#7263 = ORIENTED_EDGE('',*,*,#7214,.F.);
#7264 = ORIENTED_EDGE('',*,*,#3556,.T.);
#7265 = ADVANCED_FACE('',(#7266),#3737,.T.);
#7266 = FACE_BOUND('',#7267,.T.);
#7267 = EDGE_LOOP('',(#7268,#7291,#7318,#7319));
#7268 = ORIENTED_EDGE('',*,*,#7269,.T.);
#7269 = EDGE_CURVE('',#3668,#7270,#7272,.T.);
#7270 = VERTEX_POINT('',#7271);
#7271 = CARTESIAN_POINT('',(186.49399448493,-711.0870553471,-5.2015E+03)
  );
#7272 = SEAM_CURVE('',#7273,(#7277,#7284),.PCURVE_S1.);
#7273 = LINE('',#7274,#7275);
#7274 = CARTESIAN_POINT('',(188.65998271211,-716.3162135011,-5.2015E+03)
  );
#7275 = VECTOR('',#7276,1.);
#7276 = DIRECTION('',(-0.382683432365,0.923879532511,0.));
#7277 = PCURVE('',#3737,#7278);
#7278 = DEFINITIONAL_REPRESENTATION('',(#7279),#7283);
#7279 = LINE('',#7280,#7281);
#7280 = CARTESIAN_POINT('',(6.28318530718,-0.));
#7281 = VECTOR('',#7282,1.);
#7282 = DIRECTION('',(0.,1.));
#7283 = ( GEOMETRIC_REPRESENTATION_CONTEXT(2) 
PARAMETRIC_REPRESENTATION_CONTEXT() REPRESENTATION_CONTEXT('2D SPACE',''
  ) );
#7284 = PCURVE('',#3737,#7285);
#7285 = DEFINITIONAL_REPRESENTATION('',(#7286),#7290);
#7286 = LINE('',#7287,#7288);
#7287 = CARTESIAN_POINT('',(0.,-0.));
#7288 = VECTOR('',#7289,1.);
#7289 = DIRECTION('',(0.,1.));
#7290 = ( GEOMETRIC_REPRESENTATION_CONTEXT(2) 
PARAMETRIC_REPRESENTATION_CONTEXT() REPRESENTATION_CONTEXT('2D SPACE',''
  ) );
#7291 = ORIENTED_EDGE('',*,*,#7292,.F.);
#7292 = EDGE_CURVE('',#7270,#7270,#7293,.T.);
#7293 = SURFACE_CURVE('',#7294,(#7299,#7306),.PCURVE_S1.);
#7294 = CIRCLE('',#7295,0.5);
#7295 = AXIS2_PLACEMENT_3D('',#7296,#7297,#7298);
#7296 = CARTESIAN_POINT('',(186.03205471867,-711.2783970633,-5.2015E+03)
  );
#7297 = DIRECTION('',(-0.382683432365,0.923879532511,0.));
#7298 = DIRECTION('',(0.923879532511,0.382683432365,0.));
#7299 = PCURVE('',#3737,#7300);
#7300 = DEFINITIONAL_REPRESENTATION('',(#7301),#7305);
#7301 = LINE('',#7302,#7303);
#7302 = CARTESIAN_POINT('',(0.,5.66));
#7303 = VECTOR('',#7304,1.);
#7304 = DIRECTION('',(1.,0.));
#7305 = ( GEOMETRIC_REPRESENTATION_CONTEXT(2) 
PARAMETRIC_REPRESENTATION_CONTEXT() REPRESENTATION_CONTEXT('2D SPACE',''
  ) );
#7306 = PCURVE('',#7307,#7312);
#7307 = PLANE('',#7308);
#7308 = AXIS2_PLACEMENT_3D('',#7309,#7310,#7311);
#7309 = CARTESIAN_POINT('',(186.03205471867,-711.2783970633,-5.2015E+03)
  );
#7310 = DIRECTION('',(-0.382683432365,0.923879532511,0.));
#7311 = DIRECTION('',(0.923879532511,0.382683432365,0.));
#7312 = DEFINITIONAL_REPRESENTATION('',(#7313),#7317);
#7313 = CIRCLE('',#7314,0.5);
#7314 = AXIS2_PLACEMENT_2D('',#7315,#7316);
#7315 = CARTESIAN_POINT('',(0.,0.));
#7316 = DIRECTION('',(1.,0.));
#7317 = ( GEOMETRIC_REPRESENTATION_CONTEXT(2) 
PARAMETRIC_REPRESENTATION_CONTEXT() REPRESENTATION_CONTEXT('2D SPACE',''
  ) );
#7318 = ORIENTED_EDGE('',*,*,#7269,.F.);
#7319 = ORIENTED_EDGE('',*,*,#3667,.T.);
#7320 = ADVANCED_FACE('',(#7321),#3848,.T.);
#7321 = FACE_BOUND('',#7322,.T.);
#7322 = EDGE_LOOP('',(#7323,#7346,#7373,#7374));
#7323 = ORIENTED_EDGE('',*,*,#7324,.T.);
#7324 = EDGE_CURVE('',#3779,#7325,#7327,.T.);
#7325 = VERTEX_POINT('',#7326);
#7326 = CARTESIAN_POINT('',(178.17688451132,-715.7382223648,-5.2015E+03)
  );
#7327 = SEAM_CURVE('',#7328,(#7332,#7339),.PCURVE_S1.);
#7328 = LINE('',#7329,#7330);
#7329 = CARTESIAN_POINT('',(181.62247419951,-720.2286022709,-5.2015E+03)
  );
#7330 = VECTOR('',#7331,1.);
#7331 = DIRECTION('',(-0.608761429009,0.793353340291,2.465190328816E-32)
  );
#7332 = PCURVE('',#3848,#7333);
#7333 = DEFINITIONAL_REPRESENTATION('',(#7334),#7338);
#7334 = LINE('',#7335,#7336);
#7335 = CARTESIAN_POINT('',(6.28318530718,-0.));
#7336 = VECTOR('',#7337,1.);
#7337 = DIRECTION('',(0.,1.));
#7338 = ( GEOMETRIC_REPRESENTATION_CONTEXT(2) 
PARAMETRIC_REPRESENTATION_CONTEXT() REPRESENTATION_CONTEXT('2D SPACE',''
  ) );
#7339 = PCURVE('',#3848,#7340);
#7340 = DEFINITIONAL_REPRESENTATION('',(#7341),#7345);
#7341 = LINE('',#7342,#7343);
#7342 = CARTESIAN_POINT('',(0.,-0.));
#7343 = VECTOR('',#7344,1.);
#7344 = DIRECTION('',(0.,1.));
#7345 = ( GEOMETRIC_REPRESENTATION_CONTEXT(2) 
PARAMETRIC_REPRESENTATION_CONTEXT() REPRESENTATION_CONTEXT('2D SPACE',''
  ) );
#7346 = ORIENTED_EDGE('',*,*,#7347,.F.);
#7347 = EDGE_CURVE('',#7325,#7325,#7348,.T.);
#7348 = SURFACE_CURVE('',#7349,(#7354,#7361),.PCURVE_S1.);
#7349 = CIRCLE('',#7350,0.5);
#7350 = AXIS2_PLACEMENT_3D('',#7351,#7352,#7353);
#7351 = CARTESIAN_POINT('',(177.78020784118,-716.0426030793,-5.2015E+03)
  );
#7352 = DIRECTION('',(-0.608761429009,0.793353340291,0.));
#7353 = DIRECTION('',(0.793353340291,0.608761429009,0.));
#7354 = PCURVE('',#3848,#7355);
#7355 = DEFINITIONAL_REPRESENTATION('',(#7356),#7360);
#7356 = LINE('',#7357,#7358);
#7357 = CARTESIAN_POINT('',(0.,5.66));
#7358 = VECTOR('',#7359,1.);
#7359 = DIRECTION('',(1.,0.));
#7360 = ( GEOMETRIC_REPRESENTATION_CONTEXT(2) 
PARAMETRIC_REPRESENTATION_CONTEXT() REPRESENTATION_CONTEXT('2D SPACE',''
  ) );
#7361 = PCURVE('',#7362,#7367);
#7362 = PLANE('',#7363);
#7363 = AXIS2_PLACEMENT_3D('',#7364,#7365,#7366);
#7364 = CARTESIAN_POINT('',(177.78020784118,-716.0426030793,-5.2015E+03)
  );
#7365 = DIRECTION('',(-0.608761429009,0.793353340291,0.));
#7366 = DIRECTION('',(0.793353340291,0.608761429009,0.));
#7367 = DEFINITIONAL_REPRESENTATION('',(#7368),#7372);
#7368 = CIRCLE('',#7369,0.5);
#7369 = AXIS2_PLACEMENT_2D('',#7370,#7371);
#7370 = CARTESIAN_POINT('',(0.,0.));
#7371 = DIRECTION('',(1.,0.));
#7372 = ( GEOMETRIC_REPRESENTATION_CONTEXT(2) 
PARAMETRIC_REPRESENTATION_CONTEXT() REPRESENTATION_CONTEXT('2D SPACE',''
  ) );
#7373 = ORIENTED_EDGE('',*,*,#7324,.F.);
#7374 = ORIENTED_EDGE('',*,*,#3778,.T.);
#7375 = ADVANCED_FACE('',(#7376),#3959,.T.);
#7376 = FACE_BOUND('',#7377,.T.);
#7377 = EDGE_LOOP('',(#7378,#7401,#7428,#7429));
#7378 = ORIENTED_EDGE('',*,*,#7379,.T.);
#7379 = EDGE_CURVE('',#3890,#7380,#7382,.T.);
#7380 = VERTEX_POINT('',#7381);
#7381 = CARTESIAN_POINT('',(170.73822236486,-723.1768845113,-5.2015E+03)
  );
#7382 = SEAM_CURVE('',#7383,(#7387,#7394),.PCURVE_S1.);
#7383 = LINE('',#7384,#7385);
#7384 = CARTESIAN_POINT('',(175.22860227091,-726.6224741995,-5.2015E+03)
  );
#7385 = VECTOR('',#7386,1.);
#7386 = DIRECTION('',(-0.793353340291,0.608761429009,0.));
#7387 = PCURVE('',#3959,#7388);
#7388 = DEFINITIONAL_REPRESENTATION('',(#7389),#7393);
#7389 = LINE('',#7390,#7391);
#7390 = CARTESIAN_POINT('',(6.28318530718,-0.));
#7391 = VECTOR('',#7392,1.);
#7392 = DIRECTION('',(0.,1.));
#7393 = ( GEOMETRIC_REPRESENTATION_CONTEXT(2) 
PARAMETRIC_REPRESENTATION_CONTEXT() REPRESENTATION_CONTEXT('2D SPACE',''
  ) );
#7394 = PCURVE('',#3959,#7395);
#7395 = DEFINITIONAL_REPRESENTATION('',(#7396),#7400);
#7396 = LINE('',#7397,#7398);
#7397 = CARTESIAN_POINT('',(0.,-0.));
#7398 = VECTOR('',#7399,1.);
#7399 = DIRECTION('',(0.,1.));
#7400 = ( GEOMETRIC_REPRESENTATION_CONTEXT(2) 
PARAMETRIC_REPRESENTATION_CONTEXT() REPRESENTATION_CONTEXT('2D SPACE',''
  ) );
#7401 = ORIENTED_EDGE('',*,*,#7402,.F.);
#7402 = EDGE_CURVE('',#7380,#7380,#7403,.T.);
#7403 = SURFACE_CURVE('',#7404,(#7409,#7416),.PCURVE_S1.);
#7404 = CIRCLE('',#7405,0.5);
#7405 = AXIS2_PLACEMENT_3D('',#7406,#7407,#7408);
#7406 = CARTESIAN_POINT('',(171.04260307937,-722.7802078411,-5.2015E+03)
  );
#7407 = DIRECTION('',(-0.793353340291,0.608761429009,0.));
#7408 = DIRECTION('',(-0.608761429009,-0.793353340291,0.));
#7409 = PCURVE('',#3959,#7410);
#7410 = DEFINITIONAL_REPRESENTATION('',(#7411),#7415);
#7411 = LINE('',#7412,#7413);
#7412 = CARTESIAN_POINT('',(0.,5.66));
#7413 = VECTOR('',#7414,1.);
#7414 = DIRECTION('',(1.,0.));
#7415 = ( GEOMETRIC_REPRESENTATION_CONTEXT(2) 
PARAMETRIC_REPRESENTATION_CONTEXT() REPRESENTATION_CONTEXT('2D SPACE',''
  ) );
#7416 = PCURVE('',#7417,#7422);
#7417 = PLANE('',#7418);
#7418 = AXIS2_PLACEMENT_3D('',#7419,#7420,#7421);
#7419 = CARTESIAN_POINT('',(171.04260307937,-722.7802078411,-5.2015E+03)
  );
#7420 = DIRECTION('',(-0.793353340291,0.608761429009,0.));
#7421 = DIRECTION('',(-0.608761429009,-0.793353340291,0.));
#7422 = DEFINITIONAL_REPRESENTATION('',(#7423),#7427);
#7423 = CIRCLE('',#7424,0.5);
#7424 = AXIS2_PLACEMENT_2D('',#7425,#7426);
#7425 = CARTESIAN_POINT('',(0.,0.));
#7426 = DIRECTION('',(1.,0.));
#7427 = ( GEOMETRIC_REPRESENTATION_CONTEXT(2) 
PARAMETRIC_REPRESENTATION_CONTEXT() REPRESENTATION_CONTEXT('2D SPACE',''
  ) );
#7428 = ORIENTED_EDGE('',*,*,#7379,.F.);
#7429 = ORIENTED_EDGE('',*,*,#3889,.T.);
#7430 = ADVANCED_FACE('',(#7431),#4070,.T.);
#7431 = FACE_BOUND('',#7432,.T.);
#7432 = EDGE_LOOP('',(#7433,#7456,#7483,#7484));
#7433 = ORIENTED_EDGE('',*,*,#7434,.T.);
#7434 = EDGE_CURVE('',#4001,#7435,#7437,.T.);
#7435 = VERTEX_POINT('',#7436);
#7436 = CARTESIAN_POINT('',(166.08705534715,-731.4939944849,-5.2015E+03)
  );
#7437 = SEAM_CURVE('',#7438,(#7442,#7449),.PCURVE_S1.);
#7438 = LINE('',#7439,#7440);
#7439 = CARTESIAN_POINT('',(171.31621350116,-733.6599827121,-5.2015E+03)
  );
#7440 = VECTOR('',#7441,1.);
#7441 = DIRECTION('',(-0.923879532511,0.382683432365,0.));
#7442 = PCURVE('',#4070,#7443);
#7443 = DEFINITIONAL_REPRESENTATION('',(#7444),#7448);
#7444 = LINE('',#7445,#7446);
#7445 = CARTESIAN_POINT('',(6.28318530718,-0.));
#7446 = VECTOR('',#7447,1.);
#7447 = DIRECTION('',(0.,1.));
#7448 = ( GEOMETRIC_REPRESENTATION_CONTEXT(2) 
PARAMETRIC_REPRESENTATION_CONTEXT() REPRESENTATION_CONTEXT('2D SPACE',''
  ) );
#7449 = PCURVE('',#4070,#7450);
#7450 = DEFINITIONAL_REPRESENTATION('',(#7451),#7455);
#7451 = LINE('',#7452,#7453);
#7452 = CARTESIAN_POINT('',(0.,-0.));
#7453 = VECTOR('',#7454,1.);
#7454 = DIRECTION('',(0.,1.));
#7455 = ( GEOMETRIC_REPRESENTATION_CONTEXT(2) 
PARAMETRIC_REPRESENTATION_CONTEXT() REPRESENTATION_CONTEXT('2D SPACE',''
  ) );
#7456 = ORIENTED_EDGE('',*,*,#7457,.F.);
#7457 = EDGE_CURVE('',#7435,#7435,#7458,.T.);
#7458 = SURFACE_CURVE('',#7459,(#7464,#7471),.PCURVE_S1.);
#7459 = CIRCLE('',#7460,0.5);
#7460 = AXIS2_PLACEMENT_3D('',#7461,#7462,#7463);
#7461 = CARTESIAN_POINT('',(166.27839706333,-731.0320547186,-5.2015E+03)
  );
#7462 = DIRECTION('',(-0.923879532511,0.382683432365,0.));
#7463 = DIRECTION('',(-0.382683432365,-0.923879532511,0.));
#7464 = PCURVE('',#4070,#7465);
#7465 = DEFINITIONAL_REPRESENTATION('',(#7466),#7470);
#7466 = LINE('',#7467,#7468);
#7467 = CARTESIAN_POINT('',(0.,5.66));
#7468 = VECTOR('',#7469,1.);
#7469 = DIRECTION('',(1.,0.));
#7470 = ( GEOMETRIC_REPRESENTATION_CONTEXT(2) 
PARAMETRIC_REPRESENTATION_CONTEXT() REPRESENTATION_CONTEXT('2D SPACE',''
  ) );
#7471 = PCURVE('',#7472,#7477);
#7472 = PLANE('',#7473);
#7473 = AXIS2_PLACEMENT_3D('',#7474,#7475,#7476);
#7474 = CARTESIAN_POINT('',(166.27839706333,-731.0320547186,-5.2015E+03)
  );
#7475 = DIRECTION('',(-0.923879532511,0.382683432365,0.));
#7476 = DIRECTION('',(-0.382683432365,-0.923879532511,0.));
#7477 = DEFINITIONAL_REPRESENTATION('',(#7478),#7482);
#7478 = CIRCLE('',#7479,0.5);
#7479 = AXIS2_PLACEMENT_2D('',#7480,#7481);
#7480 = CARTESIAN_POINT('',(0.,0.));
#7481 = DIRECTION('',(1.,0.));
#7482 = ( GEOMETRIC_REPRESENTATION_CONTEXT(2) 
PARAMETRIC_REPRESENTATION_CONTEXT() REPRESENTATION_CONTEXT('2D SPACE',''
  ) );
#7483 = ORIENTED_EDGE('',*,*,#7434,.F.);
#7484 = ORIENTED_EDGE('',*,*,#4000,.T.);
#7485 = ADVANCED_FACE('',(#7486),#4181,.T.);
#7486 = FACE_BOUND('',#7487,.T.);
#7487 = EDGE_LOOP('',(#7488,#7511,#7538,#7539));
#7488 = ORIENTED_EDGE('',*,*,#7489,.T.);
#7489 = EDGE_CURVE('',#4112,#7490,#7492,.T.);
#7490 = VERTEX_POINT('',#7491);
#7491 = CARTESIAN_POINT('',(163.74699946374,-740.7315164146,-5.2015E+03)
  );
#7492 = SEAM_CURVE('',#7493,(#7497,#7504),.PCURVE_S1.);
#7493 = LINE('',#7494,#7495);
#7494 = CARTESIAN_POINT('',(169.35857737912,-741.4702946626,-5.2015E+03)
  );
#7495 = VECTOR('',#7496,1.);
#7496 = DIRECTION('',(-0.991444861374,0.13052619222,6.162975822039E-33)
  );
#7497 = PCURVE('',#4181,#7498);
#7498 = DEFINITIONAL_REPRESENTATION('',(#7499),#7503);
#7499 = LINE('',#7500,#7501);
#7500 = CARTESIAN_POINT('',(6.28318530718,-0.));
#7501 = VECTOR('',#7502,1.);
#7502 = DIRECTION('',(0.,1.));
#7503 = ( GEOMETRIC_REPRESENTATION_CONTEXT(2) 
PARAMETRIC_REPRESENTATION_CONTEXT() REPRESENTATION_CONTEXT('2D SPACE',''
  ) );
#7504 = PCURVE('',#4181,#7505);
#7505 = DEFINITIONAL_REPRESENTATION('',(#7506),#7510);
#7506 = LINE('',#7507,#7508);
#7507 = CARTESIAN_POINT('',(0.,-0.));
#7508 = VECTOR('',#7509,1.);
#7509 = DIRECTION('',(0.,1.));
#7510 = ( GEOMETRIC_REPRESENTATION_CONTEXT(2) 
PARAMETRIC_REPRESENTATION_CONTEXT() REPRESENTATION_CONTEXT('2D SPACE',''
  ) );
#7511 = ORIENTED_EDGE('',*,*,#7512,.F.);
#7512 = EDGE_CURVE('',#7490,#7490,#7513,.T.);
#7513 = SURFACE_CURVE('',#7514,(#7519,#7526),.PCURVE_S1.);
#7514 = CIRCLE('',#7515,0.5);
#7515 = AXIS2_PLACEMENT_3D('',#7516,#7517,#7518);
#7516 = CARTESIAN_POINT('',(163.81226255985,-740.2357939839,-5.2015E+03)
  );
#7517 = DIRECTION('',(-0.991444861374,0.13052619222,0.));
#7518 = DIRECTION('',(-0.13052619222,-0.991444861374,0.));
#7519 = PCURVE('',#4181,#7520);
#7520 = DEFINITIONAL_REPRESENTATION('',(#7521),#7525);
#7521 = LINE('',#7522,#7523);
#7522 = CARTESIAN_POINT('',(0.,5.66));
#7523 = VECTOR('',#7524,1.);
#7524 = DIRECTION('',(1.,0.));
#7525 = ( GEOMETRIC_REPRESENTATION_CONTEXT(2) 
PARAMETRIC_REPRESENTATION_CONTEXT() REPRESENTATION_CONTEXT('2D SPACE',''
  ) );
#7526 = PCURVE('',#7527,#7532);
#7527 = PLANE('',#7528);
#7528 = AXIS2_PLACEMENT_3D('',#7529,#7530,#7531);
#7529 = CARTESIAN_POINT('',(163.81226255985,-740.2357939839,-5.2015E+03)
  );
#7530 = DIRECTION('',(-0.991444861374,0.13052619222,0.));
#7531 = DIRECTION('',(-0.13052619222,-0.991444861374,0.));
#7532 = DEFINITIONAL_REPRESENTATION('',(#7533),#7537);
#7533 = CIRCLE('',#7534,0.5);
#7534 = AXIS2_PLACEMENT_2D('',#7535,#7536);
#7535 = CARTESIAN_POINT('',(0.,0.));
#7536 = DIRECTION('',(1.,0.));
#7537 = ( GEOMETRIC_REPRESENTATION_CONTEXT(2) 
PARAMETRIC_REPRESENTATION_CONTEXT() REPRESENTATION_CONTEXT('2D SPACE',''
  ) );
#7538 = ORIENTED_EDGE('',*,*,#7489,.F.);
#7539 = ORIENTED_EDGE('',*,*,#4111,.T.);
#7540 = ADVANCED_FACE('',(#7541),#4292,.T.);
#7541 = FACE_BOUND('',#7542,.T.);
#7542 = EDGE_LOOP('',(#7543,#7566,#7593,#7594));
#7543 = ORIENTED_EDGE('',*,*,#7544,.T.);
#7544 = EDGE_CURVE('',#4223,#7545,#7547,.T.);
#7545 = VERTEX_POINT('',#7546);
#7546 = CARTESIAN_POINT('',(163.87752565596,-750.2599284467,-5.2015E+03)
  );
#7547 = SEAM_CURVE('',#7548,(#7552,#7559),.PCURVE_S1.);
#7548 = LINE('',#7549,#7550);
#7549 = CARTESIAN_POINT('',(169.48910357134,-749.5211501987,-5.2015E+03)
  );
#7550 = VECTOR('',#7551,1.);
#7551 = DIRECTION('',(-0.991444861374,-0.13052619222,6.162975822039E-33)
  );
#7552 = PCURVE('',#4292,#7553);
#7553 = DEFINITIONAL_REPRESENTATION('',(#7554),#7558);
#7554 = LINE('',#7555,#7556);
#7555 = CARTESIAN_POINT('',(6.28318530718,-0.));
#7556 = VECTOR('',#7557,1.);
#7557 = DIRECTION('',(0.,1.));
#7558 = ( GEOMETRIC_REPRESENTATION_CONTEXT(2) 
PARAMETRIC_REPRESENTATION_CONTEXT() REPRESENTATION_CONTEXT('2D SPACE',''
  ) );
#7559 = PCURVE('',#4292,#7560);
#7560 = DEFINITIONAL_REPRESENTATION('',(#7561),#7565);
#7561 = LINE('',#7562,#7563);
#7562 = CARTESIAN_POINT('',(0.,-0.));
#7563 = VECTOR('',#7564,1.);
#7564 = DIRECTION('',(0.,1.));
#7565 = ( GEOMETRIC_REPRESENTATION_CONTEXT(2) 
PARAMETRIC_REPRESENTATION_CONTEXT() REPRESENTATION_CONTEXT('2D SPACE',''
  ) );
#7566 = ORIENTED_EDGE('',*,*,#7567,.F.);
#7567 = EDGE_CURVE('',#7545,#7545,#7568,.T.);
#7568 = SURFACE_CURVE('',#7569,(#7574,#7581),.PCURVE_S1.);
#7569 = CIRCLE('',#7570,0.5);
#7570 = AXIS2_PLACEMENT_3D('',#7571,#7572,#7573);
#7571 = CARTESIAN_POINT('',(163.81226255985,-749.764206016,-5.2015E+03)
  );
#7572 = DIRECTION('',(-0.991444861374,-0.13052619222,0.));
#7573 = DIRECTION('',(0.13052619222,-0.991444861374,0.));
#7574 = PCURVE('',#4292,#7575);
#7575 = DEFINITIONAL_REPRESENTATION('',(#7576),#7580);
#7576 = LINE('',#7577,#7578);
#7577 = CARTESIAN_POINT('',(0.,5.66));
#7578 = VECTOR('',#7579,1.);
#7579 = DIRECTION('',(1.,0.));
#7580 = ( GEOMETRIC_REPRESENTATION_CONTEXT(2) 
PARAMETRIC_REPRESENTATION_CONTEXT() REPRESENTATION_CONTEXT('2D SPACE',''
  ) );
#7581 = PCURVE('',#7582,#7587);
#7582 = PLANE('',#7583);
#7583 = AXIS2_PLACEMENT_3D('',#7584,#7585,#7586);
#7584 = CARTESIAN_POINT('',(163.81226255985,-749.764206016,-5.2015E+03)
  );
#7585 = DIRECTION('',(-0.991444861374,-0.13052619222,0.));
#7586 = DIRECTION('',(0.13052619222,-0.991444861374,0.));
#7587 = DEFINITIONAL_REPRESENTATION('',(#7588),#7592);
#7588 = CIRCLE('',#7589,0.5);
#7589 = AXIS2_PLACEMENT_2D('',#7590,#7591);
#7590 = CARTESIAN_POINT('',(0.,0.));
#7591 = DIRECTION('',(1.,0.));
#7592 = ( GEOMETRIC_REPRESENTATION_CONTEXT(2) 
PARAMETRIC_REPRESENTATION_CONTEXT() REPRESENTATION_CONTEXT('2D SPACE',''
  ) );
#7593 = ORIENTED_EDGE('',*,*,#7544,.F.);
#7594 = ORIENTED_EDGE('',*,*,#4222,.T.);
#7595 = ADVANCED_FACE('',(#7596),#4403,.T.);
#7596 = FACE_BOUND('',#7597,.T.);
#7597 = EDGE_LOOP('',(#7598,#7621,#7648,#7649));
#7598 = ORIENTED_EDGE('',*,*,#7599,.T.);
#7599 = EDGE_CURVE('',#4334,#7600,#7602,.T.);
#7600 = VERTEX_POINT('',#7601);
#7601 = CARTESIAN_POINT('',(166.46973877952,-759.4298850475,-5.2015E+03)
  );
#7602 = SEAM_CURVE('',#7603,(#7607,#7614),.PCURVE_S1.);
#7603 = LINE('',#7604,#7605);
#7604 = CARTESIAN_POINT('',(171.69889693353,-757.2638968203,-5.2015E+03)
  );
#7605 = VECTOR('',#7606,1.);
#7606 = DIRECTION('',(-0.923879532511,-0.382683432365,0.));
#7607 = PCURVE('',#4403,#7608);
#7608 = DEFINITIONAL_REPRESENTATION('',(#7609),#7613);
#7609 = LINE('',#7610,#7611);
#7610 = CARTESIAN_POINT('',(6.28318530718,-0.));
#7611 = VECTOR('',#7612,1.);
#7612 = DIRECTION('',(0.,1.));
#7613 = ( GEOMETRIC_REPRESENTATION_CONTEXT(2) 
PARAMETRIC_REPRESENTATION_CONTEXT() REPRESENTATION_CONTEXT('2D SPACE',''
  ) );
#7614 = PCURVE('',#4403,#7615);
#7615 = DEFINITIONAL_REPRESENTATION('',(#7616),#7620);
#7616 = LINE('',#7617,#7618);
#7617 = CARTESIAN_POINT('',(0.,-0.));
#7618 = VECTOR('',#7619,1.);
#7619 = DIRECTION('',(0.,1.));
#7620 = ( GEOMETRIC_REPRESENTATION_CONTEXT(2) 
PARAMETRIC_REPRESENTATION_CONTEXT() REPRESENTATION_CONTEXT('2D SPACE',''
  ) );
#7621 = ORIENTED_EDGE('',*,*,#7622,.F.);
#7622 = EDGE_CURVE('',#7600,#7600,#7623,.T.);
#7623 = SURFACE_CURVE('',#7624,(#7629,#7636),.PCURVE_S1.);
#7624 = CIRCLE('',#7625,0.5);
#7625 = AXIS2_PLACEMENT_3D('',#7626,#7627,#7628);
#7626 = CARTESIAN_POINT('',(166.27839706333,-758.9679452813,-5.2015E+03)
  );
#7627 = DIRECTION('',(-0.923879532511,-0.382683432365,0.));
#7628 = DIRECTION('',(0.382683432365,-0.923879532511,0.));
#7629 = PCURVE('',#4403,#7630);
#7630 = DEFINITIONAL_REPRESENTATION('',(#7631),#7635);
#7631 = LINE('',#7632,#7633);
#7632 = CARTESIAN_POINT('',(0.,5.66));
#7633 = VECTOR('',#7634,1.);
#7634 = DIRECTION('',(1.,0.));
#7635 = ( GEOMETRIC_REPRESENTATION_CONTEXT(2) 
PARAMETRIC_REPRESENTATION_CONTEXT() REPRESENTATION_CONTEXT('2D SPACE',''
  ) );
#7636 = PCURVE('',#7637,#7642);
#7637 = PLANE('',#7638);
#7638 = AXIS2_PLACEMENT_3D('',#7639,#7640,#7641);
#7639 = CARTESIAN_POINT('',(166.27839706333,-758.9679452813,-5.2015E+03)
  );
#7640 = DIRECTION('',(-0.923879532511,-0.382683432365,0.));
#7641 = DIRECTION('',(0.382683432365,-0.923879532511,0.));
#7642 = DEFINITIONAL_REPRESENTATION('',(#7643),#7647);
#7643 = CIRCLE('',#7644,0.5);
#7644 = AXIS2_PLACEMENT_2D('',#7645,#7646);
#7645 = CARTESIAN_POINT('',(0.,0.));
#7646 = DIRECTION('',(1.,0.));
#7647 = ( GEOMETRIC_REPRESENTATION_CONTEXT(2) 
PARAMETRIC_REPRESENTATION_CONTEXT() REPRESENTATION_CONTEXT('2D SPACE',''
  ) );
#7648 = ORIENTED_EDGE('',*,*,#7599,.F.);
#7649 = ORIENTED_EDGE('',*,*,#4333,.T.);
#7650 = ADVANCED_FACE('',(#7651),#4514,.T.);
#7651 = FACE_BOUND('',#7652,.T.);
#7652 = EDGE_LOOP('',(#7653,#7676,#7703,#7704));
#7653 = ORIENTED_EDGE('',*,*,#7654,.T.);
#7654 = EDGE_CURVE('',#4445,#7655,#7657,.T.);
#7655 = VERTEX_POINT('',#7656);
#7656 = CARTESIAN_POINT('',(171.34698379387,-767.6164688289,-5.2015E+03)
  );
#7657 = SEAM_CURVE('',#7658,(#7662,#7669),.PCURVE_S1.);
#7658 = LINE('',#7659,#7660);
#7659 = CARTESIAN_POINT('',(175.83736369992,-764.1708791407,-5.2015E+03)
  );
#7660 = VECTOR('',#7661,1.);
#7661 = DIRECTION('',(-0.793353340291,-0.608761429009,2.465190328816E-32
    ));
#7662 = PCURVE('',#4514,#7663);
#7663 = DEFINITIONAL_REPRESENTATION('',(#7664),#7668);
#7664 = LINE('',#7665,#7666);
#7665 = CARTESIAN_POINT('',(6.28318530718,-0.));
#7666 = VECTOR('',#7667,1.);
#7667 = DIRECTION('',(0.,1.));
#7668 = ( GEOMETRIC_REPRESENTATION_CONTEXT(2) 
PARAMETRIC_REPRESENTATION_CONTEXT() REPRESENTATION_CONTEXT('2D SPACE',''
  ) );
#7669 = PCURVE('',#4514,#7670);
#7670 = DEFINITIONAL_REPRESENTATION('',(#7671),#7675);
#7671 = LINE('',#7672,#7673);
#7672 = CARTESIAN_POINT('',(0.,-0.));
#7673 = VECTOR('',#7674,1.);
#7674 = DIRECTION('',(0.,1.));
#7675 = ( GEOMETRIC_REPRESENTATION_CONTEXT(2) 
PARAMETRIC_REPRESENTATION_CONTEXT() REPRESENTATION_CONTEXT('2D SPACE',''
  ) );
#7676 = ORIENTED_EDGE('',*,*,#7677,.F.);
#7677 = EDGE_CURVE('',#7655,#7655,#7678,.T.);
#7678 = SURFACE_CURVE('',#7679,(#7684,#7691),.PCURVE_S1.);
#7679 = CIRCLE('',#7680,0.5);
#7680 = AXIS2_PLACEMENT_3D('',#7681,#7682,#7683);
#7681 = CARTESIAN_POINT('',(171.04260307937,-767.2197921588,-5.2015E+03)
  );
#7682 = DIRECTION('',(-0.793353340291,-0.608761429009,0.));
#7683 = DIRECTION('',(0.608761429009,-0.793353340291,0.));
#7684 = PCURVE('',#4514,#7685);
#7685 = DEFINITIONAL_REPRESENTATION('',(#7686),#7690);
#7686 = LINE('',#7687,#7688);
#7687 = CARTESIAN_POINT('',(0.,5.66));
#7688 = VECTOR('',#7689,1.);
#7689 = DIRECTION('',(1.,0.));
#7690 = ( GEOMETRIC_REPRESENTATION_CONTEXT(2) 
PARAMETRIC_REPRESENTATION_CONTEXT() REPRESENTATION_CONTEXT('2D SPACE',''
  ) );
#7691 = PCURVE('',#7692,#7697);
#7692 = PLANE('',#7693);
#7693 = AXIS2_PLACEMENT_3D('',#7694,#7695,#7696);
#7694 = CARTESIAN_POINT('',(171.04260307937,-767.2197921588,-5.2015E+03)
  );
#7695 = DIRECTION('',(-0.793353340291,-0.608761429009,0.));
#7696 = DIRECTION('',(0.608761429009,-0.793353340291,0.));
#7697 = DEFINITIONAL_REPRESENTATION('',(#7698),#7702);
#7698 = CIRCLE('',#7699,0.5);
#7699 = AXIS2_PLACEMENT_2D('',#7700,#7701);
#7700 = CARTESIAN_POINT('',(0.,0.));
#7701 = DIRECTION('',(1.,0.));
#7702 = ( GEOMETRIC_REPRESENTATION_CONTEXT(2) 
PARAMETRIC_REPRESENTATION_CONTEXT() REPRESENTATION_CONTEXT('2D SPACE',''
  ) );
#7703 = ORIENTED_EDGE('',*,*,#7654,.F.);
#7704 = ORIENTED_EDGE('',*,*,#4444,.T.);
#7705 = ADVANCED_FACE('',(#7706),#4625,.T.);
#7706 = FACE_BOUND('',#7707,.T.);
#7707 = EDGE_LOOP('',(#7708,#7731,#7758,#7759));
#7708 = ORIENTED_EDGE('',*,*,#7709,.T.);
#7709 = EDGE_CURVE('',#4556,#7710,#7712,.T.);
#7710 = VERTEX_POINT('',#7711);
#7711 = CARTESIAN_POINT('',(177.38353117103,-773.6530162061,-5.2015E+03)
  );
#7712 = SEAM_CURVE('',#7713,(#7717,#7724),.PCURVE_S1.);
#7713 = LINE('',#7714,#7715);
#7714 = CARTESIAN_POINT('',(180.82912085922,-769.1626363,-5.2015E+03));
#7715 = VECTOR('',#7716,1.);
#7716 = DIRECTION('',(-0.608761429009,-0.793353340291,0.));
#7717 = PCURVE('',#4625,#7718);
#7718 = DEFINITIONAL_REPRESENTATION('',(#7719),#7723);
#7719 = LINE('',#7720,#7721);
#7720 = CARTESIAN_POINT('',(6.28318530718,-0.));
#7721 = VECTOR('',#7722,1.);
#7722 = DIRECTION('',(0.,1.));
#7723 = ( GEOMETRIC_REPRESENTATION_CONTEXT(2) 
PARAMETRIC_REPRESENTATION_CONTEXT() REPRESENTATION_CONTEXT('2D SPACE',''
  ) );
#7724 = PCURVE('',#4625,#7725);
#7725 = DEFINITIONAL_REPRESENTATION('',(#7726),#7730);
#7726 = LINE('',#7727,#7728);
#7727 = CARTESIAN_POINT('',(0.,-0.));
#7728 = VECTOR('',#7729,1.);
#7729 = DIRECTION('',(0.,1.));
#7730 = ( GEOMETRIC_REPRESENTATION_CONTEXT(2) 
PARAMETRIC_REPRESENTATION_CONTEXT() REPRESENTATION_CONTEXT('2D SPACE',''
  ) );
#7731 = ORIENTED_EDGE('',*,*,#7732,.F.);
#7732 = EDGE_CURVE('',#7710,#7710,#7733,.T.);
#7733 = SURFACE_CURVE('',#7734,(#7739,#7746),.PCURVE_S1.);
#7734 = CIRCLE('',#7735,0.5);
#7735 = AXIS2_PLACEMENT_3D('',#7736,#7737,#7738);
#7736 = CARTESIAN_POINT('',(177.78020784118,-773.9573969206,-5.2015E+03)
  );
#7737 = DIRECTION('',(-0.608761429009,-0.793353340291,0.));
#7738 = DIRECTION('',(-0.793353340291,0.608761429009,0.));
#7739 = PCURVE('',#4625,#7740);
#7740 = DEFINITIONAL_REPRESENTATION('',(#7741),#7745);
#7741 = LINE('',#7742,#7743);
#7742 = CARTESIAN_POINT('',(0.,5.66));
#7743 = VECTOR('',#7744,1.);
#7744 = DIRECTION('',(1.,0.));
#7745 = ( GEOMETRIC_REPRESENTATION_CONTEXT(2) 
PARAMETRIC_REPRESENTATION_CONTEXT() REPRESENTATION_CONTEXT('2D SPACE',''
  ) );
#7746 = PCURVE('',#7747,#7752);
#7747 = PLANE('',#7748);
#7748 = AXIS2_PLACEMENT_3D('',#7749,#7750,#7751);
#7749 = CARTESIAN_POINT('',(177.78020784118,-773.9573969206,-5.2015E+03)
  );
#7750 = DIRECTION('',(-0.608761429009,-0.793353340291,0.));
#7751 = DIRECTION('',(-0.793353340291,0.608761429009,0.));
#7752 = DEFINITIONAL_REPRESENTATION('',(#7753),#7757);
#7753 = CIRCLE('',#7754,0.5);
#7754 = AXIS2_PLACEMENT_2D('',#7755,#7756);
#7755 = CARTESIAN_POINT('',(0.,0.));
#7756 = DIRECTION('',(1.,0.));
#7757 = ( GEOMETRIC_REPRESENTATION_CONTEXT(2) 
PARAMETRIC_REPRESENTATION_CONTEXT() REPRESENTATION_CONTEXT('2D SPACE',''
  ) );
#7758 = ORIENTED_EDGE('',*,*,#7709,.F.);
#7759 = ORIENTED_EDGE('',*,*,#4555,.T.);
#7760 = ADVANCED_FACE('',(#7761),#4736,.T.);
#7761 = FACE_BOUND('',#7762,.T.);
#7762 = EDGE_LOOP('',(#7763,#7786,#7813,#7814));
#7763 = ORIENTED_EDGE('',*,*,#7764,.T.);
#7764 = EDGE_CURVE('',#4667,#7765,#7767,.T.);
#7765 = VERTEX_POINT('',#7766);
#7766 = CARTESIAN_POINT('',(185.57011495241,-778.5302612204,-5.2015E+03)
  );
#7767 = SEAM_CURVE('',#7768,(#7772,#7779),.PCURVE_S1.);
#7768 = LINE('',#7769,#7770);
#7769 = CARTESIAN_POINT('',(187.7361031796,-773.3011030664,-5.2015E+03)
  );
#7770 = VECTOR('',#7771,1.);
#7771 = DIRECTION('',(-0.382683432365,-0.923879532511,
    -1.232595164408E-32));
#7772 = PCURVE('',#4736,#7773);
#7773 = DEFINITIONAL_REPRESENTATION('',(#7774),#7778);
#7774 = LINE('',#7775,#7776);
#7775 = CARTESIAN_POINT('',(6.28318530718,-0.));
#7776 = VECTOR('',#7777,1.);
#7777 = DIRECTION('',(0.,1.));
#7778 = ( GEOMETRIC_REPRESENTATION_CONTEXT(2) 
PARAMETRIC_REPRESENTATION_CONTEXT() REPRESENTATION_CONTEXT('2D SPACE',''
  ) );
#7779 = PCURVE('',#4736,#7780);
#7780 = DEFINITIONAL_REPRESENTATION('',(#7781),#7785);
#7781 = LINE('',#7782,#7783);
#7782 = CARTESIAN_POINT('',(0.,-0.));
#7783 = VECTOR('',#7784,1.);
#7784 = DIRECTION('',(0.,1.));
#7785 = ( GEOMETRIC_REPRESENTATION_CONTEXT(2) 
PARAMETRIC_REPRESENTATION_CONTEXT() REPRESENTATION_CONTEXT('2D SPACE',''
  ) );
#7786 = ORIENTED_EDGE('',*,*,#7787,.F.);
#7787 = EDGE_CURVE('',#7765,#7765,#7788,.T.);
#7788 = SURFACE_CURVE('',#7789,(#7794,#7801),.PCURVE_S1.);
#7789 = CIRCLE('',#7790,0.5);
#7790 = AXIS2_PLACEMENT_3D('',#7791,#7792,#7793);
#7791 = CARTESIAN_POINT('',(186.03205471867,-778.7216029366,-5.2015E+03)
  );
#7792 = DIRECTION('',(-0.382683432365,-0.923879532511,0.));
#7793 = DIRECTION('',(-0.923879532511,0.382683432365,0.));
#7794 = PCURVE('',#4736,#7795);
#7795 = DEFINITIONAL_REPRESENTATION('',(#7796),#7800);
#7796 = LINE('',#7797,#7798);
#7797 = CARTESIAN_POINT('',(0.,5.66));
#7798 = VECTOR('',#7799,1.);
#7799 = DIRECTION('',(1.,0.));
#7800 = ( GEOMETRIC_REPRESENTATION_CONTEXT(2) 
PARAMETRIC_REPRESENTATION_CONTEXT() REPRESENTATION_CONTEXT('2D SPACE',''
  ) );
#7801 = PCURVE('',#7802,#7807);
#7802 = PLANE('',#7803);
#7803 = AXIS2_PLACEMENT_3D('',#7804,#7805,#7806);
#7804 = CARTESIAN_POINT('',(186.03205471867,-778.7216029366,-5.2015E+03)
  );
#7805 = DIRECTION('',(-0.382683432365,-0.923879532511,0.));
#7806 = DIRECTION('',(-0.923879532511,0.382683432365,0.));
#7807 = DEFINITIONAL_REPRESENTATION('',(#7808),#7812);
#7808 = CIRCLE('',#7809,0.5);
#7809 = AXIS2_PLACEMENT_2D('',#7810,#7811);
#7810 = CARTESIAN_POINT('',(0.,0.));
#7811 = DIRECTION('',(1.,0.));
#7812 = ( GEOMETRIC_REPRESENTATION_CONTEXT(2) 
PARAMETRIC_REPRESENTATION_CONTEXT() REPRESENTATION_CONTEXT('2D SPACE',''
  ) );
#7813 = ORIENTED_EDGE('',*,*,#7764,.F.);
#7814 = ORIENTED_EDGE('',*,*,#4666,.T.);
#7815 = ADVANCED_FACE('',(#7816),#4847,.T.);
#7816 = FACE_BOUND('',#7817,.T.);
#7817 = EDGE_LOOP('',(#7818,#7841,#7868,#7869));
#7818 = ORIENTED_EDGE('',*,*,#7819,.T.);
#7819 = EDGE_CURVE('',#4778,#7820,#7822,.T.);
#7820 = VERTEX_POINT('',#7821);
#7821 = CARTESIAN_POINT('',(194.74007155328,-781.122474344,-5.2015E+03)
  );
#7822 = SEAM_CURVE('',#7823,(#7827,#7834),.PCURVE_S1.);
#7823 = LINE('',#7824,#7825);
#7824 = CARTESIAN_POINT('',(195.47884980124,-775.5108964286,-5.2015E+03)
  );
#7825 = VECTOR('',#7826,1.);
#7826 = DIRECTION('',(-0.13052619222,-0.991444861374,-6.162975822039E-33
    ));
#7827 = PCURVE('',#4847,#7828);
#7828 = DEFINITIONAL_REPRESENTATION('',(#7829),#7833);
#7829 = LINE('',#7830,#7831);
#7830 = CARTESIAN_POINT('',(6.28318530718,-0.));
#7831 = VECTOR('',#7832,1.);
#7832 = DIRECTION('',(0.,1.));
#7833 = ( GEOMETRIC_REPRESENTATION_CONTEXT(2) 
PARAMETRIC_REPRESENTATION_CONTEXT() REPRESENTATION_CONTEXT('2D SPACE',''
  ) );
#7834 = PCURVE('',#4847,#7835);
#7835 = DEFINITIONAL_REPRESENTATION('',(#7836),#7840);
#7836 = LINE('',#7837,#7838);
#7837 = CARTESIAN_POINT('',(0.,-0.));
#7838 = VECTOR('',#7839,1.);
#7839 = DIRECTION('',(0.,1.));
#7840 = ( GEOMETRIC_REPRESENTATION_CONTEXT(2) 
PARAMETRIC_REPRESENTATION_CONTEXT() REPRESENTATION_CONTEXT('2D SPACE',''
  ) );
#7841 = ORIENTED_EDGE('',*,*,#7842,.F.);
#7842 = EDGE_CURVE('',#7820,#7820,#7843,.T.);
#7843 = SURFACE_CURVE('',#7844,(#7849,#7856),.PCURVE_S1.);
#7844 = CIRCLE('',#7845,0.5);
#7845 = AXIS2_PLACEMENT_3D('',#7846,#7847,#7848);
#7846 = CARTESIAN_POINT('',(195.23579398396,-781.1877374401,-5.2015E+03)
  );
#7847 = DIRECTION('',(-0.13052619222,-0.991444861374,0.));
#7848 = DIRECTION('',(-0.991444861374,0.13052619222,0.));
#7849 = PCURVE('',#4847,#7850);
#7850 = DEFINITIONAL_REPRESENTATION('',(#7851),#7855);
#7851 = LINE('',#7852,#7853);
#7852 = CARTESIAN_POINT('',(0.,5.66));
#7853 = VECTOR('',#7854,1.);
#7854 = DIRECTION('',(1.,0.));
#7855 = ( GEOMETRIC_REPRESENTATION_CONTEXT(2) 
PARAMETRIC_REPRESENTATION_CONTEXT() REPRESENTATION_CONTEXT('2D SPACE',''
  ) );
#7856 = PCURVE('',#7857,#7862);
#7857 = PLANE('',#7858);
#7858 = AXIS2_PLACEMENT_3D('',#7859,#7860,#7861);
#7859 = CARTESIAN_POINT('',(195.23579398396,-781.1877374401,-5.2015E+03)
  );
#7860 = DIRECTION('',(-0.13052619222,-0.991444861374,0.));
#7861 = DIRECTION('',(-0.991444861374,0.13052619222,0.));
#7862 = DEFINITIONAL_REPRESENTATION('',(#7863),#7867);
#7863 = CIRCLE('',#7864,0.5);
#7864 = AXIS2_PLACEMENT_2D('',#7865,#7866);
#7865 = CARTESIAN_POINT('',(0.,0.));
#7866 = DIRECTION('',(1.,0.));
#7867 = ( GEOMETRIC_REPRESENTATION_CONTEXT(2) 
PARAMETRIC_REPRESENTATION_CONTEXT() REPRESENTATION_CONTEXT('2D SPACE',''
  ) );
#7868 = ORIENTED_EDGE('',*,*,#7819,.F.);
#7869 = ORIENTED_EDGE('',*,*,#4777,.T.);
#7870 = ADVANCED_FACE('',(#7871),#4958,.T.);
#7871 = FACE_BOUND('',#7872,.T.);
#7872 = EDGE_LOOP('',(#7873,#7896,#7923,#7924));
#7873 = ORIENTED_EDGE('',*,*,#7874,.T.);
#7874 = EDGE_CURVE('',#4889,#7875,#7877,.T.);
#7875 = VERTEX_POINT('',#7876);
#7876 = CARTESIAN_POINT('',(204.26848358534,-781.2530005362,-5.2015E+03)
  );
#7877 = SEAM_CURVE('',#7878,(#7882,#7889),.PCURVE_S1.);
#7878 = LINE('',#7879,#7880);
#7879 = CARTESIAN_POINT('',(203.52970533737,-775.6414226208,-5.2015E+03)
  );
#7880 = VECTOR('',#7881,1.);
#7881 = DIRECTION('',(0.13052619222,-0.991444861374,0.));
#7882 = PCURVE('',#4958,#7883);
#7883 = DEFINITIONAL_REPRESENTATION('',(#7884),#7888);
#7884 = LINE('',#7885,#7886);
#7885 = CARTESIAN_POINT('',(6.28318530718,-0.));
#7886 = VECTOR('',#7887,1.);
#7887 = DIRECTION('',(0.,1.));
#7888 = ( GEOMETRIC_REPRESENTATION_CONTEXT(2) 
PARAMETRIC_REPRESENTATION_CONTEXT() REPRESENTATION_CONTEXT('2D SPACE',''
  ) );
#7889 = PCURVE('',#4958,#7890);
#7890 = DEFINITIONAL_REPRESENTATION('',(#7891),#7895);
#7891 = LINE('',#7892,#7893);
#7892 = CARTESIAN_POINT('',(0.,-0.));
#7893 = VECTOR('',#7894,1.);
#7894 = DIRECTION('',(0.,1.));
#7895 = ( GEOMETRIC_REPRESENTATION_CONTEXT(2) 
PARAMETRIC_REPRESENTATION_CONTEXT() REPRESENTATION_CONTEXT('2D SPACE',''
  ) );
#7896 = ORIENTED_EDGE('',*,*,#7897,.F.);
#7897 = EDGE_CURVE('',#7875,#7875,#7898,.T.);
#7898 = SURFACE_CURVE('',#7899,(#7904,#7911),.PCURVE_S1.);
#7899 = CIRCLE('',#7900,0.5);
#7900 = AXIS2_PLACEMENT_3D('',#7901,#7902,#7903);
#7901 = CARTESIAN_POINT('',(204.76420601603,-781.1877374401,-5.2015E+03)
  );
#7902 = DIRECTION('',(0.13052619222,-0.991444861374,0.));
#7903 = DIRECTION('',(-0.991444861374,-0.13052619222,0.));
#7904 = PCURVE('',#4958,#7905);
#7905 = DEFINITIONAL_REPRESENTATION('',(#7906),#7910);
#7906 = LINE('',#7907,#7908);
#7907 = CARTESIAN_POINT('',(0.,5.66));
#7908 = VECTOR('',#7909,1.);
#7909 = DIRECTION('',(1.,0.));
#7910 = ( GEOMETRIC_REPRESENTATION_CONTEXT(2) 
PARAMETRIC_REPRESENTATION_CONTEXT() REPRESENTATION_CONTEXT('2D SPACE',''
  ) );
#7911 = PCURVE('',#7912,#7917);
#7912 = PLANE('',#7913);
#7913 = AXIS2_PLACEMENT_3D('',#7914,#7915,#7916);
#7914 = CARTESIAN_POINT('',(204.76420601603,-781.1877374401,-5.2015E+03)
  );
#7915 = DIRECTION('',(0.13052619222,-0.991444861374,0.));
#7916 = DIRECTION('',(-0.991444861374,-0.13052619222,0.));
#7917 = DEFINITIONAL_REPRESENTATION('',(#7918),#7922);
#7918 = CIRCLE('',#7919,0.5);
#7919 = AXIS2_PLACEMENT_2D('',#7920,#7921);
#7920 = CARTESIAN_POINT('',(0.,0.));
#7921 = DIRECTION('',(1.,0.));
#7922 = ( GEOMETRIC_REPRESENTATION_CONTEXT(2) 
PARAMETRIC_REPRESENTATION_CONTEXT() REPRESENTATION_CONTEXT('2D SPACE',''
  ) );
#7923 = ORIENTED_EDGE('',*,*,#7874,.F.);
#7924 = ORIENTED_EDGE('',*,*,#4888,.T.);
#7925 = ADVANCED_FACE('',(#7926),#5069,.T.);
#7926 = FACE_BOUND('',#7927,.T.);
#7927 = EDGE_LOOP('',(#7928,#7951,#7978,#7979));
#7928 = ORIENTED_EDGE('',*,*,#7929,.T.);
#7929 = EDGE_CURVE('',#5000,#7930,#7932,.T.);
#7930 = VERTEX_POINT('',#7931);
#7931 = CARTESIAN_POINT('',(213.50600551507,-778.9129446528,-5.2015E+03)
  );
#7932 = SEAM_CURVE('',#7933,(#7937,#7944),.PCURVE_S1.);
#7933 = LINE('',#7934,#7935);
#7934 = CARTESIAN_POINT('',(211.34001728788,-773.6837864988,-5.2015E+03)
  );
#7935 = VECTOR('',#7936,1.);
#7936 = DIRECTION('',(0.382683432365,-0.923879532511,0.));
#7937 = PCURVE('',#5069,#7938);
#7938 = DEFINITIONAL_REPRESENTATION('',(#7939),#7943);
#7939 = LINE('',#7940,#7941);
#7940 = CARTESIAN_POINT('',(6.28318530718,-0.));
#7941 = VECTOR('',#7942,1.);
#7942 = DIRECTION('',(0.,1.));
#7943 = ( GEOMETRIC_REPRESENTATION_CONTEXT(2) 
PARAMETRIC_REPRESENTATION_CONTEXT() REPRESENTATION_CONTEXT('2D SPACE',''
  ) );
#7944 = PCURVE('',#5069,#7945);
#7945 = DEFINITIONAL_REPRESENTATION('',(#7946),#7950);
#7946 = LINE('',#7947,#7948);
#7947 = CARTESIAN_POINT('',(0.,-0.));
#7948 = VECTOR('',#7949,1.);
#7949 = DIRECTION('',(0.,1.));
#7950 = ( GEOMETRIC_REPRESENTATION_CONTEXT(2) 
PARAMETRIC_REPRESENTATION_CONTEXT() REPRESENTATION_CONTEXT('2D SPACE',''
  ) );
#7951 = ORIENTED_EDGE('',*,*,#7952,.F.);
#7952 = EDGE_CURVE('',#7930,#7930,#7953,.T.);
#7953 = SURFACE_CURVE('',#7954,(#7959,#7966),.PCURVE_S1.);
#7954 = CIRCLE('',#7955,0.5);
#7955 = AXIS2_PLACEMENT_3D('',#7956,#7957,#7958);
#7956 = CARTESIAN_POINT('',(213.96794528132,-778.7216029366,-5.2015E+03)
  );
#7957 = DIRECTION('',(0.382683432365,-0.923879532511,0.));
#7958 = DIRECTION('',(-0.923879532511,-0.382683432365,0.));
#7959 = PCURVE('',#5069,#7960);
#7960 = DEFINITIONAL_REPRESENTATION('',(#7961),#7965);
#7961 = LINE('',#7962,#7963);
#7962 = CARTESIAN_POINT('',(0.,5.66));
#7963 = VECTOR('',#7964,1.);
#7964 = DIRECTION('',(1.,0.));
#7965 = ( GEOMETRIC_REPRESENTATION_CONTEXT(2) 
PARAMETRIC_REPRESENTATION_CONTEXT() REPRESENTATION_CONTEXT('2D SPACE',''
  ) );
#7966 = PCURVE('',#7967,#7972);
#7967 = PLANE('',#7968);
#7968 = AXIS2_PLACEMENT_3D('',#7969,#7970,#7971);
#7969 = CARTESIAN_POINT('',(213.96794528132,-778.7216029366,-5.2015E+03)
  );
#7970 = DIRECTION('',(0.382683432365,-0.923879532511,0.));
#7971 = DIRECTION('',(-0.923879532511,-0.382683432365,0.));
#7972 = DEFINITIONAL_REPRESENTATION('',(#7973),#7977);
#7973 = CIRCLE('',#7974,0.5);
#7974 = AXIS2_PLACEMENT_2D('',#7975,#7976);
#7975 = CARTESIAN_POINT('',(0.,0.));
#7976 = DIRECTION('',(1.,0.));
#7977 = ( GEOMETRIC_REPRESENTATION_CONTEXT(2) 
PARAMETRIC_REPRESENTATION_CONTEXT() REPRESENTATION_CONTEXT('2D SPACE',''
  ) );
#7978 = ORIENTED_EDGE('',*,*,#7929,.F.);
#7979 = ORIENTED_EDGE('',*,*,#4999,.T.);
#7980 = ADVANCED_FACE('',(#7981),#5180,.T.);
#7981 = FACE_BOUND('',#7982,.T.);
#7982 = EDGE_LOOP('',(#7983,#8006,#8033,#8034));
#7983 = ORIENTED_EDGE('',*,*,#7984,.T.);
#7984 = EDGE_CURVE('',#5111,#7985,#7987,.T.);
#7985 = VERTEX_POINT('',#7986);
#7986 = CARTESIAN_POINT('',(221.82311548867,-774.2617776351,-5.2015E+03)
  );
#7987 = SEAM_CURVE('',#7988,(#7992,#7999),.PCURVE_S1.);
#7988 = LINE('',#7989,#7990);
#7989 = CARTESIAN_POINT('',(218.37752580048,-769.771397729,-5.2015E+03)
  );
#7990 = VECTOR('',#7991,1.);
#7991 = DIRECTION('',(0.608761429009,-0.793353340291,-2.465190328816E-32
    ));
#7992 = PCURVE('',#5180,#7993);
#7993 = DEFINITIONAL_REPRESENTATION('',(#7994),#7998);
#7994 = LINE('',#7995,#7996);
#7995 = CARTESIAN_POINT('',(6.28318530718,-0.));
#7996 = VECTOR('',#7997,1.);
#7997 = DIRECTION('',(0.,1.));
#7998 = ( GEOMETRIC_REPRESENTATION_CONTEXT(2) 
PARAMETRIC_REPRESENTATION_CONTEXT() REPRESENTATION_CONTEXT('2D SPACE',''
  ) );
#7999 = PCURVE('',#5180,#8000);
#8000 = DEFINITIONAL_REPRESENTATION('',(#8001),#8005);
#8001 = LINE('',#8002,#8003);
#8002 = CARTESIAN_POINT('',(0.,-0.));
#8003 = VECTOR('',#8004,1.);
#8004 = DIRECTION('',(0.,1.));
#8005 = ( GEOMETRIC_REPRESENTATION_CONTEXT(2) 
PARAMETRIC_REPRESENTATION_CONTEXT() REPRESENTATION_CONTEXT('2D SPACE',''
  ) );
#8006 = ORIENTED_EDGE('',*,*,#8007,.F.);
#8007 = EDGE_CURVE('',#7985,#7985,#8008,.T.);
#8008 = SURFACE_CURVE('',#8009,(#8014,#8021),.PCURVE_S1.);
#8009 = CIRCLE('',#8010,0.5);
#8010 = AXIS2_PLACEMENT_3D('',#8011,#8012,#8013);
#8011 = CARTESIAN_POINT('',(222.21979215881,-773.9573969206,-5.2015E+03)
  );
#8012 = DIRECTION('',(0.608761429009,-0.793353340291,0.));
#8013 = DIRECTION('',(-0.793353340291,-0.608761429009,0.));
#8014 = PCURVE('',#5180,#8015);
#8015 = DEFINITIONAL_REPRESENTATION('',(#8016),#8020);
#8016 = LINE('',#8017,#8018);
#8017 = CARTESIAN_POINT('',(0.,5.66));
#8018 = VECTOR('',#8019,1.);
#8019 = DIRECTION('',(1.,0.));
#8020 = ( GEOMETRIC_REPRESENTATION_CONTEXT(2) 
PARAMETRIC_REPRESENTATION_CONTEXT() REPRESENTATION_CONTEXT('2D SPACE',''
  ) );
#8021 = PCURVE('',#8022,#8027);
#8022 = PLANE('',#8023);
#8023 = AXIS2_PLACEMENT_3D('',#8024,#8025,#8026);
#8024 = CARTESIAN_POINT('',(222.21979215881,-773.9573969206,-5.2015E+03)
  );
#8025 = DIRECTION('',(0.608761429009,-0.793353340291,0.));
#8026 = DIRECTION('',(-0.793353340291,-0.608761429009,0.));
#8027 = DEFINITIONAL_REPRESENTATION('',(#8028),#8032);
#8028 = CIRCLE('',#8029,0.5);
#8029 = AXIS2_PLACEMENT_2D('',#8030,#8031);
#8030 = CARTESIAN_POINT('',(0.,0.));
#8031 = DIRECTION('',(1.,0.));
#8032 = ( GEOMETRIC_REPRESENTATION_CONTEXT(2) 
PARAMETRIC_REPRESENTATION_CONTEXT() REPRESENTATION_CONTEXT('2D SPACE',''
  ) );
#8033 = ORIENTED_EDGE('',*,*,#7984,.F.);
#8034 = ORIENTED_EDGE('',*,*,#5110,.T.);
#8035 = ADVANCED_FACE('',(#8036),#5291,.T.);
#8036 = FACE_BOUND('',#8037,.T.);
#8037 = EDGE_LOOP('',(#8038,#8061,#8088,#8089));
#8038 = ORIENTED_EDGE('',*,*,#8039,.T.);
#8039 = EDGE_CURVE('',#5222,#8040,#8042,.T.);
#8040 = VERTEX_POINT('',#8041);
#8041 = CARTESIAN_POINT('',(229.26177763513,-766.8231154886,-5.2015E+03)
  );
#8042 = SEAM_CURVE('',#8043,(#8047,#8054),.PCURVE_S1.);
#8043 = LINE('',#8044,#8045);
#8044 = CARTESIAN_POINT('',(224.77139772908,-763.3775258004,-5.2015E+03)
  );
#8045 = VECTOR('',#8046,1.);
#8046 = DIRECTION('',(0.793353340291,-0.608761429009,0.));
#8047 = PCURVE('',#5291,#8048);
#8048 = DEFINITIONAL_REPRESENTATION('',(#8049),#8053);
#8049 = LINE('',#8050,#8051);
#8050 = CARTESIAN_POINT('',(6.28318530718,-0.));
#8051 = VECTOR('',#8052,1.);
#8052 = DIRECTION('',(0.,1.));
#8053 = ( GEOMETRIC_REPRESENTATION_CONTEXT(2) 
PARAMETRIC_REPRESENTATION_CONTEXT() REPRESENTATION_CONTEXT('2D SPACE',''
  ) );
#8054 = PCURVE('',#5291,#8055);
#8055 = DEFINITIONAL_REPRESENTATION('',(#8056),#8060);
#8056 = LINE('',#8057,#8058);
#8057 = CARTESIAN_POINT('',(0.,-0.));
#8058 = VECTOR('',#8059,1.);
#8059 = DIRECTION('',(0.,1.));
#8060 = ( GEOMETRIC_REPRESENTATION_CONTEXT(2) 
PARAMETRIC_REPRESENTATION_CONTEXT() REPRESENTATION_CONTEXT('2D SPACE',''
  ) );
#8061 = ORIENTED_EDGE('',*,*,#8062,.F.);
#8062 = EDGE_CURVE('',#8040,#8040,#8063,.T.);
#8063 = SURFACE_CURVE('',#8064,(#8069,#8076),.PCURVE_S1.);
#8064 = CIRCLE('',#8065,0.5);
#8065 = AXIS2_PLACEMENT_3D('',#8066,#8067,#8068);
#8066 = CARTESIAN_POINT('',(228.95739692063,-767.2197921588,-5.2015E+03)
  );
#8067 = DIRECTION('',(0.793353340291,-0.608761429009,0.));
#8068 = DIRECTION('',(0.608761429009,0.793353340291,0.));
#8069 = PCURVE('',#5291,#8070);
#8070 = DEFINITIONAL_REPRESENTATION('',(#8071),#8075);
#8071 = LINE('',#8072,#8073);
#8072 = CARTESIAN_POINT('',(0.,5.66));
#8073 = VECTOR('',#8074,1.);
#8074 = DIRECTION('',(1.,0.));
#8075 = ( GEOMETRIC_REPRESENTATION_CONTEXT(2) 
PARAMETRIC_REPRESENTATION_CONTEXT() REPRESENTATION_CONTEXT('2D SPACE',''
  ) );
#8076 = PCURVE('',#8077,#8082);
#8077 = PLANE('',#8078);
#8078 = AXIS2_PLACEMENT_3D('',#8079,#8080,#8081);
#8079 = CARTESIAN_POINT('',(228.95739692063,-767.2197921588,-5.2015E+03)
  );
#8080 = DIRECTION('',(0.793353340291,-0.608761429009,0.));
#8081 = DIRECTION('',(0.608761429009,0.793353340291,0.));
#8082 = DEFINITIONAL_REPRESENTATION('',(#8083),#8087);
#8083 = CIRCLE('',#8084,0.5);
#8084 = AXIS2_PLACEMENT_2D('',#8085,#8086);
#8085 = CARTESIAN_POINT('',(0.,0.));
#8086 = DIRECTION('',(1.,0.));
#8087 = ( GEOMETRIC_REPRESENTATION_CONTEXT(2) 
PARAMETRIC_REPRESENTATION_CONTEXT() REPRESENTATION_CONTEXT('2D SPACE',''
  ) );
#8088 = ORIENTED_EDGE('',*,*,#8039,.F.);
#8089 = ORIENTED_EDGE('',*,*,#5221,.T.);
#8090 = ADVANCED_FACE('',(#8091),#5402,.T.);
#8091 = FACE_BOUND('',#8092,.T.);
#8092 = EDGE_LOOP('',(#8093,#8116,#8143,#8144));
#8093 = ORIENTED_EDGE('',*,*,#8094,.T.);
#8094 = EDGE_CURVE('',#5333,#8095,#8097,.T.);
#8095 = VERTEX_POINT('',#8096);
#8096 = CARTESIAN_POINT('',(233.91294465284,-758.506005515,-5.2015E+03)
  );
#8097 = SEAM_CURVE('',#8098,(#8102,#8109),.PCURVE_S1.);
#8098 = LINE('',#8099,#8100);
#8099 = CARTESIAN_POINT('',(228.68378649883,-756.3400172878,-5.2015E+03)
  );
#8100 = VECTOR('',#8101,1.);
#8101 = DIRECTION('',(0.923879532511,-0.382683432365,-1.232595164408E-32
    ));
#8102 = PCURVE('',#5402,#8103);
#8103 = DEFINITIONAL_REPRESENTATION('',(#8104),#8108);
#8104 = LINE('',#8105,#8106);
#8105 = CARTESIAN_POINT('',(6.28318530718,-0.));
#8106 = VECTOR('',#8107,1.);
#8107 = DIRECTION('',(0.,1.));
#8108 = ( GEOMETRIC_REPRESENTATION_CONTEXT(2) 
PARAMETRIC_REPRESENTATION_CONTEXT() REPRESENTATION_CONTEXT('2D SPACE',''
  ) );
#8109 = PCURVE('',#5402,#8110);
#8110 = DEFINITIONAL_REPRESENTATION('',(#8111),#8115);
#8111 = LINE('',#8112,#8113);
#8112 = CARTESIAN_POINT('',(0.,-0.));
#8113 = VECTOR('',#8114,1.);
#8114 = DIRECTION('',(0.,1.));
#8115 = ( GEOMETRIC_REPRESENTATION_CONTEXT(2) 
PARAMETRIC_REPRESENTATION_CONTEXT() REPRESENTATION_CONTEXT('2D SPACE',''
  ) );
#8116 = ORIENTED_EDGE('',*,*,#8117,.F.);
#8117 = EDGE_CURVE('',#8095,#8095,#8118,.T.);
#8118 = SURFACE_CURVE('',#8119,(#8124,#8131),.PCURVE_S1.);
#8119 = CIRCLE('',#8120,0.5);
#8120 = AXIS2_PLACEMENT_3D('',#8121,#8122,#8123);
#8121 = CARTESIAN_POINT('',(233.72160293666,-758.9679452813,-5.2015E+03)
  );
#8122 = DIRECTION('',(0.923879532511,-0.382683432365,0.));
#8123 = DIRECTION('',(0.382683432365,0.923879532511,0.));
#8124 = PCURVE('',#5402,#8125);
#8125 = DEFINITIONAL_REPRESENTATION('',(#8126),#8130);
#8126 = LINE('',#8127,#8128);
#8127 = CARTESIAN_POINT('',(0.,5.66));
#8128 = VECTOR('',#8129,1.);
#8129 = DIRECTION('',(1.,0.));
#8130 = ( GEOMETRIC_REPRESENTATION_CONTEXT(2) 
PARAMETRIC_REPRESENTATION_CONTEXT() REPRESENTATION_CONTEXT('2D SPACE',''
  ) );
#8131 = PCURVE('',#8132,#8137);
#8132 = PLANE('',#8133);
#8133 = AXIS2_PLACEMENT_3D('',#8134,#8135,#8136);
#8134 = CARTESIAN_POINT('',(233.72160293666,-758.9679452813,-5.2015E+03)
  );
#8135 = DIRECTION('',(0.923879532511,-0.382683432365,0.));
#8136 = DIRECTION('',(0.382683432365,0.923879532511,0.));
#8137 = DEFINITIONAL_REPRESENTATION('',(#8138),#8142);
#8138 = CIRCLE('',#8139,0.5);
#8139 = AXIS2_PLACEMENT_2D('',#8140,#8141);
#8140 = CARTESIAN_POINT('',(0.,0.));
#8141 = DIRECTION('',(1.,0.));
#8142 = ( GEOMETRIC_REPRESENTATION_CONTEXT(2) 
PARAMETRIC_REPRESENTATION_CONTEXT() REPRESENTATION_CONTEXT('2D SPACE',''
  ) );
#8143 = ORIENTED_EDGE('',*,*,#8094,.F.);
#8144 = ORIENTED_EDGE('',*,*,#5332,.T.);
#8145 = ADVANCED_FACE('',(#8146),#5513,.T.);
#8146 = FACE_BOUND('',#8147,.T.);
#8147 = EDGE_LOOP('',(#8148,#8171,#8198,#8199));
#8148 = ORIENTED_EDGE('',*,*,#8149,.T.);
#8149 = EDGE_CURVE('',#5444,#8150,#8152,.T.);
#8150 = VERTEX_POINT('',#8151);
#8151 = CARTESIAN_POINT('',(236.25300053625,-749.2684835853,-5.2015E+03)
  );
#8152 = SEAM_CURVE('',#8153,(#8157,#8164),.PCURVE_S1.);
#8153 = LINE('',#8154,#8155);
#8154 = CARTESIAN_POINT('',(230.64142262087,-748.5297053373,-5.2015E+03)
  );
#8155 = VECTOR('',#8156,1.);
#8156 = DIRECTION('',(0.991444861374,-0.13052619222,0.));
#8157 = PCURVE('',#5513,#8158);
#8158 = DEFINITIONAL_REPRESENTATION('',(#8159),#8163);
#8159 = LINE('',#8160,#8161);
#8160 = CARTESIAN_POINT('',(6.28318530718,-0.));
#8161 = VECTOR('',#8162,1.);
#8162 = DIRECTION('',(0.,1.));
#8163 = ( GEOMETRIC_REPRESENTATION_CONTEXT(2) 
PARAMETRIC_REPRESENTATION_CONTEXT() REPRESENTATION_CONTEXT('2D SPACE',''
  ) );
#8164 = PCURVE('',#5513,#8165);
#8165 = DEFINITIONAL_REPRESENTATION('',(#8166),#8170);
#8166 = LINE('',#8167,#8168);
#8167 = CARTESIAN_POINT('',(0.,-0.));
#8168 = VECTOR('',#8169,1.);
#8169 = DIRECTION('',(0.,1.));
#8170 = ( GEOMETRIC_REPRESENTATION_CONTEXT(2) 
PARAMETRIC_REPRESENTATION_CONTEXT() REPRESENTATION_CONTEXT('2D SPACE',''
  ) );
#8171 = ORIENTED_EDGE('',*,*,#8172,.F.);
#8172 = EDGE_CURVE('',#8150,#8150,#8173,.T.);
#8173 = SURFACE_CURVE('',#8174,(#8179,#8186),.PCURVE_S1.);
#8174 = CIRCLE('',#8175,0.5);
#8175 = AXIS2_PLACEMENT_3D('',#8176,#8177,#8178);
#8176 = CARTESIAN_POINT('',(236.18773744014,-749.764206016,-5.2015E+03)
  );
#8177 = DIRECTION('',(0.991444861374,-0.13052619222,0.));
#8178 = DIRECTION('',(0.13052619222,0.991444861374,0.));
#8179 = PCURVE('',#5513,#8180);
#8180 = DEFINITIONAL_REPRESENTATION('',(#8181),#8185);
#8181 = LINE('',#8182,#8183);
#8182 = CARTESIAN_POINT('',(0.,5.66));
#8183 = VECTOR('',#8184,1.);
#8184 = DIRECTION('',(1.,0.));
#8185 = ( GEOMETRIC_REPRESENTATION_CONTEXT(2) 
PARAMETRIC_REPRESENTATION_CONTEXT() REPRESENTATION_CONTEXT('2D SPACE',''
  ) );
#8186 = PCURVE('',#8187,#8192);
#8187 = PLANE('',#8188);
#8188 = AXIS2_PLACEMENT_3D('',#8189,#8190,#8191);
#8189 = CARTESIAN_POINT('',(236.18773744014,-749.764206016,-5.2015E+03)
  );
#8190 = DIRECTION('',(0.991444861374,-0.13052619222,0.));
#8191 = DIRECTION('',(0.13052619222,0.991444861374,0.));
#8192 = DEFINITIONAL_REPRESENTATION('',(#8193),#8197);
#8193 = CIRCLE('',#8194,0.5);
#8194 = AXIS2_PLACEMENT_2D('',#8195,#8196);
#8195 = CARTESIAN_POINT('',(0.,0.));
#8196 = DIRECTION('',(1.,0.));
#8197 = ( GEOMETRIC_REPRESENTATION_CONTEXT(2) 
PARAMETRIC_REPRESENTATION_CONTEXT() REPRESENTATION_CONTEXT('2D SPACE',''
  ) );
#8198 = ORIENTED_EDGE('',*,*,#8149,.F.);
#8199 = ORIENTED_EDGE('',*,*,#5443,.T.);
#8200 = ADVANCED_FACE('',(#8201),#5593,.T.);
#8201 = FACE_BOUND('',#8202,.T.);
#8202 = EDGE_LOOP('',(#8203));
#8203 = ORIENTED_EDGE('',*,*,#5578,.T.);
#8204 = ADVANCED_FACE('',(#8205),#5657,.T.);
#8205 = FACE_BOUND('',#8206,.T.);
#8206 = EDGE_LOOP('',(#8207));
#8207 = ORIENTED_EDGE('',*,*,#5642,.T.);
#8208 = ADVANCED_FACE('',(#8209),#5712,.T.);
#8209 = FACE_BOUND('',#8210,.T.);
#8210 = EDGE_LOOP('',(#8211));
#8211 = ORIENTED_EDGE('',*,*,#5697,.T.);
#8212 = ADVANCED_FACE('',(#8213),#5767,.T.);
#8213 = FACE_BOUND('',#8214,.T.);
#8214 = EDGE_LOOP('',(#8215));
#8215 = ORIENTED_EDGE('',*,*,#5752,.T.);
#8216 = ADVANCED_FACE('',(#8217),#5822,.T.);
#8217 = FACE_BOUND('',#8218,.T.);
#8218 = EDGE_LOOP('',(#8219));
#8219 = ORIENTED_EDGE('',*,*,#5807,.T.);
#8220 = ADVANCED_FACE('',(#8221),#5877,.T.);
#8221 = FACE_BOUND('',#8222,.T.);
#8222 = EDGE_LOOP('',(#8223));
#8223 = ORIENTED_EDGE('',*,*,#5862,.T.);
#8224 = ADVANCED_FACE('',(#8225),#5932,.T.);
#8225 = FACE_BOUND('',#8226,.T.);
#8226 = EDGE_LOOP('',(#8227));
#8227 = ORIENTED_EDGE('',*,*,#5917,.T.);
#8228 = ADVANCED_FACE('',(#8229),#5987,.T.);
#8229 = FACE_BOUND('',#8230,.T.);
#8230 = EDGE_LOOP('',(#8231));
#8231 = ORIENTED_EDGE('',*,*,#5972,.T.);
#8232 = ADVANCED_FACE('',(#8233),#6042,.T.);
#8233 = FACE_BOUND('',#8234,.T.);
#8234 = EDGE_LOOP('',(#8235));
#8235 = ORIENTED_EDGE('',*,*,#6027,.T.);
#8236 = ADVANCED_FACE('',(#8237),#6097,.T.);
#8237 = FACE_BOUND('',#8238,.T.);
#8238 = EDGE_LOOP('',(#8239));
#8239 = ORIENTED_EDGE('',*,*,#6082,.T.);
#8240 = ADVANCED_FACE('',(#8241),#6152,.T.);
#8241 = FACE_BOUND('',#8242,.T.);
#8242 = EDGE_LOOP('',(#8243));
#8243 = ORIENTED_EDGE('',*,*,#6137,.T.);
#8244 = ADVANCED_FACE('',(#8245),#6207,.T.);
#8245 = FACE_BOUND('',#8246,.T.);
#8246 = EDGE_LOOP('',(#8247));
#8247 = ORIENTED_EDGE('',*,*,#6192,.T.);
#8248 = ADVANCED_FACE('',(#8249),#6262,.T.);
#8249 = FACE_BOUND('',#8250,.T.);
#8250 = EDGE_LOOP('',(#8251));
#8251 = ORIENTED_EDGE('',*,*,#6247,.T.);
#8252 = ADVANCED_FACE('',(#8253),#6317,.T.);
#8253 = FACE_BOUND('',#8254,.T.);
#8254 = EDGE_LOOP('',(#8255));
#8255 = ORIENTED_EDGE('',*,*,#6302,.T.);
#8256 = ADVANCED_FACE('',(#8257),#6372,.T.);
#8257 = FACE_BOUND('',#8258,.T.);
#8258 = EDGE_LOOP('',(#8259));
#8259 = ORIENTED_EDGE('',*,*,#6357,.T.);
#8260 = ADVANCED_FACE('',(#8261),#6427,.T.);
#8261 = FACE_BOUND('',#8262,.T.);
#8262 = EDGE_LOOP('',(#8263));
#8263 = ORIENTED_EDGE('',*,*,#6412,.T.);
#8264 = ADVANCED_FACE('',(#8265),#6482,.T.);
#8265 = FACE_BOUND('',#8266,.T.);
#8266 = EDGE_LOOP('',(#8267));
#8267 = ORIENTED_EDGE('',*,*,#6467,.T.);
#8268 = ADVANCED_FACE('',(#8269),#6537,.T.);
#8269 = FACE_BOUND('',#8270,.T.);
#8270 = EDGE_LOOP('',(#8271));
#8271 = ORIENTED_EDGE('',*,*,#6522,.T.);
#8272 = ADVANCED_FACE('',(#8273),#6592,.T.);
#8273 = FACE_BOUND('',#8274,.T.);
#8274 = EDGE_LOOP('',(#8275));
#8275 = ORIENTED_EDGE('',*,*,#6577,.T.);
#8276 = ADVANCED_FACE('',(#8277),#6647,.T.);
#8277 = FACE_BOUND('',#8278,.T.);
#8278 = EDGE_LOOP('',(#8279));
#8279 = ORIENTED_EDGE('',*,*,#6632,.T.);
#8280 = ADVANCED_FACE('',(#8281),#6702,.T.);
#8281 = FACE_BOUND('',#8282,.T.);
#8282 = EDGE_LOOP('',(#8283));
#8283 = ORIENTED_EDGE('',*,*,#6687,.T.);
#8284 = ADVANCED_FACE('',(#8285),#6757,.T.);
#8285 = FACE_BOUND('',#8286,.T.);
#8286 = EDGE_LOOP('',(#8287));
#8287 = ORIENTED_EDGE('',*,*,#6742,.T.);
#8288 = ADVANCED_FACE('',(#8289),#6812,.T.);
#8289 = FACE_BOUND('',#8290,.T.);
#8290 = EDGE_LOOP('',(#8291));
#8291 = ORIENTED_EDGE('',*,*,#6797,.T.);
#8292 = ADVANCED_FACE('',(#8293),#6867,.T.);
#8293 = FACE_BOUND('',#8294,.T.);
#8294 = EDGE_LOOP('',(#8295));
#8295 = ORIENTED_EDGE('',*,*,#6852,.T.);
#8296 = ADVANCED_FACE('',(#8297),#6922,.T.);
#8297 = FACE_BOUND('',#8298,.T.);
#8298 = EDGE_LOOP('',(#8299));
#8299 = ORIENTED_EDGE('',*,*,#6907,.T.);
#8300 = ADVANCED_FACE('',(#8301),#6977,.T.);
#8301 = FACE_BOUND('',#8302,.T.);
#8302 = EDGE_LOOP('',(#8303));
#8303 = ORIENTED_EDGE('',*,*,#6962,.T.);
#8304 = ADVANCED_FACE('',(#8305),#7032,.T.);
#8305 = FACE_BOUND('',#8306,.T.);
#8306 = EDGE_LOOP('',(#8307));
#8307 = ORIENTED_EDGE('',*,*,#7017,.T.);
#8308 = ADVANCED_FACE('',(#8309),#7087,.T.);
#8309 = FACE_BOUND('',#8310,.T.);
#8310 = EDGE_LOOP('',(#8311));
#8311 = ORIENTED_EDGE('',*,*,#7072,.T.);
#8312 = ADVANCED_FACE('',(#8313),#7142,.T.);
#8313 = FACE_BOUND('',#8314,.T.);
#8314 = EDGE_LOOP('',(#8315));
#8315 = ORIENTED_EDGE('',*,*,#7127,.T.);
#8316 = ADVANCED_FACE('',(#8317),#7197,.T.);
#8317 = FACE_BOUND('',#8318,.T.);
#8318 = EDGE_LOOP('',(#8319));
#8319 = ORIENTED_EDGE('',*,*,#7182,.T.);
#8320 = ADVANCED_FACE('',(#8321),#7252,.T.);
#8321 = FACE_BOUND('',#8322,.T.);
#8322 = EDGE_LOOP('',(#8323));
#8323 = ORIENTED_EDGE('',*,*,#7237,.T.);
#8324 = ADVANCED_FACE('',(#8325),#7307,.T.);
#8325 = FACE_BOUND('',#8326,.T.);
#8326 = EDGE_LOOP('',(#8327));
#8327 = ORIENTED_EDGE('',*,*,#7292,.T.);
#8328 = ADVANCED_FACE('',(#8329),#7362,.T.);
#8329 = FACE_BOUND('',#8330,.T.);
#8330 = EDGE_LOOP('',(#8331));
#8331 = ORIENTED_EDGE('',*,*,#7347,.T.);
#8332 = ADVANCED_FACE('',(#8333),#7417,.T.);
#8333 = FACE_BOUND('',#8334,.T.);
#8334 = EDGE_LOOP('',(#8335));
#8335 = ORIENTED_EDGE('',*,*,#7402,.T.);
#8336 = ADVANCED_FACE('',(#8337),#7472,.T.);
#8337 = FACE_BOUND('',#8338,.T.);
#8338 = EDGE_LOOP('',(#8339));
#8339 = ORIENTED_EDGE('',*,*,#7457,.T.);
#8340 = ADVANCED_FACE('',(#8341),#7527,.T.);
#8341 = FACE_BOUND('',#8342,.T.);
#8342 = EDGE_LOOP('',(#8343));
#8343 = ORIENTED_EDGE('',*,*,#7512,.T.);
#8344 = ADVANCED_FACE('',(#8345),#7582,.T.);
#8345 = FACE_BOUND('',#8346,.T.);
#8346 = EDGE_LOOP('',(#8347));
#8347 = ORIENTED_EDGE('',*,*,#7567,.T.);
#8348 = ADVANCED_FACE('',(#8349),#7637,.T.);
#8349 = FACE_BOUND('',#8350,.T.);
#8350 = EDGE_LOOP('',(#8351));
#8351 = ORIENTED_EDGE('',*,*,#7622,.T.);
#8352 = ADVANCED_FACE('',(#8353),#7692,.T.);
#8353 = FACE_BOUND('',#8354,.T.);
#8354 = EDGE_LOOP('',(#8355));
#8355 = ORIENTED_EDGE('',*,*,#7677,.T.);
#8356 = ADVANCED_FACE('',(#8357),#7747,.T.);
#8357 = FACE_BOUND('',#8358,.T.);
#8358 = EDGE_LOOP('',(#8359));
#8359 = ORIENTED_EDGE('',*,*,#7732,.T.);
#8360 = ADVANCED_FACE('',(#8361),#7802,.T.);
#8361 = FACE_BOUND('',#8362,.T.);
#8362 = EDGE_LOOP('',(#8363));
#8363 = ORIENTED_EDGE('',*,*,#7787,.T.);
#8364 = ADVANCED_FACE('',(#8365),#7857,.T.);
#8365 = FACE_BOUND('',#8366,.T.);
#8366 = EDGE_LOOP('',(#8367));
#8367 = ORIENTED_EDGE('',*,*,#7842,.T.);
#8368 = ADVANCED_FACE('',(#8369),#7912,.T.);
#8369 = FACE_BOUND('',#8370,.T.);
#8370 = EDGE_LOOP('',(#8371));
#8371 = ORIENTED_EDGE('',*,*,#7897,.T.);
#8372 = ADVANCED_FACE('',(#8373),#7967,.T.);
#8373 = FACE_BOUND('',#8374,.T.);
#8374 = EDGE_LOOP('',(#8375));
#8375 = ORIENTED_EDGE('',*,*,#7952,.T.);
#8376 = ADVANCED_FACE('',(#8377),#8022,.T.);
#8377 = FACE_BOUND('',#8378,.T.);
#8378 = EDGE_LOOP('',(#8379));
#8379 = ORIENTED_EDGE('',*,*,#8007,.T.);
#8380 = ADVANCED_FACE('',(#8381),#8077,.T.);
#8381 = FACE_BOUND('',#8382,.T.);
#8382 = EDGE_LOOP('',(#8383));
#8383 = ORIENTED_EDGE('',*,*,#8062,.T.);
#8384 = ADVANCED_FACE('',(#8385),#8132,.T.);
#8385 = FACE_BOUND('',#8386,.T.);
#8386 = EDGE_LOOP('',(#8387));
#8387 = ORIENTED_EDGE('',*,*,#8117,.T.);
#8388 = ADVANCED_FACE('',(#8389),#8187,.T.);
#8389 = FACE_BOUND('',#8390,.T.);
#8390 = EDGE_LOOP('',(#8391));
#8391 = ORIENTED_EDGE('',*,*,#8172,.T.);
#8392 = ( GEOMETRIC_REPRESENTATION_CONTEXT(3) 
GLOBAL_UNCERTAINTY_ASSIGNED_CONTEXT((#8396)) 
GLOBAL_UNIT_ASSIGNED_CONTEXT((#8393,#8394,#8395)) REPRESENTATION_CONTEXT
('Context #1','3D Context with UNIT and UNCERTAINTY') );
#8393 = ( LENGTH_UNIT() NAMED_UNIT(*) SI_UNIT(.MILLI.,.METRE.) );
#8394 = ( NAMED_UNIT(*) PLANE_ANGLE_UNIT() SI_UNIT($,.RADIAN.) );
#8395 = ( NAMED_UNIT(*) SI_UNIT($,.STERADIAN.) SOLID_ANGLE_UNIT() );
#8396 = UNCERTAINTY_MEASURE_WITH_UNIT(LENGTH_MEASURE(1.E-07),#8393,
  'distance_accuracy_value','confusion accuracy');
#8397 = PRODUCT_RELATED_PRODUCT_CATEGORY('part',$,(#7));
ENDSEC;
END-ISO-10303-21;
